ISO-10303-21;
HEADER;
/* Generated by software containing ST-Developer
 * from STEP Tools, Inc. (www.steptools.com) 
 */

FILE_DESCRIPTION(
/* description */ (''),
/* implementation_level */ '2;1');

FILE_NAME(
/* name */ 'Fuselage 1.step',
/* time_stamp */ '2025-12-07T14:31:29+01:00',
/* author */ (''),
/* organization */ (''),
/* preprocessor_version */ 'ST-DEVELOPER v20.1',
/* originating_system */ 'Autodesk Translation Framework v14.21.0.0',
/* authorisation */ '');

FILE_SCHEMA (('AUTOMOTIVE_DESIGN { 1 0 10303 214 3 1 1 }'));
ENDSEC;

DATA;
#10=MECHANICAL_DESIGN_GEOMETRIC_PRESENTATION_REPRESENTATION('',(#13),#5622);
#11=SHAPE_REPRESENTATION_RELATIONSHIP('SRR','None',#5629,#12);
#12=ADVANCED_BREP_SHAPE_REPRESENTATION('',(#14),#5621);
#13=STYLED_ITEM('',(#5639),#14);
#14=MANIFOLD_SOLID_BREP('Fuselage 1',#2134);
#15=B_SPLINE_SURFACE_WITH_KNOTS('',3,3,((#2862,#2863,#2864,#2865,#2866,
#2867),(#2868,#2869,#2870,#2871,#2872,#2873),(#2874,#2875,#2876,#2877,#2878,
#2879),(#2880,#2881,#2882,#2883,#2884,#2885)),.UNSPECIFIED.,.F.,.F.,.F.,
(4,4),(4,1,1,4),(0.,1.),(-1.06926631340839,-0.616216405639788,-0.314183133794051,
-0.0121498619483146),.UNSPECIFIED.);
#16=B_SPLINE_SURFACE_WITH_KNOTS('',3,3,((#2921,#2922,#2923,#2924),(#2925,
#2926,#2927,#2928),(#2929,#2930,#2931,#2932),(#2933,#2934,#2935,#2936)),
 .UNSPECIFIED.,.F.,.F.,.F.,(4,4),(4,4),(0.,1.),(0.79364551773612,1.),
 .UNSPECIFIED.);
#17=B_SPLINE_SURFACE_WITH_KNOTS('',3,3,((#3019,#3020,#3021,#3022,#3023,
#3024,#3025),(#3026,#3027,#3028,#3029,#3030,#3031,#3032),(#3033,#3034,#3035,
#3036,#3037,#3038,#3039),(#3040,#3041,#3042,#3043,#3044,#3045,#3046)),
 .UNSPECIFIED.,.F.,.F.,.F.,(4,4),(4,1,1,1,4),(0.,1.),(-2.56580297829171,
-2.31959123808329,-2.07337949787487,-1.58095601745803,-0.842320796832761),
 .UNSPECIFIED.);
#18=B_SPLINE_SURFACE_WITH_KNOTS('',3,3,((#3111,#3112,#3113,#3114,#3115,
#3116),(#3117,#3118,#3119,#3120,#3121,#3122),(#3123,#3124,#3125,#3126,#3127,
#3128),(#3129,#3130,#3131,#3132,#3133,#3134)),.UNSPECIFIED.,.F.,.F.,.F.,
(4,4),(4,1,1,4),(0.,1.),(-2.5658025227444,-2.31959083599475,-1.82716746249547,
-0.842320715496905),.UNSPECIFIED.);
#19=B_SPLINE_SURFACE_WITH_KNOTS('',3,3,((#3206,#3207,#3208,#3209,#3210,
#3211,#3212),(#3213,#3214,#3215,#3216,#3217,#3218,#3219),(#3220,#3221,#3222,
#3223,#3224,#3225,#3226),(#3227,#3228,#3229,#3230,#3231,#3232,#3233)),
 .UNSPECIFIED.,.F.,.F.,.F.,(4,4),(4,1,1,1,4),(0.,1.),(-1.06926629444971,
-0.767233028020785,-0.465199761591855,-0.163166495162926,-0.0121498619484608),
 .UNSPECIFIED.);
#20=B_SPLINE_SURFACE_WITH_KNOTS('',3,3,((#3262,#3263,#3264,#3265),(#3266,
#3267,#3268,#3269),(#3270,#3271,#3272,#3273),(#3274,#3275,#3276,#3277)),
 .UNSPECIFIED.,.F.,.F.,.F.,(4,4),(4,4),(0.,1.),(0.79364551773612,1.),
 .UNSPECIFIED.);
#21=B_SPLINE_SURFACE_WITH_KNOTS('',3,3,((#3359,#3360,#3361,#3362),(#3363,
#3364,#3365,#3366),(#3367,#3368,#3369,#3370),(#3371,#3372,#3373,#3374)),
 .UNSPECIFIED.,.F.,.F.,.F.,(4,4),(4,4),(0.,1.),(-0.273549314407606,-0.0506665986095952),
 .UNSPECIFIED.);
#22=B_SPLINE_SURFACE_WITH_KNOTS('',3,3,((#3394,#3395,#3396,#3397,#3398,
#3399,#3400,#3401,#3402,#3403,#3404,#3405,#3406,#3407,#3408,#3409,#3410,
#3411),(#3412,#3413,#3414,#3415,#3416,#3417,#3418,#3419,#3420,#3421,#3422,
#3423,#3424,#3425,#3426,#3427,#3428,#3429),(#3430,#3431,#3432,#3433,#3434,
#3435,#3436,#3437,#3438,#3439,#3440,#3441,#3442,#3443,#3444,#3445,#3446,
#3447),(#3448,#3449,#3450,#3451,#3452,#3453,#3454,#3455,#3456,#3457,#3458,
#3459,#3460,#3461,#3462,#3463,#3464,#3465)),.UNSPECIFIED.,.F.,.F.,.F.,(4,
4),(4,2,2,2,2,2,2,2,4),(0.,1.),(-0.121197196234841,-0.0791256091431383,
0.,0.0632724524659636,0.128494554117742,0.250713735215819,0.32513645159331,
0.494563820824028,0.53159429701569),.UNSPECIFIED.);
#23=B_SPLINE_SURFACE_WITH_KNOTS('',3,3,((#3508,#3509,#3510,#3511),(#3512,
#3513,#3514,#3515),(#3516,#3517,#3518,#3519),(#3520,#3521,#3522,#3523)),
 .UNSPECIFIED.,.F.,.F.,.F.,(4,4),(4,4),(0.,1.),(-0.127759171579487,-0.121197196234091),
 .UNSPECIFIED.);
#24=B_SPLINE_SURFACE_WITH_KNOTS('',3,3,((#3532,#3533,#3534,#3535),(#3536,
#3537,#3538,#3539),(#3540,#3541,#3542,#3543),(#3544,#3545,#3546,#3547)),
 .UNSPECIFIED.,.F.,.F.,.F.,(4,4),(4,4),(0.,1.),(-0.222882672124034,7.21644966006352E-15),
 .UNSPECIFIED.);
#25=B_SPLINE_SURFACE_WITH_KNOTS('',3,3,((#3567,#3568,#3569,#3570),(#3571,
#3572,#3573,#3574),(#3575,#3576,#3577,#3578),(#3579,#3580,#3581,#3582)),
 .UNSPECIFIED.,.F.,.F.,.F.,(4,4),(4,4),(0.,1.),(0.531594297014559,0.538156592905222),
 .UNSPECIFIED.);
#26=B_SPLINE_SURFACE_WITH_KNOTS('',3,3,((#3591,#3592,#3593,#3594),(#3595,
#3596,#3597,#3598),(#3599,#3600,#3601,#3602),(#3603,#3604,#3605,#3606)),
 .UNSPECIFIED.,.F.,.F.,.F.,(4,4),(4,4),(0.,1.),(0.793611329064323,1.),
 .UNSPECIFIED.);
#27=B_SPLINE_SURFACE_WITH_KNOTS('',3,3,((#3780,#3781,#3782,#3783),(#3784,
#3785,#3786,#3787),(#3788,#3789,#3790,#3791),(#3792,#3793,#3794,#3795)),
 .UNSPECIFIED.,.F.,.F.,.F.,(4,4),(4,4),(0.,1.),(-0.273549314406515,-0.0506665986095425),
 .UNSPECIFIED.);
#28=B_SPLINE_SURFACE_WITH_KNOTS('',3,3,((#3802,#3803,#3804,#3805,#3806,
#3807,#3808,#3809,#3810,#3811,#3812,#3813,#3814,#3815,#3816,#3817,#3818,
#3819,#3820,#3821),(#3822,#3823,#3824,#3825,#3826,#3827,#3828,#3829,#3830,
#3831,#3832,#3833,#3834,#3835,#3836,#3837,#3838,#3839,#3840,#3841),(#3842,
#3843,#3844,#3845,#3846,#3847,#3848,#3849,#3850,#3851,#3852,#3853,#3854,
#3855,#3856,#3857,#3858,#3859,#3860,#3861),(#3862,#3863,#3864,#3865,#3866,
#3867,#3868,#3869,#3870,#3871,#3872,#3873,#3874,#3875,#3876,#3877,#3878,
#3879,#3880,#3881)),.UNSPECIFIED.,.F.,.F.,.F.,(4,4),(4,2,2,2,2,2,2,2,2,
4),(0.,1.),(-0.120397711162459,-0.0813944443992627,0.,0.0616389521234004,
0.143427175113351,0.20879695427821,0.330878897353276,0.405832548098445,
0.49071562610034,0.532425208769497),.UNSPECIFIED.);
#29=B_SPLINE_SURFACE_WITH_KNOTS('',3,3,((#3906,#3907,#3908,#3909),(#3910,
#3911,#3912,#3913),(#3914,#3915,#3916,#3917),(#3918,#3919,#3920,#3921)),
 .UNSPECIFIED.,.F.,.F.,.F.,(4,4),(4,4),(0.,1.),(-0.126962037511423,-0.120397711160733),
 .UNSPECIFIED.);
#30=B_SPLINE_SURFACE_WITH_KNOTS('',3,3,((#3926,#3927,#3928,#3929),(#3930,
#3931,#3932,#3933),(#3934,#3935,#3936,#3937),(#3938,#3939,#3940,#3941)),
 .UNSPECIFIED.,.F.,.F.,.F.,(4,4),(4,4),(0.,1.),(-0.222882672123743,3.66373598126302E-15),
 .UNSPECIFIED.);
#31=B_SPLINE_SURFACE_WITH_KNOTS('',3,3,((#3948,#3949,#3950,#3951),(#3952,
#3953,#3954,#3955),(#3956,#3957,#3958,#3959),(#3960,#3961,#3962,#3963)),
 .UNSPECIFIED.,.F.,.F.,.F.,(4,4),(4,4),(0.,1.),(0.532425208767605,0.538989741297837),
 .UNSPECIFIED.);
#32=B_SPLINE_SURFACE_WITH_KNOTS('',3,3,((#3968,#3969,#3970,#3971),(#3972,
#3973,#3974,#3975),(#3976,#3977,#3978,#3979),(#3980,#3981,#3982,#3983),
(#3984,#3985,#3986,#3987)),.UNSPECIFIED.,.F.,.F.,.F.,(4,1,4),(4,4),(0.,
0.5,1.),(1.06004898787915,3.94004898787915),.UNSPECIFIED.);
#33=B_SPLINE_SURFACE_WITH_KNOTS('',3,3,((#4033,#4034,#4035,#4036),(#4037,
#4038,#4039,#4040),(#4041,#4042,#4043,#4044),(#4045,#4046,#4047,#4048)),
 .UNSPECIFIED.,.F.,.F.,.F.,(4,4),(4,4),(0.,1.),(0.79364551773612,1.),
 .UNSPECIFIED.);
#34=B_SPLINE_SURFACE_WITH_KNOTS('',3,3,((#4105,#4106,#4107,#4108),(#4109,
#4110,#4111,#4112),(#4113,#4114,#4115,#4116),(#4117,#4118,#4119,#4120)),
 .UNSPECIFIED.,.F.,.F.,.F.,(4,4),(4,4),(0.,1.),(0.79364551773612,1.),
 .UNSPECIFIED.);
#35=B_SPLINE_SURFACE_WITH_KNOTS('',3,3,((#4249,#4250,#4251,#4252,#4253,
#4254,#4255,#4256,#4257,#4258,#4259,#4260,#4261,#4262,#4263,#4264,#4265,
#4266),(#4267,#4268,#4269,#4270,#4271,#4272,#4273,#4274,#4275,#4276,#4277,
#4278,#4279,#4280,#4281,#4282,#4283,#4284),(#4285,#4286,#4287,#4288,#4289,
#4290,#4291,#4292,#4293,#4294,#4295,#4296,#4297,#4298,#4299,#4300,#4301,
#4302),(#4303,#4304,#4305,#4306,#4307,#4308,#4309,#4310,#4311,#4312,#4313,
#4314,#4315,#4316,#4317,#4318,#4319,#4320)),.UNSPECIFIED.,.F.,.F.,.F.,(4,
4),(4,2,2,2,2,2,2,2,4),(0.,1.),(-0.661299858337641,-0.622481574616928,-0.5478139818856,
-0.511828613441729,-0.456219961340107,-0.423351962478619,-0.312278853858993,
-0.0760400317949147,-0.064008148372184),.UNSPECIFIED.);
#36=B_SPLINE_SURFACE_WITH_KNOTS('',3,3,((#4339,#4340,#4341,#4342,#4343,
#4344,#4345,#4346,#4347,#4348,#4349,#4350,#4351,#4352),(#4353,#4354,#4355,
#4356,#4357,#4358,#4359,#4360,#4361,#4362,#4363,#4364,#4365,#4366),(#4367,
#4368,#4369,#4370,#4371,#4372,#4373,#4374,#4375,#4376,#4377,#4378,#4379,
#4380),(#4381,#4382,#4383,#4384,#4385,#4386,#4387,#4388,#4389,#4390,#4391,
#4392,#4393,#4394)),.UNSPECIFIED.,.F.,.F.,.F.,(4,4),(4,2,2,2,2,2,4),(0.,
1.),(-0.661299840309833,-0.547813981885749,-0.511828613441718,-0.456219961340011,
-0.423351962478508,-0.312278853858909,-0.0640081649408064),
 .UNSPECIFIED.);
#37=B_SPLINE_SURFACE_WITH_KNOTS('',3,3,((#4409,#4410,#4411,#4412,#4413,
#4414,#4415,#4416,#4417,#4418,#4419,#4420,#4421,#4422,#4423,#4424),(#4425,
#4426,#4427,#4428,#4429,#4430,#4431,#4432,#4433,#4434,#4435,#4436,#4437,
#4438,#4439,#4440),(#4441,#4442,#4443,#4444,#4445,#4446,#4447,#4448,#4449,
#4450,#4451,#4452,#4453,#4454,#4455,#4456),(#4457,#4458,#4459,#4460,#4461,
#4462,#4463,#4464,#4465,#4466,#4467,#4468,#4469,#4470,#4471,#4472)),
 .UNSPECIFIED.,.F.,.F.,.F.,(4,4),(4,2,2,2,2,2,2,4),(0.,1.),(-0.931732083473899,
-0.722871177352049,-0.628120478272558,-0.567892072118347,-0.537276193093446,
-0.481368642326353,-0.449535547567135,-0.334795218893007),.UNSPECIFIED.);
#38=B_SPLINE_SURFACE_WITH_KNOTS('',3,3,((#4493,#4494,#4495,#4496,#4497,
#4498,#4499,#4500,#4501,#4502,#4503,#4504,#4505,#4506,#4507),(#4508,#4509,
#4510,#4511,#4512,#4513,#4514,#4515,#4516,#4517,#4518,#4519,#4520,#4521,
#4522),(#4523,#4524,#4525,#4526,#4527,#4528,#4529,#4530,#4531,#4532,#4533,
#4534,#4535,#4536,#4537),(#4538,#4539,#4540,#4541,#4542,#4543,#4544,#4545,
#4546,#4547,#4548,#4549,#4550,#4551,#4552)),.UNSPECIFIED.,.F.,.F.,.F.,(4,
4),(4,1,2,2,2,2,2,4),(0.,1.),(-0.931732100040014,-0.779926289156262,-0.62812047827251,
-0.567892072118292,-0.537276193093322,-0.481368642326216,-0.449535547566974,
-0.334795200887556),.UNSPECIFIED.);
#39=B_SPLINE_SURFACE_WITH_KNOTS('',3,3,((#4592,#4593,#4594,#4595),(#4596,
#4597,#4598,#4599),(#4600,#4601,#4602,#4603),(#4604,#4605,#4606,#4607)),
 .UNSPECIFIED.,.F.,.F.,.F.,(4,4),(4,4),(0.,1.),(0.,0.959414990951134),
 .UNSPECIFIED.);
#40=B_SPLINE_SURFACE_WITH_KNOTS('',3,3,((#4632,#4633,#4634,#4635),(#4636,
#4637,#4638,#4639),(#4640,#4641,#4642,#4643),(#4644,#4645,#4646,#4647)),
 .UNSPECIFIED.,.F.,.F.,.F.,(4,4),(4,4),(0.,1.),(0.163526328974421,0.376816179842181),
 .UNSPECIFIED.);
#41=B_SPLINE_SURFACE_WITH_KNOTS('',3,3,((#4669,#4670,#4671,#4672),(#4673,
#4674,#4675,#4676),(#4677,#4678,#4679,#4680),(#4681,#4682,#4683,#4684)),
 .UNSPECIFIED.,.F.,.F.,.F.,(4,4),(4,4),(0.,1.),(0.000353587422386475,0.213643438290153),
 .UNSPECIFIED.);
#42=B_SPLINE_SURFACE_WITH_KNOTS('',3,3,((#4711,#4712,#4713,#4714),(#4715,
#4716,#4717,#4718),(#4719,#4720,#4721,#4722),(#4723,#4724,#4725,#4726)),
 .UNSPECIFIED.,.F.,.F.,.F.,(4,4),(4,4),(-1.96495237372886E-14,1.),(0.,0.959414990951131),
 .UNSPECIFIED.);
#43=B_SPLINE_SURFACE_WITH_KNOTS('',3,3,((#4750,#4751,#4752,#4753),(#4754,
#4755,#4756,#4757),(#4758,#4759,#4760,#4761),(#4762,#4763,#4764,#4765)),
 .UNSPECIFIED.,.F.,.F.,.F.,(4,4),(4,4),(0.,0.100000008278423),(0.,0.809039863116143),
 .UNSPECIFIED.);
#44=B_SPLINE_SURFACE_WITH_KNOTS('',3,3,((#4772,#4773,#4774,#4775),(#4776,
#4777,#4778,#4779),(#4780,#4781,#4782,#4783),(#4784,#4785,#4786,#4787)),
 .UNSPECIFIED.,.F.,.F.,.F.,(4,4),(4,4),(-7.77801842569213E-14,1.00000000000002),
(0.,0.860916065658788),.UNSPECIFIED.);
#45=B_SPLINE_SURFACE_WITH_KNOTS('',3,3,((#4847,#4848,#4849,#4850),(#4851,
#4852,#4853,#4854),(#4855,#4856,#4857,#4858),(#4859,#4860,#4861,#4862)),
 .UNSPECIFIED.,.F.,.F.,.F.,(4,4),(4,4),(-1.20812672163678E-11,1.00000000000002),
(0.,0.959414990951131),.UNSPECIFIED.);
#46=B_SPLINE_SURFACE_WITH_KNOTS('',3,3,((#4882,#4883,#4884,#4885),(#4886,
#4887,#4888,#4889),(#4890,#4891,#4892,#4893),(#4894,#4895,#4896,#4897)),
 .UNSPECIFIED.,.F.,.F.,.F.,(4,4),(4,4),(0.,1.),(0.793611329064323,1.),
 .UNSPECIFIED.);
#47=B_SPLINE_SURFACE_WITH_KNOTS('',3,3,((#4902,#4903,#4904,#4905),(#4906,
#4907,#4908,#4909),(#4910,#4911,#4912,#4913),(#4914,#4915,#4916,#4917)),
 .UNSPECIFIED.,.F.,.F.,.F.,(4,4),(4,4),(0.,1.),(0.793670524326235,1.),
 .UNSPECIFIED.);
#48=B_SPLINE_SURFACE_WITH_KNOTS('',3,3,((#4924,#4925,#4926,#4927),(#4928,
#4929,#4930,#4931),(#4932,#4933,#4934,#4935),(#4936,#4937,#4938,#4939)),
 .UNSPECIFIED.,.F.,.F.,.F.,(4,4),(4,4),(0.,1.),(0.000353587422386545,0.213643438290153),
 .UNSPECIFIED.);
#49=B_SPLINE_SURFACE_WITH_KNOTS('',3,3,((#4961,#4962,#4963,#4964),(#4965,
#4966,#4967,#4968),(#4969,#4970,#4971,#4972),(#4973,#4974,#4975,#4976)),
 .UNSPECIFIED.,.F.,.F.,.F.,(4,4),(4,4),(0.,1.),(-2.09288037966703E-14,0.763374946726533),
 .UNSPECIFIED.);
#50=B_SPLINE_SURFACE_WITH_KNOTS('',3,3,((#5023,#5024,#5025,#5026),(#5027,
#5028,#5029,#5030),(#5031,#5032,#5033,#5034),(#5035,#5036,#5037,#5038)),
 .UNSPECIFIED.,.F.,.F.,.F.,(4,4),(4,4),(0.,1.),(0.00304457095212424,0.313682426476495),
 .UNSPECIFIED.);
#51=B_SPLINE_SURFACE_WITH_KNOTS('',3,3,((#5065,#5066,#5067,#5068),(#5069,
#5070,#5071,#5072),(#5073,#5074,#5075,#5076),(#5077,#5078,#5079,#5080)),
 .UNSPECIFIED.,.F.,.F.,.F.,(4,4),(4,4),(0.,1.),(-1.08329340894243E-15,0.763374946726534),
 .UNSPECIFIED.);
#52=B_SPLINE_SURFACE_WITH_KNOTS('',3,3,((#5115,#5116,#5117,#5118),(#5119,
#5120,#5121,#5122),(#5123,#5124,#5125,#5126),(#5127,#5128,#5129,#5130)),
 .UNSPECIFIED.,.F.,.F.,.F.,(4,4),(4,4),(0.,1.),(0.163526328974421,0.376816179842174),
 .UNSPECIFIED.);
#53=B_SPLINE_SURFACE_WITH_KNOTS('',3,3,((#5131,#5132,#5133,#5134),(#5135,
#5136,#5137,#5138),(#5139,#5140,#5141,#5142),(#5143,#5144,#5145,#5146)),
 .UNSPECIFIED.,.F.,.F.,.F.,(4,4),(4,4),(0.,1.),(5.82120435884913E-16,0.76337494672654),
 .UNSPECIFIED.);
#54=B_SPLINE_SURFACE_WITH_KNOTS('',3,3,((#5185,#5186,#5187,#5188),(#5189,
#5190,#5191,#5192),(#5193,#5194,#5195,#5196),(#5197,#5198,#5199,#5200)),
 .UNSPECIFIED.,.F.,.F.,.F.,(4,4),(4,4),(0.,1.),(0.00304457095212558,0.313682426476491),
 .UNSPECIFIED.);
#55=B_SPLINE_SURFACE_WITH_KNOTS('',3,3,((#5227,#5228,#5229,#5230),(#5231,
#5232,#5233,#5234),(#5235,#5236,#5237,#5238),(#5239,#5240,#5241,#5242)),
 .UNSPECIFIED.,.F.,.F.,.F.,(4,4),(4,4),(0.,1.),(-3.86969818827459E-8,0.310637855524367),
 .UNSPECIFIED.);
#56=B_SPLINE_SURFACE_WITH_KNOTS('',3,3,((#5247,#5248,#5249,#5250),(#5251,
#5252,#5253,#5254),(#5255,#5256,#5257,#5258),(#5259,#5260,#5261,#5262)),
 .UNSPECIFIED.,.F.,.F.,.F.,(4,4),(4,4),(0.,1.),(-2.49464237840538E-15,0.763374946726538),
 .UNSPECIFIED.);
#57=B_SPLINE_SURFACE_WITH_KNOTS('',3,3,((#5278,#5279,#5280,#5281),(#5282,
#5283,#5284,#5285),(#5286,#5287,#5288,#5289),(#5290,#5291,#5292,#5293)),
 .UNSPECIFIED.,.F.,.F.,.F.,(4,4),(4,4),(0.,1.),(-3.86969813576458E-8,0.310637855524368),
 .UNSPECIFIED.);
#58=B_SPLINE_SURFACE_WITH_KNOTS('',3,3,((#5298,#5299,#5300,#5301),(#5302,
#5303,#5304,#5305),(#5306,#5307,#5308,#5309),(#5310,#5311,#5312,#5313)),
 .UNSPECIFIED.,.F.,.F.,.F.,(4,4),(4,4),(0.,1.),(0.,0.955326690063026),
 .UNSPECIFIED.);
#59=B_SPLINE_SURFACE_WITH_KNOTS('',3,3,((#5319,#5320,#5321,#5322),(#5323,
#5324,#5325,#5326),(#5327,#5328,#5329,#5330),(#5331,#5332,#5333,#5334)),
 .UNSPECIFIED.,.F.,.F.,.F.,(4,4),(4,4),(0.,1.),(0.,0.951528663302173),
 .UNSPECIFIED.);
#60=B_SPLINE_SURFACE_WITH_KNOTS('',3,3,((#5339,#5340,#5341,#5342),(#5343,
#5344,#5345,#5346),(#5347,#5348,#5349,#5350),(#5351,#5352,#5353,#5354)),
 .UNSPECIFIED.,.F.,.F.,.F.,(4,4),(4,4),(0.,1.),(0.,0.951528663302173),
 .UNSPECIFIED.);
#61=B_SPLINE_SURFACE_WITH_KNOTS('',3,3,((#5359,#5360,#5361,#5362),(#5363,
#5364,#5365,#5366),(#5367,#5368,#5369,#5370),(#5371,#5372,#5373,#5374)),
 .UNSPECIFIED.,.F.,.F.,.F.,(4,4),(4,4),(0.,1.),(0.,0.955326690063027),
 .UNSPECIFIED.);
#62=B_SPLINE_SURFACE_WITH_KNOTS('',3,3,((#5379,#5380,#5381,#5382),(#5383,
#5384,#5385,#5386),(#5387,#5388,#5389,#5390),(#5391,#5392,#5393,#5394)),
 .UNSPECIFIED.,.F.,.F.,.F.,(4,4),(4,4),(0.,1.),(0.,0.959414990951132),
 .UNSPECIFIED.);
#63=B_SPLINE_SURFACE_WITH_KNOTS('',3,3,((#5396,#5397,#5398,#5399),(#5400,
#5401,#5402,#5403),(#5404,#5405,#5406,#5407),(#5408,#5409,#5410,#5411)),
 .UNSPECIFIED.,.F.,.F.,.F.,(4,4),(4,4),(0.899999991721577,1.),(0.,0.809039863116143),
 .UNSPECIFIED.);
#64=B_SPLINE_SURFACE_WITH_KNOTS('',3,3,((#5413,#5414,#5415,#5416),(#5417,
#5418,#5419,#5420),(#5421,#5422,#5423,#5424),(#5425,#5426,#5427,#5428)),
 .UNSPECIFIED.,.F.,.F.,.F.,(4,4),(4,4),(0.,1.),(0.,0.955326690063027),
 .UNSPECIFIED.);
#65=B_SPLINE_SURFACE_WITH_KNOTS('',3,3,((#5434,#5435,#5436,#5437),(#5438,
#5439,#5440,#5441),(#5442,#5443,#5444,#5445),(#5446,#5447,#5448,#5449)),
 .UNSPECIFIED.,.F.,.F.,.F.,(4,4),(4,4),(0.,1.),(0.,0.951528663302173),
 .UNSPECIFIED.);
#66=B_SPLINE_SURFACE_WITH_KNOTS('',3,3,((#5454,#5455,#5456,#5457),(#5458,
#5459,#5460,#5461),(#5462,#5463,#5464,#5465),(#5466,#5467,#5468,#5469)),
 .UNSPECIFIED.,.F.,.F.,.F.,(4,4),(4,4),(0.,1.),(0.,0.951528663302173),
 .UNSPECIFIED.);
#67=B_SPLINE_SURFACE_WITH_KNOTS('',3,3,((#5474,#5475,#5476,#5477),(#5478,
#5479,#5480,#5481),(#5482,#5483,#5484,#5485),(#5486,#5487,#5488,#5489)),
 .UNSPECIFIED.,.F.,.F.,.F.,(4,4),(4,4),(0.,1.),(0.,0.955326690063027),
 .UNSPECIFIED.);
#68=B_SPLINE_SURFACE_WITH_KNOTS('',3,3,((#5491,#5492,#5493,#5494),(#5495,
#5496,#5497,#5498),(#5499,#5500,#5501,#5502),(#5503,#5504,#5505,#5506)),
 .UNSPECIFIED.,.F.,.F.,.F.,(4,4),(4,4),(0.,1.),(0.793611329064323,1.),
 .UNSPECIFIED.);
#69=B_SPLINE_SURFACE_WITH_KNOTS('',3,3,((#5511,#5512,#5513,#5514),(#5515,
#5516,#5517,#5518),(#5519,#5520,#5521,#5522),(#5523,#5524,#5525,#5526)),
 .UNSPECIFIED.,.F.,.F.,.F.,(4,4),(4,4),(0.,1.),(0.793611329064323,1.),
 .UNSPECIFIED.);
#70=B_SPLINE_SURFACE_WITH_KNOTS('',3,3,((#5531,#5532,#5533,#5534),(#5535,
#5536,#5537,#5538),(#5539,#5540,#5541,#5542),(#5543,#5544,#5545,#5546)),
 .UNSPECIFIED.,.F.,.F.,.F.,(4,4),(4,4),(0.,1.),(0.793670524326235,1.),
 .UNSPECIFIED.);
#71=B_SPLINE_SURFACE_WITH_KNOTS('',3,3,((#5547,#5548,#5549,#5550),(#5551,
#5552,#5553,#5554),(#5555,#5556,#5557,#5558),(#5559,#5560,#5561,#5562)),
 .UNSPECIFIED.,.F.,.F.,.F.,(4,4),(4,4),(0.,1.),(0.793611329064323,1.),
 .UNSPECIFIED.);
#72=B_SPLINE_SURFACE_WITH_KNOTS('',3,3,((#5567,#5568,#5569,#5570),(#5571,
#5572,#5573,#5574),(#5575,#5576,#5577,#5578),(#5579,#5580,#5581,#5582)),
 .UNSPECIFIED.,.F.,.F.,.F.,(4,4),(4,4),(0.,1.),(0.793670524326235,1.),
 .UNSPECIFIED.);
#73=B_SPLINE_SURFACE_WITH_KNOTS('',3,3,((#5583,#5584,#5585,#5586),(#5587,
#5588,#5589,#5590),(#5591,#5592,#5593,#5594),(#5595,#5596,#5597,#5598)),
 .UNSPECIFIED.,.F.,.F.,.F.,(4,4),(4,4),(0.,1.),(0.793670524326235,1.),
 .UNSPECIFIED.);
#74=B_SPLINE_SURFACE_WITH_KNOTS('',3,3,((#5603,#5604,#5605,#5606),(#5607,
#5608,#5609,#5610),(#5611,#5612,#5613,#5614),(#5615,#5616,#5617,#5618)),
 .UNSPECIFIED.,.F.,.F.,.F.,(4,4),(4,4),(0.,1.),(0.793611329064323,1.),
 .UNSPECIFIED.);
#75=FACE_BOUND('',#467,.T.);
#76=FACE_BOUND('',#470,.T.);
#77=FACE_BOUND('',#486,.T.);
#78=FACE_BOUND('',#487,.T.);
#79=FACE_BOUND('',#488,.T.);
#80=FACE_BOUND('',#522,.T.);
#81=FACE_BOUND('',#526,.T.);
#82=B_SPLINE_CURVE_WITH_KNOTS('',3,(#2633,#2634,#2635,#2636),
 .UNSPECIFIED.,.F.,.F.,(4,4),(-0.904941371624982,-0.8373821523576),
 .UNSPECIFIED.);
#83=B_SPLINE_CURVE_WITH_KNOTS('',3,(#2638,#2639,#2640,#2641,#2642,#2643),
 .UNSPECIFIED.,.F.,.F.,(4,2,4),(-0.745863344401795,-0.64591689548131,-0.581694225153521),
 .UNSPECIFIED.);
#84=B_SPLINE_CURVE_WITH_KNOTS('',3,(#2653,#2654,#2655,#2656,#2657,#2658,
#2659),.UNSPECIFIED.,.F.,.F.,(4,3,4),(0.,0.135354672615174,0.270709345230348),
 .UNSPECIFIED.);
#85=B_SPLINE_CURVE_WITH_KNOTS('',3,(#2661,#2662,#2663,#2664),
 .UNSPECIFIED.,.F.,.F.,(4,4),(-1.55836623287598,-1.40803059868078),
 .UNSPECIFIED.);
#86=B_SPLINE_CURVE_WITH_KNOTS('',3,(#2666,#2667,#2668,#2669),
 .UNSPECIFIED.,.F.,.F.,(4,4),(-3.0371168851382,0.),.UNSPECIFIED.);
#87=B_SPLINE_CURVE_WITH_KNOTS('',3,(#2671,#2672,#2673,#2674,#2675,#2676,
#2677,#2678,#2679,#2680,#2681,#2682,#2683,#2684),.UNSPECIFIED.,.F.,.F.,
(4,2,2,2,2,2,4),(-1.54467010410024,-1.52979379072304,-1.50742926824386,
-1.43600546141635,-1.2409223269274,-0.834327092712753,0.),.UNSPECIFIED.);
#88=B_SPLINE_CURVE_WITH_KNOTS('',3,(#2686,#2687,#2688,#2689),
 .UNSPECIFIED.,.F.,.F.,(4,4),(-0.522693477946231,-0.118205698555438),
 .UNSPECIFIED.);
#89=B_SPLINE_CURVE_WITH_KNOTS('',3,(#2691,#2692,#2693,#2694,#2695,#2696,
#2697,#2698,#2699,#2700,#2701,#2702,#2703),.UNSPECIFIED.,.F.,.F.,(4,3,3,
3,4),(-0.224765599652532,-0.167833267952875,-0.112027234579466,-0.0560136172897332,
0.),.UNSPECIFIED.);
#90=B_SPLINE_CURVE_WITH_KNOTS('',3,(#2707,#2708,#2709,#2710,#2711,#2712,
#2713,#2714,#2715,#2716,#2717,#2718,#2719),.UNSPECIFIED.,.F.,.F.,(4,3,3,
3,4),(-0.224785122396205,-0.168715958551647,-0.11264679470709,-0.0557092592607232,
0.),.UNSPECIFIED.);
#91=B_SPLINE_CURVE_WITH_KNOTS('',3,(#2720,#2721,#2722,#2723),
 .UNSPECIFIED.,.F.,.F.,(4,4),(-0.404154483399972,-0.159001770618052),
 .UNSPECIFIED.);
#92=B_SPLINE_CURVE_WITH_KNOTS('',3,(#2728,#2729,#2730,#2731),
 .UNSPECIFIED.,.F.,.F.,(4,4),(-0.404154483399973,-0.159001770618052),
 .UNSPECIFIED.);
#93=B_SPLINE_CURVE_WITH_KNOTS('',3,(#2733,#2734,#2735,#2736,#2737,#2738,
#2739,#2740,#2741,#2742,#2743,#2744,#2745),.UNSPECIFIED.,.F.,.F.,(4,3,3,
3,4),(-0.224785122396174,-0.168715958551633,-0.112646794707092,-0.0557092592608602,
0.),.UNSPECIFIED.);
#94=B_SPLINE_CURVE_WITH_KNOTS('',3,(#2749,#2750,#2751,#2752,#2753,#2754,
#2755,#2756,#2757,#2758,#2759,#2760,#2761),.UNSPECIFIED.,.F.,.F.,(4,3,3,
3,4),(-0.224765599652566,-0.167833267953042,-0.112027234579476,-0.0560136172897381,
0.),.UNSPECIFIED.);
#95=B_SPLINE_CURVE_WITH_KNOTS('',3,(#2763,#2764,#2765,#2766),
 .UNSPECIFIED.,.F.,.F.,(4,4),(-0.52269347794624,-0.118205698555441),
 .UNSPECIFIED.);
#96=B_SPLINE_CURVE_WITH_KNOTS('',3,(#2768,#2769,#2770,#2771,#2772,#2773,
#2774,#2775,#2776,#2777,#2778,#2779,#2780,#2781),.UNSPECIFIED.,.F.,.F.,
(4,2,2,2,2,2,4),(-1.54467010410024,-1.52979379072304,-1.50742926824386,
-1.43600546141635,-1.24092232692739,-0.834327092712746,0.),
 .UNSPECIFIED.);
#97=B_SPLINE_CURVE_WITH_KNOTS('',3,(#2783,#2784,#2785,#2786),
 .UNSPECIFIED.,.F.,.F.,(4,4),(-3.03711688513855,0.),.UNSPECIFIED.);
#98=B_SPLINE_CURVE_WITH_KNOTS('',3,(#2788,#2789,#2790,#2791),
 .UNSPECIFIED.,.F.,.F.,(4,4),(-0.728938384743687,-0.578559955983239),
 .UNSPECIFIED.);
#99=B_SPLINE_CURVE_WITH_KNOTS('',3,(#2793,#2794,#2795,#2796,#2797,#2798,
#2799),.UNSPECIFIED.,.F.,.F.,(4,3,4),(0.,0.135354672615174,0.270709345230348),
 .UNSPECIFIED.);
#100=B_SPLINE_CURVE_WITH_KNOTS('',3,(#2810,#2811,#2812,#2813,#2814,#2815),
 .UNSPECIFIED.,.F.,.F.,(4,2,4),(-0.861618282614752,-0.813375787913768,-0.631543845313399),
 .UNSPECIFIED.);
#101=B_SPLINE_CURVE_WITH_KNOTS('',3,(#2816,#2817,#2818,#2819),
 .UNSPECIFIED.,.F.,.F.,(4,4),(-0.626422375153744,-0.558733832862723),
 .UNSPECIFIED.);
#102=B_SPLINE_CURVE_WITH_KNOTS('',3,(#2852,#2853,#2854,#2855,#2856,#2857),
 .UNSPECIFIED.,.F.,.F.,(4,2,4),(-2.69,-1.46521742719671,-0.210000000000003),
 .UNSPECIFIED.);
#103=B_SPLINE_CURVE_WITH_KNOTS('',3,(#2888,#2889,#2890,#2891,#2892,#2893,
#2894,#2895,#2896,#2897,#2898,#2899,#2900),.UNSPECIFIED.,.F.,.F.,(4,3,3,
3,4),(0.,0.011775944533166,0.0455069547565358,0.0851498874985947,0.0879199784548448),
 .UNSPECIFIED.);
#104=B_SPLINE_CURVE_WITH_KNOTS('',3,(#2902,#2903,#2904,#2905,#2906,#2907),
 .UNSPECIFIED.,.F.,.F.,(4,1,1,4),(-1.05245994619907,-0.616216405639788,
-0.314183133794051,-0.0182089871751213),.UNSPECIFIED.);
#105=B_SPLINE_CURVE_WITH_KNOTS('',3,(#2909,#2910,#2911,#2912,#2913,#2914),
 .UNSPECIFIED.,.F.,.F.,(4,2,4),(0.,0.0224456320718821,0.0450340521227246),
 .UNSPECIFIED.);
#106=B_SPLINE_CURVE_WITH_KNOTS('',3,(#2915,#2916,#2917,#2918,#2919,#2920),
 .UNSPECIFIED.,.F.,.F.,(4,1,1,4),(0.0121498619483146,0.314183133794051,
0.616216405639788,1.06926631340839),.UNSPECIFIED.);
#107=B_SPLINE_CURVE_WITH_KNOTS('',3,(#2938,#2939,#2940,#2941,#2942,#2943),
 .UNSPECIFIED.,.F.,.F.,(4,2,4),(-0.325972380570598,-0.278255598991291,-0.274467613678082),
 .UNSPECIFIED.);
#108=B_SPLINE_CURVE_WITH_KNOTS('',3,(#2945,#2946,#2947,#2948),
 .UNSPECIFIED.,.F.,.F.,(4,4),(-0.230551941474243,-0.153776390936905),
 .UNSPECIFIED.);
#109=B_SPLINE_CURVE_WITH_KNOTS('',3,(#2950,#2951,#2952,#2953,#2954,#2955,
#2956,#2957,#2958,#2959,#2960,#2961,#2962,#2963,#2964,#2965),
 .UNSPECIFIED.,.F.,.F.,(4,3,3,3,3,4),(-0.818482740444765,-0.73344061471933,
-0.707574640702485,-0.637734320716491,-0.592490942454324,-0.571907662400532),
 .UNSPECIFIED.);
#110=B_SPLINE_CURVE_WITH_KNOTS('',3,(#2967,#2968,#2969,#2970),
 .UNSPECIFIED.,.F.,.F.,(4,4),(0.79364551773612,0.808400186492478),
 .UNSPECIFIED.);
#111=B_SPLINE_CURVE_WITH_KNOTS('',3,(#2972,#2973,#2974,#2975,#2976,#2977),
 .UNSPECIFIED.,.F.,.F.,(4,2,4),(-0.574808857237174,-0.287411123127104,0.),
 .UNSPECIFIED.);
#112=B_SPLINE_CURVE_WITH_KNOTS('',3,(#2979,#2980,#2981,#2982),
 .UNSPECIFIED.,.F.,.F.,(4,4),(0.793670524326236,1.),.UNSPECIFIED.);
#113=B_SPLINE_CURVE_WITH_KNOTS('',3,(#2986,#2987,#2988,#2989),
 .UNSPECIFIED.,.F.,.F.,(4,4),(0.916884933487267,1.),.UNSPECIFIED.);
#114=B_SPLINE_CURVE_WITH_KNOTS('',3,(#2991,#2992,#2993,#2994,#2995,#2996,
#2997,#2998,#2999,#3000,#3001,#3002),.UNSPECIFIED.,.F.,.F.,(4,2,2,2,2,4),
(-1.75030947817212,-1.7289139324721,-1.70647745098482,-1.65474831419281,
-1.49862112392757,-1.47009944961752),.UNSPECIFIED.);
#115=B_SPLINE_CURVE_WITH_KNOTS('',3,(#3003,#3004,#3005,#3006,#3007,#3008,
#3009,#3010,#3011,#3012,#3013,#3014,#3015,#3016,#3017,#3018),
 .UNSPECIFIED.,.F.,.F.,(4,2,2,2,2,2,2,4),(0.387259260163885,0.449535547567135,
0.481368642326353,0.537276193093446,0.567892072118347,0.628120478272558,
0.722871177352049,0.834324115305237),.UNSPECIFIED.);
#116=B_SPLINE_CURVE_WITH_KNOTS('',3,(#3049,#3050,#3051,#3052,#3053,#3054,
#3055,#3056,#3057,#3058),.UNSPECIFIED.,.F.,.F.,(4,3,3,4),(-0.0876880470231566,
-0.0491213028789808,-0.0169803939820357,0.),.UNSPECIFIED.);
#117=B_SPLINE_CURVE_WITH_KNOTS('',3,(#3060,#3061,#3062,#3063,#3064,#3065,
#3066),.UNSPECIFIED.,.F.,.F.,(4,1,1,1,4),(0.842320796832761,1.58095601745803,
2.07337949787487,2.31959123808329,2.56580297829171),.UNSPECIFIED.);
#118=B_SPLINE_CURVE_WITH_KNOTS('',3,(#3068,#3069,#3070,#3071,#3072,#3073),
 .UNSPECIFIED.,.F.,.F.,(4,2,4),(0.,0.0225881546062683,0.045034052559249),
 .UNSPECIFIED.);
#119=B_SPLINE_CURVE_WITH_KNOTS('',3,(#3074,#3075,#3076,#3077,#3078,#3079,
#3080),.UNSPECIFIED.,.F.,.F.,(4,1,1,1,4),(-2.55771695384713,-2.31959123808329,
-2.07337949787487,-1.58095601745803,-0.870922985522705),.UNSPECIFIED.);
#120=B_SPLINE_CURVE_WITH_KNOTS('',3,(#3083,#3084,#3085,#3086),
 .UNSPECIFIED.,.F.,.F.,(4,4),(-0.08226593077027,-0.0744461016242278),
 .UNSPECIFIED.);
#121=B_SPLINE_CURVE_WITH_KNOTS('',3,(#3088,#3089,#3090,#3091,#3092,#3093,
#3094,#3095,#3096,#3097,#3098,#3099,#3100,#3101,#3102,#3103,#3104,#3105),
 .UNSPECIFIED.,.F.,.F.,(4,2,2,2,2,2,2,2,4),(1.31595105075771,1.40833797270628,
1.53564547595047,1.59929922757256,1.66295297919466,1.72660672939428,1.7902604795939,
1.91756797999315,2.00995492056583),.UNSPECIFIED.);
#122=B_SPLINE_CURVE_WITH_KNOTS('',3,(#3106,#3107,#3108,#3109),
 .UNSPECIFIED.,.F.,.F.,(4,4),(-0.00782532474179817,0.),.UNSPECIFIED.);
#123=B_SPLINE_CURVE_WITH_KNOTS('',3,(#3137,#3138,#3139,#3140,#3141,#3142,
#3143,#3144,#3145,#3146),.UNSPECIFIED.,.F.,.F.,(4,3,3,4),(-0.0876880500116852,
-0.0485589467509145,-0.0163049420697542,0.),.UNSPECIFIED.);
#124=B_SPLINE_CURVE_WITH_KNOTS('',3,(#3148,#3149,#3150,#3151,#3152,#3153),
 .UNSPECIFIED.,.F.,.F.,(4,1,1,4),(0.842320715496905,1.82716746249547,2.31959083599475,
2.5658025227444),.UNSPECIFIED.);
#125=B_SPLINE_CURVE_WITH_KNOTS('',3,(#3155,#3156,#3157,#3158,#3159,#3160),
 .UNSPECIFIED.,.F.,.F.,(4,2,4),(0.,0.0225881668573665,0.0450340525599803),
 .UNSPECIFIED.);
#126=B_SPLINE_CURVE_WITH_KNOTS('',3,(#3161,#3162,#3163,#3164,#3165,#3166),
 .UNSPECIFIED.,.F.,.F.,(4,1,1,4),(-2.55771443035742,-2.31959083599475,-1.82716746249547,
-0.870916641662808),.UNSPECIFIED.);
#127=B_SPLINE_CURVE_WITH_KNOTS('',3,(#3171,#3172,#3173,#3174,#3175,#3176,
#3177),.UNSPECIFIED.,.F.,.F.,(4,1,1,1,4),(-1.05245664650879,-0.767233028020785,
-0.465199761591855,-0.163166495162926,-0.0182116091567282),
 .UNSPECIFIED.);
#128=B_SPLINE_CURVE_WITH_KNOTS('',3,(#3179,#3180,#3181,#3182),
 .UNSPECIFIED.,.F.,.F.,(4,4),(-0.0822659302986994,-0.0744461017829514),
 .UNSPECIFIED.);
#129=B_SPLINE_CURVE_WITH_KNOTS('',3,(#3184,#3185,#3186,#3187,#3188,#3189,
#3190,#3191,#3192,#3193,#3194,#3195,#3196,#3197,#3198,#3199,#3200,#3201),
 .UNSPECIFIED.,.F.,.F.,(4,2,2,2,2,2,2,2,4),(1.31595100299256,1.40833794354186,
1.5356454439411,1.59929919414073,1.66295294434035,1.72660669596244,1.79026044758454,
1.91756795082872,2.00995487280067),.UNSPECIFIED.);
#130=B_SPLINE_CURVE_WITH_KNOTS('',3,(#3202,#3203,#3204,#3205),
 .UNSPECIFIED.,.F.,.F.,(4,4),(-0.00782532537376062,0.),.UNSPECIFIED.);
#131=B_SPLINE_CURVE_WITH_KNOTS('',3,(#3235,#3236,#3237,#3238,#3239,#3240,
#3241,#3242,#3243,#3244,#3245,#3246,#3247),.UNSPECIFIED.,.F.,.F.,(4,3,3,
3,4),(0.,0.0117759452545729,0.0450945903758035,0.0841441864340166,0.0879199755688702),
 .UNSPECIFIED.);
#132=B_SPLINE_CURVE_WITH_KNOTS('',3,(#3249,#3250,#3251,#3252,#3253,#3254),
 .UNSPECIFIED.,.F.,.F.,(4,2,4),(0.,0.0224456320708187,0.0450340521142312),
 .UNSPECIFIED.);
#133=B_SPLINE_CURVE_WITH_KNOTS('',3,(#3255,#3256,#3257,#3258,#3259,#3260,
#3261),.UNSPECIFIED.,.F.,.F.,(4,1,1,1,4),(0.0121498619484608,0.163166495162926,
0.465199761591855,0.767233028020785,1.06926629444971),.UNSPECIFIED.);
#134=B_SPLINE_CURVE_WITH_KNOTS('',3,(#3279,#3280,#3281,#3282,#3283,#3284),
 .UNSPECIFIED.,.F.,.F.,(4,2,4),(-0.325972392490364,-0.278255598991305,-0.274467625597789),
 .UNSPECIFIED.);
#135=B_SPLINE_CURVE_WITH_KNOTS('',3,(#3286,#3287,#3288,#3289),
 .UNSPECIFIED.,.F.,.F.,(4,4),(-0.230551929554504,-0.153776379015986),
 .UNSPECIFIED.);
#136=B_SPLINE_CURVE_WITH_KNOTS('',3,(#3291,#3292,#3293,#3294,#3295,#3296,
#3297,#3298,#3299,#3300,#3301,#3302,#3303,#3304,#3305,#3306),
 .UNSPECIFIED.,.F.,.F.,(4,3,3,3,3,4),(-0.818482747301552,-0.733440627869068,
-0.707574646906301,-0.63773432749373,-0.592490947382961,-0.571907686958336),
 .UNSPECIFIED.);
#137=B_SPLINE_CURVE_WITH_KNOTS('',3,(#3308,#3309,#3310,#3311),
 .UNSPECIFIED.,.F.,.F.,(4,4),(0.79364551773612,0.808400186492478),
 .UNSPECIFIED.);
#138=B_SPLINE_CURVE_WITH_KNOTS('',3,(#3313,#3314,#3315,#3316,#3317,#3318),
 .UNSPECIFIED.,.F.,.F.,(4,2,4),(-0.5748088572372,-0.287411123127117,0.),
 .UNSPECIFIED.);
#139=B_SPLINE_CURVE_WITH_KNOTS('',3,(#3320,#3321,#3322,#3323),
 .UNSPECIFIED.,.F.,.F.,(4,4),(0.793670524326236,1.),.UNSPECIFIED.);
#140=B_SPLINE_CURVE_WITH_KNOTS('',3,(#3327,#3328,#3329,#3330),
 .UNSPECIFIED.,.F.,.F.,(4,4),(0.916884933487268,1.),.UNSPECIFIED.);
#141=B_SPLINE_CURVE_WITH_KNOTS('',3,(#3332,#3333,#3334,#3335,#3336,#3337,
#3338,#3339,#3340,#3341,#3342,#3343),.UNSPECIFIED.,.F.,.F.,(4,2,2,2,2,4),
(-1.7503094707749,-1.72891392610721,-1.70647744528122,-1.65474830969213,
-1.49862112586101,-1.47009946157163),.UNSPECIFIED.);
#142=B_SPLINE_CURVE_WITH_KNOTS('',3,(#3344,#3345,#3346,#3347,#3348,#3349,
#3350,#3351,#3352,#3353,#3354,#3355,#3356,#3357,#3358),.UNSPECIFIED.,.F.,
 .F.,(4,2,2,2,2,2,1,4),(0.387260633883485,0.449535547566974,0.481368642326216,
0.537276193093322,0.567892072118292,0.62812047827251,0.779926289156262,
0.834393400109792),.UNSPECIFIED.);
#143=B_SPLINE_CURVE_WITH_KNOTS('',3,(#3377,#3378,#3379,#3380,#3381,#3382),
 .UNSPECIFIED.,.F.,.F.,(4,2,4),(0.,0.0284561077134946,0.0569328866866976),
 .UNSPECIFIED.);
#144=B_SPLINE_CURVE_WITH_KNOTS('',3,(#3384,#3385,#3386,#3387),
 .UNSPECIFIED.,.F.,.F.,(4,4),(-0.267117105846381,-0.0506665986095952),
 .UNSPECIFIED.);
#145=B_SPLINE_CURVE_WITH_KNOTS('',3,(#3390,#3391,#3392,#3393),
 .UNSPECIFIED.,.F.,.F.,(4,4),(0.0506665986095952,0.273549314407606),
 .UNSPECIFIED.);
#146=B_SPLINE_CURVE_WITH_KNOTS('',3,(#3470,#3471,#3472,#3473,#3474,#3475,
#3476,#3477,#3478,#3479,#3480,#3481,#3482,#3483,#3484,#3485,#3486,#3487),
 .UNSPECIFIED.,.F.,.F.,(4,2,2,2,2,2,2,2,4),(-0.121197196234841,-0.0791256091431383,
0.,0.0632724524659636,0.128494554117742,0.250713735215819,0.32513645159331,
0.494563820824028,0.53159429701569),.UNSPECIFIED.);
#147=B_SPLINE_CURVE_WITH_KNOTS('',3,(#3490,#3491,#3492,#3493,#3494,#3495,
#3496,#3497,#3498,#3499,#3500,#3501,#3502,#3503,#3504,#3505,#3506,#3507),
 .UNSPECIFIED.,.F.,.F.,(4,2,2,2,2,2,2,2,4),(-0.53159429701569,-0.494563820824028,
-0.32513645159331,-0.250713735215819,-0.128494554117742,-0.0632724524659636,
0.,0.0791256091431383,0.121197196234841),.UNSPECIFIED.);
#148=B_SPLINE_CURVE_WITH_KNOTS('',3,(#3524,#3525,#3526,#3527),
 .UNSPECIFIED.,.F.,.F.,(4,4),(0.121197196234091,0.127759171579487),
 .UNSPECIFIED.);
#149=B_SPLINE_CURVE_WITH_KNOTS('',3,(#3528,#3529,#3530,#3531),
 .UNSPECIFIED.,.F.,.F.,(4,4),(-0.127759171579487,-0.121197196234091),
 .UNSPECIFIED.);
#150=B_SPLINE_CURVE_WITH_KNOTS('',3,(#3550,#3551,#3552,#3553,#3554,#3555),
 .UNSPECIFIED.,.F.,.F.,(4,2,4),(0.,0.0284561810001185,0.0569328883616955),
 .UNSPECIFIED.);
#151=B_SPLINE_CURVE_WITH_KNOTS('',3,(#3557,#3558,#3559,#3560),
 .UNSPECIFIED.,.F.,.F.,(4,4),(-7.21644966006352E-15,0.222882672124034),
 .UNSPECIFIED.);
#152=B_SPLINE_CURVE_WITH_KNOTS('',3,(#3563,#3564,#3565,#3566),
 .UNSPECIFIED.,.F.,.F.,(4,4),(-0.222882672124034,-0.00643220730081312),
 .UNSPECIFIED.);
#153=B_SPLINE_CURVE_WITH_KNOTS('',3,(#3583,#3584,#3585,#3586),
 .UNSPECIFIED.,.F.,.F.,(4,4),(-0.538156592905222,-0.531594297014559),
 .UNSPECIFIED.);
#154=B_SPLINE_CURVE_WITH_KNOTS('',3,(#3587,#3588,#3589,#3590),
 .UNSPECIFIED.,.F.,.F.,(4,4),(0.531594297014559,0.538156592905222),
 .UNSPECIFIED.);
#155=B_SPLINE_CURVE_WITH_KNOTS('',3,(#3608,#3609,#3610,#3611,#3612,#3613),
 .UNSPECIFIED.,.F.,.F.,(4,2,4),(-4.62439820558164,-2.61439837396476,-0.604398542347885),
 .UNSPECIFIED.);
#156=B_SPLINE_CURVE_WITH_KNOTS('',3,(#3615,#3616,#3617,#3618),
 .UNSPECIFIED.,.F.,.F.,(4,4),(0.0506665986095425,0.273549314406515),
 .UNSPECIFIED.);
#157=B_SPLINE_CURVE_WITH_KNOTS('',3,(#3620,#3621,#3622,#3623),
 .UNSPECIFIED.,.F.,.F.,(4,4),(0.120397711160733,0.126962037511423),
 .UNSPECIFIED.);
#158=B_SPLINE_CURVE_WITH_KNOTS('',3,(#3625,#3626,#3627,#3628,#3629,#3630,
#3631,#3632,#3633,#3634,#3635,#3636,#3637,#3638,#3639,#3640,#3641,#3642,
#3643,#3644),.UNSPECIFIED.,.F.,.F.,(4,2,2,2,2,2,2,2,2,4),(-0.532425208769497,
-0.49071562610034,-0.405832548098445,-0.330878897353276,-0.20879695427821,
-0.143427175113351,-0.0616389521234004,0.,0.0813944443992627,0.120397711162459),
 .UNSPECIFIED.);
#159=B_SPLINE_CURVE_WITH_KNOTS('',3,(#3646,#3647,#3648,#3649),
 .UNSPECIFIED.,.F.,.F.,(4,4),(-0.538989741297837,-0.532425208767605),
 .UNSPECIFIED.);
#160=B_SPLINE_CURVE_WITH_KNOTS('',3,(#3651,#3652,#3653,#3654),
 .UNSPECIFIED.,.F.,.F.,(4,4),(-3.66373598126302E-15,0.222882672123743),
 .UNSPECIFIED.);
#161=B_SPLINE_CURVE_WITH_KNOTS('',3,(#3656,#3657,#3658,#3659),
 .UNSPECIFIED.,.F.,.F.,(4,4),(-5.22879674792953,-5.12439820558164),
 .UNSPECIFIED.);
#162=B_SPLINE_CURVE_WITH_KNOTS('',3,(#3661,#3662,#3663,#3664),
 .UNSPECIFIED.,.F.,.F.,(4,4),(0.793611329064323,1.),.UNSPECIFIED.);
#163=B_SPLINE_CURVE_WITH_KNOTS('',3,(#3668,#3669,#3670,#3671),
 .UNSPECIFIED.,.F.,.F.,(4,4),(0.793611329064323,1.),.UNSPECIFIED.);
#164=B_SPLINE_CURVE_WITH_KNOTS('',3,(#3672,#3673,#3674,#3675),
 .UNSPECIFIED.,.F.,.F.,(4,4),(-0.104398542347885,0.),.UNSPECIFIED.);
#165=B_SPLINE_CURVE_WITH_KNOTS('',3,(#3678,#3679,#3680,#3681,#3682,#3683),
 .UNSPECIFIED.,.F.,.F.,(4,2,4),(-0.853815745659398,-0.426897330556179,0.),
 .UNSPECIFIED.);
#166=B_SPLINE_CURVE_WITH_KNOTS('',3,(#3684,#3685,#3686,#3687,#3688,#3689),
 .UNSPECIFIED.,.F.,.F.,(4,2,4),(-2.05654431898503,-1.02827375646166,0.),
 .UNSPECIFIED.);
#167=B_SPLINE_CURVE_WITH_KNOTS('',3,(#3691,#3692,#3693,#3694,#3695,#3696),
 .UNSPECIFIED.,.F.,.F.,(4,2,4),(-0.574808857237189,-0.28739772689597,0.),
 .UNSPECIFIED.);
#168=B_SPLINE_CURVE_WITH_KNOTS('',3,(#3698,#3699,#3700,#3701,#3702,#3703),
 .UNSPECIFIED.,.F.,.F.,(4,2,4),(-2.05654431898503,-1.02827056186732,0.),
 .UNSPECIFIED.);
#169=B_SPLINE_CURVE_WITH_KNOTS('',3,(#3705,#3706,#3707,#3708,#3709,#3710),
 .UNSPECIFIED.,.F.,.F.,(4,2,4),(-0.853815745659398,-0.426918346717976,0.),
 .UNSPECIFIED.);
#170=B_SPLINE_CURVE_WITH_KNOTS('',3,(#3712,#3713,#3714,#3715,#3716,#3717),
 .UNSPECIFIED.,.F.,.F.,(4,2,4),(-5.22879674792953,-2.61439837396476,0.),
 .UNSPECIFIED.);
#171=B_SPLINE_CURVE_WITH_KNOTS('',3,(#3719,#3720,#3721,#3722,#3723,#3724),
 .UNSPECIFIED.,.F.,.F.,(4,2,4),(-0.853815745659398,-0.426897330556179,0.),
 .UNSPECIFIED.);
#172=B_SPLINE_CURVE_WITH_KNOTS('',3,(#3725,#3726,#3727,#3728,#3729,#3730),
 .UNSPECIFIED.,.F.,.F.,(4,2,4),(-2.05654431898505,-1.02827375646167,0.),
 .UNSPECIFIED.);
#173=B_SPLINE_CURVE_WITH_KNOTS('',3,(#3732,#3733,#3734,#3735,#3736,#3737),
 .UNSPECIFIED.,.F.,.F.,(4,2,4),(-0.574808857237177,-0.287397726895964,0.),
 .UNSPECIFIED.);
#174=B_SPLINE_CURVE_WITH_KNOTS('',3,(#3739,#3740,#3741,#3742,#3743,#3744),
 .UNSPECIFIED.,.F.,.F.,(4,2,4),(-2.05654431898505,-1.02827056186733,0.),
 .UNSPECIFIED.);
#175=B_SPLINE_CURVE_WITH_KNOTS('',3,(#3745,#3746,#3747,#3748,#3749,#3750),
 .UNSPECIFIED.,.F.,.F.,(4,2,4),(-0.853815745659398,-0.426918346717976,0.),
 .UNSPECIFIED.);
#176=B_SPLINE_CURVE_WITH_KNOTS('',3,(#3752,#3753,#3754,#3755,#3756,#3757),
 .UNSPECIFIED.,.F.,.F.,(4,2,4),(0.,0.0284561807583153,0.0569328875192075),
 .UNSPECIFIED.);
#177=B_SPLINE_CURVE_WITH_KNOTS('',3,(#3764,#3765,#3766,#3767,#3768,#3769),
 .UNSPECIFIED.,.F.,.F.,(4,2,4),(0.,0.0284561074812585,0.0569328863189194),
 .UNSPECIFIED.);
#178=B_SPLINE_CURVE_WITH_KNOTS('',3,(#3797,#3798,#3799,#3800),
 .UNSPECIFIED.,.F.,.F.,(4,4),(-0.267117105845331,-0.0506665986095425),
 .UNSPECIFIED.);
#179=B_SPLINE_CURVE_WITH_KNOTS('',3,(#3885,#3886,#3887,#3888,#3889,#3890,
#3891,#3892,#3893,#3894,#3895,#3896,#3897,#3898,#3899,#3900,#3901,#3902,
#3903,#3904),.UNSPECIFIED.,.F.,.F.,(4,2,2,2,2,2,2,2,2,4),(-0.120397711162459,
-0.0813944443992627,0.,0.0616389521234004,0.143427175113351,0.20879695427821,
0.330878897353276,0.405832548098445,0.49071562610034,0.532425208769497),
 .UNSPECIFIED.);
#180=B_SPLINE_CURVE_WITH_KNOTS('',3,(#3922,#3923,#3924,#3925),
 .UNSPECIFIED.,.F.,.F.,(4,4),(-0.126962037511423,-0.120397711160733),
 .UNSPECIFIED.);
#181=B_SPLINE_CURVE_WITH_KNOTS('',3,(#3944,#3945,#3946,#3947),
 .UNSPECIFIED.,.F.,.F.,(4,4),(-0.222882672123743,-0.00643220730081248),
 .UNSPECIFIED.);
#182=B_SPLINE_CURVE_WITH_KNOTS('',3,(#3964,#3965,#3966,#3967),
 .UNSPECIFIED.,.F.,.F.,(4,4),(0.532425208767605,0.538989741297837),
 .UNSPECIFIED.);
#183=B_SPLINE_CURVE_WITH_KNOTS('',3,(#3988,#3989,#3990,#3991),
 .UNSPECIFIED.,.F.,.F.,(4,4),(1.06004898787915,3.94004898787915),
 .UNSPECIFIED.);
#184=B_SPLINE_CURVE_WITH_KNOTS('',3,(#3992,#3993,#3994,#3995),
 .UNSPECIFIED.,.F.,.F.,(4,4),(-3.94004898787915,-1.06004898787915),
 .UNSPECIFIED.);
#185=B_SPLINE_CURVE_WITH_KNOTS('',3,(#4026,#4027,#4028,#4029,#4030,#4031),
 .UNSPECIFIED.,.F.,.F.,(4,2,4),(-0.159652419207067,-0.114624467932791,0.),
 .UNSPECIFIED.);
#186=B_SPLINE_CURVE_WITH_KNOTS('',3,(#4050,#4051,#4052,#4053,#4054,#4055,
#4056,#4057,#4058,#4059,#4060,#4061,#4062,#4063),.UNSPECIFIED.,.F.,.F.,
(4,2,2,2,2,2,4),(0.16160694156078,0.312278853858909,0.423351962478508,0.456219961340011,
0.511828613441718,0.547813981885749,0.60889181629895),.UNSPECIFIED.);
#187=B_SPLINE_CURVE_WITH_KNOTS('',3,(#4064,#4065,#4066,#4067,#4068,#4069,
#4070,#4071,#4072,#4073),.UNSPECIFIED.,.F.,.F.,(4,2,2,2,4),(-0.269976053503976,
-0.174780757845781,-0.0855937562754845,-0.0372945832904428,0.),
 .UNSPECIFIED.);
#188=B_SPLINE_CURVE_WITH_KNOTS('',3,(#4076,#4077,#4078,#4079),
 .UNSPECIFIED.,.F.,.F.,(4,4),(0.793670524326236,1.),.UNSPECIFIED.);
#189=B_SPLINE_CURVE_WITH_KNOTS('',3,(#4081,#4082,#4083,#4084),
 .UNSPECIFIED.,.F.,.F.,(4,4),(-0.216223622866663,-0.139448072329326),
 .UNSPECIFIED.);
#190=B_SPLINE_CURVE_WITH_KNOTS('',3,(#4085,#4086,#4087,#4088,#4089,#4090),
 .UNSPECIFIED.,.F.,.F.,(4,2,4),(-0.282056708366758,-0.278268715541516,-0.230551941474242),
 .UNSPECIFIED.);
#191=B_SPLINE_CURVE_WITH_KNOTS('',3,(#4099,#4100,#4101,#4102,#4103,#4104),
 .UNSPECIFIED.,.F.,.F.,(4,2,4),(-0.15965240814132,-0.114624468359729,0.),
 .UNSPECIFIED.);
#192=B_SPLINE_CURVE_WITH_KNOTS('',3,(#4122,#4123,#4124,#4125,#4126,#4127,
#4128,#4129,#4130,#4131,#4132,#4133,#4134,#4135),.UNSPECIFIED.,.F.,.F.,
(4,2,2,2,2,2,4),(0.161511603947129,0.312278853858993,0.423351962478619,
0.456219961340107,0.511828613441729,0.5478139818856,0.608925624590569),
 .UNSPECIFIED.);
#193=B_SPLINE_CURVE_WITH_KNOTS('',3,(#4136,#4137,#4138,#4139,#4140,#4141,
#4142,#4143,#4144,#4145),.UNSPECIFIED.,.F.,.F.,(4,2,2,2,4),(-0.269976031794281,
-0.174780788377154,-0.0855937639054083,-0.0372945841089903,0.),
 .UNSPECIFIED.);
#194=B_SPLINE_CURVE_WITH_KNOTS('',3,(#4148,#4149,#4150,#4151),
 .UNSPECIFIED.,.F.,.F.,(4,4),(0.793670524326236,1.),.UNSPECIFIED.);
#195=B_SPLINE_CURVE_WITH_KNOTS('',3,(#4153,#4154,#4155,#4156),
 .UNSPECIFIED.,.F.,.F.,(4,4),(-0.216223622870205,-0.139448072331687),
 .UNSPECIFIED.);
#196=B_SPLINE_CURVE_WITH_KNOTS('',3,(#4157,#4158,#4159,#4160,#4161,#4162),
 .UNSPECIFIED.,.F.,.F.,(4,2,4),(-0.28205669644708,-0.27826871554151,-0.230551929554503),
 .UNSPECIFIED.);
#197=B_SPLINE_CURVE_WITH_KNOTS('',3,(#4168,#4169,#4170,#4171,#4172,#4173),
 .UNSPECIFIED.,.F.,.F.,(4,2,4),(-0.12037629682567,-0.0472407867149487,0.),
 .UNSPECIFIED.);
#198=B_SPLINE_CURVE_WITH_KNOTS('',3,(#4175,#4176,#4177,#4178,#4179,#4180),
 .UNSPECIFIED.,.F.,.F.,(4,2,4),(0.554317636495348,0.617971388117442,0.620908912870337),
 .UNSPECIFIED.);
#199=B_SPLINE_CURVE_WITH_KNOTS('',3,(#4182,#4183,#4184,#4185,#4186,#4187),
 .UNSPECIFIED.,.F.,.F.,(4,2,4),(0.487726342421609,0.490663886295725,0.554317636495348),
 .UNSPECIFIED.);
#200=B_SPLINE_CURVE_WITH_KNOTS('',3,(#4188,#4189,#4190,#4191,#4192,#4193,
#4194,#4195,#4196,#4197,#4198,#4199,#4200,#4201,#4202,#4203,#4204,#4205,
#4206),.UNSPECIFIED.,.F.,.F.,(4,3,3,3,3,3,4),(-0.124571690040413,-0.104503295476455,
-0.0822108619948589,-0.0667963347316798,-0.0425560735569214,-0.0192870491382989,
0.),.UNSPECIFIED.);
#201=B_SPLINE_CURVE_WITH_KNOTS('',3,(#4210,#4211,#4212,#4213,#4214,#4215),
 .UNSPECIFIED.,.F.,.F.,(4,2,4),(-0.120376296037199,-0.0472407863329707,
0.),.UNSPECIFIED.);
#202=B_SPLINE_CURVE_WITH_KNOTS('',3,(#4217,#4218,#4219,#4220,#4221,#4222),
 .UNSPECIFIED.,.F.,.F.,(4,2,4),(0.554317671349654,0.617971421549278,0.620908964632063),
 .UNSPECIFIED.);
#203=B_SPLINE_CURVE_WITH_KNOTS('',3,(#4224,#4225,#4226,#4227,#4228,#4229),
 .UNSPECIFIED.,.F.,.F.,(4,2,4),(0.487726394183339,0.490663919727561,0.554317671349654),
 .UNSPECIFIED.);
#204=B_SPLINE_CURVE_WITH_KNOTS('',3,(#4230,#4231,#4232,#4233,#4234,#4235,
#4236,#4237,#4238,#4239,#4240,#4241,#4242,#4243,#4244,#4245,#4246,#4247,
#4248),.UNSPECIFIED.,.F.,.F.,(4,3,3,3,3,3,4),(-0.124571690467236,-0.104143227416064,
-0.0812210108432372,-0.0667963355801613,-0.0424339637345418,-0.0192783838160754,
0.),.UNSPECIFIED.);
#205=B_SPLINE_CURVE_WITH_KNOTS('',3,(#4321,#4322,#4323,#4324,#4325,#4326,
#4327,#4328,#4329,#4330,#4331,#4332,#4333,#4334,#4335,#4336,#4337,#4338),
 .UNSPECIFIED.,.F.,.F.,(4,2,2,2,2,2,2,2,4),(-0.659074804403981,-0.622481574616928,
-0.5478139818856,-0.511828613441729,-0.456219961340107,-0.423351962478619,
-0.312278853858993,-0.0760400317949147,-0.064008148372184),
 .UNSPECIFIED.);
#206=B_SPLINE_CURVE_WITH_KNOTS('',3,(#4395,#4396,#4397,#4398,#4399,#4400,
#4401,#4402,#4403,#4404,#4405,#4406,#4407,#4408),.UNSPECIFIED.,.F.,.F.,
(4,2,2,2,2,2,4),(-0.659074786054363,-0.547813981885749,-0.511828613441718,
-0.456219961340011,-0.423351962478508,-0.312278853858909,-0.0640081649408064),
 .UNSPECIFIED.);
#207=B_SPLINE_CURVE_WITH_KNOTS('',3,(#4473,#4474,#4475,#4476,#4477,#4478,
#4479,#4480,#4481,#4482,#4483,#4484,#4485,#4486,#4487,#4488),
 .UNSPECIFIED.,.F.,.F.,(4,2,2,2,2,2,2,4),(-0.931732082621248,-0.722871177352049,
-0.628120478272558,-0.567892072118347,-0.537276193093446,-0.481368642326353,
-0.449535547567135,-0.337017728961843),.UNSPECIFIED.);
#208=B_SPLINE_CURVE_WITH_KNOTS('',3,(#4553,#4554,#4555,#4556,#4557,#4558,
#4559,#4560,#4561,#4562,#4563,#4564,#4565,#4566,#4567),.UNSPECIFIED.,.F.,
 .F.,(4,1,2,2,2,2,2,4),(-0.931732099187377,-0.779926289156262,-0.62812047827251,
-0.567892072118292,-0.537276193093322,-0.481368642326216,-0.449535547566974,
-0.337017710629771),.UNSPECIFIED.);
#209=B_SPLINE_CURVE_WITH_KNOTS('',3,(#4609,#4610,#4611,#4612),
 .UNSPECIFIED.,.F.,.F.,(4,4),(-0.376816179842181,-0.163526328974421),
 .UNSPECIFIED.);
#210=B_SPLINE_CURVE_WITH_KNOTS('',3,(#4614,#4615,#4616,#4617,#4618,#4619,
#4620),.UNSPECIFIED.,.F.,.F.,(4,3,4),(-0.251070714965458,-0.243583658774564,
-0.240123966505152),.UNSPECIFIED.);
#211=B_SPLINE_CURVE_WITH_KNOTS('',3,(#4622,#4623,#4624,#4625),
 .UNSPECIFIED.,.F.,.F.,(4,4),(0.,0.955326690063025),.UNSPECIFIED.);
#212=B_SPLINE_CURVE_WITH_KNOTS('',3,(#4628,#4629,#4630,#4631),
 .UNSPECIFIED.,.F.,.F.,(4,4),(0.,0.809039863115566),.UNSPECIFIED.);
#213=B_SPLINE_CURVE_WITH_KNOTS('',3,(#4649,#4650,#4651,#4652),
 .UNSPECIFIED.,.F.,.F.,(4,4),(0.262518275622646,0.31161905011578),
 .UNSPECIFIED.);
#214=B_SPLINE_CURVE_WITH_KNOTS('',3,(#4653,#4654,#4655,#4656,#4657,#4658,
#4659,#4660,#4661,#4662,#4663,#4664,#4665,#4666,#4667,#4668),
 .UNSPECIFIED.,.F.,.F.,(4,3,3,3,3,4),(0.,0.0553486231831937,0.110697246366387,
0.164386571704893,0.211061049345262,0.212113063894104),.UNSPECIFIED.);
#215=B_SPLINE_CURVE_WITH_KNOTS('',3,(#4686,#4687,#4688,#4689),
 .UNSPECIFIED.,.F.,.F.,(4,4),(-0.213643438290153,-0.000353587422386475),
 .UNSPECIFIED.);
#216=B_SPLINE_CURVE_WITH_KNOTS('',3,(#4691,#4692,#4693,#4694,#4695,#4696,
#4697,#4698,#4699,#4700,#4701,#4702,#4703,#4704,#4705,#4706),
 .UNSPECIFIED.,.F.,.F.,(4,3,3,3,3,4),(-0.00105206135227545,0.,0.053691713931921,
0.100368268098328,0.155719353705283,0.211070439312238),.UNSPECIFIED.);
#217=B_SPLINE_CURVE_WITH_KNOTS('',3,(#4707,#4708,#4709,#4710),
 .UNSPECIFIED.,.F.,.F.,(4,4),(0.0655507171488001,0.114651491641929),
 .UNSPECIFIED.);
#218=B_SPLINE_CURVE_WITH_KNOTS('',3,(#4728,#4729,#4730,#4731),
 .UNSPECIFIED.,.F.,.F.,(4,4),(0.960062906146077,1.11094095951201),
 .UNSPECIFIED.);
#219=B_SPLINE_CURVE_WITH_KNOTS('',3,(#4732,#4733,#4734,#4735),
 .UNSPECIFIED.,.F.,.F.,(4,4),(0.,0.809039863115567),.UNSPECIFIED.);
#220=B_SPLINE_CURVE_WITH_KNOTS('',3,(#4739,#4740,#4741,#4742),
 .UNSPECIFIED.,.F.,.F.,(4,4),(0.,0.955326690063026),.UNSPECIFIED.);
#221=B_SPLINE_CURVE_WITH_KNOTS('',3,(#4743,#4744,#4745,#4746,#4747,#4748,
#4749),.UNSPECIFIED.,.F.,.F.,(4,3,4),(-0.0109715514755429,-0.00989723088250312,
0.),.UNSPECIFIED.);
#222=B_SPLINE_CURVE_WITH_KNOTS('',3,(#4768,#4769,#4770,#4771),
 .UNSPECIFIED.,.F.,.F.,(4,4),(0.,0.809039863115567),.UNSPECIFIED.);
#223=B_SPLINE_CURVE_WITH_KNOTS('',3,(#4789,#4790,#4791,#4792),
 .UNSPECIFIED.,.F.,.F.,(4,4),(0.945264820866105,1.02250177093947),
 .UNSPECIFIED.);
#224=B_SPLINE_CURVE_WITH_KNOTS('',3,(#4793,#4794,#4795,#4796),
 .UNSPECIFIED.,.F.,.F.,(4,4),(0.,0.809039863115566),.UNSPECIFIED.);
#225=B_SPLINE_CURVE_WITH_KNOTS('',3,(#4799,#4800,#4801,#4802),
 .UNSPECIFIED.,.F.,.F.,(4,4),(0.0655507171487977,0.114651491641928),
 .UNSPECIFIED.);
#226=B_SPLINE_CURVE_WITH_KNOTS('',3,(#4804,#4805,#4806,#4807),
 .UNSPECIFIED.,.F.,.F.,(4,4),(0.0609456057819728,0.694652675017879),
 .UNSPECIFIED.);
#227=B_SPLINE_CURVE_WITH_KNOTS('',3,(#4809,#4810,#4811,#4812),
 .UNSPECIFIED.,.F.,.F.,(4,4),(-3.86969813576458E-8,0.25942055547938),
 .UNSPECIFIED.);
#228=B_SPLINE_CURVE_WITH_KNOTS('',3,(#4814,#4815,#4816,#4817),
 .UNSPECIFIED.,.F.,.F.,(4,4),(0.0542618709971109,0.313682426476495),
 .UNSPECIFIED.);
#229=B_SPLINE_CURVE_WITH_KNOTS('',3,(#4819,#4820,#4821,#4822),
 .UNSPECIFIED.,.F.,.F.,(4,4),(0.0687222717086446,0.702429340944556),
 .UNSPECIFIED.);
#230=B_SPLINE_CURVE_WITH_KNOTS('',3,(#4823,#4824,#4825,#4826),
 .UNSPECIFIED.,.F.,.F.,(4,4),(0.262518275622642,0.31161905011577),
 .UNSPECIFIED.);
#231=B_SPLINE_CURVE_WITH_KNOTS('',3,(#4829,#4830,#4831,#4832),
 .UNSPECIFIED.,.F.,.F.,(4,4),(0.0609456057819805,0.694652675017889),
 .UNSPECIFIED.);
#232=B_SPLINE_CURVE_WITH_KNOTS('',3,(#4834,#4835,#4836,#4837),
 .UNSPECIFIED.,.F.,.F.,(4,4),(-3.86969818827459E-8,0.259420555479381),
 .UNSPECIFIED.);
#233=B_SPLINE_CURVE_WITH_KNOTS('',3,(#4839,#4840,#4841,#4842),
 .UNSPECIFIED.,.F.,.F.,(4,4),(0.0542618709971128,0.313682426476491),
 .UNSPECIFIED.);
#234=B_SPLINE_CURVE_WITH_KNOTS('',3,(#4843,#4844,#4845,#4846),
 .UNSPECIFIED.,.F.,.F.,(4,4),(0.0687222717086562,0.702429340944561),
 .UNSPECIFIED.);
#235=B_SPLINE_CURVE_WITH_KNOTS('',3,(#4864,#4865,#4866,#4867),
 .UNSPECIFIED.,.F.,.F.,(4,4),(-0.376816179842174,-0.163526328974421),
 .UNSPECIFIED.);
#236=B_SPLINE_CURVE_WITH_KNOTS('',3,(#4869,#4870,#4871,#4872,#4873,#4874,
#4875),.UNSPECIFIED.,.F.,.F.,(4,3,4),(-0.251070714962043,-0.243583658773657,
-0.240123966503986),.UNSPECIFIED.);
#237=B_SPLINE_CURVE_WITH_KNOTS('',3,(#4877,#4878,#4879,#4880),
 .UNSPECIFIED.,.F.,.F.,(4,4),(0.,0.955326690063025),.UNSPECIFIED.);
#238=B_SPLINE_CURVE_WITH_KNOTS('',3,(#4898,#4899,#4900,#4901),
 .UNSPECIFIED.,.F.,.F.,(4,4),(0.793674510664706,1.),.UNSPECIFIED.);
#239=B_SPLINE_CURVE_WITH_KNOTS('',3,(#4920,#4921,#4922,#4923),
 .UNSPECIFIED.,.F.,.F.,(4,4),(0.793674510664706,1.),.UNSPECIFIED.);
#240=B_SPLINE_CURVE_WITH_KNOTS('',3,(#4941,#4942,#4943,#4944),
 .UNSPECIFIED.,.F.,.F.,(4,4),(-0.213643438290153,-0.000353587422386545),
 .UNSPECIFIED.);
#241=B_SPLINE_CURVE_WITH_KNOTS('',3,(#4945,#4946,#4947,#4948,#4949,#4950,
#4951,#4952,#4953,#4954,#4955,#4956,#4957,#4958,#4959,#4960),
 .UNSPECIFIED.,.F.,.F.,(4,3,3,3,3,4),(-0.211070439312227,-0.155719353705273,
-0.100368268098319,-0.0466765541649854,0.,0.00105206135227525),
 .UNSPECIFIED.);
#242=B_SPLINE_CURVE_WITH_KNOTS('',3,(#4979,#4980,#4981,#4982),
 .UNSPECIFIED.,.F.,.F.,(4,4),(-0.763374946726533,2.09288037966703E-14),
 .UNSPECIFIED.);
#243=B_SPLINE_CURVE_WITH_KNOTS('',3,(#4984,#4985,#4986,#4987,#4988,#4989,
#4990,#4991,#4992,#4993,#4994,#4995,#4996),.UNSPECIFIED.,.F.,.F.,(4,3,3,
3,4),(-0.336174992357288,-0.329859802930847,-0.322936197800885,-0.308988662950097,
-0.305411448012679),.UNSPECIFIED.);
#244=B_SPLINE_CURVE_WITH_KNOTS('',3,(#4997,#4998,#4999,#5000,#5001,#5002,
#5003,#5004,#5005,#5006,#5007,#5008,#5009,#5010,#5011,#5012,#5013,#5014,
#5015),.UNSPECIFIED.,.F.,.F.,(4,3,3,3,3,3,4),(0.,0.0519491523035964,0.10464347633438,
0.157301226051802,0.209245462691186,0.226614329559184,0.227746685662918),
 .UNSPECIFIED.);
#245=B_SPLINE_CURVE_WITH_KNOTS('',3,(#5016,#5017,#5018,#5019,#5020,#5021,
#5022),.UNSPECIFIED.,.F.,.F.,(4,3,4),(-0.0109715514757119,-0.0098972308826483,
0.),.UNSPECIFIED.);
#246=B_SPLINE_CURVE_WITH_KNOTS('',3,(#5042,#5043,#5044,#5045),
 .UNSPECIFIED.,.F.,.F.,(4,4),(-0.313682426476495,-0.00304457095212424),
 .UNSPECIFIED.);
#247=B_SPLINE_CURVE_WITH_KNOTS('',3,(#5046,#5047,#5048,#5049,#5050,#5051,
#5052,#5053,#5054,#5055,#5056,#5057,#5058,#5059,#5060,#5061,#5062,#5063,
#5064),.UNSPECIFIED.,.F.,.F.,(4,3,3,3,3,3,4),(-0.226643663242954,-0.175245854421352,
-0.122888632956352,-0.0704080195238968,-0.018384361057869,0.,0.00113250267952992),
 .UNSPECIFIED.);
#248=B_SPLINE_CURVE_WITH_KNOTS('',3,(#5082,#5083,#5084,#5085),
 .UNSPECIFIED.,.F.,.F.,(4,4),(-0.763374946726534,1.08329340894243E-15),
 .UNSPECIFIED.);
#249=B_SPLINE_CURVE_WITH_KNOTS('',3,(#5086,#5087,#5088,#5089,#5090,#5091,
#5092,#5093,#5094,#5095,#5096,#5097,#5098,#5099,#5100,#5101,#5102,#5103,
#5104),.UNSPECIFIED.,.F.,.F.,(4,3,3,3,3,3,4),(0.,0.0524887037995027,0.105827800018663,
0.110697246366317,0.164031938574375,0.21106104934508,0.212113063893922),
 .UNSPECIFIED.);
#250=B_SPLINE_CURVE_WITH_KNOTS('',3,(#5105,#5106,#5107,#5108,#5109,#5110,
#5111,#5112,#5113,#5114),.UNSPECIFIED.,.F.,.F.,(4,3,3,4),(-0.0309441020835083,
-0.0209676741496002,-0.00920743541918018,0.),.UNSPECIFIED.);
#251=B_SPLINE_CURVE_WITH_KNOTS('',3,(#5148,#5149,#5150,#5151),
 .UNSPECIFIED.,.F.,.F.,(4,4),(-0.76337494672654,-5.82120435884913E-16),
 .UNSPECIFIED.);
#252=B_SPLINE_CURVE_WITH_KNOTS('',3,(#5153,#5154,#5155,#5156,#5157,#5158,
#5159,#5160,#5161,#5162,#5163,#5164,#5165),.UNSPECIFIED.,.F.,.F.,(4,3,3,
3,4),(-0.336174992351024,-0.329859802928431,-0.32293619779979,-0.308988662949726,
-0.305411448012115),.UNSPECIFIED.);
#253=B_SPLINE_CURVE_WITH_KNOTS('',3,(#5166,#5167,#5168,#5169,#5170,#5171,
#5172,#5173,#5174,#5175,#5176,#5177,#5178,#5179,#5180,#5181,#5182,#5183,
#5184),.UNSPECIFIED.,.F.,.F.,(4,3,3,3,3,3,4),(0.,0.0519491523036205,0.104643476334479,
0.157301226052015,0.209245462691523,0.226614329559176,0.22774668566291),
 .UNSPECIFIED.);
#254=B_SPLINE_CURVE_WITH_KNOTS('',3,(#5204,#5205,#5206,#5207),
 .UNSPECIFIED.,.F.,.F.,(4,4),(-0.313682426476491,-0.00304457095212558),
 .UNSPECIFIED.);
#255=B_SPLINE_CURVE_WITH_KNOTS('',3,(#5208,#5209,#5210,#5211,#5212,#5213,
#5214,#5215,#5216,#5217,#5218,#5219,#5220,#5221,#5222,#5223,#5224,#5225,
#5226),.UNSPECIFIED.,.F.,.F.,(4,3,3,3,3,3,4),(-0.226643663243007,-0.175245854422763,
-0.122888632959174,-0.0704080195281634,-0.0183843610635896,0.,0.00113250267953031),
 .UNSPECIFIED.);
#256=B_SPLINE_CURVE_WITH_KNOTS('',3,(#5243,#5244,#5245,#5246),
 .UNSPECIFIED.,.F.,.F.,(4,4),(-0.310637855524367,-5.85459974893761E-17),
 .UNSPECIFIED.);
#257=B_SPLINE_CURVE_WITH_KNOTS('',3,(#5264,#5265,#5266,#5267,#5268,#5269,
#5270,#5271,#5272,#5273),.UNSPECIFIED.,.F.,.F.,(4,3,3,4),(-0.0309441021077942,
-0.0209676741647342,-0.00920743542394225,0.),.UNSPECIFIED.);
#258=B_SPLINE_CURVE_WITH_KNOTS('',3,(#5274,#5275,#5276,#5277),
 .UNSPECIFIED.,.F.,.F.,(4,4),(-0.763374946726538,2.49464237840538E-15),
 .UNSPECIFIED.);
#259=B_SPLINE_CURVE_WITH_KNOTS('',3,(#5294,#5295,#5296,#5297),
 .UNSPECIFIED.,.F.,.F.,(4,4),(-0.310637855524368,-8.19338212427086E-17),
 .UNSPECIFIED.);
#260=B_SPLINE_CURVE_WITH_KNOTS('',3,(#5314,#5315,#5316,#5317),
 .UNSPECIFIED.,.F.,.F.,(4,4),(0.,0.938666186603212),.UNSPECIFIED.);
#261=B_SPLINE_CURVE_WITH_KNOTS('',3,(#5335,#5336,#5337,#5338),
 .UNSPECIFIED.,.F.,.F.,(4,4),(0.,0.951528663302172),.UNSPECIFIED.);
#262=B_SPLINE_CURVE_WITH_KNOTS('',3,(#5355,#5356,#5357,#5358),
 .UNSPECIFIED.,.F.,.F.,(4,4),(0.,0.938666186603211),.UNSPECIFIED.);
#263=B_SPLINE_CURVE_WITH_KNOTS('',3,(#5375,#5376,#5377,#5378),
 .UNSPECIFIED.,.F.,.F.,(4,4),(0.,0.955326690063026),.UNSPECIFIED.);
#264=B_SPLINE_CURVE_WITH_KNOTS('',3,(#5429,#5430,#5431,#5432),
 .UNSPECIFIED.,.F.,.F.,(4,4),(0.,0.938666186603211),.UNSPECIFIED.);
#265=B_SPLINE_CURVE_WITH_KNOTS('',3,(#5450,#5451,#5452,#5453),
 .UNSPECIFIED.,.F.,.F.,(4,4),(0.,0.951528663302172),.UNSPECIFIED.);
#266=B_SPLINE_CURVE_WITH_KNOTS('',3,(#5470,#5471,#5472,#5473),
 .UNSPECIFIED.,.F.,.F.,(4,4),(0.,0.93866618660321),.UNSPECIFIED.);
#267=B_SPLINE_CURVE_WITH_KNOTS('',3,(#5507,#5508,#5509,#5510),
 .UNSPECIFIED.,.F.,.F.,(4,4),(0.793611329064323,1.),.UNSPECIFIED.);
#268=B_SPLINE_CURVE_WITH_KNOTS('',3,(#5527,#5528,#5529,#5530),
 .UNSPECIFIED.,.F.,.F.,(4,4),(0.793611329064323,1.),.UNSPECIFIED.);
#269=B_SPLINE_CURVE_WITH_KNOTS('',3,(#5563,#5564,#5565,#5566),
 .UNSPECIFIED.,.F.,.F.,(4,4),(0.793674510664706,1.),.UNSPECIFIED.);
#270=B_SPLINE_CURVE_WITH_KNOTS('',3,(#5599,#5600,#5601,#5602),
 .UNSPECIFIED.,.F.,.F.,(4,4),(0.793674510664706,1.),.UNSPECIFIED.);
#271=PLANE('',#2163);
#272=PLANE('',#2167);
#273=PLANE('',#2168);
#274=PLANE('',#2169);
#275=PLANE('',#2170);
#276=PLANE('',#2171);
#277=PLANE('',#2172);
#278=PLANE('',#2176);
#279=PLANE('',#2177);
#280=PLANE('',#2178);
#281=PLANE('',#2179);
#282=PLANE('',#2180);
#283=PLANE('',#2182);
#284=PLANE('',#2183);
#285=PLANE('',#2184);
#286=PLANE('',#2185);
#287=PLANE('',#2186);
#288=PLANE('',#2187);
#289=PLANE('',#2189);
#290=PLANE('',#2190);
#291=PLANE('',#2196);
#292=PLANE('',#2199);
#293=PLANE('',#2202);
#294=PLANE('',#2203);
#295=PLANE('',#2204);
#296=PLANE('',#2207);
#297=PLANE('',#2208);
#298=PLANE('',#2209);
#299=PLANE('',#2218);
#300=PLANE('',#2221);
#301=PLANE('',#2230);
#302=PLANE('',#2235);
#303=PLANE('',#2238);
#304=PLANE('',#2239);
#305=PLANE('',#2240);
#306=ELLIPSE('',#2157,33.9411254969543,24.);
#307=ELLIPSE('',#2181,33.9411254969543,24.);
#308=CYLINDRICAL_SURFACE('',#2154,24.0000003427267);
#309=CYLINDRICAL_SURFACE('',#2156,24.0000003427267);
#310=CYLINDRICAL_SURFACE('',#2164,10.);
#311=CYLINDRICAL_SURFACE('',#2173,10.);
#312=CYLINDRICAL_SURFACE('',#2192,3.2);
#313=CYLINDRICAL_SURFACE('',#2194,3.2);
#314=CYLINDRICAL_SURFACE('',#2200,2.10000000000001);
#315=CYLINDRICAL_SURFACE('',#2205,2.1);
#316=CYLINDRICAL_SURFACE('',#2214,1.7);
#317=CYLINDRICAL_SURFACE('',#2219,1.7);
#318=CYLINDRICAL_SURFACE('',#2220,3.2);
#319=CYLINDRICAL_SURFACE('',#2222,3.2);
#320=CYLINDRICAL_SURFACE('',#2223,3.09999999999999);
#321=CYLINDRICAL_SURFACE('',#2225,3.09999999999999);
#322=CYLINDRICAL_SURFACE('',#2231,1.6);
#323=CYLINDRICAL_SURFACE('',#2236,1.6);
#324=CYLINDRICAL_SURFACE('',#2237,24.0000003427267);
#325=FACE_OUTER_BOUND('',#443,.T.);
#326=FACE_OUTER_BOUND('',#444,.T.);
#327=FACE_OUTER_BOUND('',#445,.T.);
#328=FACE_OUTER_BOUND('',#446,.T.);
#329=FACE_OUTER_BOUND('',#447,.T.);
#330=FACE_OUTER_BOUND('',#448,.T.);
#331=FACE_OUTER_BOUND('',#449,.T.);
#332=FACE_OUTER_BOUND('',#450,.T.);
#333=FACE_OUTER_BOUND('',#451,.T.);
#334=FACE_OUTER_BOUND('',#452,.T.);
#335=FACE_OUTER_BOUND('',#453,.T.);
#336=FACE_OUTER_BOUND('',#454,.T.);
#337=FACE_OUTER_BOUND('',#455,.T.);
#338=FACE_OUTER_BOUND('',#456,.T.);
#339=FACE_OUTER_BOUND('',#457,.T.);
#340=FACE_OUTER_BOUND('',#458,.T.);
#341=FACE_OUTER_BOUND('',#459,.T.);
#342=FACE_OUTER_BOUND('',#460,.T.);
#343=FACE_OUTER_BOUND('',#461,.T.);
#344=FACE_OUTER_BOUND('',#462,.T.);
#345=FACE_OUTER_BOUND('',#463,.T.);
#346=FACE_OUTER_BOUND('',#464,.T.);
#347=FACE_OUTER_BOUND('',#465,.T.);
#348=FACE_OUTER_BOUND('',#466,.T.);
#349=FACE_OUTER_BOUND('',#468,.T.);
#350=FACE_OUTER_BOUND('',#469,.T.);
#351=FACE_OUTER_BOUND('',#471,.T.);
#352=FACE_OUTER_BOUND('',#472,.T.);
#353=FACE_OUTER_BOUND('',#473,.T.);
#354=FACE_OUTER_BOUND('',#474,.T.);
#355=FACE_OUTER_BOUND('',#475,.T.);
#356=FACE_OUTER_BOUND('',#476,.T.);
#357=FACE_OUTER_BOUND('',#477,.T.);
#358=FACE_OUTER_BOUND('',#478,.T.);
#359=FACE_OUTER_BOUND('',#479,.T.);
#360=FACE_OUTER_BOUND('',#480,.T.);
#361=FACE_OUTER_BOUND('',#481,.T.);
#362=FACE_OUTER_BOUND('',#482,.T.);
#363=FACE_OUTER_BOUND('',#483,.T.);
#364=FACE_OUTER_BOUND('',#484,.T.);
#365=FACE_OUTER_BOUND('',#485,.T.);
#366=FACE_OUTER_BOUND('',#489,.T.);
#367=FACE_OUTER_BOUND('',#490,.T.);
#368=FACE_OUTER_BOUND('',#491,.T.);
#369=FACE_OUTER_BOUND('',#492,.T.);
#370=FACE_OUTER_BOUND('',#493,.T.);
#371=FACE_OUTER_BOUND('',#494,.T.);
#372=FACE_OUTER_BOUND('',#495,.T.);
#373=FACE_OUTER_BOUND('',#496,.T.);
#374=FACE_OUTER_BOUND('',#497,.T.);
#375=FACE_OUTER_BOUND('',#498,.T.);
#376=FACE_OUTER_BOUND('',#499,.T.);
#377=FACE_OUTER_BOUND('',#500,.T.);
#378=FACE_OUTER_BOUND('',#501,.T.);
#379=FACE_OUTER_BOUND('',#502,.T.);
#380=FACE_OUTER_BOUND('',#503,.T.);
#381=FACE_OUTER_BOUND('',#504,.T.);
#382=FACE_OUTER_BOUND('',#505,.T.);
#383=FACE_OUTER_BOUND('',#506,.T.);
#384=FACE_OUTER_BOUND('',#507,.T.);
#385=FACE_OUTER_BOUND('',#508,.T.);
#386=FACE_OUTER_BOUND('',#509,.T.);
#387=FACE_OUTER_BOUND('',#510,.T.);
#388=FACE_OUTER_BOUND('',#511,.T.);
#389=FACE_OUTER_BOUND('',#512,.T.);
#390=FACE_OUTER_BOUND('',#513,.T.);
#391=FACE_OUTER_BOUND('',#514,.T.);
#392=FACE_OUTER_BOUND('',#515,.T.);
#393=FACE_OUTER_BOUND('',#516,.T.);
#394=FACE_OUTER_BOUND('',#517,.T.);
#395=FACE_OUTER_BOUND('',#518,.T.);
#396=FACE_OUTER_BOUND('',#519,.T.);
#397=FACE_OUTER_BOUND('',#520,.T.);
#398=FACE_OUTER_BOUND('',#521,.T.);
#399=FACE_OUTER_BOUND('',#523,.T.);
#400=FACE_OUTER_BOUND('',#524,.T.);
#401=FACE_OUTER_BOUND('',#525,.T.);
#402=FACE_OUTER_BOUND('',#527,.T.);
#403=FACE_OUTER_BOUND('',#528,.T.);
#404=FACE_OUTER_BOUND('',#529,.T.);
#405=FACE_OUTER_BOUND('',#530,.T.);
#406=FACE_OUTER_BOUND('',#531,.T.);
#407=FACE_OUTER_BOUND('',#532,.T.);
#408=FACE_OUTER_BOUND('',#533,.T.);
#409=FACE_OUTER_BOUND('',#534,.T.);
#410=FACE_OUTER_BOUND('',#535,.T.);
#411=FACE_OUTER_BOUND('',#536,.T.);
#412=FACE_OUTER_BOUND('',#537,.T.);
#413=FACE_OUTER_BOUND('',#538,.T.);
#414=FACE_OUTER_BOUND('',#539,.T.);
#415=FACE_OUTER_BOUND('',#540,.T.);
#416=FACE_OUTER_BOUND('',#541,.T.);
#417=FACE_OUTER_BOUND('',#542,.T.);
#418=FACE_OUTER_BOUND('',#543,.T.);
#419=FACE_OUTER_BOUND('',#544,.T.);
#420=FACE_OUTER_BOUND('',#545,.T.);
#421=FACE_OUTER_BOUND('',#546,.T.);
#422=FACE_OUTER_BOUND('',#547,.T.);
#423=FACE_OUTER_BOUND('',#548,.T.);
#424=FACE_OUTER_BOUND('',#549,.T.);
#425=FACE_OUTER_BOUND('',#550,.T.);
#426=FACE_OUTER_BOUND('',#551,.T.);
#427=FACE_OUTER_BOUND('',#552,.T.);
#428=FACE_OUTER_BOUND('',#553,.T.);
#429=FACE_OUTER_BOUND('',#554,.T.);
#430=FACE_OUTER_BOUND('',#555,.T.);
#431=FACE_OUTER_BOUND('',#556,.T.);
#432=FACE_OUTER_BOUND('',#557,.T.);
#433=FACE_OUTER_BOUND('',#558,.T.);
#434=FACE_OUTER_BOUND('',#559,.T.);
#435=FACE_OUTER_BOUND('',#560,.T.);
#436=FACE_OUTER_BOUND('',#561,.T.);
#437=FACE_OUTER_BOUND('',#562,.T.);
#438=FACE_OUTER_BOUND('',#563,.T.);
#439=FACE_OUTER_BOUND('',#564,.T.);
#440=FACE_OUTER_BOUND('',#565,.T.);
#441=FACE_OUTER_BOUND('',#566,.T.);
#442=FACE_OUTER_BOUND('',#567,.T.);
#443=EDGE_LOOP('',(#1350,#1351,#1352,#1353,#1354,#1355,#1356));
#444=EDGE_LOOP('',(#1357,#1358,#1359,#1360));
#445=EDGE_LOOP('',(#1361,#1362,#1363));
#446=EDGE_LOOP('',(#1364,#1365,#1366,#1367,#1368,#1369,#1370));
#447=EDGE_LOOP('',(#1371,#1372,#1373,#1374));
#448=EDGE_LOOP('',(#1375,#1376,#1377,#1378));
#449=EDGE_LOOP('',(#1379,#1380,#1381,#1382));
#450=EDGE_LOOP('',(#1383,#1384,#1385,#1386));
#451=EDGE_LOOP('',(#1387,#1388,#1389,#1390,#1391,#1392));
#452=EDGE_LOOP('',(#1393,#1394,#1395,#1396,#1397,#1398));
#453=EDGE_LOOP('',(#1399,#1400,#1401,#1402,#1403));
#454=EDGE_LOOP('',(#1404,#1405,#1406,#1407));
#455=EDGE_LOOP('',(#1408,#1409,#1410,#1411));
#456=EDGE_LOOP('',(#1412,#1413,#1414,#1415,#1416));
#457=EDGE_LOOP('',(#1417,#1418,#1419,#1420,#1421,#1422,#1423,#1424));
#458=EDGE_LOOP('',(#1425,#1426,#1427,#1428,#1429,#1430,#1431,#1432,#1433,
#1434,#1435,#1436));
#459=EDGE_LOOP('',(#1437,#1438,#1439,#1440,#1441,#1442,#1443,#1444,#1445,
#1446,#1447,#1448));
#460=EDGE_LOOP('',(#1449,#1450,#1451,#1452,#1453,#1454,#1455,#1456));
#461=EDGE_LOOP('',(#1457,#1458,#1459,#1460));
#462=EDGE_LOOP('',(#1461,#1462,#1463,#1464));
#463=EDGE_LOOP('',(#1465,#1466,#1467,#1468));
#464=EDGE_LOOP('',(#1469,#1470,#1471,#1472));
#465=EDGE_LOOP('',(#1473,#1474,#1475,#1476));
#466=EDGE_LOOP('',(#1477,#1478,#1479,#1480,#1481,#1482,#1483,#1484));
#467=EDGE_LOOP('',(#1485));
#468=EDGE_LOOP('',(#1486,#1487,#1488,#1489));
#469=EDGE_LOOP('',(#1490,#1491,#1492,#1493,#1494,#1495,#1496,#1497));
#470=EDGE_LOOP('',(#1498));
#471=EDGE_LOOP('',(#1499,#1500,#1501,#1502));
#472=EDGE_LOOP('',(#1503,#1504,#1505,#1506,#1507,#1508,#1509,#1510,#1511,
#1512,#1513));
#473=EDGE_LOOP('',(#1514,#1515,#1516,#1517));
#474=EDGE_LOOP('',(#1518,#1519,#1520,#1521,#1522,#1523));
#475=EDGE_LOOP('',(#1524,#1525,#1526,#1527));
#476=EDGE_LOOP('',(#1528,#1529,#1530,#1531,#1532,#1533));
#477=EDGE_LOOP('',(#1534,#1535,#1536,#1537));
#478=EDGE_LOOP('',(#1538,#1539,#1540,#1541,#1542,#1543,#1544,#1545,#1546,
#1547,#1548));
#479=EDGE_LOOP('',(#1549,#1550,#1551,#1552));
#480=EDGE_LOOP('',(#1553,#1554,#1555,#1556));
#481=EDGE_LOOP('',(#1557,#1558,#1559,#1560));
#482=EDGE_LOOP('',(#1561,#1562,#1563,#1564));
#483=EDGE_LOOP('',(#1565,#1566,#1567,#1568));
#484=EDGE_LOOP('',(#1569,#1570,#1571,#1572,#1573,#1574,#1575,#1576,#1577,
#1578,#1579,#1580,#1581,#1582,#1583,#1584));
#485=EDGE_LOOP('',(#1585,#1586,#1587,#1588,#1589,#1590,#1591,#1592,#1593,
#1594,#1595,#1596,#1597,#1598,#1599,#1600,#1601,#1602,#1603,#1604,#1605,
#1606,#1607,#1608,#1609,#1610));
#486=EDGE_LOOP('',(#1611,#1612,#1613,#1614,#1615,#1616));
#487=EDGE_LOOP('',(#1617));
#488=EDGE_LOOP('',(#1618));
#489=EDGE_LOOP('',(#1619,#1620,#1621,#1622));
#490=EDGE_LOOP('',(#1623,#1624,#1625,#1626));
#491=EDGE_LOOP('',(#1627,#1628,#1629,#1630));
#492=EDGE_LOOP('',(#1631,#1632,#1633,#1634));
#493=EDGE_LOOP('',(#1635,#1636,#1637,#1638));
#494=EDGE_LOOP('',(#1639,#1640,#1641,#1642));
#495=EDGE_LOOP('',(#1643,#1644,#1645,#1646));
#496=EDGE_LOOP('',(#1647,#1648,#1649,#1650));
#497=EDGE_LOOP('',(#1651,#1652,#1653,#1654,#1655));
#498=EDGE_LOOP('',(#1656,#1657,#1658,#1659));
#499=EDGE_LOOP('',(#1660,#1661,#1662,#1663,#1664));
#500=EDGE_LOOP('',(#1665,#1666,#1667,#1668));
#501=EDGE_LOOP('',(#1669,#1670,#1671,#1672,#1673));
#502=EDGE_LOOP('',(#1674,#1675,#1676,#1677));
#503=EDGE_LOOP('',(#1678,#1679,#1680,#1681,#1682));
#504=EDGE_LOOP('',(#1683,#1684,#1685,#1686,#1687,#1688,#1689));
#505=EDGE_LOOP('',(#1690,#1691,#1692,#1693,#1694,#1695,#1696,#1697,#1698,
#1699,#1700));
#506=EDGE_LOOP('',(#1701,#1702,#1703,#1704));
#507=EDGE_LOOP('',(#1705,#1706,#1707,#1708,#1709,#1710));
#508=EDGE_LOOP('',(#1711,#1712,#1713,#1714,#1715,#1716,#1717,#1718,#1719,
#1720,#1721));
#509=EDGE_LOOP('',(#1722,#1723,#1724,#1725,#1726,#1727,#1728,#1729));
#510=EDGE_LOOP('',(#1730,#1731,#1732,#1733));
#511=EDGE_LOOP('',(#1734,#1735,#1736,#1737,#1738,#1739));
#512=EDGE_LOOP('',(#1740,#1741,#1742,#1743,#1744,#1745,#1746,#1747,#1748));
#513=EDGE_LOOP('',(#1749,#1750,#1751,#1752,#1753,#1754));
#514=EDGE_LOOP('',(#1755,#1756,#1757,#1758,#1759));
#515=EDGE_LOOP('',(#1760,#1761,#1762,#1763,#1764));
#516=EDGE_LOOP('',(#1765,#1766,#1767,#1768,#1769));
#517=EDGE_LOOP('',(#1770,#1771,#1772,#1773,#1774,#1775,#1776,#1777));
#518=EDGE_LOOP('',(#1778,#1779,#1780,#1781,#1782));
#519=EDGE_LOOP('',(#1783,#1784,#1785,#1786,#1787,#1788,#1789,#1790));
#520=EDGE_LOOP('',(#1791,#1792,#1793,#1794));
#521=EDGE_LOOP('',(#1795));
#522=EDGE_LOOP('',(#1796));
#523=EDGE_LOOP('',(#1797,#1798,#1799,#1800));
#524=EDGE_LOOP('',(#1801,#1802,#1803,#1804));
#525=EDGE_LOOP('',(#1805));
#526=EDGE_LOOP('',(#1806));
#527=EDGE_LOOP('',(#1807,#1808,#1809,#1810));
#528=EDGE_LOOP('',(#1811,#1812,#1813));
#529=EDGE_LOOP('',(#1814,#1815,#1816,#1817,#1818,#1819));
#530=EDGE_LOOP('',(#1820,#1821,#1822,#1823,#1824,#1825));
#531=EDGE_LOOP('',(#1826,#1827,#1828,#1829));
#532=EDGE_LOOP('',(#1830,#1831,#1832,#1833));
#533=EDGE_LOOP('',(#1834,#1835,#1836,#1837,#1838,#1839,#1840,#1841));
#534=EDGE_LOOP('',(#1842,#1843,#1844));
#535=EDGE_LOOP('',(#1845,#1846,#1847,#1848,#1849,#1850,#1851,#1852));
#536=EDGE_LOOP('',(#1853,#1854,#1855,#1856,#1857,#1858,#1859));
#537=EDGE_LOOP('',(#1860,#1861,#1862,#1863,#1864,#1865,#1866));
#538=EDGE_LOOP('',(#1867,#1868,#1869,#1870,#1871,#1872,#1873,#1874));
#539=EDGE_LOOP('',(#1875,#1876,#1877,#1878));
#540=EDGE_LOOP('',(#1879,#1880,#1881,#1882));
#541=EDGE_LOOP('',(#1883,#1884,#1885,#1886));
#542=EDGE_LOOP('',(#1887,#1888,#1889,#1890,#1891,#1892));
#543=EDGE_LOOP('',(#1893,#1894,#1895,#1896));
#544=EDGE_LOOP('',(#1897,#1898,#1899,#1900,#1901,#1902));
#545=EDGE_LOOP('',(#1903,#1904,#1905,#1906));
#546=EDGE_LOOP('',(#1907,#1908,#1909,#1910,#1911,#1912));
#547=EDGE_LOOP('',(#1913,#1914,#1915,#1916));
#548=EDGE_LOOP('',(#1917,#1918,#1919,#1920));
#549=EDGE_LOOP('',(#1921,#1922,#1923,#1924,#1925,#1926));
#550=EDGE_LOOP('',(#1927,#1928,#1929,#1930));
#551=EDGE_LOOP('',(#1931,#1932,#1933,#1934));
#552=EDGE_LOOP('',(#1935,#1936,#1937,#1938,#1939));
#553=EDGE_LOOP('',(#1940,#1941,#1942,#1943,#1944));
#554=EDGE_LOOP('',(#1945,#1946,#1947,#1948));
#555=EDGE_LOOP('',(#1949,#1950,#1951,#1952,#1953,#1954));
#556=EDGE_LOOP('',(#1955,#1956,#1957));
#557=EDGE_LOOP('',(#1958,#1959,#1960,#1961));
#558=EDGE_LOOP('',(#1962,#1963,#1964,#1965,#1966));
#559=EDGE_LOOP('',(#1967,#1968,#1969,#1970,#1971));
#560=EDGE_LOOP('',(#1972,#1973,#1974,#1975));
#561=EDGE_LOOP('',(#1976,#1977,#1978,#1979));
#562=EDGE_LOOP('',(#1980,#1981,#1982,#1983,#1984,#1985,#1986,#1987,#1988,
#1989));
#563=EDGE_LOOP('',(#1990,#1991,#1992,#1993));
#564=EDGE_LOOP('',(#1994,#1995,#1996,#1997));
#565=EDGE_LOOP('',(#1998,#1999,#2000,#2001));
#566=EDGE_LOOP('',(#2002,#2003,#2004,#2005));
#567=EDGE_LOOP('',(#2006,#2007,#2008,#2009));
#568=(
BOUNDED_CURVE()
B_SPLINE_CURVE(2,(#2551,#2552,#2553),.UNSPECIFIED.,.F.,.F.)
B_SPLINE_CURVE_WITH_KNOTS((3,3),(0.,0.235345179714285),.UNSPECIFIED.)
CURVE()
GEOMETRIC_REPRESENTATION_ITEM()
RATIONAL_B_SPLINE_CURVE((1.,1.00070102294244,1.00001984010419))
REPRESENTATION_ITEM('')
);
#569=(
BOUNDED_CURVE()
B_SPLINE_CURVE(2,(#2568,#2569,#2570),.UNSPECIFIED.,.F.,.F.)
B_SPLINE_CURVE_WITH_KNOTS((3,3),(0.00337813149959666,0.238723311213583),
 .UNSPECIFIED.)
CURVE()
GEOMETRIC_REPRESENTATION_ITEM()
RATIONAL_B_SPLINE_CURVE((1.00001984010419,1.00070102294244,1.))
REPRESENTATION_ITEM('')
);
#570=CIRCLE('',#2149,24.);
#571=CIRCLE('',#2150,24.0000003427267);
#572=CIRCLE('',#2151,24.);
#573=CIRCLE('',#2152,24.0000003427267);
#574=CIRCLE('',#2153,22.4);
#575=CIRCLE('',#2155,24.0000003427267);
#576=CIRCLE('',#2159,24.0000003427267);
#577=CIRCLE('',#2160,24.);
#578=CIRCLE('',#2161,24.);
#579=CIRCLE('',#2162,22.4);
#580=CIRCLE('',#2165,10.);
#581=CIRCLE('',#2166,10.);
#582=CIRCLE('',#2174,10.);
#583=CIRCLE('',#2175,10.);
#584=CIRCLE('',#2188,1.6);
#585=CIRCLE('',#2191,1.6);
#586=CIRCLE('',#2193,3.2);
#587=CIRCLE('',#2195,3.2);
#588=CIRCLE('',#2197,1.7);
#589=CIRCLE('',#2198,1.7);
#590=CIRCLE('',#2201,2.10000000000001);
#591=CIRCLE('',#2206,2.1);
#592=CIRCLE('',#2211,1.7);
#593=CIRCLE('',#2212,2.7);
#594=CIRCLE('',#2213,2.7);
#595=CIRCLE('',#2216,1.7);
#596=CIRCLE('',#2217,2.7);
#597=CIRCLE('',#2224,3.09999999999999);
#598=CIRCLE('',#2226,3.09999999999999);
#599=CIRCLE('',#2228,1.6);
#600=CIRCLE('',#2229,1.99999999999999);
#601=CIRCLE('',#2233,1.6);
#602=CIRCLE('',#2234,1.99999999999999);
#603=CIRCLE('',#2241,6.00000000000001);
#604=CIRCLE('',#2242,6.00000000000001);
#605=LINE('',#2541,#707);
#606=LINE('',#2557,#708);
#607=LINE('',#2560,#709);
#608=LINE('',#2564,#710);
#609=LINE('',#2577,#711);
#610=LINE('',#2581,#712);
#611=LINE('',#2583,#713);
#612=LINE('',#2584,#714);
#613=LINE('',#2589,#715);
#614=LINE('',#2593,#716);
#615=LINE('',#2595,#717);
#616=LINE('',#2596,#718);
#617=LINE('',#2600,#719);
#618=LINE('',#2602,#720);
#619=LINE('',#2604,#721);
#620=LINE('',#2605,#722);
#621=LINE('',#2607,#723);
#622=LINE('',#2609,#724);
#623=LINE('',#2611,#725);
#624=LINE('',#2612,#726);
#625=LINE('',#2615,#727);
#626=LINE('',#2616,#728);
#627=LINE('',#2617,#729);
#628=LINE('',#2621,#730);
#629=LINE('',#2623,#731);
#630=LINE('',#2624,#732);
#631=LINE('',#2631,#733);
#632=LINE('',#2645,#734);
#633=LINE('',#2647,#735);
#634=LINE('',#2648,#736);
#635=LINE('',#2651,#737);
#636=LINE('',#2705,#738);
#637=LINE('',#2726,#739);
#638=LINE('',#2747,#740);
#639=LINE('',#2800,#741);
#640=LINE('',#2804,#742);
#641=LINE('',#2806,#743);
#642=LINE('',#2808,#744);
#643=LINE('',#2822,#745);
#644=LINE('',#2824,#746);
#645=LINE('',#2826,#747);
#646=LINE('',#2827,#748);
#647=LINE('',#2830,#749);
#648=LINE('',#2831,#750);
#649=LINE('',#2833,#751);
#650=LINE('',#2835,#752);
#651=LINE('',#2836,#753);
#652=LINE('',#2839,#754);
#653=LINE('',#2840,#755);
#654=LINE('',#2843,#756);
#655=LINE('',#2845,#757);
#656=LINE('',#2846,#758);
#657=LINE('',#2848,#759);
#658=LINE('',#2859,#760);
#659=LINE('',#2984,#761);
#660=LINE('',#3325,#762);
#661=LINE('',#3389,#763);
#662=LINE('',#3468,#764);
#663=LINE('',#3489,#765);
#664=LINE('',#3562,#766);
#665=LINE('',#3666,#767);
#666=LINE('',#3759,#768);
#667=LINE('',#3761,#769);
#668=LINE('',#3763,#770);
#669=LINE('',#3771,#771);
#670=LINE('',#3773,#772);
#671=LINE('',#3774,#773);
#672=LINE('',#3775,#774);
#673=LINE('',#3801,#775);
#674=LINE('',#3883,#776);
#675=LINE('',#3905,#777);
#676=LINE('',#3943,#778);
#677=LINE('',#3999,#779);
#678=LINE('',#4002,#780);
#679=LINE('',#4004,#781);
#680=LINE('',#4006,#782);
#681=LINE('',#4010,#783);
#682=LINE('',#4013,#784);
#683=LINE('',#4015,#785);
#684=LINE('',#4017,#786);
#685=LINE('',#4023,#787);
#686=LINE('',#4075,#788);
#687=LINE('',#4092,#789);
#688=LINE('',#4096,#790);
#689=LINE('',#4147,#791);
#690=LINE('',#4165,#792);
#691=LINE('',#4492,#793);
#692=LINE('',#4571,#794);
#693=LINE('',#4576,#795);
#694=LINE('',#4580,#796);
#695=LINE('',#4585,#797);
#696=LINE('',#4589,#798);
#697=LINE('',#4627,#799);
#698=LINE('',#4737,#800);
#699=LINE('',#4767,#801);
#700=LINE('',#4881,#802);
#701=LINE('',#4919,#803);
#702=LINE('',#5318,#804);
#703=LINE('',#5395,#805);
#704=LINE('',#5412,#806);
#705=LINE('',#5433,#807);
#706=LINE('',#5490,#808);
#707=VECTOR('',#2247,10.);
#708=VECTOR('',#2260,10.);
#709=VECTOR('',#2263,10.);
#710=VECTOR('',#2268,10.);
#711=VECTOR('',#2277,10.);
#712=VECTOR('',#2282,10.);
#713=VECTOR('',#2283,10.);
#714=VECTOR('',#2284,10.);
#715=VECTOR('',#2289,10.);
#716=VECTOR('',#2294,10.);
#717=VECTOR('',#2295,10.);
#718=VECTOR('',#2296,10.);
#719=VECTOR('',#2299,10.);
#720=VECTOR('',#2300,10.);
#721=VECTOR('',#2301,10.);
#722=VECTOR('',#2302,10.);
#723=VECTOR('',#2305,10.);
#724=VECTOR('',#2306,10.);
#725=VECTOR('',#2307,10.);
#726=VECTOR('',#2308,10.);
#727=VECTOR('',#2311,10.);
#728=VECTOR('',#2312,10.);
#729=VECTOR('',#2313,10.);
#730=VECTOR('',#2318,10.);
#731=VECTOR('',#2319,10.);
#732=VECTOR('',#2320,10.);
#733=VECTOR('',#2331,10.);
#734=VECTOR('',#2332,10.);
#735=VECTOR('',#2333,10.);
#736=VECTOR('',#2334,10.);
#737=VECTOR('',#2337,10.);
#738=VECTOR('',#2338,10.);
#739=VECTOR('',#2341,10.);
#740=VECTOR('',#2342,10.);
#741=VECTOR('',#2343,10.);
#742=VECTOR('',#2348,10.);
#743=VECTOR('',#2349,10.);
#744=VECTOR('',#2350,10.);
#745=VECTOR('',#2353,10.);
#746=VECTOR('',#2354,10.);
#747=VECTOR('',#2355,10.);
#748=VECTOR('',#2356,10.);
#749=VECTOR('',#2359,10.);
#750=VECTOR('',#2360,10.);
#751=VECTOR('',#2363,10.);
#752=VECTOR('',#2364,10.);
#753=VECTOR('',#2365,10.);
#754=VECTOR('',#2368,10.);
#755=VECTOR('',#2369,10.);
#756=VECTOR('',#2372,10.);
#757=VECTOR('',#2373,10.);
#758=VECTOR('',#2374,10.);
#759=VECTOR('',#2377,10.);
#760=VECTOR('',#2384,10.);
#761=VECTOR('',#2387,10.);
#762=VECTOR('',#2396,10.);
#763=VECTOR('',#2397,10.);
#764=VECTOR('',#2398,10.);
#765=VECTOR('',#2399,10.);
#766=VECTOR('',#2400,10.);
#767=VECTOR('',#2401,10.);
#768=VECTOR('',#2404,10.);
#769=VECTOR('',#2405,10.);
#770=VECTOR('',#2406,10.);
#771=VECTOR('',#2407,10.);
#772=VECTOR('',#2408,10.);
#773=VECTOR('',#2409,10.);
#774=VECTOR('',#2410,10.);
#775=VECTOR('',#2415,10.);
#776=VECTOR('',#2416,10.);
#777=VECTOR('',#2417,10.);
#778=VECTOR('',#2418,10.);
#779=VECTOR('',#2423,10.);
#780=VECTOR('',#2426,10.);
#781=VECTOR('',#2429,10.);
#782=VECTOR('',#2432,10.);
#783=VECTOR('',#2437,10.);
#784=VECTOR('',#2440,10.);
#785=VECTOR('',#2443,10.);
#786=VECTOR('',#2446,10.);
#787=VECTOR('',#2453,2.2);
#788=VECTOR('',#2458,10.);
#789=VECTOR('',#2461,1.7);
#790=VECTOR('',#2466,2.2);
#791=VECTOR('',#2469,10.);
#792=VECTOR('',#2474,1.7);
#793=VECTOR('',#2485,3.09999999999999);
#794=VECTOR('',#2490,3.09999999999999);
#795=VECTOR('',#2495,1.8);
#796=VECTOR('',#2502,1.6);
#797=VECTOR('',#2507,1.8);
#798=VECTOR('',#2514,1.6);
#799=VECTOR('',#2519,10.);
#800=VECTOR('',#2520,10.);
#801=VECTOR('',#2521,10.);
#802=VECTOR('',#2526,10.);
#803=VECTOR('',#2527,10.);
#804=VECTOR('',#2532,10.);
#805=VECTOR('',#2533,10.);
#806=VECTOR('',#2534,10.);
#807=VECTOR('',#2535,10.);
#808=VECTOR('',#2536,10.);
#809=VERTEX_POINT('',#2539);
#810=VERTEX_POINT('',#2540);
#811=VERTEX_POINT('',#2542);
#812=VERTEX_POINT('',#2544);
#813=VERTEX_POINT('',#2546);
#814=VERTEX_POINT('',#2548);
#815=VERTEX_POINT('',#2550);
#816=VERTEX_POINT('',#2556);
#817=VERTEX_POINT('',#2558);
#818=VERTEX_POINT('',#2562);
#819=VERTEX_POINT('',#2566);
#820=VERTEX_POINT('',#2567);
#821=VERTEX_POINT('',#2571);
#822=VERTEX_POINT('',#2574);
#823=VERTEX_POINT('',#2576);
#824=VERTEX_POINT('',#2580);
#825=VERTEX_POINT('',#2582);
#826=VERTEX_POINT('',#2586);
#827=VERTEX_POINT('',#2588);
#828=VERTEX_POINT('',#2592);
#829=VERTEX_POINT('',#2594);
#830=VERTEX_POINT('',#2598);
#831=VERTEX_POINT('',#2599);
#832=VERTEX_POINT('',#2601);
#833=VERTEX_POINT('',#2603);
#834=VERTEX_POINT('',#2608);
#835=VERTEX_POINT('',#2610);
#836=VERTEX_POINT('',#2614);
#837=VERTEX_POINT('',#2620);
#838=VERTEX_POINT('',#2622);
#839=VERTEX_POINT('',#2630);
#840=VERTEX_POINT('',#2632);
#841=VERTEX_POINT('',#2637);
#842=VERTEX_POINT('',#2644);
#843=VERTEX_POINT('',#2646);
#844=VERTEX_POINT('',#2650);
#845=VERTEX_POINT('',#2652);
#846=VERTEX_POINT('',#2660);
#847=VERTEX_POINT('',#2665);
#848=VERTEX_POINT('',#2670);
#849=VERTEX_POINT('',#2685);
#850=VERTEX_POINT('',#2690);
#851=VERTEX_POINT('',#2704);
#852=VERTEX_POINT('',#2706);
#853=VERTEX_POINT('',#2725);
#854=VERTEX_POINT('',#2727);
#855=VERTEX_POINT('',#2732);
#856=VERTEX_POINT('',#2746);
#857=VERTEX_POINT('',#2748);
#858=VERTEX_POINT('',#2762);
#859=VERTEX_POINT('',#2767);
#860=VERTEX_POINT('',#2782);
#861=VERTEX_POINT('',#2787);
#862=VERTEX_POINT('',#2792);
#863=VERTEX_POINT('',#2803);
#864=VERTEX_POINT('',#2805);
#865=VERTEX_POINT('',#2807);
#866=VERTEX_POINT('',#2809);
#867=VERTEX_POINT('',#2821);
#868=VERTEX_POINT('',#2823);
#869=VERTEX_POINT('',#2825);
#870=VERTEX_POINT('',#2829);
#871=VERTEX_POINT('',#2834);
#872=VERTEX_POINT('',#2838);
#873=VERTEX_POINT('',#2842);
#874=VERTEX_POINT('',#2844);
#875=VERTEX_POINT('',#2849);
#876=VERTEX_POINT('',#2860);
#877=VERTEX_POINT('',#2886);
#878=VERTEX_POINT('',#2887);
#879=VERTEX_POINT('',#2901);
#880=VERTEX_POINT('',#2908);
#881=VERTEX_POINT('',#2937);
#882=VERTEX_POINT('',#2944);
#883=VERTEX_POINT('',#2949);
#884=VERTEX_POINT('',#2966);
#885=VERTEX_POINT('',#2971);
#886=VERTEX_POINT('',#2978);
#887=VERTEX_POINT('',#2983);
#888=VERTEX_POINT('',#2985);
#889=VERTEX_POINT('',#2990);
#890=VERTEX_POINT('',#3047);
#891=VERTEX_POINT('',#3048);
#892=VERTEX_POINT('',#3059);
#893=VERTEX_POINT('',#3067);
#894=VERTEX_POINT('',#3082);
#895=VERTEX_POINT('',#3087);
#896=VERTEX_POINT('',#3135);
#897=VERTEX_POINT('',#3136);
#898=VERTEX_POINT('',#3147);
#899=VERTEX_POINT('',#3154);
#900=VERTEX_POINT('',#3168);
#901=VERTEX_POINT('',#3170);
#902=VERTEX_POINT('',#3178);
#903=VERTEX_POINT('',#3183);
#904=VERTEX_POINT('',#3234);
#905=VERTEX_POINT('',#3248);
#906=VERTEX_POINT('',#3278);
#907=VERTEX_POINT('',#3285);
#908=VERTEX_POINT('',#3290);
#909=VERTEX_POINT('',#3307);
#910=VERTEX_POINT('',#3312);
#911=VERTEX_POINT('',#3319);
#912=VERTEX_POINT('',#3324);
#913=VERTEX_POINT('',#3326);
#914=VERTEX_POINT('',#3331);
#915=VERTEX_POINT('',#3375);
#916=VERTEX_POINT('',#3376);
#917=VERTEX_POINT('',#3383);
#918=VERTEX_POINT('',#3388);
#919=VERTEX_POINT('',#3466);
#920=VERTEX_POINT('',#3467);
#921=VERTEX_POINT('',#3469);
#922=VERTEX_POINT('',#3488);
#923=VERTEX_POINT('',#3548);
#924=VERTEX_POINT('',#3549);
#925=VERTEX_POINT('',#3556);
#926=VERTEX_POINT('',#3561);
#927=VERTEX_POINT('',#3607);
#928=VERTEX_POINT('',#3614);
#929=VERTEX_POINT('',#3619);
#930=VERTEX_POINT('',#3624);
#931=VERTEX_POINT('',#3645);
#932=VERTEX_POINT('',#3650);
#933=VERTEX_POINT('',#3655);
#934=VERTEX_POINT('',#3660);
#935=VERTEX_POINT('',#3665);
#936=VERTEX_POINT('',#3667);
#937=VERTEX_POINT('',#3677);
#938=VERTEX_POINT('',#3690);
#939=VERTEX_POINT('',#3697);
#940=VERTEX_POINT('',#3704);
#941=VERTEX_POINT('',#3711);
#942=VERTEX_POINT('',#3718);
#943=VERTEX_POINT('',#3731);
#944=VERTEX_POINT('',#3738);
#945=VERTEX_POINT('',#3751);
#946=VERTEX_POINT('',#3758);
#947=VERTEX_POINT('',#3760);
#948=VERTEX_POINT('',#3762);
#949=VERTEX_POINT('',#3770);
#950=VERTEX_POINT('',#3772);
#951=VERTEX_POINT('',#3776);
#952=VERTEX_POINT('',#3778);
#953=VERTEX_POINT('',#3796);
#954=VERTEX_POINT('',#3882);
#955=VERTEX_POINT('',#3884);
#956=VERTEX_POINT('',#3942);
#957=VERTEX_POINT('',#3998);
#958=VERTEX_POINT('',#4000);
#959=VERTEX_POINT('',#4009);
#960=VERTEX_POINT('',#4011);
#961=VERTEX_POINT('',#4020);
#962=VERTEX_POINT('',#4022);
#963=VERTEX_POINT('',#4024);
#964=VERTEX_POINT('',#4049);
#965=VERTEX_POINT('',#4074);
#966=VERTEX_POINT('',#4080);
#967=VERTEX_POINT('',#4094);
#968=VERTEX_POINT('',#4097);
#969=VERTEX_POINT('',#4121);
#970=VERTEX_POINT('',#4146);
#971=VERTEX_POINT('',#4152);
#972=VERTEX_POINT('',#4167);
#973=VERTEX_POINT('',#4174);
#974=VERTEX_POINT('',#4181);
#975=VERTEX_POINT('',#4209);
#976=VERTEX_POINT('',#4216);
#977=VERTEX_POINT('',#4223);
#978=VERTEX_POINT('',#4490);
#979=VERTEX_POINT('',#4569);
#980=VERTEX_POINT('',#4573);
#981=VERTEX_POINT('',#4575);
#982=VERTEX_POINT('',#4582);
#983=VERTEX_POINT('',#4584);
#984=VERTEX_POINT('',#4608);
#985=VERTEX_POINT('',#4613);
#986=VERTEX_POINT('',#4621);
#987=VERTEX_POINT('',#4626);
#988=VERTEX_POINT('',#4648);
#989=VERTEX_POINT('',#4685);
#990=VERTEX_POINT('',#4690);
#991=VERTEX_POINT('',#4727);
#992=VERTEX_POINT('',#4736);
#993=VERTEX_POINT('',#4738);
#994=VERTEX_POINT('',#4766);
#995=VERTEX_POINT('',#4788);
#996=VERTEX_POINT('',#4798);
#997=VERTEX_POINT('',#4803);
#998=VERTEX_POINT('',#4808);
#999=VERTEX_POINT('',#4813);
#1000=VERTEX_POINT('',#4818);
#1001=VERTEX_POINT('',#4828);
#1002=VERTEX_POINT('',#4833);
#1003=VERTEX_POINT('',#4838);
#1004=VERTEX_POINT('',#4863);
#1005=VERTEX_POINT('',#4868);
#1006=VERTEX_POINT('',#4876);
#1007=VERTEX_POINT('',#4918);
#1008=VERTEX_POINT('',#4940);
#1009=VERTEX_POINT('',#4977);
#1010=VERTEX_POINT('',#4978);
#1011=VERTEX_POINT('',#4983);
#1012=VERTEX_POINT('',#5039);
#1013=VERTEX_POINT('',#5041);
#1014=VERTEX_POINT('',#5081);
#1015=VERTEX_POINT('',#5147);
#1016=VERTEX_POINT('',#5152);
#1017=VERTEX_POINT('',#5201);
#1018=VERTEX_POINT('',#5203);
#1019=VERTEX_POINT('',#5263);
#1020=EDGE_CURVE('',#809,#810,#605,.T.);
#1021=EDGE_CURVE('',#811,#809,#570,.T.);
#1022=EDGE_CURVE('',#811,#812,#571,.T.);
#1023=EDGE_CURVE('',#813,#812,#572,.T.);
#1024=EDGE_CURVE('',#813,#814,#573,.T.);
#1025=EDGE_CURVE('',#815,#814,#568,.T.);
#1026=EDGE_CURVE('',#815,#810,#574,.T.);
#1027=EDGE_CURVE('',#811,#816,#606,.T.);
#1028=EDGE_CURVE('',#817,#816,#575,.T.);
#1029=EDGE_CURVE('',#817,#812,#607,.T.);
#1030=EDGE_CURVE('',#818,#813,#306,.T.);
#1031=EDGE_CURVE('',#818,#814,#608,.T.);
#1032=EDGE_CURVE('',#819,#820,#569,.T.);
#1033=EDGE_CURVE('',#819,#821,#576,.T.);
#1034=EDGE_CURVE('',#817,#821,#577,.T.);
#1035=EDGE_CURVE('',#822,#816,#578,.T.);
#1036=EDGE_CURVE('',#823,#822,#609,.T.);
#1037=EDGE_CURVE('',#823,#820,#579,.T.);
#1038=EDGE_CURVE('',#824,#822,#610,.T.);
#1039=EDGE_CURVE('',#824,#825,#611,.T.);
#1040=EDGE_CURVE('',#825,#823,#612,.T.);
#1041=EDGE_CURVE('',#826,#824,#580,.T.);
#1042=EDGE_CURVE('',#827,#826,#613,.T.);
#1043=EDGE_CURVE('',#827,#825,#581,.T.);
#1044=EDGE_CURVE('',#828,#826,#614,.T.);
#1045=EDGE_CURVE('',#829,#828,#615,.T.);
#1046=EDGE_CURVE('',#829,#827,#616,.T.);
#1047=EDGE_CURVE('',#830,#831,#617,.T.);
#1048=EDGE_CURVE('',#830,#832,#618,.T.);
#1049=EDGE_CURVE('',#832,#833,#619,.T.);
#1050=EDGE_CURVE('',#831,#833,#620,.T.);
#1051=EDGE_CURVE('',#820,#829,#621,.T.);
#1052=EDGE_CURVE('',#834,#828,#622,.T.);
#1053=EDGE_CURVE('',#835,#834,#623,.T.);
#1054=EDGE_CURVE('',#819,#835,#624,.T.);
#1055=EDGE_CURVE('',#836,#818,#625,.T.);
#1056=EDGE_CURVE('',#831,#836,#626,.T.);
#1057=EDGE_CURVE('',#833,#815,#627,.T.);
#1058=EDGE_CURVE('',#810,#837,#628,.T.);
#1059=EDGE_CURVE('',#837,#838,#629,.T.);
#1060=EDGE_CURVE('',#809,#838,#630,.T.);
#1061=EDGE_CURVE('',#838,#830,#582,.T.);
#1062=EDGE_CURVE('',#837,#832,#583,.T.);
#1063=EDGE_CURVE('',#813,#839,#631,.T.);
#1064=EDGE_CURVE('',#839,#840,#82,.T.);
#1065=EDGE_CURVE('',#841,#840,#83,.F.);
#1066=EDGE_CURVE('',#841,#842,#632,.T.);
#1067=EDGE_CURVE('',#843,#842,#633,.T.);
#1068=EDGE_CURVE('',#843,#836,#634,.T.);
#1069=EDGE_CURVE('',#844,#812,#635,.T.);
#1070=EDGE_CURVE('',#845,#844,#84,.F.);
#1071=EDGE_CURVE('',#845,#846,#85,.T.);
#1072=EDGE_CURVE('',#847,#846,#86,.F.);
#1073=EDGE_CURVE('',#848,#847,#87,.F.);
#1074=EDGE_CURVE('',#849,#848,#88,.F.);
#1075=EDGE_CURVE('',#850,#849,#89,.T.);
#1076=EDGE_CURVE('',#851,#850,#636,.F.);
#1077=EDGE_CURVE('',#852,#851,#90,.T.);
#1078=EDGE_CURVE('',#839,#852,#91,.F.);
#1079=EDGE_CURVE('',#853,#821,#637,.T.);
#1080=EDGE_CURVE('',#854,#853,#92,.T.);
#1081=EDGE_CURVE('',#855,#854,#93,.F.);
#1082=EDGE_CURVE('',#856,#855,#638,.T.);
#1083=EDGE_CURVE('',#857,#856,#94,.F.);
#1084=EDGE_CURVE('',#858,#857,#95,.T.);
#1085=EDGE_CURVE('',#859,#858,#96,.T.);
#1086=EDGE_CURVE('',#860,#859,#97,.T.);
#1087=EDGE_CURVE('',#860,#861,#98,.T.);
#1088=EDGE_CURVE('',#862,#861,#99,.F.);
#1089=EDGE_CURVE('',#817,#862,#639,.F.);
#1090=EDGE_CURVE('',#821,#835,#307,.T.);
#1091=EDGE_CURVE('',#834,#863,#640,.T.);
#1092=EDGE_CURVE('',#864,#863,#641,.T.);
#1093=EDGE_CURVE('',#864,#865,#642,.T.);
#1094=EDGE_CURVE('',#865,#866,#100,.T.);
#1095=EDGE_CURVE('',#853,#866,#101,.F.);
#1096=EDGE_CURVE('',#863,#867,#643,.T.);
#1097=EDGE_CURVE('',#867,#868,#644,.F.);
#1098=EDGE_CURVE('',#868,#869,#645,.T.);
#1099=EDGE_CURVE('',#869,#863,#646,.T.);
#1100=EDGE_CURVE('',#869,#870,#647,.T.);
#1101=EDGE_CURVE('',#870,#864,#648,.T.);
#1102=EDGE_CURVE('',#842,#864,#649,.T.);
#1103=EDGE_CURVE('',#870,#871,#650,.T.);
#1104=EDGE_CURVE('',#871,#842,#651,.T.);
#1105=EDGE_CURVE('',#871,#872,#652,.T.);
#1106=EDGE_CURVE('',#872,#843,#653,.T.);
#1107=EDGE_CURVE('',#872,#873,#654,.T.);
#1108=EDGE_CURVE('',#873,#874,#655,.F.);
#1109=EDGE_CURVE('',#874,#843,#656,.T.);
#1110=EDGE_CURVE('',#867,#816,#657,.F.);
#1111=EDGE_CURVE('',#875,#875,#584,.F.);
#1112=EDGE_CURVE('',#865,#841,#102,.T.);
#1113=EDGE_CURVE('',#811,#874,#658,.T.);
#1114=EDGE_CURVE('',#876,#876,#585,.T.);
#1115=EDGE_CURVE('',#877,#878,#103,.T.);
#1116=EDGE_CURVE('',#878,#879,#104,.T.);
#1117=EDGE_CURVE('',#879,#880,#105,.F.);
#1118=EDGE_CURVE('',#880,#877,#106,.T.);
#1119=EDGE_CURVE('',#881,#880,#107,.T.);
#1120=EDGE_CURVE('',#881,#882,#108,.T.);
#1121=EDGE_CURVE('',#883,#882,#109,.T.);
#1122=EDGE_CURVE('',#884,#883,#110,.T.);
#1123=EDGE_CURVE('',#885,#884,#111,.T.);
#1124=EDGE_CURVE('',#885,#886,#112,.T.);
#1125=EDGE_CURVE('',#886,#887,#659,.T.);
#1126=EDGE_CURVE('',#888,#887,#113,.T.);
#1127=EDGE_CURVE('',#888,#889,#114,.T.);
#1128=EDGE_CURVE('',#877,#889,#115,.T.);
#1129=EDGE_CURVE('',#890,#891,#116,.T.);
#1130=EDGE_CURVE('',#891,#892,#117,.T.);
#1131=EDGE_CURVE('',#892,#893,#118,.F.);
#1132=EDGE_CURVE('',#893,#890,#119,.T.);
#1133=EDGE_CURVE('',#894,#878,#120,.T.);
#1134=EDGE_CURVE('',#895,#894,#121,.T.);
#1135=EDGE_CURVE('',#890,#895,#122,.T.);
#1136=EDGE_CURVE('',#893,#879,#586,.T.);
#1137=EDGE_CURVE('',#896,#897,#123,.T.);
#1138=EDGE_CURVE('',#897,#898,#124,.T.);
#1139=EDGE_CURVE('',#898,#899,#125,.F.);
#1140=EDGE_CURVE('',#899,#896,#126,.T.);
#1141=EDGE_CURVE('',#899,#900,#587,.T.);
#1142=EDGE_CURVE('',#901,#900,#127,.T.);
#1143=EDGE_CURVE('',#902,#901,#128,.T.);
#1144=EDGE_CURVE('',#903,#902,#129,.T.);
#1145=EDGE_CURVE('',#896,#903,#130,.T.);
#1146=EDGE_CURVE('',#904,#901,#131,.T.);
#1147=EDGE_CURVE('',#900,#905,#132,.F.);
#1148=EDGE_CURVE('',#905,#904,#133,.T.);
#1149=EDGE_CURVE('',#906,#905,#134,.T.);
#1150=EDGE_CURVE('',#906,#907,#135,.T.);
#1151=EDGE_CURVE('',#908,#907,#136,.T.);
#1152=EDGE_CURVE('',#909,#908,#137,.T.);
#1153=EDGE_CURVE('',#910,#909,#138,.T.);
#1154=EDGE_CURVE('',#910,#911,#139,.T.);
#1155=EDGE_CURVE('',#911,#912,#660,.T.);
#1156=EDGE_CURVE('',#913,#912,#140,.T.);
#1157=EDGE_CURVE('',#913,#914,#141,.T.);
#1158=EDGE_CURVE('',#904,#914,#142,.T.);
#1159=EDGE_CURVE('',#915,#916,#143,.T.);
#1160=EDGE_CURVE('',#916,#917,#144,.T.);
#1161=EDGE_CURVE('',#917,#918,#661,.T.);
#1162=EDGE_CURVE('',#918,#915,#145,.T.);
#1163=EDGE_CURVE('',#919,#920,#662,.T.);
#1164=EDGE_CURVE('',#920,#921,#146,.T.);
#1165=EDGE_CURVE('',#921,#922,#663,.T.);
#1166=EDGE_CURVE('',#922,#919,#147,.T.);
#1167=EDGE_CURVE('',#919,#918,#148,.T.);
#1168=EDGE_CURVE('',#917,#920,#149,.T.);
#1169=EDGE_CURVE('',#923,#924,#150,.T.);
#1170=EDGE_CURVE('',#924,#925,#151,.T.);
#1171=EDGE_CURVE('',#925,#926,#664,.T.);
#1172=EDGE_CURVE('',#926,#923,#152,.T.);
#1173=EDGE_CURVE('',#925,#922,#153,.T.);
#1174=EDGE_CURVE('',#921,#926,#154,.T.);
#1175=EDGE_CURVE('',#927,#924,#155,.T.);
#1176=EDGE_CURVE('',#928,#927,#156,.T.);
#1177=EDGE_CURVE('',#929,#928,#157,.T.);
#1178=EDGE_CURVE('',#930,#929,#158,.T.);
#1179=EDGE_CURVE('',#931,#930,#159,.T.);
#1180=EDGE_CURVE('',#932,#931,#160,.T.);
#1181=EDGE_CURVE('',#933,#932,#161,.T.);
#1182=EDGE_CURVE('',#933,#934,#162,.T.);
#1183=EDGE_CURVE('',#934,#935,#665,.T.);
#1184=EDGE_CURVE('',#936,#935,#163,.T.);
#1185=EDGE_CURVE('',#915,#936,#164,.T.);
#1186=EDGE_CURVE('',#936,#937,#165,.T.);
#1187=EDGE_CURVE('',#937,#910,#166,.T.);
#1188=EDGE_CURVE('',#909,#938,#167,.T.);
#1189=EDGE_CURVE('',#938,#939,#168,.T.);
#1190=EDGE_CURVE('',#939,#940,#169,.T.);
#1191=EDGE_CURVE('',#940,#941,#170,.T.);
#1192=EDGE_CURVE('',#941,#942,#171,.T.);
#1193=EDGE_CURVE('',#942,#885,#172,.T.);
#1194=EDGE_CURVE('',#884,#943,#173,.T.);
#1195=EDGE_CURVE('',#943,#944,#174,.T.);
#1196=EDGE_CURVE('',#944,#933,#175,.T.);
#1197=EDGE_CURVE('',#945,#932,#176,.T.);
#1198=EDGE_CURVE('',#945,#946,#666,.T.);
#1199=EDGE_CURVE('',#946,#947,#667,.T.);
#1200=EDGE_CURVE('',#947,#948,#668,.T.);
#1201=EDGE_CURVE('',#927,#948,#177,.T.);
#1202=EDGE_CURVE('',#923,#949,#669,.T.);
#1203=EDGE_CURVE('',#949,#950,#670,.T.);
#1204=EDGE_CURVE('',#950,#916,#671,.T.);
#1205=EDGE_CURVE('',#868,#873,#672,.T.);
#1206=EDGE_CURVE('',#951,#951,#588,.T.);
#1207=EDGE_CURVE('',#952,#952,#589,.T.);
#1208=EDGE_CURVE('',#948,#953,#178,.T.);
#1209=EDGE_CURVE('',#953,#928,#673,.T.);
#1210=EDGE_CURVE('',#929,#954,#674,.T.);
#1211=EDGE_CURVE('',#954,#955,#179,.T.);
#1212=EDGE_CURVE('',#955,#930,#675,.T.);
#1213=EDGE_CURVE('',#953,#954,#180,.T.);
#1214=EDGE_CURVE('',#931,#956,#676,.T.);
#1215=EDGE_CURVE('',#956,#945,#181,.T.);
#1216=EDGE_CURVE('',#955,#956,#182,.T.);
#1217=EDGE_CURVE('',#844,#862,#183,.T.);
#1218=EDGE_CURVE('',#861,#845,#184,.T.);
#1219=EDGE_CURVE('',#957,#920,#677,.T.);
#1220=EDGE_CURVE('',#957,#958,#590,.T.);
#1221=EDGE_CURVE('',#921,#958,#678,.T.);
#1222=EDGE_CURVE('',#958,#949,#679,.T.);
#1223=EDGE_CURVE('',#950,#957,#680,.T.);
#1224=EDGE_CURVE('',#959,#954,#681,.T.);
#1225=EDGE_CURVE('',#959,#960,#591,.T.);
#1226=EDGE_CURVE('',#955,#960,#682,.T.);
#1227=EDGE_CURVE('',#960,#946,#683,.T.);
#1228=EDGE_CURVE('',#947,#959,#684,.T.);
#1229=EDGE_CURVE('',#961,#961,#592,.T.);
#1230=EDGE_CURVE('',#961,#962,#685,.T.);
#1231=EDGE_CURVE('',#962,#963,#593,.T.);
#1232=EDGE_CURVE('',#963,#908,#185,.T.);
#1233=EDGE_CURVE('',#907,#962,#594,.T.);
#1234=EDGE_CURVE('',#964,#897,#186,.T.);
#1235=EDGE_CURVE('',#964,#913,#187,.T.);
#1236=EDGE_CURVE('',#912,#965,#686,.T.);
#1237=EDGE_CURVE('',#938,#965,#188,.T.);
#1238=EDGE_CURVE('',#963,#966,#189,.T.);
#1239=EDGE_CURVE('',#898,#966,#190,.T.);
#1240=EDGE_CURVE('',#952,#961,#687,.T.);
#1241=EDGE_CURVE('',#967,#967,#595,.T.);
#1242=EDGE_CURVE('',#967,#883,#688,.T.);
#1243=EDGE_CURVE('',#882,#968,#596,.T.);
#1244=EDGE_CURVE('',#968,#883,#191,.T.);
#1245=EDGE_CURVE('',#969,#891,#192,.T.);
#1246=EDGE_CURVE('',#969,#888,#193,.T.);
#1247=EDGE_CURVE('',#887,#970,#689,.T.);
#1248=EDGE_CURVE('',#943,#970,#194,.T.);
#1249=EDGE_CURVE('',#968,#971,#195,.T.);
#1250=EDGE_CURVE('',#892,#971,#196,.T.);
#1251=EDGE_CURVE('',#951,#967,#690,.T.);
#1252=EDGE_CURVE('',#972,#969,#197,.T.);
#1253=EDGE_CURVE('',#973,#972,#198,.T.);
#1254=EDGE_CURVE('',#974,#973,#199,.T.);
#1255=EDGE_CURVE('',#889,#974,#200,.T.);
#1256=EDGE_CURVE('',#975,#964,#201,.T.);
#1257=EDGE_CURVE('',#976,#975,#202,.T.);
#1258=EDGE_CURVE('',#977,#976,#203,.T.);
#1259=EDGE_CURVE('',#914,#977,#204,.T.);
#1260=EDGE_CURVE('',#895,#972,#205,.T.);
#1261=EDGE_CURVE('',#903,#975,#206,.T.);
#1262=EDGE_CURVE('',#974,#894,#207,.T.);
#1263=EDGE_CURVE('',#978,#978,#597,.T.);
#1264=EDGE_CURVE('',#978,#973,#691,.T.);
#1265=EDGE_CURVE('',#977,#902,#208,.T.);
#1266=EDGE_CURVE('',#979,#979,#598,.T.);
#1267=EDGE_CURVE('',#979,#976,#692,.T.);
#1268=EDGE_CURVE('',#980,#980,#599,.T.);
#1269=EDGE_CURVE('',#980,#981,#693,.T.);
#1270=EDGE_CURVE('',#981,#981,#600,.T.);
#1271=EDGE_CURVE('',#980,#875,#694,.T.);
#1272=EDGE_CURVE('',#982,#982,#601,.T.);
#1273=EDGE_CURVE('',#982,#983,#695,.T.);
#1274=EDGE_CURVE('',#983,#983,#602,.T.);
#1275=EDGE_CURVE('',#876,#982,#696,.T.);
#1276=EDGE_CURVE('',#984,#857,#209,.T.);
#1277=EDGE_CURVE('',#985,#984,#210,.T.);
#1278=EDGE_CURVE('',#986,#985,#211,.T.);
#1279=EDGE_CURVE('',#987,#986,#697,.T.);
#1280=EDGE_CURVE('',#987,#858,#212,.T.);
#1281=EDGE_CURVE('',#856,#988,#213,.T.);
#1282=EDGE_CURVE('',#984,#988,#214,.T.);
#1283=EDGE_CURVE('',#854,#989,#215,.T.);
#1284=EDGE_CURVE('',#990,#989,#216,.T.);
#1285=EDGE_CURVE('',#990,#855,#217,.T.);
#1286=EDGE_CURVE('',#866,#991,#218,.T.);
#1287=EDGE_CURVE('',#934,#991,#219,.T.);
#1288=EDGE_CURVE('',#992,#934,#698,.T.);
#1289=EDGE_CURVE('',#992,#993,#220,.T.);
#1290=EDGE_CURVE('',#989,#993,#221,.T.);
#1291=EDGE_CURVE('',#994,#847,#699,.T.);
#1292=EDGE_CURVE('',#994,#848,#222,.T.);
#1293=EDGE_CURVE('',#840,#995,#223,.F.);
#1294=EDGE_CURVE('',#935,#995,#224,.T.);
#1295=EDGE_CURVE('',#996,#850,#225,.T.);
#1296=EDGE_CURVE('',#997,#996,#226,.T.);
#1297=EDGE_CURVE('',#998,#997,#227,.T.);
#1298=EDGE_CURVE('',#999,#998,#228,.T.);
#1299=EDGE_CURVE('',#1000,#999,#229,.T.);
#1300=EDGE_CURVE('',#851,#1000,#230,.T.);
#1301=EDGE_CURVE('',#1001,#990,#231,.T.);
#1302=EDGE_CURVE('',#1002,#1001,#232,.T.);
#1303=EDGE_CURVE('',#1003,#1002,#233,.T.);
#1304=EDGE_CURVE('',#988,#1003,#234,.T.);
#1305=EDGE_CURVE('',#1004,#852,#235,.T.);
#1306=EDGE_CURVE('',#1005,#1004,#236,.T.);
#1307=EDGE_CURVE('',#1006,#1005,#237,.T.);
#1308=EDGE_CURVE('',#935,#1006,#700,.T.);
#1309=EDGE_CURVE('',#937,#1006,#238,.T.);
#1310=EDGE_CURVE('',#965,#1007,#701,.T.);
#1311=EDGE_CURVE('',#939,#1007,#239,.T.);
#1312=EDGE_CURVE('',#849,#1008,#240,.T.);
#1313=EDGE_CURVE('',#1008,#996,#241,.T.);
#1314=EDGE_CURVE('',#1009,#1010,#242,.T.);
#1315=EDGE_CURVE('',#1010,#1011,#243,.T.);
#1316=EDGE_CURVE('',#1011,#997,#244,.T.);
#1317=EDGE_CURVE('',#1008,#1009,#245,.T.);
#1318=EDGE_CURVE('',#998,#1012,#603,.T.);
#1319=EDGE_CURVE('',#1012,#1013,#246,.T.);
#1320=EDGE_CURVE('',#1013,#999,#247,.T.);
#1321=EDGE_CURVE('',#1014,#1005,#248,.T.);
#1322=EDGE_CURVE('',#1004,#1000,#249,.T.);
#1323=EDGE_CURVE('',#1013,#1014,#250,.T.);
#1324=EDGE_CURVE('',#993,#1015,#251,.T.);
#1325=EDGE_CURVE('',#1015,#1016,#252,.T.);
#1326=EDGE_CURVE('',#1016,#1001,#253,.T.);
#1327=EDGE_CURVE('',#1002,#1017,#604,.T.);
#1328=EDGE_CURVE('',#1017,#1018,#254,.T.);
#1329=EDGE_CURVE('',#1018,#1003,#255,.T.);
#1330=EDGE_CURVE('',#1016,#1017,#256,.T.);
#1331=EDGE_CURVE('',#1018,#1019,#257,.T.);
#1332=EDGE_CURVE('',#1019,#985,#258,.T.);
#1333=EDGE_CURVE('',#1011,#1012,#259,.T.);
#1334=EDGE_CURVE('',#911,#1014,#260,.T.);
#1335=EDGE_CURVE('',#1006,#911,#702,.T.);
#1336=EDGE_CURVE('',#912,#1012,#261,.T.);
#1337=EDGE_CURVE('',#965,#1010,#262,.T.);
#1338=EDGE_CURVE('',#1007,#1009,#263,.T.);
#1339=EDGE_CURVE('',#1007,#994,#703,.T.);
#1340=EDGE_CURVE('',#859,#987,#704,.T.);
#1341=EDGE_CURVE('',#886,#1019,#264,.T.);
#1342=EDGE_CURVE('',#986,#886,#705,.T.);
#1343=EDGE_CURVE('',#887,#1017,#265,.T.);
#1344=EDGE_CURVE('',#970,#1015,#266,.T.);
#1345=EDGE_CURVE('',#970,#992,#706,.T.);
#1346=EDGE_CURVE('',#940,#994,#267,.T.);
#1347=EDGE_CURVE('',#941,#987,#268,.T.);
#1348=EDGE_CURVE('',#942,#986,#269,.T.);
#1349=EDGE_CURVE('',#944,#992,#270,.T.);
#1350=ORIENTED_EDGE('',*,*,#1020,.F.);
#1351=ORIENTED_EDGE('',*,*,#1021,.F.);
#1352=ORIENTED_EDGE('',*,*,#1022,.T.);
#1353=ORIENTED_EDGE('',*,*,#1023,.F.);
#1354=ORIENTED_EDGE('',*,*,#1024,.T.);
#1355=ORIENTED_EDGE('',*,*,#1025,.F.);
#1356=ORIENTED_EDGE('',*,*,#1026,.T.);
#1357=ORIENTED_EDGE('',*,*,#1022,.F.);
#1358=ORIENTED_EDGE('',*,*,#1027,.T.);
#1359=ORIENTED_EDGE('',*,*,#1028,.F.);
#1360=ORIENTED_EDGE('',*,*,#1029,.T.);
#1361=ORIENTED_EDGE('',*,*,#1024,.F.);
#1362=ORIENTED_EDGE('',*,*,#1030,.F.);
#1363=ORIENTED_EDGE('',*,*,#1031,.T.);
#1364=ORIENTED_EDGE('',*,*,#1032,.F.);
#1365=ORIENTED_EDGE('',*,*,#1033,.T.);
#1366=ORIENTED_EDGE('',*,*,#1034,.F.);
#1367=ORIENTED_EDGE('',*,*,#1028,.T.);
#1368=ORIENTED_EDGE('',*,*,#1035,.F.);
#1369=ORIENTED_EDGE('',*,*,#1036,.F.);
#1370=ORIENTED_EDGE('',*,*,#1037,.T.);
#1371=ORIENTED_EDGE('',*,*,#1036,.T.);
#1372=ORIENTED_EDGE('',*,*,#1038,.F.);
#1373=ORIENTED_EDGE('',*,*,#1039,.T.);
#1374=ORIENTED_EDGE('',*,*,#1040,.T.);
#1375=ORIENTED_EDGE('',*,*,#1041,.F.);
#1376=ORIENTED_EDGE('',*,*,#1042,.F.);
#1377=ORIENTED_EDGE('',*,*,#1043,.T.);
#1378=ORIENTED_EDGE('',*,*,#1039,.F.);
#1379=ORIENTED_EDGE('',*,*,#1044,.F.);
#1380=ORIENTED_EDGE('',*,*,#1045,.F.);
#1381=ORIENTED_EDGE('',*,*,#1046,.T.);
#1382=ORIENTED_EDGE('',*,*,#1042,.T.);
#1383=ORIENTED_EDGE('',*,*,#1047,.F.);
#1384=ORIENTED_EDGE('',*,*,#1048,.T.);
#1385=ORIENTED_EDGE('',*,*,#1049,.T.);
#1386=ORIENTED_EDGE('',*,*,#1050,.F.);
#1387=ORIENTED_EDGE('',*,*,#1032,.T.);
#1388=ORIENTED_EDGE('',*,*,#1051,.T.);
#1389=ORIENTED_EDGE('',*,*,#1045,.T.);
#1390=ORIENTED_EDGE('',*,*,#1052,.F.);
#1391=ORIENTED_EDGE('',*,*,#1053,.F.);
#1392=ORIENTED_EDGE('',*,*,#1054,.F.);
#1393=ORIENTED_EDGE('',*,*,#1025,.T.);
#1394=ORIENTED_EDGE('',*,*,#1031,.F.);
#1395=ORIENTED_EDGE('',*,*,#1055,.F.);
#1396=ORIENTED_EDGE('',*,*,#1056,.F.);
#1397=ORIENTED_EDGE('',*,*,#1050,.T.);
#1398=ORIENTED_EDGE('',*,*,#1057,.T.);
#1399=ORIENTED_EDGE('',*,*,#1037,.F.);
#1400=ORIENTED_EDGE('',*,*,#1040,.F.);
#1401=ORIENTED_EDGE('',*,*,#1043,.F.);
#1402=ORIENTED_EDGE('',*,*,#1046,.F.);
#1403=ORIENTED_EDGE('',*,*,#1051,.F.);
#1404=ORIENTED_EDGE('',*,*,#1020,.T.);
#1405=ORIENTED_EDGE('',*,*,#1058,.T.);
#1406=ORIENTED_EDGE('',*,*,#1059,.T.);
#1407=ORIENTED_EDGE('',*,*,#1060,.F.);
#1408=ORIENTED_EDGE('',*,*,#1061,.F.);
#1409=ORIENTED_EDGE('',*,*,#1059,.F.);
#1410=ORIENTED_EDGE('',*,*,#1062,.T.);
#1411=ORIENTED_EDGE('',*,*,#1048,.F.);
#1412=ORIENTED_EDGE('',*,*,#1026,.F.);
#1413=ORIENTED_EDGE('',*,*,#1057,.F.);
#1414=ORIENTED_EDGE('',*,*,#1049,.F.);
#1415=ORIENTED_EDGE('',*,*,#1062,.F.);
#1416=ORIENTED_EDGE('',*,*,#1058,.F.);
#1417=ORIENTED_EDGE('',*,*,#1055,.T.);
#1418=ORIENTED_EDGE('',*,*,#1030,.T.);
#1419=ORIENTED_EDGE('',*,*,#1063,.T.);
#1420=ORIENTED_EDGE('',*,*,#1064,.T.);
#1421=ORIENTED_EDGE('',*,*,#1065,.F.);
#1422=ORIENTED_EDGE('',*,*,#1066,.T.);
#1423=ORIENTED_EDGE('',*,*,#1067,.F.);
#1424=ORIENTED_EDGE('',*,*,#1068,.T.);
#1425=ORIENTED_EDGE('',*,*,#1023,.T.);
#1426=ORIENTED_EDGE('',*,*,#1069,.F.);
#1427=ORIENTED_EDGE('',*,*,#1070,.F.);
#1428=ORIENTED_EDGE('',*,*,#1071,.T.);
#1429=ORIENTED_EDGE('',*,*,#1072,.F.);
#1430=ORIENTED_EDGE('',*,*,#1073,.F.);
#1431=ORIENTED_EDGE('',*,*,#1074,.F.);
#1432=ORIENTED_EDGE('',*,*,#1075,.F.);
#1433=ORIENTED_EDGE('',*,*,#1076,.F.);
#1434=ORIENTED_EDGE('',*,*,#1077,.F.);
#1435=ORIENTED_EDGE('',*,*,#1078,.F.);
#1436=ORIENTED_EDGE('',*,*,#1063,.F.);
#1437=ORIENTED_EDGE('',*,*,#1034,.T.);
#1438=ORIENTED_EDGE('',*,*,#1079,.F.);
#1439=ORIENTED_EDGE('',*,*,#1080,.F.);
#1440=ORIENTED_EDGE('',*,*,#1081,.F.);
#1441=ORIENTED_EDGE('',*,*,#1082,.F.);
#1442=ORIENTED_EDGE('',*,*,#1083,.F.);
#1443=ORIENTED_EDGE('',*,*,#1084,.F.);
#1444=ORIENTED_EDGE('',*,*,#1085,.F.);
#1445=ORIENTED_EDGE('',*,*,#1086,.F.);
#1446=ORIENTED_EDGE('',*,*,#1087,.T.);
#1447=ORIENTED_EDGE('',*,*,#1088,.F.);
#1448=ORIENTED_EDGE('',*,*,#1089,.F.);
#1449=ORIENTED_EDGE('',*,*,#1090,.T.);
#1450=ORIENTED_EDGE('',*,*,#1053,.T.);
#1451=ORIENTED_EDGE('',*,*,#1091,.T.);
#1452=ORIENTED_EDGE('',*,*,#1092,.F.);
#1453=ORIENTED_EDGE('',*,*,#1093,.T.);
#1454=ORIENTED_EDGE('',*,*,#1094,.T.);
#1455=ORIENTED_EDGE('',*,*,#1095,.F.);
#1456=ORIENTED_EDGE('',*,*,#1079,.T.);
#1457=ORIENTED_EDGE('',*,*,#1096,.T.);
#1458=ORIENTED_EDGE('',*,*,#1097,.T.);
#1459=ORIENTED_EDGE('',*,*,#1098,.T.);
#1460=ORIENTED_EDGE('',*,*,#1099,.T.);
#1461=ORIENTED_EDGE('',*,*,#1092,.T.);
#1462=ORIENTED_EDGE('',*,*,#1099,.F.);
#1463=ORIENTED_EDGE('',*,*,#1100,.T.);
#1464=ORIENTED_EDGE('',*,*,#1101,.T.);
#1465=ORIENTED_EDGE('',*,*,#1102,.T.);
#1466=ORIENTED_EDGE('',*,*,#1101,.F.);
#1467=ORIENTED_EDGE('',*,*,#1103,.T.);
#1468=ORIENTED_EDGE('',*,*,#1104,.T.);
#1469=ORIENTED_EDGE('',*,*,#1067,.T.);
#1470=ORIENTED_EDGE('',*,*,#1104,.F.);
#1471=ORIENTED_EDGE('',*,*,#1105,.T.);
#1472=ORIENTED_EDGE('',*,*,#1106,.T.);
#1473=ORIENTED_EDGE('',*,*,#1107,.T.);
#1474=ORIENTED_EDGE('',*,*,#1108,.T.);
#1475=ORIENTED_EDGE('',*,*,#1109,.T.);
#1476=ORIENTED_EDGE('',*,*,#1106,.F.);
#1477=ORIENTED_EDGE('',*,*,#1035,.T.);
#1478=ORIENTED_EDGE('',*,*,#1110,.F.);
#1479=ORIENTED_EDGE('',*,*,#1096,.F.);
#1480=ORIENTED_EDGE('',*,*,#1091,.F.);
#1481=ORIENTED_EDGE('',*,*,#1052,.T.);
#1482=ORIENTED_EDGE('',*,*,#1044,.T.);
#1483=ORIENTED_EDGE('',*,*,#1041,.T.);
#1484=ORIENTED_EDGE('',*,*,#1038,.T.);
#1485=ORIENTED_EDGE('',*,*,#1111,.T.);
#1486=ORIENTED_EDGE('',*,*,#1102,.F.);
#1487=ORIENTED_EDGE('',*,*,#1066,.F.);
#1488=ORIENTED_EDGE('',*,*,#1112,.F.);
#1489=ORIENTED_EDGE('',*,*,#1093,.F.);
#1490=ORIENTED_EDGE('',*,*,#1056,.T.);
#1491=ORIENTED_EDGE('',*,*,#1068,.F.);
#1492=ORIENTED_EDGE('',*,*,#1109,.F.);
#1493=ORIENTED_EDGE('',*,*,#1113,.F.);
#1494=ORIENTED_EDGE('',*,*,#1021,.T.);
#1495=ORIENTED_EDGE('',*,*,#1060,.T.);
#1496=ORIENTED_EDGE('',*,*,#1061,.T.);
#1497=ORIENTED_EDGE('',*,*,#1047,.T.);
#1498=ORIENTED_EDGE('',*,*,#1114,.T.);
#1499=ORIENTED_EDGE('',*,*,#1115,.T.);
#1500=ORIENTED_EDGE('',*,*,#1116,.T.);
#1501=ORIENTED_EDGE('',*,*,#1117,.T.);
#1502=ORIENTED_EDGE('',*,*,#1118,.T.);
#1503=ORIENTED_EDGE('',*,*,#1118,.F.);
#1504=ORIENTED_EDGE('',*,*,#1119,.F.);
#1505=ORIENTED_EDGE('',*,*,#1120,.T.);
#1506=ORIENTED_EDGE('',*,*,#1121,.F.);
#1507=ORIENTED_EDGE('',*,*,#1122,.F.);
#1508=ORIENTED_EDGE('',*,*,#1123,.F.);
#1509=ORIENTED_EDGE('',*,*,#1124,.T.);
#1510=ORIENTED_EDGE('',*,*,#1125,.T.);
#1511=ORIENTED_EDGE('',*,*,#1126,.F.);
#1512=ORIENTED_EDGE('',*,*,#1127,.T.);
#1513=ORIENTED_EDGE('',*,*,#1128,.F.);
#1514=ORIENTED_EDGE('',*,*,#1129,.T.);
#1515=ORIENTED_EDGE('',*,*,#1130,.T.);
#1516=ORIENTED_EDGE('',*,*,#1131,.T.);
#1517=ORIENTED_EDGE('',*,*,#1132,.T.);
#1518=ORIENTED_EDGE('',*,*,#1116,.F.);
#1519=ORIENTED_EDGE('',*,*,#1133,.F.);
#1520=ORIENTED_EDGE('',*,*,#1134,.F.);
#1521=ORIENTED_EDGE('',*,*,#1135,.F.);
#1522=ORIENTED_EDGE('',*,*,#1132,.F.);
#1523=ORIENTED_EDGE('',*,*,#1136,.T.);
#1524=ORIENTED_EDGE('',*,*,#1137,.T.);
#1525=ORIENTED_EDGE('',*,*,#1138,.T.);
#1526=ORIENTED_EDGE('',*,*,#1139,.T.);
#1527=ORIENTED_EDGE('',*,*,#1140,.T.);
#1528=ORIENTED_EDGE('',*,*,#1140,.F.);
#1529=ORIENTED_EDGE('',*,*,#1141,.T.);
#1530=ORIENTED_EDGE('',*,*,#1142,.F.);
#1531=ORIENTED_EDGE('',*,*,#1143,.F.);
#1532=ORIENTED_EDGE('',*,*,#1144,.F.);
#1533=ORIENTED_EDGE('',*,*,#1145,.F.);
#1534=ORIENTED_EDGE('',*,*,#1146,.T.);
#1535=ORIENTED_EDGE('',*,*,#1142,.T.);
#1536=ORIENTED_EDGE('',*,*,#1147,.T.);
#1537=ORIENTED_EDGE('',*,*,#1148,.T.);
#1538=ORIENTED_EDGE('',*,*,#1148,.F.);
#1539=ORIENTED_EDGE('',*,*,#1149,.F.);
#1540=ORIENTED_EDGE('',*,*,#1150,.T.);
#1541=ORIENTED_EDGE('',*,*,#1151,.F.);
#1542=ORIENTED_EDGE('',*,*,#1152,.F.);
#1543=ORIENTED_EDGE('',*,*,#1153,.F.);
#1544=ORIENTED_EDGE('',*,*,#1154,.T.);
#1545=ORIENTED_EDGE('',*,*,#1155,.T.);
#1546=ORIENTED_EDGE('',*,*,#1156,.F.);
#1547=ORIENTED_EDGE('',*,*,#1157,.T.);
#1548=ORIENTED_EDGE('',*,*,#1158,.F.);
#1549=ORIENTED_EDGE('',*,*,#1159,.T.);
#1550=ORIENTED_EDGE('',*,*,#1160,.T.);
#1551=ORIENTED_EDGE('',*,*,#1161,.T.);
#1552=ORIENTED_EDGE('',*,*,#1162,.T.);
#1553=ORIENTED_EDGE('',*,*,#1163,.T.);
#1554=ORIENTED_EDGE('',*,*,#1164,.T.);
#1555=ORIENTED_EDGE('',*,*,#1165,.T.);
#1556=ORIENTED_EDGE('',*,*,#1166,.T.);
#1557=ORIENTED_EDGE('',*,*,#1163,.F.);
#1558=ORIENTED_EDGE('',*,*,#1167,.T.);
#1559=ORIENTED_EDGE('',*,*,#1161,.F.);
#1560=ORIENTED_EDGE('',*,*,#1168,.T.);
#1561=ORIENTED_EDGE('',*,*,#1169,.T.);
#1562=ORIENTED_EDGE('',*,*,#1170,.T.);
#1563=ORIENTED_EDGE('',*,*,#1171,.T.);
#1564=ORIENTED_EDGE('',*,*,#1172,.T.);
#1565=ORIENTED_EDGE('',*,*,#1171,.F.);
#1566=ORIENTED_EDGE('',*,*,#1173,.T.);
#1567=ORIENTED_EDGE('',*,*,#1165,.F.);
#1568=ORIENTED_EDGE('',*,*,#1174,.T.);
#1569=ORIENTED_EDGE('',*,*,#1162,.F.);
#1570=ORIENTED_EDGE('',*,*,#1167,.F.);
#1571=ORIENTED_EDGE('',*,*,#1166,.F.);
#1572=ORIENTED_EDGE('',*,*,#1173,.F.);
#1573=ORIENTED_EDGE('',*,*,#1170,.F.);
#1574=ORIENTED_EDGE('',*,*,#1175,.F.);
#1575=ORIENTED_EDGE('',*,*,#1176,.F.);
#1576=ORIENTED_EDGE('',*,*,#1177,.F.);
#1577=ORIENTED_EDGE('',*,*,#1178,.F.);
#1578=ORIENTED_EDGE('',*,*,#1179,.F.);
#1579=ORIENTED_EDGE('',*,*,#1180,.F.);
#1580=ORIENTED_EDGE('',*,*,#1181,.F.);
#1581=ORIENTED_EDGE('',*,*,#1182,.T.);
#1582=ORIENTED_EDGE('',*,*,#1183,.T.);
#1583=ORIENTED_EDGE('',*,*,#1184,.F.);
#1584=ORIENTED_EDGE('',*,*,#1185,.F.);
#1585=ORIENTED_EDGE('',*,*,#1159,.F.);
#1586=ORIENTED_EDGE('',*,*,#1185,.T.);
#1587=ORIENTED_EDGE('',*,*,#1186,.T.);
#1588=ORIENTED_EDGE('',*,*,#1187,.T.);
#1589=ORIENTED_EDGE('',*,*,#1153,.T.);
#1590=ORIENTED_EDGE('',*,*,#1188,.T.);
#1591=ORIENTED_EDGE('',*,*,#1189,.T.);
#1592=ORIENTED_EDGE('',*,*,#1190,.T.);
#1593=ORIENTED_EDGE('',*,*,#1191,.T.);
#1594=ORIENTED_EDGE('',*,*,#1192,.T.);
#1595=ORIENTED_EDGE('',*,*,#1193,.T.);
#1596=ORIENTED_EDGE('',*,*,#1123,.T.);
#1597=ORIENTED_EDGE('',*,*,#1194,.T.);
#1598=ORIENTED_EDGE('',*,*,#1195,.T.);
#1599=ORIENTED_EDGE('',*,*,#1196,.T.);
#1600=ORIENTED_EDGE('',*,*,#1181,.T.);
#1601=ORIENTED_EDGE('',*,*,#1197,.F.);
#1602=ORIENTED_EDGE('',*,*,#1198,.T.);
#1603=ORIENTED_EDGE('',*,*,#1199,.T.);
#1604=ORIENTED_EDGE('',*,*,#1200,.T.);
#1605=ORIENTED_EDGE('',*,*,#1201,.F.);
#1606=ORIENTED_EDGE('',*,*,#1175,.T.);
#1607=ORIENTED_EDGE('',*,*,#1169,.F.);
#1608=ORIENTED_EDGE('',*,*,#1202,.T.);
#1609=ORIENTED_EDGE('',*,*,#1203,.T.);
#1610=ORIENTED_EDGE('',*,*,#1204,.T.);
#1611=ORIENTED_EDGE('',*,*,#1205,.T.);
#1612=ORIENTED_EDGE('',*,*,#1107,.F.);
#1613=ORIENTED_EDGE('',*,*,#1105,.F.);
#1614=ORIENTED_EDGE('',*,*,#1103,.F.);
#1615=ORIENTED_EDGE('',*,*,#1100,.F.);
#1616=ORIENTED_EDGE('',*,*,#1098,.F.);
#1617=ORIENTED_EDGE('',*,*,#1206,.T.);
#1618=ORIENTED_EDGE('',*,*,#1207,.T.);
#1619=ORIENTED_EDGE('',*,*,#1201,.T.);
#1620=ORIENTED_EDGE('',*,*,#1208,.T.);
#1621=ORIENTED_EDGE('',*,*,#1209,.T.);
#1622=ORIENTED_EDGE('',*,*,#1176,.T.);
#1623=ORIENTED_EDGE('',*,*,#1210,.T.);
#1624=ORIENTED_EDGE('',*,*,#1211,.T.);
#1625=ORIENTED_EDGE('',*,*,#1212,.T.);
#1626=ORIENTED_EDGE('',*,*,#1178,.T.);
#1627=ORIENTED_EDGE('',*,*,#1210,.F.);
#1628=ORIENTED_EDGE('',*,*,#1177,.T.);
#1629=ORIENTED_EDGE('',*,*,#1209,.F.);
#1630=ORIENTED_EDGE('',*,*,#1213,.T.);
#1631=ORIENTED_EDGE('',*,*,#1197,.T.);
#1632=ORIENTED_EDGE('',*,*,#1180,.T.);
#1633=ORIENTED_EDGE('',*,*,#1214,.T.);
#1634=ORIENTED_EDGE('',*,*,#1215,.T.);
#1635=ORIENTED_EDGE('',*,*,#1214,.F.);
#1636=ORIENTED_EDGE('',*,*,#1179,.T.);
#1637=ORIENTED_EDGE('',*,*,#1212,.F.);
#1638=ORIENTED_EDGE('',*,*,#1216,.T.);
#1639=ORIENTED_EDGE('',*,*,#1070,.T.);
#1640=ORIENTED_EDGE('',*,*,#1217,.T.);
#1641=ORIENTED_EDGE('',*,*,#1088,.T.);
#1642=ORIENTED_EDGE('',*,*,#1218,.T.);
#1643=ORIENTED_EDGE('',*,*,#1217,.F.);
#1644=ORIENTED_EDGE('',*,*,#1069,.T.);
#1645=ORIENTED_EDGE('',*,*,#1029,.F.);
#1646=ORIENTED_EDGE('',*,*,#1089,.T.);
#1647=ORIENTED_EDGE('',*,*,#1164,.F.);
#1648=ORIENTED_EDGE('',*,*,#1219,.F.);
#1649=ORIENTED_EDGE('',*,*,#1220,.T.);
#1650=ORIENTED_EDGE('',*,*,#1221,.F.);
#1651=ORIENTED_EDGE('',*,*,#1174,.F.);
#1652=ORIENTED_EDGE('',*,*,#1221,.T.);
#1653=ORIENTED_EDGE('',*,*,#1222,.T.);
#1654=ORIENTED_EDGE('',*,*,#1202,.F.);
#1655=ORIENTED_EDGE('',*,*,#1172,.F.);
#1656=ORIENTED_EDGE('',*,*,#1220,.F.);
#1657=ORIENTED_EDGE('',*,*,#1223,.F.);
#1658=ORIENTED_EDGE('',*,*,#1203,.F.);
#1659=ORIENTED_EDGE('',*,*,#1222,.F.);
#1660=ORIENTED_EDGE('',*,*,#1160,.F.);
#1661=ORIENTED_EDGE('',*,*,#1204,.F.);
#1662=ORIENTED_EDGE('',*,*,#1223,.T.);
#1663=ORIENTED_EDGE('',*,*,#1219,.T.);
#1664=ORIENTED_EDGE('',*,*,#1168,.F.);
#1665=ORIENTED_EDGE('',*,*,#1211,.F.);
#1666=ORIENTED_EDGE('',*,*,#1224,.F.);
#1667=ORIENTED_EDGE('',*,*,#1225,.T.);
#1668=ORIENTED_EDGE('',*,*,#1226,.F.);
#1669=ORIENTED_EDGE('',*,*,#1216,.F.);
#1670=ORIENTED_EDGE('',*,*,#1226,.T.);
#1671=ORIENTED_EDGE('',*,*,#1227,.T.);
#1672=ORIENTED_EDGE('',*,*,#1198,.F.);
#1673=ORIENTED_EDGE('',*,*,#1215,.F.);
#1674=ORIENTED_EDGE('',*,*,#1225,.F.);
#1675=ORIENTED_EDGE('',*,*,#1228,.F.);
#1676=ORIENTED_EDGE('',*,*,#1199,.F.);
#1677=ORIENTED_EDGE('',*,*,#1227,.F.);
#1678=ORIENTED_EDGE('',*,*,#1208,.F.);
#1679=ORIENTED_EDGE('',*,*,#1200,.F.);
#1680=ORIENTED_EDGE('',*,*,#1228,.T.);
#1681=ORIENTED_EDGE('',*,*,#1224,.T.);
#1682=ORIENTED_EDGE('',*,*,#1213,.F.);
#1683=ORIENTED_EDGE('',*,*,#1229,.T.);
#1684=ORIENTED_EDGE('',*,*,#1230,.T.);
#1685=ORIENTED_EDGE('',*,*,#1231,.T.);
#1686=ORIENTED_EDGE('',*,*,#1232,.T.);
#1687=ORIENTED_EDGE('',*,*,#1151,.T.);
#1688=ORIENTED_EDGE('',*,*,#1233,.T.);
#1689=ORIENTED_EDGE('',*,*,#1230,.F.);
#1690=ORIENTED_EDGE('',*,*,#1138,.F.);
#1691=ORIENTED_EDGE('',*,*,#1234,.F.);
#1692=ORIENTED_EDGE('',*,*,#1235,.T.);
#1693=ORIENTED_EDGE('',*,*,#1156,.T.);
#1694=ORIENTED_EDGE('',*,*,#1236,.T.);
#1695=ORIENTED_EDGE('',*,*,#1237,.F.);
#1696=ORIENTED_EDGE('',*,*,#1188,.F.);
#1697=ORIENTED_EDGE('',*,*,#1152,.T.);
#1698=ORIENTED_EDGE('',*,*,#1232,.F.);
#1699=ORIENTED_EDGE('',*,*,#1238,.T.);
#1700=ORIENTED_EDGE('',*,*,#1239,.F.);
#1701=ORIENTED_EDGE('',*,*,#1207,.F.);
#1702=ORIENTED_EDGE('',*,*,#1240,.T.);
#1703=ORIENTED_EDGE('',*,*,#1229,.F.);
#1704=ORIENTED_EDGE('',*,*,#1240,.F.);
#1705=ORIENTED_EDGE('',*,*,#1241,.T.);
#1706=ORIENTED_EDGE('',*,*,#1242,.T.);
#1707=ORIENTED_EDGE('',*,*,#1121,.T.);
#1708=ORIENTED_EDGE('',*,*,#1243,.T.);
#1709=ORIENTED_EDGE('',*,*,#1244,.T.);
#1710=ORIENTED_EDGE('',*,*,#1242,.F.);
#1711=ORIENTED_EDGE('',*,*,#1130,.F.);
#1712=ORIENTED_EDGE('',*,*,#1245,.F.);
#1713=ORIENTED_EDGE('',*,*,#1246,.T.);
#1714=ORIENTED_EDGE('',*,*,#1126,.T.);
#1715=ORIENTED_EDGE('',*,*,#1247,.T.);
#1716=ORIENTED_EDGE('',*,*,#1248,.F.);
#1717=ORIENTED_EDGE('',*,*,#1194,.F.);
#1718=ORIENTED_EDGE('',*,*,#1122,.T.);
#1719=ORIENTED_EDGE('',*,*,#1244,.F.);
#1720=ORIENTED_EDGE('',*,*,#1249,.T.);
#1721=ORIENTED_EDGE('',*,*,#1250,.F.);
#1722=ORIENTED_EDGE('',*,*,#1243,.F.);
#1723=ORIENTED_EDGE('',*,*,#1120,.F.);
#1724=ORIENTED_EDGE('',*,*,#1119,.T.);
#1725=ORIENTED_EDGE('',*,*,#1117,.F.);
#1726=ORIENTED_EDGE('',*,*,#1136,.F.);
#1727=ORIENTED_EDGE('',*,*,#1131,.F.);
#1728=ORIENTED_EDGE('',*,*,#1250,.T.);
#1729=ORIENTED_EDGE('',*,*,#1249,.F.);
#1730=ORIENTED_EDGE('',*,*,#1206,.F.);
#1731=ORIENTED_EDGE('',*,*,#1251,.T.);
#1732=ORIENTED_EDGE('',*,*,#1241,.F.);
#1733=ORIENTED_EDGE('',*,*,#1251,.F.);
#1734=ORIENTED_EDGE('',*,*,#1127,.F.);
#1735=ORIENTED_EDGE('',*,*,#1246,.F.);
#1736=ORIENTED_EDGE('',*,*,#1252,.F.);
#1737=ORIENTED_EDGE('',*,*,#1253,.F.);
#1738=ORIENTED_EDGE('',*,*,#1254,.F.);
#1739=ORIENTED_EDGE('',*,*,#1255,.F.);
#1740=ORIENTED_EDGE('',*,*,#1233,.F.);
#1741=ORIENTED_EDGE('',*,*,#1150,.F.);
#1742=ORIENTED_EDGE('',*,*,#1149,.T.);
#1743=ORIENTED_EDGE('',*,*,#1147,.F.);
#1744=ORIENTED_EDGE('',*,*,#1141,.F.);
#1745=ORIENTED_EDGE('',*,*,#1139,.F.);
#1746=ORIENTED_EDGE('',*,*,#1239,.T.);
#1747=ORIENTED_EDGE('',*,*,#1238,.F.);
#1748=ORIENTED_EDGE('',*,*,#1231,.F.);
#1749=ORIENTED_EDGE('',*,*,#1157,.F.);
#1750=ORIENTED_EDGE('',*,*,#1235,.F.);
#1751=ORIENTED_EDGE('',*,*,#1256,.F.);
#1752=ORIENTED_EDGE('',*,*,#1257,.F.);
#1753=ORIENTED_EDGE('',*,*,#1258,.F.);
#1754=ORIENTED_EDGE('',*,*,#1259,.F.);
#1755=ORIENTED_EDGE('',*,*,#1129,.F.);
#1756=ORIENTED_EDGE('',*,*,#1135,.T.);
#1757=ORIENTED_EDGE('',*,*,#1260,.T.);
#1758=ORIENTED_EDGE('',*,*,#1252,.T.);
#1759=ORIENTED_EDGE('',*,*,#1245,.T.);
#1760=ORIENTED_EDGE('',*,*,#1137,.F.);
#1761=ORIENTED_EDGE('',*,*,#1145,.T.);
#1762=ORIENTED_EDGE('',*,*,#1261,.T.);
#1763=ORIENTED_EDGE('',*,*,#1256,.T.);
#1764=ORIENTED_EDGE('',*,*,#1234,.T.);
#1765=ORIENTED_EDGE('',*,*,#1115,.F.);
#1766=ORIENTED_EDGE('',*,*,#1128,.T.);
#1767=ORIENTED_EDGE('',*,*,#1255,.T.);
#1768=ORIENTED_EDGE('',*,*,#1262,.T.);
#1769=ORIENTED_EDGE('',*,*,#1133,.T.);
#1770=ORIENTED_EDGE('',*,*,#1263,.T.);
#1771=ORIENTED_EDGE('',*,*,#1264,.T.);
#1772=ORIENTED_EDGE('',*,*,#1253,.T.);
#1773=ORIENTED_EDGE('',*,*,#1260,.F.);
#1774=ORIENTED_EDGE('',*,*,#1134,.T.);
#1775=ORIENTED_EDGE('',*,*,#1262,.F.);
#1776=ORIENTED_EDGE('',*,*,#1254,.T.);
#1777=ORIENTED_EDGE('',*,*,#1264,.F.);
#1778=ORIENTED_EDGE('',*,*,#1146,.F.);
#1779=ORIENTED_EDGE('',*,*,#1158,.T.);
#1780=ORIENTED_EDGE('',*,*,#1259,.T.);
#1781=ORIENTED_EDGE('',*,*,#1265,.T.);
#1782=ORIENTED_EDGE('',*,*,#1143,.T.);
#1783=ORIENTED_EDGE('',*,*,#1266,.F.);
#1784=ORIENTED_EDGE('',*,*,#1267,.T.);
#1785=ORIENTED_EDGE('',*,*,#1257,.T.);
#1786=ORIENTED_EDGE('',*,*,#1261,.F.);
#1787=ORIENTED_EDGE('',*,*,#1144,.T.);
#1788=ORIENTED_EDGE('',*,*,#1265,.F.);
#1789=ORIENTED_EDGE('',*,*,#1258,.T.);
#1790=ORIENTED_EDGE('',*,*,#1267,.F.);
#1791=ORIENTED_EDGE('',*,*,#1268,.T.);
#1792=ORIENTED_EDGE('',*,*,#1269,.T.);
#1793=ORIENTED_EDGE('',*,*,#1270,.T.);
#1794=ORIENTED_EDGE('',*,*,#1269,.F.);
#1795=ORIENTED_EDGE('',*,*,#1263,.F.);
#1796=ORIENTED_EDGE('',*,*,#1270,.F.);
#1797=ORIENTED_EDGE('',*,*,#1268,.F.);
#1798=ORIENTED_EDGE('',*,*,#1271,.T.);
#1799=ORIENTED_EDGE('',*,*,#1111,.F.);
#1800=ORIENTED_EDGE('',*,*,#1271,.F.);
#1801=ORIENTED_EDGE('',*,*,#1272,.T.);
#1802=ORIENTED_EDGE('',*,*,#1273,.T.);
#1803=ORIENTED_EDGE('',*,*,#1274,.T.);
#1804=ORIENTED_EDGE('',*,*,#1273,.F.);
#1805=ORIENTED_EDGE('',*,*,#1266,.T.);
#1806=ORIENTED_EDGE('',*,*,#1274,.F.);
#1807=ORIENTED_EDGE('',*,*,#1114,.F.);
#1808=ORIENTED_EDGE('',*,*,#1275,.T.);
#1809=ORIENTED_EDGE('',*,*,#1272,.F.);
#1810=ORIENTED_EDGE('',*,*,#1275,.F.);
#1811=ORIENTED_EDGE('',*,*,#1033,.F.);
#1812=ORIENTED_EDGE('',*,*,#1054,.T.);
#1813=ORIENTED_EDGE('',*,*,#1090,.F.);
#1814=ORIENTED_EDGE('',*,*,#1205,.F.);
#1815=ORIENTED_EDGE('',*,*,#1097,.F.);
#1816=ORIENTED_EDGE('',*,*,#1110,.T.);
#1817=ORIENTED_EDGE('',*,*,#1027,.F.);
#1818=ORIENTED_EDGE('',*,*,#1113,.T.);
#1819=ORIENTED_EDGE('',*,*,#1108,.F.);
#1820=ORIENTED_EDGE('',*,*,#1084,.T.);
#1821=ORIENTED_EDGE('',*,*,#1276,.F.);
#1822=ORIENTED_EDGE('',*,*,#1277,.F.);
#1823=ORIENTED_EDGE('',*,*,#1278,.F.);
#1824=ORIENTED_EDGE('',*,*,#1279,.F.);
#1825=ORIENTED_EDGE('',*,*,#1280,.T.);
#1826=ORIENTED_EDGE('',*,*,#1083,.T.);
#1827=ORIENTED_EDGE('',*,*,#1281,.T.);
#1828=ORIENTED_EDGE('',*,*,#1282,.F.);
#1829=ORIENTED_EDGE('',*,*,#1276,.T.);
#1830=ORIENTED_EDGE('',*,*,#1081,.T.);
#1831=ORIENTED_EDGE('',*,*,#1283,.T.);
#1832=ORIENTED_EDGE('',*,*,#1284,.F.);
#1833=ORIENTED_EDGE('',*,*,#1285,.T.);
#1834=ORIENTED_EDGE('',*,*,#1080,.T.);
#1835=ORIENTED_EDGE('',*,*,#1095,.T.);
#1836=ORIENTED_EDGE('',*,*,#1286,.T.);
#1837=ORIENTED_EDGE('',*,*,#1287,.F.);
#1838=ORIENTED_EDGE('',*,*,#1288,.F.);
#1839=ORIENTED_EDGE('',*,*,#1289,.T.);
#1840=ORIENTED_EDGE('',*,*,#1290,.F.);
#1841=ORIENTED_EDGE('',*,*,#1283,.F.);
#1842=ORIENTED_EDGE('',*,*,#1073,.T.);
#1843=ORIENTED_EDGE('',*,*,#1291,.F.);
#1844=ORIENTED_EDGE('',*,*,#1292,.T.);
#1845=ORIENTED_EDGE('',*,*,#1112,.T.);
#1846=ORIENTED_EDGE('',*,*,#1065,.T.);
#1847=ORIENTED_EDGE('',*,*,#1293,.T.);
#1848=ORIENTED_EDGE('',*,*,#1294,.F.);
#1849=ORIENTED_EDGE('',*,*,#1183,.F.);
#1850=ORIENTED_EDGE('',*,*,#1287,.T.);
#1851=ORIENTED_EDGE('',*,*,#1286,.F.);
#1852=ORIENTED_EDGE('',*,*,#1094,.F.);
#1853=ORIENTED_EDGE('',*,*,#1076,.T.);
#1854=ORIENTED_EDGE('',*,*,#1295,.F.);
#1855=ORIENTED_EDGE('',*,*,#1296,.F.);
#1856=ORIENTED_EDGE('',*,*,#1297,.F.);
#1857=ORIENTED_EDGE('',*,*,#1298,.F.);
#1858=ORIENTED_EDGE('',*,*,#1299,.F.);
#1859=ORIENTED_EDGE('',*,*,#1300,.F.);
#1860=ORIENTED_EDGE('',*,*,#1082,.T.);
#1861=ORIENTED_EDGE('',*,*,#1285,.F.);
#1862=ORIENTED_EDGE('',*,*,#1301,.F.);
#1863=ORIENTED_EDGE('',*,*,#1302,.F.);
#1864=ORIENTED_EDGE('',*,*,#1303,.F.);
#1865=ORIENTED_EDGE('',*,*,#1304,.F.);
#1866=ORIENTED_EDGE('',*,*,#1281,.F.);
#1867=ORIENTED_EDGE('',*,*,#1078,.T.);
#1868=ORIENTED_EDGE('',*,*,#1305,.F.);
#1869=ORIENTED_EDGE('',*,*,#1306,.F.);
#1870=ORIENTED_EDGE('',*,*,#1307,.F.);
#1871=ORIENTED_EDGE('',*,*,#1308,.F.);
#1872=ORIENTED_EDGE('',*,*,#1294,.T.);
#1873=ORIENTED_EDGE('',*,*,#1293,.F.);
#1874=ORIENTED_EDGE('',*,*,#1064,.F.);
#1875=ORIENTED_EDGE('',*,*,#1186,.F.);
#1876=ORIENTED_EDGE('',*,*,#1184,.T.);
#1877=ORIENTED_EDGE('',*,*,#1308,.T.);
#1878=ORIENTED_EDGE('',*,*,#1309,.F.);
#1879=ORIENTED_EDGE('',*,*,#1189,.F.);
#1880=ORIENTED_EDGE('',*,*,#1237,.T.);
#1881=ORIENTED_EDGE('',*,*,#1310,.T.);
#1882=ORIENTED_EDGE('',*,*,#1311,.F.);
#1883=ORIENTED_EDGE('',*,*,#1075,.T.);
#1884=ORIENTED_EDGE('',*,*,#1312,.T.);
#1885=ORIENTED_EDGE('',*,*,#1313,.T.);
#1886=ORIENTED_EDGE('',*,*,#1295,.T.);
#1887=ORIENTED_EDGE('',*,*,#1314,.T.);
#1888=ORIENTED_EDGE('',*,*,#1315,.T.);
#1889=ORIENTED_EDGE('',*,*,#1316,.T.);
#1890=ORIENTED_EDGE('',*,*,#1296,.T.);
#1891=ORIENTED_EDGE('',*,*,#1313,.F.);
#1892=ORIENTED_EDGE('',*,*,#1317,.T.);
#1893=ORIENTED_EDGE('',*,*,#1318,.T.);
#1894=ORIENTED_EDGE('',*,*,#1319,.T.);
#1895=ORIENTED_EDGE('',*,*,#1320,.T.);
#1896=ORIENTED_EDGE('',*,*,#1298,.T.);
#1897=ORIENTED_EDGE('',*,*,#1321,.T.);
#1898=ORIENTED_EDGE('',*,*,#1306,.T.);
#1899=ORIENTED_EDGE('',*,*,#1322,.T.);
#1900=ORIENTED_EDGE('',*,*,#1299,.T.);
#1901=ORIENTED_EDGE('',*,*,#1320,.F.);
#1902=ORIENTED_EDGE('',*,*,#1323,.T.);
#1903=ORIENTED_EDGE('',*,*,#1077,.T.);
#1904=ORIENTED_EDGE('',*,*,#1300,.T.);
#1905=ORIENTED_EDGE('',*,*,#1322,.F.);
#1906=ORIENTED_EDGE('',*,*,#1305,.T.);
#1907=ORIENTED_EDGE('',*,*,#1301,.T.);
#1908=ORIENTED_EDGE('',*,*,#1284,.T.);
#1909=ORIENTED_EDGE('',*,*,#1290,.T.);
#1910=ORIENTED_EDGE('',*,*,#1324,.T.);
#1911=ORIENTED_EDGE('',*,*,#1325,.T.);
#1912=ORIENTED_EDGE('',*,*,#1326,.T.);
#1913=ORIENTED_EDGE('',*,*,#1303,.T.);
#1914=ORIENTED_EDGE('',*,*,#1327,.T.);
#1915=ORIENTED_EDGE('',*,*,#1328,.T.);
#1916=ORIENTED_EDGE('',*,*,#1329,.T.);
#1917=ORIENTED_EDGE('',*,*,#1330,.T.);
#1918=ORIENTED_EDGE('',*,*,#1327,.F.);
#1919=ORIENTED_EDGE('',*,*,#1302,.T.);
#1920=ORIENTED_EDGE('',*,*,#1326,.F.);
#1921=ORIENTED_EDGE('',*,*,#1304,.T.);
#1922=ORIENTED_EDGE('',*,*,#1329,.F.);
#1923=ORIENTED_EDGE('',*,*,#1331,.T.);
#1924=ORIENTED_EDGE('',*,*,#1332,.T.);
#1925=ORIENTED_EDGE('',*,*,#1277,.T.);
#1926=ORIENTED_EDGE('',*,*,#1282,.T.);
#1927=ORIENTED_EDGE('',*,*,#1333,.T.);
#1928=ORIENTED_EDGE('',*,*,#1318,.F.);
#1929=ORIENTED_EDGE('',*,*,#1297,.T.);
#1930=ORIENTED_EDGE('',*,*,#1316,.F.);
#1931=ORIENTED_EDGE('',*,*,#1321,.F.);
#1932=ORIENTED_EDGE('',*,*,#1334,.F.);
#1933=ORIENTED_EDGE('',*,*,#1335,.F.);
#1934=ORIENTED_EDGE('',*,*,#1307,.T.);
#1935=ORIENTED_EDGE('',*,*,#1323,.F.);
#1936=ORIENTED_EDGE('',*,*,#1319,.F.);
#1937=ORIENTED_EDGE('',*,*,#1336,.F.);
#1938=ORIENTED_EDGE('',*,*,#1155,.F.);
#1939=ORIENTED_EDGE('',*,*,#1334,.T.);
#1940=ORIENTED_EDGE('',*,*,#1333,.F.);
#1941=ORIENTED_EDGE('',*,*,#1315,.F.);
#1942=ORIENTED_EDGE('',*,*,#1337,.F.);
#1943=ORIENTED_EDGE('',*,*,#1236,.F.);
#1944=ORIENTED_EDGE('',*,*,#1336,.T.);
#1945=ORIENTED_EDGE('',*,*,#1314,.F.);
#1946=ORIENTED_EDGE('',*,*,#1338,.F.);
#1947=ORIENTED_EDGE('',*,*,#1310,.F.);
#1948=ORIENTED_EDGE('',*,*,#1337,.T.);
#1949=ORIENTED_EDGE('',*,*,#1074,.T.);
#1950=ORIENTED_EDGE('',*,*,#1292,.F.);
#1951=ORIENTED_EDGE('',*,*,#1339,.F.);
#1952=ORIENTED_EDGE('',*,*,#1338,.T.);
#1953=ORIENTED_EDGE('',*,*,#1317,.F.);
#1954=ORIENTED_EDGE('',*,*,#1312,.F.);
#1955=ORIENTED_EDGE('',*,*,#1085,.T.);
#1956=ORIENTED_EDGE('',*,*,#1280,.F.);
#1957=ORIENTED_EDGE('',*,*,#1340,.F.);
#1958=ORIENTED_EDGE('',*,*,#1332,.F.);
#1959=ORIENTED_EDGE('',*,*,#1341,.F.);
#1960=ORIENTED_EDGE('',*,*,#1342,.F.);
#1961=ORIENTED_EDGE('',*,*,#1278,.T.);
#1962=ORIENTED_EDGE('',*,*,#1328,.F.);
#1963=ORIENTED_EDGE('',*,*,#1343,.F.);
#1964=ORIENTED_EDGE('',*,*,#1125,.F.);
#1965=ORIENTED_EDGE('',*,*,#1341,.T.);
#1966=ORIENTED_EDGE('',*,*,#1331,.F.);
#1967=ORIENTED_EDGE('',*,*,#1325,.F.);
#1968=ORIENTED_EDGE('',*,*,#1344,.F.);
#1969=ORIENTED_EDGE('',*,*,#1247,.F.);
#1970=ORIENTED_EDGE('',*,*,#1343,.T.);
#1971=ORIENTED_EDGE('',*,*,#1330,.F.);
#1972=ORIENTED_EDGE('',*,*,#1324,.F.);
#1973=ORIENTED_EDGE('',*,*,#1289,.F.);
#1974=ORIENTED_EDGE('',*,*,#1345,.F.);
#1975=ORIENTED_EDGE('',*,*,#1344,.T.);
#1976=ORIENTED_EDGE('',*,*,#1190,.F.);
#1977=ORIENTED_EDGE('',*,*,#1311,.T.);
#1978=ORIENTED_EDGE('',*,*,#1339,.T.);
#1979=ORIENTED_EDGE('',*,*,#1346,.F.);
#1980=ORIENTED_EDGE('',*,*,#1087,.F.);
#1981=ORIENTED_EDGE('',*,*,#1086,.T.);
#1982=ORIENTED_EDGE('',*,*,#1340,.T.);
#1983=ORIENTED_EDGE('',*,*,#1347,.F.);
#1984=ORIENTED_EDGE('',*,*,#1191,.F.);
#1985=ORIENTED_EDGE('',*,*,#1346,.T.);
#1986=ORIENTED_EDGE('',*,*,#1291,.T.);
#1987=ORIENTED_EDGE('',*,*,#1072,.T.);
#1988=ORIENTED_EDGE('',*,*,#1071,.F.);
#1989=ORIENTED_EDGE('',*,*,#1218,.F.);
#1990=ORIENTED_EDGE('',*,*,#1187,.F.);
#1991=ORIENTED_EDGE('',*,*,#1309,.T.);
#1992=ORIENTED_EDGE('',*,*,#1335,.T.);
#1993=ORIENTED_EDGE('',*,*,#1154,.F.);
#1994=ORIENTED_EDGE('',*,*,#1192,.F.);
#1995=ORIENTED_EDGE('',*,*,#1347,.T.);
#1996=ORIENTED_EDGE('',*,*,#1279,.T.);
#1997=ORIENTED_EDGE('',*,*,#1348,.F.);
#1998=ORIENTED_EDGE('',*,*,#1193,.F.);
#1999=ORIENTED_EDGE('',*,*,#1348,.T.);
#2000=ORIENTED_EDGE('',*,*,#1342,.T.);
#2001=ORIENTED_EDGE('',*,*,#1124,.F.);
#2002=ORIENTED_EDGE('',*,*,#1195,.F.);
#2003=ORIENTED_EDGE('',*,*,#1248,.T.);
#2004=ORIENTED_EDGE('',*,*,#1345,.T.);
#2005=ORIENTED_EDGE('',*,*,#1349,.F.);
#2006=ORIENTED_EDGE('',*,*,#1196,.F.);
#2007=ORIENTED_EDGE('',*,*,#1349,.T.);
#2008=ORIENTED_EDGE('',*,*,#1288,.T.);
#2009=ORIENTED_EDGE('',*,*,#1182,.F.);
#2010=CONICAL_SURFACE('',#2148,23.2000001713634,0.785398270499549);
#2011=CONICAL_SURFACE('',#2158,23.2000001713634,0.785398270499549);
#2012=CONICAL_SURFACE('',#2210,2.2,0.785398163397439);
#2013=CONICAL_SURFACE('',#2215,2.2,0.785398163397442);
#2014=CONICAL_SURFACE('',#2227,1.8,0.785398163397437);
#2015=CONICAL_SURFACE('',#2232,1.8,0.785398163397437);
#2016=ADVANCED_FACE('',(#325),#2010,.F.);
#2017=ADVANCED_FACE('',(#326),#308,.F.);
#2018=ADVANCED_FACE('',(#327),#309,.F.);
#2019=ADVANCED_FACE('',(#328),#2011,.F.);
#2020=ADVANCED_FACE('',(#329),#271,.F.);
#2021=ADVANCED_FACE('',(#330),#310,.T.);
#2022=ADVANCED_FACE('',(#331),#272,.F.);
#2023=ADVANCED_FACE('',(#332),#273,.F.);
#2024=ADVANCED_FACE('',(#333),#274,.F.);
#2025=ADVANCED_FACE('',(#334),#275,.F.);
#2026=ADVANCED_FACE('',(#335),#276,.T.);
#2027=ADVANCED_FACE('',(#336),#277,.F.);
#2028=ADVANCED_FACE('',(#337),#311,.T.);
#2029=ADVANCED_FACE('',(#338),#278,.F.);
#2030=ADVANCED_FACE('',(#339),#279,.T.);
#2031=ADVANCED_FACE('',(#340),#280,.F.);
#2032=ADVANCED_FACE('',(#341),#281,.T.);
#2033=ADVANCED_FACE('',(#342),#282,.T.);
#2034=ADVANCED_FACE('',(#343),#283,.T.);
#2035=ADVANCED_FACE('',(#344),#284,.T.);
#2036=ADVANCED_FACE('',(#345),#285,.T.);
#2037=ADVANCED_FACE('',(#346),#286,.T.);
#2038=ADVANCED_FACE('',(#347),#287,.T.);
#2039=ADVANCED_FACE('',(#348,#75),#288,.T.);
#2040=ADVANCED_FACE('',(#349),#289,.F.);
#2041=ADVANCED_FACE('',(#350,#76),#290,.F.);
#2042=ADVANCED_FACE('',(#351),#15,.T.);
#2043=ADVANCED_FACE('',(#352),#16,.F.);
#2044=ADVANCED_FACE('',(#353),#17,.T.);
#2045=ADVANCED_FACE('',(#354),#312,.F.);
#2046=ADVANCED_FACE('',(#355),#18,.T.);
#2047=ADVANCED_FACE('',(#356),#313,.F.);
#2048=ADVANCED_FACE('',(#357),#19,.T.);
#2049=ADVANCED_FACE('',(#358),#20,.F.);
#2050=ADVANCED_FACE('',(#359),#21,.T.);
#2051=ADVANCED_FACE('',(#360),#22,.T.);
#2052=ADVANCED_FACE('',(#361),#23,.T.);
#2053=ADVANCED_FACE('',(#362),#24,.T.);
#2054=ADVANCED_FACE('',(#363),#25,.T.);
#2055=ADVANCED_FACE('',(#364),#26,.F.);
#2056=ADVANCED_FACE('',(#365,#77,#78,#79),#291,.T.);
#2057=ADVANCED_FACE('',(#366),#27,.T.);
#2058=ADVANCED_FACE('',(#367),#28,.T.);
#2059=ADVANCED_FACE('',(#368),#29,.T.);
#2060=ADVANCED_FACE('',(#369),#30,.T.);
#2061=ADVANCED_FACE('',(#370),#31,.T.);
#2062=ADVANCED_FACE('',(#371),#32,.F.);
#2063=ADVANCED_FACE('',(#372),#292,.F.);
#2064=ADVANCED_FACE('',(#373),#314,.F.);
#2065=ADVANCED_FACE('',(#374),#293,.F.);
#2066=ADVANCED_FACE('',(#375),#294,.T.);
#2067=ADVANCED_FACE('',(#376),#295,.F.);
#2068=ADVANCED_FACE('',(#377),#315,.F.);
#2069=ADVANCED_FACE('',(#378),#296,.F.);
#2070=ADVANCED_FACE('',(#379),#297,.T.);
#2071=ADVANCED_FACE('',(#380),#298,.F.);
#2072=ADVANCED_FACE('',(#381),#2012,.F.);
#2073=ADVANCED_FACE('',(#382),#33,.F.);
#2074=ADVANCED_FACE('',(#383),#316,.F.);
#2075=ADVANCED_FACE('',(#384),#2013,.F.);
#2076=ADVANCED_FACE('',(#385),#34,.F.);
#2077=ADVANCED_FACE('',(#386),#299,.F.);
#2078=ADVANCED_FACE('',(#387),#317,.F.);
#2079=ADVANCED_FACE('',(#388),#318,.F.);
#2080=ADVANCED_FACE('',(#389),#300,.F.);
#2081=ADVANCED_FACE('',(#390),#319,.F.);
#2082=ADVANCED_FACE('',(#391),#35,.T.);
#2083=ADVANCED_FACE('',(#392),#36,.T.);
#2084=ADVANCED_FACE('',(#393),#37,.T.);
#2085=ADVANCED_FACE('',(#394),#320,.F.);
#2086=ADVANCED_FACE('',(#395),#38,.T.);
#2087=ADVANCED_FACE('',(#396),#321,.F.);
#2088=ADVANCED_FACE('',(#397),#2014,.F.);
#2089=ADVANCED_FACE('',(#398,#80),#301,.F.);
#2090=ADVANCED_FACE('',(#399),#322,.F.);
#2091=ADVANCED_FACE('',(#400),#2015,.F.);
#2092=ADVANCED_FACE('',(#401,#81),#302,.T.);
#2093=ADVANCED_FACE('',(#402),#323,.F.);
#2094=ADVANCED_FACE('',(#403),#324,.F.);
#2095=ADVANCED_FACE('',(#404),#303,.F.);
#2096=ADVANCED_FACE('',(#405),#39,.F.);
#2097=ADVANCED_FACE('',(#406),#40,.F.);
#2098=ADVANCED_FACE('',(#407),#41,.F.);
#2099=ADVANCED_FACE('',(#408),#42,.F.);
#2100=ADVANCED_FACE('',(#409),#43,.F.);
#2101=ADVANCED_FACE('',(#410),#44,.F.);
#2102=ADVANCED_FACE('',(#411),#304,.F.);
#2103=ADVANCED_FACE('',(#412),#305,.F.);
#2104=ADVANCED_FACE('',(#413),#45,.F.);
#2105=ADVANCED_FACE('',(#414),#46,.F.);
#2106=ADVANCED_FACE('',(#415),#47,.F.);
#2107=ADVANCED_FACE('',(#416),#48,.F.);
#2108=ADVANCED_FACE('',(#417),#49,.F.);
#2109=ADVANCED_FACE('',(#418),#50,.F.);
#2110=ADVANCED_FACE('',(#419),#51,.F.);
#2111=ADVANCED_FACE('',(#420),#52,.F.);
#2112=ADVANCED_FACE('',(#421),#53,.F.);
#2113=ADVANCED_FACE('',(#422),#54,.F.);
#2114=ADVANCED_FACE('',(#423),#55,.F.);
#2115=ADVANCED_FACE('',(#424),#56,.F.);
#2116=ADVANCED_FACE('',(#425),#57,.F.);
#2117=ADVANCED_FACE('',(#426),#58,.F.);
#2118=ADVANCED_FACE('',(#427),#59,.F.);
#2119=ADVANCED_FACE('',(#428),#60,.F.);
#2120=ADVANCED_FACE('',(#429),#61,.F.);
#2121=ADVANCED_FACE('',(#430),#62,.F.);
#2122=ADVANCED_FACE('',(#431),#63,.F.);
#2123=ADVANCED_FACE('',(#432),#64,.F.);
#2124=ADVANCED_FACE('',(#433),#65,.F.);
#2125=ADVANCED_FACE('',(#434),#66,.F.);
#2126=ADVANCED_FACE('',(#435),#67,.F.);
#2127=ADVANCED_FACE('',(#436),#68,.F.);
#2128=ADVANCED_FACE('',(#437),#69,.F.);
#2129=ADVANCED_FACE('',(#438),#70,.F.);
#2130=ADVANCED_FACE('',(#439),#71,.F.);
#2131=ADVANCED_FACE('',(#440),#72,.F.);
#2132=ADVANCED_FACE('',(#441),#73,.F.);
#2133=ADVANCED_FACE('',(#442),#74,.F.);
#2134=CLOSED_SHELL('',(#2016,#2017,#2018,#2019,#2020,#2021,#2022,#2023,
#2024,#2025,#2026,#2027,#2028,#2029,#2030,#2031,#2032,#2033,#2034,#2035,
#2036,#2037,#2038,#2039,#2040,#2041,#2042,#2043,#2044,#2045,#2046,#2047,
#2048,#2049,#2050,#2051,#2052,#2053,#2054,#2055,#2056,#2057,#2058,#2059,
#2060,#2061,#2062,#2063,#2064,#2065,#2066,#2067,#2068,#2069,#2070,#2071,
#2072,#2073,#2074,#2075,#2076,#2077,#2078,#2079,#2080,#2081,#2082,#2083,
#2084,#2085,#2086,#2087,#2088,#2089,#2090,#2091,#2092,#2093,#2094,#2095,
#2096,#2097,#2098,#2099,#2100,#2101,#2102,#2103,#2104,#2105,#2106,#2107,
#2108,#2109,#2110,#2111,#2112,#2113,#2114,#2115,#2116,#2117,#2118,#2119,
#2120,#2121,#2122,#2123,#2124,#2125,#2126,#2127,#2128,#2129,#2130,#2131,
#2132,#2133));
#2135=DERIVED_UNIT_ELEMENT(#2137,1.);
#2136=DERIVED_UNIT_ELEMENT(#5624,-3.);
#2137=(
MASS_UNIT()
NAMED_UNIT(*)
SI_UNIT(.KILO.,.GRAM.)
);
#2138=DERIVED_UNIT((#2135,#2136));
#2139=MEASURE_REPRESENTATION_ITEM('density measure',
POSITIVE_RATIO_MEASURE(7850.),#2138);
#2140=PROPERTY_DEFINITION_REPRESENTATION(#2145,#2142);
#2141=PROPERTY_DEFINITION_REPRESENTATION(#2146,#2143);
#2142=REPRESENTATION('material name',(#2144),#5621);
#2143=REPRESENTATION('density',(#2139),#5621);
#2144=DESCRIPTIVE_REPRESENTATION_ITEM('Steel','Steel');
#2145=PROPERTY_DEFINITION('material property','material name',#5631);
#2146=PROPERTY_DEFINITION('material property','density of part',#5631);
#2147=AXIS2_PLACEMENT_3D('',#2537,#2243,#2244);
#2148=AXIS2_PLACEMENT_3D('',#2538,#2245,#2246);
#2149=AXIS2_PLACEMENT_3D('',#2543,#2248,#2249);
#2150=AXIS2_PLACEMENT_3D('',#2545,#2250,#2251);
#2151=AXIS2_PLACEMENT_3D('',#2547,#2252,#2253);
#2152=AXIS2_PLACEMENT_3D('',#2549,#2254,#2255);
#2153=AXIS2_PLACEMENT_3D('',#2554,#2256,#2257);
#2154=AXIS2_PLACEMENT_3D('',#2555,#2258,#2259);
#2155=AXIS2_PLACEMENT_3D('',#2559,#2261,#2262);
#2156=AXIS2_PLACEMENT_3D('',#2561,#2264,#2265);
#2157=AXIS2_PLACEMENT_3D('',#2563,#2266,#2267);
#2158=AXIS2_PLACEMENT_3D('',#2565,#2269,#2270);
#2159=AXIS2_PLACEMENT_3D('',#2572,#2271,#2272);
#2160=AXIS2_PLACEMENT_3D('',#2573,#2273,#2274);
#2161=AXIS2_PLACEMENT_3D('',#2575,#2275,#2276);
#2162=AXIS2_PLACEMENT_3D('',#2578,#2278,#2279);
#2163=AXIS2_PLACEMENT_3D('',#2579,#2280,#2281);
#2164=AXIS2_PLACEMENT_3D('',#2585,#2285,#2286);
#2165=AXIS2_PLACEMENT_3D('',#2587,#2287,#2288);
#2166=AXIS2_PLACEMENT_3D('',#2590,#2290,#2291);
#2167=AXIS2_PLACEMENT_3D('',#2591,#2292,#2293);
#2168=AXIS2_PLACEMENT_3D('',#2597,#2297,#2298);
#2169=AXIS2_PLACEMENT_3D('',#2606,#2303,#2304);
#2170=AXIS2_PLACEMENT_3D('',#2613,#2309,#2310);
#2171=AXIS2_PLACEMENT_3D('',#2618,#2314,#2315);
#2172=AXIS2_PLACEMENT_3D('',#2619,#2316,#2317);
#2173=AXIS2_PLACEMENT_3D('',#2625,#2321,#2322);
#2174=AXIS2_PLACEMENT_3D('',#2626,#2323,#2324);
#2175=AXIS2_PLACEMENT_3D('',#2627,#2325,#2326);
#2176=AXIS2_PLACEMENT_3D('',#2628,#2327,#2328);
#2177=AXIS2_PLACEMENT_3D('',#2629,#2329,#2330);
#2178=AXIS2_PLACEMENT_3D('',#2649,#2335,#2336);
#2179=AXIS2_PLACEMENT_3D('',#2724,#2339,#2340);
#2180=AXIS2_PLACEMENT_3D('',#2801,#2344,#2345);
#2181=AXIS2_PLACEMENT_3D('',#2802,#2346,#2347);
#2182=AXIS2_PLACEMENT_3D('',#2820,#2351,#2352);
#2183=AXIS2_PLACEMENT_3D('',#2828,#2357,#2358);
#2184=AXIS2_PLACEMENT_3D('',#2832,#2361,#2362);
#2185=AXIS2_PLACEMENT_3D('',#2837,#2366,#2367);
#2186=AXIS2_PLACEMENT_3D('',#2841,#2370,#2371);
#2187=AXIS2_PLACEMENT_3D('',#2847,#2375,#2376);
#2188=AXIS2_PLACEMENT_3D('',#2850,#2378,#2379);
#2189=AXIS2_PLACEMENT_3D('',#2851,#2380,#2381);
#2190=AXIS2_PLACEMENT_3D('',#2858,#2382,#2383);
#2191=AXIS2_PLACEMENT_3D('',#2861,#2385,#2386);
#2192=AXIS2_PLACEMENT_3D('',#3081,#2388,#2389);
#2193=AXIS2_PLACEMENT_3D('',#3110,#2390,#2391);
#2194=AXIS2_PLACEMENT_3D('',#3167,#2392,#2393);
#2195=AXIS2_PLACEMENT_3D('',#3169,#2394,#2395);
#2196=AXIS2_PLACEMENT_3D('',#3676,#2402,#2403);
#2197=AXIS2_PLACEMENT_3D('',#3777,#2411,#2412);
#2198=AXIS2_PLACEMENT_3D('',#3779,#2413,#2414);
#2199=AXIS2_PLACEMENT_3D('',#3996,#2419,#2420);
#2200=AXIS2_PLACEMENT_3D('',#3997,#2421,#2422);
#2201=AXIS2_PLACEMENT_3D('',#4001,#2424,#2425);
#2202=AXIS2_PLACEMENT_3D('',#4003,#2427,#2428);
#2203=AXIS2_PLACEMENT_3D('',#4005,#2430,#2431);
#2204=AXIS2_PLACEMENT_3D('',#4007,#2433,#2434);
#2205=AXIS2_PLACEMENT_3D('',#4008,#2435,#2436);
#2206=AXIS2_PLACEMENT_3D('',#4012,#2438,#2439);
#2207=AXIS2_PLACEMENT_3D('',#4014,#2441,#2442);
#2208=AXIS2_PLACEMENT_3D('',#4016,#2444,#2445);
#2209=AXIS2_PLACEMENT_3D('',#4018,#2447,#2448);
#2210=AXIS2_PLACEMENT_3D('',#4019,#2449,#2450);
#2211=AXIS2_PLACEMENT_3D('',#4021,#2451,#2452);
#2212=AXIS2_PLACEMENT_3D('',#4025,#2454,#2455);
#2213=AXIS2_PLACEMENT_3D('',#4032,#2456,#2457);
#2214=AXIS2_PLACEMENT_3D('',#4091,#2459,#2460);
#2215=AXIS2_PLACEMENT_3D('',#4093,#2462,#2463);
#2216=AXIS2_PLACEMENT_3D('',#4095,#2464,#2465);
#2217=AXIS2_PLACEMENT_3D('',#4098,#2467,#2468);
#2218=AXIS2_PLACEMENT_3D('',#4163,#2470,#2471);
#2219=AXIS2_PLACEMENT_3D('',#4164,#2472,#2473);
#2220=AXIS2_PLACEMENT_3D('',#4166,#2475,#2476);
#2221=AXIS2_PLACEMENT_3D('',#4207,#2477,#2478);
#2222=AXIS2_PLACEMENT_3D('',#4208,#2479,#2480);
#2223=AXIS2_PLACEMENT_3D('',#4489,#2481,#2482);
#2224=AXIS2_PLACEMENT_3D('',#4491,#2483,#2484);
#2225=AXIS2_PLACEMENT_3D('',#4568,#2486,#2487);
#2226=AXIS2_PLACEMENT_3D('',#4570,#2488,#2489);
#2227=AXIS2_PLACEMENT_3D('',#4572,#2491,#2492);
#2228=AXIS2_PLACEMENT_3D('',#4574,#2493,#2494);
#2229=AXIS2_PLACEMENT_3D('',#4577,#2496,#2497);
#2230=AXIS2_PLACEMENT_3D('',#4578,#2498,#2499);
#2231=AXIS2_PLACEMENT_3D('',#4579,#2500,#2501);
#2232=AXIS2_PLACEMENT_3D('',#4581,#2503,#2504);
#2233=AXIS2_PLACEMENT_3D('',#4583,#2505,#2506);
#2234=AXIS2_PLACEMENT_3D('',#4586,#2508,#2509);
#2235=AXIS2_PLACEMENT_3D('',#4587,#2510,#2511);
#2236=AXIS2_PLACEMENT_3D('',#4588,#2512,#2513);
#2237=AXIS2_PLACEMENT_3D('',#4590,#2515,#2516);
#2238=AXIS2_PLACEMENT_3D('',#4591,#2517,#2518);
#2239=AXIS2_PLACEMENT_3D('',#4797,#2522,#2523);
#2240=AXIS2_PLACEMENT_3D('',#4827,#2524,#2525);
#2241=AXIS2_PLACEMENT_3D('',#5040,#2528,#2529);
#2242=AXIS2_PLACEMENT_3D('',#5202,#2530,#2531);
#2243=DIRECTION('axis',(0.,0.,1.));
#2244=DIRECTION('refdir',(1.,0.,0.));
#2245=DIRECTION('center_axis',(-1.,0.,0.));
#2246=DIRECTION('ref_axis',(0.,0.340306243164739,-0.940314660559486));
#2247=DIRECTION('',(0.707106705453922,-0.334554093347469,0.622955588887806));
#2248=DIRECTION('center_axis',(1.,0.,0.));
#2249=DIRECTION('ref_axis',(0.,-0.839950404123307,0.54266317233906));
#2250=DIRECTION('center_axis',(-1.,0.,0.));
#2251=DIRECTION('ref_axis',(0.,0.340306243164739,-0.940314660559486));
#2252=DIRECTION('center_axis',(1.,0.,0.));
#2253=DIRECTION('ref_axis',(0.,-0.839950404123307,0.54266317233906));
#2254=DIRECTION('center_axis',(-1.,0.,0.));
#2255=DIRECTION('ref_axis',(0.,0.340306243164739,-0.940314660559486));
#2256=DIRECTION('center_axis',(1.,0.,0.));
#2257=DIRECTION('ref_axis',(0.,0.340306243164739,-0.940314660559486));
#2258=DIRECTION('center_axis',(1.,0.,0.));
#2259=DIRECTION('ref_axis',(0.,0.340306243164739,-0.940314660559486));
#2260=DIRECTION('',(-1.,0.,0.));
#2261=DIRECTION('center_axis',(1.,0.,0.));
#2262=DIRECTION('ref_axis',(0.,0.340306243164739,-0.940314660559486));
#2263=DIRECTION('',(1.,0.,0.));
#2264=DIRECTION('center_axis',(1.,0.,0.));
#2265=DIRECTION('ref_axis',(0.,0.340306243164739,-0.940314660559486));
#2266=DIRECTION('center_axis',(0.707106781186548,0.,0.707106781186547));
#2267=DIRECTION('ref_axis',(-0.707106781186547,0.,0.707106781186548));
#2268=DIRECTION('',(1.,0.,0.));
#2269=DIRECTION('center_axis',(1.,0.,0.));
#2270=DIRECTION('ref_axis',(0.,0.340306243164739,-0.940314660559486));
#2271=DIRECTION('center_axis',(1.,0.,0.));
#2272=DIRECTION('ref_axis',(0.,0.340306243164739,-0.940314660559486));
#2273=DIRECTION('center_axis',(-1.,0.,0.));
#2274=DIRECTION('ref_axis',(0.,-0.839950404123307,0.54266317233906));
#2275=DIRECTION('center_axis',(-1.,0.,0.));
#2276=DIRECTION('ref_axis',(0.,-0.839950404123307,0.54266317233906));
#2277=DIRECTION('',(0.707106705453922,0.334554093347469,-0.622955588887806));
#2278=DIRECTION('center_axis',(-1.,0.,0.));
#2279=DIRECTION('ref_axis',(0.,0.340306243164739,-0.940314660559486));
#2280=DIRECTION('center_axis',(0.,0.880992148205149,0.473130885486116));
#2281=DIRECTION('ref_axis',(0.,-0.473130885486116,0.880992148205149));
#2282=DIRECTION('',(0.,0.473130885486116,-0.880992148205149));
#2283=DIRECTION('',(-1.,0.,0.));
#2284=DIRECTION('',(0.,0.473130885486116,-0.880992148205149));
#2285=DIRECTION('center_axis',(1.,0.,0.));
#2286=DIRECTION('ref_axis',(0.,-0.639670339416887,0.768649371866187));
#2287=DIRECTION('center_axis',(1.,0.,0.));
#2288=DIRECTION('ref_axis',(0.,-0.639670339416887,0.768649371866187));
#2289=DIRECTION('',(1.,0.,0.));
#2290=DIRECTION('center_axis',(1.,0.,0.));
#2291=DIRECTION('ref_axis',(0.,-0.639670339416887,0.768649371866187));
#2292=DIRECTION('center_axis',(0.,0.92807423497855,0.372395239455313));
#2293=DIRECTION('ref_axis',(0.,-0.372395239455313,0.928074234978549));
#2294=DIRECTION('',(0.,0.372395239455313,-0.928074234978549));
#2295=DIRECTION('',(1.,0.,0.));
#2296=DIRECTION('',(0.,0.372395239455313,-0.928074234978549));
#2297=DIRECTION('center_axis',(0.,0.92807423497855,0.372395239455313));
#2298=DIRECTION('ref_axis',(0.,-0.372395239455313,0.928074234978549));
#2299=DIRECTION('',(0.,-0.372395239455313,0.928074234978549));
#2300=DIRECTION('',(1.,0.,0.));
#2301=DIRECTION('',(0.,-0.372395239455313,0.928074234978549));
#2302=DIRECTION('',(1.,0.,0.));
#2303=DIRECTION('center_axis',(0.,0.203961281706027,0.978978955629198));
#2304=DIRECTION('ref_axis',(0.,-0.978978955629198,0.203961281706027));
#2305=DIRECTION('',(0.,0.978978955629198,-0.203961281706027));
#2306=DIRECTION('',(0.,0.978978955629198,-0.203961281706027));
#2307=DIRECTION('',(-0.199846802574167,0.959230165810982,-0.199846802574167));
#2308=DIRECTION('',(1.,0.,0.));
#2309=DIRECTION('center_axis',(0.,0.203961281706027,0.978978955629198));
#2310=DIRECTION('ref_axis',(0.,-0.978978955629198,0.203961281706027));
#2311=DIRECTION('',(-0.199846802574167,-0.959230165810982,0.199846802574167));
#2312=DIRECTION('',(0.,-0.978978955629198,0.203961281706027));
#2313=DIRECTION('',(0.,-0.978978955629198,0.203961281706027));
#2314=DIRECTION('center_axis',(1.,0.,0.));
#2315=DIRECTION('ref_axis',(0.,1.,0.));
#2316=DIRECTION('center_axis',(0.,0.880992148205149,0.473130885486116));
#2317=DIRECTION('ref_axis',(0.,-0.473130885486116,0.880992148205149));
#2318=DIRECTION('',(0.,-0.473130885486116,0.880992148205149));
#2319=DIRECTION('',(-1.,0.,0.));
#2320=DIRECTION('',(0.,-0.473130885486116,0.880992148205149));
#2321=DIRECTION('center_axis',(1.,0.,0.));
#2322=DIRECTION('ref_axis',(0.,-0.639670339416887,0.768649371866187));
#2323=DIRECTION('center_axis',(-1.,0.,0.));
#2324=DIRECTION('ref_axis',(0.,-0.639670339416887,0.768649371866187));
#2325=DIRECTION('center_axis',(-1.,0.,0.));
#2326=DIRECTION('ref_axis',(0.,-0.639670339416887,0.768649371866187));
#2327=DIRECTION('center_axis',(1.,0.,0.));
#2328=DIRECTION('ref_axis',(0.,1.,0.));
#2329=DIRECTION('center_axis',(-0.707106781186548,0.,-0.707106781186547));
#2330=DIRECTION('ref_axis',(-0.707106781186547,0.,0.707106781186548));
#2331=DIRECTION('',(0.,-1.,0.));
#2332=DIRECTION('',(0.,1.,0.));
#2333=DIRECTION('',(-0.707106781186547,0.,0.707106781186548));
#2334=DIRECTION('',(0.,-1.,0.));
#2335=DIRECTION('center_axis',(1.,0.,0.));
#2336=DIRECTION('ref_axis',(0.,1.,0.));
#2337=DIRECTION('',(0.,-0.31925595977273,0.947668524405867));
#2338=DIRECTION('',(0.,-1.64084662973344E-31,1.));
#2339=DIRECTION('center_axis',(1.,0.,0.));
#2340=DIRECTION('ref_axis',(0.,1.,0.));
#2341=DIRECTION('',(0.,1.,0.));
#2342=DIRECTION('',(0.,-1.64084662973344E-31,1.));
#2343=DIRECTION('',(0.,-0.31925595977273,0.947668524405867));
#2344=DIRECTION('center_axis',(0.707106781186548,0.,-0.707106781186547));
#2345=DIRECTION('ref_axis',(-0.707106781186547,0.,-0.707106781186548));
#2346=DIRECTION('center_axis',(-0.707106781186548,0.,0.707106781186547));
#2347=DIRECTION('ref_axis',(0.707106781186547,0.,0.707106781186548));
#2348=DIRECTION('',(0.,1.,0.));
#2349=DIRECTION('',(-0.707106781186547,0.,-0.707106781186548));
#2350=DIRECTION('',(0.,-1.,0.));
#2351=DIRECTION('center_axis',(0.707106781186548,0.707106781186548,0.));
#2352=DIRECTION('ref_axis',(0.,0.,-1.));
#2353=DIRECTION('',(0.,0.,-1.));
#2354=DIRECTION('',(0.707103539966843,-0.707103539966843,0.00302779337427515));
#2355=DIRECTION('',(0.,0.,1.));
#2356=DIRECTION('',(0.678598344545847,-0.678598344545847,-0.281084637714822));
#2357=DIRECTION('center_axis',(0.5,0.707106781186548,-0.499999999999999));
#2358=DIRECTION('ref_axis',(-0.707106781186547,0.,-0.707106781186548));
#2359=DIRECTION('',(0.707106781186547,0.,0.707106781186548));
#2360=DIRECTION('',(0.281084637714822,-0.678598344545847,-0.678598344545847));
#2361=DIRECTION('center_axis',(0.,0.707106781186548,-0.707106781186548));
#2362=DIRECTION('ref_axis',(-1.,0.,0.));
#2363=DIRECTION('',(-1.,0.,0.));
#2364=DIRECTION('',(1.,0.,0.));
#2365=DIRECTION('',(-0.281084637714822,-0.678598344545847,-0.678598344545847));
#2366=DIRECTION('center_axis',(-0.5,0.707106781186548,-0.499999999999999));
#2367=DIRECTION('ref_axis',(-0.707106781186547,0.,0.707106781186548));
#2368=DIRECTION('',(0.707106781186547,0.,-0.707106781186548));
#2369=DIRECTION('',(-0.678598344545847,-0.678598344545847,-0.281084637714822));
#2370=DIRECTION('center_axis',(-0.707106781186548,0.707106781186548,0.));
#2371=DIRECTION('ref_axis',(0.,0.,1.));
#2372=DIRECTION('',(0.,0.,-1.));
#2373=DIRECTION('',(0.707103539966843,0.707103539966843,-0.00302779337427515));
#2374=DIRECTION('',(0.,0.,1.));
#2375=DIRECTION('center_axis',(1.,0.,0.));
#2376=DIRECTION('ref_axis',(0.,1.,0.));
#2377=DIRECTION('',(0.,0.999990832509304,-0.00428192682665615));
#2378=DIRECTION('center_axis',(1.,0.,0.));
#2379=DIRECTION('ref_axis',(0.,1.,0.));
#2380=DIRECTION('center_axis',(0.,0.,1.));
#2381=DIRECTION('ref_axis',(0.,-1.,0.));
#2382=DIRECTION('center_axis',(1.,0.,0.));
#2383=DIRECTION('ref_axis',(0.,1.,0.));
#2384=DIRECTION('',(0.,0.999990832509304,-0.00428192682665615));
#2385=DIRECTION('center_axis',(1.,0.,0.));
#2386=DIRECTION('ref_axis',(0.,1.,0.));
#2387=DIRECTION('',(8.94069661041192E-8,0.,0.999999999999996));
#2388=DIRECTION('center_axis',(0.,-1.,0.));
#2389=DIRECTION('ref_axis',(1.,0.,0.));
#2390=DIRECTION('center_axis',(0.,1.,0.));
#2391=DIRECTION('ref_axis',(1.,0.,0.));
#2392=DIRECTION('center_axis',(0.,-1.,0.));
#2393=DIRECTION('ref_axis',(-1.,0.,5.22591935683562E-12));
#2394=DIRECTION('center_axis',(0.,1.,0.));
#2395=DIRECTION('ref_axis',(1.,0.,0.));
#2396=DIRECTION('',(-8.94069661041079E-8,0.,-0.999999999999996));
#2397=DIRECTION('',(0.707106781186561,-0.114018483217113,0.697853699198371));
#2398=DIRECTION('',(-0.705905715871915,0.135338654268177,-0.695255757948281));
#2399=DIRECTION('',(-0.705905716153334,-0.135338653709625,0.695255757771279));
#2400=DIRECTION('',(0.70710678118655,0.114018483217048,-0.697853699198392));
#2401=DIRECTION('',(1.,0.,0.));
#2402=DIRECTION('center_axis',(0.,1.,0.));
#2403=DIRECTION('ref_axis',(0.,0.,1.));
#2404=DIRECTION('',(0.,0.,-1.));
#2405=DIRECTION('',(1.,0.,0.));
#2406=DIRECTION('',(0.,0.,1.));
#2407=DIRECTION('',(0.,0.,-1.));
#2408=DIRECTION('',(1.,0.,0.));
#2409=DIRECTION('',(0.,0.,1.));
#2410=DIRECTION('',(1.,0.,0.));
#2411=DIRECTION('center_axis',(0.,-1.,0.));
#2412=DIRECTION('ref_axis',(1.,0.,0.));
#2413=DIRECTION('center_axis',(0.,-1.,0.));
#2414=DIRECTION('ref_axis',(1.,0.,0.));
#2415=DIRECTION('',(0.707106781186546,-0.114018483217049,0.697853699198396));
#2416=DIRECTION('',(-0.705905716592962,0.135338652836985,-0.695255757494784));
#2417=DIRECTION('',(-0.705905716717241,-0.135338652590392,0.695255757416604));
#2418=DIRECTION('',(0.707106781186549,0.11401848321711,-0.697853699198383));
#2419=DIRECTION('center_axis',(0.,0.947668524405867,0.31925595977273));
#2420=DIRECTION('ref_axis',(0.,-0.31925595977273,0.947668524405867));
#2421=DIRECTION('center_axis',(0.,0.,1.));
#2422=DIRECTION('ref_axis',(-3.80131987169006E-10,-1.,0.));
#2423=DIRECTION('',(0.,0.,1.));
#2424=DIRECTION('center_axis',(0.,0.,-1.));
#2425=DIRECTION('ref_axis',(-1.,0.,0.));
#2426=DIRECTION('',(0.,0.,-1.));
#2427=DIRECTION('center_axis',(-1.,0.,0.));
#2428=DIRECTION('ref_axis',(0.,-1.,0.));
#2429=DIRECTION('',(0.,1.,0.));
#2430=DIRECTION('center_axis',(0.,0.,1.));
#2431=DIRECTION('ref_axis',(1.,0.,0.));
#2432=DIRECTION('',(0.,-1.,0.));
#2433=DIRECTION('center_axis',(1.,0.,0.));
#2434=DIRECTION('ref_axis',(0.,1.,0.));
#2435=DIRECTION('center_axis',(0.,0.,1.));
#2436=DIRECTION('ref_axis',(-1.6789131768523E-10,-1.,0.));
#2437=DIRECTION('',(0.,0.,1.));
#2438=DIRECTION('center_axis',(0.,0.,-1.));
#2439=DIRECTION('ref_axis',(-1.,0.,0.));
#2440=DIRECTION('',(0.,0.,-1.));
#2441=DIRECTION('center_axis',(-1.,0.,0.));
#2442=DIRECTION('ref_axis',(0.,-1.,0.));
#2443=DIRECTION('',(0.,1.,0.));
#2444=DIRECTION('center_axis',(0.,0.,1.));
#2445=DIRECTION('ref_axis',(1.,0.,0.));
#2446=DIRECTION('',(0.,-1.,0.));
#2447=DIRECTION('center_axis',(1.,0.,0.));
#2448=DIRECTION('ref_axis',(0.,1.,0.));
#2449=DIRECTION('center_axis',(0.,-1.,0.));
#2450=DIRECTION('ref_axis',(1.,0.,0.));
#2451=DIRECTION('center_axis',(0.,1.,0.));
#2452=DIRECTION('ref_axis',(1.,0.,0.));
#2453=DIRECTION('',(-0.707106781186541,-0.707106781186554,8.65956056235486E-17));
#2454=DIRECTION('center_axis',(0.,-1.,0.));
#2455=DIRECTION('ref_axis',(1.,0.,0.));
#2456=DIRECTION('center_axis',(0.,-1.,0.));
#2457=DIRECTION('ref_axis',(1.,0.,0.));
#2458=DIRECTION('',(8.94069661041127E-8,0.,-0.999999999999996));
#2459=DIRECTION('center_axis',(0.,-1.,0.));
#2460=DIRECTION('ref_axis',(1.,0.,0.));
#2461=DIRECTION('',(0.,-1.,0.));
#2462=DIRECTION('center_axis',(0.,-1.,0.));
#2463=DIRECTION('ref_axis',(1.,0.,0.));
#2464=DIRECTION('center_axis',(0.,1.,0.));
#2465=DIRECTION('ref_axis',(1.,0.,0.));
#2466=DIRECTION('',(-0.707106781186543,-0.707106781186552,8.65956056235487E-17));
#2467=DIRECTION('center_axis',(0.,-1.,0.));
#2468=DIRECTION('ref_axis',(1.,0.,0.));
#2469=DIRECTION('',(-8.94069661041182E-8,0.,0.999999999999996));
#2470=DIRECTION('center_axis',(0.,1.,0.));
#2471=DIRECTION('ref_axis',(1.,0.,0.));
#2472=DIRECTION('center_axis',(0.,-1.,0.));
#2473=DIRECTION('ref_axis',(1.,0.,0.));
#2474=DIRECTION('',(0.,-1.,0.));
#2475=DIRECTION('center_axis',(0.,-1.,0.));
#2476=DIRECTION('ref_axis',(1.,0.,0.));
#2477=DIRECTION('center_axis',(0.,1.,0.));
#2478=DIRECTION('ref_axis',(1.,0.,0.));
#2479=DIRECTION('center_axis',(0.,-1.,0.));
#2480=DIRECTION('ref_axis',(-1.,0.,-7.57637584857654E-9));
#2481=DIRECTION('center_axis',(-1.,0.,0.));
#2482=DIRECTION('ref_axis',(0.,1.,0.));
#2483=DIRECTION('center_axis',(1.,0.,0.));
#2484=DIRECTION('ref_axis',(0.,1.,0.));
#2485=DIRECTION('',(-1.,0.,0.));
#2486=DIRECTION('center_axis',(1.,0.,0.));
#2487=DIRECTION('ref_axis',(0.,1.,0.));
#2488=DIRECTION('center_axis',(1.,0.,0.));
#2489=DIRECTION('ref_axis',(0.,1.,0.));
#2490=DIRECTION('',(1.,0.,0.));
#2491=DIRECTION('center_axis',(-1.,0.,0.));
#2492=DIRECTION('ref_axis',(0.,1.,0.));
#2493=DIRECTION('center_axis',(1.,0.,0.));
#2494=DIRECTION('ref_axis',(0.,1.,0.));
#2495=DIRECTION('',(-0.707106781186555,-0.70710678118654,-8.65956056235484E-17));
#2496=DIRECTION('center_axis',(-1.,0.,0.));
#2497=DIRECTION('ref_axis',(0.,1.,0.));
#2498=DIRECTION('center_axis',(1.,0.,0.));
#2499=DIRECTION('ref_axis',(0.,1.,0.));
#2500=DIRECTION('center_axis',(1.,0.,0.));
#2501=DIRECTION('ref_axis',(0.,1.,0.));
#2502=DIRECTION('',(1.,0.,0.));
#2503=DIRECTION('center_axis',(1.,0.,0.));
#2504=DIRECTION('ref_axis',(0.,1.,0.));
#2505=DIRECTION('center_axis',(-1.,0.,0.));
#2506=DIRECTION('ref_axis',(0.,1.,0.));
#2507=DIRECTION('',(0.707106781186555,-0.70710678118654,8.65956056235484E-17));
#2508=DIRECTION('center_axis',(1.,0.,0.));
#2509=DIRECTION('ref_axis',(0.,1.,0.));
#2510=DIRECTION('center_axis',(1.,0.,0.));
#2511=DIRECTION('ref_axis',(0.,1.,0.));
#2512=DIRECTION('center_axis',(1.,0.,0.));
#2513=DIRECTION('ref_axis',(0.,1.,0.));
#2514=DIRECTION('',(1.,0.,0.));
#2515=DIRECTION('center_axis',(1.,0.,0.));
#2516=DIRECTION('ref_axis',(0.,0.340306243164739,-0.940314660559486));
#2517=DIRECTION('center_axis',(0.,-0.00428192682665615,-0.999990832509304));
#2518=DIRECTION('ref_axis',(0.,0.999990832509304,-0.00428192682665615));
#2519=DIRECTION('',(-0.894427212324721,0.,0.447213552850345));
#2520=DIRECTION('',(0.894427212324721,0.,0.447213552850344));
#2521=DIRECTION('',(-1.,0.,0.));
#2522=DIRECTION('center_axis',(1.04342018167933E-49,1.,1.64084662973344E-31));
#2523=DIRECTION('ref_axis',(0.,-1.64084662973344E-31,1.));
#2524=DIRECTION('center_axis',(1.04342018167933E-49,1.,1.64084662973344E-31));
#2525=DIRECTION('ref_axis',(0.,-1.64084662973344E-31,1.));
#2526=DIRECTION('',(0.894427212324721,0.,-0.447213552850344));
#2527=DIRECTION('',(-0.371390676354101,0.,-0.928476690885261));
#2528=DIRECTION('center_axis',(8.9406965441152E-8,9.25185853854291E-17,
0.999999999999996));
#2529=DIRECTION('ref_axis',(0.,-1.,9.25185853854295E-17));
#2530=DIRECTION('center_axis',(-8.94069655190048E-8,-9.25185853854291E-17,
-0.999999999999996));
#2531=DIRECTION('ref_axis',(0.,-1.,9.25185853854295E-17));
#2532=DIRECTION('',(0.371390676354104,0.,-0.928476690885259));
#2533=DIRECTION('',(-0.894427212324721,0.,-0.447213552850345));
#2534=DIRECTION('',(-1.,0.,0.));
#2535=DIRECTION('',(-0.371390676354096,0.,0.928476690885262));
#2536=DIRECTION('',(0.371390676354096,0.,0.928476690885262));
#2537=CARTESIAN_POINT('',(0.,0.,0.));
#2538=CARTESIAN_POINT('Origin',(15.2,-200.000002682209,0.));
#2539=CARTESIAN_POINT('',(14.4,-188.644861430542,-21.1438115569236));
#2540=CARTESIAN_POINT('',(16.,-189.40187084732,-19.7342241197953));
#2541=CARTESIAN_POINT('',(15.2,-189.023366057854,-20.4390179893292));
#2542=CARTESIAN_POINT('',(14.4,-191.652176476043,-22.5014180460373));
#2543=CARTESIAN_POINT('Origin',(14.4,-200.000002682209,0.));
#2544=CARTESIAN_POINT('',(14.4,-191.832652729623,-22.5675521756986));
#2545=CARTESIAN_POINT('Origin',(14.4,-200.000002682209,0.));
#2546=CARTESIAN_POINT('',(14.4,-220.174243549612,13.0000002086163));
#2547=CARTESIAN_POINT('Origin',(14.4,-200.000002682209,0.));
#2548=CARTESIAN_POINT('',(14.4,-220.158812381168,13.0239161361374));
#2549=CARTESIAN_POINT('Origin',(14.4,-200.000002682209,0.));
#2550=CARTESIAN_POINT('',(16.,-218.470897713099,12.6722546043647));
#2551=CARTESIAN_POINT('Ctrl Pts',(16.,-218.470897713099,12.6722546043647));
#2552=CARTESIAN_POINT('Ctrl Pts',(15.2320335474195,-219.285752980728,12.8420222217735));
#2553=CARTESIAN_POINT('Ctrl Pts',(14.4,-220.158812381168,13.0239161361374));
#2554=CARTESIAN_POINT('Origin',(16.,-200.000002682209,0.));
#2555=CARTESIAN_POINT('Origin',(0.,-200.000002682209,0.));
#2556=CARTESIAN_POINT('',(-14.4,-191.652176476043,-22.5014180460373));
#2557=CARTESIAN_POINT('',(0.,-191.652176476043,-22.5014180460373));
#2558=CARTESIAN_POINT('',(-14.4,-191.832652729623,-22.5675521756986));
#2559=CARTESIAN_POINT('Origin',(-14.4,-200.000002682209,0.));
#2560=CARTESIAN_POINT('',(0.,-191.832652729623,-22.5675521756986));
#2561=CARTESIAN_POINT('Origin',(0.,-200.000002682209,0.));
#2562=CARTESIAN_POINT('',(14.3760840724788,-220.158812381168,13.0239161361374));
#2563=CARTESIAN_POINT('Origin',(27.4000002086162,-200.000002682209,0.));
#2564=CARTESIAN_POINT('',(0.,-220.158812381168,13.0239161361374));
#2565=CARTESIAN_POINT('Origin',(-15.2,-200.000002682209,0.));
#2566=CARTESIAN_POINT('',(-14.4,-220.158812381168,13.0239161361374));
#2567=CARTESIAN_POINT('',(-16.,-218.470897713099,12.6722546043647));
#2568=CARTESIAN_POINT('Ctrl Pts',(-14.4,-220.158812381168,13.0239161361374));
#2569=CARTESIAN_POINT('Ctrl Pts',(-15.2320335474183,-219.285752980729,12.8420222217737));
#2570=CARTESIAN_POINT('Ctrl Pts',(-16.,-218.470897713099,12.6722546043647));
#2571=CARTESIAN_POINT('',(-14.4,-220.174243549612,13.0000002086163));
#2572=CARTESIAN_POINT('Origin',(-14.4,-200.000002682209,0.));
#2573=CARTESIAN_POINT('Origin',(-14.4,-200.000002682209,0.));
#2574=CARTESIAN_POINT('',(-14.4,-188.644861430542,-21.1438115569236));
#2575=CARTESIAN_POINT('Origin',(-14.4,-200.000002682209,0.));
#2576=CARTESIAN_POINT('',(-16.,-189.40187084732,-19.7342241197953));
#2577=CARTESIAN_POINT('',(-15.2,-189.023366057854,-20.4390179893292));
#2578=CARTESIAN_POINT('Origin',(-16.,-200.000002682209,0.));
#2579=CARTESIAN_POINT('Origin',(0.,-188.644861430542,-21.1438115569236));
#2580=CARTESIAN_POINT('',(-14.4,-195.268693827348,-8.8099214820515));
#2581=CARTESIAN_POINT('',(-14.4,-193.753771631318,-11.630778460079));
#2582=CARTESIAN_POINT('',(-16.,-195.268693827348,-8.8099214820515));
#2583=CARTESIAN_POINT('',(0.,-195.268693827348,-8.8099214820515));
#2584=CARTESIAN_POINT('',(-16.,-195.268693827348,-8.80992148205149));
#2585=CARTESIAN_POINT('Origin',(0.,-200.000002682209,0.));
#2586=CARTESIAN_POINT('',(-14.4,-206.396706076378,7.68649371866188));
#2587=CARTESIAN_POINT('Origin',(-14.4,-200.000002682209,0.));
#2588=CARTESIAN_POINT('',(-16.,-206.396706076378,7.68649371866188));
#2589=CARTESIAN_POINT('',(0.,-206.396706076378,7.68649371866188));
#2590=CARTESIAN_POINT('Origin',(-16.,-200.000002682209,0.));
#2591=CARTESIAN_POINT('Origin',(0.,-206.396706076378,7.68649371866188));
#2592=CARTESIAN_POINT('',(-14.4,-207.478314149594,10.3820506934623));
#2593=CARTESIAN_POINT('',(-14.4,-203.966761982828,1.6306469549896));
#2594=CARTESIAN_POINT('',(-16.,-207.478314149594,10.3820506934623));
#2595=CARTESIAN_POINT('',(0.,-207.478314149594,10.3820506934623));
#2596=CARTESIAN_POINT('',(-16.,-206.396706076378,7.68649371866188));
#2597=CARTESIAN_POINT('Origin',(0.,-206.396706076378,7.68649371866188));
#2598=CARTESIAN_POINT('',(14.4,-206.396706076378,7.68649371866188));
#2599=CARTESIAN_POINT('',(14.4,-207.478314149594,10.3820506934623));
#2600=CARTESIAN_POINT('',(14.4,-203.966761982828,1.6306469549896));
#2601=CARTESIAN_POINT('',(16.,-206.396706076378,7.68649371866188));
#2602=CARTESIAN_POINT('',(0.,-206.396706076378,7.68649371866188));
#2603=CARTESIAN_POINT('',(16.,-207.478314149594,10.3820506934623));
#2604=CARTESIAN_POINT('',(16.,-206.396706076378,7.68649371866188));
#2605=CARTESIAN_POINT('',(0.,-207.478314149594,10.3820506934623));
#2606=CARTESIAN_POINT('Origin',(0.,-207.478314149594,10.3820506934623));
#2607=CARTESIAN_POINT('',(-16.,-220.158812381168,13.0239161361374));
#2608=CARTESIAN_POINT('',(-14.4,-220.044020056116,13.0000002086163));
#2609=CARTESIAN_POINT('',(-14.4,-205.970735361936,10.0679604875029));
#2610=CARTESIAN_POINT('',(-14.3760840724788,-220.158812381168,13.0239161361374));
#2611=CARTESIAN_POINT('',(-17.6839514479322,-204.28161980082,9.71604876068408));
#2612=CARTESIAN_POINT('',(0.,-220.158812381168,13.0239161361374));
#2613=CARTESIAN_POINT('Origin',(0.,-207.478314149594,10.3820506934623));
#2614=CARTESIAN_POINT('',(14.4,-220.044020056116,13.0000002086163));
#2615=CARTESIAN_POINT('',(17.6839514479322,-204.28161980082,9.71604876068408));
#2616=CARTESIAN_POINT('',(14.4,-205.970735361936,10.0679604875029));
#2617=CARTESIAN_POINT('',(16.,-220.158812381168,13.0239161361374));
#2618=CARTESIAN_POINT('Origin',(-16.,-206.322432056376,-5.48804193193128));
#2619=CARTESIAN_POINT('Origin',(0.,-188.644861430542,-21.1438115569236));
#2620=CARTESIAN_POINT('',(16.,-195.268693827348,-8.8099214820515));
#2621=CARTESIAN_POINT('',(16.,-195.268693827348,-8.80992148205149));
#2622=CARTESIAN_POINT('',(14.4,-195.268693827348,-8.8099214820515));
#2623=CARTESIAN_POINT('',(0.,-195.268693827348,-8.8099214820515));
#2624=CARTESIAN_POINT('',(14.4,-193.753771631318,-11.630778460079));
#2625=CARTESIAN_POINT('Origin',(0.,-200.000002682209,0.));
#2626=CARTESIAN_POINT('Origin',(14.4,-200.000002682209,0.));
#2627=CARTESIAN_POINT('Origin',(16.,-200.000002682209,0.));
#2628=CARTESIAN_POINT('Origin',(16.,-206.322432056376,-5.48804193193128));
#2629=CARTESIAN_POINT('Origin',(13.4,-195.476837111251,14.0000002086163));
#2630=CARTESIAN_POINT('',(14.4,-226.859570170453,13.0000002086162));
#2631=CARTESIAN_POINT('',(14.4,-195.476837111251,13.0000002086163));
#2632=CARTESIAN_POINT('',(13.9235296378732,-226.767420778145,13.476470570743));
#2633=CARTESIAN_POINT('Ctrl Pts',(14.4,-226.859570170453,13.0000002086162));
#2634=CARTESIAN_POINT('Ctrl Pts',(14.2411577207769,-226.829154399531,13.1588424878393));
#2635=CARTESIAN_POINT('Ctrl Pts',(14.0823313760877,-226.79843853885,13.3176688325285));
#2636=CARTESIAN_POINT('Ctrl Pts',(13.9235296378332,-226.767420778138,13.476470570783));
#2637=CARTESIAN_POINT('',(12.4,-225.970103595255,15.0000002086163));
#2638=CARTESIAN_POINT('Ctrl Pts',(13.9235296378729,-226.767420778145,13.4764705707433));
#2639=CARTESIAN_POINT('Ctrl Pts',(13.6096592891039,-226.61548766384,13.7903409195123));
#2640=CARTESIAN_POINT('Ctrl Pts',(13.2974991268669,-226.457025248893,14.1025010817494));
#2641=CARTESIAN_POINT('Ctrl Pts',(12.7879038101608,-226.185828395157,14.6120963984555));
#2642=CARTESIAN_POINT('Ctrl Pts',(12.5921589641683,-226.078492104094,14.8078412444479));
#2643=CARTESIAN_POINT('Ctrl Pts',(12.3999999999999,-225.970103595255,15.0000002086163));
#2644=CARTESIAN_POINT('',(12.4,-188.,15.0000002086163));
#2645=CARTESIAN_POINT('',(12.4,-195.476837111251,15.0000002086163));
#2646=CARTESIAN_POINT('',(14.4,-188.,13.0000002086163));
#2647=CARTESIAN_POINT('',(13.5500000521541,-188.,13.8500001564622));
#2648=CARTESIAN_POINT('',(14.4,-195.476837111251,13.0000002086163));
#2649=CARTESIAN_POINT('Origin',(14.4,-207.953671727138,-7.00000011175871));
#2650=CARTESIAN_POINT('',(14.4,-190.656043571241,-26.0601587529423));
#2651=CARTESIAN_POINT('',(14.4,-193.925687484181,-16.3546590513407));
#2652=CARTESIAN_POINT('',(14.4,-188.699847768998,-27.7276731742041));
#2653=CARTESIAN_POINT('Ctrl Pts',(14.4,-190.656043571241,-26.0601587529423));
#2654=CARTESIAN_POINT('Ctrl Pts',(14.4,-190.512391530802,-26.4865705802649));
#2655=CARTESIAN_POINT('Ctrl Pts',(14.4,-190.250767731978,-26.8727798449315));
#2656=CARTESIAN_POINT('Ctrl Pts',(14.4,-189.908576086642,-27.1644732954431));
#2657=CARTESIAN_POINT('Ctrl Pts',(14.4,-189.566384441307,-27.4561667459547));
#2658=CARTESIAN_POINT('Ctrl Pts',(14.4,-189.14362494946,-27.6533443823113));
#2659=CARTESIAN_POINT('Ctrl Pts',(14.4,-188.699847768998,-27.7276731742041));
#2660=CARTESIAN_POINT('',(14.4,-190.178115006423,-27.4788256373912));
#2661=CARTESIAN_POINT('Ctrl Pts',(14.4,-188.699847768998,-27.7276731742041));
#2662=CARTESIAN_POINT('Ctrl Pts',(14.4,-189.192779429409,-27.6451114373298));
#2663=CARTESIAN_POINT('Ctrl Pts',(14.4,-189.685523195392,-27.5621615848118));
#2664=CARTESIAN_POINT('Ctrl Pts',(14.4,-190.178115006423,-27.4788256373912));
#2665=CARTESIAN_POINT('',(14.4,-220.,-22.));
#2666=CARTESIAN_POINT('Ctrl Pts',(14.4,-190.178115006423,-27.4788256373912));
#2667=CARTESIAN_POINT('Ctrl Pts',(14.4,-200.17368061037,-25.7877907664181));
#2668=CARTESIAN_POINT('Ctrl Pts',(14.4,-210.064766338578,-23.9444532575097));
#2669=CARTESIAN_POINT('Ctrl Pts',(14.4,-220.,-22.));
#2670=CARTESIAN_POINT('',(14.3999999999983,-226.259902599042,-14.4727267487202));
#2671=CARTESIAN_POINT('Ctrl Pts',(14.4,-220.,-22.));
#2672=CARTESIAN_POINT('Ctrl Pts',(14.4,-220.00807398356,-22.));
#2673=CARTESIAN_POINT('Ctrl Pts',(14.4,-220.019383890213,-21.9964865099845));
#2674=CARTESIAN_POINT('Ctrl Pts',(14.4,-220.045357086417,-21.9864510727282));
#2675=CARTESIAN_POINT('Ctrl Pts',(14.4,-220.062876982904,-21.9777431527648));
#2676=CARTESIAN_POINT('Ctrl Pts',(14.4,-220.124751047815,-21.9449039161747));
#2677=CARTESIAN_POINT('Ctrl Pts',(14.4,-220.179879507821,-21.9096945087184));
#2678=CARTESIAN_POINT('Ctrl Pts',(14.4,-220.34747785459,-21.7976747943188));
#2679=CARTESIAN_POINT('Ctrl Pts',(14.4000000000038,-220.5096458642,-21.6772427405338));
#2680=CARTESIAN_POINT('Ctrl Pts',(14.4000000000038,-221.109756411193,-21.1894322137024));
#2681=CARTESIAN_POINT('Ctrl Pts',(14.4,-221.638743339706,-20.7101680881919));
#2682=CARTESIAN_POINT('Ctrl Pts',(14.4,-223.464742310553,-18.795985390141));
#2683=CARTESIAN_POINT('Ctrl Pts',(14.4,-224.947263556963,-16.9245509782055));
#2684=CARTESIAN_POINT('Ctrl Pts',(14.4,-226.259902599037,-14.4727267487236));
#2685=CARTESIAN_POINT('',(14.4,-227.663941813346,-10.6832011584375));
#2686=CARTESIAN_POINT('Ctrl Pts',(14.4,-226.259902599037,-14.4727267487236));
#2687=CARTESIAN_POINT('Ctrl Pts',(14.4,-226.794220672487,-13.2360366136051));
#2688=CARTESIAN_POINT('Ctrl Pts',(14.4,-227.261637290542,-11.9699648034568));
#2689=CARTESIAN_POINT('Ctrl Pts',(14.4,-227.663941813346,-10.6832011584375));
#2690=CARTESIAN_POINT('',(14.4,-228.,-8.46967372803446));
#2691=CARTESIAN_POINT('Ctrl Pts',(14.4,-228.,-8.46967372803446));
#2692=CARTESIAN_POINT('Ctrl Pts',(14.4,-228.,-8.65946464492637));
#2693=CARTESIAN_POINT('Ctrl Pts',(14.3999954863762,-227.992733114408,-8.84921131593639));
#2694=CARTESIAN_POINT('Ctrl Pts',(14.399991774409,-227.978283577035,-9.03841006411807));
#2695=CARTESIAN_POINT('Ctrl Pts',(14.3999881358761,-227.964119896384,-9.22386587349778));
#2696=CARTESIAN_POINT('Ctrl Pts',(14.3999855588668,-227.943054678442,-9.40879580738154));
#2697=CARTESIAN_POINT('Ctrl Pts',(14.3999850738042,-227.915119472064,-9.59271754303298));
#2698=CARTESIAN_POINT('Ctrl Pts',(14.3999845869374,-227.88708035399,-9.77732341966123));
#2699=CARTESIAN_POINT('Ctrl Pts',(14.3999853915985,-227.852132061509,-9.9608357733063));
#2700=CARTESIAN_POINT('Ctrl Pts',(14.3999891652507,-227.810276353184,-10.1427537005584));
#2701=CARTESIAN_POINT('Ctrl Pts',(14.3999929389028,-227.76842064486,-10.3246716278106));
#2702=CARTESIAN_POINT('Ctrl Pts',(14.4,-227.719657434326,-10.5049957655779));
#2703=CARTESIAN_POINT('Ctrl Pts',(14.4,-227.663941813346,-10.6832011584375));
#2704=CARTESIAN_POINT('',(14.4,-228.,8.46967372803452));
#2705=CARTESIAN_POINT('',(14.4,-228.,-3.50000005587935));
#2706=CARTESIAN_POINT('',(14.4,-227.663941813346,10.6832011584375));
#2707=CARTESIAN_POINT('Ctrl Pts',(14.4,-227.663941813346,10.6832011584375));
#2708=CARTESIAN_POINT('Ctrl Pts',(14.4,-227.719707839033,10.5048345470451));
#2709=CARTESIAN_POINT('Ctrl Pts',(14.3999929245601,-227.768508865979,10.3243453942258));
#2710=CARTESIAN_POINT('Ctrl Pts',(14.3999891495892,-227.810389911103,10.1422600675936));
#2711=CARTESIAN_POINT('Ctrl Pts',(14.3999853746183,-227.852270956228,9.96017474096144));
#2712=CARTESIAN_POINT('Ctrl Pts',(14.3999845802253,-227.887232106296,9.77649260073425));
#2713=CARTESIAN_POINT('Ctrl Pts',(14.3999850764701,-227.915271541131,9.59171588282519));
#2714=CARTESIAN_POINT('Ctrl Pts',(14.3999855804005,-227.943745236925,9.4040774340911));
#2715=CARTESIAN_POINT('Ctrl Pts',(14.3999882822412,-227.96506890904,9.21539066761369));
#2716=CARTESIAN_POINT('Ctrl Pts',(14.3999920177254,-227.979208476203,9.02616756669353));
#2717=CARTESIAN_POINT('Ctrl Pts',(14.3999956726265,-227.993043019738,8.84102645187992));
#2718=CARTESIAN_POINT('Ctrl Pts',(14.4,-228.,8.65537125890357));
#2719=CARTESIAN_POINT('Ctrl Pts',(14.4,-228.,8.46967372803449));
#2720=CARTESIAN_POINT('Ctrl Pts',(14.4,-227.663941813346,10.6832011584375));
#2721=CARTESIAN_POINT('Ctrl Pts',(14.4,-227.419911252804,11.4637284351162));
#2722=CARTESIAN_POINT('Ctrl Pts',(14.4,-227.151913378031,12.2366385456514));
#2723=CARTESIAN_POINT('Ctrl Pts',(14.4,-226.859570170453,13.0000002086162));
#2724=CARTESIAN_POINT('Origin',(-14.4,-207.953671727138,-7.00000011175871));
#2725=CARTESIAN_POINT('',(-14.4,-226.859570170453,13.0000002086162));
#2726=CARTESIAN_POINT('',(-14.4,-195.476837111251,13.0000002086163));
#2727=CARTESIAN_POINT('',(-14.4,-227.663941813346,10.6832011584375));
#2728=CARTESIAN_POINT('Ctrl Pts',(-14.4,-227.663941813346,10.6832011584375));
#2729=CARTESIAN_POINT('Ctrl Pts',(-14.4,-227.419911252804,11.4637284351161));
#2730=CARTESIAN_POINT('Ctrl Pts',(-14.4,-227.151913378031,12.2366385456514));
#2731=CARTESIAN_POINT('Ctrl Pts',(-14.4,-226.859570170453,13.0000002086162));
#2732=CARTESIAN_POINT('',(-14.4,-228.,8.46967372803448));
#2733=CARTESIAN_POINT('Ctrl Pts',(-14.4,-227.663941813346,10.6832011584375));
#2734=CARTESIAN_POINT('Ctrl Pts',(-14.4,-227.719707839033,10.504834547045));
#2735=CARTESIAN_POINT('Ctrl Pts',(-14.3999929245601,-227.768508865979,10.3243453942257));
#2736=CARTESIAN_POINT('Ctrl Pts',(-14.3999891495892,-227.810389911103,10.1422600675935));
#2737=CARTESIAN_POINT('Ctrl Pts',(-14.3999853746183,-227.852270956228,9.96017474096135));
#2738=CARTESIAN_POINT('Ctrl Pts',(-14.3999845802253,-227.887232106297,9.77649260073418));
#2739=CARTESIAN_POINT('Ctrl Pts',(-14.3999850764701,-227.915271541131,9.59171588282518));
#2740=CARTESIAN_POINT('Ctrl Pts',(-14.3999855804005,-227.943745236925,9.40407743409154));
#2741=CARTESIAN_POINT('Ctrl Pts',(-14.3999882822412,-227.96506890904,9.21539066761458));
#2742=CARTESIAN_POINT('Ctrl Pts',(-14.3999920177254,-227.979208476203,9.02616756669486));
#2743=CARTESIAN_POINT('Ctrl Pts',(-14.3999956726265,-227.993043019738,8.84102645188081));
#2744=CARTESIAN_POINT('Ctrl Pts',(-14.4,-228.,8.655371258904));
#2745=CARTESIAN_POINT('Ctrl Pts',(-14.4,-228.,8.46967372803447));
#2746=CARTESIAN_POINT('',(-14.4,-228.,-8.46967372803445));
#2747=CARTESIAN_POINT('',(-14.4,-228.,-3.50000005587935));
#2748=CARTESIAN_POINT('',(-14.4,-227.663941813346,-10.6832011584375));
#2749=CARTESIAN_POINT('Ctrl Pts',(-14.4,-228.,-8.46967372803446));
#2750=CARTESIAN_POINT('Ctrl Pts',(-14.4,-228.,-8.65946464492589));
#2751=CARTESIAN_POINT('Ctrl Pts',(-14.3999954863762,-227.992733114408,-8.84921131593543));
#2752=CARTESIAN_POINT('Ctrl Pts',(-14.399991774409,-227.978283577035,-9.03841006411663));
#2753=CARTESIAN_POINT('Ctrl Pts',(-14.3999881358761,-227.964119896384,-9.22386587349683));
#2754=CARTESIAN_POINT('Ctrl Pts',(-14.3999855588668,-227.943054678442,-9.40879580738106));
#2755=CARTESIAN_POINT('Ctrl Pts',(-14.3999850738042,-227.915119472064,-9.59271754303298));
#2756=CARTESIAN_POINT('Ctrl Pts',(-14.3999845869374,-227.88708035399,-9.77732341966121));
#2757=CARTESIAN_POINT('Ctrl Pts',(-14.3999853915986,-227.852132061509,-9.96083577330627));
#2758=CARTESIAN_POINT('Ctrl Pts',(-14.3999891652507,-227.810276353184,-10.1427537005584));
#2759=CARTESIAN_POINT('Ctrl Pts',(-14.3999929389028,-227.76842064486,-10.3246716278105));
#2760=CARTESIAN_POINT('Ctrl Pts',(-14.4,-227.719657434326,-10.5049957655779));
#2761=CARTESIAN_POINT('Ctrl Pts',(-14.4,-227.663941813346,-10.6832011584375));
#2762=CARTESIAN_POINT('',(-14.3999999999983,-226.259902599042,-14.4727267487202));
#2763=CARTESIAN_POINT('Ctrl Pts',(-14.4,-226.259902599037,-14.4727267487237));
#2764=CARTESIAN_POINT('Ctrl Pts',(-14.4,-226.794220672487,-13.2360366136051));
#2765=CARTESIAN_POINT('Ctrl Pts',(-14.4,-227.261637290542,-11.9699648034568));
#2766=CARTESIAN_POINT('Ctrl Pts',(-14.4,-227.663941813346,-10.6832011584375));
#2767=CARTESIAN_POINT('',(-14.4,-220.,-22.));
#2768=CARTESIAN_POINT('Ctrl Pts',(-14.4,-220.,-22.));
#2769=CARTESIAN_POINT('Ctrl Pts',(-14.4,-220.00807398356,-22.));
#2770=CARTESIAN_POINT('Ctrl Pts',(-14.4,-220.019383890213,-21.9964865099845));
#2771=CARTESIAN_POINT('Ctrl Pts',(-14.4,-220.045357086417,-21.9864510727282));
#2772=CARTESIAN_POINT('Ctrl Pts',(-14.4,-220.062876982904,-21.9777431527648));
#2773=CARTESIAN_POINT('Ctrl Pts',(-14.4,-220.124751047815,-21.9449039161747));
#2774=CARTESIAN_POINT('Ctrl Pts',(-14.4,-220.179879507821,-21.9096945087184));
#2775=CARTESIAN_POINT('Ctrl Pts',(-14.4,-220.34747785459,-21.7976747943188));
#2776=CARTESIAN_POINT('Ctrl Pts',(-14.4000000000038,-220.5096458642,-21.6772427405338));
#2777=CARTESIAN_POINT('Ctrl Pts',(-14.4000000000038,-221.109756411193,-21.1894322137025));
#2778=CARTESIAN_POINT('Ctrl Pts',(-14.4,-221.638743339706,-20.7101680881919));
#2779=CARTESIAN_POINT('Ctrl Pts',(-14.4,-223.464742310553,-18.795985390141));
#2780=CARTESIAN_POINT('Ctrl Pts',(-14.4,-224.947263556963,-16.9245509782055));
#2781=CARTESIAN_POINT('Ctrl Pts',(-14.4,-226.259902599037,-14.4727267487236));
#2782=CARTESIAN_POINT('',(-14.4,-190.178115006423,-27.4788256373912));
#2783=CARTESIAN_POINT('Ctrl Pts',(-14.4,-190.178115006423,-27.4788256373912));
#2784=CARTESIAN_POINT('Ctrl Pts',(-14.4,-200.17368061037,-25.7877907664182));
#2785=CARTESIAN_POINT('Ctrl Pts',(-14.4,-210.064766338577,-23.9444532575099));
#2786=CARTESIAN_POINT('Ctrl Pts',(-14.4,-220.,-22.));
#2787=CARTESIAN_POINT('',(-14.4,-188.699847768998,-27.7276731742041));
#2788=CARTESIAN_POINT('Ctrl Pts',(-14.3999999984271,-190.178115006424,-27.478825637391));
#2789=CARTESIAN_POINT('Ctrl Pts',(-14.4000050177562,-189.685499483714,-27.5621655963181));
#2790=CARTESIAN_POINT('Ctrl Pts',(-14.4000033412951,-189.192761541007,-27.6451144334806));
#2791=CARTESIAN_POINT('Ctrl Pts',(-14.3999999999932,-188.699847768999,-27.727673174204));
#2792=CARTESIAN_POINT('',(-14.4,-190.656043571241,-26.0601587529423));
#2793=CARTESIAN_POINT('Ctrl Pts',(-14.4,-188.699847768998,-27.7276731742041));
#2794=CARTESIAN_POINT('Ctrl Pts',(-14.4,-189.14362494946,-27.6533443823113));
#2795=CARTESIAN_POINT('Ctrl Pts',(-14.4,-189.566384441307,-27.4561667459547));
#2796=CARTESIAN_POINT('Ctrl Pts',(-14.4,-189.908576086642,-27.1644732954431));
#2797=CARTESIAN_POINT('Ctrl Pts',(-14.4,-190.250767731978,-26.8727798449315));
#2798=CARTESIAN_POINT('Ctrl Pts',(-14.4,-190.512391530802,-26.4865705802649));
#2799=CARTESIAN_POINT('Ctrl Pts',(-14.4,-190.656043571241,-26.0601587529423));
#2800=CARTESIAN_POINT('',(-14.4,-193.925687484181,-16.3546590513407));
#2801=CARTESIAN_POINT('Origin',(-13.4,-195.476837111251,14.0000002086163));
#2802=CARTESIAN_POINT('Origin',(-27.4000002086162,-200.000002682209,0.));
#2803=CARTESIAN_POINT('',(-14.4,-188.,13.0000002086163));
#2804=CARTESIAN_POINT('',(-14.4,-195.476837111251,13.0000002086163));
#2805=CARTESIAN_POINT('',(-12.4,-188.,15.0000002086163));
#2806=CARTESIAN_POINT('',(-13.5500000521541,-188.,13.8500001564622));
#2807=CARTESIAN_POINT('',(-12.4,-225.970103595255,15.0000002086163));
#2808=CARTESIAN_POINT('',(-12.4,-195.476837111251,15.0000002086163));
#2809=CARTESIAN_POINT('',(-13.9235296378731,-226.767420778145,13.4764705707431));
#2810=CARTESIAN_POINT('Ctrl Pts',(-12.4,-225.970103595255,15.0000002086163));
#2811=CARTESIAN_POINT('Ctrl Pts',(-12.5056014574959,-226.029668781604,14.8943987511204));
#2812=CARTESIAN_POINT('Ctrl Pts',(-12.6113410615473,-226.088383105387,14.7886591470689));
#2813=CARTESIAN_POINT('Ctrl Pts',(-13.1161327037557,-226.364334122963,14.2838675048606));
#2814=CARTESIAN_POINT('Ctrl Pts',(-13.5183987837003,-226.571311803159,13.881601424916));
#2815=CARTESIAN_POINT('Ctrl Pts',(-13.9235296378701,-226.767420778144,13.4764705707462));
#2816=CARTESIAN_POINT('Ctrl Pts',(-13.9235296379213,-226.767420778155,13.476470570695));
#2817=CARTESIAN_POINT('Ctrl Pts',(-14.0823313761342,-226.798438538859,13.3176688324821));
#2818=CARTESIAN_POINT('Ctrl Pts',(-14.2411577207818,-226.829154399532,13.1588424878345));
#2819=CARTESIAN_POINT('Ctrl Pts',(-14.3999999999633,-226.859570170446,13.000000208653));
#2820=CARTESIAN_POINT('Origin',(-16.9,-185.5,-3.50000005587935));
#2821=CARTESIAN_POINT('',(-14.4,-188.,-22.5170565418316));
#2822=CARTESIAN_POINT('',(-14.4,-188.,-3.50000005587935));
#2823=CARTESIAN_POINT('',(-19.4,-183.,-22.5384663722393));
#2824=CARTESIAN_POINT('',(-11.1166116432473,-191.283388356753,-22.5029971842554));
#2825=CARTESIAN_POINT('',(-19.4,-183.,15.0710680204817));
#2826=CARTESIAN_POINT('',(-19.4,-183.,-3.50000005587935));
#2827=CARTESIAN_POINT('',(-19.4,-183.,15.0710680204817));
#2828=CARTESIAN_POINT('Origin',(-15.3177670051204,-185.5,15.6177671094286));
#2829=CARTESIAN_POINT('',(-14.4710678118655,-183.,20.0000002086163));
#2830=CARTESIAN_POINT('',(-17.0855339580868,-183.,17.3855340623949));
#2831=CARTESIAN_POINT('',(-14.4710678118655,-183.,20.0000002086163));
#2832=CARTESIAN_POINT('Origin',(8.58638748134738E-15,-185.5,17.5000002086163));
#2833=CARTESIAN_POINT('',(8.58638748134738E-15,-188.,15.0000002086163));
#2834=CARTESIAN_POINT('',(14.4710678118655,-183.,20.0000002086163));
#2835=CARTESIAN_POINT('',(8.58638748134738E-15,-183.,20.0000002086163));
#2836=CARTESIAN_POINT('',(14.4710678118655,-183.,20.0000002086163));
#2837=CARTESIAN_POINT('Origin',(15.3177670051204,-185.5,15.6177671094286));
#2838=CARTESIAN_POINT('',(19.4,-183.,15.0710680204817));
#2839=CARTESIAN_POINT('',(17.0855339580868,-183.,17.3855340623949));
#2840=CARTESIAN_POINT('',(19.4,-183.,15.0710680204817));
#2841=CARTESIAN_POINT('Origin',(16.9,-185.5,-3.50000005587935));
#2842=CARTESIAN_POINT('',(19.4,-183.,-22.5384663722393));
#2843=CARTESIAN_POINT('',(19.4,-183.,-3.50000005587935));
#2844=CARTESIAN_POINT('',(14.4,-188.,-22.5170565418316));
#2845=CARTESIAN_POINT('',(11.1166116432473,-191.283388356753,-22.5029971842554));
#2846=CARTESIAN_POINT('',(14.4,-188.,-3.50000005587935));
#2847=CARTESIAN_POINT('Origin',(-14.4,-207.953671727138,-7.00000011175871));
#2848=CARTESIAN_POINT('',(-14.4,-199.835962322871,-22.4663753526226));
#2849=CARTESIAN_POINT('',(-14.4,-201.600002187738,-1.95943487863577E-16));
#2850=CARTESIAN_POINT('Origin',(-14.4,-200.000002187738,0.));
#2851=CARTESIAN_POINT('Origin',(0.,-183.000002495364,15.0000002086163));
#2852=CARTESIAN_POINT('Ctrl Pts',(-12.4,-225.970103595255,15.0000002086163));
#2853=CARTESIAN_POINT('Ctrl Pts',(-8.31739142398904,-225.970103595255,15.0000002086163));
#2854=CARTESIAN_POINT('Ctrl Pts',(-4.23478284797807,-225.970103595255,15.0000002086163));
#2855=CARTESIAN_POINT('Ctrl Pts',(4.03188381868859,-225.970103595255,15.0000002086163));
#2856=CARTESIAN_POINT('Ctrl Pts',(8.21594190934427,-225.970103595255,15.0000002086163));
#2857=CARTESIAN_POINT('Ctrl Pts',(12.4,-225.970103595255,15.0000002086163));
#2858=CARTESIAN_POINT('Origin',(14.4,-207.953671727138,-7.00000011175871));
#2859=CARTESIAN_POINT('',(14.4,-199.835962322871,-22.4663753526226));
#2860=CARTESIAN_POINT('',(14.4,-201.600002187738,-1.95943487863577E-16));
#2861=CARTESIAN_POINT('Origin',(14.4,-200.000002187738,0.));
#2862=CARTESIAN_POINT('Ctrl Pts',(-37.0203478154682,-198.799953066771,-3.39175142170632));
#2863=CARTESIAN_POINT('Ctrl Pts',(-37.5785597754684,-196.890159600233,-3.65404517305603));
#2864=CARTESIAN_POINT('Ctrl Pts',(-38.4903052634203,-193.721866988146,-3.79678163629211));
#2865=CARTESIAN_POINT('Ctrl Pts',(-39.7565443554254,-189.182208783449,-3.47425882004344));
#2866=CARTESIAN_POINT('Ctrl Pts',(-40.3558827209504,-186.976913146752,-3.06739329962759));
#2867=CARTESIAN_POINT('Ctrl Pts',(-40.6190331293098,-186.,-2.82056702386474));
#2868=CARTESIAN_POINT('Ctrl Pts',(-36.888326658401,-198.727975730989,-3.14853800030554));
#2869=CARTESIAN_POINT('Ctrl Pts',(-37.4274438287398,-196.833095680243,-3.43477886585625));
#2870=CARTESIAN_POINT('Ctrl Pts',(-38.3246084659873,-193.67868662203,-3.62184971559262));
#2871=CARTESIAN_POINT('Ctrl Pts',(-39.5980769467043,-189.153885398038,-3.36417947906585));
#2872=CARTESIAN_POINT('Ctrl Pts',(-40.2137032299209,-186.954595298411,-2.98945311045261));
#2873=CARTESIAN_POINT('Ctrl Pts',(-40.4871507522838,-185.980522328236,-2.7569408858456));
#2874=CARTESIAN_POINT('Ctrl Pts',(-36.7563055013339,-198.655998395208,-2.90532457890475));
#2875=CARTESIAN_POINT('Ctrl Pts',(-37.2763278820111,-196.776031760254,-3.21551255865647));
#2876=CARTESIAN_POINT('Ctrl Pts',(-38.1589116685544,-193.635506255914,-3.44691779489313));
#2877=CARTESIAN_POINT('Ctrl Pts',(-39.4396095379833,-189.125562012627,-3.25410013808825));
#2878=CARTESIAN_POINT('Ctrl Pts',(-40.0715237388913,-186.932277450069,-2.91151292127764));
#2879=CARTESIAN_POINT('Ctrl Pts',(-40.3552683752578,-185.961044656472,-2.69331474782647));
#2880=CARTESIAN_POINT('Ctrl Pts',(-36.6242843442668,-198.584021059426,-2.66211115750397));
#2881=CARTESIAN_POINT('Ctrl Pts',(-37.1252119352824,-196.718967840264,-2.99624625145669));
#2882=CARTESIAN_POINT('Ctrl Pts',(-37.9932148711215,-193.592325889797,-3.27198587419363));
#2883=CARTESIAN_POINT('Ctrl Pts',(-39.2811421292623,-189.097238627217,-3.14402079711065));
#2884=CARTESIAN_POINT('Ctrl Pts',(-39.9293442478618,-186.909959601728,-2.83357273210267));
#2885=CARTESIAN_POINT('Ctrl Pts',(-40.2233859982318,-185.941566984709,-2.62968860980733));
#2886=CARTESIAN_POINT('',(-37.0203478154682,-198.799953066771,-3.39175142170633));
#2887=CARTESIAN_POINT('',(-36.6801259842863,-198.376406555972,-2.69852463939229));
#2888=CARTESIAN_POINT('Ctrl Pts',(-37.0203478154682,-198.799953066771,-3.39175142170633));
#2889=CARTESIAN_POINT('Ctrl Pts',(-37.0082789921952,-198.775651338332,-3.36338631704511));
#2890=CARTESIAN_POINT('Ctrl Pts',(-36.9956666209886,-198.752164377886,-3.33454558045205));
#2891=CARTESIAN_POINT('Ctrl Pts',(-36.9825792454255,-198.729470319521,-3.30531657614541));
#2892=CARTESIAN_POINT('Ctrl Pts',(-36.9450917727498,-198.664465468947,-3.22159302935822));
#2893=CARTESIAN_POINT('Ctrl Pts',(-36.9034266552501,-198.605482035623,-3.13406264179872));
#2894=CARTESIAN_POINT('Ctrl Pts',(-36.8589116219584,-198.552099042296,-3.04433729470471));
#2895=CARTESIAN_POINT('Ctrl Pts',(-36.8065945861178,-198.489359788417,-2.9388860829992));
#2896=CARTESIAN_POINT('Ctrl Pts',(-36.7503438582958,-198.434353953275,-2.83039901283135));
#2897=CARTESIAN_POINT('Ctrl Pts',(-36.6922950637381,-198.38641137103,-2.72144043459451));
#2898=CARTESIAN_POINT('Ctrl Pts',(-36.6882388441372,-198.383061333474,-2.71382684116681));
#2899=CARTESIAN_POINT('Ctrl Pts',(-36.6841738275675,-198.379745796626,-2.70621094422936));
#2900=CARTESIAN_POINT('Ctrl Pts',(-36.6801007339444,-198.37646453846,-2.69859362001643));
#2901=CARTESIAN_POINT('',(-40.2056534855347,-186.,-2.64189594620685));
#2902=CARTESIAN_POINT('Ctrl Pts',(-36.6801136540015,-198.376416553983,-2.69860189232518));
#2903=CARTESIAN_POINT('Ctrl Pts',(-37.1638770572872,-196.579742837513,-3.00833899259083));
#2904=CARTESIAN_POINT('Ctrl Pts',(-38.0136907405579,-193.520861589844,-3.26995144546778));
#2905=CARTESIAN_POINT('Ctrl Pts',(-39.2737600546296,-189.123003335156,-3.14475426069986));
#2906=CARTESIAN_POINT('Ctrl Pts',(-39.9163317590657,-186.953877232882,-2.83977678970405));
#2907=CARTESIAN_POINT('Ctrl Pts',(-40.2056533527174,-185.999999076322,-2.64190020466728));
#2908=CARTESIAN_POINT('',(-40.6190331293097,-186.,-2.82056702386477));
#2909=CARTESIAN_POINT('Ctrl Pts',(-40.6190331293097,-186.,-2.82056702386479));
#2910=CARTESIAN_POINT('Ctrl Pts',(-40.5502520850873,-186.,-2.79112187427042));
#2911=CARTESIAN_POINT('Ctrl Pts',(-40.4815219444914,-186.,-2.76155737837423));
#2912=CARTESIAN_POINT('Ctrl Pts',(-40.3437279351537,-186.,-2.70200172190369));
#2913=CARTESIAN_POINT('Ctrl Pts',(-40.2746644030813,-186.,-2.67200890448044));
#2914=CARTESIAN_POINT('Ctrl Pts',(-40.2056534855347,-186.,-2.64189594620684));
#2915=CARTESIAN_POINT('Ctrl Pts',(-40.6190331293098,-186.,-2.82056702386474));
#2916=CARTESIAN_POINT('Ctrl Pts',(-40.3558827209504,-186.976913146752,-3.06739329962759));
#2917=CARTESIAN_POINT('Ctrl Pts',(-39.7565443554254,-189.182208783449,-3.47425882004344));
#2918=CARTESIAN_POINT('Ctrl Pts',(-38.4903052634203,-193.721866988146,-3.79678163629211));
#2919=CARTESIAN_POINT('Ctrl Pts',(-37.5785597754684,-196.890159600233,-3.65404517305603));
#2920=CARTESIAN_POINT('Ctrl Pts',(-37.0203478154682,-198.799953066771,-3.39175142170632));
#2921=CARTESIAN_POINT('Ctrl Pts',(-41.4187408831754,-182.995554395262,-5.74835638337447));
#2922=CARTESIAN_POINT('Ctrl Pts',(-38.1978853889861,-195.223950499579,-5.01138105587466));
#2923=CARTESIAN_POINT('Ctrl Pts',(-34.5583051914519,-207.341949212294,-4.17859584931115));
#2924=CARTESIAN_POINT('Ctrl Pts',(-30.5000002905727,-220.,-3.25000076368395));
#2925=CARTESIAN_POINT('Ctrl Pts',(-41.418740711861,-182.997036263508,-3.83223758891631));
#2926=CARTESIAN_POINT('Ctrl Pts',(-38.1978852396353,-195.225195277181,-3.34092070391644));
#2927=CARTESIAN_POINT('Ctrl Pts',(-34.55830506692,-207.342733427396,-2.78573056620743));
#2928=CARTESIAN_POINT('Ctrl Pts',(-30.5000001937151,-220.,-2.1666671757893));
#2929=CARTESIAN_POINT('Ctrl Pts',(-41.4187405405467,-182.998518131754,-1.91611879445816));
#2930=CARTESIAN_POINT('Ctrl Pts',(-38.1978850902845,-195.226440054782,-1.67046035195822));
#2931=CARTESIAN_POINT('Ctrl Pts',(-34.5583049423882,-207.343517642499,-1.39286528310372));
#2932=CARTESIAN_POINT('Ctrl Pts',(-30.5000000968576,-220.,-1.08333358789465));
#2933=CARTESIAN_POINT('Ctrl Pts',(-41.4187403692323,-183.,3.49649868959597E-16));
#2934=CARTESIAN_POINT('Ctrl Pts',(-38.1978849409337,-195.227684832384,4.10257798713597E-16));
#2935=CARTESIAN_POINT('Ctrl Pts',(-34.5583048178563,-207.344301857601,4.78745013164591E-16));
#2936=CARTESIAN_POINT('Ctrl Pts',(-30.5,-220.,5.55111512312578E-16));
#2937=CARTESIAN_POINT('',(-40.6191391899265,-186.,-2.30551936585981));
#2938=CARTESIAN_POINT('Ctrl Pts',(-40.6191391899265,-186.,-2.30551936585981));
#2939=CARTESIAN_POINT('Ctrl Pts',(-40.6191064364949,-186.,-2.46457530108514));
#2940=CARTESIAN_POINT('Ctrl Pts',(-40.6190736830773,-185.999999999999,-2.62363123631048));
#2941=CARTESIAN_POINT('Ctrl Pts',(-40.6190383295521,-185.999999999999,-2.7953137889788));
#2942=CARTESIAN_POINT('Ctrl Pts',(-40.6190357294307,-186.,-2.80794040642178));
#2943=CARTESIAN_POINT('Ctrl Pts',(-40.6190331293097,-186.,-2.82056702386477));
#2944=CARTESIAN_POINT('',(-40.6192972893018,-186.,-1.53776387676468));
#2945=CARTESIAN_POINT('Ctrl Pts',(-40.6191391899265,-186.,-2.30551936585981));
#2946=CARTESIAN_POINT('Ctrl Pts',(-40.6191918896826,-186.,-2.04960086949476));
#2947=CARTESIAN_POINT('Ctrl Pts',(-40.6192445894743,-186.,-1.79368237312972));
#2948=CARTESIAN_POINT('Ctrl Pts',(-40.6192972893018,-186.,-1.53776387676468));
#2949=CARTESIAN_POINT('',(-40.7214295851283,-185.621430032179,-1.72702904292772E-16));
#2950=CARTESIAN_POINT('Ctrl Pts',(-40.7214295851283,-185.621430032179,8.88178419700125E-16));
#2951=CARTESIAN_POINT('Ctrl Pts',(-40.7213996389942,-185.621400081305,-0.18466971825343));
#2952=CARTESIAN_POINT('Ctrl Pts',(-40.7167004489916,-185.638760309275,-0.36619393533721));
#2953=CARTESIAN_POINT('Ctrl Pts',(-40.7078394187324,-185.671602585345,-0.54623340339206));
#2954=CARTESIAN_POINT('Ctrl Pts',(-40.7051442935048,-185.681591722519,-0.600993278724299));
#2955=CARTESIAN_POINT('Ctrl Pts',(-40.7020640983393,-185.693013097509,-0.65561617657653));
#2956=CARTESIAN_POINT('Ctrl Pts',(-40.6986129749896,-185.70581299983,-0.710149710206258));
#2957=CARTESIAN_POINT('Ctrl Pts',(-40.6892946497294,-185.740373819899,-0.857394868505216));
#2958=CARTESIAN_POINT('Ctrl Pts',(-40.6773879409915,-185.784555137784,-1.00205246461994));
#2959=CARTESIAN_POINT('Ctrl Pts',(-40.6634986570039,-185.836080079854,-1.14379180123787));
#2960=CARTESIAN_POINT('Ctrl Pts',(-40.6545010159654,-185.869458541529,-1.23561220559053));
#2961=CARTESIAN_POINT('Ctrl Pts',(-40.644671348982,-185.905918826244,-1.32620902598439));
#2962=CARTESIAN_POINT('Ctrl Pts',(-40.6341744847776,-185.944841966551,-1.41550399883318));
#2963=CARTESIAN_POINT('Ctrl Pts',(-40.629399147111,-185.962549267931,-1.45612695431523));
#2964=CARTESIAN_POINT('Ctrl Pts',(-40.6244380935868,-185.980942934223,-1.49687649765841));
#2965=CARTESIAN_POINT('Ctrl Pts',(-40.6192972893018,-186.,-1.53776387676521));
#2966=CARTESIAN_POINT('',(-41.4187403692323,-183.,-1.44303635365582E-16));
#2967=CARTESIAN_POINT('Ctrl Pts',(-41.4187403692323,-183.,-1.44303635365582E-16));
#2968=CARTESIAN_POINT('Ctrl Pts',(-41.1884441603237,-183.87429862138,-1.42652823222505E-16));
#2969=CARTESIAN_POINT('Ctrl Pts',(-40.9560072322891,-184.748029411481,-1.40890755543895E-16));
#2970=CARTESIAN_POINT('Ctrl Pts',(-40.7214295851283,-185.621430032179,-1.3901386618784E-16));
#2971=CARTESIAN_POINT('',(-41.4175699289828,-183.,-5.74808845320775));
#2972=CARTESIAN_POINT('Ctrl Pts',(-41.4175699289828,-183.,-5.74808845320775));
#2973=CARTESIAN_POINT('Ctrl Pts',(-41.4177649988452,-183.,-4.79009602603459));
#2974=CARTESIAN_POINT('Ctrl Pts',(-41.4179600681921,-183.000000000002,-3.83210359886134));
#2975=CARTESIAN_POINT('Ctrl Pts',(-41.4183502149427,-183.000000000002,-1.91607411445875));
#2976=CARTESIAN_POINT('Ctrl Pts',(-41.4185452923463,-183.,-0.958037057229429));
#2977=CARTESIAN_POINT('Ctrl Pts',(-41.4187403692323,-183.,3.49649868959597E-16));
#2978=CARTESIAN_POINT('',(-30.5000002905727,-220.,-3.25000076368395));
#2979=CARTESIAN_POINT('Ctrl Pts',(-41.4175699289828,-183.,-5.74808845320775));
#2980=CARTESIAN_POINT('Ctrl Pts',(-38.1970032746396,-195.226887490739,-5.01117921617381));
#2981=CARTESIAN_POINT('Ctrl Pts',(-34.5578133951695,-207.343483148869,-4.17848331966588));
#2982=CARTESIAN_POINT('Ctrl Pts',(-30.5000002905727,-220.,-3.25000076368395));
#2983=CARTESIAN_POINT('',(-30.5,-220.,0.));
#2984=CARTESIAN_POINT('',(-30.5000002905727,-220.,-3.25000076368395));
#2985=CARTESIAN_POINT('',(-35.1999995529494,-204.927568981361,-7.75746280439127E-17));
#2986=CARTESIAN_POINT('Ctrl Pts',(-35.1999995529494,-204.927568981361,-7.75746204249895E-17));
#2987=CARTESIAN_POINT('Ctrl Pts',(-33.7012628257336,-209.892579105831,-5.64044753358114E-17));
#2988=CARTESIAN_POINT('Ctrl Pts',(-32.1345963080837,-214.902561934538,-3.07587535118957E-17));
#2989=CARTESIAN_POINT('Ctrl Pts',(-30.5,-220.,0.));
#2990=CARTESIAN_POINT('',(-35.7471982368702,-203.105588313999,-1.78959363842205));
#2991=CARTESIAN_POINT('Ctrl Pts',(-35.1999995529494,-204.927568981361,4.66670025542876E-16));
#2992=CARTESIAN_POINT('Ctrl Pts',(-35.1999995516452,-204.927530307917,-0.0700405776082914));
#2993=CARTESIAN_POINT('Ctrl Pts',(-35.2022991137036,-204.919874473561,-0.139284364068986));
#2994=CARTESIAN_POINT('Ctrl Pts',(-35.21139974616,-204.889645148069,-0.279261170290487));
#2995=CARTESIAN_POINT('Ctrl Pts',(-35.2183303901262,-204.866642789109,-0.348614404181125));
#2996=CARTESIAN_POINT('Ctrl Pts',(-35.2472842182238,-204.770559283534,-0.569715595775597));
#2997=CARTESIAN_POINT('Ctrl Pts',(-35.2770250153203,-204.671874962607,-0.709542657986225));
#2998=CARTESIAN_POINT('Ctrl Pts',(-35.4111027102439,-204.226620652099,-1.20668019724883));
#2999=CARTESIAN_POINT('Ctrl Pts',(-35.5609383652501,-203.727860584024,-1.49358654232662));
#3000=CARTESIAN_POINT('Ctrl Pts',(-35.7017279697047,-203.257593988249,-1.7207658135604));
#3001=CARTESIAN_POINT('Ctrl Pts',(-35.7241387093103,-203.182698211602,-1.7554113828628));
#3002=CARTESIAN_POINT('Ctrl Pts',(-35.7471982368702,-203.105588313999,-1.78959363842212));
#3003=CARTESIAN_POINT('Ctrl Pts',(-37.0203496721102,-198.799941686437,-3.3917847623588));
#3004=CARTESIAN_POINT('Ctrl Pts',(-36.9570998510326,-199.01626605585,-3.46918067978962));
#3005=CARTESIAN_POINT('Ctrl Pts',(-36.8917643614056,-199.239351902493,-3.5254122965496));
#3006=CARTESIAN_POINT('Ctrl Pts',(-36.7911911542374,-199.582100522584,-3.57737894621207));
#3007=CARTESIAN_POINT('Ctrl Pts',(-36.7569290088614,-199.698757689177,-3.58920523765435));
#3008=CARTESIAN_POINT('Ctrl Pts',(-36.6621623312468,-200.021120610361,-3.60590521508492));
#3009=CARTESIAN_POINT('Ctrl Pts',(-36.6014592022958,-200.227273411545,-3.59871458448174));
#3010=CARTESIAN_POINT('Ctrl Pts',(-36.5082397342229,-200.543346746675,-3.56010243251776));
#3011=CARTESIAN_POINT('Ctrl Pts',(-36.4754114761043,-200.654557234833,-3.54112933269344));
#3012=CARTESIAN_POINT('Ctrl Pts',(-36.3787935915464,-200.981586180477,-3.46919179293717));
#3013=CARTESIAN_POINT('Ctrl Pts',(-36.3159195718649,-201.194031858749,-3.40119108173109));
#3014=CARTESIAN_POINT('Ctrl Pts',(-36.1593188376965,-201.72236509742,-3.17552396850758));
#3015=CARTESIAN_POINT('Ctrl Pts',(-36.0692609358492,-202.02539738276,-2.98927557905583));
#3016=CARTESIAN_POINT('Ctrl Pts',(-35.8926134801845,-202.618694206129,-2.49052085090091));
#3017=CARTESIAN_POINT('Ctrl Pts',(-35.8107528916253,-202.892924560838,-2.15941735907052));
#3018=CARTESIAN_POINT('Ctrl Pts',(-35.7476392961952,-203.104140112394,-1.78869345492414));
#3019=CARTESIAN_POINT('Ctrl Pts',(-40.6190331293343,-186.,2.82056690466798));
#3020=CARTESIAN_POINT('Ctrl Pts',(-40.458003507542,-186.597802433697,2.9716073004747));
#3021=CARTESIAN_POINT('Ctrl Pts',(-40.1256703476229,-187.823571087143,3.22233243852953));
#3022=CARTESIAN_POINT('Ctrl Pts',(-39.4600145204314,-190.247906467986,3.55974716435057));
#3023=CARTESIAN_POINT('Ctrl Pts',(-38.4237790582014,-193.952829742734,3.78462350543141));
#3024=CARTESIAN_POINT('Ctrl Pts',(-37.5552373202137,-196.969951999057,3.64308623639858));
#3025=CARTESIAN_POINT('Ctrl Pts',(-37.0203478858469,-198.799952826065,3.39175133560228));
#3026=CARTESIAN_POINT('Ctrl Pts',(-40.4871507523092,-185.980522328237,2.75694076665017));
#3027=CARTESIAN_POINT('Ctrl Pts',(-40.3198200178418,-186.576586772762,2.89922196554623));
#3028=CARTESIAN_POINT('Ctrl Pts',(-39.977320233206,-187.798842882006,3.13209672701304));
#3029=CARTESIAN_POINT('Ctrl Pts',(-39.2993454713101,-190.216128453421,3.43443609060524));
#3030=CARTESIAN_POINT('Ctrl Pts',(-38.2592240564947,-193.908621089691,3.6064817774823));
#3031=CARTESIAN_POINT('Ctrl Pts',(-37.40491916701,-196.912264986316,3.42281940366617));
#3032=CARTESIAN_POINT('Ctrl Pts',(-36.8883267263724,-198.727975492163,3.14853791722074));
#3033=CARTESIAN_POINT('Ctrl Pts',(-40.3552683752842,-185.961044656473,2.69331462863237));
#3034=CARTESIAN_POINT('Ctrl Pts',(-40.1816365281417,-186.555371111827,2.82683663061776));
#3035=CARTESIAN_POINT('Ctrl Pts',(-39.828970118789,-187.774114676869,3.04186101549656));
#3036=CARTESIAN_POINT('Ctrl Pts',(-39.1386764221888,-190.184350438855,3.30912501685991));
#3037=CARTESIAN_POINT('Ctrl Pts',(-38.0946690547879,-193.864412436647,3.42834004953319));
#3038=CARTESIAN_POINT('Ctrl Pts',(-37.2546010138063,-196.854577973574,3.20255257093377));
#3039=CARTESIAN_POINT('Ctrl Pts',(-36.7563055668979,-198.655998158262,2.9053244988392));
#3040=CARTESIAN_POINT('Ctrl Pts',(-40.2233859982592,-185.94156698471,2.62968849061456));
#3041=CARTESIAN_POINT('Ctrl Pts',(-40.0434530384415,-186.534155450892,2.75445129568928));
#3042=CARTESIAN_POINT('Ctrl Pts',(-39.6806200043721,-187.749386471732,2.95162530398007));
#3043=CARTESIAN_POINT('Ctrl Pts',(-38.9780073730675,-190.15257242429,3.18381394311458));
#3044=CARTESIAN_POINT('Ctrl Pts',(-37.9301140530811,-193.820203783604,3.25019832158407));
#3045=CARTESIAN_POINT('Ctrl Pts',(-37.1042828606026,-196.796890960832,2.98228573820136));
#3046=CARTESIAN_POINT('Ctrl Pts',(-36.6242844074234,-198.58402082436,2.66211108045766));
#3047=CARTESIAN_POINT('',(-36.6801260241417,-198.376406408079,2.69852454561992));
#3048=CARTESIAN_POINT('',(-37.020347885847,-198.799952826065,3.39175133560228));
#3049=CARTESIAN_POINT('Ctrl Pts',(-36.6800885752919,-198.376513782653,2.69857376826189));
#3050=CARTESIAN_POINT('Ctrl Pts',(-36.736816649857,-198.422206349949,2.80466488374644));
#3051=CARTESIAN_POINT('Ctrl Pts',(-36.7920719884427,-198.474617757204,2.91064764257208));
#3052=CARTESIAN_POINT('Ctrl Pts',(-36.8438314411987,-198.534387634396,3.01407842128067));
#3053=CARTESIAN_POINT('Ctrl Pts',(-36.8869669428466,-198.584198895891,3.10027598110541));
#3054=CARTESIAN_POINT('Ctrl Pts',(-36.9276726717002,-198.639122251498,3.18470360044964));
#3055=CARTESIAN_POINT('Ctrl Pts',(-36.9647634018997,-198.699539334276,3.26592511407544));
#3056=CARTESIAN_POINT('Ctrl Pts',(-36.9843588406563,-198.731458340428,3.30883532876805));
#3057=CARTESIAN_POINT('Ctrl Pts',(-37.0029451695224,-198.764910808965,3.35085009886824));
#3058=CARTESIAN_POINT('Ctrl Pts',(-37.0203478858469,-198.799952826065,3.39175133560228));
#3059=CARTESIAN_POINT('',(-40.6190331293343,-186.,2.82056690466798));
#3060=CARTESIAN_POINT('Ctrl Pts',(-37.0203478858469,-198.799952826065,3.39175133560228));
#3061=CARTESIAN_POINT('Ctrl Pts',(-37.5552373202137,-196.969951999057,3.64308623639858));
#3062=CARTESIAN_POINT('Ctrl Pts',(-38.4237790582014,-193.952829742734,3.78462350543141));
#3063=CARTESIAN_POINT('Ctrl Pts',(-39.4600145204314,-190.247906467986,3.55974716435057));
#3064=CARTESIAN_POINT('Ctrl Pts',(-40.1256703476229,-187.823571087143,3.22233243852953));
#3065=CARTESIAN_POINT('Ctrl Pts',(-40.458003507542,-186.597802433697,2.9716073004747));
#3066=CARTESIAN_POINT('Ctrl Pts',(-40.6190331293343,-186.,2.82056690466798));
#3067=CARTESIAN_POINT('',(-40.2056534855623,-186.,2.64189582701422));
#3068=CARTESIAN_POINT('Ctrl Pts',(-40.2056534855623,-186.,2.64189582701422));
#3069=CARTESIAN_POINT('Ctrl Pts',(-40.2746635915081,-186.,2.67200843114485));
#3070=CARTESIAN_POINT('Ctrl Pts',(-40.3437263106908,-186.,2.70200089722844));
#3071=CARTESIAN_POINT('Ctrl Pts',(-40.4815203175674,-186.,2.76155655934106));
#3072=CARTESIAN_POINT('Ctrl Pts',(-40.5502512710364,-186.,2.79112140656853));
#3073=CARTESIAN_POINT('Ctrl Pts',(-40.6190331293343,-186.,2.82056690466798));
#3074=CARTESIAN_POINT('Ctrl Pts',(-40.2056534125734,-185.999999882237,2.64189628828571));
#3075=CARTESIAN_POINT('Ctrl Pts',(-40.0315400747307,-186.574062086965,2.76090497245276));
#3076=CARTESIAN_POINT('Ctrl Pts',(-39.6748512472578,-187.769117679859,2.95353167429593));
#3077=CARTESIAN_POINT('Ctrl Pts',(-38.9780073730675,-190.15257242429,3.18381394311458));
#3078=CARTESIAN_POINT('Ctrl Pts',(-37.9504028516844,-193.749192896731,3.24891301967453));
#3079=CARTESIAN_POINT('Ctrl Pts',(-37.1426828711329,-196.658528361435,2.99456051599319));
#3080=CARTESIAN_POINT('Ctrl Pts',(-36.6801151986799,-198.3764149085,2.69859080316532));
#3081=CARTESIAN_POINT('Origin',(-38.3999995529494,-186.,-5.95868865360671E-8));
#3082=CARTESIAN_POINT('',(-36.6196290087427,-198.406352582476,-2.6589999960831));
#3083=CARTESIAN_POINT('Ctrl Pts',(-36.6196290106816,-198.406352626488,-2.65900012518289));
#3084=CARTESIAN_POINT('Ctrl Pts',(-36.6397803411383,-198.396745768899,-2.67249268535297));
#3085=CARTESIAN_POINT('Ctrl Pts',(-36.6599492014039,-198.38675455846,-2.68566387214083));
#3086=CARTESIAN_POINT('Ctrl Pts',(-36.6801259842758,-198.376406555972,-2.69852463938026));
#3087=CARTESIAN_POINT('',(-36.6196290533154,-198.406352433068,2.65899990662506));
#3088=CARTESIAN_POINT('Ctrl Pts',(-36.6196290363385,-198.406352447896,2.65899990723947));
#3089=CARTESIAN_POINT('Ctrl Pts',(-36.4281479583808,-198.19243639751,2.53079108063626));
#3090=CARTESIAN_POINT('Ctrl Pts',(-36.2391940298456,-197.989307674632,2.37336752935613));
#3091=CARTESIAN_POINT('Ctrl Pts',(-35.8337408420436,-197.558092758179,1.94215261502962));
#3092=CARTESIAN_POINT('Ctrl Pts',(-35.6067560167192,-197.321537620734,1.61455624014807));
#3093=CARTESIAN_POINT('Ctrl Pts',(-35.3687056512076,-197.074385410534,1.04570932980134));
#3094=CARTESIAN_POINT('Ctrl Pts',(-35.3058112193775,-197.009329467671,0.843326624824081));
#3095=CARTESIAN_POINT('Ctrl Pts',(-35.2214401090974,-196.922119479877,0.426569047326357));
#3096=CARTESIAN_POINT('Ctrl Pts',(-35.1999995569004,-196.900002187738,0.212179172073646));
#3097=CARTESIAN_POINT('Ctrl Pts',(-35.1999995489985,-196.900002187738,-0.212179167332076));
#3098=CARTESIAN_POINT('Ctrl Pts',(-35.2214400922767,-196.92211947891,-0.426569038967211));
#3099=CARTESIAN_POINT('Ctrl Pts',(-35.3058111835226,-197.009329464065,-0.843326611335498));
#3100=CARTESIAN_POINT('Ctrl Pts',(-35.3687056052348,-197.074385405257,-1.04570931479941));
#3101=CARTESIAN_POINT('Ctrl Pts',(-35.6067559394038,-197.321537610892,-1.61455622320552));
#3102=CARTESIAN_POINT('Ctrl Pts',(-35.8337407424724,-197.558092746002,-1.94215260038771));
#3103=CARTESIAN_POINT('Ctrl Pts',(-36.2391939293689,-197.989307705416,-2.37336756192899));
#3104=CARTESIAN_POINT('Ctrl Pts',(-36.4281478886164,-198.192436483458,-2.53079114846847));
#3105=CARTESIAN_POINT('Ctrl Pts',(-36.619628991948,-198.406352597145,-2.65899999669092));
#3106=CARTESIAN_POINT('Ctrl Pts',(-36.6801260241332,-198.376406408079,2.69852454561047));
#3107=CARTESIAN_POINT('Ctrl Pts',(-36.6599491851561,-198.386754599526,2.68566391830126));
#3108=CARTESIAN_POINT('Ctrl Pts',(-36.6397804112956,-198.396745510291,2.67249259141497));
#3109=CARTESIAN_POINT('Ctrl Pts',(-36.6196290779803,-198.406352367644,2.65900005901891));
#3110=CARTESIAN_POINT('Origin',(-38.3999995529494,-186.,-5.95868865360671E-8));
#3111=CARTESIAN_POINT('Ctrl Pts',(40.6190331293097,-186.,-2.82056702386475));
#3112=CARTESIAN_POINT('Ctrl Pts',(40.4580035047281,-186.597802444051,-2.97160742228469));
#3113=CARTESIAN_POINT('Ctrl Pts',(39.9638980571507,-188.420692469277,-3.34765084115752));
#3114=CARTESIAN_POINT('Ctrl Pts',(38.775041205617,-192.722506979004,-3.80125440864014));
#3115=CARTESIAN_POINT('Ctrl Pts',(37.7335337420196,-196.35995191926,-3.72686465017405));
#3116=CARTESIAN_POINT('Ctrl Pts',(37.0203478154682,-198.799953066771,-3.39175142170633));
#3117=CARTESIAN_POINT('Ctrl Pts',(40.4871507522838,-185.980522328236,-2.75694088584561));
#3118=CARTESIAN_POINT('Ctrl Pts',(40.319820014918,-186.576586783086,-2.89922208720317));
#3119=CARTESIAN_POINT('Ctrl Pts',(39.810384603017,-188.394489844514,-3.24860276331946));
#3120=CARTESIAN_POINT('Ctrl Pts',(38.6070398580031,-192.682739447848,-3.64062640341646));
#3121=CARTESIAN_POINT('Ctrl Pts',(37.577116591615,-196.307028346246,-3.5142466764768));
#3122=CARTESIAN_POINT('Ctrl Pts',(36.8883266584011,-198.727975730989,-3.14853800030554));
#3123=CARTESIAN_POINT('Ctrl Pts',(40.3552683752578,-185.961044656473,-2.69331474782648));
#3124=CARTESIAN_POINT('Ctrl Pts',(40.1816365251079,-186.555371122121,-2.82683675212165));
#3125=CARTESIAN_POINT('Ctrl Pts',(39.6568711488834,-188.36828721975,-3.1495546854814));
#3126=CARTESIAN_POINT('Ctrl Pts',(38.4390385103892,-192.642971916692,-3.47999839819278));
#3127=CARTESIAN_POINT('Ctrl Pts',(37.4206994412103,-196.254104773232,-3.30162870277956));
#3128=CARTESIAN_POINT('Ctrl Pts',(36.7563055013339,-198.655998395208,-2.90532457890476));
#3129=CARTESIAN_POINT('Ctrl Pts',(40.2233859982318,-185.941566984709,-2.62968860980734));
#3130=CARTESIAN_POINT('Ctrl Pts',(40.0434530352978,-186.534155461156,-2.75445141704013));
#3131=CARTESIAN_POINT('Ctrl Pts',(39.5033576947498,-188.342084594986,-3.05050660764335));
#3132=CARTESIAN_POINT('Ctrl Pts',(38.2710371627753,-192.603204385536,-3.3193703929691));
#3133=CARTESIAN_POINT('Ctrl Pts',(37.2642822908057,-196.201181200217,-3.08901072908231));
#3134=CARTESIAN_POINT('Ctrl Pts',(36.6242843442668,-198.584021059426,-2.66211115750398));
#3135=CARTESIAN_POINT('',(36.6801259842863,-198.376406555972,-2.69852463939229));
#3136=CARTESIAN_POINT('',(37.0203478154681,-198.799953066771,-3.39175142170635));
#3137=CARTESIAN_POINT('Ctrl Pts',(36.6800973612536,-198.376470460895,-2.69859857239168));
#3138=CARTESIAN_POINT('Ctrl Pts',(36.7376521752839,-198.422834297929,-2.8062334152159));
#3139=CARTESIAN_POINT('Ctrl Pts',(36.7936902784519,-198.476116969732,-2.91375538246688));
#3140=CARTESIAN_POINT('Ctrl Pts',(36.8460987338161,-198.53698467929,-3.01861355436924));
#3141=CARTESIAN_POINT('Ctrl Pts',(36.8892988693619,-198.587157753177,-3.10504783692504));
#3142=CARTESIAN_POINT('Ctrl Pts',(36.930030907924,-198.642486102604,-3.18967468797554));
#3143=CARTESIAN_POINT('Ctrl Pts',(36.9670979684976,-198.703352149795,-3.27104359738164));
#3144=CARTESIAN_POINT('Ctrl Pts',(36.9858359913051,-198.734120960778,-3.3121769501935));
#3145=CARTESIAN_POINT('Ctrl Pts',(37.0036373542596,-198.766304956993,-3.35247717181486));
#3146=CARTESIAN_POINT('Ctrl Pts',(37.0203478154682,-198.799953066771,-3.39175142170632));
#3147=CARTESIAN_POINT('',(40.6190331293097,-186.,-2.82056702386476));
#3148=CARTESIAN_POINT('Ctrl Pts',(37.0203478154682,-198.799953066771,-3.39175142170633));
#3149=CARTESIAN_POINT('Ctrl Pts',(37.7335337420196,-196.35995191926,-3.72686465017405));
#3150=CARTESIAN_POINT('Ctrl Pts',(38.775041205617,-192.722506979004,-3.80125440864014));
#3151=CARTESIAN_POINT('Ctrl Pts',(39.9638980571507,-188.420692469277,-3.34765084115752));
#3152=CARTESIAN_POINT('Ctrl Pts',(40.4580035047281,-186.597802444051,-2.97160742228469));
#3153=CARTESIAN_POINT('Ctrl Pts',(40.6190331293097,-186.,-2.82056702386475));
#3154=CARTESIAN_POINT('',(40.2056534855347,-186.,-2.64189594620686));
#3155=CARTESIAN_POINT('Ctrl Pts',(40.2056534855347,-186.,-2.64189594620687));
#3156=CARTESIAN_POINT('Ctrl Pts',(40.2746636289092,-186.,-2.67200856667001));
#3157=CARTESIAN_POINT('Ctrl Pts',(40.3437263855841,-186.,-2.70200104895863));
#3158=CARTESIAN_POINT('Ctrl Pts',(40.481520392588,-186.,-2.76155671081788));
#3159=CARTESIAN_POINT('Ctrl Pts',(40.550251308562,-186.,-2.79112154184008));
#3160=CARTESIAN_POINT('Ctrl Pts',(40.6190331293097,-186.,-2.82056702386475));
#3161=CARTESIAN_POINT('Ctrl Pts',(40.2056532510694,-185.999999123041,-2.64189983110293));
#3162=CARTESIAN_POINT('Ctrl Pts',(40.0316263248742,-186.573751487593,-2.76091337464071));
#3163=CARTESIAN_POINT('Ctrl Pts',(39.4975745630271,-188.362081516563,-3.05176835298123));
#3164=CARTESIAN_POINT('Ctrl Pts',(38.2914837649946,-192.532504093603,-3.31490941814388));
#3165=CARTESIAN_POINT('Ctrl Pts',(37.3032769109258,-196.061866747995,-3.09775633144632));
#3166=CARTESIAN_POINT('Ctrl Pts',(36.6801117391558,-198.376417058699,-2.69860778174651));
#3167=CARTESIAN_POINT('Origin',(38.3999995529494,-186.,-5.95868865360671E-8));
#3168=CARTESIAN_POINT('',(40.2056534855623,-186.,2.64189582701422));
#3169=CARTESIAN_POINT('Origin',(38.3999995529494,-186.,-5.95868865360671E-8));
#3170=CARTESIAN_POINT('',(36.6801260241417,-198.376406408079,2.69852454561992));
#3171=CARTESIAN_POINT('Ctrl Pts',(36.6801187957053,-198.376412538248,2.698571475967));
#3172=CARTESIAN_POINT('Ctrl Pts',(36.9963484347614,-197.202118918658,2.90066768534717));
#3173=CARTESIAN_POINT('Ctrl Pts',(37.6626520606528,-194.781190169039,3.17343027124251));
#3174=CARTESIAN_POINT('Ctrl Pts',(38.7312692385611,-191.003752883115,3.24497963518258));
#3175=CARTESIAN_POINT('Ctrl Pts',(39.6105528866657,-187.980475295191,3.00013497803362));
#3176=CARTESIAN_POINT('Ctrl Pts',(40.0640774410805,-186.466765651481,2.73874143141289));
#3177=CARTESIAN_POINT('Ctrl Pts',(40.2056533647183,-185.99999891036,2.64190090235903));
#3178=CARTESIAN_POINT('',(36.6196290532787,-198.406352433389,2.65899990672901));
#3179=CARTESIAN_POINT('Ctrl Pts',(36.6196290526883,-198.406352474227,2.6589998708694));
#3180=CARTESIAN_POINT('Ctrl Pts',(36.6397803832059,-198.396745619155,2.67249253367525));
#3181=CARTESIAN_POINT('Ctrl Pts',(36.6599492428387,-198.38675441024,2.68566377977146));
#3182=CARTESIAN_POINT('Ctrl Pts',(36.6801260241312,-198.376406408079,2.6985245456079));
#3183=CARTESIAN_POINT('',(36.6196290087794,-198.406352582155,-2.65899999597914));
#3184=CARTESIAN_POINT('Ctrl Pts',(36.6196289918025,-198.406352596983,-2.65899999659356));
#3185=CARTESIAN_POINT('Ctrl Pts',(36.4281478885204,-198.192436483355,-2.53079114838906));
#3186=CARTESIAN_POINT('Ctrl Pts',(36.2391939293257,-197.98930770537,-2.3733675618831));
#3187=CARTESIAN_POINT('Ctrl Pts',(35.8337407424724,-197.558092746002,-1.94215260038771));
#3188=CARTESIAN_POINT('Ctrl Pts',(35.6067559394038,-197.321537610892,-1.61455622320552));
#3189=CARTESIAN_POINT('Ctrl Pts',(35.3687056052348,-197.074385405257,-1.04570931479941));
#3190=CARTESIAN_POINT('Ctrl Pts',(35.3058111835226,-197.009329464065,-0.843326611335501));
#3191=CARTESIAN_POINT('Ctrl Pts',(35.2214400922767,-196.92211947891,-0.426569038967214));
#3192=CARTESIAN_POINT('Ctrl Pts',(35.1999995489985,-196.900002187738,-0.212179167332078));
#3193=CARTESIAN_POINT('Ctrl Pts',(35.1999995569004,-196.900002187738,0.212179172073645));
#3194=CARTESIAN_POINT('Ctrl Pts',(35.2214401090974,-196.922119479877,0.426569047326356));
#3195=CARTESIAN_POINT('Ctrl Pts',(35.3058112193775,-197.009329467671,0.843326624824079));
#3196=CARTESIAN_POINT('Ctrl Pts',(35.3687056512076,-197.074385410534,1.04570932980134));
#3197=CARTESIAN_POINT('Ctrl Pts',(35.6067560167192,-197.321537620734,1.61455624014807));
#3198=CARTESIAN_POINT('Ctrl Pts',(35.8337408420436,-197.558092758179,1.94215261502962));
#3199=CARTESIAN_POINT('Ctrl Pts',(36.2391940298888,-197.989307674678,2.37336752940202));
#3200=CARTESIAN_POINT('Ctrl Pts',(36.4281479584767,-198.192436397613,2.53079108071565));
#3201=CARTESIAN_POINT('Ctrl Pts',(36.6196290364839,-198.406352448058,2.65899990733683));
#3202=CARTESIAN_POINT('Ctrl Pts',(36.6801259842777,-198.376406555972,-2.69852463938285));
#3203=CARTESIAN_POINT('Ctrl Pts',(36.6599491228352,-198.386754852615,-2.68566407684916));
#3204=CARTESIAN_POINT('Ctrl Pts',(36.6397803096414,-198.396745914017,-2.67249252838026));
#3205=CARTESIAN_POINT('Ctrl Pts',(36.6196289572702,-198.40635281253,-2.65899951100461));
#3206=CARTESIAN_POINT('Ctrl Pts',(37.0203478858469,-198.799952826065,3.39175133560229));
#3207=CARTESIAN_POINT('Ctrl Pts',(37.3924891853505,-197.526757204504,3.56661382228357));
#3208=CARTESIAN_POINT('Ctrl Pts',(38.1238815422089,-194.998171365015,3.75060337066221));
#3209=CARTESIAN_POINT('Ctrl Pts',(39.2232587997061,-191.106681578833,3.65799810710382));
#3210=CARTESIAN_POINT('Ctrl Pts',(40.0698189646647,-188.031958299004,3.27804105134591));
#3211=CARTESIAN_POINT('Ctrl Pts',(40.4874579275123,-186.488456564624,2.9439800403405));
#3212=CARTESIAN_POINT('Ctrl Pts',(40.6190331293343,-186.,2.82056690466797));
#3213=CARTESIAN_POINT('Ctrl Pts',(36.8883267263724,-198.727975492163,3.14853791722075));
#3214=CARTESIAN_POINT('Ctrl Pts',(37.2477381669819,-197.464722147164,3.33936514662077));
#3215=CARTESIAN_POINT('Ctrl Pts',(37.9634052667006,-194.949645077122,3.55776152117311));
#3216=CARTESIAN_POINT('Ctrl Pts',(39.0592622793244,-191.072372013593,3.52032528313008));
#3217=CARTESIAN_POINT('Ctrl Pts',(39.9191022536556,-188.006641614412,3.18474519336355));
#3218=CARTESIAN_POINT('Ctrl Pts',(40.3504269935776,-186.467558804597,2.87319687687302));
#3219=CARTESIAN_POINT('Ctrl Pts',(40.4871507523092,-185.980522328237,2.75694076665017));
#3220=CARTESIAN_POINT('Ctrl Pts',(36.7563055668979,-198.655998158262,2.90532449883921));
#3221=CARTESIAN_POINT('Ctrl Pts',(37.1029871486134,-197.402687089825,3.11211647095798));
#3222=CARTESIAN_POINT('Ctrl Pts',(37.8029289911924,-194.901118789229,3.36491967168401));
#3223=CARTESIAN_POINT('Ctrl Pts',(38.8952657589427,-191.038062448354,3.38265245915633));
#3224=CARTESIAN_POINT('Ctrl Pts',(39.7683855426464,-187.98132492982,3.0914493353812));
#3225=CARTESIAN_POINT('Ctrl Pts',(40.213396059643,-186.44666104457,2.80241371340553));
#3226=CARTESIAN_POINT('Ctrl Pts',(40.3552683752842,-185.961044656473,2.69331462863236));
#3227=CARTESIAN_POINT('Ctrl Pts',(36.6242844074234,-198.58402082436,2.66211108045767));
#3228=CARTESIAN_POINT('Ctrl Pts',(36.9582361302449,-197.340652032486,2.88486779529518));
#3229=CARTESIAN_POINT('Ctrl Pts',(37.6424527156842,-194.852592501336,3.17207782219491));
#3230=CARTESIAN_POINT('Ctrl Pts',(38.7312692385611,-191.003752883115,3.24497963518258));
#3231=CARTESIAN_POINT('Ctrl Pts',(39.6176688316373,-187.956008245228,2.99815347739885));
#3232=CARTESIAN_POINT('Ctrl Pts',(40.0763651257083,-186.425763284543,2.73163054993804));
#3233=CARTESIAN_POINT('Ctrl Pts',(40.2233859982592,-185.94156698471,2.62968849061456));
#3234=CARTESIAN_POINT('',(37.020347885847,-198.799952826064,3.39175133560227));
#3235=CARTESIAN_POINT('Ctrl Pts',(37.0203478858469,-198.799952826065,3.39175133560228));
#3236=CARTESIAN_POINT('Ctrl Pts',(37.0082790590025,-198.775651100474,3.36338622669291));
#3237=CARTESIAN_POINT('Ctrl Pts',(36.995666473482,-198.752164854912,3.3345448623694));
#3238=CARTESIAN_POINT('Ctrl Pts',(36.9825787808211,-198.729471942572,3.30531482588743));
#3239=CARTESIAN_POINT('Ctrl Pts',(36.9455487014689,-198.665265029526,3.2226118928006));
#3240=CARTESIAN_POINT('Ctrl Pts',(36.9044417669602,-198.606936461199,3.13619142195172));
#3241=CARTESIAN_POINT('Ctrl Pts',(36.8605388455742,-198.554076841297,3.04761029104378));
#3242=CARTESIAN_POINT('Ctrl Pts',(36.8090844319971,-198.492125138355,2.94379282284394));
#3243=CARTESIAN_POINT('Ctrl Pts',(36.7537919944909,-198.437683563613,2.837003684782));
#3244=CARTESIAN_POINT('Ctrl Pts',(36.6967035892781,-198.390109192922,2.72969600224725));
#3245=CARTESIAN_POINT('Ctrl Pts',(36.6911835890249,-198.385509125057,2.7193201924387));
#3246=CARTESIAN_POINT('Ctrl Pts',(36.6856467656473,-198.38097328676,2.70893952912566));
#3247=CARTESIAN_POINT('Ctrl Pts',(36.6800949426119,-198.376501114863,2.69855623177811));
#3248=CARTESIAN_POINT('',(40.6190331293343,-186.,2.82056690466798));
#3249=CARTESIAN_POINT('Ctrl Pts',(40.6190331293343,-186.,2.82056690466797));
#3250=CARTESIAN_POINT('Ctrl Pts',(40.550252085115,-186.,2.79112175507539));
#3251=CARTESIAN_POINT('Ctrl Pts',(40.481521944522,-186.,2.76155725918097));
#3252=CARTESIAN_POINT('Ctrl Pts',(40.3437279351947,-186.,2.70200160271587));
#3253=CARTESIAN_POINT('Ctrl Pts',(40.2746644031376,-186.,2.6720087852999));
#3254=CARTESIAN_POINT('Ctrl Pts',(40.2056534855623,-186.,2.64189582701422));
#3255=CARTESIAN_POINT('Ctrl Pts',(40.6190331293343,-186.,2.82056690466797));
#3256=CARTESIAN_POINT('Ctrl Pts',(40.4874579275123,-186.488456564624,2.9439800403405));
#3257=CARTESIAN_POINT('Ctrl Pts',(40.0698189646647,-188.031958299004,3.27804105134591));
#3258=CARTESIAN_POINT('Ctrl Pts',(39.2232587997061,-191.106681578833,3.65799810710382));
#3259=CARTESIAN_POINT('Ctrl Pts',(38.1238815422089,-194.998171365015,3.75060337066221));
#3260=CARTESIAN_POINT('Ctrl Pts',(37.3924891853505,-197.526757204504,3.56661382228357));
#3261=CARTESIAN_POINT('Ctrl Pts',(37.0203478858469,-198.799952826065,3.39175133560229));
#3262=CARTESIAN_POINT('Ctrl Pts',(41.4187408831754,-182.995554395262,5.74835638337473));
#3263=CARTESIAN_POINT('Ctrl Pts',(38.1978853889861,-195.223950499579,5.01138105587496));
#3264=CARTESIAN_POINT('Ctrl Pts',(34.5583051914519,-207.341949212294,4.17859584931151));
#3265=CARTESIAN_POINT('Ctrl Pts',(30.5000002905727,-220.,3.25000076368437));
#3266=CARTESIAN_POINT('Ctrl Pts',(41.418740711861,-182.997036263508,3.83223758891649));
#3267=CARTESIAN_POINT('Ctrl Pts',(38.1978852396353,-195.225195277181,3.34092070391664));
#3268=CARTESIAN_POINT('Ctrl Pts',(34.55830506692,-207.342733427396,2.78573056620767));
#3269=CARTESIAN_POINT('Ctrl Pts',(30.5000001937151,-220.,2.16666717578958));
#3270=CARTESIAN_POINT('Ctrl Pts',(41.4187405405467,-182.998518131754,1.91611879445824));
#3271=CARTESIAN_POINT('Ctrl Pts',(38.1978850902845,-195.226440054782,1.67046035195832));
#3272=CARTESIAN_POINT('Ctrl Pts',(34.5583049423882,-207.343517642499,1.39286528310384));
#3273=CARTESIAN_POINT('Ctrl Pts',(30.5000000968576,-220.,1.08333358789479));
#3274=CARTESIAN_POINT('Ctrl Pts',(41.4187403692323,-183.,0.));
#3275=CARTESIAN_POINT('Ctrl Pts',(38.1978849409337,-195.227684832384,0.));
#3276=CARTESIAN_POINT('Ctrl Pts',(34.5583048178563,-207.344301857601,0.));
#3277=CARTESIAN_POINT('Ctrl Pts',(30.5,-220.,0.));
#3278=CARTESIAN_POINT('',(40.6191391899511,-186.,2.30551924666243));
#3279=CARTESIAN_POINT('Ctrl Pts',(40.6191391899511,-186.,2.30551924666243));
#3280=CARTESIAN_POINT('Ctrl Pts',(40.6191064365112,-186.,2.46457522162027));
#3281=CARTESIAN_POINT('Ctrl Pts',(40.6190736830855,-185.999999999999,2.62363119657811));
#3282=CARTESIAN_POINT('Ctrl Pts',(40.6190383295603,-185.999999999999,2.79531374924663));
#3283=CARTESIAN_POINT('Ctrl Pts',(40.6190357294471,-186.,2.8079403269573));
#3284=CARTESIAN_POINT('Ctrl Pts',(40.6190331293343,-186.,2.82056690466798));
#3285=CARTESIAN_POINT('',(40.6192972893264,-186.,1.53776375755549));
#3286=CARTESIAN_POINT('Ctrl Pts',(40.6191391899511,-186.,2.30551924666243));
#3287=CARTESIAN_POINT('Ctrl Pts',(40.6191918897071,-186.,2.04960075029344));
#3288=CARTESIAN_POINT('Ctrl Pts',(40.6192445894989,-186.,1.79368225392446));
#3289=CARTESIAN_POINT('Ctrl Pts',(40.6192972893264,-186.,1.53776375755549));
#3290=CARTESIAN_POINT('',(40.7214295851283,-185.621430032179,8.84049279666048E-23));
#3291=CARTESIAN_POINT('Ctrl Pts',(40.7214295851283,-185.621430032179,0.));
#3292=CARTESIAN_POINT('Ctrl Pts',(40.7213996369893,-185.62140008878,0.184669704240377));
#3293=CARTESIAN_POINT('Ctrl Pts',(40.716700445723,-185.638760321465,0.366193907361292));
#3294=CARTESIAN_POINT('Ctrl Pts',(40.7078394149814,-185.671602599338,0.546233360820241));
#3295=CARTESIAN_POINT('Ctrl Pts',(40.7051442886839,-185.681591740483,0.600993250470136));
#3296=CARTESIAN_POINT('Ctrl Pts',(40.7020640922571,-185.693013120154,0.655616162487607));
#3297=CARTESIAN_POINT('Ctrl Pts',(40.6986129674702,-185.70581302781,0.71014971015998));
#3298=CARTESIAN_POINT('Ctrl Pts',(40.6892946409084,-185.740373852717,0.857394865625829));
#3299=CARTESIAN_POINT('Ctrl Pts',(40.6773879310611,-185.78455517472,1.00205245904827));
#3300=CARTESIAN_POINT('Ctrl Pts',(40.6634986461585,-185.836080120178,1.14379179293525));
#3301=CARTESIAN_POINT('Ctrl Pts',(40.6545010040858,-185.869458585686,1.23561220002435));
#3302=CARTESIAN_POINT('Ctrl Pts',(40.6446713360681,-185.905918874231,1.32620902301827));
#3303=CARTESIAN_POINT('Ctrl Pts',(40.6341744708545,-185.94484201827,1.41550399827066));
#3304=CARTESIAN_POINT('Ctrl Pts',(40.6293991374778,-185.962549303738,1.45612691444765));
#3305=CARTESIAN_POINT('Ctrl Pts',(40.6244380886073,-185.980942952773,1.49687641825316));
#3306=CARTESIAN_POINT('Ctrl Pts',(40.6192972893264,-186.,1.53776375755602));
#3307=CARTESIAN_POINT('',(41.4187403692323,-183.,0.));
#3308=CARTESIAN_POINT('Ctrl Pts',(41.4187403692323,-183.,0.));
#3309=CARTESIAN_POINT('Ctrl Pts',(41.1884441603237,-183.87429862138,0.));
#3310=CARTESIAN_POINT('Ctrl Pts',(40.9560072322891,-184.748029411481,0.));
#3311=CARTESIAN_POINT('Ctrl Pts',(40.7214295851283,-185.621430032179,0.));
#3312=CARTESIAN_POINT('',(41.4175699289828,-183.,5.748088453208));
#3313=CARTESIAN_POINT('Ctrl Pts',(41.4175699289828,-183.,5.74808845320801));
#3314=CARTESIAN_POINT('Ctrl Pts',(41.4177649988452,-183.,4.79009602603481));
#3315=CARTESIAN_POINT('Ctrl Pts',(41.4179600681921,-183.000000000002,3.83210359886151));
#3316=CARTESIAN_POINT('Ctrl Pts',(41.4183502149427,-183.000000000002,1.91607411445884));
#3317=CARTESIAN_POINT('Ctrl Pts',(41.4185452923463,-183.,0.958037057229473));
#3318=CARTESIAN_POINT('Ctrl Pts',(41.4187403692323,-183.,0.));
#3319=CARTESIAN_POINT('',(30.5000002905727,-220.,3.25000076368437));
#3320=CARTESIAN_POINT('Ctrl Pts',(41.4175699289828,-183.,5.748088453208));
#3321=CARTESIAN_POINT('Ctrl Pts',(38.1970032746396,-195.226887490739,5.01117921617411));
#3322=CARTESIAN_POINT('Ctrl Pts',(34.5578133951695,-207.343483148869,4.17848331966623));
#3323=CARTESIAN_POINT('Ctrl Pts',(30.5000002905727,-220.,3.25000076368437));
#3324=CARTESIAN_POINT('',(30.5,-220.,0.));
#3325=CARTESIAN_POINT('',(30.5000002905727,-220.,3.25000076368437));
#3326=CARTESIAN_POINT('',(35.1999995529494,-204.927568981361,-1.28212994945719E-22));
#3327=CARTESIAN_POINT('Ctrl Pts',(35.1999995529494,-204.927568981361,0.));
#3328=CARTESIAN_POINT('Ctrl Pts',(33.7012628257335,-209.892579105831,0.));
#3329=CARTESIAN_POINT('Ctrl Pts',(32.1345963080837,-214.902561934538,0.));
#3330=CARTESIAN_POINT('Ctrl Pts',(30.5,-220.,0.));
#3331=CARTESIAN_POINT('',(35.7471982097529,-203.105588404748,1.78959347905102));
#3332=CARTESIAN_POINT('Ctrl Pts',(35.1999995529494,-204.927568981361,0.));
#3333=CARTESIAN_POINT('Ctrl Pts',(35.1999995542537,-204.927530299278,0.0700405733851546));
#3334=CARTESIAN_POINT('Ctrl Pts',(35.2022991186134,-204.9198744573,0.139284354840493));
#3335=CARTESIAN_POINT('Ctrl Pts',(35.2113997549734,-204.889645118878,0.279261150572308));
#3336=CARTESIAN_POINT('Ctrl Pts',(35.2183304005837,-204.866642754469,0.348614379468787));
#3337=CARTESIAN_POINT('Ctrl Pts',(35.2472842328495,-204.77055923507,0.569715554615912));
#3338=CARTESIAN_POINT('Ctrl Pts',(35.277025031085,-204.671874910345,0.709542606676551));
#3339=CARTESIAN_POINT('Ctrl Pts',(35.4111027248898,-204.226620603457,1.20668010397347));
#3340=CARTESIAN_POINT('Ctrl Pts',(35.560938368133,-203.727860574446,1.49358642716126));
#3341=CARTESIAN_POINT('Ctrl Pts',(35.701727959443,-203.257594022598,1.72076567794584));
#3342=CARTESIAN_POINT('Ctrl Pts',(35.7241386908472,-203.182698273377,1.75541123520298));
#3343=CARTESIAN_POINT('Ctrl Pts',(35.7471982097529,-203.105588404748,1.78959347905103));
#3344=CARTESIAN_POINT('Ctrl Pts',(37.0203436260373,-198.799965029399,3.39171372033626));
#3345=CARTESIAN_POINT('Ctrl Pts',(36.9570939123228,-199.016290728454,3.4690580247617));
#3346=CARTESIAN_POINT('Ctrl Pts',(36.891758423644,-199.239378596797,3.52522999735751));
#3347=CARTESIAN_POINT('Ctrl Pts',(36.7911859854458,-199.582125616419,3.57716699243923));
#3348=CARTESIAN_POINT('Ctrl Pts',(36.7569237445869,-199.698783234423,3.5889896465665));
#3349=CARTESIAN_POINT('Ctrl Pts',(36.6621566286167,-200.021148346979,3.60567013694969));
#3350=CARTESIAN_POINT('Ctrl Pts',(36.6014525964629,-200.227305276338,3.59844836147642));
#3351=CARTESIAN_POINT('Ctrl Pts',(36.5082330222032,-200.543379744385,3.55981740111265));
#3352=CARTESIAN_POINT('Ctrl Pts',(36.4754036052213,-200.654594082111,3.54083814097744));
#3353=CARTESIAN_POINT('Ctrl Pts',(36.3787893883981,-200.981612457306,3.46888232864955));
#3354=CARTESIAN_POINT('Ctrl Pts',(36.3158910603091,-201.194135825928,3.40082390849057));
#3355=CARTESIAN_POINT('Ctrl Pts',(36.1017489717448,-201.916629254466,3.09211110954817));
#3356=CARTESIAN_POINT('Ctrl Pts',(35.9120119690122,-202.55380336031,2.62058098938116));
#3357=CARTESIAN_POINT('Ctrl Pts',(35.7782798503314,-203.001599644978,1.97040366773612));
#3358=CARTESIAN_POINT('Ctrl Pts',(35.7474562509214,-203.104753466766,1.789074638784));
#3359=CARTESIAN_POINT('Ctrl Pts',(25.0999983161688,-183.,28.6632590508537));
#3360=CARTESIAN_POINT('Ctrl Pts',(25.0999983161688,-183.733527842758,28.545360465245));
#3361=CARTESIAN_POINT('Ctrl Pts',(25.0999983161688,-184.466812577088,28.4265165275892));
#3362=CARTESIAN_POINT('Ctrl Pts',(25.0999983161688,-185.2,28.3067250613297));
#3363=CARTESIAN_POINT('Ctrl Pts',(24.9666649828355,-182.978841139244,28.5316152876543));
#3364=CARTESIAN_POINT('Ctrl Pts',(24.9666649828355,-183.712254166961,28.4137351560566));
#3365=CARTESIAN_POINT('Ctrl Pts',(24.9666649828355,-184.445425322454,28.2949096278537));
#3366=CARTESIAN_POINT('Ctrl Pts',(24.9666649828355,-185.178500468623,28.1751365058686));
#3367=CARTESIAN_POINT('Ctrl Pts',(24.8333316495021,-182.957682278488,28.3999715244549));
#3368=CARTESIAN_POINT('Ctrl Pts',(24.8333316495021,-183.690980491165,28.2821098468682));
#3369=CARTESIAN_POINT('Ctrl Pts',(24.8333316495021,-184.42403806782,28.1633027281183));
#3370=CARTESIAN_POINT('Ctrl Pts',(24.8333316495021,-185.157000937246,28.0435479504075));
#3371=CARTESIAN_POINT('Ctrl Pts',(24.6999983161688,-182.936523417733,28.2683277612555));
#3372=CARTESIAN_POINT('Ctrl Pts',(24.6999983161688,-183.669706815369,28.1504845376798));
#3373=CARTESIAN_POINT('Ctrl Pts',(24.6999983161688,-184.402650813186,28.0316958283829));
#3374=CARTESIAN_POINT('Ctrl Pts',(24.6999983161688,-185.135501405869,27.9119593949463));
#3375=CARTESIAN_POINT('',(25.0999983161688,-183.,28.6632590508537));
#3376=CARTESIAN_POINT('',(24.6999983161688,-183.,28.2581228285632));
#3377=CARTESIAN_POINT('Ctrl Pts',(25.0999983161688,-183.,28.6632590508537));
#3378=CARTESIAN_POINT('Ctrl Pts',(25.0333556501697,-183.,28.5957610655035));
#3379=CARTESIAN_POINT('Ctrl Pts',(24.966713087588,-183.,28.5282629802714));
#3380=CARTESIAN_POINT('Ctrl Pts',(24.8333797521607,-183.,28.3932175710741));
#3381=CARTESIAN_POINT('Ctrl Pts',(24.7666889838536,-183.,28.3256702514081));
#3382=CARTESIAN_POINT('Ctrl Pts',(24.6999983161688,-183.,28.2581228285632));
#3383=CARTESIAN_POINT('',(24.6999983161688,-185.135501405869,27.9119593949463));
#3384=CARTESIAN_POINT('Ctrl Pts',(24.6999983161688,-183.000000000002,28.2581228285632));
#3385=CARTESIAN_POINT('Ctrl Pts',(24.6999983161688,-183.712011037762,28.1436274629863));
#3386=CARTESIAN_POINT('Ctrl Pts',(24.6999983161688,-184.423800267685,28.0282403351676));
#3387=CARTESIAN_POINT('Ctrl Pts',(24.6999983161688,-185.135501405869,27.9119593949463));
#3388=CARTESIAN_POINT('',(25.0999983161688,-185.2,28.3067250613298));
#3389=CARTESIAN_POINT('',(24.6999983161688,-185.135501405869,27.9119593949463));
#3390=CARTESIAN_POINT('Ctrl Pts',(25.0999983161688,-185.2,28.3067250613297));
#3391=CARTESIAN_POINT('Ctrl Pts',(25.0999983161688,-184.466812577088,28.4265165275892));
#3392=CARTESIAN_POINT('Ctrl Pts',(25.0999983161688,-183.733527842758,28.545360465245));
#3393=CARTESIAN_POINT('Ctrl Pts',(25.0999983161688,-183.,28.6632590508537));
#3394=CARTESIAN_POINT('Ctrl Pts',(25.0988237962452,-185.276464179819,28.2942285069361));
#3395=CARTESIAN_POINT('Ctrl Pts',(25.0938042094112,-185.439819261362,28.2675238988424));
#3396=CARTESIAN_POINT('Ctrl Pts',(25.0727218991856,-185.60268726675,28.2408505513047));
#3397=CARTESIAN_POINT('Ctrl Pts',(24.9658327882622,-186.063610909119,28.1652340087411));
#3398=CARTESIAN_POINT('Ctrl Pts',(24.8405715186421,-186.349626745845,28.1181461104193));
#3399=CARTESIAN_POINT('Ctrl Pts',(24.525367863117,-186.810842938883,28.0420207510324));
#3400=CARTESIAN_POINT('Ctrl Pts',(24.3551140135702,-186.99430137403,28.0116662311049));
#3401=CARTESIAN_POINT('Ctrl Pts',(23.9586277899058,-187.310201709189,27.9593238528444));
#3402=CARTESIAN_POINT('Ctrl Pts',(23.7332151560192,-187.438844011286,27.937965978209));
#3403=CARTESIAN_POINT('Ctrl Pts',(23.0387791006482,-187.703755626042,27.8939511896434));
#3404=CARTESIAN_POINT('Ctrl Pts',(22.5353975355287,-187.741139616469,27.887720867346));
#3405=CARTESIAN_POINT('Ctrl Pts',(21.7728594384974,-187.572987562,27.9156812869156));
#3406=CARTESIAN_POINT('Ctrl Pts',(21.4984472735757,-187.458926607156,27.9346387074152));
#3407=CARTESIAN_POINT('Ctrl Pts',(20.6861116438365,-186.940282112777,28.020672332209));
#3408=CARTESIAN_POINT('Ctrl Pts',(20.2850429933255,-186.35275812052,28.1178450780448));
#3409=CARTESIAN_POINT('Ctrl Pts',(20.1225766698586,-185.563702765468,28.2472340335648));
#3410=CARTESIAN_POINT('Ctrl Pts',(20.1055911272801,-185.420250981208,28.2707228397488));
#3411=CARTESIAN_POINT('Ctrl Pts',(20.1011728360341,-185.276464177924,28.294228507246));
#3412=CARTESIAN_POINT('Ctrl Pts',(24.9658819695531,-185.25097611883,28.1632923655842));
#3413=CARTESIAN_POINT('Ctrl Pts',(24.9625374674562,-185.405851121615,28.1379780482602));
#3414=CARTESIAN_POINT('Ctrl Pts',(24.9439560857795,-185.560546986392,28.1126727912416));
#3415=CARTESIAN_POINT('Ctrl Pts',(24.8463999604925,-185.999064347311,28.0408845712326));
#3416=CARTESIAN_POINT('Ctrl Pts',(24.7296938034099,-186.272115594105,27.9961157055373));
#3417=CARTESIAN_POINT('Ctrl Pts',(24.4330118115471,-186.713497643619,27.9236734667219));
#3418=CARTESIAN_POINT('Ctrl Pts',(24.2720080506114,-186.889473335503,27.8947611791866));
#3419=CARTESIAN_POINT('Ctrl Pts',(23.8957361979371,-187.192906604825,27.8448840858938));
#3420=CARTESIAN_POINT('Ctrl Pts',(23.6812345484683,-187.316703787985,27.8245160476508));
#3421=CARTESIAN_POINT('Ctrl Pts',(23.0192487099877,-187.571827745336,27.7825387837873));
#3422=CARTESIAN_POINT('Ctrl Pts',(22.5381819733748,-187.607955173248,27.7765869557905));
#3423=CARTESIAN_POINT('Ctrl Pts',(21.8104268547773,-187.445868569123,27.8032617763104));
#3424=CARTESIAN_POINT('Ctrl Pts',(21.5489144239015,-187.336036183862,27.8213404727439));
#3425=CARTESIAN_POINT('Ctrl Pts',(20.7764122442501,-186.837221053883,27.9033679068967));
#3426=CARTESIAN_POINT('Ctrl Pts',(20.3993567087212,-186.27385518093,27.9959110862226));
#3427=CARTESIAN_POINT('Ctrl Pts',(20.2519289482803,-185.523532817743,28.1187288087101));
#3428=CARTESIAN_POINT('Ctrl Pts',(20.2370586846661,-185.387290168756,28.141010504446));
#3429=CARTESIAN_POINT('Ctrl Pts',(20.2341146627456,-185.250976117033,28.163292365878));
#3430=CARTESIAN_POINT('Ctrl Pts',(24.8329401428609,-185.225488057841,28.0323562242324));
#3431=CARTESIAN_POINT('Ctrl Pts',(24.8312650583305,-185.371888495226,28.0084318942743));
#3432=CARTESIAN_POINT('Ctrl Pts',(24.8151923037543,-185.518401843925,27.9844956062955));
#3433=CARTESIAN_POINT('Ctrl Pts',(24.7269467107027,-185.934521407192,27.9165356391402));
#3434=CARTESIAN_POINT('Ctrl Pts',(24.6187920365616,-186.19460060244,27.8740877858593));
#3435=CARTESIAN_POINT('Ctrl Pts',(24.3406310444747,-186.616134590397,27.8053289078828));
#3436=CARTESIAN_POINT('Ctrl Pts',(24.1888601584224,-186.784633709939,27.7778611612166));
#3437=CARTESIAN_POINT('Ctrl Pts',(23.8328154018004,-187.075585154967,27.7304470607583));
#3438=CARTESIAN_POINT('Ctrl Pts',(23.6291845634383,-187.194542891533,27.711074990791));
#3439=CARTESIAN_POINT('Ctrl Pts',(22.9997212890853,-187.439860740684,27.671125680012));
#3440=CARTESIAN_POINT('Ctrl Pts',(22.5408453547353,-187.474668191762,27.6654634406736));
#3441=CARTESIAN_POINT('Ctrl Pts',(21.8480215841849,-187.31873597252,27.6908525500539));
#3442=CARTESIAN_POINT('Ctrl Pts',(21.5992545915897,-187.212990991833,27.7080667850293));
#3443=CARTESIAN_POINT('Ctrl Pts',(20.8668875393072,-186.734334103285,27.7860458479742));
#3444=CARTESIAN_POINT('Ctrl Pts',(20.5136702159812,-186.195073069144,27.8739815431892));
#3445=CARTESIAN_POINT('Ctrl Pts',(20.3812822581295,-185.483336080751,27.9902230725174));
#3446=CARTESIAN_POINT('Ctrl Pts',(20.3685307585082,-185.354359709329,28.0112977280924));
#3447=CARTESIAN_POINT('Ctrl Pts',(20.3670564894572,-185.225488056142,28.03235622451));
#3448=CARTESIAN_POINT('Ctrl Pts',(24.6999983161688,-185.199999996852,27.9014200828805));
#3449=CARTESIAN_POINT('Ctrl Pts',(24.6999983163756,-185.337920355479,27.8788860436921));
#3450=CARTESIAN_POINT('Ctrl Pts',(24.6864264903482,-185.476261563566,27.8563178462324));
#3451=CARTESIAN_POINT('Ctrl Pts',(24.6075138829331,-185.869974845384,27.7921862016317));
#3452=CARTESIAN_POINT('Ctrl Pts',(24.5079143213293,-186.1170894507,27.7520573809772));
#3453=CARTESIAN_POINT('Ctrl Pts',(24.2482749929048,-186.518789295133,27.6869816235723));
#3454=CARTESIAN_POINT('Ctrl Pts',(24.1057541954635,-186.679805671413,27.6609561092983));
#3455=CARTESIAN_POINT('Ctrl Pts',(23.7699238098316,-186.958290050603,27.6160072938077));
#3456=CARTESIAN_POINT('Ctrl Pts',(23.5772039558874,-187.072402668231,27.5976250602328));
#3457=CARTESIAN_POINT('Ctrl Pts',(22.9801908984249,-187.307932859977,27.5597132741559));
#3458=CARTESIAN_POINT('Ctrl Pts',(22.5436297925814,-187.34148374854,27.5543295291181));
#3459=CARTESIAN_POINT('Ctrl Pts',(21.8855890004648,-187.191616979642,27.5784330394488));
#3460=CARTESIAN_POINT('Ctrl Pts',(21.6497217419155,-187.090100568539,27.594768550358));
#3461=CARTESIAN_POINT('Ctrl Pts',(20.9571881397208,-186.631273044392,27.6687414226619));
#3462=CARTESIAN_POINT('Ctrl Pts',(20.6279839313769,-186.116170129554,27.752047551367));
#3463=CARTESIAN_POINT('Ctrl Pts',(20.5106345365512,-185.443166133026,27.8617178476627));
#3464=CARTESIAN_POINT('Ctrl Pts',(20.4999983158943,-185.321398896876,27.8815853927896));
#3465=CARTESIAN_POINT('Ctrl Pts',(20.4999983161688,-185.199999995251,27.901420083142));
#3466=CARTESIAN_POINT('',(25.098823796245,-185.276464179828,28.2942285069347));
#3467=CARTESIAN_POINT('',(24.6999983161688,-185.199999996939,27.9014200833664));
#3468=CARTESIAN_POINT('',(25.098823796245,-185.276464179828,28.2942285069347));
#3469=CARTESIAN_POINT('',(20.4999983161688,-185.199999995382,27.9014200838749));
#3470=CARTESIAN_POINT('Ctrl Pts',(24.6999983161688,-185.199999996852,27.9014200828805));
#3471=CARTESIAN_POINT('Ctrl Pts',(24.6999983163756,-185.337920355479,27.8788860436921));
#3472=CARTESIAN_POINT('Ctrl Pts',(24.6864264903482,-185.476261563566,27.8563178462324));
#3473=CARTESIAN_POINT('Ctrl Pts',(24.6075138829331,-185.869974845384,27.7921862016317));
#3474=CARTESIAN_POINT('Ctrl Pts',(24.5079143213293,-186.1170894507,27.7520573809772));
#3475=CARTESIAN_POINT('Ctrl Pts',(24.2482749929048,-186.518789295133,27.6869816235723));
#3476=CARTESIAN_POINT('Ctrl Pts',(24.1057541954635,-186.679805671413,27.6609561092983));
#3477=CARTESIAN_POINT('Ctrl Pts',(23.7699238098316,-186.958290050603,27.6160072938077));
#3478=CARTESIAN_POINT('Ctrl Pts',(23.5772039558874,-187.072402668231,27.5976250602328));
#3479=CARTESIAN_POINT('Ctrl Pts',(22.9801908984249,-187.307932859977,27.5597132741559));
#3480=CARTESIAN_POINT('Ctrl Pts',(22.5436297925814,-187.34148374854,27.5543295291181));
#3481=CARTESIAN_POINT('Ctrl Pts',(21.8855890004648,-187.191616979642,27.5784330394488));
#3482=CARTESIAN_POINT('Ctrl Pts',(21.6497217419155,-187.090100568539,27.594768550358));
#3483=CARTESIAN_POINT('Ctrl Pts',(20.9571881397208,-186.631273044392,27.6687414226619));
#3484=CARTESIAN_POINT('Ctrl Pts',(20.6279839313769,-186.116170129554,27.752047551367));
#3485=CARTESIAN_POINT('Ctrl Pts',(20.5106345365512,-185.443166133026,27.8617178476627));
#3486=CARTESIAN_POINT('Ctrl Pts',(20.4999983158943,-185.321398896876,27.8815853927896));
#3487=CARTESIAN_POINT('Ctrl Pts',(20.4999983161688,-185.199999995251,27.901420083142));
#3488=CARTESIAN_POINT('',(20.1011728360345,-185.276464177937,28.2942285072438));
#3489=CARTESIAN_POINT('',(20.4999983161688,-185.199999995382,27.9014200838749));
#3490=CARTESIAN_POINT('Ctrl Pts',(20.1011728360341,-185.276464177924,28.294228507246));
#3491=CARTESIAN_POINT('Ctrl Pts',(20.1055911272801,-185.420250981208,28.2707228397488));
#3492=CARTESIAN_POINT('Ctrl Pts',(20.1225766698586,-185.563702765468,28.2472340335648));
#3493=CARTESIAN_POINT('Ctrl Pts',(20.2850429933255,-186.35275812052,28.1178450780448));
#3494=CARTESIAN_POINT('Ctrl Pts',(20.6861116438365,-186.940282112777,28.020672332209));
#3495=CARTESIAN_POINT('Ctrl Pts',(21.4984472735757,-187.458926607156,27.9346387074152));
#3496=CARTESIAN_POINT('Ctrl Pts',(21.7728594384974,-187.572987562,27.9156812869156));
#3497=CARTESIAN_POINT('Ctrl Pts',(22.5353975355287,-187.741139616469,27.887720867346));
#3498=CARTESIAN_POINT('Ctrl Pts',(23.0387791006482,-187.703755626042,27.8939511896434));
#3499=CARTESIAN_POINT('Ctrl Pts',(23.7332151560192,-187.438844011286,27.937965978209));
#3500=CARTESIAN_POINT('Ctrl Pts',(23.9586277899058,-187.310201709189,27.9593238528444));
#3501=CARTESIAN_POINT('Ctrl Pts',(24.3551140135702,-186.99430137403,28.0116662311049));
#3502=CARTESIAN_POINT('Ctrl Pts',(24.525367863117,-186.810842938883,28.0420207510324));
#3503=CARTESIAN_POINT('Ctrl Pts',(24.8405715186421,-186.349626745845,28.1181461104193));
#3504=CARTESIAN_POINT('Ctrl Pts',(24.9658327882622,-186.063610909119,28.1652340087411));
#3505=CARTESIAN_POINT('Ctrl Pts',(25.0727218991856,-185.60268726675,28.2408505513047));
#3506=CARTESIAN_POINT('Ctrl Pts',(25.0938042094112,-185.439819261362,28.2675238988424));
#3507=CARTESIAN_POINT('Ctrl Pts',(25.0988237962452,-185.276464179819,28.2942285069361));
#3508=CARTESIAN_POINT('Ctrl Pts',(25.0999983161688,-185.199999999989,28.3067250613316));
#3509=CARTESIAN_POINT('Ctrl Pts',(25.0999983161689,-185.225494380579,28.3025596745057));
#3510=CARTESIAN_POINT('Ctrl Pts',(25.0996067095442,-185.250985416327,28.2983936690318));
#3511=CARTESIAN_POINT('Ctrl Pts',(25.098823796245,-185.276464179828,28.2942285069347));
#3512=CARTESIAN_POINT('Ctrl Pts',(24.9666649828355,-185.178500468616,28.1751365058698));
#3513=CARTESIAN_POINT('Ctrl Pts',(24.9666649828355,-185.202661676176,28.1711889388633));
#3514=CARTESIAN_POINT('Ctrl Pts',(24.9664039117524,-185.22681972067,28.1672406974926));
#3515=CARTESIAN_POINT('Ctrl Pts',(24.9658819695529,-185.250976118838,28.1632923655829));
#3516=CARTESIAN_POINT('Ctrl Pts',(24.8333316495021,-185.157000937242,28.0435479504081));
#3517=CARTESIAN_POINT('Ctrl Pts',(24.8333316495022,-185.179828971773,28.0398182032209));
#3518=CARTESIAN_POINT('Ctrl Pts',(24.8332011139606,-185.202654025012,28.0360877259534));
#3519=CARTESIAN_POINT('Ctrl Pts',(24.8329401428608,-185.225488057849,28.0323562242311));
#3520=CARTESIAN_POINT('Ctrl Pts',(24.6999983161688,-185.135501405869,27.9119593949463));
#3521=CARTESIAN_POINT('Ctrl Pts',(24.6999983161688,-185.15699626737,27.9084474675786));
#3522=CARTESIAN_POINT('Ctrl Pts',(24.6999983161688,-185.178488329354,27.9049347544143));
#3523=CARTESIAN_POINT('Ctrl Pts',(24.6999983161688,-185.199999996859,27.9014200828793));
#3524=CARTESIAN_POINT('Ctrl Pts',(25.098823796245,-185.276464179828,28.2942285069347));
#3525=CARTESIAN_POINT('Ctrl Pts',(25.0996067095442,-185.250985416327,28.2983936690318));
#3526=CARTESIAN_POINT('Ctrl Pts',(25.0999983161689,-185.225494380579,28.3025596745057));
#3527=CARTESIAN_POINT('Ctrl Pts',(25.0999983161688,-185.199999999989,28.3067250613316));
#3528=CARTESIAN_POINT('Ctrl Pts',(24.6999983161688,-185.135501405869,27.9119593949463));
#3529=CARTESIAN_POINT('Ctrl Pts',(24.6999983161688,-185.15699626737,27.9084474675786));
#3530=CARTESIAN_POINT('Ctrl Pts',(24.6999983161688,-185.178488329354,27.9049347544143));
#3531=CARTESIAN_POINT('Ctrl Pts',(24.6999983161688,-185.199999996859,27.9014200828793));
#3532=CARTESIAN_POINT('Ctrl Pts',(20.0999983161688,-185.2,28.3067250613298));
#3533=CARTESIAN_POINT('Ctrl Pts',(20.0999983161688,-184.46681257709,28.4265165275889));
#3534=CARTESIAN_POINT('Ctrl Pts',(20.0999983161688,-183.733527842758,28.5453604652449));
#3535=CARTESIAN_POINT('Ctrl Pts',(20.0999983161688,-183.,28.6632590508537));
#3536=CARTESIAN_POINT('Ctrl Pts',(20.2333316495021,-185.178500468623,28.1751365058686));
#3537=CARTESIAN_POINT('Ctrl Pts',(20.2333316495021,-184.445425322456,28.2949096278534));
#3538=CARTESIAN_POINT('Ctrl Pts',(20.2333316495021,-183.712254166962,28.4137351560565));
#3539=CARTESIAN_POINT('Ctrl Pts',(20.2333316495021,-182.978841139244,28.5316152876543));
#3540=CARTESIAN_POINT('Ctrl Pts',(20.3666649828354,-185.157000937246,28.0435479504075));
#3541=CARTESIAN_POINT('Ctrl Pts',(20.3666649828354,-184.424038067822,28.163302728118));
#3542=CARTESIAN_POINT('Ctrl Pts',(20.3666649828354,-183.690980491166,28.2821098468681));
#3543=CARTESIAN_POINT('Ctrl Pts',(20.3666649828354,-182.957682278488,28.3999715244549));
#3544=CARTESIAN_POINT('Ctrl Pts',(20.4999983161688,-185.135501405869,27.9119593949463));
#3545=CARTESIAN_POINT('Ctrl Pts',(20.4999983161688,-184.402650813188,28.0316958283826));
#3546=CARTESIAN_POINT('Ctrl Pts',(20.4999983161688,-183.66970681537,28.1504845376797));
#3547=CARTESIAN_POINT('Ctrl Pts',(20.4999983161688,-182.936523417733,28.2683277612555));
#3548=CARTESIAN_POINT('',(20.4999983161688,-183.,28.2581228285632));
#3549=CARTESIAN_POINT('',(20.0999983161688,-183.,28.6632590508537));
#3550=CARTESIAN_POINT('Ctrl Pts',(20.4999983161688,-183.,28.2581228285632));
#3551=CARTESIAN_POINT('Ctrl Pts',(20.4333558880756,-183.,28.3256213920968));
#3552=CARTESIAN_POINT('Ctrl Pts',(20.3667133594927,-183.,28.3931198526138));
#3553=CARTESIAN_POINT('Ctrl Pts',(20.2333800275064,-183.,28.5281652589189));
#3554=CARTESIAN_POINT('Ctrl Pts',(20.1666892253581,-183.,28.5957122031403));
#3555=CARTESIAN_POINT('Ctrl Pts',(20.0999983161688,-183.,28.6632590508537));
#3556=CARTESIAN_POINT('',(20.0999983161688,-185.2,28.3067250613298));
#3557=CARTESIAN_POINT('Ctrl Pts',(20.0999983161688,-183.,28.6632590508537));
#3558=CARTESIAN_POINT('Ctrl Pts',(20.0999983161688,-183.733527842758,28.5453604652449));
#3559=CARTESIAN_POINT('Ctrl Pts',(20.0999983161688,-184.46681257709,28.4265165275889));
#3560=CARTESIAN_POINT('Ctrl Pts',(20.0999983161688,-185.2,28.3067250613298));
#3561=CARTESIAN_POINT('',(20.4999983161688,-185.135501405869,27.9119593949463));
#3562=CARTESIAN_POINT('',(20.0999983161688,-185.2,28.3067250613298));
#3563=CARTESIAN_POINT('Ctrl Pts',(20.4999983161688,-185.135501405869,27.9119593949463));
#3564=CARTESIAN_POINT('Ctrl Pts',(20.4999983161688,-184.423800267686,28.0282403351673));
#3565=CARTESIAN_POINT('Ctrl Pts',(20.4999983161688,-183.712011037763,28.1436274629862));
#3566=CARTESIAN_POINT('Ctrl Pts',(20.4999983161688,-183.000000000002,28.2581228285632));
#3567=CARTESIAN_POINT('Ctrl Pts',(20.1011728360345,-185.276464177937,28.2942285072438));
#3568=CARTESIAN_POINT('Ctrl Pts',(20.1003898557038,-185.250983232366,28.2983940260567));
#3569=CARTESIAN_POINT('Ctrl Pts',(20.0999983161686,-185.225492194369,28.3025600316986));
#3570=CARTESIAN_POINT('Ctrl Pts',(20.0999983161688,-185.199999999989,28.3067250613316));
#3571=CARTESIAN_POINT('Ctrl Pts',(20.2341146627459,-185.250976117046,28.1632923658759));
#3572=CARTESIAN_POINT('Ctrl Pts',(20.2335926758588,-185.226817650058,28.1672410359314));
#3573=CARTESIAN_POINT('Ctrl Pts',(20.233331649502,-185.202659604289,28.1711892773776));
#3574=CARTESIAN_POINT('Ctrl Pts',(20.2333316495021,-185.178500468615,28.1751365058699));
#3575=CARTESIAN_POINT('Ctrl Pts',(20.3670564894573,-185.225488056154,28.032356224508));
#3576=CARTESIAN_POINT('Ctrl Pts',(20.3667954960138,-185.20265206775,28.0360880458062));
#3577=CARTESIAN_POINT('Ctrl Pts',(20.3666649828354,-185.179827014209,28.0398185230566));
#3578=CARTESIAN_POINT('Ctrl Pts',(20.3666649828354,-185.157000937242,28.0435479504081));
#3579=CARTESIAN_POINT('Ctrl Pts',(20.4999983161688,-185.199999995262,27.9014200831401));
#3580=CARTESIAN_POINT('Ctrl Pts',(20.4999983161688,-185.178486485442,27.904935055681));
#3581=CARTESIAN_POINT('Ctrl Pts',(20.4999983161688,-185.156994424129,27.9084477687356));
#3582=CARTESIAN_POINT('Ctrl Pts',(20.4999983161688,-185.135501405869,27.9119593949463));
#3583=CARTESIAN_POINT('Ctrl Pts',(20.0999983161688,-185.199999999989,28.3067250613316));
#3584=CARTESIAN_POINT('Ctrl Pts',(20.0999983161686,-185.225492194369,28.3025600316986));
#3585=CARTESIAN_POINT('Ctrl Pts',(20.1003898557038,-185.250983232366,28.2983940260567));
#3586=CARTESIAN_POINT('Ctrl Pts',(20.1011728360345,-185.276464177937,28.2942285072438));
#3587=CARTESIAN_POINT('Ctrl Pts',(20.4999983161688,-185.199999995262,27.9014200831401));
#3588=CARTESIAN_POINT('Ctrl Pts',(20.4999983161688,-185.178486485442,27.904935055681));
#3589=CARTESIAN_POINT('Ctrl Pts',(20.4999983161688,-185.156994424129,27.9084477687356));
#3590=CARTESIAN_POINT('Ctrl Pts',(20.4999983161688,-185.135501405869,27.9119593949463));
#3591=CARTESIAN_POINT('Ctrl Pts',(-26.1439837396476,-183.,28.6632590508537));
#3592=CARTESIAN_POINT('Ctrl Pts',(-23.7416953660461,-195.228775366807,26.6977504015127));
#3593=CARTESIAN_POINT('Ctrl Pts',(-21.0270342436733,-207.345421673284,24.4766640512281));
#3594=CARTESIAN_POINT('Ctrl Pts',(-18.000000372529,-220.,22.));
#3595=CARTESIAN_POINT('Ctrl Pts',(-8.71466124654921,-183.,28.6632590508537));
#3596=CARTESIAN_POINT('Ctrl Pts',(-7.91389845534871,-195.228775366807,26.6977504015127));
#3597=CARTESIAN_POINT('Ctrl Pts',(-7.00901141455776,-207.345421673284,24.4766640512281));
#3598=CARTESIAN_POINT('Ctrl Pts',(-6.00000012417634,-220.,22.));
#3599=CARTESIAN_POINT('Ctrl Pts',(8.71466124654921,-183.,28.6632590508537));
#3600=CARTESIAN_POINT('Ctrl Pts',(7.91389845534871,-195.228775366807,26.6977504015127));
#3601=CARTESIAN_POINT('Ctrl Pts',(7.00901141455776,-207.345421673284,24.4766640512281));
#3602=CARTESIAN_POINT('Ctrl Pts',(6.00000012417634,-220.,22.));
#3603=CARTESIAN_POINT('Ctrl Pts',(26.1439837396476,-183.,28.6632590508537));
#3604=CARTESIAN_POINT('Ctrl Pts',(23.7416953660461,-195.228775366807,26.6977504015127));
#3605=CARTESIAN_POINT('Ctrl Pts',(21.0270342436733,-207.345421673284,24.4766640512281));
#3606=CARTESIAN_POINT('Ctrl Pts',(18.000000372529,-220.,22.));
#3607=CARTESIAN_POINT('',(-20.0999983161688,-183.,28.6632590508537));
#3608=CARTESIAN_POINT('Ctrl Pts',(-20.0999983161688,-183.,28.6632590508537));
#3609=CARTESIAN_POINT('Ctrl Pts',(-13.3999988774459,-183.,28.6632590508537));
#3610=CARTESIAN_POINT('Ctrl Pts',(-6.69999943872293,-183.,28.6632590508537));
#3611=CARTESIAN_POINT('Ctrl Pts',(6.69999943872293,-183.,28.6632590508537));
#3612=CARTESIAN_POINT('Ctrl Pts',(13.3999988774459,-183.,28.6632590508537));
#3613=CARTESIAN_POINT('Ctrl Pts',(20.0999983161688,-183.,28.6632590508537));
#3614=CARTESIAN_POINT('',(-20.0999983161688,-185.2,28.3067250613298));
#3615=CARTESIAN_POINT('Ctrl Pts',(-20.0999983161688,-185.2,28.3067250613298));
#3616=CARTESIAN_POINT('Ctrl Pts',(-20.0999983161688,-184.46681257709,28.4265165275889));
#3617=CARTESIAN_POINT('Ctrl Pts',(-20.0999983161688,-183.733527842759,28.5453604652449));
#3618=CARTESIAN_POINT('Ctrl Pts',(-20.0999983161688,-183.,28.6632590508537));
#3619=CARTESIAN_POINT('',(-20.1011728359437,-185.276464174983,28.2942285077268));
#3620=CARTESIAN_POINT('Ctrl Pts',(-20.1011728359437,-185.276464174983,28.2942285077268));
#3621=CARTESIAN_POINT('Ctrl Pts',(-20.1003898656564,-185.250983555271,28.2983939732694));
#3622=CARTESIAN_POINT('Ctrl Pts',(-20.0999983161687,-185.225492517062,28.3025599789755));
#3623=CARTESIAN_POINT('Ctrl Pts',(-20.0999983161688,-185.199999999989,28.3067250613316));
#3624=CARTESIAN_POINT('',(-25.0988237964195,-185.276464174148,28.2942285078633));
#3625=CARTESIAN_POINT('Ctrl Pts',(-25.0988237964202,-185.276464174126,28.2942285078669));
#3626=CARTESIAN_POINT('Ctrl Pts',(-25.0938491722719,-185.438356023163,28.2677631029275));
#3627=CARTESIAN_POINT('Ctrl Pts',(-25.0730865780398,-185.599784410963,28.2413260145727));
#3628=CARTESIAN_POINT('Ctrl Pts',(-24.962257556077,-186.081376652952,28.1623212747405));
#3629=CARTESIAN_POINT('Ctrl Pts',(-24.8240850383055,-186.386989656821,28.1119944433574));
#3630=CARTESIAN_POINT('Ctrl Pts',(-24.4571917698049,-186.895786056449,28.0279847532507));
#3631=CARTESIAN_POINT('Ctrl Pts',(-24.2435917882212,-187.10278988511,27.9937061185893));
#3632=CARTESIAN_POINT('Ctrl Pts',(-23.598143628903,-187.537657431132,27.9215890768714));
#3633=CARTESIAN_POINT('Ctrl Pts',(-23.1179953144811,-187.68837859311,27.8964921466803));
#3634=CARTESIAN_POINT('Ctrl Pts',(-22.3728587914906,-187.697787243656,27.8949294239513));
#3635=CARTESIAN_POINT('Ctrl Pts',(-22.114198167712,-187.660826329725,27.9010791887042));
#3636=CARTESIAN_POINT('Ctrl Pts',(-21.5557804126959,-187.489734311605,27.9295147752103));
#3637=CARTESIAN_POINT('Ctrl Pts',(-21.2678050819475,-187.33550661287,27.9551351830486));
#3638=CARTESIAN_POINT('Ctrl Pts',(-20.8293963660919,-186.977944347021,28.0143730793179));
#3639=CARTESIAN_POINT('Ctrl Pts',(-20.664962179139,-186.798051581623,28.0441339406087));
#3640=CARTESIAN_POINT('Ctrl Pts',(-20.3501193323747,-186.333636573601,28.1207829659795));
#3641=CARTESIAN_POINT('Ctrl Pts',(-20.2238763893643,-186.038184777506,28.1694176050536));
#3642=CARTESIAN_POINT('Ctrl Pts',(-20.1242865933885,-185.578896365716,28.2447466755374));
#3643=CARTESIAN_POINT('Ctrl Pts',(-20.1058250115579,-185.427862407595,28.2694785554774));
#3644=CARTESIAN_POINT('Ctrl Pts',(-20.1011728359431,-185.276464174963,28.2942285077301));
#3645=CARTESIAN_POINT('',(-25.0999983161688,-185.2,28.3067250613298));
#3646=CARTESIAN_POINT('Ctrl Pts',(-25.0999983161688,-185.199999999989,28.3067250613316));
#3647=CARTESIAN_POINT('Ctrl Pts',(-25.0999983161689,-185.225493517481,28.3025598155226));
#3648=CARTESIAN_POINT('Ctrl Pts',(-25.0996067359736,-185.250984554325,28.2983938099482));
#3649=CARTESIAN_POINT('Ctrl Pts',(-25.0988237964195,-185.276464174148,28.2942285078633));
#3650=CARTESIAN_POINT('',(-25.0999983161688,-183.,28.6632590508537));
#3651=CARTESIAN_POINT('Ctrl Pts',(-25.0999983161688,-183.,28.6632590508537));
#3652=CARTESIAN_POINT('Ctrl Pts',(-25.0999983161688,-183.733527842758,28.545360465245));
#3653=CARTESIAN_POINT('Ctrl Pts',(-25.0999983161688,-184.466812577088,28.4265165275892));
#3654=CARTESIAN_POINT('Ctrl Pts',(-25.0999983161688,-185.2,28.3067250613298));
#3655=CARTESIAN_POINT('',(-26.1439837396476,-183.,28.6632590508537));
#3656=CARTESIAN_POINT('Ctrl Pts',(-26.1439837396476,-183.,28.6632590508537));
#3657=CARTESIAN_POINT('Ctrl Pts',(-25.795988598488,-183.,28.6632590508537));
#3658=CARTESIAN_POINT('Ctrl Pts',(-25.4479934573284,-183.,28.6632590508537));
#3659=CARTESIAN_POINT('Ctrl Pts',(-25.0999983161688,-183.,28.6632590508537));
#3660=CARTESIAN_POINT('',(-18.000000372529,-220.,22.));
#3661=CARTESIAN_POINT('Ctrl Pts',(-26.1439837396476,-183.,28.6632590508537));
#3662=CARTESIAN_POINT('Ctrl Pts',(-23.7416953660461,-195.228775366807,26.6977504015127));
#3663=CARTESIAN_POINT('Ctrl Pts',(-21.0270342436733,-207.345421673284,24.4766640512281));
#3664=CARTESIAN_POINT('Ctrl Pts',(-18.000000372529,-220.,22.));
#3665=CARTESIAN_POINT('',(18.000000372529,-220.,22.));
#3666=CARTESIAN_POINT('',(0.,-220.,22.));
#3667=CARTESIAN_POINT('',(26.1439837396476,-183.,28.6632590508537));
#3668=CARTESIAN_POINT('Ctrl Pts',(26.1439837396476,-183.,28.6632590508537));
#3669=CARTESIAN_POINT('Ctrl Pts',(23.7416953660461,-195.228775366807,26.6977504015127));
#3670=CARTESIAN_POINT('Ctrl Pts',(21.0270342436733,-207.345421673284,24.4766640512281));
#3671=CARTESIAN_POINT('Ctrl Pts',(18.000000372529,-220.,22.));
#3672=CARTESIAN_POINT('Ctrl Pts',(25.0999983161688,-183.,28.6632590508537));
#3673=CARTESIAN_POINT('Ctrl Pts',(25.4479934573284,-183.,28.6632590508537));
#3674=CARTESIAN_POINT('Ctrl Pts',(25.795988598488,-183.,28.6632590508537));
#3675=CARTESIAN_POINT('Ctrl Pts',(26.1439837396476,-183.,28.6632590508537));
#3676=CARTESIAN_POINT('Origin',(1.71727749626948E-14,-183.,2.22044604925031E-15));
#3677=CARTESIAN_POINT('',(33.77958042543,-183.,24.8425528326708));
#3678=CARTESIAN_POINT('Ctrl Pts',(26.1439837396476,-183.,28.6632590508537));
#3679=CARTESIAN_POINT('Ctrl Pts',(27.4166146027829,-183.,28.0264589347188));
#3680=CARTESIAN_POINT('Ctrl Pts',(28.689245471264,-182.999999999967,27.3896588292675));
#3681=CARTESIAN_POINT('Ctrl Pts',(31.2344443665209,-182.999999999967,26.1160900898654));
#3682=CARTESIAN_POINT('Ctrl Pts',(32.5070123932961,-183.,25.4793214559136));
#3683=CARTESIAN_POINT('Ctrl Pts',(33.77958042543,-183.,24.8425528326708));
#3684=CARTESIAN_POINT('Ctrl Pts',(33.77958042543,-183.,24.8425528326708));
#3685=CARTESIAN_POINT('Ctrl Pts',(35.0525766988765,-183.,21.6601470451968));
#3686=CARTESIAN_POINT('Ctrl Pts',(36.3255729723741,-183.,18.4777412577432));
#3687=CARTESIAN_POINT('Ctrl Pts',(38.8715694735583,-183.,12.1129197979223));
#3688=CARTESIAN_POINT('Ctrl Pts',(40.1445697012451,-183.,8.93050412555494));
#3689=CARTESIAN_POINT('Ctrl Pts',(41.4175699289828,-183.,5.74808845320801));
#3690=CARTESIAN_POINT('',(41.4175699289828,-183.,-5.7480884532079));
#3691=CARTESIAN_POINT('Ctrl Pts',(41.4187403692323,-183.,0.));
#3692=CARTESIAN_POINT('Ctrl Pts',(41.4185452923414,-183.,-0.958037081276478));
#3693=CARTESIAN_POINT('Ctrl Pts',(41.418350214934,-182.999999999998,-1.91607416255285));
#3694=CARTESIAN_POINT('Ctrl Pts',(41.4179600681834,-182.999999999998,-3.83210364695548));
#3695=CARTESIAN_POINT('Ctrl Pts',(41.4177649988403,-183.,-4.79009605008174));
#3696=CARTESIAN_POINT('Ctrl Pts',(41.4175699289828,-183.,-5.7480884532079));
#3697=CARTESIAN_POINT('',(33.77958042543,-183.,-24.8425528326708));
#3698=CARTESIAN_POINT('Ctrl Pts',(41.4175699289828,-183.,-5.7480884532079));
#3699=CARTESIAN_POINT('Ctrl Pts',(40.1445697004329,-183.,-8.93050412758526));
#3700=CARTESIAN_POINT('Ctrl Pts',(38.871569471934,-183.,-12.112919801983));
#3701=CARTESIAN_POINT('Ctrl Pts',(36.3255729707497,-183.,-18.477741261804));
#3702=CARTESIAN_POINT('Ctrl Pts',(35.0525766980643,-183.,-21.6601470472272));
#3703=CARTESIAN_POINT('Ctrl Pts',(33.77958042543,-183.,-24.8425528326708));
#3704=CARTESIAN_POINT('',(26.1439837396476,-183.,-28.6632590508537));
#3705=CARTESIAN_POINT('Ctrl Pts',(33.77958042543,-183.,-24.8425528326708));
#3706=CARTESIAN_POINT('Ctrl Pts',(32.5070121894418,-183.,-25.4793215579184));
#3707=CARTESIAN_POINT('Ctrl Pts',(31.2344439588053,-183.000000000033,-26.1160902938612));
#3708=CARTESIAN_POINT('Ctrl Pts',(28.6892450635485,-183.000000000033,-27.3896590332633));
#3709=CARTESIAN_POINT('Ctrl Pts',(27.4166143989286,-183.,-28.0264590367236));
#3710=CARTESIAN_POINT('Ctrl Pts',(26.1439837396476,-183.,-28.6632590508537));
#3711=CARTESIAN_POINT('',(-26.1439837396476,-183.,-28.6632590508537));
#3712=CARTESIAN_POINT('Ctrl Pts',(26.1439837396476,-183.,-28.6632590508537));
#3713=CARTESIAN_POINT('Ctrl Pts',(17.4293224930984,-183.,-28.6632590508537));
#3714=CARTESIAN_POINT('Ctrl Pts',(8.71466124654921,-183.,-28.6632590508537));
#3715=CARTESIAN_POINT('Ctrl Pts',(-8.71466124654921,-183.,-28.6632590508537));
#3716=CARTESIAN_POINT('Ctrl Pts',(-17.4293224930984,-183.,-28.6632590508537));
#3717=CARTESIAN_POINT('Ctrl Pts',(-26.1439837396476,-183.,-28.6632590508537));
#3718=CARTESIAN_POINT('',(-33.77958042543,-183.,-24.8425528326708));
#3719=CARTESIAN_POINT('Ctrl Pts',(-26.1439837396476,-183.,-28.6632590508537));
#3720=CARTESIAN_POINT('Ctrl Pts',(-27.4166146027829,-183.,-28.0264589347188));
#3721=CARTESIAN_POINT('Ctrl Pts',(-28.689245471264,-182.999999999967,-27.3896588292675));
#3722=CARTESIAN_POINT('Ctrl Pts',(-31.2344443665209,-182.999999999967,-26.1160900898654));
#3723=CARTESIAN_POINT('Ctrl Pts',(-32.5070123932961,-183.,-25.4793214559136));
#3724=CARTESIAN_POINT('Ctrl Pts',(-33.77958042543,-183.,-24.8425528326708));
#3725=CARTESIAN_POINT('Ctrl Pts',(-33.77958042543,-183.,-24.8425528326708));
#3726=CARTESIAN_POINT('Ctrl Pts',(-35.0525766988765,-183.,-21.6601470451968));
#3727=CARTESIAN_POINT('Ctrl Pts',(-36.3255729723741,-183.,-18.4777412577431));
#3728=CARTESIAN_POINT('Ctrl Pts',(-38.8715694735583,-183.,-12.1129197979221));
#3729=CARTESIAN_POINT('Ctrl Pts',(-40.1445697012451,-183.,-8.93050412555472));
#3730=CARTESIAN_POINT('Ctrl Pts',(-41.4175699289828,-183.,-5.74808845320775));
#3731=CARTESIAN_POINT('',(-41.4175699289828,-183.,5.74808845320777));
#3732=CARTESIAN_POINT('Ctrl Pts',(-41.4187403692323,-183.,-1.44303635365582E-16));
#3733=CARTESIAN_POINT('Ctrl Pts',(-41.4185452923414,-183.,0.958037081276457));
#3734=CARTESIAN_POINT('Ctrl Pts',(-41.418350214934,-182.999999999998,1.91607416255281));
#3735=CARTESIAN_POINT('Ctrl Pts',(-41.4179600681834,-182.999999999998,3.8321036469554));
#3736=CARTESIAN_POINT('Ctrl Pts',(-41.4177649988403,-183.,4.79009605008164));
#3737=CARTESIAN_POINT('Ctrl Pts',(-41.4175699289828,-183.,5.74808845320777));
#3738=CARTESIAN_POINT('',(-33.77958042543,-183.,24.8425528326708));
#3739=CARTESIAN_POINT('Ctrl Pts',(-41.4175699289828,-183.,5.74808845320777));
#3740=CARTESIAN_POINT('Ctrl Pts',(-40.1445697004329,-183.,8.93050412758516));
#3741=CARTESIAN_POINT('Ctrl Pts',(-38.871569471934,-183.,12.1129198019829));
#3742=CARTESIAN_POINT('Ctrl Pts',(-36.3255729707497,-183.,18.477741261804));
#3743=CARTESIAN_POINT('Ctrl Pts',(-35.0525766980643,-183.,21.6601470472272));
#3744=CARTESIAN_POINT('Ctrl Pts',(-33.77958042543,-183.,24.8425528326708));
#3745=CARTESIAN_POINT('Ctrl Pts',(-33.77958042543,-183.,24.8425528326708));
#3746=CARTESIAN_POINT('Ctrl Pts',(-32.5070121894418,-183.,25.4793215579184));
#3747=CARTESIAN_POINT('Ctrl Pts',(-31.2344439588053,-183.000000000033,26.1160902938612));
#3748=CARTESIAN_POINT('Ctrl Pts',(-28.6892450635485,-183.000000000033,27.3896590332633));
#3749=CARTESIAN_POINT('Ctrl Pts',(-27.4166143989286,-183.,28.0264590367236));
#3750=CARTESIAN_POINT('Ctrl Pts',(-26.1439837396476,-183.,28.6632590508537));
#3751=CARTESIAN_POINT('',(-24.6999983161688,-183.,28.2581228285632));
#3752=CARTESIAN_POINT('Ctrl Pts',(-24.6999983161688,-183.,28.2581228285632));
#3753=CARTESIAN_POINT('Ctrl Pts',(-24.7666407436956,-183.,28.3256213915232));
#3754=CARTESIAN_POINT('Ctrl Pts',(-24.8332832716229,-183.,28.3931198513762));
#3755=CARTESIAN_POINT('Ctrl Pts',(-24.9666166052139,-183.,28.5281652593065));
#3756=CARTESIAN_POINT('Ctrl Pts',(-25.0333074079407,-183.,28.5957122041138));
#3757=CARTESIAN_POINT('Ctrl Pts',(-25.0999983161688,-183.,28.6632590508537));
#3758=CARTESIAN_POINT('',(-24.6999983161688,-182.999999895692,-21.));
#3759=CARTESIAN_POINT('',(-24.6999983161688,-183.,1.11022302462516E-15));
#3760=CARTESIAN_POINT('',(-20.4999983161688,-182.999999895692,-21.));
#3761=CARTESIAN_POINT('',(-11.2999991580844,-183.,-21.));
#3762=CARTESIAN_POINT('',(-20.4999983161688,-183.,28.2581228285632));
#3763=CARTESIAN_POINT('',(-20.4999983161688,-183.,1.11022302462516E-15));
#3764=CARTESIAN_POINT('Ctrl Pts',(-20.0999983161688,-183.,28.6632590508537));
#3765=CARTESIAN_POINT('Ctrl Pts',(-20.166640981624,-183.,28.5957610660543));
#3766=CARTESIAN_POINT('Ctrl Pts',(-20.2332835445642,-183.,28.5282629804591));
#3767=CARTESIAN_POINT('Ctrl Pts',(-20.3666168805892,-183.,28.3932175706565));
#3768=CARTESIAN_POINT('Ctrl Pts',(-20.4333076487,-183.,28.3256702511893));
#3769=CARTESIAN_POINT('Ctrl Pts',(-20.4999983161688,-183.,28.2581228285632));
#3770=CARTESIAN_POINT('',(20.4999983161688,-182.999999895692,-21.));
#3771=CARTESIAN_POINT('',(20.4999983161688,-183.,1.11022302462516E-15));
#3772=CARTESIAN_POINT('',(24.6999983161688,-182.999999895692,-21.));
#3773=CARTESIAN_POINT('',(11.2999991580844,-183.,-21.));
#3774=CARTESIAN_POINT('',(24.6999983161688,-183.,1.11022302462516E-15));
#3775=CARTESIAN_POINT('',(8.58638748134738E-15,-183.,-22.5384663722393));
#3776=CARTESIAN_POINT('',(-40.0999995529494,-183.,-5.95868863278772E-8));
#3777=CARTESIAN_POINT('Origin',(-38.3999995529494,-183.,-5.95868865360671E-8));
#3778=CARTESIAN_POINT('',(36.6999995529494,-183.,-5.95868863278772E-8));
#3779=CARTESIAN_POINT('Origin',(38.3999995529494,-183.,-5.95868865360671E-8));
#3780=CARTESIAN_POINT('Ctrl Pts',(-20.0999983161688,-183.,28.6632590508537));
#3781=CARTESIAN_POINT('Ctrl Pts',(-20.0999983161688,-183.733527842759,28.5453604652449));
#3782=CARTESIAN_POINT('Ctrl Pts',(-20.0999983161688,-184.46681257709,28.4265165275889));
#3783=CARTESIAN_POINT('Ctrl Pts',(-20.0999983161688,-185.2,28.3067250613298));
#3784=CARTESIAN_POINT('Ctrl Pts',(-20.2333316495021,-182.978841139244,28.5316152876543));
#3785=CARTESIAN_POINT('Ctrl Pts',(-20.2333316495021,-183.712254166962,28.4137351560565));
#3786=CARTESIAN_POINT('Ctrl Pts',(-20.2333316495021,-184.445425322456,28.2949096278534));
#3787=CARTESIAN_POINT('Ctrl Pts',(-20.2333316495021,-185.178500468623,28.1751365058686));
#3788=CARTESIAN_POINT('Ctrl Pts',(-20.3666649828354,-182.957682278488,28.3999715244549));
#3789=CARTESIAN_POINT('Ctrl Pts',(-20.3666649828354,-183.690980491166,28.2821098468681));
#3790=CARTESIAN_POINT('Ctrl Pts',(-20.3666649828354,-184.424038067822,28.163302728118));
#3791=CARTESIAN_POINT('Ctrl Pts',(-20.3666649828354,-185.157000937246,28.0435479504075));
#3792=CARTESIAN_POINT('Ctrl Pts',(-20.4999983161688,-182.936523417733,28.2683277612555));
#3793=CARTESIAN_POINT('Ctrl Pts',(-20.4999983161688,-183.66970681537,28.1504845376796));
#3794=CARTESIAN_POINT('Ctrl Pts',(-20.4999983161688,-184.402650813188,28.0316958283826));
#3795=CARTESIAN_POINT('Ctrl Pts',(-20.4999983161688,-185.135501405869,27.9119593949463));
#3796=CARTESIAN_POINT('',(-20.4999983161688,-185.135501405869,27.9119593949463));
#3797=CARTESIAN_POINT('Ctrl Pts',(-20.4999983161688,-183.000000000002,28.2581228285632));
#3798=CARTESIAN_POINT('Ctrl Pts',(-20.4999983161688,-183.712011037763,28.1436274629862));
#3799=CARTESIAN_POINT('Ctrl Pts',(-20.4999983161688,-184.423800267686,28.0282403351673));
#3800=CARTESIAN_POINT('Ctrl Pts',(-20.4999983161688,-185.135501405869,27.9119593949463));
#3801=CARTESIAN_POINT('',(-20.4999983161688,-185.135501405869,27.9119593949463));
#3802=CARTESIAN_POINT('Ctrl Pts',(-20.1011728359431,-185.276464174963,28.2942285077301));
#3803=CARTESIAN_POINT('Ctrl Pts',(-20.1058250115579,-185.427862407595,28.2694785554774));
#3804=CARTESIAN_POINT('Ctrl Pts',(-20.1242865933885,-185.578896365716,28.2447466755374));
#3805=CARTESIAN_POINT('Ctrl Pts',(-20.2238763893643,-186.038184777506,28.1694176050536));
#3806=CARTESIAN_POINT('Ctrl Pts',(-20.3501193323747,-186.333636573601,28.1207829659795));
#3807=CARTESIAN_POINT('Ctrl Pts',(-20.664962179139,-186.798051581623,28.0441339406087));
#3808=CARTESIAN_POINT('Ctrl Pts',(-20.8293963660919,-186.977944347021,28.0143730793179));
#3809=CARTESIAN_POINT('Ctrl Pts',(-21.2678050819475,-187.33550661287,27.9551351830486));
#3810=CARTESIAN_POINT('Ctrl Pts',(-21.5557804126959,-187.489734311605,27.9295147752103));
#3811=CARTESIAN_POINT('Ctrl Pts',(-22.114198167712,-187.660826329725,27.9010791887042));
#3812=CARTESIAN_POINT('Ctrl Pts',(-22.3728587914906,-187.697787243656,27.8949294239513));
#3813=CARTESIAN_POINT('Ctrl Pts',(-23.1179953144811,-187.68837859311,27.8964921466803));
#3814=CARTESIAN_POINT('Ctrl Pts',(-23.598143628903,-187.537657431132,27.9215890768714));
#3815=CARTESIAN_POINT('Ctrl Pts',(-24.2435917882212,-187.10278988511,27.9937061185893));
#3816=CARTESIAN_POINT('Ctrl Pts',(-24.4571917698049,-186.895786056449,28.0279847532507));
#3817=CARTESIAN_POINT('Ctrl Pts',(-24.8240850383055,-186.386989656821,28.1119944433574));
#3818=CARTESIAN_POINT('Ctrl Pts',(-24.962257556077,-186.081376652952,28.1623212747405));
#3819=CARTESIAN_POINT('Ctrl Pts',(-25.0730865780398,-185.599784410963,28.2413260145727));
#3820=CARTESIAN_POINT('Ctrl Pts',(-25.0938491722719,-185.438356023163,28.2677631029275));
#3821=CARTESIAN_POINT('Ctrl Pts',(-25.0988237964202,-185.276464174126,28.2942285078669));
#3822=CARTESIAN_POINT('Ctrl Pts',(-20.234114662685,-185.250976114225,28.1632923663369));
#3823=CARTESIAN_POINT('Ctrl Pts',(-20.2372141063544,-185.394514971974,28.139830918451));
#3824=CARTESIAN_POINT('Ctrl Pts',(-20.2534141600937,-185.537950951,28.1163690948639));
#3825=CARTESIAN_POINT('Ctrl Pts',(-20.3440324032936,-185.974802687616,28.0448614088435));
#3826=CARTESIAN_POINT('Ctrl Pts',(-20.4615732926932,-186.256823081989,27.9986248959333));
#3827=CARTESIAN_POINT('Ctrl Pts',(-20.7578728241367,-186.701241948104,27.925685781351));
#3828=CARTESIAN_POINT('Ctrl Pts',(-20.9133447522446,-186.873775225199,27.8973409040171));
#3829=CARTESIAN_POINT('Ctrl Pts',(-21.3292986663569,-187.217184710325,27.8408946876261));
#3830=CARTESIAN_POINT('Ctrl Pts',(-21.6034786278863,-187.365684155165,27.8164587891254));
#3831=CARTESIAN_POINT('Ctrl Pts',(-22.1361077296847,-187.53049995756,27.7893358249307));
#3832=CARTESIAN_POINT('Ctrl Pts',(-22.3830840977981,-187.566142243965,27.7834658920146));
#3833=CARTESIAN_POINT('Ctrl Pts',(-23.0946513352227,-187.557085255089,27.7849597847986));
#3834=CARTESIAN_POINT('Ctrl Pts',(-23.5529565848382,-187.411640027566,27.8089125449168));
#3835=CARTESIAN_POINT('Ctrl Pts',(-24.1663949925948,-186.993582169322,27.8776534656132));
#3836=CARTESIAN_POINT('Ctrl Pts',(-24.3686721993032,-186.794870748219,27.9103123757452));
#3837=CARTESIAN_POINT('Ctrl Pts',(-24.7143271281001,-186.307781346516,27.9902678872133));
#3838=CARTESIAN_POINT('Ctrl Pts',(-24.843159844588,-186.015954328152,28.0381204442735));
#3839=CARTESIAN_POINT('Ctrl Pts',(-24.9442756105573,-185.557788870292,28.1131240241036));
#3840=CARTESIAN_POINT('Ctrl Pts',(-24.9625679392016,-185.404463801083,28.1382048071715));
#3841=CARTESIAN_POINT('Ctrl Pts',(-24.9658819696697,-185.250976113432,28.1632923664666));
#3842=CARTESIAN_POINT('Ctrl Pts',(-20.3670564894269,-185.225488053488,28.0323562249437));
#3843=CARTESIAN_POINT('Ctrl Pts',(-20.368609220931,-185.361172644097,28.0101830705575));
#3844=CARTESIAN_POINT('Ctrl Pts',(-20.3825367484988,-185.497001933912,27.9879916899854));
#3845=CARTESIAN_POINT('Ctrl Pts',(-20.4642062060118,-185.91142930168,27.92030505342));
#3846=CARTESIAN_POINT('Ctrl Pts',(-20.5730379233972,-186.180015883931,27.8764670698846));
#3847=CARTESIAN_POINT('Ctrl Pts',(-20.8507943814263,-186.604426130687,27.8072382711533));
#3848=CARTESIAN_POINT('Ctrl Pts',(-20.9973074842449,-186.769611294417,27.7803095128261));
#3849=CARTESIAN_POINT('Ctrl Pts',(-21.3908082768407,-187.098850951186,27.7266548114466));
#3850=CARTESIAN_POINT('Ctrl Pts',(-21.6512173445361,-187.241630356694,27.7034054611391));
#3851=CARTESIAN_POINT('Ctrl Pts',(-22.1580215270945,-187.40016822734,27.6775920375669));
#3852=CARTESIAN_POINT('Ctrl Pts',(-22.3933675891504,-187.434492659423,27.6720072012993));
#3853=CARTESIAN_POINT('Ctrl Pts',(-23.0712581424213,-187.425784476071,27.6734214089543));
#3854=CARTESIAN_POINT('Ctrl Pts',(-23.5077889140722,-187.28559995776,27.6962338967994));
#3855=CARTESIAN_POINT('Ctrl Pts',(-24.0891613506159,-186.884394135601,27.761600554389));
#3856=CARTESIAN_POINT('Ctrl Pts',(-24.2801433215061,-186.693950203854,27.7926387499995));
#3857=CARTESIAN_POINT('Ctrl Pts',(-24.6045539133647,-186.228586371341,27.8685410025053));
#3858=CARTESIAN_POINT('Ctrl Pts',(-24.7240418371986,-185.950541818799,27.9139187592726));
#3859=CARTESIAN_POINT('Ctrl Pts',(-24.8154702534836,-185.515790478068,27.984922188893));
#3860=CARTESIAN_POINT('Ctrl Pts',(-24.8312795497569,-185.370577168544,28.008646186045));
#3861=CARTESIAN_POINT('Ctrl Pts',(-24.8329401429193,-185.225488052738,28.0323562250663));
#3862=CARTESIAN_POINT('Ctrl Pts',(-20.4999983161688,-185.199999992751,27.9014200835504));
#3863=CARTESIAN_POINT('Ctrl Pts',(-20.4999983157275,-185.327825208476,27.8805354335311));
#3864=CARTESIAN_POINT('Ctrl Pts',(-20.511664315204,-185.456056519196,27.8596141093119));
#3865=CARTESIAN_POINT('Ctrl Pts',(-20.5843622199411,-185.84804721179,27.7957488572099));
#3866=CARTESIAN_POINT('Ctrl Pts',(-20.6844918837157,-186.103202392319,27.7543089998385));
#3867=CARTESIAN_POINT('Ctrl Pts',(-20.9437050264241,-186.507616497168,27.6887901118956));
#3868=CARTESIAN_POINT('Ctrl Pts',(-21.0812558703976,-186.665442172595,27.6632773375253));
#3869=CARTESIAN_POINT('Ctrl Pts',(-21.4523018612501,-186.98052904864,27.6124143160241));
#3870=CARTESIAN_POINT('Ctrl Pts',(-21.6989155597265,-187.117580200254,27.5903494750542));
#3871=CARTESIAN_POINT('Ctrl Pts',(-22.1799310890672,-187.269841855175,27.5658486737934));
#3872=CARTESIAN_POINT('Ctrl Pts',(-22.4035928954579,-187.302847659732,27.5605436693625));
#3873=CARTESIAN_POINT('Ctrl Pts',(-23.0479141631629,-187.29449113805,27.5618890470726));
#3874=CARTESIAN_POINT('Ctrl Pts',(-23.4626018700074,-187.159582554194,27.5835573648449));
#3875=CARTESIAN_POINT('Ctrl Pts',(-24.0119645549895,-186.775186419813,27.645547901413));
#3876=CARTESIAN_POINT('Ctrl Pts',(-24.1916237510044,-186.593034895624,27.674966372494));
#3877=CARTESIAN_POINT('Ctrl Pts',(-24.4947960031593,-186.149378061036,27.7468144463611));
#3878=CARTESIAN_POINT('Ctrl Pts',(-24.6049441257096,-185.885119493999,27.7897179288056));
#3879=CARTESIAN_POINT('Ctrl Pts',(-24.6866592860011,-185.473794937397,27.8567201984238));
#3880=CARTESIAN_POINT('Ctrl Pts',(-24.6999983166866,-185.336684946465,27.879087890289));
#3881=CARTESIAN_POINT('Ctrl Pts',(-24.6999983161688,-185.199999992044,27.9014200836659));
#3882=CARTESIAN_POINT('',(-20.4999983161688,-185.199999992951,27.9014200846694));
#3883=CARTESIAN_POINT('',(-20.1011728359437,-185.276464174983,28.2942285077268));
#3884=CARTESIAN_POINT('',(-24.6999983161688,-185.199999992264,27.9014200848939));
#3885=CARTESIAN_POINT('Ctrl Pts',(-20.4999983161688,-185.199999992751,27.9014200835504));
#3886=CARTESIAN_POINT('Ctrl Pts',(-20.4999983157275,-185.327825208476,27.8805354335311));
#3887=CARTESIAN_POINT('Ctrl Pts',(-20.511664315204,-185.456056519196,27.8596141093119));
#3888=CARTESIAN_POINT('Ctrl Pts',(-20.5843622199411,-185.84804721179,27.7957488572099));
#3889=CARTESIAN_POINT('Ctrl Pts',(-20.6844918837157,-186.103202392319,27.7543089998385));
#3890=CARTESIAN_POINT('Ctrl Pts',(-20.9437050264241,-186.507616497168,27.6887901118956));
#3891=CARTESIAN_POINT('Ctrl Pts',(-21.0812558703976,-186.665442172595,27.6632773375253));
#3892=CARTESIAN_POINT('Ctrl Pts',(-21.4523018612501,-186.98052904864,27.6124143160241));
#3893=CARTESIAN_POINT('Ctrl Pts',(-21.6989155597265,-187.117580200254,27.5903494750542));
#3894=CARTESIAN_POINT('Ctrl Pts',(-22.1799310890672,-187.269841855175,27.5658486737934));
#3895=CARTESIAN_POINT('Ctrl Pts',(-22.4035928954579,-187.302847659732,27.5605436693625));
#3896=CARTESIAN_POINT('Ctrl Pts',(-23.0479141631629,-187.29449113805,27.5618890470726));
#3897=CARTESIAN_POINT('Ctrl Pts',(-23.4626018700074,-187.159582554194,27.5835573648449));
#3898=CARTESIAN_POINT('Ctrl Pts',(-24.0119645549895,-186.775186419813,27.645547901413));
#3899=CARTESIAN_POINT('Ctrl Pts',(-24.1916237510044,-186.593034895624,27.674966372494));
#3900=CARTESIAN_POINT('Ctrl Pts',(-24.4947960031593,-186.149378061036,27.7468144463611));
#3901=CARTESIAN_POINT('Ctrl Pts',(-24.6049441257096,-185.885119493999,27.7897179288056));
#3902=CARTESIAN_POINT('Ctrl Pts',(-24.6866592860011,-185.473794937397,27.8567201984238));
#3903=CARTESIAN_POINT('Ctrl Pts',(-24.6999983166866,-185.336684946465,27.879087890289));
#3904=CARTESIAN_POINT('Ctrl Pts',(-24.6999983161688,-185.199999992044,27.9014200836659));
#3905=CARTESIAN_POINT('',(-24.6999983161688,-185.199999992264,27.9014200848939));
#3906=CARTESIAN_POINT('Ctrl Pts',(-20.0999983161688,-185.199999999989,28.3067250613316));
#3907=CARTESIAN_POINT('Ctrl Pts',(-20.0999983161687,-185.225492517062,28.3025599789755));
#3908=CARTESIAN_POINT('Ctrl Pts',(-20.1003898656564,-185.250983555271,28.2983939732694));
#3909=CARTESIAN_POINT('Ctrl Pts',(-20.1011728359437,-185.276464174983,28.2942285077268));
#3910=CARTESIAN_POINT('Ctrl Pts',(-20.2333316495021,-185.178500468616,28.1751365058698));
#3911=CARTESIAN_POINT('Ctrl Pts',(-20.233331649502,-185.202659910108,28.1711892274115));
#3912=CARTESIAN_POINT('Ctrl Pts',(-20.2335926824938,-185.226817956205,28.1672409858921));
#3913=CARTESIAN_POINT('Ctrl Pts',(-20.2341146626854,-185.250976114245,28.1632923663338));
#3914=CARTESIAN_POINT('Ctrl Pts',(-20.3666649828354,-185.157000937242,28.0435479504081));
#3915=CARTESIAN_POINT('Ctrl Pts',(-20.3666649828354,-185.179827303153,28.0398184758476));
#3916=CARTESIAN_POINT('Ctrl Pts',(-20.3667954993313,-185.202652357138,28.0360879985148));
#3917=CARTESIAN_POINT('Ctrl Pts',(-20.3670564894271,-185.225488053506,28.0323562249407));
#3918=CARTESIAN_POINT('Ctrl Pts',(-20.4999983161688,-185.135501405869,27.9119593949463));
#3919=CARTESIAN_POINT('Ctrl Pts',(-20.4999983161688,-185.156994696199,27.9084477242836));
#3920=CARTESIAN_POINT('Ctrl Pts',(-20.4999983161688,-185.178486758072,27.9049350111375));
#3921=CARTESIAN_POINT('Ctrl Pts',(-20.4999983161688,-185.199999992768,27.9014200835477));
#3922=CARTESIAN_POINT('Ctrl Pts',(-20.4999983161688,-185.135501405869,27.9119593949463));
#3923=CARTESIAN_POINT('Ctrl Pts',(-20.4999983161688,-185.156994696199,27.9084477242836));
#3924=CARTESIAN_POINT('Ctrl Pts',(-20.4999983161688,-185.178486758072,27.9049350111375));
#3925=CARTESIAN_POINT('Ctrl Pts',(-20.4999983161688,-185.199999992768,27.9014200835477));
#3926=CARTESIAN_POINT('Ctrl Pts',(-25.0999983161688,-185.2,28.3067250613298));
#3927=CARTESIAN_POINT('Ctrl Pts',(-25.0999983161688,-184.466812577088,28.4265165275892));
#3928=CARTESIAN_POINT('Ctrl Pts',(-25.0999983161688,-183.733527842758,28.545360465245));
#3929=CARTESIAN_POINT('Ctrl Pts',(-25.0999983161688,-183.,28.6632590508537));
#3930=CARTESIAN_POINT('Ctrl Pts',(-24.9666649828355,-185.178500468623,28.1751365058686));
#3931=CARTESIAN_POINT('Ctrl Pts',(-24.9666649828355,-184.445425322454,28.2949096278538));
#3932=CARTESIAN_POINT('Ctrl Pts',(-24.9666649828355,-183.712254166961,28.4137351560566));
#3933=CARTESIAN_POINT('Ctrl Pts',(-24.9666649828355,-182.978841139244,28.5316152876543));
#3934=CARTESIAN_POINT('Ctrl Pts',(-24.8333316495021,-185.157000937246,28.0435479504075));
#3935=CARTESIAN_POINT('Ctrl Pts',(-24.8333316495021,-184.42403806782,28.1633027281183));
#3936=CARTESIAN_POINT('Ctrl Pts',(-24.8333316495021,-183.690980491165,28.2821098468682));
#3937=CARTESIAN_POINT('Ctrl Pts',(-24.8333316495021,-182.957682278488,28.3999715244549));
#3938=CARTESIAN_POINT('Ctrl Pts',(-24.6999983161688,-185.135501405869,27.9119593949463));
#3939=CARTESIAN_POINT('Ctrl Pts',(-24.6999983161688,-184.402650813186,28.0316958283829));
#3940=CARTESIAN_POINT('Ctrl Pts',(-24.6999983161688,-183.669706815369,28.1504845376798));
#3941=CARTESIAN_POINT('Ctrl Pts',(-24.6999983161688,-182.936523417733,28.2683277612555));
#3942=CARTESIAN_POINT('',(-24.6999983161688,-185.135501405869,27.9119593949463));
#3943=CARTESIAN_POINT('',(-25.0999983161688,-185.2,28.3067250613298));
#3944=CARTESIAN_POINT('Ctrl Pts',(-24.6999983161688,-185.135501405869,27.9119593949463));
#3945=CARTESIAN_POINT('Ctrl Pts',(-24.6999983161688,-184.423800267684,28.0282403351676));
#3946=CARTESIAN_POINT('Ctrl Pts',(-24.6999983161688,-183.712011037762,28.1436274629863));
#3947=CARTESIAN_POINT('Ctrl Pts',(-24.6999983161688,-183.000000000002,28.2581228285632));
#3948=CARTESIAN_POINT('Ctrl Pts',(-25.0988237964195,-185.276464174148,28.2942285078633));
#3949=CARTESIAN_POINT('Ctrl Pts',(-25.0996067359736,-185.250984554325,28.2983938099482));
#3950=CARTESIAN_POINT('Ctrl Pts',(-25.0999983161689,-185.225493517481,28.3025598155226));
#3951=CARTESIAN_POINT('Ctrl Pts',(-25.0999983161688,-185.199999999989,28.3067250613316));
#3952=CARTESIAN_POINT('Ctrl Pts',(-24.9658819696693,-185.250976113453,28.1632923664632));
#3953=CARTESIAN_POINT('Ctrl Pts',(-24.966403929372,-185.226818903407,28.1672408310731));
#3954=CARTESIAN_POINT('Ctrl Pts',(-24.9666649828355,-185.202660858211,28.1711890725061));
#3955=CARTESIAN_POINT('Ctrl Pts',(-24.9666649828355,-185.178500468615,28.1751365058699));
#3956=CARTESIAN_POINT('Ctrl Pts',(-24.832940142919,-185.225488052758,28.032356225063));
#3957=CARTESIAN_POINT('Ctrl Pts',(-24.8332011227704,-185.20265325249,28.0360878521979));
#3958=CARTESIAN_POINT('Ctrl Pts',(-24.8333316495022,-185.179828198942,28.0398183294895));
#3959=CARTESIAN_POINT('Ctrl Pts',(-24.8333316495021,-185.157000937242,28.0435479504081));
#3960=CARTESIAN_POINT('Ctrl Pts',(-24.6999983161688,-185.199999992063,27.9014200836629));
#3961=CARTESIAN_POINT('Ctrl Pts',(-24.6999983161688,-185.178487601572,27.9049348733228));
#3962=CARTESIAN_POINT('Ctrl Pts',(-24.6999983161688,-185.156995539673,27.908447586473));
#3963=CARTESIAN_POINT('Ctrl Pts',(-24.6999983161688,-185.135501405869,27.9119593949463));
#3964=CARTESIAN_POINT('Ctrl Pts',(-24.6999983161688,-185.199999992063,27.9014200836629));
#3965=CARTESIAN_POINT('Ctrl Pts',(-24.6999983161688,-185.178487601572,27.9049348733228));
#3966=CARTESIAN_POINT('Ctrl Pts',(-24.6999983161688,-185.156995539673,27.908447586473));
#3967=CARTESIAN_POINT('Ctrl Pts',(-24.6999983161688,-185.135501405869,27.9119593949463));
#3968=CARTESIAN_POINT('Ctrl Pts',(14.4,-190.656043571241,-26.0601587529423));
#3969=CARTESIAN_POINT('Ctrl Pts',(4.8,-190.656043571241,-26.0601587529423));
#3970=CARTESIAN_POINT('Ctrl Pts',(-4.8,-190.656043571241,-26.0601587529423));
#3971=CARTESIAN_POINT('Ctrl Pts',(-14.4,-190.656043571241,-26.0601587529423));
#3972=CARTESIAN_POINT('Ctrl Pts',(14.4,-190.512391530802,-26.4865705802649));
#3973=CARTESIAN_POINT('Ctrl Pts',(4.79999999999997,-190.512391530802,-26.4865705802649));
#3974=CARTESIAN_POINT('Ctrl Pts',(-4.79999999999999,-190.512391530802,-26.4865705802649));
#3975=CARTESIAN_POINT('Ctrl Pts',(-14.4,-190.512391530802,-26.4865705802649));
#3976=CARTESIAN_POINT('Ctrl Pts',(14.4,-189.989143933153,-27.2589891095982));
#3977=CARTESIAN_POINT('Ctrl Pts',(4.80000000000003,-189.989143933153,-27.2589891095982));
#3978=CARTESIAN_POINT('Ctrl Pts',(-4.80000000000003,-189.989143933153,-27.2589891095982));
#3979=CARTESIAN_POINT('Ctrl Pts',(-14.4,-189.989143933153,-27.2589891095982));
#3980=CARTESIAN_POINT('Ctrl Pts',(14.4,-189.14362494946,-27.6533443823113));
#3981=CARTESIAN_POINT('Ctrl Pts',(4.79999999999997,-189.14362494946,-27.6533443823113));
#3982=CARTESIAN_POINT('Ctrl Pts',(-4.79999999999999,-189.14362494946,-27.6533443823113));
#3983=CARTESIAN_POINT('Ctrl Pts',(-14.4,-189.14362494946,-27.6533443823113));
#3984=CARTESIAN_POINT('Ctrl Pts',(14.4,-188.699847768998,-27.7276731742041));
#3985=CARTESIAN_POINT('Ctrl Pts',(4.8,-188.699847768998,-27.7276731742041));
#3986=CARTESIAN_POINT('Ctrl Pts',(-4.80000000000001,-188.699847768998,-27.7276731742041));
#3987=CARTESIAN_POINT('Ctrl Pts',(-14.4,-188.699847768998,-27.7276731742041));
#3988=CARTESIAN_POINT('Ctrl Pts',(14.4,-190.656043571241,-26.0601587529423));
#3989=CARTESIAN_POINT('Ctrl Pts',(4.8,-190.656043571241,-26.0601587529423));
#3990=CARTESIAN_POINT('Ctrl Pts',(-4.8,-190.656043571241,-26.0601587529423));
#3991=CARTESIAN_POINT('Ctrl Pts',(-14.4,-190.656043571241,-26.0601587529423));
#3992=CARTESIAN_POINT('Ctrl Pts',(-14.4,-188.699847768998,-27.7276731742041));
#3993=CARTESIAN_POINT('Ctrl Pts',(-4.80000000000001,-188.699847768998,-27.7276731742041));
#3994=CARTESIAN_POINT('Ctrl Pts',(4.8,-188.699847768998,-27.7276731742041));
#3995=CARTESIAN_POINT('Ctrl Pts',(14.4,-188.699847768998,-27.7276731742041));
#3996=CARTESIAN_POINT('Origin',(0.,-189.665652994052,-29.0000004321337));
#3997=CARTESIAN_POINT('Origin',(22.5999983161688,-185.2,0.));
#3998=CARTESIAN_POINT('',(24.6999983161688,-185.2,-21.));
#3999=CARTESIAN_POINT('',(24.6999983161688,-185.2,0.));
#4000=CARTESIAN_POINT('',(20.4999983161688,-185.2,-21.));
#4001=CARTESIAN_POINT('Origin',(22.5999983161688,-185.2,-21.));
#4002=CARTESIAN_POINT('',(20.4999983161688,-185.2,0.));
#4003=CARTESIAN_POINT('Origin',(20.4999983161688,-182.999999895692,0.));
#4004=CARTESIAN_POINT('',(20.4999983161688,-185.2,-21.));
#4005=CARTESIAN_POINT('Origin',(22.5999983161688,-185.149999947846,-21.));
#4006=CARTESIAN_POINT('',(24.6999983161688,-185.2,-21.));
#4007=CARTESIAN_POINT('Origin',(24.6999983161688,-185.2,0.));
#4008=CARTESIAN_POINT('Origin',(-22.5999983161688,-185.2,0.));
#4009=CARTESIAN_POINT('',(-20.4999983161688,-185.2,-21.));
#4010=CARTESIAN_POINT('',(-20.4999983161688,-185.2,0.));
#4011=CARTESIAN_POINT('',(-24.6999983161688,-185.2,-21.));
#4012=CARTESIAN_POINT('Origin',(-22.5999983161688,-185.2,-21.));
#4013=CARTESIAN_POINT('',(-24.6999983161688,-185.2,0.));
#4014=CARTESIAN_POINT('Origin',(-24.6999983161688,-182.999999895692,0.));
#4015=CARTESIAN_POINT('',(-24.6999983161688,-185.2,-21.));
#4016=CARTESIAN_POINT('Origin',(-22.5999983161688,-185.149999947846,-21.));
#4017=CARTESIAN_POINT('',(-20.4999983161688,-185.2,-21.));
#4018=CARTESIAN_POINT('Origin',(-20.4999983161688,-185.2,0.));
#4019=CARTESIAN_POINT('Origin',(38.3999995529494,-185.5,-5.95868865360671E-8));
#4020=CARTESIAN_POINT('',(36.6999995529494,-185.,-5.95868863278772E-8));
#4021=CARTESIAN_POINT('Origin',(38.3999995529494,-185.,-5.95868865360671E-8));
#4022=CARTESIAN_POINT('',(35.6999995529494,-186.,-5.95868862054125E-8));
#4023=CARTESIAN_POINT('',(36.1999995529494,-185.5,-5.95868862666448E-8));
#4024=CARTESIAN_POINT('',(40.6192972893018,-186.,-1.53776387676468));
#4025=CARTESIAN_POINT('Origin',(38.3999995529494,-186.,-5.95868865360671E-8));
#4026=CARTESIAN_POINT('Ctrl Pts',(40.6192972893018,-186.,-1.53776387676468));
#4027=CARTESIAN_POINT('Ctrl Pts',(40.6380002172922,-185.930667844687,-1.38903870678656));
#4028=CARTESIAN_POINT('Ctrl Pts',(40.6539326308572,-185.871568586597,-1.24506265389059));
#4029=CARTESIAN_POINT('Ctrl Pts',(40.7012302669455,-185.696102702289,-0.747393500551774));
#4030=CARTESIAN_POINT('Ctrl Pts',(40.7213676265926,-185.621368063836,-0.382081549727152));
#4031=CARTESIAN_POINT('Ctrl Pts',(40.7214295851283,-185.621430032179,2.35922392732846E-15));
#4032=CARTESIAN_POINT('Origin',(38.3999995529494,-186.,-5.95868865360671E-8));
#4033=CARTESIAN_POINT('Ctrl Pts',(41.4187403692323,-183.,0.));
#4034=CARTESIAN_POINT('Ctrl Pts',(38.1978849409337,-195.227684832384,0.));
#4035=CARTESIAN_POINT('Ctrl Pts',(34.5583048178563,-207.344301857601,0.));
#4036=CARTESIAN_POINT('Ctrl Pts',(30.5,-220.,0.));
#4037=CARTESIAN_POINT('Ctrl Pts',(41.4187405405467,-182.998518131754,-1.91611879445821));
#4038=CARTESIAN_POINT('Ctrl Pts',(38.1978850902846,-195.226440054782,-1.67046035195828));
#4039=CARTESIAN_POINT('Ctrl Pts',(34.5583049423882,-207.343517642499,-1.39286528310378));
#4040=CARTESIAN_POINT('Ctrl Pts',(30.5000000968576,-220.,-1.08333358789473));
#4041=CARTESIAN_POINT('Ctrl Pts',(41.418740711861,-182.997036263508,-3.83223758891642));
#4042=CARTESIAN_POINT('Ctrl Pts',(38.1978852396353,-195.225195277181,-3.34092070391656));
#4043=CARTESIAN_POINT('Ctrl Pts',(34.55830506692,-207.342733427396,-2.78573056620757));
#4044=CARTESIAN_POINT('Ctrl Pts',(30.5000001937151,-220.,-2.16666717578946));
#4045=CARTESIAN_POINT('Ctrl Pts',(41.4187408831754,-182.995554395262,-5.74835638337462));
#4046=CARTESIAN_POINT('Ctrl Pts',(38.1978853889861,-195.223950499579,-5.01138105587483));
#4047=CARTESIAN_POINT('Ctrl Pts',(34.5583051914519,-207.341949212294,-4.17859584931136));
#4048=CARTESIAN_POINT('Ctrl Pts',(30.5000002905727,-220.,-3.25000076368419));
#4049=CARTESIAN_POINT('',(35.7471982368702,-203.105588313999,-1.78959363842205));
#4050=CARTESIAN_POINT('Ctrl Pts',(35.7478879541566,-203.103316600001,-1.78817735640587));
#4051=CARTESIAN_POINT('Ctrl Pts',(35.8331690342047,-202.817920940142,-2.28748271319627));
#4052=CARTESIAN_POINT('Ctrl Pts',(35.9524742794691,-202.418153681104,-2.71476211568023));
#4053=CARTESIAN_POINT('Ctrl Pts',(36.196142667347,-201.598348114804,-3.2470277176937));
#4054=CARTESIAN_POINT('Ctrl Pts',(36.3092017139079,-201.217027203482,-3.41030964788314));
#4055=CARTESIAN_POINT('Ctrl Pts',(36.4618205262624,-200.700590012,-3.53228983971225));
#4056=CARTESIAN_POINT('Ctrl Pts',(36.4970000974739,-200.581440662599,-3.55410885492388));
#4057=CARTESIAN_POINT('Ctrl Pts',(36.5922277098161,-200.258608788266,-3.59635288136895));
#4058=CARTESIAN_POINT('Ctrl Pts',(36.6525819344146,-200.053675108804,-3.60535885266197));
#4059=CARTESIAN_POINT('Ctrl Pts',(36.7515452844712,-199.717096345859,-3.59113624605231));
#4060=CARTESIAN_POINT('Ctrl Pts',(36.7902965686651,-199.585161395619,-3.57815530720579));
#4061=CARTESIAN_POINT('Ctrl Pts',(36.8939245425573,-199.231980090374,-3.5234591813943));
#4062=CARTESIAN_POINT('Ctrl Pts',(36.9581510077436,-199.012672329794,-3.4677303563624));
#4063=CARTESIAN_POINT('Ctrl Pts',(37.0203377355978,-198.799982841784,-3.39165993192726));
#4064=CARTESIAN_POINT('Ctrl Pts',(35.7471982368702,-203.105588313999,-1.78959363842205));
#4065=CARTESIAN_POINT('Ctrl Pts',(35.6600171691231,-203.397117409271,-1.66036091542175));
#4066=CARTESIAN_POINT('Ctrl Pts',(35.573890496618,-203.684449504452,-1.51235955123755));
#4067=CARTESIAN_POINT('Ctrl Pts',(35.4235353117128,-204.185166020512,-1.18769224519855));
#4068=CARTESIAN_POINT('Ctrl Pts',(35.3497457526997,-204.430413151399,-0.994985503479784));
#4069=CARTESIAN_POINT('Ctrl Pts',(35.2635879095558,-204.716470069735,-0.647125923496484));
#4070=CARTESIAN_POINT('Ctrl Pts',(35.2373492489267,-204.803524470134,-0.510289504551585));
#4071=CARTESIAN_POINT('Ctrl Pts',(35.2072426045373,-204.903442291845,-0.244680662176731));
#4072=CARTESIAN_POINT('Ctrl Pts',(35.1999995506346,-204.927500339735,-0.124315258684311));
#4073=CARTESIAN_POINT('Ctrl Pts',(35.1999995529494,-204.927568981361,-1.28369537222284E-15));
#4074=CARTESIAN_POINT('',(30.5000002905727,-220.,-3.25000076368419));
#4075=CARTESIAN_POINT('',(30.5000002905727,-220.,-3.25000076368419));
#4076=CARTESIAN_POINT('Ctrl Pts',(41.4175699289828,-183.,-5.7480884532079));
#4077=CARTESIAN_POINT('Ctrl Pts',(38.1970032746396,-195.226887490739,-5.01117921617398));
#4078=CARTESIAN_POINT('Ctrl Pts',(34.5578133951695,-207.343483148869,-4.17848331966608));
#4079=CARTESIAN_POINT('Ctrl Pts',(30.5000002905727,-220.,-3.25000076368419));
#4080=CARTESIAN_POINT('',(40.6191391899265,-186.,-2.30551936585981));
#4081=CARTESIAN_POINT('Ctrl Pts',(40.6192972893018,-186.,-1.53776387676468));
#4082=CARTESIAN_POINT('Ctrl Pts',(40.6192445894743,-186.,-1.79368237312972));
#4083=CARTESIAN_POINT('Ctrl Pts',(40.6191918896826,-186.,-2.04960086949476));
#4084=CARTESIAN_POINT('Ctrl Pts',(40.6191391899265,-186.,-2.30551936585981));
#4085=CARTESIAN_POINT('Ctrl Pts',(40.6190331293097,-186.,-2.82056702386476));
#4086=CARTESIAN_POINT('Ctrl Pts',(40.6190357294359,-186.,-2.80794038138167));
#4087=CARTESIAN_POINT('Ctrl Pts',(40.6190383295617,-186.000000000001,-2.79531373889858));
#4088=CARTESIAN_POINT('Ctrl Pts',(40.6190736830869,-186.000000000001,-2.62363118623026));
#4089=CARTESIAN_POINT('Ctrl Pts',(40.6191064365,-186.,-2.46457527604503));
#4090=CARTESIAN_POINT('Ctrl Pts',(40.6191391899265,-186.,-2.30551936585981));
#4091=CARTESIAN_POINT('Origin',(38.3999995529494,-183.,-5.95868865360671E-8));
#4092=CARTESIAN_POINT('',(36.6999995529494,-183.,-5.95868867442571E-8));
#4093=CARTESIAN_POINT('Origin',(-38.3999995529494,-185.5,-5.95868865360671E-8));
#4094=CARTESIAN_POINT('',(-40.0999995529494,-185.,-5.95868863278772E-8));
#4095=CARTESIAN_POINT('Origin',(-38.3999995529494,-185.,-5.95868865360671E-8));
#4096=CARTESIAN_POINT('',(-40.5999995529494,-185.5,-5.95868862666448E-8));
#4097=CARTESIAN_POINT('',(-40.6192972893264,-186.,1.53776375755549));
#4098=CARTESIAN_POINT('Origin',(-38.3999995529494,-186.,-5.95868865360671E-8));
#4099=CARTESIAN_POINT('Ctrl Pts',(-40.6192972893264,-186.,1.5377637575555));
#4100=CARTESIAN_POINT('Ctrl Pts',(-40.6380002120602,-185.930667864174,1.3890386293736));
#4101=CARTESIAN_POINT('Ctrl Pts',(-40.6539326219158,-185.871568619854,1.24506261567896));
#4102=CARTESIAN_POINT('Ctrl Pts',(-40.7012302586497,-185.696102733168,0.747393502800852));
#4103=CARTESIAN_POINT('Ctrl Pts',(-40.7213676224396,-185.621368079297,0.382081551152112));
#4104=CARTESIAN_POINT('Ctrl Pts',(-40.7214295851283,-185.621430032179,-2.77555756156289E-16));
#4105=CARTESIAN_POINT('Ctrl Pts',(-41.4187403692323,-183.,-1.44303635365582E-16));
#4106=CARTESIAN_POINT('Ctrl Pts',(-38.1978849409337,-195.227684832384,-1.21215859507999E-16));
#4107=CARTESIAN_POINT('Ctrl Pts',(-34.5583048178563,-207.344301857601,-7.63664991479878E-17));
#4108=CARTESIAN_POINT('Ctrl Pts',(-30.5,-220.,0.));
#4109=CARTESIAN_POINT('Ctrl Pts',(-41.4187405405467,-182.998518131754,1.91611879445817));
#4110=CARTESIAN_POINT('Ctrl Pts',(-38.1978850902846,-195.226440054782,1.67046035195823));
#4111=CARTESIAN_POINT('Ctrl Pts',(-34.5583049423882,-207.343517642499,1.39286528310373));
#4112=CARTESIAN_POINT('Ctrl Pts',(-30.5000000968576,-220.,1.08333358789466));
#4113=CARTESIAN_POINT('Ctrl Pts',(-41.418740711861,-182.997036263508,3.83223758891633));
#4114=CARTESIAN_POINT('Ctrl Pts',(-38.1978852396353,-195.225195277181,3.34092070391646));
#4115=CARTESIAN_POINT('Ctrl Pts',(-34.55830506692,-207.342733427396,2.78573056620746));
#4116=CARTESIAN_POINT('Ctrl Pts',(-30.5000001937151,-220.,2.16666717578933));
#4117=CARTESIAN_POINT('Ctrl Pts',(-41.4187408831754,-182.995554395262,5.7483563833745));
#4118=CARTESIAN_POINT('Ctrl Pts',(-38.1978853889861,-195.223950499579,5.01138105587469));
#4119=CARTESIAN_POINT('Ctrl Pts',(-34.5583051914519,-207.341949212294,4.17859584931119));
#4120=CARTESIAN_POINT('Ctrl Pts',(-30.5000002905727,-220.,3.25000076368399));
#4121=CARTESIAN_POINT('',(-35.7471982097529,-203.105588404748,1.78959347905103));
#4122=CARTESIAN_POINT('Ctrl Pts',(-35.7475475222386,-203.104437393734,1.78887601809587));
#4123=CARTESIAN_POINT('Ctrl Pts',(-35.8328743804705,-202.818889762244,2.2885189598791));
#4124=CARTESIAN_POINT('Ctrl Pts',(-35.9524252499348,-202.41831457143,2.71494985063406));
#4125=CARTESIAN_POINT('Ctrl Pts',(-36.1960318084689,-201.598710387433,3.24770612175855));
#4126=CARTESIAN_POINT('Ctrl Pts',(-36.3091511425096,-201.217192212504,3.41068073121971));
#4127=CARTESIAN_POINT('Ctrl Pts',(-36.4617662689616,-200.700768038829,3.53261794382554));
#4128=CARTESIAN_POINT('Ctrl Pts',(-36.4969473256804,-200.581613843388,3.55442916870699));
#4129=CARTESIAN_POINT('Ctrl Pts',(-36.5921762407728,-200.258777955683,3.59664856738793));
#4130=CARTESIAN_POINT('Ctrl Pts',(-36.6525316647227,-200.053840992154,3.60562062140206));
#4131=CARTESIAN_POINT('Ctrl Pts',(-36.7514988728906,-199.717249359935,3.59136691141786));
#4132=CARTESIAN_POINT('Ctrl Pts',(-36.7902425172214,-199.585341297384,3.57839684503523));
#4133=CARTESIAN_POINT('Ctrl Pts',(-36.8939381794916,-199.231927408856,3.5235783037557));
#4134=CARTESIAN_POINT('Ctrl Pts',(-36.9581071062145,-199.012826193427,3.4679803544152));
#4135=CARTESIAN_POINT('Ctrl Pts',(-37.0203523507293,-198.79993829124,3.39179562578118));
#4136=CARTESIAN_POINT('Ctrl Pts',(-35.7471982097529,-203.105588404748,1.78959347905102));
#4137=CARTESIAN_POINT('Ctrl Pts',(-35.660017188351,-203.397117344911,1.66036082052671));
#4138=CARTESIAN_POINT('Ctrl Pts',(-35.5738905661508,-203.684449272517,1.5123595470222));
#4139=CARTESIAN_POINT('Ctrl Pts',(-35.4235353964658,-204.185165738749,1.1876923420005));
#4140=CARTESIAN_POINT('Ctrl Pts',(-35.3497458111111,-204.430412957444,0.994985573170841));
#4141=CARTESIAN_POINT('Ctrl Pts',(-35.263587939033,-204.716469971981,0.647125948771749));
#4142=CARTESIAN_POINT('Ctrl Pts',(-35.2373492697912,-204.80352440097,0.510289519174874));
#4143=CARTESIAN_POINT('Ctrl Pts',(-35.2072426139654,-204.903442260609,0.244680665000861));
#4144=CARTESIAN_POINT('Ctrl Pts',(-35.1999995552643,-204.927500324396,0.124315261404336));
#4145=CARTESIAN_POINT('Ctrl Pts',(-35.1999995529494,-204.927568981361,4.61436444609831E-15));
#4146=CARTESIAN_POINT('',(-30.5000002905727,-220.,3.25000076368399));
#4147=CARTESIAN_POINT('',(-30.5000002905727,-220.,3.25000076368399));
#4148=CARTESIAN_POINT('Ctrl Pts',(-41.4175699289828,-183.,5.74808845320777));
#4149=CARTESIAN_POINT('Ctrl Pts',(-38.1970032746396,-195.226887490739,5.01117921617384));
#4150=CARTESIAN_POINT('Ctrl Pts',(-34.5578133951695,-207.343483148869,4.17848331966591));
#4151=CARTESIAN_POINT('Ctrl Pts',(-30.5000002905727,-220.,3.25000076368399));
#4152=CARTESIAN_POINT('',(-40.6191391899511,-186.,2.30551924666242));
#4153=CARTESIAN_POINT('Ctrl Pts',(-40.6192972893264,-186.,1.53776375755549));
#4154=CARTESIAN_POINT('Ctrl Pts',(-40.6192445894989,-186.,1.79368225392446));
#4155=CARTESIAN_POINT('Ctrl Pts',(-40.6191918897071,-186.,2.04960075029344));
#4156=CARTESIAN_POINT('Ctrl Pts',(-40.6191391899511,-186.,2.30551924666242));
#4157=CARTESIAN_POINT('Ctrl Pts',(-40.6190331293343,-186.,2.82056690466798));
#4158=CARTESIAN_POINT('Ctrl Pts',(-40.6190357294522,-186.,2.80794030191713));
#4159=CARTESIAN_POINT('Ctrl Pts',(-40.6190383295699,-186.000000000001,2.79531369916627));
#4160=CARTESIAN_POINT('Ctrl Pts',(-40.6190736830951,-186.000000000001,2.62363114649775));
#4161=CARTESIAN_POINT('Ctrl Pts',(-40.6191064365164,-186.,2.46457519658009));
#4162=CARTESIAN_POINT('Ctrl Pts',(-40.6191391899511,-186.,2.30551924666242));
#4163=CARTESIAN_POINT('Origin',(-38.3999995529494,-186.,-5.95868865360671E-8));
#4164=CARTESIAN_POINT('Origin',(-38.3999995529494,-183.,-5.95868865360671E-8));
#4165=CARTESIAN_POINT('',(-40.0999995529494,-183.,-5.95868867442571E-8));
#4166=CARTESIAN_POINT('Origin',(-38.3999995529494,-186.,-5.95868865360671E-8));
#4167=CARTESIAN_POINT('',(-35.2695963259447,-203.028107939253,0.663758659175279));
#4168=CARTESIAN_POINT('Ctrl Pts',(-35.2695963258375,-203.028107939428,0.663758658387392));
#4169=CARTESIAN_POINT('Ctrl Pts',(-35.3249957737169,-203.025049713529,0.925032229228262));
#4170=CARTESIAN_POINT('Ctrl Pts',(-35.4104069564725,-203.02384242009,1.16675827015456));
#4171=CARTESIAN_POINT('Ctrl Pts',(-35.5835127372151,-203.052727348903,1.52709328170956));
#4172=CARTESIAN_POINT('Ctrl Pts',(-35.6611376295288,-203.072187866523,1.66202170485454));
#4173=CARTESIAN_POINT('Ctrl Pts',(-35.7471982097529,-203.105588404748,1.78959347905105));
#4174=CARTESIAN_POINT('',(-35.1999995529494,-203.100002187738,3.97987070985056E-16));
#4175=CARTESIAN_POINT('Ctrl Pts',(-35.1999995529494,-203.100002187738,9.0205620750794E-16));
#4176=CARTESIAN_POINT('Ctrl Pts',(-35.1999995569004,-203.100002187738,0.212179172073647));
#4177=CARTESIAN_POINT('Ctrl Pts',(-35.2214401090974,-203.0778848956,0.426569047326357));
#4178=CARTESIAN_POINT('Ctrl Pts',(-35.2655724640612,-203.032267596919,0.644564203285782));
#4179=CARTESIAN_POINT('Ctrl Pts',(-35.2675627711101,-203.03021019286,0.654168055506047));
#4180=CARTESIAN_POINT('Ctrl Pts',(-35.2695963260022,-203.028107939258,0.663758659164201));
#4181=CARTESIAN_POINT('',(-35.2695963375591,-203.028107900479,-0.663758835940914));
#4182=CARTESIAN_POINT('Ctrl Pts',(-35.2695963381903,-203.028107900535,-0.663758835819331));
#4183=CARTESIAN_POINT('Ctrl Pts',(-35.2675627698926,-203.030210168392,-0.65416816980564));
#4184=CARTESIAN_POINT('Ctrl Pts',(-35.26557245,-203.032267586122,-0.644564255054248));
#4185=CARTESIAN_POINT('Ctrl Pts',(-35.2214400922767,-203.077884896566,-0.426569038967213));
#4186=CARTESIAN_POINT('Ctrl Pts',(-35.1999995489985,-203.100002187738,-0.212179167332077));
#4187=CARTESIAN_POINT('Ctrl Pts',(-35.1999995529494,-203.100002187738,6.93889390390723E-17));
#4188=CARTESIAN_POINT('Ctrl Pts',(-35.7474947261176,-203.104623929201,-1.78784400053984));
#4189=CARTESIAN_POINT('Ctrl Pts',(-35.7112084068864,-203.090501595208,-1.73409627669881));
#4190=CARTESIAN_POINT('Ctrl Pts',(-35.6764203076387,-203.078897299224,-1.67901494889967));
#4191=CARTESIAN_POINT('Ctrl Pts',(-35.6432371144788,-203.069355488102,-1.62273490278289));
#4192=CARTESIAN_POINT('Ctrl Pts',(-35.6063764615817,-203.058756225214,-1.56021773528348));
#4193=CARTESIAN_POINT('Ctrl Pts',(-35.571496319434,-203.050701617981,-1.49622084685555));
#4194=CARTESIAN_POINT('Ctrl Pts',(-35.5387274536805,-203.044591181577,-1.43086724896569));
#4195=CARTESIAN_POINT('Ctrl Pts',(-35.5160687979999,-203.04036600407,-1.38567726029747));
#4196=CARTESIAN_POINT('Ctrl Pts',(-35.4944192629812,-203.037070911375,-1.33983725184461));
#4197=CARTESIAN_POINT('Ctrl Pts',(-35.4738179322673,-203.034514022056,-1.29337607249355));
#4198=CARTESIAN_POINT('Ctrl Pts',(-35.4414211140887,-203.030493161485,-1.22031310385828));
#4199=CARTESIAN_POINT('Ctrl Pts',(-35.4117144626727,-203.028239148703,-1.14604361128794));
#4200=CARTESIAN_POINT('Ctrl Pts',(-35.3848138834964,-203.027097285402,-1.07065852039437));
#4201=CARTESIAN_POINT('Ctrl Pts',(-35.3589911322804,-203.026001173241,-0.99829389081566));
#4202=CARTESIAN_POINT('Ctrl Pts',(-35.3357538573057,-203.025929750674,-0.924899949712156));
#4203=CARTESIAN_POINT('Ctrl Pts',(-35.3151882148904,-203.026346061454,-0.850552080481613));
#4204=CARTESIAN_POINT('Ctrl Pts',(-35.2981419241354,-203.026691129916,-0.788927193190263));
#4205=CARTESIAN_POINT('Ctrl Pts',(-35.2829308247015,-203.027371792785,-0.726646622010466));
#4206=CARTESIAN_POINT('Ctrl Pts',(-35.2695963363821,-203.028107902404,-0.663758827291691));
#4207=CARTESIAN_POINT('Origin',(38.3999995529494,-186.,-5.95868865360671E-8));
#4208=CARTESIAN_POINT('Origin',(38.3999995529494,-186.,-5.95868865360671E-8));
#4209=CARTESIAN_POINT('',(35.2695963364894,-203.028107902229,-0.663758828079654));
#4210=CARTESIAN_POINT('Ctrl Pts',(35.2695963363821,-203.028107902404,-0.663758827291678));
#4211=CARTESIAN_POINT('Ctrl Pts',(35.3249957884717,-203.025049662102,-0.92503239753305));
#4212=CARTESIAN_POINT('Ctrl Pts',(35.4104069751161,-203.023842355717,-1.16675843696097));
#4213=CARTESIAN_POINT('Ctrl Pts',(35.5835127608838,-203.052727267752,-1.52709344445188));
#4214=CARTESIAN_POINT('Ctrl Pts',(35.6611376549554,-203.07218777978,-1.66202186588888));
#4215=CARTESIAN_POINT('Ctrl Pts',(35.7471982368702,-203.105588313999,-1.78959363842206));
#4216=CARTESIAN_POINT('',(35.1999995529494,-203.100002187738,1.83465632493779E-17));
#4217=CARTESIAN_POINT('Ctrl Pts',(35.1999995529494,-203.100002187738,2.08166817117217E-16));
#4218=CARTESIAN_POINT('Ctrl Pts',(35.1999995489985,-203.100002187738,-0.212179167332077));
#4219=CARTESIAN_POINT('Ctrl Pts',(35.2214400922767,-203.077884896566,-0.426569038967213));
#4220=CARTESIAN_POINT('Ctrl Pts',(35.2655724494756,-203.032267586664,-0.644564252463727));
#4221=CARTESIAN_POINT('Ctrl Pts',(35.2675627688203,-203.030210169501,-0.654168164631336));
#4222=CARTESIAN_POINT('Ctrl Pts',(35.2695963365468,-203.028107902234,-0.663758828068581));
#4223=CARTESIAN_POINT('',(35.2695963270144,-203.028107937503,0.663758667036504));
#4224=CARTESIAN_POINT('Ctrl Pts',(35.2695963276456,-203.028107937559,0.663758666914922));
#4225=CARTESIAN_POINT('Ctrl Pts',(35.2675627721825,-203.030210191752,0.654168060680333));
#4226=CARTESIAN_POINT('Ctrl Pts',(35.2655724645857,-203.032267596377,0.644564205876294));
#4227=CARTESIAN_POINT('Ctrl Pts',(35.2214401090974,-203.0778848956,0.426569047326357));
#4228=CARTESIAN_POINT('Ctrl Pts',(35.1999995569004,-203.100002187738,0.212179172073645));
#4229=CARTESIAN_POINT('Ctrl Pts',(35.1999995529494,-203.100002187738,-1.38777878078145E-16));
#4230=CARTESIAN_POINT('Ctrl Pts',(35.7474293434418,-203.10484351494,1.78891633834075));
#4231=CARTESIAN_POINT('Ctrl Pts',(35.7104938279456,-203.090461109709,1.73417672420424));
#4232=CARTESIAN_POINT('Ctrl Pts',(35.6751114745273,-203.078685251562,1.67804922814348));
#4233=CARTESIAN_POINT('Ctrl Pts',(35.6413947135156,-203.069035908854,1.62067112649414));
#4234=CARTESIAN_POINT('Ctrl Pts',(35.6035620632516,-203.058208646774,1.55628873662714));
#4235=CARTESIAN_POINT('Ctrl Pts',(35.5678266951086,-203.050058376825,1.49033100450036));
#4236=CARTESIAN_POINT('Ctrl Pts',(35.5343300006482,-203.043934367018,1.42293055642229));
#4237=CARTESIAN_POINT('Ctrl Pts',(35.5132509336023,-203.040080601283,1.38051626489759));
#4238=CARTESIAN_POINT('Ctrl Pts',(35.4930580237406,-203.037029810933,1.3375294888647));
#4239=CARTESIAN_POINT('Ctrl Pts',(35.4737830853839,-203.03462538124,1.29399542129435));
#4240=CARTESIAN_POINT('Ctrl Pts',(35.4412289233676,-203.030564450287,1.22046911149824));
#4241=CARTESIAN_POINT('Ctrl Pts',(35.4113923744918,-203.028287899686,1.14571482523992));
#4242=CARTESIAN_POINT('Ctrl Pts',(35.3843901850805,-203.027133964359,1.06984088969584));
#4243=CARTESIAN_POINT('Ctrl Pts',(35.3587255511585,-203.026037189307,0.997725375272509));
#4244=CARTESIAN_POINT('Ctrl Pts',(35.3356211603285,-203.025954528042,0.924597280904725));
#4245=CARTESIAN_POINT('Ctrl Pts',(35.315160950109,-203.026359456422,0.850550870023167));
#4246=CARTESIAN_POINT('Ctrl Pts',(35.2981266202862,-203.026696583143,0.788902872684992));
#4247=CARTESIAN_POINT('Ctrl Pts',(35.2829248222221,-203.027372163993,0.72661819900839));
#4248=CARTESIAN_POINT('Ctrl Pts',(35.2695963258375,-203.028107939428,0.663758658387429));
#4249=CARTESIAN_POINT('Ctrl Pts',(-37.1752429985573,-198.269431449518,3.15152493672682));
#4250=CARTESIAN_POINT('Ctrl Pts',(-37.138439455808,-198.395665036673,3.22160445194703));
#4251=CARTESIAN_POINT('Ctrl Pts',(-37.1004519474339,-198.525830783585,3.28388544579012));
#4252=CARTESIAN_POINT('Ctrl Pts',(-36.9865214359217,-198.915786948154,3.4422765514233));
#4253=CARTESIAN_POINT('Ctrl Pts',(-36.9084153832598,-199.182586435794,3.51592495379868));
#4254=CARTESIAN_POINT('Ctrl Pts',(-36.7902425172214,-199.585341297384,3.57839684503523));
#4255=CARTESIAN_POINT('Ctrl Pts',(-36.7514988728906,-199.717249359935,3.59136691141786));
#4256=CARTESIAN_POINT('Ctrl Pts',(-36.6525316647227,-200.053840992154,3.60562062140206));
#4257=CARTESIAN_POINT('Ctrl Pts',(-36.5921762407728,-200.258777955683,3.59664856738793));
#4258=CARTESIAN_POINT('Ctrl Pts',(-36.4969473256804,-200.581613843388,3.55442916870699));
#4259=CARTESIAN_POINT('Ctrl Pts',(-36.4617662689616,-200.700768038829,3.53261794382554));
#4260=CARTESIAN_POINT('Ctrl Pts',(-36.3091511425096,-201.217192212504,3.41068073121971));
#4261=CARTESIAN_POINT('Ctrl Pts',(-36.1960318084689,-201.598710387433,3.24770612175855));
#4262=CARTESIAN_POINT('Ctrl Pts',(-35.8729056691441,-202.685854909908,2.541044207049));
#4263=CARTESIAN_POINT('Ctrl Pts',(-35.7039833538045,-203.250138993868,1.76656176115477));
#4264=CARTESIAN_POINT('Ctrl Pts',(-35.6345214925957,-203.48247399651,0.831686868465484));
#4265=CARTESIAN_POINT('Ctrl Pts',(-35.6313951843762,-203.492931264216,0.78619315599449));
#4266=CARTESIAN_POINT('Ctrl Pts',(-35.6285426798522,-203.502474669882,0.740506941336911));
#4267=CARTESIAN_POINT('Ctrl Pts',(-36.9918347934044,-198.309058620792,2.98371814972492));
#4268=CARTESIAN_POINT('Ctrl Pts',(-36.9568734144896,-198.428108276479,3.05167533590656));
#4269=CARTESIAN_POINT('Ctrl Pts',(-36.9207546516837,-198.551067611649,3.11238858253408));
#4270=CARTESIAN_POINT('Ctrl Pts',(-36.812329324044,-198.920069336567,3.26773139467922));
#4271=CARTESIAN_POINT('Ctrl Pts',(-36.7378721326261,-199.173334114106,3.34132974130916));
#4272=CARTESIAN_POINT('Ctrl Pts',(-36.6250366491125,-199.556927932495,3.40617020841591));
#4273=CARTESIAN_POINT('Ctrl Pts',(-36.5880156102491,-199.682751978337,3.42029066135712));
#4274=CARTESIAN_POINT('Ctrl Pts',(-36.4933811863476,-200.004307623965,3.43834909123216));
#4275=CARTESIAN_POINT('Ctrl Pts',(-36.4356063382899,-200.200547172997,3.43249964807808));
#4276=CARTESIAN_POINT('Ctrl Pts',(-36.3443609924742,-200.510367653746,3.39632254131652));
#4277=CARTESIAN_POINT('Ctrl Pts',(-36.310633244406,-200.624870776423,3.37697711270038));
#4278=CARTESIAN_POINT('Ctrl Pts',(-36.1642444763444,-201.121738449265,3.26680515115614));
#4279=CARTESIAN_POINT('Ctrl Pts',(-36.0555490531937,-201.490473746944,3.11506860541893));
#4280=CARTESIAN_POINT('Ctrl Pts',(-35.744687568925,-202.544667296219,2.4478281688733));
#4281=CARTESIAN_POINT('Ctrl Pts',(-35.5817012372087,-203.097182338573,1.70502823198221));
#4282=CARTESIAN_POINT('Ctrl Pts',(-35.5146620872699,-203.324759701934,0.802888757211085));
#4283=CARTESIAN_POINT('Ctrl Pts',(-35.5116473270794,-203.335001510302,0.759021198276859));
#4284=CARTESIAN_POINT('Ctrl Pts',(-35.5088938951806,-203.344352426397,0.714924180353738));
#4285=CARTESIAN_POINT('Ctrl Pts',(-36.8084265882515,-198.348685792065,2.81591136272302));
#4286=CARTESIAN_POINT('Ctrl Pts',(-36.7753069397999,-198.460554121935,2.88174670310347));
#4287=CARTESIAN_POINT('Ctrl Pts',(-36.7410572635501,-198.576303067593,2.94088962452565));
#4288=CARTESIAN_POINT('Ctrl Pts',(-36.6381354561585,-198.924357617298,3.0931806419966));
#4289=CARTESIAN_POINT('Ctrl Pts',(-36.5673257985042,-199.16408852599,3.1667221022517));
#4290=CARTESIAN_POINT('Ctrl Pts',(-36.4598279555561,-199.528517320822,3.23392573590791));
#4291=CARTESIAN_POINT('Ctrl Pts',(-36.4245287770143,-199.648259126132,3.24919784292667));
#4292=CARTESIAN_POINT('Ctrl Pts',(-36.3342274322333,-199.954779220032,3.27105323749563));
#4293=CARTESIAN_POINT('Ctrl Pts',(-36.2790310652092,-200.142323106429,3.26833212609835));
#4294=CARTESIAN_POINT('Ctrl Pts',(-36.1917702266717,-200.439128738218,3.23818052322353));
#4295=CARTESIAN_POINT('Ctrl Pts',(-36.1594941752753,-200.548976005143,3.22132547188559));
#4296=CARTESIAN_POINT('Ctrl Pts',(-36.0193350211884,-201.026309223334,3.12282846897804));
#4297=CARTESIAN_POINT('Ctrl Pts',(-35.9150504581928,-201.382251578413,2.98241638341475));
#4298=CARTESIAN_POINT('Ctrl Pts',(-35.6164769082211,-202.403494983678,2.35445635323779));
#4299=CARTESIAN_POINT('Ctrl Pts',(-35.4593645332959,-202.944267357776,1.64287909533711));
#4300=CARTESIAN_POINT('Ctrl Pts',(-35.3948057740747,-203.167041652938,0.774126543769393));
#4301=CARTESIAN_POINT('Ctrl Pts',(-35.3918966428623,-203.177075677031,0.731815857743455));
#4302=CARTESIAN_POINT('Ctrl Pts',(-35.389245110509,-203.186230182913,0.689341419370565));
#4303=CARTESIAN_POINT('Ctrl Pts',(-36.6250183830986,-198.388312963339,2.64810457572113));
#4304=CARTESIAN_POINT('Ctrl Pts',(-36.5937408984815,-198.492997361741,2.711817587063));
#4305=CARTESIAN_POINT('Ctrl Pts',(-36.5613599678,-198.601539895657,2.76939276126961));
#4306=CARTESIAN_POINT('Ctrl Pts',(-36.4639433442808,-198.928640005711,2.91863548525253));
#4307=CARTESIAN_POINT('Ctrl Pts',(-36.3967825478705,-199.154836204302,2.99212688976218));
#4308=CARTESIAN_POINT('Ctrl Pts',(-36.2946220874472,-199.500103955932,3.06169909928859));
#4309=CARTESIAN_POINT('Ctrl Pts',(-36.2610455143728,-199.613761744534,3.07812159286592));
#4310=CARTESIAN_POINT('Ctrl Pts',(-36.1750769538583,-199.905245851843,3.10378170732573));
#4311=CARTESIAN_POINT('Ctrl Pts',(-36.1224611627263,-200.084092323743,3.1041832067885));
#4312=CARTESIAN_POINT('Ctrl Pts',(-36.0391838934656,-200.367882548576,3.08007389583307));
#4313=CARTESIAN_POINT('Ctrl Pts',(-36.0083611507197,-200.473078742737,3.06568464076043));
#4314=CARTESIAN_POINT('Ctrl Pts',(-35.8744283550232,-200.930855460095,2.97895288891447));
#4315=CARTESIAN_POINT('Ctrl Pts',(-35.7745677029177,-201.274014937924,2.84977886707513));
#4316=CARTESIAN_POINT('Ctrl Pts',(-35.488258808002,-202.262307369989,2.26124031506209));
#4317=CARTESIAN_POINT('Ctrl Pts',(-35.3370824167002,-202.79131070248,1.58134556616456));
#4318=CARTESIAN_POINT('Ctrl Pts',(-35.2749463687488,-203.009327358362,0.745328432514993));
#4319=CARTESIAN_POINT('Ctrl Pts',(-35.2721487855656,-203.019145923117,0.704643900025823));
#4320=CARTESIAN_POINT('Ctrl Pts',(-35.2695963258375,-203.028107939428,0.663758658387392));
#4321=CARTESIAN_POINT('Ctrl Pts',(-36.6196290855715,-198.406352342232,2.65900004378784));
#4322=CARTESIAN_POINT('Ctrl Pts',(-36.5900256743632,-198.50545160608,2.7183965331875));
#4323=CARTESIAN_POINT('Ctrl Pts',(-36.5594499746965,-198.607953164068,2.77231887965941));
#4324=CARTESIAN_POINT('Ctrl Pts',(-36.4639433442808,-198.928640005711,2.91863548525253));
#4325=CARTESIAN_POINT('Ctrl Pts',(-36.3967825478705,-199.154836204302,2.99212688976218));
#4326=CARTESIAN_POINT('Ctrl Pts',(-36.2946220874472,-199.500103955932,3.06169909928859));
#4327=CARTESIAN_POINT('Ctrl Pts',(-36.2610455143728,-199.613761744534,3.07812159286592));
#4328=CARTESIAN_POINT('Ctrl Pts',(-36.1750769538583,-199.905245851843,3.10378170732573));
#4329=CARTESIAN_POINT('Ctrl Pts',(-36.1224611627263,-200.084092323743,3.1041832067885));
#4330=CARTESIAN_POINT('Ctrl Pts',(-36.0391838934656,-200.367882548576,3.08007389583307));
#4331=CARTESIAN_POINT('Ctrl Pts',(-36.0083611507197,-200.473078742737,3.06568464076043));
#4332=CARTESIAN_POINT('Ctrl Pts',(-35.8744283550232,-200.930855460095,2.97895288891447));
#4333=CARTESIAN_POINT('Ctrl Pts',(-35.7745677029177,-201.274014937924,2.84977886707513));
#4334=CARTESIAN_POINT('Ctrl Pts',(-35.488258808002,-202.262307369989,2.26124031506209));
#4335=CARTESIAN_POINT('Ctrl Pts',(-35.3370824167002,-202.79131070248,1.58134556616456));
#4336=CARTESIAN_POINT('Ctrl Pts',(-35.2749463687488,-203.009327358362,0.745328432514993));
#4337=CARTESIAN_POINT('Ctrl Pts',(-35.2721487855656,-203.019145923117,0.704643900025823));
#4338=CARTESIAN_POINT('Ctrl Pts',(-35.2695963258375,-203.028107939428,0.663758658387392));
#4339=CARTESIAN_POINT('Ctrl Pts',(37.1752429472788,-198.2694316254,-3.15152503436885));
#4340=CARTESIAN_POINT('Ctrl Pts',(37.0676472123104,-198.638477498709,-3.35640356985907));
#4341=CARTESIAN_POINT('Ctrl Pts',(36.9498771299855,-199.04128440158,-3.49392671398698));
#4342=CARTESIAN_POINT('Ctrl Pts',(36.7902965686651,-199.585161395619,-3.57815530720579));
#4343=CARTESIAN_POINT('Ctrl Pts',(36.7515452844712,-199.717096345859,-3.59113624605231));
#4344=CARTESIAN_POINT('Ctrl Pts',(36.6525819344146,-200.053675108804,-3.60535885266197));
#4345=CARTESIAN_POINT('Ctrl Pts',(36.5922277098161,-200.258608788266,-3.59635288136895));
#4346=CARTESIAN_POINT('Ctrl Pts',(36.4970000974739,-200.581440662599,-3.55410885492388));
#4347=CARTESIAN_POINT('Ctrl Pts',(36.4618205262624,-200.700590012,-3.53228983971225));
#4348=CARTESIAN_POINT('Ctrl Pts',(36.3092017139079,-201.217027203482,-3.41030964788314));
#4349=CARTESIAN_POINT('Ctrl Pts',(36.196142667347,-201.598348114804,-3.2470277176937));
#4350=CARTESIAN_POINT('Ctrl Pts',(35.8616158689654,-202.723840566977,-2.5162923552574));
#4351=CARTESIAN_POINT('Ctrl Pts',(35.6874024245226,-203.3055521354,-1.68321472322393));
#4352=CARTESIAN_POINT('Ctrl Pts',(35.6285426916364,-203.502474630456,-0.740507130074885));
#4353=CARTESIAN_POINT('Ctrl Pts',(36.9918347446924,-198.309058786665,-2.98371824441013));
#4354=CARTESIAN_POINT('Ctrl Pts',(36.8896293229313,-198.657078693288,-3.18237718043792));
#4355=CARTESIAN_POINT('Ctrl Pts',(36.7774684947234,-199.038723554898,-3.31849248074917));
#4356=CARTESIAN_POINT('Ctrl Pts',(36.6250890180248,-199.556755309748,-3.40593064894739));
#4357=CARTESIAN_POINT('Ctrl Pts',(36.5880627329196,-199.682595881999,-3.42005903370659));
#4358=CARTESIAN_POINT('Ctrl Pts',(36.4934308742316,-200.004144275105,-3.43808832060865));
#4359=CARTESIAN_POINT('Ctrl Pts',(36.4356581151567,-200.200376637308,-3.43220298157484));
#4360=CARTESIAN_POINT('Ctrl Pts',(36.3444136449334,-200.510195032822,-3.3960030950224));
#4361=CARTESIAN_POINT('Ctrl Pts',(36.3106875168265,-200.624692582905,-3.3766472958266));
#4362=CARTESIAN_POINT('Ctrl Pts',(36.1642950904214,-201.121573637779,-3.26644058706664));
#4363=CARTESIAN_POINT('Ctrl Pts',(36.0556598494258,-201.490111280195,-3.1143806124616));
#4364=CARTESIAN_POINT('Ctrl Pts',(35.7338225630473,-202.581512385319,-2.42446785631114));
#4365=CARTESIAN_POINT('Ctrl Pts',(35.5657167821452,-203.151424248409,-1.62487780606904));
#4366=CARTESIAN_POINT('Ctrl Pts',(35.5088939065517,-203.344352387772,-0.714924362480482));
#4367=CARTESIAN_POINT('Ctrl Pts',(36.808426542106,-198.348685947931,-2.81591145445141));
#4368=CARTESIAN_POINT('Ctrl Pts',(36.7115960113644,-198.675758398008,-3.00839702044422));
#4369=CARTESIAN_POINT('Ctrl Pts',(36.6050386390749,-199.036236017134,-3.14305374516698));
#4370=CARTESIAN_POINT('Ctrl Pts',(36.4598775647967,-199.52834222103,-3.23367753501268));
#4371=CARTESIAN_POINT('Ctrl Pts',(36.4245700090481,-199.648113722638,-3.24896069439756));
#4372=CARTESIAN_POINT('Ctrl Pts',(36.3342733695687,-199.95461634127,-3.27078331622075));
#4373=CARTESIAN_POINT('Ctrl Pts',(36.2790775746498,-200.14215831513,-3.26802907379685));
#4374=CARTESIAN_POINT('Ctrl Pts',(36.191818487751,-200.438957053319,-3.23785083746615));
#4375=CARTESIAN_POINT('Ctrl Pts',(36.1595437114021,-200.548800090952,-3.22098960533516));
#4376=CARTESIAN_POINT('Ctrl Pts',(36.0193814574672,-201.02614253701,-3.12244532324713));
#4377=CARTESIAN_POINT('Ctrl Pts',(35.9151538134398,-201.381886025872,-2.98170506552185));
#4378=CARTESIAN_POINT('Ctrl Pts',(35.6060462621396,-202.43916312521,-2.33250726088677));
#4379=CARTESIAN_POINT('Ctrl Pts',(35.4439504658765,-202.997309917741,-1.56573814244182));
#4380=CARTESIAN_POINT('Ctrl Pts',(35.3892451214669,-203.186230145088,-0.68934159488608));
#4381=CARTESIAN_POINT('Ctrl Pts',(36.6250183395196,-198.388313109196,-2.64810466449269));
#4382=CARTESIAN_POINT('Ctrl Pts',(36.5335781219853,-198.694359592586,-2.83437063102307));
#4383=CARTESIAN_POINT('Ctrl Pts',(36.4326300038128,-199.033675170452,-2.96761951192917));
#4384=CARTESIAN_POINT('Ctrl Pts',(36.2946700141564,-199.499936135159,-3.06145287675427));
#4385=CARTESIAN_POINT('Ctrl Pts',(36.2610874574966,-199.613613258778,-3.07788348205184));
#4386=CARTESIAN_POINT('Ctrl Pts',(36.1751223093858,-199.90508550757,-3.10351278416743));
#4387=CARTESIAN_POINT('Ctrl Pts',(36.1225079799904,-200.083926164172,-3.10387917400274));
#4388=CARTESIAN_POINT('Ctrl Pts',(36.0392320352105,-200.367711423542,-3.07974507756467));
#4389=CARTESIAN_POINT('Ctrl Pts',(36.0084107019662,-200.472902661857,-3.06534706144951));
#4390=CARTESIAN_POINT('Ctrl Pts',(35.8744748339807,-200.930688971307,-2.97857626243064));
#4391=CARTESIAN_POINT('Ctrl Pts',(35.7746709955185,-201.273649191263,-2.84905796028975));
#4392=CARTESIAN_POINT('Ctrl Pts',(35.4782529562216,-202.296834943553,-2.24068276194051));
#4393=CARTESIAN_POINT('Ctrl Pts',(35.3222648234991,-202.84318203075,-1.50740122528693));
#4394=CARTESIAN_POINT('Ctrl Pts',(35.2695963363821,-203.028107902404,-0.663758827291678));
#4395=CARTESIAN_POINT('Ctrl Pts',(36.6196289648616,-198.406352787117,-2.65899949577532));
#4396=CARTESIAN_POINT('Ctrl Pts',(36.5296181945664,-198.707670785094,-2.83957186887005));
#4397=CARTESIAN_POINT('Ctrl Pts',(36.4305763078039,-199.040616010943,-2.96901633145146));
#4398=CARTESIAN_POINT('Ctrl Pts',(36.2946700141564,-199.499936135159,-3.06145287675427));
#4399=CARTESIAN_POINT('Ctrl Pts',(36.2610874574966,-199.613613258778,-3.07788348205184));
#4400=CARTESIAN_POINT('Ctrl Pts',(36.1751223093858,-199.90508550757,-3.10351278416743));
#4401=CARTESIAN_POINT('Ctrl Pts',(36.1225079799904,-200.083926164172,-3.10387917400274));
#4402=CARTESIAN_POINT('Ctrl Pts',(36.0392320352105,-200.367711423542,-3.07974507756467));
#4403=CARTESIAN_POINT('Ctrl Pts',(36.0084107019662,-200.472902661857,-3.06534706144951));
#4404=CARTESIAN_POINT('Ctrl Pts',(35.8744748339807,-200.930688971307,-2.97857626243064));
#4405=CARTESIAN_POINT('Ctrl Pts',(35.7746709955185,-201.273649191263,-2.84905796028975));
#4406=CARTESIAN_POINT('Ctrl Pts',(35.4782529562216,-202.296834943553,-2.24068276194051));
#4407=CARTESIAN_POINT('Ctrl Pts',(35.3222648234991,-202.84318203075,-1.50740122528693));
#4408=CARTESIAN_POINT('Ctrl Pts',(35.2695963363821,-203.028107902404,-0.663758827291678));
#4409=CARTESIAN_POINT('Ctrl Pts',(-35.6285426916364,-203.502474630456,-0.740507130074896));
#4410=CARTESIAN_POINT('Ctrl Pts',(-35.6780648593455,-203.336792111225,-1.53366267528983));
#4411=CARTESIAN_POINT('Ctrl Pts',(-35.8091674751282,-202.898960058453,-2.2549154785457));
#4412=CARTESIAN_POINT('Ctrl Pts',(-36.0692609358492,-202.02539738276,-2.98927557905583));
#4413=CARTESIAN_POINT('Ctrl Pts',(-36.1593188376965,-201.72236509742,-3.17552396850758));
#4414=CARTESIAN_POINT('Ctrl Pts',(-36.3159195718649,-201.194031858749,-3.40119108173109));
#4415=CARTESIAN_POINT('Ctrl Pts',(-36.3787935915464,-200.981586180477,-3.46919179293717));
#4416=CARTESIAN_POINT('Ctrl Pts',(-36.4754114761043,-200.654557234833,-3.54112933269344));
#4417=CARTESIAN_POINT('Ctrl Pts',(-36.5082397342229,-200.543346746675,-3.56010243251776));
#4418=CARTESIAN_POINT('Ctrl Pts',(-36.6014592022958,-200.227273411545,-3.59871458448174));
#4419=CARTESIAN_POINT('Ctrl Pts',(-36.6621623312468,-200.021120610361,-3.60590521508492));
#4420=CARTESIAN_POINT('Ctrl Pts',(-36.7569290088614,-199.698757689177,-3.58920523765435));
#4421=CARTESIAN_POINT('Ctrl Pts',(-36.7911911542374,-199.582100522584,-3.57737894621207));
#4422=CARTESIAN_POINT('Ctrl Pts',(-36.947831851919,-199.048276609713,-3.49644196022443));
#4423=CARTESIAN_POINT('Ctrl Pts',(-37.0663177647245,-198.643037411288,-3.35893503892231));
#4424=CARTESIAN_POINT('Ctrl Pts',(-37.1752429472791,-198.269431625399,-3.15152503436825));
#4425=CARTESIAN_POINT('Ctrl Pts',(-35.5088939065517,-203.344352387772,-0.714924362480494));
#4426=CARTESIAN_POINT('Ctrl Pts',(-35.5566887048225,-203.182056155228,-1.48036968728265));
#4427=CARTESIAN_POINT('Ctrl Pts',(-35.6831991547792,-202.75310415015,-2.17367971922446));
#4428=CARTESIAN_POINT('Ctrl Pts',(-35.9336147511033,-201.903997757998,-2.87150902621836));
#4429=CARTESIAN_POINT('Ctrl Pts',(-36.0202466961039,-201.610206399528,-3.04710754838195));
#4430=CARTESIAN_POINT('Ctrl Pts',(-36.1706975397391,-201.099798991338,-3.25729975813516));
#4431=CARTESIAN_POINT('Ctrl Pts',(-36.2310543472443,-200.894987765869,-3.31982711236804));
#4432=CARTESIAN_POINT('Ctrl Pts',(-36.3237154212837,-200.580457721961,-3.38452622656055));
#4433=CARTESIAN_POINT('Ctrl Pts',(-36.3551837062319,-200.473623495211,-3.40124469089022));
#4434=CARTESIAN_POINT('Ctrl Pts',(-36.4444952233175,-200.170357511487,-3.43405438231052));
#4435=CARTESIAN_POINT('Ctrl Pts',(-36.5025967005773,-199.973002745641,-3.43818064368647));
#4436=CARTESIAN_POINT('Ctrl Pts',(-36.5932038932521,-199.665117366783,-3.41797928222144));
#4437=CARTESIAN_POINT('Ctrl Pts',(-36.6259409435813,-199.553852739677,-3.40515463225862));
#4438=CARTESIAN_POINT('Ctrl Pts',(-36.7755154035633,-199.045367464965,-3.32098437845242));
#4439=CARTESIAN_POINT('Ctrl Pts',(-36.8883638432321,-198.66139063746,-3.18484389593476));
#4440=CARTESIAN_POINT('Ctrl Pts',(-36.9918347446927,-198.309058786664,-2.98371824440955));
#4441=CARTESIAN_POINT('Ctrl Pts',(-35.3892451214669,-203.186230145088,-0.689341594886092));
#4442=CARTESIAN_POINT('Ctrl Pts',(-35.4352855980855,-203.027254806587,-1.42685796411025));
#4443=CARTESIAN_POINT('Ctrl Pts',(-35.5572337097965,-202.607226918272,-2.09235302653943));
#4444=CARTESIAN_POINT('Ctrl Pts',(-35.7979556776283,-201.782621355067,-2.7537248956192));
#4445=CARTESIAN_POINT('Ctrl Pts',(-35.8811699313513,-201.498051330284,-2.91863493198174));
#4446=CARTESIAN_POINT('Ctrl Pts',(-36.0254678608949,-201.005577179779,-3.11339798313756));
#4447=CARTESIAN_POINT('Ctrl Pts',(-36.0833101146233,-200.808396751692,-3.17043020949905));
#4448=CARTESIAN_POINT('Ctrl Pts',(-36.1720135138883,-200.506366424926,-3.22790737814726));
#4449=CARTESIAN_POINT('Ctrl Pts',(-36.2021226618067,-200.403906492076,-3.2423657946692));
#4450=CARTESIAN_POINT('Ctrl Pts',(-36.2875253268508,-200.113452849941,-3.26937741167479));
#4451=CARTESIAN_POINT('Ctrl Pts',(-36.3430271247336,-199.924889804233,-3.27043944576903));
#4452=CARTESIAN_POINT('Ctrl Pts',(-36.4294739434787,-199.631486593577,-3.24673961904975));
#4453=CARTESIAN_POINT('Ctrl Pts',(-36.4606873409459,-199.525606998063,-3.23291529515829));
#4454=CARTESIAN_POINT('Ctrl Pts',(-36.6031919230171,-199.042485740448,-3.14551953399411));
#4455=CARTESIAN_POINT('Ctrl Pts',(-36.7104022126672,-198.679787861644,-3.01076326709127));
#4456=CARTESIAN_POINT('Ctrl Pts',(-36.8084265421063,-198.34868594793,-2.81591145445085));
#4457=CARTESIAN_POINT('Ctrl Pts',(-35.2695963363821,-203.028107902404,-0.663758827291691));
#4458=CARTESIAN_POINT('Ctrl Pts',(-35.3139094435625,-202.87251885059,-1.37356497610308));
#4459=CARTESIAN_POINT('Ctrl Pts',(-35.4312653894476,-202.461371009969,-2.01111726721819));
#4460=CARTESIAN_POINT('Ctrl Pts',(-35.6623094928824,-201.661221730304,-2.63595834278172));
#4461=CARTESIAN_POINT('Ctrl Pts',(-35.7420977897587,-201.385892632392,-2.79021851185611));
#4462=CARTESIAN_POINT('Ctrl Pts',(-35.8802458287692,-200.911344312368,-2.96950665954163));
#4463=CARTESIAN_POINT('Ctrl Pts',(-35.9355708703211,-200.721798337085,-3.02106552892991));
#4464=CARTESIAN_POINT('Ctrl Pts',(-36.0203174590678,-200.432266912054,-3.07130427201437));
#4465=CARTESIAN_POINT('Ctrl Pts',(-36.0490666338157,-200.334183240612,-3.08350805304165));
#4466=CARTESIAN_POINT('Ctrl Pts',(-36.1305613478725,-200.056536949882,-3.10471720950358));
#4467=CARTESIAN_POINT('Ctrl Pts',(-36.1834614940641,-199.876771939513,-3.10271487437058));
#4468=CARTESIAN_POINT('Ctrl Pts',(-36.2657488278694,-199.597846271183,-3.07551366361684));
#4469=CARTESIAN_POINT('Ctrl Pts',(-36.2954371302898,-199.497359215155,-3.06069098120483));
#4470=CARTESIAN_POINT('Ctrl Pts',(-36.4308754746614,-199.039576595699,-2.97006195222211));
#4471=CARTESIAN_POINT('Ctrl Pts',(-36.5324482911748,-198.698141087815,-2.83667212410371));
#4472=CARTESIAN_POINT('Ctrl Pts',(-36.6250183395198,-198.388313109195,-2.64810466449215));
#4473=CARTESIAN_POINT('Ctrl Pts',(-35.2695963369248,-203.028107900499,-0.663758835984804));
#4474=CARTESIAN_POINT('Ctrl Pts',(-35.3139094445207,-202.872518847233,-1.37356498130855));
#4475=CARTESIAN_POINT('Ctrl Pts',(-35.4312653900964,-202.461371007722,-2.01111726897297));
#4476=CARTESIAN_POINT('Ctrl Pts',(-35.6623094928824,-201.661221730304,-2.63595834278172));
#4477=CARTESIAN_POINT('Ctrl Pts',(-35.7420977897587,-201.385892632392,-2.79021851185611));
#4478=CARTESIAN_POINT('Ctrl Pts',(-35.8802458287692,-200.911344312368,-2.96950665954163));
#4479=CARTESIAN_POINT('Ctrl Pts',(-35.9355708703211,-200.721798337085,-3.02106552892991));
#4480=CARTESIAN_POINT('Ctrl Pts',(-36.0203174590678,-200.432266912054,-3.07130427201437));
#4481=CARTESIAN_POINT('Ctrl Pts',(-36.0490666338157,-200.334183240612,-3.08350805304165));
#4482=CARTESIAN_POINT('Ctrl Pts',(-36.1305613478725,-200.056536949882,-3.10471720950358));
#4483=CARTESIAN_POINT('Ctrl Pts',(-36.1834614940641,-199.876771939513,-3.10271487437058));
#4484=CARTESIAN_POINT('Ctrl Pts',(-36.2657488278694,-199.597846271183,-3.07551366361684));
#4485=CARTESIAN_POINT('Ctrl Pts',(-36.2954371302898,-199.497359215155,-3.06069098120483));
#4486=CARTESIAN_POINT('Ctrl Pts',(-36.4288218071068,-199.046518007432,-2.97143617085414));
#4487=CARTESIAN_POINT('Ctrl Pts',(-36.5285117082404,-198.71137458945,-2.84181619406613));
#4488=CARTESIAN_POINT('Ctrl Pts',(-36.6196290181915,-198.406352601348,-2.65900011011521));
#4489=CARTESIAN_POINT('Origin',(-23.,-200.000002187738,0.));
#4490=CARTESIAN_POINT('',(-23.,-203.100002187738,-3.79640507735678E-16));
#4491=CARTESIAN_POINT('Origin',(-23.,-200.000002187738,0.));
#4492=CARTESIAN_POINT('',(-23.,-203.100002187738,3.79640507735678E-16));
#4493=CARTESIAN_POINT('Ctrl Pts',(35.6285426798522,-203.502474669882,0.740506941336951));
#4494=CARTESIAN_POINT('Ctrl Pts',(35.6645367346715,-203.382052120569,1.31699406031332));
#4495=CARTESIAN_POINT('Ctrl Pts',(35.8224764497101,-202.854481212447,2.39806933605224));
#4496=CARTESIAN_POINT('Ctrl Pts',(36.1017489717448,-201.916629254466,3.09211110954817));
#4497=CARTESIAN_POINT('Ctrl Pts',(36.3158910603091,-201.194135825928,3.40082390849057));
#4498=CARTESIAN_POINT('Ctrl Pts',(36.3787893883981,-200.981612457306,3.46888232864955));
#4499=CARTESIAN_POINT('Ctrl Pts',(36.4754036052213,-200.654594082111,3.54083814097744));
#4500=CARTESIAN_POINT('Ctrl Pts',(36.5082330222032,-200.543379744385,3.55981740111265));
#4501=CARTESIAN_POINT('Ctrl Pts',(36.6014525964629,-200.227305276338,3.59844836147642));
#4502=CARTESIAN_POINT('Ctrl Pts',(36.6621566286167,-200.021148346979,3.60567013694969));
#4503=CARTESIAN_POINT('Ctrl Pts',(36.7569237445869,-199.698783234423,3.5889896465665));
#4504=CARTESIAN_POINT('Ctrl Pts',(36.7911859854458,-199.582125616419,3.57716699243923));
#4505=CARTESIAN_POINT('Ctrl Pts',(36.9478277912232,-199.048296338336,3.4962750021285));
#4506=CARTESIAN_POINT('Ctrl Pts',(37.066317801923,-198.643037284053,3.35893499579084));
#4507=CARTESIAN_POINT('Ctrl Pts',(37.1752429985576,-198.269431449517,3.15152493672624));
#4508=CARTESIAN_POINT('Ctrl Pts',(35.5088938951806,-203.344352426397,0.714924180353777));
#4509=CARTESIAN_POINT('Ctrl Pts',(35.5436308571687,-203.226404861326,1.27123795340401));
#4510=CARTESIAN_POINT('Ctrl Pts',(35.6960379147778,-202.709511977799,2.31190389261072));
#4511=CARTESIAN_POINT('Ctrl Pts',(35.9649362836714,-201.797844713427,2.96938788076551));
#4512=CARTESIAN_POINT('Ctrl Pts',(36.1706702697656,-201.099912824326,3.25693265438694));
#4513=CARTESIAN_POINT('Ctrl Pts',(36.2310494412302,-200.895007627204,3.31951790290415));
#4514=CARTESIAN_POINT('Ctrl Pts',(36.3237078165989,-200.580497042493,3.38423492292582));
#4515=CARTESIAN_POINT('Ctrl Pts',(36.3551768886363,-200.473655504941,3.40095970637789));
#4516=CARTESIAN_POINT('Ctrl Pts',(36.4444887114914,-200.170390256619,3.43378811733032));
#4517=CARTESIAN_POINT('Ctrl Pts',(36.5025909474521,-199.973030009266,3.43794558814213));
#4518=CARTESIAN_POINT('Ctrl Pts',(36.5931986490339,-199.665143099903,3.41776368215827));
#4519=CARTESIAN_POINT('Ctrl Pts',(36.6259357689432,-199.553877778747,3.40494268110259));
#4520=CARTESIAN_POINT('Ctrl Pts',(36.7755113488714,-199.045387261057,3.32081741688285));
#4521=CARTESIAN_POINT('Ctrl Pts',(36.8883638744228,-198.661390477224,3.18484385513092));
#4522=CARTESIAN_POINT('Ctrl Pts',(36.9918347934047,-198.309058620791,2.98371814972436));
#4523=CARTESIAN_POINT('Ctrl Pts',(35.389245110509,-203.186230182913,0.689341419370603));
#4524=CARTESIAN_POINT('Ctrl Pts',(35.4227101716738,-203.070668855186,1.22542126657833));
#4525=CARTESIAN_POINT('Ctrl Pts',(35.5695920190329,-202.564553420545,2.22575900055875));
#4526=CARTESIAN_POINT('Ctrl Pts',(35.828132096316,-201.679036232211,2.84665721110161));
#4527=CARTESIAN_POINT('Ctrl Pts',(36.0254432454827,-201.005634373929,3.11306814565987));
#4528=CARTESIAN_POINT('Ctrl Pts',(36.0833097559926,-200.808385335644,3.17015570662259));
#4529=CARTESIAN_POINT('Ctrl Pts',(36.1720085689258,-200.506361843412,3.22764871872286));
#4530=CARTESIAN_POINT('Ctrl Pts',(36.2021191205884,-200.403901693738,3.24211263667489));
#4531=CARTESIAN_POINT('Ctrl Pts',(36.2875215108144,-200.113447820694,3.26914098770346));
#4532=CARTESIAN_POINT('Ctrl Pts',(36.3430240120438,-199.924886116179,3.2702306517139));
#4533=CARTESIAN_POINT('Ctrl Pts',(36.4294709906047,-199.631482714179,3.24654815940711));
#4534=CARTESIAN_POINT('Ctrl Pts',(36.4606844697474,-199.525603398077,3.23272705610732));
#4535=CARTESIAN_POINT('Ctrl Pts',(36.6031896603029,-199.042482764649,3.14537125907027));
#4536=CARTESIAN_POINT('Ctrl Pts',(36.7104022505546,-198.679787787492,3.01076322293472));
#4537=CARTESIAN_POINT('Ctrl Pts',(36.8084265882518,-198.348685792064,2.81591136272248));
#4538=CARTESIAN_POINT('Ctrl Pts',(35.2695963258375,-203.028107939428,0.663758658387429));
#4539=CARTESIAN_POINT('Ctrl Pts',(35.3018042941709,-202.915021595943,1.17966515966902));
#4540=CARTESIAN_POINT('Ctrl Pts',(35.4431534841006,-202.419584185897,2.13959355711723));
#4541=CARTESIAN_POINT('Ctrl Pts',(35.6913194082426,-201.560251691172,2.72393398231894));
#4542=CARTESIAN_POINT('Ctrl Pts',(35.8802224549392,-200.911411372326,2.96917689155624));
#4543=CARTESIAN_POINT('Ctrl Pts',(35.9355698088246,-200.721780505542,3.02079128087719));
#4544=CARTESIAN_POINT('Ctrl Pts',(36.0203127803033,-200.432264803795,3.07104550067123));
#4545=CARTESIAN_POINT('Ctrl Pts',(36.0490629870215,-200.334177454294,3.08325494194013));
#4546=CARTESIAN_POINT('Ctrl Pts',(36.1305576258429,-200.056532800974,3.10448074355736));
#4547=CARTESIAN_POINT('Ctrl Pts',(36.1834583308791,-199.876767778465,3.10250610290634));
#4548=CARTESIAN_POINT('Ctrl Pts',(36.2657458950517,-199.597842579659,3.07532219499888));
#4549=CARTESIAN_POINT('Ctrl Pts',(36.2954342532448,-199.497355560405,3.06050274477068));
#4550=CARTESIAN_POINT('Ctrl Pts',(36.4308732179511,-199.03957368737,2.96991367382462));
#4551=CARTESIAN_POINT('Ctrl Pts',(36.5324483230543,-198.698140980662,2.83667208227479));
#4552=CARTESIAN_POINT('Ctrl Pts',(36.6250183830988,-198.388312963338,2.64810457572061));
#4553=CARTESIAN_POINT('Ctrl Pts',(35.2695963263802,-203.028107937522,0.663758667080393));
#4554=CARTESIAN_POINT('Ctrl Pts',(35.3018042949648,-202.91502159316,1.17966516506058));
#4555=CARTESIAN_POINT('Ctrl Pts',(35.4431534847975,-202.419584183484,2.13959355875824));
#4556=CARTESIAN_POINT('Ctrl Pts',(35.6913194082426,-201.560251691172,2.72393398231894));
#4557=CARTESIAN_POINT('Ctrl Pts',(35.8802224549392,-200.911411372326,2.96917689155624));
#4558=CARTESIAN_POINT('Ctrl Pts',(35.9355698088246,-200.721780505542,3.02079128087719));
#4559=CARTESIAN_POINT('Ctrl Pts',(36.0203127803033,-200.432264803795,3.07104550067123));
#4560=CARTESIAN_POINT('Ctrl Pts',(36.0490629870215,-200.334177454294,3.08325494194013));
#4561=CARTESIAN_POINT('Ctrl Pts',(36.1305576258429,-200.056532800974,3.10448074355736));
#4562=CARTESIAN_POINT('Ctrl Pts',(36.1834583308791,-199.876767778465,3.10250610290634));
#4563=CARTESIAN_POINT('Ctrl Pts',(36.2657458950517,-199.597842579659,3.07532219499888));
#4564=CARTESIAN_POINT('Ctrl Pts',(36.2954342532448,-199.497355560405,3.06050274477068));
#4565=CARTESIAN_POINT('Ctrl Pts',(36.4288195415444,-199.046515085912,2.97128728619764));
#4566=CARTESIAN_POINT('Ctrl Pts',(36.5285116533323,-198.711374370593,2.84181045190657));
#4567=CARTESIAN_POINT('Ctrl Pts',(36.6196290601982,-198.406352449088,2.65899985580218));
#4568=CARTESIAN_POINT('Origin',(23.,-200.000002187738,0.));
#4569=CARTESIAN_POINT('',(23.,-203.100002187738,-3.79640507735678E-16));
#4570=CARTESIAN_POINT('Origin',(23.,-200.000002187738,0.));
#4571=CARTESIAN_POINT('',(23.,-203.100002187738,-3.79640507735678E-16));
#4572=CARTESIAN_POINT('Origin',(-22.8,-200.000002187738,0.));
#4573=CARTESIAN_POINT('',(-22.6,-201.600002187738,-1.95943487863577E-16));
#4574=CARTESIAN_POINT('Origin',(-22.6,-200.000002187738,0.));
#4575=CARTESIAN_POINT('',(-23.,-202.000002187738,2.4492935982947E-16));
#4576=CARTESIAN_POINT('',(-22.8,-201.800002187738,-2.20436423846523E-16));
#4577=CARTESIAN_POINT('Origin',(-23.,-200.000002187738,0.));
#4578=CARTESIAN_POINT('Origin',(-23.,-200.000002187738,0.));
#4579=CARTESIAN_POINT('Origin',(0.,-200.000002187738,0.));
#4580=CARTESIAN_POINT('',(0.,-201.600002187738,-1.95943487863577E-16));
#4581=CARTESIAN_POINT('Origin',(22.8,-200.000002187738,0.));
#4582=CARTESIAN_POINT('',(22.6,-201.600002187738,1.95943487863577E-16));
#4583=CARTESIAN_POINT('Origin',(22.6,-200.000002187738,0.));
#4584=CARTESIAN_POINT('',(23.,-202.000002187738,-2.4492935982947E-16));
#4585=CARTESIAN_POINT('',(22.8,-201.800002187738,2.20436423846523E-16));
#4586=CARTESIAN_POINT('Origin',(23.,-200.000002187738,0.));
#4587=CARTESIAN_POINT('Origin',(23.,-200.000002187738,0.));
#4588=CARTESIAN_POINT('Origin',(0.,-200.000002187738,0.));
#4589=CARTESIAN_POINT('',(0.,-201.600002187738,-1.95943487863577E-16));
#4590=CARTESIAN_POINT('Origin',(0.,-200.000002682209,0.));
#4591=CARTESIAN_POINT('Origin',(0.,-191.652176476043,-22.5014180460373));
#4592=CARTESIAN_POINT('Ctrl Pts',(-18.000000372529,-220.,-22.));
#4593=CARTESIAN_POINT('Ctrl Pts',(-18.000000372529,-220.255843997587,-22.));
#4594=CARTESIAN_POINT('Ctrl Pts',(-16.3124589197984,-224.92997819451,-18.4715043546966));
#4595=CARTESIAN_POINT('Ctrl Pts',(-12.9373760143371,-227.663941813346,-11.4145130640897));
#4596=CARTESIAN_POINT('Ctrl Pts',(-20.0833337369064,-220.,-20.9583334419876));
#4597=CARTESIAN_POINT('Ctrl Pts',(-20.0833337369064,-220.255843997587,-20.9583334419876));
#4598=CARTESIAN_POINT('Ctrl Pts',(-18.076182166614,-224.92997819451,-17.5896428364148));
#4599=CARTESIAN_POINT('Ctrl Pts',(-14.0618790260292,-227.663941813346,-10.8522616252693));
#4600=CARTESIAN_POINT('Ctrl Pts',(-22.1666671012839,-220.,-19.9166668839753));
#4601=CARTESIAN_POINT('Ctrl Pts',(-22.1666671012839,-220.255843997587,-19.9166668839753));
#4602=CARTESIAN_POINT('Ctrl Pts',(-19.8399054134297,-224.92997819451,-16.7077813181331));
#4603=CARTESIAN_POINT('Ctrl Pts',(-15.1863820377212,-227.663941813346,-10.2900101864488));
#4604=CARTESIAN_POINT('Ctrl Pts',(-24.2500004656613,-220.,-18.8750003259629));
#4605=CARTESIAN_POINT('Ctrl Pts',(-24.2500004656613,-220.255843997587,-18.8750003259629));
#4606=CARTESIAN_POINT('Ctrl Pts',(-21.6036286602453,-224.92997819451,-15.8259197998514));
#4607=CARTESIAN_POINT('Ctrl Pts',(-16.3108850494133,-227.663941813346,-9.72775874762841));
#4608=CARTESIAN_POINT('',(-16.3077224672879,-227.663941813346,-9.72934003850265));
#4609=CARTESIAN_POINT('Ctrl Pts',(-16.307722467288,-227.663941813346,-9.72934003850259));
#4610=CARTESIAN_POINT('Ctrl Pts',(-15.6718149781921,-227.663941813346,-10.0472937451475));
#4611=CARTESIAN_POINT('Ctrl Pts',(-15.035907489096,-227.663941813346,-10.3652474517926));
#4612=CARTESIAN_POINT('Ctrl Pts',(-14.4,-227.663941813346,-10.6832011584375));
#4613=CARTESIAN_POINT('',(-16.3784018972277,-227.628886361299,-9.80554989754696));
#4614=CARTESIAN_POINT('Ctrl Pts',(-16.3784018972276,-227.628886361299,-9.80554989754707));
#4615=CARTESIAN_POINT('Ctrl Pts',(-16.3628889820202,-227.636982172351,-9.78767632151913));
#4616=CARTESIAN_POINT('Ctrl Pts',(-16.3469707628221,-227.645011394288,-9.77012578299039));
#4617=CARTESIAN_POINT('Ctrl Pts',(-16.3306348159242,-227.652965463176,-9.75293484272813));
#4618=CARTESIAN_POINT('Ctrl Pts',(-16.3230861350005,-227.656640960437,-9.74499107775214));
#4619=CARTESIAN_POINT('Ctrl Pts',(-16.3154491009212,-227.66030000434,-9.73712498152569));
#4620=CARTESIAN_POINT('Ctrl Pts',(-16.3077224672879,-227.663941813346,-9.72934003850265));
#4621=CARTESIAN_POINT('',(-24.2500004656613,-220.,-18.8750003259629));
#4622=CARTESIAN_POINT('Ctrl Pts',(-24.2500004656613,-220.,-18.8750003259629));
#4623=CARTESIAN_POINT('Ctrl Pts',(-24.2500004656613,-220.254753784017,-18.8750003259629));
#4624=CARTESIAN_POINT('Ctrl Pts',(-21.6261342761834,-224.890223174818,-15.8518501831576));
#4625=CARTESIAN_POINT('Ctrl Pts',(-16.3784018972277,-227.628886361299,-9.80554989754696));
#4626=CARTESIAN_POINT('',(-18.000000372529,-220.,-22.));
#4627=CARTESIAN_POINT('',(-24.2500004656613,-220.,-18.8750003259629));
#4628=CARTESIAN_POINT('Ctrl Pts',(-18.000000372529,-220.,-22.));
#4629=CARTESIAN_POINT('Ctrl Pts',(-18.000000372529,-220.215743963497,-22.));
#4630=CARTESIAN_POINT('Ctrl Pts',(-16.8000002483544,-223.573306327523,-19.4909089162448));
#4631=CARTESIAN_POINT('Ctrl Pts',(-14.4000000000051,-226.259902599031,-14.4727267487344));
#4632=CARTESIAN_POINT('Ctrl Pts',(-13.5145890911683,-228.,-8.91237912967571));
#4633=CARTESIAN_POINT('Ctrl Pts',(-14.1504965802643,-228.,-8.59442542303074));
#4634=CARTESIAN_POINT('Ctrl Pts',(-14.7864040693603,-228.,-8.27647171638575));
#4635=CARTESIAN_POINT('Ctrl Pts',(-15.4223115584564,-228.,-7.95851800974078));
#4636=CARTESIAN_POINT('Ctrl Pts',(-13.8153627266106,-228.,-9.51392647227039));
#4637=CARTESIAN_POINT('Ctrl Pts',(-14.4512702157066,-228.,-9.19597276562542));
#4638=CARTESIAN_POINT('Ctrl Pts',(-15.0871777048027,-228.,-8.87801905898042));
#4639=CARTESIAN_POINT('Ctrl Pts',(-15.7230851938987,-228.,-8.56006535233546));
#4640=CARTESIAN_POINT('Ctrl Pts',(-14.1160726049777,-227.885865403933,-10.1153463006993));
#4641=CARTESIAN_POINT('Ctrl Pts',(-14.7519800940737,-227.885865403933,-9.79739259405433));
#4642=CARTESIAN_POINT('Ctrl Pts',(-15.3878875831697,-227.885865403933,-9.47943888740932));
#4643=CARTESIAN_POINT('Ctrl Pts',(-16.0237950722657,-227.885865403933,-9.16148518076436));
#4644=CARTESIAN_POINT('Ctrl Pts',(-14.4,-227.663941813346,-10.6832011584375));
#4645=CARTESIAN_POINT('Ctrl Pts',(-15.035907489096,-227.663941813346,-10.3652474517926));
#4646=CARTESIAN_POINT('Ctrl Pts',(-15.6718149781921,-227.663941813346,-10.0472937451475));
#4647=CARTESIAN_POINT('Ctrl Pts',(-16.307722467288,-227.663941813346,-9.72934003850259));
#4648=CARTESIAN_POINT('',(-14.8391706885288,-228.,-8.25008840994666));
#4649=CARTESIAN_POINT('Ctrl Pts',(-14.4,-228.,-8.46967372803446));
#4650=CARTESIAN_POINT('Ctrl Pts',(-14.5463902295096,-228.,-8.3964786220052));
#4651=CARTESIAN_POINT('Ctrl Pts',(-14.6927804590192,-228.,-8.32328351597593));
#4652=CARTESIAN_POINT('Ctrl Pts',(-14.8391706885288,-228.,-8.25008840994667));
#4653=CARTESIAN_POINT('Ctrl Pts',(-16.3077224672879,-227.663941813346,-9.72934003850264));
#4654=CARTESIAN_POINT('Ctrl Pts',(-16.1843770519406,-227.722078456622,-9.60506375050768));
#4655=CARTESIAN_POINT('Ctrl Pts',(-16.0593686375872,-227.772706634626,-9.47911323423278));
#4656=CARTESIAN_POINT('Ctrl Pts',(-15.9330802320466,-227.815829343977,-9.35188467442435));
#4657=CARTESIAN_POINT('Ctrl Pts',(-15.8067918265059,-227.858952053329,-9.22465611461593));
#4658=CARTESIAN_POINT('Ctrl Pts',(-15.6792230400171,-227.894569421219,-9.09614873175195));
#4659=CARTESIAN_POINT('Ctrl Pts',(-15.5507466072258,-227.922627676089,-8.96673816423031));
#4660=CARTESIAN_POINT('Ctrl Pts',(-15.426121772826,-227.94984477179,-8.84120719955007));
#4661=CARTESIAN_POINT('Ctrl Pts',(-15.3007838770625,-227.969918010786,-8.71496877486161));
#4662=CARTESIAN_POINT('Ctrl Pts',(-15.1750719895414,-227.982794579647,-8.58836251466393));
#4663=CARTESIAN_POINT('Ctrl Pts',(-15.0657851500022,-227.99398874388,-8.47829815785799));
#4664=CARTESIAN_POINT('Ctrl Pts',(-14.9562154174026,-227.999743240629,-8.36795531501685));
#4665=CARTESIAN_POINT('Ctrl Pts',(-14.8465837957426,-227.99999160272,-8.25755358526763));
#4666=CARTESIAN_POINT('Ctrl Pts',(-14.8441127651745,-227.999997200652,-8.25506519692811));
#4667=CARTESIAN_POINT('Ctrl Pts',(-14.8416417285845,-228.,-8.25257680430369));
#4668=CARTESIAN_POINT('Ctrl Pts',(-14.8391706885288,-228.,-8.25008840994667));
#4669=CARTESIAN_POINT('Ctrl Pts',(-15.4223115584564,-228.,7.95851800974078));
#4670=CARTESIAN_POINT('Ctrl Pts',(-14.7864040693604,-228.,8.27647171638576));
#4671=CARTESIAN_POINT('Ctrl Pts',(-14.1504965802644,-228.,8.59442542303072));
#4672=CARTESIAN_POINT('Ctrl Pts',(-13.5145890911683,-228.,8.9123791296757));
#4673=CARTESIAN_POINT('Ctrl Pts',(-15.7230851938988,-228.,8.56006535233545));
#4674=CARTESIAN_POINT('Ctrl Pts',(-15.0871777048027,-228.,8.87801905898043));
#4675=CARTESIAN_POINT('Ctrl Pts',(-14.4512702157067,-228.,9.1959727656254));
#4676=CARTESIAN_POINT('Ctrl Pts',(-13.8153627266106,-228.,9.51392647227038));
#4677=CARTESIAN_POINT('Ctrl Pts',(-16.0237950722658,-227.885865403933,9.16148518076436));
#4678=CARTESIAN_POINT('Ctrl Pts',(-15.3878875831698,-227.885865403933,9.47943888740934));
#4679=CARTESIAN_POINT('Ctrl Pts',(-14.7519800940737,-227.885865403933,9.79739259405431));
#4680=CARTESIAN_POINT('Ctrl Pts',(-14.1160726049777,-227.885865403933,10.1153463006993));
#4681=CARTESIAN_POINT('Ctrl Pts',(-16.3077224672881,-227.663941813346,9.7293400385026));
#4682=CARTESIAN_POINT('Ctrl Pts',(-15.6718149781921,-227.663941813346,10.0472937451476));
#4683=CARTESIAN_POINT('Ctrl Pts',(-15.035907489096,-227.663941813346,10.3652474517925));
#4684=CARTESIAN_POINT('Ctrl Pts',(-14.4,-227.663941813346,10.6832011584375));
#4685=CARTESIAN_POINT('',(-16.3077224672881,-227.663941813346,9.72934003850259));
#4686=CARTESIAN_POINT('Ctrl Pts',(-14.4,-227.663941813346,10.6832011584375));
#4687=CARTESIAN_POINT('Ctrl Pts',(-15.035907489096,-227.663941813346,10.3652474517925));
#4688=CARTESIAN_POINT('Ctrl Pts',(-15.6718149781921,-227.663941813346,10.0472937451476));
#4689=CARTESIAN_POINT('Ctrl Pts',(-16.3077224672881,-227.663941813346,9.7293400385026));
#4690=CARTESIAN_POINT('',(-14.8391706885287,-228.,8.25008840994672));
#4691=CARTESIAN_POINT('Ctrl Pts',(-14.8391706885287,-228.,8.25008840994672));
#4692=CARTESIAN_POINT('Ctrl Pts',(-14.8416417285844,-228.,8.25257680430374));
#4693=CARTESIAN_POINT('Ctrl Pts',(-14.8441127651745,-227.999997200652,8.25506519692814));
#4694=CARTESIAN_POINT('Ctrl Pts',(-14.8465837957426,-227.99999160272,8.25755358526767));
#4695=CARTESIAN_POINT('Ctrl Pts',(-14.9726922837053,-227.999705913543,8.38454792318174));
#4696=CARTESIAN_POINT('Ctrl Pts',(-15.0987189057927,-227.992135715631,8.511464391711));
#4697=CARTESIAN_POINT('Ctrl Pts',(-15.2243272084322,-227.977378754442,8.6379685984243));
#4698=CARTESIAN_POINT('Ctrl Pts',(-15.333523997146,-227.964549882948,8.74794423571571));
#4699=CARTESIAN_POINT('Ctrl Pts',(-15.4424047904661,-227.94628868723,8.85760860880454));
#4700=CARTESIAN_POINT('Ctrl Pts',(-15.5507466072259,-227.922627676088,8.96673816423043));
#4701=CARTESIAN_POINT('Ctrl Pts',(-15.6792230400171,-227.894569421219,9.09614873175203));
#4702=CARTESIAN_POINT('Ctrl Pts',(-15.806791826506,-227.858952053329,9.22465611461596));
#4703=CARTESIAN_POINT('Ctrl Pts',(-15.9330802320467,-227.815829343977,9.35188467442434));
#4704=CARTESIAN_POINT('Ctrl Pts',(-16.0593686375873,-227.772706634626,9.47911323423273));
#4705=CARTESIAN_POINT('Ctrl Pts',(-16.1843770519408,-227.722078456622,9.60506375050761));
#4706=CARTESIAN_POINT('Ctrl Pts',(-16.3077224672881,-227.663941813346,9.7293400385026));
#4707=CARTESIAN_POINT('Ctrl Pts',(-14.8391706885287,-228.,8.25008840994671));
#4708=CARTESIAN_POINT('Ctrl Pts',(-14.6927804590192,-228.,8.32328351597597));
#4709=CARTESIAN_POINT('Ctrl Pts',(-14.5463902295096,-228.,8.39647862200522));
#4710=CARTESIAN_POINT('Ctrl Pts',(-14.4,-228.,8.46967372803447));
#4711=CARTESIAN_POINT('Ctrl Pts',(-24.2500004656614,-220.,18.8750003259628));
#4712=CARTESIAN_POINT('Ctrl Pts',(-24.2500004656614,-220.255843997587,18.8750003259628));
#4713=CARTESIAN_POINT('Ctrl Pts',(-21.6036286602454,-224.92997819451,15.8259197998514));
#4714=CARTESIAN_POINT('Ctrl Pts',(-16.3108850494134,-227.663941813346,9.72775874762844));
#4715=CARTESIAN_POINT('Ctrl Pts',(-22.1666671012839,-220.,19.9166668839752));
#4716=CARTESIAN_POINT('Ctrl Pts',(-22.1666671012839,-220.255843997587,19.9166668839752));
#4717=CARTESIAN_POINT('Ctrl Pts',(-19.8399054134297,-224.92997819451,16.7077813181331));
#4718=CARTESIAN_POINT('Ctrl Pts',(-15.1863820377213,-227.663941813346,10.2900101864489));
#4719=CARTESIAN_POINT('Ctrl Pts',(-20.0833337369065,-220.,20.9583334419876));
#4720=CARTESIAN_POINT('Ctrl Pts',(-20.0833337369065,-220.255843997587,20.9583334419876));
#4721=CARTESIAN_POINT('Ctrl Pts',(-18.0761821666141,-224.92997819451,17.5896428364149));
#4722=CARTESIAN_POINT('Ctrl Pts',(-14.0618790260292,-227.663941813346,10.8522616252693));
#4723=CARTESIAN_POINT('Ctrl Pts',(-18.000000372529,-220.,22.));
#4724=CARTESIAN_POINT('Ctrl Pts',(-18.000000372529,-220.255843997587,22.));
#4725=CARTESIAN_POINT('Ctrl Pts',(-16.3124589197984,-224.92997819451,18.4715043546966));
#4726=CARTESIAN_POINT('Ctrl Pts',(-12.9373760143371,-227.663941813346,11.4145130640898));
#4727=CARTESIAN_POINT('',(-14.3999999999983,-226.259902599042,14.4727267487202));
#4728=CARTESIAN_POINT('Ctrl Pts',(-13.9235296378724,-226.767420778146,13.4764705707418));
#4729=CARTESIAN_POINT('Ctrl Pts',(-14.0872868494634,-226.601676814336,13.8188720015634));
#4730=CARTESIAN_POINT('Ctrl Pts',(-14.2461103035052,-226.432169033222,14.1509573942225));
#4731=CARTESIAN_POINT('Ctrl Pts',(-14.3999999999978,-226.259902599039,14.4727267487191));
#4732=CARTESIAN_POINT('Ctrl Pts',(-18.000000372529,-220.,22.));
#4733=CARTESIAN_POINT('Ctrl Pts',(-18.000000372529,-220.215743963497,22.));
#4734=CARTESIAN_POINT('Ctrl Pts',(-16.8000002483544,-223.573306327523,19.4909089162448));
#4735=CARTESIAN_POINT('Ctrl Pts',(-14.4000000000051,-226.259902599031,14.4727267487344));
#4736=CARTESIAN_POINT('',(-24.2500004656613,-220.,18.8750003259629));
#4737=CARTESIAN_POINT('',(-24.2500004656613,-220.,18.8750003259629));
#4738=CARTESIAN_POINT('',(-16.3784018972277,-227.628886361299,9.80554989754694));
#4739=CARTESIAN_POINT('Ctrl Pts',(-24.2500004656613,-220.,18.8750003259629));
#4740=CARTESIAN_POINT('Ctrl Pts',(-24.2500004656613,-220.254753784017,18.8750003259629));
#4741=CARTESIAN_POINT('Ctrl Pts',(-21.6261342761834,-224.890223174818,15.8518501831576));
#4742=CARTESIAN_POINT('Ctrl Pts',(-16.3784018972277,-227.628886361299,9.80554989754694));
#4743=CARTESIAN_POINT('Ctrl Pts',(-16.3077209063481,-227.663933419117,9.7293392408441));
#4744=CARTESIAN_POINT('Ctrl Pts',(-16.310114934133,-227.662805607483,9.73175128875534));
#4745=CARTESIAN_POINT('Ctrl Pts',(-16.3125004461758,-227.661676077566,9.73417121272122));
#4746=CARTESIAN_POINT('Ctrl Pts',(-16.3148774778926,-227.660544850835,9.73659891370055));
#4747=CARTESIAN_POINT('Ctrl Pts',(-16.3367759882323,-227.650123374294,9.75896421687248));
#4748=CARTESIAN_POINT('Ctrl Pts',(-16.3579413347991,-227.639564228433,9.78197577152023));
#4749=CARTESIAN_POINT('Ctrl Pts',(-16.3784018972277,-227.628886361299,9.80554989754694));
#4750=CARTESIAN_POINT('Ctrl Pts',(18.000000372529,-220.,-22.));
#4751=CARTESIAN_POINT('Ctrl Pts',(18.000000372529,-220.215743963498,-22.));
#4752=CARTESIAN_POINT('Ctrl Pts',(16.8000002483527,-223.573306327528,-19.4909089162412));
#4753=CARTESIAN_POINT('Ctrl Pts',(14.4,-226.259902599037,-14.4727267487236));
#4754=CARTESIAN_POINT('Ctrl Pts',(16.8000002483527,-220.,-22.));
#4755=CARTESIAN_POINT('Ctrl Pts',(16.8000002483527,-220.215743963498,-22.));
#4756=CARTESIAN_POINT('Ctrl Pts',(15.6800001390775,-223.573306327528,-19.4909089162412));
#4757=CARTESIAN_POINT('Ctrl Pts',(13.4399999205271,-226.259902599037,-14.4727267487236));
#4758=CARTESIAN_POINT('Ctrl Pts',(15.6000001241763,-220.,-22.));
#4759=CARTESIAN_POINT('Ctrl Pts',(15.6000001241763,-220.215743963498,-22.));
#4760=CARTESIAN_POINT('Ctrl Pts',(14.5600000298023,-223.573306327528,-19.4909089162412));
#4761=CARTESIAN_POINT('Ctrl Pts',(12.4799998410543,-226.259902599037,-14.4727267487236));
#4762=CARTESIAN_POINT('Ctrl Pts',(14.4,-220.,-22.));
#4763=CARTESIAN_POINT('Ctrl Pts',(14.4,-220.215743963498,-22.));
#4764=CARTESIAN_POINT('Ctrl Pts',(13.4399999205271,-223.573306327528,-19.4909089162412));
#4765=CARTESIAN_POINT('Ctrl Pts',(11.5199997615814,-226.259902599037,-14.4727267487236));
#4766=CARTESIAN_POINT('',(18.000000372529,-220.,-22.));
#4767=CARTESIAN_POINT('',(0.,-220.,-22.));
#4768=CARTESIAN_POINT('Ctrl Pts',(18.000000372529,-220.,-22.));
#4769=CARTESIAN_POINT('Ctrl Pts',(18.000000372529,-220.215743963497,-22.));
#4770=CARTESIAN_POINT('Ctrl Pts',(16.8000002483544,-223.573306327523,-19.4909089162448));
#4771=CARTESIAN_POINT('Ctrl Pts',(14.4000000000051,-226.259902599031,-14.4727267487344));
#4772=CARTESIAN_POINT('Ctrl Pts',(-18.0000003725318,-220.,22.));
#4773=CARTESIAN_POINT('Ctrl Pts',(-18.0000003725318,-220.229577617509,22.));
#4774=CARTESIAN_POINT('Ctrl Pts',(-16.6411767943127,-224.016802301143,19.1588235235806));
#4775=CARTESIAN_POINT('Ctrl Pts',(-13.9235296378746,-226.767420778146,13.4764705707418));
#4776=CARTESIAN_POINT('Ctrl Pts',(-6.00000012417799,-220.,22.));
#4777=CARTESIAN_POINT('Ctrl Pts',(-6.00000012417799,-220.229577617509,22.));
#4778=CARTESIAN_POINT('Ctrl Pts',(-5.54705893143824,-224.016802301143,19.1588235235806));
#4779=CARTESIAN_POINT('Ctrl Pts',(-4.64117654595874,-226.767420778146,13.4764705707418));
#4780=CARTESIAN_POINT('Ctrl Pts',(6.00000012417586,-220.,22.));
#4781=CARTESIAN_POINT('Ctrl Pts',(6.00000012417586,-220.229577617509,22.));
#4782=CARTESIAN_POINT('Ctrl Pts',(5.54705893143627,-224.016802301143,19.1588235235806));
#4783=CARTESIAN_POINT('Ctrl Pts',(4.6411765459571,-226.767420778146,13.4764705707418));
#4784=CARTESIAN_POINT('Ctrl Pts',(18.0000003725297,-220.,22.));
#4785=CARTESIAN_POINT('Ctrl Pts',(18.0000003725297,-220.229577617509,22.));
#4786=CARTESIAN_POINT('Ctrl Pts',(16.6411767943108,-224.016802301143,19.1588235235806));
#4787=CARTESIAN_POINT('Ctrl Pts',(13.9235296378729,-226.767420778146,13.4764705707418));
#4788=CARTESIAN_POINT('',(14.3999999999983,-226.259902599042,14.4727267487202));
#4789=CARTESIAN_POINT('Ctrl Pts',(14.3999999999979,-226.259902599039,14.4727267487192));
#4790=CARTESIAN_POINT('Ctrl Pts',(14.2461103035062,-226.432169033221,14.1509573942245));
#4791=CARTESIAN_POINT('Ctrl Pts',(14.0872868494653,-226.601676814334,13.8188720015675));
#4792=CARTESIAN_POINT('Ctrl Pts',(13.9235296378754,-226.767420778143,13.4764705707481));
#4793=CARTESIAN_POINT('Ctrl Pts',(18.000000372529,-220.,22.));
#4794=CARTESIAN_POINT('Ctrl Pts',(18.000000372529,-220.215743963497,22.));
#4795=CARTESIAN_POINT('Ctrl Pts',(16.8000002483544,-223.573306327523,19.4909089162448));
#4796=CARTESIAN_POINT('Ctrl Pts',(14.4000000000051,-226.259902599031,14.4727267487344));
#4797=CARTESIAN_POINT('Origin',(4.16333634234434E-16,-228.,0.));
#4798=CARTESIAN_POINT('',(14.8391706885288,-228.,-8.25008840994669));
#4799=CARTESIAN_POINT('Ctrl Pts',(14.8391706885288,-228.,-8.25008840994669));
#4800=CARTESIAN_POINT('Ctrl Pts',(14.6927804590192,-228.,-8.32328351597594));
#4801=CARTESIAN_POINT('Ctrl Pts',(14.5463902295096,-228.,-8.3964786220052));
#4802=CARTESIAN_POINT('Ctrl Pts',(14.4,-228.,-8.46967372803445));
#4803=CARTESIAN_POINT('',(17.6973782535101,-228.,-2.5942057482787));
#4804=CARTESIAN_POINT('Ctrl Pts',(17.6973775097921,-228.,-2.59420537513221));
#4805=CARTESIAN_POINT('Ctrl Pts',(16.750084089041,-228.,-4.4822428482099));
#4806=CARTESIAN_POINT('Ctrl Pts',(15.797040063317,-228.,-6.36739371847936));
#4807=CARTESIAN_POINT('Ctrl Pts',(14.8391699770719,-228.,-8.2500880479727));
#4808=CARTESIAN_POINT('',(17.69737802157,-228.,1.93484907679009E-7));
#4809=CARTESIAN_POINT('Ctrl Pts',(17.69737802157,-228.,1.93484896993112E-7));
#4810=CARTESIAN_POINT('Ctrl Pts',(17.6973780988833,-228.,-0.864735120436303));
#4811=CARTESIAN_POINT('Ctrl Pts',(17.6973781761967,-228.,-1.7294704343575));
#4812=CARTESIAN_POINT('Ctrl Pts',(17.6973782535101,-228.,-2.5942057482787));
#4813=CARTESIAN_POINT('',(17.6973782535101,-228.,2.59420574827874));
#4814=CARTESIAN_POINT('Ctrl Pts',(17.6973782535101,-228.,2.59420574827874));
#4815=CARTESIAN_POINT('Ctrl Pts',(17.6973781761967,-228.,1.72947056334746));
#4816=CARTESIAN_POINT('Ctrl Pts',(17.6973780988834,-228.,0.864735378416185));
#4817=CARTESIAN_POINT('Ctrl Pts',(17.69737802157,-228.,1.93484907123898E-7));
#4818=CARTESIAN_POINT('',(14.8391706885287,-228.,8.25008840994677));
#4819=CARTESIAN_POINT('Ctrl Pts',(14.8391699770719,-228.,8.25008804797277));
#4820=CARTESIAN_POINT('Ctrl Pts',(15.7970400633169,-228.,6.36739371847943));
#4821=CARTESIAN_POINT('Ctrl Pts',(16.750084089041,-228.,4.48224284820995));
#4822=CARTESIAN_POINT('Ctrl Pts',(17.6973775097921,-228.,2.59420537513226));
#4823=CARTESIAN_POINT('Ctrl Pts',(14.4,-228.,8.4696737280345));
#4824=CARTESIAN_POINT('Ctrl Pts',(14.5463902295096,-228.,8.39647862200525));
#4825=CARTESIAN_POINT('Ctrl Pts',(14.6927804590191,-228.,8.32328351597601));
#4826=CARTESIAN_POINT('Ctrl Pts',(14.8391706885287,-228.,8.25008840994676));
#4827=CARTESIAN_POINT('Origin',(4.16333634234434E-16,-228.,0.));
#4828=CARTESIAN_POINT('',(-17.6973782535101,-228.,2.59420574827871));
#4829=CARTESIAN_POINT('Ctrl Pts',(-17.6973775097921,-228.,2.59420537513222));
#4830=CARTESIAN_POINT('Ctrl Pts',(-16.750084089041,-228.,4.48224284820992));
#4831=CARTESIAN_POINT('Ctrl Pts',(-15.7970400633169,-228.,6.36739371847939));
#4832=CARTESIAN_POINT('Ctrl Pts',(-14.8391699770719,-228.,8.25008804797273));
#4833=CARTESIAN_POINT('',(-17.69737802157,-228.,-1.93484907817787E-7));
#4834=CARTESIAN_POINT('Ctrl Pts',(-17.69737802157,-228.,-1.93484908095343E-7));
#4835=CARTESIAN_POINT('Ctrl Pts',(-17.6973780988833,-228.,0.864735120436297));
#4836=CARTESIAN_POINT('Ctrl Pts',(-17.6973781761967,-228.,1.7294704343575));
#4837=CARTESIAN_POINT('Ctrl Pts',(-17.6973782535101,-228.,2.59420574827871));
#4838=CARTESIAN_POINT('',(-17.6973782535101,-228.,-2.59420574827868));
#4839=CARTESIAN_POINT('Ctrl Pts',(-17.6973782535101,-228.,-2.59420574827868));
#4840=CARTESIAN_POINT('Ctrl Pts',(-17.6973781761967,-228.,-1.72947056334743));
#4841=CARTESIAN_POINT('Ctrl Pts',(-17.6973780988834,-228.,-0.864735378416166));
#4842=CARTESIAN_POINT('Ctrl Pts',(-17.69737802157,-228.,-1.93484907817787E-7));
#4843=CARTESIAN_POINT('Ctrl Pts',(-14.8391699770719,-228.,-8.25008804797267));
#4844=CARTESIAN_POINT('Ctrl Pts',(-15.797040063317,-228.,-6.36739371847935));
#4845=CARTESIAN_POINT('Ctrl Pts',(-16.750084089041,-228.,-4.48224284820988));
#4846=CARTESIAN_POINT('Ctrl Pts',(-17.6973775097921,-228.,-2.59420537513219));
#4847=CARTESIAN_POINT('Ctrl Pts',(18.0000003724535,-220.,22.0000000000378));
#4848=CARTESIAN_POINT('Ctrl Pts',(18.0000003724535,-220.255843997587,22.0000000000378));
#4849=CARTESIAN_POINT('Ctrl Pts',(16.3124589197345,-224.92997819451,18.4715043547285));
#4850=CARTESIAN_POINT('Ctrl Pts',(12.9373760142964,-227.663941813346,11.4145130641101));
#4851=CARTESIAN_POINT('Ctrl Pts',(20.0833337368561,-220.,20.9583334420128));
#4852=CARTESIAN_POINT('Ctrl Pts',(20.0833337368561,-220.255843997587,20.9583334420128));
#4853=CARTESIAN_POINT('Ctrl Pts',(18.0761821665714,-224.92997819451,17.5896428364361));
#4854=CARTESIAN_POINT('Ctrl Pts',(14.061879026002,-227.663941813346,10.8522616252829));
#4855=CARTESIAN_POINT('Ctrl Pts',(22.1666671012588,-220.,19.9166668839878));
#4856=CARTESIAN_POINT('Ctrl Pts',(22.1666671012588,-220.255843997587,19.9166668839878));
#4857=CARTESIAN_POINT('Ctrl Pts',(19.8399054134084,-224.92997819451,16.7077813181438));
#4858=CARTESIAN_POINT('Ctrl Pts',(15.1863820377077,-227.663941813346,10.2900101864557));
#4859=CARTESIAN_POINT('Ctrl Pts',(24.2500004656614,-220.,18.8750003259628));
#4860=CARTESIAN_POINT('Ctrl Pts',(24.2500004656614,-220.255843997587,18.8750003259628));
#4861=CARTESIAN_POINT('Ctrl Pts',(21.6036286602454,-224.92997819451,15.8259197998514));
#4862=CARTESIAN_POINT('Ctrl Pts',(16.3108850494134,-227.663941813346,9.72775874762844));
#4863=CARTESIAN_POINT('',(16.307722467288,-227.663941813346,9.7293400385027));
#4864=CARTESIAN_POINT('Ctrl Pts',(16.307722467288,-227.663941813346,9.7293400385027));
#4865=CARTESIAN_POINT('Ctrl Pts',(15.671814978192,-227.663941813346,10.0472937451477));
#4866=CARTESIAN_POINT('Ctrl Pts',(15.035907489096,-227.663941813346,10.3652474517926));
#4867=CARTESIAN_POINT('Ctrl Pts',(14.4,-227.663941813346,10.6832011584375));
#4868=CARTESIAN_POINT('',(16.3784018972277,-227.628886361299,9.80554989754695));
#4869=CARTESIAN_POINT('Ctrl Pts',(16.3784018972276,-227.628886361299,9.80554989754691));
#4870=CARTESIAN_POINT('Ctrl Pts',(16.3628889820141,-227.636982172354,9.78767632151188));
#4871=CARTESIAN_POINT('Ctrl Pts',(16.3469707628205,-227.645011394288,9.77012578298882));
#4872=CARTESIAN_POINT('Ctrl Pts',(16.3306348159271,-227.652965463175,9.75293484273127));
#4873=CARTESIAN_POINT('Ctrl Pts',(16.3230861350025,-227.656640960436,9.74499107775424));
#4874=CARTESIAN_POINT('Ctrl Pts',(16.3154491009222,-227.66030000434,9.73712498152672));
#4875=CARTESIAN_POINT('Ctrl Pts',(16.307722467288,-227.663941813346,9.72934003850269));
#4876=CARTESIAN_POINT('',(24.2500004656613,-220.,18.8750003259629));
#4877=CARTESIAN_POINT('Ctrl Pts',(24.2500004656613,-220.,18.8750003259629));
#4878=CARTESIAN_POINT('Ctrl Pts',(24.2500004656613,-220.254753784017,18.8750003259629));
#4879=CARTESIAN_POINT('Ctrl Pts',(21.6261342761834,-224.890223174818,15.8518501831576));
#4880=CARTESIAN_POINT('Ctrl Pts',(16.3784018972277,-227.628886361299,9.80554989754695));
#4881=CARTESIAN_POINT('',(24.2500004656613,-220.,18.8750003259629));
#4882=CARTESIAN_POINT('Ctrl Pts',(26.1439837396476,-183.,28.6632590508537));
#4883=CARTESIAN_POINT('Ctrl Pts',(23.7416953660461,-195.228775366807,26.6977504015127));
#4884=CARTESIAN_POINT('Ctrl Pts',(21.0270342436733,-207.345421673284,24.4766640512281));
#4885=CARTESIAN_POINT('Ctrl Pts',(18.000000372529,-220.,22.));
#4886=CARTESIAN_POINT('Ctrl Pts',(28.6900434338962,-182.996255874999,27.3902293554864));
#4887=CARTESIAN_POINT('Ctrl Pts',(26.1512614020565,-195.225630145409,25.4929675271288));
#4888=CARTESIAN_POINT('Ctrl Pts',(23.2823581697266,-207.343440085268,23.3490022226292));
#4889=CARTESIAN_POINT('Ctrl Pts',(20.0833337369064,-220.,20.9583334419876));
#4890=CARTESIAN_POINT('Ctrl Pts',(31.2361031281447,-182.992511749998,26.1171996601191));
#4891=CARTESIAN_POINT('Ctrl Pts',(28.5608274380669,-195.222484924011,24.288184652745));
#4892=CARTESIAN_POINT('Ctrl Pts',(25.53768209578,-207.341458497252,22.2213403940303));
#4893=CARTESIAN_POINT('Ctrl Pts',(22.1666671012839,-220.,19.9166668839753));
#4894=CARTESIAN_POINT('Ctrl Pts',(33.7821628223932,-182.988767624997,24.8441699647518));
#4895=CARTESIAN_POINT('Ctrl Pts',(30.9703934740773,-195.219339702613,23.0834017783611));
#4896=CARTESIAN_POINT('Ctrl Pts',(27.7930060218333,-207.339476909236,21.0936785654314));
#4897=CARTESIAN_POINT('Ctrl Pts',(24.2500004656613,-220.,18.8750003259629));
#4898=CARTESIAN_POINT('Ctrl Pts',(33.77958042543,-183.,24.8425528326708));
#4899=CARTESIAN_POINT('Ctrl Pts',(30.9684480576045,-195.226760409264,23.0821835321217));
#4900=CARTESIAN_POINT('Ctrl Pts',(27.7919214043483,-207.343352665143,21.0929993632191));
#4901=CARTESIAN_POINT('Ctrl Pts',(24.2500004656613,-220.,18.8750003259629));
#4902=CARTESIAN_POINT('Ctrl Pts',(41.4175699289828,-183.,-5.7480884532079));
#4903=CARTESIAN_POINT('Ctrl Pts',(38.1970032746396,-195.226887490739,-5.01117921617399));
#4904=CARTESIAN_POINT('Ctrl Pts',(34.5578133951695,-207.343483148869,-4.17848331966608));
#4905=CARTESIAN_POINT('Ctrl Pts',(30.5000002905727,-220.,-3.25000076368419));
#4906=CARTESIAN_POINT('Ctrl Pts',(38.871627740511,-182.999763771243,-12.1129439243877));
#4907=CARTESIAN_POINT('Ctrl Pts',(35.7875257839135,-195.226689063516,-11.0348729429892));
#4908=CARTESIAN_POINT('Ctrl Pts',(32.3025388756106,-207.343358142826,-9.81666961856344));
#4909=CARTESIAN_POINT('Ctrl Pts',(28.4166670156022,-220.,-8.45833395111043));
#4910=CARTESIAN_POINT('Ctrl Pts',(36.3256855520391,-182.999527542486,-18.4777993955674));
#4911=CARTESIAN_POINT('Ctrl Pts',(33.3780482931875,-195.226490636293,-17.0585666698044));
#4912=CARTESIAN_POINT('Ctrl Pts',(30.0472643560517,-207.343233136784,-15.4548559174608));
#4913=CARTESIAN_POINT('Ctrl Pts',(26.3333337406318,-220.,-13.6666671385367));
#4914=CARTESIAN_POINT('Ctrl Pts',(33.7797433635672,-182.999291313729,-24.8426548667472));
#4915=CARTESIAN_POINT('Ctrl Pts',(30.9685708024614,-195.22629220907,-23.0822603966196));
#4916=CARTESIAN_POINT('Ctrl Pts',(27.7919898364928,-207.343108130741,-21.0930422163582));
#4917=CARTESIAN_POINT('Ctrl Pts',(24.2500004656613,-220.,-18.8750003259629));
#4918=CARTESIAN_POINT('',(24.2500004656613,-220.,-18.8750003259629));
#4919=CARTESIAN_POINT('',(30.5000002905727,-220.,-3.25000076368419));
#4920=CARTESIAN_POINT('Ctrl Pts',(33.77958042543,-183.,-24.8425528326708));
#4921=CARTESIAN_POINT('Ctrl Pts',(30.9684480576045,-195.226760409264,-23.0821835321217));
#4922=CARTESIAN_POINT('Ctrl Pts',(27.7919214043483,-207.343352665143,-21.0929993632191));
#4923=CARTESIAN_POINT('Ctrl Pts',(24.2500004656613,-220.,-18.8750003259629));
#4924=CARTESIAN_POINT('Ctrl Pts',(15.4223115584564,-228.,-7.95851800974076));
#4925=CARTESIAN_POINT('Ctrl Pts',(14.7864040693604,-228.,-8.27647171638574));
#4926=CARTESIAN_POINT('Ctrl Pts',(14.1504965802644,-228.,-8.59442542303072));
#4927=CARTESIAN_POINT('Ctrl Pts',(13.5145890911683,-228.,-8.9123791296757));
#4928=CARTESIAN_POINT('Ctrl Pts',(15.7230851938988,-228.,-8.56006535233544));
#4929=CARTESIAN_POINT('Ctrl Pts',(15.0871777048027,-228.,-8.87801905898041));
#4930=CARTESIAN_POINT('Ctrl Pts',(14.4512702157067,-228.,-9.1959727656254));
#4931=CARTESIAN_POINT('Ctrl Pts',(13.8153627266106,-228.,-9.51392647227038));
#4932=CARTESIAN_POINT('Ctrl Pts',(16.0237950722658,-227.885865403933,-9.16148518076434));
#4933=CARTESIAN_POINT('Ctrl Pts',(15.3878875831698,-227.885865403933,-9.47943888740932));
#4934=CARTESIAN_POINT('Ctrl Pts',(14.7519800940737,-227.885865403933,-9.79739259405431));
#4935=CARTESIAN_POINT('Ctrl Pts',(14.1160726049777,-227.885865403933,-10.1153463006993));
#4936=CARTESIAN_POINT('Ctrl Pts',(16.3077224672881,-227.663941813346,-9.72934003850258));
#4937=CARTESIAN_POINT('Ctrl Pts',(15.6718149781921,-227.663941813346,-10.0472937451475));
#4938=CARTESIAN_POINT('Ctrl Pts',(15.035907489096,-227.663941813346,-10.3652474517925));
#4939=CARTESIAN_POINT('Ctrl Pts',(14.4,-227.663941813346,-10.6832011584375));
#4940=CARTESIAN_POINT('',(16.3077224672881,-227.663941813346,-9.72934003850258));
#4941=CARTESIAN_POINT('Ctrl Pts',(14.4,-227.663941813346,-10.6832011584375));
#4942=CARTESIAN_POINT('Ctrl Pts',(15.035907489096,-227.663941813346,-10.3652474517925));
#4943=CARTESIAN_POINT('Ctrl Pts',(15.6718149781921,-227.663941813346,-10.0472937451475));
#4944=CARTESIAN_POINT('Ctrl Pts',(16.3077224672881,-227.663941813346,-9.72934003850258));
#4945=CARTESIAN_POINT('Ctrl Pts',(16.3077224672881,-227.663941813346,-9.72934003850258));
#4946=CARTESIAN_POINT('Ctrl Pts',(16.1843770519408,-227.722078456622,-9.60506375050759));
#4947=CARTESIAN_POINT('Ctrl Pts',(16.0593686375873,-227.772706634626,-9.47911323423273));
#4948=CARTESIAN_POINT('Ctrl Pts',(15.9330802320466,-227.815829343977,-9.35188467442436));
#4949=CARTESIAN_POINT('Ctrl Pts',(15.806791826506,-227.858952053329,-9.22465611461599));
#4950=CARTESIAN_POINT('Ctrl Pts',(15.6792230400171,-227.894569421219,-9.09614873175207));
#4951=CARTESIAN_POINT('Ctrl Pts',(15.5507466072259,-227.922627676088,-8.96673816423047));
#4952=CARTESIAN_POINT('Ctrl Pts',(15.4261217728444,-227.949844771786,-8.84120719956864));
#4953=CARTESIAN_POINT('Ctrl Pts',(15.3007838770992,-227.96991801078,-8.71496877489886));
#4954=CARTESIAN_POINT('Ctrl Pts',(15.1750719895966,-227.982794579641,-8.58836251471984));
#4955=CARTESIAN_POINT('Ctrl Pts',(15.0657851500392,-227.993988743878,-8.47829815789544));
#4956=CARTESIAN_POINT('Ctrl Pts',(14.9562154174211,-227.999743240629,-8.36795531503565));
#4957=CARTESIAN_POINT('Ctrl Pts',(14.8465837957426,-227.99999160272,-8.25755358526764));
#4958=CARTESIAN_POINT('Ctrl Pts',(14.8441127651745,-227.999997200652,-8.25506519692812));
#4959=CARTESIAN_POINT('Ctrl Pts',(14.8416417285844,-228.,-8.25257680430371));
#4960=CARTESIAN_POINT('Ctrl Pts',(14.8391706885288,-228.,-8.25008840994669));
#4961=CARTESIAN_POINT('Ctrl Pts',(17.9705297007351,-228.,-2.04938935555695));
#4962=CARTESIAN_POINT('Ctrl Pts',(16.8307457265084,-228.,-4.32442692198282));
#4963=CARTESIAN_POINT('Ctrl Pts',(15.6824879963582,-228.,-6.59521570766631));
#4964=CARTESIAN_POINT('Ctrl Pts',(14.5273726386368,-228.,-8.86250747250584));
#4965=CARTESIAN_POINT('Ctrl Pts',(18.7176133069096,-228.,-2.42367500881011));
#4966=CARTESIAN_POINT('Ctrl Pts',(17.5354192111674,-227.999882294223,-4.67977379087533));
#4967=CARTESIAN_POINT('Ctrl Pts',(16.3479281240603,-228.000060421879,-6.93264435533373));
#4968=CARTESIAN_POINT('Ctrl Pts',(15.1574268552429,-228.,-9.18350070023467));
#4969=CARTESIAN_POINT('Ctrl Pts',(19.4643206641416,-227.822949029148,-2.79777216297151));
#4970=CARTESIAN_POINT('Ctrl Pts',(18.2398359496494,-227.842758027523,-5.03499070266215));
#4971=CARTESIAN_POINT('Ctrl Pts',(17.0131537062659,-227.85970929826,-7.26996416960153));
#4972=CARTESIAN_POINT('Ctrl Pts',(15.7873179661055,-227.873712864855,-9.50441083060826));
#4973=CARTESIAN_POINT('Ctrl Pts',(20.1471433147272,-227.483905508906,-3.13986335560143));
#4974=CARTESIAN_POINT('Ctrl Pts',(18.8909790230678,-227.540354830724,-5.36331989986124));
#4975=CARTESIAN_POINT('Ctrl Pts',(17.6331597728506,-227.588398350553,-7.58434428354608));
#4976=CARTESIAN_POINT('Ctrl Pts',(16.3784018972277,-227.628886361299,-9.80554989754694));
#4977=CARTESIAN_POINT('',(16.3784018972277,-227.628886361299,-9.80554989754694));
#4978=CARTESIAN_POINT('',(20.1471433147271,-227.483905508906,-3.13986335560159));
#4979=CARTESIAN_POINT('Ctrl Pts',(16.3784018972277,-227.628886361299,-9.80554989754694));
#4980=CARTESIAN_POINT('Ctrl Pts',(17.6331597728506,-227.588398350553,-7.58434428354608));
#4981=CARTESIAN_POINT('Ctrl Pts',(18.8909790230678,-227.540354830724,-5.36331989986124));
#4982=CARTESIAN_POINT('Ctrl Pts',(20.1471433147272,-227.483905508906,-3.13986335560143));
#4983=CARTESIAN_POINT('',(19.8614704119759,-227.59613306917,-3.10637855524367));
#4984=CARTESIAN_POINT('Ctrl Pts',(20.1471433147271,-227.483905508906,-3.13986335560159));
#4985=CARTESIAN_POINT('Ctrl Pts',(20.1274805119641,-227.491751455452,-3.13965417564894));
#4986=CARTESIAN_POINT('Ctrl Pts',(20.1078109773558,-227.499573497861,-3.13905683384707));
#4987=CARTESIAN_POINT('Ctrl Pts',(20.0881517728846,-227.507365069114,-3.13804672643128));
#4988=CARTESIAN_POINT('Ctrl Pts',(20.066598568422,-227.515907293115,-3.13693930361091));
#4989=CARTESIAN_POINT('Ctrl Pts',(20.045056916783,-227.524413230808,-3.13533570736204));
#4990=CARTESIAN_POINT('Ctrl Pts',(20.0235492385798,-227.532874498329,-3.1332033806148));
#4991=CARTESIAN_POINT('Ctrl Pts',(19.9802222310933,-227.549919639033,-3.12890782922762));
#4992=CARTESIAN_POINT('Ctrl Pts',(19.9370665907818,-227.566770084412,-3.12246994202796));
#4993=CARTESIAN_POINT('Ctrl Pts',(19.8942567722811,-227.583364393099,-3.11363247178052));
#4994=CARTESIAN_POINT('Ctrl Pts',(19.8832771259631,-227.58762041769,-3.1113658819873));
#4995=CARTESIAN_POINT('Ctrl Pts',(19.8723421498087,-227.591851115838,-3.10894597866806));
#4996=CARTESIAN_POINT('Ctrl Pts',(19.8614535750654,-227.596056055077,-3.10637010472018));
#4997=CARTESIAN_POINT('Ctrl Pts',(19.8614535750654,-227.596056055077,-3.10637010472018));
#4998=CARTESIAN_POINT('Ctrl Pts',(19.703721540678,-227.656968847074,-3.06905603162921));
#4999=CARTESIAN_POINT('Ctrl Pts',(19.5437689486226,-227.711039642159,-3.03120832161506));
#5000=CARTESIAN_POINT('Ctrl Pts',(19.382066258231,-227.758265393402,-2.99294479942562));
#5001=CARTESIAN_POINT('Ctrl Pts',(19.2180440637138,-227.806168562717,-2.9541324156349));
#5002=CARTESIAN_POINT('Ctrl Pts',(19.0522206328932,-227.847029224373,-2.91489191785568));
#5003=CARTESIAN_POINT('Ctrl Pts',(18.885061917762,-227.88079875537,-2.8753341705527));
#5004=CARTESIAN_POINT('Ctrl Pts',(18.7180192249035,-227.91454484746,-2.83580387966883));
#5005=CARTESIAN_POINT('Ctrl Pts',(18.5496424509319,-227.941209872977,-2.79595645346457));
#5006=CARTESIAN_POINT('Ctrl Pts',(18.3803810361523,-227.960696335215,-2.75589519282291));
#5007=CARTESIAN_POINT('Ctrl Pts',(18.213413115373,-227.97991875568,-2.71637676269611));
#5008=CARTESIAN_POINT('Ctrl Pts',(18.0455837221997,-227.992155955439,-2.67664993204818));
#5009=CARTESIAN_POINT('Ctrl Pts',(17.8773187735803,-227.997264279892,-2.63681154479603));
#5010=CARTESIAN_POINT('Ctrl Pts',(17.821055140111,-227.998972377134,-2.6234905742864));
#5011=CARTESIAN_POINT('Ctrl Pts',(17.764742804692,-227.999882990504,-2.61015713270986));
#5012=CARTESIAN_POINT('Ctrl Pts',(17.7083977420106,-227.999989437336,-2.59681487759813));
#5013=CARTESIAN_POINT('Ctrl Pts',(17.7047243489143,-227.999996377093,-2.59594503478523));
#5014=CARTESIAN_POINT('Ctrl Pts',(17.7010509443598,-227.999999898394,-2.59507518498833));
#5015=CARTESIAN_POINT('Ctrl Pts',(17.6973775327806,-228.,-2.59420532931419));
#5016=CARTESIAN_POINT('Ctrl Pts',(16.3077209063481,-227.663933419117,-9.72933924084408));
#5017=CARTESIAN_POINT('Ctrl Pts',(16.310114934133,-227.662805607483,-9.73175128875534));
#5018=CARTESIAN_POINT('Ctrl Pts',(16.3125004461757,-227.661676077566,-9.73417121272125));
#5019=CARTESIAN_POINT('Ctrl Pts',(16.3148774778926,-227.660544850835,-9.73659891370058));
#5020=CARTESIAN_POINT('Ctrl Pts',(16.3367759882321,-227.650123374294,-9.75896421687236));
#5021=CARTESIAN_POINT('Ctrl Pts',(16.3579413347988,-227.639564228433,-9.78197577151989));
#5022=CARTESIAN_POINT('Ctrl Pts',(16.3784018972277,-227.628886361299,-9.80554989754694));
#5023=CARTESIAN_POINT('Ctrl Pts',(17.6973782993019,-228.,3.1063787487286));
#5024=CARTESIAN_POINT('Ctrl Pts',(17.6973782067246,-228.,2.07091923031404));
#5025=CARTESIAN_POINT('Ctrl Pts',(17.6973781141473,-228.,1.03545971189947));
#5026=CARTESIAN_POINT('Ctrl Pts',(17.69737802157,-228.,1.93484907123898E-7));
#5027=CARTESIAN_POINT('Ctrl Pts',(18.4353763582725,-228.,3.10637868274644));
#5028=CARTESIAN_POINT('Ctrl Pts',(18.4353762656952,-228.,2.07091916433188));
#5029=CARTESIAN_POINT('Ctrl Pts',(18.435376173118,-228.,1.03545964591732));
#5030=CARTESIAN_POINT('Ctrl Pts',(18.4353760805407,-228.,1.27502739911729E-7));
#5031=CARTESIAN_POINT('Ctrl Pts',(19.1731478548443,-227.862315698935,3.10637861678453));
#5032=CARTESIAN_POINT('Ctrl Pts',(19.173147762267,-227.862315698935,2.07091909836997));
#5033=CARTESIAN_POINT('Ctrl Pts',(19.1731476696898,-227.862315698935,1.03545957995542));
#5034=CARTESIAN_POINT('Ctrl Pts',(19.1731475771125,-227.862315698935,6.15408289562023E-8));
#5035=CARTESIAN_POINT('Ctrl Pts',(19.8614704119759,-227.59613306917,3.10637855524369));
#5036=CARTESIAN_POINT('Ctrl Pts',(19.8614703193986,-227.59613306917,2.07091903682914));
#5037=CARTESIAN_POINT('Ctrl Pts',(19.8614702268213,-227.59613306917,1.0354595184146));
#5038=CARTESIAN_POINT('Ctrl Pts',(19.861470134244,-227.59613306917,-2.36238855491596E-15));
#5039=CARTESIAN_POINT('',(19.861470134244,-227.59613306917,-1.08766453159211E-15));
#5040=CARTESIAN_POINT('Origin',(17.69737802157,-222.,1.93484907123898E-7));
#5041=CARTESIAN_POINT('',(19.8614704119758,-227.59613306917,3.10637855524369));
#5042=CARTESIAN_POINT('Ctrl Pts',(19.861470134244,-227.59613306917,-2.36238855491596E-15));
#5043=CARTESIAN_POINT('Ctrl Pts',(19.8614702268213,-227.59613306917,1.0354595184146));
#5044=CARTESIAN_POINT('Ctrl Pts',(19.8614703193986,-227.59613306917,2.07091903682914));
#5045=CARTESIAN_POINT('Ctrl Pts',(19.8614704119759,-227.59613306917,3.10637855524369));
#5046=CARTESIAN_POINT('Ctrl Pts',(19.8614704119759,-227.59613306917,3.10637855524369));
#5047=CARTESIAN_POINT('Ctrl Pts',(19.7054490217796,-227.656468420138,3.06947351411463));
#5048=CARTESIAN_POINT('Ctrl Pts',(19.5472473587076,-227.710066921742,3.03205370669328));
#5049=CARTESIAN_POINT('Ctrl Pts',(19.3873231969909,-227.756942915815,2.99422029769479));
#5050=CARTESIAN_POINT('Ctrl Pts',(19.2244138250823,-227.804693916478,2.95568067472011));
#5051=CARTESIAN_POINT('Ctrl Pts',(19.0597164110421,-227.845469351096,2.91671186514074));
#5052=CARTESIAN_POINT('Ctrl Pts',(18.8936899341012,-227.879236688787,2.87742080522657));
#5053=CARTESIAN_POINT('Ctrl Pts',(18.7272721771598,-227.913083607061,2.83803714679303));
#5054=CARTESIAN_POINT('Ctrl Pts',(18.5595183638607,-227.939889502656,2.79832971731921));
#5055=CARTESIAN_POINT('Ctrl Pts',(18.3908763166556,-227.959571307407,2.75840621092007));
#5056=CARTESIAN_POINT('Ctrl Pts',(18.2237026558885,-227.979081740334,2.71883032325732));
#5057=CARTESIAN_POINT('Ctrl Pts',(18.0556554522321,-227.991591665998,2.67904210510284));
#5058=CARTESIAN_POINT('Ctrl Pts',(17.8871674889296,-227.996969377721,2.6391464618784));
#5059=CARTESIAN_POINT('Ctrl Pts',(17.8276264331371,-227.998869778364,2.62504795494327));
#5060=CARTESIAN_POINT('Ctrl Pts',(17.7680303536622,-227.99987903278,2.61093603269091));
#5061=CARTESIAN_POINT('Ctrl Pts',(17.7083984995622,-227.999989767329,2.59681532469377));
#5062=CARTESIAN_POINT('Ctrl Pts',(17.7047250928911,-227.999996588734,2.59594546908153));
#5063=CARTESIAN_POINT('Ctrl Pts',(17.7010516760588,-228.,2.59507560988469));
#5064=CARTESIAN_POINT('Ctrl Pts',(17.6973782535101,-228.,2.59420574827874));
#5065=CARTESIAN_POINT('Ctrl Pts',(14.5273726386368,-228.,8.86250747250585));
#5066=CARTESIAN_POINT('Ctrl Pts',(15.6824879963582,-228.,6.59521570766638));
#5067=CARTESIAN_POINT('Ctrl Pts',(16.8307457265084,-228.,4.32442692198294));
#5068=CARTESIAN_POINT('Ctrl Pts',(17.9705297007351,-228.,2.04938935555713));
#5069=CARTESIAN_POINT('Ctrl Pts',(15.1574268552429,-228.,9.18350070023468));
#5070=CARTESIAN_POINT('Ctrl Pts',(16.3479281240603,-228.000060421879,6.93264435533383));
#5071=CARTESIAN_POINT('Ctrl Pts',(17.5354192111674,-227.999882294223,4.67977379087532));
#5072=CARTESIAN_POINT('Ctrl Pts',(18.7176133069095,-228.,2.42367500881029));
#5073=CARTESIAN_POINT('Ctrl Pts',(15.7873179661055,-227.873712864855,9.50441083060827));
#5074=CARTESIAN_POINT('Ctrl Pts',(17.0131537062659,-227.85970929826,7.26996416960167));
#5075=CARTESIAN_POINT('Ctrl Pts',(18.2398359496495,-227.842758027523,5.034990702662));
#5076=CARTESIAN_POINT('Ctrl Pts',(19.4643206641415,-227.822949029148,2.79777216297169));
#5077=CARTESIAN_POINT('Ctrl Pts',(16.3784018972277,-227.628886361299,9.80554989754695));
#5078=CARTESIAN_POINT('Ctrl Pts',(17.6331597728505,-227.588398350553,7.58434428354625));
#5079=CARTESIAN_POINT('Ctrl Pts',(18.8909790230679,-227.540354830724,5.36331989986097));
#5080=CARTESIAN_POINT('Ctrl Pts',(20.1471433147271,-227.483905508906,3.13986335560161));
#5081=CARTESIAN_POINT('',(20.1471433147271,-227.483905508906,3.13986335560161));
#5082=CARTESIAN_POINT('Ctrl Pts',(20.1471433147271,-227.483905508906,3.13986335560161));
#5083=CARTESIAN_POINT('Ctrl Pts',(18.8909790230679,-227.540354830724,5.36331989986097));
#5084=CARTESIAN_POINT('Ctrl Pts',(17.6331597728505,-227.588398350553,7.58434428354625));
#5085=CARTESIAN_POINT('Ctrl Pts',(16.3784018972277,-227.628886361299,9.80554989754695));
#5086=CARTESIAN_POINT('Ctrl Pts',(16.307720906348,-227.663933419117,9.72933924084421));
#5087=CARTESIAN_POINT('Ctrl Pts',(16.1907441416992,-227.719040440939,9.61148201708484));
#5088=CARTESIAN_POINT('Ctrl Pts',(16.072269073902,-227.767406475452,9.49212675484395));
#5089=CARTESIAN_POINT('Ctrl Pts',(15.9526282099927,-227.809032315771,9.37160206364685));
#5090=CARTESIAN_POINT('Ctrl Pts',(15.8310489921827,-227.851332554512,9.24912469927711));
#5091=CARTESIAN_POINT('Ctrl Pts',(15.7082652827123,-227.886672550538,9.12543939597476));
#5092=CARTESIAN_POINT('Ctrl Pts',(15.5846121097351,-227.91500229136,9.00088344878069));
#5093=CARTESIAN_POINT('Ctrl Pts',(15.5733235327961,-227.917588577269,8.98951245554806));
#5094=CARTESIAN_POINT('Ctrl Pts',(15.5620277038834,-227.920116402541,8.9781342029314));
#5095=CARTESIAN_POINT('Ctrl Pts',(15.5507248750384,-227.922585707884,8.96674894590135));
#5096=CARTESIAN_POINT('Ctrl Pts',(15.4269258115538,-227.949631829979,8.84204705249202));
#5097=CARTESIAN_POINT('Ctrl Pts',(15.3024268807838,-227.969631406018,8.71664525163686));
#5098=CARTESIAN_POINT('Ctrl Pts',(15.1775553588375,-227.982526631605,8.59087717757166));
#5099=CARTESIAN_POINT('Ctrl Pts',(15.0674469773207,-227.993897298002,8.47997824028039));
#5100=CARTESIAN_POINT('Ctrl Pts',(14.9570484642909,-227.999743408285,8.3687942896002));
#5101=CARTESIAN_POINT('Ctrl Pts',(14.8465831653062,-227.999991742863,8.25755320130286));
#5102=CARTESIAN_POINT('Ctrl Pts',(14.8441121191867,-227.999997297966,8.25506480121619));
#5103=CARTESIAN_POINT('Ctrl Pts',(14.8416410647396,-228.000000050622,8.25257639795927));
#5104=CARTESIAN_POINT('Ctrl Pts',(14.8391700044746,-228.,8.25008799411273));
#5105=CARTESIAN_POINT('Ctrl Pts',(19.8614535750654,-227.596056055077,3.10637010472019));
#5106=CARTESIAN_POINT('Ctrl Pts',(19.8916809432525,-227.584382880706,3.11352088483412));
#5107=CARTESIAN_POINT('Ctrl Pts',(19.92215047658,-227.572555697822,3.11944243423403));
#5108=CARTESIAN_POINT('Ctrl Pts',(19.9528076996653,-227.560592249399,3.12421663111988));
#5109=CARTESIAN_POINT('Ctrl Pts',(19.9889466093669,-227.546489668056,3.12984448168141));
#5110=CARTESIAN_POINT('Ctrl Pts',(20.0252585834558,-227.532231901055,3.13386431674754));
#5111=CARTESIAN_POINT('Ctrl Pts',(20.0616374571196,-227.517857574913,3.13643133854391));
#5112=CARTESIAN_POINT('Ctrl Pts',(20.090119543033,-227.50660349388,3.13844113510939));
#5113=CARTESIAN_POINT('Ctrl Pts',(20.1186388334489,-227.495279504725,3.13956011469964));
#5114=CARTESIAN_POINT('Ctrl Pts',(20.1471433147271,-227.483905508906,3.13986335560161));
#5115=CARTESIAN_POINT('Ctrl Pts',(13.5145890911683,-228.,8.9123791296757));
#5116=CARTESIAN_POINT('Ctrl Pts',(14.1504965802643,-228.,8.59442542303074));
#5117=CARTESIAN_POINT('Ctrl Pts',(14.7864040693603,-228.,8.27647171638583));
#5118=CARTESIAN_POINT('Ctrl Pts',(15.4223115584563,-228.,7.95851800974087));
#5119=CARTESIAN_POINT('Ctrl Pts',(13.8153627266106,-228.,9.51392647227037));
#5120=CARTESIAN_POINT('Ctrl Pts',(14.4512702157066,-228.,9.19597276562541));
#5121=CARTESIAN_POINT('Ctrl Pts',(15.0871777048027,-228.,8.87801905898051));
#5122=CARTESIAN_POINT('Ctrl Pts',(15.7230851938987,-228.,8.56006535233555));
#5123=CARTESIAN_POINT('Ctrl Pts',(14.1160726049777,-227.885865403933,10.1153463006993));
#5124=CARTESIAN_POINT('Ctrl Pts',(14.7519800940737,-227.885865403933,9.79739259405432));
#5125=CARTESIAN_POINT('Ctrl Pts',(15.3878875831697,-227.885865403933,9.47943888740942));
#5126=CARTESIAN_POINT('Ctrl Pts',(16.0237950722657,-227.885865403933,9.16148518076447));
#5127=CARTESIAN_POINT('Ctrl Pts',(14.4,-227.663941813346,10.6832011584375));
#5128=CARTESIAN_POINT('Ctrl Pts',(15.035907489096,-227.663941813346,10.3652474517926));
#5129=CARTESIAN_POINT('Ctrl Pts',(15.671814978192,-227.663941813346,10.0472937451477));
#5130=CARTESIAN_POINT('Ctrl Pts',(16.307722467288,-227.663941813346,9.7293400385027));
#5131=CARTESIAN_POINT('Ctrl Pts',(-17.9705297007351,-228.,2.04938935555708));
#5132=CARTESIAN_POINT('Ctrl Pts',(-16.8307457265084,-228.,4.32442692198291));
#5133=CARTESIAN_POINT('Ctrl Pts',(-15.6824879963582,-228.,6.59521570766636));
#5134=CARTESIAN_POINT('Ctrl Pts',(-14.5273726386368,-228.,8.86250747250585));
#5135=CARTESIAN_POINT('Ctrl Pts',(-18.7176133069096,-228.,2.42367500881024));
#5136=CARTESIAN_POINT('Ctrl Pts',(-17.5354192111673,-227.999882294223,4.67977379087555));
#5137=CARTESIAN_POINT('Ctrl Pts',(-16.3479281240604,-228.000060421879,6.93264435533369));
#5138=CARTESIAN_POINT('Ctrl Pts',(-15.1574268552429,-228.,9.18350070023468));
#5139=CARTESIAN_POINT('Ctrl Pts',(-19.4643206641415,-227.822949029148,2.79777216297164));
#5140=CARTESIAN_POINT('Ctrl Pts',(-18.2398359496493,-227.842758027523,5.03499070266249));
#5141=CARTESIAN_POINT('Ctrl Pts',(-17.013153706266,-227.85970929826,7.26996416960143));
#5142=CARTESIAN_POINT('Ctrl Pts',(-15.7873179661055,-227.873712864855,9.50441083060827));
#5143=CARTESIAN_POINT('Ctrl Pts',(-20.1471433147272,-227.483905508906,3.13986335560156));
#5144=CARTESIAN_POINT('Ctrl Pts',(-18.8909790230676,-227.540354830724,5.3633198998617));
#5145=CARTESIAN_POINT('Ctrl Pts',(-17.6331597728507,-227.588398350553,7.5843442835459));
#5146=CARTESIAN_POINT('Ctrl Pts',(-16.3784018972277,-227.628886361299,9.80554989754694));
#5147=CARTESIAN_POINT('',(-20.1471433147272,-227.483905508906,3.13986335560156));
#5148=CARTESIAN_POINT('Ctrl Pts',(-16.3784018972277,-227.628886361299,9.80554989754694));
#5149=CARTESIAN_POINT('Ctrl Pts',(-17.6331597728507,-227.588398350553,7.5843442835459));
#5150=CARTESIAN_POINT('Ctrl Pts',(-18.8909790230676,-227.540354830724,5.3633198998617));
#5151=CARTESIAN_POINT('Ctrl Pts',(-20.1471433147272,-227.483905508906,3.13986335560156));
#5152=CARTESIAN_POINT('',(-19.8614704119759,-227.59613306917,3.10637855524365));
#5153=CARTESIAN_POINT('Ctrl Pts',(-20.1471433147272,-227.483905508906,3.13986335560156));
#5154=CARTESIAN_POINT('Ctrl Pts',(-20.1274805119535,-227.491751455456,3.13965417564887));
#5155=CARTESIAN_POINT('Ctrl Pts',(-20.1078109773525,-227.499573497863,3.13905683384682));
#5156=CARTESIAN_POINT('Ctrl Pts',(-20.0881517728881,-227.507365069112,3.13804672643142));
#5157=CARTESIAN_POINT('Ctrl Pts',(-20.066598568424,-227.515907293115,3.13693930361103));
#5158=CARTESIAN_POINT('Ctrl Pts',(-20.0450569167843,-227.524413230808,3.13533570736209));
#5159=CARTESIAN_POINT('Ctrl Pts',(-20.0235492385804,-227.532874498328,3.1332033806148));
#5160=CARTESIAN_POINT('Ctrl Pts',(-19.9802222310866,-227.549919639036,3.12890782922691));
#5161=CARTESIAN_POINT('Ctrl Pts',(-19.9370665907795,-227.566770084413,3.12246994202698));
#5162=CARTESIAN_POINT('Ctrl Pts',(-19.8942567722823,-227.583364393099,3.11363247178029));
#5163=CARTESIAN_POINT('Ctrl Pts',(-19.8832771259639,-227.58762041769,3.11136588198702));
#5164=CARTESIAN_POINT('Ctrl Pts',(-19.8723421498091,-227.591851115838,3.10894597866799));
#5165=CARTESIAN_POINT('Ctrl Pts',(-19.8614535750654,-227.596056055077,3.10637010472017));
#5166=CARTESIAN_POINT('Ctrl Pts',(-19.8614535750654,-227.596056055077,3.10637010472017));
#5167=CARTESIAN_POINT('Ctrl Pts',(-19.7037215406779,-227.656968847074,3.06905603162919));
#5168=CARTESIAN_POINT('Ctrl Pts',(-19.5437689486224,-227.711039642159,3.03120832161501));
#5169=CARTESIAN_POINT('Ctrl Pts',(-19.3820662582308,-227.758265393402,2.99294479942553));
#5170=CARTESIAN_POINT('Ctrl Pts',(-19.2180440637134,-227.806168562717,2.95413241563474));
#5171=CARTESIAN_POINT('Ctrl Pts',(-19.0522206328925,-227.847029224373,2.91489191785544));
#5172=CARTESIAN_POINT('Ctrl Pts',(-18.8850619177611,-227.880798755371,2.87533417055238));
#5173=CARTESIAN_POINT('Ctrl Pts',(-18.7180192249022,-227.91454484746,2.8358038796684));
#5174=CARTESIAN_POINT('Ctrl Pts',(-18.5496424509302,-227.941209872978,2.79595645346404));
#5175=CARTESIAN_POINT('Ctrl Pts',(-18.3803810361502,-227.960696335216,2.75589519282229));
#5176=CARTESIAN_POINT('Ctrl Pts',(-18.2134131153706,-227.97991875568,2.7163767626954));
#5177=CARTESIAN_POINT('Ctrl Pts',(-18.0455837221968,-227.992155955439,2.67664993204739));
#5178=CARTESIAN_POINT('Ctrl Pts',(-17.877318773577,-227.997264279892,2.63681154479519));
#5179=CARTESIAN_POINT('Ctrl Pts',(-17.8210551401088,-227.998972377134,2.62349057428584));
#5180=CARTESIAN_POINT('Ctrl Pts',(-17.7647428046909,-227.999882990504,2.61015713270958));
#5181=CARTESIAN_POINT('Ctrl Pts',(-17.7083977420106,-227.999989437336,2.59681487759813));
#5182=CARTESIAN_POINT('Ctrl Pts',(-17.7047243489143,-227.999996377093,2.59594503478523));
#5183=CARTESIAN_POINT('Ctrl Pts',(-17.7010509443598,-227.999999898394,2.59507518498833));
#5184=CARTESIAN_POINT('Ctrl Pts',(-17.6973775327806,-228.,2.59420532931419));
#5185=CARTESIAN_POINT('Ctrl Pts',(-17.6973782993019,-228.,-3.10637874872855));
#5186=CARTESIAN_POINT('Ctrl Pts',(-17.6973782067246,-228.,-2.07091923031401));
#5187=CARTESIAN_POINT('Ctrl Pts',(-17.6973781141473,-228.,-1.03545971189946));
#5188=CARTESIAN_POINT('Ctrl Pts',(-17.69737802157,-228.,-1.93484907817787E-7));
#5189=CARTESIAN_POINT('Ctrl Pts',(-18.4353763582725,-228.,-3.10637868274639));
#5190=CARTESIAN_POINT('Ctrl Pts',(-18.4353762656953,-228.,-2.07091916433184));
#5191=CARTESIAN_POINT('Ctrl Pts',(-18.435376173118,-228.,-1.0354596459173));
#5192=CARTESIAN_POINT('Ctrl Pts',(-18.4353760805407,-228.,-1.27502740604261E-7));
#5193=CARTESIAN_POINT('Ctrl Pts',(-19.1731478548443,-227.862315698935,-3.10637861678447));
#5194=CARTESIAN_POINT('Ctrl Pts',(-19.173147762267,-227.862315698935,-2.07091909836993));
#5195=CARTESIAN_POINT('Ctrl Pts',(-19.1731476696898,-227.862315698935,-1.03545957995539));
#5196=CARTESIAN_POINT('Ctrl Pts',(-19.1731475771125,-227.862315698935,-6.15408296473772E-8));
#5197=CARTESIAN_POINT('Ctrl Pts',(-19.8614704119759,-227.59613306917,-3.10637855524364));
#5198=CARTESIAN_POINT('Ctrl Pts',(-19.8614703193986,-227.59613306917,-2.0709190368291));
#5199=CARTESIAN_POINT('Ctrl Pts',(-19.8614702268213,-227.59613306917,-1.03545951841457));
#5200=CARTESIAN_POINT('Ctrl Pts',(-19.861470134244,-227.59613306917,1.67247968998174E-15));
#5201=CARTESIAN_POINT('',(-19.861470134244,-227.59613306917,1.04263737054242E-15));
#5202=CARTESIAN_POINT('Origin',(-17.69737802157,-222.,-1.93484908372898E-7));
#5203=CARTESIAN_POINT('',(-19.8614704119759,-227.59613306917,-3.10637855524364));
#5204=CARTESIAN_POINT('Ctrl Pts',(-19.861470134244,-227.59613306917,1.67247968998174E-15));
#5205=CARTESIAN_POINT('Ctrl Pts',(-19.8614702268213,-227.59613306917,-1.03545951841457));
#5206=CARTESIAN_POINT('Ctrl Pts',(-19.8614703193986,-227.59613306917,-2.0709190368291));
#5207=CARTESIAN_POINT('Ctrl Pts',(-19.8614704119759,-227.59613306917,-3.10637855524364));
#5208=CARTESIAN_POINT('Ctrl Pts',(-19.8614704119759,-227.59613306917,-3.10637855524364));
#5209=CARTESIAN_POINT('Ctrl Pts',(-19.7054490217837,-227.656468420137,-3.06947351411556));
#5210=CARTESIAN_POINT('Ctrl Pts',(-19.5472473587161,-227.710066921739,-3.03205370669516));
#5211=CARTESIAN_POINT('Ctrl Pts',(-19.3873231970037,-227.756942915811,-2.99422029769763));
#5212=CARTESIAN_POINT('Ctrl Pts',(-19.2244138250997,-227.804693916473,-2.95568067472393));
#5213=CARTESIAN_POINT('Ctrl Pts',(-19.0597164110641,-227.845469351091,-2.91671186514555));
#5214=CARTESIAN_POINT('Ctrl Pts',(-18.8936899341279,-227.879236688781,-2.8774208052324));
#5215=CARTESIAN_POINT('Ctrl Pts',(-18.7272721771914,-227.913083607055,-2.8380371467999));
#5216=CARTESIAN_POINT('Ctrl Pts',(-18.559518363897,-227.939889502651,-2.79832971732716));
#5217=CARTESIAN_POINT('Ctrl Pts',(-18.3908763166968,-227.959571307402,-2.75840621092918));
#5218=CARTESIAN_POINT('Ctrl Pts',(-18.2237026559345,-227.97908174033,-2.71883032326759));
#5219=CARTESIAN_POINT('Ctrl Pts',(-18.0556554522829,-227.991591665995,-2.67904210511434));
#5220=CARTESIAN_POINT('Ctrl Pts',(-17.8871674889852,-227.996969377719,-2.63914646189125));
#5221=CARTESIAN_POINT('Ctrl Pts',(-17.8276264331742,-227.998869778363,-2.62504795495181));
#5222=CARTESIAN_POINT('Ctrl Pts',(-17.7680303536808,-227.99987903278,-2.61093603269515));
#5223=CARTESIAN_POINT('Ctrl Pts',(-17.7083984995622,-227.999989767329,-2.59681532469372));
#5224=CARTESIAN_POINT('Ctrl Pts',(-17.7047250928911,-227.999996588734,-2.59594546908149));
#5225=CARTESIAN_POINT('Ctrl Pts',(-17.7010516760588,-228.,-2.59507560988463));
#5226=CARTESIAN_POINT('Ctrl Pts',(-17.6973782535101,-228.,-2.59420574827868));
#5227=CARTESIAN_POINT('Ctrl Pts',(-17.69737802157,-228.,-1.93484908095343E-7));
#5228=CARTESIAN_POINT('Ctrl Pts',(-17.6973781141473,-228.,1.03545945391958));
#5229=CARTESIAN_POINT('Ctrl Pts',(-17.6973782067246,-228.,2.07091910132407));
#5230=CARTESIAN_POINT('Ctrl Pts',(-17.6973782993019,-228.,3.10637874872856));
#5231=CARTESIAN_POINT('Ctrl Pts',(-18.4353760805406,-228.,-2.59467075312019E-7));
#5232=CARTESIAN_POINT('Ctrl Pts',(-18.4353761731179,-228.,1.03545938793742));
#5233=CARTESIAN_POINT('Ctrl Pts',(-18.4353762656952,-228.,2.07091903534191));
#5234=CARTESIAN_POINT('Ctrl Pts',(-18.4353763582725,-228.,3.1063786827464));
#5235=CARTESIAN_POINT('Ctrl Pts',(-19.1731475771124,-227.862315698935,-3.25428986272053E-7));
#5236=CARTESIAN_POINT('Ctrl Pts',(-19.1731476696897,-227.862315698935,1.0354593219755));
#5237=CARTESIAN_POINT('Ctrl Pts',(-19.173147762267,-227.862315698935,2.07091896937999));
#5238=CARTESIAN_POINT('Ctrl Pts',(-19.1731478548443,-227.862315698935,3.10637861678448));
#5239=CARTESIAN_POINT('Ctrl Pts',(-19.8614701342439,-227.59613306917,-3.86969817594848E-7));
#5240=CARTESIAN_POINT('Ctrl Pts',(-19.8614702268212,-227.59613306917,1.03545926043467));
#5241=CARTESIAN_POINT('Ctrl Pts',(-19.8614703193985,-227.59613306917,2.07091890783916));
#5242=CARTESIAN_POINT('Ctrl Pts',(-19.8614704119759,-227.59613306917,3.10637855524365));
#5243=CARTESIAN_POINT('Ctrl Pts',(-19.8614704119759,-227.59613306917,3.10637855524365));
#5244=CARTESIAN_POINT('Ctrl Pts',(-19.8614703193986,-227.59613306917,2.0709190368291));
#5245=CARTESIAN_POINT('Ctrl Pts',(-19.8614702268212,-227.59613306917,1.03545951841455));
#5246=CARTESIAN_POINT('Ctrl Pts',(-19.8614701342439,-227.59613306917,1.8180694798136E-15));
#5247=CARTESIAN_POINT('Ctrl Pts',(-14.5273726386368,-228.,-8.86250747250586));
#5248=CARTESIAN_POINT('Ctrl Pts',(-15.6824879963582,-228.,-6.59521570766637));
#5249=CARTESIAN_POINT('Ctrl Pts',(-16.8307457265084,-228.,-4.32442692198291));
#5250=CARTESIAN_POINT('Ctrl Pts',(-17.9705297007351,-228.,-2.04938935555708));
#5251=CARTESIAN_POINT('Ctrl Pts',(-15.1574268552429,-228.,-9.1835007002347));
#5252=CARTESIAN_POINT('Ctrl Pts',(-16.3479281240604,-228.000060421879,-6.93264435533368));
#5253=CARTESIAN_POINT('Ctrl Pts',(-17.5354192111673,-227.999882294223,-4.67977379087539));
#5254=CARTESIAN_POINT('Ctrl Pts',(-18.7176133069095,-228.,-2.42367500881024));
#5255=CARTESIAN_POINT('Ctrl Pts',(-15.7873179661056,-227.873712864855,-9.50441083060829));
#5256=CARTESIAN_POINT('Ctrl Pts',(-17.013153706266,-227.85970929826,-7.26996416960139));
#5257=CARTESIAN_POINT('Ctrl Pts',(-18.2398359496494,-227.842758027523,-5.03499070266217));
#5258=CARTESIAN_POINT('Ctrl Pts',(-19.4643206641415,-227.822949029148,-2.79777216297164));
#5259=CARTESIAN_POINT('Ctrl Pts',(-16.3784018972277,-227.628886361299,-9.80554989754696));
#5260=CARTESIAN_POINT('Ctrl Pts',(-17.6331597728508,-227.588398350553,-7.58434428354584));
#5261=CARTESIAN_POINT('Ctrl Pts',(-18.8909790230678,-227.540354830724,-5.36331989986123));
#5262=CARTESIAN_POINT('Ctrl Pts',(-20.1471433147271,-227.483905508906,-3.13986335560156));
#5263=CARTESIAN_POINT('',(-20.1471433147271,-227.483905508906,-3.13986335560157));
#5264=CARTESIAN_POINT('Ctrl Pts',(-19.8614535750654,-227.596056055077,-3.10637010472015));
#5265=CARTESIAN_POINT('Ctrl Pts',(-19.8916809432532,-227.584382880706,-3.11352088483412));
#5266=CARTESIAN_POINT('Ctrl Pts',(-19.922150476581,-227.572555697822,-3.11944243423386));
#5267=CARTESIAN_POINT('Ctrl Pts',(-19.9528076996656,-227.560592249399,-3.12421663111961));
#5268=CARTESIAN_POINT('Ctrl Pts',(-19.9889466093651,-227.546489668057,-3.12984448168082));
#5269=CARTESIAN_POINT('Ctrl Pts',(-20.0252585834515,-227.532231901056,-3.13386431674712));
#5270=CARTESIAN_POINT('Ctrl Pts',(-20.0616374571198,-227.517857574913,-3.1364313385438));
#5271=CARTESIAN_POINT('Ctrl Pts',(-20.0901195430263,-227.506603493883,-3.13844113510879));
#5272=CARTESIAN_POINT('Ctrl Pts',(-20.1186388334342,-227.495279504731,-3.13956011469956));
#5273=CARTESIAN_POINT('Ctrl Pts',(-20.1471433147271,-227.483905508906,-3.13986335560157));
#5274=CARTESIAN_POINT('Ctrl Pts',(-20.1471433147271,-227.483905508906,-3.13986335560156));
#5275=CARTESIAN_POINT('Ctrl Pts',(-18.8909790230678,-227.540354830724,-5.36331989986123));
#5276=CARTESIAN_POINT('Ctrl Pts',(-17.6331597728508,-227.588398350553,-7.58434428354584));
#5277=CARTESIAN_POINT('Ctrl Pts',(-16.3784018972277,-227.628886361299,-9.80554989754696));
#5278=CARTESIAN_POINT('Ctrl Pts',(17.69737802157,-228.,1.93484896993112E-7));
#5279=CARTESIAN_POINT('Ctrl Pts',(17.6973781141473,-228.,-1.0354594539196));
#5280=CARTESIAN_POINT('Ctrl Pts',(17.6973782067246,-228.,-2.07091910132408));
#5281=CARTESIAN_POINT('Ctrl Pts',(17.6973782993019,-228.,-3.10637874872858));
#5282=CARTESIAN_POINT('Ctrl Pts',(18.4353760805406,-228.,2.59467064211376E-7));
#5283=CARTESIAN_POINT('Ctrl Pts',(18.4353761731179,-228.,-1.03545938793743));
#5284=CARTESIAN_POINT('Ctrl Pts',(18.4353762656952,-228.,-2.07091903534192));
#5285=CARTESIAN_POINT('Ctrl Pts',(18.4353763582725,-228.,-3.10637868274641));
#5286=CARTESIAN_POINT('Ctrl Pts',(19.1731475771124,-227.862315698935,3.25428975427764E-7));
#5287=CARTESIAN_POINT('Ctrl Pts',(19.1731476696897,-227.862315698935,-1.03545932197552));
#5288=CARTESIAN_POINT('Ctrl Pts',(19.173147762267,-227.862315698935,-2.07091896938001));
#5289=CARTESIAN_POINT('Ctrl Pts',(19.1731478548443,-227.862315698935,-3.1063786167845));
#5290=CARTESIAN_POINT('Ctrl Pts',(19.8614701342439,-227.59613306917,3.86969807244577E-7));
#5291=CARTESIAN_POINT('Ctrl Pts',(19.8614702268212,-227.59613306917,-1.03545926043469));
#5292=CARTESIAN_POINT('Ctrl Pts',(19.8614703193985,-227.59613306917,-2.07091890783918));
#5293=CARTESIAN_POINT('Ctrl Pts',(19.8614704119759,-227.59613306917,-3.10637855524367));
#5294=CARTESIAN_POINT('Ctrl Pts',(19.8614704119759,-227.59613306917,-3.10637855524367));
#5295=CARTESIAN_POINT('Ctrl Pts',(19.8614703193986,-227.59613306917,-2.07091903682911));
#5296=CARTESIAN_POINT('Ctrl Pts',(19.8614702268212,-227.59613306917,-1.03545951841456));
#5297=CARTESIAN_POINT('Ctrl Pts',(19.8614701342439,-227.59613306917,-7.15121697934772E-15));
#5298=CARTESIAN_POINT('Ctrl Pts',(24.2500004656613,-220.,18.8750003259629));
#5299=CARTESIAN_POINT('Ctrl Pts',(24.2500004656613,-220.254753784017,18.8750003259629));
#5300=CARTESIAN_POINT('Ctrl Pts',(21.6261342761834,-224.890223174818,15.8518501831576));
#5301=CARTESIAN_POINT('Ctrl Pts',(16.3784018972277,-227.628886361299,9.80554989754693));
#5302=CARTESIAN_POINT('Ctrl Pts',(26.3333337406318,-220.,13.6666671385367));
#5303=CARTESIAN_POINT('Ctrl Pts',(26.3333337406318,-220.254753784017,13.6666671385367));
#5304=CARTESIAN_POINT('Ctrl Pts',(23.392575530316,-224.890223174818,11.6385579555475));
#5305=CARTESIAN_POINT('Ctrl Pts',(17.5110591096846,-227.628886361299,7.58233958956919));
#5306=CARTESIAN_POINT('Ctrl Pts',(28.4166670156022,-220.,8.45833395111054));
#5307=CARTESIAN_POINT('Ctrl Pts',(28.4166670156022,-220.254753784017,8.45833395111054));
#5308=CARTESIAN_POINT('Ctrl Pts',(25.1590167844487,-224.890223174818,7.42526572793752));
#5309=CARTESIAN_POINT('Ctrl Pts',(18.6437163221415,-227.628886361299,5.35912928159145));
#5310=CARTESIAN_POINT('Ctrl Pts',(30.5000002905727,-220.,3.25000076368437));
#5311=CARTESIAN_POINT('Ctrl Pts',(30.5000002905727,-220.254753784017,3.25000076368437));
#5312=CARTESIAN_POINT('Ctrl Pts',(26.9254580385813,-224.890223174818,3.21197350032748));
#5313=CARTESIAN_POINT('Ctrl Pts',(19.7763735345984,-227.628886361299,3.13591897361372));
#5314=CARTESIAN_POINT('Ctrl Pts',(30.5000002905727,-220.,3.25000076368437));
#5315=CARTESIAN_POINT('Ctrl Pts',(30.5000002905727,-220.250310983094,3.25000076368437));
#5316=CARTESIAN_POINT('Ctrl Pts',(27.0490479652908,-224.729874173575,3.21328829432345));
#5317=CARTESIAN_POINT('Ctrl Pts',(20.1471433147271,-227.483905508906,3.13986335560161));
#5318=CARTESIAN_POINT('',(30.5000002905727,-220.,3.25000076368437));
#5319=CARTESIAN_POINT('Ctrl Pts',(30.5000002905727,-220.,3.25000076368437));
#5320=CARTESIAN_POINT('Ctrl Pts',(30.5000002905727,-220.253740976881,3.25000076368437));
#5321=CARTESIAN_POINT('Ctrl Pts',(26.9538236652811,-224.853434579772,3.21227526404456));
#5322=CARTESIAN_POINT('Ctrl Pts',(19.8614704146979,-227.59613306917,3.13682426476494));
#5323=CARTESIAN_POINT('Ctrl Pts',(30.5000001937151,-220.,2.16666717578958));
#5324=CARTESIAN_POINT('Ctrl Pts',(30.5000001937151,-220.253740976881,2.16666717578958));
#5325=CARTESIAN_POINT('Ctrl Pts',(26.9538235695478,-224.853434579772,2.14151684269637));
#5326=CARTESIAN_POINT('Ctrl Pts',(19.8614703212133,-227.59613306917,2.09121617650996));
#5327=CARTESIAN_POINT('Ctrl Pts',(30.5000000968576,-220.,1.08333358789479));
#5328=CARTESIAN_POINT('Ctrl Pts',(30.5000000968576,-220.253740976881,1.08333358789479));
#5329=CARTESIAN_POINT('Ctrl Pts',(26.9538234738146,-224.853434579772,1.07075842134819));
#5330=CARTESIAN_POINT('Ctrl Pts',(19.8614702277286,-227.59613306917,1.04560808825498));
#5331=CARTESIAN_POINT('Ctrl Pts',(30.5,-220.,0.));
#5332=CARTESIAN_POINT('Ctrl Pts',(30.5,-220.253740976881,0.));
#5333=CARTESIAN_POINT('Ctrl Pts',(26.9538233780813,-224.853434579772,3.35067824258857E-16));
#5334=CARTESIAN_POINT('Ctrl Pts',(19.861470134244,-227.59613306917,1.00520347277657E-15));
#5335=CARTESIAN_POINT('Ctrl Pts',(30.5,-220.,0.));
#5336=CARTESIAN_POINT('Ctrl Pts',(30.5,-220.253740976881,0.));
#5337=CARTESIAN_POINT('Ctrl Pts',(26.9538233780813,-224.853434579772,-1.172737384906E-15));
#5338=CARTESIAN_POINT('Ctrl Pts',(19.861470134244,-227.59613306917,-6.48772404324622E-16));
#5339=CARTESIAN_POINT('Ctrl Pts',(30.5,-220.,0.));
#5340=CARTESIAN_POINT('Ctrl Pts',(30.5,-220.253740976881,0.));
#5341=CARTESIAN_POINT('Ctrl Pts',(26.9538233780813,-224.853434579772,-1.172737384906E-15));
#5342=CARTESIAN_POINT('Ctrl Pts',(19.861470134244,-227.59613306917,-6.48772404324621E-16));
#5343=CARTESIAN_POINT('Ctrl Pts',(30.5000000968576,-220.,-1.08333358789473));
#5344=CARTESIAN_POINT('Ctrl Pts',(30.5000000968576,-220.253740976881,-1.08333358789473));
#5345=CARTESIAN_POINT('Ctrl Pts',(26.9538234738146,-224.853434579772,-1.07075842134815));
#5346=CARTESIAN_POINT('Ctrl Pts',(19.8614702277286,-227.59613306917,-1.04560808825497));
#5347=CARTESIAN_POINT('Ctrl Pts',(30.5000001937151,-220.,-2.16666717578946));
#5348=CARTESIAN_POINT('Ctrl Pts',(30.5000001937151,-220.253740976881,-2.16666717578946));
#5349=CARTESIAN_POINT('Ctrl Pts',(26.9538235695479,-224.853434579772,-2.14151684269629));
#5350=CARTESIAN_POINT('Ctrl Pts',(19.8614703212133,-227.59613306917,-2.09121617650995));
#5351=CARTESIAN_POINT('Ctrl Pts',(30.5000002905727,-220.,-3.25000076368419));
#5352=CARTESIAN_POINT('Ctrl Pts',(30.5000002905727,-220.253740976881,-3.25000076368419));
#5353=CARTESIAN_POINT('Ctrl Pts',(26.9538236652811,-224.853434579772,-3.21227526404443));
#5354=CARTESIAN_POINT('Ctrl Pts',(19.8614704146979,-227.59613306917,-3.13682426476492));
#5355=CARTESIAN_POINT('Ctrl Pts',(30.5000002905727,-220.,-3.25000076368419));
#5356=CARTESIAN_POINT('Ctrl Pts',(30.5000002905727,-220.250310983094,-3.25000076368419));
#5357=CARTESIAN_POINT('Ctrl Pts',(27.0490479652908,-224.729874173575,-3.21328829432332));
#5358=CARTESIAN_POINT('Ctrl Pts',(20.1471433147271,-227.483905508906,-3.13986335560159));
#5359=CARTESIAN_POINT('Ctrl Pts',(30.5000002905727,-220.,-3.25000076368419));
#5360=CARTESIAN_POINT('Ctrl Pts',(30.5000002905727,-220.254753784017,-3.25000076368419));
#5361=CARTESIAN_POINT('Ctrl Pts',(26.9254580385813,-224.890223174818,-3.21197350032736));
#5362=CARTESIAN_POINT('Ctrl Pts',(19.7763735345984,-227.628886361299,-3.1359189736137));
#5363=CARTESIAN_POINT('Ctrl Pts',(28.4166670156022,-220.,-8.45833395111043));
#5364=CARTESIAN_POINT('Ctrl Pts',(28.4166670156022,-220.254753784017,-8.45833395111043));
#5365=CARTESIAN_POINT('Ctrl Pts',(25.1590167844487,-224.890223174818,-7.42526572793743));
#5366=CARTESIAN_POINT('Ctrl Pts',(18.6437163221415,-227.628886361299,-5.35912928159144));
#5367=CARTESIAN_POINT('Ctrl Pts',(26.3333337406318,-220.,-13.6666671385367));
#5368=CARTESIAN_POINT('Ctrl Pts',(26.3333337406318,-220.254753784017,-13.6666671385367));
#5369=CARTESIAN_POINT('Ctrl Pts',(23.392575530316,-224.890223174818,-11.6385579555475));
#5370=CARTESIAN_POINT('Ctrl Pts',(17.5110591096846,-227.628886361299,-7.58233958956918));
#5371=CARTESIAN_POINT('Ctrl Pts',(24.2500004656613,-220.,-18.8750003259629));
#5372=CARTESIAN_POINT('Ctrl Pts',(24.2500004656613,-220.254753784017,-18.8750003259629));
#5373=CARTESIAN_POINT('Ctrl Pts',(21.6261342761834,-224.890223174818,-15.8518501831576));
#5374=CARTESIAN_POINT('Ctrl Pts',(16.3784018972277,-227.628886361299,-9.80554989754692));
#5375=CARTESIAN_POINT('Ctrl Pts',(24.2500004656613,-220.,-18.8750003259629));
#5376=CARTESIAN_POINT('Ctrl Pts',(24.2500004656613,-220.254753784017,-18.8750003259629));
#5377=CARTESIAN_POINT('Ctrl Pts',(21.6261342761834,-224.890223174818,-15.8518501831576));
#5378=CARTESIAN_POINT('Ctrl Pts',(16.3784018972277,-227.628886361299,-9.80554989754694));
#5379=CARTESIAN_POINT('Ctrl Pts',(24.2500004656613,-220.,-18.8750003259629));
#5380=CARTESIAN_POINT('Ctrl Pts',(24.2500004656613,-220.255843997587,-18.8750003259629));
#5381=CARTESIAN_POINT('Ctrl Pts',(21.6036286602453,-224.92997819451,-15.8259197998514));
#5382=CARTESIAN_POINT('Ctrl Pts',(16.3108850494133,-227.663941813346,-9.72775874762845));
#5383=CARTESIAN_POINT('Ctrl Pts',(22.1666671012839,-220.,-19.9166668839753));
#5384=CARTESIAN_POINT('Ctrl Pts',(22.1666671012839,-220.255843997587,-19.9166668839753));
#5385=CARTESIAN_POINT('Ctrl Pts',(19.8399054134297,-224.92997819451,-16.7077813181331));
#5386=CARTESIAN_POINT('Ctrl Pts',(15.1863820377212,-227.663941813346,-10.2900101864489));
#5387=CARTESIAN_POINT('Ctrl Pts',(20.0833337369064,-220.,-20.9583334419876));
#5388=CARTESIAN_POINT('Ctrl Pts',(20.0833337369064,-220.255843997587,-20.9583334419876));
#5389=CARTESIAN_POINT('Ctrl Pts',(18.076182166614,-224.92997819451,-17.5896428364149));
#5390=CARTESIAN_POINT('Ctrl Pts',(14.0618790260292,-227.663941813346,-10.8522616252693));
#5391=CARTESIAN_POINT('Ctrl Pts',(18.000000372529,-220.,-22.));
#5392=CARTESIAN_POINT('Ctrl Pts',(18.000000372529,-220.255843997587,-22.));
#5393=CARTESIAN_POINT('Ctrl Pts',(16.3124589197984,-224.92997819451,-18.4715043546966));
#5394=CARTESIAN_POINT('Ctrl Pts',(12.9373760143371,-227.663941813346,-11.4145130640897));
#5395=CARTESIAN_POINT('',(24.2500004656613,-220.,-18.8750003259629));
#5396=CARTESIAN_POINT('Ctrl Pts',(-14.4,-220.,-22.));
#5397=CARTESIAN_POINT('Ctrl Pts',(-14.4,-220.215743963498,-22.));
#5398=CARTESIAN_POINT('Ctrl Pts',(-13.4399999205271,-223.573306327528,-19.4909089162412));
#5399=CARTESIAN_POINT('Ctrl Pts',(-11.5199997615814,-226.259902599037,-14.4727267487236));
#5400=CARTESIAN_POINT('Ctrl Pts',(-15.6000001241763,-220.,-22.));
#5401=CARTESIAN_POINT('Ctrl Pts',(-15.6000001241763,-220.215743963498,-22.));
#5402=CARTESIAN_POINT('Ctrl Pts',(-14.5600000298023,-223.573306327528,-19.4909089162412));
#5403=CARTESIAN_POINT('Ctrl Pts',(-12.4799998410543,-226.259902599037,-14.4727267487236));
#5404=CARTESIAN_POINT('Ctrl Pts',(-16.8000002483527,-220.,-22.));
#5405=CARTESIAN_POINT('Ctrl Pts',(-16.8000002483527,-220.215743963498,-22.));
#5406=CARTESIAN_POINT('Ctrl Pts',(-15.6800001390775,-223.573306327528,-19.4909089162412));
#5407=CARTESIAN_POINT('Ctrl Pts',(-13.4399999205271,-226.259902599037,-14.4727267487236));
#5408=CARTESIAN_POINT('Ctrl Pts',(-18.000000372529,-220.,-22.));
#5409=CARTESIAN_POINT('Ctrl Pts',(-18.000000372529,-220.215743963498,-22.));
#5410=CARTESIAN_POINT('Ctrl Pts',(-16.8000002483527,-223.573306327528,-19.4909089162412));
#5411=CARTESIAN_POINT('Ctrl Pts',(-14.4,-226.259902599037,-14.4727267487236));
#5412=CARTESIAN_POINT('',(0.,-220.,-22.));
#5413=CARTESIAN_POINT('Ctrl Pts',(-24.2500004656613,-220.,-18.8750003259629));
#5414=CARTESIAN_POINT('Ctrl Pts',(-24.2500004656613,-220.254753784017,-18.8750003259629));
#5415=CARTESIAN_POINT('Ctrl Pts',(-21.6261342761834,-224.890223174818,-15.8518501831576));
#5416=CARTESIAN_POINT('Ctrl Pts',(-16.3784018972276,-227.628886361299,-9.80554989754692));
#5417=CARTESIAN_POINT('Ctrl Pts',(-26.3333337406318,-220.,-13.6666671385366));
#5418=CARTESIAN_POINT('Ctrl Pts',(-26.3333337406318,-220.254753784017,-13.6666671385366));
#5419=CARTESIAN_POINT('Ctrl Pts',(-23.392575530316,-224.890223174818,-11.6385579555474));
#5420=CARTESIAN_POINT('Ctrl Pts',(-17.5110591096845,-227.628886361299,-7.58233958956917));
#5421=CARTESIAN_POINT('Ctrl Pts',(-28.4166670156022,-220.,-8.45833395111027));
#5422=CARTESIAN_POINT('Ctrl Pts',(-28.4166670156022,-220.254753784017,-8.45833395111027));
#5423=CARTESIAN_POINT('Ctrl Pts',(-25.1590167844486,-224.890223174818,-7.42526572793732));
#5424=CARTESIAN_POINT('Ctrl Pts',(-18.6437163221414,-227.628886361299,-5.35912928159143));
#5425=CARTESIAN_POINT('Ctrl Pts',(-30.5000002905727,-220.,-3.25000076368396));
#5426=CARTESIAN_POINT('Ctrl Pts',(-30.5000002905727,-220.254753784017,-3.25000076368396));
#5427=CARTESIAN_POINT('Ctrl Pts',(-26.9254580385813,-224.890223174818,-3.2119735003272));
#5428=CARTESIAN_POINT('Ctrl Pts',(-19.7763735345983,-227.628886361299,-3.13591897361368));
#5429=CARTESIAN_POINT('Ctrl Pts',(-30.5000002905727,-220.,-3.25000076368395));
#5430=CARTESIAN_POINT('Ctrl Pts',(-30.5000002905727,-220.250310983094,-3.25000076368395));
#5431=CARTESIAN_POINT('Ctrl Pts',(-27.0490479652908,-224.729874173575,-3.21328829432316));
#5432=CARTESIAN_POINT('Ctrl Pts',(-20.1471433147271,-227.483905508906,-3.13986335560156));
#5433=CARTESIAN_POINT('',(-30.5000002905727,-220.,-3.25000076368395));
#5434=CARTESIAN_POINT('Ctrl Pts',(-30.5000002905727,-220.,-3.25000076368395));
#5435=CARTESIAN_POINT('Ctrl Pts',(-30.5000002905727,-220.253740976881,-3.25000076368395));
#5436=CARTESIAN_POINT('Ctrl Pts',(-26.9538236652811,-224.853434579772,-3.21227526404427));
#5437=CARTESIAN_POINT('Ctrl Pts',(-19.8614704146979,-227.59613306917,-3.1368242647649));
#5438=CARTESIAN_POINT('Ctrl Pts',(-30.5000001937151,-220.,-2.1666671757893));
#5439=CARTESIAN_POINT('Ctrl Pts',(-30.5000001937151,-220.253740976881,-2.1666671757893));
#5440=CARTESIAN_POINT('Ctrl Pts',(-26.9538235695478,-224.853434579772,-2.14151684269618));
#5441=CARTESIAN_POINT('Ctrl Pts',(-19.8614703212133,-227.59613306917,-2.09121617650993));
#5442=CARTESIAN_POINT('Ctrl Pts',(-30.5000000968576,-220.,-1.08333358789465));
#5443=CARTESIAN_POINT('Ctrl Pts',(-30.5000000968576,-220.253740976881,-1.08333358789465));
#5444=CARTESIAN_POINT('Ctrl Pts',(-26.9538234738146,-224.853434579772,-1.07075842134809));
#5445=CARTESIAN_POINT('Ctrl Pts',(-19.8614702277286,-227.59613306917,-1.04560808825497));
#5446=CARTESIAN_POINT('Ctrl Pts',(-30.5,-220.,5.55111512312578E-16));
#5447=CARTESIAN_POINT('Ctrl Pts',(-30.5,-220.253740976881,5.55111512312578E-16));
#5448=CARTESIAN_POINT('Ctrl Pts',(-26.9538233780813,-224.853434579772,5.25097759242923E-17));
#5449=CARTESIAN_POINT('Ctrl Pts',(-19.861470134244,-227.59613306917,-9.5269369685228E-16));
#5450=CARTESIAN_POINT('Ctrl Pts',(-30.5,-220.,0.));
#5451=CARTESIAN_POINT('Ctrl Pts',(-30.5,-220.253740976881,0.));
#5452=CARTESIAN_POINT('Ctrl Pts',(-26.9538233780813,-224.853434579772,1.50780520916486E-15));
#5453=CARTESIAN_POINT('Ctrl Pts',(-19.861470134244,-227.59613306917,6.97495960303402E-16));
#5454=CARTESIAN_POINT('Ctrl Pts',(-30.5,-220.,0.));
#5455=CARTESIAN_POINT('Ctrl Pts',(-30.5,-220.253740976881,0.));
#5456=CARTESIAN_POINT('Ctrl Pts',(-26.9538233780813,-224.853434579772,1.50780520916486E-15));
#5457=CARTESIAN_POINT('Ctrl Pts',(-19.861470134244,-227.59613306917,6.97495960303399E-16));
#5458=CARTESIAN_POINT('Ctrl Pts',(-30.5000000968576,-220.,1.08333358789466));
#5459=CARTESIAN_POINT('Ctrl Pts',(-30.5000000968576,-220.253740976881,1.08333358789466));
#5460=CARTESIAN_POINT('Ctrl Pts',(-26.9538234738146,-224.853434579772,1.0707584213481));
#5461=CARTESIAN_POINT('Ctrl Pts',(-19.8614702277286,-227.59613306917,1.04560808825497));
#5462=CARTESIAN_POINT('Ctrl Pts',(-30.5000001937151,-220.,2.16666717578933));
#5463=CARTESIAN_POINT('Ctrl Pts',(-30.5000001937151,-220.253740976881,2.16666717578933));
#5464=CARTESIAN_POINT('Ctrl Pts',(-26.9538235695479,-224.853434579772,2.1415168426962));
#5465=CARTESIAN_POINT('Ctrl Pts',(-19.8614703212133,-227.59613306917,2.09121617650993));
#5466=CARTESIAN_POINT('Ctrl Pts',(-30.5000002905727,-220.,3.25000076368399));
#5467=CARTESIAN_POINT('Ctrl Pts',(-30.5000002905727,-220.253740976881,3.25000076368399));
#5468=CARTESIAN_POINT('Ctrl Pts',(-26.9538236652811,-224.853434579772,3.21227526404429));
#5469=CARTESIAN_POINT('Ctrl Pts',(-19.8614704146979,-227.59613306917,3.1368242647649));
#5470=CARTESIAN_POINT('Ctrl Pts',(-30.5000002905727,-220.,3.25000076368399));
#5471=CARTESIAN_POINT('Ctrl Pts',(-30.5000002905727,-220.250310983094,3.25000076368399));
#5472=CARTESIAN_POINT('Ctrl Pts',(-27.0490479652909,-224.729874173575,3.21328829432318));
#5473=CARTESIAN_POINT('Ctrl Pts',(-20.1471433147272,-227.483905508906,3.13986335560157));
#5474=CARTESIAN_POINT('Ctrl Pts',(-30.5000002905727,-220.,3.25000076368399));
#5475=CARTESIAN_POINT('Ctrl Pts',(-30.5000002905727,-220.254753784017,3.25000076368399));
#5476=CARTESIAN_POINT('Ctrl Pts',(-26.9254580385813,-224.890223174818,3.21197350032722));
#5477=CARTESIAN_POINT('Ctrl Pts',(-19.7763735345983,-227.628886361299,3.13591897361368));
#5478=CARTESIAN_POINT('Ctrl Pts',(-28.4166670156022,-220.,8.45833395111029));
#5479=CARTESIAN_POINT('Ctrl Pts',(-28.4166670156022,-220.254753784017,8.45833395111029));
#5480=CARTESIAN_POINT('Ctrl Pts',(-25.1590167844486,-224.890223174818,7.42526572793734));
#5481=CARTESIAN_POINT('Ctrl Pts',(-18.6437163221414,-227.628886361299,5.35912928159143));
#5482=CARTESIAN_POINT('Ctrl Pts',(-26.3333337406318,-220.,13.6666671385366));
#5483=CARTESIAN_POINT('Ctrl Pts',(-26.3333337406318,-220.254753784017,13.6666671385366));
#5484=CARTESIAN_POINT('Ctrl Pts',(-23.392575530316,-224.890223174818,11.6385579555475));
#5485=CARTESIAN_POINT('Ctrl Pts',(-17.5110591096845,-227.628886361299,7.58233958956917));
#5486=CARTESIAN_POINT('Ctrl Pts',(-24.2500004656613,-220.,18.8750003259629));
#5487=CARTESIAN_POINT('Ctrl Pts',(-24.2500004656613,-220.254753784017,18.8750003259629));
#5488=CARTESIAN_POINT('Ctrl Pts',(-21.6261342761834,-224.890223174818,15.8518501831576));
#5489=CARTESIAN_POINT('Ctrl Pts',(-16.3784018972276,-227.628886361299,9.80554989754692));
#5490=CARTESIAN_POINT('',(-30.5000002905727,-220.,3.25000076368399));
#5491=CARTESIAN_POINT('Ctrl Pts',(33.7821628223932,-182.988767624997,-24.8441699647518));
#5492=CARTESIAN_POINT('Ctrl Pts',(30.9703934740773,-195.219339702613,-23.0834017783611));
#5493=CARTESIAN_POINT('Ctrl Pts',(27.7930060218333,-207.339476909236,-21.0936785654314));
#5494=CARTESIAN_POINT('Ctrl Pts',(24.2500004656613,-220.,-18.8750003259629));
#5495=CARTESIAN_POINT('Ctrl Pts',(31.2361031281447,-182.992511749998,-26.1171996601191));
#5496=CARTESIAN_POINT('Ctrl Pts',(28.5608274380669,-195.222484924011,-24.2881846527449));
#5497=CARTESIAN_POINT('Ctrl Pts',(25.5376820957799,-207.341458497252,-22.2213403940303));
#5498=CARTESIAN_POINT('Ctrl Pts',(22.1666671012839,-220.,-19.9166668839753));
#5499=CARTESIAN_POINT('Ctrl Pts',(28.6900434338962,-182.996255874999,-27.3902293554864));
#5500=CARTESIAN_POINT('Ctrl Pts',(26.1512614020565,-195.225630145409,-25.4929675271288));
#5501=CARTESIAN_POINT('Ctrl Pts',(23.2823581697266,-207.343440085268,-23.3490022226292));
#5502=CARTESIAN_POINT('Ctrl Pts',(20.0833337369064,-220.,-20.9583334419876));
#5503=CARTESIAN_POINT('Ctrl Pts',(26.1439837396476,-183.,-28.6632590508537));
#5504=CARTESIAN_POINT('Ctrl Pts',(23.7416953660461,-195.228775366807,-26.6977504015127));
#5505=CARTESIAN_POINT('Ctrl Pts',(21.0270342436733,-207.345421673284,-24.4766640512281));
#5506=CARTESIAN_POINT('Ctrl Pts',(18.000000372529,-220.,-22.));
#5507=CARTESIAN_POINT('Ctrl Pts',(26.1439837396476,-183.,-28.6632590508537));
#5508=CARTESIAN_POINT('Ctrl Pts',(23.7416953660461,-195.228775366807,-26.6977504015127));
#5509=CARTESIAN_POINT('Ctrl Pts',(21.0270342436733,-207.345421673284,-24.4766640512281));
#5510=CARTESIAN_POINT('Ctrl Pts',(18.000000372529,-220.,-22.));
#5511=CARTESIAN_POINT('Ctrl Pts',(26.1439837396476,-183.,-28.6632590508537));
#5512=CARTESIAN_POINT('Ctrl Pts',(23.7416953660461,-195.228775366807,-26.6977504015127));
#5513=CARTESIAN_POINT('Ctrl Pts',(21.0270342436733,-207.345421673284,-24.4766640512281));
#5514=CARTESIAN_POINT('Ctrl Pts',(18.000000372529,-220.,-22.));
#5515=CARTESIAN_POINT('Ctrl Pts',(8.71466124654921,-183.,-28.6632590508537));
#5516=CARTESIAN_POINT('Ctrl Pts',(7.91389845534871,-195.228775366807,-26.6977504015127));
#5517=CARTESIAN_POINT('Ctrl Pts',(7.00901141455776,-207.345421673284,-24.4766640512281));
#5518=CARTESIAN_POINT('Ctrl Pts',(6.00000012417634,-220.,-22.));
#5519=CARTESIAN_POINT('Ctrl Pts',(-8.71466124654921,-183.,-28.6632590508537));
#5520=CARTESIAN_POINT('Ctrl Pts',(-7.91389845534871,-195.228775366807,-26.6977504015127));
#5521=CARTESIAN_POINT('Ctrl Pts',(-7.00901141455776,-207.345421673284,-24.4766640512281));
#5522=CARTESIAN_POINT('Ctrl Pts',(-6.00000012417634,-220.,-22.));
#5523=CARTESIAN_POINT('Ctrl Pts',(-26.1439837396476,-183.,-28.6632590508537));
#5524=CARTESIAN_POINT('Ctrl Pts',(-23.7416953660461,-195.228775366807,-26.6977504015127));
#5525=CARTESIAN_POINT('Ctrl Pts',(-21.0270342436733,-207.345421673284,-24.4766640512281));
#5526=CARTESIAN_POINT('Ctrl Pts',(-18.000000372529,-220.,-22.));
#5527=CARTESIAN_POINT('Ctrl Pts',(-26.1439837396476,-183.,-28.6632590508537));
#5528=CARTESIAN_POINT('Ctrl Pts',(-23.7416953660461,-195.228775366807,-26.6977504015127));
#5529=CARTESIAN_POINT('Ctrl Pts',(-21.0270342436733,-207.345421673284,-24.4766640512281));
#5530=CARTESIAN_POINT('Ctrl Pts',(-18.000000372529,-220.,-22.));
#5531=CARTESIAN_POINT('Ctrl Pts',(33.7797433635672,-182.999291313729,24.8426548667472));
#5532=CARTESIAN_POINT('Ctrl Pts',(30.9685708024614,-195.22629220907,23.0822603966196));
#5533=CARTESIAN_POINT('Ctrl Pts',(27.7919898364928,-207.343108130741,21.0930422163582));
#5534=CARTESIAN_POINT('Ctrl Pts',(24.2500004656613,-220.,18.8750003259629));
#5535=CARTESIAN_POINT('Ctrl Pts',(36.3256855520391,-182.999527542486,18.4777993955674));
#5536=CARTESIAN_POINT('Ctrl Pts',(33.3780482931875,-195.226490636293,17.0585666698044));
#5537=CARTESIAN_POINT('Ctrl Pts',(30.0472643560517,-207.343233136784,15.4548559174609));
#5538=CARTESIAN_POINT('Ctrl Pts',(26.3333337406318,-220.,13.6666671385367));
#5539=CARTESIAN_POINT('Ctrl Pts',(38.871627740511,-182.999763771243,12.1129439243877));
#5540=CARTESIAN_POINT('Ctrl Pts',(35.7875257839135,-195.226689063516,11.0348729429893));
#5541=CARTESIAN_POINT('Ctrl Pts',(32.3025388756106,-207.343358142826,9.81666961856355));
#5542=CARTESIAN_POINT('Ctrl Pts',(28.4166670156022,-220.,8.45833395111054));
#5543=CARTESIAN_POINT('Ctrl Pts',(41.4175699289828,-183.,5.74808845320801));
#5544=CARTESIAN_POINT('Ctrl Pts',(38.1970032746396,-195.226887490739,5.01117921617411));
#5545=CARTESIAN_POINT('Ctrl Pts',(34.5578133951696,-207.343483148869,4.17848331966623));
#5546=CARTESIAN_POINT('Ctrl Pts',(30.5000002905727,-220.,3.25000076368437));
#5547=CARTESIAN_POINT('Ctrl Pts',(-26.1439837396476,-183.,-28.6632590508537));
#5548=CARTESIAN_POINT('Ctrl Pts',(-23.7416953660461,-195.228775366807,-26.6977504015127));
#5549=CARTESIAN_POINT('Ctrl Pts',(-21.0270342436733,-207.345421673284,-24.4766640512281));
#5550=CARTESIAN_POINT('Ctrl Pts',(-18.000000372529,-220.,-22.));
#5551=CARTESIAN_POINT('Ctrl Pts',(-28.6900434338962,-182.996255874999,-27.3902293554864));
#5552=CARTESIAN_POINT('Ctrl Pts',(-26.1512614020565,-195.225630145409,-25.4929675271288));
#5553=CARTESIAN_POINT('Ctrl Pts',(-23.2823581697266,-207.343440085268,-23.3490022226292));
#5554=CARTESIAN_POINT('Ctrl Pts',(-20.0833337369064,-220.,-20.9583334419876));
#5555=CARTESIAN_POINT('Ctrl Pts',(-31.2361031281447,-182.992511749998,-26.1171996601191));
#5556=CARTESIAN_POINT('Ctrl Pts',(-28.5608274380669,-195.222484924011,-24.2881846527449));
#5557=CARTESIAN_POINT('Ctrl Pts',(-25.53768209578,-207.341458497252,-22.2213403940303));
#5558=CARTESIAN_POINT('Ctrl Pts',(-22.1666671012839,-220.,-19.9166668839753));
#5559=CARTESIAN_POINT('Ctrl Pts',(-33.7821628223932,-182.988767624997,-24.8441699647518));
#5560=CARTESIAN_POINT('Ctrl Pts',(-30.9703934740773,-195.219339702613,-23.0834017783611));
#5561=CARTESIAN_POINT('Ctrl Pts',(-27.7930060218333,-207.339476909236,-21.0936785654314));
#5562=CARTESIAN_POINT('Ctrl Pts',(-24.2500004656613,-220.,-18.8750003259629));
#5563=CARTESIAN_POINT('Ctrl Pts',(-33.77958042543,-183.,-24.8425528326708));
#5564=CARTESIAN_POINT('Ctrl Pts',(-30.9684480576045,-195.226760409264,-23.0821835321217));
#5565=CARTESIAN_POINT('Ctrl Pts',(-27.7919214043483,-207.343352665143,-21.0929993632191));
#5566=CARTESIAN_POINT('Ctrl Pts',(-24.2500004656613,-220.,-18.8750003259629));
#5567=CARTESIAN_POINT('Ctrl Pts',(-33.7797433635672,-182.999291313729,-24.8426548667472));
#5568=CARTESIAN_POINT('Ctrl Pts',(-30.9685708024614,-195.22629220907,-23.0822603966196));
#5569=CARTESIAN_POINT('Ctrl Pts',(-27.7919898364928,-207.343108130741,-21.0930422163582));
#5570=CARTESIAN_POINT('Ctrl Pts',(-24.2500004656613,-220.,-18.8750003259629));
#5571=CARTESIAN_POINT('Ctrl Pts',(-36.3256855520391,-182.999527542486,-18.4777993955674));
#5572=CARTESIAN_POINT('Ctrl Pts',(-33.3780482931875,-195.226490636293,-17.0585666698043));
#5573=CARTESIAN_POINT('Ctrl Pts',(-30.0472643560517,-207.343233136784,-15.4548559174607));
#5574=CARTESIAN_POINT('Ctrl Pts',(-26.3333337406318,-220.,-13.6666671385366));
#5575=CARTESIAN_POINT('Ctrl Pts',(-38.871627740511,-182.999763771243,-12.1129439243876));
#5576=CARTESIAN_POINT('Ctrl Pts',(-35.7875257839135,-195.226689063516,-11.0348729429891));
#5577=CARTESIAN_POINT('Ctrl Pts',(-32.3025388756106,-207.343358142826,-9.81666961856331));
#5578=CARTESIAN_POINT('Ctrl Pts',(-28.4166670156022,-220.,-8.45833395111027));
#5579=CARTESIAN_POINT('Ctrl Pts',(-41.4175699289828,-183.,-5.74808845320775));
#5580=CARTESIAN_POINT('Ctrl Pts',(-38.1970032746396,-195.226887490739,-5.01117921617381));
#5581=CARTESIAN_POINT('Ctrl Pts',(-34.5578133951696,-207.343483148869,-4.17848331966588));
#5582=CARTESIAN_POINT('Ctrl Pts',(-30.5000002905727,-220.,-3.25000076368396));
#5583=CARTESIAN_POINT('Ctrl Pts',(-41.4175699289828,-183.,5.74808845320777));
#5584=CARTESIAN_POINT('Ctrl Pts',(-38.1970032746396,-195.226887490739,5.01117921617384));
#5585=CARTESIAN_POINT('Ctrl Pts',(-34.5578133951695,-207.343483148869,4.17848331966591));
#5586=CARTESIAN_POINT('Ctrl Pts',(-30.5000002905727,-220.,3.25000076368399));
#5587=CARTESIAN_POINT('Ctrl Pts',(-38.871627740511,-182.999763771243,12.1129439243876));
#5588=CARTESIAN_POINT('Ctrl Pts',(-35.7875257839135,-195.226689063516,11.0348729429891));
#5589=CARTESIAN_POINT('Ctrl Pts',(-32.3025388756106,-207.343358142826,9.81666961856333));
#5590=CARTESIAN_POINT('Ctrl Pts',(-28.4166670156022,-220.,8.45833395111029));
#5591=CARTESIAN_POINT('Ctrl Pts',(-36.3256855520391,-182.999527542486,18.4777993955674));
#5592=CARTESIAN_POINT('Ctrl Pts',(-33.3780482931875,-195.226490636293,17.0585666698043));
#5593=CARTESIAN_POINT('Ctrl Pts',(-30.0472643560517,-207.343233136784,15.4548559174608));
#5594=CARTESIAN_POINT('Ctrl Pts',(-26.3333337406318,-220.,13.6666671385366));
#5595=CARTESIAN_POINT('Ctrl Pts',(-33.7797433635672,-182.999291313729,24.8426548667472));
#5596=CARTESIAN_POINT('Ctrl Pts',(-30.9685708024614,-195.22629220907,23.0822603966196));
#5597=CARTESIAN_POINT('Ctrl Pts',(-27.7919898364928,-207.343108130741,21.0930422163582));
#5598=CARTESIAN_POINT('Ctrl Pts',(-24.2500004656613,-220.,18.8750003259629));
#5599=CARTESIAN_POINT('Ctrl Pts',(-33.77958042543,-183.,24.8425528326708));
#5600=CARTESIAN_POINT('Ctrl Pts',(-30.9684480576045,-195.226760409264,23.0821835321217));
#5601=CARTESIAN_POINT('Ctrl Pts',(-27.7919214043483,-207.343352665143,21.0929993632191));
#5602=CARTESIAN_POINT('Ctrl Pts',(-24.2500004656613,-220.,18.8750003259629));
#5603=CARTESIAN_POINT('Ctrl Pts',(-33.7821628223932,-182.988767624997,24.8441699647518));
#5604=CARTESIAN_POINT('Ctrl Pts',(-30.9703934740773,-195.219339702613,23.0834017783611));
#5605=CARTESIAN_POINT('Ctrl Pts',(-27.7930060218333,-207.339476909236,21.0936785654314));
#5606=CARTESIAN_POINT('Ctrl Pts',(-24.2500004656613,-220.,18.8750003259629));
#5607=CARTESIAN_POINT('Ctrl Pts',(-31.2361031281447,-182.992511749998,26.1171996601191));
#5608=CARTESIAN_POINT('Ctrl Pts',(-28.5608274380669,-195.222484924011,24.288184652745));
#5609=CARTESIAN_POINT('Ctrl Pts',(-25.5376820957799,-207.341458497252,22.2213403940303));
#5610=CARTESIAN_POINT('Ctrl Pts',(-22.1666671012839,-220.,19.9166668839753));
#5611=CARTESIAN_POINT('Ctrl Pts',(-28.6900434338962,-182.996255874999,27.3902293554864));
#5612=CARTESIAN_POINT('Ctrl Pts',(-26.1512614020565,-195.225630145409,25.4929675271288));
#5613=CARTESIAN_POINT('Ctrl Pts',(-23.2823581697266,-207.343440085268,23.3490022226292));
#5614=CARTESIAN_POINT('Ctrl Pts',(-20.0833337369065,-220.,20.9583334419876));
#5615=CARTESIAN_POINT('Ctrl Pts',(-26.1439837396476,-183.,28.6632590508537));
#5616=CARTESIAN_POINT('Ctrl Pts',(-23.7416953660461,-195.228775366807,26.6977504015127));
#5617=CARTESIAN_POINT('Ctrl Pts',(-21.0270342436733,-207.345421673284,24.4766640512281));
#5618=CARTESIAN_POINT('Ctrl Pts',(-18.000000372529,-220.,22.));
#5619=UNCERTAINTY_MEASURE_WITH_UNIT(LENGTH_MEASURE(0.01),#5623,
'DISTANCE_ACCURACY_VALUE',
'Maximum model space distance between geometric entities at asserted c
onnectivities');
#5620=UNCERTAINTY_MEASURE_WITH_UNIT(LENGTH_MEASURE(0.01),#5623,
'DISTANCE_ACCURACY_VALUE',
'Maximum model space distance between geometric entities at asserted c
onnectivities');
#5621=(
GEOMETRIC_REPRESENTATION_CONTEXT(3)
GLOBAL_UNCERTAINTY_ASSIGNED_CONTEXT((#5619))
GLOBAL_UNIT_ASSIGNED_CONTEXT((#5623,#5625,#5626))
REPRESENTATION_CONTEXT('','3D')
);
#5622=(
GEOMETRIC_REPRESENTATION_CONTEXT(3)
GLOBAL_UNCERTAINTY_ASSIGNED_CONTEXT((#5620))
GLOBAL_UNIT_ASSIGNED_CONTEXT((#5623,#5625,#5626))
REPRESENTATION_CONTEXT('','3D')
);
#5623=(
LENGTH_UNIT()
NAMED_UNIT(*)
SI_UNIT(.MILLI.,.METRE.)
);
#5624=(
LENGTH_UNIT()
NAMED_UNIT(*)
SI_UNIT($,.METRE.)
);
#5625=(
NAMED_UNIT(*)
PLANE_ANGLE_UNIT()
SI_UNIT($,.RADIAN.)
);
#5626=(
NAMED_UNIT(*)
SI_UNIT($,.STERADIAN.)
SOLID_ANGLE_UNIT()
);
#5627=SHAPE_DEFINITION_REPRESENTATION(#5628,#5629);
#5628=PRODUCT_DEFINITION_SHAPE('',$,#5631);
#5629=SHAPE_REPRESENTATION('',(#2147),#5621);
#5630=PRODUCT_DEFINITION_CONTEXT('part definition',#5635,'design');
#5631=PRODUCT_DEFINITION('Fuselage 1','Fuselage 1',#5632,#5630);
#5632=PRODUCT_DEFINITION_FORMATION('',$,#5637);
#5633=PRODUCT_RELATED_PRODUCT_CATEGORY('Fuselage 1','Fuselage 1',(#5637));
#5634=APPLICATION_PROTOCOL_DEFINITION('international standard',
'automotive_design',2009,#5635);
#5635=APPLICATION_CONTEXT(
'Core Data for Automotive Mechanical Design Process');
#5636=PRODUCT_CONTEXT('part definition',#5635,'mechanical');
#5637=PRODUCT('Fuselage 1','Fuselage 1',$,(#5636));
#5638=PRESENTATION_STYLE_ASSIGNMENT((#5640));
#5639=PRESENTATION_STYLE_ASSIGNMENT((#5641));
#5640=SURFACE_STYLE_USAGE(.BOTH.,#5642);
#5641=SURFACE_STYLE_USAGE(.BOTH.,#5643);
#5642=SURFACE_SIDE_STYLE('',(#5644));
#5643=SURFACE_SIDE_STYLE('',(#5645));
#5644=SURFACE_STYLE_FILL_AREA(#5646);
#5645=SURFACE_STYLE_FILL_AREA(#5647);
#5646=FILL_AREA_STYLE('Steel - Satin',(#5648));
#5647=FILL_AREA_STYLE('Paint - Enamel Glossy (White)',(#5649));
#5648=FILL_AREA_STYLE_COLOUR('Steel - Satin',#5650);
#5649=FILL_AREA_STYLE_COLOUR('Paint - Enamel Glossy (White)',#5651);
#5650=COLOUR_RGB('Steel - Satin',0.627450980392157,0.627450980392157,0.627450980392157);
#5651=COLOUR_RGB('Paint - Enamel Glossy (White)',0.964705882352941,0.964705882352941,
0.952941176470588);
ENDSEC;
END-ISO-10303-21;
