ISO-10303-21;
HEADER;
/* Generated by software containing ST-Developer
 * from STEP Tools, Inc. (www.steptools.com) 
 */

FILE_DESCRIPTION(
/* description */ (''),
/* implementation_level */ '2;1');

FILE_NAME(
/* name */ 'Pad 3.step',
/* time_stamp */ '2025-12-07T14:32:11+01:00',
/* author */ (''),
/* organization */ (''),
/* preprocessor_version */ 'ST-DEVELOPER v20.1',
/* originating_system */ 'Autodesk Translation Framework v14.21.0.0',
/* authorisation */ '');

FILE_SCHEMA (('AUTOMOTIVE_DESIGN { 1 0 10303 214 3 1 1 }'));
ENDSEC;

DATA;
#10=MECHANICAL_DESIGN_GEOMETRIC_PRESENTATION_REPRESENTATION('',(#13),#2756);
#11=SHAPE_REPRESENTATION_RELATIONSHIP('SRR','None',#2763,#12);
#12=ADVANCED_BREP_SHAPE_REPRESENTATION('',(#14),#2755);
#13=STYLED_ITEM('',(#2773),#14);
#14=MANIFOLD_SOLID_BREP('Pad 3',#1285);
#15=(
BOUNDED_SURFACE()
B_SPLINE_SURFACE(5,1,((#2562,#2563),(#2564,#2565),(#2566,#2567),(#2568,
#2569),(#2570,#2571),(#2572,#2573),(#2574,#2575),(#2576,#2577),(#2578,#2579),
(#2580,#2581),(#2582,#2583),(#2584,#2585),(#2586,#2587),(#2588,#2589),(#2590,
#2591),(#2592,#2593),(#2594,#2595),(#2596,#2597),(#2598,#2599),(#2600,#2601),
(#2602,#2603),(#2604,#2605),(#2606,#2607),(#2608,#2609),(#2610,#2611),(#2612,
#2613),(#2614,#2615),(#2616,#2617),(#2618,#2619),(#2620,#2621)),
 .UNSPECIFIED.,.F.,.F.,.F.)
B_SPLINE_SURFACE_WITH_KNOTS((6,1,1,1,1,1,1,1,1,1,1,1,1,1,1,1,1,1,1,1,1,
1,1,1,1,6),(2,2),(-1.,-0.96,-0.92,-0.88,-0.84,-0.8,-0.76,-0.72,-0.68,-0.64,
-0.6,-0.56,-0.52,-0.48,-0.44,-0.4,-0.36,-0.32,-0.28,-0.24,-0.2,-0.16,-0.12,
-0.08,-0.04,0.),(0.,20.),.UNSPECIFIED.)
GEOMETRIC_REPRESENTATION_ITEM()
RATIONAL_B_SPLINE_SURFACE(((1.,1.),(1.,1.),(1.,1.),(1.,1.),(1.,1.),(1.,
1.),(1.,1.),(1.,1.),(1.,1.),(1.,1.),(1.,1.),(1.,1.),(1.,1.),(1.,1.),(1.,
1.),(1.,1.),(1.,1.),(1.,1.),(1.,1.),(1.,1.),(1.,1.),(1.,1.),(1.,1.),(1.,
1.),(1.,1.),(1.,1.),(1.,1.),(1.,1.),(1.,1.),(1.,1.)))
REPRESENTATION_ITEM('')
SURFACE()
);
#16=(
BOUNDED_SURFACE()
B_SPLINE_SURFACE(5,1,((#2674,#2675),(#2676,#2677),(#2678,#2679),(#2680,
#2681),(#2682,#2683),(#2684,#2685),(#2686,#2687),(#2688,#2689),(#2690,#2691),
(#2692,#2693),(#2694,#2695),(#2696,#2697),(#2698,#2699),(#2700,#2701),(#2702,
#2703),(#2704,#2705),(#2706,#2707),(#2708,#2709),(#2710,#2711),(#2712,#2713),
(#2714,#2715),(#2716,#2717),(#2718,#2719),(#2720,#2721),(#2722,#2723),(#2724,
#2725),(#2726,#2727),(#2728,#2729),(#2730,#2731),(#2732,#2733),(#2734,#2735),
(#2736,#2737),(#2738,#2739),(#2740,#2741),(#2742,#2743)),.UNSPECIFIED.,
 .F.,.F.,.F.)
B_SPLINE_SURFACE_WITH_KNOTS((6,1,1,1,1,1,1,1,1,1,1,1,1,1,1,1,1,1,1,1,1,
1,1,1,1,1,1,1,1,1,6),(2,2),(-1.,-0.966666666666667,-0.933333333333333,-0.9,
-0.866666666666667,-0.833333333333333,-0.8,-0.766666666666667,-0.733333333333333,
-0.7,-0.666666666666667,-0.633333333333333,-0.6,-0.566666666666667,-0.533333333333333,
-0.5,-0.466666666666667,-0.433333333333333,-0.4,-0.366666666666667,-0.333333333333333,
-0.3,-0.266666666666667,-0.233333333333333,-0.2,-0.166666666666667,-0.133333333333333,
-0.1,-0.0666666666666667,-0.0333333333333333,0.),(0.,20.),.UNSPECIFIED.)
GEOMETRIC_REPRESENTATION_ITEM()
RATIONAL_B_SPLINE_SURFACE(((1.,1.),(1.,1.),(1.,1.),(1.,1.),(1.,1.),(1.,
1.),(1.,1.),(1.,1.),(1.,1.),(1.,1.),(1.,1.),(1.,1.),(1.,1.),(1.,1.),(1.,
1.),(1.,1.),(1.,1.),(1.,1.),(1.,1.),(1.,1.),(1.,1.),(1.,1.),(1.,1.),(1.,
1.),(1.,1.),(1.,1.),(1.,1.),(1.,1.),(1.,1.),(1.,1.),(1.,1.),(1.,1.),(1.,
1.),(1.,1.),(1.,1.)))
REPRESENTATION_ITEM('')
SURFACE()
);
#17=CYLINDRICAL_SURFACE('',#1335,9.);
#18=CYLINDRICAL_SURFACE('',#1337,3.);
#19=CYLINDRICAL_SURFACE('',#1339,3.);
#20=FACE_BOUND('',#191,.T.);
#21=FACE_BOUND('',#216,.T.);
#22=CIRCLE('',#1308,9.);
#23=CIRCLE('',#1309,8.19999999999999);
#24=CIRCLE('',#1312,3.);
#25=CIRCLE('',#1313,2.20000000000001);
#26=CIRCLE('',#1316,3.);
#27=CIRCLE('',#1317,2.19999999999998);
#28=CIRCLE('',#1323,3.);
#29=CIRCLE('',#1324,2.20000000000001);
#30=CIRCLE('',#1327,3.);
#31=CIRCLE('',#1328,2.20000000000001);
#32=CIRCLE('',#1331,9.);
#33=CIRCLE('',#1332,8.19999999999998);
#34=CONICAL_SURFACE('',#1307,8.6,0.785398163397451);
#35=CONICAL_SURFACE('',#1311,2.60000000000001,0.785398163397421);
#36=CONICAL_SURFACE('',#1315,2.59999999999999,0.785398163397481);
#37=CONICAL_SURFACE('',#1322,2.6,0.785398163397449);
#38=CONICAL_SURFACE('',#1326,2.60000000000001,0.785398163397436);
#39=CONICAL_SURFACE('',#1330,8.59999999999999,0.785398163397469);
#40=PLANE('',#1299);
#41=PLANE('',#1300);
#42=PLANE('',#1301);
#43=PLANE('',#1302);
#44=PLANE('',#1303);
#45=PLANE('',#1304);
#46=PLANE('',#1305);
#47=PLANE('',#1306);
#48=PLANE('',#1310);
#49=PLANE('',#1314);
#50=PLANE('',#1318);
#51=PLANE('',#1319);
#52=PLANE('',#1320);
#53=PLANE('',#1321);
#54=PLANE('',#1325);
#55=PLANE('',#1329);
#56=PLANE('',#1333);
#57=PLANE('',#1334);
#58=PLANE('',#1336);
#59=PLANE('',#1338);
#60=PLANE('',#1340);
#61=PLANE('',#1341);
#62=PLANE('',#1342);
#63=PLANE('',#1343);
#64=PLANE('',#1344);
#65=PLANE('',#1345);
#66=PLANE('',#1346);
#67=PLANE('',#1347);
#68=PLANE('',#1348);
#69=PLANE('',#1349);
#70=PLANE('',#1350);
#71=PLANE('',#1351);
#72=PLANE('',#1352);
#73=PLANE('',#1353);
#74=PLANE('',#1354);
#75=FACE_OUTER_BOUND('',#145,.T.);
#76=FACE_OUTER_BOUND('',#146,.T.);
#77=FACE_OUTER_BOUND('',#147,.T.);
#78=FACE_OUTER_BOUND('',#148,.T.);
#79=FACE_OUTER_BOUND('',#149,.T.);
#80=FACE_OUTER_BOUND('',#150,.T.);
#81=FACE_OUTER_BOUND('',#151,.T.);
#82=FACE_OUTER_BOUND('',#152,.T.);
#83=FACE_OUTER_BOUND('',#153,.T.);
#84=FACE_OUTER_BOUND('',#154,.T.);
#85=FACE_OUTER_BOUND('',#155,.T.);
#86=FACE_OUTER_BOUND('',#156,.T.);
#87=FACE_OUTER_BOUND('',#157,.T.);
#88=FACE_OUTER_BOUND('',#158,.T.);
#89=FACE_OUTER_BOUND('',#159,.T.);
#90=FACE_OUTER_BOUND('',#160,.T.);
#91=FACE_OUTER_BOUND('',#161,.T.);
#92=FACE_OUTER_BOUND('',#162,.T.);
#93=FACE_OUTER_BOUND('',#163,.T.);
#94=FACE_OUTER_BOUND('',#164,.T.);
#95=FACE_OUTER_BOUND('',#165,.T.);
#96=FACE_OUTER_BOUND('',#166,.T.);
#97=FACE_OUTER_BOUND('',#167,.T.);
#98=FACE_OUTER_BOUND('',#168,.T.);
#99=FACE_OUTER_BOUND('',#169,.T.);
#100=FACE_OUTER_BOUND('',#170,.T.);
#101=FACE_OUTER_BOUND('',#171,.T.);
#102=FACE_OUTER_BOUND('',#172,.T.);
#103=FACE_OUTER_BOUND('',#173,.T.);
#104=FACE_OUTER_BOUND('',#174,.T.);
#105=FACE_OUTER_BOUND('',#175,.T.);
#106=FACE_OUTER_BOUND('',#176,.T.);
#107=FACE_OUTER_BOUND('',#177,.T.);
#108=FACE_OUTER_BOUND('',#178,.T.);
#109=FACE_OUTER_BOUND('',#179,.T.);
#110=FACE_OUTER_BOUND('',#180,.T.);
#111=FACE_OUTER_BOUND('',#181,.T.);
#112=FACE_OUTER_BOUND('',#182,.T.);
#113=FACE_OUTER_BOUND('',#183,.T.);
#114=FACE_OUTER_BOUND('',#184,.T.);
#115=FACE_OUTER_BOUND('',#185,.T.);
#116=FACE_OUTER_BOUND('',#186,.T.);
#117=FACE_OUTER_BOUND('',#187,.T.);
#118=FACE_OUTER_BOUND('',#188,.T.);
#119=FACE_OUTER_BOUND('',#189,.T.);
#120=FACE_OUTER_BOUND('',#190,.T.);
#121=FACE_OUTER_BOUND('',#192,.T.);
#122=FACE_OUTER_BOUND('',#193,.T.);
#123=FACE_OUTER_BOUND('',#194,.T.);
#124=FACE_OUTER_BOUND('',#195,.T.);
#125=FACE_OUTER_BOUND('',#196,.T.);
#126=FACE_OUTER_BOUND('',#197,.T.);
#127=FACE_OUTER_BOUND('',#198,.T.);
#128=FACE_OUTER_BOUND('',#199,.T.);
#129=FACE_OUTER_BOUND('',#200,.T.);
#130=FACE_OUTER_BOUND('',#201,.T.);
#131=FACE_OUTER_BOUND('',#202,.T.);
#132=FACE_OUTER_BOUND('',#203,.T.);
#133=FACE_OUTER_BOUND('',#204,.T.);
#134=FACE_OUTER_BOUND('',#205,.T.);
#135=FACE_OUTER_BOUND('',#206,.T.);
#136=FACE_OUTER_BOUND('',#207,.T.);
#137=FACE_OUTER_BOUND('',#208,.T.);
#138=FACE_OUTER_BOUND('',#209,.T.);
#139=FACE_OUTER_BOUND('',#210,.T.);
#140=FACE_OUTER_BOUND('',#211,.T.);
#141=FACE_OUTER_BOUND('',#212,.T.);
#142=FACE_OUTER_BOUND('',#213,.T.);
#143=FACE_OUTER_BOUND('',#214,.T.);
#144=FACE_OUTER_BOUND('',#215,.T.);
#145=EDGE_LOOP('',(#815,#816,#817,#818));
#146=EDGE_LOOP('',(#819,#820,#821,#822));
#147=EDGE_LOOP('',(#823,#824,#825,#826));
#148=EDGE_LOOP('',(#827,#828,#829,#830));
#149=EDGE_LOOP('',(#831,#832,#833,#834));
#150=EDGE_LOOP('',(#835,#836,#837,#838));
#151=EDGE_LOOP('',(#839,#840,#841,#842));
#152=EDGE_LOOP('',(#843,#844,#845,#846));
#153=EDGE_LOOP('',(#847,#848,#849,#850));
#154=EDGE_LOOP('',(#851,#852,#853,#854));
#155=EDGE_LOOP('',(#855,#856,#857,#858));
#156=EDGE_LOOP('',(#859,#860,#861,#862));
#157=EDGE_LOOP('',(#863,#864,#865,#866));
#158=EDGE_LOOP('',(#867,#868,#869,#870));
#159=EDGE_LOOP('',(#871,#872,#873,#874));
#160=EDGE_LOOP('',(#875,#876,#877,#878));
#161=EDGE_LOOP('',(#879,#880,#881,#882));
#162=EDGE_LOOP('',(#883,#884,#885,#886));
#163=EDGE_LOOP('',(#887,#888,#889,#890));
#164=EDGE_LOOP('',(#891,#892,#893,#894));
#165=EDGE_LOOP('',(#895,#896,#897,#898));
#166=EDGE_LOOP('',(#899,#900,#901,#902));
#167=EDGE_LOOP('',(#903,#904,#905,#906));
#168=EDGE_LOOP('',(#907,#908,#909,#910));
#169=EDGE_LOOP('',(#911,#912,#913,#914));
#170=EDGE_LOOP('',(#915,#916,#917,#918));
#171=EDGE_LOOP('',(#919,#920,#921,#922));
#172=EDGE_LOOP('',(#923,#924,#925,#926));
#173=EDGE_LOOP('',(#927,#928,#929,#930,#931,#932,#933,#934,#935,#936,#937,
#938,#939,#940,#941,#942,#943,#944,#945,#946,#947,#948,#949,#950,#951,#952,
#953,#954));
#174=EDGE_LOOP('',(#955,#956,#957,#958));
#175=EDGE_LOOP('',(#959,#960,#961,#962));
#176=EDGE_LOOP('',(#963,#964,#965,#966));
#177=EDGE_LOOP('',(#967,#968,#969,#970));
#178=EDGE_LOOP('',(#971,#972,#973,#974));
#179=EDGE_LOOP('',(#975,#976,#977,#978));
#180=EDGE_LOOP('',(#979,#980,#981,#982));
#181=EDGE_LOOP('',(#983,#984,#985,#986,#987,#988,#989,#990));
#182=EDGE_LOOP('',(#991,#992,#993,#994,#995,#996));
#183=EDGE_LOOP('',(#997,#998,#999,#1000));
#184=EDGE_LOOP('',(#1001,#1002,#1003,#1004));
#185=EDGE_LOOP('',(#1005,#1006,#1007,#1008));
#186=EDGE_LOOP('',(#1009,#1010,#1011,#1012));
#187=EDGE_LOOP('',(#1013,#1014,#1015,#1016));
#188=EDGE_LOOP('',(#1017,#1018,#1019,#1020));
#189=EDGE_LOOP('',(#1021,#1022,#1023,#1024));
#190=EDGE_LOOP('',(#1025,#1026,#1027,#1028,#1029,#1030,#1031,#1032,#1033,
#1034,#1035,#1036));
#191=EDGE_LOOP('',(#1037,#1038,#1039,#1040,#1041,#1042,#1043,#1044,#1045,
#1046,#1047,#1048,#1049,#1050,#1051,#1052,#1053,#1054,#1055,#1056,#1057,
#1058,#1059,#1060,#1061,#1062,#1063,#1064));
#192=EDGE_LOOP('',(#1065,#1066,#1067,#1068));
#193=EDGE_LOOP('',(#1069,#1070,#1071,#1072,#1073,#1074,#1075));
#194=EDGE_LOOP('',(#1076,#1077,#1078,#1079));
#195=EDGE_LOOP('',(#1080,#1081,#1082,#1083));
#196=EDGE_LOOP('',(#1084,#1085,#1086,#1087));
#197=EDGE_LOOP('',(#1088,#1089,#1090,#1091));
#198=EDGE_LOOP('',(#1092,#1093,#1094,#1095,#1096,#1097,#1098));
#199=EDGE_LOOP('',(#1099,#1100,#1101,#1102));
#200=EDGE_LOOP('',(#1103,#1104,#1105,#1106,#1107,#1108));
#201=EDGE_LOOP('',(#1109,#1110,#1111,#1112,#1113));
#202=EDGE_LOOP('',(#1114,#1115,#1116,#1117,#1118,#1119,#1120));
#203=EDGE_LOOP('',(#1121,#1122,#1123,#1124,#1125));
#204=EDGE_LOOP('',(#1126,#1127,#1128,#1129));
#205=EDGE_LOOP('',(#1130,#1131,#1132,#1133));
#206=EDGE_LOOP('',(#1134,#1135,#1136,#1137));
#207=EDGE_LOOP('',(#1138,#1139,#1140,#1141));
#208=EDGE_LOOP('',(#1142,#1143,#1144,#1145,#1146));
#209=EDGE_LOOP('',(#1147,#1148,#1149,#1150));
#210=EDGE_LOOP('',(#1151,#1152,#1153,#1154,#1155,#1156));
#211=EDGE_LOOP('',(#1157,#1158,#1159,#1160));
#212=EDGE_LOOP('',(#1161,#1162,#1163,#1164,#1165,#1166));
#213=EDGE_LOOP('',(#1167,#1168,#1169,#1170,#1171));
#214=EDGE_LOOP('',(#1172,#1173,#1174,#1175,#1176,#1177,#1178));
#215=EDGE_LOOP('',(#1179,#1180,#1181,#1182,#1183,#1184,#1185,#1186));
#216=EDGE_LOOP('',(#1187,#1188,#1189,#1190));
#217=LINE('',#1600,#329);
#218=LINE('',#1607,#330);
#219=LINE('',#1610,#331);
#220=LINE('',#1612,#332);
#221=LINE('',#1613,#333);
#222=LINE('',#1631,#334);
#223=LINE('',#1654,#335);
#224=LINE('',#1677,#336);
#225=LINE('',#1700,#337);
#226=LINE('',#1723,#338);
#227=LINE('',#1731,#339);
#228=LINE('',#1733,#340);
#229=LINE('',#1734,#341);
#230=LINE('',#1752,#342);
#231=LINE('',#1775,#343);
#232=LINE('',#1798,#344);
#233=LINE('',#1821,#345);
#234=LINE('',#1844,#346);
#235=LINE('',#1852,#347);
#236=LINE('',#1854,#348);
#237=LINE('',#1855,#349);
#238=LINE('',#1858,#350);
#239=LINE('',#1860,#351);
#240=LINE('',#1861,#352);
#241=LINE('',#1864,#353);
#242=LINE('',#1866,#354);
#243=LINE('',#1867,#355);
#244=LINE('',#1885,#356);
#245=LINE('',#1908,#357);
#246=LINE('',#1931,#358);
#247=LINE('',#1954,#359);
#248=LINE('',#1977,#360);
#249=LINE('',#2000,#361);
#250=LINE('',#2008,#362);
#251=LINE('',#2010,#363);
#252=LINE('',#2011,#364);
#253=LINE('',#2029,#365);
#254=LINE('',#2052,#366);
#255=LINE('',#2075,#367);
#256=LINE('',#2098,#368);
#257=LINE('',#2128,#369);
#258=LINE('',#2130,#370);
#259=LINE('',#2132,#371);
#260=LINE('',#2133,#372);
#261=LINE('',#2137,#373);
#262=LINE('',#2143,#374);
#263=LINE('',#2144,#375);
#264=LINE('',#2145,#376);
#265=LINE('',#2149,#377);
#266=LINE('',#2154,#378);
#267=LINE('',#2156,#379);
#268=LINE('',#2157,#380);
#269=LINE('',#2161,#381);
#270=LINE('',#2167,#382);
#271=LINE('',#2168,#383);
#272=LINE('',#2169,#384);
#273=LINE('',#2171,#385);
#274=LINE('',#2174,#386);
#275=LINE('',#2176,#387);
#276=LINE('',#2177,#388);
#277=LINE('',#2188,#389);
#278=LINE('',#2190,#390);
#279=LINE('',#2191,#391);
#280=LINE('',#2195,#392);
#281=LINE('',#2201,#393);
#282=LINE('',#2202,#394);
#283=LINE('',#2203,#395);
#284=LINE('',#2207,#396);
#285=LINE('',#2213,#397);
#286=LINE('',#2214,#398);
#287=LINE('',#2215,#399);
#288=LINE('',#2219,#400);
#289=LINE('',#2229,#401);
#290=LINE('',#2230,#402);
#291=LINE('',#2246,#403);
#292=LINE('',#2248,#404);
#293=LINE('',#2250,#405);
#294=LINE('',#2258,#406);
#295=LINE('',#2259,#407);
#296=LINE('',#2271,#408);
#297=LINE('',#2273,#409);
#298=LINE('',#2274,#410);
#299=LINE('',#2276,#411);
#300=LINE('',#2278,#412);
#301=LINE('',#2350,#413);
#302=LINE('',#2352,#414);
#303=LINE('',#2353,#415);
#304=LINE('',#2356,#416);
#305=LINE('',#2366,#417);
#306=LINE('',#2372,#418);
#307=LINE('',#2627,#419);
#308=LINE('',#2635,#420);
#309=LINE('',#2637,#421);
#310=LINE('',#2639,#422);
#311=LINE('',#2640,#423);
#312=LINE('',#2643,#424);
#313=LINE('',#2645,#425);
#314=LINE('',#2646,#426);
#315=LINE('',#2650,#427);
#316=LINE('',#2652,#428);
#317=LINE('',#2654,#429);
#318=LINE('',#2655,#430);
#319=LINE('',#2659,#431);
#320=LINE('',#2660,#432);
#321=LINE('',#2661,#433);
#322=LINE('',#2665,#434);
#323=LINE('',#2666,#435);
#324=LINE('',#2668,#436);
#325=LINE('',#2669,#437);
#326=LINE('',#2671,#438);
#327=LINE('',#2673,#439);
#328=LINE('',#2751,#440);
#329=VECTOR('',#1357,10.);
#330=VECTOR('',#1358,10.);
#331=VECTOR('',#1361,10.);
#332=VECTOR('',#1362,10.);
#333=VECTOR('',#1363,10.);
#334=VECTOR('',#1364,10.);
#335=VECTOR('',#1365,10.);
#336=VECTOR('',#1366,10.);
#337=VECTOR('',#1367,10.);
#338=VECTOR('',#1368,10.);
#339=VECTOR('',#1371,10.);
#340=VECTOR('',#1372,10.);
#341=VECTOR('',#1373,10.);
#342=VECTOR('',#1374,10.);
#343=VECTOR('',#1375,10.);
#344=VECTOR('',#1376,10.);
#345=VECTOR('',#1377,10.);
#346=VECTOR('',#1378,10.);
#347=VECTOR('',#1381,10.);
#348=VECTOR('',#1382,10.);
#349=VECTOR('',#1383,10.);
#350=VECTOR('',#1386,10.);
#351=VECTOR('',#1387,10.);
#352=VECTOR('',#1388,10.);
#353=VECTOR('',#1391,10.);
#354=VECTOR('',#1392,10.);
#355=VECTOR('',#1393,10.);
#356=VECTOR('',#1394,10.);
#357=VECTOR('',#1395,10.);
#358=VECTOR('',#1396,10.);
#359=VECTOR('',#1397,10.);
#360=VECTOR('',#1398,10.);
#361=VECTOR('',#1399,10.);
#362=VECTOR('',#1402,10.);
#363=VECTOR('',#1403,10.);
#364=VECTOR('',#1404,10.);
#365=VECTOR('',#1405,10.);
#366=VECTOR('',#1406,10.);
#367=VECTOR('',#1407,10.);
#368=VECTOR('',#1408,10.);
#369=VECTOR('',#1413,10.);
#370=VECTOR('',#1414,10.);
#371=VECTOR('',#1415,10.);
#372=VECTOR('',#1416,10.);
#373=VECTOR('',#1419,10.);
#374=VECTOR('',#1426,10.);
#375=VECTOR('',#1427,10.);
#376=VECTOR('',#1428,10.);
#377=VECTOR('',#1431,10.);
#378=VECTOR('',#1438,10.);
#379=VECTOR('',#1439,10.);
#380=VECTOR('',#1440,10.);
#381=VECTOR('',#1443,10.);
#382=VECTOR('',#1450,10.);
#383=VECTOR('',#1451,10.);
#384=VECTOR('',#1452,10.);
#385=VECTOR('',#1455,10.);
#386=VECTOR('',#1458,10.);
#387=VECTOR('',#1459,10.);
#388=VECTOR('',#1460,10.);
#389=VECTOR('',#1463,10.);
#390=VECTOR('',#1464,10.);
#391=VECTOR('',#1465,10.);
#392=VECTOR('',#1468,10.);
#393=VECTOR('',#1475,10.);
#394=VECTOR('',#1476,10.);
#395=VECTOR('',#1477,10.);
#396=VECTOR('',#1480,10.);
#397=VECTOR('',#1487,10.);
#398=VECTOR('',#1488,10.);
#399=VECTOR('',#1489,10.);
#400=VECTOR('',#1492,10.);
#401=VECTOR('',#1499,10.);
#402=VECTOR('',#1500,10.);
#403=VECTOR('',#1503,10.);
#404=VECTOR('',#1504,10.);
#405=VECTOR('',#1505,10.);
#406=VECTOR('',#1508,10.);
#407=VECTOR('',#1509,10.);
#408=VECTOR('',#1512,10.);
#409=VECTOR('',#1515,10.);
#410=VECTOR('',#1516,10.);
#411=VECTOR('',#1519,10.);
#412=VECTOR('',#1522,10.);
#413=VECTOR('',#1527,10.);
#414=VECTOR('',#1528,10.);
#415=VECTOR('',#1529,10.);
#416=VECTOR('',#1532,10.);
#417=VECTOR('',#1533,10.);
#418=VECTOR('',#1534,10.);
#419=VECTOR('',#1537,10.);
#420=VECTOR('',#1540,10.);
#421=VECTOR('',#1541,10.);
#422=VECTOR('',#1542,10.);
#423=VECTOR('',#1543,10.);
#424=VECTOR('',#1546,10.);
#425=VECTOR('',#1547,10.);
#426=VECTOR('',#1548,10.);
#427=VECTOR('',#1551,10.);
#428=VECTOR('',#1552,10.);
#429=VECTOR('',#1553,10.);
#430=VECTOR('',#1554,10.);
#431=VECTOR('',#1557,10.);
#432=VECTOR('',#1558,10.);
#433=VECTOR('',#1559,10.);
#434=VECTOR('',#1564,10.);
#435=VECTOR('',#1565,10.);
#436=VECTOR('',#1568,10.);
#437=VECTOR('',#1569,10.);
#438=VECTOR('',#1572,10.);
#439=VECTOR('',#1575,10.);
#440=VECTOR('',#1578,10.);
#441=B_SPLINE_CURVE_WITH_KNOTS('',3,(#1594,#1595,#1596,#1597,#1598),
 .UNSPECIFIED.,.F.,.F.,(4,1,4),(0.,0.0942085928485931,0.1800742233034),
 .UNSPECIFIED.);
#442=B_SPLINE_CURVE_WITH_KNOTS('',3,(#1602,#1603,#1604,#1605,#1606),
 .UNSPECIFIED.,.F.,.F.,(4,1,4),(0.,0.0942085928485931,0.1800742233034),
 .UNSPECIFIED.);
#443=B_SPLINE_CURVE_WITH_KNOTS('',3,(#1625,#1626,#1627,#1628,#1629),
 .UNSPECIFIED.,.F.,.F.,(4,1,4),(0.,0.0802810871066953,0.166980520030322),
 .UNSPECIFIED.);
#444=B_SPLINE_CURVE_WITH_KNOTS('',3,(#1632,#1633,#1634,#1635,#1636),
 .UNSPECIFIED.,.F.,.F.,(4,1,4),(0.,0.0802810871066953,0.166980520030322),
 .UNSPECIFIED.);
#445=B_SPLINE_CURVE_WITH_KNOTS('',3,(#1648,#1649,#1650,#1651,#1652),
 .UNSPECIFIED.,.F.,.F.,(4,1,4),(0.,0.0868727492101777,0.16732442657757),
 .UNSPECIFIED.);
#446=B_SPLINE_CURVE_WITH_KNOTS('',3,(#1655,#1656,#1657,#1658,#1659),
 .UNSPECIFIED.,.F.,.F.,(4,1,4),(0.,0.0868727492101777,0.16732442657757),
 .UNSPECIFIED.);
#447=B_SPLINE_CURVE_WITH_KNOTS('',3,(#1671,#1672,#1673,#1674,#1675),
 .UNSPECIFIED.,.F.,.F.,(4,1,4),(0.,0.107241539690086,0.21667137446184),
 .UNSPECIFIED.);
#448=B_SPLINE_CURVE_WITH_KNOTS('',3,(#1678,#1679,#1680,#1681,#1682),
 .UNSPECIFIED.,.F.,.F.,(4,1,4),(0.,0.107241539690086,0.21667137446184),
 .UNSPECIFIED.);
#449=B_SPLINE_CURVE_WITH_KNOTS('',3,(#1694,#1695,#1696,#1697,#1698),
 .UNSPECIFIED.,.F.,.F.,(4,1,4),(0.,0.14897542950357,0.272019945795512),
 .UNSPECIFIED.);
#450=B_SPLINE_CURVE_WITH_KNOTS('',3,(#1701,#1702,#1703,#1704,#1705),
 .UNSPECIFIED.,.F.,.F.,(4,1,4),(0.,0.14897542950357,0.272019945795512),
 .UNSPECIFIED.);
#451=B_SPLINE_CURVE_WITH_KNOTS('',3,(#1717,#1718,#1719,#1720,#1721),
 .UNSPECIFIED.,.F.,.F.,(4,1,4),(0.,0.130048323457514,0.261402578039607),
 .UNSPECIFIED.);
#452=B_SPLINE_CURVE_WITH_KNOTS('',3,(#1724,#1725,#1726,#1727,#1728),
 .UNSPECIFIED.,.F.,.F.,(4,1,4),(0.,0.130048323457514,0.261402578039607),
 .UNSPECIFIED.);
#453=B_SPLINE_CURVE_WITH_KNOTS('',3,(#1746,#1747,#1748,#1749,#1750),
 .UNSPECIFIED.,.F.,.F.,(4,1,4),(0.,0.0979299085515943,0.203506500714086),
 .UNSPECIFIED.);
#454=B_SPLINE_CURVE_WITH_KNOTS('',3,(#1753,#1754,#1755,#1756,#1757),
 .UNSPECIFIED.,.F.,.F.,(4,1,4),(0.,0.0979299085515943,0.203506500714086),
 .UNSPECIFIED.);
#455=B_SPLINE_CURVE_WITH_KNOTS('',3,(#1769,#1770,#1771,#1772,#1773),
 .UNSPECIFIED.,.F.,.F.,(4,1,4),(0.,0.0421382282964319,0.0970950000044196),
 .UNSPECIFIED.);
#456=B_SPLINE_CURVE_WITH_KNOTS('',3,(#1776,#1777,#1778,#1779,#1780),
 .UNSPECIFIED.,.F.,.F.,(4,1,4),(0.,0.0421382282964319,0.0970950000044196),
 .UNSPECIFIED.);
#457=B_SPLINE_CURVE_WITH_KNOTS('',3,(#1792,#1793,#1794,#1795,#1796),
 .UNSPECIFIED.,.F.,.F.,(4,1,4),(0.,0.0363644056921027,0.0718223866257609),
 .UNSPECIFIED.);
#458=B_SPLINE_CURVE_WITH_KNOTS('',3,(#1799,#1800,#1801,#1802,#1803),
 .UNSPECIFIED.,.F.,.F.,(4,1,4),(0.,0.0363644056921027,0.0718223866257609),
 .UNSPECIFIED.);
#459=B_SPLINE_CURVE_WITH_KNOTS('',3,(#1815,#1816,#1817,#1818,#1819),
 .UNSPECIFIED.,.F.,.F.,(4,1,4),(0.,0.0425299844372875,0.0817510601375467),
 .UNSPECIFIED.);
#460=B_SPLINE_CURVE_WITH_KNOTS('',3,(#1822,#1823,#1824,#1825,#1826),
 .UNSPECIFIED.,.F.,.F.,(4,1,4),(0.,0.0425299844372875,0.0817510601375467),
 .UNSPECIFIED.);
#461=B_SPLINE_CURVE_WITH_KNOTS('',3,(#1838,#1839,#1840,#1841,#1842),
 .UNSPECIFIED.,.F.,.F.,(4,1,4),(0.,0.0735998466714443,0.128398027624267),
 .UNSPECIFIED.);
#462=B_SPLINE_CURVE_WITH_KNOTS('',3,(#1845,#1846,#1847,#1848,#1849),
 .UNSPECIFIED.,.F.,.F.,(4,1,4),(0.,0.0735998466714443,0.128398027624267),
 .UNSPECIFIED.);
#463=B_SPLINE_CURVE_WITH_KNOTS('',3,(#1879,#1880,#1881,#1882,#1883),
 .UNSPECIFIED.,.F.,.F.,(4,1,4),(0.,0.0595637601303852,0.134315728522564),
 .UNSPECIFIED.);
#464=B_SPLINE_CURVE_WITH_KNOTS('',3,(#1886,#1887,#1888,#1889,#1890),
 .UNSPECIFIED.,.F.,.F.,(4,1,4),(0.,0.0595637601303852,0.134315728522564),
 .UNSPECIFIED.);
#465=B_SPLINE_CURVE_WITH_KNOTS('',3,(#1902,#1903,#1904,#1905,#1906),
 .UNSPECIFIED.,.F.,.F.,(4,1,4),(0.,0.0444491719953053,0.0921925708188198),
 .UNSPECIFIED.);
#466=B_SPLINE_CURVE_WITH_KNOTS('',3,(#1909,#1910,#1911,#1912,#1913),
 .UNSPECIFIED.,.F.,.F.,(4,1,4),(0.,0.0444491719953053,0.0921925708188198),
 .UNSPECIFIED.);
#467=B_SPLINE_CURVE_WITH_KNOTS('',3,(#1925,#1926,#1927,#1928,#1929),
 .UNSPECIFIED.,.F.,.F.,(4,1,4),(0.,0.0420723012515944,0.0850635581900735),
 .UNSPECIFIED.);
#468=B_SPLINE_CURVE_WITH_KNOTS('',3,(#1932,#1933,#1934,#1935,#1936),
 .UNSPECIFIED.,.F.,.F.,(4,1,4),(0.,0.0420723012515944,0.0850635581900735),
 .UNSPECIFIED.);
#469=B_SPLINE_CURVE_WITH_KNOTS('',3,(#1948,#1949,#1950,#1951,#1952),
 .UNSPECIFIED.,.F.,.F.,(4,1,4),(0.,0.0631700105699392,0.113238652574614),
 .UNSPECIFIED.);
#470=B_SPLINE_CURVE_WITH_KNOTS('',3,(#1955,#1956,#1957,#1958,#1959),
 .UNSPECIFIED.,.F.,.F.,(4,1,4),(0.,0.0631700105699392,0.113238652574614),
 .UNSPECIFIED.);
#471=B_SPLINE_CURVE_WITH_KNOTS('',3,(#1971,#1972,#1973,#1974,#1975),
 .UNSPECIFIED.,.F.,.F.,(4,1,4),(0.,0.0615085529154003,0.122658267134179),
 .UNSPECIFIED.);
#472=B_SPLINE_CURVE_WITH_KNOTS('',3,(#1978,#1979,#1980,#1981,#1982),
 .UNSPECIFIED.,.F.,.F.,(4,1,4),(0.,0.0615085529154003,0.122658267134179),
 .UNSPECIFIED.);
#473=B_SPLINE_CURVE_WITH_KNOTS('',3,(#1994,#1995,#1996,#1997,#1998),
 .UNSPECIFIED.,.F.,.F.,(4,1,4),(0.,0.0559017471794649,0.115663170009857),
 .UNSPECIFIED.);
#474=B_SPLINE_CURVE_WITH_KNOTS('',3,(#2001,#2002,#2003,#2004,#2005),
 .UNSPECIFIED.,.F.,.F.,(4,1,4),(0.,0.0559017471794649,0.115663170009857),
 .UNSPECIFIED.);
#475=B_SPLINE_CURVE_WITH_KNOTS('',3,(#2023,#2024,#2025,#2026,#2027),
 .UNSPECIFIED.,.F.,.F.,(4,1,4),(0.,0.0675843408395801,0.126437462342727),
 .UNSPECIFIED.);
#476=B_SPLINE_CURVE_WITH_KNOTS('',3,(#2030,#2031,#2032,#2033,#2034),
 .UNSPECIFIED.,.F.,.F.,(4,1,4),(0.,0.0675843408395801,0.126437462342727),
 .UNSPECIFIED.);
#477=B_SPLINE_CURVE_WITH_KNOTS('',3,(#2046,#2047,#2048,#2049,#2050),
 .UNSPECIFIED.,.F.,.F.,(4,1,4),(0.,0.0722401948392842,0.144302182927671),
 .UNSPECIFIED.);
#478=B_SPLINE_CURVE_WITH_KNOTS('',3,(#2053,#2054,#2055,#2056,#2057),
 .UNSPECIFIED.,.F.,.F.,(4,1,4),(0.,0.0722401948392842,0.144302182927671),
 .UNSPECIFIED.);
#479=B_SPLINE_CURVE_WITH_KNOTS('',3,(#2069,#2070,#2071,#2072,#2073),
 .UNSPECIFIED.,.F.,.F.,(4,1,4),(0.,0.140382876216192,0.31359793650708),
 .UNSPECIFIED.);
#480=B_SPLINE_CURVE_WITH_KNOTS('',3,(#2076,#2077,#2078,#2079,#2080),
 .UNSPECIFIED.,.F.,.F.,(4,1,4),(0.,0.140382876216192,0.31359793650708),
 .UNSPECIFIED.);
#481=B_SPLINE_CURVE_WITH_KNOTS('',3,(#2092,#2093,#2094,#2095,#2096),
 .UNSPECIFIED.,.F.,.F.,(4,1,4),(0.,0.130779279555631,0.254534424838963),
 .UNSPECIFIED.);
#482=B_SPLINE_CURVE_WITH_KNOTS('',3,(#2099,#2100,#2101,#2102,#2103),
 .UNSPECIFIED.,.F.,.F.,(4,1,4),(0.,0.130779279555631,0.254534424838963),
 .UNSPECIFIED.);
#483=B_SPLINE_CURVE_WITH_KNOTS('',3,(#2114,#2115,#2116,#2117,#2118),
 .UNSPECIFIED.,.F.,.F.,(4,1,4),(0.,0.0829370452664816,0.16900728959437),
 .UNSPECIFIED.);
#484=B_SPLINE_CURVE_WITH_KNOTS('',3,(#2119,#2120,#2121,#2122,#2123),
 .UNSPECIFIED.,.F.,.F.,(4,1,4),(0.,0.0829370452664816,0.16900728959437),
 .UNSPECIFIED.);
#485=B_SPLINE_CURVE_WITH_KNOTS('',3,(#2181,#2182,#2183,#2184,#2185,#2186),
 .UNSPECIFIED.,.F.,.F.,(4,2,4),(-0.405379275774894,-0.370827351077117,-0.292179641901221),
 .UNSPECIFIED.);
#486=B_SPLINE_CURVE_WITH_KNOTS('',3,(#2225,#2226,#2227,#2228),
 .UNSPECIFIED.,.F.,.F.,(4,4),(-0.341202070940701,-0.223533393984474),
 .UNSPECIFIED.);
#487=B_SPLINE_CURVE_WITH_KNOTS('',3,(#2233,#2234,#2235,#2236,#2237,#2238,
#2239,#2240,#2241,#2242,#2243,#2244),.UNSPECIFIED.,.F.,.F.,(4,1,1,1,2,1,
1,1,4),(-14.1761534056469,-10.4322031397283,-6.68825287380962,-5.75226530732997,
-4.81627774085031,-4.36105778698695,-3.90583783312359,-3.45061787926024,
-3.06299522221676),.UNSPECIFIED.);
#488=B_SPLINE_CURVE_WITH_KNOTS('',3,(#2251,#2252,#2253,#2254,#2255,#2256),
 .UNSPECIFIED.,.F.,.F.,(4,2,4),(-3.73431283197753,0.,0.658127523792579),
 .UNSPECIFIED.);
#489=B_SPLINE_CURVE_WITH_KNOTS('',3,(#2262,#2263,#2264,#2265),
 .UNSPECIFIED.,.F.,.F.,(4,4),(0.35157981331022,0.491596951342851),
 .UNSPECIFIED.);
#490=B_SPLINE_CURVE_WITH_KNOTS('',3,(#2267,#2268,#2269,#2270),
 .UNSPECIFIED.,.F.,.F.,(4,4),(-0.25413461266421,-0.146479381670212),
 .UNSPECIFIED.);
#491=B_SPLINE_CURVE_WITH_KNOTS('',3,(#2305,#2306,#2307,#2308,#2309,#2310,
#2311,#2312,#2313,#2314,#2315,#2316,#2317,#2318,#2319,#2320,#2321,#2322,
#2323,#2324,#2325,#2326,#2327,#2328,#2329,#2330,#2331,#2332,#2333,#2334,
#2335),.UNSPECIFIED.,.F.,.F.,(4,3,3,3,3,3,3,3,3,3,4),(0.,0.0577996756227775,
0.11118494435605,0.158253613119665,0.164570213089322,0.231204466465486,
0.256192311481548,0.278056675870602,0.278720191080818,0.367074532754306,
0.431107226593979),.UNSPECIFIED.);
#492=B_SPLINE_CURVE_WITH_KNOTS('',3,(#2337,#2338,#2339,#2340),
 .UNSPECIFIED.,.F.,.F.,(4,4),(0.179267271059578,3.74152166891533),
 .UNSPECIFIED.);
#493=B_SPLINE_CURVE_WITH_KNOTS('',3,(#2341,#2342,#2343,#2344,#2345,#2346,
#2347),.UNSPECIFIED.,.F.,.F.,(4,3,4),(0.,0.164806152921887,0.220470395365832),
 .UNSPECIFIED.);
#494=B_SPLINE_CURVE_WITH_KNOTS('',3,(#2358,#2359,#2360,#2361,#2362,#2363,
#2364),.UNSPECIFIED.,.F.,.F.,(4,3,4),(-0.769836132388576,-0.684290532066089,
-0.672069818508705),.UNSPECIFIED.);
#495=B_SPLINE_CURVE_WITH_KNOTS('',3,(#2368,#2369,#2370,#2371),
 .UNSPECIFIED.,.F.,.F.,(4,4),(-0.108496777438763,0.),.UNSPECIFIED.);
#496=B_SPLINE_CURVE_WITH_KNOTS('',3,(#2375,#2376,#2377,#2378,#2379,#2380,
#2381,#2382,#2383,#2384,#2385,#2386,#2387,#2388,#2389,#2390,#2391,#2392,
#2393,#2394,#2395,#2396,#2397,#2398,#2399,#2400,#2401,#2402,#2403,#2404,
#2405,#2406,#2407,#2408,#2409,#2410,#2411,#2412,#2413,#2414,#2415,#2416,
#2417,#2418,#2419,#2420,#2421,#2422,#2423,#2424,#2425,#2426,#2427,#2428,
#2429,#2430,#2431,#2432,#2433,#2434,#2435,#2436,#2437,#2438,#2439,#2440,
#2441,#2442,#2443,#2444,#2445,#2446,#2447,#2448,#2449,#2450,#2451,#2452,
#2453,#2454,#2455,#2456,#2457,#2458,#2459,#2460,#2461,#2462,#2463,#2464,
#2465,#2466,#2467,#2468,#2469,#2470,#2471),.UNSPECIFIED.,.F.,.F.,(4,3,3,
3,3,3,3,3,3,3,3,3,3,3,3,3,3,3,3,3,3,3,3,3,3,3,3,3,3,3,3,3,4),(0.,0.127424420274889,
0.254594493761862,0.365886051054155,0.468469382885811,0.575119136421738,
0.700258200024616,0.731772102108312,0.783381176970183,0.823243614871848,
0.857086126346189,0.894210358455923,0.912185826076404,0.914734211403153,
0.916840138883923,0.919083930688774,0.921012271176671,0.925848386656698,
0.93083074256682,0.935961058121183,0.941236077345487,0.946899824160761,
0.952467808792979,0.95809617720903,0.963747004735842,0.9694467665188,0.974989979349437,
0.980455444575889,0.985792124594825,0.986546051867676,0.991720153866577,
0.996741511453994,0.999341753198424),.UNSPECIFIED.);
#497=B_SPLINE_CURVE_WITH_KNOTS('',3,(#2472,#2473,#2474,#2475),
 .UNSPECIFIED.,.F.,.F.,(4,4),(-0.699230906565375,-0.503604113400567),
 .UNSPECIFIED.);
#498=B_SPLINE_CURVE_WITH_KNOTS('',3,(#2538,#2539,#2540,#2541),
 .UNSPECIFIED.,.F.,.F.,(4,4),(0.295757368396066,0.349158813765496),
 .UNSPECIFIED.);
#499=B_SPLINE_CURVE_WITH_KNOTS('',3,(#2542,#2543,#2544,#2545,#2546,#2547,
#2548,#2549,#2550),.UNSPECIFIED.,.F.,.F.,(4,1,1,1,1,1,4),(0.304197340796314,
2.08495801767016,2.54017797153352,2.99539792539688,3.45061787926024,3.90583783312359,
4.27022654891878),.UNSPECIFIED.);
#500=B_SPLINE_CURVE_WITH_KNOTS('',3,(#2552,#2553,#2554,#2555),
 .UNSPECIFIED.,.F.,.F.,(4,4),(0.50323119324045,1.42318820998409),
 .UNSPECIFIED.);
#501=B_SPLINE_CURVE_WITH_KNOTS('',3,(#2556,#2557,#2558,#2559,#2560,#2561),
 .UNSPECIFIED.,.F.,.F.,(4,2,4),(0.,1.07538519510758,1.95859063654385),
 .UNSPECIFIED.);
#502=B_SPLINE_CURVE_WITH_KNOTS('',3,(#2622,#2623,#2624,#2625),
 .UNSPECIFIED.,.F.,.F.,(4,4),(-0.180112922076202,-0.0986451294182619),
 .UNSPECIFIED.);
#503=B_SPLINE_CURVE_WITH_KNOTS('',3,(#2628,#2629,#2630,#2631),
 .UNSPECIFIED.,.F.,.F.,(4,4),(-4.40151279121959,0.),.UNSPECIFIED.);
#504=B_SPLINE_CURVE_WITH_KNOTS('',3,(#2744,#2745,#2746,#2747,#2748,#2749),
 .UNSPECIFIED.,.F.,.F.,(4,2,4),(-5.21544466984685,-3.61039945053731,-0.349285772603124),
 .UNSPECIFIED.);
#505=VERTEX_POINT('',#1592);
#506=VERTEX_POINT('',#1593);
#507=VERTEX_POINT('',#1599);
#508=VERTEX_POINT('',#1601);
#509=VERTEX_POINT('',#1609);
#510=VERTEX_POINT('',#1611);
#511=VERTEX_POINT('',#1624);
#512=VERTEX_POINT('',#1630);
#513=VERTEX_POINT('',#1647);
#514=VERTEX_POINT('',#1653);
#515=VERTEX_POINT('',#1670);
#516=VERTEX_POINT('',#1676);
#517=VERTEX_POINT('',#1693);
#518=VERTEX_POINT('',#1699);
#519=VERTEX_POINT('',#1716);
#520=VERTEX_POINT('',#1722);
#521=VERTEX_POINT('',#1730);
#522=VERTEX_POINT('',#1732);
#523=VERTEX_POINT('',#1745);
#524=VERTEX_POINT('',#1751);
#525=VERTEX_POINT('',#1768);
#526=VERTEX_POINT('',#1774);
#527=VERTEX_POINT('',#1791);
#528=VERTEX_POINT('',#1797);
#529=VERTEX_POINT('',#1814);
#530=VERTEX_POINT('',#1820);
#531=VERTEX_POINT('',#1837);
#532=VERTEX_POINT('',#1843);
#533=VERTEX_POINT('',#1851);
#534=VERTEX_POINT('',#1853);
#535=VERTEX_POINT('',#1857);
#536=VERTEX_POINT('',#1859);
#537=VERTEX_POINT('',#1863);
#538=VERTEX_POINT('',#1865);
#539=VERTEX_POINT('',#1878);
#540=VERTEX_POINT('',#1884);
#541=VERTEX_POINT('',#1901);
#542=VERTEX_POINT('',#1907);
#543=VERTEX_POINT('',#1924);
#544=VERTEX_POINT('',#1930);
#545=VERTEX_POINT('',#1947);
#546=VERTEX_POINT('',#1953);
#547=VERTEX_POINT('',#1970);
#548=VERTEX_POINT('',#1976);
#549=VERTEX_POINT('',#1993);
#550=VERTEX_POINT('',#1999);
#551=VERTEX_POINT('',#2007);
#552=VERTEX_POINT('',#2009);
#553=VERTEX_POINT('',#2022);
#554=VERTEX_POINT('',#2028);
#555=VERTEX_POINT('',#2045);
#556=VERTEX_POINT('',#2051);
#557=VERTEX_POINT('',#2068);
#558=VERTEX_POINT('',#2074);
#559=VERTEX_POINT('',#2091);
#560=VERTEX_POINT('',#2097);
#561=VERTEX_POINT('',#2126);
#562=VERTEX_POINT('',#2127);
#563=VERTEX_POINT('',#2129);
#564=VERTEX_POINT('',#2131);
#565=VERTEX_POINT('',#2135);
#566=VERTEX_POINT('',#2136);
#567=VERTEX_POINT('',#2141);
#568=VERTEX_POINT('',#2142);
#569=VERTEX_POINT('',#2147);
#570=VERTEX_POINT('',#2148);
#571=VERTEX_POINT('',#2153);
#572=VERTEX_POINT('',#2155);
#573=VERTEX_POINT('',#2159);
#574=VERTEX_POINT('',#2160);
#575=VERTEX_POINT('',#2165);
#576=VERTEX_POINT('',#2166);
#577=VERTEX_POINT('',#2173);
#578=VERTEX_POINT('',#2175);
#579=VERTEX_POINT('',#2179);
#580=VERTEX_POINT('',#2180);
#581=VERTEX_POINT('',#2187);
#582=VERTEX_POINT('',#2189);
#583=VERTEX_POINT('',#2193);
#584=VERTEX_POINT('',#2194);
#585=VERTEX_POINT('',#2199);
#586=VERTEX_POINT('',#2200);
#587=VERTEX_POINT('',#2205);
#588=VERTEX_POINT('',#2206);
#589=VERTEX_POINT('',#2211);
#590=VERTEX_POINT('',#2212);
#591=VERTEX_POINT('',#2217);
#592=VERTEX_POINT('',#2218);
#593=VERTEX_POINT('',#2223);
#594=VERTEX_POINT('',#2224);
#595=VERTEX_POINT('',#2232);
#596=VERTEX_POINT('',#2245);
#597=VERTEX_POINT('',#2247);
#598=VERTEX_POINT('',#2249);
#599=VERTEX_POINT('',#2261);
#600=VERTEX_POINT('',#2266);
#601=VERTEX_POINT('',#2304);
#602=VERTEX_POINT('',#2336);
#603=VERTEX_POINT('',#2349);
#604=VERTEX_POINT('',#2351);
#605=VERTEX_POINT('',#2355);
#606=VERTEX_POINT('',#2357);
#607=VERTEX_POINT('',#2365);
#608=VERTEX_POINT('',#2367);
#609=VERTEX_POINT('',#2374);
#610=VERTEX_POINT('',#2536);
#611=VERTEX_POINT('',#2537);
#612=VERTEX_POINT('',#2551);
#613=VERTEX_POINT('',#2626);
#614=VERTEX_POINT('',#2633);
#615=VERTEX_POINT('',#2634);
#616=VERTEX_POINT('',#2636);
#617=VERTEX_POINT('',#2638);
#618=VERTEX_POINT('',#2642);
#619=VERTEX_POINT('',#2644);
#620=VERTEX_POINT('',#2648);
#621=VERTEX_POINT('',#2649);
#622=VERTEX_POINT('',#2651);
#623=VERTEX_POINT('',#2653);
#624=VERTEX_POINT('',#2657);
#625=VERTEX_POINT('',#2658);
#626=VERTEX_POINT('',#2664);
#627=EDGE_CURVE('',#505,#506,#441,.T.);
#628=EDGE_CURVE('',#505,#507,#217,.T.);
#629=EDGE_CURVE('',#507,#508,#442,.T.);
#630=EDGE_CURVE('',#506,#508,#218,.T.);
#631=EDGE_CURVE('',#509,#505,#219,.T.);
#632=EDGE_CURVE('',#509,#510,#220,.T.);
#633=EDGE_CURVE('',#510,#507,#221,.T.);
#634=EDGE_CURVE('',#511,#509,#443,.T.);
#635=EDGE_CURVE('',#511,#512,#222,.T.);
#636=EDGE_CURVE('',#512,#510,#444,.T.);
#637=EDGE_CURVE('',#513,#511,#445,.T.);
#638=EDGE_CURVE('',#513,#514,#223,.T.);
#639=EDGE_CURVE('',#514,#512,#446,.T.);
#640=EDGE_CURVE('',#515,#513,#447,.T.);
#641=EDGE_CURVE('',#515,#516,#224,.T.);
#642=EDGE_CURVE('',#516,#514,#448,.T.);
#643=EDGE_CURVE('',#517,#515,#449,.T.);
#644=EDGE_CURVE('',#517,#518,#225,.T.);
#645=EDGE_CURVE('',#518,#516,#450,.T.);
#646=EDGE_CURVE('',#519,#517,#451,.T.);
#647=EDGE_CURVE('',#519,#520,#226,.T.);
#648=EDGE_CURVE('',#520,#518,#452,.T.);
#649=EDGE_CURVE('',#521,#519,#227,.T.);
#650=EDGE_CURVE('',#521,#522,#228,.T.);
#651=EDGE_CURVE('',#522,#520,#229,.T.);
#652=EDGE_CURVE('',#523,#521,#453,.T.);
#653=EDGE_CURVE('',#523,#524,#230,.T.);
#654=EDGE_CURVE('',#524,#522,#454,.T.);
#655=EDGE_CURVE('',#525,#523,#455,.T.);
#656=EDGE_CURVE('',#525,#526,#231,.T.);
#657=EDGE_CURVE('',#526,#524,#456,.T.);
#658=EDGE_CURVE('',#527,#525,#457,.T.);
#659=EDGE_CURVE('',#527,#528,#232,.T.);
#660=EDGE_CURVE('',#528,#526,#458,.T.);
#661=EDGE_CURVE('',#529,#527,#459,.T.);
#662=EDGE_CURVE('',#529,#530,#233,.T.);
#663=EDGE_CURVE('',#530,#528,#460,.T.);
#664=EDGE_CURVE('',#531,#529,#461,.T.);
#665=EDGE_CURVE('',#531,#532,#234,.T.);
#666=EDGE_CURVE('',#532,#530,#462,.T.);
#667=EDGE_CURVE('',#533,#531,#235,.T.);
#668=EDGE_CURVE('',#533,#534,#236,.T.);
#669=EDGE_CURVE('',#534,#532,#237,.T.);
#670=EDGE_CURVE('',#535,#533,#238,.T.);
#671=EDGE_CURVE('',#535,#536,#239,.T.);
#672=EDGE_CURVE('',#536,#534,#240,.T.);
#673=EDGE_CURVE('',#537,#535,#241,.T.);
#674=EDGE_CURVE('',#537,#538,#242,.T.);
#675=EDGE_CURVE('',#538,#536,#243,.T.);
#676=EDGE_CURVE('',#539,#537,#463,.T.);
#677=EDGE_CURVE('',#539,#540,#244,.T.);
#678=EDGE_CURVE('',#540,#538,#464,.T.);
#679=EDGE_CURVE('',#541,#539,#465,.T.);
#680=EDGE_CURVE('',#541,#542,#245,.T.);
#681=EDGE_CURVE('',#542,#540,#466,.T.);
#682=EDGE_CURVE('',#543,#541,#467,.T.);
#683=EDGE_CURVE('',#543,#544,#246,.T.);
#684=EDGE_CURVE('',#544,#542,#468,.T.);
#685=EDGE_CURVE('',#545,#543,#469,.T.);
#686=EDGE_CURVE('',#545,#546,#247,.T.);
#687=EDGE_CURVE('',#546,#544,#470,.T.);
#688=EDGE_CURVE('',#547,#545,#471,.T.);
#689=EDGE_CURVE('',#547,#548,#248,.T.);
#690=EDGE_CURVE('',#548,#546,#472,.T.);
#691=EDGE_CURVE('',#549,#547,#473,.T.);
#692=EDGE_CURVE('',#549,#550,#249,.T.);
#693=EDGE_CURVE('',#550,#548,#474,.T.);
#694=EDGE_CURVE('',#551,#549,#250,.T.);
#695=EDGE_CURVE('',#551,#552,#251,.T.);
#696=EDGE_CURVE('',#552,#550,#252,.T.);
#697=EDGE_CURVE('',#553,#551,#475,.T.);
#698=EDGE_CURVE('',#553,#554,#253,.T.);
#699=EDGE_CURVE('',#554,#552,#476,.T.);
#700=EDGE_CURVE('',#555,#553,#477,.T.);
#701=EDGE_CURVE('',#555,#556,#254,.T.);
#702=EDGE_CURVE('',#556,#554,#478,.T.);
#703=EDGE_CURVE('',#557,#555,#479,.T.);
#704=EDGE_CURVE('',#557,#558,#255,.T.);
#705=EDGE_CURVE('',#558,#556,#480,.T.);
#706=EDGE_CURVE('',#559,#557,#481,.T.);
#707=EDGE_CURVE('',#559,#560,#256,.T.);
#708=EDGE_CURVE('',#560,#558,#482,.T.);
#709=EDGE_CURVE('',#506,#559,#483,.T.);
#710=EDGE_CURVE('',#508,#560,#484,.T.);
#711=EDGE_CURVE('',#561,#562,#257,.T.);
#712=EDGE_CURVE('',#562,#563,#258,.T.);
#713=EDGE_CURVE('',#563,#564,#259,.T.);
#714=EDGE_CURVE('',#564,#561,#260,.T.);
#715=EDGE_CURVE('',#565,#566,#261,.T.);
#716=EDGE_CURVE('',#566,#564,#22,.T.);
#717=EDGE_CURVE('',#563,#565,#23,.T.);
#718=EDGE_CURVE('',#567,#568,#262,.T.);
#719=EDGE_CURVE('',#568,#566,#263,.T.);
#720=EDGE_CURVE('',#565,#567,#264,.T.);
#721=EDGE_CURVE('',#569,#570,#265,.T.);
#722=EDGE_CURVE('',#570,#568,#24,.T.);
#723=EDGE_CURVE('',#567,#569,#25,.T.);
#724=EDGE_CURVE('',#569,#571,#266,.T.);
#725=EDGE_CURVE('',#571,#572,#267,.T.);
#726=EDGE_CURVE('',#572,#570,#268,.T.);
#727=EDGE_CURVE('',#573,#574,#269,.T.);
#728=EDGE_CURVE('',#574,#572,#26,.T.);
#729=EDGE_CURVE('',#571,#573,#27,.T.);
#730=EDGE_CURVE('',#575,#576,#270,.T.);
#731=EDGE_CURVE('',#576,#574,#271,.T.);
#732=EDGE_CURVE('',#573,#575,#272,.T.);
#733=EDGE_CURVE('',#575,#562,#273,.T.);
#734=EDGE_CURVE('',#577,#561,#274,.T.);
#735=EDGE_CURVE('',#578,#577,#275,.F.);
#736=EDGE_CURVE('',#576,#578,#276,.F.);
#737=EDGE_CURVE('',#579,#580,#485,.T.);
#738=EDGE_CURVE('',#579,#581,#277,.T.);
#739=EDGE_CURVE('',#581,#582,#278,.T.);
#740=EDGE_CURVE('',#582,#580,#279,.T.);
#741=EDGE_CURVE('',#583,#584,#280,.T.);
#742=EDGE_CURVE('',#584,#582,#28,.T.);
#743=EDGE_CURVE('',#581,#583,#29,.T.);
#744=EDGE_CURVE('',#585,#586,#281,.T.);
#745=EDGE_CURVE('',#586,#584,#282,.T.);
#746=EDGE_CURVE('',#583,#585,#283,.T.);
#747=EDGE_CURVE('',#587,#588,#284,.T.);
#748=EDGE_CURVE('',#588,#586,#30,.T.);
#749=EDGE_CURVE('',#585,#587,#31,.T.);
#750=EDGE_CURVE('',#589,#590,#285,.T.);
#751=EDGE_CURVE('',#590,#588,#286,.T.);
#752=EDGE_CURVE('',#587,#589,#287,.T.);
#753=EDGE_CURVE('',#591,#592,#288,.T.);
#754=EDGE_CURVE('',#592,#590,#32,.T.);
#755=EDGE_CURVE('',#589,#591,#33,.T.);
#756=EDGE_CURVE('',#593,#594,#486,.F.);
#757=EDGE_CURVE('',#594,#592,#289,.T.);
#758=EDGE_CURVE('',#591,#593,#290,.T.);
#759=EDGE_CURVE('',#595,#579,#487,.T.);
#760=EDGE_CURVE('',#595,#596,#291,.T.);
#761=EDGE_CURVE('',#596,#597,#292,.T.);
#762=EDGE_CURVE('',#597,#598,#293,.T.);
#763=EDGE_CURVE('',#593,#598,#488,.T.);
#764=EDGE_CURVE('',#566,#590,#294,.T.);
#765=EDGE_CURVE('',#592,#564,#295,.T.);
#766=EDGE_CURVE('',#599,#594,#489,.T.);
#767=EDGE_CURVE('',#599,#600,#490,.T.);
#768=EDGE_CURVE('',#600,#577,#296,.T.);
#769=EDGE_CURVE('',#570,#586,#297,.T.);
#770=EDGE_CURVE('',#588,#568,#298,.T.);
#771=EDGE_CURVE('',#584,#572,#299,.T.);
#772=EDGE_CURVE('',#574,#582,#300,.T.);
#773=EDGE_CURVE('',#601,#598,#491,.T.);
#774=EDGE_CURVE('',#601,#602,#492,.T.);
#775=EDGE_CURVE('',#602,#600,#493,.T.);
#776=EDGE_CURVE('',#596,#603,#301,.T.);
#777=EDGE_CURVE('',#603,#604,#302,.T.);
#778=EDGE_CURVE('',#604,#597,#303,.T.);
#779=EDGE_CURVE('',#605,#603,#304,.T.);
#780=EDGE_CURVE('',#606,#605,#494,.T.);
#781=EDGE_CURVE('',#607,#606,#305,.T.);
#782=EDGE_CURVE('',#608,#607,#495,.T.);
#783=EDGE_CURVE('',#604,#608,#306,.T.);
#784=EDGE_CURVE('',#595,#609,#496,.T.);
#785=EDGE_CURVE('',#609,#605,#497,.F.);
#786=EDGE_CURVE('',#610,#611,#498,.F.);
#787=EDGE_CURVE('',#610,#609,#499,.T.);
#788=EDGE_CURVE('',#580,#612,#500,.T.);
#789=EDGE_CURVE('',#612,#611,#501,.T.);
#790=EDGE_CURVE('',#608,#601,#502,.F.);
#791=EDGE_CURVE('',#613,#607,#307,.T.);
#792=EDGE_CURVE('',#602,#613,#503,.T.);
#793=EDGE_CURVE('',#614,#615,#308,.T.);
#794=EDGE_CURVE('',#615,#616,#309,.F.);
#795=EDGE_CURVE('',#616,#617,#310,.T.);
#796=EDGE_CURVE('',#617,#614,#311,.F.);
#797=EDGE_CURVE('',#616,#618,#312,.F.);
#798=EDGE_CURVE('',#618,#619,#313,.F.);
#799=EDGE_CURVE('',#619,#617,#314,.F.);
#800=EDGE_CURVE('',#620,#621,#315,.T.);
#801=EDGE_CURVE('',#621,#622,#316,.F.);
#802=EDGE_CURVE('',#622,#623,#317,.T.);
#803=EDGE_CURVE('',#623,#620,#318,.F.);
#804=EDGE_CURVE('',#624,#625,#319,.F.);
#805=EDGE_CURVE('',#625,#621,#320,.F.);
#806=EDGE_CURVE('',#620,#624,#321,.T.);
#807=EDGE_CURVE('',#626,#606,#322,.T.);
#808=EDGE_CURVE('',#613,#626,#323,.T.);
#809=EDGE_CURVE('',#614,#623,#324,.T.);
#810=EDGE_CURVE('',#624,#619,#325,.T.);
#811=EDGE_CURVE('',#618,#625,#326,.T.);
#812=EDGE_CURVE('',#622,#615,#327,.T.);
#813=EDGE_CURVE('',#626,#610,#504,.T.);
#814=EDGE_CURVE('',#611,#578,#328,.T.);
#815=ORIENTED_EDGE('',*,*,#627,.F.);
#816=ORIENTED_EDGE('',*,*,#628,.T.);
#817=ORIENTED_EDGE('',*,*,#629,.T.);
#818=ORIENTED_EDGE('',*,*,#630,.F.);
#819=ORIENTED_EDGE('',*,*,#631,.F.);
#820=ORIENTED_EDGE('',*,*,#632,.T.);
#821=ORIENTED_EDGE('',*,*,#633,.T.);
#822=ORIENTED_EDGE('',*,*,#628,.F.);
#823=ORIENTED_EDGE('',*,*,#634,.F.);
#824=ORIENTED_EDGE('',*,*,#635,.T.);
#825=ORIENTED_EDGE('',*,*,#636,.T.);
#826=ORIENTED_EDGE('',*,*,#632,.F.);
#827=ORIENTED_EDGE('',*,*,#637,.F.);
#828=ORIENTED_EDGE('',*,*,#638,.T.);
#829=ORIENTED_EDGE('',*,*,#639,.T.);
#830=ORIENTED_EDGE('',*,*,#635,.F.);
#831=ORIENTED_EDGE('',*,*,#640,.F.);
#832=ORIENTED_EDGE('',*,*,#641,.T.);
#833=ORIENTED_EDGE('',*,*,#642,.T.);
#834=ORIENTED_EDGE('',*,*,#638,.F.);
#835=ORIENTED_EDGE('',*,*,#643,.F.);
#836=ORIENTED_EDGE('',*,*,#644,.T.);
#837=ORIENTED_EDGE('',*,*,#645,.T.);
#838=ORIENTED_EDGE('',*,*,#641,.F.);
#839=ORIENTED_EDGE('',*,*,#646,.F.);
#840=ORIENTED_EDGE('',*,*,#647,.T.);
#841=ORIENTED_EDGE('',*,*,#648,.T.);
#842=ORIENTED_EDGE('',*,*,#644,.F.);
#843=ORIENTED_EDGE('',*,*,#649,.F.);
#844=ORIENTED_EDGE('',*,*,#650,.T.);
#845=ORIENTED_EDGE('',*,*,#651,.T.);
#846=ORIENTED_EDGE('',*,*,#647,.F.);
#847=ORIENTED_EDGE('',*,*,#652,.F.);
#848=ORIENTED_EDGE('',*,*,#653,.T.);
#849=ORIENTED_EDGE('',*,*,#654,.T.);
#850=ORIENTED_EDGE('',*,*,#650,.F.);
#851=ORIENTED_EDGE('',*,*,#655,.F.);
#852=ORIENTED_EDGE('',*,*,#656,.T.);
#853=ORIENTED_EDGE('',*,*,#657,.T.);
#854=ORIENTED_EDGE('',*,*,#653,.F.);
#855=ORIENTED_EDGE('',*,*,#658,.F.);
#856=ORIENTED_EDGE('',*,*,#659,.T.);
#857=ORIENTED_EDGE('',*,*,#660,.T.);
#858=ORIENTED_EDGE('',*,*,#656,.F.);
#859=ORIENTED_EDGE('',*,*,#661,.F.);
#860=ORIENTED_EDGE('',*,*,#662,.T.);
#861=ORIENTED_EDGE('',*,*,#663,.T.);
#862=ORIENTED_EDGE('',*,*,#659,.F.);
#863=ORIENTED_EDGE('',*,*,#664,.F.);
#864=ORIENTED_EDGE('',*,*,#665,.T.);
#865=ORIENTED_EDGE('',*,*,#666,.T.);
#866=ORIENTED_EDGE('',*,*,#662,.F.);
#867=ORIENTED_EDGE('',*,*,#667,.F.);
#868=ORIENTED_EDGE('',*,*,#668,.T.);
#869=ORIENTED_EDGE('',*,*,#669,.T.);
#870=ORIENTED_EDGE('',*,*,#665,.F.);
#871=ORIENTED_EDGE('',*,*,#670,.F.);
#872=ORIENTED_EDGE('',*,*,#671,.T.);
#873=ORIENTED_EDGE('',*,*,#672,.T.);
#874=ORIENTED_EDGE('',*,*,#668,.F.);
#875=ORIENTED_EDGE('',*,*,#673,.F.);
#876=ORIENTED_EDGE('',*,*,#674,.T.);
#877=ORIENTED_EDGE('',*,*,#675,.T.);
#878=ORIENTED_EDGE('',*,*,#671,.F.);
#879=ORIENTED_EDGE('',*,*,#676,.F.);
#880=ORIENTED_EDGE('',*,*,#677,.T.);
#881=ORIENTED_EDGE('',*,*,#678,.T.);
#882=ORIENTED_EDGE('',*,*,#674,.F.);
#883=ORIENTED_EDGE('',*,*,#679,.F.);
#884=ORIENTED_EDGE('',*,*,#680,.T.);
#885=ORIENTED_EDGE('',*,*,#681,.T.);
#886=ORIENTED_EDGE('',*,*,#677,.F.);
#887=ORIENTED_EDGE('',*,*,#682,.F.);
#888=ORIENTED_EDGE('',*,*,#683,.T.);
#889=ORIENTED_EDGE('',*,*,#684,.T.);
#890=ORIENTED_EDGE('',*,*,#680,.F.);
#891=ORIENTED_EDGE('',*,*,#685,.F.);
#892=ORIENTED_EDGE('',*,*,#686,.T.);
#893=ORIENTED_EDGE('',*,*,#687,.T.);
#894=ORIENTED_EDGE('',*,*,#683,.F.);
#895=ORIENTED_EDGE('',*,*,#688,.F.);
#896=ORIENTED_EDGE('',*,*,#689,.T.);
#897=ORIENTED_EDGE('',*,*,#690,.T.);
#898=ORIENTED_EDGE('',*,*,#686,.F.);
#899=ORIENTED_EDGE('',*,*,#691,.F.);
#900=ORIENTED_EDGE('',*,*,#692,.T.);
#901=ORIENTED_EDGE('',*,*,#693,.T.);
#902=ORIENTED_EDGE('',*,*,#689,.F.);
#903=ORIENTED_EDGE('',*,*,#694,.F.);
#904=ORIENTED_EDGE('',*,*,#695,.T.);
#905=ORIENTED_EDGE('',*,*,#696,.T.);
#906=ORIENTED_EDGE('',*,*,#692,.F.);
#907=ORIENTED_EDGE('',*,*,#697,.F.);
#908=ORIENTED_EDGE('',*,*,#698,.T.);
#909=ORIENTED_EDGE('',*,*,#699,.T.);
#910=ORIENTED_EDGE('',*,*,#695,.F.);
#911=ORIENTED_EDGE('',*,*,#700,.F.);
#912=ORIENTED_EDGE('',*,*,#701,.T.);
#913=ORIENTED_EDGE('',*,*,#702,.T.);
#914=ORIENTED_EDGE('',*,*,#698,.F.);
#915=ORIENTED_EDGE('',*,*,#703,.F.);
#916=ORIENTED_EDGE('',*,*,#704,.T.);
#917=ORIENTED_EDGE('',*,*,#705,.T.);
#918=ORIENTED_EDGE('',*,*,#701,.F.);
#919=ORIENTED_EDGE('',*,*,#706,.F.);
#920=ORIENTED_EDGE('',*,*,#707,.T.);
#921=ORIENTED_EDGE('',*,*,#708,.T.);
#922=ORIENTED_EDGE('',*,*,#704,.F.);
#923=ORIENTED_EDGE('',*,*,#709,.F.);
#924=ORIENTED_EDGE('',*,*,#630,.T.);
#925=ORIENTED_EDGE('',*,*,#710,.T.);
#926=ORIENTED_EDGE('',*,*,#707,.F.);
#927=ORIENTED_EDGE('',*,*,#710,.F.);
#928=ORIENTED_EDGE('',*,*,#629,.F.);
#929=ORIENTED_EDGE('',*,*,#633,.F.);
#930=ORIENTED_EDGE('',*,*,#636,.F.);
#931=ORIENTED_EDGE('',*,*,#639,.F.);
#932=ORIENTED_EDGE('',*,*,#642,.F.);
#933=ORIENTED_EDGE('',*,*,#645,.F.);
#934=ORIENTED_EDGE('',*,*,#648,.F.);
#935=ORIENTED_EDGE('',*,*,#651,.F.);
#936=ORIENTED_EDGE('',*,*,#654,.F.);
#937=ORIENTED_EDGE('',*,*,#657,.F.);
#938=ORIENTED_EDGE('',*,*,#660,.F.);
#939=ORIENTED_EDGE('',*,*,#663,.F.);
#940=ORIENTED_EDGE('',*,*,#666,.F.);
#941=ORIENTED_EDGE('',*,*,#669,.F.);
#942=ORIENTED_EDGE('',*,*,#672,.F.);
#943=ORIENTED_EDGE('',*,*,#675,.F.);
#944=ORIENTED_EDGE('',*,*,#678,.F.);
#945=ORIENTED_EDGE('',*,*,#681,.F.);
#946=ORIENTED_EDGE('',*,*,#684,.F.);
#947=ORIENTED_EDGE('',*,*,#687,.F.);
#948=ORIENTED_EDGE('',*,*,#690,.F.);
#949=ORIENTED_EDGE('',*,*,#693,.F.);
#950=ORIENTED_EDGE('',*,*,#696,.F.);
#951=ORIENTED_EDGE('',*,*,#699,.F.);
#952=ORIENTED_EDGE('',*,*,#702,.F.);
#953=ORIENTED_EDGE('',*,*,#705,.F.);
#954=ORIENTED_EDGE('',*,*,#708,.F.);
#955=ORIENTED_EDGE('',*,*,#711,.T.);
#956=ORIENTED_EDGE('',*,*,#712,.T.);
#957=ORIENTED_EDGE('',*,*,#713,.T.);
#958=ORIENTED_EDGE('',*,*,#714,.T.);
#959=ORIENTED_EDGE('',*,*,#715,.T.);
#960=ORIENTED_EDGE('',*,*,#716,.T.);
#961=ORIENTED_EDGE('',*,*,#713,.F.);
#962=ORIENTED_EDGE('',*,*,#717,.T.);
#963=ORIENTED_EDGE('',*,*,#718,.T.);
#964=ORIENTED_EDGE('',*,*,#719,.T.);
#965=ORIENTED_EDGE('',*,*,#715,.F.);
#966=ORIENTED_EDGE('',*,*,#720,.T.);
#967=ORIENTED_EDGE('',*,*,#721,.T.);
#968=ORIENTED_EDGE('',*,*,#722,.T.);
#969=ORIENTED_EDGE('',*,*,#718,.F.);
#970=ORIENTED_EDGE('',*,*,#723,.T.);
#971=ORIENTED_EDGE('',*,*,#721,.F.);
#972=ORIENTED_EDGE('',*,*,#724,.T.);
#973=ORIENTED_EDGE('',*,*,#725,.T.);
#974=ORIENTED_EDGE('',*,*,#726,.T.);
#975=ORIENTED_EDGE('',*,*,#727,.T.);
#976=ORIENTED_EDGE('',*,*,#728,.T.);
#977=ORIENTED_EDGE('',*,*,#725,.F.);
#978=ORIENTED_EDGE('',*,*,#729,.T.);
#979=ORIENTED_EDGE('',*,*,#730,.T.);
#980=ORIENTED_EDGE('',*,*,#731,.T.);
#981=ORIENTED_EDGE('',*,*,#727,.F.);
#982=ORIENTED_EDGE('',*,*,#732,.T.);
#983=ORIENTED_EDGE('',*,*,#732,.F.);
#984=ORIENTED_EDGE('',*,*,#729,.F.);
#985=ORIENTED_EDGE('',*,*,#724,.F.);
#986=ORIENTED_EDGE('',*,*,#723,.F.);
#987=ORIENTED_EDGE('',*,*,#720,.F.);
#988=ORIENTED_EDGE('',*,*,#717,.F.);
#989=ORIENTED_EDGE('',*,*,#712,.F.);
#990=ORIENTED_EDGE('',*,*,#733,.F.);
#991=ORIENTED_EDGE('',*,*,#730,.F.);
#992=ORIENTED_EDGE('',*,*,#733,.T.);
#993=ORIENTED_EDGE('',*,*,#711,.F.);
#994=ORIENTED_EDGE('',*,*,#734,.F.);
#995=ORIENTED_EDGE('',*,*,#735,.F.);
#996=ORIENTED_EDGE('',*,*,#736,.F.);
#997=ORIENTED_EDGE('',*,*,#737,.F.);
#998=ORIENTED_EDGE('',*,*,#738,.T.);
#999=ORIENTED_EDGE('',*,*,#739,.T.);
#1000=ORIENTED_EDGE('',*,*,#740,.T.);
#1001=ORIENTED_EDGE('',*,*,#741,.T.);
#1002=ORIENTED_EDGE('',*,*,#742,.T.);
#1003=ORIENTED_EDGE('',*,*,#739,.F.);
#1004=ORIENTED_EDGE('',*,*,#743,.T.);
#1005=ORIENTED_EDGE('',*,*,#744,.T.);
#1006=ORIENTED_EDGE('',*,*,#745,.T.);
#1007=ORIENTED_EDGE('',*,*,#741,.F.);
#1008=ORIENTED_EDGE('',*,*,#746,.T.);
#1009=ORIENTED_EDGE('',*,*,#747,.T.);
#1010=ORIENTED_EDGE('',*,*,#748,.T.);
#1011=ORIENTED_EDGE('',*,*,#744,.F.);
#1012=ORIENTED_EDGE('',*,*,#749,.T.);
#1013=ORIENTED_EDGE('',*,*,#750,.T.);
#1014=ORIENTED_EDGE('',*,*,#751,.T.);
#1015=ORIENTED_EDGE('',*,*,#747,.F.);
#1016=ORIENTED_EDGE('',*,*,#752,.T.);
#1017=ORIENTED_EDGE('',*,*,#753,.T.);
#1018=ORIENTED_EDGE('',*,*,#754,.T.);
#1019=ORIENTED_EDGE('',*,*,#750,.F.);
#1020=ORIENTED_EDGE('',*,*,#755,.T.);
#1021=ORIENTED_EDGE('',*,*,#756,.T.);
#1022=ORIENTED_EDGE('',*,*,#757,.T.);
#1023=ORIENTED_EDGE('',*,*,#753,.F.);
#1024=ORIENTED_EDGE('',*,*,#758,.T.);
#1025=ORIENTED_EDGE('',*,*,#758,.F.);
#1026=ORIENTED_EDGE('',*,*,#755,.F.);
#1027=ORIENTED_EDGE('',*,*,#752,.F.);
#1028=ORIENTED_EDGE('',*,*,#749,.F.);
#1029=ORIENTED_EDGE('',*,*,#746,.F.);
#1030=ORIENTED_EDGE('',*,*,#743,.F.);
#1031=ORIENTED_EDGE('',*,*,#738,.F.);
#1032=ORIENTED_EDGE('',*,*,#759,.F.);
#1033=ORIENTED_EDGE('',*,*,#760,.T.);
#1034=ORIENTED_EDGE('',*,*,#761,.T.);
#1035=ORIENTED_EDGE('',*,*,#762,.T.);
#1036=ORIENTED_EDGE('',*,*,#763,.F.);
#1037=ORIENTED_EDGE('',*,*,#627,.T.);
#1038=ORIENTED_EDGE('',*,*,#709,.T.);
#1039=ORIENTED_EDGE('',*,*,#706,.T.);
#1040=ORIENTED_EDGE('',*,*,#703,.T.);
#1041=ORIENTED_EDGE('',*,*,#700,.T.);
#1042=ORIENTED_EDGE('',*,*,#697,.T.);
#1043=ORIENTED_EDGE('',*,*,#694,.T.);
#1044=ORIENTED_EDGE('',*,*,#691,.T.);
#1045=ORIENTED_EDGE('',*,*,#688,.T.);
#1046=ORIENTED_EDGE('',*,*,#685,.T.);
#1047=ORIENTED_EDGE('',*,*,#682,.T.);
#1048=ORIENTED_EDGE('',*,*,#679,.T.);
#1049=ORIENTED_EDGE('',*,*,#676,.T.);
#1050=ORIENTED_EDGE('',*,*,#673,.T.);
#1051=ORIENTED_EDGE('',*,*,#670,.T.);
#1052=ORIENTED_EDGE('',*,*,#667,.T.);
#1053=ORIENTED_EDGE('',*,*,#664,.T.);
#1054=ORIENTED_EDGE('',*,*,#661,.T.);
#1055=ORIENTED_EDGE('',*,*,#658,.T.);
#1056=ORIENTED_EDGE('',*,*,#655,.T.);
#1057=ORIENTED_EDGE('',*,*,#652,.T.);
#1058=ORIENTED_EDGE('',*,*,#649,.T.);
#1059=ORIENTED_EDGE('',*,*,#646,.T.);
#1060=ORIENTED_EDGE('',*,*,#643,.T.);
#1061=ORIENTED_EDGE('',*,*,#640,.T.);
#1062=ORIENTED_EDGE('',*,*,#637,.T.);
#1063=ORIENTED_EDGE('',*,*,#634,.T.);
#1064=ORIENTED_EDGE('',*,*,#631,.T.);
#1065=ORIENTED_EDGE('',*,*,#716,.F.);
#1066=ORIENTED_EDGE('',*,*,#764,.T.);
#1067=ORIENTED_EDGE('',*,*,#754,.F.);
#1068=ORIENTED_EDGE('',*,*,#765,.T.);
#1069=ORIENTED_EDGE('',*,*,#714,.F.);
#1070=ORIENTED_EDGE('',*,*,#765,.F.);
#1071=ORIENTED_EDGE('',*,*,#757,.F.);
#1072=ORIENTED_EDGE('',*,*,#766,.F.);
#1073=ORIENTED_EDGE('',*,*,#767,.T.);
#1074=ORIENTED_EDGE('',*,*,#768,.T.);
#1075=ORIENTED_EDGE('',*,*,#734,.T.);
#1076=ORIENTED_EDGE('',*,*,#722,.F.);
#1077=ORIENTED_EDGE('',*,*,#769,.T.);
#1078=ORIENTED_EDGE('',*,*,#748,.F.);
#1079=ORIENTED_EDGE('',*,*,#770,.T.);
#1080=ORIENTED_EDGE('',*,*,#726,.F.);
#1081=ORIENTED_EDGE('',*,*,#771,.F.);
#1082=ORIENTED_EDGE('',*,*,#745,.F.);
#1083=ORIENTED_EDGE('',*,*,#769,.F.);
#1084=ORIENTED_EDGE('',*,*,#728,.F.);
#1085=ORIENTED_EDGE('',*,*,#772,.T.);
#1086=ORIENTED_EDGE('',*,*,#742,.F.);
#1087=ORIENTED_EDGE('',*,*,#771,.T.);
#1088=ORIENTED_EDGE('',*,*,#719,.F.);
#1089=ORIENTED_EDGE('',*,*,#770,.F.);
#1090=ORIENTED_EDGE('',*,*,#751,.F.);
#1091=ORIENTED_EDGE('',*,*,#764,.F.);
#1092=ORIENTED_EDGE('',*,*,#767,.F.);
#1093=ORIENTED_EDGE('',*,*,#766,.T.);
#1094=ORIENTED_EDGE('',*,*,#756,.F.);
#1095=ORIENTED_EDGE('',*,*,#763,.T.);
#1096=ORIENTED_EDGE('',*,*,#773,.F.);
#1097=ORIENTED_EDGE('',*,*,#774,.T.);
#1098=ORIENTED_EDGE('',*,*,#775,.T.);
#1099=ORIENTED_EDGE('',*,*,#776,.T.);
#1100=ORIENTED_EDGE('',*,*,#777,.T.);
#1101=ORIENTED_EDGE('',*,*,#778,.T.);
#1102=ORIENTED_EDGE('',*,*,#761,.F.);
#1103=ORIENTED_EDGE('',*,*,#779,.F.);
#1104=ORIENTED_EDGE('',*,*,#780,.F.);
#1105=ORIENTED_EDGE('',*,*,#781,.F.);
#1106=ORIENTED_EDGE('',*,*,#782,.F.);
#1107=ORIENTED_EDGE('',*,*,#783,.F.);
#1108=ORIENTED_EDGE('',*,*,#777,.F.);
#1109=ORIENTED_EDGE('',*,*,#760,.F.);
#1110=ORIENTED_EDGE('',*,*,#784,.T.);
#1111=ORIENTED_EDGE('',*,*,#785,.T.);
#1112=ORIENTED_EDGE('',*,*,#779,.T.);
#1113=ORIENTED_EDGE('',*,*,#776,.F.);
#1114=ORIENTED_EDGE('',*,*,#786,.F.);
#1115=ORIENTED_EDGE('',*,*,#787,.T.);
#1116=ORIENTED_EDGE('',*,*,#784,.F.);
#1117=ORIENTED_EDGE('',*,*,#759,.T.);
#1118=ORIENTED_EDGE('',*,*,#737,.T.);
#1119=ORIENTED_EDGE('',*,*,#788,.T.);
#1120=ORIENTED_EDGE('',*,*,#789,.T.);
#1121=ORIENTED_EDGE('',*,*,#774,.F.);
#1122=ORIENTED_EDGE('',*,*,#790,.F.);
#1123=ORIENTED_EDGE('',*,*,#782,.T.);
#1124=ORIENTED_EDGE('',*,*,#791,.F.);
#1125=ORIENTED_EDGE('',*,*,#792,.F.);
#1126=ORIENTED_EDGE('',*,*,#793,.T.);
#1127=ORIENTED_EDGE('',*,*,#794,.T.);
#1128=ORIENTED_EDGE('',*,*,#795,.T.);
#1129=ORIENTED_EDGE('',*,*,#796,.T.);
#1130=ORIENTED_EDGE('',*,*,#795,.F.);
#1131=ORIENTED_EDGE('',*,*,#797,.T.);
#1132=ORIENTED_EDGE('',*,*,#798,.T.);
#1133=ORIENTED_EDGE('',*,*,#799,.T.);
#1134=ORIENTED_EDGE('',*,*,#800,.T.);
#1135=ORIENTED_EDGE('',*,*,#801,.T.);
#1136=ORIENTED_EDGE('',*,*,#802,.T.);
#1137=ORIENTED_EDGE('',*,*,#803,.T.);
#1138=ORIENTED_EDGE('',*,*,#804,.T.);
#1139=ORIENTED_EDGE('',*,*,#805,.T.);
#1140=ORIENTED_EDGE('',*,*,#800,.F.);
#1141=ORIENTED_EDGE('',*,*,#806,.T.);
#1142=ORIENTED_EDGE('',*,*,#778,.F.);
#1143=ORIENTED_EDGE('',*,*,#783,.T.);
#1144=ORIENTED_EDGE('',*,*,#790,.T.);
#1145=ORIENTED_EDGE('',*,*,#773,.T.);
#1146=ORIENTED_EDGE('',*,*,#762,.F.);
#1147=ORIENTED_EDGE('',*,*,#781,.T.);
#1148=ORIENTED_EDGE('',*,*,#807,.F.);
#1149=ORIENTED_EDGE('',*,*,#808,.F.);
#1150=ORIENTED_EDGE('',*,*,#791,.T.);
#1151=ORIENTED_EDGE('',*,*,#809,.F.);
#1152=ORIENTED_EDGE('',*,*,#796,.F.);
#1153=ORIENTED_EDGE('',*,*,#799,.F.);
#1154=ORIENTED_EDGE('',*,*,#810,.F.);
#1155=ORIENTED_EDGE('',*,*,#806,.F.);
#1156=ORIENTED_EDGE('',*,*,#803,.F.);
#1157=ORIENTED_EDGE('',*,*,#798,.F.);
#1158=ORIENTED_EDGE('',*,*,#811,.T.);
#1159=ORIENTED_EDGE('',*,*,#804,.F.);
#1160=ORIENTED_EDGE('',*,*,#810,.T.);
#1161=ORIENTED_EDGE('',*,*,#812,.F.);
#1162=ORIENTED_EDGE('',*,*,#801,.F.);
#1163=ORIENTED_EDGE('',*,*,#805,.F.);
#1164=ORIENTED_EDGE('',*,*,#811,.F.);
#1165=ORIENTED_EDGE('',*,*,#797,.F.);
#1166=ORIENTED_EDGE('',*,*,#794,.F.);
#1167=ORIENTED_EDGE('',*,*,#807,.T.);
#1168=ORIENTED_EDGE('',*,*,#780,.T.);
#1169=ORIENTED_EDGE('',*,*,#785,.F.);
#1170=ORIENTED_EDGE('',*,*,#787,.F.);
#1171=ORIENTED_EDGE('',*,*,#813,.F.);
#1172=ORIENTED_EDGE('',*,*,#731,.F.);
#1173=ORIENTED_EDGE('',*,*,#736,.T.);
#1174=ORIENTED_EDGE('',*,*,#814,.F.);
#1175=ORIENTED_EDGE('',*,*,#789,.F.);
#1176=ORIENTED_EDGE('',*,*,#788,.F.);
#1177=ORIENTED_EDGE('',*,*,#740,.F.);
#1178=ORIENTED_EDGE('',*,*,#772,.F.);
#1179=ORIENTED_EDGE('',*,*,#768,.F.);
#1180=ORIENTED_EDGE('',*,*,#775,.F.);
#1181=ORIENTED_EDGE('',*,*,#792,.T.);
#1182=ORIENTED_EDGE('',*,*,#808,.T.);
#1183=ORIENTED_EDGE('',*,*,#813,.T.);
#1184=ORIENTED_EDGE('',*,*,#786,.T.);
#1185=ORIENTED_EDGE('',*,*,#814,.T.);
#1186=ORIENTED_EDGE('',*,*,#735,.T.);
#1187=ORIENTED_EDGE('',*,*,#793,.F.);
#1188=ORIENTED_EDGE('',*,*,#809,.T.);
#1189=ORIENTED_EDGE('',*,*,#802,.F.);
#1190=ORIENTED_EDGE('',*,*,#812,.T.);
#1191=B_SPLINE_SURFACE_WITH_KNOTS('',3,1,((#1582,#1583),(#1584,#1585),(#1586,
#1587),(#1588,#1589),(#1590,#1591)),.UNSPECIFIED.,.F.,.F.,.F.,(4,1,4),(2,
2),(0.,0.0942085928485931,0.1800742233034),(0.,0.0400000000000015),
 .UNSPECIFIED.);
#1192=B_SPLINE_SURFACE_WITH_KNOTS('',3,1,((#1614,#1615),(#1616,#1617),(#1618,
#1619),(#1620,#1621),(#1622,#1623)),.UNSPECIFIED.,.F.,.F.,.F.,(4,1,4),(2,
2),(0.,0.0802810871066953,0.166980520030322),(0.,0.0400000000000015),
 .UNSPECIFIED.);
#1193=B_SPLINE_SURFACE_WITH_KNOTS('',3,1,((#1637,#1638),(#1639,#1640),(#1641,
#1642),(#1643,#1644),(#1645,#1646)),.UNSPECIFIED.,.F.,.F.,.F.,(4,1,4),(2,
2),(0.,0.0868727492101777,0.16732442657757),(0.,0.0400000000000015),
 .UNSPECIFIED.);
#1194=B_SPLINE_SURFACE_WITH_KNOTS('',3,1,((#1660,#1661),(#1662,#1663),(#1664,
#1665),(#1666,#1667),(#1668,#1669)),.UNSPECIFIED.,.F.,.F.,.F.,(4,1,4),(2,
2),(0.,0.107241539690086,0.21667137446184),(0.,0.0400000000000015),
 .UNSPECIFIED.);
#1195=B_SPLINE_SURFACE_WITH_KNOTS('',3,1,((#1683,#1684),(#1685,#1686),(#1687,
#1688),(#1689,#1690),(#1691,#1692)),.UNSPECIFIED.,.F.,.F.,.F.,(4,1,4),(2,
2),(0.,0.14897542950357,0.272019945795512),(0.,0.0400000000000015),
 .UNSPECIFIED.);
#1196=B_SPLINE_SURFACE_WITH_KNOTS('',3,1,((#1706,#1707),(#1708,#1709),(#1710,
#1711),(#1712,#1713),(#1714,#1715)),.UNSPECIFIED.,.F.,.F.,.F.,(4,1,4),(2,
2),(0.,0.130048323457514,0.261402578039607),(0.,0.0400000000000015),
 .UNSPECIFIED.);
#1197=B_SPLINE_SURFACE_WITH_KNOTS('',3,1,((#1735,#1736),(#1737,#1738),(#1739,
#1740),(#1741,#1742),(#1743,#1744)),.UNSPECIFIED.,.F.,.F.,.F.,(4,1,4),(2,
2),(0.,0.0979299085515943,0.203506500714086),(0.,0.0400000000000015),
 .UNSPECIFIED.);
#1198=B_SPLINE_SURFACE_WITH_KNOTS('',3,1,((#1758,#1759),(#1760,#1761),(#1762,
#1763),(#1764,#1765),(#1766,#1767)),.UNSPECIFIED.,.F.,.F.,.F.,(4,1,4),(2,
2),(0.,0.0421382282964319,0.0970950000044196),(0.,0.0400000000000015),
 .UNSPECIFIED.);
#1199=B_SPLINE_SURFACE_WITH_KNOTS('',3,1,((#1781,#1782),(#1783,#1784),(#1785,
#1786),(#1787,#1788),(#1789,#1790)),.UNSPECIFIED.,.F.,.F.,.F.,(4,1,4),(2,
2),(0.,0.0363644056921027,0.0718223866257609),(0.,0.0400000000000015),
 .UNSPECIFIED.);
#1200=B_SPLINE_SURFACE_WITH_KNOTS('',3,1,((#1804,#1805),(#1806,#1807),(#1808,
#1809),(#1810,#1811),(#1812,#1813)),.UNSPECIFIED.,.F.,.F.,.F.,(4,1,4),(2,
2),(0.,0.0425299844372875,0.0817510601375467),(0.,0.0400000000000015),
 .UNSPECIFIED.);
#1201=B_SPLINE_SURFACE_WITH_KNOTS('',3,1,((#1827,#1828),(#1829,#1830),(#1831,
#1832),(#1833,#1834),(#1835,#1836)),.UNSPECIFIED.,.F.,.F.,.F.,(4,1,4),(2,
2),(0.,0.0735998466714443,0.128398027624267),(0.,0.0400000000000015),
 .UNSPECIFIED.);
#1202=B_SPLINE_SURFACE_WITH_KNOTS('',3,1,((#1868,#1869),(#1870,#1871),(#1872,
#1873),(#1874,#1875),(#1876,#1877)),.UNSPECIFIED.,.F.,.F.,.F.,(4,1,4),(2,
2),(0.,0.0595637601303852,0.134315728522564),(0.,0.0400000000000015),
 .UNSPECIFIED.);
#1203=B_SPLINE_SURFACE_WITH_KNOTS('',3,1,((#1891,#1892),(#1893,#1894),(#1895,
#1896),(#1897,#1898),(#1899,#1900)),.UNSPECIFIED.,.F.,.F.,.F.,(4,1,4),(2,
2),(0.,0.0444491719953053,0.0921925708188198),(0.,0.0400000000000015),
 .UNSPECIFIED.);
#1204=B_SPLINE_SURFACE_WITH_KNOTS('',3,1,((#1914,#1915),(#1916,#1917),(#1918,
#1919),(#1920,#1921),(#1922,#1923)),.UNSPECIFIED.,.F.,.F.,.F.,(4,1,4),(2,
2),(0.,0.0420723012515944,0.0850635581900735),(0.,0.0400000000000015),
 .UNSPECIFIED.);
#1205=B_SPLINE_SURFACE_WITH_KNOTS('',3,1,((#1937,#1938),(#1939,#1940),(#1941,
#1942),(#1943,#1944),(#1945,#1946)),.UNSPECIFIED.,.F.,.F.,.F.,(4,1,4),(2,
2),(0.,0.0631700105699392,0.113238652574614),(0.,0.0400000000000015),
 .UNSPECIFIED.);
#1206=B_SPLINE_SURFACE_WITH_KNOTS('',3,1,((#1960,#1961),(#1962,#1963),(#1964,
#1965),(#1966,#1967),(#1968,#1969)),.UNSPECIFIED.,.F.,.F.,.F.,(4,1,4),(2,
2),(0.,0.0615085529154003,0.122658267134179),(0.,0.0400000000000015),
 .UNSPECIFIED.);
#1207=B_SPLINE_SURFACE_WITH_KNOTS('',3,1,((#1983,#1984),(#1985,#1986),(#1987,
#1988),(#1989,#1990),(#1991,#1992)),.UNSPECIFIED.,.F.,.F.,.F.,(4,1,4),(2,
2),(0.,0.0559017471794649,0.115663170009857),(0.,0.0400000000000015),
 .UNSPECIFIED.);
#1208=B_SPLINE_SURFACE_WITH_KNOTS('',3,1,((#2012,#2013),(#2014,#2015),(#2016,
#2017),(#2018,#2019),(#2020,#2021)),.UNSPECIFIED.,.F.,.F.,.F.,(4,1,4),(2,
2),(0.,0.0675843408395801,0.126437462342727),(0.,0.0400000000000015),
 .UNSPECIFIED.);
#1209=B_SPLINE_SURFACE_WITH_KNOTS('',3,1,((#2035,#2036),(#2037,#2038),(#2039,
#2040),(#2041,#2042),(#2043,#2044)),.UNSPECIFIED.,.F.,.F.,.F.,(4,1,4),(2,
2),(0.,0.0722401948392842,0.144302182927671),(0.,0.0400000000000015),
 .UNSPECIFIED.);
#1210=B_SPLINE_SURFACE_WITH_KNOTS('',3,1,((#2058,#2059),(#2060,#2061),(#2062,
#2063),(#2064,#2065),(#2066,#2067)),.UNSPECIFIED.,.F.,.F.,.F.,(4,1,4),(2,
2),(0.,0.140382876216192,0.31359793650708),(0.,0.0400000000000015),
 .UNSPECIFIED.);
#1211=B_SPLINE_SURFACE_WITH_KNOTS('',3,1,((#2081,#2082),(#2083,#2084),(#2085,
#2086),(#2087,#2088),(#2089,#2090)),.UNSPECIFIED.,.F.,.F.,.F.,(4,1,4),(2,
2),(0.,0.130779279555631,0.254534424838963),(0.,0.0400000000000015),
 .UNSPECIFIED.);
#1212=B_SPLINE_SURFACE_WITH_KNOTS('',3,1,((#2104,#2105),(#2106,#2107),(#2108,
#2109),(#2110,#2111),(#2112,#2113)),.UNSPECIFIED.,.F.,.F.,.F.,(4,1,4),(2,
2),(0.,0.0829370452664816,0.16900728959437),(0.,0.0400000000000015),
 .UNSPECIFIED.);
#1213=B_SPLINE_SURFACE_WITH_KNOTS('',3,3,((#2280,#2281,#2282,#2283,#2284,
#2285),(#2286,#2287,#2288,#2289,#2290,#2291),(#2292,#2293,#2294,#2295,#2296,
#2297),(#2298,#2299,#2300,#2301,#2302,#2303)),.UNSPECIFIED.,.F.,.F.,.F.,
(4,4),(4,2,4),(-1.49795061033528E-12,1.50000000000681),(-3.91297759053671,
0.,0.658127523792579),.UNSPECIFIED.);
#1214=B_SPLINE_SURFACE_WITH_KNOTS('',3,3,((#2476,#2477,#2478,#2479,#2480,
#2481,#2482,#2483,#2484,#2485,#2486,#2487,#2488,#2489,#2490),(#2491,#2492,
#2493,#2494,#2495,#2496,#2497,#2498,#2499,#2500,#2501,#2502,#2503,#2504,
#2505),(#2506,#2507,#2508,#2509,#2510,#2511,#2512,#2513,#2514,#2515,#2516,
#2517,#2518,#2519,#2520),(#2521,#2522,#2523,#2524,#2525,#2526,#2527,#2528,
#2529,#2530,#2531,#2532,#2533,#2534,#2535)),.UNSPECIFIED.,.F.,.F.,.F.,(4,
4),(4,1,1,1,2,1,1,1,1,1,1,4),(-1.52169316492638E-14,1.50000000000004),(-14.1761534056469,
-10.4322031397283,-6.68825287380962,-5.75226530732997,-4.81627774085031,
-4.36105778698695,-3.90583783312359,-3.45061787926024,-2.99539792539688,
-2.54017797153352,-2.08495801767016,-0.264078202216734),.UNSPECIFIED.);
#1215=ADVANCED_FACE('',(#75),#1191,.F.);
#1216=ADVANCED_FACE('',(#76),#40,.F.);
#1217=ADVANCED_FACE('',(#77),#1192,.F.);
#1218=ADVANCED_FACE('',(#78),#1193,.F.);
#1219=ADVANCED_FACE('',(#79),#1194,.F.);
#1220=ADVANCED_FACE('',(#80),#1195,.F.);
#1221=ADVANCED_FACE('',(#81),#1196,.F.);
#1222=ADVANCED_FACE('',(#82),#41,.F.);
#1223=ADVANCED_FACE('',(#83),#1197,.F.);
#1224=ADVANCED_FACE('',(#84),#1198,.F.);
#1225=ADVANCED_FACE('',(#85),#1199,.F.);
#1226=ADVANCED_FACE('',(#86),#1200,.F.);
#1227=ADVANCED_FACE('',(#87),#1201,.F.);
#1228=ADVANCED_FACE('',(#88),#42,.F.);
#1229=ADVANCED_FACE('',(#89),#43,.F.);
#1230=ADVANCED_FACE('',(#90),#44,.F.);
#1231=ADVANCED_FACE('',(#91),#1202,.F.);
#1232=ADVANCED_FACE('',(#92),#1203,.F.);
#1233=ADVANCED_FACE('',(#93),#1204,.F.);
#1234=ADVANCED_FACE('',(#94),#1205,.F.);
#1235=ADVANCED_FACE('',(#95),#1206,.F.);
#1236=ADVANCED_FACE('',(#96),#1207,.F.);
#1237=ADVANCED_FACE('',(#97),#45,.F.);
#1238=ADVANCED_FACE('',(#98),#1208,.F.);
#1239=ADVANCED_FACE('',(#99),#1209,.F.);
#1240=ADVANCED_FACE('',(#100),#1210,.F.);
#1241=ADVANCED_FACE('',(#101),#1211,.F.);
#1242=ADVANCED_FACE('',(#102),#1212,.F.);
#1243=ADVANCED_FACE('',(#103),#46,.T.);
#1244=ADVANCED_FACE('',(#104),#47,.T.);
#1245=ADVANCED_FACE('',(#105),#34,.T.);
#1246=ADVANCED_FACE('',(#106),#48,.T.);
#1247=ADVANCED_FACE('',(#107),#35,.T.);
#1248=ADVANCED_FACE('',(#108),#49,.T.);
#1249=ADVANCED_FACE('',(#109),#36,.T.);
#1250=ADVANCED_FACE('',(#110),#50,.T.);
#1251=ADVANCED_FACE('',(#111),#51,.T.);
#1252=ADVANCED_FACE('',(#112),#52,.T.);
#1253=ADVANCED_FACE('',(#113),#53,.T.);
#1254=ADVANCED_FACE('',(#114),#37,.T.);
#1255=ADVANCED_FACE('',(#115),#54,.T.);
#1256=ADVANCED_FACE('',(#116),#38,.T.);
#1257=ADVANCED_FACE('',(#117),#55,.T.);
#1258=ADVANCED_FACE('',(#118),#39,.T.);
#1259=ADVANCED_FACE('',(#119),#56,.T.);
#1260=ADVANCED_FACE('',(#120,#20),#57,.T.);
#1261=ADVANCED_FACE('',(#121),#17,.T.);
#1262=ADVANCED_FACE('',(#122),#58,.T.);
#1263=ADVANCED_FACE('',(#123),#18,.T.);
#1264=ADVANCED_FACE('',(#124),#59,.T.);
#1265=ADVANCED_FACE('',(#125),#19,.T.);
#1266=ADVANCED_FACE('',(#126),#60,.T.);
#1267=ADVANCED_FACE('',(#127),#1213,.T.);
#1268=ADVANCED_FACE('',(#128),#61,.T.);
#1269=ADVANCED_FACE('',(#129),#62,.T.);
#1270=ADVANCED_FACE('',(#130),#63,.T.);
#1271=ADVANCED_FACE('',(#131),#1214,.T.);
#1272=ADVANCED_FACE('',(#132),#15,.T.);
#1273=ADVANCED_FACE('',(#133),#64,.T.);
#1274=ADVANCED_FACE('',(#134),#65,.F.);
#1275=ADVANCED_FACE('',(#135),#66,.T.);
#1276=ADVANCED_FACE('',(#136),#67,.F.);
#1277=ADVANCED_FACE('',(#137),#68,.T.);
#1278=ADVANCED_FACE('',(#138),#69,.T.);
#1279=ADVANCED_FACE('',(#139),#70,.F.);
#1280=ADVANCED_FACE('',(#140),#71,.F.);
#1281=ADVANCED_FACE('',(#141),#72,.F.);
#1282=ADVANCED_FACE('',(#142),#16,.T.);
#1283=ADVANCED_FACE('',(#143),#73,.T.);
#1284=ADVANCED_FACE('',(#144,#21),#74,.T.);
#1285=CLOSED_SHELL('',(#1215,#1216,#1217,#1218,#1219,#1220,#1221,#1222,
#1223,#1224,#1225,#1226,#1227,#1228,#1229,#1230,#1231,#1232,#1233,#1234,
#1235,#1236,#1237,#1238,#1239,#1240,#1241,#1242,#1243,#1244,#1245,#1246,
#1247,#1248,#1249,#1250,#1251,#1252,#1253,#1254,#1255,#1256,#1257,#1258,
#1259,#1260,#1261,#1262,#1263,#1264,#1265,#1266,#1267,#1268,#1269,#1270,
#1271,#1272,#1273,#1274,#1275,#1276,#1277,#1278,#1279,#1280,#1281,#1282,
#1283,#1284));
#1286=DERIVED_UNIT_ELEMENT(#1288,1.);
#1287=DERIVED_UNIT_ELEMENT(#2758,-3.);
#1288=(
MASS_UNIT()
NAMED_UNIT(*)
SI_UNIT(.KILO.,.GRAM.)
);
#1289=DERIVED_UNIT((#1286,#1287));
#1290=MEASURE_REPRESENTATION_ITEM('density measure',
POSITIVE_RATIO_MEASURE(7850.),#1289);
#1291=PROPERTY_DEFINITION_REPRESENTATION(#1296,#1293);
#1292=PROPERTY_DEFINITION_REPRESENTATION(#1297,#1294);
#1293=REPRESENTATION('material name',(#1295),#2755);
#1294=REPRESENTATION('density',(#1290),#2755);
#1295=DESCRIPTIVE_REPRESENTATION_ITEM('Steel','Steel');
#1296=PROPERTY_DEFINITION('material property','material name',#2765);
#1297=PROPERTY_DEFINITION('material property','density of part',#2765);
#1298=AXIS2_PLACEMENT_3D('',#1581,#1355,#1356);
#1299=AXIS2_PLACEMENT_3D('',#1608,#1359,#1360);
#1300=AXIS2_PLACEMENT_3D('',#1729,#1369,#1370);
#1301=AXIS2_PLACEMENT_3D('',#1850,#1379,#1380);
#1302=AXIS2_PLACEMENT_3D('',#1856,#1384,#1385);
#1303=AXIS2_PLACEMENT_3D('',#1862,#1389,#1390);
#1304=AXIS2_PLACEMENT_3D('',#2006,#1400,#1401);
#1305=AXIS2_PLACEMENT_3D('',#2124,#1409,#1410);
#1306=AXIS2_PLACEMENT_3D('',#2125,#1411,#1412);
#1307=AXIS2_PLACEMENT_3D('',#2134,#1417,#1418);
#1308=AXIS2_PLACEMENT_3D('',#2138,#1420,#1421);
#1309=AXIS2_PLACEMENT_3D('',#2139,#1422,#1423);
#1310=AXIS2_PLACEMENT_3D('',#2140,#1424,#1425);
#1311=AXIS2_PLACEMENT_3D('',#2146,#1429,#1430);
#1312=AXIS2_PLACEMENT_3D('',#2150,#1432,#1433);
#1313=AXIS2_PLACEMENT_3D('',#2151,#1434,#1435);
#1314=AXIS2_PLACEMENT_3D('',#2152,#1436,#1437);
#1315=AXIS2_PLACEMENT_3D('',#2158,#1441,#1442);
#1316=AXIS2_PLACEMENT_3D('',#2162,#1444,#1445);
#1317=AXIS2_PLACEMENT_3D('',#2163,#1446,#1447);
#1318=AXIS2_PLACEMENT_3D('',#2164,#1448,#1449);
#1319=AXIS2_PLACEMENT_3D('',#2170,#1453,#1454);
#1320=AXIS2_PLACEMENT_3D('',#2172,#1456,#1457);
#1321=AXIS2_PLACEMENT_3D('',#2178,#1461,#1462);
#1322=AXIS2_PLACEMENT_3D('',#2192,#1466,#1467);
#1323=AXIS2_PLACEMENT_3D('',#2196,#1469,#1470);
#1324=AXIS2_PLACEMENT_3D('',#2197,#1471,#1472);
#1325=AXIS2_PLACEMENT_3D('',#2198,#1473,#1474);
#1326=AXIS2_PLACEMENT_3D('',#2204,#1478,#1479);
#1327=AXIS2_PLACEMENT_3D('',#2208,#1481,#1482);
#1328=AXIS2_PLACEMENT_3D('',#2209,#1483,#1484);
#1329=AXIS2_PLACEMENT_3D('',#2210,#1485,#1486);
#1330=AXIS2_PLACEMENT_3D('',#2216,#1490,#1491);
#1331=AXIS2_PLACEMENT_3D('',#2220,#1493,#1494);
#1332=AXIS2_PLACEMENT_3D('',#2221,#1495,#1496);
#1333=AXIS2_PLACEMENT_3D('',#2222,#1497,#1498);
#1334=AXIS2_PLACEMENT_3D('',#2231,#1501,#1502);
#1335=AXIS2_PLACEMENT_3D('',#2257,#1506,#1507);
#1336=AXIS2_PLACEMENT_3D('',#2260,#1510,#1511);
#1337=AXIS2_PLACEMENT_3D('',#2272,#1513,#1514);
#1338=AXIS2_PLACEMENT_3D('',#2275,#1517,#1518);
#1339=AXIS2_PLACEMENT_3D('',#2277,#1520,#1521);
#1340=AXIS2_PLACEMENT_3D('',#2279,#1523,#1524);
#1341=AXIS2_PLACEMENT_3D('',#2348,#1525,#1526);
#1342=AXIS2_PLACEMENT_3D('',#2354,#1530,#1531);
#1343=AXIS2_PLACEMENT_3D('',#2373,#1535,#1536);
#1344=AXIS2_PLACEMENT_3D('',#2632,#1538,#1539);
#1345=AXIS2_PLACEMENT_3D('',#2641,#1544,#1545);
#1346=AXIS2_PLACEMENT_3D('',#2647,#1549,#1550);
#1347=AXIS2_PLACEMENT_3D('',#2656,#1555,#1556);
#1348=AXIS2_PLACEMENT_3D('',#2662,#1560,#1561);
#1349=AXIS2_PLACEMENT_3D('',#2663,#1562,#1563);
#1350=AXIS2_PLACEMENT_3D('',#2667,#1566,#1567);
#1351=AXIS2_PLACEMENT_3D('',#2670,#1570,#1571);
#1352=AXIS2_PLACEMENT_3D('',#2672,#1573,#1574);
#1353=AXIS2_PLACEMENT_3D('',#2750,#1576,#1577);
#1354=AXIS2_PLACEMENT_3D('',#2752,#1579,#1580);
#1355=DIRECTION('axis',(0.,0.,1.));
#1356=DIRECTION('refdir',(1.,0.,0.));
#1357=DIRECTION('',(0.927183854566904,-5.32907051820056E-13,0.374606593415625));
#1358=DIRECTION('',(0.927183854566904,-5.32907051820056E-13,0.374606593415625));
#1359=DIRECTION('center_axis',(-4.9410281443235E-13,-1.,-1.99630495289608E-13));
#1360=DIRECTION('ref_axis',(0.374606593415874,0.,-0.927183854566803));
#1361=DIRECTION('',(0.374606593415912,-2.1633721464781E-26,-0.927183854566787));
#1362=DIRECTION('',(0.927183854566904,-5.32907051820056E-13,0.374606593415625));
#1363=DIRECTION('',(0.374606593415874,-6.12310105713632E-29,-0.927183854566803));
#1364=DIRECTION('',(0.927183854566904,-5.32907051820056E-13,0.374606593415625));
#1365=DIRECTION('',(0.927183854566904,-5.32907051820056E-13,0.374606593415625));
#1366=DIRECTION('',(0.927183854566904,-5.32907051820056E-13,0.374606593415625));
#1367=DIRECTION('',(0.927183854566904,-5.32907051820056E-13,0.374606593415625));
#1368=DIRECTION('',(0.927183854566904,-5.32907051820056E-13,0.374606593415625));
#1369=DIRECTION('center_axis',(4.9410281443235E-13,1.,1.99630495289608E-13));
#1370=DIRECTION('ref_axis',(-0.374606593415874,0.,0.927183854566803));
#1371=DIRECTION('',(-0.374606593415912,2.1633721464781E-26,0.927183854566787));
#1372=DIRECTION('',(0.927183854566904,-5.32907051820056E-13,0.374606593415625));
#1373=DIRECTION('',(-0.374606593415874,6.12310105713632E-29,0.927183854566803));
#1374=DIRECTION('',(0.927183854566904,-5.32907051820056E-13,0.374606593415625));
#1375=DIRECTION('',(0.927183854566904,-5.32907051820056E-13,0.374606593415625));
#1376=DIRECTION('',(0.927183854566904,-5.32907051820056E-13,0.374606593415625));
#1377=DIRECTION('',(0.927183854566904,-5.32907051820056E-13,0.374606593415625));
#1378=DIRECTION('',(0.927183854566904,-5.32907051820056E-13,0.374606593415625));
#1379=DIRECTION('center_axis',(-0.374606593415625,8.80842086769782E-27,
0.927183854566904));
#1380=DIRECTION('ref_axis',(2.63521497103817E-14,-1.,1.06469595901285E-14));
#1381=DIRECTION('',(-3.29969253462191E-27,-1.,8.16702561275859E-27));
#1382=DIRECTION('',(0.927183854566904,-5.32907051820056E-13,0.374606593415625));
#1383=DIRECTION('',(2.63521497103818E-14,-1.,1.06469595901285E-14));
#1384=DIRECTION('center_axis',(4.9410281443235E-13,1.,1.99630495289608E-13));
#1385=DIRECTION('ref_axis',(-0.374606593415874,0.,0.927183854566803));
#1386=DIRECTION('',(-0.374606593415912,2.1633721464781E-26,0.927183854566787));
#1387=DIRECTION('',(0.927183854566904,-5.32907051820056E-13,0.374606593415625));
#1388=DIRECTION('',(-0.374606593415874,6.12310105713632E-29,0.927183854566803));
#1389=DIRECTION('center_axis',(0.374606593415625,-8.80842086769782E-27,
-0.927183854566904));
#1390=DIRECTION('ref_axis',(-2.63521497103817E-14,1.,-1.06469595901285E-14));
#1391=DIRECTION('',(3.29969253462191E-27,1.,-8.16702561275859E-27));
#1392=DIRECTION('',(0.927183854566904,-5.32907051820056E-13,0.374606593415625));
#1393=DIRECTION('',(-2.63521497103818E-14,1.,-1.06469595901285E-14));
#1394=DIRECTION('',(0.927183854566904,-5.32907051820056E-13,0.374606593415625));
#1395=DIRECTION('',(0.927183854566904,-5.32907051820056E-13,0.374606593415625));
#1396=DIRECTION('',(0.927183854566904,-5.32907051820056E-13,0.374606593415625));
#1397=DIRECTION('',(0.927183854566904,-5.32907051820056E-13,0.374606593415625));
#1398=DIRECTION('',(0.927183854566904,-5.32907051820056E-13,0.374606593415625));
#1399=DIRECTION('',(0.927183854566904,-5.32907051820056E-13,0.374606593415625));
#1400=DIRECTION('center_axis',(4.9410281443235E-13,1.,1.99630495289608E-13));
#1401=DIRECTION('ref_axis',(-0.374606593415874,0.,0.927183854566803));
#1402=DIRECTION('',(-0.374606593415912,2.1633721464781E-26,0.927183854566787));
#1403=DIRECTION('',(0.927183854566904,-5.32907051820056E-13,0.374606593415625));
#1404=DIRECTION('',(-0.374606593415874,6.12310105713632E-29,0.927183854566803));
#1405=DIRECTION('',(0.927183854566904,-5.32907051820056E-13,0.374606593415625));
#1406=DIRECTION('',(0.927183854566904,-5.32907051820056E-13,0.374606593415625));
#1407=DIRECTION('',(0.927183854566904,-5.32907051820056E-13,0.374606593415625));
#1408=DIRECTION('',(0.927183854566904,-5.32907051820056E-13,0.374606593415625));
#1409=DIRECTION('center_axis',(-0.927183854566894,5.1500678474428E-13,-0.374606593415648));
#1410=DIRECTION('ref_axis',(-4.77505975807249E-13,-1.,-1.92924937219137E-13));
#1411=DIRECTION('center_axis',(0.443708500985565,-0.424264068711941,0.789381255258277));
#1412=DIRECTION('ref_axis',(0.8717257667305,0.,-0.489994068962188));
#1413=DIRECTION('',(0.8717257667305,0.,-0.489994068962188));
#1414=DIRECTION('',(-0.224763956049547,0.8,0.556310312740072));
#1415=DIRECTION('',(-0.867527480956134,-0.424264068711924,0.259607530295073));
#1416=DIRECTION('',(0.224763956049547,-0.8,-0.556310312740072));
#1417=DIRECTION('center_axis',(-0.927183854566785,0.,-0.374606593415919));
#1418=DIRECTION('ref_axis',(-0.355383018513276,-0.316227766016837,0.879603837049608));
#1419=DIRECTION('',(-0.920504853452435,0.,0.390731128489286));
#1420=DIRECTION('center_axis',(0.927183854566787,0.,0.374606593415912));
#1421=DIRECTION('ref_axis',(-0.355383018513277,-0.316227766016837,0.879603837049607));
#1422=DIRECTION('center_axis',(-0.927183854566787,0.,-0.374606593415912));
#1423=DIRECTION('ref_axis',(-0.355383018513275,-0.316227766016837,0.879603837049608));
#1424=DIRECTION('center_axis',(0.390731128489286,0.,0.920504853452435));
#1425=DIRECTION('ref_axis',(0.920504853452435,0.,-0.390731128489286));
#1426=DIRECTION('',(-0.92050485345243,0.,0.390731128489299));
#1427=DIRECTION('',(0.,-1.,0.));
#1428=DIRECTION('',(0.,1.,0.));
#1429=DIRECTION('center_axis',(-0.927183854566783,0.,-0.374606593415923));
#1430=DIRECTION('ref_axis',(-0.264886862481588,0.70710678118655,0.655617990970853));
#1431=DIRECTION('',(-0.655617990970881,0.707106781186512,-0.264886862481618));
#1432=DIRECTION('center_axis',(0.927183854566787,0.,0.374606593415912));
#1433=DIRECTION('ref_axis',(-0.264886862481592,0.70710678118655,0.655617990970851));
#1434=DIRECTION('center_axis',(-0.927183854566787,0.,-0.374606593415912));
#1435=DIRECTION('ref_axis',(-0.264886862481582,0.70710678118655,0.655617990970855));
#1436=DIRECTION('center_axis',(0.655617990970843,0.707106781186563,0.264886862481578));
#1437=DIRECTION('ref_axis',(0.374606593415912,0.,-0.927183854566787));
#1438=DIRECTION('',(0.374606593415912,0.,-0.927183854566787));
#1439=DIRECTION('',(-0.655617990970869,0.707106781186532,-0.264886862481594));
#1440=DIRECTION('',(-0.374606593415912,0.,0.927183854566787));
#1441=DIRECTION('center_axis',(-0.927183854566788,0.,-0.374606593415912));
#1442=DIRECTION('ref_axis',(0.264886862481588,0.70710678118655,-0.655617990970853));
#1443=DIRECTION('',(-0.390731128489206,0.,-0.920504853452469));
#1444=DIRECTION('center_axis',(0.927183854566787,0.,0.374606593415912));
#1445=DIRECTION('ref_axis',(0.264886862481592,0.70710678118655,-0.655617990970851));
#1446=DIRECTION('center_axis',(-0.927183854566787,0.,-0.374606593415912));
#1447=DIRECTION('ref_axis',(0.264886862481582,0.70710678118655,-0.655617990970855));
#1448=DIRECTION('center_axis',(0.920504853452428,0.,-0.390731128489303));
#1449=DIRECTION('ref_axis',(-0.390731128489303,0.,-0.920504853452428));
#1450=DIRECTION('',(-0.390731128489303,0.,-0.920504853452428));
#1451=DIRECTION('',(0.,1.,0.));
#1452=DIRECTION('',(0.,-1.,0.));
#1453=DIRECTION('center_axis',(0.927183854566787,0.,0.374606593415912));
#1454=DIRECTION('ref_axis',(0.,1.,0.));
#1455=DIRECTION('',(-0.374606593415912,0.,0.927183854566787));
#1456=DIRECTION('center_axis',(0.,-1.,0.));
#1457=DIRECTION('ref_axis',(0.927183854566787,0.,0.374606593415912));
#1458=DIRECTION('',(0.927183854566787,0.,0.374606593415912));
#1459=DIRECTION('',(0.374606593415912,0.,-0.927183854566787));
#1460=DIRECTION('',(0.927183854566787,0.,0.374606593415912));
#1461=DIRECTION('center_axis',(-0.390731128489246,0.,-0.920504853452452));
#1462=DIRECTION('ref_axis',(-0.920504853452452,0.,0.390731128489246));
#1463=DIRECTION('',(0.,1.,0.));
#1464=DIRECTION('',(0.920504853452452,0.,-0.390731128489246));
#1465=DIRECTION('',(0.,-1.,0.));
#1466=DIRECTION('center_axis',(0.927183854566785,0.,0.374606593415919));
#1467=DIRECTION('ref_axis',(0.264886862481588,0.70710678118655,-0.655617990970853));
#1468=DIRECTION('',(0.655617990970854,0.707106781186548,0.264886862481588));
#1469=DIRECTION('center_axis',(-0.927183854566787,0.,-0.374606593415912));
#1470=DIRECTION('ref_axis',(0.264886862481592,0.70710678118655,-0.655617990970851));
#1471=DIRECTION('center_axis',(0.927183854566787,0.,0.374606593415912));
#1472=DIRECTION('ref_axis',(0.264886862481582,0.70710678118655,-0.655617990970855));
#1473=DIRECTION('center_axis',(-0.655617990970843,0.707106781186563,-0.264886862481578));
#1474=DIRECTION('ref_axis',(-0.374606593415912,0.,0.927183854566787));
#1475=DIRECTION('',(0.655617990970869,0.707106781186532,0.264886862481594));
#1476=DIRECTION('',(0.374606593415912,0.,-0.927183854566787));
#1477=DIRECTION('',(-0.374606593415912,0.,0.927183854566787));
#1478=DIRECTION('center_axis',(0.927183854566786,0.,0.374606593415915));
#1479=DIRECTION('ref_axis',(-0.264886862481588,0.70710678118655,0.655617990970853));
#1480=DIRECTION('',(0.390731128489238,0.,0.920504853452455));
#1481=DIRECTION('center_axis',(-0.927183854566787,0.,-0.374606593415912));
#1482=DIRECTION('ref_axis',(-0.264886862481592,0.70710678118655,0.655617990970851));
#1483=DIRECTION('center_axis',(0.927183854566787,0.,0.374606593415912));
#1484=DIRECTION('ref_axis',(-0.264886862481582,0.70710678118655,0.655617990970855));
#1485=DIRECTION('center_axis',(-0.920504853452433,0.,0.390731128489291));
#1486=DIRECTION('ref_axis',(0.390731128489291,0.,0.920504853452433));
#1487=DIRECTION('',(0.390731128489286,0.,0.920504853452435));
#1488=DIRECTION('',(0.,1.,0.));
#1489=DIRECTION('',(0.,-1.,0.));
#1490=DIRECTION('center_axis',(0.927183854566786,0.,0.374606593415915));
#1491=DIRECTION('ref_axis',(-0.355383018513276,-0.316227766016837,0.879603837049608));
#1492=DIRECTION('',(0.443708500985575,-0.424264068711925,0.78938125525828));
#1493=DIRECTION('center_axis',(-0.927183854566787,0.,-0.374606593415912));
#1494=DIRECTION('ref_axis',(-0.355383018513277,-0.316227766016837,0.879603837049607));
#1495=DIRECTION('center_axis',(0.927183854566787,0.,0.374606593415912));
#1496=DIRECTION('ref_axis',(-0.355383018513275,-0.316227766016837,0.879603837049608));
#1497=DIRECTION('center_axis',(-0.86752748095612,-0.424264068711932,0.259607530295109));
#1498=DIRECTION('ref_axis',(0.286688557510109,0.,0.958023836338519));
#1499=DIRECTION('',(-0.224763956049547,0.8,0.556310312740072));
#1500=DIRECTION('',(0.224763956049547,-0.8,-0.556310312740072));
#1501=DIRECTION('center_axis',(-0.927183854566787,0.,-0.374606593415912));
#1502=DIRECTION('ref_axis',(0.,-1.,0.));
#1503=DIRECTION('',(0.,1.,0.));
#1504=DIRECTION('',(-0.374606593415912,0.,0.927183854566787));
#1505=DIRECTION('',(0.,-1.,0.));
#1506=DIRECTION('center_axis',(-0.927183854566787,-9.25185853854298E-17,
-0.374606593415912));
#1507=DIRECTION('ref_axis',(-0.355383018513277,-0.316227766016837,0.879603837049607));
#1508=DIRECTION('',(-0.927183854566787,-9.25185853854298E-17,-0.374606593415912));
#1509=DIRECTION('',(0.927183854566787,9.25185853854298E-17,0.374606593415912));
#1510=DIRECTION('center_axis',(-0.29968527473273,-0.6,0.74174708365343));
#1511=DIRECTION('ref_axis',(0.927183854566787,0.,0.374606593415912));
#1512=DIRECTION('',(0.615684219137748,-0.715541752799933,-0.330049908808866));
#1513=DIRECTION('center_axis',(-0.927183854566787,0.,-0.374606593415912));
#1514=DIRECTION('ref_axis',(-0.264886862481592,0.70710678118655,0.655617990970851));
#1515=DIRECTION('',(-0.927183854566787,0.,-0.374606593415912));
#1516=DIRECTION('',(0.927183854566787,0.,0.374606593415912));
#1517=DIRECTION('center_axis',(0.,1.,0.));
#1518=DIRECTION('ref_axis',(-0.927183854566787,0.,-0.374606593415912));
#1519=DIRECTION('',(0.927183854566787,0.,0.374606593415912));
#1520=DIRECTION('center_axis',(0.927183854566787,0.,0.374606593415912));
#1521=DIRECTION('ref_axis',(0.264886862481592,0.70710678118655,-0.655617990970851));
#1522=DIRECTION('',(-0.927183854566787,0.,-0.374606593415912));
#1523=DIRECTION('center_axis',(-0.374606593415912,0.,0.927183854566787));
#1524=DIRECTION('ref_axis',(0.927183854566787,0.,0.374606593415912));
#1525=DIRECTION('center_axis',(-0.414649225290329,0.894427190999913,-0.167529161539523));
#1526=DIRECTION('ref_axis',(-0.374606593415912,0.,0.927183854566787));
#1527=DIRECTION('',(-0.891058278901468,-0.436435780471991,-0.124655337330409));
#1528=DIRECTION('',(-0.374606593415912,0.,0.927183854566787));
#1529=DIRECTION('',(0.727566557934043,0.436435780471991,0.529311546539288));
#1530=DIRECTION('center_axis',(-0.927183854566787,0.,-0.374606593415912));
#1531=DIRECTION('ref_axis',(0.,-1.,0.));
#1532=DIRECTION('',(0.,1.,0.));
#1533=DIRECTION('',(0.374305071808666,0.0401142891175968,-0.926437562400672));
#1534=DIRECTION('',(0.,-1.,0.));
#1535=DIRECTION('center_axis',(0.138546661416486,0.,-0.990355907040669));
#1536=DIRECTION('ref_axis',(-0.990355907040669,0.,-0.138546661416486));
#1537=DIRECTION('',(0.927183854566787,0.,0.374606593415912));
#1538=DIRECTION('center_axis',(-0.604017205851425,-0.167600380788501,0.779149104725781));
#1539=DIRECTION('ref_axis',(0.790328285768019,0.,0.612683605717489));
#1540=DIRECTION('',(0.49140646010846,-0.847998304005088,0.198541097428636));
#1541=DIRECTION('',(-0.497104483084105,-0.684921707081029,-0.53270009204701));
#1542=DIRECTION('',(-0.49140646010846,0.847998304005088,-0.198541097428636));
#1543=DIRECTION('',(0.723907464672625,0.293537874463295,0.62433444470638));
#1544=DIRECTION('center_axis',(0.374606593415912,0.,-0.927183854566787));
#1545=DIRECTION('ref_axis',(-0.49140646010846,0.847998304005088,-0.198541097428636));
#1546=DIRECTION('',(-0.643591293926206,-0.719844295420683,-0.26002776146537));
#1547=DIRECTION('',(0.491406460108461,-0.847998304005088,0.198541097428636));
#1548=DIRECTION('',(0.8819584398248,0.308504698037432,0.356334339785877));
#1549=DIRECTION('center_axis',(0.106748831175124,-0.167600380788502,-0.98005856937343));
#1550=DIRECTION('ref_axis',(-0.994120386441009,0.,-0.108280456511681));
#1551=DIRECTION('',(0.49140646010846,-0.847998304005088,0.198541097428636));
#1552=DIRECTION('',(0.727631617493903,0.684921707081029,-0.0378745876864109));
#1553=DIRECTION('',(-0.49140646010846,0.847998304005088,-0.198541097428636));
#1554=DIRECTION('',(-0.954434599082422,-0.293537874463295,-0.0537597649729596));
#1555=DIRECTION('center_axis',(-0.374606593415912,0.,0.927183854566787));
#1556=DIRECTION('ref_axis',(0.49140646010846,-0.847998304005088,0.198541097428636));
#1557=DIRECTION('',(-0.491406460108461,0.847998304005088,-0.198541097428636));
#1558=DIRECTION('',(0.643591293926206,0.719844295420683,0.26002776146537));
#1559=DIRECTION('',(0.8819584398248,0.308504698037432,0.356334339785877));
#1560=DIRECTION('center_axis',(-0.588296892798392,0.,0.808645018486949));
#1561=DIRECTION('ref_axis',(0.808645018486949,0.,0.588296892798392));
#1562=DIRECTION('center_axis',(-0.0150270771936439,0.999195097970657,0.03719332120726));
#1563=DIRECTION('ref_axis',(-0.374305071808666,-0.0401142891175968,0.926437562400672));
#1564=DIRECTION('',(0.927183854566787,0.,0.374606593415912));
#1565=DIRECTION('',(0.35094896422166,0.0401016876055678,-0.935535503956386));
#1566=DIRECTION('center_axis',(-0.286040575078309,0.951222818948764,-0.115567893984607));
#1567=DIRECTION('ref_axis',(-0.374606593415912,0.,0.927183854566787));
#1568=DIRECTION('',(-0.374606593415912,0.,0.927183854566787));
#1569=DIRECTION('',(0.374606593415912,0.,-0.927183854566787));
#1570=DIRECTION('center_axis',(0.786250336173535,0.529998940003181,0.317665755885817));
#1571=DIRECTION('ref_axis',(0.374606593415912,0.,-0.927183854566787));
#1572=DIRECTION('',(-0.374606593415912,0.,0.927183854566787));
#1573=DIRECTION('center_axis',(0.667428008516063,-0.694135570584234,0.26965841929742));
#1574=DIRECTION('ref_axis',(0.374606593415912,0.,-0.927183854566787));
#1575=DIRECTION('',(0.374606593415912,0.,-0.927183854566787));
#1576=DIRECTION('center_axis',(0.374606593415912,0.,-0.927183854566787));
#1577=DIRECTION('ref_axis',(-0.927183854566787,0.,-0.374606593415912));
#1578=DIRECTION('',(0.49140646010846,-0.847998304005088,0.198541097428636));
#1579=DIRECTION('center_axis',(-0.786250336173536,-0.52999894000318,-0.317665755885817));
#1580=DIRECTION('ref_axis',(0.49140646010846,-0.847998304005088,0.198541097428636));
#1581=CARTESIAN_POINT('',(0.,0.,0.));
#1582=CARTESIAN_POINT('Ctrl Pts',(228.276221711221,202.405744535284,122.651265768928));
#1583=CARTESIAN_POINT('Ctrl Pts',(228.647095253048,202.405744535284,122.801108406294));
#1584=CARTESIAN_POINT('Ctrl Pts',(228.299342371853,202.091458819489,122.594040125755));
#1585=CARTESIAN_POINT('Ctrl Pts',(228.67021591368,202.091458819488,122.743882763121));
#1586=CARTESIAN_POINT('Ctrl Pts',(228.343536164369,201.490720028515,122.484656650896));
#1587=CARTESIAN_POINT('Ctrl Pts',(228.714409706196,201.490720028514,122.634499288262));
#1588=CARTESIAN_POINT('Ctrl Pts',(228.493415238501,201.028984715611,122.11369292491));
#1589=CARTESIAN_POINT('Ctrl Pts',(228.864288780328,201.028984715611,122.263535562276));
#1590=CARTESIAN_POINT('Ctrl Pts',(228.564882775366,200.808813316183,121.93680456397));
#1591=CARTESIAN_POINT('Ctrl Pts',(228.935756317192,200.808813316183,122.086647201337));
#1592=CARTESIAN_POINT('',(228.276221711221,202.405744535284,122.651265768928));
#1593=CARTESIAN_POINT('',(228.564882775366,200.808813316183,121.93680456397));
#1594=CARTESIAN_POINT('Ctrl Pts',(228.276221711221,202.405744535284,122.651265768928));
#1595=CARTESIAN_POINT('Ctrl Pts',(228.299342371853,202.091458819489,122.594040125755));
#1596=CARTESIAN_POINT('Ctrl Pts',(228.343536164369,201.490720028515,122.484656650896));
#1597=CARTESIAN_POINT('Ctrl Pts',(228.493415238501,201.028984715611,122.11369292491));
#1598=CARTESIAN_POINT('Ctrl Pts',(228.564882775366,200.808813316183,121.93680456397));
#1599=CARTESIAN_POINT('',(228.647095253048,202.405744535284,122.801108406294));
#1600=CARTESIAN_POINT('',(228.276221711221,202.405744535284,122.651265768928));
#1601=CARTESIAN_POINT('',(228.935756317192,200.808813316183,122.086647201337));
#1602=CARTESIAN_POINT('Ctrl Pts',(228.647095253048,202.405744535284,122.801108406294));
#1603=CARTESIAN_POINT('Ctrl Pts',(228.67021591368,202.091458819488,122.743882763121));
#1604=CARTESIAN_POINT('Ctrl Pts',(228.714409706196,201.490720028514,122.634499288262));
#1605=CARTESIAN_POINT('Ctrl Pts',(228.864288780328,201.028984715611,122.263535562276));
#1606=CARTESIAN_POINT('Ctrl Pts',(228.935756317192,200.808813316183,122.086647201337));
#1607=CARTESIAN_POINT('',(228.564882775366,200.808813316183,121.93680456397));
#1608=CARTESIAN_POINT('Origin',(228.263159659856,202.405744535284,122.683595480539));
#1609=CARTESIAN_POINT('',(228.263159659856,202.405744535284,122.683595480539));
#1610=CARTESIAN_POINT('',(233.55286029813,202.405744535284,109.591126972239));
#1611=CARTESIAN_POINT('',(228.634033201683,202.405744535284,122.833438117906));
#1612=CARTESIAN_POINT('',(228.263159659856,202.405744535284,122.683595480539));
#1613=CARTESIAN_POINT('',(228.634033201683,202.405744535284,122.833438117906));
#1614=CARTESIAN_POINT('Ctrl Pts',(227.952293778241,200.98663721736,123.453015537302));
#1615=CARTESIAN_POINT('Ctrl Pts',(228.323167320067,200.986637217359,123.602858174669));
#1616=CARTESIAN_POINT('Ctrl Pts',(228.025091148504,201.177628835846,123.272835723199));
#1617=CARTESIAN_POINT('Ctrl Pts',(228.395964690331,201.177628835846,123.422678360565));
#1618=CARTESIAN_POINT('Ctrl Pts',(228.176505923535,201.574881550347,122.898071004108));
#1619=CARTESIAN_POINT('Ctrl Pts',(228.547379465362,201.574881550347,123.047913641474));
#1620=CARTESIAN_POINT('Ctrl Pts',(228.23354427357,202.121782997163,122.756896133795));
#1621=CARTESIAN_POINT('Ctrl Pts',(228.604417815397,202.121782997163,122.906738771161));
#1622=CARTESIAN_POINT('Ctrl Pts',(228.263159659856,202.405744535284,122.683595480539));
#1623=CARTESIAN_POINT('Ctrl Pts',(228.634033201683,202.405744535284,122.833438117906));
#1624=CARTESIAN_POINT('',(227.952293778241,200.98663721736,123.453015537302));
#1625=CARTESIAN_POINT('Ctrl Pts',(227.952293778241,200.98663721736,123.453015537302));
#1626=CARTESIAN_POINT('Ctrl Pts',(228.025091148504,201.177628835846,123.272835723199));
#1627=CARTESIAN_POINT('Ctrl Pts',(228.176505923535,201.574881550347,122.898071004108));
#1628=CARTESIAN_POINT('Ctrl Pts',(228.23354427357,202.121782997163,122.756896133795));
#1629=CARTESIAN_POINT('Ctrl Pts',(228.263159659856,202.405744535284,122.683595480539));
#1630=CARTESIAN_POINT('',(228.323167320067,200.986637217359,123.602858174669));
#1631=CARTESIAN_POINT('',(227.952293778241,200.98663721736,123.453015537302));
#1632=CARTESIAN_POINT('Ctrl Pts',(228.323167320067,200.986637217359,123.602858174669));
#1633=CARTESIAN_POINT('Ctrl Pts',(228.395964690331,201.177628835846,123.422678360565));
#1634=CARTESIAN_POINT('Ctrl Pts',(228.547379465362,201.574881550347,123.047913641474));
#1635=CARTESIAN_POINT('Ctrl Pts',(228.604417815397,202.121782997163,122.906738771161));
#1636=CARTESIAN_POINT('Ctrl Pts',(228.634033201683,202.405744535284,122.833438117906));
#1637=CARTESIAN_POINT('Ctrl Pts',(227.36452200886,200.481058699446,124.907801716507));
#1638=CARTESIAN_POINT('Ctrl Pts',(227.735395550686,200.481058699446,125.057644353873));
#1639=CARTESIAN_POINT('Ctrl Pts',(227.474869007868,200.498697314998,124.634683309948));
#1640=CARTESIAN_POINT('Ctrl Pts',(227.845742549694,200.498697314998,124.784525947314));
#1641=CARTESIAN_POINT('Ctrl Pts',(227.687406869297,200.532670813705,124.108633643272));
#1642=CARTESIAN_POINT('Ctrl Pts',(228.058280411123,200.532670813705,124.258476280638));
#1643=CARTESIAN_POINT('Ctrl Pts',(227.866286306988,200.839236567899,123.665891498696));
#1644=CARTESIAN_POINT('Ctrl Pts',(228.237159848814,200.839236567898,123.815734136062));
#1645=CARTESIAN_POINT('Ctrl Pts',(227.952293778241,200.98663721736,123.453015537302));
#1646=CARTESIAN_POINT('Ctrl Pts',(228.323167320067,200.986637217359,123.602858174669));
#1647=CARTESIAN_POINT('',(227.36452200886,200.481058699446,124.907801716507));
#1648=CARTESIAN_POINT('Ctrl Pts',(227.36452200886,200.481058699446,124.907801716507));
#1649=CARTESIAN_POINT('Ctrl Pts',(227.474869007868,200.498697314998,124.634683309948));
#1650=CARTESIAN_POINT('Ctrl Pts',(227.687406869297,200.532670813705,124.108633643272));
#1651=CARTESIAN_POINT('Ctrl Pts',(227.866286306988,200.839236567899,123.665891498696));
#1652=CARTESIAN_POINT('Ctrl Pts',(227.952293778241,200.98663721736,123.453015537302));
#1653=CARTESIAN_POINT('',(227.735395550686,200.481058699446,125.057644353873));
#1654=CARTESIAN_POINT('',(227.36452200886,200.481058699446,124.907801716507));
#1655=CARTESIAN_POINT('Ctrl Pts',(227.735395550686,200.481058699446,125.057644353873));
#1656=CARTESIAN_POINT('Ctrl Pts',(227.845742549694,200.498697314998,124.784525947314));
#1657=CARTESIAN_POINT('Ctrl Pts',(228.058280411123,200.532670813705,124.258476280638));
#1658=CARTESIAN_POINT('Ctrl Pts',(228.237159848814,200.839236567898,123.815734136062));
#1659=CARTESIAN_POINT('Ctrl Pts',(228.323167320067,200.986637217359,123.602858174669));
#1660=CARTESIAN_POINT('Ctrl Pts',(226.661807983279,201.422481281119,126.647079962932));
#1661=CARTESIAN_POINT('Ctrl Pts',(227.032681525106,201.422481281118,126.796922600298));
#1662=CARTESIAN_POINT('Ctrl Pts',(226.755179326961,201.147907543026,126.415977777699));
#1663=CARTESIAN_POINT('Ctrl Pts',(227.126052868788,201.147907543025,126.565820415065));
#1664=CARTESIAN_POINT('Ctrl Pts',(226.943827283988,200.593157309155,125.949057699339));
#1665=CARTESIAN_POINT('Ctrl Pts',(227.314700825814,200.593157309155,126.098900336705));
#1666=CARTESIAN_POINT('Ctrl Pts',(227.223349412964,200.518675647777,125.25721615267));
#1667=CARTESIAN_POINT('Ctrl Pts',(227.594222954791,200.518675647777,125.407058790036));
#1668=CARTESIAN_POINT('Ctrl Pts',(227.36452200886,200.481058699446,124.907801716507));
#1669=CARTESIAN_POINT('Ctrl Pts',(227.735395550686,200.481058699446,125.057644353873));
#1670=CARTESIAN_POINT('',(226.661807983279,201.422481281119,126.647079962932));
#1671=CARTESIAN_POINT('Ctrl Pts',(226.661807983279,201.422481281119,126.647079962932));
#1672=CARTESIAN_POINT('Ctrl Pts',(226.755179326961,201.147907543026,126.415977777699));
#1673=CARTESIAN_POINT('Ctrl Pts',(226.943827283988,200.593157309155,125.949057699339));
#1674=CARTESIAN_POINT('Ctrl Pts',(227.223349412964,200.518675647777,125.25721615267));
#1675=CARTESIAN_POINT('Ctrl Pts',(227.36452200886,200.481058699446,124.907801716507));
#1676=CARTESIAN_POINT('',(227.032681525106,201.422481281118,126.796922600298));
#1677=CARTESIAN_POINT('',(226.661807983279,201.422481281119,126.647079962932));
#1678=CARTESIAN_POINT('Ctrl Pts',(227.032681525106,201.422481281118,126.796922600298));
#1679=CARTESIAN_POINT('Ctrl Pts',(227.126052868788,201.147907543025,126.565820415065));
#1680=CARTESIAN_POINT('Ctrl Pts',(227.314700825814,200.593157309155,126.098900336705));
#1681=CARTESIAN_POINT('Ctrl Pts',(227.594222954791,200.518675647777,125.407058790036));
#1682=CARTESIAN_POINT('Ctrl Pts',(227.735395550686,200.481058699446,125.057644353873));
#1683=CARTESIAN_POINT('Ctrl Pts',(226.408413118122,204.023596984701,127.274254262407));
#1684=CARTESIAN_POINT('Ctrl Pts',(226.779286659948,204.023596984701,127.424096899773));
#1685=CARTESIAN_POINT('Ctrl Pts',(226.414309004466,203.519004632513,127.259661431628));
#1686=CARTESIAN_POINT('Ctrl Pts',(226.785182546292,203.519004632513,127.409504068994));
#1687=CARTESIAN_POINT('Ctrl Pts',(226.425074529284,202.597650119569,127.233015822679));
#1688=CARTESIAN_POINT('Ctrl Pts',(226.795948071111,202.597650119568,127.382858460045));
#1689=CARTESIAN_POINT('Ctrl Pts',(226.588076336593,201.788492641706,126.829572192326));
#1690=CARTESIAN_POINT('Ctrl Pts',(226.95894987842,201.788492641706,126.979414829692));
#1691=CARTESIAN_POINT('Ctrl Pts',(226.661807983279,201.422481281119,126.647079962932));
#1692=CARTESIAN_POINT('Ctrl Pts',(227.032681525106,201.422481281118,126.796922600298));
#1693=CARTESIAN_POINT('',(226.408413118122,204.023596984701,127.274254262407));
#1694=CARTESIAN_POINT('Ctrl Pts',(226.408413118122,204.023596984701,127.274254262407));
#1695=CARTESIAN_POINT('Ctrl Pts',(226.414309004466,203.519004632513,127.259661431628));
#1696=CARTESIAN_POINT('Ctrl Pts',(226.425074529284,202.597650119569,127.233015822679));
#1697=CARTESIAN_POINT('Ctrl Pts',(226.588076336593,201.788492641706,126.829572192326));
#1698=CARTESIAN_POINT('Ctrl Pts',(226.661807983279,201.422481281119,126.647079962932));
#1699=CARTESIAN_POINT('',(226.779286659948,204.023596984701,127.424096899773));
#1700=CARTESIAN_POINT('',(226.408413118122,204.023596984701,127.274254262407));
#1701=CARTESIAN_POINT('Ctrl Pts',(226.779286659948,204.023596984701,127.424096899773));
#1702=CARTESIAN_POINT('Ctrl Pts',(226.785182546292,203.519004632513,127.409504068994));
#1703=CARTESIAN_POINT('Ctrl Pts',(226.795948071111,202.597650119568,127.382858460045));
#1704=CARTESIAN_POINT('Ctrl Pts',(226.95894987842,201.788492641706,126.979414829692));
#1705=CARTESIAN_POINT('Ctrl Pts',(227.032681525106,201.422481281118,126.796922600298));
#1706=CARTESIAN_POINT('Ctrl Pts',(226.596500182568,206.575898123341,126.808722441898));
#1707=CARTESIAN_POINT('Ctrl Pts',(226.967373724395,206.575898123341,126.958565079264));
#1708=CARTESIAN_POINT('Ctrl Pts',(226.541641761239,206.165100951619,126.944501799328));
#1709=CARTESIAN_POINT('Ctrl Pts',(226.912515303066,206.165100951619,127.094344436694));
#1710=CARTESIAN_POINT('Ctrl Pts',(226.431374036279,205.339381427643,127.217423995733));
#1711=CARTESIAN_POINT('Ctrl Pts',(226.802247578106,205.339381427642,127.367266633099));
#1712=CARTESIAN_POINT('Ctrl Pts',(226.416092206144,204.463650143139,127.255247852596));
#1713=CARTESIAN_POINT('Ctrl Pts',(226.786965747971,204.463650143139,127.405090489963));
#1714=CARTESIAN_POINT('Ctrl Pts',(226.408413118122,204.023596984701,127.274254262407));
#1715=CARTESIAN_POINT('Ctrl Pts',(226.779286659948,204.023596984701,127.424096899773));
#1716=CARTESIAN_POINT('',(226.596500182568,206.575898123341,126.808722441898));
#1717=CARTESIAN_POINT('Ctrl Pts',(226.596500182568,206.575898123341,126.808722441898));
#1718=CARTESIAN_POINT('Ctrl Pts',(226.541641761239,206.165100951619,126.944501799328));
#1719=CARTESIAN_POINT('Ctrl Pts',(226.431374036279,205.339381427643,127.217423995733));
#1720=CARTESIAN_POINT('Ctrl Pts',(226.416092206144,204.463650143139,127.255247852596));
#1721=CARTESIAN_POINT('Ctrl Pts',(226.408413118122,204.023596984701,127.274254262407));
#1722=CARTESIAN_POINT('',(226.967373724395,206.575898123341,126.958565079264));
#1723=CARTESIAN_POINT('',(226.596500182568,206.575898123341,126.808722441898));
#1724=CARTESIAN_POINT('Ctrl Pts',(226.967373724395,206.575898123341,126.958565079264));
#1725=CARTESIAN_POINT('Ctrl Pts',(226.912515303066,206.165100951619,127.094344436694));
#1726=CARTESIAN_POINT('Ctrl Pts',(226.802247578106,205.339381427642,127.367266633099));
#1727=CARTESIAN_POINT('Ctrl Pts',(226.786965747971,204.463650143139,127.405090489963));
#1728=CARTESIAN_POINT('Ctrl Pts',(226.779286659948,204.023596984701,127.424096899773));
#1729=CARTESIAN_POINT('Origin',(227.429830032854,206.575898123341,124.746158684896));
#1730=CARTESIAN_POINT('',(227.429830032854,206.575898123341,124.746158684896));
#1731=CARTESIAN_POINT('',(233.136195484629,206.575898123341,110.622408574418));
#1732=CARTESIAN_POINT('',(227.80070357468,206.575898123341,124.896001322262));
#1733=CARTESIAN_POINT('',(227.429830032854,206.575898123341,124.746158684896));
#1734=CARTESIAN_POINT('',(227.80070357468,206.575898123341,124.896001322262));
#1735=CARTESIAN_POINT('Ctrl Pts',(227.220844356073,204.637264949637,125.263416386049));
#1736=CARTESIAN_POINT('Ctrl Pts',(227.591717897899,204.637264949636,125.413259023416));
#1737=CARTESIAN_POINT('Ctrl Pts',(227.230789759884,204.966001144267,125.238800647824));
#1738=CARTESIAN_POINT('Ctrl Pts',(227.601663301711,204.966001144266,125.388643285191));
#1739=CARTESIAN_POINT('Ctrl Pts',(227.251457136763,205.649142317547,125.187647095015));
#1740=CARTESIAN_POINT('Ctrl Pts',(227.62233067859,205.649142317547,125.337489732381));
#1741=CARTESIAN_POINT('Ctrl Pts',(227.368901425183,206.259336907288,124.896962280738));
#1742=CARTESIAN_POINT('Ctrl Pts',(227.73977496701,206.259336907287,125.046804918104));
#1743=CARTESIAN_POINT('Ctrl Pts',(227.429830032854,206.575898123341,124.746158684896));
#1744=CARTESIAN_POINT('Ctrl Pts',(227.80070357468,206.575898123341,124.896001322262));
#1745=CARTESIAN_POINT('',(227.220844356073,204.637264949637,125.263416386049));
#1746=CARTESIAN_POINT('Ctrl Pts',(227.220844356073,204.637264949637,125.263416386049));
#1747=CARTESIAN_POINT('Ctrl Pts',(227.230789759884,204.966001144267,125.238800647824));
#1748=CARTESIAN_POINT('Ctrl Pts',(227.251457136763,205.649142317547,125.187647095015));
#1749=CARTESIAN_POINT('Ctrl Pts',(227.368901425183,206.259336907288,124.896962280738));
#1750=CARTESIAN_POINT('Ctrl Pts',(227.429830032854,206.575898123341,124.746158684896));
#1751=CARTESIAN_POINT('',(227.591717897899,204.637264949636,125.413259023416));
#1752=CARTESIAN_POINT('',(227.220844356073,204.637264949637,125.263416386049));
#1753=CARTESIAN_POINT('Ctrl Pts',(227.591717897899,204.637264949636,125.413259023416));
#1754=CARTESIAN_POINT('Ctrl Pts',(227.60166330171,204.966001144266,125.388643285191));
#1755=CARTESIAN_POINT('Ctrl Pts',(227.62233067859,205.649142317547,125.337489732381));
#1756=CARTESIAN_POINT('Ctrl Pts',(227.73977496701,206.259336907287,125.046804918104));
#1757=CARTESIAN_POINT('Ctrl Pts',(227.80070357468,206.575898123341,124.896001322262));
#1758=CARTESIAN_POINT('Ctrl Pts',(227.307050992401,203.706302685099,125.050047473795));
#1759=CARTESIAN_POINT('Ctrl Pts',(227.677924534228,203.706302685099,125.199890111161));
#1760=CARTESIAN_POINT('Ctrl Pts',(227.282018024438,203.831934260046,125.112006243702));
#1761=CARTESIAN_POINT('Ctrl Pts',(227.652891566265,203.831934260046,125.261848881068));
#1762=CARTESIAN_POINT('Ctrl Pts',(227.2243370036,204.121414816377,125.254771780071));
#1763=CARTESIAN_POINT('Ctrl Pts',(227.595210545427,204.121414816377,125.404614417437));
#1764=CARTESIAN_POINT('Ctrl Pts',(227.222106719744,204.450818861638,125.260291926322));
#1765=CARTESIAN_POINT('Ctrl Pts',(227.592980261571,204.450818861638,125.410134563688));
#1766=CARTESIAN_POINT('Ctrl Pts',(227.220844356073,204.637264949637,125.263416386049));
#1767=CARTESIAN_POINT('Ctrl Pts',(227.591717897899,204.637264949636,125.413259023416));
#1768=CARTESIAN_POINT('',(227.307050992401,203.706302685099,125.050047473795));
#1769=CARTESIAN_POINT('Ctrl Pts',(227.307050992401,203.706302685099,125.050047473795));
#1770=CARTESIAN_POINT('Ctrl Pts',(227.282018024438,203.831934260046,125.112006243702));
#1771=CARTESIAN_POINT('Ctrl Pts',(227.2243370036,204.121414816377,125.254771780071));
#1772=CARTESIAN_POINT('Ctrl Pts',(227.222106719744,204.450818861638,125.260291926322));
#1773=CARTESIAN_POINT('Ctrl Pts',(227.220844356073,204.637264949637,125.263416386049));
#1774=CARTESIAN_POINT('',(227.677924534228,203.706302685099,125.199890111161));
#1775=CARTESIAN_POINT('',(227.307050992401,203.706302685099,125.050047473795));
#1776=CARTESIAN_POINT('Ctrl Pts',(227.677924534228,203.706302685099,125.199890111161));
#1777=CARTESIAN_POINT('Ctrl Pts',(227.652891566265,203.831934260046,125.261848881068));
#1778=CARTESIAN_POINT('Ctrl Pts',(227.595210545427,204.121414816377,125.404614417437));
#1779=CARTESIAN_POINT('Ctrl Pts',(227.592980261571,204.450818861638,125.410134563688));
#1780=CARTESIAN_POINT('Ctrl Pts',(227.591717897899,204.637264949636,125.413259023416));
#1781=CARTESIAN_POINT('Ctrl Pts',(227.542159655497,203.402955276327,124.468133112642));
#1782=CARTESIAN_POINT('Ctrl Pts',(227.913033197324,203.402955276327,124.617975750008));
#1783=CARTESIAN_POINT('Ctrl Pts',(227.495324730996,203.414944421738,124.584053618556));
#1784=CARTESIAN_POINT('Ctrl Pts',(227.866198272823,203.414944421738,124.733896255923));
#1785=CARTESIAN_POINT('Ctrl Pts',(227.402822296511,203.43862386928,124.81300517806));
#1786=CARTESIAN_POINT('Ctrl Pts',(227.773695838337,203.43862386928,124.962847815426));
#1787=CARTESIAN_POINT('Ctrl Pts',(227.338705032673,203.617830296687,124.971700974861));
#1788=CARTESIAN_POINT('Ctrl Pts',(227.7095785745,203.617830296687,125.121543612227));
#1789=CARTESIAN_POINT('Ctrl Pts',(227.307050992401,203.706302685099,125.050047473795));
#1790=CARTESIAN_POINT('Ctrl Pts',(227.677924534228,203.706302685099,125.199890111161));
#1791=CARTESIAN_POINT('',(227.542159655497,203.402955276327,124.468133112642));
#1792=CARTESIAN_POINT('Ctrl Pts',(227.542159655497,203.402955276327,124.468133112642));
#1793=CARTESIAN_POINT('Ctrl Pts',(227.495324730996,203.414944421738,124.584053618556));
#1794=CARTESIAN_POINT('Ctrl Pts',(227.402822296511,203.43862386928,124.81300517806));
#1795=CARTESIAN_POINT('Ctrl Pts',(227.338705032673,203.617830296687,124.971700974861));
#1796=CARTESIAN_POINT('Ctrl Pts',(227.307050992401,203.706302685099,125.050047473795));
#1797=CARTESIAN_POINT('',(227.913033197324,203.402955276327,124.617975750008));
#1798=CARTESIAN_POINT('',(227.542159655497,203.402955276327,124.468133112642));
#1799=CARTESIAN_POINT('Ctrl Pts',(227.913033197324,203.402955276327,124.617975750008));
#1800=CARTESIAN_POINT('Ctrl Pts',(227.866198272822,203.414944421738,124.733896255923));
#1801=CARTESIAN_POINT('Ctrl Pts',(227.773695838337,203.43862386928,124.962847815426));
#1802=CARTESIAN_POINT('Ctrl Pts',(227.7095785745,203.617830296687,125.121543612227));
#1803=CARTESIAN_POINT('Ctrl Pts',(227.677924534228,203.706302685099,125.199890111161));
#1804=CARTESIAN_POINT('Ctrl Pts',(227.796860725791,203.803931814985,123.837725842006));
#1805=CARTESIAN_POINT('Ctrl Pts',(228.167734267618,203.803931814985,123.987568479372));
#1806=CARTESIAN_POINT('Ctrl Pts',(227.762895859472,203.687037299093,123.92179183611));
#1807=CARTESIAN_POINT('Ctrl Pts',(228.133769401299,203.687037299092,124.071634473476));
#1808=CARTESIAN_POINT('Ctrl Pts',(227.697608654087,203.462342869388,124.083383339856));
#1809=CARTESIAN_POINT('Ctrl Pts',(228.068482195914,203.462342869387,124.233225977222));
#1810=CARTESIAN_POINT('Ctrl Pts',(227.592558674238,203.422209671291,124.343391163931));
#1811=CARTESIAN_POINT('Ctrl Pts',(227.963432216065,203.422209671291,124.493233801298));
#1812=CARTESIAN_POINT('Ctrl Pts',(227.542159655497,203.402955276327,124.468133112642));
#1813=CARTESIAN_POINT('Ctrl Pts',(227.913033197324,203.402955276327,124.617975750008));
#1814=CARTESIAN_POINT('',(227.796860725791,203.803931814985,123.837725842006));
#1815=CARTESIAN_POINT('Ctrl Pts',(227.796860725791,203.803931814985,123.837725842006));
#1816=CARTESIAN_POINT('Ctrl Pts',(227.762895859472,203.687037299093,123.92179183611));
#1817=CARTESIAN_POINT('Ctrl Pts',(227.697608654087,203.462342869388,124.083383339856));
#1818=CARTESIAN_POINT('Ctrl Pts',(227.592558674238,203.422209671291,124.343391163931));
#1819=CARTESIAN_POINT('Ctrl Pts',(227.542159655497,203.402955276327,124.468133112642));
#1820=CARTESIAN_POINT('',(228.167734267618,203.803931814985,123.987568479372));
#1821=CARTESIAN_POINT('',(227.796860725791,203.803931814985,123.837725842006));
#1822=CARTESIAN_POINT('Ctrl Pts',(228.167734267618,203.803931814985,123.987568479372));
#1823=CARTESIAN_POINT('Ctrl Pts',(228.133769401299,203.687037299092,124.071634473476));
#1824=CARTESIAN_POINT('Ctrl Pts',(228.068482195914,203.462342869387,124.233225977222));
#1825=CARTESIAN_POINT('Ctrl Pts',(227.963432216065,203.422209671291,124.493233801298));
#1826=CARTESIAN_POINT('Ctrl Pts',(227.913033197324,203.402955276327,124.617975750008));
#1827=CARTESIAN_POINT('Ctrl Pts',(227.894822761782,205.048701507406,123.595261294591));
#1828=CARTESIAN_POINT('Ctrl Pts',(228.265696303609,205.048701507406,123.745103931957));
#1829=CARTESIAN_POINT('Ctrl Pts',(227.893747138468,204.799958398591,123.597923555715));
#1830=CARTESIAN_POINT('Ctrl Pts',(228.264620680295,204.799958398591,123.747766193081));
#1831=CARTESIAN_POINT('Ctrl Pts',(227.891870668363,204.36601558483,123.602567982203));
#1832=CARTESIAN_POINT('Ctrl Pts',(228.26274421019,204.36601558483,123.752410619569));
#1833=CARTESIAN_POINT('Ctrl Pts',(227.825280375225,203.972063941572,123.767384741314));
#1834=CARTESIAN_POINT('Ctrl Pts',(228.196153917052,203.972063941571,123.91722737868));
#1835=CARTESIAN_POINT('Ctrl Pts',(227.796860725791,203.803931814985,123.837725842006));
#1836=CARTESIAN_POINT('Ctrl Pts',(228.167734267618,203.803931814985,123.987568479372));
#1837=CARTESIAN_POINT('',(227.894822761782,205.048701507406,123.595261294591));
#1838=CARTESIAN_POINT('Ctrl Pts',(227.894822761782,205.048701507406,123.595261294591));
#1839=CARTESIAN_POINT('Ctrl Pts',(227.893747138468,204.799958398591,123.597923555715));
#1840=CARTESIAN_POINT('Ctrl Pts',(227.891870668363,204.36601558483,123.602567982203));
#1841=CARTESIAN_POINT('Ctrl Pts',(227.825280375225,203.972063941572,123.767384741314));
#1842=CARTESIAN_POINT('Ctrl Pts',(227.796860725791,203.803931814985,123.837725842006));
#1843=CARTESIAN_POINT('',(228.265696303609,205.048701507406,123.745103931957));
#1844=CARTESIAN_POINT('',(227.894822761782,205.048701507406,123.595261294591));
#1845=CARTESIAN_POINT('Ctrl Pts',(228.265696303609,205.048701507406,123.745103931957));
#1846=CARTESIAN_POINT('Ctrl Pts',(228.264620680295,204.799958398591,123.747766193081));
#1847=CARTESIAN_POINT('Ctrl Pts',(228.26274421019,204.36601558483,123.752410619569));
#1848=CARTESIAN_POINT('Ctrl Pts',(228.196153917052,203.972063941571,123.91722737868));
#1849=CARTESIAN_POINT('Ctrl Pts',(228.167734267618,203.803931814985,123.987568479372));
#1850=CARTESIAN_POINT('Origin',(227.894822761782,205.899468702631,123.595261294591));
#1851=CARTESIAN_POINT('',(227.894822761782,205.899468702631,123.595261294591));
#1852=CARTESIAN_POINT('',(227.894822761782,207.710531275219,123.59526129459));
#1853=CARTESIAN_POINT('',(228.265696303609,205.899468702631,123.745103931957));
#1854=CARTESIAN_POINT('',(227.894822761782,205.899468702631,123.595261294591));
#1855=CARTESIAN_POINT('',(228.265696303609,205.899468702631,123.745103931957));
#1856=CARTESIAN_POINT('Origin',(228.715091007269,205.899468702631,121.565026143911));
#1857=CARTESIAN_POINT('',(228.715091007269,205.899468702631,121.565026143911));
#1858=CARTESIAN_POINT('',(233.778825971837,205.899468702631,109.031842303925));
#1859=CARTESIAN_POINT('',(229.085964549096,205.899468702631,121.714868781277));
#1860=CARTESIAN_POINT('',(228.715091007269,205.899468702631,121.565026143911));
#1861=CARTESIAN_POINT('',(229.085964549096,205.899468702631,121.714868781277));
#1862=CARTESIAN_POINT('Origin',(228.715091007269,204.937125486689,121.565026143911));
#1863=CARTESIAN_POINT('',(228.715091007269,204.937125486689,121.565026143911));
#1864=CARTESIAN_POINT('',(228.715091007269,207.229359667248,121.565026143911));
#1865=CARTESIAN_POINT('',(229.085964549096,204.937125486689,121.714868781277));
#1866=CARTESIAN_POINT('',(228.715091007269,204.937125486689,121.565026143911));
#1867=CARTESIAN_POINT('',(229.085964549096,204.937125486689,121.714868781277));
#1868=CARTESIAN_POINT('Ctrl Pts',(228.816971435387,203.633081061201,121.312863235657));
#1869=CARTESIAN_POINT('Ctrl Pts',(229.187844977214,203.633081061201,121.462705873023));
#1870=CARTESIAN_POINT('Ctrl Pts',(228.787353737534,203.817142795408,121.38616961024));
#1871=CARTESIAN_POINT('Ctrl Pts',(229.158227279361,203.817142795408,121.536012247607));
#1872=CARTESIAN_POINT('Ctrl Pts',(228.720566102645,204.232200304688,121.551474807326));
#1873=CARTESIAN_POINT('Ctrl Pts',(229.091439644471,204.232200304688,121.701317444692));
#1874=CARTESIAN_POINT('Ctrl Pts',(228.717048622733,204.685080117168,121.560180875613));
#1875=CARTESIAN_POINT('Ctrl Pts',(229.08792216456,204.685080117168,121.710023512979));
#1876=CARTESIAN_POINT('Ctrl Pts',(228.715091007269,204.937125486689,121.565026143911));
#1877=CARTESIAN_POINT('Ctrl Pts',(229.085964549096,204.937125486689,121.714868781277));
#1878=CARTESIAN_POINT('',(228.816971435387,203.633081061201,121.312863235657));
#1879=CARTESIAN_POINT('Ctrl Pts',(228.816971435387,203.633081061201,121.312863235657));
#1880=CARTESIAN_POINT('Ctrl Pts',(228.787353737534,203.817142795408,121.38616961024));
#1881=CARTESIAN_POINT('Ctrl Pts',(228.720566102645,204.232200304688,121.551474807326));
#1882=CARTESIAN_POINT('Ctrl Pts',(228.717048622733,204.685080117168,121.560180875613));
#1883=CARTESIAN_POINT('Ctrl Pts',(228.715091007269,204.937125486689,121.565026143911));
#1884=CARTESIAN_POINT('',(229.187844977214,203.633081061201,121.462705873023));
#1885=CARTESIAN_POINT('',(228.816971435387,203.633081061201,121.312863235657));
#1886=CARTESIAN_POINT('Ctrl Pts',(229.187844977213,203.633081061201,121.462705873023));
#1887=CARTESIAN_POINT('Ctrl Pts',(229.158227279361,203.817142795408,121.536012247607));
#1888=CARTESIAN_POINT('Ctrl Pts',(229.091439644471,204.232200304688,121.701317444692));
#1889=CARTESIAN_POINT('Ctrl Pts',(229.08792216456,204.685080117168,121.710023512979));
#1890=CARTESIAN_POINT('Ctrl Pts',(229.085964549096,204.937125486689,121.714868781277));
#1891=CARTESIAN_POINT('Ctrl Pts',(229.099101920415,203.165856344061,120.614565781216));
#1892=CARTESIAN_POINT('Ctrl Pts',(229.469975462242,203.165856344061,120.764408418582));
#1893=CARTESIAN_POINT('Ctrl Pts',(229.041727260505,203.187962457934,120.756573047678));
#1894=CARTESIAN_POINT('Ctrl Pts',(229.412600802332,203.187962457934,120.906415685044));
#1895=CARTESIAN_POINT('Ctrl Pts',(228.922725777249,203.233813018863,121.051112054422));
#1896=CARTESIAN_POINT('Ctrl Pts',(229.293599319076,203.233813018863,121.200954691788));
#1897=CARTESIAN_POINT('Ctrl Pts',(228.853052735525,203.496858662975,121.22355888403));
#1898=CARTESIAN_POINT('Ctrl Pts',(229.223926277352,203.496858662975,121.373401521396));
#1899=CARTESIAN_POINT('Ctrl Pts',(228.816971435387,203.633081061201,121.312863235657));
#1900=CARTESIAN_POINT('Ctrl Pts',(229.187844977214,203.633081061201,121.462705873023));
#1901=CARTESIAN_POINT('',(229.099101920415,203.165856344061,120.614565781216));
#1902=CARTESIAN_POINT('Ctrl Pts',(229.099101920415,203.165856344061,120.614565781216));
#1903=CARTESIAN_POINT('Ctrl Pts',(229.041727260505,203.187962457934,120.756573047678));
#1904=CARTESIAN_POINT('Ctrl Pts',(228.922725777249,203.233813018863,121.051112054422));
#1905=CARTESIAN_POINT('Ctrl Pts',(228.853052735525,203.496858662975,121.22355888403));
#1906=CARTESIAN_POINT('Ctrl Pts',(228.816971435387,203.633081061201,121.312863235657));
#1907=CARTESIAN_POINT('',(229.469975462242,203.165856344061,120.764408418582));
#1908=CARTESIAN_POINT('',(229.099101920415,203.165856344061,120.614565781216));
#1909=CARTESIAN_POINT('Ctrl Pts',(229.469975462242,203.165856344061,120.764408418582));
#1910=CARTESIAN_POINT('Ctrl Pts',(229.412600802332,203.187962457934,120.906415685044));
#1911=CARTESIAN_POINT('Ctrl Pts',(229.293599319076,203.233813018863,121.200954691788));
#1912=CARTESIAN_POINT('Ctrl Pts',(229.223926277352,203.496858662975,121.373401521396));
#1913=CARTESIAN_POINT('Ctrl Pts',(229.187844977213,203.633081061201,121.462705873023));
#1914=CARTESIAN_POINT('Ctrl Pts',(229.372089416054,203.545912248449,119.938898019613));
#1915=CARTESIAN_POINT('Ctrl Pts',(229.74296295788,203.545912248449,120.088740656979));
#1916=CARTESIAN_POINT('Ctrl Pts',(229.336563678329,203.435066266474,120.026827306014));
#1917=CARTESIAN_POINT('Ctrl Pts',(229.707437220156,203.435066266473,120.17666994338));
#1918=CARTESIAN_POINT('Ctrl Pts',(229.264736239175,203.210953171695,120.204606456377));
#1919=CARTESIAN_POINT('Ctrl Pts',(229.635609781002,203.210953171695,120.354449093744));
#1920=CARTESIAN_POINT('Ctrl Pts',(229.154709572095,203.180996495581,120.476932013592));
#1921=CARTESIAN_POINT('Ctrl Pts',(229.525583113922,203.180996495581,120.626774650959));
#1922=CARTESIAN_POINT('Ctrl Pts',(229.099101920415,203.165856344061,120.614565781216));
#1923=CARTESIAN_POINT('Ctrl Pts',(229.469975462242,203.165856344061,120.764408418582));
#1924=CARTESIAN_POINT('',(229.372089416054,203.545912248449,119.938898019613));
#1925=CARTESIAN_POINT('Ctrl Pts',(229.372089416054,203.545912248449,119.938898019613));
#1926=CARTESIAN_POINT('Ctrl Pts',(229.336563678329,203.435066266474,120.026827306014));
#1927=CARTESIAN_POINT('Ctrl Pts',(229.264736239175,203.210953171695,120.204606456377));
#1928=CARTESIAN_POINT('Ctrl Pts',(229.154709572095,203.180996495581,120.476932013592));
#1929=CARTESIAN_POINT('Ctrl Pts',(229.099101920415,203.165856344061,120.614565781216));
#1930=CARTESIAN_POINT('',(229.74296295788,203.545912248449,120.088740656979));
#1931=CARTESIAN_POINT('',(229.372089416054,203.545912248449,119.938898019613));
#1932=CARTESIAN_POINT('Ctrl Pts',(229.74296295788,203.545912248449,120.088740656979));
#1933=CARTESIAN_POINT('Ctrl Pts',(229.707437220156,203.435066266473,120.17666994338));
#1934=CARTESIAN_POINT('Ctrl Pts',(229.635609781002,203.210953171695,120.354449093744));
#1935=CARTESIAN_POINT('Ctrl Pts',(229.525583113922,203.180996495581,120.626774650959));
#1936=CARTESIAN_POINT('Ctrl Pts',(229.469975462242,203.165856344061,120.764408418582));
#1937=CARTESIAN_POINT('Ctrl Pts',(229.467438818489,204.637264949637,119.702899967164));
#1938=CARTESIAN_POINT('Ctrl Pts',(229.838312360316,204.637264949636,119.852742604531));
#1939=CARTESIAN_POINT('Ctrl Pts',(229.465665179234,204.423631596149,119.707289878367));
#1940=CARTESIAN_POINT('Ctrl Pts',(229.836538721061,204.423631596149,119.857132515734));
#1941=CARTESIAN_POINT('Ctrl Pts',(229.462485750932,204.040672136815,119.715159239557));
#1942=CARTESIAN_POINT('Ctrl Pts',(229.833359292759,204.040672136815,119.865001876924));
#1943=CARTESIAN_POINT('Ctrl Pts',(229.399804171486,203.697601465962,119.870301592797));
#1944=CARTESIAN_POINT('Ctrl Pts',(229.770677713313,203.697601465962,120.020144230163));
#1945=CARTESIAN_POINT('Ctrl Pts',(229.372089416054,203.545912248449,119.938898019613));
#1946=CARTESIAN_POINT('Ctrl Pts',(229.74296295788,203.545912248449,120.088740656979));
#1947=CARTESIAN_POINT('',(229.467438818489,204.637264949637,119.702899967164));
#1948=CARTESIAN_POINT('Ctrl Pts',(229.467438818489,204.637264949637,119.702899967164));
#1949=CARTESIAN_POINT('Ctrl Pts',(229.465665179234,204.423631596149,119.707289878367));
#1950=CARTESIAN_POINT('Ctrl Pts',(229.462485750932,204.040672136815,119.715159239557));
#1951=CARTESIAN_POINT('Ctrl Pts',(229.399804171486,203.697601465962,119.870301592797));
#1952=CARTESIAN_POINT('Ctrl Pts',(229.372089416054,203.545912248449,119.938898019613));
#1953=CARTESIAN_POINT('',(229.838312360316,204.637264949636,119.852742604531));
#1954=CARTESIAN_POINT('',(229.467438818489,204.637264949637,119.702899967164));
#1955=CARTESIAN_POINT('Ctrl Pts',(229.838312360316,204.637264949636,119.852742604531));
#1956=CARTESIAN_POINT('Ctrl Pts',(229.83653872106,204.423631596149,119.857132515734));
#1957=CARTESIAN_POINT('Ctrl Pts',(229.833359292759,204.040672136815,119.865001876924));
#1958=CARTESIAN_POINT('Ctrl Pts',(229.770677713313,203.697601465962,120.020144230163));
#1959=CARTESIAN_POINT('Ctrl Pts',(229.74296295788,203.545912248449,120.088740656979));
#1960=CARTESIAN_POINT('Ctrl Pts',(229.407355615041,205.850653988676,119.85161111413));
#1961=CARTESIAN_POINT('Ctrl Pts',(229.778229156867,205.850653988676,120.001453751496));
#1962=CARTESIAN_POINT('Ctrl Pts',(229.424879895665,205.65046673064,119.808236997542));
#1963=CARTESIAN_POINT('Ctrl Pts',(229.795753437491,205.65046673064,119.958079634908));
#1964=CARTESIAN_POINT('Ctrl Pts',(229.459826220887,205.251260099868,119.72174180741));
#1965=CARTESIAN_POINT('Ctrl Pts',(229.830699762713,205.251260099868,119.871584444776));
#1966=CARTESIAN_POINT('Ctrl Pts',(229.464906239847,204.841530442854,119.709168319267));
#1967=CARTESIAN_POINT('Ctrl Pts',(229.835779781673,204.841530442854,119.859010956633));
#1968=CARTESIAN_POINT('Ctrl Pts',(229.467438818489,204.637264949637,119.702899967164));
#1969=CARTESIAN_POINT('Ctrl Pts',(229.838312360316,204.637264949636,119.852742604531));
#1970=CARTESIAN_POINT('',(229.407355615041,205.850653988676,119.85161111413));
#1971=CARTESIAN_POINT('Ctrl Pts',(229.407355615041,205.850653988676,119.85161111413));
#1972=CARTESIAN_POINT('Ctrl Pts',(229.424879895665,205.65046673064,119.808236997542));
#1973=CARTESIAN_POINT('Ctrl Pts',(229.459826220887,205.251260099868,119.72174180741));
#1974=CARTESIAN_POINT('Ctrl Pts',(229.464906239847,204.841530442854,119.709168319267));
#1975=CARTESIAN_POINT('Ctrl Pts',(229.467438818489,204.637264949637,119.702899967164));
#1976=CARTESIAN_POINT('',(229.778229156867,205.850653988676,120.001453751496));
#1977=CARTESIAN_POINT('',(229.407355615041,205.850653988676,119.85161111413));
#1978=CARTESIAN_POINT('Ctrl Pts',(229.778229156867,205.850653988676,120.001453751496));
#1979=CARTESIAN_POINT('Ctrl Pts',(229.795753437491,205.65046673064,119.958079634908));
#1980=CARTESIAN_POINT('Ctrl Pts',(229.830699762713,205.251260099868,119.871584444776));
#1981=CARTESIAN_POINT('Ctrl Pts',(229.835779781673,204.841530442854,119.859010956633));
#1982=CARTESIAN_POINT('Ctrl Pts',(229.838312360316,204.637264949636,119.852742604531));
#1983=CARTESIAN_POINT('Ctrl Pts',(229.242779573202,206.917599705415,120.258951111673));
#1984=CARTESIAN_POINT('Ctrl Pts',(229.613653115029,206.917599705415,120.408793749039));
#1985=CARTESIAN_POINT('Ctrl Pts',(229.276068655876,206.753205558078,120.176557740783));
#1986=CARTESIAN_POINT('Ctrl Pts',(229.646942197703,206.753205558078,120.326400378149));
#1987=CARTESIAN_POINT('Ctrl Pts',(229.344945229922,206.413066847369,120.006082237855));
#1988=CARTESIAN_POINT('Ctrl Pts',(229.715818771748,206.413066847369,120.155924875221));
#1989=CARTESIAN_POINT('Ctrl Pts',(229.386094437496,206.042249660124,119.90423437516));
#1990=CARTESIAN_POINT('Ctrl Pts',(229.756967979322,206.042249660123,120.054077012526));
#1991=CARTESIAN_POINT('Ctrl Pts',(229.407355615041,205.850653988676,119.85161111413));
#1992=CARTESIAN_POINT('Ctrl Pts',(229.778229156867,205.850653988676,120.001453751496));
#1993=CARTESIAN_POINT('',(229.242779573202,206.917599705415,120.258951111673));
#1994=CARTESIAN_POINT('Ctrl Pts',(229.242779573202,206.917599705415,120.258951111673));
#1995=CARTESIAN_POINT('Ctrl Pts',(229.276068655876,206.753205558078,120.176557740783));
#1996=CARTESIAN_POINT('Ctrl Pts',(229.344945229922,206.413066847369,120.006082237855));
#1997=CARTESIAN_POINT('Ctrl Pts',(229.386094437496,206.042249660124,119.90423437516));
#1998=CARTESIAN_POINT('Ctrl Pts',(229.407355615041,205.850653988676,119.85161111413));
#1999=CARTESIAN_POINT('',(229.613653115029,206.917599705415,120.408793749039));
#2000=CARTESIAN_POINT('',(229.242779573202,206.917599705415,120.258951111673));
#2001=CARTESIAN_POINT('Ctrl Pts',(229.613653115029,206.917599705415,120.408793749039));
#2002=CARTESIAN_POINT('Ctrl Pts',(229.646942197703,206.753205558078,120.326400378149));
#2003=CARTESIAN_POINT('Ctrl Pts',(229.715818771748,206.413066847369,120.155924875221));
#2004=CARTESIAN_POINT('Ctrl Pts',(229.756967979322,206.042249660123,120.054077012526));
#2005=CARTESIAN_POINT('Ctrl Pts',(229.778229156867,205.850653988676,120.001453751496));
#2006=CARTESIAN_POINT('Origin',(230.115294237884,206.917599705415,118.099401535705));
#2007=CARTESIAN_POINT('',(230.115294237884,206.917599705415,118.099401535705));
#2008=CARTESIAN_POINT('',(234.478927587144,206.917599705415,107.299029999822));
#2009=CARTESIAN_POINT('',(230.486167779711,206.917599705415,118.249244173071));
#2010=CARTESIAN_POINT('',(230.115294237884,206.917599705415,118.099401535705));
#2011=CARTESIAN_POINT('',(230.486167779711,206.917599705415,118.249244173071));
#2012=CARTESIAN_POINT('Ctrl Pts',(230.236766849917,205.697236997442,117.798746270612));
#2013=CARTESIAN_POINT('Ctrl Pts',(230.607640391744,205.697236997442,117.948588907978));
#2014=CARTESIAN_POINT('Ctrl Pts',(230.221265141116,205.919095211437,117.837114346271));
#2015=CARTESIAN_POINT('Ctrl Pts',(230.592138682943,205.919095211437,117.986956983637));
#2016=CARTESIAN_POINT('Ctrl Pts',(230.192264388894,206.334149782198,117.908893726834));
#2017=CARTESIAN_POINT('Ctrl Pts',(230.563137930721,206.334149782198,118.0587363642));
#2018=CARTESIAN_POINT('Ctrl Pts',(230.1397419651,206.732280794387,118.038891287477));
#2019=CARTESIAN_POINT('Ctrl Pts',(230.510615506926,206.732280794387,118.188733924843));
#2020=CARTESIAN_POINT('Ctrl Pts',(230.115294237884,206.917599705415,118.099401535705));
#2021=CARTESIAN_POINT('Ctrl Pts',(230.486167779711,206.917599705415,118.249244173071));
#2022=CARTESIAN_POINT('',(230.236766849917,205.697236997442,117.798746270612));
#2023=CARTESIAN_POINT('Ctrl Pts',(230.236766849917,205.697236997442,117.798746270612));
#2024=CARTESIAN_POINT('Ctrl Pts',(230.221265141116,205.919095211437,117.837114346271));
#2025=CARTESIAN_POINT('Ctrl Pts',(230.192264388894,206.334149782198,117.908893726834));
#2026=CARTESIAN_POINT('Ctrl Pts',(230.1397419651,206.732280794387,118.038891287477));
#2027=CARTESIAN_POINT('Ctrl Pts',(230.115294237884,206.917599705415,118.099401535705));
#2028=CARTESIAN_POINT('',(230.607640391744,205.697236997442,117.948588907978));
#2029=CARTESIAN_POINT('',(230.236766849917,205.697236997442,117.798746270612));
#2030=CARTESIAN_POINT('Ctrl Pts',(230.607640391744,205.697236997442,117.948588907978));
#2031=CARTESIAN_POINT('Ctrl Pts',(230.592138682943,205.919095211437,117.986956983637));
#2032=CARTESIAN_POINT('Ctrl Pts',(230.563137930721,206.334149782198,118.0587363642));
#2033=CARTESIAN_POINT('Ctrl Pts',(230.510615506926,206.732280794387,118.188733924843));
#2034=CARTESIAN_POINT('Ctrl Pts',(230.486167779711,206.917599705415,118.249244173071));
#2035=CARTESIAN_POINT('Ctrl Pts',(230.282482689996,204.260695916968,117.68559559584));
#2036=CARTESIAN_POINT('Ctrl Pts',(230.653356231822,204.260695916967,117.835438233206));
#2037=CARTESIAN_POINT('Ctrl Pts',(230.280587290281,204.501716099119,117.690286874756));
#2038=CARTESIAN_POINT('Ctrl Pts',(230.651460832108,204.501716099119,117.840129512122));
#2039=CARTESIAN_POINT('Ctrl Pts',(230.276801166546,204.983161899361,117.699657859838));
#2040=CARTESIAN_POINT('Ctrl Pts',(230.647674708373,204.983161899361,117.849500497204));
#2041=CARTESIAN_POINT('Ctrl Pts',(230.250100630803,205.459408012308,117.765744004833));
#2042=CARTESIAN_POINT('Ctrl Pts',(230.62097417263,205.459408012308,117.915586642199));
#2043=CARTESIAN_POINT('Ctrl Pts',(230.236766849917,205.697236997442,117.798746270612));
#2044=CARTESIAN_POINT('Ctrl Pts',(230.607640391744,205.697236997442,117.948588907978));
#2045=CARTESIAN_POINT('',(230.282482689996,204.260695916968,117.68559559584));
#2046=CARTESIAN_POINT('Ctrl Pts',(230.282482689996,204.260695916968,117.68559559584));
#2047=CARTESIAN_POINT('Ctrl Pts',(230.280587290281,204.501716099119,117.690286874756));
#2048=CARTESIAN_POINT('Ctrl Pts',(230.276801166546,204.983161899361,117.699657859838));
#2049=CARTESIAN_POINT('Ctrl Pts',(230.250100630803,205.459408012308,117.765744004833));
#2050=CARTESIAN_POINT('Ctrl Pts',(230.236766849917,205.697236997442,117.798746270612));
#2051=CARTESIAN_POINT('',(230.653356231822,204.260695916967,117.835438233206));
#2052=CARTESIAN_POINT('',(230.282482689996,204.260695916968,117.68559559584));
#2053=CARTESIAN_POINT('Ctrl Pts',(230.653356231822,204.260695916967,117.835438233206));
#2054=CARTESIAN_POINT('Ctrl Pts',(230.651460832108,204.501716099119,117.840129512122));
#2055=CARTESIAN_POINT('Ctrl Pts',(230.647674708373,204.983161899361,117.849500497204));
#2056=CARTESIAN_POINT('Ctrl Pts',(230.62097417263,205.459408012308,117.915586642199));
#2057=CARTESIAN_POINT('Ctrl Pts',(230.607640391744,205.697236997442,117.948588907978));
#2058=CARTESIAN_POINT('Ctrl Pts',(229.984678189896,201.269064289885,118.422687598926));
#2059=CARTESIAN_POINT('Ctrl Pts',(230.355551731723,201.269064289884,118.572530236292));
#2060=CARTESIAN_POINT('Ctrl Pts',(230.071291646853,201.683480112232,118.208311770281));
#2061=CARTESIAN_POINT('Ctrl Pts',(230.44216518868,201.683480112232,118.358154407647));
#2062=CARTESIAN_POINT('Ctrl Pts',(230.264775368713,202.609233667416,117.729422753956));
#2063=CARTESIAN_POINT('Ctrl Pts',(230.63564891054,202.609233667416,117.879265391323));
#2064=CARTESIAN_POINT('Ctrl Pts',(230.27618217061,203.673081915276,117.701189928542));
#2065=CARTESIAN_POINT('Ctrl Pts',(230.647055712437,203.673081915275,117.851032565908));
#2066=CARTESIAN_POINT('Ctrl Pts',(230.282482689996,204.260695916968,117.68559559584));
#2067=CARTESIAN_POINT('Ctrl Pts',(230.653356231822,204.260695916967,117.835438233206));
#2068=CARTESIAN_POINT('',(229.984678189896,201.269064289885,118.422687598926));
#2069=CARTESIAN_POINT('Ctrl Pts',(229.984678189896,201.269064289885,118.422687598926));
#2070=CARTESIAN_POINT('Ctrl Pts',(230.071291646853,201.683480112232,118.208311770281));
#2071=CARTESIAN_POINT('Ctrl Pts',(230.264775368713,202.609233667416,117.729422753956));
#2072=CARTESIAN_POINT('Ctrl Pts',(230.27618217061,203.673081915276,117.701189928542));
#2073=CARTESIAN_POINT('Ctrl Pts',(230.282482689996,204.260695916968,117.68559559584));
#2074=CARTESIAN_POINT('',(230.355551731723,201.269064289884,118.572530236292));
#2075=CARTESIAN_POINT('',(229.984678189896,201.269064289885,118.422687598926));
#2076=CARTESIAN_POINT('Ctrl Pts',(230.355551731723,201.269064289884,118.572530236292));
#2077=CARTESIAN_POINT('Ctrl Pts',(230.44216518868,201.683480112232,118.358154407647));
#2078=CARTESIAN_POINT('Ctrl Pts',(230.63564891054,202.609233667416,117.879265391323));
#2079=CARTESIAN_POINT('Ctrl Pts',(230.647055712437,203.673081915275,117.851032565908));
#2080=CARTESIAN_POINT('Ctrl Pts',(230.653356231822,204.260695916967,117.835438233206));
#2081=CARTESIAN_POINT('Ctrl Pts',(229.14612396563,200.22303913291,120.498182135283));
#2082=CARTESIAN_POINT('Ctrl Pts',(229.516997507457,200.22303913291,120.648024772649));
#2083=CARTESIAN_POINT('Ctrl Pts',(229.314787969895,200.261607771369,120.080724075682));
#2084=CARTESIAN_POINT('Ctrl Pts',(229.685661511722,200.261607771368,120.230566713048));
#2085=CARTESIAN_POINT('Ctrl Pts',(229.643057061623,200.336673532858,119.268229562362));
#2086=CARTESIAN_POINT('Ctrl Pts',(230.01393060345,200.336673532858,119.418072199728));
#2087=CARTESIAN_POINT('Ctrl Pts',(229.872918903623,200.964038292051,118.699301539126));
#2088=CARTESIAN_POINT('Ctrl Pts',(230.24379244545,200.964038292051,118.849144176492));
#2089=CARTESIAN_POINT('Ctrl Pts',(229.984678189896,201.269064289885,118.422687598926));
#2090=CARTESIAN_POINT('Ctrl Pts',(230.355551731723,201.269064289884,118.572530236292));
#2091=CARTESIAN_POINT('',(229.14612396563,200.22303913291,120.498182135283));
#2092=CARTESIAN_POINT('Ctrl Pts',(229.14612396563,200.22303913291,120.498182135283));
#2093=CARTESIAN_POINT('Ctrl Pts',(229.314787969895,200.261607771369,120.080724075682));
#2094=CARTESIAN_POINT('Ctrl Pts',(229.643057061623,200.336673532858,119.268229562362));
#2095=CARTESIAN_POINT('Ctrl Pts',(229.872918903623,200.964038292051,118.699301539126));
#2096=CARTESIAN_POINT('Ctrl Pts',(229.984678189896,201.269064289885,118.422687598926));
#2097=CARTESIAN_POINT('',(229.516997507457,200.22303913291,120.648024772649));
#2098=CARTESIAN_POINT('',(229.14612396563,200.22303913291,120.498182135283));
#2099=CARTESIAN_POINT('Ctrl Pts',(229.516997507457,200.22303913291,120.648024772649));
#2100=CARTESIAN_POINT('Ctrl Pts',(229.685661511722,200.261607771368,120.230566713048));
#2101=CARTESIAN_POINT('Ctrl Pts',(230.01393060345,200.336673532858,119.418072199728));
#2102=CARTESIAN_POINT('Ctrl Pts',(230.24379244545,200.964038292051,118.849144176492));
#2103=CARTESIAN_POINT('Ctrl Pts',(230.355551731723,201.269064289884,118.572530236292));
#2104=CARTESIAN_POINT('Ctrl Pts',(228.564882775366,200.808813316183,121.93680456397));
#2105=CARTESIAN_POINT('Ctrl Pts',(228.935756317192,200.808813316183,122.086647201337));
#2106=CARTESIAN_POINT('Ctrl Pts',(228.649234530074,200.637979131559,121.72802664483));
#2107=CARTESIAN_POINT('Ctrl Pts',(229.020108071901,200.637979131558,121.877869282196));
#2108=CARTESIAN_POINT('Ctrl Pts',(228.821124683502,200.289856981551,121.302583585847));
#2109=CARTESIAN_POINT('Ctrl Pts',(229.191998225329,200.28985698155,121.452426223213));
#2110=CARTESIAN_POINT('Ctrl Pts',(229.03646018149,200.245585330803,120.769609525705));
#2111=CARTESIAN_POINT('Ctrl Pts',(229.407333723317,200.245585330803,120.919452163071));
#2112=CARTESIAN_POINT('Ctrl Pts',(229.14612396563,200.22303913291,120.498182135283));
#2113=CARTESIAN_POINT('Ctrl Pts',(229.516997507457,200.22303913291,120.648024772649));
#2114=CARTESIAN_POINT('Ctrl Pts',(228.564882775366,200.808813316183,121.93680456397));
#2115=CARTESIAN_POINT('Ctrl Pts',(228.649234530074,200.637979131559,121.72802664483));
#2116=CARTESIAN_POINT('Ctrl Pts',(228.821124683502,200.289856981551,121.302583585847));
#2117=CARTESIAN_POINT('Ctrl Pts',(229.03646018149,200.245585330803,120.769609525705));
#2118=CARTESIAN_POINT('Ctrl Pts',(229.14612396563,200.22303913291,120.498182135283));
#2119=CARTESIAN_POINT('Ctrl Pts',(228.935756317192,200.808813316183,122.086647201337));
#2120=CARTESIAN_POINT('Ctrl Pts',(229.020108071901,200.637979131558,121.877869282196));
#2121=CARTESIAN_POINT('Ctrl Pts',(229.191998225329,200.28985698155,121.452426223213));
#2122=CARTESIAN_POINT('Ctrl Pts',(229.407333723316,200.245585330803,120.919452163071));
#2123=CARTESIAN_POINT('Ctrl Pts',(229.516997507457,200.22303913291,120.648024772649));
#2124=CARTESIAN_POINT('Origin',(228.716321445888,203.570319419162,122.629767566491));
#2125=CARTESIAN_POINT('Origin',(240.455786465768,133.246555355011,97.8447194897236));
#2126=CARTESIAN_POINT('',(238.078415543216,139.721593847807,102.661132140805));
#2127=CARTESIAN_POINT('',(239.194769220285,139.721593847807,102.033633560971));
#2128=CARTESIAN_POINT('',(241.616807050506,139.721593847807,100.672214388906));
#2129=CARTESIAN_POINT('',(228.496004912327,177.801593847807,128.514004447398));
#2130=CARTESIAN_POINT('',(240.946534117488,133.486555355011,97.6978632936286));
#2131=CARTESIAN_POINT('',(227.514509608887,177.321593847807,128.807716839588));
#2132=CARTESIAN_POINT('',(228.496004912327,177.801593847807,128.514004447398));
#2133=CARTESIAN_POINT('',(239.965038814048,133.006555355011,97.9915756858186));
#2134=CARTESIAN_POINT('Origin',(230.582550623308,182.721593847807,122.281835724074));
#2135=CARTESIAN_POINT('',(227.881650099125,182.721593847807,130.034585968888));
#2136=CARTESIAN_POINT('',(226.840217740738,182.721593847807,130.476647777809));
#2137=CARTESIAN_POINT('',(227.881650099125,182.721593847807,130.034585968888));
#2138=CARTESIAN_POINT('Origin',(230.211677081482,182.721593847807,122.131993086708));
#2139=CARTESIAN_POINT('Origin',(230.953424165135,182.721593847807,122.43167836144));
#2140=CARTESIAN_POINT('Origin',(227.360933919932,132.140693540567,130.255616873348));
#2141=CARTESIAN_POINT('',(227.881650099125,206.521593847807,130.034585968888));
#2142=CARTESIAN_POINT('',(226.840217740738,206.521593847807,130.476647777809));
#2143=CARTESIAN_POINT('',(227.881650099125,206.521593847807,130.034585968888));
#2144=CARTESIAN_POINT('',(226.840217740738,132.140693540567,130.476647777809));
#2145=CARTESIAN_POINT('',(227.881650099125,132.140693540567,130.034585968888));
#2146=CARTESIAN_POINT('Origin',(228.334911062813,206.521593847807,127.844938851475));
#2147=CARTESIAN_POINT('',(228.70578460464,208.721593847807,127.994781488841));
#2148=CARTESIAN_POINT('',(227.964037520986,209.521593847807,127.695096214108));
#2149=CARTESIAN_POINT('',(228.70578460464,208.721593847807,127.994781488841));
#2150=CARTESIAN_POINT('Origin',(227.964037520986,206.521593847807,127.695096214108));
#2151=CARTESIAN_POINT('Origin',(228.70578460464,206.521593847807,127.994781488841));
#2152=CARTESIAN_POINT('Origin',(240.140686472135,209.121593847807,98.6246193414769));
#2153=CARTESIAN_POINT('',(241.442408780781,208.721593847807,96.4705304335703));
#2154=CARTESIAN_POINT('',(240.511560013961,208.721593847807,98.7744619788432));
#2155=CARTESIAN_POINT('',(240.700661697127,209.521593847807,96.1708451588376));
#2156=CARTESIAN_POINT('',(241.442408780781,208.721593847807,96.4705304335703));
#2157=CARTESIAN_POINT('',(239.769812930308,209.521593847807,98.4747767041105));
#2158=CARTESIAN_POINT('Origin',(241.071535238954,206.521593847807,96.320687796204));
#2159=CARTESIAN_POINT('',(242.266543286296,206.521593847807,94.4307259535234));
#2160=CARTESIAN_POINT('',(241.824481477375,206.521593847807,93.3892935951373));
#2161=CARTESIAN_POINT('',(242.266543286296,206.521593847807,94.4307259535234));
#2162=CARTESIAN_POINT('Origin',(240.700661697127,206.521593847807,96.1708451588376));
#2163=CARTESIAN_POINT('Origin',(241.442408780781,206.521593847807,96.4705304335703));
#2164=CARTESIAN_POINT('Origin',(242.045512381835,132.140693540567,93.9100097743303));
#2165=CARTESIAN_POINT('',(242.266543286296,139.721593847807,94.4307259535234));
#2166=CARTESIAN_POINT('',(241.824481477375,139.721593847807,93.3892935951372));
#2167=CARTESIAN_POINT('',(242.266543286296,139.721593847807,94.4307259535233));
#2168=CARTESIAN_POINT('',(241.824481477375,132.140693540567,93.3892935951373));
#2169=CARTESIAN_POINT('',(242.266543286296,132.140693540567,94.4307259535234));
#2170=CARTESIAN_POINT('Origin',(239.955317840558,89.7597932333269,100.151209669549));
#2171=CARTESIAN_POINT('',(240.511560013962,139.721593847807,98.7744619788432));
#2172=CARTESIAN_POINT('Origin',(238.842560936404,139.721593847807,96.4986584639389));
#2173=CARTESIAN_POINT('',(236.479023394088,139.721593847807,102.014935767163));
#2174=CARTESIAN_POINT('',(237.151231688649,139.721593847807,102.286525547389));
#2175=CARTESIAN_POINT('',(240.225089328247,139.721593847807,92.7430972214948));
#2176=CARTESIAN_POINT('',(238.726662954584,139.721593847807,96.4518326397619));
#2177=CARTESIAN_POINT('',(240.897297622808,139.721593847807,93.0146870017213));
#2178=CARTESIAN_POINT('Origin',(240.562018214528,192.021593847807,93.3106392248649));
#2179=CARTESIAN_POINT('',(240.041302035335,170.454813855861,93.5316701293252));
#2180=CARTESIAN_POINT('',(241.082734393722,170.492505811026,93.0896083204045));
#2181=CARTESIAN_POINT('Ctrl Pts',(240.041302035333,170.454813855862,93.5316701293264));
#2182=CARTESIAN_POINT('Ctrl Pts',(240.147260812843,170.458650085364,93.486693296717));
#2183=CARTESIAN_POINT('Ctrl Pts',(240.253219503387,170.462485906818,93.4417165010225));
#2184=CARTESIAN_POINT('Ctrl Pts',(240.600362898058,170.475051555297,93.2943628723709));
#2185=CARTESIAN_POINT('Ctrl Pts',(240.841548426837,170.48377972086,93.1919856893702));
#2186=CARTESIAN_POINT('Ctrl Pts',(241.082734393715,170.492505811026,93.0896083204074));
#2187=CARTESIAN_POINT('',(240.041302035335,206.521593847807,93.5316701293252));
#2188=CARTESIAN_POINT('',(240.041302035335,192.021593847807,93.5316701293252));
#2189=CARTESIAN_POINT('',(241.082734393722,206.521593847807,93.0896083204045));
#2190=CARTESIAN_POINT('',(240.041302035335,206.521593847807,93.5316701293252));
#2191=CARTESIAN_POINT('',(241.082734393722,192.021593847807,93.0896083204045));
#2192=CARTESIAN_POINT('Origin',(239.588041071647,206.521593847807,95.7213172467385));
#2193=CARTESIAN_POINT('',(239.21716752982,208.721593847807,95.5714746093722));
#2194=CARTESIAN_POINT('',(239.958914613474,209.521593847807,95.8711598841049));
#2195=CARTESIAN_POINT('',(239.21716752982,208.721593847807,95.5714746093722));
#2196=CARTESIAN_POINT('Origin',(239.958914613474,206.521593847807,95.8711598841049));
#2197=CARTESIAN_POINT('Origin',(239.21716752982,206.521593847807,95.5714746093722));
#2198=CARTESIAN_POINT('Origin',(239.213434478231,209.121593847807,96.6485011013053));
#2199=CARTESIAN_POINT('',(226.480543353679,208.721593847807,127.095725664643));
#2200=CARTESIAN_POINT('',(227.222290437333,209.521593847807,127.395410939376));
#2201=CARTESIAN_POINT('',(226.480543353679,208.721593847807,127.095725664643));
#2202=CARTESIAN_POINT('',(239.584308020058,209.521593847807,96.7983437386717));
#2203=CARTESIAN_POINT('',(238.842560936404,208.721593847807,96.4986584639389));
#2204=CARTESIAN_POINT('Origin',(226.851416895506,206.521593847807,127.245568302009));
#2205=CARTESIAN_POINT('',(225.656408848164,206.521593847807,129.13553014469));
#2206=CARTESIAN_POINT('',(226.098470657085,206.521593847807,130.176962503076));
#2207=CARTESIAN_POINT('',(225.656408848164,206.521593847807,129.13553014469));
#2208=CARTESIAN_POINT('Origin',(227.222290437333,206.521593847807,127.395410939376));
#2209=CARTESIAN_POINT('Origin',(226.480543353679,206.521593847807,127.095725664643));
#2210=CARTESIAN_POINT('Origin',(225.877439752625,192.021593847807,129.656246323883));
#2211=CARTESIAN_POINT('',(225.656408848164,182.721593847807,129.13553014469));
#2212=CARTESIAN_POINT('',(226.098470657085,182.721593847807,130.176962503076));
#2213=CARTESIAN_POINT('',(225.656408848164,182.721593847807,129.13553014469));
#2214=CARTESIAN_POINT('',(226.098470657085,192.021593847807,130.176962503076));
#2215=CARTESIAN_POINT('',(225.656408848164,192.021593847807,129.13553014469));
#2216=CARTESIAN_POINT('Origin',(229.099056456002,182.721593847807,121.682465174609));
#2217=CARTESIAN_POINT('',(226.270763661366,177.801593847807,127.6149486232));
#2218=CARTESIAN_POINT('',(226.772762525234,177.321593847807,128.508031564856));
#2219=CARTESIAN_POINT('',(226.270763661366,177.801593847807,127.6149486232));
#2220=CARTESIAN_POINT('Origin',(229.469929997828,182.721593847807,121.832307811975));
#2221=CARTESIAN_POINT('Origin',(228.728182914175,182.721593847807,121.532622537242));
#2222=CARTESIAN_POINT('Origin',(228.405285044995,170.857593847807,123.399609673266));
#2223=CARTESIAN_POINT('',(236.230083547959,142.353490680401,102.964766902927));
#2224=CARTESIAN_POINT('',(236.659327094798,142.132447889244,104.037925573276));
#2225=CARTESIAN_POINT('Ctrl Pts',(236.659327444618,142.132471439268,104.037924707442));
#2226=CARTESIAN_POINT('Ctrl Pts',(236.516241164746,142.206172731447,103.680205741796));
#2227=CARTESIAN_POINT('Ctrl Pts',(236.373159711394,142.279855445566,103.322485711146));
#2228=CARTESIAN_POINT('Ctrl Pts',(236.230083821766,142.353520519491,102.964766221502));
#2229=CARTESIAN_POINT('',(228.656284476929,170.617593847807,123.846151144094));
#2230=CARTESIAN_POINT('',(228.154285613062,171.097593847807,122.953068202439));
#2231=CARTESIAN_POINT('Origin',(238.842560936404,209.521593847807,96.4986584639389));
#2232=CARTESIAN_POINT('',(239.292088854086,188.577122284204,95.3860378246427));
#2233=CARTESIAN_POINT('Ctrl Pts',(239.292088854086,188.577122284204,95.3860378246427));
#2234=CARTESIAN_POINT('Ctrl Pts',(239.344109959464,187.394580544444,95.2572810706211));
#2235=CARTESIAN_POINT('Ctrl Pts',(239.448219686094,185.027976091507,94.9996004549271));
#2236=CARTESIAN_POINT('Ctrl Pts',(239.565086608811,182.371334574236,94.7103446709098));
#2237=CARTESIAN_POINT('Ctrl Pts',(239.643287925154,180.593792233718,94.5167896209091));
#2238=CARTESIAN_POINT('Ctrl Pts',(239.669028107588,180.008652315514,94.4530804337624));
#2239=CARTESIAN_POINT('Ctrl Pts',(239.688809619444,179.559215994646,94.4041194738266));
#2240=CARTESIAN_POINT('Ctrl Pts',(239.7176800388,178.88853806659,94.3326626784278));
#2241=CARTESIAN_POINT('Ctrl Pts',(239.80190595247,176.841241942683,94.1241962267844));
#2242=CARTESIAN_POINT('Ctrl Pts',(239.913469570858,173.981648319656,93.8480665815946));
#2243=CARTESIAN_POINT('Ctrl Pts',(239.999647833009,171.632964458722,93.6347678978934));
#2244=CARTESIAN_POINT('Ctrl Pts',(240.041354647025,170.454094021089,93.5315399108255));
#2245=CARTESIAN_POINT('',(239.292088854086,208.500003114343,95.3860378246427));
#2246=CARTESIAN_POINT('',(239.292088854086,209.010798481075,95.3860378246427));
#2247=CARTESIAN_POINT('',(238.467954337406,208.500003114343,97.4258423323218));
#2248=CARTESIAN_POINT('',(238.655257636905,208.500003114343,96.9622503981304));
#2249=CARTESIAN_POINT('',(238.467954337406,186.222880329943,97.4258423323218));
#2250=CARTESIAN_POINT('',(238.467954337406,192.200874596248,97.4258423323218));
#2251=CARTESIAN_POINT('Ctrl Pts',(236.230083824403,142.353520559039,102.964766218703));
#2252=CARTESIAN_POINT('Ctrl Pts',(236.814689257756,154.718322248662,101.517816996176));
#2253=CARTESIAN_POINT('Ctrl Pts',(237.459706766007,167.381588785822,99.9213426412821));
#2254=CARTESIAN_POINT('Ctrl Pts',(238.235535513525,181.879706663282,98.0010991077967));
#2255=CARTESIAN_POINT('Ctrl Pts',(238.351742917506,184.051239806873,97.7134756899341));
#2256=CARTESIAN_POINT('Ctrl Pts',(238.467954337406,186.222880329943,97.4258423323219));
#2257=CARTESIAN_POINT('Origin',(229.562648383285,182.721593847807,121.869768471316));
#2258=CARTESIAN_POINT('',(226.191189042542,182.721593847807,130.214423162418));
#2259=CARTESIAN_POINT('',(226.86548091069,177.321593847807,128.545492224197));
#2260=CARTESIAN_POINT('Origin',(231.53213278741,159.721593847807,116.194283365891));
#2261=CARTESIAN_POINT('',(236.176236574744,141.211814285368,103.098042838429));
#2262=CARTESIAN_POINT('Ctrl Pts',(236.1762366529,141.211819295986,103.098042644984));
#2263=CARTESIAN_POINT('Ctrl Pts',(236.337207137912,141.518695913864,103.411307370363));
#2264=CARTESIAN_POINT('Ctrl Pts',(236.498240511982,141.825588831231,103.724606266267));
#2265=CARTESIAN_POINT('Ctrl Pts',(236.659327444618,142.132471439268,104.037924707442));
#2266=CARTESIAN_POINT('',(235.805337172942,140.504544920075,102.376078815221));
#2267=CARTESIAN_POINT('Ctrl Pts',(236.176236577572,141.211814290759,103.098042843932));
#2268=CARTESIAN_POINT('Ctrl Pts',(236.052580350678,140.976077868674,102.857395044279));
#2269=CARTESIAN_POINT('Ctrl Pts',(235.92894578933,140.740318920229,102.616737775921));
#2270=CARTESIAN_POINT('Ctrl Pts',(235.805337172942,140.504544920075,102.376078815221));
#2271=CARTESIAN_POINT('',(218.495037586132,160.622393847807,111.655613068018));
#2272=CARTESIAN_POINT('Origin',(228.1494742919,206.521593847807,127.770017532792));
#2273=CARTESIAN_POINT('',(228.1494742919,209.521593847807,127.770017532792));
#2274=CARTESIAN_POINT('',(227.025654511652,206.521593847807,130.551569096492));
#2275=CARTESIAN_POINT('Origin',(241.067802187365,209.521593847807,97.3977142881371));
#2276=CARTESIAN_POINT('',(240.886098468041,209.521593847807,96.2457664775208));
#2277=CARTESIAN_POINT('Origin',(240.886098468041,206.521593847807,96.2457664775208));
#2278=CARTESIAN_POINT('',(242.009918248288,206.521593847807,93.4642149138204));
#2279=CARTESIAN_POINT('Origin',(226.469344198912,174.521593847807,130.326805140442));
#2280=CARTESIAN_POINT('Ctrl Pts',(235.257823980105,140.382053238258,101.10004631734));
#2281=CARTESIAN_POINT('Ctrl Pts',(235.86370518081,153.295757472531,99.6004377227403));
#2282=CARTESIAN_POINT('Ctrl Pts',(236.538199239538,166.569298825854,97.9310063452768));
#2283=CARTESIAN_POINT('Ctrl Pts',(237.345375136059,181.653191850403,95.9331758954028));
#2284=CARTESIAN_POINT('Ctrl Pts',(237.461591982443,183.824902931698,95.6455291067714));
#2285=CARTESIAN_POINT('Ctrl Pts',(237.577807194693,185.996614618202,95.3578863627652));
#2286=CARTESIAN_POINT('Ctrl Pts',(235.702208979683,140.481472698204,102.135728577083));
#2287=CARTESIAN_POINT('Ctrl Pts',(236.308345063115,153.40061485719,100.635489125598));
#2288=CARTESIAN_POINT('Ctrl Pts',(236.983077724612,166.678777846944,98.9654671855571));
#2289=CARTESIAN_POINT('Ctrl Pts',(237.790474067911,181.766800275437,96.9670911107607));
#2290=CARTESIAN_POINT('Ctrl Pts',(237.90664848823,183.937715552118,96.6795493303261));
#2291=CARTESIAN_POINT('Ctrl Pts',(238.022880766052,186.109747474073,96.3918643475477));
#2292=CARTESIAN_POINT('Ctrl Pts',(236.146593979261,140.580892158149,103.171410836827));
#2293=CARTESIAN_POINT('Ctrl Pts',(236.753008058073,153.505948740122,101.670483322632));
#2294=CARTESIAN_POINT('Ctrl Pts',(237.428217198598,166.793135168856,99.9992820556128));
#2295=CARTESIAN_POINT('Ctrl Pts',(238.235522393347,181.879460950267,98.0011315813953));
#2296=CARTESIAN_POINT('Ctrl Pts',(238.351756190732,184.051488878891,97.7134428375641));
#2297=CARTESIAN_POINT('Ctrl Pts',(238.46795433741,186.222880329944,97.4258423323302));
#2298=CARTESIAN_POINT('Ctrl Pts',(236.590978978839,140.680311618095,104.207093096571));
#2299=CARTESIAN_POINT('Ctrl Pts',(237.197647940378,153.610806124781,102.70553472549));
#2300=CARTESIAN_POINT('Ctrl Pts',(237.873095683672,166.902614189946,101.033742895893));
#2301=CARTESIAN_POINT('Ctrl Pts',(238.680621325199,181.993069375301,99.0350467967532));
#2302=CARTESIAN_POINT('Ctrl Pts',(238.796812696519,184.164301499311,98.7474630611188));
#2303=CARTESIAN_POINT('Ctrl Pts',(238.913027908769,186.336013185815,98.4598203171127));
#2304=CARTESIAN_POINT('',(237.134302807466,177.704616720952,96.4555982410296));
#2305=CARTESIAN_POINT('Ctrl Pts',(237.134303985226,177.704616259555,96.4555953259713));
#2306=CARTESIAN_POINT('Ctrl Pts',(237.163799456494,177.893793986352,96.4770545282019));
#2307=CARTESIAN_POINT('Ctrl Pts',(237.191791330285,178.073218200907,96.4974148421059));
#2308=CARTESIAN_POINT('Ctrl Pts',(237.221305524063,178.262249892891,96.5188864290604));
#2309=CARTESIAN_POINT('Ctrl Pts',(237.24856559342,178.436844431129,96.5387181396598));
#2310=CARTESIAN_POINT('Ctrl Pts',(237.277124350167,178.619635380227,96.5594978111772));
#2311=CARTESIAN_POINT('Ctrl Pts',(237.309368564865,178.825835438349,96.5829605693897));
#2312=CARTESIAN_POINT('Ctrl Pts',(237.337797610877,179.007637693261,96.6036471898899));
#2313=CARTESIAN_POINT('Ctrl Pts',(237.36909158238,179.207637788765,96.6264195139691));
#2314=CARTESIAN_POINT('Ctrl Pts',(237.404888264439,179.436220950363,96.652461960063));
#2315=CARTESIAN_POINT('Ctrl Pts',(237.409692167476,179.466896735966,96.6559568478201));
#2316=CARTESIAN_POINT('Ctrl Pts',(237.414577165457,179.498087212752,96.6595106212314));
#2317=CARTESIAN_POINT('Ctrl Pts',(237.419547219738,179.529817402995,96.6631261353836));
#2318=CARTESIAN_POINT('Ctrl Pts',(237.471976668787,179.864541391613,96.7012664461931));
#2319=CARTESIAN_POINT('Ctrl Pts',(237.533824168952,180.259394981157,96.7462570971431));
#2320=CARTESIAN_POINT('Ctrl Pts',(237.609719999645,180.743928775425,96.8014687227697));
#2321=CARTESIAN_POINT('Ctrl Pts',(237.638180936155,180.925628948275,96.8221730823796));
#2322=CARTESIAN_POINT('Ctrl Pts',(237.668617415326,181.119940322622,96.8443147760065));
#2323=CARTESIAN_POINT('Ctrl Pts',(237.701273616815,181.32842131769,96.8680715401591));
#2324=CARTESIAN_POINT('Ctrl Pts',(237.729847793118,181.510842188374,96.8888587087927));
#2325=CARTESIAN_POINT('Ctrl Pts',(237.760121444149,181.704111670984,96.9108824162244));
#2326=CARTESIAN_POINT('Ctrl Pts',(237.792258165708,181.909274071617,96.9342616961217));
#2327=CARTESIAN_POINT('Ctrl Pts',(237.793233414894,181.915500110068,96.9349711842888));
#2328=CARTESIAN_POINT('Ctrl Pts',(237.794210434932,181.92173745281,96.9356819609209));
#2329=CARTESIAN_POINT('Ctrl Pts',(237.795186884163,181.927971150584,96.9363923224723));
#2330=CARTESIAN_POINT('Ctrl Pts',(237.92521182962,182.75805651187,97.0309847692695));
#2331=CARTESIAN_POINT('Ctrl Pts',(238.055236019905,183.588123755265,97.1255790851828));
#2332=CARTESIAN_POINT('Ctrl Pts',(238.185260039235,184.418188618087,97.2201738242242));
#2333=CARTESIAN_POINT('Ctrl Pts',(238.279491834344,185.019758254864,97.2887290966551));
#2334=CARTESIAN_POINT('Ctrl Pts',(238.373723330391,185.621322718419,97.3572851092902));
#2335=CARTESIAN_POINT('Ctrl Pts',(238.467954337406,186.222880329943,97.4258423323218));
#2336=CARTESIAN_POINT('',(235.337860097045,142.081593847807,100.901949976509));
#2337=CARTESIAN_POINT('Ctrl Pts',(237.134303985226,177.704616259555,96.4555953259713));
#2338=CARTESIAN_POINT('Ctrl Pts',(236.506746512202,165.920999562468,98.0088545772172));
#2339=CARTESIAN_POINT('Ctrl Pts',(235.894817317136,153.865280385397,99.5234324831454));
#2340=CARTESIAN_POINT('Ctrl Pts',(235.337858939531,142.081594238577,100.901952841458));
#2341=CARTESIAN_POINT('Ctrl Pts',(235.33785893953,142.081594238577,100.901952841457));
#2342=CARTESIAN_POINT('Ctrl Pts',(235.454031743083,141.689429164124,101.26870069522));
#2343=CARTESIAN_POINT('Ctrl Pts',(235.570442558684,141.296654303281,101.635891997523));
#2344=CARTESIAN_POINT('Ctrl Pts',(235.687077935759,140.903305876951,102.003479999832));
#2345=CARTESIAN_POINT('Ctrl Pts',(235.7264722172,140.770450143129,102.12763499963));
#2346=CARTESIAN_POINT('Ctrl Pts',(235.76589212521,140.637529158966,102.251835229446));
#2347=CARTESIAN_POINT('Ctrl Pts',(235.805337173065,140.504544920323,102.376078814915));
#2348=CARTESIAN_POINT('Origin',(237.746939631592,208.000003114343,96.5409491892481));
#2349=CARTESIAN_POINT('',(237.250417848244,207.500003114343,95.1004165650943));
#2350=CARTESIAN_POINT('',(236.576983763096,207.170158549169,95.0062059449343));
#2351=CARTESIAN_POINT('',(236.800889924981,207.500003114343,96.2130372182066));
#2352=CARTESIAN_POINT('',(236.819755777026,207.500003114343,96.1663425958322));
#2353=CARTESIAN_POINT('',(233.669404119186,205.621559916555,93.9348517013546));
#2354=CARTESIAN_POINT('Origin',(237.025924925778,191.472905502981,95.6560560461743));
#2355=CARTESIAN_POINT('',(237.250417848244,179.10843063019,95.1004165650943));
#2356=CARTESIAN_POINT('',(237.250417848244,199.986454308662,95.1004165650943));
#2357=CARTESIAN_POINT('',(237.232593087927,179.521593847807,95.1445343950198));
#2358=CARTESIAN_POINT('Ctrl Pts',(237.232593087927,179.521593847807,95.1445343950197));
#2359=CARTESIAN_POINT('Ctrl Pts',(237.236745970389,179.427190693301,95.1342556502353));
#2360=CARTESIAN_POINT('Ctrl Pts',(237.241816208756,179.309956586743,95.1217063699086));
#2361=CARTESIAN_POINT('Ctrl Pts',(237.24779834865,179.169867839442,95.106900054103));
#2362=CARTESIAN_POINT('Ctrl Pts',(237.248652934015,179.149855302889,95.1047848811004));
#2363=CARTESIAN_POINT('Ctrl Pts',(237.249526111663,179.129376279259,95.1026236905824));
#2364=CARTESIAN_POINT('Ctrl Pts',(237.250417848244,179.10843063019,95.1004165650943));
#2365=CARTESIAN_POINT('',(236.858288016119,179.48147955869,96.0709719574204));
#2366=CARTESIAN_POINT('',(237.219149651434,179.520153114195,95.1778080679489));
#2367=CARTESIAN_POINT('',(236.80088992493,178.407335532597,96.2130372183335));
#2368=CARTESIAN_POINT('Ctrl Pts',(236.800889924879,178.407335532616,96.2130372184579));
#2369=CARTESIAN_POINT('Ctrl Pts',(236.819996257019,178.76540768397,96.1657473869629));
#2370=CARTESIAN_POINT('Ctrl Pts',(236.83912915167,179.123458185941,96.1183918109444));
#2371=CARTESIAN_POINT('Ctrl Pts',(236.858288016119,179.48147955869,96.0709719574204));
#2372=CARTESIAN_POINT('',(236.800889924981,183.176530423834,96.2130372182066));
#2373=CARTESIAN_POINT('Origin',(238.271253351165,199.986454308662,95.2432271948685));
#2374=CARTESIAN_POINT('',(237.658752049412,178.214782114713,95.1575408170039));
#2375=CARTESIAN_POINT('Ctrl Pts',(239.292088854086,188.577122284204,95.3860378246427));
#2376=CARTESIAN_POINT('Ctrl Pts',(239.225658506922,188.157697516784,95.3767437304809));
#2377=CARTESIAN_POINT('Ctrl Pts',(239.159231965957,187.738187076184,95.3674402156477));
#2378=CARTESIAN_POINT('Ctrl Pts',(239.092804749113,187.318692139368,95.3581383736741));
#2379=CARTESIAN_POINT('Ctrl Pts',(239.026510124979,186.900034539613,95.3488550987352));
#2380=CARTESIAN_POINT('Ctrl Pts',(238.960214816688,186.481392629715,95.3395735171443));
#2381=CARTESIAN_POINT('Ctrl Pts',(238.893916691599,186.06281419769,95.3302989073715));
#2382=CARTESIAN_POINT('Ctrl Pts',(238.835896582117,185.696499668874,95.3221823298106));
#2383=CARTESIAN_POINT('Ctrl Pts',(238.777874360167,185.330232737097,95.3140709807898));
#2384=CARTESIAN_POINT('Ctrl Pts',(238.719850032528,184.964012800956,95.3059648435314));
#2385=CARTESIAN_POINT('Ctrl Pts',(238.666365931835,184.626448459631,95.2984929868292));
#2386=CARTESIAN_POINT('Ctrl Pts',(238.612880330206,184.288917498636,95.2910248450757));
#2387=CARTESIAN_POINT('Ctrl Pts',(238.55939627429,183.951352585536,95.2835528775449));
#2388=CARTESIAN_POINT('Ctrl Pts',(238.50379210079,183.600406538633,95.2757847198789));
#2389=CARTESIAN_POINT('Ctrl Pts',(238.448189586232,183.249424061176,95.2680124561852));
#2390=CARTESIAN_POINT('Ctrl Pts',(238.392589587776,182.898387832054,95.2602339649206));
#2391=CARTESIAN_POINT('Ctrl Pts',(238.327350508336,182.486494287564,95.2511069573015));
#2392=CARTESIAN_POINT('Ctrl Pts',(238.262114868862,182.074527285915,95.2419714354714));
#2393=CARTESIAN_POINT('Ctrl Pts',(238.196880704102,181.66253501701,95.2328322635929));
#2394=CARTESIAN_POINT('Ctrl Pts',(238.180452715738,181.55878257035,95.2305307363206));
#2395=CARTESIAN_POINT('Ctrl Pts',(238.1640248087,181.455028798785,95.2282290077618));
#2396=CARTESIAN_POINT('Ctrl Pts',(238.147596932864,181.351274898314,95.2259272019727));
#2397=CARTESIAN_POINT('Ctrl Pts',(238.120693648352,181.181361226488,95.2221576253912));
#2398=CARTESIAN_POINT('Ctrl Pts',(238.093790224509,181.011452280353,95.2183883936664));
#2399=CARTESIAN_POINT('Ctrl Pts',(238.066884856952,180.841585652023,95.2146239728033));
#2400=CARTESIAN_POINT('Ctrl Pts',(238.04610336559,180.710382022787,95.2117163641454));
#2401=CARTESIAN_POINT('Ctrl Pts',(238.025320782597,180.579202094759,95.2088114573676));
#2402=CARTESIAN_POINT('Ctrl Pts',(238.004537192255,180.448042360993,95.2059090438671));
#2403=CARTESIAN_POINT('Ctrl Pts',(237.986892288138,180.336690044663,95.2034449456492));
#2404=CARTESIAN_POINT('Ctrl Pts',(237.9692468979,180.225346824845,95.2009820506232));
#2405=CARTESIAN_POINT('Ctrl Pts',(237.951603513284,180.113965222545,95.1985141915084));
#2406=CARTESIAN_POINT('Ctrl Pts',(237.932249243251,179.991782905795,95.1958070231985));
#2407=CARTESIAN_POINT('Ctrl Pts',(237.912897373565,179.869554696872,95.193093913819));
#2408=CARTESIAN_POINT('Ctrl Pts',(237.893548346951,179.747282701811,95.1903737675922));
#2409=CARTESIAN_POINT('Ctrl Pts',(237.884179592861,179.688078883625,95.1890566790588));
#2410=CARTESIAN_POINT('Ctrl Pts',(237.874811466266,179.628865689056,95.1877380374235));
#2411=CARTESIAN_POINT('Ctrl Pts',(237.865443834729,179.56964751873,95.1864181704736));
#2412=CARTESIAN_POINT('Ctrl Pts',(237.864115783896,179.56125214791,95.1862310526951));
#2413=CARTESIAN_POINT('Ctrl Pts',(237.86279987742,179.552897968256,95.1860424296668));
#2414=CARTESIAN_POINT('Ctrl Pts',(237.861489546283,179.544649744602,95.1858609504822));
#2415=CARTESIAN_POINT('Ctrl Pts',(237.860406718534,179.537833600797,95.1857109802254));
#2416=CARTESIAN_POINT('Ctrl Pts',(237.859332069696,179.531019039482,95.1855590553932));
#2417=CARTESIAN_POINT('Ctrl Pts',(237.858261869512,179.524243014197,95.1854097559593));
#2418=CARTESIAN_POINT('Ctrl Pts',(237.857121608784,179.517023397119,95.1852506826533));
#2419=CARTESIAN_POINT('Ctrl Pts',(237.855986409501,179.509847286291,95.1850945618568));
#2420=CARTESIAN_POINT('Ctrl Pts',(237.854854366704,179.502698323995,95.1849404808635));
#2421=CARTESIAN_POINT('Ctrl Pts',(237.853881476103,179.496554423561,95.1848080618854));
#2422=CARTESIAN_POINT('Ctrl Pts',(237.852910969971,179.490429335307,95.1846770179921));
#2423=CARTESIAN_POINT('Ctrl Pts',(237.851942926687,179.484282351567,95.1845435830352));
#2424=CARTESIAN_POINT('Ctrl Pts',(237.84951515569,179.468866234235,95.1842089394052));
#2425=CARTESIAN_POINT('Ctrl Pts',(237.847121111503,179.452738834847,95.1838003273139));
#2426=CARTESIAN_POINT('Ctrl Pts',(237.844730807072,179.436051525489,95.1833438587059));
#2427=CARTESIAN_POINT('Ctrl Pts',(237.842268221664,179.41885960467,95.1828735868365));
#2428=CARTESIAN_POINT('Ctrl Pts',(237.839809616133,179.401073193754,95.182352494351));
#2429=CARTESIAN_POINT('Ctrl Pts',(237.837324642936,179.382801527113,95.181803087827));
#2430=CARTESIAN_POINT('Ctrl Pts',(237.834765874177,179.363987251847,95.1812373657295));
#2431=CARTESIAN_POINT('Ctrl Pts',(237.832179158658,179.344658270922,95.1806415976488));
#2432=CARTESIAN_POINT('Ctrl Pts',(237.829533753619,179.324878228171,95.180034441106));
#2433=CARTESIAN_POINT('Ctrl Pts',(237.826813733321,179.304540277285,95.1794101593437));
#2434=CARTESIAN_POINT('Ctrl Pts',(237.824031675689,179.283725272118,95.1787738138035));
#2435=CARTESIAN_POINT('Ctrl Pts',(237.821156496196,179.26244752102,95.1781399097096));
#2436=CARTESIAN_POINT('Ctrl Pts',(237.818069438499,179.23960176636,95.1774592918503));
#2437=CARTESIAN_POINT('Ctrl Pts',(237.814875019096,179.216222821377,95.1767815118888));
#2438=CARTESIAN_POINT('Ctrl Pts',(237.811537433333,179.192264911629,95.1761179135013));
#2439=CARTESIAN_POINT('Ctrl Pts',(237.808256279207,179.168712080323,95.1754655351829));
#2440=CARTESIAN_POINT('Ctrl Pts',(237.80483678182,179.144599195113,95.174826806657));
#2441=CARTESIAN_POINT('Ctrl Pts',(237.801247249576,179.119826800551,95.1742067452477));
#2442=CARTESIAN_POINT('Ctrl Pts',(237.797618789507,179.094785753862,95.1735799593849));
#2443=CARTESIAN_POINT('Ctrl Pts',(237.793816593157,179.06907070003,95.1729722314602));
#2444=CARTESIAN_POINT('Ctrl Pts',(237.789810121137,179.04252549609,95.1723833122432));
#2445=CARTESIAN_POINT('Ctrl Pts',(237.785787661926,179.015874367727,95.1717920430375));
#2446=CARTESIAN_POINT('Ctrl Pts',(237.781559297435,178.988386400402,95.1712197232855));
#2447=CARTESIAN_POINT('Ctrl Pts',(237.77709623835,178.959851375026,95.1706608606905));
#2448=CARTESIAN_POINT('Ctrl Pts',(237.772594530683,178.931069245977,95.1700971585343));
#2449=CARTESIAN_POINT('Ctrl Pts',(237.767854043176,178.901221967545,95.1695471547799));
#2450=CARTESIAN_POINT('Ctrl Pts',(237.76284737631,178.870040224481,95.1689999061083));
#2451=CARTESIAN_POINT('Ctrl Pts',(237.757978221937,178.839714915316,95.1684676881011));
#2452=CARTESIAN_POINT('Ctrl Pts',(237.752857314119,178.808127360482,95.1679380635012));
#2453=CARTESIAN_POINT('Ctrl Pts',(237.747461434425,178.774979526568,95.1673960534255));
#2454=CARTESIAN_POINT('Ctrl Pts',(237.74214123588,178.742296615208,95.1668616454365));
#2455=CARTESIAN_POINT('Ctrl Pts',(237.736553721711,178.708097012097,95.1663152044307));
#2456=CARTESIAN_POINT('Ctrl Pts',(237.730678587216,178.672044903473,95.1657375455825));
#2457=CARTESIAN_POINT('Ctrl Pts',(237.724941891148,178.636842306848,95.1651734983687));
#2458=CARTESIAN_POINT('Ctrl Pts',(237.718930967577,178.599873584563,95.1645796924558));
#2459=CARTESIAN_POINT('Ctrl Pts',(237.712628820274,178.560776360861,95.1639335482883));
#2460=CARTESIAN_POINT('Ctrl Pts',(237.711738498817,178.555252989938,95.1638422657478));
#2461=CARTESIAN_POINT('Ctrl Pts',(237.71084236834,178.549687053753,95.163749930679));
#2462=CARTESIAN_POINT('Ctrl Pts',(237.709940384137,178.544077445715,95.1636564714568));
#2463=CARTESIAN_POINT('Ctrl Pts',(237.703750187243,178.505579456314,95.1630150733197));
#2464=CARTESIAN_POINT('Ctrl Pts',(237.69728413406,178.465028708515,95.1623211052135));
#2465=CARTESIAN_POINT('Ctrl Pts',(237.690528776372,178.422038197718,95.1615489360207));
#2466=CARTESIAN_POINT('Ctrl Pts',(237.683972843267,178.380316807682,95.1607995619967));
#2467=CARTESIAN_POINT('Ctrl Pts',(237.677144433783,178.336297676314,95.1599765379504));
#2468=CARTESIAN_POINT('Ctrl Pts',(237.670033019063,178.289578445916,95.1590520723954));
#2469=CARTESIAN_POINT('Ctrl Pts',(237.666350469654,178.265385527759,95.158573350479));
#2470=CARTESIAN_POINT('Ctrl Pts',(237.662592060391,178.240467751696,95.1580673540829));
#2471=CARTESIAN_POINT('Ctrl Pts',(237.658756525426,178.214763722801,95.1575297384816));
#2472=CARTESIAN_POINT('Ctrl Pts',(237.250417848245,179.108430630188,95.1004165650943));
#2473=CARTESIAN_POINT('Ctrl Pts',(237.359702454008,178.87293877543,95.1157050257024));
#2474=CARTESIAN_POINT('Ctrl Pts',(237.497376149353,178.572448134612,95.1349650015548));
#2475=CARTESIAN_POINT('Ctrl Pts',(237.658752049412,178.214782114713,95.1575408170039));
#2476=CARTESIAN_POINT('Ctrl Pts',(237.213314644629,188.390512839295,96.2600370816036));
#2477=CARTESIAN_POINT('Ctrl Pts',(237.265334909312,187.207990307097,96.1312824083746));
#2478=CARTESIAN_POINT('Ctrl Pts',(237.369375715402,184.842952580057,95.873772377002));
#2479=CARTESIAN_POINT('Ctrl Pts',(237.486420875566,182.182259085124,95.584075439824));
#2480=CARTESIAN_POINT('Ctrl Pts',(237.564455640256,180.408504722506,95.3909326196319));
#2481=CARTESIAN_POINT('Ctrl Pts',(237.590466158207,179.817219710848,95.326554328601));
#2482=CARTESIAN_POINT('Ctrl Pts',(237.609803890332,179.377874263098,95.2786917620436));
#2483=CARTESIAN_POINT('Ctrl Pts',(237.638461582317,178.712239344776,95.2077614853621));
#2484=CARTESIAN_POINT('Ctrl Pts',(237.722407136739,176.671799456866,94.99998894721));
#2485=CARTESIAN_POINT('Ctrl Pts',(237.839408819172,173.672849234528,94.7103996211913));
#2486=CARTESIAN_POINT('Ctrl Pts',(237.980423306255,169.814492809796,94.361376518072));
#2487=CARTESIAN_POINT('Ctrl Pts',(238.137403190661,165.147682239021,93.9728376699264));
#2488=CARTESIAN_POINT('Ctrl Pts',(238.426157254197,155.808132893559,93.2581462833997));
#2489=CARTESIAN_POINT('Ctrl Pts',(238.628002327777,147.813332305825,92.7585621953527));
#2490=CARTESIAN_POINT('Ctrl Pts',(238.766021256106,141.675543053675,92.416953360324));
#2491=CARTESIAN_POINT('Ctrl Pts',(238.252701749357,188.48381756175,95.8230374531231));
#2492=CARTESIAN_POINT('Ctrl Pts',(238.304718230914,187.301381463575,95.6942921434607));
#2493=CARTESIAN_POINT('Ctrl Pts',(238.408769387695,184.936107251769,95.4367564932308));
#2494=CARTESIAN_POINT('Ctrl Pts',(238.52580141841,182.275713728556,95.1470920525782));
#2495=CARTESIAN_POINT('Ctrl Pts',(238.603850206194,180.501638976984,94.9539145240088));
#2496=CARTESIAN_POINT('Ctrl Pts',(238.629834645704,179.910949784289,94.8896007793844));
#2497=CARTESIAN_POINT('Ctrl Pts',(238.649231005385,179.470264875663,94.8415931045349));
#2498=CARTESIAN_POINT('Ctrl Pts',(238.678088477038,178.799988231575,94.770168355823));
#2499=CARTESIAN_POINT('Ctrl Pts',(238.762131883647,176.75707979786,94.56215362501));
#2500=CARTESIAN_POINT('Ctrl Pts',(238.879346257174,173.752742421539,94.2720378700612));
#2501=CARTESIAN_POINT('Ctrl Pts',(239.020554929751,169.889006868629,93.9225341409766));
#2502=CARTESIAN_POINT('Ctrl Pts',(239.177738990356,165.216148898078,93.5334899390063));
#2503=CARTESIAN_POINT('Ctrl Pts',(239.466810377277,155.866254990663,92.8180131495398));
#2504=CARTESIAN_POINT('Ctrl Pts',(239.668805699215,147.865273784097,92.318057183759));
#2505=CARTESIAN_POINT('Ctrl Pts',(239.806915138693,141.723478878472,91.9762243257751));
#2506=CARTESIAN_POINT('Ctrl Pts',(239.292088854086,188.577122284204,95.3860378246427));
#2507=CARTESIAN_POINT('Ctrl Pts',(239.344112901896,187.394513317981,95.2572737878471));
#2508=CARTESIAN_POINT('Ctrl Pts',(239.448239505231,185.027526050316,94.9995514008407));
#2509=CARTESIAN_POINT('Ctrl Pts',(239.565053235456,182.372092745023,94.7104272728618));
#2510=CARTESIAN_POINT('Ctrl Pts',(239.643303028712,180.593448884508,94.5167522382923));
#2511=CARTESIAN_POINT('Ctrl Pts',(239.668966848623,180.010042675738,94.4532320550205));
#2512=CARTESIAN_POINT('Ctrl Pts',(239.688862644097,179.558012171892,94.4039882332066));
#2513=CARTESIAN_POINT('Ctrl Pts',(239.717667672264,178.888818398465,94.3326932866781));
#2514=CARTESIAN_POINT('Ctrl Pts',(239.801923215141,176.840850574023,94.1241535001754));
#2515=CARTESIAN_POINT('Ctrl Pts',(239.919277769088,173.832767713974,93.8336907865113));
#2516=CARTESIAN_POINT('Ctrl Pts',(240.060704101772,169.963127187233,93.4836483297603));
#2517=CARTESIAN_POINT('Ctrl Pts',(240.218077820002,165.28454205825,93.0941347086947));
#2518=CARTESIAN_POINT('Ctrl Pts',(240.507470782141,155.924225753331,92.3778619926334));
#2519=CARTESIAN_POINT('Ctrl Pts',(240.709607920687,147.917324706232,91.8775550184316));
#2520=CARTESIAN_POINT('Ctrl Pts',(240.84780902128,141.771414703269,91.5354952912262));
#2521=CARTESIAN_POINT('Ctrl Pts',(240.331475958814,188.670427006658,94.9490381961622));
#2522=CARTESIAN_POINT('Ctrl Pts',(240.383496223497,187.48790447446,94.8202835229332));
#2523=CARTESIAN_POINT('Ctrl Pts',(240.487633177523,185.120680722027,94.5625355170696));
#2524=CARTESIAN_POINT('Ctrl Pts',(240.6044337783,182.465547388455,94.273443885616));
#2525=CARTESIAN_POINT('Ctrl Pts',(240.68269759465,180.686583138985,94.0797341426692));
#2526=CARTESIAN_POINT('Ctrl Pts',(240.708335336121,180.103772749179,94.0162785058039));
#2527=CARTESIAN_POINT('Ctrl Pts',(240.72828975915,179.650402784457,93.9668895756979));
#2528=CARTESIAN_POINT('Ctrl Pts',(240.757294566985,178.976567285265,93.895100157139));
#2529=CARTESIAN_POINT('Ctrl Pts',(240.841647962049,176.926130915017,93.6863181779753));
#2530=CARTESIAN_POINT('Ctrl Pts',(240.95921520709,173.912660900985,93.3953290353812));
#2531=CARTESIAN_POINT('Ctrl Pts',(241.100835725268,170.037641246065,93.0448059526649));
#2532=CARTESIAN_POINT('Ctrl Pts',(241.258413619697,165.353008717306,92.6547869777746));
#2533=CARTESIAN_POINT('Ctrl Pts',(241.548123905222,155.982347850435,91.9377288587734));
#2534=CARTESIAN_POINT('Ctrl Pts',(241.750411292124,147.969266184504,91.4370500068378));
#2535=CARTESIAN_POINT('Ctrl Pts',(241.888702903866,141.819350528067,91.0947662566774));
#2536=CARTESIAN_POINT('',(238.756864868307,142.081593847807,92.4396162153896));
#2537=CARTESIAN_POINT('',(239.084301537187,141.690200674497,92.2821890357939));
#2538=CARTESIAN_POINT('Ctrl Pts',(239.084301537188,141.6902006745,92.2821890357866));
#2539=CARTESIAN_POINT('Ctrl Pts',(238.975155275713,141.820676119606,92.3346480650203));
#2540=CARTESIAN_POINT('Ctrl Pts',(238.866008961909,141.951141442688,92.3871241115251));
#2541=CARTESIAN_POINT('Ctrl Pts',(238.756864868307,142.081593847807,92.4396162153896));
#2542=CARTESIAN_POINT('Ctrl Pts',(238.756864236556,142.081613286458,92.4396177790289));
#2543=CARTESIAN_POINT('Ctrl Pts',(238.620874728707,148.095103443135,92.7762036221077));
#2544=CARTESIAN_POINT('Ctrl Pts',(238.4219158744,155.945317373019,93.2686440667732));
#2545=CARTESIAN_POINT('Ctrl Pts',(238.137403190661,165.147682239021,93.9728376699264));
#2546=CARTESIAN_POINT('Ctrl Pts',(237.980423306255,169.814492809796,94.361376518072));
#2547=CARTESIAN_POINT('Ctrl Pts',(237.839408819172,173.672849234528,94.7103996211913));
#2548=CARTESIAN_POINT('Ctrl Pts',(237.730189021504,176.472336640932,94.9807281065326));
#2549=CARTESIAN_POINT('Ctrl Pts',(237.677829364492,177.754309574707,95.1103228052521));
#2550=CARTESIAN_POINT('Ctrl Pts',(237.658756525426,178.214763722801,95.1575297384816));
#2551=CARTESIAN_POINT('',(240.340987310068,161.271859322127,92.7899230456723));
#2552=CARTESIAN_POINT('Ctrl Pts',(241.082734393722,170.492505811026,93.0896083204046));
#2553=CARTESIAN_POINT('Ctrl Pts',(240.815064684893,167.42096032444,92.9814627381761));
#2554=CARTESIAN_POINT('Ctrl Pts',(240.568778137555,164.337853481956,92.8819565139811));
#2555=CARTESIAN_POINT('Ctrl Pts',(240.340987310069,161.271859322126,92.7899230456722));
#2556=CARTESIAN_POINT('Ctrl Pts',(240.340987310068,161.271859322112,92.7899230456718));
#2557=CARTESIAN_POINT('Ctrl Pts',(240.075515826426,157.698695172215,92.6826656040692));
#2558=CARTESIAN_POINT('Ctrl Pts',(239.831335056975,154.096580416242,92.5840101693661));
#2559=CARTESIAN_POINT('Ctrl Pts',(239.422158466513,147.593098556035,92.4186920958215));
#2560=CARTESIAN_POINT('Ctrl Pts',(239.248084440893,144.63823467872,92.3483616242347));
#2561=CARTESIAN_POINT('Ctrl Pts',(239.084301537184,141.690200674442,92.2821890357927));
#2562=CARTESIAN_POINT('Ctrl Pts',(55.501126062855,179.48147955869,22.797922285268));
#2563=CARTESIAN_POINT('Ctrl Pts',(240.937896976212,179.48147955869,97.7192409684504));
#2564=CARTESIAN_POINT('Ctrl Pts',(55.3807346244206,177.231726804797,23.0959015518007));
#2565=CARTESIAN_POINT('Ctrl Pts',(240.817505537778,177.231726804797,98.0172202349831));
#2566=CARTESIAN_POINT('Ctrl Pts',(55.1431316224983,172.757788542193,23.683989618191));
#2567=CARTESIAN_POINT('Ctrl Pts',(240.579902535856,172.757788542193,98.6053083013734));
#2568=CARTESIAN_POINT('Ctrl Pts',(54.7962667378985,166.123582813075,24.5425103339756));
#2569=CARTESIAN_POINT('Ctrl Pts',(240.233037651256,166.123582813075,99.463829017158));
#2570=CARTESIAN_POINT('Ctrl Pts',(54.3529092855387,157.431779303456,25.6398585356756));
#2571=CARTESIAN_POINT('Ctrl Pts',(239.789680198896,157.431779303456,100.561177218858));
#2572=CARTESIAN_POINT('Ctrl Pts',(53.8311000879372,146.825772900629,26.9313816206507));
#2573=CARTESIAN_POINT('Ctrl Pts',(239.267871001295,146.825772900629,101.852700303833));
#2574=CARTESIAN_POINT('Ctrl Pts',(53.3426904576855,136.481662633125,28.1402378755686));
#2575=CARTESIAN_POINT('Ctrl Pts',(238.779461371043,136.481662633125,103.061556558751));
#2576=CARTESIAN_POINT('Ctrl Pts',(52.8893172335172,126.402589209057,29.2623759823984));
#2577=CARTESIAN_POINT('Ctrl Pts',(238.326088146875,126.402589209057,104.183694665581));
#2578=CARTESIAN_POINT('Ctrl Pts',(52.4733540071143,116.590864526642,30.291921095573));
#2579=CARTESIAN_POINT('Ctrl Pts',(237.910124920472,116.590864526642,105.213239778755));
#2580=CARTESIAN_POINT('Ctrl Pts',(52.0980200430707,107.04703572368,31.220905255618));
#2581=CARTESIAN_POINT('Ctrl Pts',(237.534790956428,107.04703572368,106.1422239388));
#2582=CARTESIAN_POINT('Ctrl Pts',(51.7674778360027,97.7689036348772,32.0390259268312));
#2583=CARTESIAN_POINT('Ctrl Pts',(237.20424874936,97.7689036348772,106.960344610014));
#2584=CARTESIAN_POINT('Ctrl Pts',(51.4869388217582,88.750309403367,32.7333843528581));
#2585=CARTESIAN_POINT('Ctrl Pts',(236.923709735116,88.750309403367,107.65470303604));
#2586=CARTESIAN_POINT('Ctrl Pts',(51.2627303365568,79.9800985581039,33.2883198270043));
#2587=CARTESIAN_POINT('Ctrl Pts',(236.699501249914,79.9800985581039,108.209638510187));
#2588=CARTESIAN_POINT('Ctrl Pts',(51.1024404000772,71.4401962259155,33.68505134152));
#2589=CARTESIAN_POINT('Ctrl Pts',(236.539211313435,71.4401962259155,108.606370024702));
#2590=CARTESIAN_POINT('Ctrl Pts',(51.0139602888435,63.1133732535674,33.9040473016233));
#2591=CARTESIAN_POINT('Ctrl Pts',(236.450731202201,63.1133732535674,108.825365984806));
#2592=CARTESIAN_POINT('Ctrl Pts',(51.0044186651186,54.991742095675,33.9276636490649));
#2593=CARTESIAN_POINT('Ctrl Pts',(236.441189578476,54.991742095675,108.848982332247));
#2594=CARTESIAN_POINT('Ctrl Pts',(51.0790927497931,47.0852355064965,33.7428388037963));
#2595=CARTESIAN_POINT('Ctrl Pts',(236.515863663151,47.0852355064965,108.664157486979));
#2596=CARTESIAN_POINT('Ctrl Pts',(51.2403367424187,39.4295729457115,33.3437459174563));
#2597=CARTESIAN_POINT('Ctrl Pts',(236.677107655776,39.4295729457115,108.265064600639));
#2598=CARTESIAN_POINT('Ctrl Pts',(51.4862985982687,32.0959846848991,32.7349689616002));
#2599=CARTESIAN_POINT('Ctrl Pts',(236.923069511626,32.0959846848991,107.656287644783));
#2600=CARTESIAN_POINT('Ctrl Pts',(51.8099684629365,25.1972091198264,31.9338579347139));
#2601=CARTESIAN_POINT('Ctrl Pts',(237.246739376294,25.1972091198264,106.855176617896));
#2602=CARTESIAN_POINT('Ctrl Pts',(52.1971711473091,18.9035884424505,30.9754976610158));
#2603=CARTESIAN_POINT('Ctrl Pts',(237.633942060667,18.9035884424505,105.896816344198));
#2604=CARTESIAN_POINT('Ctrl Pts',(52.6293038057863,13.4114885187115,29.905931799087));
#2605=CARTESIAN_POINT('Ctrl Pts',(238.066074719144,13.4114885187115,104.827250482269));
#2606=CARTESIAN_POINT('Ctrl Pts',(53.0882149818023,8.89046068731142,28.770086780444));
#2607=CARTESIAN_POINT('Ctrl Pts',(238.52498589516,8.89046068731142,103.691405463626));
#2608=CARTESIAN_POINT('Ctrl Pts',(53.560396094857,5.43553215644742,27.6013975150909));
#2609=CARTESIAN_POINT('Ctrl Pts',(238.997167008214,5.43553215644742,102.522716198273));
#2610=CARTESIAN_POINT('Ctrl Pts',(54.0414258702542,3.01894375083945,26.4108070419035));
#2611=CARTESIAN_POINT('Ctrl Pts',(239.478196783612,3.01894375083945,101.332125725086));
#2612=CARTESIAN_POINT('Ctrl Pts',(54.5407027639688,1.43241057085523,25.175053366056));
#2613=CARTESIAN_POINT('Ctrl Pts',(239.977473677326,1.43241057085523,100.096372049238));
#2614=CARTESIAN_POINT('Ctrl Pts',(54.9628752171912,0.622495030131723,24.1301398772105));
#2615=CARTESIAN_POINT('Ctrl Pts',(240.399646130549,0.622495030131723,99.0514585603929));
#2616=CARTESIAN_POINT('Ctrl Pts',(55.2868241292472,0.226051848439764,23.3283381838024));
#2617=CARTESIAN_POINT('Ctrl Pts',(240.723595042605,0.226051848439764,98.2496568669848));
#2618=CARTESIAN_POINT('Ctrl Pts',(55.5036651171765,0.0580135165975839,22.7916379052968));
#2619=CARTESIAN_POINT('Ctrl Pts',(240.940436030534,0.0580135165975839,97.7129565884792));
#2620=CARTESIAN_POINT('Ctrl Pts',(55.612316460102,-0.00200738115340826,
22.5227163948156));
#2621=CARTESIAN_POINT('Ctrl Pts',(241.04908737346,-0.00200738115340826,
97.444035077998));
#2622=CARTESIAN_POINT('Ctrl Pts',(237.134302807466,177.704616720952,96.4555982410296));
#2623=CARTESIAN_POINT('Ctrl Pts',(237.023242463852,177.938916647307,96.3748007915093));
#2624=CARTESIAN_POINT('Ctrl Pts',(236.91210424296,178.173157063439,96.2939466855326));
#2625=CARTESIAN_POINT('Ctrl Pts',(236.800889925666,178.407335533076,96.2130372187051));
#2626=CARTESIAN_POINT('',(215.556305186837,179.48147955869,87.4644122321004));
#2627=CARTESIAN_POINT('',(55.501126062855,179.48147955869,22.797922285268));
#2628=CARTESIAN_POINT('Ctrl Pts',(235.337860097044,142.081593847807,100.90194997651));
#2629=CARTESIAN_POINT('Ctrl Pts',(228.752827922206,154.454277915738,96.5576803967774));
#2630=CARTESIAN_POINT('Ctrl Pts',(222.052796579505,167.130188879789,91.9921348443294));
#2631=CARTESIAN_POINT('Ctrl Pts',(215.556305186837,179.48147955869,87.4644122321004));
#2632=CARTESIAN_POINT('Origin',(226.921588354001,161.467178141273,90.3341044426964));
#2633=CARTESIAN_POINT('',(224.916523310004,164.425835167529,89.4161521061486));
#2634=CARTESIAN_POINT('',(237.353643868226,142.96364857407,94.4410749855438));
#2635=CARTESIAN_POINT('',(226.723173912491,161.308178459272,90.1460863304739));
#2636=CARTESIAN_POINT('',(237.676761782231,143.408847683673,94.7873300453743));
#2637=CARTESIAN_POINT('',(239.308833810954,145.657553132992,96.5362680443524));
#2638=CARTESIAN_POINT('',(225.387063162042,164.61663478593,89.8219694952077));
#2639=CARTESIAN_POINT('',(227.120002795512,161.626177823273,90.5221225549188));
#2640=CARTESIAN_POINT('',(226.152548456413,164.927032091122,90.4821627650868));
#2641=CARTESIAN_POINT('Origin',(237.202743021788,143.094763070736,94.5958140346175));
#2642=CARTESIAN_POINT('',(240.330356666817,146.37684174769,95.859451971489));
#2643=CARTESIAN_POINT('',(237.966255944212,143.732641251153,94.9042932790407));
#2644=CARTESIAN_POINT('',(229.023470966844,165.888632241938,91.2911736161796));
#2645=CARTESIAN_POINT('',(237.748204192508,150.832747594782,94.8161946527632));
#2646=CARTESIAN_POINT('',(228.457606652253,165.690695704772,91.0625495928203));
#2647=CARTESIAN_POINT('Origin',(219.842491119106,172.067156941336,90.1703003612554));
#2648=CARTESIAN_POINT('',(224.525467997185,164.61663478593,91.9544923607113));
#2649=CARTESIAN_POINT('',(236.815166617374,143.408847683673,96.9198529108779));
#2650=CARTESIAN_POINT('',(220.115826879299,172.226156623337,90.1728817025644));
#2651=CARTESIAN_POINT('',(236.342206066003,142.96364857407,96.9444713928741));
#2652=CARTESIAN_POINT('',(240.141620758368,146.540048409423,96.7467047463138));
#2653=CARTESIAN_POINT('',(223.905085507781,164.425835167529,91.9195485134789));
#2654=CARTESIAN_POINT('',(219.569155358912,171.908157259335,90.1677190199463));
#2655=CARTESIAN_POINT('',(224.304968545148,164.548819829794,91.9420724434854));
#2656=CARTESIAN_POINT('Origin',(224.05598635422,164.294720670863,91.7648094644052));
#2657=CARTESIAN_POINT('',(228.161875801988,165.888632241938,93.4236964816832));
#2658=CARTESIAN_POINT('',(239.46876150196,146.37684174769,97.9919748369926));
#2659=CARTESIAN_POINT('',(230.744028276296,161.432726394846,94.4669538004089));
#2660=CARTESIAN_POINT('',(239.055833488609,145.914989827636,97.8251410902169));
#2661=CARTESIAN_POINT('',(224.922182219159,164.755403457707,92.1147753105505));
#2662=CARTESIAN_POINT('Origin',(237.634422131194,183.176530423834,96.8194397752642));
#2663=CARTESIAN_POINT('Origin',(55.8754311346636,179.521593847807,21.8714847228673));
#2664=CARTESIAN_POINT('',(215.907364432891,179.521593847807,86.5285827464538));
#2665=CARTESIAN_POINT('',(55.8754311346636,179.521593847807,21.8714847228673));
#2666=CARTESIAN_POINT('',(216.552107175477,179.595266303592,84.8098720845059));
#2667=CARTESIAN_POINT('Origin',(226.449385049496,165.073402821709,90.9522229807582));
#2668=CARTESIAN_POINT('',(224.504456051665,164.425835167529,90.4360543599882));
#2669=CARTESIAN_POINT('',(228.68632503277,165.888632241938,92.1256390852897));
#2670=CARTESIAN_POINT('Origin',(234.246116234402,156.132736994814,94.6415742265861));
#2671=CARTESIAN_POINT('',(239.805907436034,146.37684174769,97.1575093678825));
#2672=CARTESIAN_POINT('Origin',(238.011553786222,144.474639767157,96.7021771206046));
#2673=CARTESIAN_POINT('',(236.754273313179,142.96364857407,95.9245691666668));
#2674=CARTESIAN_POINT('Ctrl Pts',(55.6497460879124,0.00200738115341714,
22.4300748150938));
#2675=CARTESIAN_POINT('Ctrl Pts',(241.08651700127,0.00200738115341714,97.3513934982762));
#2676=CARTESIAN_POINT('Ctrl Pts',(55.7069583171611,0.0901705786309664,22.2884695786258));
#2677=CARTESIAN_POINT('Ctrl Pts',(241.143729230519,0.0901705786309664,97.2097882618082));
#2678=CARTESIAN_POINT('Ctrl Pts',(55.8255114188007,0.286732639933378,21.995040355326));
#2679=CARTESIAN_POINT('Ctrl Pts',(241.262282332158,0.286732639933378,96.9163590385084));
#2680=CARTESIAN_POINT('Ctrl Pts',(56.015683677599,0.642341103133015,21.5243474976897));
#2681=CARTESIAN_POINT('Ctrl Pts',(241.452454590957,0.642341103133015,96.4456661808721));
#2682=CARTESIAN_POINT('Ctrl Pts',(56.2915411336982,1.28807200905343,20.8415763346818));
#2683=CARTESIAN_POINT('Ctrl Pts',(241.728312047056,1.28807200905343,95.7628950178642));
#2684=CARTESIAN_POINT('Ctrl Pts',(56.6453829604227,2.66089455999242,19.9657870811673));
#2685=CARTESIAN_POINT('Ctrl Pts',(242.08215387378,2.66089455999242,94.8871057643497));
#2686=CARTESIAN_POINT('Ctrl Pts',(56.9668788947966,4.9010895366511,19.1700567205715));
#2687=CARTESIAN_POINT('Ctrl Pts',(242.403649808154,4.9010895366511,94.0913754037539));
#2688=CARTESIAN_POINT('Ctrl Pts',(57.2279990844933,8.1211835614831,18.5237615718917));
#2689=CARTESIAN_POINT('Ctrl Pts',(242.664769997851,8.1211835614831,93.4450802550741));
#2690=CARTESIAN_POINT('Ctrl Pts',(57.4241651803187,12.1708739537265,18.0382334470282));
#2691=CARTESIAN_POINT('Ctrl Pts',(242.860936093676,12.1708739537265,92.9595521302106));
#2692=CARTESIAN_POINT('Ctrl Pts',(57.5643825062527,16.7724723905759,17.6911833869879));
#2693=CARTESIAN_POINT('Ctrl Pts',(243.00115341961,16.7724723905759,92.6125020701703));
#2694=CARTESIAN_POINT('Ctrl Pts',(57.6655088669002,21.612502284934,17.4408868612154));
#2695=CARTESIAN_POINT('Ctrl Pts',(243.102279780258,21.612502284934,92.3622055443978));
#2696=CARTESIAN_POINT('Ctrl Pts',(57.7454051743328,26.4419028254941,17.2431365610524));
#2697=CARTESIAN_POINT('Ctrl Pts',(243.18217608769,26.4419028254941,92.1644552442348));
#2698=CARTESIAN_POINT('Ctrl Pts',(57.8154779866081,31.1939193341499,17.0697002646078));
#2699=CARTESIAN_POINT('Ctrl Pts',(243.252248899966,31.1939193341499,91.9910189477903));
#2700=CARTESIAN_POINT('Ctrl Pts',(57.8801029794847,35.9695808483295,16.909747794337));
#2701=CARTESIAN_POINT('Ctrl Pts',(243.316873892842,35.9695808483295,91.8310664775194));
#2702=CARTESIAN_POINT('Ctrl Pts',(57.9388683713194,40.9707356718294,16.764298345571));
#2703=CARTESIAN_POINT('Ctrl Pts',(243.375639284677,40.9707356718294,91.6856170287534));
#2704=CARTESIAN_POINT('Ctrl Pts',(57.9878295517824,46.4520341868015,16.6431151714793));
#2705=CARTESIAN_POINT('Ctrl Pts',(243.42460046514,46.4520341868015,91.5644338546617));
#2706=CARTESIAN_POINT('Ctrl Pts',(58.0211866790748,52.6636327091858,16.5605533842502));
#2707=CARTESIAN_POINT('Ctrl Pts',(243.457957592432,52.6636327091858,91.4818720674326));
#2708=CARTESIAN_POINT('Ctrl Pts',(58.0326751892829,59.8021794051198,16.5321183236688));
#2709=CARTESIAN_POINT('Ctrl Pts',(243.46944610264,59.8021794051198,91.4534370068512));
#2710=CARTESIAN_POINT('Ctrl Pts',(58.0173023043277,67.9469120899688,16.5701675491203));
#2711=CARTESIAN_POINT('Ctrl Pts',(243.454073217685,67.9469120899688,91.4914862323027));
#2712=CARTESIAN_POINT('Ctrl Pts',(57.971770140382,77.0577107786716,16.68286360951));
#2713=CARTESIAN_POINT('Ctrl Pts',(243.408541053739,77.0577107786716,91.6041822926924));
#2714=CARTESIAN_POINT('Ctrl Pts',(57.8942905548805,87.0026368729809,16.8746323129928));
#2715=CARTESIAN_POINT('Ctrl Pts',(243.331061468238,87.0026368729809,91.7959509961752));
#2716=CARTESIAN_POINT('Ctrl Pts',(57.7846069573573,97.5753341065994,17.1461087432581));
#2717=CARTESIAN_POINT('Ctrl Pts',(243.221377870715,97.5753341065994,92.0674274264405));
#2718=CARTESIAN_POINT('Ctrl Pts',(57.6439483326127,108.515828923167,17.494251056183));
#2719=CARTESIAN_POINT('Ctrl Pts',(243.08071924597,108.515828923167,92.4155697393654));
#2720=CARTESIAN_POINT('Ctrl Pts',(57.4750320163445,119.529284098914,17.9123336099059));
#2721=CARTESIAN_POINT('Ctrl Pts',(242.911802929702,119.529284098914,92.8336522930883));
#2722=CARTESIAN_POINT('Ctrl Pts',(57.2820615610046,130.305161555395,18.3899522470155));
#2723=CARTESIAN_POINT('Ctrl Pts',(242.718832474362,130.305161555395,93.3112709301979));
#2724=CARTESIAN_POINT('Ctrl Pts',(57.0707500635431,140.536147489888,18.9129665563581));
#2725=CARTESIAN_POINT('Ctrl Pts',(242.507520976901,140.536147489888,93.8342852395405));
#2726=CARTESIAN_POINT('Ctrl Pts',(56.8483371113659,149.936867071068,19.4634579303214));
#2727=CARTESIAN_POINT('Ctrl Pts',(242.285108024723,149.936867071068,94.3847766135038));
#2728=CARTESIAN_POINT('Ctrl Pts',(56.6236540134395,158.263672581466,20.0195681121838));
#2729=CARTESIAN_POINT('Ctrl Pts',(242.060424926797,158.263672581466,94.9408867953662));
#2730=CARTESIAN_POINT('Ctrl Pts',(56.4071142650696,165.332629200093,20.5555227966162));
#2731=CARTESIAN_POINT('Ctrl Pts',(241.843885178427,165.332629200093,95.4768414797986));
#2732=CARTESIAN_POINT('Ctrl Pts',(56.21093092035,171.04359514256,21.041093613991));
#2733=CARTESIAN_POINT('Ctrl Pts',(241.647701833707,171.04359514256,95.9624122971734));
#2734=CARTESIAN_POINT('Ctrl Pts',(56.0476832684031,175.362168327869,21.4451457311758));
#2735=CARTESIAN_POINT('Ctrl Pts',(241.484454181761,175.362168327869,96.3664644143582));
#2736=CARTESIAN_POINT('Ctrl Pts',(55.9523720390612,177.70721573259,21.681049301903));
#2737=CARTESIAN_POINT('Ctrl Pts',(241.389142952419,177.70721573259,96.6023679850854));
#2738=CARTESIAN_POINT('Ctrl Pts',(55.9043821984173,178.851596844639,21.7998283255781));
#2739=CARTESIAN_POINT('Ctrl Pts',(241.341153111775,178.851596844639,96.7211470087605));
#2740=CARTESIAN_POINT('Ctrl Pts',(55.8832682578826,179.343440682874,21.8520871622195));
#2741=CARTESIAN_POINT('Ctrl Pts',(241.32003917124,179.343440682874,96.7734058454019));
#2742=CARTESIAN_POINT('Ctrl Pts',(55.8754311346636,179.521593847807,21.8714847228673));
#2743=CARTESIAN_POINT('Ctrl Pts',(241.312202048021,179.521593847807,96.7928034060497));
#2744=CARTESIAN_POINT('Ctrl Pts',(215.907364432891,179.521593847807,86.5285827464538));
#2745=CARTESIAN_POINT('Ctrl Pts',(216.445051337491,178.659198611593,86.6365958102602));
#2746=CARTESIAN_POINT('Ctrl Pts',(218.437118804515,175.45567366806,87.0508712122516));
#2747=CARTESIAN_POINT('Ctrl Pts',(227.049188706088,161.457623102176,89.089835421539));
#2748=CARTESIAN_POINT('Ctrl Pts',(233.120233826386,151.443166009935,90.7717616818818));
#2749=CARTESIAN_POINT('Ctrl Pts',(238.756864868307,142.081593847807,92.4396162153896));
#2750=CARTESIAN_POINT('Origin',(241.453607935548,174.521593847807,93.2394509577709));
#2751=CARTESIAN_POINT('',(221.614998786655,171.83620058938,85.2241325775246));
#2752=CARTESIAN_POINT('Origin',(215.662964572235,179.521593847807,87.1334936285411));
#2753=UNCERTAINTY_MEASURE_WITH_UNIT(LENGTH_MEASURE(0.01),#2757,
'DISTANCE_ACCURACY_VALUE',
'Maximum model space distance between geometric entities at asserted c
onnectivities');
#2754=UNCERTAINTY_MEASURE_WITH_UNIT(LENGTH_MEASURE(0.01),#2757,
'DISTANCE_ACCURACY_VALUE',
'Maximum model space distance between geometric entities at asserted c
onnectivities');
#2755=(
GEOMETRIC_REPRESENTATION_CONTEXT(3)
GLOBAL_UNCERTAINTY_ASSIGNED_CONTEXT((#2753))
GLOBAL_UNIT_ASSIGNED_CONTEXT((#2757,#2759,#2760))
REPRESENTATION_CONTEXT('','3D')
);
#2756=(
GEOMETRIC_REPRESENTATION_CONTEXT(3)
GLOBAL_UNCERTAINTY_ASSIGNED_CONTEXT((#2754))
GLOBAL_UNIT_ASSIGNED_CONTEXT((#2757,#2759,#2760))
REPRESENTATION_CONTEXT('','3D')
);
#2757=(
LENGTH_UNIT()
NAMED_UNIT(*)
SI_UNIT(.MILLI.,.METRE.)
);
#2758=(
LENGTH_UNIT()
NAMED_UNIT(*)
SI_UNIT($,.METRE.)
);
#2759=(
NAMED_UNIT(*)
PLANE_ANGLE_UNIT()
SI_UNIT($,.RADIAN.)
);
#2760=(
NAMED_UNIT(*)
SI_UNIT($,.STERADIAN.)
SOLID_ANGLE_UNIT()
);
#2761=SHAPE_DEFINITION_REPRESENTATION(#2762,#2763);
#2762=PRODUCT_DEFINITION_SHAPE('',$,#2765);
#2763=SHAPE_REPRESENTATION('',(#1298),#2755);
#2764=PRODUCT_DEFINITION_CONTEXT('part definition',#2769,'design');
#2765=PRODUCT_DEFINITION('Pad 3','Pad 3',#2766,#2764);
#2766=PRODUCT_DEFINITION_FORMATION('',$,#2771);
#2767=PRODUCT_RELATED_PRODUCT_CATEGORY('Pad 3','Pad 3',(#2771));
#2768=APPLICATION_PROTOCOL_DEFINITION('international standard',
'automotive_design',2009,#2769);
#2769=APPLICATION_CONTEXT(
'Core Data for Automotive Mechanical Design Process');
#2770=PRODUCT_CONTEXT('part definition',#2769,'mechanical');
#2771=PRODUCT('Pad 3','Pad 3',$,(#2770));
#2772=PRESENTATION_STYLE_ASSIGNMENT((#2774));
#2773=PRESENTATION_STYLE_ASSIGNMENT((#2775));
#2774=SURFACE_STYLE_USAGE(.BOTH.,#2776);
#2775=SURFACE_STYLE_USAGE(.BOTH.,#2777);
#2776=SURFACE_SIDE_STYLE('',(#2778));
#2777=SURFACE_SIDE_STYLE('',(#2779));
#2778=SURFACE_STYLE_FILL_AREA(#2780);
#2779=SURFACE_STYLE_FILL_AREA(#2781);
#2780=FILL_AREA_STYLE('Steel - Satin',(#2782));
#2781=FILL_AREA_STYLE('Paint - Enamel Glossy (Dark Grey)',(#2783));
#2782=FILL_AREA_STYLE_COLOUR('Steel - Satin',#2784);
#2783=FILL_AREA_STYLE_COLOUR('Paint - Enamel Glossy (Dark Grey)',#2785);
#2784=COLOUR_RGB('Steel - Satin',0.627450980392157,0.627450980392157,0.627450980392157);
#2785=COLOUR_RGB('Paint - Enamel Glossy (Dark Grey)',0.349019607843137,
0.349019607843137,0.349019607843137);
ENDSEC;
END-ISO-10303-21;
