ISO-10303-21;
HEADER;
/* Generated by software containing ST-Developer
 * from STEP Tools, Inc. (www.steptools.com) 
 */

FILE_DESCRIPTION(
/* description */ (''),
/* implementation_level */ '2;1');

FILE_NAME(
/* name */ 'Canopy F.step',
/* time_stamp */ '2025-08-21T21:43:07+02:00',
/* author */ (''),
/* organization */ (''),
/* preprocessor_version */ 'ST-DEVELOPER v20.1',
/* originating_system */ 'Autodesk Translation Framework v14.10.0.0',
/* authorisation */ '');

FILE_SCHEMA (('AUTOMOTIVE_DESIGN { 1 0 10303 214 3 1 1 }'));
ENDSEC;

DATA;
#10=MECHANICAL_DESIGN_GEOMETRIC_PRESENTATION_REPRESENTATION('',(#13),#2039);
#11=SHAPE_REPRESENTATION_RELATIONSHIP('SRR','None',#2046,#12);
#12=ADVANCED_BREP_SHAPE_REPRESENTATION('',(#14),#2038);
#13=STYLED_ITEM('',(#2056),#14);
#14=MANIFOLD_SOLID_BREP('Canopy F',#1165);
#15=FACE_BOUND('',#118,.T.);
#16=FACE_BOUND('',#119,.T.);
#17=FACE_BOUND('',#120,.T.);
#18=FACE_BOUND('',#121,.T.);
#19=FACE_BOUND('',#122,.T.);
#20=FACE_BOUND('',#123,.T.);
#21=FACE_BOUND('',#124,.T.);
#22=FACE_BOUND('',#125,.T.);
#23=FACE_BOUND('',#126,.T.);
#24=FACE_BOUND('',#127,.T.);
#25=FACE_BOUND('',#173,.T.);
#26=FACE_BOUND('',#174,.T.);
#27=FACE_BOUND('',#175,.T.);
#28=FACE_BOUND('',#176,.T.);
#29=FACE_BOUND('',#177,.T.);
#30=FACE_BOUND('',#178,.T.);
#31=FACE_BOUND('',#179,.T.);
#32=FACE_BOUND('',#180,.T.);
#33=FACE_BOUND('',#181,.T.);
#34=FACE_BOUND('',#182,.T.);
#35=B_SPLINE_SURFACE_WITH_KNOTS('',3,3,((#1468,#1469,#1470,#1471,#1472,
#1473,#1474),(#1475,#1476,#1477,#1478,#1479,#1480,#1481),(#1482,#1483,#1484,
#1485,#1486,#1487,#1488),(#1489,#1490,#1491,#1492,#1493,#1494,#1495)),
 .UNSPECIFIED.,.F.,.F.,.F.,(4,4),(4,3,4),(0.,1.),(-0.884131267047468,-0.560912356636638,
1.11022302462516E-16),.UNSPECIFIED.);
#36=B_SPLINE_SURFACE_WITH_KNOTS('',3,3,((#1543,#1544,#1545,#1546,#1547,
#1548,#1549),(#1550,#1551,#1552,#1553,#1554,#1555,#1556),(#1557,#1558,#1559,
#1560,#1561,#1562,#1563),(#1564,#1565,#1566,#1567,#1568,#1569,#1570)),
 .UNSPECIFIED.,.F.,.F.,.F.,(4,4),(4,3,4),(0.,1.),(0.,0.560912356636636,
0.884131267047468),.UNSPECIFIED.);
#37=B_SPLINE_SURFACE_WITH_KNOTS('',3,1,((#1602,#1603),(#1604,#1605),(#1606,
#1607),(#1608,#1609),(#1610,#1611),(#1612,#1613),(#1614,#1615),(#1616,#1617),
(#1618,#1619),(#1620,#1621)),.UNSPECIFIED.,.F.,.F.,.F.,(4,3,3,4),(2,2),
(0.,0.317299953546961,0.560912356636636,0.884131267047468),(0.,0.18),
 .UNSPECIFIED.);
#38=B_SPLINE_SURFACE_WITH_KNOTS('',3,1,((#1767,#1768),(#1769,#1770),(#1771,
#1772),(#1773,#1774)),.UNSPECIFIED.,.F.,.F.,.F.,(4,4),(2,2),(-0.128202215245449,
-0.113755320950897),(0.,0.198000000000001),.UNSPECIFIED.);
#39=B_SPLINE_SURFACE_WITH_KNOTS('',3,1,((#1779,#1780),(#1781,#1782),(#1783,
#1784),(#1785,#1786)),.UNSPECIFIED.,.F.,.F.,.F.,(4,4),(2,2),(0.113755320950897,
0.128202215245449),(0.,0.198000000000001),.UNSPECIFIED.);
#40=B_SPLINE_SURFACE_WITH_KNOTS('',3,1,((#1819,#1820),(#1821,#1822),(#1823,
#1824),(#1825,#1826)),.UNSPECIFIED.,.F.,.F.,.F.,(4,4),(2,2),(0.142577200879908,
0.156881335745542),(0.,0.198000000000001),.UNSPECIFIED.);
#41=B_SPLINE_SURFACE_WITH_KNOTS('',3,1,((#1845,#1846),(#1847,#1848),(#1849,
#1850),(#1851,#1852)),.UNSPECIFIED.,.F.,.F.,.F.,(4,4),(2,2),(-0.156881335745542,
-0.142577200879908),(0.,0.198000000000001),.UNSPECIFIED.);
#42=B_SPLINE_SURFACE_WITH_KNOTS('',3,1,((#1871,#1872),(#1873,#1874),(#1875,
#1876),(#1877,#1878)),.UNSPECIFIED.,.F.,.F.,.F.,(4,4),(2,2),(-0.0992354335097942,
-0.0755302099155861),(0.,0.198000000000001),.UNSPECIFIED.);
#43=B_SPLINE_SURFACE_WITH_KNOTS('',3,1,((#1893,#1894),(#1895,#1896),(#1897,
#1898),(#1899,#1900)),.UNSPECIFIED.,.F.,.F.,.F.,(4,4),(2,2),(0.0755302099155861,
0.0992354335097942),(0.,0.198000000000001),.UNSPECIFIED.);
#44=B_SPLINE_SURFACE_WITH_KNOTS('',3,1,((#1919,#1920),(#1921,#1922),(#1923,
#1924),(#1925,#1926)),.UNSPECIFIED.,.F.,.F.,.F.,(4,4),(2,2),(0.171115652041856,
0.185281178054612),(0.,0.198000000000001),.UNSPECIFIED.);
#45=B_SPLINE_SURFACE_WITH_KNOTS('',3,1,((#1949,#1950),(#1951,#1952),(#1953,
#1954),(#1955,#1956)),.UNSPECIFIED.,.F.,.F.,.F.,(4,4),(2,2),(-0.185281178054612,
-0.171115652041856),(0.,0.198000000000001),.UNSPECIFIED.);
#46=B_SPLINE_SURFACE_WITH_KNOTS('',3,1,((#1993,#1994),(#1995,#1996),(#1997,
#1998),(#1999,#2000),(#2001,#2002),(#2003,#2004),(#2005,#2006),(#2007,#2008),
(#2009,#2010),(#2011,#2012)),.UNSPECIFIED.,.F.,.F.,.F.,(4,3,3,4),(2,2),
(-0.884131267047468,-0.560912356636636,-0.317299953546961,0.),(0.,0.18),
 .UNSPECIFIED.);
#47=FACE_OUTER_BOUND('',#105,.T.);
#48=FACE_OUTER_BOUND('',#106,.T.);
#49=FACE_OUTER_BOUND('',#107,.T.);
#50=FACE_OUTER_BOUND('',#108,.T.);
#51=FACE_OUTER_BOUND('',#109,.T.);
#52=FACE_OUTER_BOUND('',#110,.T.);
#53=FACE_OUTER_BOUND('',#111,.T.);
#54=FACE_OUTER_BOUND('',#112,.T.);
#55=FACE_OUTER_BOUND('',#113,.T.);
#56=FACE_OUTER_BOUND('',#114,.T.);
#57=FACE_OUTER_BOUND('',#115,.T.);
#58=FACE_OUTER_BOUND('',#116,.T.);
#59=FACE_OUTER_BOUND('',#117,.T.);
#60=FACE_OUTER_BOUND('',#128,.T.);
#61=FACE_OUTER_BOUND('',#129,.T.);
#62=FACE_OUTER_BOUND('',#130,.T.);
#63=FACE_OUTER_BOUND('',#131,.T.);
#64=FACE_OUTER_BOUND('',#132,.T.);
#65=FACE_OUTER_BOUND('',#133,.T.);
#66=FACE_OUTER_BOUND('',#134,.T.);
#67=FACE_OUTER_BOUND('',#135,.T.);
#68=FACE_OUTER_BOUND('',#136,.T.);
#69=FACE_OUTER_BOUND('',#137,.T.);
#70=FACE_OUTER_BOUND('',#138,.T.);
#71=FACE_OUTER_BOUND('',#139,.T.);
#72=FACE_OUTER_BOUND('',#140,.T.);
#73=FACE_OUTER_BOUND('',#141,.T.);
#74=FACE_OUTER_BOUND('',#142,.T.);
#75=FACE_OUTER_BOUND('',#143,.T.);
#76=FACE_OUTER_BOUND('',#144,.T.);
#77=FACE_OUTER_BOUND('',#145,.T.);
#78=FACE_OUTER_BOUND('',#146,.T.);
#79=FACE_OUTER_BOUND('',#147,.T.);
#80=FACE_OUTER_BOUND('',#148,.T.);
#81=FACE_OUTER_BOUND('',#149,.T.);
#82=FACE_OUTER_BOUND('',#150,.T.);
#83=FACE_OUTER_BOUND('',#151,.T.);
#84=FACE_OUTER_BOUND('',#152,.T.);
#85=FACE_OUTER_BOUND('',#153,.T.);
#86=FACE_OUTER_BOUND('',#154,.T.);
#87=FACE_OUTER_BOUND('',#155,.T.);
#88=FACE_OUTER_BOUND('',#156,.T.);
#89=FACE_OUTER_BOUND('',#157,.T.);
#90=FACE_OUTER_BOUND('',#158,.T.);
#91=FACE_OUTER_BOUND('',#159,.T.);
#92=FACE_OUTER_BOUND('',#160,.T.);
#93=FACE_OUTER_BOUND('',#161,.T.);
#94=FACE_OUTER_BOUND('',#162,.T.);
#95=FACE_OUTER_BOUND('',#163,.T.);
#96=FACE_OUTER_BOUND('',#164,.T.);
#97=FACE_OUTER_BOUND('',#165,.T.);
#98=FACE_OUTER_BOUND('',#166,.T.);
#99=FACE_OUTER_BOUND('',#167,.T.);
#100=FACE_OUTER_BOUND('',#168,.T.);
#101=FACE_OUTER_BOUND('',#169,.T.);
#102=FACE_OUTER_BOUND('',#170,.T.);
#103=FACE_OUTER_BOUND('',#171,.T.);
#104=FACE_OUTER_BOUND('',#172,.T.);
#105=EDGE_LOOP('',(#741,#742,#743,#744));
#106=EDGE_LOOP('',(#745,#746,#747,#748));
#107=EDGE_LOOP('',(#749,#750,#751,#752));
#108=EDGE_LOOP('',(#753,#754,#755,#756));
#109=EDGE_LOOP('',(#757,#758,#759,#760));
#110=EDGE_LOOP('',(#761,#762,#763,#764));
#111=EDGE_LOOP('',(#765,#766,#767,#768));
#112=EDGE_LOOP('',(#769,#770,#771,#772));
#113=EDGE_LOOP('',(#773,#774,#775,#776));
#114=EDGE_LOOP('',(#777,#778,#779,#780));
#115=EDGE_LOOP('',(#781,#782,#783,#784));
#116=EDGE_LOOP('',(#785,#786,#787,#788));
#117=EDGE_LOOP('',(#789,#790,#791,#792,#793,#794,#795,#796));
#118=EDGE_LOOP('',(#797,#798,#799,#800));
#119=EDGE_LOOP('',(#801,#802,#803,#804));
#120=EDGE_LOOP('',(#805,#806,#807,#808));
#121=EDGE_LOOP('',(#809,#810,#811,#812));
#122=EDGE_LOOP('',(#813,#814,#815,#816));
#123=EDGE_LOOP('',(#817,#818,#819,#820));
#124=EDGE_LOOP('',(#821,#822,#823,#824));
#125=EDGE_LOOP('',(#825,#826,#827,#828));
#126=EDGE_LOOP('',(#829,#830,#831,#832));
#127=EDGE_LOOP('',(#833,#834,#835,#836));
#128=EDGE_LOOP('',(#837,#838,#839,#840));
#129=EDGE_LOOP('',(#841,#842,#843,#844));
#130=EDGE_LOOP('',(#845,#846,#847,#848));
#131=EDGE_LOOP('',(#849,#850,#851,#852));
#132=EDGE_LOOP('',(#853,#854,#855,#856));
#133=EDGE_LOOP('',(#857,#858,#859,#860));
#134=EDGE_LOOP('',(#861,#862,#863,#864));
#135=EDGE_LOOP('',(#865,#866,#867,#868));
#136=EDGE_LOOP('',(#869,#870,#871,#872));
#137=EDGE_LOOP('',(#873,#874,#875,#876));
#138=EDGE_LOOP('',(#877,#878,#879,#880));
#139=EDGE_LOOP('',(#881,#882,#883,#884));
#140=EDGE_LOOP('',(#885,#886,#887,#888));
#141=EDGE_LOOP('',(#889,#890,#891,#892));
#142=EDGE_LOOP('',(#893,#894,#895,#896));
#143=EDGE_LOOP('',(#897,#898,#899,#900));
#144=EDGE_LOOP('',(#901,#902,#903,#904));
#145=EDGE_LOOP('',(#905,#906,#907,#908));
#146=EDGE_LOOP('',(#909,#910,#911,#912));
#147=EDGE_LOOP('',(#913,#914,#915,#916));
#148=EDGE_LOOP('',(#917,#918,#919,#920));
#149=EDGE_LOOP('',(#921,#922,#923,#924));
#150=EDGE_LOOP('',(#925,#926,#927,#928));
#151=EDGE_LOOP('',(#929,#930,#931,#932));
#152=EDGE_LOOP('',(#933,#934,#935,#936));
#153=EDGE_LOOP('',(#937,#938,#939,#940));
#154=EDGE_LOOP('',(#941,#942,#943,#944));
#155=EDGE_LOOP('',(#945,#946,#947,#948));
#156=EDGE_LOOP('',(#949,#950,#951,#952));
#157=EDGE_LOOP('',(#953,#954,#955,#956));
#158=EDGE_LOOP('',(#957,#958,#959,#960));
#159=EDGE_LOOP('',(#961,#962,#963,#964));
#160=EDGE_LOOP('',(#965,#966,#967,#968));
#161=EDGE_LOOP('',(#969,#970,#971,#972));
#162=EDGE_LOOP('',(#973,#974,#975,#976));
#163=EDGE_LOOP('',(#977,#978,#979,#980));
#164=EDGE_LOOP('',(#981,#982,#983,#984));
#165=EDGE_LOOP('',(#985,#986,#987,#988));
#166=EDGE_LOOP('',(#989,#990,#991,#992));
#167=EDGE_LOOP('',(#993,#994,#995,#996));
#168=EDGE_LOOP('',(#997,#998,#999,#1000));
#169=EDGE_LOOP('',(#1001,#1002,#1003,#1004));
#170=EDGE_LOOP('',(#1005,#1006,#1007,#1008));
#171=EDGE_LOOP('',(#1009,#1010,#1011,#1012));
#172=EDGE_LOOP('',(#1013,#1014,#1015,#1016,#1017,#1018,#1019,#1020));
#173=EDGE_LOOP('',(#1021,#1022,#1023,#1024));
#174=EDGE_LOOP('',(#1025,#1026,#1027,#1028));
#175=EDGE_LOOP('',(#1029,#1030,#1031,#1032));
#176=EDGE_LOOP('',(#1033,#1034,#1035,#1036));
#177=EDGE_LOOP('',(#1037,#1038,#1039,#1040));
#178=EDGE_LOOP('',(#1041,#1042,#1043,#1044));
#179=EDGE_LOOP('',(#1045,#1046,#1047,#1048));
#180=EDGE_LOOP('',(#1049,#1050,#1051,#1052));
#181=EDGE_LOOP('',(#1053,#1054,#1055,#1056));
#182=EDGE_LOOP('',(#1057,#1058,#1059,#1060));
#183=B_SPLINE_CURVE_WITH_KNOTS('',3,(#1459,#1460,#1461,#1462,#1463,#1464),
 .UNSPECIFIED.,.F.,.F.,(4,2,4),(-0.0583220390985187,-0.0291588654961695,
0.),.UNSPECIFIED.);
#184=B_SPLINE_CURVE_WITH_KNOTS('',3,(#1497,#1498,#1499,#1500,#1501,#1502,
#1503),.UNSPECIFIED.,.F.,.F.,(4,3,4),(0.0141936691735941,0.560912356636638,
0.883696442494846),.UNSPECIFIED.);
#185=B_SPLINE_CURVE_WITH_KNOTS('',3,(#1505,#1506,#1507,#1508,#1509,#1510,
#1511),.UNSPECIFIED.,.F.,.F.,(4,3,4),(0.,0.0294512699448794,0.0588878756914793),
 .UNSPECIFIED.);
#186=B_SPLINE_CURVE_WITH_KNOTS('',3,(#1512,#1513,#1514,#1515,#1516,#1517,
#1518),.UNSPECIFIED.,.F.,.F.,(4,3,4),(-0.884131267047468,-0.560912356636638,
1.11022302462516E-16),.UNSPECIFIED.);
#187=B_SPLINE_CURVE_WITH_KNOTS('',3,(#1535,#1536,#1537,#1538,#1539,#1540,
#1541),.UNSPECIFIED.,.F.,.F.,(4,3,4),(-0.0184171690315846,-0.0110500524492796,
0.),.UNSPECIFIED.);
#188=B_SPLINE_CURVE_WITH_KNOTS('',3,(#1572,#1573,#1574,#1575,#1576,#1577,
#1578),.UNSPECIFIED.,.F.,.F.,(4,3,4),(0.,0.560912356636636,0.884131267047468),
 .UNSPECIFIED.);
#189=B_SPLINE_CURVE_WITH_KNOTS('',3,(#1580,#1581,#1582,#1583,#1584,#1585,
#1586),.UNSPECIFIED.,.F.,.F.,(4,3,4),(-0.883696442494846,-0.560912356636636,
-0.0141936691735871),.UNSPECIFIED.);
#190=B_SPLINE_CURVE_WITH_KNOTS('',3,(#1587,#1588,#1589,#1590,#1591,#1592),
 .UNSPECIFIED.,.F.,.F.,(4,2,4),(0.,0.0291588654961681,0.0583220390985204),
 .UNSPECIFIED.);
#191=B_SPLINE_CURVE_WITH_KNOTS('',3,(#1625,#1626,#1627,#1628,#1629,#1630,
#1631,#1632,#1633,#1634),.UNSPECIFIED.,.F.,.F.,(4,3,3,4),(0.,0.317299953546961,
0.560912356636636,0.884131267047468),.UNSPECIFIED.);
#192=B_SPLINE_CURVE_WITH_KNOTS('',3,(#1669,#1670,#1671,#1672),
 .UNSPECIFIED.,.F.,.F.,(4,4),(-0.185281178054612,-0.171115652041856),
 .UNSPECIFIED.);
#193=B_SPLINE_CURVE_WITH_KNOTS('',3,(#1682,#1683,#1684,#1685),
 .UNSPECIFIED.,.F.,.F.,(4,4),(0.171115652041856,0.185281178054612),
 .UNSPECIFIED.);
#194=B_SPLINE_CURVE_WITH_KNOTS('',3,(#1693,#1694,#1695,#1696),
 .UNSPECIFIED.,.F.,.F.,(4,4),(0.0755302099155861,0.0992354335097942),
 .UNSPECIFIED.);
#195=B_SPLINE_CURVE_WITH_KNOTS('',3,(#1702,#1703,#1704,#1705),
 .UNSPECIFIED.,.F.,.F.,(4,4),(-0.0992354335097942,-0.0755302099155861),
 .UNSPECIFIED.);
#196=B_SPLINE_CURVE_WITH_KNOTS('',3,(#1713,#1714,#1715,#1716),
 .UNSPECIFIED.,.F.,.F.,(4,4),(-0.156881335745542,-0.142577200879908),
 .UNSPECIFIED.);
#197=B_SPLINE_CURVE_WITH_KNOTS('',3,(#1724,#1725,#1726,#1727),
 .UNSPECIFIED.,.F.,.F.,(4,4),(0.142577200879908,0.156881335745542),
 .UNSPECIFIED.);
#198=B_SPLINE_CURVE_WITH_KNOTS('',3,(#1733,#1734,#1735,#1736),
 .UNSPECIFIED.,.F.,.F.,(4,4),(0.113755320950897,0.128202215245449),
 .UNSPECIFIED.);
#199=B_SPLINE_CURVE_WITH_KNOTS('',3,(#1746,#1747,#1748,#1749),
 .UNSPECIFIED.,.F.,.F.,(4,4),(-0.128202215245449,-0.113755320950897),
 .UNSPECIFIED.);
#200=B_SPLINE_CURVE_WITH_KNOTS('',3,(#1775,#1776,#1777,#1778),
 .UNSPECIFIED.,.F.,.F.,(4,4),(0.113755320950897,0.128202215245449),
 .UNSPECIFIED.);
#201=B_SPLINE_CURVE_WITH_KNOTS('',3,(#1789,#1790,#1791,#1792),
 .UNSPECIFIED.,.F.,.F.,(4,4),(-0.128202215245449,-0.113755320950897),
 .UNSPECIFIED.);
#202=B_SPLINE_CURVE_WITH_KNOTS('',3,(#1827,#1828,#1829,#1830),
 .UNSPECIFIED.,.F.,.F.,(4,4),(-0.156881335745542,-0.142577200879908),
 .UNSPECIFIED.);
#203=B_SPLINE_CURVE_WITH_KNOTS('',3,(#1853,#1854,#1855,#1856),
 .UNSPECIFIED.,.F.,.F.,(4,4),(0.142577200879908,0.156881335745542),
 .UNSPECIFIED.);
#204=B_SPLINE_CURVE_WITH_KNOTS('',3,(#1879,#1880,#1881,#1882),
 .UNSPECIFIED.,.F.,.F.,(4,4),(0.0755302099155861,0.0992354335097942),
 .UNSPECIFIED.);
#205=B_SPLINE_CURVE_WITH_KNOTS('',3,(#1902,#1903,#1904,#1905),
 .UNSPECIFIED.,.F.,.F.,(4,4),(-0.0992354335097942,-0.0755302099155861),
 .UNSPECIFIED.);
#206=B_SPLINE_CURVE_WITH_KNOTS('',3,(#1928,#1929,#1930,#1931),
 .UNSPECIFIED.,.F.,.F.,(4,4),(-0.185281178054612,-0.171115652041856),
 .UNSPECIFIED.);
#207=B_SPLINE_CURVE_WITH_KNOTS('',3,(#1957,#1958,#1959,#1960),
 .UNSPECIFIED.,.F.,.F.,(4,4),(0.171115652041856,0.185281178054612),
 .UNSPECIFIED.);
#208=B_SPLINE_CURVE_WITH_KNOTS('',3,(#2015,#2016,#2017,#2018,#2019,#2020,
#2021,#2022,#2023,#2024),.UNSPECIFIED.,.F.,.F.,(4,3,3,4),(0.,0.317299953546961,
0.560912356636636,0.884131267047468),.UNSPECIFIED.);
#209=LINE('',#1457,#343);
#210=LINE('',#1466,#344);
#211=LINE('',#1467,#345);
#212=LINE('',#1521,#346);
#213=LINE('',#1523,#347);
#214=LINE('',#1524,#348);
#215=LINE('',#1527,#349);
#216=LINE('',#1529,#350);
#217=LINE('',#1530,#351);
#218=LINE('',#1533,#352);
#219=LINE('',#1542,#353);
#220=LINE('',#1595,#354);
#221=LINE('',#1597,#355);
#222=LINE('',#1598,#356);
#223=LINE('',#1600,#357);
#224=LINE('',#1601,#358);
#225=LINE('',#1623,#359);
#226=LINE('',#1635,#360);
#227=LINE('',#1638,#361);
#228=LINE('',#1639,#362);
#229=LINE('',#1642,#363);
#230=LINE('',#1643,#364);
#231=LINE('',#1646,#365);
#232=LINE('',#1647,#366);
#233=LINE('',#1651,#367);
#234=LINE('',#1653,#368);
#235=LINE('',#1655,#369);
#236=LINE('',#1656,#370);
#237=LINE('',#1659,#371);
#238=LINE('',#1661,#372);
#239=LINE('',#1663,#373);
#240=LINE('',#1664,#374);
#241=LINE('',#1667,#375);
#242=LINE('',#1674,#376);
#243=LINE('',#1675,#377);
#244=LINE('',#1678,#378);
#245=LINE('',#1680,#379);
#246=LINE('',#1686,#380);
#247=LINE('',#1689,#381);
#248=LINE('',#1691,#382);
#249=LINE('',#1697,#383);
#250=LINE('',#1700,#384);
#251=LINE('',#1707,#385);
#252=LINE('',#1708,#386);
#253=LINE('',#1711,#387);
#254=LINE('',#1718,#388);
#255=LINE('',#1719,#389);
#256=LINE('',#1722,#390);
#257=LINE('',#1729,#391);
#258=LINE('',#1730,#392);
#259=LINE('',#1738,#393);
#260=LINE('',#1740,#394);
#261=LINE('',#1741,#395);
#262=LINE('',#1744,#396);
#263=LINE('',#1751,#397);
#264=LINE('',#1752,#398);
#265=LINE('',#1756,#399);
#266=LINE('',#1757,#400);
#267=LINE('',#1758,#401);
#268=LINE('',#1761,#402);
#269=LINE('',#1762,#403);
#270=LINE('',#1765,#404);
#271=LINE('',#1766,#405);
#272=LINE('',#1793,#406);
#273=LINE('',#1794,#407);
#274=LINE('',#1797,#408);
#275=LINE('',#1798,#409);
#276=LINE('',#1801,#410);
#277=LINE('',#1802,#411);
#278=LINE('',#1804,#412);
#279=LINE('',#1808,#413);
#280=LINE('',#1809,#414);
#281=LINE('',#1810,#415);
#282=LINE('',#1813,#416);
#283=LINE('',#1814,#417);
#284=LINE('',#1817,#418);
#285=LINE('',#1818,#419);
#286=LINE('',#1834,#420);
#287=LINE('',#1835,#421);
#288=LINE('',#1836,#422);
#289=LINE('',#1839,#423);
#290=LINE('',#1840,#424);
#291=LINE('',#1843,#425);
#292=LINE('',#1844,#426);
#293=LINE('',#1860,#427);
#294=LINE('',#1861,#428);
#295=LINE('',#1862,#429);
#296=LINE('',#1865,#430);
#297=LINE('',#1866,#431);
#298=LINE('',#1869,#432);
#299=LINE('',#1870,#433);
#300=LINE('',#1886,#434);
#301=LINE('',#1887,#435);
#302=LINE('',#1888,#436);
#303=LINE('',#1891,#437);
#304=LINE('',#1892,#438);
#305=LINE('',#1906,#439);
#306=LINE('',#1908,#440);
#307=LINE('',#1912,#441);
#308=LINE('',#1913,#442);
#309=LINE('',#1914,#443);
#310=LINE('',#1917,#444);
#311=LINE('',#1918,#445);
#312=LINE('',#1932,#446);
#313=LINE('',#1934,#447);
#314=LINE('',#1938,#448);
#315=LINE('',#1939,#449);
#316=LINE('',#1940,#450);
#317=LINE('',#1943,#451);
#318=LINE('',#1944,#452);
#319=LINE('',#1947,#453);
#320=LINE('',#1948,#454);
#321=LINE('',#1964,#455);
#322=LINE('',#1965,#456);
#323=LINE('',#1966,#457);
#324=LINE('',#1969,#458);
#325=LINE('',#1970,#459);
#326=LINE('',#1973,#460);
#327=LINE('',#1974,#461);
#328=LINE('',#1976,#462);
#329=LINE('',#1980,#463);
#330=LINE('',#1981,#464);
#331=LINE('',#1982,#465);
#332=LINE('',#1985,#466);
#333=LINE('',#1986,#467);
#334=LINE('',#1989,#468);
#335=LINE('',#1990,#469);
#336=LINE('',#1992,#470);
#337=LINE('',#2014,#471);
#338=LINE('',#2027,#472);
#339=LINE('',#2028,#473);
#340=LINE('',#2031,#474);
#341=LINE('',#2032,#475);
#342=LINE('',#2034,#476);
#343=VECTOR('',#1229,10.);
#344=VECTOR('',#1230,10.);
#345=VECTOR('',#1231,10.);
#346=VECTOR('',#1234,10.);
#347=VECTOR('',#1235,10.);
#348=VECTOR('',#1236,10.);
#349=VECTOR('',#1239,10.);
#350=VECTOR('',#1240,10.);
#351=VECTOR('',#1241,10.);
#352=VECTOR('',#1244,10.);
#353=VECTOR('',#1245,10.);
#354=VECTOR('',#1248,10.);
#355=VECTOR('',#1249,10.);
#356=VECTOR('',#1250,10.);
#357=VECTOR('',#1253,10.);
#358=VECTOR('',#1254,10.);
#359=VECTOR('',#1255,10.);
#360=VECTOR('',#1256,10.);
#361=VECTOR('',#1259,10.);
#362=VECTOR('',#1260,10.);
#363=VECTOR('',#1263,10.);
#364=VECTOR('',#1264,10.);
#365=VECTOR('',#1267,10.);
#366=VECTOR('',#1268,10.);
#367=VECTOR('',#1271,10.);
#368=VECTOR('',#1272,10.);
#369=VECTOR('',#1273,10.);
#370=VECTOR('',#1274,10.);
#371=VECTOR('',#1275,10.);
#372=VECTOR('',#1276,10.);
#373=VECTOR('',#1277,10.);
#374=VECTOR('',#1278,10.);
#375=VECTOR('',#1279,10.);
#376=VECTOR('',#1280,10.);
#377=VECTOR('',#1281,10.);
#378=VECTOR('',#1282,10.);
#379=VECTOR('',#1283,10.);
#380=VECTOR('',#1284,10.);
#381=VECTOR('',#1285,10.);
#382=VECTOR('',#1286,10.);
#383=VECTOR('',#1287,10.);
#384=VECTOR('',#1288,10.);
#385=VECTOR('',#1289,10.);
#386=VECTOR('',#1290,10.);
#387=VECTOR('',#1291,10.);
#388=VECTOR('',#1292,10.);
#389=VECTOR('',#1293,10.);
#390=VECTOR('',#1294,10.);
#391=VECTOR('',#1295,10.);
#392=VECTOR('',#1296,10.);
#393=VECTOR('',#1297,10.);
#394=VECTOR('',#1298,10.);
#395=VECTOR('',#1299,10.);
#396=VECTOR('',#1300,10.);
#397=VECTOR('',#1301,10.);
#398=VECTOR('',#1302,10.);
#399=VECTOR('',#1305,10.);
#400=VECTOR('',#1306,10.);
#401=VECTOR('',#1307,10.);
#402=VECTOR('',#1310,10.);
#403=VECTOR('',#1311,10.);
#404=VECTOR('',#1314,10.);
#405=VECTOR('',#1315,10.);
#406=VECTOR('',#1316,10.);
#407=VECTOR('',#1317,10.);
#408=VECTOR('',#1320,10.);
#409=VECTOR('',#1321,10.);
#410=VECTOR('',#1324,10.);
#411=VECTOR('',#1325,10.);
#412=VECTOR('',#1328,10.);
#413=VECTOR('',#1331,10.);
#414=VECTOR('',#1332,10.);
#415=VECTOR('',#1333,10.);
#416=VECTOR('',#1336,10.);
#417=VECTOR('',#1337,10.);
#418=VECTOR('',#1340,10.);
#419=VECTOR('',#1341,10.);
#420=VECTOR('',#1344,10.);
#421=VECTOR('',#1345,10.);
#422=VECTOR('',#1346,10.);
#423=VECTOR('',#1349,10.);
#424=VECTOR('',#1350,10.);
#425=VECTOR('',#1353,10.);
#426=VECTOR('',#1354,10.);
#427=VECTOR('',#1357,10.);
#428=VECTOR('',#1358,10.);
#429=VECTOR('',#1359,10.);
#430=VECTOR('',#1362,10.);
#431=VECTOR('',#1363,10.);
#432=VECTOR('',#1366,10.);
#433=VECTOR('',#1367,10.);
#434=VECTOR('',#1370,10.);
#435=VECTOR('',#1371,10.);
#436=VECTOR('',#1372,10.);
#437=VECTOR('',#1375,10.);
#438=VECTOR('',#1376,10.);
#439=VECTOR('',#1377,10.);
#440=VECTOR('',#1380,10.);
#441=VECTOR('',#1383,10.);
#442=VECTOR('',#1384,10.);
#443=VECTOR('',#1385,10.);
#444=VECTOR('',#1388,10.);
#445=VECTOR('',#1389,10.);
#446=VECTOR('',#1390,10.);
#447=VECTOR('',#1393,10.);
#448=VECTOR('',#1396,10.);
#449=VECTOR('',#1397,10.);
#450=VECTOR('',#1398,10.);
#451=VECTOR('',#1401,10.);
#452=VECTOR('',#1402,10.);
#453=VECTOR('',#1405,10.);
#454=VECTOR('',#1406,10.);
#455=VECTOR('',#1409,10.);
#456=VECTOR('',#1410,10.);
#457=VECTOR('',#1411,10.);
#458=VECTOR('',#1414,10.);
#459=VECTOR('',#1415,10.);
#460=VECTOR('',#1418,10.);
#461=VECTOR('',#1419,10.);
#462=VECTOR('',#1422,10.);
#463=VECTOR('',#1425,10.);
#464=VECTOR('',#1426,10.);
#465=VECTOR('',#1427,10.);
#466=VECTOR('',#1430,10.);
#467=VECTOR('',#1431,10.);
#468=VECTOR('',#1434,10.);
#469=VECTOR('',#1435,10.);
#470=VECTOR('',#1438,10.);
#471=VECTOR('',#1439,10.);
#472=VECTOR('',#1442,10.);
#473=VECTOR('',#1443,10.);
#474=VECTOR('',#1446,10.);
#475=VECTOR('',#1447,10.);
#476=VECTOR('',#1450,10.);
#477=VERTEX_POINT('',#1455);
#478=VERTEX_POINT('',#1456);
#479=VERTEX_POINT('',#1458);
#480=VERTEX_POINT('',#1465);
#481=VERTEX_POINT('',#1496);
#482=VERTEX_POINT('',#1504);
#483=VERTEX_POINT('',#1520);
#484=VERTEX_POINT('',#1522);
#485=VERTEX_POINT('',#1526);
#486=VERTEX_POINT('',#1528);
#487=VERTEX_POINT('',#1532);
#488=VERTEX_POINT('',#1534);
#489=VERTEX_POINT('',#1571);
#490=VERTEX_POINT('',#1579);
#491=VERTEX_POINT('',#1594);
#492=VERTEX_POINT('',#1596);
#493=VERTEX_POINT('',#1622);
#494=VERTEX_POINT('',#1624);
#495=VERTEX_POINT('',#1637);
#496=VERTEX_POINT('',#1641);
#497=VERTEX_POINT('',#1645);
#498=VERTEX_POINT('',#1649);
#499=VERTEX_POINT('',#1650);
#500=VERTEX_POINT('',#1652);
#501=VERTEX_POINT('',#1654);
#502=VERTEX_POINT('',#1657);
#503=VERTEX_POINT('',#1658);
#504=VERTEX_POINT('',#1660);
#505=VERTEX_POINT('',#1662);
#506=VERTEX_POINT('',#1665);
#507=VERTEX_POINT('',#1666);
#508=VERTEX_POINT('',#1668);
#509=VERTEX_POINT('',#1673);
#510=VERTEX_POINT('',#1676);
#511=VERTEX_POINT('',#1677);
#512=VERTEX_POINT('',#1679);
#513=VERTEX_POINT('',#1681);
#514=VERTEX_POINT('',#1687);
#515=VERTEX_POINT('',#1688);
#516=VERTEX_POINT('',#1690);
#517=VERTEX_POINT('',#1692);
#518=VERTEX_POINT('',#1698);
#519=VERTEX_POINT('',#1699);
#520=VERTEX_POINT('',#1701);
#521=VERTEX_POINT('',#1706);
#522=VERTEX_POINT('',#1709);
#523=VERTEX_POINT('',#1710);
#524=VERTEX_POINT('',#1712);
#525=VERTEX_POINT('',#1717);
#526=VERTEX_POINT('',#1720);
#527=VERTEX_POINT('',#1721);
#528=VERTEX_POINT('',#1723);
#529=VERTEX_POINT('',#1728);
#530=VERTEX_POINT('',#1731);
#531=VERTEX_POINT('',#1732);
#532=VERTEX_POINT('',#1737);
#533=VERTEX_POINT('',#1739);
#534=VERTEX_POINT('',#1742);
#535=VERTEX_POINT('',#1743);
#536=VERTEX_POINT('',#1745);
#537=VERTEX_POINT('',#1750);
#538=VERTEX_POINT('',#1754);
#539=VERTEX_POINT('',#1755);
#540=VERTEX_POINT('',#1760);
#541=VERTEX_POINT('',#1764);
#542=VERTEX_POINT('',#1787);
#543=VERTEX_POINT('',#1788);
#544=VERTEX_POINT('',#1796);
#545=VERTEX_POINT('',#1800);
#546=VERTEX_POINT('',#1806);
#547=VERTEX_POINT('',#1807);
#548=VERTEX_POINT('',#1812);
#549=VERTEX_POINT('',#1816);
#550=VERTEX_POINT('',#1832);
#551=VERTEX_POINT('',#1833);
#552=VERTEX_POINT('',#1838);
#553=VERTEX_POINT('',#1842);
#554=VERTEX_POINT('',#1858);
#555=VERTEX_POINT('',#1859);
#556=VERTEX_POINT('',#1864);
#557=VERTEX_POINT('',#1868);
#558=VERTEX_POINT('',#1884);
#559=VERTEX_POINT('',#1885);
#560=VERTEX_POINT('',#1890);
#561=VERTEX_POINT('',#1901);
#562=VERTEX_POINT('',#1910);
#563=VERTEX_POINT('',#1911);
#564=VERTEX_POINT('',#1916);
#565=VERTEX_POINT('',#1927);
#566=VERTEX_POINT('',#1936);
#567=VERTEX_POINT('',#1937);
#568=VERTEX_POINT('',#1942);
#569=VERTEX_POINT('',#1946);
#570=VERTEX_POINT('',#1962);
#571=VERTEX_POINT('',#1963);
#572=VERTEX_POINT('',#1968);
#573=VERTEX_POINT('',#1972);
#574=VERTEX_POINT('',#1978);
#575=VERTEX_POINT('',#1979);
#576=VERTEX_POINT('',#1984);
#577=VERTEX_POINT('',#1988);
#578=VERTEX_POINT('',#2013);
#579=VERTEX_POINT('',#2026);
#580=VERTEX_POINT('',#2030);
#581=EDGE_CURVE('',#477,#478,#209,.T.);
#582=EDGE_CURVE('',#478,#479,#183,.T.);
#583=EDGE_CURVE('',#479,#480,#210,.T.);
#584=EDGE_CURVE('',#477,#480,#211,.T.);
#585=EDGE_CURVE('',#478,#481,#184,.T.);
#586=EDGE_CURVE('',#481,#482,#185,.T.);
#587=EDGE_CURVE('',#482,#479,#186,.T.);
#588=EDGE_CURVE('',#481,#483,#212,.T.);
#589=EDGE_CURVE('',#483,#484,#213,.T.);
#590=EDGE_CURVE('',#484,#482,#214,.T.);
#591=EDGE_CURVE('',#483,#485,#215,.T.);
#592=EDGE_CURVE('',#485,#486,#216,.T.);
#593=EDGE_CURVE('',#486,#484,#217,.T.);
#594=EDGE_CURVE('',#485,#487,#218,.T.);
#595=EDGE_CURVE('',#487,#488,#187,.T.);
#596=EDGE_CURVE('',#488,#486,#219,.T.);
#597=EDGE_CURVE('',#489,#488,#188,.T.);
#598=EDGE_CURVE('',#487,#490,#189,.T.);
#599=EDGE_CURVE('',#490,#489,#190,.T.);
#600=EDGE_CURVE('',#491,#489,#220,.T.);
#601=EDGE_CURVE('',#490,#492,#221,.T.);
#602=EDGE_CURVE('',#492,#491,#222,.T.);
#603=EDGE_CURVE('',#480,#491,#223,.T.);
#604=EDGE_CURVE('',#492,#477,#224,.T.);
#605=EDGE_CURVE('',#493,#489,#225,.T.);
#606=EDGE_CURVE('',#493,#494,#191,.T.);
#607=EDGE_CURVE('',#494,#488,#226,.T.);
#608=EDGE_CURVE('',#495,#491,#227,.T.);
#609=EDGE_CURVE('',#495,#493,#228,.T.);
#610=EDGE_CURVE('',#496,#480,#229,.T.);
#611=EDGE_CURVE('',#496,#495,#230,.T.);
#612=EDGE_CURVE('',#497,#479,#231,.T.);
#613=EDGE_CURVE('',#496,#497,#232,.T.);
#614=EDGE_CURVE('',#498,#499,#233,.T.);
#615=EDGE_CURVE('',#499,#500,#234,.T.);
#616=EDGE_CURVE('',#500,#501,#235,.T.);
#617=EDGE_CURVE('',#501,#498,#236,.T.);
#618=EDGE_CURVE('',#502,#503,#237,.T.);
#619=EDGE_CURVE('',#503,#504,#238,.T.);
#620=EDGE_CURVE('',#504,#505,#239,.T.);
#621=EDGE_CURVE('',#505,#502,#240,.T.);
#622=EDGE_CURVE('',#506,#507,#241,.T.);
#623=EDGE_CURVE('',#507,#508,#192,.T.);
#624=EDGE_CURVE('',#508,#509,#242,.T.);
#625=EDGE_CURVE('',#509,#506,#243,.T.);
#626=EDGE_CURVE('',#510,#511,#244,.T.);
#627=EDGE_CURVE('',#511,#512,#245,.T.);
#628=EDGE_CURVE('',#512,#513,#193,.T.);
#629=EDGE_CURVE('',#513,#510,#246,.T.);
#630=EDGE_CURVE('',#514,#515,#247,.T.);
#631=EDGE_CURVE('',#515,#516,#248,.T.);
#632=EDGE_CURVE('',#516,#517,#194,.T.);
#633=EDGE_CURVE('',#517,#514,#249,.T.);
#634=EDGE_CURVE('',#518,#519,#250,.T.);
#635=EDGE_CURVE('',#519,#520,#195,.T.);
#636=EDGE_CURVE('',#520,#521,#251,.T.);
#637=EDGE_CURVE('',#521,#518,#252,.T.);
#638=EDGE_CURVE('',#522,#523,#253,.T.);
#639=EDGE_CURVE('',#523,#524,#196,.T.);
#640=EDGE_CURVE('',#524,#525,#254,.T.);
#641=EDGE_CURVE('',#525,#522,#255,.T.);
#642=EDGE_CURVE('',#526,#527,#256,.T.);
#643=EDGE_CURVE('',#527,#528,#197,.T.);
#644=EDGE_CURVE('',#528,#529,#257,.T.);
#645=EDGE_CURVE('',#529,#526,#258,.T.);
#646=EDGE_CURVE('',#530,#531,#198,.T.);
#647=EDGE_CURVE('',#531,#532,#259,.T.);
#648=EDGE_CURVE('',#532,#533,#260,.T.);
#649=EDGE_CURVE('',#533,#530,#261,.T.);
#650=EDGE_CURVE('',#534,#535,#262,.T.);
#651=EDGE_CURVE('',#535,#536,#199,.T.);
#652=EDGE_CURVE('',#536,#537,#263,.T.);
#653=EDGE_CURVE('',#537,#534,#264,.T.);
#654=EDGE_CURVE('',#538,#539,#265,.T.);
#655=EDGE_CURVE('',#535,#538,#266,.T.);
#656=EDGE_CURVE('',#534,#539,#267,.T.);
#657=EDGE_CURVE('',#539,#540,#268,.T.);
#658=EDGE_CURVE('',#537,#540,#269,.T.);
#659=EDGE_CURVE('',#540,#541,#270,.T.);
#660=EDGE_CURVE('',#536,#541,#271,.T.);
#661=EDGE_CURVE('',#541,#538,#200,.T.);
#662=EDGE_CURVE('',#542,#543,#201,.T.);
#663=EDGE_CURVE('',#531,#542,#272,.T.);
#664=EDGE_CURVE('',#530,#543,#273,.T.);
#665=EDGE_CURVE('',#543,#544,#274,.T.);
#666=EDGE_CURVE('',#533,#544,#275,.T.);
#667=EDGE_CURVE('',#544,#545,#276,.T.);
#668=EDGE_CURVE('',#532,#545,#277,.T.);
#669=EDGE_CURVE('',#545,#542,#278,.T.);
#670=EDGE_CURVE('',#546,#547,#279,.T.);
#671=EDGE_CURVE('',#527,#546,#280,.T.);
#672=EDGE_CURVE('',#526,#547,#281,.T.);
#673=EDGE_CURVE('',#547,#548,#282,.T.);
#674=EDGE_CURVE('',#529,#548,#283,.T.);
#675=EDGE_CURVE('',#548,#549,#284,.T.);
#676=EDGE_CURVE('',#528,#549,#285,.T.);
#677=EDGE_CURVE('',#549,#546,#202,.T.);
#678=EDGE_CURVE('',#550,#551,#286,.T.);
#679=EDGE_CURVE('',#523,#550,#287,.T.);
#680=EDGE_CURVE('',#522,#551,#288,.T.);
#681=EDGE_CURVE('',#551,#552,#289,.T.);
#682=EDGE_CURVE('',#525,#552,#290,.T.);
#683=EDGE_CURVE('',#552,#553,#291,.T.);
#684=EDGE_CURVE('',#524,#553,#292,.T.);
#685=EDGE_CURVE('',#553,#550,#203,.T.);
#686=EDGE_CURVE('',#554,#555,#293,.T.);
#687=EDGE_CURVE('',#519,#554,#294,.T.);
#688=EDGE_CURVE('',#518,#555,#295,.T.);
#689=EDGE_CURVE('',#555,#556,#296,.T.);
#690=EDGE_CURVE('',#521,#556,#297,.T.);
#691=EDGE_CURVE('',#556,#557,#298,.T.);
#692=EDGE_CURVE('',#520,#557,#299,.T.);
#693=EDGE_CURVE('',#557,#554,#204,.T.);
#694=EDGE_CURVE('',#558,#559,#300,.T.);
#695=EDGE_CURVE('',#515,#558,#301,.T.);
#696=EDGE_CURVE('',#514,#559,#302,.T.);
#697=EDGE_CURVE('',#559,#560,#303,.T.);
#698=EDGE_CURVE('',#517,#560,#304,.T.);
#699=EDGE_CURVE('',#560,#561,#205,.T.);
#700=EDGE_CURVE('',#516,#561,#305,.T.);
#701=EDGE_CURVE('',#561,#558,#306,.T.);
#702=EDGE_CURVE('',#562,#563,#307,.T.);
#703=EDGE_CURVE('',#511,#562,#308,.T.);
#704=EDGE_CURVE('',#510,#563,#309,.T.);
#705=EDGE_CURVE('',#563,#564,#310,.T.);
#706=EDGE_CURVE('',#513,#564,#311,.T.);
#707=EDGE_CURVE('',#564,#565,#206,.T.);
#708=EDGE_CURVE('',#512,#565,#312,.T.);
#709=EDGE_CURVE('',#565,#562,#313,.T.);
#710=EDGE_CURVE('',#566,#567,#314,.T.);
#711=EDGE_CURVE('',#507,#566,#315,.T.);
#712=EDGE_CURVE('',#506,#567,#316,.T.);
#713=EDGE_CURVE('',#567,#568,#317,.T.);
#714=EDGE_CURVE('',#509,#568,#318,.T.);
#715=EDGE_CURVE('',#568,#569,#319,.T.);
#716=EDGE_CURVE('',#508,#569,#320,.T.);
#717=EDGE_CURVE('',#569,#566,#207,.T.);
#718=EDGE_CURVE('',#570,#571,#321,.T.);
#719=EDGE_CURVE('',#571,#498,#322,.T.);
#720=EDGE_CURVE('',#570,#501,#323,.T.);
#721=EDGE_CURVE('',#572,#570,#324,.T.);
#722=EDGE_CURVE('',#572,#500,#325,.T.);
#723=EDGE_CURVE('',#573,#572,#326,.T.);
#724=EDGE_CURVE('',#573,#499,#327,.T.);
#725=EDGE_CURVE('',#571,#573,#328,.T.);
#726=EDGE_CURVE('',#574,#575,#329,.T.);
#727=EDGE_CURVE('',#575,#502,#330,.T.);
#728=EDGE_CURVE('',#574,#505,#331,.T.);
#729=EDGE_CURVE('',#576,#574,#332,.T.);
#730=EDGE_CURVE('',#576,#504,#333,.T.);
#731=EDGE_CURVE('',#577,#576,#334,.T.);
#732=EDGE_CURVE('',#577,#503,#335,.T.);
#733=EDGE_CURVE('',#575,#577,#336,.T.);
#734=EDGE_CURVE('',#578,#482,#337,.T.);
#735=EDGE_CURVE('',#497,#578,#208,.T.);
#736=EDGE_CURVE('',#579,#484,#338,.T.);
#737=EDGE_CURVE('',#579,#578,#339,.T.);
#738=EDGE_CURVE('',#580,#486,#340,.T.);
#739=EDGE_CURVE('',#579,#580,#341,.T.);
#740=EDGE_CURVE('',#580,#494,#342,.T.);
#741=ORIENTED_EDGE('',*,*,#581,.T.);
#742=ORIENTED_EDGE('',*,*,#582,.T.);
#743=ORIENTED_EDGE('',*,*,#583,.T.);
#744=ORIENTED_EDGE('',*,*,#584,.F.);
#745=ORIENTED_EDGE('',*,*,#585,.T.);
#746=ORIENTED_EDGE('',*,*,#586,.T.);
#747=ORIENTED_EDGE('',*,*,#587,.T.);
#748=ORIENTED_EDGE('',*,*,#582,.F.);
#749=ORIENTED_EDGE('',*,*,#588,.T.);
#750=ORIENTED_EDGE('',*,*,#589,.T.);
#751=ORIENTED_EDGE('',*,*,#590,.T.);
#752=ORIENTED_EDGE('',*,*,#586,.F.);
#753=ORIENTED_EDGE('',*,*,#591,.T.);
#754=ORIENTED_EDGE('',*,*,#592,.T.);
#755=ORIENTED_EDGE('',*,*,#593,.T.);
#756=ORIENTED_EDGE('',*,*,#589,.F.);
#757=ORIENTED_EDGE('',*,*,#594,.T.);
#758=ORIENTED_EDGE('',*,*,#595,.T.);
#759=ORIENTED_EDGE('',*,*,#596,.T.);
#760=ORIENTED_EDGE('',*,*,#592,.F.);
#761=ORIENTED_EDGE('',*,*,#597,.T.);
#762=ORIENTED_EDGE('',*,*,#595,.F.);
#763=ORIENTED_EDGE('',*,*,#598,.T.);
#764=ORIENTED_EDGE('',*,*,#599,.T.);
#765=ORIENTED_EDGE('',*,*,#600,.T.);
#766=ORIENTED_EDGE('',*,*,#599,.F.);
#767=ORIENTED_EDGE('',*,*,#601,.T.);
#768=ORIENTED_EDGE('',*,*,#602,.T.);
#769=ORIENTED_EDGE('',*,*,#603,.T.);
#770=ORIENTED_EDGE('',*,*,#602,.F.);
#771=ORIENTED_EDGE('',*,*,#604,.T.);
#772=ORIENTED_EDGE('',*,*,#584,.T.);
#773=ORIENTED_EDGE('',*,*,#597,.F.);
#774=ORIENTED_EDGE('',*,*,#605,.F.);
#775=ORIENTED_EDGE('',*,*,#606,.T.);
#776=ORIENTED_EDGE('',*,*,#607,.T.);
#777=ORIENTED_EDGE('',*,*,#600,.F.);
#778=ORIENTED_EDGE('',*,*,#608,.F.);
#779=ORIENTED_EDGE('',*,*,#609,.T.);
#780=ORIENTED_EDGE('',*,*,#605,.T.);
#781=ORIENTED_EDGE('',*,*,#603,.F.);
#782=ORIENTED_EDGE('',*,*,#610,.F.);
#783=ORIENTED_EDGE('',*,*,#611,.T.);
#784=ORIENTED_EDGE('',*,*,#608,.T.);
#785=ORIENTED_EDGE('',*,*,#583,.F.);
#786=ORIENTED_EDGE('',*,*,#612,.F.);
#787=ORIENTED_EDGE('',*,*,#613,.F.);
#788=ORIENTED_EDGE('',*,*,#610,.T.);
#789=ORIENTED_EDGE('',*,*,#581,.F.);
#790=ORIENTED_EDGE('',*,*,#604,.F.);
#791=ORIENTED_EDGE('',*,*,#601,.F.);
#792=ORIENTED_EDGE('',*,*,#598,.F.);
#793=ORIENTED_EDGE('',*,*,#594,.F.);
#794=ORIENTED_EDGE('',*,*,#591,.F.);
#795=ORIENTED_EDGE('',*,*,#588,.F.);
#796=ORIENTED_EDGE('',*,*,#585,.F.);
#797=ORIENTED_EDGE('',*,*,#614,.T.);
#798=ORIENTED_EDGE('',*,*,#615,.T.);
#799=ORIENTED_EDGE('',*,*,#616,.T.);
#800=ORIENTED_EDGE('',*,*,#617,.T.);
#801=ORIENTED_EDGE('',*,*,#618,.T.);
#802=ORIENTED_EDGE('',*,*,#619,.T.);
#803=ORIENTED_EDGE('',*,*,#620,.T.);
#804=ORIENTED_EDGE('',*,*,#621,.T.);
#805=ORIENTED_EDGE('',*,*,#622,.T.);
#806=ORIENTED_EDGE('',*,*,#623,.T.);
#807=ORIENTED_EDGE('',*,*,#624,.T.);
#808=ORIENTED_EDGE('',*,*,#625,.T.);
#809=ORIENTED_EDGE('',*,*,#626,.T.);
#810=ORIENTED_EDGE('',*,*,#627,.T.);
#811=ORIENTED_EDGE('',*,*,#628,.T.);
#812=ORIENTED_EDGE('',*,*,#629,.T.);
#813=ORIENTED_EDGE('',*,*,#630,.T.);
#814=ORIENTED_EDGE('',*,*,#631,.T.);
#815=ORIENTED_EDGE('',*,*,#632,.T.);
#816=ORIENTED_EDGE('',*,*,#633,.T.);
#817=ORIENTED_EDGE('',*,*,#634,.T.);
#818=ORIENTED_EDGE('',*,*,#635,.T.);
#819=ORIENTED_EDGE('',*,*,#636,.T.);
#820=ORIENTED_EDGE('',*,*,#637,.T.);
#821=ORIENTED_EDGE('',*,*,#638,.T.);
#822=ORIENTED_EDGE('',*,*,#639,.T.);
#823=ORIENTED_EDGE('',*,*,#640,.T.);
#824=ORIENTED_EDGE('',*,*,#641,.T.);
#825=ORIENTED_EDGE('',*,*,#642,.T.);
#826=ORIENTED_EDGE('',*,*,#643,.T.);
#827=ORIENTED_EDGE('',*,*,#644,.T.);
#828=ORIENTED_EDGE('',*,*,#645,.T.);
#829=ORIENTED_EDGE('',*,*,#646,.T.);
#830=ORIENTED_EDGE('',*,*,#647,.T.);
#831=ORIENTED_EDGE('',*,*,#648,.T.);
#832=ORIENTED_EDGE('',*,*,#649,.T.);
#833=ORIENTED_EDGE('',*,*,#650,.T.);
#834=ORIENTED_EDGE('',*,*,#651,.T.);
#835=ORIENTED_EDGE('',*,*,#652,.T.);
#836=ORIENTED_EDGE('',*,*,#653,.T.);
#837=ORIENTED_EDGE('',*,*,#654,.F.);
#838=ORIENTED_EDGE('',*,*,#655,.F.);
#839=ORIENTED_EDGE('',*,*,#650,.F.);
#840=ORIENTED_EDGE('',*,*,#656,.T.);
#841=ORIENTED_EDGE('',*,*,#657,.F.);
#842=ORIENTED_EDGE('',*,*,#656,.F.);
#843=ORIENTED_EDGE('',*,*,#653,.F.);
#844=ORIENTED_EDGE('',*,*,#658,.T.);
#845=ORIENTED_EDGE('',*,*,#659,.F.);
#846=ORIENTED_EDGE('',*,*,#658,.F.);
#847=ORIENTED_EDGE('',*,*,#652,.F.);
#848=ORIENTED_EDGE('',*,*,#660,.T.);
#849=ORIENTED_EDGE('',*,*,#661,.F.);
#850=ORIENTED_EDGE('',*,*,#660,.F.);
#851=ORIENTED_EDGE('',*,*,#651,.F.);
#852=ORIENTED_EDGE('',*,*,#655,.T.);
#853=ORIENTED_EDGE('',*,*,#662,.F.);
#854=ORIENTED_EDGE('',*,*,#663,.F.);
#855=ORIENTED_EDGE('',*,*,#646,.F.);
#856=ORIENTED_EDGE('',*,*,#664,.T.);
#857=ORIENTED_EDGE('',*,*,#665,.F.);
#858=ORIENTED_EDGE('',*,*,#664,.F.);
#859=ORIENTED_EDGE('',*,*,#649,.F.);
#860=ORIENTED_EDGE('',*,*,#666,.T.);
#861=ORIENTED_EDGE('',*,*,#667,.F.);
#862=ORIENTED_EDGE('',*,*,#666,.F.);
#863=ORIENTED_EDGE('',*,*,#648,.F.);
#864=ORIENTED_EDGE('',*,*,#668,.T.);
#865=ORIENTED_EDGE('',*,*,#669,.F.);
#866=ORIENTED_EDGE('',*,*,#668,.F.);
#867=ORIENTED_EDGE('',*,*,#647,.F.);
#868=ORIENTED_EDGE('',*,*,#663,.T.);
#869=ORIENTED_EDGE('',*,*,#670,.F.);
#870=ORIENTED_EDGE('',*,*,#671,.F.);
#871=ORIENTED_EDGE('',*,*,#642,.F.);
#872=ORIENTED_EDGE('',*,*,#672,.T.);
#873=ORIENTED_EDGE('',*,*,#673,.F.);
#874=ORIENTED_EDGE('',*,*,#672,.F.);
#875=ORIENTED_EDGE('',*,*,#645,.F.);
#876=ORIENTED_EDGE('',*,*,#674,.T.);
#877=ORIENTED_EDGE('',*,*,#675,.F.);
#878=ORIENTED_EDGE('',*,*,#674,.F.);
#879=ORIENTED_EDGE('',*,*,#644,.F.);
#880=ORIENTED_EDGE('',*,*,#676,.T.);
#881=ORIENTED_EDGE('',*,*,#677,.F.);
#882=ORIENTED_EDGE('',*,*,#676,.F.);
#883=ORIENTED_EDGE('',*,*,#643,.F.);
#884=ORIENTED_EDGE('',*,*,#671,.T.);
#885=ORIENTED_EDGE('',*,*,#678,.F.);
#886=ORIENTED_EDGE('',*,*,#679,.F.);
#887=ORIENTED_EDGE('',*,*,#638,.F.);
#888=ORIENTED_EDGE('',*,*,#680,.T.);
#889=ORIENTED_EDGE('',*,*,#681,.F.);
#890=ORIENTED_EDGE('',*,*,#680,.F.);
#891=ORIENTED_EDGE('',*,*,#641,.F.);
#892=ORIENTED_EDGE('',*,*,#682,.T.);
#893=ORIENTED_EDGE('',*,*,#683,.F.);
#894=ORIENTED_EDGE('',*,*,#682,.F.);
#895=ORIENTED_EDGE('',*,*,#640,.F.);
#896=ORIENTED_EDGE('',*,*,#684,.T.);
#897=ORIENTED_EDGE('',*,*,#685,.F.);
#898=ORIENTED_EDGE('',*,*,#684,.F.);
#899=ORIENTED_EDGE('',*,*,#639,.F.);
#900=ORIENTED_EDGE('',*,*,#679,.T.);
#901=ORIENTED_EDGE('',*,*,#686,.F.);
#902=ORIENTED_EDGE('',*,*,#687,.F.);
#903=ORIENTED_EDGE('',*,*,#634,.F.);
#904=ORIENTED_EDGE('',*,*,#688,.T.);
#905=ORIENTED_EDGE('',*,*,#689,.F.);
#906=ORIENTED_EDGE('',*,*,#688,.F.);
#907=ORIENTED_EDGE('',*,*,#637,.F.);
#908=ORIENTED_EDGE('',*,*,#690,.T.);
#909=ORIENTED_EDGE('',*,*,#691,.F.);
#910=ORIENTED_EDGE('',*,*,#690,.F.);
#911=ORIENTED_EDGE('',*,*,#636,.F.);
#912=ORIENTED_EDGE('',*,*,#692,.T.);
#913=ORIENTED_EDGE('',*,*,#693,.F.);
#914=ORIENTED_EDGE('',*,*,#692,.F.);
#915=ORIENTED_EDGE('',*,*,#635,.F.);
#916=ORIENTED_EDGE('',*,*,#687,.T.);
#917=ORIENTED_EDGE('',*,*,#694,.F.);
#918=ORIENTED_EDGE('',*,*,#695,.F.);
#919=ORIENTED_EDGE('',*,*,#630,.F.);
#920=ORIENTED_EDGE('',*,*,#696,.T.);
#921=ORIENTED_EDGE('',*,*,#697,.F.);
#922=ORIENTED_EDGE('',*,*,#696,.F.);
#923=ORIENTED_EDGE('',*,*,#633,.F.);
#924=ORIENTED_EDGE('',*,*,#698,.T.);
#925=ORIENTED_EDGE('',*,*,#699,.F.);
#926=ORIENTED_EDGE('',*,*,#698,.F.);
#927=ORIENTED_EDGE('',*,*,#632,.F.);
#928=ORIENTED_EDGE('',*,*,#700,.T.);
#929=ORIENTED_EDGE('',*,*,#701,.F.);
#930=ORIENTED_EDGE('',*,*,#700,.F.);
#931=ORIENTED_EDGE('',*,*,#631,.F.);
#932=ORIENTED_EDGE('',*,*,#695,.T.);
#933=ORIENTED_EDGE('',*,*,#702,.F.);
#934=ORIENTED_EDGE('',*,*,#703,.F.);
#935=ORIENTED_EDGE('',*,*,#626,.F.);
#936=ORIENTED_EDGE('',*,*,#704,.T.);
#937=ORIENTED_EDGE('',*,*,#705,.F.);
#938=ORIENTED_EDGE('',*,*,#704,.F.);
#939=ORIENTED_EDGE('',*,*,#629,.F.);
#940=ORIENTED_EDGE('',*,*,#706,.T.);
#941=ORIENTED_EDGE('',*,*,#707,.F.);
#942=ORIENTED_EDGE('',*,*,#706,.F.);
#943=ORIENTED_EDGE('',*,*,#628,.F.);
#944=ORIENTED_EDGE('',*,*,#708,.T.);
#945=ORIENTED_EDGE('',*,*,#709,.F.);
#946=ORIENTED_EDGE('',*,*,#708,.F.);
#947=ORIENTED_EDGE('',*,*,#627,.F.);
#948=ORIENTED_EDGE('',*,*,#703,.T.);
#949=ORIENTED_EDGE('',*,*,#710,.F.);
#950=ORIENTED_EDGE('',*,*,#711,.F.);
#951=ORIENTED_EDGE('',*,*,#622,.F.);
#952=ORIENTED_EDGE('',*,*,#712,.T.);
#953=ORIENTED_EDGE('',*,*,#713,.F.);
#954=ORIENTED_EDGE('',*,*,#712,.F.);
#955=ORIENTED_EDGE('',*,*,#625,.F.);
#956=ORIENTED_EDGE('',*,*,#714,.T.);
#957=ORIENTED_EDGE('',*,*,#715,.F.);
#958=ORIENTED_EDGE('',*,*,#714,.F.);
#959=ORIENTED_EDGE('',*,*,#624,.F.);
#960=ORIENTED_EDGE('',*,*,#716,.T.);
#961=ORIENTED_EDGE('',*,*,#717,.F.);
#962=ORIENTED_EDGE('',*,*,#716,.F.);
#963=ORIENTED_EDGE('',*,*,#623,.F.);
#964=ORIENTED_EDGE('',*,*,#711,.T.);
#965=ORIENTED_EDGE('',*,*,#718,.T.);
#966=ORIENTED_EDGE('',*,*,#719,.T.);
#967=ORIENTED_EDGE('',*,*,#617,.F.);
#968=ORIENTED_EDGE('',*,*,#720,.F.);
#969=ORIENTED_EDGE('',*,*,#721,.T.);
#970=ORIENTED_EDGE('',*,*,#720,.T.);
#971=ORIENTED_EDGE('',*,*,#616,.F.);
#972=ORIENTED_EDGE('',*,*,#722,.F.);
#973=ORIENTED_EDGE('',*,*,#723,.T.);
#974=ORIENTED_EDGE('',*,*,#722,.T.);
#975=ORIENTED_EDGE('',*,*,#615,.F.);
#976=ORIENTED_EDGE('',*,*,#724,.F.);
#977=ORIENTED_EDGE('',*,*,#725,.T.);
#978=ORIENTED_EDGE('',*,*,#724,.T.);
#979=ORIENTED_EDGE('',*,*,#614,.F.);
#980=ORIENTED_EDGE('',*,*,#719,.F.);
#981=ORIENTED_EDGE('',*,*,#726,.T.);
#982=ORIENTED_EDGE('',*,*,#727,.T.);
#983=ORIENTED_EDGE('',*,*,#621,.F.);
#984=ORIENTED_EDGE('',*,*,#728,.F.);
#985=ORIENTED_EDGE('',*,*,#729,.T.);
#986=ORIENTED_EDGE('',*,*,#728,.T.);
#987=ORIENTED_EDGE('',*,*,#620,.F.);
#988=ORIENTED_EDGE('',*,*,#730,.F.);
#989=ORIENTED_EDGE('',*,*,#731,.T.);
#990=ORIENTED_EDGE('',*,*,#730,.T.);
#991=ORIENTED_EDGE('',*,*,#619,.F.);
#992=ORIENTED_EDGE('',*,*,#732,.F.);
#993=ORIENTED_EDGE('',*,*,#733,.T.);
#994=ORIENTED_EDGE('',*,*,#732,.T.);
#995=ORIENTED_EDGE('',*,*,#618,.F.);
#996=ORIENTED_EDGE('',*,*,#727,.F.);
#997=ORIENTED_EDGE('',*,*,#587,.F.);
#998=ORIENTED_EDGE('',*,*,#734,.F.);
#999=ORIENTED_EDGE('',*,*,#735,.F.);
#1000=ORIENTED_EDGE('',*,*,#612,.T.);
#1001=ORIENTED_EDGE('',*,*,#590,.F.);
#1002=ORIENTED_EDGE('',*,*,#736,.F.);
#1003=ORIENTED_EDGE('',*,*,#737,.T.);
#1004=ORIENTED_EDGE('',*,*,#734,.T.);
#1005=ORIENTED_EDGE('',*,*,#593,.F.);
#1006=ORIENTED_EDGE('',*,*,#738,.F.);
#1007=ORIENTED_EDGE('',*,*,#739,.F.);
#1008=ORIENTED_EDGE('',*,*,#736,.T.);
#1009=ORIENTED_EDGE('',*,*,#596,.F.);
#1010=ORIENTED_EDGE('',*,*,#607,.F.);
#1011=ORIENTED_EDGE('',*,*,#740,.F.);
#1012=ORIENTED_EDGE('',*,*,#738,.T.);
#1013=ORIENTED_EDGE('',*,*,#611,.F.);
#1014=ORIENTED_EDGE('',*,*,#613,.T.);
#1015=ORIENTED_EDGE('',*,*,#735,.T.);
#1016=ORIENTED_EDGE('',*,*,#737,.F.);
#1017=ORIENTED_EDGE('',*,*,#739,.T.);
#1018=ORIENTED_EDGE('',*,*,#740,.T.);
#1019=ORIENTED_EDGE('',*,*,#606,.F.);
#1020=ORIENTED_EDGE('',*,*,#609,.F.);
#1021=ORIENTED_EDGE('',*,*,#654,.T.);
#1022=ORIENTED_EDGE('',*,*,#657,.T.);
#1023=ORIENTED_EDGE('',*,*,#659,.T.);
#1024=ORIENTED_EDGE('',*,*,#661,.T.);
#1025=ORIENTED_EDGE('',*,*,#662,.T.);
#1026=ORIENTED_EDGE('',*,*,#665,.T.);
#1027=ORIENTED_EDGE('',*,*,#667,.T.);
#1028=ORIENTED_EDGE('',*,*,#669,.T.);
#1029=ORIENTED_EDGE('',*,*,#670,.T.);
#1030=ORIENTED_EDGE('',*,*,#673,.T.);
#1031=ORIENTED_EDGE('',*,*,#675,.T.);
#1032=ORIENTED_EDGE('',*,*,#677,.T.);
#1033=ORIENTED_EDGE('',*,*,#678,.T.);
#1034=ORIENTED_EDGE('',*,*,#681,.T.);
#1035=ORIENTED_EDGE('',*,*,#683,.T.);
#1036=ORIENTED_EDGE('',*,*,#685,.T.);
#1037=ORIENTED_EDGE('',*,*,#686,.T.);
#1038=ORIENTED_EDGE('',*,*,#689,.T.);
#1039=ORIENTED_EDGE('',*,*,#691,.T.);
#1040=ORIENTED_EDGE('',*,*,#693,.T.);
#1041=ORIENTED_EDGE('',*,*,#694,.T.);
#1042=ORIENTED_EDGE('',*,*,#697,.T.);
#1043=ORIENTED_EDGE('',*,*,#699,.T.);
#1044=ORIENTED_EDGE('',*,*,#701,.T.);
#1045=ORIENTED_EDGE('',*,*,#702,.T.);
#1046=ORIENTED_EDGE('',*,*,#705,.T.);
#1047=ORIENTED_EDGE('',*,*,#707,.T.);
#1048=ORIENTED_EDGE('',*,*,#709,.T.);
#1049=ORIENTED_EDGE('',*,*,#710,.T.);
#1050=ORIENTED_EDGE('',*,*,#713,.T.);
#1051=ORIENTED_EDGE('',*,*,#715,.T.);
#1052=ORIENTED_EDGE('',*,*,#717,.T.);
#1053=ORIENTED_EDGE('',*,*,#733,.F.);
#1054=ORIENTED_EDGE('',*,*,#726,.F.);
#1055=ORIENTED_EDGE('',*,*,#729,.F.);
#1056=ORIENTED_EDGE('',*,*,#731,.F.);
#1057=ORIENTED_EDGE('',*,*,#725,.F.);
#1058=ORIENTED_EDGE('',*,*,#718,.F.);
#1059=ORIENTED_EDGE('',*,*,#721,.F.);
#1060=ORIENTED_EDGE('',*,*,#723,.F.);
#1061=PLANE('',#1179);
#1062=PLANE('',#1180);
#1063=PLANE('',#1181);
#1064=PLANE('',#1182);
#1065=PLANE('',#1183);
#1066=PLANE('',#1184);
#1067=PLANE('',#1185);
#1068=PLANE('',#1186);
#1069=PLANE('',#1187);
#1070=PLANE('',#1188);
#1071=PLANE('',#1189);
#1072=PLANE('',#1190);
#1073=PLANE('',#1191);
#1074=PLANE('',#1192);
#1075=PLANE('',#1193);
#1076=PLANE('',#1194);
#1077=PLANE('',#1195);
#1078=PLANE('',#1196);
#1079=PLANE('',#1197);
#1080=PLANE('',#1198);
#1081=PLANE('',#1199);
#1082=PLANE('',#1200);
#1083=PLANE('',#1201);
#1084=PLANE('',#1202);
#1085=PLANE('',#1203);
#1086=PLANE('',#1204);
#1087=PLANE('',#1205);
#1088=PLANE('',#1206);
#1089=PLANE('',#1207);
#1090=PLANE('',#1208);
#1091=PLANE('',#1209);
#1092=PLANE('',#1210);
#1093=PLANE('',#1211);
#1094=PLANE('',#1212);
#1095=PLANE('',#1213);
#1096=PLANE('',#1214);
#1097=PLANE('',#1215);
#1098=PLANE('',#1216);
#1099=PLANE('',#1217);
#1100=PLANE('',#1218);
#1101=PLANE('',#1219);
#1102=PLANE('',#1220);
#1103=PLANE('',#1221);
#1104=PLANE('',#1222);
#1105=PLANE('',#1223);
#1106=PLANE('',#1224);
#1107=ADVANCED_FACE('',(#47),#1061,.T.);
#1108=ADVANCED_FACE('',(#48),#35,.T.);
#1109=ADVANCED_FACE('',(#49),#1062,.T.);
#1110=ADVANCED_FACE('',(#50),#1063,.T.);
#1111=ADVANCED_FACE('',(#51),#1064,.T.);
#1112=ADVANCED_FACE('',(#52),#36,.T.);
#1113=ADVANCED_FACE('',(#53),#1065,.T.);
#1114=ADVANCED_FACE('',(#54),#1066,.T.);
#1115=ADVANCED_FACE('',(#55),#37,.T.);
#1116=ADVANCED_FACE('',(#56),#1067,.T.);
#1117=ADVANCED_FACE('',(#57),#1068,.T.);
#1118=ADVANCED_FACE('',(#58),#1069,.T.);
#1119=ADVANCED_FACE('',(#59,#15,#16,#17,#18,#19,#20,#21,#22,#23,#24),#1070,
 .T.);
#1120=ADVANCED_FACE('',(#60),#1071,.F.);
#1121=ADVANCED_FACE('',(#61),#1072,.F.);
#1122=ADVANCED_FACE('',(#62),#1073,.F.);
#1123=ADVANCED_FACE('',(#63),#38,.F.);
#1124=ADVANCED_FACE('',(#64),#39,.F.);
#1125=ADVANCED_FACE('',(#65),#1074,.F.);
#1126=ADVANCED_FACE('',(#66),#1075,.F.);
#1127=ADVANCED_FACE('',(#67),#1076,.F.);
#1128=ADVANCED_FACE('',(#68),#1077,.F.);
#1129=ADVANCED_FACE('',(#69),#1078,.F.);
#1130=ADVANCED_FACE('',(#70),#1079,.F.);
#1131=ADVANCED_FACE('',(#71),#40,.F.);
#1132=ADVANCED_FACE('',(#72),#1080,.F.);
#1133=ADVANCED_FACE('',(#73),#1081,.F.);
#1134=ADVANCED_FACE('',(#74),#1082,.F.);
#1135=ADVANCED_FACE('',(#75),#41,.F.);
#1136=ADVANCED_FACE('',(#76),#1083,.F.);
#1137=ADVANCED_FACE('',(#77),#1084,.F.);
#1138=ADVANCED_FACE('',(#78),#1085,.F.);
#1139=ADVANCED_FACE('',(#79),#42,.F.);
#1140=ADVANCED_FACE('',(#80),#1086,.F.);
#1141=ADVANCED_FACE('',(#81),#1087,.F.);
#1142=ADVANCED_FACE('',(#82),#43,.F.);
#1143=ADVANCED_FACE('',(#83),#1088,.F.);
#1144=ADVANCED_FACE('',(#84),#1089,.F.);
#1145=ADVANCED_FACE('',(#85),#1090,.F.);
#1146=ADVANCED_FACE('',(#86),#44,.F.);
#1147=ADVANCED_FACE('',(#87),#1091,.F.);
#1148=ADVANCED_FACE('',(#88),#1092,.F.);
#1149=ADVANCED_FACE('',(#89),#1093,.F.);
#1150=ADVANCED_FACE('',(#90),#1094,.F.);
#1151=ADVANCED_FACE('',(#91),#45,.F.);
#1152=ADVANCED_FACE('',(#92),#1095,.T.);
#1153=ADVANCED_FACE('',(#93),#1096,.T.);
#1154=ADVANCED_FACE('',(#94),#1097,.T.);
#1155=ADVANCED_FACE('',(#95),#1098,.T.);
#1156=ADVANCED_FACE('',(#96),#1099,.T.);
#1157=ADVANCED_FACE('',(#97),#1100,.T.);
#1158=ADVANCED_FACE('',(#98),#1101,.T.);
#1159=ADVANCED_FACE('',(#99),#1102,.T.);
#1160=ADVANCED_FACE('',(#100),#46,.T.);
#1161=ADVANCED_FACE('',(#101),#1103,.T.);
#1162=ADVANCED_FACE('',(#102),#1104,.T.);
#1163=ADVANCED_FACE('',(#103),#1105,.T.);
#1164=ADVANCED_FACE('',(#104,#25,#26,#27,#28,#29,#30,#31,#32,#33,#34),#1106,
 .F.);
#1165=CLOSED_SHELL('',(#1107,#1108,#1109,#1110,#1111,#1112,#1113,#1114,
#1115,#1116,#1117,#1118,#1119,#1120,#1121,#1122,#1123,#1124,#1125,#1126,
#1127,#1128,#1129,#1130,#1131,#1132,#1133,#1134,#1135,#1136,#1137,#1138,
#1139,#1140,#1141,#1142,#1143,#1144,#1145,#1146,#1147,#1148,#1149,#1150,
#1151,#1152,#1153,#1154,#1155,#1156,#1157,#1158,#1159,#1160,#1161,#1162,
#1163,#1164));
#1166=DERIVED_UNIT_ELEMENT(#1168,1.);
#1167=DERIVED_UNIT_ELEMENT(#2041,-3.);
#1168=(
MASS_UNIT()
NAMED_UNIT(*)
SI_UNIT(.KILO.,.GRAM.)
);
#1169=DERIVED_UNIT((#1166,#1167));
#1170=MEASURE_REPRESENTATION_ITEM('density measure',
POSITIVE_RATIO_MEASURE(7850.),#1169);
#1171=PROPERTY_DEFINITION_REPRESENTATION(#1176,#1173);
#1172=PROPERTY_DEFINITION_REPRESENTATION(#1177,#1174);
#1173=REPRESENTATION('material name',(#1175),#2038);
#1174=REPRESENTATION('density',(#1170),#2038);
#1175=DESCRIPTIVE_REPRESENTATION_ITEM('Steel','Steel');
#1176=PROPERTY_DEFINITION('material property','material name',#2048);
#1177=PROPERTY_DEFINITION('material property','density of part',#2048);
#1178=AXIS2_PLACEMENT_3D('',#1453,#1225,#1226);
#1179=AXIS2_PLACEMENT_3D('',#1454,#1227,#1228);
#1180=AXIS2_PLACEMENT_3D('',#1519,#1232,#1233);
#1181=AXIS2_PLACEMENT_3D('',#1525,#1237,#1238);
#1182=AXIS2_PLACEMENT_3D('',#1531,#1242,#1243);
#1183=AXIS2_PLACEMENT_3D('',#1593,#1246,#1247);
#1184=AXIS2_PLACEMENT_3D('',#1599,#1251,#1252);
#1185=AXIS2_PLACEMENT_3D('',#1636,#1257,#1258);
#1186=AXIS2_PLACEMENT_3D('',#1640,#1261,#1262);
#1187=AXIS2_PLACEMENT_3D('',#1644,#1265,#1266);
#1188=AXIS2_PLACEMENT_3D('',#1648,#1269,#1270);
#1189=AXIS2_PLACEMENT_3D('',#1753,#1303,#1304);
#1190=AXIS2_PLACEMENT_3D('',#1759,#1308,#1309);
#1191=AXIS2_PLACEMENT_3D('',#1763,#1312,#1313);
#1192=AXIS2_PLACEMENT_3D('',#1795,#1318,#1319);
#1193=AXIS2_PLACEMENT_3D('',#1799,#1322,#1323);
#1194=AXIS2_PLACEMENT_3D('',#1803,#1326,#1327);
#1195=AXIS2_PLACEMENT_3D('',#1805,#1329,#1330);
#1196=AXIS2_PLACEMENT_3D('',#1811,#1334,#1335);
#1197=AXIS2_PLACEMENT_3D('',#1815,#1338,#1339);
#1198=AXIS2_PLACEMENT_3D('',#1831,#1342,#1343);
#1199=AXIS2_PLACEMENT_3D('',#1837,#1347,#1348);
#1200=AXIS2_PLACEMENT_3D('',#1841,#1351,#1352);
#1201=AXIS2_PLACEMENT_3D('',#1857,#1355,#1356);
#1202=AXIS2_PLACEMENT_3D('',#1863,#1360,#1361);
#1203=AXIS2_PLACEMENT_3D('',#1867,#1364,#1365);
#1204=AXIS2_PLACEMENT_3D('',#1883,#1368,#1369);
#1205=AXIS2_PLACEMENT_3D('',#1889,#1373,#1374);
#1206=AXIS2_PLACEMENT_3D('',#1907,#1378,#1379);
#1207=AXIS2_PLACEMENT_3D('',#1909,#1381,#1382);
#1208=AXIS2_PLACEMENT_3D('',#1915,#1386,#1387);
#1209=AXIS2_PLACEMENT_3D('',#1933,#1391,#1392);
#1210=AXIS2_PLACEMENT_3D('',#1935,#1394,#1395);
#1211=AXIS2_PLACEMENT_3D('',#1941,#1399,#1400);
#1212=AXIS2_PLACEMENT_3D('',#1945,#1403,#1404);
#1213=AXIS2_PLACEMENT_3D('',#1961,#1407,#1408);
#1214=AXIS2_PLACEMENT_3D('',#1967,#1412,#1413);
#1215=AXIS2_PLACEMENT_3D('',#1971,#1416,#1417);
#1216=AXIS2_PLACEMENT_3D('',#1975,#1420,#1421);
#1217=AXIS2_PLACEMENT_3D('',#1977,#1423,#1424);
#1218=AXIS2_PLACEMENT_3D('',#1983,#1428,#1429);
#1219=AXIS2_PLACEMENT_3D('',#1987,#1432,#1433);
#1220=AXIS2_PLACEMENT_3D('',#1991,#1436,#1437);
#1221=AXIS2_PLACEMENT_3D('',#2025,#1440,#1441);
#1222=AXIS2_PLACEMENT_3D('',#2029,#1444,#1445);
#1223=AXIS2_PLACEMENT_3D('',#2033,#1448,#1449);
#1224=AXIS2_PLACEMENT_3D('',#2035,#1451,#1452);
#1225=DIRECTION('axis',(0.,0.,1.));
#1226=DIRECTION('refdir',(1.,0.,0.));
#1227=DIRECTION('center_axis',(-0.500000015413782,-0.499999984586226,0.707106781186542));
#1228=DIRECTION('ref_axis',(0.816496572537523,0.,0.577350281055164));
#1229=DIRECTION('',(-0.707106759388173,0.707106802984922,0.));
#1230=DIRECTION('',(0.707106759388173,-0.707106802984922,0.));
#1231=DIRECTION('',(-0.281084649000995,-0.6785983422084,-0.678598342208407));
#1232=DIRECTION('center_axis',(-0.500000000000766,0.49999999999923,0.70710678118655));
#1233=DIRECTION('ref_axis',(0.81649658092731,0.,0.577350269190214));
#1234=DIRECTION('',(0.707106781185461,0.707106781187633,0.));
#1235=DIRECTION('',(-0.2810846377154,0.678598344545723,-0.678598344545731));
#1236=DIRECTION('',(-0.707106781185461,-0.707106781187633,0.));
#1237=DIRECTION('center_axis',(0.,0.707106781186544,0.707106781186551));
#1238=DIRECTION('ref_axis',(1.,0.,0.));
#1239=DIRECTION('',(1.,0.,0.));
#1240=DIRECTION('',(0.281084637715404,0.67859834454573,-0.678598344545722));
#1241=DIRECTION('',(-1.,0.,0.));
#1242=DIRECTION('center_axis',(0.50000000000076,0.499999999999225,0.707106781186558));
#1243=DIRECTION('ref_axis',(0.816496580927316,0.,-0.577350269190205));
#1244=DIRECTION('',(0.707106781185462,-0.707106781187633,0.));
#1245=DIRECTION('',(-0.707106781185462,0.707106781187633,0.));
#1246=DIRECTION('center_axis',(0.500000015413784,-0.499999984586227,0.707106781186539));
#1247=DIRECTION('ref_axis',(0.816496572537521,0.,-0.577350281055167));
#1248=DIRECTION('',(0.707106759388173,0.707106802984922,0.));
#1249=DIRECTION('',(-0.707106759388173,-0.707106802984922,0.));
#1250=DIRECTION('',(0.281084649000988,-0.678598342208401,-0.678598342208409));
#1251=DIRECTION('center_axis',(0.,-0.707106781186551,0.707106781186544));
#1252=DIRECTION('ref_axis',(1.,0.,0.));
#1253=DIRECTION('',(1.,0.,0.));
#1254=DIRECTION('',(-1.,0.,0.));
#1255=DIRECTION('',(0.,0.,1.));
#1256=DIRECTION('',(0.,0.,1.));
#1257=DIRECTION('center_axis',(0.707106802984922,-0.707106759388173,0.));
#1258=DIRECTION('ref_axis',(0.707106759388173,0.707106802984922,0.));
#1259=DIRECTION('',(0.,0.,1.));
#1260=DIRECTION('',(0.707106759388173,0.707106802984922,0.));
#1261=DIRECTION('center_axis',(0.,-1.,0.));
#1262=DIRECTION('ref_axis',(1.,0.,0.));
#1263=DIRECTION('',(0.,0.,1.));
#1264=DIRECTION('',(1.,0.,0.));
#1265=DIRECTION('center_axis',(-0.707106802984922,-0.707106759388173,0.));
#1266=DIRECTION('ref_axis',(0.707106759388173,-0.707106802984922,0.));
#1267=DIRECTION('',(0.,0.,1.));
#1268=DIRECTION('',(-0.707106759388173,0.707106802984922,0.));
#1269=DIRECTION('center_axis',(0.,0.,1.));
#1270=DIRECTION('ref_axis',(1.,0.,0.));
#1271=DIRECTION('',(0.,-1.,0.));
#1272=DIRECTION('',(-1.,0.,0.));
#1273=DIRECTION('',(0.,1.,0.));
#1274=DIRECTION('',(1.,0.,0.));
#1275=DIRECTION('',(1.,0.,0.));
#1276=DIRECTION('',(0.,-1.,0.));
#1277=DIRECTION('',(-1.,0.,0.));
#1278=DIRECTION('',(9.25185853854297E-17,1.,0.));
#1279=DIRECTION('',(0.707106617106808,0.707106945266249,0.));
#1280=DIRECTION('',(-0.707106781181209,-0.707106781191886,0.));
#1281=DIRECTION('',(0.,1.,0.));
#1282=DIRECTION('',(0.,-1.,0.));
#1283=DIRECTION('',(-0.70710678117321,0.707106781199885,0.));
#1284=DIRECTION('',(0.707106617106808,-0.707106945266249,0.));
#1285=DIRECTION('',(0.,-1.,0.));
#1286=DIRECTION('',(-0.707106760058137,0.707106802314958,0.));
#1287=DIRECTION('',(0.707106781174389,-0.707106781198706,0.));
#1288=DIRECTION('',(0.707106781174389,0.707106781198706,0.));
#1289=DIRECTION('',(-0.707106760058137,-0.707106802314958,0.));
#1290=DIRECTION('',(0.,1.,0.));
#1291=DIRECTION('',(0.707106781154089,0.707106781219006,0.));
#1292=DIRECTION('',(-0.707106781180971,-0.707106781192124,0.));
#1293=DIRECTION('',(0.,1.,0.));
#1294=DIRECTION('',(-0.707106781172612,0.707106781200483,0.));
#1295=DIRECTION('',(0.707106781154089,-0.707106781219006,0.));
#1296=DIRECTION('',(0.,-1.,0.));
#1297=DIRECTION('',(0.707106781180489,-0.707106781192606,0.));
#1298=DIRECTION('',(-0.832050294344714,-0.554700196214923,0.));
#1299=DIRECTION('',(-0.707106781170356,0.70710678120274,0.));
#1300=DIRECTION('',(0.70710678118049,0.707106781192605,0.));
#1301=DIRECTION('',(-0.707106781167909,-0.707106781205186,0.));
#1302=DIRECTION('',(-0.832050294344717,0.554700196214919,0.));
#1303=DIRECTION('center_axis',(-0.707106781192605,0.70710678118049,0.));
#1304=DIRECTION('ref_axis',(0.70710678118049,0.707106781192605,0.));
#1305=DIRECTION('',(-0.70710678118049,-0.707106781192605,0.));
#1306=DIRECTION('',(0.,0.,-1.));
#1307=DIRECTION('',(0.,0.,-1.));
#1308=DIRECTION('center_axis',(-0.554700196214919,-0.832050294344717,0.));
#1309=DIRECTION('ref_axis',(-0.832050294344717,0.554700196214919,0.));
#1310=DIRECTION('',(0.832050294344717,-0.554700196214919,0.));
#1311=DIRECTION('',(0.,0.,-1.));
#1312=DIRECTION('center_axis',(0.707106781205186,-0.707106781167909,0.));
#1313=DIRECTION('ref_axis',(-0.707106781167909,-0.707106781205186,0.));
#1314=DIRECTION('',(0.707106781167909,0.707106781205186,0.));
#1315=DIRECTION('',(0.,0.,-1.));
#1316=DIRECTION('',(0.,0.,-1.));
#1317=DIRECTION('',(0.,0.,-1.));
#1318=DIRECTION('center_axis',(-0.70710678120274,-0.707106781170356,0.));
#1319=DIRECTION('ref_axis',(-0.707106781170356,0.70710678120274,0.));
#1320=DIRECTION('',(0.707106781170356,-0.70710678120274,0.));
#1321=DIRECTION('',(0.,0.,-1.));
#1322=DIRECTION('center_axis',(0.554700196214923,-0.832050294344714,0.));
#1323=DIRECTION('ref_axis',(-0.832050294344714,-0.554700196214923,0.));
#1324=DIRECTION('',(0.832050294344714,0.554700196214923,0.));
#1325=DIRECTION('',(0.,0.,-1.));
#1326=DIRECTION('center_axis',(0.707106781192606,0.707106781180489,0.));
#1327=DIRECTION('ref_axis',(0.707106781180489,-0.707106781192606,0.));
#1328=DIRECTION('',(-0.707106781180489,0.707106781192606,0.));
#1329=DIRECTION('center_axis',(-0.707106781200483,-0.707106781172612,0.));
#1330=DIRECTION('ref_axis',(-0.707106781172612,0.707106781200483,0.));
#1331=DIRECTION('',(0.707106781172612,-0.707106781200483,0.));
#1332=DIRECTION('',(0.,0.,-1.));
#1333=DIRECTION('',(0.,0.,-1.));
#1334=DIRECTION('center_axis',(1.,0.,0.));
#1335=DIRECTION('ref_axis',(0.,-1.,0.));
#1336=DIRECTION('',(0.,1.,0.));
#1337=DIRECTION('',(0.,0.,-1.));
#1338=DIRECTION('center_axis',(0.707106781219006,0.707106781154089,0.));
#1339=DIRECTION('ref_axis',(0.707106781154089,-0.707106781219006,0.));
#1340=DIRECTION('',(-0.707106781154089,0.707106781219006,0.));
#1341=DIRECTION('',(0.,0.,-1.));
#1342=DIRECTION('center_axis',(-0.707106781219006,0.707106781154089,0.));
#1343=DIRECTION('ref_axis',(0.707106781154089,0.707106781219006,0.));
#1344=DIRECTION('',(-0.707106781154089,-0.707106781219006,0.));
#1345=DIRECTION('',(0.,0.,-1.));
#1346=DIRECTION('',(0.,0.,-1.));
#1347=DIRECTION('center_axis',(-1.,0.,0.));
#1348=DIRECTION('ref_axis',(0.,1.,0.));
#1349=DIRECTION('',(0.,-1.,0.));
#1350=DIRECTION('',(0.,0.,-1.));
#1351=DIRECTION('center_axis',(0.707106781192124,-0.707106781180971,0.));
#1352=DIRECTION('ref_axis',(-0.707106781180971,-0.707106781192124,0.));
#1353=DIRECTION('',(0.707106781180971,0.707106781192124,0.));
#1354=DIRECTION('',(0.,0.,-1.));
#1355=DIRECTION('center_axis',(-0.707106781198706,0.707106781174389,0.));
#1356=DIRECTION('ref_axis',(0.707106781174389,0.707106781198706,0.));
#1357=DIRECTION('',(-0.707106781174389,-0.707106781198706,0.));
#1358=DIRECTION('',(0.,0.,-1.));
#1359=DIRECTION('',(0.,0.,-1.));
#1360=DIRECTION('center_axis',(-1.,0.,0.));
#1361=DIRECTION('ref_axis',(0.,1.,0.));
#1362=DIRECTION('',(0.,-1.,0.));
#1363=DIRECTION('',(0.,0.,-1.));
#1364=DIRECTION('center_axis',(0.707106802314958,-0.707106760058137,0.));
#1365=DIRECTION('ref_axis',(-0.707106760058137,-0.707106802314958,0.));
#1366=DIRECTION('',(0.707106760058137,0.707106802314958,0.));
#1367=DIRECTION('',(0.,0.,-1.));
#1368=DIRECTION('center_axis',(1.,0.,0.));
#1369=DIRECTION('ref_axis',(0.,-1.,0.));
#1370=DIRECTION('',(0.,1.,0.));
#1371=DIRECTION('',(0.,0.,-1.));
#1372=DIRECTION('',(0.,0.,-1.));
#1373=DIRECTION('center_axis',(0.707106781198706,0.707106781174389,0.));
#1374=DIRECTION('ref_axis',(0.707106781174389,-0.707106781198706,0.));
#1375=DIRECTION('',(-0.707106781174389,0.707106781198706,0.));
#1376=DIRECTION('',(0.,0.,-1.));
#1377=DIRECTION('',(0.,0.,-1.));
#1378=DIRECTION('center_axis',(-0.707106802314958,-0.707106760058137,0.));
#1379=DIRECTION('ref_axis',(-0.707106760058137,0.707106802314958,0.));
#1380=DIRECTION('',(0.707106760058137,-0.707106802314958,0.));
#1381=DIRECTION('center_axis',(1.,0.,0.));
#1382=DIRECTION('ref_axis',(0.,-1.,0.));
#1383=DIRECTION('',(0.,1.,0.));
#1384=DIRECTION('',(0.,0.,-1.));
#1385=DIRECTION('',(0.,0.,-1.));
#1386=DIRECTION('center_axis',(0.707106945266249,0.707106617106808,0.));
#1387=DIRECTION('ref_axis',(0.707106617106808,-0.707106945266249,0.));
#1388=DIRECTION('',(-0.707106617106808,0.707106945266249,0.));
#1389=DIRECTION('',(0.,0.,-1.));
#1390=DIRECTION('',(0.,0.,-1.));
#1391=DIRECTION('center_axis',(-0.707106781199885,-0.70710678117321,0.));
#1392=DIRECTION('ref_axis',(-0.70710678117321,0.707106781199885,0.));
#1393=DIRECTION('',(0.70710678117321,-0.707106781199885,0.));
#1394=DIRECTION('center_axis',(-0.707106945266249,0.707106617106808,0.));
#1395=DIRECTION('ref_axis',(0.707106617106808,0.707106945266249,0.));
#1396=DIRECTION('',(-0.707106617106808,-0.707106945266249,0.));
#1397=DIRECTION('',(0.,0.,-1.));
#1398=DIRECTION('',(0.,0.,-1.));
#1399=DIRECTION('center_axis',(-1.,0.,0.));
#1400=DIRECTION('ref_axis',(0.,1.,0.));
#1401=DIRECTION('',(0.,-1.,0.));
#1402=DIRECTION('',(0.,0.,-1.));
#1403=DIRECTION('center_axis',(0.707106781191886,-0.707106781181209,0.));
#1404=DIRECTION('ref_axis',(-0.707106781181209,-0.707106781191886,0.));
#1405=DIRECTION('',(0.707106781181209,0.707106781191886,0.));
#1406=DIRECTION('',(0.,0.,-1.));
#1407=DIRECTION('center_axis',(0.,-1.,0.));
#1408=DIRECTION('ref_axis',(1.,0.,0.));
#1409=DIRECTION('',(1.,0.,0.));
#1410=DIRECTION('',(0.,0.,1.));
#1411=DIRECTION('',(0.,0.,1.));
#1412=DIRECTION('center_axis',(1.,0.,0.));
#1413=DIRECTION('ref_axis',(0.,1.,0.));
#1414=DIRECTION('',(0.,1.,0.));
#1415=DIRECTION('',(0.,0.,1.));
#1416=DIRECTION('center_axis',(0.,1.,0.));
#1417=DIRECTION('ref_axis',(-1.,0.,0.));
#1418=DIRECTION('',(-1.,0.,0.));
#1419=DIRECTION('',(0.,0.,1.));
#1420=DIRECTION('center_axis',(-1.,0.,0.));
#1421=DIRECTION('ref_axis',(0.,-1.,0.));
#1422=DIRECTION('',(0.,-1.,0.));
#1423=DIRECTION('center_axis',(1.,-9.25185853854297E-17,0.));
#1424=DIRECTION('ref_axis',(9.25185853854297E-17,1.,0.));
#1425=DIRECTION('',(9.25185853854297E-17,1.,0.));
#1426=DIRECTION('',(0.,0.,1.));
#1427=DIRECTION('',(0.,0.,1.));
#1428=DIRECTION('center_axis',(0.,1.,0.));
#1429=DIRECTION('ref_axis',(-1.,0.,0.));
#1430=DIRECTION('',(-1.,0.,0.));
#1431=DIRECTION('',(0.,0.,1.));
#1432=DIRECTION('center_axis',(-1.,0.,0.));
#1433=DIRECTION('ref_axis',(0.,-1.,0.));
#1434=DIRECTION('',(0.,-1.,0.));
#1435=DIRECTION('',(0.,0.,1.));
#1436=DIRECTION('center_axis',(0.,-1.,0.));
#1437=DIRECTION('ref_axis',(1.,0.,0.));
#1438=DIRECTION('',(1.,0.,0.));
#1439=DIRECTION('',(0.,0.,1.));
#1440=DIRECTION('center_axis',(-0.707106781187634,0.707106781185462,0.));
#1441=DIRECTION('ref_axis',(-0.707106781185461,-0.707106781187633,0.));
#1442=DIRECTION('',(0.,0.,1.));
#1443=DIRECTION('',(-0.707106781185461,-0.707106781187633,0.));
#1444=DIRECTION('center_axis',(0.,1.,0.));
#1445=DIRECTION('ref_axis',(-1.,0.,0.));
#1446=DIRECTION('',(0.,0.,1.));
#1447=DIRECTION('',(1.,0.,0.));
#1448=DIRECTION('center_axis',(0.707106781187633,0.707106781185462,0.));
#1449=DIRECTION('ref_axis',(-0.707106781185462,0.707106781187633,0.));
#1450=DIRECTION('',(0.707106781185462,-0.707106781187633,0.));
#1451=DIRECTION('center_axis',(0.,0.,1.));
#1452=DIRECTION('ref_axis',(1.,0.,0.));
#1453=CARTESIAN_POINT('',(0.,0.,0.));
#1454=CARTESIAN_POINT('Origin',(-31.9939085623365,-197.551674272437,23.6));
#1455=CARTESIAN_POINT('',(-5.662741737031,-223.6,23.8));
#1456=CARTESIAN_POINT('',(-20.7232391525278,-208.539501655947,23.8));
#1457=CARTESIAN_POINT('',(-31.8524872017395,-197.41025292056,23.8));
#1458=CARTESIAN_POINT('',(-21.1064462678535,-208.721979959382,23.4));
#1459=CARTESIAN_POINT('Ctrl Pts',(-20.7232391525278,-208.539501655947,23.8));
#1460=CARTESIAN_POINT('Ctrl Pts',(-20.7871117228439,-208.569916953057,23.73332840883));
#1461=CARTESIAN_POINT('Ctrl Pts',(-20.8509842931601,-208.600332250167,23.6666568176599));
#1462=CARTESIAN_POINT('Ctrl Pts',(-20.9787199982686,-208.661158351312,23.5333234843266));
#1463=CARTESIAN_POINT('Ctrl Pts',(-21.042583133061,-208.691569155347,23.4666617421633));
#1464=CARTESIAN_POINT('Ctrl Pts',(-21.1064462678535,-208.721979959382,23.4));
#1465=CARTESIAN_POINT('',(-5.82842716920358,-224.,23.4));
#1466=CARTESIAN_POINT('',(-32.1353299229335,-197.693095624315,23.4));
#1467=CARTESIAN_POINT('',(-5.662741737031,-223.6,23.8));
#1468=CARTESIAN_POINT('Ctrl Pts',(-27.5479093982361,-80.120354395875,23.8));
#1469=CARTESIAN_POINT('Ctrl Pts',(-27.6371562251163,-121.043753110754,23.8));
#1470=CARTESIAN_POINT('Ctrl Pts',(-25.5504325274045,-162.03713295568,23.8));
#1471=CARTESIAN_POINT('Ctrl Pts',(-21.2877290546471,-203.10153480495,23.8));
#1472=CARTESIAN_POINT('Ctrl Pts',(-21.0946807414067,-204.961249786743,23.8));
#1473=CARTESIAN_POINT('Ctrl Pts',(-20.9016324281662,-206.820964768537,23.8));
#1474=CARTESIAN_POINT('Ctrl Pts',(-20.7085841149258,-208.68067975033,23.8));
#1475=CARTESIAN_POINT('Ctrl Pts',(-27.6812424145036,-80.1200636197177,23.6666666666667));
#1476=CARTESIAN_POINT('Ctrl Pts',(-27.7704999826731,-121.048189179634,23.6666666666667));
#1477=CARTESIAN_POINT('Ctrl Pts',(-25.6835331785778,-162.046280516711,23.6666666666667));
#1478=CARTESIAN_POINT('Ctrl Pts',(-21.4203497722897,-203.115301541301,23.6666666666667));
#1479=CARTESIAN_POINT('Ctrl Pts',(-21.2273014590493,-204.975016523094,23.6666666666667));
#1480=CARTESIAN_POINT('Ctrl Pts',(-21.0342531458088,-206.834731504887,23.6666666666667));
#1481=CARTESIAN_POINT('Ctrl Pts',(-20.8412048325683,-208.694446486681,23.6666666666667));
#1482=CARTESIAN_POINT('Ctrl Pts',(-27.8145754307712,-80.1197728435604,23.5333333333333));
#1483=CARTESIAN_POINT('Ctrl Pts',(-27.9038424406499,-121.052624791314,23.5333333333333));
#1484=CARTESIAN_POINT('Ctrl Pts',(-25.816632572342,-162.055427516756,23.5333333333333));
#1485=CARTESIAN_POINT('Ctrl Pts',(-21.5529704899323,-203.129068277651,23.5333333333333));
#1486=CARTESIAN_POINT('Ctrl Pts',(-21.3599221766918,-204.988783259445,23.5333333333333));
#1487=CARTESIAN_POINT('Ctrl Pts',(-21.1668738634514,-206.848498241238,23.5333333333333));
#1488=CARTESIAN_POINT('Ctrl Pts',(-20.9738255502109,-208.708213223031,23.5333333333333));
#1489=CARTESIAN_POINT('Ctrl Pts',(-27.9479084470387,-80.1194820674032,23.4));
#1490=CARTESIAN_POINT('Ctrl Pts',(-28.0371861982068,-121.057060860194,23.4));
#1491=CARTESIAN_POINT('Ctrl Pts',(-25.9497332235152,-162.064575077787,23.4));
#1492=CARTESIAN_POINT('Ctrl Pts',(-21.6855912075749,-203.142835014002,23.4));
#1493=CARTESIAN_POINT('Ctrl Pts',(-21.4925428943344,-205.002549995795,23.4));
#1494=CARTESIAN_POINT('Ctrl Pts',(-21.2994945810939,-206.862264977589,23.4));
#1495=CARTESIAN_POINT('Ctrl Pts',(-21.1064462678535,-208.721979959382,23.4));
#1496=CARTESIAN_POINT('',(-27.5482577736179,-80.2855168189313,23.8));
#1497=CARTESIAN_POINT('Ctrl Pts',(-20.7232391525278,-208.539501655947,23.8));
#1498=CARTESIAN_POINT('Ctrl Pts',(-20.9114024532343,-206.726846038948,23.8));
#1499=CARTESIAN_POINT('Ctrl Pts',(-21.0995657539407,-204.914190421949,23.8));
#1500=CARTESIAN_POINT('Ctrl Pts',(-21.2877290546471,-203.10153480495,23.8));
#1501=CARTESIAN_POINT('Ctrl Pts',(-25.5446979367887,-162.09237666076,23.8));
#1502=CARTESIAN_POINT('Ctrl Pts',(-27.6315377720666,-121.154049558456,23.8));
#1503=CARTESIAN_POINT('Ctrl Pts',(-27.5482577736508,-80.2855168189424,23.8));
#1504=CARTESIAN_POINT('',(-27.9479084470387,-80.1194820674032,23.4));
#1505=CARTESIAN_POINT('Ctrl Pts',(-27.5482577736508,-80.2855168189382,23.8));
#1506=CARTESIAN_POINT('Ctrl Pts',(-27.6148353103608,-80.257859994651,23.7333662447102));
#1507=CARTESIAN_POINT('Ctrl Pts',(-27.6814121511246,-80.2302020654386,23.666732198404));
#1508=CARTESIAN_POINT('Ctrl Pts',(-27.7480860570219,-80.2025024110682,23.6000000138718));
#1509=CARTESIAN_POINT('Ctrl Pts',(-27.8147267650511,-80.1748165487421,23.5333010562255));
#1510=CARTESIAN_POINT('Ctrl Pts',(-27.881366805169,-80.147129563087,23.4666017778783));
#1511=CARTESIAN_POINT('Ctrl Pts',(-27.9479084470387,-80.1194820674032,23.4));
#1512=CARTESIAN_POINT('Ctrl Pts',(-27.9479084470387,-80.1194820674032,23.4));
#1513=CARTESIAN_POINT('Ctrl Pts',(-28.0371861982068,-121.057060860194,23.4));
#1514=CARTESIAN_POINT('Ctrl Pts',(-25.9497332235152,-162.064575077787,23.4));
#1515=CARTESIAN_POINT('Ctrl Pts',(-21.6855912075749,-203.142835014002,23.4));
#1516=CARTESIAN_POINT('Ctrl Pts',(-21.4925428943344,-205.002549995795,23.4));
#1517=CARTESIAN_POINT('Ctrl Pts',(-21.2994945810939,-206.862264977589,23.4));
#1518=CARTESIAN_POINT('Ctrl Pts',(-21.1064462678535,-208.721979959382,23.4));
#1519=CARTESIAN_POINT('Origin',(-28.1048988941982,-80.5593152270382,23.6));
#1520=CARTESIAN_POINT('',(-10.6627416997966,-63.4000007450581,23.8));
#1521=CARTESIAN_POINT('',(-27.9634775379606,-80.7007365832753,23.8));
#1522=CARTESIAN_POINT('',(-10.8284271247462,-63.0000007450581,23.4));
#1523=CARTESIAN_POINT('',(-10.6627416997966,-63.4000007450581,23.8));
#1524=CARTESIAN_POINT('',(-28.2463202504357,-80.4178938708011,23.4));
#1525=CARTESIAN_POINT('Origin',(5.41421356237309,-63.2000007450581,23.6));
#1526=CARTESIAN_POINT('',(10.6627416997966,-63.4000007450581,23.8));
#1527=CARTESIAN_POINT('',(5.41421356237309,-63.4000007450581,23.8));
#1528=CARTESIAN_POINT('',(10.8284271247462,-63.0000007450581,23.4));
#1529=CARTESIAN_POINT('',(10.6627416997966,-63.4000007450581,23.8));
#1530=CARTESIAN_POINT('',(5.41421356237309,-63.0000007450581,23.4));
#1531=CARTESIAN_POINT('Origin',(36.6646395553444,-89.1190558882107,23.6));
#1532=CARTESIAN_POINT('',(27.5482577736179,-80.2855168189312,23.8));
#1533=CARTESIAN_POINT('',(36.5232181991069,-89.2604772444478,23.8));
#1534=CARTESIAN_POINT('',(27.9479084470387,-80.1194820674032,23.4));
#1535=CARTESIAN_POINT('Ctrl Pts',(27.5482577736508,-80.2855168189381,23.8));
#1536=CARTESIAN_POINT('Ctrl Pts',(27.6148678466738,-80.2578464788146,23.7333336809233));
#1537=CARTESIAN_POINT('Ctrl Pts',(27.6814771968542,-80.2301750406128,23.6666670958159));
#1538=CARTESIAN_POINT('Ctrl Pts',(27.7480860847266,-80.2025023979611,23.5999999861396));
#1539=CARTESIAN_POINT('Ctrl Pts',(27.8479937889626,-80.1609957719567,23.5000049541165));
#1540=CARTESIAN_POINT('Ctrl Pts',(27.9229297827039,-80.1298604935283,23.4250012384273));
#1541=CARTESIAN_POINT('Ctrl Pts',(27.9479084470387,-80.1194820674032,23.4));
#1542=CARTESIAN_POINT('',(36.806060911582,-88.9776345319736,23.4));
#1543=CARTESIAN_POINT('Ctrl Pts',(20.7085841149258,-208.68067975033,23.8));
#1544=CARTESIAN_POINT('Ctrl Pts',(20.9016324281662,-206.820964768537,23.8));
#1545=CARTESIAN_POINT('Ctrl Pts',(21.0946807414067,-204.961249786743,23.8));
#1546=CARTESIAN_POINT('Ctrl Pts',(21.2877290546471,-203.10153480495,23.8));
#1547=CARTESIAN_POINT('Ctrl Pts',(25.5504325274045,-162.037132955681,23.8));
#1548=CARTESIAN_POINT('Ctrl Pts',(27.6371562251163,-121.043753110754,23.8));
#1549=CARTESIAN_POINT('Ctrl Pts',(27.5479093982361,-80.1203543958749,23.8));
#1550=CARTESIAN_POINT('Ctrl Pts',(20.8412048325683,-208.694446486681,23.6666666666667));
#1551=CARTESIAN_POINT('Ctrl Pts',(21.0342531458088,-206.834731504887,23.6666666666667));
#1552=CARTESIAN_POINT('Ctrl Pts',(21.2273014590492,-204.975016523094,23.6666666666667));
#1553=CARTESIAN_POINT('Ctrl Pts',(21.4203497722897,-203.115301541301,23.6666666666667));
#1554=CARTESIAN_POINT('Ctrl Pts',(25.6835331785777,-162.046280516712,23.6666666666667));
#1555=CARTESIAN_POINT('Ctrl Pts',(27.7704999826731,-121.048189179634,23.6666666666667));
#1556=CARTESIAN_POINT('Ctrl Pts',(27.6812424145036,-80.1200636197177,23.6666666666667));
#1557=CARTESIAN_POINT('Ctrl Pts',(20.9738255502109,-208.708213223031,23.5333333333333));
#1558=CARTESIAN_POINT('Ctrl Pts',(21.1668738634514,-206.848498241238,23.5333333333333));
#1559=CARTESIAN_POINT('Ctrl Pts',(21.3599221766918,-204.988783259445,23.5333333333333));
#1560=CARTESIAN_POINT('Ctrl Pts',(21.5529704899323,-203.129068277651,23.5333333333333));
#1561=CARTESIAN_POINT('Ctrl Pts',(25.8166325723419,-162.055427516757,23.5333333333333));
#1562=CARTESIAN_POINT('Ctrl Pts',(27.9038424406499,-121.052624791314,23.5333333333333));
#1563=CARTESIAN_POINT('Ctrl Pts',(27.8145754307712,-80.1197728435604,23.5333333333333));
#1564=CARTESIAN_POINT('Ctrl Pts',(21.1064462678535,-208.721979959382,23.4));
#1565=CARTESIAN_POINT('Ctrl Pts',(21.2994945810939,-206.862264977589,23.4));
#1566=CARTESIAN_POINT('Ctrl Pts',(21.4925428943344,-205.002549995795,23.4));
#1567=CARTESIAN_POINT('Ctrl Pts',(21.6855912075748,-203.142835014002,23.4));
#1568=CARTESIAN_POINT('Ctrl Pts',(25.9497332235152,-162.064575077788,23.4));
#1569=CARTESIAN_POINT('Ctrl Pts',(28.0371861982068,-121.057060860194,23.4));
#1570=CARTESIAN_POINT('Ctrl Pts',(27.9479084470387,-80.1194820674031,23.4));
#1571=CARTESIAN_POINT('',(21.1064462678535,-208.721979959382,23.4));
#1572=CARTESIAN_POINT('Ctrl Pts',(21.1064462678535,-208.721979959382,23.4));
#1573=CARTESIAN_POINT('Ctrl Pts',(21.2994945810939,-206.862264977589,23.4));
#1574=CARTESIAN_POINT('Ctrl Pts',(21.4925428943344,-205.002549995795,23.4));
#1575=CARTESIAN_POINT('Ctrl Pts',(21.6855912075748,-203.142835014002,23.4));
#1576=CARTESIAN_POINT('Ctrl Pts',(25.9497332235152,-162.064575077788,23.4));
#1577=CARTESIAN_POINT('Ctrl Pts',(28.0371861982068,-121.057060860194,23.4));
#1578=CARTESIAN_POINT('Ctrl Pts',(27.9479084470387,-80.1194820674031,23.4));
#1579=CARTESIAN_POINT('',(20.7232391525278,-208.539501655947,23.8));
#1580=CARTESIAN_POINT('Ctrl Pts',(27.5482577736508,-80.2855168189424,23.8));
#1581=CARTESIAN_POINT('Ctrl Pts',(27.6315377720666,-121.154049558456,23.8));
#1582=CARTESIAN_POINT('Ctrl Pts',(25.5446979367886,-162.09237666076,23.8));
#1583=CARTESIAN_POINT('Ctrl Pts',(21.2877290546471,-203.10153480495,23.8));
#1584=CARTESIAN_POINT('Ctrl Pts',(21.0995657539407,-204.914190421949,23.8));
#1585=CARTESIAN_POINT('Ctrl Pts',(20.9114024532342,-206.726846038948,23.8));
#1586=CARTESIAN_POINT('Ctrl Pts',(20.7232391525278,-208.539501655947,23.8));
#1587=CARTESIAN_POINT('Ctrl Pts',(20.7232391525278,-208.539501655946,23.8));
#1588=CARTESIAN_POINT('Ctrl Pts',(20.7871022873203,-208.569912459982,23.7333382578367));
#1589=CARTESIAN_POINT('Ctrl Pts',(20.8509654221127,-208.600323264017,23.6666765156734));
#1590=CARTESIAN_POINT('Ctrl Pts',(20.9787011272212,-208.661149365162,23.5333431823401));
#1591=CARTESIAN_POINT('Ctrl Pts',(21.0425736975374,-208.691564662272,23.4666715911701));
#1592=CARTESIAN_POINT('Ctrl Pts',(21.1064462678535,-208.721979959382,23.4));
#1593=CARTESIAN_POINT('Origin',(24.3548990130115,-205.190684292746,23.6));
#1594=CARTESIAN_POINT('',(5.82842716920358,-224.,23.4));
#1595=CARTESIAN_POINT('',(24.4963203736085,-205.332105644624,23.4));
#1596=CARTESIAN_POINT('',(5.662741737031,-223.6,23.8));
#1597=CARTESIAN_POINT('',(24.2134776524145,-205.049262940869,23.8));
#1598=CARTESIAN_POINT('',(5.662741737031,-223.6,23.8));
#1599=CARTESIAN_POINT('Origin',(-2.91421358460178,-223.8,23.6));
#1600=CARTESIAN_POINT('',(-2.91421358460178,-224.,23.4));
#1601=CARTESIAN_POINT('',(-2.91421358460178,-223.6,23.8));
#1602=CARTESIAN_POINT('Ctrl Pts',(21.1064462678535,-208.721979959382,22.));
#1603=CARTESIAN_POINT('Ctrl Pts',(21.1064462678535,-208.721979959382,23.8));
#1604=CARTESIAN_POINT('Ctrl Pts',(21.2156508879671,-207.669966270698,22.));
#1605=CARTESIAN_POINT('Ctrl Pts',(21.2156508879671,-207.669966270698,23.8));
#1606=CARTESIAN_POINT('Ctrl Pts',(21.3248555080806,-206.617952582014,22.));
#1607=CARTESIAN_POINT('Ctrl Pts',(21.3248555080806,-206.617952582014,23.8));
#1608=CARTESIAN_POINT('Ctrl Pts',(21.4340601281942,-205.565938893331,22.));
#1609=CARTESIAN_POINT('Ctrl Pts',(21.4340601281942,-205.565938893331,23.8));
#1610=CARTESIAN_POINT('Ctrl Pts',(21.5179038213211,-204.758237600221,22.));
#1611=CARTESIAN_POINT('Ctrl Pts',(21.5179038213211,-204.758237600221,23.8));
#1612=CARTESIAN_POINT('Ctrl Pts',(21.601747514448,-203.950536307111,22.));
#1613=CARTESIAN_POINT('Ctrl Pts',(21.601747514448,-203.950536307111,23.8));
#1614=CARTESIAN_POINT('Ctrl Pts',(21.6855912075748,-203.142835014002,22.));
#1615=CARTESIAN_POINT('Ctrl Pts',(21.6855912075748,-203.142835014002,23.8));
#1616=CARTESIAN_POINT('Ctrl Pts',(25.9497332235152,-162.064575077788,22.));
#1617=CARTESIAN_POINT('Ctrl Pts',(25.9497332235152,-162.064575077788,23.8));
#1618=CARTESIAN_POINT('Ctrl Pts',(28.0371861982067,-121.057060860194,22.));
#1619=CARTESIAN_POINT('Ctrl Pts',(28.0371861982067,-121.057060860194,23.8));
#1620=CARTESIAN_POINT('Ctrl Pts',(27.9479084470387,-80.1194820674032,22.));
#1621=CARTESIAN_POINT('Ctrl Pts',(27.9479084470387,-80.1194820674032,23.8));
#1622=CARTESIAN_POINT('',(21.1064462678535,-208.721979959382,22.));
#1623=CARTESIAN_POINT('',(21.1064462678535,-208.721979959382,22.));
#1624=CARTESIAN_POINT('',(27.9479084470387,-80.1194820674032,22.));
#1625=CARTESIAN_POINT('Ctrl Pts',(21.1064462678535,-208.721979959382,22.));
#1626=CARTESIAN_POINT('Ctrl Pts',(21.2156508879671,-207.669966270698,22.));
#1627=CARTESIAN_POINT('Ctrl Pts',(21.3248555080806,-206.617952582014,22.));
#1628=CARTESIAN_POINT('Ctrl Pts',(21.4340601281942,-205.565938893331,22.));
#1629=CARTESIAN_POINT('Ctrl Pts',(21.5179038213211,-204.758237600221,22.));
#1630=CARTESIAN_POINT('Ctrl Pts',(21.601747514448,-203.950536307111,22.));
#1631=CARTESIAN_POINT('Ctrl Pts',(21.6855912075748,-203.142835014002,22.));
#1632=CARTESIAN_POINT('Ctrl Pts',(25.9497332235152,-162.064575077788,22.));
#1633=CARTESIAN_POINT('Ctrl Pts',(28.0371861982067,-121.057060860194,22.));
#1634=CARTESIAN_POINT('Ctrl Pts',(27.9479084470387,-80.1194820674032,22.));
#1635=CARTESIAN_POINT('',(27.9479084470387,-80.1194820674032,22.));
#1636=CARTESIAN_POINT('Origin',(5.82842716920358,-224.,22.));
#1637=CARTESIAN_POINT('',(5.82842716920358,-224.,22.));
#1638=CARTESIAN_POINT('',(5.82842716920358,-224.,22.));
#1639=CARTESIAN_POINT('',(5.82842716920358,-224.,22.));
#1640=CARTESIAN_POINT('Origin',(-5.82842716920356,-224.,22.));
#1641=CARTESIAN_POINT('',(-5.82842716920358,-224.,22.));
#1642=CARTESIAN_POINT('',(-5.82842716920358,-224.,22.));
#1643=CARTESIAN_POINT('',(5.57845971361216E-15,-224.,22.));
#1644=CARTESIAN_POINT('Origin',(-21.1064462678535,-208.721979959382,22.));
#1645=CARTESIAN_POINT('',(-21.1064462678535,-208.721979959382,22.));
#1646=CARTESIAN_POINT('',(-21.1064462678535,-208.721979959382,22.));
#1647=CARTESIAN_POINT('',(-5.82842716920358,-224.,22.));
#1648=CARTESIAN_POINT('Origin',(-4.44089209850063E-15,-143.500000372529,
23.8));
#1649=CARTESIAN_POINT('',(3.50000000000001,-210.,23.8));
#1650=CARTESIAN_POINT('',(3.50000000000001,-222.,23.8));
#1651=CARTESIAN_POINT('',(3.50000000000001,-222.,23.8));
#1652=CARTESIAN_POINT('',(-3.50000000000001,-222.,23.8));
#1653=CARTESIAN_POINT('',(-1.42195451518871E-14,-222.,23.8));
#1654=CARTESIAN_POINT('',(-3.50000000000001,-210.,23.8));
#1655=CARTESIAN_POINT('',(-3.50000000000001,-222.,23.8));
#1656=CARTESIAN_POINT('',(3.50000000000001,-210.,23.8));
#1657=CARTESIAN_POINT('',(-3.5,-65.0000007450581,23.8));
#1658=CARTESIAN_POINT('',(3.5,-65.0000007450581,23.8));
#1659=CARTESIAN_POINT('',(-4.9824643235683E-15,-65.0000007450581,23.8));
#1660=CARTESIAN_POINT('',(3.5,-77.0000007450581,23.8));
#1661=CARTESIAN_POINT('',(3.5,-65.0000007450581,23.8));
#1662=CARTESIAN_POINT('',(-3.50000000000001,-77.0000007450581,23.8));
#1663=CARTESIAN_POINT('',(-3.50000000000001,-77.0000007450581,23.8));
#1664=CARTESIAN_POINT('',(-3.5,-65.0000007450581,23.8));
#1665=CARTESIAN_POINT('',(3.50000000000001,-174.73454692284,23.8));
#1666=CARTESIAN_POINT('',(19.4317605499163,-158.802778979191,23.8));
#1667=CARTESIAN_POINT('',(10.4336370436536,-167.800906661371,23.8));
#1668=CARTESIAN_POINT('',(19.06469221696,-164.169854705293,23.8));
#1669=CARTESIAN_POINT('Ctrl Pts',(19.4317605499163,-158.802778979191,23.8));
#1670=CARTESIAN_POINT('Ctrl Pts',(19.3135644088872,-160.591663181283,23.8));
#1671=CARTESIAN_POINT('Ctrl Pts',(19.1912083182179,-162.380688303503,23.8));
#1672=CARTESIAN_POINT('Ctrl Pts',(19.06469221696,-164.169854705293,23.8));
#1673=CARTESIAN_POINT('',(3.50000000000001,-179.73454692284,23.8));
#1674=CARTESIAN_POINT('',(19.4659827460576,-163.768564176542,23.8));
#1675=CARTESIAN_POINT('',(3.50000000000001,-161.617273647685,23.8));
#1676=CARTESIAN_POINT('',(-3.50000000000002,-174.73454692284,23.8));
#1677=CARTESIAN_POINT('',(-3.50000000000002,-179.73454692284,23.8));
#1678=CARTESIAN_POINT('',(-3.50000000000002,-159.117273647685,23.8));
#1679=CARTESIAN_POINT('',(-19.06469221696,-164.169854705293,23.8));
#1680=CARTESIAN_POINT('',(-11.6836366376108,-171.550910284921,23.8));
#1681=CARTESIAN_POINT('',(-19.4317605499163,-158.802778979191,23.8));
#1682=CARTESIAN_POINT('Ctrl Pts',(-19.06469221696,-164.169854705293,23.8));
#1683=CARTESIAN_POINT('Ctrl Pts',(-19.1912083182179,-162.380688303503,23.8));
#1684=CARTESIAN_POINT('Ctrl Pts',(-19.3135644088872,-160.591663181283,23.8));
#1685=CARTESIAN_POINT('Ctrl Pts',(-19.4317605499163,-158.802778979191,23.8));
#1686=CARTESIAN_POINT('',(-18.3995173186117,-159.835022689547,23.8));
#1687=CARTESIAN_POINT('',(-9.50000000000001,-198.734546922733,23.8));
#1688=CARTESIAN_POINT('',(-9.50000000000001,-206.84314532201,23.8));
#1689=CARTESIAN_POINT('',(-9.50000000000001,-171.117273647631,23.8));
#1690=CARTESIAN_POINT('',(-15.9353334543463,-200.407811483087,23.8));
#1691=CARTESIAN_POINT('',(-22.9607863793007,-193.382358138291,23.8));
#1692=CARTESIAN_POINT('',(-16.8173967301637,-191.417150192318,23.8));
#1693=CARTESIAN_POINT('Ctrl Pts',(-15.9353334543463,-200.407811483087,23.8));
#1694=CARTESIAN_POINT('Ctrl Pts',(-16.2410053670224,-197.410522513735,23.8));
#1695=CARTESIAN_POINT('Ctrl Pts',(-16.5350263637532,-194.413635978303,23.8));
#1696=CARTESIAN_POINT('Ctrl Pts',(-16.8173967301637,-191.417150192318,23.8));
#1697=CARTESIAN_POINT('',(-24.5923350027145,-183.642211919499,23.8));
#1698=CARTESIAN_POINT('',(9.50000000000001,-198.734546922733,23.8));
#1699=CARTESIAN_POINT('',(16.8173967301637,-191.417150192318,23.8));
#1700=CARTESIAN_POINT('',(20.9336366376326,-187.300910284707,23.8));
#1701=CARTESIAN_POINT('',(15.9353334543463,-200.407811483087,23.8));
#1702=CARTESIAN_POINT('Ctrl Pts',(16.8173967301637,-191.417150192318,23.8));
#1703=CARTESIAN_POINT('Ctrl Pts',(16.5350263637532,-194.413635978303,23.8));
#1704=CARTESIAN_POINT('Ctrl Pts',(16.2410053670223,-197.410522513735,23.8));
#1705=CARTESIAN_POINT('Ctrl Pts',(15.9353334543463,-200.407811483087,23.8));
#1706=CARTESIAN_POINT('',(9.50000000000001,-206.84314532201,23.8));
#1707=CARTESIAN_POINT('',(26.1784531064738,-190.164691218829,23.8));
#1708=CARTESIAN_POINT('',(9.50000000000001,-175.17157284727,23.8));
#1709=CARTESIAN_POINT('',(3.50000000000001,-184.73454692284,23.8));
#1710=CARTESIAN_POINT('',(18.6706991615567,-169.563847759891,23.8));
#1711=CARTESIAN_POINT('',(12.9336366376582,-175.300910284316,23.8));
#1712=CARTESIAN_POINT('',(18.249384410799,-174.98516251146,23.8));
#1713=CARTESIAN_POINT('Ctrl Pts',(18.6706991615567,-169.563847759891,23.8));
#1714=CARTESIAN_POINT('Ctrl Pts',(18.5345028144864,-171.370808127502,23.8));
#1715=CARTESIAN_POINT('Ctrl Pts',(18.3940645851522,-173.177912921325,23.8));
#1716=CARTESIAN_POINT('Ctrl Pts',(18.249384410799,-174.98516251146,23.8));
#1717=CARTESIAN_POINT('',(3.50000000000001,-189.73454692284,23.8));
#1718=CARTESIAN_POINT('',(21.5583288429759,-171.67621807958,23.8));
#1719=CARTESIAN_POINT('',(3.50000000000001,-166.617273647685,23.8));
#1720=CARTESIAN_POINT('',(-3.50000000000002,-189.73454692284,23.8));
#1721=CARTESIAN_POINT('',(-18.249384410799,-174.98516251146,23.8));
#1722=CARTESIAN_POINT('',(-14.1836366376123,-179.050910284807,23.8));
#1723=CARTESIAN_POINT('',(-18.6706991615567,-169.563847759891,23.8));
#1724=CARTESIAN_POINT('Ctrl Pts',(-18.249384410799,-174.98516251146,23.8));
#1725=CARTESIAN_POINT('Ctrl Pts',(-18.3940645851522,-173.177912921325,23.8));
#1726=CARTESIAN_POINT('Ctrl Pts',(-18.5345028144864,-171.370808127502,23.8));
#1727=CARTESIAN_POINT('Ctrl Pts',(-18.6706991615567,-169.563847759891,23.8));
#1728=CARTESIAN_POINT('',(-3.50000000000002,-184.73454692284,23.8));
#1729=CARTESIAN_POINT('',(-20.5189862184365,-167.715560702841,23.8));
#1730=CARTESIAN_POINT('',(-3.50000000000002,-164.117273647685,23.8));
#1731=CARTESIAN_POINT('',(-17.3231547842854,-185.911392137922,23.8));
#1732=CARTESIAN_POINT('',(-17.8003417352071,-180.434205187388,23.8));
#1733=CARTESIAN_POINT('Ctrl Pts',(-17.3231547842854,-185.911392137922,23.8));
#1734=CARTESIAN_POINT('Ctrl Pts',(-17.4865442479268,-184.085514819874,23.8));
#1735=CARTESIAN_POINT('Ctrl Pts',(-17.6456065433498,-182.259785963459,23.8));
#1736=CARTESIAN_POINT('Ctrl Pts',(-17.8003417352071,-180.434205187388,23.8));
#1737=CARTESIAN_POINT('',(-3.50000000000002,-194.73454692284,23.8));
#1738=CARTESIAN_POINT('',(-22.5838075051964,-175.650739417317,23.8));
#1739=CARTESIAN_POINT('',(-6.4999999999498,-196.734546922753,23.8));
#1740=CARTESIAN_POINT('',(9.53489535766209,-186.044616684632,23.8));
#1741=CARTESIAN_POINT('',(-18.1836366375928,-185.050910284575,23.8));
#1742=CARTESIAN_POINT('',(3.50000000000001,-194.73454692284,23.8));
#1743=CARTESIAN_POINT('',(17.8003417352071,-180.434205187388,23.8));
#1744=CARTESIAN_POINT('',(15.4336366375928,-182.800910285043,23.8));
#1745=CARTESIAN_POINT('',(17.3231547842854,-185.911392137922,23.8));
#1746=CARTESIAN_POINT('Ctrl Pts',(17.8003417352071,-180.434205187388,23.8));
#1747=CARTESIAN_POINT('Ctrl Pts',(17.6456065433497,-182.259785963459,23.8));
#1748=CARTESIAN_POINT('Ctrl Pts',(17.4865442479268,-184.085514819874,23.8));
#1749=CARTESIAN_POINT('Ctrl Pts',(17.3231547842854,-185.911392137922,23.8));
#1750=CARTESIAN_POINT('',(6.49999999999474,-196.734546922783,23.8));
#1751=CARTESIAN_POINT('',(23.5952140297905,-179.639332892086,23.8));
#1752=CARTESIAN_POINT('',(-8.0348953576647,-187.044616684604,23.8));
#1753=CARTESIAN_POINT('Origin',(3.50000000000001,-194.73454692284,23.8));
#1754=CARTESIAN_POINT('',(17.8003417352071,-180.434205187388,22.));
#1755=CARTESIAN_POINT('',(3.50000000000001,-194.73454692284,22.));
#1756=CARTESIAN_POINT('',(15.4336366375928,-182.800910285043,22.));
#1757=CARTESIAN_POINT('',(17.8003417352071,-180.434205187388,23.8));
#1758=CARTESIAN_POINT('',(3.50000000000001,-194.73454692284,23.8));
#1759=CARTESIAN_POINT('Origin',(6.49999999999474,-196.734546922783,23.8));
#1760=CARTESIAN_POINT('',(6.49999999999474,-196.734546922783,22.));
#1761=CARTESIAN_POINT('',(-8.0348953576647,-187.044616684604,22.));
#1762=CARTESIAN_POINT('',(6.49999999999474,-196.734546922783,23.8));
#1763=CARTESIAN_POINT('Origin',(17.3231547842854,-185.911392137922,23.8));
#1764=CARTESIAN_POINT('',(17.3231547842854,-185.911392137922,22.));
#1765=CARTESIAN_POINT('',(23.5952140297905,-179.639332892086,22.));
#1766=CARTESIAN_POINT('',(17.3231547842854,-185.911392137922,23.8));
#1767=CARTESIAN_POINT('Ctrl Pts',(17.8003417352071,-180.434205187388,23.8));
#1768=CARTESIAN_POINT('Ctrl Pts',(17.8003417352071,-180.434205187388,21.82));
#1769=CARTESIAN_POINT('Ctrl Pts',(17.6456065433497,-182.259785963459,23.8));
#1770=CARTESIAN_POINT('Ctrl Pts',(17.6456065433497,-182.259785963459,21.82));
#1771=CARTESIAN_POINT('Ctrl Pts',(17.4865442479268,-184.085514819874,23.8));
#1772=CARTESIAN_POINT('Ctrl Pts',(17.4865442479268,-184.085514819874,21.82));
#1773=CARTESIAN_POINT('Ctrl Pts',(17.3231547842854,-185.911392137922,23.8));
#1774=CARTESIAN_POINT('Ctrl Pts',(17.3231547842854,-185.911392137922,21.82));
#1775=CARTESIAN_POINT('Ctrl Pts',(17.3231547842854,-185.911392137922,22.));
#1776=CARTESIAN_POINT('Ctrl Pts',(17.4865442479268,-184.085514819874,22.));
#1777=CARTESIAN_POINT('Ctrl Pts',(17.6456065433497,-182.259785963459,22.));
#1778=CARTESIAN_POINT('Ctrl Pts',(17.8003417352071,-180.434205187388,22.));
#1779=CARTESIAN_POINT('Ctrl Pts',(-17.3231547842854,-185.911392137922,23.8));
#1780=CARTESIAN_POINT('Ctrl Pts',(-17.3231547842854,-185.911392137922,21.82));
#1781=CARTESIAN_POINT('Ctrl Pts',(-17.4865442479268,-184.085514819874,23.8));
#1782=CARTESIAN_POINT('Ctrl Pts',(-17.4865442479268,-184.085514819874,21.82));
#1783=CARTESIAN_POINT('Ctrl Pts',(-17.6456065433498,-182.259785963459,23.8));
#1784=CARTESIAN_POINT('Ctrl Pts',(-17.6456065433498,-182.259785963459,21.82));
#1785=CARTESIAN_POINT('Ctrl Pts',(-17.8003417352071,-180.434205187388,23.8));
#1786=CARTESIAN_POINT('Ctrl Pts',(-17.8003417352071,-180.434205187388,21.82));
#1787=CARTESIAN_POINT('',(-17.8003417352071,-180.434205187388,22.));
#1788=CARTESIAN_POINT('',(-17.3231547842854,-185.911392137922,22.));
#1789=CARTESIAN_POINT('Ctrl Pts',(-17.8003417352071,-180.434205187388,22.));
#1790=CARTESIAN_POINT('Ctrl Pts',(-17.6456065433498,-182.259785963459,22.));
#1791=CARTESIAN_POINT('Ctrl Pts',(-17.4865442479268,-184.085514819874,22.));
#1792=CARTESIAN_POINT('Ctrl Pts',(-17.3231547842854,-185.911392137922,22.));
#1793=CARTESIAN_POINT('',(-17.8003417352071,-180.434205187388,23.8));
#1794=CARTESIAN_POINT('',(-17.3231547842854,-185.911392137922,23.8));
#1795=CARTESIAN_POINT('Origin',(-6.4999999999498,-196.734546922753,23.8));
#1796=CARTESIAN_POINT('',(-6.4999999999498,-196.734546922753,22.));
#1797=CARTESIAN_POINT('',(-18.1836366375928,-185.050910284575,22.));
#1798=CARTESIAN_POINT('',(-6.4999999999498,-196.734546922753,23.8));
#1799=CARTESIAN_POINT('Origin',(-3.50000000000002,-194.73454692284,23.8));
#1800=CARTESIAN_POINT('',(-3.50000000000002,-194.73454692284,22.));
#1801=CARTESIAN_POINT('',(9.53489535766209,-186.044616684632,22.));
#1802=CARTESIAN_POINT('',(-3.50000000000002,-194.73454692284,23.8));
#1803=CARTESIAN_POINT('Origin',(-17.8003417352071,-180.434205187388,23.8));
#1804=CARTESIAN_POINT('',(-22.5838075051964,-175.650739417317,22.));
#1805=CARTESIAN_POINT('Origin',(-3.50000000000002,-189.73454692284,23.8));
#1806=CARTESIAN_POINT('',(-18.249384410799,-174.98516251146,22.));
#1807=CARTESIAN_POINT('',(-3.50000000000002,-189.73454692284,22.));
#1808=CARTESIAN_POINT('',(-14.1836366376123,-179.050910284807,22.));
#1809=CARTESIAN_POINT('',(-18.249384410799,-174.98516251146,23.8));
#1810=CARTESIAN_POINT('',(-3.50000000000002,-189.73454692284,23.8));
#1811=CARTESIAN_POINT('Origin',(-3.50000000000002,-184.73454692284,23.8));
#1812=CARTESIAN_POINT('',(-3.50000000000002,-184.73454692284,22.));
#1813=CARTESIAN_POINT('',(-3.50000000000002,-164.117273647685,22.));
#1814=CARTESIAN_POINT('',(-3.50000000000002,-184.73454692284,23.8));
#1815=CARTESIAN_POINT('Origin',(-18.6706991615567,-169.563847759891,23.8));
#1816=CARTESIAN_POINT('',(-18.6706991615567,-169.563847759891,22.));
#1817=CARTESIAN_POINT('',(-20.5189862184365,-167.715560702841,22.));
#1818=CARTESIAN_POINT('',(-18.6706991615567,-169.563847759891,23.8));
#1819=CARTESIAN_POINT('Ctrl Pts',(-18.249384410799,-174.98516251146,23.8));
#1820=CARTESIAN_POINT('Ctrl Pts',(-18.249384410799,-174.98516251146,21.82));
#1821=CARTESIAN_POINT('Ctrl Pts',(-18.3940645851522,-173.177912921325,23.8));
#1822=CARTESIAN_POINT('Ctrl Pts',(-18.3940645851522,-173.177912921325,21.82));
#1823=CARTESIAN_POINT('Ctrl Pts',(-18.5345028144864,-171.370808127502,23.8));
#1824=CARTESIAN_POINT('Ctrl Pts',(-18.5345028144864,-171.370808127502,21.82));
#1825=CARTESIAN_POINT('Ctrl Pts',(-18.6706991615567,-169.563847759891,23.8));
#1826=CARTESIAN_POINT('Ctrl Pts',(-18.6706991615567,-169.563847759891,21.82));
#1827=CARTESIAN_POINT('Ctrl Pts',(-18.6706991615567,-169.563847759891,22.));
#1828=CARTESIAN_POINT('Ctrl Pts',(-18.5345028144864,-171.370808127502,22.));
#1829=CARTESIAN_POINT('Ctrl Pts',(-18.3940645851522,-173.177912921325,22.));
#1830=CARTESIAN_POINT('Ctrl Pts',(-18.249384410799,-174.98516251146,22.));
#1831=CARTESIAN_POINT('Origin',(3.50000000000001,-184.73454692284,23.8));
#1832=CARTESIAN_POINT('',(18.6706991615567,-169.563847759891,22.));
#1833=CARTESIAN_POINT('',(3.50000000000001,-184.73454692284,22.));
#1834=CARTESIAN_POINT('',(12.9336366376582,-175.300910284316,22.));
#1835=CARTESIAN_POINT('',(18.6706991615567,-169.563847759891,23.8));
#1836=CARTESIAN_POINT('',(3.50000000000001,-184.73454692284,23.8));
#1837=CARTESIAN_POINT('Origin',(3.50000000000001,-189.73454692284,23.8));
#1838=CARTESIAN_POINT('',(3.50000000000001,-189.73454692284,22.));
#1839=CARTESIAN_POINT('',(3.50000000000001,-166.617273647685,22.));
#1840=CARTESIAN_POINT('',(3.50000000000001,-189.73454692284,23.8));
#1841=CARTESIAN_POINT('Origin',(18.2493844107687,-174.985162511839,23.8));
#1842=CARTESIAN_POINT('',(18.249384410799,-174.98516251146,22.));
#1843=CARTESIAN_POINT('',(21.5583288429759,-171.67621807958,22.));
#1844=CARTESIAN_POINT('',(18.249384410799,-174.98516251146,23.8));
#1845=CARTESIAN_POINT('Ctrl Pts',(18.6706991615567,-169.563847759891,23.8));
#1846=CARTESIAN_POINT('Ctrl Pts',(18.6706991615567,-169.563847759891,21.82));
#1847=CARTESIAN_POINT('Ctrl Pts',(18.5345028144864,-171.370808127502,23.8));
#1848=CARTESIAN_POINT('Ctrl Pts',(18.5345028144864,-171.370808127502,21.82));
#1849=CARTESIAN_POINT('Ctrl Pts',(18.3940645851522,-173.177912921325,23.8));
#1850=CARTESIAN_POINT('Ctrl Pts',(18.3940645851522,-173.177912921325,21.82));
#1851=CARTESIAN_POINT('Ctrl Pts',(18.249384410799,-174.98516251146,23.8));
#1852=CARTESIAN_POINT('Ctrl Pts',(18.249384410799,-174.98516251146,21.82));
#1853=CARTESIAN_POINT('Ctrl Pts',(18.249384410799,-174.98516251146,22.));
#1854=CARTESIAN_POINT('Ctrl Pts',(18.3940645851522,-173.177912921325,22.));
#1855=CARTESIAN_POINT('Ctrl Pts',(18.5345028144864,-171.370808127502,22.));
#1856=CARTESIAN_POINT('Ctrl Pts',(18.6706991615567,-169.563847759891,22.));
#1857=CARTESIAN_POINT('Origin',(9.50000000000001,-198.734546922733,23.8));
#1858=CARTESIAN_POINT('',(16.8173967301637,-191.417150192318,22.));
#1859=CARTESIAN_POINT('',(9.50000000000001,-198.734546922733,22.));
#1860=CARTESIAN_POINT('',(20.9336366376326,-187.300910284707,22.));
#1861=CARTESIAN_POINT('',(16.8173967301637,-191.417150192318,23.8));
#1862=CARTESIAN_POINT('',(9.50000000000001,-198.734546922733,23.8));
#1863=CARTESIAN_POINT('Origin',(9.50000000000001,-206.84314532201,23.8));
#1864=CARTESIAN_POINT('',(9.50000000000001,-206.84314532201,22.));
#1865=CARTESIAN_POINT('',(9.50000000000001,-175.17157284727,22.));
#1866=CARTESIAN_POINT('',(9.50000000000001,-206.84314532201,23.8));
#1867=CARTESIAN_POINT('Origin',(15.9353334543463,-200.407811483087,23.8));
#1868=CARTESIAN_POINT('',(15.9353334543463,-200.407811483087,22.));
#1869=CARTESIAN_POINT('',(26.1784531064738,-190.164691218829,22.));
#1870=CARTESIAN_POINT('',(15.9353334543463,-200.407811483087,23.8));
#1871=CARTESIAN_POINT('Ctrl Pts',(16.8173967301637,-191.417150192318,23.8));
#1872=CARTESIAN_POINT('Ctrl Pts',(16.8173967301637,-191.417150192318,21.82));
#1873=CARTESIAN_POINT('Ctrl Pts',(16.5350263637532,-194.413635978303,23.8));
#1874=CARTESIAN_POINT('Ctrl Pts',(16.5350263637532,-194.413635978303,21.82));
#1875=CARTESIAN_POINT('Ctrl Pts',(16.2410053670223,-197.410522513735,23.8));
#1876=CARTESIAN_POINT('Ctrl Pts',(16.2410053670223,-197.410522513735,21.82));
#1877=CARTESIAN_POINT('Ctrl Pts',(15.9353334543463,-200.407811483087,23.8));
#1878=CARTESIAN_POINT('Ctrl Pts',(15.9353334543463,-200.407811483087,21.82));
#1879=CARTESIAN_POINT('Ctrl Pts',(15.9353334543463,-200.407811483087,22.));
#1880=CARTESIAN_POINT('Ctrl Pts',(16.2410053670223,-197.410522513735,22.));
#1881=CARTESIAN_POINT('Ctrl Pts',(16.5350263637532,-194.413635978303,22.));
#1882=CARTESIAN_POINT('Ctrl Pts',(16.8173967301637,-191.417150192318,22.));
#1883=CARTESIAN_POINT('Origin',(-9.50000000000001,-198.734546922733,23.8));
#1884=CARTESIAN_POINT('',(-9.50000000000001,-206.84314532201,22.));
#1885=CARTESIAN_POINT('',(-9.50000000000001,-198.734546922733,22.));
#1886=CARTESIAN_POINT('',(-9.50000000000001,-171.117273647631,22.));
#1887=CARTESIAN_POINT('',(-9.50000000000001,-206.84314532201,23.8));
#1888=CARTESIAN_POINT('',(-9.50000000000001,-198.734546922733,23.8));
#1889=CARTESIAN_POINT('Origin',(-16.8173967301637,-191.417150192318,23.8));
#1890=CARTESIAN_POINT('',(-16.8173967301637,-191.417150192318,22.));
#1891=CARTESIAN_POINT('',(-24.5923350027145,-183.642211919499,22.));
#1892=CARTESIAN_POINT('',(-16.8173967301637,-191.417150192318,23.8));
#1893=CARTESIAN_POINT('Ctrl Pts',(-15.9353334543463,-200.407811483087,23.8));
#1894=CARTESIAN_POINT('Ctrl Pts',(-15.9353334543463,-200.407811483087,21.82));
#1895=CARTESIAN_POINT('Ctrl Pts',(-16.2410053670224,-197.410522513735,23.8));
#1896=CARTESIAN_POINT('Ctrl Pts',(-16.2410053670224,-197.410522513735,21.82));
#1897=CARTESIAN_POINT('Ctrl Pts',(-16.5350263637532,-194.413635978303,23.8));
#1898=CARTESIAN_POINT('Ctrl Pts',(-16.5350263637532,-194.413635978303,21.82));
#1899=CARTESIAN_POINT('Ctrl Pts',(-16.8173967301637,-191.417150192318,23.8));
#1900=CARTESIAN_POINT('Ctrl Pts',(-16.8173967301637,-191.417150192318,21.82));
#1901=CARTESIAN_POINT('',(-15.9353334543463,-200.407811483087,22.));
#1902=CARTESIAN_POINT('Ctrl Pts',(-16.8173967301637,-191.417150192318,22.));
#1903=CARTESIAN_POINT('Ctrl Pts',(-16.5350263637532,-194.413635978303,22.));
#1904=CARTESIAN_POINT('Ctrl Pts',(-16.2410053670224,-197.410522513735,22.));
#1905=CARTESIAN_POINT('Ctrl Pts',(-15.9353334543463,-200.407811483087,22.));
#1906=CARTESIAN_POINT('',(-15.9353334543463,-200.407811483087,23.8));
#1907=CARTESIAN_POINT('Origin',(-9.50000000000001,-206.84314532201,23.8));
#1908=CARTESIAN_POINT('',(-22.9607863793007,-193.382358138291,22.));
#1909=CARTESIAN_POINT('Origin',(-3.50000000000002,-174.73454692284,23.8));
#1910=CARTESIAN_POINT('',(-3.50000000000002,-179.73454692284,22.));
#1911=CARTESIAN_POINT('',(-3.50000000000002,-174.73454692284,22.));
#1912=CARTESIAN_POINT('',(-3.50000000000002,-159.117273647685,22.));
#1913=CARTESIAN_POINT('',(-3.50000000000002,-179.73454692284,23.8));
#1914=CARTESIAN_POINT('',(-3.50000000000002,-174.73454692284,23.8));
#1915=CARTESIAN_POINT('Origin',(-19.4317605499163,-158.802778979191,23.8));
#1916=CARTESIAN_POINT('',(-19.4317605499163,-158.802778979191,22.));
#1917=CARTESIAN_POINT('',(-18.3995173186117,-159.835022689547,22.));
#1918=CARTESIAN_POINT('',(-19.4317605499163,-158.802778979191,23.8));
#1919=CARTESIAN_POINT('Ctrl Pts',(-19.06469221696,-164.169854705293,23.8));
#1920=CARTESIAN_POINT('Ctrl Pts',(-19.06469221696,-164.169854705293,21.82));
#1921=CARTESIAN_POINT('Ctrl Pts',(-19.1912083182179,-162.380688303503,23.8));
#1922=CARTESIAN_POINT('Ctrl Pts',(-19.1912083182179,-162.380688303503,21.82));
#1923=CARTESIAN_POINT('Ctrl Pts',(-19.3135644088872,-160.591663181283,23.8));
#1924=CARTESIAN_POINT('Ctrl Pts',(-19.3135644088872,-160.591663181283,21.82));
#1925=CARTESIAN_POINT('Ctrl Pts',(-19.4317605499163,-158.802778979191,23.8));
#1926=CARTESIAN_POINT('Ctrl Pts',(-19.4317605499163,-158.802778979191,21.82));
#1927=CARTESIAN_POINT('',(-19.06469221696,-164.169854705293,22.));
#1928=CARTESIAN_POINT('Ctrl Pts',(-19.4317605499163,-158.802778979191,22.));
#1929=CARTESIAN_POINT('Ctrl Pts',(-19.3135644088872,-160.591663181283,22.));
#1930=CARTESIAN_POINT('Ctrl Pts',(-19.1912083182179,-162.380688303503,22.));
#1931=CARTESIAN_POINT('Ctrl Pts',(-19.06469221696,-164.169854705293,22.));
#1932=CARTESIAN_POINT('',(-19.06469221696,-164.169854705293,23.8));
#1933=CARTESIAN_POINT('Origin',(-3.50000000000002,-179.73454692284,23.8));
#1934=CARTESIAN_POINT('',(-11.6836366376108,-171.550910284921,22.));
#1935=CARTESIAN_POINT('Origin',(3.50000000000001,-174.73454692284,23.8));
#1936=CARTESIAN_POINT('',(19.4317605499163,-158.802778979191,22.));
#1937=CARTESIAN_POINT('',(3.50000000000001,-174.73454692284,22.));
#1938=CARTESIAN_POINT('',(10.4336370436536,-167.800906661371,22.));
#1939=CARTESIAN_POINT('',(19.4317605499163,-158.802778979191,23.8));
#1940=CARTESIAN_POINT('',(3.50000000000001,-174.73454692284,23.8));
#1941=CARTESIAN_POINT('Origin',(3.50000000000001,-179.73454692284,23.8));
#1942=CARTESIAN_POINT('',(3.50000000000001,-179.73454692284,22.));
#1943=CARTESIAN_POINT('',(3.50000000000001,-161.617273647685,22.));
#1944=CARTESIAN_POINT('',(3.50000000000001,-179.73454692284,23.8));
#1945=CARTESIAN_POINT('Origin',(19.0646922169332,-164.169854705672,23.8));
#1946=CARTESIAN_POINT('',(19.06469221696,-164.169854705293,22.));
#1947=CARTESIAN_POINT('',(19.4659827460576,-163.768564176542,22.));
#1948=CARTESIAN_POINT('',(19.06469221696,-164.169854705293,23.8));
#1949=CARTESIAN_POINT('Ctrl Pts',(19.4317605499163,-158.802778979191,23.8));
#1950=CARTESIAN_POINT('Ctrl Pts',(19.4317605499163,-158.802778979191,21.82));
#1951=CARTESIAN_POINT('Ctrl Pts',(19.3135644088872,-160.591663181283,23.8));
#1952=CARTESIAN_POINT('Ctrl Pts',(19.3135644088872,-160.591663181283,21.82));
#1953=CARTESIAN_POINT('Ctrl Pts',(19.1912083182179,-162.380688303503,23.8));
#1954=CARTESIAN_POINT('Ctrl Pts',(19.1912083182179,-162.380688303503,21.82));
#1955=CARTESIAN_POINT('Ctrl Pts',(19.06469221696,-164.169854705293,23.8));
#1956=CARTESIAN_POINT('Ctrl Pts',(19.06469221696,-164.169854705293,21.82));
#1957=CARTESIAN_POINT('Ctrl Pts',(19.06469221696,-164.169854705293,22.));
#1958=CARTESIAN_POINT('Ctrl Pts',(19.1912083182179,-162.380688303503,22.));
#1959=CARTESIAN_POINT('Ctrl Pts',(19.3135644088872,-160.591663181283,22.));
#1960=CARTESIAN_POINT('Ctrl Pts',(19.4317605499163,-158.802778979191,22.));
#1961=CARTESIAN_POINT('Origin',(-3.50000000000001,-210.,22.));
#1962=CARTESIAN_POINT('',(-3.50000000000001,-210.,22.));
#1963=CARTESIAN_POINT('',(3.50000000000001,-210.,22.));
#1964=CARTESIAN_POINT('',(3.50000000000001,-210.,22.));
#1965=CARTESIAN_POINT('',(3.50000000000001,-210.,22.));
#1966=CARTESIAN_POINT('',(-3.50000000000001,-210.,22.));
#1967=CARTESIAN_POINT('Origin',(-3.50000000000001,-222.,22.));
#1968=CARTESIAN_POINT('',(-3.50000000000001,-222.,22.));
#1969=CARTESIAN_POINT('',(-3.50000000000001,-222.,22.));
#1970=CARTESIAN_POINT('',(-3.50000000000001,-222.,22.));
#1971=CARTESIAN_POINT('Origin',(3.49999999999999,-222.,22.));
#1972=CARTESIAN_POINT('',(3.50000000000001,-222.,22.));
#1973=CARTESIAN_POINT('',(-1.42195451518871E-14,-222.,22.));
#1974=CARTESIAN_POINT('',(3.50000000000001,-222.,22.));
#1975=CARTESIAN_POINT('Origin',(3.50000000000001,-210.,22.));
#1976=CARTESIAN_POINT('',(3.50000000000001,-222.,22.));
#1977=CARTESIAN_POINT('Origin',(-3.50000000000001,-77.0000007450581,22.));
#1978=CARTESIAN_POINT('',(-3.50000000000001,-77.0000007450581,22.));
#1979=CARTESIAN_POINT('',(-3.5,-65.0000007450581,22.));
#1980=CARTESIAN_POINT('',(-3.5,-65.0000007450581,22.));
#1981=CARTESIAN_POINT('',(-3.5,-65.0000007450581,22.));
#1982=CARTESIAN_POINT('',(-3.50000000000001,-77.0000007450581,22.));
#1983=CARTESIAN_POINT('Origin',(3.5,-77.0000007450581,22.));
#1984=CARTESIAN_POINT('',(3.5,-77.0000007450581,22.));
#1985=CARTESIAN_POINT('',(-3.50000000000001,-77.0000007450581,22.));
#1986=CARTESIAN_POINT('',(3.5,-77.0000007450581,22.));
#1987=CARTESIAN_POINT('Origin',(3.5,-65.0000007450581,22.));
#1988=CARTESIAN_POINT('',(3.5,-65.0000007450581,22.));
#1989=CARTESIAN_POINT('',(3.5,-65.0000007450581,22.));
#1990=CARTESIAN_POINT('',(3.5,-65.0000007450581,22.));
#1991=CARTESIAN_POINT('Origin',(-3.5,-65.0000007450581,22.));
#1992=CARTESIAN_POINT('',(-4.9824643235683E-15,-65.0000007450581,22.));
#1993=CARTESIAN_POINT('Ctrl Pts',(-27.9479084470387,-80.1194820674032,22.));
#1994=CARTESIAN_POINT('Ctrl Pts',(-27.9479084470387,-80.1194820674032,23.8));
#1995=CARTESIAN_POINT('Ctrl Pts',(-28.0371861982068,-121.057060860194,22.));
#1996=CARTESIAN_POINT('Ctrl Pts',(-28.0371861982068,-121.057060860194,23.8));
#1997=CARTESIAN_POINT('Ctrl Pts',(-25.9497332235152,-162.064575077788,22.));
#1998=CARTESIAN_POINT('Ctrl Pts',(-25.9497332235152,-162.064575077788,23.8));
#1999=CARTESIAN_POINT('Ctrl Pts',(-21.6855912075748,-203.142835014002,22.));
#2000=CARTESIAN_POINT('Ctrl Pts',(-21.6855912075748,-203.142835014002,23.8));
#2001=CARTESIAN_POINT('Ctrl Pts',(-21.601747514448,-203.950536307111,22.));
#2002=CARTESIAN_POINT('Ctrl Pts',(-21.601747514448,-203.950536307111,23.8));
#2003=CARTESIAN_POINT('Ctrl Pts',(-21.5179038213211,-204.758237600221,22.));
#2004=CARTESIAN_POINT('Ctrl Pts',(-21.5179038213211,-204.758237600221,23.8));
#2005=CARTESIAN_POINT('Ctrl Pts',(-21.4340601281942,-205.565938893331,22.));
#2006=CARTESIAN_POINT('Ctrl Pts',(-21.4340601281942,-205.565938893331,23.8));
#2007=CARTESIAN_POINT('Ctrl Pts',(-21.3248555080806,-206.617952582014,22.));
#2008=CARTESIAN_POINT('Ctrl Pts',(-21.3248555080806,-206.617952582014,23.8));
#2009=CARTESIAN_POINT('Ctrl Pts',(-21.2156508879671,-207.669966270698,22.));
#2010=CARTESIAN_POINT('Ctrl Pts',(-21.2156508879671,-207.669966270698,23.8));
#2011=CARTESIAN_POINT('Ctrl Pts',(-21.1064462678535,-208.721979959382,22.));
#2012=CARTESIAN_POINT('Ctrl Pts',(-21.1064462678535,-208.721979959382,23.8));
#2013=CARTESIAN_POINT('',(-27.9479084470387,-80.1194820674032,22.));
#2014=CARTESIAN_POINT('',(-27.9479084470387,-80.1194820674032,22.));
#2015=CARTESIAN_POINT('Ctrl Pts',(-21.1064462678535,-208.721979959382,22.));
#2016=CARTESIAN_POINT('Ctrl Pts',(-21.2156508879671,-207.669966270698,22.));
#2017=CARTESIAN_POINT('Ctrl Pts',(-21.3248555080806,-206.617952582014,22.));
#2018=CARTESIAN_POINT('Ctrl Pts',(-21.4340601281942,-205.565938893331,22.));
#2019=CARTESIAN_POINT('Ctrl Pts',(-21.5179038213211,-204.758237600221,22.));
#2020=CARTESIAN_POINT('Ctrl Pts',(-21.601747514448,-203.950536307111,22.));
#2021=CARTESIAN_POINT('Ctrl Pts',(-21.6855912075748,-203.142835014002,22.));
#2022=CARTESIAN_POINT('Ctrl Pts',(-25.9497332235152,-162.064575077788,22.));
#2023=CARTESIAN_POINT('Ctrl Pts',(-28.0371861982068,-121.057060860194,22.));
#2024=CARTESIAN_POINT('Ctrl Pts',(-27.9479084470387,-80.1194820674032,22.));
#2025=CARTESIAN_POINT('Origin',(-10.8284271247462,-63.0000007450581,22.));
#2026=CARTESIAN_POINT('',(-10.8284271247462,-63.0000007450581,22.));
#2027=CARTESIAN_POINT('',(-10.8284271247462,-63.0000007450581,22.));
#2028=CARTESIAN_POINT('',(-10.8284271247462,-63.0000007450581,22.));
#2029=CARTESIAN_POINT('Origin',(10.8284271247462,-63.0000007450581,22.));
#2030=CARTESIAN_POINT('',(10.8284271247462,-63.0000007450581,22.));
#2031=CARTESIAN_POINT('',(10.8284271247462,-63.0000007450581,22.));
#2032=CARTESIAN_POINT('',(0.,-63.0000007450581,22.));
#2033=CARTESIAN_POINT('Origin',(27.9479084470387,-80.1194820674032,22.));
#2034=CARTESIAN_POINT('',(10.8284271247462,-63.0000007450581,22.));
#2035=CARTESIAN_POINT('Origin',(-4.44089209850063E-15,-143.500000372529,
22.));
#2036=UNCERTAINTY_MEASURE_WITH_UNIT(LENGTH_MEASURE(0.01),#2040,
'DISTANCE_ACCURACY_VALUE',
'Maximum model space distance between geometric entities at asserted c
onnectivities');
#2037=UNCERTAINTY_MEASURE_WITH_UNIT(LENGTH_MEASURE(0.01),#2040,
'DISTANCE_ACCURACY_VALUE',
'Maximum model space distance between geometric entities at asserted c
onnectivities');
#2038=(
GEOMETRIC_REPRESENTATION_CONTEXT(3)
GLOBAL_UNCERTAINTY_ASSIGNED_CONTEXT((#2036))
GLOBAL_UNIT_ASSIGNED_CONTEXT((#2040,#2042,#2043))
REPRESENTATION_CONTEXT('','3D')
);
#2039=(
GEOMETRIC_REPRESENTATION_CONTEXT(3)
GLOBAL_UNCERTAINTY_ASSIGNED_CONTEXT((#2037))
GLOBAL_UNIT_ASSIGNED_CONTEXT((#2040,#2042,#2043))
REPRESENTATION_CONTEXT('','3D')
);
#2040=(
LENGTH_UNIT()
NAMED_UNIT(*)
SI_UNIT(.MILLI.,.METRE.)
);
#2041=(
LENGTH_UNIT()
NAMED_UNIT(*)
SI_UNIT($,.METRE.)
);
#2042=(
NAMED_UNIT(*)
PLANE_ANGLE_UNIT()
SI_UNIT($,.RADIAN.)
);
#2043=(
NAMED_UNIT(*)
SI_UNIT($,.STERADIAN.)
SOLID_ANGLE_UNIT()
);
#2044=SHAPE_DEFINITION_REPRESENTATION(#2045,#2046);
#2045=PRODUCT_DEFINITION_SHAPE('',$,#2048);
#2046=SHAPE_REPRESENTATION('',(#1178),#2038);
#2047=PRODUCT_DEFINITION_CONTEXT('part definition',#2052,'design');
#2048=PRODUCT_DEFINITION('Canopy F','Canopy F',#2049,#2047);
#2049=PRODUCT_DEFINITION_FORMATION('',$,#2054);
#2050=PRODUCT_RELATED_PRODUCT_CATEGORY('Canopy F','Canopy F',(#2054));
#2051=APPLICATION_PROTOCOL_DEFINITION('international standard',
'automotive_design',2009,#2052);
#2052=APPLICATION_CONTEXT(
'Core Data for Automotive Mechanical Design Process');
#2053=PRODUCT_CONTEXT('part definition',#2052,'mechanical');
#2054=PRODUCT('Canopy F','Canopy F',$,(#2053));
#2055=PRESENTATION_STYLE_ASSIGNMENT((#2057));
#2056=PRESENTATION_STYLE_ASSIGNMENT((#2058));
#2057=SURFACE_STYLE_USAGE(.BOTH.,#2059);
#2058=SURFACE_STYLE_USAGE(.BOTH.,#2060);
#2059=SURFACE_SIDE_STYLE('',(#2061));
#2060=SURFACE_SIDE_STYLE('',(#2062));
#2061=SURFACE_STYLE_FILL_AREA(#2063);
#2062=SURFACE_STYLE_FILL_AREA(#2064);
#2063=FILL_AREA_STYLE('Steel - Satin',(#2065));
#2064=FILL_AREA_STYLE('Paint - Enamel Glossy (Black)',(#2066));
#2065=FILL_AREA_STYLE_COLOUR('Steel - Satin',#2067);
#2066=FILL_AREA_STYLE_COLOUR('Paint - Enamel Glossy (Black)',#2068);
#2067=COLOUR_RGB('Steel - Satin',0.627450980392157,0.627450980392157,0.627450980392157);
#2068=COLOUR_RGB('Paint - Enamel Glossy (Black)',0.0980392156862745,0.0980392156862745,
0.0980392156862745);
ENDSEC;
END-ISO-10303-21;
