ISO-10303-21;
HEADER;
/* Generated by software containing ST-Developer
 * from STEP Tools, Inc. (www.steptools.com) 
 */

FILE_DESCRIPTION(
/* description */ (''),
/* implementation_level */ '2;1');

FILE_NAME(
/* name */ 'Fuselage 4.step',
/* time_stamp */ '2025-08-21T21:42:57+02:00',
/* author */ (''),
/* organization */ (''),
/* preprocessor_version */ 'ST-DEVELOPER v20.1',
/* originating_system */ 'Autodesk Translation Framework v14.10.0.0',
/* authorisation */ '');

FILE_SCHEMA (('AUTOMOTIVE_DESIGN { 1 0 10303 214 3 1 1 }'));
ENDSEC;

DATA;
#10=MECHANICAL_DESIGN_GEOMETRIC_PRESENTATION_REPRESENTATION('',(#13),#11357);
#11=SHAPE_REPRESENTATION_RELATIONSHIP('SRR','None',#11364,#12);
#12=ADVANCED_BREP_SHAPE_REPRESENTATION('',(#14),#11356);
#13=STYLED_ITEM('',(#11374),#14);
#14=MANIFOLD_SOLID_BREP('Fuselage 4',#4144);
#15=CYLINDRICAL_SURFACE('',#4189,5.00000007450581);
#16=CYLINDRICAL_SURFACE('',#4192,5.00000007450581);
#17=CYLINDRICAL_SURFACE('',#4195,5.00000007450581);
#18=CYLINDRICAL_SURFACE('',#4198,5.00000007450581);
#19=CYLINDRICAL_SURFACE('',#4222,3.);
#20=CYLINDRICAL_SURFACE('',#4225,3.);
#21=CYLINDRICAL_SURFACE('',#4228,3.);
#22=CYLINDRICAL_SURFACE('',#4231,3.);
#23=CYLINDRICAL_SURFACE('',#4253,3.175);
#24=CYLINDRICAL_SURFACE('',#4254,3.175);
#25=CYLINDRICAL_SURFACE('',#4259,3.175);
#26=CYLINDRICAL_SURFACE('',#4260,3.175);
#27=CYLINDRICAL_SURFACE('',#4269,1.6);
#28=CYLINDRICAL_SURFACE('',#4271,1.6);
#29=CYLINDRICAL_SURFACE('',#4273,1.6);
#30=CYLINDRICAL_SURFACE('',#4275,1.6);
#31=CIRCLE('',#4184,3.175);
#32=CIRCLE('',#4185,3.175);
#33=CIRCLE('',#4187,3.175);
#34=CIRCLE('',#4188,3.175);
#35=CIRCLE('',#4190,5.00000007450581);
#36=CIRCLE('',#4191,5.00000007450581);
#37=CIRCLE('',#4193,5.00000007450581);
#38=CIRCLE('',#4194,5.00000007450581);
#39=CIRCLE('',#4196,5.00000007450581);
#40=CIRCLE('',#4197,5.00000007450581);
#41=CIRCLE('',#4199,5.00000007450581);
#42=CIRCLE('',#4200,5.00000007450581);
#43=CIRCLE('',#4223,3.);
#44=CIRCLE('',#4226,3.);
#45=CIRCLE('',#4229,3.);
#46=CIRCLE('',#4232,3.);
#47=CIRCLE('',#4270,1.6);
#48=CIRCLE('',#4272,1.6);
#49=CIRCLE('',#4274,1.6);
#50=CIRCLE('',#4276,1.6);
#51=FACE_BOUND('',#410,.T.);
#52=FACE_BOUND('',#434,.T.);
#53=FACE_BOUND('',#435,.T.);
#54=FACE_BOUND('',#436,.T.);
#55=FACE_BOUND('',#437,.T.);
#56=FACE_BOUND('',#438,.T.);
#57=FACE_BOUND('',#441,.T.);
#58=FACE_BOUND('',#444,.T.);
#59=FACE_BOUND('',#446,.T.);
#60=FACE_BOUND('',#450,.T.);
#61=FACE_BOUND('',#451,.T.);
#62=FACE_BOUND('',#452,.T.);
#63=FACE_BOUND('',#453,.T.);
#64=FACE_BOUND('',#454,.T.);
#65=FACE_BOUND('',#464,.T.);
#66=FACE_BOUND('',#465,.T.);
#67=FACE_BOUND('',#466,.T.);
#68=FACE_BOUND('',#467,.T.);
#69=FACE_BOUND('',#469,.T.);
#70=FACE_BOUND('',#470,.T.);
#71=FACE_BOUND('',#471,.T.);
#72=FACE_BOUND('',#472,.T.);
#73=FACE_BOUND('',#474,.T.);
#74=FACE_BOUND('',#475,.T.);
#75=FACE_BOUND('',#476,.T.);
#76=FACE_BOUND('',#477,.T.);
#77=FACE_BOUND('',#480,.T.);
#78=FACE_BOUND('',#481,.T.);
#79=FACE_BOUND('',#482,.T.);
#80=FACE_BOUND('',#483,.T.);
#81=FACE_BOUND('',#484,.T.);
#82=FACE_BOUND('',#505,.T.);
#83=FACE_BOUND('',#506,.T.);
#84=FACE_BOUND('',#507,.T.);
#85=FACE_BOUND('',#508,.T.);
#86=FACE_BOUND('',#509,.T.);
#87=FACE_BOUND('',#513,.T.);
#88=FACE_BOUND('',#516,.T.);
#89=FACE_BOUND('',#612,.T.);
#90=FACE_BOUND('',#613,.T.);
#91=FACE_BOUND('',#614,.T.);
#92=FACE_BOUND('',#615,.T.);
#93=FACE_BOUND('',#640,.T.);
#94=B_SPLINE_SURFACE_WITH_KNOTS('',3,1,((#4838,#4839),(#4840,#4841),(#4842,
#4843),(#4844,#4845),(#4846,#4847),(#4848,#4849),(#4850,#4851),(#4852,#4853),
(#4854,#4855),(#4856,#4857),(#4858,#4859),(#4860,#4861),(#4862,#4863),(#4864,
#4865),(#4866,#4867),(#4868,#4869),(#4870,#4871),(#4872,#4873),(#4874,#4875),
(#4876,#4877)),.UNSPECIFIED.,.F.,.F.,.F.,(4,2,2,2,2,2,2,2,2,4),(2,2),(0.,
0.02254618607101,0.0347819562694849,0.0410076750665427,0.0458747155742196,
0.0511733330234108,0.0565997835134378,0.0644139262893398,0.077816132577402,
0.0944311940810393),(0.,0.12),.UNSPECIFIED.);
#95=B_SPLINE_SURFACE_WITH_KNOTS('',3,3,((#4958,#4959,#4960,#4961),(#4962,
#4963,#4964,#4965),(#4966,#4967,#4968,#4969),(#4970,#4971,#4972,#4973)),
 .UNSPECIFIED.,.F.,.F.,.F.,(4,4),(4,4),(0.388324562439598,0.47926787237489),
(0.523361937140487,0.5429789869149),.UNSPECIFIED.);
#96=B_SPLINE_SURFACE_WITH_KNOTS('',3,1,((#5013,#5014),(#5015,#5016),(#5017,
#5018),(#5019,#5020),(#5021,#5022),(#5023,#5024),(#5025,#5026),(#5027,#5028),
(#5029,#5030),(#5031,#5032),(#5033,#5034),(#5035,#5036),(#5037,#5038),(#5039,
#5040),(#5041,#5042),(#5043,#5044),(#5045,#5046),(#5047,#5048),(#5049,#5050),
(#5051,#5052)),.UNSPECIFIED.,.F.,.F.,.F.,(4,2,2,2,2,2,2,2,2,4),(2,2),(0.,
0.0218051735609209,0.0375505246036135,0.0447046591454155,0.0492391571248191,
0.054170692845148,0.0590323373577274,0.065449422528353,0.0774144064708824,
0.0944337689696811),(0.,0.12),.UNSPECIFIED.);
#97=B_SPLINE_SURFACE_WITH_KNOTS('',3,3,((#5109,#5110,#5111,#5112),(#5113,
#5114,#5115,#5116),(#5117,#5118,#5119,#5120),(#5121,#5122,#5123,#5124)),
 .UNSPECIFIED.,.F.,.F.,.F.,(4,4),(4,4),(0.388326666779736,0.47926787237489),
(0.523361937140487,0.5429789869149),.UNSPECIFIED.);
#98=B_SPLINE_SURFACE_WITH_KNOTS('',3,1,((#5125,#5126),(#5127,#5128),(#5129,
#5130),(#5131,#5132),(#5133,#5134),(#5135,#5136),(#5137,#5138),(#5139,#5140),
(#5141,#5142),(#5143,#5144),(#5145,#5146),(#5147,#5148),(#5149,#5150),(#5151,
#5152),(#5153,#5154),(#5155,#5156),(#5157,#5158),(#5159,#5160),(#5161,#5162),
(#5163,#5164),(#5165,#5166),(#5167,#5168),(#5169,#5170),(#5171,#5172),(#5173,
#5174),(#5175,#5176),(#5177,#5178)),.UNSPECIFIED.,.F.,.F.,.F.,(4,2,2,2,
2,2,2,2,2,2,2,3,4),(2,2),(-0.279222773177003,-0.241100676026507,-0.201899594212014,
-0.165754428155877,-0.138749233135693,-0.126545329536226,-0.118850960316541,
-0.110519688201556,-0.0994034747135714,-0.0760858070313477,-0.0361992074790182,
0.,0.0357268130082041),(0.,0.15),.UNSPECIFIED.);
#99=B_SPLINE_SURFACE_WITH_KNOTS('',3,1,((#5271,#5272),(#5273,#5274),(#5275,
#5276),(#5277,#5278),(#5279,#5280),(#5281,#5282),(#5283,#5284),(#5285,#5286)),
 .UNSPECIFIED.,.F.,.F.,.F.,(4,2,2,4),(2,2),(0.,0.173492409157169,0.285419021181389,
0.393370167016508),(0.,0.15),.UNSPECIFIED.);
#100=B_SPLINE_SURFACE_WITH_KNOTS('',3,1,((#5322,#5323),(#5324,#5325),(#5326,
#5327),(#5328,#5329),(#5330,#5331),(#5332,#5333),(#5334,#5335),(#5336,#5337),
(#5338,#5339),(#5340,#5341),(#5342,#5343),(#5344,#5345),(#5346,#5347),(#5348,
#5349),(#5350,#5351),(#5352,#5353),(#5354,#5355),(#5356,#5357),(#5358,#5359),
(#5360,#5361),(#5362,#5363),(#5364,#5365),(#5366,#5367),(#5368,#5369),(#5370,
#5371),(#5372,#5373),(#5374,#5375),(#5376,#5377),(#5378,#5379)),
 .UNSPECIFIED.,.F.,.F.,.F.,(4,2,2,2,2,2,2,2,2,2,2,3,2,4),(2,2),(-0.271195215399691,
-0.242390074901047,-0.210741125401167,-0.197532716828294,-0.188768905604491,
-0.180484918448194,-0.169554946760874,-0.147029560587341,-0.107127145193482,
-0.0727069538188045,-0.0357733494691174,0.,0.0393095603451476,0.0437439588232993),
(0.,0.15),.UNSPECIFIED.);
#101=B_SPLINE_SURFACE_WITH_KNOTS('',3,1,((#5475,#5476),(#5477,#5478),(#5479,
#5480),(#5481,#5482),(#5483,#5484),(#5485,#5486),(#5487,#5488),(#5489,#5490)),
 .UNSPECIFIED.,.F.,.F.,.F.,(4,2,2,4),(2,2),(0.,0.257179185674539,0.395512006152316,
0.550786659534681),(0.,0.15),.UNSPECIFIED.);
#102=B_SPLINE_SURFACE_WITH_KNOTS('',3,3,((#5514,#5515,#5516,#5517),(#5518,
#5519,#5520,#5521),(#5522,#5523,#5524,#5525),(#5526,#5527,#5528,#5529)),
 .UNSPECIFIED.,.F.,.F.,.F.,(4,4),(4,4),(0.00391577302166742,0.529195605828661),
(0.472369650097752,0.489040899785613),.UNSPECIFIED.);
#103=B_SPLINE_SURFACE_WITH_KNOTS('',3,3,((#5536,#5537,#5538,#5539),(#5540,
#5541,#5542,#5543),(#5544,#5545,#5546,#5547),(#5548,#5549,#5550,#5551)),
 .UNSPECIFIED.,.F.,.F.,.F.,(4,4),(4,4),(0.,1.),(0.472369650097752,1.),
 .UNSPECIFIED.);
#104=B_SPLINE_SURFACE_WITH_KNOTS('',3,1,((#5696,#5697),(#5698,#5699),(#5700,
#5701),(#5702,#5703),(#5704,#5705),(#5706,#5707),(#5708,#5709),(#5710,#5711),
(#5712,#5713),(#5714,#5715),(#5716,#5717),(#5718,#5719),(#5720,#5721),(#5722,
#5723),(#5724,#5725),(#5726,#5727),(#5728,#5729),(#5730,#5731),(#5732,#5733),
(#5734,#5735),(#5736,#5737),(#5738,#5739),(#5740,#5741),(#5742,#5743),(#5744,
#5745),(#5746,#5747),(#5748,#5749),(#5750,#5751)),.UNSPECIFIED.,.F.,.F.,
 .F.,(4,2,2,2,2,2,2,2,2,2,2,2,2,4),(2,2),(0.02217576430101,0.0328388248975948,
0.0683381987524848,0.106348471293062,0.145971020319868,0.184492352398661,
0.223591162099273,0.23994235053559,0.249457517829086,0.256787702650927,
0.266157627363799,0.281903258559647,0.321786211453675,0.337161036262876),
(0.,0.15),.UNSPECIFIED.);
#105=B_SPLINE_SURFACE_WITH_KNOTS('',3,1,((#5847,#5848),(#5849,#5850),(#5851,
#5852),(#5853,#5854),(#5855,#5856),(#5857,#5858),(#5859,#5860),(#5861,#5862)),
 .UNSPECIFIED.,.F.,.F.,.F.,(4,2,2,4),(2,2),(0.,0.183697415617467,0.282502038131445,
0.393421358529539),(0.,0.15),.UNSPECIFIED.);
#106=B_SPLINE_SURFACE_WITH_KNOTS('',3,1,((#5898,#5899),(#5900,#5901),(#5902,
#5903),(#5904,#5905),(#5906,#5907),(#5908,#5909),(#5910,#5911),(#5912,#5913),
(#5914,#5915),(#5916,#5917),(#5918,#5919),(#5920,#5921),(#5922,#5923),(#5924,
#5925),(#5926,#5927),(#5928,#5929),(#5930,#5931),(#5932,#5933),(#5934,#5935),
(#5936,#5937),(#5938,#5939),(#5940,#5941),(#5942,#5943),(#5944,#5945),(#5946,
#5947),(#5948,#5949)),.UNSPECIFIED.,.F.,.F.,.F.,(4,2,2,2,2,2,2,2,2,2,2,
2,4),(2,2),(0.0381632404021572,0.0772363729754885,0.116114226159944,0.153490820544803,
0.17463469116845,0.185275713759213,0.193528722973439,0.202443667317238,
0.216238358568369,0.253621734612096,0.286504096637588,0.322039995346862,
0.353119004671209),(0.,0.15),.UNSPECIFIED.);
#107=B_SPLINE_SURFACE_WITH_KNOTS('',3,1,((#6027,#6028),(#6029,#6030),(#6031,
#6032),(#6033,#6034),(#6035,#6036),(#6037,#6038),(#6039,#6040),(#6041,#6042)),
 .UNSPECIFIED.,.F.,.F.,.F.,(4,2,2,4),(2,2),(0.,0.24292329704513,0.39960550101683,
0.550715099029672),(0.,0.15),.UNSPECIFIED.);
#108=B_SPLINE_SURFACE_WITH_KNOTS('',3,3,((#6066,#6067,#6068,#6069),(#6070,
#6071,#6072,#6073),(#6074,#6075,#6076,#6077),(#6078,#6079,#6080,#6081)),
 .UNSPECIFIED.,.F.,.F.,.F.,(4,4),(4,4),(0.00391558775619481,0.529198162410114),
(0.472369650097752,0.489052788973198),.UNSPECIFIED.);
#109=B_SPLINE_SURFACE_WITH_KNOTS('',3,3,((#6185,#6186,#6187,#6188),(#6189,
#6190,#6191,#6192),(#6193,#6194,#6195,#6196),(#6197,#6198,#6199,#6200),
(#6201,#6202,#6203,#6204),(#6205,#6206,#6207,#6208),(#6209,#6210,#6211,
#6212),(#6213,#6214,#6215,#6216),(#6217,#6218,#6219,#6220),(#6221,#6222,
#6223,#6224),(#6225,#6226,#6227,#6228),(#6229,#6230,#6231,#6232),(#6233,
#6234,#6235,#6236),(#6237,#6238,#6239,#6240),(#6241,#6242,#6243,#6244),
(#6245,#6246,#6247,#6248),(#6249,#6250,#6251,#6252),(#6253,#6254,#6255,
#6256),(#6257,#6258,#6259,#6260),(#6261,#6262,#6263,#6264),(#6265,#6266,
#6267,#6268),(#6269,#6270,#6271,#6272),(#6273,#6274,#6275,#6276),(#6277,
#6278,#6279,#6280),(#6281,#6282,#6283,#6284),(#6285,#6286,#6287,#6288),
(#6289,#6290,#6291,#6292),(#6293,#6294,#6295,#6296),(#6297,#6298,#6299,
#6300)),.UNSPECIFIED.,.F.,.F.,.F.,(4,1,1,1,1,1,1,1,1,1,1,1,1,1,1,1,1,1,
1,1,1,1,1,1,1,1,4),(4,4),(0.0633609315715914,0.0799626082941691,0.0965642850167467,
0.129767638461902,0.162970991907057,0.179572668629635,0.196174345352213,
0.21277602207479,0.229377698797368,0.262581052242523,0.295784405687679,
0.328987759132834,0.362191112577989,0.395394466023145,0.461801172913455,
0.528207879803766,0.536508718165055,0.561411233248921,0.594614586694076,
0.661021293584387,0.727428000474698,0.793834707365008,0.827038060810164,
0.860241414255319,0.893444767700474,0.926648121145629,0.99305482803594),
(0.132197494591255,0.390909093522249),.UNSPECIFIED.);
#110=B_SPLINE_SURFACE_WITH_KNOTS('',3,3,((#6562,#6563,#6564,#6565),(#6566,
#6567,#6568,#6569),(#6570,#6571,#6572,#6573),(#6574,#6575,#6576,#6577),
(#6578,#6579,#6580,#6581),(#6582,#6583,#6584,#6585),(#6586,#6587,#6588,
#6589),(#6590,#6591,#6592,#6593),(#6594,#6595,#6596,#6597),(#6598,#6599,
#6600,#6601),(#6602,#6603,#6604,#6605),(#6606,#6607,#6608,#6609),(#6610,
#6611,#6612,#6613),(#6614,#6615,#6616,#6617),(#6618,#6619,#6620,#6621),
(#6622,#6623,#6624,#6625),(#6626,#6627,#6628,#6629),(#6630,#6631,#6632,
#6633),(#6634,#6635,#6636,#6637),(#6638,#6639,#6640,#6641),(#6642,#6643,
#6644,#6645),(#6646,#6647,#6648,#6649),(#6650,#6651,#6652,#6653),(#6654,
#6655,#6656,#6657),(#6658,#6659,#6660,#6661),(#6662,#6663,#6664,#6665),
(#6666,#6667,#6668,#6669),(#6670,#6671,#6672,#6673),(#6674,#6675,#6676,
#6677)),.UNSPECIFIED.,.F.,.F.,.F.,(4,1,1,1,1,1,1,1,1,1,1,1,1,1,1,1,1,1,
1,1,1,1,1,1,1,1,4),(4,4),(0.00686546505983139,0.0729407229664385,0.105978351919742,
0.139015980873046,0.172053609826349,0.205091238779653,0.27116649668626,
0.337241754592867,0.403317012499474,0.469392270406081,0.502429899359385,
0.518948713836037,0.535467528312689,0.601542786219296,0.634580415172599,
0.667618044125903,0.700655673079206,0.73369330203251,0.766730930985813,
0.783249745462465,0.799768559939117,0.816287374415769,0.832806188892421,
0.865843817845724,0.898881446799028,0.91540026127568,0.931919075752331),
(0.132197494586227,0.390909090982891),.UNSPECIFIED.);
#111=B_SPLINE_SURFACE_WITH_KNOTS('',3,3,((#6752,#6753,#6754,#6755),(#6756,
#6757,#6758,#6759),(#6760,#6761,#6762,#6763),(#6764,#6765,#6766,#6767)),
 .UNSPECIFIED.,.F.,.F.,.F.,(4,4),(4,4),(0.,1.),(0.472369650097752,1.),
 .UNSPECIFIED.);
#112=B_SPLINE_SURFACE_WITH_KNOTS('',3,3,((#6801,#6802,#6803,#6804),(#6805,
#6806,#6807,#6808),(#6809,#6810,#6811,#6812),(#6813,#6814,#6815,#6816)),
 .UNSPECIFIED.,.F.,.F.,.F.,(4,4),(4,4),(0.,1.),(0.472369776899647,1.),
 .UNSPECIFIED.);
#113=B_SPLINE_SURFACE_WITH_KNOTS('',3,3,((#6832,#6833,#6834,#6835),(#6836,
#6837,#6838,#6839),(#6840,#6841,#6842,#6843),(#6844,#6845,#6846,#6847)),
 .UNSPECIFIED.,.F.,.F.,.F.,(4,4),(4,4),(0.,1.),(0.472369776899647,1.),
 .UNSPECIFIED.);
#114=B_SPLINE_SURFACE_WITH_KNOTS('',3,3,((#7014,#7015,#7016,#7017),(#7018,
#7019,#7020,#7021),(#7022,#7023,#7024,#7025),(#7026,#7027,#7028,#7029)),
 .UNSPECIFIED.,.F.,.F.,.F.,(4,4),(4,4),(0.,1.),(0.472369776899647,1.),
 .UNSPECIFIED.);
#115=B_SPLINE_SURFACE_WITH_KNOTS('',3,3,((#7195,#7196,#7197,#7198),(#7199,
#7200,#7201,#7202),(#7203,#7204,#7205,#7206),(#7207,#7208,#7209,#7210)),
 .UNSPECIFIED.,.F.,.F.,.F.,(4,4),(4,4),(0.,1.),(0.472369776899647,1.),
 .UNSPECIFIED.);
#116=B_SPLINE_SURFACE_WITH_KNOTS('',3,3,((#7218,#7219,#7220,#7221),(#7222,
#7223,#7224,#7225),(#7226,#7227,#7228,#7229),(#7230,#7231,#7232,#7233),
(#7234,#7235,#7236,#7237),(#7238,#7239,#7240,#7241),(#7242,#7243,#7244,
#7245),(#7246,#7247,#7248,#7249),(#7250,#7251,#7252,#7253),(#7254,#7255,
#7256,#7257),(#7258,#7259,#7260,#7261),(#7262,#7263,#7264,#7265),(#7266,
#7267,#7268,#7269),(#7270,#7271,#7272,#7273),(#7274,#7275,#7276,#7277),
(#7278,#7279,#7280,#7281),(#7282,#7283,#7284,#7285),(#7286,#7287,#7288,
#7289),(#7290,#7291,#7292,#7293),(#7294,#7295,#7296,#7297),(#7298,#7299,
#7300,#7301),(#7302,#7303,#7304,#7305),(#7306,#7307,#7308,#7309),(#7310,
#7311,#7312,#7313),(#7314,#7315,#7316,#7317),(#7318,#7319,#7320,#7321),
(#7322,#7323,#7324,#7325),(#7326,#7327,#7328,#7329),(#7330,#7331,#7332,
#7333)),.UNSPECIFIED.,.F.,.F.,.F.,(4,1,1,1,1,1,1,1,1,1,1,1,1,1,1,1,1,1,
1,1,1,1,1,1,1,1,4),(4,4),(0.00686546505983139,0.0729407229664385,0.105978351919742,
0.139015980873046,0.172053609826349,0.205091238779653,0.27116649668626,
0.337241754592867,0.403317012499474,0.469392270406081,0.502429899359385,
0.518948713836037,0.535467528312689,0.601542786219296,0.634580415172599,
0.667618044125903,0.700655673079206,0.73369330203251,0.766730930985813,
0.783249745462465,0.799768559939117,0.816287374415769,0.832806188892421,
0.865843817845724,0.898881446799028,0.91540026127568,0.931919075752331),
(0.132197494586227,0.390909090982891),.UNSPECIFIED.);
#117=B_SPLINE_SURFACE_WITH_KNOTS('',3,3,((#7550,#7551,#7552,#7553),(#7554,
#7555,#7556,#7557),(#7558,#7559,#7560,#7561),(#7562,#7563,#7564,#7565),
(#7566,#7567,#7568,#7569),(#7570,#7571,#7572,#7573),(#7574,#7575,#7576,
#7577),(#7578,#7579,#7580,#7581),(#7582,#7583,#7584,#7585),(#7586,#7587,
#7588,#7589),(#7590,#7591,#7592,#7593),(#7594,#7595,#7596,#7597),(#7598,
#7599,#7600,#7601),(#7602,#7603,#7604,#7605),(#7606,#7607,#7608,#7609),
(#7610,#7611,#7612,#7613),(#7614,#7615,#7616,#7617),(#7618,#7619,#7620,
#7621),(#7622,#7623,#7624,#7625),(#7626,#7627,#7628,#7629),(#7630,#7631,
#7632,#7633),(#7634,#7635,#7636,#7637),(#7638,#7639,#7640,#7641),(#7642,
#7643,#7644,#7645),(#7646,#7647,#7648,#7649),(#7650,#7651,#7652,#7653),
(#7654,#7655,#7656,#7657),(#7658,#7659,#7660,#7661),(#7662,#7663,#7664,
#7665)),.UNSPECIFIED.,.F.,.F.,.F.,(4,1,1,1,1,1,1,1,1,1,1,1,1,1,1,1,1,1,
1,1,1,1,1,1,1,1,4),(4,4),(0.0633609315715914,0.0799626082941691,0.0965642850167467,
0.129767638461902,0.162970991907057,0.179572668629635,0.196174345352213,
0.21277602207479,0.229377698797368,0.262581052242523,0.295784405687679,
0.328987759132834,0.362191112577989,0.395394466023145,0.461801172913455,
0.528207879803766,0.536508718165055,0.561411233248921,0.594614586694076,
0.661021293584387,0.727428000474698,0.793834707365008,0.827038060810164,
0.860241414255319,0.893444767700474,0.926648121145629,0.99305482803594),
(0.132197494591255,0.390909093522249),.UNSPECIFIED.);
#118=B_SPLINE_SURFACE_WITH_KNOTS('',3,3,((#7713,#7714,#7715,#7716),(#7717,
#7718,#7719,#7720),(#7721,#7722,#7723,#7724),(#7725,#7726,#7727,#7728)),
 .UNSPECIFIED.,.F.,.F.,.F.,(4,4),(4,4),(0.,1.),(-0.150000001490121,-0.0499999999999952),
 .UNSPECIFIED.);
#119=B_SPLINE_SURFACE_WITH_KNOTS('',3,3,((#7762,#7763,#7764,#7765),(#7766,
#7767,#7768,#7769),(#7770,#7771,#7772,#7773),(#7774,#7775,#7776,#7777)),
 .UNSPECIFIED.,.F.,.F.,.F.,(4,4),(4,4),(0.,1.),(-0.150000001490127,-0.0499999999999704),
 .UNSPECIFIED.);
#120=B_SPLINE_SURFACE_WITH_KNOTS('',3,3,((#7929,#7930,#7931,#7932),(#7933,
#7934,#7935,#7936),(#7937,#7938,#7939,#7940),(#7941,#7942,#7943,#7944)),
 .UNSPECIFIED.,.F.,.F.,.F.,(4,4),(4,4),(0.,1.),(0.477631547344539,1.),
 .UNSPECIFIED.);
#121=B_SPLINE_SURFACE_WITH_KNOTS('',3,3,((#8192,#8193,#8194,#8195),(#8196,
#8197,#8198,#8199),(#8200,#8201,#8202,#8203),(#8204,#8205,#8206,#8207)),
 .UNSPECIFIED.,.F.,.F.,.F.,(4,4),(4,4),(0.,1.),(0.477631547344537,0.568841491502893),
 .UNSPECIFIED.);
#122=B_SPLINE_SURFACE_WITH_KNOTS('',3,3,((#8231,#8232,#8233,#8234),(#8235,
#8236,#8237,#8238),(#8239,#8240,#8241,#8242),(#8243,#8244,#8245,#8246)),
 .UNSPECIFIED.,.F.,.F.,.F.,(4,4),(4,4),(0.,1.),(0.477631547344537,1.),
 .UNSPECIFIED.);
#123=B_SPLINE_SURFACE_WITH_KNOTS('',3,3,((#8285,#8286,#8287,#8288),(#8289,
#8290,#8291,#8292),(#8293,#8294,#8295,#8296),(#8297,#8298,#8299,#8300)),
 .UNSPECIFIED.,.F.,.F.,.F.,(4,4),(4,4),(0.,1.),(0.477631547344538,0.568841491502893),
 .UNSPECIFIED.);
#124=B_SPLINE_SURFACE_WITH_KNOTS('',3,3,((#8317,#8318,#8319,#8320),(#8321,
#8322,#8323,#8324),(#8325,#8326,#8327,#8328),(#8329,#8330,#8331,#8332)),
 .UNSPECIFIED.,.F.,.F.,.F.,(4,4),(4,4),(0.,1.),(0.477631547344537,1.),
 .UNSPECIFIED.);
#125=B_SPLINE_SURFACE_WITH_KNOTS('',3,3,((#8431,#8432,#8433,#8434),(#8435,
#8436,#8437,#8438),(#8439,#8440,#8441,#8442),(#8443,#8444,#8445,#8446)),
 .UNSPECIFIED.,.F.,.F.,.F.,(4,4),(4,4),(0.,1.),(0.477631547344538,1.),
 .UNSPECIFIED.);
#126=B_SPLINE_SURFACE_WITH_KNOTS('',3,3,((#8478,#8479,#8480,#8481),(#8482,
#8483,#8484,#8485),(#8486,#8487,#8488,#8489),(#8490,#8491,#8492,#8493)),
 .UNSPECIFIED.,.F.,.F.,.F.,(4,4),(4,4),(0.,1.),(0.477631547344537,1.),
 .UNSPECIFIED.);
#127=B_SPLINE_SURFACE_WITH_KNOTS('',3,3,((#8502,#8503,#8504,#8505),(#8506,
#8507,#8508,#8509),(#8510,#8511,#8512,#8513),(#8514,#8515,#8516,#8517)),
 .UNSPECIFIED.,.F.,.F.,.F.,(4,4),(4,4),(0.,1.),(0.477631547344537,1.),
 .UNSPECIFIED.);
#128=B_SPLINE_SURFACE_WITH_KNOTS('',3,3,((#8682,#8683,#8684,#8685),(#8686,
#8687,#8688,#8689),(#8690,#8691,#8692,#8693),(#8694,#8695,#8696,#8697)),
 .UNSPECIFIED.,.F.,.F.,.F.,(4,4),(4,4),(0.,1.),(0.477631547344539,1.),
 .UNSPECIFIED.);
#129=B_SPLINE_SURFACE_WITH_KNOTS('',3,3,((#8706,#8707,#8708,#8709),(#8710,
#8711,#8712,#8713),(#8714,#8715,#8716,#8717),(#8718,#8719,#8720,#8721)),
 .UNSPECIFIED.,.F.,.F.,.F.,(4,4),(4,4),(0.,1.),(0.477631547344538,1.),
 .UNSPECIFIED.);
#130=B_SPLINE_SURFACE_WITH_KNOTS('',3,3,((#8919,#8920,#8921,#8922),(#8923,
#8924,#8925,#8926),(#8927,#8928,#8929,#8930),(#8931,#8932,#8933,#8934)),
 .UNSPECIFIED.,.F.,.F.,.F.,(4,4),(4,4),(0.700531041765024,0.810088821939098),
(0.472369776899648,0.614553501430565),.UNSPECIFIED.);
#131=B_SPLINE_SURFACE_WITH_KNOTS('',3,3,((#8967,#8968,#8969,#8970),(#8971,
#8972,#8973,#8974),(#8975,#8976,#8977,#8978),(#8979,#8980,#8981,#8982)),
 .UNSPECIFIED.,.F.,.F.,.F.,(4,4),(4,4),(0.700530936445763,0.810088821939081),
(0.472369776899647,0.614553501430565),.UNSPECIFIED.);
#132=B_SPLINE_SURFACE_WITH_KNOTS('',3,3,((#8994,#8995,#8996,#8997),(#8998,
#8999,#9000,#9001),(#9002,#9003,#9004,#9005),(#9006,#9007,#9008,#9009)),
 .UNSPECIFIED.,.F.,.F.,.F.,(4,4),(4,4),(0.,1.),(0.0499999999999516,0.130000000000002),
 .UNSPECIFIED.);
#133=B_SPLINE_SURFACE_WITH_KNOTS('',3,3,((#9021,#9022,#9023,#9024),(#9025,
#9026,#9027,#9028),(#9029,#9030,#9031,#9032),(#9033,#9034,#9035,#9036)),
 .UNSPECIFIED.,.F.,.F.,.F.,(4,4),(4,4),(0.,1.),(0.0499999999999948,0.130000000000003),
 .UNSPECIFIED.);
#134=B_SPLINE_SURFACE_WITH_KNOTS('',3,1,((#9071,#9072),(#9073,#9074),(#9075,
#9076),(#9077,#9078),(#9079,#9080),(#9081,#9082),(#9083,#9084),(#9085,#9086)),
 .UNSPECIFIED.,.F.,.F.,.F.,(4,2,2,4),(2,2),(-15.6228800571563,-14.4117233361038,
-12.5486015559633,0.),(0.,0.2),.UNSPECIFIED.);
#135=B_SPLINE_SURFACE_WITH_KNOTS('',3,3,((#9104,#9105,#9106,#9107),(#9108,
#9109,#9110,#9111),(#9112,#9113,#9114,#9115),(#9116,#9117,#9118,#9119)),
 .UNSPECIFIED.,.F.,.F.,.F.,(4,4),(4,4),(0.0360907717861741,1.),(0.505523805533193,
0.955036695983647),.UNSPECIFIED.);
#136=B_SPLINE_SURFACE_WITH_KNOTS('',3,1,((#9163,#9164),(#9165,#9166),(#9167,
#9168),(#9169,#9170),(#9171,#9172),(#9173,#9174),(#9175,#9176),(#9177,#9178)),
 .UNSPECIFIED.,.F.,.F.,.F.,(4,2,2,4),(2,2),(-15.6101066059845,-7.54992856673639,
-2.76893335481367,0.),(0.,0.2),.UNSPECIFIED.);
#137=B_SPLINE_SURFACE_WITH_KNOTS('',3,3,((#9208,#9209,#9210,#9211),(#9212,
#9213,#9214,#9215),(#9216,#9217,#9218,#9219),(#9220,#9221,#9222,#9223)),
 .UNSPECIFIED.,.F.,.F.,.F.,(4,4),(4,4),(0.036090771786174,1.),(0.505523805533193,
0.955036695983647),.UNSPECIFIED.);
#138=B_SPLINE_SURFACE_WITH_KNOTS('',3,1,((#9255,#9256),(#9257,#9258),(#9259,
#9260),(#9261,#9262)),.UNSPECIFIED.,.F.,.F.,.F.,(4,4),(2,2),(-0.950339600705765,
-0.549926807766881),(0.,7.08027381834049),.UNSPECIFIED.);
#139=B_SPLINE_SURFACE_WITH_KNOTS('',3,1,((#9270,#9271),(#9272,#9273),(#9274,
#9275),(#9276,#9277)),.UNSPECIFIED.,.F.,.F.,.F.,(4,4),(2,2),(0.549926807766881,
0.950339600705765),(0.,7.08027381834049),.UNSPECIFIED.);
#140=B_SPLINE_SURFACE_WITH_KNOTS('',3,3,((#9278,#9279,#9280,#9281),(#9282,
#9283,#9284,#9285),(#9286,#9287,#9288,#9289),(#9290,#9291,#9292,#9293)),
 .UNSPECIFIED.,.F.,.F.,.F.,(4,4),(4,4),(0.,1.),(0.472369776899647,1.),
 .UNSPECIFIED.);
#141=B_SPLINE_SURFACE_WITH_KNOTS('',3,3,((#9309,#9310,#9311,#9312),(#9313,
#9314,#9315,#9316),(#9317,#9318,#9319,#9320),(#9321,#9322,#9323,#9324)),
 .UNSPECIFIED.,.F.,.F.,.F.,(4,4),(4,4),(0.,1.),(0.472369776899647,1.),
 .UNSPECIFIED.);
#142=B_SPLINE_SURFACE_WITH_KNOTS('',3,3,((#9333,#9334,#9335,#9336),(#9337,
#9338,#9339,#9340),(#9341,#9342,#9343,#9344),(#9345,#9346,#9347,#9348)),
 .UNSPECIFIED.,.F.,.F.,.F.,(4,4),(4,4),(0.,1.),(0.472369776899648,1.),
 .UNSPECIFIED.);
#143=B_SPLINE_SURFACE_WITH_KNOTS('',3,3,((#9350,#9351,#9352,#9353),(#9354,
#9355,#9356,#9357),(#9358,#9359,#9360,#9361),(#9362,#9363,#9364,#9365)),
 .UNSPECIFIED.,.F.,.F.,.F.,(4,4),(4,4),(0.,1.),(-1.5,0.2),.UNSPECIFIED.);
#144=B_SPLINE_SURFACE_WITH_KNOTS('',3,3,((#9394,#9395,#9396,#9397),(#9398,
#9399,#9400,#9401),(#9402,#9403,#9404,#9405),(#9406,#9407,#9408,#9409)),
 .UNSPECIFIED.,.F.,.F.,.F.,(4,4),(4,4),(0.,1.),(24.0898826595301,26.5057801569185),
 .UNSPECIFIED.);
#145=B_SPLINE_SURFACE_WITH_KNOTS('',3,3,((#9431,#9432,#9433,#9434),(#9435,
#9436,#9437,#9438),(#9439,#9440,#9441,#9442),(#9443,#9444,#9445,#9446)),
 .UNSPECIFIED.,.F.,.F.,.F.,(4,4),(4,4),(0.,1.),(8.36096651239508,10.7687447707177),
 .UNSPECIFIED.);
#146=B_SPLINE_SURFACE_WITH_KNOTS('',3,3,((#9468,#9469,#9470,#9471),(#9472,
#9473,#9474,#9475),(#9476,#9477,#9478,#9479),(#9480,#9481,#9482,#9483)),
 .UNSPECIFIED.,.F.,.F.,.F.,(4,4),(4,4),(0.,1.),(-1.5,0.199999999999999),
 .UNSPECIFIED.);
#147=B_SPLINE_SURFACE_WITH_KNOTS('',3,3,((#9503,#9504,#9505,#9506),(#9507,
#9508,#9509,#9510),(#9511,#9512,#9513,#9514),(#9515,#9516,#9517,#9518)),
 .UNSPECIFIED.,.F.,.F.,.F.,(4,4),(4,4),(0.,1.),(8.36096651239508,10.7687447707177),
 .UNSPECIFIED.);
#148=B_SPLINE_SURFACE_WITH_KNOTS('',3,3,((#9547,#9548,#9549,#9550),(#9551,
#9552,#9553,#9554),(#9555,#9556,#9557,#9558),(#9559,#9560,#9561,#9562)),
 .UNSPECIFIED.,.F.,.F.,.F.,(4,4),(4,4),(0.,1.),(24.0898826595301,26.5057801569185),
 .UNSPECIFIED.);
#149=B_SPLINE_SURFACE_WITH_KNOTS('',3,3,((#9591,#9592,#9593,#9594),(#9595,
#9596,#9597,#9598),(#9599,#9600,#9601,#9602),(#9603,#9604,#9605,#9606)),
 .UNSPECIFIED.,.F.,.F.,.F.,(4,4),(4,4),(0.,1.),(-1.5,0.2),.UNSPECIFIED.);
#150=B_SPLINE_SURFACE_WITH_KNOTS('',3,3,((#9621,#9622,#9623,#9624),(#9625,
#9626,#9627,#9628),(#9629,#9630,#9631,#9632),(#9633,#9634,#9635,#9636)),
 .UNSPECIFIED.,.F.,.F.,.F.,(4,4),(4,4),(0.,1.),(-1.5,0.2),.UNSPECIFIED.);
#151=B_SPLINE_SURFACE_WITH_KNOTS('',3,3,((#9656,#9657,#9658,#9659),(#9660,
#9661,#9662,#9663),(#9664,#9665,#9666,#9667),(#9668,#9669,#9670,#9671)),
 .UNSPECIFIED.,.F.,.F.,.F.,(4,4),(4,4),(0.,1.),(-0.55,0.0500000000000005),
 .UNSPECIFIED.);
#152=B_SPLINE_SURFACE_WITH_KNOTS('',3,3,((#9700,#9701,#9702,#9703),(#9704,
#9705,#9706,#9707),(#9708,#9709,#9710,#9711),(#9712,#9713,#9714,#9715)),
 .UNSPECIFIED.,.F.,.F.,.F.,(4,4),(4,4),(0.,1.),(-0.549999999999999,0.0500000000000009),
 .UNSPECIFIED.);
#153=B_SPLINE_SURFACE_WITH_KNOTS('',3,3,((#9744,#9745,#9746,#9747),(#9748,
#9749,#9750,#9751),(#9752,#9753,#9754,#9755),(#9756,#9757,#9758,#9759)),
 .UNSPECIFIED.,.F.,.F.,.F.,(4,4),(4,4),(0.,1.),(-0.550129610397618,0.0499878211634619),
 .UNSPECIFIED.);
#154=B_SPLINE_SURFACE_WITH_KNOTS('',3,3,((#9774,#9775,#9776,#9777),(#9778,
#9779,#9780,#9781),(#9782,#9783,#9784,#9785),(#9786,#9787,#9788,#9789)),
 .UNSPECIFIED.,.F.,.F.,.F.,(4,4),(4,4),(0.,1.),(-0.550134375227634,0.0499830563451065),
 .UNSPECIFIED.);
#155=B_SPLINE_SURFACE_WITH_KNOTS('',3,3,((#9809,#9810,#9811,#9812,#9813,
#9814,#9815,#9816,#9817,#9818),(#9819,#9820,#9821,#9822,#9823,#9824,#9825,
#9826,#9827,#9828),(#9829,#9830,#9831,#9832,#9833,#9834,#9835,#9836,#9837,
#9838),(#9839,#9840,#9841,#9842,#9843,#9844,#9845,#9846,#9847,#9848)),
 .UNSPECIFIED.,.F.,.T.,.F.,(4,4),(4,1,1,1,1,1,1,4),(0.,1.),(-2.00056547949618,
-1.71477041099672,-1.42897534249727,-1.14318027399781,-0.857385205498361,
-0.571590136998907,-0.285795068499454,0.),.UNSPECIFIED.);
#156=B_SPLINE_SURFACE_WITH_KNOTS('',3,3,((#9868,#9869,#9870,#9871,#9872,
#9873,#9874,#9875,#9876,#9877,#9878,#9879,#9880,#9881,#9882,#9883,#9884,
#9885),(#9886,#9887,#9888,#9889,#9890,#9891,#9892,#9893,#9894,#9895,#9896,
#9897,#9898,#9899,#9900,#9901,#9902,#9903),(#9904,#9905,#9906,#9907,#9908,
#9909,#9910,#9911,#9912,#9913,#9914,#9915,#9916,#9917,#9918,#9919,#9920,
#9921),(#9922,#9923,#9924,#9925,#9926,#9927,#9928,#9929,#9930,#9931,#9932,
#9933,#9934,#9935,#9936,#9937,#9938,#9939)),.UNSPECIFIED.,.F.,.T.,.F.,(4,
4),(4,1,2,2,2,1,1,1,1,1,1,1,4),(0.,1.),(-2.00754339499051,-1.75225524393782,
-1.49696709288512,-1.4437277204565,-1.4060791730816,-1.2303192764464,-1.0545593798112,
-0.878799483176001,-0.7030395865408,-0.5272796899056,-0.3515197932704,-0.1757598966352,
0.),.UNSPECIFIED.);
#157=B_SPLINE_SURFACE_WITH_KNOTS('',3,3,((#9967,#9968,#9969,#9970),(#9971,
#9972,#9973,#9974),(#9975,#9976,#9977,#9978),(#9979,#9980,#9981,#9982)),
 .UNSPECIFIED.,.F.,.F.,.F.,(4,4),(4,4),(0.,1.),(-0.555664917041499,0.0493846604120427),
 .UNSPECIFIED.);
#158=B_SPLINE_SURFACE_WITH_KNOTS('',3,3,((#10012,#10013,#10014,#10015),
(#10016,#10017,#10018,#10019),(#10020,#10021,#10022,#10023),(#10024,#10025,
#10026,#10027)),.UNSPECIFIED.,.F.,.F.,.F.,(4,4),(4,4),(0.,1.),(-0.55,0.0500000000000008),
 .UNSPECIFIED.);
#159=B_SPLINE_SURFACE_WITH_KNOTS('',3,3,((#10050,#10051,#10052,#10053),
(#10054,#10055,#10056,#10057),(#10058,#10059,#10060,#10061),(#10062,#10063,
#10064,#10065)),.UNSPECIFIED.,.F.,.F.,.F.,(4,4),(4,4),(0.,1.),(-0.555696426624374,
0.0493531508397559),.UNSPECIFIED.);
#160=B_SPLINE_SURFACE_WITH_KNOTS('',3,3,((#10087,#10088,#10089,#10090),
(#10091,#10092,#10093,#10094),(#10095,#10096,#10097,#10098),(#10099,#10100,
#10101,#10102)),.UNSPECIFIED.,.F.,.F.,.F.,(4,4),(4,4),(0.,1.),(-0.550000000000001,
0.05),.UNSPECIFIED.);
#161=B_SPLINE_SURFACE_WITH_KNOTS('',3,3,((#10122,#10123,#10124,#10125),
(#10126,#10127,#10128,#10129),(#10130,#10131,#10132,#10133),(#10134,#10135,
#10136,#10137)),.UNSPECIFIED.,.F.,.F.,.F.,(4,4),(4,4),(0.,1.),(-0.555696426624374,
0.0493531508397557),.UNSPECIFIED.);
#162=B_SPLINE_SURFACE_WITH_KNOTS('',3,3,((#10167,#10168,#10169,#10170),
(#10171,#10172,#10173,#10174),(#10175,#10176,#10177,#10178),(#10179,#10180,
#10181,#10182)),.UNSPECIFIED.,.F.,.F.,.F.,(4,4),(4,4),(0.,1.),(-0.555664917041499,
0.0493846604120466),.UNSPECIFIED.);
#163=B_SPLINE_SURFACE_WITH_KNOTS('',3,3,((#10212,#10213,#10214,#10215),
(#10216,#10217,#10218,#10219),(#10220,#10221,#10222,#10223),(#10224,#10225,
#10226,#10227)),.UNSPECIFIED.,.F.,.F.,.F.,(4,4),(4,4),(0.,1.),(-0.550000000000001,
0.0499999999999996),.UNSPECIFIED.);
#164=B_SPLINE_SURFACE_WITH_KNOTS('',3,3,((#10242,#10243,#10244,#10245),
(#10246,#10247,#10248,#10249),(#10250,#10251,#10252,#10253),(#10254,#10255,
#10256,#10257)),.UNSPECIFIED.,.F.,.F.,.F.,(4,4),(4,4),(0.,1.),(-0.550000000000004,
0.0500000000000016),.UNSPECIFIED.);
#165=B_SPLINE_SURFACE_WITH_KNOTS('',3,3,((#10277,#10278,#10279,#10280,#10281,
#10282,#10283,#10284,#10285,#10286,#10287,#10288,#10289,#10290,#10291,#10292,
#10293,#10294),(#10295,#10296,#10297,#10298,#10299,#10300,#10301,#10302,
#10303,#10304,#10305,#10306,#10307,#10308,#10309,#10310,#10311,#10312),
(#10313,#10314,#10315,#10316,#10317,#10318,#10319,#10320,#10321,#10322,
#10323,#10324,#10325,#10326,#10327,#10328,#10329,#10330),(#10331,#10332,
#10333,#10334,#10335,#10336,#10337,#10338,#10339,#10340,#10341,#10342,#10343,
#10344,#10345,#10346,#10347,#10348)),.UNSPECIFIED.,.F.,.T.,.F.,(4,4),(4,
1,2,2,2,1,1,1,1,1,1,1,4),(0.,1.),(-2.00754339499051,-1.75225524393782,-1.49696709288512,
-1.4437277204565,-1.4060791730816,-1.2303192764464,-1.0545593798112,-0.878799483176001,
-0.7030395865408,-0.5272796899056,-0.3515197932704,-0.1757598966352,0.),
 .UNSPECIFIED.);
#166=B_SPLINE_SURFACE_WITH_KNOTS('',3,3,((#10376,#10377,#10378,#10379,#10380,
#10381,#10382,#10383,#10384,#10385),(#10386,#10387,#10388,#10389,#10390,
#10391,#10392,#10393,#10394,#10395),(#10396,#10397,#10398,#10399,#10400,
#10401,#10402,#10403,#10404,#10405),(#10406,#10407,#10408,#10409,#10410,
#10411,#10412,#10413,#10414,#10415)),.UNSPECIFIED.,.F.,.T.,.F.,(4,4),(4,
1,1,1,1,1,1,4),(0.,1.),(-2.00056547949618,-1.71477041099672,-1.42897534249727,
-1.14318027399781,-0.857385205498361,-0.571590136998907,-0.285795068499454,
0.),.UNSPECIFIED.);
#167=B_SPLINE_SURFACE_WITH_KNOTS('',3,3,((#10435,#10436,#10437,#10438),
(#10439,#10440,#10441,#10442),(#10443,#10444,#10445,#10446),(#10447,#10448,
#10449,#10450)),.UNSPECIFIED.,.F.,.F.,.F.,(4,4),(4,4),(0.,1.),(-0.549999999999999,
0.0500000000000009),.UNSPECIFIED.);
#168=B_SPLINE_SURFACE_WITH_KNOTS('',3,3,((#10479,#10480,#10481,#10482),
(#10483,#10484,#10485,#10486),(#10487,#10488,#10489,#10490),(#10491,#10492,
#10493,#10494)),.UNSPECIFIED.,.F.,.F.,.F.,(4,4),(4,4),(0.,1.),(-0.550129610397618,
0.0499878211634619),.UNSPECIFIED.);
#169=B_SPLINE_SURFACE_WITH_KNOTS('',3,3,((#10516,#10517,#10518,#10519),
(#10520,#10521,#10522,#10523),(#10524,#10525,#10526,#10527),(#10528,#10529,
#10530,#10531)),.UNSPECIFIED.,.F.,.F.,.F.,(4,4),(4,4),(0.,1.),(-0.549999999999999,
0.0500000000000007),.UNSPECIFIED.);
#170=B_SPLINE_SURFACE_WITH_KNOTS('',3,3,((#10553,#10554,#10555,#10556),
(#10557,#10558,#10559,#10560),(#10561,#10562,#10563,#10564),(#10565,#10566,
#10567,#10568)),.UNSPECIFIED.,.F.,.F.,.F.,(4,4),(4,4),(0.,1.),(-0.550134375227633,
0.0499830563451065),.UNSPECIFIED.);
#171=B_SPLINE_SURFACE_WITH_KNOTS('',3,3,((#10634,#10635,#10636,#10637),
(#10638,#10639,#10640,#10641),(#10642,#10643,#10644,#10645),(#10646,#10647,
#10648,#10649)),.UNSPECIFIED.,.F.,.F.,.F.,(4,4),(4,4),(0.,1.),(0.730768401279035,
1.),.UNSPECIFIED.);
#172=B_SPLINE_SURFACE_WITH_KNOTS('',3,3,((#10661,#10662,#10663,#10664),
(#10665,#10666,#10667,#10668),(#10669,#10670,#10671,#10672),(#10673,#10674,
#10675,#10676)),.UNSPECIFIED.,.F.,.F.,.F.,(4,4),(4,4),(0.,1.),(-2.01655921723479,
-3.39151342500082E-16),.UNSPECIFIED.);
#173=B_SPLINE_SURFACE_WITH_KNOTS('',3,3,((#10687,#10688,#10689,#10690),
(#10691,#10692,#10693,#10694),(#10695,#10696,#10697,#10698),(#10699,#10700,
#10701,#10702)),.UNSPECIFIED.,.F.,.F.,.F.,(4,4),(4,4),(0.,1.),(-2.05453092093747,
-0.0379717037026877),.UNSPECIFIED.);
#174=B_SPLINE_SURFACE_WITH_KNOTS('',3,3,((#10709,#10710,#10711,#10712),
(#10713,#10714,#10715,#10716),(#10717,#10718,#10719,#10720),(#10721,#10722,
#10723,#10724)),.UNSPECIFIED.,.F.,.F.,.F.,(4,4),(4,4),(0.,1.),(-2.01655921723479,
-7.20772406416496E-16),.UNSPECIFIED.);
#175=B_SPLINE_SURFACE_WITH_KNOTS('',3,3,((#10731,#10732,#10733,#10734),
(#10735,#10736,#10737,#10738),(#10739,#10740,#10741,#10742),(#10743,#10744,
#10745,#10746)),.UNSPECIFIED.,.F.,.F.,.F.,(4,4),(4,4),(0.,1.),(-2.06655921723478,
-0.0499999999999958),.UNSPECIFIED.);
#176=B_SPLINE_SURFACE_WITH_KNOTS('',3,3,((#10963,#10964,#10965,#10966),
(#10967,#10968,#10969,#10970),(#10971,#10972,#10973,#10974),(#10975,#10976,
#10977,#10978)),.UNSPECIFIED.,.F.,.F.,.F.,(4,4),(4,4),(0.250485304281627,
0.393067056828465),(0.671566159154735,0.680070500290237),.UNSPECIFIED.);
#177=B_SPLINE_SURFACE_WITH_KNOTS('',3,3,((#11239,#11240,#11241,#11242),
(#11243,#11244,#11245,#11246),(#11247,#11248,#11249,#11250),(#11251,#11252,
#11253,#11254)),.UNSPECIFIED.,.F.,.F.,.F.,(4,4),(4,4),(0.322221928804881,
0.451037736711547),(0.59122381895897,0.599670265374721),.UNSPECIFIED.);
#178=B_SPLINE_SURFACE_WITH_KNOTS('',3,3,((#11255,#11256,#11257,#11258),
(#11259,#11260,#11261,#11262),(#11263,#11264,#11265,#11266),(#11267,#11268,
#11269,#11270)),.UNSPECIFIED.,.F.,.F.,.F.,(4,4),(4,4),(0.,1.),(0.730768401279035,
1.),.UNSPECIFIED.);
#179=B_SPLINE_SURFACE_WITH_KNOTS('',3,3,((#11286,#11287,#11288,#11289),
(#11290,#11291,#11292,#11293),(#11294,#11295,#11296,#11297),(#11298,#11299,
#11300,#11301)),.UNSPECIFIED.,.F.,.F.,.F.,(4,4),(4,4),(0.250485133283038,
0.393067195673177),(0.671590920033515,0.680066218969087),.UNSPECIFIED.);
#180=B_SPLINE_SURFACE_WITH_KNOTS('',3,3,((#11318,#11319,#11320,#11321),
(#11322,#11323,#11324,#11325),(#11326,#11327,#11328,#11329),(#11330,#11331,
#11332,#11333)),.UNSPECIFIED.,.F.,.F.,.F.,(4,4),(4,4),(0.322221561788838,
0.451037655984056),(0.591190649048886,0.599690537132028),.UNSPECIFIED.);
#181=B_SPLINE_SURFACE_WITH_KNOTS('',3,3,((#11334,#11335,#11336,#11337),
(#11338,#11339,#11340,#11341),(#11342,#11343,#11344,#11345),(#11346,#11347,
#11348,#11349)),.UNSPECIFIED.,.F.,.F.,.F.,(4,4),(4,4),(0.,1.),(0.472369776899648,
1.),.UNSPECIFIED.);
#182=FACE_OUTER_BOUND('',#391,.T.);
#183=FACE_OUTER_BOUND('',#392,.T.);
#184=FACE_OUTER_BOUND('',#393,.T.);
#185=FACE_OUTER_BOUND('',#394,.T.);
#186=FACE_OUTER_BOUND('',#395,.T.);
#187=FACE_OUTER_BOUND('',#396,.T.);
#188=FACE_OUTER_BOUND('',#397,.T.);
#189=FACE_OUTER_BOUND('',#398,.T.);
#190=FACE_OUTER_BOUND('',#399,.T.);
#191=FACE_OUTER_BOUND('',#400,.T.);
#192=FACE_OUTER_BOUND('',#401,.T.);
#193=FACE_OUTER_BOUND('',#402,.T.);
#194=FACE_OUTER_BOUND('',#403,.T.);
#195=FACE_OUTER_BOUND('',#404,.T.);
#196=FACE_OUTER_BOUND('',#405,.T.);
#197=FACE_OUTER_BOUND('',#406,.T.);
#198=FACE_OUTER_BOUND('',#407,.T.);
#199=FACE_OUTER_BOUND('',#408,.T.);
#200=FACE_OUTER_BOUND('',#409,.T.);
#201=FACE_OUTER_BOUND('',#411,.T.);
#202=FACE_OUTER_BOUND('',#412,.T.);
#203=FACE_OUTER_BOUND('',#413,.T.);
#204=FACE_OUTER_BOUND('',#414,.T.);
#205=FACE_OUTER_BOUND('',#415,.T.);
#206=FACE_OUTER_BOUND('',#416,.T.);
#207=FACE_OUTER_BOUND('',#417,.T.);
#208=FACE_OUTER_BOUND('',#418,.T.);
#209=FACE_OUTER_BOUND('',#419,.T.);
#210=FACE_OUTER_BOUND('',#420,.T.);
#211=FACE_OUTER_BOUND('',#421,.T.);
#212=FACE_OUTER_BOUND('',#422,.T.);
#213=FACE_OUTER_BOUND('',#423,.T.);
#214=FACE_OUTER_BOUND('',#424,.T.);
#215=FACE_OUTER_BOUND('',#425,.T.);
#216=FACE_OUTER_BOUND('',#426,.T.);
#217=FACE_OUTER_BOUND('',#427,.T.);
#218=FACE_OUTER_BOUND('',#428,.T.);
#219=FACE_OUTER_BOUND('',#429,.T.);
#220=FACE_OUTER_BOUND('',#430,.T.);
#221=FACE_OUTER_BOUND('',#431,.T.);
#222=FACE_OUTER_BOUND('',#432,.T.);
#223=FACE_OUTER_BOUND('',#433,.T.);
#224=FACE_OUTER_BOUND('',#439,.T.);
#225=FACE_OUTER_BOUND('',#440,.T.);
#226=FACE_OUTER_BOUND('',#442,.T.);
#227=FACE_OUTER_BOUND('',#443,.T.);
#228=FACE_OUTER_BOUND('',#445,.T.);
#229=FACE_OUTER_BOUND('',#447,.T.);
#230=FACE_OUTER_BOUND('',#448,.T.);
#231=FACE_OUTER_BOUND('',#449,.T.);
#232=FACE_OUTER_BOUND('',#455,.T.);
#233=FACE_OUTER_BOUND('',#456,.T.);
#234=FACE_OUTER_BOUND('',#457,.T.);
#235=FACE_OUTER_BOUND('',#458,.T.);
#236=FACE_OUTER_BOUND('',#459,.T.);
#237=FACE_OUTER_BOUND('',#460,.T.);
#238=FACE_OUTER_BOUND('',#461,.T.);
#239=FACE_OUTER_BOUND('',#462,.T.);
#240=FACE_OUTER_BOUND('',#463,.T.);
#241=FACE_OUTER_BOUND('',#468,.T.);
#242=FACE_OUTER_BOUND('',#473,.T.);
#243=FACE_OUTER_BOUND('',#478,.T.);
#244=FACE_OUTER_BOUND('',#479,.T.);
#245=FACE_OUTER_BOUND('',#485,.T.);
#246=FACE_OUTER_BOUND('',#486,.T.);
#247=FACE_OUTER_BOUND('',#487,.T.);
#248=FACE_OUTER_BOUND('',#488,.T.);
#249=FACE_OUTER_BOUND('',#489,.T.);
#250=FACE_OUTER_BOUND('',#490,.T.);
#251=FACE_OUTER_BOUND('',#491,.T.);
#252=FACE_OUTER_BOUND('',#492,.T.);
#253=FACE_OUTER_BOUND('',#493,.T.);
#254=FACE_OUTER_BOUND('',#494,.T.);
#255=FACE_OUTER_BOUND('',#495,.T.);
#256=FACE_OUTER_BOUND('',#496,.T.);
#257=FACE_OUTER_BOUND('',#497,.T.);
#258=FACE_OUTER_BOUND('',#498,.T.);
#259=FACE_OUTER_BOUND('',#499,.T.);
#260=FACE_OUTER_BOUND('',#500,.T.);
#261=FACE_OUTER_BOUND('',#501,.T.);
#262=FACE_OUTER_BOUND('',#502,.T.);
#263=FACE_OUTER_BOUND('',#503,.T.);
#264=FACE_OUTER_BOUND('',#504,.T.);
#265=FACE_OUTER_BOUND('',#510,.T.);
#266=FACE_OUTER_BOUND('',#511,.T.);
#267=FACE_OUTER_BOUND('',#512,.T.);
#268=FACE_OUTER_BOUND('',#514,.T.);
#269=FACE_OUTER_BOUND('',#515,.T.);
#270=FACE_OUTER_BOUND('',#517,.T.);
#271=FACE_OUTER_BOUND('',#518,.T.);
#272=FACE_OUTER_BOUND('',#519,.T.);
#273=FACE_OUTER_BOUND('',#520,.T.);
#274=FACE_OUTER_BOUND('',#521,.T.);
#275=FACE_OUTER_BOUND('',#522,.T.);
#276=FACE_OUTER_BOUND('',#523,.T.);
#277=FACE_OUTER_BOUND('',#524,.T.);
#278=FACE_OUTER_BOUND('',#525,.T.);
#279=FACE_OUTER_BOUND('',#526,.T.);
#280=FACE_OUTER_BOUND('',#527,.T.);
#281=FACE_OUTER_BOUND('',#528,.T.);
#282=FACE_OUTER_BOUND('',#529,.T.);
#283=FACE_OUTER_BOUND('',#530,.T.);
#284=FACE_OUTER_BOUND('',#531,.T.);
#285=FACE_OUTER_BOUND('',#532,.T.);
#286=FACE_OUTER_BOUND('',#533,.T.);
#287=FACE_OUTER_BOUND('',#534,.T.);
#288=FACE_OUTER_BOUND('',#535,.T.);
#289=FACE_OUTER_BOUND('',#536,.T.);
#290=FACE_OUTER_BOUND('',#537,.T.);
#291=FACE_OUTER_BOUND('',#538,.T.);
#292=FACE_OUTER_BOUND('',#539,.T.);
#293=FACE_OUTER_BOUND('',#540,.T.);
#294=FACE_OUTER_BOUND('',#541,.T.);
#295=FACE_OUTER_BOUND('',#542,.T.);
#296=FACE_OUTER_BOUND('',#543,.T.);
#297=FACE_OUTER_BOUND('',#544,.T.);
#298=FACE_OUTER_BOUND('',#545,.T.);
#299=FACE_OUTER_BOUND('',#546,.T.);
#300=FACE_OUTER_BOUND('',#547,.T.);
#301=FACE_OUTER_BOUND('',#548,.T.);
#302=FACE_OUTER_BOUND('',#549,.T.);
#303=FACE_OUTER_BOUND('',#550,.T.);
#304=FACE_OUTER_BOUND('',#551,.T.);
#305=FACE_OUTER_BOUND('',#552,.T.);
#306=FACE_OUTER_BOUND('',#553,.T.);
#307=FACE_OUTER_BOUND('',#554,.T.);
#308=FACE_OUTER_BOUND('',#555,.T.);
#309=FACE_OUTER_BOUND('',#556,.T.);
#310=FACE_OUTER_BOUND('',#557,.T.);
#311=FACE_OUTER_BOUND('',#558,.T.);
#312=FACE_OUTER_BOUND('',#559,.T.);
#313=FACE_OUTER_BOUND('',#560,.T.);
#314=FACE_OUTER_BOUND('',#561,.T.);
#315=FACE_OUTER_BOUND('',#562,.T.);
#316=FACE_OUTER_BOUND('',#563,.T.);
#317=FACE_OUTER_BOUND('',#564,.T.);
#318=FACE_OUTER_BOUND('',#565,.T.);
#319=FACE_OUTER_BOUND('',#566,.T.);
#320=FACE_OUTER_BOUND('',#567,.T.);
#321=FACE_OUTER_BOUND('',#568,.T.);
#322=FACE_OUTER_BOUND('',#569,.T.);
#323=FACE_OUTER_BOUND('',#570,.T.);
#324=FACE_OUTER_BOUND('',#571,.T.);
#325=FACE_OUTER_BOUND('',#572,.T.);
#326=FACE_OUTER_BOUND('',#573,.T.);
#327=FACE_OUTER_BOUND('',#574,.T.);
#328=FACE_OUTER_BOUND('',#575,.T.);
#329=FACE_OUTER_BOUND('',#576,.T.);
#330=FACE_OUTER_BOUND('',#577,.T.);
#331=FACE_OUTER_BOUND('',#578,.T.);
#332=FACE_OUTER_BOUND('',#579,.T.);
#333=FACE_OUTER_BOUND('',#580,.T.);
#334=FACE_OUTER_BOUND('',#581,.T.);
#335=FACE_OUTER_BOUND('',#582,.T.);
#336=FACE_OUTER_BOUND('',#583,.T.);
#337=FACE_OUTER_BOUND('',#584,.T.);
#338=FACE_OUTER_BOUND('',#585,.T.);
#339=FACE_OUTER_BOUND('',#586,.T.);
#340=FACE_OUTER_BOUND('',#587,.T.);
#341=FACE_OUTER_BOUND('',#588,.T.);
#342=FACE_OUTER_BOUND('',#589,.T.);
#343=FACE_OUTER_BOUND('',#590,.T.);
#344=FACE_OUTER_BOUND('',#591,.T.);
#345=FACE_OUTER_BOUND('',#592,.T.);
#346=FACE_OUTER_BOUND('',#593,.T.);
#347=FACE_OUTER_BOUND('',#594,.T.);
#348=FACE_OUTER_BOUND('',#595,.T.);
#349=FACE_OUTER_BOUND('',#596,.T.);
#350=FACE_OUTER_BOUND('',#597,.T.);
#351=FACE_OUTER_BOUND('',#598,.T.);
#352=FACE_OUTER_BOUND('',#599,.T.);
#353=FACE_OUTER_BOUND('',#600,.T.);
#354=FACE_OUTER_BOUND('',#601,.T.);
#355=FACE_OUTER_BOUND('',#602,.T.);
#356=FACE_OUTER_BOUND('',#603,.T.);
#357=FACE_OUTER_BOUND('',#604,.T.);
#358=FACE_OUTER_BOUND('',#605,.T.);
#359=FACE_OUTER_BOUND('',#606,.T.);
#360=FACE_OUTER_BOUND('',#607,.T.);
#361=FACE_OUTER_BOUND('',#608,.T.);
#362=FACE_OUTER_BOUND('',#609,.T.);
#363=FACE_OUTER_BOUND('',#610,.T.);
#364=FACE_OUTER_BOUND('',#611,.T.);
#365=FACE_OUTER_BOUND('',#616,.T.);
#366=FACE_OUTER_BOUND('',#617,.T.);
#367=FACE_OUTER_BOUND('',#618,.T.);
#368=FACE_OUTER_BOUND('',#619,.T.);
#369=FACE_OUTER_BOUND('',#620,.T.);
#370=FACE_OUTER_BOUND('',#621,.T.);
#371=FACE_OUTER_BOUND('',#622,.T.);
#372=FACE_OUTER_BOUND('',#623,.T.);
#373=FACE_OUTER_BOUND('',#624,.T.);
#374=FACE_OUTER_BOUND('',#625,.T.);
#375=FACE_OUTER_BOUND('',#626,.T.);
#376=FACE_OUTER_BOUND('',#627,.T.);
#377=FACE_OUTER_BOUND('',#628,.T.);
#378=FACE_OUTER_BOUND('',#629,.T.);
#379=FACE_OUTER_BOUND('',#630,.T.);
#380=FACE_OUTER_BOUND('',#631,.T.);
#381=FACE_OUTER_BOUND('',#632,.T.);
#382=FACE_OUTER_BOUND('',#633,.T.);
#383=FACE_OUTER_BOUND('',#634,.T.);
#384=FACE_OUTER_BOUND('',#635,.T.);
#385=FACE_OUTER_BOUND('',#636,.T.);
#386=FACE_OUTER_BOUND('',#637,.T.);
#387=FACE_OUTER_BOUND('',#638,.T.);
#388=FACE_OUTER_BOUND('',#639,.T.);
#389=FACE_OUTER_BOUND('',#641,.T.);
#390=FACE_OUTER_BOUND('',#642,.T.);
#391=EDGE_LOOP('',(#2562,#2563,#2564,#2565));
#392=EDGE_LOOP('',(#2566,#2567,#2568,#2569));
#393=EDGE_LOOP('',(#2570,#2571,#2572,#2573));
#394=EDGE_LOOP('',(#2574,#2575,#2576,#2577));
#395=EDGE_LOOP('',(#2578,#2579,#2580,#2581));
#396=EDGE_LOOP('',(#2582,#2583,#2584,#2585));
#397=EDGE_LOOP('',(#2586,#2587,#2588,#2589));
#398=EDGE_LOOP('',(#2590,#2591,#2592,#2593));
#399=EDGE_LOOP('',(#2594,#2595,#2596,#2597));
#400=EDGE_LOOP('',(#2598,#2599,#2600,#2601));
#401=EDGE_LOOP('',(#2602,#2603,#2604,#2605));
#402=EDGE_LOOP('',(#2606,#2607,#2608,#2609));
#403=EDGE_LOOP('',(#2610,#2611,#2612,#2613));
#404=EDGE_LOOP('',(#2614,#2615,#2616,#2617));
#405=EDGE_LOOP('',(#2618,#2619,#2620,#2621));
#406=EDGE_LOOP('',(#2622,#2623,#2624,#2625));
#407=EDGE_LOOP('',(#2626,#2627,#2628,#2629));
#408=EDGE_LOOP('',(#2630,#2631,#2632,#2633,#2634,#2635,#2636,#2637));
#409=EDGE_LOOP('',(#2638,#2639,#2640,#2641,#2642,#2643,#2644,#2645,#2646,
#2647,#2648,#2649,#2650,#2651,#2652,#2653));
#410=EDGE_LOOP('',(#2654,#2655,#2656,#2657));
#411=EDGE_LOOP('',(#2658,#2659,#2660,#2661));
#412=EDGE_LOOP('',(#2662,#2663,#2664,#2665));
#413=EDGE_LOOP('',(#2666,#2667,#2668,#2669));
#414=EDGE_LOOP('',(#2670,#2671,#2672,#2673));
#415=EDGE_LOOP('',(#2674,#2675,#2676,#2677));
#416=EDGE_LOOP('',(#2678,#2679,#2680,#2681));
#417=EDGE_LOOP('',(#2682,#2683,#2684,#2685));
#418=EDGE_LOOP('',(#2686,#2687,#2688,#2689,#2690,#2691,#2692,#2693));
#419=EDGE_LOOP('',(#2694,#2695,#2696,#2697));
#420=EDGE_LOOP('',(#2698,#2699,#2700,#2701));
#421=EDGE_LOOP('',(#2702,#2703,#2704,#2705,#2706));
#422=EDGE_LOOP('',(#2707,#2708,#2709,#2710));
#423=EDGE_LOOP('',(#2711,#2712,#2713,#2714));
#424=EDGE_LOOP('',(#2715,#2716,#2717,#2718));
#425=EDGE_LOOP('',(#2719,#2720,#2721,#2722));
#426=EDGE_LOOP('',(#2723,#2724,#2725,#2726,#2727));
#427=EDGE_LOOP('',(#2728,#2729,#2730,#2731));
#428=EDGE_LOOP('',(#2732,#2733,#2734,#2735));
#429=EDGE_LOOP('',(#2736,#2737,#2738,#2739));
#430=EDGE_LOOP('',(#2740,#2741,#2742,#2743));
#431=EDGE_LOOP('',(#2744,#2745,#2746,#2747));
#432=EDGE_LOOP('',(#2748,#2749,#2750,#2751,#2752,#2753,#2754));
#433=EDGE_LOOP('',(#2755,#2756,#2757,#2758));
#434=EDGE_LOOP('',(#2759));
#435=EDGE_LOOP('',(#2760));
#436=EDGE_LOOP('',(#2761,#2762,#2763,#2764));
#437=EDGE_LOOP('',(#2765,#2766,#2767,#2768));
#438=EDGE_LOOP('',(#2769,#2770,#2771,#2772));
#439=EDGE_LOOP('',(#2773,#2774,#2775,#2776,#2777,#2778,#2779));
#440=EDGE_LOOP('',(#2780,#2781,#2782,#2783,#2784,#2785,#2786,#2787,#2788,
#2789,#2790,#2791,#2792,#2793,#2794,#2795));
#441=EDGE_LOOP('',(#2796,#2797,#2798,#2799));
#442=EDGE_LOOP('',(#2800,#2801,#2802,#2803));
#443=EDGE_LOOP('',(#2804,#2805,#2806,#2807,#2808,#2809,#2810,#2811,#2812));
#444=EDGE_LOOP('',(#2813,#2814));
#445=EDGE_LOOP('',(#2815,#2816,#2817,#2818,#2819,#2820,#2821,#2822,#2823));
#446=EDGE_LOOP('',(#2824,#2825));
#447=EDGE_LOOP('',(#2826,#2827,#2828,#2829));
#448=EDGE_LOOP('',(#2830,#2831,#2832,#2833,#2834,#2835,#2836));
#449=EDGE_LOOP('',(#2837,#2838,#2839,#2840));
#450=EDGE_LOOP('',(#2841));
#451=EDGE_LOOP('',(#2842));
#452=EDGE_LOOP('',(#2843,#2844,#2845,#2846));
#453=EDGE_LOOP('',(#2847,#2848,#2849,#2850));
#454=EDGE_LOOP('',(#2851,#2852,#2853,#2854));
#455=EDGE_LOOP('',(#2855,#2856,#2857,#2858,#2859,#2860,#2861));
#456=EDGE_LOOP('',(#2862,#2863,#2864,#2865));
#457=EDGE_LOOP('',(#2866,#2867,#2868,#2869));
#458=EDGE_LOOP('',(#2870,#2871,#2872,#2873));
#459=EDGE_LOOP('',(#2874,#2875,#2876,#2877));
#460=EDGE_LOOP('',(#2878,#2879,#2880,#2881));
#461=EDGE_LOOP('',(#2882,#2883,#2884,#2885));
#462=EDGE_LOOP('',(#2886,#2887,#2888,#2889));
#463=EDGE_LOOP('',(#2890,#2891,#2892,#2893,#2894,#2895,#2896,#2897,#2898,
#2899,#2900,#2901));
#464=EDGE_LOOP('',(#2902));
#465=EDGE_LOOP('',(#2903));
#466=EDGE_LOOP('',(#2904));
#467=EDGE_LOOP('',(#2905));
#468=EDGE_LOOP('',(#2906,#2907,#2908,#2909,#2910,#2911,#2912,#2913,#2914,
#2915,#2916,#2917));
#469=EDGE_LOOP('',(#2918));
#470=EDGE_LOOP('',(#2919));
#471=EDGE_LOOP('',(#2920));
#472=EDGE_LOOP('',(#2921));
#473=EDGE_LOOP('',(#2922,#2923,#2924,#2925,#2926,#2927,#2928,#2929,#2930,
#2931,#2932,#2933,#2934,#2935,#2936,#2937,#2938,#2939,#2940,#2941,#2942,
#2943,#2944,#2945,#2946,#2947,#2948,#2949,#2950,#2951,#2952,#2953,#2954,
#2955));
#474=EDGE_LOOP('',(#2956,#2957,#2958,#2959,#2960,#2961));
#475=EDGE_LOOP('',(#2962,#2963,#2964,#2965,#2966,#2967,#2968,#2969));
#476=EDGE_LOOP('',(#2970,#2971,#2972,#2973,#2974,#2975,#2976,#2977));
#477=EDGE_LOOP('',(#2978,#2979,#2980,#2981,#2982,#2983));
#478=EDGE_LOOP('',(#2984,#2985,#2986,#2987));
#479=EDGE_LOOP('',(#2988,#2989,#2990,#2991,#2992,#2993,#2994,#2995,#2996,
#2997,#2998,#2999));
#480=EDGE_LOOP('',(#3000,#3001,#3002,#3003));
#481=EDGE_LOOP('',(#3004));
#482=EDGE_LOOP('',(#3005,#3006,#3007,#3008));
#483=EDGE_LOOP('',(#3009));
#484=EDGE_LOOP('',(#3010,#3011,#3012,#3013));
#485=EDGE_LOOP('',(#3014,#3015,#3016,#3017,#3018,#3019,#3020,#3021,#3022,
#3023,#3024,#3025,#3026));
#486=EDGE_LOOP('',(#3027,#3028,#3029,#3030,#3031,#3032,#3033,#3034));
#487=EDGE_LOOP('',(#3035,#3036,#3037,#3038,#3039));
#488=EDGE_LOOP('',(#3040,#3041,#3042,#3043));
#489=EDGE_LOOP('',(#3044,#3045,#3046,#3047));
#490=EDGE_LOOP('',(#3048,#3049,#3050,#3051));
#491=EDGE_LOOP('',(#3052,#3053,#3054,#3055,#3056,#3057,#3058,#3059));
#492=EDGE_LOOP('',(#3060,#3061,#3062,#3063));
#493=EDGE_LOOP('',(#3064,#3065,#3066,#3067,#3068));
#494=EDGE_LOOP('',(#3069,#3070,#3071,#3072));
#495=EDGE_LOOP('',(#3073,#3074,#3075,#3076));
#496=EDGE_LOOP('',(#3077,#3078,#3079,#3080,#3081,#3082,#3083,#3084,#3085,
#3086,#3087,#3088,#3089,#3090,#3091,#3092,#3093,#3094,#3095,#3096,#3097));
#497=EDGE_LOOP('',(#3098,#3099,#3100,#3101));
#498=EDGE_LOOP('',(#3102,#3103,#3104,#3105));
#499=EDGE_LOOP('',(#3106,#3107,#3108,#3109));
#500=EDGE_LOOP('',(#3110,#3111,#3112,#3113));
#501=EDGE_LOOP('',(#3114,#3115,#3116,#3117,#3118));
#502=EDGE_LOOP('',(#3119,#3120,#3121,#3122,#3123,#3124,#3125,#3126,#3127,
#3128));
#503=EDGE_LOOP('',(#3129,#3130,#3131,#3132,#3133));
#504=EDGE_LOOP('',(#3134,#3135,#3136,#3137,#3138,#3139,#3140,#3141,#3142,
#3143,#3144,#3145));
#505=EDGE_LOOP('',(#3146,#3147,#3148,#3149));
#506=EDGE_LOOP('',(#3150));
#507=EDGE_LOOP('',(#3151,#3152,#3153,#3154));
#508=EDGE_LOOP('',(#3155));
#509=EDGE_LOOP('',(#3156,#3157,#3158,#3159));
#510=EDGE_LOOP('',(#3160,#3161,#3162,#3163,#3164,#3165,#3166,#3167,#3168,
#3169));
#511=EDGE_LOOP('',(#3170,#3171,#3172,#3173));
#512=EDGE_LOOP('',(#3174,#3175,#3176,#3177,#3178,#3179,#3180,#3181,#3182));
#513=EDGE_LOOP('',(#3183,#3184));
#514=EDGE_LOOP('',(#3185,#3186,#3187,#3188));
#515=EDGE_LOOP('',(#3189,#3190,#3191,#3192,#3193,#3194,#3195,#3196,#3197));
#516=EDGE_LOOP('',(#3198,#3199));
#517=EDGE_LOOP('',(#3200,#3201,#3202,#3203,#3204));
#518=EDGE_LOOP('',(#3205));
#519=EDGE_LOOP('',(#3206,#3207,#3208,#3209,#3210));
#520=EDGE_LOOP('',(#3211));
#521=EDGE_LOOP('',(#3212,#3213,#3214,#3215,#3216));
#522=EDGE_LOOP('',(#3217));
#523=EDGE_LOOP('',(#3218,#3219,#3220,#3221,#3222));
#524=EDGE_LOOP('',(#3223));
#525=EDGE_LOOP('',(#3224,#3225,#3226,#3227));
#526=EDGE_LOOP('',(#3228,#3229,#3230,#3231));
#527=EDGE_LOOP('',(#3232,#3233,#3234,#3235));
#528=EDGE_LOOP('',(#3236,#3237,#3238,#3239));
#529=EDGE_LOOP('',(#3240,#3241,#3242,#3243));
#530=EDGE_LOOP('',(#3244,#3245,#3246,#3247));
#531=EDGE_LOOP('',(#3248,#3249,#3250,#3251));
#532=EDGE_LOOP('',(#3252,#3253,#3254,#3255));
#533=EDGE_LOOP('',(#3256,#3257,#3258,#3259));
#534=EDGE_LOOP('',(#3260,#3261,#3262,#3263));
#535=EDGE_LOOP('',(#3264,#3265,#3266,#3267));
#536=EDGE_LOOP('',(#3268,#3269,#3270,#3271,#3272,#3273,#3274,#3275,#3276,
#3277));
#537=EDGE_LOOP('',(#3278,#3279,#3280,#3281));
#538=EDGE_LOOP('',(#3282,#3283,#3284,#3285));
#539=EDGE_LOOP('',(#3286,#3287,#3288,#3289));
#540=EDGE_LOOP('',(#3290,#3291,#3292,#3293,#3294,#3295));
#541=EDGE_LOOP('',(#3296,#3297,#3298,#3299,#3300,#3301,#3302,#3303,#3304,
#3305));
#542=EDGE_LOOP('',(#3306,#3307,#3308,#3309,#3310,#3311));
#543=EDGE_LOOP('',(#3312,#3313,#3314,#3315));
#544=EDGE_LOOP('',(#3316,#3317,#3318,#3319));
#545=EDGE_LOOP('',(#3320,#3321,#3322,#3323,#3324,#3325));
#546=EDGE_LOOP('',(#3326,#3327,#3328,#3329));
#547=EDGE_LOOP('',(#3330,#3331,#3332,#3333));
#548=EDGE_LOOP('',(#3334,#3335,#3336,#3337,#3338,#3339,#3340,#3341));
#549=EDGE_LOOP('',(#3342,#3343,#3344,#3345,#3346,#3347,#3348,#3349));
#550=EDGE_LOOP('',(#3350,#3351,#3352,#3353));
#551=EDGE_LOOP('',(#3354,#3355,#3356,#3357,#3358,#3359));
#552=EDGE_LOOP('',(#3360,#3361,#3362,#3363,#3364,#3365));
#553=EDGE_LOOP('',(#3366,#3367,#3368,#3369,#3370,#3371));
#554=EDGE_LOOP('',(#3372,#3373,#3374,#3375,#3376,#3377));
#555=EDGE_LOOP('',(#3378,#3379,#3380,#3381,#3382,#3383,#3384,#3385));
#556=EDGE_LOOP('',(#3386,#3387,#3388,#3389));
#557=EDGE_LOOP('',(#3390,#3391,#3392,#3393,#3394,#3395));
#558=EDGE_LOOP('',(#3396,#3397,#3398,#3399,#3400,#3401));
#559=EDGE_LOOP('',(#3402,#3403,#3404,#3405,#3406,#3407));
#560=EDGE_LOOP('',(#3408,#3409,#3410,#3411,#3412,#3413));
#561=EDGE_LOOP('',(#3414,#3415,#3416,#3417));
#562=EDGE_LOOP('',(#3418,#3419,#3420,#3421,#3422,#3423,#3424,#3425));
#563=EDGE_LOOP('',(#3426,#3427,#3428,#3429,#3430,#3431));
#564=EDGE_LOOP('',(#3432,#3433,#3434,#3435,#3436,#3437));
#565=EDGE_LOOP('',(#3438,#3439,#3440,#3441,#3442,#3443));
#566=EDGE_LOOP('',(#3444,#3445,#3446,#3447,#3448,#3449));
#567=EDGE_LOOP('',(#3450,#3451,#3452,#3453));
#568=EDGE_LOOP('',(#3454,#3455,#3456,#3457,#3458,#3459,#3460,#3461));
#569=EDGE_LOOP('',(#3462,#3463,#3464,#3465,#3466));
#570=EDGE_LOOP('',(#3467,#3468,#3469,#3470,#3471));
#571=EDGE_LOOP('',(#3472,#3473,#3474,#3475,#3476));
#572=EDGE_LOOP('',(#3477,#3478,#3479,#3480,#3481));
#573=EDGE_LOOP('',(#3482,#3483,#3484,#3485,#3486,#3487));
#574=EDGE_LOOP('',(#3488,#3489,#3490,#3491,#3492,#3493));
#575=EDGE_LOOP('',(#3494,#3495,#3496,#3497,#3498,#3499));
#576=EDGE_LOOP('',(#3500,#3501,#3502,#3503,#3504,#3505));
#577=EDGE_LOOP('',(#3506,#3507,#3508,#3509));
#578=EDGE_LOOP('',(#3510,#3511,#3512,#3513,#3514,#3515,#3516,#3517));
#579=EDGE_LOOP('',(#3518,#3519,#3520,#3521,#3522,#3523));
#580=EDGE_LOOP('',(#3524,#3525,#3526,#3527,#3528,#3529));
#581=EDGE_LOOP('',(#3530,#3531,#3532,#3533,#3534,#3535));
#582=EDGE_LOOP('',(#3536,#3537,#3538,#3539,#3540,#3541));
#583=EDGE_LOOP('',(#3542,#3543,#3544,#3545));
#584=EDGE_LOOP('',(#3546,#3547,#3548,#3549,#3550,#3551,#3552,#3553));
#585=EDGE_LOOP('',(#3554,#3555,#3556,#3557,#3558));
#586=EDGE_LOOP('',(#3559,#3560,#3561,#3562,#3563));
#587=EDGE_LOOP('',(#3564,#3565,#3566,#3567,#3568));
#588=EDGE_LOOP('',(#3569,#3570,#3571,#3572,#3573));
#589=EDGE_LOOP('',(#3574,#3575,#3576,#3577,#3578,#3579));
#590=EDGE_LOOP('',(#3580,#3581,#3582,#3583,#3584,#3585));
#591=EDGE_LOOP('',(#3586,#3587,#3588,#3589,#3590,#3591));
#592=EDGE_LOOP('',(#3592,#3593,#3594,#3595,#3596,#3597));
#593=EDGE_LOOP('',(#3598,#3599,#3600,#3601));
#594=EDGE_LOOP('',(#3602,#3603,#3604,#3605,#3606,#3607,#3608,#3609));
#595=EDGE_LOOP('',(#3610,#3611,#3612,#3613));
#596=EDGE_LOOP('',(#3614,#3615,#3616,#3617));
#597=EDGE_LOOP('',(#3618,#3619,#3620,#3621));
#598=EDGE_LOOP('',(#3622,#3623,#3624,#3625));
#599=EDGE_LOOP('',(#3626,#3627,#3628,#3629,#3630));
#600=EDGE_LOOP('',(#3631,#3632,#3633,#3634));
#601=EDGE_LOOP('',(#3635,#3636,#3637,#3638));
#602=EDGE_LOOP('',(#3639,#3640,#3641,#3642,#3643,#3644,#3645));
#603=EDGE_LOOP('',(#3646,#3647,#3648,#3649));
#604=EDGE_LOOP('',(#3650,#3651,#3652,#3653));
#605=EDGE_LOOP('',(#3654,#3655,#3656,#3657,#3658,#3659,#3660));
#606=EDGE_LOOP('',(#3661,#3662,#3663,#3664,#3665));
#607=EDGE_LOOP('',(#3666,#3667,#3668,#3669,#3670));
#608=EDGE_LOOP('',(#3671,#3672));
#609=EDGE_LOOP('',(#3673,#3674,#3675,#3676,#3677));
#610=EDGE_LOOP('',(#3678,#3679,#3680,#3681,#3682));
#611=EDGE_LOOP('',(#3683,#3684,#3685,#3686));
#612=EDGE_LOOP('',(#3687));
#613=EDGE_LOOP('',(#3688));
#614=EDGE_LOOP('',(#3689));
#615=EDGE_LOOP('',(#3690));
#616=EDGE_LOOP('',(#3691,#3692));
#617=EDGE_LOOP('',(#3693,#3694,#3695,#3696,#3697));
#618=EDGE_LOOP('',(#3698,#3699,#3700,#3701));
#619=EDGE_LOOP('',(#3702,#3703,#3704,#3705,#3706,#3707,#3708,#3709));
#620=EDGE_LOOP('',(#3710,#3711,#3712,#3713));
#621=EDGE_LOOP('',(#3714,#3715,#3716,#3717,#3718,#3719,#3720,#3721));
#622=EDGE_LOOP('',(#3722,#3723,#3724,#3725));
#623=EDGE_LOOP('',(#3726,#3727,#3728,#3729,#3730,#3731,#3732,#3733));
#624=EDGE_LOOP('',(#3734,#3735,#3736,#3737));
#625=EDGE_LOOP('',(#3738,#3739,#3740,#3741));
#626=EDGE_LOOP('',(#3742,#3743));
#627=EDGE_LOOP('',(#3744,#3745,#3746,#3747));
#628=EDGE_LOOP('',(#3748,#3749,#3750,#3751));
#629=EDGE_LOOP('',(#3752,#3753,#3754,#3755,#3756,#3757,#3758,#3759));
#630=EDGE_LOOP('',(#3760,#3761,#3762,#3763));
#631=EDGE_LOOP('',(#3764,#3765,#3766,#3767,#3768,#3769,#3770,#3771));
#632=EDGE_LOOP('',(#3772,#3773,#3774,#3775));
#633=EDGE_LOOP('',(#3776,#3777,#3778,#3779));
#634=EDGE_LOOP('',(#3780,#3781,#3782,#3783,#3784,#3785,#3786,#3787));
#635=EDGE_LOOP('',(#3788,#3789,#3790,#3791));
#636=EDGE_LOOP('',(#3792,#3793,#3794,#3795));
#637=EDGE_LOOP('',(#3796,#3797));
#638=EDGE_LOOP('',(#3798,#3799,#3800,#3801));
#639=EDGE_LOOP('',(#3802,#3803,#3804,#3805,#3806,#3807,#3808,#3809,#3810,
#3811));
#640=EDGE_LOOP('',(#3812,#3813,#3814,#3815,#3816,#3817,#3818,#3819,#3820,
#3821));
#641=EDGE_LOOP('',(#3822,#3823,#3824,#3825));
#642=EDGE_LOOP('',(#3826,#3827,#3828,#3829));
#643=LINE('',#4831,#882);
#644=LINE('',#4837,#883);
#645=LINE('',#4936,#884);
#646=LINE('',#4948,#885);
#647=LINE('',#4982,#886);
#648=LINE('',#4988,#887);
#649=LINE('',#5000,#888);
#650=LINE('',#5012,#889);
#651=LINE('',#5219,#890);
#652=LINE('',#5258,#891);
#653=LINE('',#5270,#892);
#654=LINE('',#5309,#893);
#655=LINE('',#5321,#894);
#656=LINE('',#5462,#895);
#657=LINE('',#5474,#896);
#658=LINE('',#5513,#897);
#659=LINE('',#5565,#898);
#660=LINE('',#5689,#899);
#661=LINE('',#5695,#900);
#662=LINE('',#5834,#901);
#663=LINE('',#5846,#902);
#664=LINE('',#5885,#903);
#665=LINE('',#5897,#904);
#666=LINE('',#6026,#905);
#667=LINE('',#6055,#906);
#668=LINE('',#6091,#907);
#669=LINE('',#6093,#908);
#670=LINE('',#6095,#909);
#671=LINE('',#6096,#910);
#672=LINE('',#6099,#911);
#673=LINE('',#6101,#912);
#674=LINE('',#6102,#913);
#675=LINE('',#6105,#914);
#676=LINE('',#6107,#915);
#677=LINE('',#6109,#916);
#678=LINE('',#6110,#917);
#679=LINE('',#6113,#918);
#680=LINE('',#6115,#919);
#681=LINE('',#6116,#920);
#682=LINE('',#6120,#921);
#683=LINE('',#6122,#922);
#684=LINE('',#6124,#923);
#685=LINE('',#6125,#924);
#686=LINE('',#6128,#925);
#687=LINE('',#6130,#926);
#688=LINE('',#6131,#927);
#689=LINE('',#6134,#928);
#690=LINE('',#6136,#929);
#691=LINE('',#6137,#930);
#692=LINE('',#6140,#931);
#693=LINE('',#6142,#932);
#694=LINE('',#6144,#933);
#695=LINE('',#6145,#934);
#696=LINE('',#6149,#935);
#697=LINE('',#6151,#936);
#698=LINE('',#6153,#937);
#699=LINE('',#6154,#938);
#700=LINE('',#6157,#939);
#701=LINE('',#6159,#940);
#702=LINE('',#6160,#941);
#703=LINE('',#6164,#942);
#704=LINE('',#6166,#943);
#705=LINE('',#6168,#944);
#706=LINE('',#6169,#945);
#707=LINE('',#6173,#946);
#708=LINE('',#6175,#947);
#709=LINE('',#6177,#948);
#710=LINE('',#6178,#949);
#711=LINE('',#6181,#950);
#712=LINE('',#6183,#951);
#713=LINE('',#6184,#952);
#714=LINE('',#6452,#953);
#715=LINE('',#6533,#954);
#716=LINE('',#6540,#955);
#717=LINE('',#6542,#956);
#718=LINE('',#6544,#957);
#719=LINE('',#6545,#958);
#720=LINE('',#6548,#959);
#721=LINE('',#6550,#960);
#722=LINE('',#6552,#961);
#723=LINE('',#6553,#962);
#724=LINE('',#6556,#963);
#725=LINE('',#6558,#964);
#726=LINE('',#6560,#965);
#727=LINE('',#6561,#966);
#728=LINE('',#6789,#967);
#729=LINE('',#6831,#968);
#730=LINE('',#6889,#969);
#731=LINE('',#7044,#970);
#732=LINE('',#7217,#971);
#733=LINE('',#7440,#972);
#734=LINE('',#7521,#973);
#735=LINE('',#7528,#974);
#736=LINE('',#7530,#975);
#737=LINE('',#7532,#976);
#738=LINE('',#7533,#977);
#739=LINE('',#7536,#978);
#740=LINE('',#7538,#979);
#741=LINE('',#7540,#980);
#742=LINE('',#7541,#981);
#743=LINE('',#7544,#982);
#744=LINE('',#7546,#983);
#745=LINE('',#7548,#984);
#746=LINE('',#7549,#985);
#747=LINE('',#7693,#986);
#748=LINE('',#7699,#987);
#749=LINE('',#7705,#988);
#750=LINE('',#7711,#989);
#751=LINE('',#7755,#990);
#752=LINE('',#7761,#991);
#753=LINE('',#7803,#992);
#754=LINE('',#7805,#993);
#755=LINE('',#7807,#994);
#756=LINE('',#7809,#995);
#757=LINE('',#7844,#996);
#758=LINE('',#7845,#997);
#759=LINE('',#7846,#998);
#760=LINE('',#7861,#999);
#761=LINE('',#7868,#1000);
#762=LINE('',#7884,#1001);
#763=LINE('',#7891,#1002);
#764=LINE('',#7904,#1003);
#765=LINE('',#7905,#1004);
#766=LINE('',#7907,#1005);
#767=LINE('',#7909,#1006);
#768=LINE('',#7911,#1007);
#769=LINE('',#7912,#1008);
#770=LINE('',#7914,#1009);
#771=LINE('',#7916,#1010);
#772=LINE('',#7918,#1011);
#773=LINE('',#7919,#1012);
#774=LINE('',#7921,#1013);
#775=LINE('',#7923,#1014);
#776=LINE('',#7924,#1015);
#777=LINE('',#7927,#1016);
#778=LINE('',#7928,#1017);
#779=LINE('',#7958,#1018);
#780=LINE('',#8105,#1019);
#781=LINE('',#8107,#1020);
#782=LINE('',#8108,#1021);
#783=LINE('',#8111,#1022);
#784=LINE('',#8113,#1023);
#785=LINE('',#8115,#1024);
#786=LINE('',#8116,#1025);
#787=LINE('',#8118,#1026);
#788=LINE('',#8119,#1027);
#789=LINE('',#8121,#1028);
#790=LINE('',#8123,#1029);
#791=LINE('',#8132,#1030);
#792=LINE('',#8134,#1031);
#793=LINE('',#8135,#1032);
#794=LINE('',#8138,#1033);
#795=LINE('',#8139,#1034);
#796=LINE('',#8141,#1035);
#797=LINE('',#8142,#1036);
#798=LINE('',#8144,#1037);
#799=LINE('',#8147,#1038);
#800=LINE('',#8187,#1039);
#801=LINE('',#8190,#1040);
#802=LINE('',#8278,#1041);
#803=LINE('',#8334,#1042);
#804=LINE('',#8448,#1043);
#805=LINE('',#8495,#1044);
#806=LINE('',#8519,#1045);
#807=LINE('',#8705,#1046);
#808=LINE('',#8747,#1047);
#809=LINE('',#8881,#1048);
#810=LINE('',#8886,#1049);
#811=LINE('',#8890,#1050);
#812=LINE('',#8895,#1051);
#813=LINE('',#9064,#1052);
#814=LINE('',#9070,#1053);
#815=LINE('',#9088,#1054);
#816=LINE('',#9103,#1055);
#817=LINE('',#9180,#1056);
#818=LINE('',#9190,#1057);
#819=LINE('',#9193,#1058);
#820=LINE('',#9253,#1059);
#821=LINE('',#9254,#1060);
#822=LINE('',#9263,#1061);
#823=LINE('',#9265,#1062);
#824=LINE('',#9267,#1063);
#825=LINE('',#9269,#1064);
#826=LINE('',#9302,#1065);
#827=LINE('',#9332,#1066);
#828=LINE('',#9349,#1067);
#829=LINE('',#9499,#1068);
#830=LINE('',#9500,#1069);
#831=LINE('',#9502,#1070);
#832=LINE('',#9652,#1071);
#833=LINE('',#9653,#1072);
#834=LINE('',#9655,#1073);
#835=LINE('',#9805,#1074);
#836=LINE('',#9806,#1075);
#837=LINE('',#9808,#1076);
#838=LINE('',#9850,#1077);
#839=LINE('',#9867,#1078);
#840=LINE('',#9941,#1079);
#841=LINE('',#9966,#1080);
#842=LINE('',#10118,#1081);
#843=LINE('',#10119,#1082);
#844=LINE('',#10121,#1083);
#845=LINE('',#10273,#1084);
#846=LINE('',#10274,#1085);
#847=LINE('',#10276,#1086);
#848=LINE('',#10350,#1087);
#849=LINE('',#10375,#1088);
#850=LINE('',#10417,#1089);
#851=LINE('',#10434,#1090);
#852=LINE('',#10584,#1091);
#853=LINE('',#10585,#1092);
#854=LINE('',#10587,#1093);
#855=LINE('',#10596,#1094);
#856=LINE('',#10599,#1095);
#857=LINE('',#10624,#1096);
#858=LINE('',#10627,#1097);
#859=LINE('',#10651,#1098);
#860=LINE('',#10682,#1099);
#861=LINE('',#10708,#1100);
#862=LINE('',#10730,#1101);
#863=LINE('',#10752,#1102);
#864=LINE('',#10824,#1103);
#865=LINE('',#10961,#1104);
#866=LINE('',#11114,#1105);
#867=LINE('',#11236,#1106);
#868=LINE('',#11271,#1107);
#869=LINE('',#11273,#1108);
#870=LINE('',#11276,#1109);
#871=LINE('',#11279,#1110);
#872=LINE('',#11282,#1111);
#873=LINE('',#11283,#1112);
#874=LINE('',#11285,#1113);
#875=LINE('',#11305,#1114);
#876=LINE('',#11308,#1115);
#877=LINE('',#11311,#1116);
#878=LINE('',#11314,#1117);
#879=LINE('',#11315,#1118);
#880=LINE('',#11317,#1119);
#881=LINE('',#11350,#1120);
#882=VECTOR('',#4303,10.);
#883=VECTOR('',#4304,10.);
#884=VECTOR('',#4305,10.);
#885=VECTOR('',#4308,10.);
#886=VECTOR('',#4313,10.);
#887=VECTOR('',#4314,10.);
#888=VECTOR('',#4317,10.);
#889=VECTOR('',#4320,10.);
#890=VECTOR('',#4321,10.);
#891=VECTOR('',#4322,10.);
#892=VECTOR('',#4325,10.);
#893=VECTOR('',#4326,10.);
#894=VECTOR('',#4329,10.);
#895=VECTOR('',#4330,10.);
#896=VECTOR('',#4333,10.);
#897=VECTOR('',#4334,10.);
#898=VECTOR('',#4335,10.);
#899=VECTOR('',#4338,10.);
#900=VECTOR('',#4339,10.);
#901=VECTOR('',#4340,10.);
#902=VECTOR('',#4343,10.);
#903=VECTOR('',#4344,10.);
#904=VECTOR('',#4347,10.);
#905=VECTOR('',#4348,10.);
#906=VECTOR('',#4349,10.);
#907=VECTOR('',#4352,10.);
#908=VECTOR('',#4353,10.);
#909=VECTOR('',#4354,10.);
#910=VECTOR('',#4355,10.);
#911=VECTOR('',#4358,10.);
#912=VECTOR('',#4359,10.);
#913=VECTOR('',#4360,10.);
#914=VECTOR('',#4363,10.);
#915=VECTOR('',#4364,10.);
#916=VECTOR('',#4365,10.);
#917=VECTOR('',#4366,10.);
#918=VECTOR('',#4369,10.);
#919=VECTOR('',#4370,10.);
#920=VECTOR('',#4371,10.);
#921=VECTOR('',#4374,10.);
#922=VECTOR('',#4375,10.);
#923=VECTOR('',#4376,10.);
#924=VECTOR('',#4377,10.);
#925=VECTOR('',#4380,10.);
#926=VECTOR('',#4381,10.);
#927=VECTOR('',#4382,10.);
#928=VECTOR('',#4385,10.);
#929=VECTOR('',#4386,10.);
#930=VECTOR('',#4387,10.);
#931=VECTOR('',#4390,10.);
#932=VECTOR('',#4391,10.);
#933=VECTOR('',#4392,10.);
#934=VECTOR('',#4393,10.);
#935=VECTOR('',#4396,10.);
#936=VECTOR('',#4397,10.);
#937=VECTOR('',#4398,10.);
#938=VECTOR('',#4399,10.);
#939=VECTOR('',#4402,10.);
#940=VECTOR('',#4403,10.);
#941=VECTOR('',#4404,10.);
#942=VECTOR('',#4407,10.);
#943=VECTOR('',#4408,10.);
#944=VECTOR('',#4409,10.);
#945=VECTOR('',#4410,10.);
#946=VECTOR('',#4413,10.);
#947=VECTOR('',#4414,10.);
#948=VECTOR('',#4415,10.);
#949=VECTOR('',#4416,10.);
#950=VECTOR('',#4419,10.);
#951=VECTOR('',#4420,10.);
#952=VECTOR('',#4421,10.);
#953=VECTOR('',#4424,10.);
#954=VECTOR('',#4425,10.);
#955=VECTOR('',#4430,10.);
#956=VECTOR('',#4431,10.);
#957=VECTOR('',#4432,10.);
#958=VECTOR('',#4433,10.);
#959=VECTOR('',#4434,10.);
#960=VECTOR('',#4435,10.);
#961=VECTOR('',#4436,10.);
#962=VECTOR('',#4437,10.);
#963=VECTOR('',#4438,10.);
#964=VECTOR('',#4439,10.);
#965=VECTOR('',#4440,10.);
#966=VECTOR('',#4441,10.);
#967=VECTOR('',#4442,10.);
#968=VECTOR('',#4443,10.);
#969=VECTOR('',#4444,10.);
#970=VECTOR('',#4445,10.);
#971=VECTOR('',#4446,10.);
#972=VECTOR('',#4449,10.);
#973=VECTOR('',#4450,10.);
#974=VECTOR('',#4455,10.);
#975=VECTOR('',#4456,10.);
#976=VECTOR('',#4457,10.);
#977=VECTOR('',#4458,10.);
#978=VECTOR('',#4459,10.);
#979=VECTOR('',#4460,10.);
#980=VECTOR('',#4461,10.);
#981=VECTOR('',#4462,10.);
#982=VECTOR('',#4463,10.);
#983=VECTOR('',#4464,10.);
#984=VECTOR('',#4465,10.);
#985=VECTOR('',#4466,10.);
#986=VECTOR('',#4471,5.00000007450581);
#987=VECTOR('',#4478,5.00000007450581);
#988=VECTOR('',#4485,5.00000007450581);
#989=VECTOR('',#4492,5.00000007450581);
#990=VECTOR('',#4497,10.);
#991=VECTOR('',#4498,10.);
#992=VECTOR('',#4501,10.);
#993=VECTOR('',#4502,10.);
#994=VECTOR('',#4503,10.);
#995=VECTOR('',#4504,10.);
#996=VECTOR('',#4507,10.);
#997=VECTOR('',#4508,10.);
#998=VECTOR('',#4509,10.);
#999=VECTOR('',#4512,10.);
#1000=VECTOR('',#4513,10.);
#1001=VECTOR('',#4514,10.);
#1002=VECTOR('',#4515,10.);
#1003=VECTOR('',#4516,10.);
#1004=VECTOR('',#4517,10.);
#1005=VECTOR('',#4518,10.);
#1006=VECTOR('',#4519,10.);
#1007=VECTOR('',#4520,10.);
#1008=VECTOR('',#4521,10.);
#1009=VECTOR('',#4522,10.);
#1010=VECTOR('',#4523,10.);
#1011=VECTOR('',#4524,10.);
#1012=VECTOR('',#4525,10.);
#1013=VECTOR('',#4526,10.);
#1014=VECTOR('',#4527,10.);
#1015=VECTOR('',#4528,10.);
#1016=VECTOR('',#4531,10.);
#1017=VECTOR('',#4532,10.);
#1018=VECTOR('',#4533,10.);
#1019=VECTOR('',#4536,10.);
#1020=VECTOR('',#4537,10.);
#1021=VECTOR('',#4538,10.);
#1022=VECTOR('',#4541,10.);
#1023=VECTOR('',#4542,10.);
#1024=VECTOR('',#4543,10.);
#1025=VECTOR('',#4544,10.);
#1026=VECTOR('',#4547,10.);
#1027=VECTOR('',#4548,10.);
#1028=VECTOR('',#4551,10.);
#1029=VECTOR('',#4554,10.);
#1030=VECTOR('',#4559,10.);
#1031=VECTOR('',#4560,10.);
#1032=VECTOR('',#4561,10.);
#1033=VECTOR('',#4564,10.);
#1034=VECTOR('',#4565,10.);
#1035=VECTOR('',#4568,10.);
#1036=VECTOR('',#4569,10.);
#1037=VECTOR('',#4572,10.);
#1038=VECTOR('',#4577,10.);
#1039=VECTOR('',#4580,10.);
#1040=VECTOR('',#4585,10.);
#1041=VECTOR('',#4588,10.);
#1042=VECTOR('',#4589,10.);
#1043=VECTOR('',#4590,10.);
#1044=VECTOR('',#4591,10.);
#1045=VECTOR('',#4592,10.);
#1046=VECTOR('',#4593,10.);
#1047=VECTOR('',#4594,10.);
#1048=VECTOR('',#4599,3.);
#1049=VECTOR('',#4606,3.);
#1050=VECTOR('',#4611,3.);
#1051=VECTOR('',#4618,3.);
#1052=VECTOR('',#4633,10.);
#1053=VECTOR('',#4634,10.);
#1054=VECTOR('',#4635,10.);
#1055=VECTOR('',#4638,10.);
#1056=VECTOR('',#4639,10.);
#1057=VECTOR('',#4640,10.);
#1058=VECTOR('',#4643,10.);
#1059=VECTOR('',#4650,10.);
#1060=VECTOR('',#4651,10.);
#1061=VECTOR('',#4652,10.);
#1062=VECTOR('',#4655,10.);
#1063=VECTOR('',#4658,10.);
#1064=VECTOR('',#4661,10.);
#1065=VECTOR('',#4662,10.);
#1066=VECTOR('',#4663,10.);
#1067=VECTOR('',#4664,10.);
#1068=VECTOR('',#4667,10.);
#1069=VECTOR('',#4668,10.);
#1070=VECTOR('',#4671,10.);
#1071=VECTOR('',#4674,10.);
#1072=VECTOR('',#4675,10.);
#1073=VECTOR('',#4678,10.);
#1074=VECTOR('',#4681,10.);
#1075=VECTOR('',#4682,10.);
#1076=VECTOR('',#4685,10.);
#1077=VECTOR('',#4686,10.);
#1078=VECTOR('',#4689,3.175);
#1079=VECTOR('',#4690,10.);
#1080=VECTOR('',#4693,3.175);
#1081=VECTOR('',#4696,10.);
#1082=VECTOR('',#4697,10.);
#1083=VECTOR('',#4700,10.);
#1084=VECTOR('',#4703,10.);
#1085=VECTOR('',#4704,10.);
#1086=VECTOR('',#4707,10.);
#1087=VECTOR('',#4708,10.);
#1088=VECTOR('',#4711,3.175);
#1089=VECTOR('',#4712,10.);
#1090=VECTOR('',#4715,3.175);
#1091=VECTOR('',#4718,10.);
#1092=VECTOR('',#4719,10.);
#1093=VECTOR('',#4722,10.);
#1094=VECTOR('',#4725,10.);
#1095=VECTOR('',#4728,10.);
#1096=VECTOR('',#4731,10.);
#1097=VECTOR('',#4734,10.);
#1098=VECTOR('',#4735,10.);
#1099=VECTOR('',#4736,10.);
#1100=VECTOR('',#4739,10.);
#1101=VECTOR('',#4740,10.);
#1102=VECTOR('',#4743,10.);
#1103=VECTOR('',#4746,1.6);
#1104=VECTOR('',#4751,1.6);
#1105=VECTOR('',#4756,1.6);
#1106=VECTOR('',#4761,1.6);
#1107=VECTOR('',#4766,10.);
#1108=VECTOR('',#4769,10.);
#1109=VECTOR('',#4774,10.);
#1110=VECTOR('',#4779,10.);
#1111=VECTOR('',#4784,10.);
#1112=VECTOR('',#4785,10.);
#1113=VECTOR('',#4788,10.);
#1114=VECTOR('',#4795,10.);
#1115=VECTOR('',#4800,10.);
#1116=VECTOR('',#4805,10.);
#1117=VECTOR('',#4810,10.);
#1118=VECTOR('',#4811,10.);
#1119=VECTOR('',#4814,10.);
#1120=VECTOR('',#4815,10.);
#1121=B_SPLINE_CURVE_WITH_KNOTS('',3,(#4826,#4827,#4828,#4829),
 .UNSPECIFIED.,.F.,.F.,(4,4),(-0.517097547885281,-0.0500000068528336),
 .UNSPECIFIED.);
#1122=B_SPLINE_CURVE_WITH_KNOTS('',3,(#4833,#4834,#4835,#4836),
 .UNSPECIFIED.,.F.,.F.,(4,4),(0.0500198141889526,0.517117353271609),
 .UNSPECIFIED.);
#1123=B_SPLINE_CURVE_WITH_KNOTS('',3,(#4879,#4880,#4881,#4882,#4883,#4884,
#4885,#4886,#4887,#4888,#4889,#4890,#4891,#4892,#4893,#4894,#4895,#4896,
#4897,#4898,#4899,#4900,#4901,#4902,#4903,#4904,#4905,#4906),
 .UNSPECIFIED.,.F.,.F.,(4,3,3,3,3,3,3,3,3,4),(-0.0944311940810393,-0.077816132577402,
-0.0644139262893398,-0.0565997835134378,-0.0511733330234108,-0.0458747155742196,
-0.0410076750665427,-0.0347819562694849,-0.02254618607101,6.93889390390723E-18),
 .UNSPECIFIED.);
#1124=B_SPLINE_CURVE_WITH_KNOTS('',3,(#4908,#4909,#4910,#4911,#4912,#4913,
#4914,#4915,#4916,#4917,#4918,#4919,#4920,#4921,#4922,#4923,#4924,#4925,
#4926,#4927,#4928,#4929,#4930,#4931,#4932,#4933,#4934,#4935),
 .UNSPECIFIED.,.F.,.F.,(4,3,3,3,3,3,3,3,3,4),(0.,0.02254618607101,0.0347819562694849,
0.0410076750665427,0.0458747155742196,0.0511733330234108,0.0565997835134378,
0.0644139262893398,0.077816132577402,0.0944311940810393),.UNSPECIFIED.);
#1125=B_SPLINE_CURVE_WITH_KNOTS('',3,(#4939,#4940,#4941,#4942),
 .UNSPECIFIED.,.F.,.F.,(4,4),(-0.517131657445135,-0.0500000068645469),
 .UNSPECIFIED.);
#1126=B_SPLINE_CURVE_WITH_KNOTS('',3,(#4944,#4945,#4946,#4947),
 .UNSPECIFIED.,.F.,.F.,(4,4),(0.0500236138132636,0.51715526164201),
 .UNSPECIFIED.);
#1127=B_SPLINE_CURVE_WITH_KNOTS('',3,(#4950,#4951,#4952,#4953),
 .UNSPECIFIED.,.F.,.F.,(4,4),(-0.797837860376536,-0.0520488427182525),
 .UNSPECIFIED.);
#1128=B_SPLINE_CURVE_WITH_KNOTS('',3,(#4954,#4955,#4956,#4957),
 .UNSPECIFIED.,.F.,.F.,(4,4),(0.0500333921944539,0.795822385934594),
 .UNSPECIFIED.);
#1129=B_SPLINE_CURVE_WITH_KNOTS('',3,(#4977,#4978,#4979,#4980),
 .UNSPECIFIED.,.F.,.F.,(4,4),(-0.518546756229675,-0.051449215342448),
 .UNSPECIFIED.);
#1130=B_SPLINE_CURVE_WITH_KNOTS('',3,(#4984,#4985,#4986,#4987),
 .UNSPECIFIED.,.F.,.F.,(4,4),(0.0500167444781299,0.517114283561025),
 .UNSPECIFIED.);
#1131=B_SPLINE_CURVE_WITH_KNOTS('',3,(#4991,#4992,#4993,#4994),
 .UNSPECIFIED.,.F.,.F.,(4,4),(-0.795789062911819,-0.0500000408219805),
 .UNSPECIFIED.);
#1132=B_SPLINE_CURVE_WITH_KNOTS('',3,(#4996,#4997,#4998,#4999),
 .UNSPECIFIED.,.F.,.F.,(4,4),(0.0500473829983639,0.795836376739949),
 .UNSPECIFIED.);
#1133=B_SPLINE_CURVE_WITH_KNOTS('',3,(#5003,#5004,#5005,#5006),
 .UNSPECIFIED.,.F.,.F.,(4,4),(-0.519181912418484,-0.0520502620262554),
 .UNSPECIFIED.);
#1134=B_SPLINE_CURVE_WITH_KNOTS('',3,(#5008,#5009,#5010,#5011),
 .UNSPECIFIED.,.F.,.F.,(4,4),(0.050020249800379,0.517151897631225),
 .UNSPECIFIED.);
#1135=B_SPLINE_CURVE_WITH_KNOTS('',3,(#5053,#5054,#5055,#5056,#5057,#5058,
#5059,#5060,#5061,#5062,#5063,#5064,#5065,#5066,#5067,#5068,#5069,#5070,
#5071,#5072,#5073,#5074,#5075,#5076,#5077,#5078,#5079,#5080),
 .UNSPECIFIED.,.F.,.F.,(4,3,3,3,3,3,3,3,3,4),(-0.0944337689696811,-0.0774144064708824,
-0.065449422528353,-0.0590323373577274,-0.054170692845148,-0.0492391571248191,
-0.0447046591454155,-0.0375505246036135,-0.0218051735609209,0.),
 .UNSPECIFIED.);
#1136=B_SPLINE_CURVE_WITH_KNOTS('',3,(#5081,#5082,#5083,#5084,#5085,#5086,
#5087,#5088,#5089,#5090,#5091,#5092,#5093,#5094,#5095,#5096,#5097,#5098,
#5099,#5100,#5101,#5102,#5103,#5104,#5105,#5106,#5107,#5108),
 .UNSPECIFIED.,.F.,.F.,(4,3,3,3,3,3,3,3,3,4),(0.,0.0218051735609209,0.0375505246036135,
0.0447046591454155,0.0492391571248191,0.054170692845148,0.0590323373577274,
0.065449422528353,0.0774144064708824,0.0944337689696811),.UNSPECIFIED.);
#1137=B_SPLINE_CURVE_WITH_KNOTS('',3,(#5181,#5182,#5183,#5184,#5185,#5186,
#5187,#5188,#5189,#5190,#5191,#5192,#5193,#5194,#5195,#5196,#5197,#5198,
#5199,#5200,#5201,#5202,#5203,#5204,#5205,#5206,#5207,#5208,#5209,#5210,
#5211,#5212,#5213,#5214,#5215,#5216,#5217),.UNSPECIFIED.,.F.,.F.,(4,3,3,
3,3,3,3,3,3,3,3,3,4),(-0.0357268130082041,2.77555756156289E-17,0.0361992074790182,
0.0760858070313478,0.0994034747135715,0.110519688201556,0.118850960316541,
0.126545329536226,0.138749233135693,0.165754428155877,0.201899594212014,
0.241100676026507,0.279222773177003),.UNSPECIFIED.);
#1138=B_SPLINE_CURVE_WITH_KNOTS('',3,(#5221,#5222,#5223,#5224,#5225,#5226,
#5227,#5228,#5229,#5230,#5231,#5232,#5233,#5234,#5235,#5236,#5237,#5238,
#5239,#5240,#5241,#5242,#5243,#5244,#5245,#5246,#5247,#5248,#5249,#5250,
#5251,#5252,#5253,#5254,#5255,#5256,#5257),.UNSPECIFIED.,.F.,.F.,(4,3,3,
3,3,3,3,3,3,3,3,3,4),(-0.279222773177003,-0.241100676026507,-0.201899594212014,
-0.165754428155877,-0.138749233135693,-0.126545329536226,-0.118850960316541,
-0.110519688201556,-0.0994034747135715,-0.0760858070313478,-0.0361992074790182,
-2.77555756156289E-17,0.0357268130082041),.UNSPECIFIED.);
#1139=B_SPLINE_CURVE_WITH_KNOTS('',3,(#5261,#5262,#5263,#5264),
 .UNSPECIFIED.,.F.,.F.,(4,4),(-1.27152849593042,-0.0499999999999969),
 .UNSPECIFIED.);
#1140=B_SPLINE_CURVE_WITH_KNOTS('',3,(#5266,#5267,#5268,#5269),
 .UNSPECIFIED.,.F.,.F.,(4,4),(0.0499999999999983,1.27152849593042),
 .UNSPECIFIED.);
#1141=B_SPLINE_CURVE_WITH_KNOTS('',3,(#5288,#5289,#5290,#5291,#5292,#5293,
#5294,#5295,#5296,#5297),.UNSPECIFIED.,.F.,.F.,(4,3,3,4),(-0.393370167016508,
-0.285419021181389,-0.173492409157169,0.),.UNSPECIFIED.);
#1142=B_SPLINE_CURVE_WITH_KNOTS('',3,(#5299,#5300,#5301,#5302,#5303,#5304,
#5305,#5306,#5307,#5308),.UNSPECIFIED.,.F.,.F.,(4,3,3,4),(0.,0.173492409157169,
0.285419021181389,0.393370167016508),.UNSPECIFIED.);
#1143=B_SPLINE_CURVE_WITH_KNOTS('',3,(#5312,#5313,#5314,#5315),
 .UNSPECIFIED.,.F.,.F.,(4,4),(-0.414649512184761,-0.0500000055847116),
 .UNSPECIFIED.);
#1144=B_SPLINE_CURVE_WITH_KNOTS('',3,(#5317,#5318,#5319,#5320),
 .UNSPECIFIED.,.F.,.F.,(4,4),(0.0500079332450105,0.414657439734341),
 .UNSPECIFIED.);
#1145=B_SPLINE_CURVE_WITH_KNOTS('',3,(#5381,#5382,#5383,#5384,#5385,#5386,
#5387,#5388,#5389,#5390,#5391,#5392,#5393,#5394,#5395,#5396,#5397,#5398,
#5399,#5400,#5401,#5402,#5403,#5404,#5405,#5406,#5407,#5408,#5409,#5410,
#5411,#5412,#5413,#5414,#5415,#5416,#5417,#5418,#5419,#5420),
 .UNSPECIFIED.,.F.,.F.,(4,3,3,3,3,3,3,3,3,3,3,3,3,4),(-0.0437439588232993,
-0.0393095603451495,-1.58206781009085E-15,0.035773349469116,0.0727069538188035,
0.107127145193481,0.147029560587341,0.169554946760874,0.180484918448194,
0.188768905604491,0.197532716828293,0.210741125401167,0.242390074901047,
0.271195215399691),.UNSPECIFIED.);
#1146=B_SPLINE_CURVE_WITH_KNOTS('',3,(#5422,#5423,#5424,#5425,#5426,#5427,
#5428,#5429,#5430,#5431,#5432,#5433,#5434,#5435,#5436,#5437,#5438,#5439,
#5440,#5441,#5442,#5443,#5444,#5445,#5446,#5447,#5448,#5449,#5450,#5451,
#5452,#5453,#5454,#5455,#5456,#5457,#5458,#5459,#5460,#5461),
 .UNSPECIFIED.,.F.,.F.,(4,3,3,3,3,3,3,3,3,3,3,3,3,4),(-0.271195215399691,
-0.242390074901047,-0.210741125401166,-0.197532716828293,-0.188768905604491,
-0.180484918448194,-0.169554946760874,-0.14702956058734,-0.107127145193481,
-0.0727069538188034,-0.035773349469116,1.6306400674182E-15,0.0393095603451495,
0.0437439588232993),.UNSPECIFIED.);
#1147=B_SPLINE_CURVE_WITH_KNOTS('',3,(#5465,#5466,#5467,#5468),
 .UNSPECIFIED.,.F.,.F.,(4,4),(-0.414724920359187,-0.0500806841969093),
 .UNSPECIFIED.);
#1148=B_SPLINE_CURVE_WITH_KNOTS('',3,(#5470,#5471,#5472,#5473),
 .UNSPECIFIED.,.F.,.F.,(4,4),(0.0500057122015178,0.414649948306788),
 .UNSPECIFIED.);
#1149=B_SPLINE_CURVE_WITH_KNOTS('',3,(#5492,#5493,#5494,#5495,#5496,#5497,
#5498,#5499,#5500,#5501),.UNSPECIFIED.,.F.,.F.,(4,3,3,4),(-0.550786659534681,
-0.395512006152316,-0.257179185674539,0.),.UNSPECIFIED.);
#1150=B_SPLINE_CURVE_WITH_KNOTS('',3,(#5503,#5504,#5505,#5506,#5507,#5508,
#5509,#5510,#5511,#5512),.UNSPECIFIED.,.F.,.F.,(4,3,3,4),(0.,0.257179185674539,
0.395512006152316,0.550786659534681),.UNSPECIFIED.);
#1151=B_SPLINE_CURVE_WITH_KNOTS('',3,(#5530,#5531,#5532,#5533,#5534,#5535),
 .UNSPECIFIED.,.F.,.F.,(4,2,4),(-2.04494543965453,-2.02303545660109,-0.823416943724124),
 .UNSPECIFIED.);
#1152=B_SPLINE_CURVE_WITH_KNOTS('',3,(#5553,#5554,#5555,#5556),
 .UNSPECIFIED.,.F.,.F.,(4,4),(-0.823416943724125,0.),.UNSPECIFIED.);
#1153=B_SPLINE_CURVE_WITH_KNOTS('',3,(#5558,#5559,#5560,#5561,#5562,#5563),
 .UNSPECIFIED.,.F.,.F.,(4,2,4),(0.472369776899647,0.551327012848205,1.),
 .UNSPECIFIED.);
#1154=B_SPLINE_CURVE_WITH_KNOTS('',3,(#5567,#5568,#5569,#5570,#5571,#5572),
 .UNSPECIFIED.,.F.,.F.,(4,2,4),(0.472369776899648,0.551327012848205,1.),
 .UNSPECIFIED.);
#1155=B_SPLINE_CURVE_WITH_KNOTS('',3,(#5574,#5575,#5576,#5577),
 .UNSPECIFIED.,.F.,.F.,(4,4),(-4.04607091320218,-3.14682266641123),
 .UNSPECIFIED.);
#1156=B_SPLINE_CURVE_WITH_KNOTS('',3,(#5579,#5580,#5581,#5582,#5583,#5584,
#5585,#5586,#5587,#5588,#5589,#5590,#5591,#5592,#5593,#5594,#5595,#5596,
#5597,#5598,#5599,#5600,#5601,#5602,#5603,#5604,#5605,#5606,#5607,#5608,
#5609,#5610,#5611,#5612,#5613,#5614,#5615,#5616,#5617,#5618,#5619,#5620,
#5621,#5622,#5623,#5624,#5625,#5626,#5627),.UNSPECIFIED.,.F.,.F.,(4,3,3,
3,3,3,3,3,3,3,3,3,3,3,3,3,4),(0.5120608238386,0.62257243129046,0.816456170671915,
1.01903537352692,1.13560324595823,1.22658033343759,1.65972337791013,1.83718573436705,
2.02904188160343,2.36392328746985,2.66285331481099,2.91646223661185,3.14793147078455,
3.4026165690014,3.79310456445078,4.04705565574066,4.69172468921788),
 .UNSPECIFIED.);
#1157=B_SPLINE_CURVE_WITH_KNOTS('',3,(#5629,#5630,#5631,#5632),
 .UNSPECIFIED.,.F.,.F.,(4,4),(-0.353543925445769,-0.0504949737534739),
 .UNSPECIFIED.);
#1158=B_SPLINE_CURVE_WITH_KNOTS('',3,(#5634,#5635,#5636,#5637,#5638,#5639,
#5640,#5641,#5642,#5643,#5644,#5645,#5646,#5647,#5648,#5649,#5650,#5651,
#5652,#5653,#5654,#5655,#5656,#5657,#5658,#5659,#5660,#5661,#5662,#5663,
#5664,#5665,#5666,#5667,#5668,#5669,#5670,#5671,#5672,#5673,#5674,#5675,
#5676),.UNSPECIFIED.,.F.,.F.,(4,3,3,3,3,3,3,3,3,3,3,3,3,3,4),(0.,3.53189741291213,
4.65980710686953,6.38865792282647,7.43292689080888,9.10659258101879,9.5425406431556,
10.3064133558507,11.1597614606278,11.901718508383,12.1874560110364,12.6724894211894,
12.9026461989659,13.306621696982,14.1275896516485),.UNSPECIFIED.);
#1159=B_SPLINE_CURVE_WITH_KNOTS('',3,(#5677,#5678,#5679,#5680),
 .UNSPECIFIED.,.F.,.F.,(4,4),(-2.29155292284862,-2.04494543965453),
 .UNSPECIFIED.);
#1160=B_SPLINE_CURVE_WITH_KNOTS('',3,(#5684,#5685,#5686,#5687),
 .UNSPECIFIED.,.F.,.F.,(4,4),(-0.414644241748554,-0.0500000055821455),
 .UNSPECIFIED.);
#1161=B_SPLINE_CURVE_WITH_KNOTS('',3,(#5691,#5692,#5693,#5694),
 .UNSPECIFIED.,.F.,.F.,(4,4),(0.0500071704202366,0.414651406523903),
 .UNSPECIFIED.);
#1162=B_SPLINE_CURVE_WITH_KNOTS('',3,(#5753,#5754,#5755,#5756,#5757,#5758,
#5759,#5760,#5761,#5762,#5763,#5764,#5765,#5766,#5767,#5768,#5769,#5770,
#5771,#5772,#5773,#5774,#5775,#5776,#5777,#5778,#5779,#5780,#5781,#5782,
#5783,#5784,#5785,#5786,#5787,#5788,#5789,#5790,#5791,#5792),
 .UNSPECIFIED.,.F.,.F.,(4,3,3,3,3,3,3,3,3,3,3,3,3,4),(-0.337161036262876,
-0.321786211453675,-0.281903258559647,-0.266157627363799,-0.256787702650927,
-0.249457517829086,-0.23994235053559,-0.223591162099273,-0.184492352398661,
-0.145971020319868,-0.106348471293062,-0.0683381987524849,-0.0328388248975948,
-0.02217576430101),.UNSPECIFIED.);
#1163=B_SPLINE_CURVE_WITH_KNOTS('',3,(#5794,#5795,#5796,#5797,#5798,#5799,
#5800,#5801,#5802,#5803,#5804,#5805,#5806,#5807,#5808,#5809,#5810,#5811,
#5812,#5813,#5814,#5815,#5816,#5817,#5818,#5819,#5820,#5821,#5822,#5823,
#5824,#5825,#5826,#5827,#5828,#5829,#5830,#5831,#5832,#5833),
 .UNSPECIFIED.,.F.,.F.,(4,3,3,3,3,3,3,3,3,3,3,3,3,4),(0.02217576430101,
0.0328388248975948,0.0683381987524849,0.106348471293062,0.145971020319868,
0.184492352398661,0.223591162099273,0.23994235053559,0.249457517829086,
0.256787702650927,0.266157627363799,0.281903258559647,0.321786211453675,
0.337161036262876),.UNSPECIFIED.);
#1164=B_SPLINE_CURVE_WITH_KNOTS('',3,(#5837,#5838,#5839,#5840),
 .UNSPECIFIED.,.F.,.F.,(4,4),(-0.414785250032961,-0.0501357434443465),
 .UNSPECIFIED.);
#1165=B_SPLINE_CURVE_WITH_KNOTS('',3,(#5842,#5843,#5844,#5845),
 .UNSPECIFIED.,.F.,.F.,(4,4),(0.0500063949109601,0.414655901402302),
 .UNSPECIFIED.);
#1166=B_SPLINE_CURVE_WITH_KNOTS('',3,(#5864,#5865,#5866,#5867,#5868,#5869,
#5870,#5871,#5872,#5873),.UNSPECIFIED.,.F.,.F.,(4,3,3,4),(-0.393421358529539,
-0.282502038131445,-0.183697415617467,0.),.UNSPECIFIED.);
#1167=B_SPLINE_CURVE_WITH_KNOTS('',3,(#5875,#5876,#5877,#5878,#5879,#5880,
#5881,#5882,#5883,#5884),.UNSPECIFIED.,.F.,.F.,(4,3,3,4),(0.,0.183697415617467,
0.282502038131445,0.393421358529539),.UNSPECIFIED.);
#1168=B_SPLINE_CURVE_WITH_KNOTS('',3,(#5888,#5889,#5890,#5891),
 .UNSPECIFIED.,.F.,.F.,(4,4),(-1.27152849593443,-0.0500000000040071),
 .UNSPECIFIED.);
#1169=B_SPLINE_CURVE_WITH_KNOTS('',3,(#5893,#5894,#5895,#5896),
 .UNSPECIFIED.,.F.,.F.,(4,4),(0.0499999999999987,1.27152849593042),
 .UNSPECIFIED.);
#1170=B_SPLINE_CURVE_WITH_KNOTS('',3,(#5951,#5952,#5953,#5954,#5955,#5956,
#5957,#5958,#5959,#5960,#5961,#5962,#5963,#5964,#5965,#5966,#5967,#5968,
#5969,#5970,#5971,#5972,#5973,#5974,#5975,#5976,#5977,#5978,#5979,#5980,
#5981,#5982,#5983,#5984,#5985,#5986,#5987),.UNSPECIFIED.,.F.,.F.,(4,3,3,
3,3,3,3,3,3,3,3,3,4),(-0.353119004671209,-0.322039995346862,-0.286504096637588,
-0.253621734612096,-0.216238358568369,-0.202443667317238,-0.193528722973439,
-0.185275713759213,-0.17463469116845,-0.153490820544803,-0.116114226159945,
-0.0772363729754885,-0.0381632404021572),.UNSPECIFIED.);
#1171=B_SPLINE_CURVE_WITH_KNOTS('',3,(#5989,#5990,#5991,#5992,#5993,#5994,
#5995,#5996,#5997,#5998,#5999,#6000,#6001,#6002,#6003,#6004,#6005,#6006,
#6007,#6008,#6009,#6010,#6011,#6012,#6013,#6014,#6015,#6016,#6017,#6018,
#6019,#6020,#6021,#6022,#6023,#6024,#6025),.UNSPECIFIED.,.F.,.F.,(4,3,3,
3,3,3,3,3,3,3,3,3,4),(0.0381632404021572,0.0772363729754885,0.116114226159944,
0.153490820544803,0.17463469116845,0.185275713759213,0.193528722973439,
0.202443667317238,0.216238358568369,0.253621734612096,0.286504096637588,
0.322039995346862,0.353119004671209),.UNSPECIFIED.);
#1172=B_SPLINE_CURVE_WITH_KNOTS('',3,(#6044,#6045,#6046,#6047,#6048,#6049,
#6050,#6051,#6052,#6053),.UNSPECIFIED.,.F.,.F.,(4,3,3,4),(-0.550715099029672,
-0.39960550101683,-0.24292329704513,0.),.UNSPECIFIED.);
#1173=B_SPLINE_CURVE_WITH_KNOTS('',3,(#6056,#6057,#6058,#6059,#6060,#6061,
#6062,#6063,#6064,#6065),.UNSPECIFIED.,.F.,.F.,(4,3,3,4),(0.,0.24292329704513,
0.39960550101683,0.550715099029672),.UNSPECIFIED.);
#1174=B_SPLINE_CURVE_WITH_KNOTS('',3,(#6082,#6083,#6084,#6085,#6086,#6087),
 .UNSPECIFIED.,.F.,.F.,(4,2,4),(-3.22265396947806,-2.02303545660109,-2.00112547354764),
 .UNSPECIFIED.);
#1175=B_SPLINE_CURVE_WITH_KNOTS('',3,(#6303,#6304,#6305,#6306),
 .UNSPECIFIED.,.F.,.F.,(4,4),(-0.707665105987998,-2.87846430024885E-8),
 .UNSPECIFIED.);
#1176=B_SPLINE_CURVE_WITH_KNOTS('',3,(#6308,#6309,#6310,#6311,#6312,#6313,
#6314,#6315,#6316,#6317,#6318,#6319,#6320,#6321,#6322,#6323,#6324,#6325,
#6326,#6327,#6328,#6329,#6330,#6331,#6332,#6333,#6334,#6335,#6336,#6337,
#6338,#6339,#6340,#6341,#6342,#6343,#6344,#6345,#6346,#6347,#6348,#6349,
#6350,#6351,#6352,#6353,#6354,#6355,#6356,#6357,#6358,#6359,#6360,#6361,
#6362,#6363,#6364,#6365,#6366,#6367,#6368,#6369,#6370,#6371,#6372,#6373,
#6374,#6375,#6376,#6377,#6378,#6379,#6380,#6381,#6382,#6383,#6384,#6385,
#6386),.UNSPECIFIED.,.F.,.F.,(4,3,3,3,3,3,3,3,3,3,3,3,3,3,3,3,3,3,3,3,3,
3,3,3,3,3,4),(-8.73013523580975,-8.57999662406402,-8.42985801227313,-8.12958078869136,
-7.8293035651096,-7.67916495331871,-7.52902634152783,-7.37888772973694,
-7.22874911794606,-6.92847189436429,-6.62819467078252,-6.32791744720075,
-6.02764022361898,-5.72736300003722,-5.12680855287368,-4.52625410571014,
-4.4511847998147,-4.22597688212837,-3.92569965854661,-3.32514521138307,
-2.72459076421953,-2.124036317056,-1.82375909347423,-1.52348186989246,-1.22320464631069,
-0.922927422728922,-0.891667739550689),.UNSPECIFIED.);
#1177=B_SPLINE_CURVE_WITH_KNOTS('',3,(#6388,#6389,#6390,#6391),
 .UNSPECIFIED.,.F.,.F.,(4,4),(-2.00362100714358,-1.89860070551813),
 .UNSPECIFIED.);
#1178=B_SPLINE_CURVE_WITH_KNOTS('',3,(#6393,#6394,#6395,#6396),
 .UNSPECIFIED.,.F.,.F.,(4,4),(-2.09441207801765,-0.0499434235879052),
 .UNSPECIFIED.);
#1179=B_SPLINE_CURVE_WITH_KNOTS('',3,(#6398,#6399,#6400,#6401),
 .UNSPECIFIED.,.F.,.F.,(4,4),(-1.28957643373017,-1.00580667993543),
 .UNSPECIFIED.);
#1180=B_SPLINE_CURVE_WITH_KNOTS('',3,(#6403,#6404,#6405,#6406),
 .UNSPECIFIED.,.F.,.F.,(4,4),(-1.42121423857206,-0.197590560039173),
 .UNSPECIFIED.);
#1181=B_SPLINE_CURVE_WITH_KNOTS('',3,(#6407,#6408,#6409,#6410,#6411,#6412,
#6413,#6414,#6415,#6416,#6417,#6418,#6419,#6420,#6421,#6422,#6423,#6424,
#6425,#6426,#6427,#6428,#6429,#6430,#6431,#6432,#6433,#6434,#6435,#6436,
#6437,#6438,#6439,#6440,#6441,#6442,#6443,#6444,#6445,#6446,#6447,#6448,
#6449),.UNSPECIFIED.,.F.,.F.,(4,3,3,3,3,3,3,3,3,3,3,3,3,3,4),(0.,3.53189741291213,
4.65980710686953,6.38865792282647,7.43292689080888,9.10659258101879,9.5425406431556,
10.3064133558507,11.1597614606278,11.901718508383,12.1874560110364,12.6724894211894,
12.9026461989659,13.306621696982,14.1275896516485),.UNSPECIFIED.);
#1182=B_SPLINE_CURVE_WITH_KNOTS('',3,(#6454,#6455,#6456,#6457,#6458,#6459,
#6460,#6461,#6462,#6463,#6464,#6465,#6466,#6467,#6468,#6469,#6470,#6471,
#6472,#6473,#6474,#6475,#6476,#6477,#6478,#6479,#6480,#6481,#6482,#6483,
#6484,#6485,#6486,#6487,#6488,#6489,#6490,#6491,#6492,#6493,#6494,#6495,
#6496,#6497,#6498,#6499,#6500,#6501,#6502,#6503,#6504,#6505,#6506,#6507,
#6508,#6509,#6510,#6511,#6512,#6513,#6514,#6515,#6516,#6517,#6518,#6519,
#6520,#6521,#6522,#6523,#6524,#6525,#6526,#6527,#6528,#6529,#6530,#6531,
#6532),.UNSPECIFIED.,.F.,.F.,(4,3,3,3,3,3,3,3,3,3,3,3,3,3,3,3,3,3,3,3,3,
3,3,3,3,3,4),(-2.3156957562454,-2.30740060306721,-2.23577268192168,-2.16414476077615,
-2.09251683963061,-2.02088891848508,-1.87763307619401,-1.73437723390295,
-1.59112139161188,-1.44786554932081,-1.37623762817528,-1.34042366760251,
-1.30460970702975,-1.16135386473868,-1.08972594359315,-1.01809802244762,
-0.946470101302082,-0.87484218015655,-0.803214259011017,-0.76740029843825,
-0.731586337865483,-0.695772377292717,-0.65995841671995,-0.588330495574417,
-0.516702574428884,-0.480888613856118,-0.445074653311977),.UNSPECIFIED.);
#1183=B_SPLINE_CURVE_WITH_KNOTS('',3,(#6679,#6680,#6681,#6682),
 .UNSPECIFIED.,.F.,.F.,(4,4),(-2.79466758161517,-2.07600740614869),
 .UNSPECIFIED.);
#1184=B_SPLINE_CURVE_WITH_KNOTS('',3,(#6684,#6685,#6686,#6687,#6688,#6689,
#6690,#6691,#6692,#6693,#6694,#6695,#6696,#6697,#6698,#6699,#6700,#6701,
#6702,#6703,#6704,#6705,#6706,#6707,#6708,#6709,#6710,#6711,#6712,#6713,
#6714,#6715,#6716,#6717,#6718,#6719,#6720,#6721,#6722,#6723,#6724,#6725,
#6726,#6727,#6728,#6729,#6730,#6731,#6732),.UNSPECIFIED.,.F.,.F.,(4,3,3,
3,3,3,3,3,3,3,3,3,3,3,3,3,4),(0.5120608238386,0.62257243129046,0.816456170671915,
1.01903537352692,1.13560324595823,1.22658033343759,1.65972337791013,1.83718573436705,
2.02904188160343,2.36392328746985,2.66285331481099,2.91646223661185,3.14793147078455,
3.4026165690014,3.79310456445078,4.04705565574066,4.69172468921788),
 .UNSPECIFIED.);
#1185=B_SPLINE_CURVE_WITH_KNOTS('',3,(#6734,#6735,#6736,#6737),
 .UNSPECIFIED.,.F.,.F.,(4,4),(-3.23323952266769,-1.86567600513931),
 .UNSPECIFIED.);
#1186=B_SPLINE_CURVE_WITH_KNOTS('',3,(#6739,#6740,#6741,#6742),
 .UNSPECIFIED.,.F.,.F.,(4,4),(-0.97466088265697,-0.691646757661607),
 .UNSPECIFIED.);
#1187=B_SPLINE_CURVE_WITH_KNOTS('',3,(#6744,#6745,#6746,#6747),
 .UNSPECIFIED.,.F.,.F.,(4,4),(-2.31099356105439,-0.199025953588794),
 .UNSPECIFIED.);
#1188=B_SPLINE_CURVE_WITH_KNOTS('',3,(#6748,#6749,#6750,#6751),
 .UNSPECIFIED.,.F.,.F.,(4,4),(-0.160059496855731,-0.0499499125615017),
 .UNSPECIFIED.);
#1189=B_SPLINE_CURVE_WITH_KNOTS('',3,(#6768,#6769,#6770,#6771),
 .UNSPECIFIED.,.F.,.F.,(4,4),(-2.00112547354764,-1.75451799035356),
 .UNSPECIFIED.);
#1190=B_SPLINE_CURVE_WITH_KNOTS('',3,(#6772,#6773,#6774,#6775),
 .UNSPECIFIED.,.F.,.F.,(4,4),(-0.353543925445769,-0.0504949737534739),
 .UNSPECIFIED.);
#1191=B_SPLINE_CURVE_WITH_KNOTS('',3,(#6777,#6778,#6779,#6780),
 .UNSPECIFIED.,.F.,.F.,(4,4),(-0.899248246790955,0.),.UNSPECIFIED.);
#1192=B_SPLINE_CURVE_WITH_KNOTS('',3,(#6782,#6783,#6784,#6785,#6786,#6787),
 .UNSPECIFIED.,.F.,.F.,(4,2,4),(0.472369776899648,0.551327012848205,1.),
 .UNSPECIFIED.);
#1193=B_SPLINE_CURVE_WITH_KNOTS('',3,(#6791,#6792,#6793,#6794,#6795,#6796),
 .UNSPECIFIED.,.F.,.F.,(4,2,4),(0.472369776899647,0.551327012848205,1.),
 .UNSPECIFIED.);
#1194=B_SPLINE_CURVE_WITH_KNOTS('',3,(#6797,#6798,#6799,#6800),
 .UNSPECIFIED.,.F.,.F.,(4,4),(-4.04607091320218,-3.22265396947806),
 .UNSPECIFIED.);
#1195=B_SPLINE_CURVE_WITH_KNOTS('',3,(#6818,#6819,#6820,#6821,#6822,#6823),
 .UNSPECIFIED.,.F.,.F.,(4,2,4),(-0.842820712231581,-0.42141035611579,0.),
 .UNSPECIFIED.);
#1196=B_SPLINE_CURVE_WITH_KNOTS('',3,(#6825,#6826,#6827,#6828,#6829,#6830),
 .UNSPECIFIED.,.F.,.F.,(4,2,4),(0.472369776899648,0.551327012848205,1.),
 .UNSPECIFIED.);
#1197=B_SPLINE_CURVE_WITH_KNOTS('',3,(#6849,#6850,#6851,#6852,#6853,#6854),
 .UNSPECIFIED.,.F.,.F.,(4,2,4),(-2.88893042621157,-1.44446521310579,0.),
 .UNSPECIFIED.);
#1198=B_SPLINE_CURVE_WITH_KNOTS('',3,(#6856,#6857,#6858,#6859),
 .UNSPECIFIED.,.F.,.F.,(4,4),(0.472369776899648,0.505523805533193),
 .UNSPECIFIED.);
#1199=B_SPLINE_CURVE_WITH_KNOTS('',3,(#6861,#6862,#6863,#6864),
 .UNSPECIFIED.,.F.,.F.,(4,4),(-1.14941116086419,-0.0500000000002303),
 .UNSPECIFIED.);
#1200=B_SPLINE_CURVE_WITH_KNOTS('',3,(#6866,#6867,#6868,#6869),
 .UNSPECIFIED.,.F.,.F.,(4,4),(-2.27699365049509,-0.0500014701003879),
 .UNSPECIFIED.);
#1201=B_SPLINE_CURVE_WITH_KNOTS('',3,(#6871,#6872,#6873,#6874,#6875,#6876,
#6877,#6878),.UNSPECIFIED.,.F.,.F.,(4,2,2,4),(-15.6101066059845,-7.54992856673639,
-2.76893335481367,0.),.UNSPECIFIED.);
#1202=B_SPLINE_CURVE_WITH_KNOTS('',3,(#6880,#6881,#6882,#6883),
 .UNSPECIFIED.,.F.,.F.,(4,4),(-0.81072817063627,0.),.UNSPECIFIED.);
#1203=B_SPLINE_CURVE_WITH_KNOTS('',3,(#6885,#6886,#6887,#6888),
 .UNSPECIFIED.,.F.,.F.,(4,4),(0.955036695983647,1.),.UNSPECIFIED.);
#1204=B_SPLINE_CURVE_WITH_KNOTS('',3,(#6892,#6893,#6894,#6895,#6896,#6897,
#6898,#6899,#6900,#6901,#6902,#6903,#6904),.UNSPECIFIED.,.F.,.F.,(4,3,3,
3,4),(-1.88969488325134,-1.81722377032661,-1.7522600661253,-1.73457638132933,
-1.72927179488038),.UNSPECIFIED.);
#1205=B_SPLINE_CURVE_WITH_KNOTS('',3,(#6905,#6906,#6907,#6908,#6909,#6910,
#6911,#6912,#6913,#6914,#6915,#6916,#6917,#6918,#6919,#6920,#6921,#6922,
#6923,#6924,#6925,#6926,#6927,#6928,#6929,#6930,#6931,#6932,#6933,#6934,
#6935,#6936,#6937,#6938,#6939,#6940,#6941,#6942,#6943,#6944,#6945,#6946,
#6947,#6948,#6949,#6950,#6951,#6952,#6953,#6954,#6955,#6956,#6957,#6958,
#6959,#6960,#6961,#6962,#6963,#6964,#6965,#6966,#6967,#6968,#6969,#6970,
#6971,#6972,#6973,#6974,#6975,#6976,#6977,#6978,#6979,#6980,#6981,#6982,
#6983,#6984,#6985,#6986,#6987,#6988,#6989,#6990,#6991,#6992,#6993,#6994,
#6995,#6996,#6997,#6998,#6999,#7000,#7001,#7002,#7003,#7004,#7005,#7006,
#7007,#7008,#7009,#7010,#7011,#7012,#7013),.UNSPECIFIED.,.F.,.F.,(4,3,3,
3,3,3,3,3,3,3,3,3,3,3,3,3,3,3,3,3,3,3,3,3,3,3,3,3,3,3,3,3,3,3,3,3,4),(-1.72927179488038,
-1.72407152177368,-1.7147907742255,-1.70324199541465,-1.68555561687555,
-1.61076845815778,-1.52704922630396,-1.51359053739966,-1.43719675394554,
-1.39882133348935,-1.31716853394602,-1.28001080617835,-1.16620162099344,
-1.08258722571802,-1.06030994967979,-0.983173869359571,-0.963185455170291,
-0.883267776441887,-0.878162192505852,-0.810192849876727,-0.792254657501096,
-0.781712508208836,-0.772468527809664,-0.76105542213156,-0.7391595355881,
-0.640345687823396,-0.558060233913187,-0.547593007030487,-0.466971909693407,
-0.431178012159113,-0.34225785770676,-0.312161438336584,-0.199904155952534,
-0.112323647648948,-0.0954147198975261,-0.0159950256619666,0.),
 .UNSPECIFIED.);
#1206=B_SPLINE_CURVE_WITH_KNOTS('',3,(#7031,#7032,#7033,#7034,#7035,#7036),
 .UNSPECIFIED.,.F.,.F.,(4,2,4),(-2.88893042621157,-1.44446521310579,0.),
 .UNSPECIFIED.);
#1207=B_SPLINE_CURVE_WITH_KNOTS('',3,(#7038,#7039,#7040,#7041,#7042,#7043),
 .UNSPECIFIED.,.F.,.F.,(4,2,4),(0.472369776899648,0.551327012848205,1.),
 .UNSPECIFIED.);
#1208=B_SPLINE_CURVE_WITH_KNOTS('',3,(#7046,#7047,#7048,#7049),
 .UNSPECIFIED.,.F.,.F.,(4,4),(-0.86072817063627,-0.0500000000000002),
 .UNSPECIFIED.);
#1209=B_SPLINE_CURVE_WITH_KNOTS('',3,(#7051,#7052,#7053,#7054,#7055,#7056,
#7057,#7058),.UNSPECIFIED.,.F.,.F.,(4,2,2,4),(-15.6228800571563,-14.4117233361038,
-12.5486015559633,0.),.UNSPECIFIED.);
#1210=B_SPLINE_CURVE_WITH_KNOTS('',3,(#7060,#7061,#7062,#7063),
 .UNSPECIFIED.,.F.,.F.,(4,4),(-2.27700460838731,-0.0500124923699019),
 .UNSPECIFIED.);
#1211=B_SPLINE_CURVE_WITH_KNOTS('',3,(#7064,#7065,#7066,#7067),
 .UNSPECIFIED.,.F.,.F.,(4,4),(-1.09941116086396,0.),.UNSPECIFIED.);
#1212=B_SPLINE_CURVE_WITH_KNOTS('',3,(#7070,#7071,#7072,#7073,#7074,#7075,
#7076,#7077,#7078,#7079,#7080,#7081,#7082,#7083,#7084,#7085),
 .UNSPECIFIED.,.F.,.F.,(4,3,3,3,3,4),(-1.88972535575849,-1.82300856839357,
-1.76162596677941,-1.744343863974,-1.73395003128212,-1.72454689135224),
 .UNSPECIFIED.);
#1213=B_SPLINE_CURVE_WITH_KNOTS('',3,(#7086,#7087,#7088,#7089,#7090,#7091,
#7092,#7093,#7094,#7095,#7096,#7097,#7098,#7099,#7100,#7101,#7102,#7103,
#7104,#7105,#7106,#7107,#7108,#7109,#7110,#7111,#7112,#7113,#7114,#7115,
#7116,#7117,#7118,#7119,#7120,#7121,#7122,#7123,#7124,#7125,#7126,#7127,
#7128,#7129,#7130,#7131,#7132,#7133,#7134,#7135,#7136,#7137,#7138,#7139,
#7140,#7141,#7142,#7143,#7144,#7145,#7146,#7147,#7148,#7149,#7150,#7151,
#7152,#7153,#7154,#7155,#7156,#7157,#7158,#7159,#7160,#7161,#7162,#7163,
#7164,#7165,#7166,#7167,#7168,#7169,#7170,#7171,#7172,#7173,#7174,#7175,
#7176,#7177,#7178,#7179,#7180,#7181,#7182,#7183,#7184,#7185,#7186,#7187,
#7188,#7189,#7190,#7191,#7192,#7193,#7194),.UNSPECIFIED.,.F.,.F.,(4,3,3,
3,3,3,3,3,3,3,3,3,3,3,3,3,3,3,3,3,3,3,3,3,3,3,3,3,3,3,3,3,3,3,3,3,4),(-1.72454689135224,
-1.71305063754857,-1.695028896745,-1.61622267716552,-1.53754666409075,-1.5199777462573,
-1.44185381549061,-1.40486484426745,-1.31125270213659,-1.28599683695622,
-1.19330244826818,-1.1725402617862,-1.09501669093393,-1.06697725839496,
-0.989695298816626,-0.970224347277729,-0.885725160799423,-0.819982257766508,
-0.802223073884849,-0.791701195817444,-0.782422639940552,-0.770899085782845,
-0.748582285525334,-0.666684976903754,-0.645435963720833,-0.566561941368829,
-0.546078912021539,-0.460530640557194,-0.429134494882872,-0.319369853573881,
-0.309266648957577,-0.219519368387227,-0.197824183420852,-0.116844843707838,
-0.0942194280015715,-0.0129970154486181,0.),.UNSPECIFIED.);
#1214=B_SPLINE_CURVE_WITH_KNOTS('',3,(#7211,#7212,#7213,#7214,#7215,#7216),
 .UNSPECIFIED.,.F.,.F.,(4,2,4),(-0.84282071223158,-0.42141035611579,0.),
 .UNSPECIFIED.);
#1215=B_SPLINE_CURVE_WITH_KNOTS('',3,(#7335,#7336,#7337,#7338),
 .UNSPECIFIED.,.F.,.F.,(4,4),(-0.724613928762191,0.),.UNSPECIFIED.);
#1216=B_SPLINE_CURVE_WITH_KNOTS('',3,(#7340,#7341,#7342,#7343,#7344,#7345,
#7346,#7347,#7348,#7349,#7350,#7351,#7352,#7353,#7354,#7355,#7356,#7357,
#7358,#7359,#7360,#7361,#7362,#7363,#7364,#7365,#7366,#7367,#7368,#7369,
#7370,#7371,#7372,#7373,#7374,#7375,#7376,#7377,#7378,#7379,#7380,#7381,
#7382,#7383,#7384,#7385,#7386,#7387,#7388,#7389,#7390,#7391,#7392,#7393,
#7394,#7395,#7396,#7397,#7398,#7399,#7400,#7401,#7402,#7403,#7404,#7405,
#7406,#7407,#7408,#7409,#7410,#7411,#7412,#7413,#7414,#7415,#7416,#7417,
#7418),.UNSPECIFIED.,.F.,.F.,(4,3,3,3,3,3,3,3,3,3,3,3,3,3,3,3,3,3,3,3,3,
3,3,3,3,3,4),(-2.3156957562454,-2.30740060306721,-2.23577268192168,-2.16414476077615,
-2.09251683963061,-2.02088891848508,-1.87763307619401,-1.73437723390295,
-1.59112139161188,-1.44786554932081,-1.37623762817528,-1.34042366760251,
-1.30460970702975,-1.16135386473868,-1.08972594359315,-1.01809802244762,
-0.946470101302082,-0.87484218015655,-0.803214259011017,-0.76740029843825,
-0.731586337865483,-0.695772377292717,-0.65995841671995,-0.588330495574417,
-0.516702574428884,-0.480888613856118,-0.445074653311977),.UNSPECIFIED.);
#1217=B_SPLINE_CURVE_WITH_KNOTS('',3,(#7420,#7421,#7422,#7423),
 .UNSPECIFIED.,.F.,.F.,(4,4),(-0.160059496855731,-0.0499499125615017),
 .UNSPECIFIED.);
#1218=B_SPLINE_CURVE_WITH_KNOTS('',3,(#7425,#7426,#7427,#7428),
 .UNSPECIFIED.,.F.,.F.,(4,4),(-2.31099356105439,-0.199025953588794),
 .UNSPECIFIED.);
#1219=B_SPLINE_CURVE_WITH_KNOTS('',3,(#7430,#7431,#7432,#7433),
 .UNSPECIFIED.,.F.,.F.,(4,4),(-0.97466088265697,-0.691646757661607),
 .UNSPECIFIED.);
#1220=B_SPLINE_CURVE_WITH_KNOTS('',3,(#7434,#7435,#7436,#7437),
 .UNSPECIFIED.,.F.,.F.,(4,4),(-3.23323952266769,-1.86567600513931),
 .UNSPECIFIED.);
#1221=B_SPLINE_CURVE_WITH_KNOTS('',3,(#7442,#7443,#7444,#7445,#7446,#7447,
#7448,#7449,#7450,#7451,#7452,#7453,#7454,#7455,#7456,#7457,#7458,#7459,
#7460,#7461,#7462,#7463,#7464,#7465,#7466,#7467,#7468,#7469,#7470,#7471,
#7472,#7473,#7474,#7475,#7476,#7477,#7478,#7479,#7480,#7481,#7482,#7483,
#7484,#7485,#7486,#7487,#7488,#7489,#7490,#7491,#7492,#7493,#7494,#7495,
#7496,#7497,#7498,#7499,#7500,#7501,#7502,#7503,#7504,#7505,#7506,#7507,
#7508,#7509,#7510,#7511,#7512,#7513,#7514,#7515,#7516,#7517,#7518,#7519,
#7520),.UNSPECIFIED.,.F.,.F.,(4,3,3,3,3,3,3,3,3,3,3,3,3,3,3,3,3,3,3,3,3,
3,3,3,3,3,4),(-8.73013523580975,-8.57999662406402,-8.42985801227313,-8.12958078869136,
-7.8293035651096,-7.67916495331871,-7.52902634152783,-7.37888772973694,
-7.22874911794606,-6.92847189436429,-6.62819467078252,-6.32791744720075,
-6.02764022361899,-5.72736300003722,-5.12680855287368,-4.52625410571014,
-4.4511847998147,-4.22597688212837,-3.92569965854661,-3.32514521138307,
-2.72459076421953,-2.124036317056,-1.82375909347423,-1.52348186989246,-1.22320464631069,
-0.922927422728922,-0.891667739550689),.UNSPECIFIED.);
#1222=B_SPLINE_CURVE_WITH_KNOTS('',3,(#7666,#7667,#7668,#7669),
 .UNSPECIFIED.,.F.,.F.,(4,4),(-2.71336303362953,-2.02927041176174),
 .UNSPECIFIED.);
#1223=B_SPLINE_CURVE_WITH_KNOTS('',3,(#7671,#7672,#7673,#7674),
 .UNSPECIFIED.,.F.,.F.,(4,4),(-1.42121423857206,-0.197590560039173),
 .UNSPECIFIED.);
#1224=B_SPLINE_CURVE_WITH_KNOTS('',3,(#7676,#7677,#7678,#7679),
 .UNSPECIFIED.,.F.,.F.,(4,4),(-1.28957643373017,-1.00580667993543),
 .UNSPECIFIED.);
#1225=B_SPLINE_CURVE_WITH_KNOTS('',3,(#7681,#7682,#7683,#7684),
 .UNSPECIFIED.,.F.,.F.,(4,4),(-2.09441207801765,-0.0499434235879052),
 .UNSPECIFIED.);
#1226=B_SPLINE_CURVE_WITH_KNOTS('',3,(#7685,#7686,#7687,#7688),
 .UNSPECIFIED.,.F.,.F.,(4,4),(-2.00362100714358,-1.89860070551813),
 .UNSPECIFIED.);
#1227=B_SPLINE_CURVE_WITH_KNOTS('',3,(#7731,#7732,#7733,#7734,#7735,#7736),
 .UNSPECIFIED.,.F.,.F.,(4,2,4),(0.,0.27701518601542,0.554030372030843),
 .UNSPECIFIED.);
#1228=B_SPLINE_CURVE_WITH_KNOTS('',3,(#7738,#7739,#7740,#7741),
 .UNSPECIFIED.,.F.,.F.,(4,4),(-0.150000001490121,-0.0499999999999952),
 .UNSPECIFIED.);
#1229=B_SPLINE_CURVE_WITH_KNOTS('',3,(#7743,#7744,#7745,#7746,#7747,#7748),
 .UNSPECIFIED.,.F.,.F.,(4,2,4),(0.,0.277015186015421,0.55403037203084),
 .UNSPECIFIED.);
#1230=B_SPLINE_CURVE_WITH_KNOTS('',3,(#7749,#7750,#7751,#7752),
 .UNSPECIFIED.,.F.,.F.,(4,4),(0.0499999999999952,0.150000001490121),
 .UNSPECIFIED.);
#1231=B_SPLINE_CURVE_WITH_KNOTS('',3,(#7757,#7758,#7759,#7760),
 .UNSPECIFIED.,.F.,.F.,(4,4),(-0.150000001490127,-0.0499999999999704),
 .UNSPECIFIED.);
#1232=B_SPLINE_CURVE_WITH_KNOTS('',3,(#7779,#7780,#7781,#7782,#7783,#7784),
 .UNSPECIFIED.,.F.,.F.,(4,2,4),(0.,0.277015186015423,0.554030372030845),
 .UNSPECIFIED.);
#1233=B_SPLINE_CURVE_WITH_KNOTS('',3,(#7786,#7787,#7788,#7789,#7790,#7791),
 .UNSPECIFIED.,.F.,.F.,(4,2,4),(0.,0.27701518601542,0.554030372030847),
 .UNSPECIFIED.);
#1234=B_SPLINE_CURVE_WITH_KNOTS('',3,(#7792,#7793,#7794,#7795),
 .UNSPECIFIED.,.F.,.F.,(4,4),(0.0499999999999704,0.150000001490127),
 .UNSPECIFIED.);
#1235=B_SPLINE_CURVE_WITH_KNOTS('',3,(#7799,#7800,#7801,#7802),
 .UNSPECIFIED.,.F.,.F.,(4,4),(-2.05103548586069,-0.0500386520250768),
 .UNSPECIFIED.);
#1236=B_SPLINE_CURVE_WITH_KNOTS('',3,(#7811,#7812,#7813,#7814),
 .UNSPECIFIED.,.F.,.F.,(4,4),(-2.00099683381695,0.),.UNSPECIFIED.);
#1237=B_SPLINE_CURVE_WITH_KNOTS('',3,(#7815,#7816,#7817,#7818),
 .UNSPECIFIED.,.F.,.F.,(4,4),(-2.40134375293523,-2.00124130940649),
 .UNSPECIFIED.);
#1238=B_SPLINE_CURVE_WITH_KNOTS('',3,(#7819,#7820,#7821,#7822),
 .UNSPECIFIED.,.F.,.F.,(4,4),(-3.22510035902606,-2.8249979155049),
 .UNSPECIFIED.);
#1239=B_SPLINE_CURVE_WITH_KNOTS('',3,(#7826,#7827,#7828,#7829),
 .UNSPECIFIED.,.F.,.F.,(4,4),(-2.00099683381692,0.),.UNSPECIFIED.);
#1240=B_SPLINE_CURVE_WITH_KNOTS('',3,(#7830,#7831,#7832,#7833),
 .UNSPECIFIED.,.F.,.F.,(4,4),(-2.40134375293517,-2.00124130940643),
 .UNSPECIFIED.);
#1241=B_SPLINE_CURVE_WITH_KNOTS('',3,(#7835,#7836,#7837,#7838),
 .UNSPECIFIED.,.F.,.F.,(4,4),(-3.22510035902608,-2.82499791550492),
 .UNSPECIFIED.);
#1242=B_SPLINE_CURVE_WITH_KNOTS('',3,(#7840,#7841,#7842,#7843),
 .UNSPECIFIED.,.F.,.F.,(4,4),(-2.05103548586067,-0.0500386520250768),
 .UNSPECIFIED.);
#1243=B_SPLINE_CURVE_WITH_KNOTS('',3,(#7849,#7850,#7851,#7852,#7853,#7854),
 .UNSPECIFIED.,.F.,.F.,(4,2,4),(-1.14098491132329,-0.570492455661646,0.),
 .UNSPECIFIED.);
#1244=B_SPLINE_CURVE_WITH_KNOTS('',3,(#7856,#7857,#7858,#7859),
 .UNSPECIFIED.,.F.,.F.,(4,4),(-0.740777916259987,0.),.UNSPECIFIED.);
#1245=B_SPLINE_CURVE_WITH_KNOTS('',3,(#7863,#7864,#7865,#7866),
 .UNSPECIFIED.,.F.,.F.,(4,4),(-0.522184130076346,-0.442184130075657),
 .UNSPECIFIED.);
#1246=B_SPLINE_CURVE_WITH_KNOTS('',3,(#7870,#7871,#7872,#7873,#7874,#7875),
 .UNSPECIFIED.,.F.,.F.,(4,2,4),(-2.74077794606231,-1.37038897303115,-0.820777916260724),
 .UNSPECIFIED.);
#1247=B_SPLINE_CURVE_WITH_KNOTS('',3,(#7877,#7878,#7879,#7880,#7881,#7882),
 .UNSPECIFIED.,.F.,.F.,(4,2,4),(-1.92000002980232,-1.37038897303115,0.),
 .UNSPECIFIED.);
#1248=B_SPLINE_CURVE_WITH_KNOTS('',3,(#7886,#7887,#7888,#7889),
 .UNSPECIFIED.,.F.,.F.,(4,4),(-0.12599604992713,-0.0459960499329128),
 .UNSPECIFIED.);
#1249=B_SPLINE_CURVE_WITH_KNOTS('',3,(#7893,#7894,#7895,#7896),
 .UNSPECIFIED.,.F.,.F.,(4,4),(-2.74077794606231,-2.00000002979611),
 .UNSPECIFIED.);
#1250=B_SPLINE_CURVE_WITH_KNOTS('',3,(#7897,#7898,#7899,#7900,#7901,#7902),
 .UNSPECIFIED.,.F.,.F.,(4,2,4),(-1.14098491132329,-0.570492455661645,0.),
 .UNSPECIFIED.);
#1251=B_SPLINE_CURVE_WITH_KNOTS('',3,(#7946,#7947,#7948,#7949),
 .UNSPECIFIED.,.F.,.F.,(4,4),(-0.66800107287864,0.),.UNSPECIFIED.);
#1252=B_SPLINE_CURVE_WITH_KNOTS('',3,(#7951,#7952,#7953,#7954,#7955,#7956),
 .UNSPECIFIED.,.F.,.F.,(4,2,4),(0.477631547344539,0.551327012848205,1.),
 .UNSPECIFIED.);
#1253=B_SPLINE_CURVE_WITH_KNOTS('',3,(#7960,#7961,#7962,#7963,#7964,#7965),
 .UNSPECIFIED.,.F.,.F.,(4,2,4),(0.477631547344539,0.551327012848205,1.),
 .UNSPECIFIED.);
#1254=B_SPLINE_CURVE_WITH_KNOTS('',3,(#7967,#7968,#7969,#7970,#7971,#7972),
 .UNSPECIFIED.,.F.,.F.,(4,2,4),(-3.96973849927412,-1.98486924963706,-1.48841993789632),
 .UNSPECIFIED.);
#1255=B_SPLINE_CURVE_WITH_KNOTS('',3,(#7973,#7974,#7975,#7976),
 .UNSPECIFIED.,.F.,.F.,(4,4),(-1.48841993789632,-1.11622182348311),
 .UNSPECIFIED.);
#1256=B_SPLINE_CURVE_WITH_KNOTS('',3,(#7977,#7978,#7979,#7980),
 .UNSPECIFIED.,.F.,.F.,(4,4),(-1.11622182348311,-0.768001074368756),
 .UNSPECIFIED.);
#1257=B_SPLINE_CURVE_WITH_KNOTS('',3,(#7983,#7984,#7985,#7986),
 .UNSPECIFIED.,.F.,.F.,(4,4),(-0.0500000000000009,0.549999999999999),
 .UNSPECIFIED.);
#1258=B_SPLINE_CURVE_WITH_KNOTS('',3,(#7988,#7989,#7990,#7991),
 .UNSPECIFIED.,.F.,.F.,(4,4),(-0.0499878211634619,0.550129610397618),
 .UNSPECIFIED.);
#1259=B_SPLINE_CURVE_WITH_KNOTS('',3,(#7993,#7994,#7995,#7996),
 .UNSPECIFIED.,.F.,.F.,(4,4),(-0.0500000000000005,0.55),.UNSPECIFIED.);
#1260=B_SPLINE_CURVE_WITH_KNOTS('',3,(#7997,#7998,#7999,#8000),
 .UNSPECIFIED.,.F.,.F.,(4,4),(-0.0499830563451065,0.550134375227634),
 .UNSPECIFIED.);
#1261=B_SPLINE_CURVE_WITH_KNOTS('',3,(#8002,#8003,#8004,#8005,#8006,#8007,
#8008,#8009,#8010,#8011,#8012,#8013,#8014,#8015,#8016,#8017,#8018,#8019),
 .UNSPECIFIED.,.T.,.F.,(4,1,1,1,1,1,1,1,2,2,2,1,4),(0.,0.1757598966352,
0.3515197932704,0.5272796899056,0.7030395865408,0.878799483176001,1.0545593798112,
1.2303192764464,1.4060791730816,1.4437277204565,1.49696709288512,1.75225524393782,
2.00754339499051),.UNSPECIFIED.);
#1262=B_SPLINE_CURVE_WITH_KNOTS('',3,(#8022,#8023,#8024,#8025),
 .UNSPECIFIED.,.F.,.F.,(4,4),(-0.0493846604120427,0.555664917041499),
 .UNSPECIFIED.);
#1263=B_SPLINE_CURVE_WITH_KNOTS('',3,(#8027,#8028,#8029,#8030),
 .UNSPECIFIED.,.F.,.F.,(4,4),(-0.0500000000000008,0.55),.UNSPECIFIED.);
#1264=B_SPLINE_CURVE_WITH_KNOTS('',3,(#8032,#8033,#8034,#8035),
 .UNSPECIFIED.,.F.,.F.,(4,4),(-0.0493531508397559,0.555696426624374),
 .UNSPECIFIED.);
#1265=B_SPLINE_CURVE_WITH_KNOTS('',3,(#8036,#8037,#8038,#8039),
 .UNSPECIFIED.,.F.,.F.,(4,4),(-0.05,0.550000000000001),.UNSPECIFIED.);
#1266=B_SPLINE_CURVE_WITH_KNOTS('',3,(#8041,#8042,#8043,#8044,#8045,#8046,
#8047,#8048,#8049,#8050),.UNSPECIFIED.,.T.,.F.,(4,1,1,1,1,1,1,4),(0.,0.285795068499454,
0.571590136998907,0.857385205498361,1.14318027399781,1.42897534249727,1.71477041099672,
2.00056547949618),.UNSPECIFIED.);
#1267=B_SPLINE_CURVE_WITH_KNOTS('',3,(#8053,#8054,#8055,#8056),
 .UNSPECIFIED.,.F.,.F.,(4,4),(-26.5057801569185,-24.0898826595301),
 .UNSPECIFIED.);
#1268=B_SPLINE_CURVE_WITH_KNOTS('',3,(#8058,#8059,#8060,#8061),
 .UNSPECIFIED.,.F.,.F.,(4,4),(-0.2,1.5),.UNSPECIFIED.);
#1269=B_SPLINE_CURVE_WITH_KNOTS('',3,(#8063,#8064,#8065,#8066),
 .UNSPECIFIED.,.F.,.F.,(4,4),(-10.7687447707177,-8.36096651239508),
 .UNSPECIFIED.);
#1270=B_SPLINE_CURVE_WITH_KNOTS('',3,(#8067,#8068,#8069,#8070),
 .UNSPECIFIED.,.F.,.F.,(4,4),(-0.2,1.5),.UNSPECIFIED.);
#1271=B_SPLINE_CURVE_WITH_KNOTS('',3,(#8073,#8074,#8075,#8076),
 .UNSPECIFIED.,.F.,.F.,(4,4),(-3.96973849927412,-3.30173742639548),
 .UNSPECIFIED.);
#1272=B_SPLINE_CURVE_WITH_KNOTS('',3,(#8078,#8079,#8080,#8081,#8082,#8083),
 .UNSPECIFIED.,.F.,.F.,(4,2,4),(-0.25290975282816,-0.12645487641408,0.),
 .UNSPECIFIED.);
#1273=B_SPLINE_CURVE_WITH_KNOTS('',3,(#8085,#8086,#8087,#8088,#8089,#8090),
 .UNSPECIFIED.,.F.,.F.,(4,2,4),(-3.27293330703163,-1.63646665351582,0.),
 .UNSPECIFIED.);
#1274=B_SPLINE_CURVE_WITH_KNOTS('',3,(#8092,#8093,#8094,#8095,#8096,#8097),
 .UNSPECIFIED.,.F.,.F.,(4,2,4),(-3.27293330703163,-1.63646665351582,0.),
 .UNSPECIFIED.);
#1275=B_SPLINE_CURVE_WITH_KNOTS('',3,(#8098,#8099,#8100,#8101,#8102,#8103),
 .UNSPECIFIED.,.F.,.F.,(4,2,4),(-0.252909752828161,-0.126454876414081,0.),
 .UNSPECIFIED.);
#1276=B_SPLINE_CURVE_WITH_KNOTS('',3,(#8127,#8128,#8129,#8130),
 .UNSPECIFIED.,.F.,.F.,(4,4),(-2.85351667579101,-2.4813185613778),
 .UNSPECIFIED.);
#1277=B_SPLINE_CURVE_WITH_KNOTS('',3,(#8149,#8150,#8151,#8152,#8153,#8154),
 .UNSPECIFIED.,.F.,.F.,(4,2,4),(-1.07732002202105,-0.538660011010527,0.),
 .UNSPECIFIED.);
#1278=B_SPLINE_CURVE_WITH_KNOTS('',3,(#8156,#8157,#8158,#8159,#8160,#8161),
 .UNSPECIFIED.,.F.,.F.,(4,2,4),(-2.70238840452737,-1.35119420226368,0.),
 .UNSPECIFIED.);
#1279=B_SPLINE_CURVE_WITH_KNOTS('',3,(#8163,#8164,#8165,#8166,#8167,#8168),
 .UNSPECIFIED.,.F.,.F.,(4,2,4),(-2.70238840452737,-1.35119420226369,0.),
 .UNSPECIFIED.);
#1280=B_SPLINE_CURVE_WITH_KNOTS('',3,(#8170,#8171,#8172,#8173,#8174,#8175),
 .UNSPECIFIED.,.F.,.F.,(4,2,4),(-1.07732002202105,-0.538660011010526,0.),
 .UNSPECIFIED.);
#1281=B_SPLINE_CURVE_WITH_KNOTS('',3,(#8176,#8177,#8178,#8179,#8180,#8181),
 .UNSPECIFIED.,.F.,.F.,(4,2,4),(-2.4813185613778,-1.98486924963706,0.),
 .UNSPECIFIED.);
#1282=B_SPLINE_CURVE_WITH_KNOTS('',3,(#8182,#8183,#8184,#8185),
 .UNSPECIFIED.,.F.,.F.,(4,4),(-3.20173742490536,-2.85351667579101),
 .UNSPECIFIED.);
#1283=B_SPLINE_CURVE_WITH_KNOTS('',3,(#8209,#8210,#8211,#8212,#8213,#8214),
 .UNSPECIFIED.,.F.,.F.,(4,2,4),(0.47763154734739,0.551327012848205,0.568841491502854),
 .UNSPECIFIED.);
#1284=B_SPLINE_CURVE_WITH_KNOTS('',3,(#8216,#8217,#8218,#8219),
 .UNSPECIFIED.,.F.,.F.,(4,4),(0.0499999999999958,2.06655921723478),
 .UNSPECIFIED.);
#1285=B_SPLINE_CURVE_WITH_KNOTS('',3,(#8221,#8222,#8223,#8224),
 .UNSPECIFIED.,.F.,.F.,(4,4),(-0.532282318910394,0.),.UNSPECIFIED.);
#1286=B_SPLINE_CURVE_WITH_KNOTS('',3,(#8225,#8226,#8227,#8228,#8229,#8230),
 .UNSPECIFIED.,.F.,.F.,(4,2,4),(0.477631547344537,0.551327012848205,0.568841491502893),
 .UNSPECIFIED.);
#1287=B_SPLINE_CURVE_WITH_KNOTS('',3,(#8248,#8249,#8250,#8251),
 .UNSPECIFIED.,.F.,.F.,(4,4),(-1.0140869813074,-0.0599932962677248),
 .UNSPECIFIED.);
#1288=B_SPLINE_CURVE_WITH_KNOTS('',3,(#8253,#8254,#8255,#8256),
 .UNSPECIFIED.,.F.,.F.,(4,4),(-0.0743366639563324,-0.0696683107788572),
 .UNSPECIFIED.);
#1289=B_SPLINE_CURVE_WITH_KNOTS('',3,(#8258,#8259,#8260,#8261),
 .UNSPECIFIED.,.F.,.F.,(4,4),(-5.6322860786983,-0.0510522555341711),
 .UNSPECIFIED.);
#1290=B_SPLINE_CURVE_WITH_KNOTS('',3,(#8263,#8264,#8265,#8266),
 .UNSPECIFIED.,.F.,.F.,(4,4),(-0.0809904503966205,-0.0715747497696858),
 .UNSPECIFIED.);
#1291=B_SPLINE_CURVE_WITH_KNOTS('',3,(#8268,#8269,#8270,#8271),
 .UNSPECIFIED.,.F.,.F.,(4,4),(-0.175551278529691,0.),.UNSPECIFIED.);
#1292=B_SPLINE_CURVE_WITH_KNOTS('',3,(#8273,#8274,#8275,#8276),
 .UNSPECIFIED.,.F.,.F.,(4,4),(0.730768401279035,1.),.UNSPECIFIED.);
#1293=B_SPLINE_CURVE_WITH_KNOTS('',3,(#8279,#8280,#8281,#8282,#8283,#8284),
 .UNSPECIFIED.,.F.,.F.,(4,2,4),(0.477631547344537,0.551327012848205,1.),
 .UNSPECIFIED.);
#1294=B_SPLINE_CURVE_WITH_KNOTS('',3,(#8302,#8303,#8304,#8305,#8306,#8307),
 .UNSPECIFIED.,.F.,.F.,(4,2,4),(0.477631547344538,0.551327012848205,0.568841491502893),
 .UNSPECIFIED.);
#1295=B_SPLINE_CURVE_WITH_KNOTS('',3,(#8309,#8310,#8311,#8312),
 .UNSPECIFIED.,.F.,.F.,(4,4),(-0.582282318910396,-0.0500000000000029),
 .UNSPECIFIED.);
#1296=B_SPLINE_CURVE_WITH_KNOTS('',3,(#8313,#8314,#8315,#8316),
 .UNSPECIFIED.,.F.,.F.,(4,4),(7.20772406416496E-16,2.01655921723479),
 .UNSPECIFIED.);
#1297=B_SPLINE_CURVE_WITH_KNOTS('',3,(#8335,#8336,#8337,#8338,#8339,#8340),
 .UNSPECIFIED.,.F.,.F.,(4,2,4),(0.477631547344537,0.551327012848205,1.),
 .UNSPECIFIED.);
#1298=B_SPLINE_CURVE_WITH_KNOTS('',3,(#8343,#8344,#8345,#8346),
 .UNSPECIFIED.,.F.,.F.,(4,4),(-0.555664917041499,0.0493846604120466),
 .UNSPECIFIED.);
#1299=B_SPLINE_CURVE_WITH_KNOTS('',3,(#8348,#8349,#8350,#8351),
 .UNSPECIFIED.,.F.,.F.,(4,4),(-0.550000000000001,0.0499999999999996),
 .UNSPECIFIED.);
#1300=B_SPLINE_CURVE_WITH_KNOTS('',3,(#8353,#8354,#8355,#8356),
 .UNSPECIFIED.,.F.,.F.,(4,4),(-0.555696426624374,0.0493531508397557),
 .UNSPECIFIED.);
#1301=B_SPLINE_CURVE_WITH_KNOTS('',3,(#8357,#8358,#8359,#8360),
 .UNSPECIFIED.,.F.,.F.,(4,4),(-0.550000000000004,0.0500000000000016),
 .UNSPECIFIED.);
#1302=B_SPLINE_CURVE_WITH_KNOTS('',3,(#8362,#8363,#8364,#8365,#8366,#8367,
#8368,#8369,#8370,#8371),.UNSPECIFIED.,.T.,.F.,(4,1,1,1,1,1,1,4),(-2.00056547949618,
-1.71477041099672,-1.42897534249727,-1.14318027399781,-0.857385205498361,
-0.571590136998907,-0.285795068499454,0.),.UNSPECIFIED.);
#1303=B_SPLINE_CURVE_WITH_KNOTS('',3,(#8374,#8375,#8376,#8377),
 .UNSPECIFIED.,.F.,.F.,(4,4),(-0.549999999999999,0.0500000000000009),
 .UNSPECIFIED.);
#1304=B_SPLINE_CURVE_WITH_KNOTS('',3,(#8379,#8380,#8381,#8382),
 .UNSPECIFIED.,.F.,.F.,(4,4),(-0.550129610397618,0.0499878211634619),
 .UNSPECIFIED.);
#1305=B_SPLINE_CURVE_WITH_KNOTS('',3,(#8384,#8385,#8386,#8387),
 .UNSPECIFIED.,.F.,.F.,(4,4),(-0.549999999999999,0.0500000000000007),
 .UNSPECIFIED.);
#1306=B_SPLINE_CURVE_WITH_KNOTS('',3,(#8388,#8389,#8390,#8391),
 .UNSPECIFIED.,.F.,.F.,(4,4),(-0.550134375227633,0.0499830563451065),
 .UNSPECIFIED.);
#1307=B_SPLINE_CURVE_WITH_KNOTS('',3,(#8393,#8394,#8395,#8396,#8397,#8398,
#8399,#8400,#8401,#8402,#8403,#8404,#8405,#8406,#8407,#8408,#8409,#8410),
 .UNSPECIFIED.,.T.,.F.,(4,1,2,2,2,1,1,1,1,1,1,1,4),(-2.00754339499051,-1.75225524393782,
-1.49696709288512,-1.4437277204565,-1.4060791730816,-1.2303192764464,-1.0545593798112,
-0.878799483176001,-0.7030395865408,-0.5272796899056,-0.3515197932704,-0.1757598966352,
0.),.UNSPECIFIED.);
#1308=B_SPLINE_CURVE_WITH_KNOTS('',3,(#8413,#8414,#8415,#8416),
 .UNSPECIFIED.,.F.,.F.,(4,4),(-1.5,0.2),.UNSPECIFIED.);
#1309=B_SPLINE_CURVE_WITH_KNOTS('',3,(#8418,#8419,#8420,#8421),
 .UNSPECIFIED.,.F.,.F.,(4,4),(24.0898826595301,26.5057801569185),
 .UNSPECIFIED.);
#1310=B_SPLINE_CURVE_WITH_KNOTS('',3,(#8423,#8424,#8425,#8426),
 .UNSPECIFIED.,.F.,.F.,(4,4),(-1.5,0.199999999999999),.UNSPECIFIED.);
#1311=B_SPLINE_CURVE_WITH_KNOTS('',3,(#8427,#8428,#8429,#8430),
 .UNSPECIFIED.,.F.,.F.,(4,4),(8.36096651239508,10.7687447707177),
 .UNSPECIFIED.);
#1312=B_SPLINE_CURVE_WITH_KNOTS('',3,(#8450,#8451,#8452,#8453),
 .UNSPECIFIED.,.F.,.F.,(4,4),(0.730768401279035,1.),.UNSPECIFIED.);
#1313=B_SPLINE_CURVE_WITH_KNOTS('',3,(#8455,#8456,#8457,#8458),
 .UNSPECIFIED.,.F.,.F.,(4,4),(-0.24086159459611,-0.065310318371329),
 .UNSPECIFIED.);
#1314=B_SPLINE_CURVE_WITH_KNOTS('',3,(#8460,#8461,#8462,#8463),
 .UNSPECIFIED.,.F.,.F.,(4,4),(-0.0792928640238163,-0.0698771633968821),
 .UNSPECIFIED.);
#1315=B_SPLINE_CURVE_WITH_KNOTS('',3,(#8465,#8466,#8467,#8468),
 .UNSPECIFIED.,.F.,.F.,(4,4),(-5.6313224666932,-0.0504054378280525),
 .UNSPECIFIED.);
#1316=B_SPLINE_CURVE_WITH_KNOTS('',3,(#8470,#8471,#8472,#8473),
 .UNSPECIFIED.,.F.,.F.,(4,4),(-0.0764696310380048,-0.0718012778605298),
 .UNSPECIFIED.);
#1317=B_SPLINE_CURVE_WITH_KNOTS('',3,(#8474,#8475,#8476,#8477),
 .UNSPECIFIED.,.F.,.F.,(4,4),(-0.954094200806479,0.),.UNSPECIFIED.);
#1318=B_SPLINE_CURVE_WITH_KNOTS('',3,(#8496,#8497,#8498,#8499,#8500,#8501),
 .UNSPECIFIED.,.F.,.F.,(4,2,4),(0.477631547344537,0.551327012848205,1.),
 .UNSPECIFIED.);
#1319=B_SPLINE_CURVE_WITH_KNOTS('',3,(#8521,#8522,#8523,#8524),
 .UNSPECIFIED.,.F.,.F.,(4,4),(0.948690660589001,1.),.UNSPECIFIED.);
#1320=B_SPLINE_CURVE_WITH_KNOTS('',3,(#8526,#8527,#8528,#8529),
 .UNSPECIFIED.,.F.,.F.,(4,4),(-0.661538645551318,-0.05),.UNSPECIFIED.);
#1321=B_SPLINE_CURVE_WITH_KNOTS('',3,(#8531,#8532,#8533,#8534,#8535,#8536,
#8537,#8538,#8539,#8540,#8541,#8542,#8543),.UNSPECIFIED.,.F.,.F.,(4,3,3,
3,4),(-15.2727094105474,-12.6726248161811,-8.95518531452602,-1.22708751952328,
0.),.UNSPECIFIED.);
#1322=B_SPLINE_CURVE_WITH_KNOTS('',3,(#8545,#8546,#8547,#8548),
 .UNSPECIFIED.,.F.,.F.,(4,4),(-2.0706102819782,-0.0500112393023171),
 .UNSPECIFIED.);
#1323=B_SPLINE_CURVE_WITH_KNOTS('',3,(#8550,#8551,#8552,#8553),
 .UNSPECIFIED.,.F.,.F.,(4,4),(-1.,0.),.UNSPECIFIED.);
#1324=B_SPLINE_CURVE_WITH_KNOTS('',3,(#8554,#8555,#8556,#8557),
 .UNSPECIFIED.,.F.,.F.,(4,4),(0.477631547344538,0.511840172279985),
 .UNSPECIFIED.);
#1325=B_SPLINE_CURVE_WITH_KNOTS('',3,(#8560,#8561,#8562,#8563,#8564,#8565,
#8566,#8567,#8568,#8569,#8570,#8571,#8572,#8573,#8574,#8575,#8576,#8577,
#8578,#8579,#8580,#8581,#8582,#8583,#8584,#8585,#8586,#8587,#8588,#8589,
#8590,#8591,#8592,#8593,#8594,#8595,#8596,#8597,#8598,#8599,#8600,#8601,
#8602,#8603,#8604,#8605,#8606,#8607,#8608,#8609,#8610,#8611,#8612,#8613,
#8614,#8615,#8616,#8617,#8618,#8619,#8620,#8621,#8622,#8623,#8624,#8625,
#8626,#8627,#8628,#8629,#8630,#8631,#8632,#8633,#8634,#8635,#8636,#8637,
#8638,#8639,#8640,#8641,#8642,#8643,#8644,#8645,#8646,#8647,#8648,#8649,
#8650,#8651,#8652,#8653,#8654,#8655,#8656,#8657,#8658,#8659,#8660,#8661,
#8662,#8663,#8664,#8665),.UNSPECIFIED.,.F.,.F.,(4,3,3,3,3,3,3,3,3,3,3,3,
3,3,3,3,3,3,3,3,3,3,3,3,3,3,3,3,3,3,3,3,3,3,3,4),(-1.88959323292847,-1.80496809625989,
-1.73793868372736,-1.63464511856606,-1.62227841021012,-1.52376581690012,
-1.50794761998519,-1.42268715220062,-1.40139563471184,-1.3182518940009,
-1.30337442305314,-1.21697063893394,-1.1468273491573,-1.12699024807946,
-1.11507451000533,-1.10447248570805,-1.0911900569588,-1.07070378761339,
-0.983173405634307,-0.902744769580251,-0.885877641494227,-0.80435646409666,
-0.769747651763625,-0.668643360560556,-0.650744165840261,-0.560140327897519,
-0.538351117952514,-0.459212263178397,-0.433829301132202,-0.353274764438007,
-0.338353669412486,-0.255750186200868,-0.200577772467597,-0.182460787558791,
-0.170912709461287,-0.161110541948197),.UNSPECIFIED.);
#1326=B_SPLINE_CURVE_WITH_KNOTS('',3,(#8666,#8667,#8668,#8669,#8670,#8671,
#8672,#8673,#8674,#8675,#8676,#8677,#8678,#8679,#8680,#8681),
 .UNSPECIFIED.,.F.,.F.,(4,3,3,3,3,4),(-0.161110541948197,-0.160180058292175,
-0.1463197798104,-0.116823142116401,-0.0339932958822416,0.),
 .UNSPECIFIED.);
#1327=B_SPLINE_CURVE_WITH_KNOTS('',3,(#8699,#8700,#8701,#8702,#8703,#8704),
 .UNSPECIFIED.,.F.,.F.,(4,2,4),(0.477631547344539,0.551327012848205,1.),
 .UNSPECIFIED.);
#1328=B_SPLINE_CURVE_WITH_KNOTS('',3,(#8723,#8724,#8725,#8726),
 .UNSPECIFIED.,.F.,.F.,(4,4),(-1.05,-0.05),.UNSPECIFIED.);
#1329=B_SPLINE_CURVE_WITH_KNOTS('',3,(#8728,#8729,#8730,#8731),
 .UNSPECIFIED.,.F.,.F.,(4,4),(-2.07060408055577,-0.0500050378491017),
 .UNSPECIFIED.);
#1330=B_SPLINE_CURVE_WITH_KNOTS('',3,(#8733,#8734,#8735,#8736,#8737,#8738,
#8739,#8740,#8741,#8742),.UNSPECIFIED.,.F.,.F.,(4,3,3,4),(-15.2701657193246,
-7.91287012453335,-3.34059948477552,0.),.UNSPECIFIED.);
#1331=B_SPLINE_CURVE_WITH_KNOTS('',3,(#8743,#8744,#8745,#8746),
 .UNSPECIFIED.,.F.,.F.,(4,4),(-0.611538645551318,0.),.UNSPECIFIED.);
#1332=B_SPLINE_CURVE_WITH_KNOTS('',3,(#8750,#8751,#8752,#8753,#8754,#8755,
#8756,#8757,#8758,#8759,#8760,#8761,#8762,#8763,#8764,#8765,#8766,#8767,
#8768,#8769,#8770,#8771,#8772,#8773,#8774,#8775,#8776,#8777,#8778,#8779,
#8780,#8781,#8782,#8783,#8784,#8785,#8786,#8787,#8788,#8789,#8790,#8791,
#8792,#8793,#8794,#8795,#8796,#8797,#8798,#8799,#8800,#8801,#8802,#8803,
#8804,#8805,#8806,#8807,#8808,#8809,#8810,#8811,#8812,#8813,#8814,#8815,
#8816,#8817,#8818,#8819,#8820,#8821,#8822,#8823,#8824,#8825,#8826,#8827,
#8828,#8829,#8830,#8831,#8832,#8833,#8834,#8835,#8836,#8837,#8838,#8839,
#8840,#8841,#8842,#8843,#8844,#8845,#8846,#8847,#8848,#8849,#8850,#8851,
#8852,#8853,#8854,#8855,#8856,#8857,#8858),.UNSPECIFIED.,.F.,.F.,(4,3,3,
3,3,3,3,3,3,3,3,3,3,3,3,3,3,3,3,3,3,3,3,3,3,3,3,3,3,3,3,3,3,3,3,3,4),(-1.88961018316408,
-1.82111551557042,-1.76621478466507,-1.68175441658581,-1.67300748252536,
-1.57787655430091,-1.55450264246424,-1.44416187783186,-1.35657410808718,
-1.34170427889042,-1.26028506480419,-1.24894565450851,-1.16553256610271,
-1.15175906134961,-1.12362322187338,-1.10988498819681,-1.09920325026586,
-1.08748816114292,-1.06863241509817,-1.01331274948929,-0.923490635609253,
-0.909132013982597,-0.829991424715967,-0.795673221297838,-0.713575105166252,
-0.677059533340529,-0.570713902174792,-0.562139025630178,-0.473498895939086,
-0.455152951101938,-0.375284082131673,-0.356658361946848,-0.275128864964644,
-0.26950379473129,-0.195380981413036,-0.175133290106007,-0.16474059970048),
 .UNSPECIFIED.);
#1333=B_SPLINE_CURVE_WITH_KNOTS('',3,(#8859,#8860,#8861,#8862,#8863,#8864,
#8865,#8866,#8867,#8868,#8869,#8870,#8871,#8872,#8873,#8874,#8875,#8876,
#8877),.UNSPECIFIED.,.F.,.F.,(4,3,3,3,3,3,4),(-0.16474059970048,-0.163124414382323,
-0.152535357220998,-0.139394617991709,-0.11401858106059,-0.0195663843778549,
0.),.UNSPECIFIED.);
#1334=B_SPLINE_CURVE_WITH_KNOTS('',3,(#8900,#8901,#8902,#8903,#8904,#8905),
 .UNSPECIFIED.,.F.,.F.,(4,2,4),(0.250132187057746,4.9873410063668,5.65909054052435),
 .UNSPECIFIED.);
#1335=B_SPLINE_CURVE_WITH_KNOTS('',3,(#8907,#8908,#8909,#8910,#8911,#8912),
 .UNSPECIFIED.,.F.,.F.,(4,2,4),(0.,0.146355513908941,0.292711027817883),
 .UNSPECIFIED.);
#1336=B_SPLINE_CURVE_WITH_KNOTS('',3,(#8913,#8914,#8915,#8916,#8917,#8918),
 .UNSPECIFIED.,.F.,.F.,(4,2,4),(-5.65896126073148,-4.98735131037172,-0.0500001194119459),
 .UNSPECIFIED.);
#1337=B_SPLINE_CURVE_WITH_KNOTS('',3,(#8936,#8937,#8938,#8939,#8940,#8941),
 .UNSPECIFIED.,.F.,.F.,(4,2,4),(15.6561604313619,18.4357231195865,21.0648803036961),
 .UNSPECIFIED.);
#1338=B_SPLINE_CURVE_WITH_KNOTS('',3,(#8942,#8943,#8944,#8945),
 .UNSPECIFIED.,.F.,.F.,(4,4),(-0.130000000000002,-0.0499999999999516),
 .UNSPECIFIED.);
#1339=B_SPLINE_CURVE_WITH_KNOTS('',3,(#8948,#8949,#8950,#8951,#8952,#8953),
 .UNSPECIFIED.,.F.,.F.,(4,2,4),(0.250132127963317,4.8892406992134,5.6590727068222),
 .UNSPECIFIED.);
#1340=B_SPLINE_CURVE_WITH_KNOTS('',3,(#8955,#8956,#8957,#8958,#8959,#8960),
 .UNSPECIFIED.,.F.,.F.,(4,2,4),(0.,0.146355513908941,0.292711027817883),
 .UNSPECIFIED.);
#1341=B_SPLINE_CURVE_WITH_KNOTS('',3,(#8961,#8962,#8963,#8964,#8965,#8966),
 .UNSPECIFIED.,.F.,.F.,(4,2,4),(-5.65894342564895,-4.88924691558687,-0.0500001170691409),
 .UNSPECIFIED.);
#1342=B_SPLINE_CURVE_WITH_KNOTS('',3,(#8984,#8985,#8986,#8987,#8988,#8989),
 .UNSPECIFIED.,.F.,.F.,(4,2,4),(15.6562557909442,18.6123420459319,21.0649485562122),
 .UNSPECIFIED.);
#1343=B_SPLINE_CURVE_WITH_KNOTS('',3,(#8990,#8991,#8992,#8993),
 .UNSPECIFIED.,.F.,.F.,(4,4),(-0.130000000000003,-0.0499999999999948),
 .UNSPECIFIED.);
#1344=B_SPLINE_CURVE_WITH_KNOTS('',3,(#9011,#9012,#9013,#9014,#9015,#9016),
 .UNSPECIFIED.,.F.,.F.,(4,2,4),(0.,0.146355513908942,0.292711027817883),
 .UNSPECIFIED.);
#1345=B_SPLINE_CURVE_WITH_KNOTS('',3,(#9017,#9018,#9019,#9020),
 .UNSPECIFIED.,.F.,.F.,(4,4),(-0.13,-0.0499999999999999),.UNSPECIFIED.);
#1346=B_SPLINE_CURVE_WITH_KNOTS('',3,(#9038,#9039,#9040,#9041,#9042,#9043),
 .UNSPECIFIED.,.F.,.F.,(4,2,4),(0.,0.146355513908942,0.292711027817883),
 .UNSPECIFIED.);
#1347=B_SPLINE_CURVE_WITH_KNOTS('',3,(#9044,#9045,#9046,#9047),
 .UNSPECIFIED.,.F.,.F.,(4,4),(-0.13,-0.0499999999999992),.UNSPECIFIED.);
#1348=B_SPLINE_CURVE_WITH_KNOTS('',3,(#9049,#9050,#9051,#9052,#9053,#9054),
 .UNSPECIFIED.,.F.,.F.,(4,2,4),(-21.2722945896646,-18.4612030947169,-15.6635693843662),
 .UNSPECIFIED.);
#1349=B_SPLINE_CURVE_WITH_KNOTS('',3,(#9056,#9057,#9058,#9059,#9060,#9061),
 .UNSPECIFIED.,.F.,.F.,(4,2,4),(-21.2723621946438,-18.6375849713922,-15.6636644613529),
 .UNSPECIFIED.);
#1350=B_SPLINE_CURVE_WITH_KNOTS('',3,(#9066,#9067,#9068,#9069),
 .UNSPECIFIED.,.F.,.F.,(4,4),(-2.27700460717715,-0.050012491159567),
 .UNSPECIFIED.);
#1351=B_SPLINE_CURVE_WITH_KNOTS('',3,(#9089,#9090,#9091,#9092,#9093,#9094,
#9095,#9096),.UNSPECIFIED.,.F.,.F.,(4,2,2,4),(-15.6228800571563,-14.4117233361038,
-12.5486015559633,0.),.UNSPECIFIED.);
#1352=B_SPLINE_CURVE_WITH_KNOTS('',3,(#9099,#9100,#9101,#9102),
 .UNSPECIFIED.,.F.,.F.,(4,4),(-1.09941116086396,0.),.UNSPECIFIED.);
#1353=B_SPLINE_CURVE_WITH_KNOTS('',3,(#9121,#9122,#9123,#9124),
 .UNSPECIFIED.,.F.,.F.,(4,4),(-0.86072817063627,-0.0499999999999993),
 .UNSPECIFIED.);
#1354=B_SPLINE_CURVE_WITH_KNOTS('',3,(#9126,#9127,#9128,#9129),
 .UNSPECIFIED.,.F.,.F.,(4,4),(-0.955036695983647,-0.948690660589016),
 .UNSPECIFIED.);
#1355=B_SPLINE_CURVE_WITH_KNOTS('',3,(#9131,#9132,#9133,#9134),
 .UNSPECIFIED.,.F.,.F.,(4,4),(0.0500000000000002,0.661538645551318),
 .UNSPECIFIED.);
#1356=B_SPLINE_CURVE_WITH_KNOTS('',3,(#9136,#9137,#9138,#9139,#9140,#9141,
#9142,#9143,#9144,#9145,#9146,#9147,#9148),.UNSPECIFIED.,.F.,.F.,(4,3,3,
3,4),(-15.2672708732206,-12.2166536539018,-8.87286088982282,-4.09863634051882,
0.),.UNSPECIFIED.);
#1357=B_SPLINE_CURVE_WITH_KNOTS('',3,(#9150,#9151,#9152,#9153),
 .UNSPECIFIED.,.F.,.F.,(4,4),(0.0500112393230123,2.07061028199874),
 .UNSPECIFIED.);
#1358=B_SPLINE_CURVE_WITH_KNOTS('',3,(#9155,#9156,#9157,#9158),
 .UNSPECIFIED.,.F.,.F.,(4,4),(0.,1.),.UNSPECIFIED.);
#1359=B_SPLINE_CURVE_WITH_KNOTS('',3,(#9159,#9160,#9161,#9162),
 .UNSPECIFIED.,.F.,.F.,(4,4),(-0.511840172284257,-0.505523805533193),
 .UNSPECIFIED.);
#1360=B_SPLINE_CURVE_WITH_KNOTS('',3,(#9182,#9183,#9184,#9185,#9186,#9187,
#9188,#9189),.UNSPECIFIED.,.F.,.F.,(4,2,2,4),(-15.6101066059845,-7.54992856673639,
-2.76893335481367,0.),.UNSPECIFIED.);
#1361=B_SPLINE_CURVE_WITH_KNOTS('',3,(#9194,#9195,#9196,#9197),
 .UNSPECIFIED.,.F.,.F.,(4,4),(-2.27699748020565,-0.0500053641424056),
 .UNSPECIFIED.);
#1362=B_SPLINE_CURVE_WITH_KNOTS('',3,(#9199,#9200,#9201,#9202),
 .UNSPECIFIED.,.F.,.F.,(4,4),(-1.14941116086419,-0.0500000000002303),
 .UNSPECIFIED.);
#1363=B_SPLINE_CURVE_WITH_KNOTS('',3,(#9204,#9205,#9206,#9207),
 .UNSPECIFIED.,.F.,.F.,(4,4),(-0.81072817063627,0.),.UNSPECIFIED.);
#1364=B_SPLINE_CURVE_WITH_KNOTS('',3,(#9225,#9226,#9227,#9228),
 .UNSPECIFIED.,.F.,.F.,(4,4),(0.0499999999999998,1.05),.UNSPECIFIED.);
#1365=B_SPLINE_CURVE_WITH_KNOTS('',3,(#9230,#9231,#9232,#9233),
 .UNSPECIFIED.,.F.,.F.,(4,4),(0.0500050378683667,2.07060408057541),
 .UNSPECIFIED.);
#1366=B_SPLINE_CURVE_WITH_KNOTS('',3,(#9235,#9236,#9237,#9238,#9239,#9240,
#9241,#9242,#9243,#9244,#9245,#9246,#9247),.UNSPECIFIED.,.F.,.F.,(4,3,3,
3,4),(-15.2671182594131,-11.2056339209987,-7.75458610819281,-3.73657767742923,
0.),.UNSPECIFIED.);
#1367=B_SPLINE_CURVE_WITH_KNOTS('',3,(#9248,#9249,#9250,#9251),
 .UNSPECIFIED.,.F.,.F.,(4,4),(0.,0.611538645551318),.UNSPECIFIED.);
#1368=B_SPLINE_CURVE_WITH_KNOTS('',3,(#9295,#9296,#9297,#9298,#9299,#9300),
 .UNSPECIFIED.,.F.,.F.,(4,2,4),(0.472369776902753,0.551327012848205,1.),
 .UNSPECIFIED.);
#1369=B_SPLINE_CURVE_WITH_KNOTS('',3,(#9303,#9304,#9305,#9306,#9307,#9308),
 .UNSPECIFIED.,.F.,.F.,(4,2,4),(0.472369776899648,0.551327012848205,1.),
 .UNSPECIFIED.);
#1370=B_SPLINE_CURVE_WITH_KNOTS('',3,(#9326,#9327,#9328,#9329,#9330,#9331),
 .UNSPECIFIED.,.F.,.F.,(4,2,4),(0.472369776899648,0.551327012848205,1.),
 .UNSPECIFIED.);
#1371=B_SPLINE_CURVE_WITH_KNOTS('',3,(#9368,#9369,#9370,#9371),
 .UNSPECIFIED.,.F.,.F.,(4,4),(-3.33066907387547E-16,1.3),.UNSPECIFIED.);
#1372=B_SPLINE_CURVE_WITH_KNOTS('',3,(#9373,#9374,#9375,#9376),
 .UNSPECIFIED.,.F.,.F.,(4,4),(1.3,1.30083910067283),.UNSPECIFIED.);
#1373=B_SPLINE_CURVE_WITH_KNOTS('',3,(#9377,#9378,#9379,#9380,#9381,#9382),
 .UNSPECIFIED.,.F.,.F.,(4,2,4),(0.,0.17880551243095,0.356456759931617),
 .UNSPECIFIED.);
#1374=B_SPLINE_CURVE_WITH_KNOTS('',3,(#9384,#9385,#9386,#9387,#9388,#9389),
 .UNSPECIFIED.,.F.,.F.,(4,2,4),(-0.356456760686021,-0.17893268221705,0.),
 .UNSPECIFIED.);
#1375=B_SPLINE_CURVE_WITH_KNOTS('',3,(#9390,#9391,#9392,#9393),
 .UNSPECIFIED.,.F.,.F.,(4,4),(6.93889390390723E-16,0.000839100672824475),
 .UNSPECIFIED.);
#1376=B_SPLINE_CURVE_WITH_KNOTS('',3,(#9412,#9413,#9414,#9415),
 .UNSPECIFIED.,.F.,.F.,(4,4),(-26.2866358767646,-24.2757597854194),
 .UNSPECIFIED.);
#1377=B_SPLINE_CURVE_WITH_KNOTS('',3,(#9417,#9418,#9419,#9420),
 .UNSPECIFIED.,.F.,.F.,(4,4),(-0.283232113791218,-0.282454805504089),
 .UNSPECIFIED.);
#1378=B_SPLINE_CURVE_WITH_KNOTS('',3,(#9421,#9422,#9423,#9424,#9425,#9426),
 .UNSPECIFIED.,.F.,.F.,(4,2,4),(-0.33752405269123,-0.169192723701609,0.),
 .UNSPECIFIED.);
#1379=B_SPLINE_CURVE_WITH_KNOTS('',3,(#9427,#9428,#9429,#9430),
 .UNSPECIFIED.,.F.,.F.,(4,4),(-0.00118916560151335,0.),.UNSPECIFIED.);
#1380=B_SPLINE_CURVE_WITH_KNOTS('',3,(#9448,#9449,#9450,#9451,#9452,#9453),
 .UNSPECIFIED.,.F.,.F.,(4,2,4),(-0.337524052096816,-0.169110548344587,0.),
 .UNSPECIFIED.);
#1381=B_SPLINE_CURVE_WITH_KNOTS('',3,(#9455,#9456,#9457,#9458),
 .UNSPECIFIED.,.F.,.F.,(4,4),(-0.000777308289095277,0.),.UNSPECIFIED.);
#1382=B_SPLINE_CURVE_WITH_KNOTS('',3,(#9460,#9461,#9462,#9463),
 .UNSPECIFIED.,.F.,.F.,(4,4),(-10.583514473568,-8.57940008227131),
 .UNSPECIFIED.);
#1383=B_SPLINE_CURVE_WITH_KNOTS('',3,(#9464,#9465,#9466,#9467),
 .UNSPECIFIED.,.F.,.F.,(4,4),(-0.283439114824319,-0.282249949222899),
 .UNSPECIFIED.);
#1384=B_SPLINE_CURVE_WITH_KNOTS('',3,(#9486,#9487,#9488,#9489),
 .UNSPECIFIED.,.F.,.F.,(4,4),(-1.94289029309402E-16,1.3),.UNSPECIFIED.);
#1385=B_SPLINE_CURVE_WITH_KNOTS('',3,(#9490,#9491,#9492,#9493),
 .UNSPECIFIED.,.F.,.F.,(4,4),(-1.30054888551133,-1.3),.UNSPECIFIED.);
#1386=B_SPLINE_CURVE_WITH_KNOTS('',3,(#9494,#9495,#9496,#9497),
 .UNSPECIFIED.,.F.,.F.,(4,4),(-1.11022302462516E-15,0.000548885511332645),
 .UNSPECIFIED.);
#1387=B_SPLINE_CURVE_WITH_KNOTS('',3,(#9520,#9521,#9522,#9523,#9524,#9525),
 .UNSPECIFIED.,.F.,.F.,(4,2,4),(-0.356456759910599,-0.178805484634048,0.),
 .UNSPECIFIED.);
#1388=B_SPLINE_CURVE_WITH_KNOTS('',3,(#9527,#9528,#9529,#9530),
 .UNSPECIFIED.,.F.,.F.,(4,4),(-0.00118916560154802,0.),.UNSPECIFIED.);
#1389=B_SPLINE_CURVE_WITH_KNOTS('',3,(#9532,#9533,#9534,#9535),
 .UNSPECIFIED.,.F.,.F.,(4,4),(8.57940008227131,10.583514473568),
 .UNSPECIFIED.);
#1390=B_SPLINE_CURVE_WITH_KNOTS('',3,(#9537,#9538,#9539,#9540),
 .UNSPECIFIED.,.F.,.F.,(4,4),(-0.283232113227095,-0.282454804933326),
 .UNSPECIFIED.);
#1391=B_SPLINE_CURVE_WITH_KNOTS('',3,(#9541,#9542,#9543,#9544,#9545,#9546),
 .UNSPECIFIED.,.F.,.F.,(4,2,4),(-0.337524052676746,-0.169192743377815,0.),
 .UNSPECIFIED.);
#1392=B_SPLINE_CURVE_WITH_KNOTS('',3,(#9565,#9566,#9567,#9568),
 .UNSPECIFIED.,.F.,.F.,(4,4),(24.2757597854194,26.2866358767646),
 .UNSPECIFIED.);
#1393=B_SPLINE_CURVE_WITH_KNOTS('',3,(#9570,#9571,#9572,#9573),
 .UNSPECIFIED.,.F.,.F.,(4,4),(-0.283439113472273,-0.282249947874212),
 .UNSPECIFIED.);
#1394=B_SPLINE_CURVE_WITH_KNOTS('',3,(#9574,#9575,#9576,#9577,#9578,#9579),
 .UNSPECIFIED.,.F.,.F.,(4,2,4),(-0.356456760674007,-0.178932710562596,0.),
 .UNSPECIFIED.);
#1395=B_SPLINE_CURVE_WITH_KNOTS('',3,(#9581,#9582,#9583,#9584,#9585,#9586),
 .UNSPECIFIED.,.F.,.F.,(4,2,4),(0.,0.16911052881204,0.337524052073572),
 .UNSPECIFIED.);
#1396=B_SPLINE_CURVE_WITH_KNOTS('',3,(#9587,#9588,#9589,#9590),
 .UNSPECIFIED.,.F.,.F.,(4,4),(-0.000777308289060693,0.),.UNSPECIFIED.);
#1397=B_SPLINE_CURVE_WITH_KNOTS('',3,(#9608,#9609,#9610,#9611),
 .UNSPECIFIED.,.F.,.F.,(4,4),(1.3,1.30083910067283),.UNSPECIFIED.);
#1398=B_SPLINE_CURVE_WITH_KNOTS('',3,(#9613,#9614,#9615,#9616),
 .UNSPECIFIED.,.F.,.F.,(4,4),(-1.3,2.22044604925031E-16),.UNSPECIFIED.);
#1399=B_SPLINE_CURVE_WITH_KNOTS('',3,(#9617,#9618,#9619,#9620),
 .UNSPECIFIED.,.F.,.F.,(4,4),(-0.000839100672825444,-6.66133814775112E-16),
 .UNSPECIFIED.);
#1400=B_SPLINE_CURVE_WITH_KNOTS('',3,(#9638,#9639,#9640,#9641),
 .UNSPECIFIED.,.F.,.F.,(4,4),(1.3,1.30054888551133),.UNSPECIFIED.);
#1401=B_SPLINE_CURVE_WITH_KNOTS('',3,(#9643,#9644,#9645,#9646),
 .UNSPECIFIED.,.F.,.F.,(4,4),(-1.3,5.27355936696949E-16),.UNSPECIFIED.);
#1402=B_SPLINE_CURVE_WITH_KNOTS('',3,(#9647,#9648,#9649,#9650),
 .UNSPECIFIED.,.F.,.F.,(4,4),(-1.0547118733939E-15,0.0005488855113332),
 .UNSPECIFIED.);
#1403=B_SPLINE_CURVE_WITH_KNOTS('',3,(#9673,#9674,#9675,#9676,#9677,#9678),
 .UNSPECIFIED.,.F.,.F.,(4,2,4),(0.,0.085935539469079,0.171920762712553),
 .UNSPECIFIED.);
#1404=B_SPLINE_CURVE_WITH_KNOTS('',3,(#9680,#9681,#9682,#9683),
 .UNSPECIFIED.,.F.,.F.,(4,4),(-0.450024960758187,-0.45),.UNSPECIFIED.);
#1405=B_SPLINE_CURVE_WITH_KNOTS('',3,(#9685,#9686,#9687,#9688),
 .UNSPECIFIED.,.F.,.F.,(4,4),(-0.45,-0.0499999999999995),.UNSPECIFIED.);
#1406=B_SPLINE_CURVE_WITH_KNOTS('',3,(#9690,#9691,#9692,#9693),
 .UNSPECIFIED.,.F.,.F.,(4,4),(-0.0499999999999996,-0.049975039241813),
 .UNSPECIFIED.);
#1407=B_SPLINE_CURVE_WITH_KNOTS('',3,(#9694,#9695,#9696,#9697,#9698,#9699),
 .UNSPECIFIED.,.F.,.F.,(4,2,4),(0.,0.0859118865362915,0.171920762931763),
 .UNSPECIFIED.);
#1408=B_SPLINE_CURVE_WITH_KNOTS('',3,(#9718,#9719,#9720,#9721),
 .UNSPECIFIED.,.F.,.F.,(4,4),(-0.45,-0.05),.UNSPECIFIED.);
#1409=B_SPLINE_CURVE_WITH_KNOTS('',3,(#9723,#9724,#9725,#9726),
 .UNSPECIFIED.,.F.,.F.,(4,4),(-0.0500000000000007,-0.0499665808697261),
 .UNSPECIFIED.);
#1410=B_SPLINE_CURVE_WITH_KNOTS('',3,(#9727,#9728,#9729,#9730,#9731,#9732),
 .UNSPECIFIED.,.F.,.F.,(4,2,4),(0.,0.0872996270672668,0.174697834455065),
 .UNSPECIFIED.);
#1411=B_SPLINE_CURVE_WITH_KNOTS('',3,(#9734,#9735,#9736,#9737,#9738,#9739),
 .UNSPECIFIED.,.F.,.F.,(4,2,4),(-0.174697834473775,-0.0873265184018291,
0.),.UNSPECIFIED.);
#1412=B_SPLINE_CURVE_WITH_KNOTS('',3,(#9740,#9741,#9742,#9743),
 .UNSPECIFIED.,.F.,.F.,(4,4),(0.45,0.450033419130274),.UNSPECIFIED.);
#1413=B_SPLINE_CURVE_WITH_KNOTS('',3,(#9761,#9762,#9763,#9764),
 .UNSPECIFIED.,.F.,.F.,(4,4),(-4.72696808829232E-5,6.7762635780344E-21),
 .UNSPECIFIED.);
#1414=B_SPLINE_CURVE_WITH_KNOTS('',3,(#9766,#9767,#9768,#9769),
 .UNSPECIFIED.,.F.,.F.,(4,4),(-0.447544654776186,-0.0477785517960649),
 .UNSPECIFIED.);
#1415=B_SPLINE_CURVE_WITH_KNOTS('',3,(#9770,#9771,#9772,#9773),
 .UNSPECIFIED.,.F.,.F.,(4,4),(-0.141439011663276,-0.141403707417458),
 .UNSPECIFIED.);
#1416=B_SPLINE_CURVE_WITH_KNOTS('',3,(#9791,#9792,#9793,#9794),
 .UNSPECIFIED.,.F.,.F.,(4,4),(-3.53042458180611E-5,0.),.UNSPECIFIED.);
#1417=B_SPLINE_CURVE_WITH_KNOTS('',3,(#9796,#9797,#9798,#9799),
 .UNSPECIFIED.,.F.,.F.,(4,4),(-0.452368002033125,-0.0526018980432117),
 .UNSPECIFIED.);
#1418=B_SPLINE_CURVE_WITH_KNOTS('',3,(#9800,#9801,#9802,#9803),
 .UNSPECIFIED.,.F.,.F.,(4,4),(-0.141444996999195,-0.141397727318311),
 .UNSPECIFIED.);
#1419=B_SPLINE_CURVE_WITH_KNOTS('',3,(#9852,#9853,#9854,#9855),
 .UNSPECIFIED.,.F.,.F.,(4,4),(-2.00056547949618,-1.88679824129346),
 .UNSPECIFIED.);
#1420=B_SPLINE_CURVE_WITH_KNOTS('',3,(#9856,#9857,#9858,#9859,#9860,#9861,
#9862,#9863,#9864,#9865),.UNSPECIFIED.,.F.,.F.,(4,1,1,1,1,1,1,4),(-1.88679824129346,
-1.71477041099672,-1.42897534249727,-1.14318027399781,-0.857385205498361,
-0.571590136998907,-0.285795068499454,0.),.UNSPECIFIED.);
#1421=B_SPLINE_CURVE_WITH_KNOTS('',3,(#9943,#9944,#9945,#9946),
 .UNSPECIFIED.,.F.,.F.,(4,4),(-2.00754339499051,-1.89254282780101),
 .UNSPECIFIED.);
#1422=B_SPLINE_CURVE_WITH_KNOTS('',3,(#9947,#9948,#9949,#9950,#9951,#9952,
#9953,#9954,#9955,#9956,#9957,#9958,#9959,#9960,#9961,#9962,#9963,#9964),
 .UNSPECIFIED.,.F.,.F.,(4,1,2,2,2,1,1,1,1,1,1,1,4),(-1.89254282780101,-1.75225524393782,
-1.49696709288512,-1.4437277204565,-1.4060791730816,-1.2303192764464,-1.0545593798112,
-0.878799483176001,-0.7030395865408,-0.5272796899056,-0.3515197932704,-0.1757598966352,
0.),.UNSPECIFIED.);
#1423=B_SPLINE_CURVE_WITH_KNOTS('',3,(#9985,#9986,#9987,#9988),
 .UNSPECIFIED.,.F.,.F.,(4,4),(-0.439562848690802,-0.0348691119812259),
 .UNSPECIFIED.);
#1424=B_SPLINE_CURVE_WITH_KNOTS('',3,(#9990,#9991,#9992,#9993),
 .UNSPECIFIED.,.F.,.F.,(4,4),(-0.142296020815847,-0.14056260385046),
 .UNSPECIFIED.);
#1425=B_SPLINE_CURVE_WITH_KNOTS('',3,(#9994,#9995,#9996,#9997,#9998,#9999,
#10000),.UNSPECIFIED.,.F.,.F.,(4,3,4),(-0.163249490295556,-0.0826063740436819,
0.),.UNSPECIFIED.);
#1426=B_SPLINE_CURVE_WITH_KNOTS('',3,(#10002,#10003,#10004,#10005,#10006,
#10007),.UNSPECIFIED.,.F.,.F.,(4,2,4),(-0.181487297003252,-0.0918183864683548,
0.),.UNSPECIFIED.);
#1427=B_SPLINE_CURVE_WITH_KNOTS('',3,(#10008,#10009,#10010,#10011),
 .UNSPECIFIED.,.F.,.F.,(4,4),(-0.00181159412243402,0.),.UNSPECIFIED.);
#1428=B_SPLINE_CURVE_WITH_KNOTS('',3,(#10029,#10030,#10031,#10032),
 .UNSPECIFIED.,.F.,.F.,(4,4),(0.45,0.451218183117106),.UNSPECIFIED.);
#1429=B_SPLINE_CURVE_WITH_KNOTS('',3,(#10034,#10035,#10036,#10037),
 .UNSPECIFIED.,.F.,.F.,(4,4),(-0.45,-0.0500000000000002),.UNSPECIFIED.);
#1430=B_SPLINE_CURVE_WITH_KNOTS('',3,(#10039,#10040,#10041,#10042),
 .UNSPECIFIED.,.F.,.F.,(4,4),(-0.0500000000000002,-0.0487818168828952),
 .UNSPECIFIED.);
#1431=B_SPLINE_CURVE_WITH_KNOTS('',3,(#10043,#10044,#10045,#10046,#10047,
#10048,#10049),.UNSPECIFIED.,.F.,.F.,(4,3,4),(0.,0.0826045554096826,0.16329137905832),
 .UNSPECIFIED.);
#1432=B_SPLINE_CURVE_WITH_KNOTS('',3,(#10067,#10068,#10069,#10070),
 .UNSPECIFIED.,.F.,.F.,(4,4),(-0.0017334169587692,0.),.UNSPECIFIED.);
#1433=B_SPLINE_CURVE_WITH_KNOTS('',3,(#10072,#10073,#10074,#10075),
 .UNSPECIFIED.,.F.,.F.,(4,4),(-0.471442654194815,-0.0667489172745751),
 .UNSPECIFIED.);
#1434=B_SPLINE_CURVE_WITH_KNOTS('',3,(#10077,#10078,#10079,#10080),
 .UNSPECIFIED.,.F.,.F.,(4,4),(-0.1423358430032,-0.140524248887025),
 .UNSPECIFIED.);
#1435=B_SPLINE_CURVE_WITH_KNOTS('',3,(#10081,#10082,#10083,#10084,#10085,
#10086),.UNSPECIFIED.,.F.,.F.,(4,2,4),(-0.181487297072465,-0.0918552832631443,
0.),.UNSPECIFIED.);
#1436=B_SPLINE_CURVE_WITH_KNOTS('',3,(#10104,#10105,#10106,#10107),
 .UNSPECIFIED.,.F.,.F.,(4,4),(0.45,0.451272767320619),.UNSPECIFIED.);
#1437=B_SPLINE_CURVE_WITH_KNOTS('',3,(#10109,#10110,#10111,#10112),
 .UNSPECIFIED.,.F.,.F.,(4,4),(-0.45,-0.0500000000000004),.UNSPECIFIED.);
#1438=B_SPLINE_CURVE_WITH_KNOTS('',3,(#10113,#10114,#10115,#10116),
 .UNSPECIFIED.,.F.,.F.,(4,4),(0.0487272326793807,0.0500000000000004),
 .UNSPECIFIED.);
#1439=B_SPLINE_CURVE_WITH_KNOTS('',3,(#10140,#10141,#10142,#10143),
 .UNSPECIFIED.,.F.,.F.,(4,4),(0.0667489172745751,0.471442654194815),
 .UNSPECIFIED.);
#1440=B_SPLINE_CURVE_WITH_KNOTS('',3,(#10145,#10146,#10147,#10148),
 .UNSPECIFIED.,.F.,.F.,(4,4),(-0.1422960209131,-0.140562603945567),
 .UNSPECIFIED.);
#1441=B_SPLINE_CURVE_WITH_KNOTS('',3,(#10149,#10150,#10151,#10152,#10153,
#10154,#10155),.UNSPECIFIED.,.F.,.F.,(4,3,4),(-0.163249490306065,-0.0826063739627295,
0.),.UNSPECIFIED.);
#1442=B_SPLINE_CURVE_WITH_KNOTS('',3,(#10157,#10158,#10159,#10160,#10161,
#10162),.UNSPECIFIED.,.F.,.F.,(4,2,4),(0.,0.0918183864679354,0.181487296925927),
 .UNSPECIFIED.);
#1443=B_SPLINE_CURVE_WITH_KNOTS('',3,(#10163,#10164,#10165,#10166),
 .UNSPECIFIED.,.F.,.F.,(4,4),(-0.00181159412276053,0.),.UNSPECIFIED.);
#1444=B_SPLINE_CURVE_WITH_KNOTS('',3,(#10185,#10186,#10187,#10188),
 .UNSPECIFIED.,.F.,.F.,(4,4),(0.0348691119812298,0.439562848690801),
 .UNSPECIFIED.);
#1445=B_SPLINE_CURVE_WITH_KNOTS('',3,(#10190,#10191,#10192,#10193),
 .UNSPECIFIED.,.F.,.F.,(4,4),(-0.142335843744945,-0.140524249615737),
 .UNSPECIFIED.);
#1446=B_SPLINE_CURVE_WITH_KNOTS('',3,(#10194,#10195,#10196,#10197,#10198,
#10199),.UNSPECIFIED.,.F.,.F.,(4,2,4),(-0.181487296912977,-0.0918552832229777,
0.),.UNSPECIFIED.);
#1447=B_SPLINE_CURVE_WITH_KNOTS('',3,(#10201,#10202,#10203,#10204,#10205,
#10206,#10207),.UNSPECIFIED.,.F.,.F.,(4,3,4),(-0.163291380418779,-0.082604555944546,
0.),.UNSPECIFIED.);
#1448=B_SPLINE_CURVE_WITH_KNOTS('',3,(#10208,#10209,#10210,#10211),
 .UNSPECIFIED.,.F.,.F.,(4,4),(-0.00173341695876022,0.),.UNSPECIFIED.);
#1449=B_SPLINE_CURVE_WITH_KNOTS('',3,(#10229,#10230,#10231,#10232),
 .UNSPECIFIED.,.F.,.F.,(4,4),(-0.0500000000000002,-0.0487272326793807),
 .UNSPECIFIED.);
#1450=B_SPLINE_CURVE_WITH_KNOTS('',3,(#10234,#10235,#10236,#10237),
 .UNSPECIFIED.,.F.,.F.,(4,4),(0.0500000000000002,0.45),.UNSPECIFIED.);
#1451=B_SPLINE_CURVE_WITH_KNOTS('',3,(#10238,#10239,#10240,#10241),
 .UNSPECIFIED.,.F.,.F.,(4,4),(0.45,0.45127276732062),.UNSPECIFIED.);
#1452=B_SPLINE_CURVE_WITH_KNOTS('',3,(#10260,#10261,#10262,#10263),
 .UNSPECIFIED.,.F.,.F.,(4,4),(0.0500000000000005,0.45),.UNSPECIFIED.);
#1453=B_SPLINE_CURVE_WITH_KNOTS('',3,(#10264,#10265,#10266,#10267),
 .UNSPECIFIED.,.F.,.F.,(4,4),(-0.451218183117105,-0.45),.UNSPECIFIED.);
#1454=B_SPLINE_CURVE_WITH_KNOTS('',3,(#10268,#10269,#10270,#10271),
 .UNSPECIFIED.,.F.,.F.,(4,4),(-0.0500000000000005,-0.048781816882895),
 .UNSPECIFIED.);
#1455=B_SPLINE_CURVE_WITH_KNOTS('',3,(#10352,#10353,#10354,#10355,#10356,
#10357,#10358,#10359,#10360,#10361,#10362,#10363,#10364,#10365,#10366,#10367,
#10368,#10369),.UNSPECIFIED.,.F.,.F.,(4,1,1,1,1,1,1,1,2,2,2,1,4),(0.,0.1757598966352,
0.3515197932704,0.5272796899056,0.7030395865408,0.878799483176001,1.0545593798112,
1.2303192764464,1.4060791730816,1.4437277204565,1.49696709288512,1.75225524393782,
1.89254282780101),.UNSPECIFIED.);
#1456=B_SPLINE_CURVE_WITH_KNOTS('',3,(#10370,#10371,#10372,#10373),
 .UNSPECIFIED.,.F.,.F.,(4,4),(1.89254282780101,2.00754339499051),
 .UNSPECIFIED.);
#1457=B_SPLINE_CURVE_WITH_KNOTS('',3,(#10419,#10420,#10421,#10422,#10423,
#10424,#10425,#10426,#10427,#10428),.UNSPECIFIED.,.F.,.F.,(4,1,1,1,1,1,
1,4),(0.,0.285795068499454,0.571590136998907,0.857385205498361,1.14318027399781,
1.42897534249727,1.71477041099672,1.88679824129346),.UNSPECIFIED.);
#1458=B_SPLINE_CURVE_WITH_KNOTS('',3,(#10429,#10430,#10431,#10432),
 .UNSPECIFIED.,.F.,.F.,(4,4),(1.88679824129346,2.00056547949618),
 .UNSPECIFIED.);
#1459=B_SPLINE_CURVE_WITH_KNOTS('',3,(#10453,#10454,#10455,#10456),
 .UNSPECIFIED.,.F.,.F.,(4,4),(0.0499999999999991,0.45),.UNSPECIFIED.);
#1460=B_SPLINE_CURVE_WITH_KNOTS('',3,(#10458,#10459,#10460,#10461),
 .UNSPECIFIED.,.F.,.F.,(4,4),(0.45,0.450024960758187),.UNSPECIFIED.);
#1461=B_SPLINE_CURVE_WITH_KNOTS('',3,(#10462,#10463,#10464,#10465,#10466,
#10467),.UNSPECIFIED.,.F.,.F.,(4,2,4),(0.,0.0859118865215276,0.171920762904466),
 .UNSPECIFIED.);
#1462=B_SPLINE_CURVE_WITH_KNOTS('',3,(#10469,#10470,#10471,#10472,#10473,
#10474),.UNSPECIFIED.,.F.,.F.,(4,2,4),(0.,0.0859355394686897,0.171920762699625),
 .UNSPECIFIED.);
#1463=B_SPLINE_CURVE_WITH_KNOTS('',3,(#10475,#10476,#10477,#10478),
 .UNSPECIFIED.,.F.,.F.,(4,4),(0.0499750392418126,0.0499999999999995),
 .UNSPECIFIED.);
#1464=B_SPLINE_CURVE_WITH_KNOTS('',3,(#10497,#10498,#10499,#10500),
 .UNSPECIFIED.,.F.,.F.,(4,4),(0.0477785517960649,0.447544654776186),
 .UNSPECIFIED.);
#1465=B_SPLINE_CURVE_WITH_KNOTS('',3,(#10502,#10503,#10504,#10505),
 .UNSPECIFIED.,.F.,.F.,(4,4),(-0.141444996999195,-0.141397727318316),
 .UNSPECIFIED.);
#1466=B_SPLINE_CURVE_WITH_KNOTS('',3,(#10506,#10507,#10508,#10509,#10510,
#10511),.UNSPECIFIED.,.F.,.F.,(4,2,4),(-0.174697834321304,-0.0873265183620945,
0.),.UNSPECIFIED.);
#1467=B_SPLINE_CURVE_WITH_KNOTS('',3,(#10512,#10513,#10514,#10515),
 .UNSPECIFIED.,.F.,.F.,(4,4),(-3.53042458179284E-5,0.),.UNSPECIFIED.);
#1468=B_SPLINE_CURVE_WITH_KNOTS('',3,(#10534,#10535,#10536,#10537),
 .UNSPECIFIED.,.F.,.F.,(4,4),(0.0499999999999999,0.45),.UNSPECIFIED.);
#1469=B_SPLINE_CURVE_WITH_KNOTS('',3,(#10539,#10540,#10541,#10542),
 .UNSPECIFIED.,.F.,.F.,(4,4),(0.45,0.450033419130275),.UNSPECIFIED.);
#1470=B_SPLINE_CURVE_WITH_KNOTS('',3,(#10543,#10544,#10545,#10546,#10547,
#10548),.UNSPECIFIED.,.F.,.F.,(4,2,4),(0.,0.087299627041539,0.17469783432913),
 .UNSPECIFIED.);
#1471=B_SPLINE_CURVE_WITH_KNOTS('',3,(#10549,#10550,#10551,#10552),
 .UNSPECIFIED.,.F.,.F.,(4,4),(-0.0500000000000001,-0.049966580869726),
 .UNSPECIFIED.);
#1472=B_SPLINE_CURVE_WITH_KNOTS('',3,(#10570,#10571,#10572,#10573),
 .UNSPECIFIED.,.F.,.F.,(4,4),(-4.72696808833352E-5,0.),.UNSPECIFIED.);
#1473=B_SPLINE_CURVE_WITH_KNOTS('',3,(#10575,#10576,#10577,#10578),
 .UNSPECIFIED.,.F.,.F.,(4,4),(0.0526018980432151,0.452368002033124),
 .UNSPECIFIED.);
#1474=B_SPLINE_CURVE_WITH_KNOTS('',3,(#10579,#10580,#10581,#10582),
 .UNSPECIFIED.,.F.,.F.,(4,4),(-0.141439011663276,-0.141403707417458),
 .UNSPECIFIED.);
#1475=B_SPLINE_CURVE_WITH_KNOTS('',3,(#10590,#10591,#10592,#10593,#10594,
#10595),.UNSPECIFIED.,.F.,.F.,(4,2,4),(0.,0.397009223279468,0.794018446558935),
 .UNSPECIFIED.);
#1476=B_SPLINE_CURVE_WITH_KNOTS('',3,(#10601,#10602,#10603,#10604,#10605,
#10606),.UNSPECIFIED.,.F.,.F.,(4,2,4),(0.,0.0671800180679696,0.13436003613594),
 .UNSPECIFIED.);
#1477=B_SPLINE_CURVE_WITH_KNOTS('',3,(#10607,#10608,#10609,#10610),
 .UNSPECIFIED.,.F.,.F.,(4,4),(-0.0774160087151949,-0.0500000000000002),
 .UNSPECIFIED.);
#1478=B_SPLINE_CURVE_WITH_KNOTS('',3,(#10613,#10614,#10615,#10616),
 .UNSPECIFIED.,.F.,.F.,(4,4),(-0.0274160087151976,0.),.UNSPECIFIED.);
#1479=B_SPLINE_CURVE_WITH_KNOTS('',3,(#10618,#10619,#10620,#10621,#10622,
#10623),.UNSPECIFIED.,.F.,.F.,(4,2,4),(0.,0.0671800180679702,0.134360036135941),
 .UNSPECIFIED.);
#1480=B_SPLINE_CURVE_WITH_KNOTS('',3,(#10628,#10629,#10630,#10631,#10632,
#10633),.UNSPECIFIED.,.F.,.F.,(4,2,4),(0.,0.397009223279468,0.794018446558936),
 .UNSPECIFIED.);
#1481=B_SPLINE_CURVE_WITH_KNOTS('',3,(#10653,#10654,#10655,#10656),
 .UNSPECIFIED.,.F.,.F.,(4,4),(0.730768401279035,1.),.UNSPECIFIED.);
#1482=B_SPLINE_CURVE_WITH_KNOTS('',3,(#10657,#10658,#10659,#10660),
 .UNSPECIFIED.,.F.,.F.,(4,4),(0.0379717037026877,2.05453092093747),
 .UNSPECIFIED.);
#1483=B_SPLINE_CURVE_WITH_KNOTS('',3,(#10678,#10679,#10680,#10681),
 .UNSPECIFIED.,.F.,.F.,(4,4),(-2.01655921723479,-3.39151342500082E-16),
 .UNSPECIFIED.);
#1484=B_SPLINE_CURVE_WITH_KNOTS('',3,(#10683,#10684,#10685,#10686),
 .UNSPECIFIED.,.F.,.F.,(4,4),(3.39151342500082E-16,2.01655921723479),
 .UNSPECIFIED.);
#1485=B_SPLINE_CURVE_WITH_KNOTS('',3,(#10703,#10704,#10705,#10706),
 .UNSPECIFIED.,.F.,.F.,(4,4),(-2.05453092093747,-0.0379717037026877),
 .UNSPECIFIED.);
#1486=B_SPLINE_CURVE_WITH_KNOTS('',3,(#10726,#10727,#10728,#10729),
 .UNSPECIFIED.,.F.,.F.,(4,4),(-2.01655921723479,-7.20772406416496E-16),
 .UNSPECIFIED.);
#1487=B_SPLINE_CURVE_WITH_KNOTS('',3,(#10747,#10748,#10749,#10750),
 .UNSPECIFIED.,.F.,.F.,(4,4),(-2.06655921723478,-0.0499999999999958),
 .UNSPECIFIED.);
#1488=B_SPLINE_CURVE_WITH_KNOTS('',3,(#10756,#10757,#10758,#10759,#10760,
#10761,#10762,#10763,#10764,#10765,#10766,#10767,#10768,#10769,#10770,#10771,
#10772,#10773,#10774,#10775,#10776,#10777,#10778,#10779,#10780,#10781,#10782,
#10783,#10784,#10785,#10786,#10787,#10788,#10789,#10790,#10791,#10792,#10793,
#10794,#10795,#10796,#10797,#10798,#10799,#10800,#10801,#10802,#10803,#10804,
#10805,#10806,#10807,#10808,#10809,#10810),.UNSPECIFIED.,.F.,.F.,(4,3,2,
2,2,2,2,2,2,2,2,2,2,2,2,2,2,2,2,2,2,2,2,2,2,2,4),(-0.000823425780389478,
0.,0.0367728564519931,0.0660965971757234,0.115740116449146,0.178956756195013,
0.23785181755325,0.292602433255721,0.34219829723889,0.38259502989232,0.408110931256714,
0.415755341984328,0.420471806943109,0.424756641008874,0.43025359165842,
0.441502643934452,0.503258772454615,0.559026994849887,0.621657161315539,
0.6847827857925,0.743508309700489,0.798016669248067,0.84727781322108,0.886373138250469,
0.911268445809778,0.918839283570965,0.918864087425772),.UNSPECIFIED.);
#1489=B_SPLINE_CURVE_WITH_KNOTS('',3,(#10811,#10812,#10813,#10814,#10815,
#10816,#10817,#10818,#10819,#10820,#10821,#10822),.UNSPECIFIED.,.F.,.F.,
(4,2,2,2,2,4),(0.918864087425772,0.923537644080135,0.927824319985984,0.933349286249111,
0.944745519281933,1.00780494079563),.UNSPECIFIED.);
#1490=B_SPLINE_CURVE_WITH_KNOTS('',3,(#10829,#10830,#10831,#10832,#10833,
#10834,#10835,#10836,#10837,#10838,#10839,#10840,#10841,#10842,#10843,#10844,
#10845,#10846,#10847,#10848,#10849,#10850,#10851,#10852,#10853,#10854,#10855,
#10856,#10857,#10858,#10859,#10860,#10861,#10862,#10863,#10864,#10865,#10866,
#10867,#10868,#10869,#10870,#10871,#10872,#10873,#10874,#10875,#10876,#10877,
#10878,#10879,#10880,#10881,#10882,#10883,#10884,#10885,#10886,#10887,#10888,
#10889,#10890,#10891,#10892,#10893,#10894,#10895,#10896,#10897,#10898,#10899,
#10900,#10901,#10902,#10903,#10904,#10905,#10906,#10907,#10908,#10909,#10910,
#10911,#10912,#10913,#10914,#10915,#10916,#10917,#10918,#10919,#10920,#10921,
#10922,#10923,#10924,#10925,#10926,#10927,#10928,#10929,#10930,#10931,#10932,
#10933,#10934,#10935,#10936,#10937),.UNSPECIFIED.,.F.,.F.,(4,3,3,3,3,3,
3,3,3,3,3,3,3,3,3,3,3,3,3,3,3,3,3,3,3,3,3,3,3,3,3,3,3,3,3,3,4),(-0.00393922465495843,
0.,0.0434447449322237,0.0463047228391439,0.0820724343943826,0.129895303313528,
0.142875593628238,0.20424246287755,0.251596950687164,0.261589809350209,
0.304799947113294,0.314617044233889,0.358958254282999,0.361707438300205,
0.408419969200728,0.417193497763191,0.421870126920095,0.42571660295148,
0.430172858490669,0.437743331807867,0.464607790337139,0.510911654174696,
0.51926562120375,0.561904809340671,0.578679761713436,0.624490450931837,
0.641673540151641,0.703416099976484,0.750487355961593,0.760980300412758,
0.803709740148715,0.814217444314651,0.858303581527326,0.861663736747005,
0.893933358958,0.914914537553318,0.917883351356056),.UNSPECIFIED.);
#1491=B_SPLINE_CURVE_WITH_KNOTS('',3,(#10938,#10939,#10940,#10941,#10942,
#10943,#10944,#10945,#10946,#10947,#10948,#10949,#10950,#10951,#10952,#10953,
#10954,#10955,#10956,#10957,#10958,#10959),.UNSPECIFIED.,.F.,.F.,(4,3,3,
3,3,3,3,4),(0.917883351356056,0.921575199725598,0.925783755478906,0.929676427364179,
0.934686057924297,0.945331004140914,0.994545763107387,1.00544295009529),
 .UNSPECIFIED.);
#1492=B_SPLINE_CURVE_WITH_KNOTS('',3,(#10982,#10983,#10984,#10985,#10986,
#10987,#10988,#10989,#10990,#10991,#10992,#10993,#10994,#10995,#10996,#10997,
#10998,#10999,#11000,#11001,#11002,#11003,#11004,#11005,#11006,#11007,#11008,
#11009,#11010,#11011,#11012,#11013,#11014,#11015,#11016,#11017,#11018,#11019,
#11020,#11021,#11022,#11023,#11024,#11025,#11026,#11027,#11028,#11029,#11030,
#11031,#11032,#11033,#11034,#11035,#11036,#11037,#11038,#11039,#11040,#11041,
#11042,#11043,#11044,#11045,#11046,#11047,#11048,#11049,#11050,#11051,#11052,
#11053,#11054,#11055,#11056,#11057,#11058,#11059,#11060,#11061,#11062,#11063,
#11064,#11065,#11066,#11067,#11068,#11069,#11070,#11071,#11072,#11073,#11074,
#11075,#11076,#11077,#11078,#11079,#11080,#11081,#11082,#11083,#11084,#11085,
#11086,#11087,#11088,#11089,#11090,#11091,#11092,#11093,#11094,#11095,#11096),
 .UNSPECIFIED.,.F.,.F.,(4,3,3,3,3,3,3,3,3,3,3,3,3,3,3,3,3,3,3,3,3,3,3,3,
3,3,3,3,3,3,3,3,3,3,3,3,3,3,4),(-1.00375025513221,-0.96062377991524,-0.951783134626573,
-0.906655828180656,-0.848459732392559,-0.843253814610072,-0.790399293678269,
-0.784190537617867,-0.74007515200738,-0.729183277397086,-0.685774350489071,
-0.679180320106428,-0.630145843419029,-0.614817837858069,-0.604463294416826,
-0.599456715925742,-0.595576403020752,-0.591326311275527,-0.58448087364819,
-0.564096855186712,-0.516806216922592,-0.506575736808506,-0.463804768498883,
-0.44811962803492,-0.402977712897899,-0.385176498151471,-0.3229973982951,
-0.274970405362996,-0.265091045793525,-0.222318212333737,-0.211447250107851,
-0.167729599870402,-0.163352499943856,-0.110112664657982,-0.100995346341321,
-0.0962452388775932,-0.0924295399120076,-0.0880419510111181,-0.083025592971835),
 .UNSPECIFIED.);
#1493=B_SPLINE_CURVE_WITH_KNOTS('',3,(#11097,#11098,#11099,#11100,#11101,
#11102,#11103,#11104,#11105,#11106,#11107,#11108,#11109,#11110,#11111,#11112),
 .UNSPECIFIED.,.F.,.F.,(4,3,3,3,3,4),(-0.083025592971835,-0.080578963274793,
-0.0554193339265092,-0.00918221171702171,0.,0.00581656474993242),
 .UNSPECIFIED.);
#1494=B_SPLINE_CURVE_WITH_KNOTS('',3,(#11119,#11120,#11121,#11122,#11123,
#11124,#11125,#11126,#11127,#11128,#11129,#11130,#11131,#11132,#11133,#11134,
#11135,#11136,#11137,#11138,#11139,#11140,#11141,#11142,#11143,#11144,#11145,
#11146,#11147,#11148,#11149,#11150,#11151,#11152,#11153,#11154,#11155,#11156,
#11157,#11158,#11159,#11160,#11161,#11162,#11163,#11164,#11165,#11166,#11167,
#11168,#11169,#11170,#11171,#11172,#11173,#11174,#11175,#11176,#11177,#11178,
#11179,#11180,#11181,#11182,#11183,#11184,#11185,#11186,#11187,#11188,#11189,
#11190,#11191,#11192,#11193,#11194,#11195,#11196,#11197,#11198,#11199,#11200,
#11201,#11202,#11203,#11204,#11205,#11206,#11207,#11208,#11209,#11210,#11211,
#11212,#11213,#11214,#11215,#11216,#11217,#11218),.UNSPECIFIED.,.F.,.F.,
(4,3,3,3,3,3,3,3,3,3,3,3,3,3,3,3,3,3,3,3,3,3,3,3,3,3,3,3,3,3,3,3,3,4),(-1.00587473466176,
-0.958088133055917,-0.949201218979872,-0.903183437183674,-0.839702759395174,
-0.780610062477759,-0.731928383818147,-0.725651388416511,-0.675760146498735,
-0.633861259860991,-0.607618336294251,-0.599895195911241,-0.595162403804683,
-0.590883950733808,-0.585424495443258,-0.574714649819439,-0.51858796198219,
-0.470794902420452,-0.467507035028388,-0.419240295905774,-0.405262402075233,
-0.34126554211512,-0.281858955132132,-0.23381306951487,-0.226618966859225,
-0.179026272071815,-0.17634279078686,-0.121518106886191,-0.11230534927295,
-0.0999722457320618,-0.0942618926285691,-0.089946532998053,-0.0853280394241775,
-0.0835934824179209),.UNSPECIFIED.);
#1495=B_SPLINE_CURVE_WITH_KNOTS('',3,(#11219,#11220,#11221,#11222,#11223,
#11224,#11225,#11226,#11227,#11228,#11229,#11230,#11231,#11232,#11233,#11234),
 .UNSPECIFIED.,.F.,.F.,(4,3,3,3,3,4),(-0.0835934824179209,-0.0781196683774759,
-0.0581115045125926,-0.00695602073540097,0.,0.00292429936978533),
 .UNSPECIFIED.);
#1496=VERTEX_POINT('',#4824);
#1497=VERTEX_POINT('',#4825);
#1498=VERTEX_POINT('',#4830);
#1499=VERTEX_POINT('',#4832);
#1500=VERTEX_POINT('',#4878);
#1501=VERTEX_POINT('',#4907);
#1502=VERTEX_POINT('',#4938);
#1503=VERTEX_POINT('',#4943);
#1504=VERTEX_POINT('',#4975);
#1505=VERTEX_POINT('',#4976);
#1506=VERTEX_POINT('',#4981);
#1507=VERTEX_POINT('',#4983);
#1508=VERTEX_POINT('',#4990);
#1509=VERTEX_POINT('',#4995);
#1510=VERTEX_POINT('',#5002);
#1511=VERTEX_POINT('',#5007);
#1512=VERTEX_POINT('',#5179);
#1513=VERTEX_POINT('',#5180);
#1514=VERTEX_POINT('',#5218);
#1515=VERTEX_POINT('',#5220);
#1516=VERTEX_POINT('',#5260);
#1517=VERTEX_POINT('',#5265);
#1518=VERTEX_POINT('',#5287);
#1519=VERTEX_POINT('',#5298);
#1520=VERTEX_POINT('',#5311);
#1521=VERTEX_POINT('',#5316);
#1522=VERTEX_POINT('',#5380);
#1523=VERTEX_POINT('',#5421);
#1524=VERTEX_POINT('',#5464);
#1525=VERTEX_POINT('',#5469);
#1526=VERTEX_POINT('',#5491);
#1527=VERTEX_POINT('',#5502);
#1528=VERTEX_POINT('',#5552);
#1529=VERTEX_POINT('',#5557);
#1530=VERTEX_POINT('',#5564);
#1531=VERTEX_POINT('',#5566);
#1532=VERTEX_POINT('',#5573);
#1533=VERTEX_POINT('',#5578);
#1534=VERTEX_POINT('',#5628);
#1535=VERTEX_POINT('',#5633);
#1536=VERTEX_POINT('',#5682);
#1537=VERTEX_POINT('',#5683);
#1538=VERTEX_POINT('',#5688);
#1539=VERTEX_POINT('',#5690);
#1540=VERTEX_POINT('',#5752);
#1541=VERTEX_POINT('',#5793);
#1542=VERTEX_POINT('',#5836);
#1543=VERTEX_POINT('',#5841);
#1544=VERTEX_POINT('',#5863);
#1545=VERTEX_POINT('',#5874);
#1546=VERTEX_POINT('',#5887);
#1547=VERTEX_POINT('',#5892);
#1548=VERTEX_POINT('',#5950);
#1549=VERTEX_POINT('',#5988);
#1550=VERTEX_POINT('',#6043);
#1551=VERTEX_POINT('',#6054);
#1552=VERTEX_POINT('',#6089);
#1553=VERTEX_POINT('',#6090);
#1554=VERTEX_POINT('',#6092);
#1555=VERTEX_POINT('',#6094);
#1556=VERTEX_POINT('',#6098);
#1557=VERTEX_POINT('',#6100);
#1558=VERTEX_POINT('',#6104);
#1559=VERTEX_POINT('',#6106);
#1560=VERTEX_POINT('',#6108);
#1561=VERTEX_POINT('',#6112);
#1562=VERTEX_POINT('',#6114);
#1563=VERTEX_POINT('',#6118);
#1564=VERTEX_POINT('',#6119);
#1565=VERTEX_POINT('',#6121);
#1566=VERTEX_POINT('',#6123);
#1567=VERTEX_POINT('',#6127);
#1568=VERTEX_POINT('',#6129);
#1569=VERTEX_POINT('',#6133);
#1570=VERTEX_POINT('',#6135);
#1571=VERTEX_POINT('',#6139);
#1572=VERTEX_POINT('',#6141);
#1573=VERTEX_POINT('',#6143);
#1574=VERTEX_POINT('',#6147);
#1575=VERTEX_POINT('',#6148);
#1576=VERTEX_POINT('',#6150);
#1577=VERTEX_POINT('',#6152);
#1578=VERTEX_POINT('',#6156);
#1579=VERTEX_POINT('',#6158);
#1580=VERTEX_POINT('',#6162);
#1581=VERTEX_POINT('',#6163);
#1582=VERTEX_POINT('',#6165);
#1583=VERTEX_POINT('',#6167);
#1584=VERTEX_POINT('',#6171);
#1585=VERTEX_POINT('',#6172);
#1586=VERTEX_POINT('',#6174);
#1587=VERTEX_POINT('',#6176);
#1588=VERTEX_POINT('',#6180);
#1589=VERTEX_POINT('',#6182);
#1590=VERTEX_POINT('',#6301);
#1591=VERTEX_POINT('',#6302);
#1592=VERTEX_POINT('',#6307);
#1593=VERTEX_POINT('',#6387);
#1594=VERTEX_POINT('',#6392);
#1595=VERTEX_POINT('',#6397);
#1596=VERTEX_POINT('',#6402);
#1597=VERTEX_POINT('',#6451);
#1598=VERTEX_POINT('',#6453);
#1599=VERTEX_POINT('',#6534);
#1600=VERTEX_POINT('',#6536);
#1601=VERTEX_POINT('',#6538);
#1602=VERTEX_POINT('',#6539);
#1603=VERTEX_POINT('',#6541);
#1604=VERTEX_POINT('',#6543);
#1605=VERTEX_POINT('',#6546);
#1606=VERTEX_POINT('',#6547);
#1607=VERTEX_POINT('',#6549);
#1608=VERTEX_POINT('',#6551);
#1609=VERTEX_POINT('',#6554);
#1610=VERTEX_POINT('',#6555);
#1611=VERTEX_POINT('',#6557);
#1612=VERTEX_POINT('',#6559);
#1613=VERTEX_POINT('',#6678);
#1614=VERTEX_POINT('',#6683);
#1615=VERTEX_POINT('',#6733);
#1616=VERTEX_POINT('',#6738);
#1617=VERTEX_POINT('',#6743);
#1618=VERTEX_POINT('',#6776);
#1619=VERTEX_POINT('',#6781);
#1620=VERTEX_POINT('',#6788);
#1621=VERTEX_POINT('',#6790);
#1622=VERTEX_POINT('',#6817);
#1623=VERTEX_POINT('',#6824);
#1624=VERTEX_POINT('',#6848);
#1625=VERTEX_POINT('',#6855);
#1626=VERTEX_POINT('',#6860);
#1627=VERTEX_POINT('',#6865);
#1628=VERTEX_POINT('',#6870);
#1629=VERTEX_POINT('',#6879);
#1630=VERTEX_POINT('',#6884);
#1631=VERTEX_POINT('',#6890);
#1632=VERTEX_POINT('',#6891);
#1633=VERTEX_POINT('',#7030);
#1634=VERTEX_POINT('',#7037);
#1635=VERTEX_POINT('',#7045);
#1636=VERTEX_POINT('',#7050);
#1637=VERTEX_POINT('',#7059);
#1638=VERTEX_POINT('',#7068);
#1639=VERTEX_POINT('',#7069);
#1640=VERTEX_POINT('',#7334);
#1641=VERTEX_POINT('',#7339);
#1642=VERTEX_POINT('',#7419);
#1643=VERTEX_POINT('',#7424);
#1644=VERTEX_POINT('',#7429);
#1645=VERTEX_POINT('',#7439);
#1646=VERTEX_POINT('',#7441);
#1647=VERTEX_POINT('',#7522);
#1648=VERTEX_POINT('',#7524);
#1649=VERTEX_POINT('',#7526);
#1650=VERTEX_POINT('',#7527);
#1651=VERTEX_POINT('',#7529);
#1652=VERTEX_POINT('',#7531);
#1653=VERTEX_POINT('',#7534);
#1654=VERTEX_POINT('',#7535);
#1655=VERTEX_POINT('',#7537);
#1656=VERTEX_POINT('',#7539);
#1657=VERTEX_POINT('',#7542);
#1658=VERTEX_POINT('',#7543);
#1659=VERTEX_POINT('',#7545);
#1660=VERTEX_POINT('',#7547);
#1661=VERTEX_POINT('',#7670);
#1662=VERTEX_POINT('',#7675);
#1663=VERTEX_POINT('',#7680);
#1664=VERTEX_POINT('',#7690);
#1665=VERTEX_POINT('',#7692);
#1666=VERTEX_POINT('',#7696);
#1667=VERTEX_POINT('',#7698);
#1668=VERTEX_POINT('',#7702);
#1669=VERTEX_POINT('',#7704);
#1670=VERTEX_POINT('',#7708);
#1671=VERTEX_POINT('',#7710);
#1672=VERTEX_POINT('',#7729);
#1673=VERTEX_POINT('',#7730);
#1674=VERTEX_POINT('',#7737);
#1675=VERTEX_POINT('',#7742);
#1676=VERTEX_POINT('',#7754);
#1677=VERTEX_POINT('',#7756);
#1678=VERTEX_POINT('',#7778);
#1679=VERTEX_POINT('',#7785);
#1680=VERTEX_POINT('',#7797);
#1681=VERTEX_POINT('',#7798);
#1682=VERTEX_POINT('',#7804);
#1683=VERTEX_POINT('',#7806);
#1684=VERTEX_POINT('',#7808);
#1685=VERTEX_POINT('',#7810);
#1686=VERTEX_POINT('',#7824);
#1687=VERTEX_POINT('',#7825);
#1688=VERTEX_POINT('',#7834);
#1689=VERTEX_POINT('',#7839);
#1690=VERTEX_POINT('',#7848);
#1691=VERTEX_POINT('',#7855);
#1692=VERTEX_POINT('',#7860);
#1693=VERTEX_POINT('',#7862);
#1694=VERTEX_POINT('',#7867);
#1695=VERTEX_POINT('',#7869);
#1696=VERTEX_POINT('',#7876);
#1697=VERTEX_POINT('',#7883);
#1698=VERTEX_POINT('',#7885);
#1699=VERTEX_POINT('',#7890);
#1700=VERTEX_POINT('',#7892);
#1701=VERTEX_POINT('',#7903);
#1702=VERTEX_POINT('',#7906);
#1703=VERTEX_POINT('',#7908);
#1704=VERTEX_POINT('',#7910);
#1705=VERTEX_POINT('',#7913);
#1706=VERTEX_POINT('',#7915);
#1707=VERTEX_POINT('',#7917);
#1708=VERTEX_POINT('',#7920);
#1709=VERTEX_POINT('',#7922);
#1710=VERTEX_POINT('',#7926);
#1711=VERTEX_POINT('',#7945);
#1712=VERTEX_POINT('',#7950);
#1713=VERTEX_POINT('',#7957);
#1714=VERTEX_POINT('',#7959);
#1715=VERTEX_POINT('',#7966);
#1716=VERTEX_POINT('',#7981);
#1717=VERTEX_POINT('',#7982);
#1718=VERTEX_POINT('',#7987);
#1719=VERTEX_POINT('',#7992);
#1720=VERTEX_POINT('',#8001);
#1721=VERTEX_POINT('',#8020);
#1722=VERTEX_POINT('',#8021);
#1723=VERTEX_POINT('',#8026);
#1724=VERTEX_POINT('',#8031);
#1725=VERTEX_POINT('',#8040);
#1726=VERTEX_POINT('',#8051);
#1727=VERTEX_POINT('',#8052);
#1728=VERTEX_POINT('',#8057);
#1729=VERTEX_POINT('',#8062);
#1730=VERTEX_POINT('',#8072);
#1731=VERTEX_POINT('',#8077);
#1732=VERTEX_POINT('',#8084);
#1733=VERTEX_POINT('',#8091);
#1734=VERTEX_POINT('',#8104);
#1735=VERTEX_POINT('',#8106);
#1736=VERTEX_POINT('',#8110);
#1737=VERTEX_POINT('',#8112);
#1738=VERTEX_POINT('',#8114);
#1739=VERTEX_POINT('',#8126);
#1740=VERTEX_POINT('',#8131);
#1741=VERTEX_POINT('',#8133);
#1742=VERTEX_POINT('',#8137);
#1743=VERTEX_POINT('',#8148);
#1744=VERTEX_POINT('',#8155);
#1745=VERTEX_POINT('',#8162);
#1746=VERTEX_POINT('',#8169);
#1747=VERTEX_POINT('',#8208);
#1748=VERTEX_POINT('',#8215);
#1749=VERTEX_POINT('',#8220);
#1750=VERTEX_POINT('',#8247);
#1751=VERTEX_POINT('',#8252);
#1752=VERTEX_POINT('',#8257);
#1753=VERTEX_POINT('',#8262);
#1754=VERTEX_POINT('',#8267);
#1755=VERTEX_POINT('',#8272);
#1756=VERTEX_POINT('',#8277);
#1757=VERTEX_POINT('',#8301);
#1758=VERTEX_POINT('',#8308);
#1759=VERTEX_POINT('',#8333);
#1760=VERTEX_POINT('',#8341);
#1761=VERTEX_POINT('',#8342);
#1762=VERTEX_POINT('',#8347);
#1763=VERTEX_POINT('',#8352);
#1764=VERTEX_POINT('',#8361);
#1765=VERTEX_POINT('',#8372);
#1766=VERTEX_POINT('',#8373);
#1767=VERTEX_POINT('',#8378);
#1768=VERTEX_POINT('',#8383);
#1769=VERTEX_POINT('',#8392);
#1770=VERTEX_POINT('',#8411);
#1771=VERTEX_POINT('',#8412);
#1772=VERTEX_POINT('',#8417);
#1773=VERTEX_POINT('',#8422);
#1774=VERTEX_POINT('',#8447);
#1775=VERTEX_POINT('',#8449);
#1776=VERTEX_POINT('',#8454);
#1777=VERTEX_POINT('',#8459);
#1778=VERTEX_POINT('',#8464);
#1779=VERTEX_POINT('',#8469);
#1780=VERTEX_POINT('',#8494);
#1781=VERTEX_POINT('',#8518);
#1782=VERTEX_POINT('',#8520);
#1783=VERTEX_POINT('',#8525);
#1784=VERTEX_POINT('',#8530);
#1785=VERTEX_POINT('',#8544);
#1786=VERTEX_POINT('',#8549);
#1787=VERTEX_POINT('',#8558);
#1788=VERTEX_POINT('',#8559);
#1789=VERTEX_POINT('',#8698);
#1790=VERTEX_POINT('',#8722);
#1791=VERTEX_POINT('',#8727);
#1792=VERTEX_POINT('',#8732);
#1793=VERTEX_POINT('',#8748);
#1794=VERTEX_POINT('',#8749);
#1795=VERTEX_POINT('',#8879);
#1796=VERTEX_POINT('',#8884);
#1797=VERTEX_POINT('',#8889);
#1798=VERTEX_POINT('',#8894);
#1799=VERTEX_POINT('',#8899);
#1800=VERTEX_POINT('',#8906);
#1801=VERTEX_POINT('',#8935);
#1802=VERTEX_POINT('',#8947);
#1803=VERTEX_POINT('',#8954);
#1804=VERTEX_POINT('',#8983);
#1805=VERTEX_POINT('',#9010);
#1806=VERTEX_POINT('',#9037);
#1807=VERTEX_POINT('',#9063);
#1808=VERTEX_POINT('',#9065);
#1809=VERTEX_POINT('',#9087);
#1810=VERTEX_POINT('',#9098);
#1811=VERTEX_POINT('',#9120);
#1812=VERTEX_POINT('',#9125);
#1813=VERTEX_POINT('',#9130);
#1814=VERTEX_POINT('',#9135);
#1815=VERTEX_POINT('',#9149);
#1816=VERTEX_POINT('',#9154);
#1817=VERTEX_POINT('',#9179);
#1818=VERTEX_POINT('',#9181);
#1819=VERTEX_POINT('',#9192);
#1820=VERTEX_POINT('',#9224);
#1821=VERTEX_POINT('',#9229);
#1822=VERTEX_POINT('',#9234);
#1823=VERTEX_POINT('',#9294);
#1824=VERTEX_POINT('',#9301);
#1825=VERTEX_POINT('',#9325);
#1826=VERTEX_POINT('',#9366);
#1827=VERTEX_POINT('',#9367);
#1828=VERTEX_POINT('',#9372);
#1829=VERTEX_POINT('',#9383);
#1830=VERTEX_POINT('',#9410);
#1831=VERTEX_POINT('',#9411);
#1832=VERTEX_POINT('',#9416);
#1833=VERTEX_POINT('',#9447);
#1834=VERTEX_POINT('',#9454);
#1835=VERTEX_POINT('',#9459);
#1836=VERTEX_POINT('',#9484);
#1837=VERTEX_POINT('',#9485);
#1838=VERTEX_POINT('',#9519);
#1839=VERTEX_POINT('',#9526);
#1840=VERTEX_POINT('',#9531);
#1841=VERTEX_POINT('',#9536);
#1842=VERTEX_POINT('',#9563);
#1843=VERTEX_POINT('',#9564);
#1844=VERTEX_POINT('',#9569);
#1845=VERTEX_POINT('',#9580);
#1846=VERTEX_POINT('',#9607);
#1847=VERTEX_POINT('',#9612);
#1848=VERTEX_POINT('',#9637);
#1849=VERTEX_POINT('',#9642);
#1850=VERTEX_POINT('',#9672);
#1851=VERTEX_POINT('',#9679);
#1852=VERTEX_POINT('',#9684);
#1853=VERTEX_POINT('',#9689);
#1854=VERTEX_POINT('',#9716);
#1855=VERTEX_POINT('',#9717);
#1856=VERTEX_POINT('',#9722);
#1857=VERTEX_POINT('',#9733);
#1858=VERTEX_POINT('',#9760);
#1859=VERTEX_POINT('',#9765);
#1860=VERTEX_POINT('',#9790);
#1861=VERTEX_POINT('',#9795);
#1862=VERTEX_POINT('',#9849);
#1863=VERTEX_POINT('',#9851);
#1864=VERTEX_POINT('',#9940);
#1865=VERTEX_POINT('',#9942);
#1866=VERTEX_POINT('',#9983);
#1867=VERTEX_POINT('',#9984);
#1868=VERTEX_POINT('',#9989);
#1869=VERTEX_POINT('',#10001);
#1870=VERTEX_POINT('',#10028);
#1871=VERTEX_POINT('',#10033);
#1872=VERTEX_POINT('',#10038);
#1873=VERTEX_POINT('',#10066);
#1874=VERTEX_POINT('',#10071);
#1875=VERTEX_POINT('',#10076);
#1876=VERTEX_POINT('',#10103);
#1877=VERTEX_POINT('',#10108);
#1878=VERTEX_POINT('',#10138);
#1879=VERTEX_POINT('',#10139);
#1880=VERTEX_POINT('',#10144);
#1881=VERTEX_POINT('',#10156);
#1882=VERTEX_POINT('',#10183);
#1883=VERTEX_POINT('',#10184);
#1884=VERTEX_POINT('',#10189);
#1885=VERTEX_POINT('',#10200);
#1886=VERTEX_POINT('',#10228);
#1887=VERTEX_POINT('',#10233);
#1888=VERTEX_POINT('',#10258);
#1889=VERTEX_POINT('',#10259);
#1890=VERTEX_POINT('',#10349);
#1891=VERTEX_POINT('',#10351);
#1892=VERTEX_POINT('',#10416);
#1893=VERTEX_POINT('',#10418);
#1894=VERTEX_POINT('',#10451);
#1895=VERTEX_POINT('',#10452);
#1896=VERTEX_POINT('',#10457);
#1897=VERTEX_POINT('',#10468);
#1898=VERTEX_POINT('',#10495);
#1899=VERTEX_POINT('',#10496);
#1900=VERTEX_POINT('',#10501);
#1901=VERTEX_POINT('',#10532);
#1902=VERTEX_POINT('',#10533);
#1903=VERTEX_POINT('',#10538);
#1904=VERTEX_POINT('',#10569);
#1905=VERTEX_POINT('',#10574);
#1906=VERTEX_POINT('',#10589);
#1907=VERTEX_POINT('',#10598);
#1908=VERTEX_POINT('',#10600);
#1909=VERTEX_POINT('',#10612);
#1910=VERTEX_POINT('',#10617);
#1911=VERTEX_POINT('',#10626);
#1912=VERTEX_POINT('',#10650);
#1913=VERTEX_POINT('',#10652);
#1914=VERTEX_POINT('',#10677);
#1915=VERTEX_POINT('',#10725);
#1916=VERTEX_POINT('',#10754);
#1917=VERTEX_POINT('',#10755);
#1918=VERTEX_POINT('',#10823);
#1919=VERTEX_POINT('',#10827);
#1920=VERTEX_POINT('',#10828);
#1921=VERTEX_POINT('',#10960);
#1922=VERTEX_POINT('',#10980);
#1923=VERTEX_POINT('',#10981);
#1924=VERTEX_POINT('',#11113);
#1925=VERTEX_POINT('',#11117);
#1926=VERTEX_POINT('',#11118);
#1927=VERTEX_POINT('',#11235);
#1928=EDGE_CURVE('',#1496,#1497,#1121,.T.);
#1929=EDGE_CURVE('',#1496,#1498,#643,.T.);
#1930=EDGE_CURVE('',#1499,#1498,#1122,.T.);
#1931=EDGE_CURVE('',#1497,#1499,#644,.T.);
#1932=EDGE_CURVE('',#1497,#1500,#1123,.T.);
#1933=EDGE_CURVE('',#1501,#1499,#1124,.T.);
#1934=EDGE_CURVE('',#1500,#1501,#645,.T.);
#1935=EDGE_CURVE('',#1500,#1502,#1125,.T.);
#1936=EDGE_CURVE('',#1503,#1501,#1126,.T.);
#1937=EDGE_CURVE('',#1502,#1503,#646,.T.);
#1938=EDGE_CURVE('',#1502,#1496,#1127,.T.);
#1939=EDGE_CURVE('',#1498,#1503,#1128,.T.);
#1940=EDGE_CURVE('',#1504,#1505,#1129,.T.);
#1941=EDGE_CURVE('',#1504,#1506,#647,.T.);
#1942=EDGE_CURVE('',#1507,#1506,#1130,.T.);
#1943=EDGE_CURVE('',#1505,#1507,#648,.T.);
#1944=EDGE_CURVE('',#1505,#1508,#1131,.T.);
#1945=EDGE_CURVE('',#1509,#1507,#1132,.T.);
#1946=EDGE_CURVE('',#1508,#1509,#649,.T.);
#1947=EDGE_CURVE('',#1508,#1510,#1133,.T.);
#1948=EDGE_CURVE('',#1511,#1509,#1134,.T.);
#1949=EDGE_CURVE('',#1510,#1511,#650,.T.);
#1950=EDGE_CURVE('',#1510,#1504,#1135,.T.);
#1951=EDGE_CURVE('',#1506,#1511,#1136,.T.);
#1952=EDGE_CURVE('',#1512,#1513,#1137,.T.);
#1953=EDGE_CURVE('',#1512,#1514,#651,.T.);
#1954=EDGE_CURVE('',#1515,#1514,#1138,.T.);
#1955=EDGE_CURVE('',#1513,#1515,#652,.T.);
#1956=EDGE_CURVE('',#1513,#1516,#1139,.T.);
#1957=EDGE_CURVE('',#1517,#1515,#1140,.T.);
#1958=EDGE_CURVE('',#1516,#1517,#653,.T.);
#1959=EDGE_CURVE('',#1516,#1518,#1141,.T.);
#1960=EDGE_CURVE('',#1519,#1517,#1142,.T.);
#1961=EDGE_CURVE('',#1518,#1519,#654,.T.);
#1962=EDGE_CURVE('',#1518,#1520,#1143,.T.);
#1963=EDGE_CURVE('',#1521,#1519,#1144,.T.);
#1964=EDGE_CURVE('',#1520,#1521,#655,.T.);
#1965=EDGE_CURVE('',#1520,#1522,#1145,.T.);
#1966=EDGE_CURVE('',#1523,#1521,#1146,.T.);
#1967=EDGE_CURVE('',#1522,#1523,#656,.T.);
#1968=EDGE_CURVE('',#1522,#1524,#1147,.T.);
#1969=EDGE_CURVE('',#1525,#1523,#1148,.T.);
#1970=EDGE_CURVE('',#1524,#1525,#657,.T.);
#1971=EDGE_CURVE('',#1524,#1526,#1149,.T.);
#1972=EDGE_CURVE('',#1527,#1525,#1150,.T.);
#1973=EDGE_CURVE('',#1526,#1527,#658,.T.);
#1974=EDGE_CURVE('',#1514,#1527,#1151,.T.);
#1975=EDGE_CURVE('',#1526,#1528,#1152,.T.);
#1976=EDGE_CURVE('',#1528,#1529,#1153,.T.);
#1977=EDGE_CURVE('',#1529,#1530,#659,.T.);
#1978=EDGE_CURVE('',#1531,#1530,#1154,.T.);
#1979=EDGE_CURVE('',#1531,#1532,#1155,.T.);
#1980=EDGE_CURVE('',#1532,#1533,#1156,.T.);
#1981=EDGE_CURVE('',#1533,#1534,#1157,.T.);
#1982=EDGE_CURVE('',#1534,#1535,#1158,.T.);
#1983=EDGE_CURVE('',#1535,#1512,#1159,.T.);
#1984=EDGE_CURVE('',#1536,#1537,#1160,.T.);
#1985=EDGE_CURVE('',#1536,#1538,#660,.T.);
#1986=EDGE_CURVE('',#1539,#1538,#1161,.T.);
#1987=EDGE_CURVE('',#1537,#1539,#661,.T.);
#1988=EDGE_CURVE('',#1537,#1540,#1162,.T.);
#1989=EDGE_CURVE('',#1541,#1539,#1163,.T.);
#1990=EDGE_CURVE('',#1540,#1541,#662,.T.);
#1991=EDGE_CURVE('',#1540,#1542,#1164,.T.);
#1992=EDGE_CURVE('',#1543,#1541,#1165,.T.);
#1993=EDGE_CURVE('',#1542,#1543,#663,.T.);
#1994=EDGE_CURVE('',#1542,#1544,#1166,.T.);
#1995=EDGE_CURVE('',#1545,#1543,#1167,.T.);
#1996=EDGE_CURVE('',#1544,#1545,#664,.T.);
#1997=EDGE_CURVE('',#1544,#1546,#1168,.T.);
#1998=EDGE_CURVE('',#1547,#1545,#1169,.T.);
#1999=EDGE_CURVE('',#1546,#1547,#665,.T.);
#2000=EDGE_CURVE('',#1546,#1548,#1170,.T.);
#2001=EDGE_CURVE('',#1549,#1547,#1171,.T.);
#2002=EDGE_CURVE('',#1548,#1549,#666,.T.);
#2003=EDGE_CURVE('',#1550,#1536,#1172,.T.);
#2004=EDGE_CURVE('',#1550,#1551,#667,.T.);
#2005=EDGE_CURVE('',#1538,#1551,#1173,.T.);
#2006=EDGE_CURVE('',#1551,#1549,#1174,.T.);
#2007=EDGE_CURVE('',#1552,#1553,#668,.T.);
#2008=EDGE_CURVE('',#1553,#1554,#669,.T.);
#2009=EDGE_CURVE('',#1554,#1555,#670,.T.);
#2010=EDGE_CURVE('',#1552,#1555,#671,.T.);
#2011=EDGE_CURVE('',#1553,#1556,#672,.T.);
#2012=EDGE_CURVE('',#1556,#1557,#673,.T.);
#2013=EDGE_CURVE('',#1557,#1554,#674,.T.);
#2014=EDGE_CURVE('',#1556,#1558,#675,.T.);
#2015=EDGE_CURVE('',#1558,#1559,#676,.T.);
#2016=EDGE_CURVE('',#1560,#1559,#677,.T.);
#2017=EDGE_CURVE('',#1560,#1557,#678,.T.);
#2018=EDGE_CURVE('',#1558,#1561,#679,.T.);
#2019=EDGE_CURVE('',#1562,#1561,#680,.T.);
#2020=EDGE_CURVE('',#1559,#1562,#681,.T.);
#2021=EDGE_CURVE('',#1563,#1564,#682,.T.);
#2022=EDGE_CURVE('',#1564,#1565,#683,.T.);
#2023=EDGE_CURVE('',#1565,#1566,#684,.T.);
#2024=EDGE_CURVE('',#1563,#1566,#685,.T.);
#2025=EDGE_CURVE('',#1564,#1567,#686,.T.);
#2026=EDGE_CURVE('',#1567,#1568,#687,.T.);
#2027=EDGE_CURVE('',#1568,#1565,#688,.T.);
#2028=EDGE_CURVE('',#1567,#1569,#689,.T.);
#2029=EDGE_CURVE('',#1569,#1570,#690,.T.);
#2030=EDGE_CURVE('',#1570,#1568,#691,.T.);
#2031=EDGE_CURVE('',#1569,#1571,#692,.T.);
#2032=EDGE_CURVE('',#1572,#1571,#693,.T.);
#2033=EDGE_CURVE('',#1573,#1572,#694,.T.);
#2034=EDGE_CURVE('',#1573,#1570,#695,.T.);
#2035=EDGE_CURVE('',#1574,#1575,#696,.T.);
#2036=EDGE_CURVE('',#1575,#1576,#697,.T.);
#2037=EDGE_CURVE('',#1577,#1576,#698,.T.);
#2038=EDGE_CURVE('',#1574,#1577,#699,.T.);
#2039=EDGE_CURVE('',#1575,#1578,#700,.T.);
#2040=EDGE_CURVE('',#1578,#1579,#701,.T.);
#2041=EDGE_CURVE('',#1576,#1579,#702,.T.);
#2042=EDGE_CURVE('',#1580,#1581,#703,.T.);
#2043=EDGE_CURVE('',#1581,#1582,#704,.T.);
#2044=EDGE_CURVE('',#1583,#1582,#705,.T.);
#2045=EDGE_CURVE('',#1580,#1583,#706,.T.);
#2046=EDGE_CURVE('',#1584,#1585,#707,.T.);
#2047=EDGE_CURVE('',#1585,#1586,#708,.T.);
#2048=EDGE_CURVE('',#1587,#1586,#709,.T.);
#2049=EDGE_CURVE('',#1587,#1584,#710,.T.);
#2050=EDGE_CURVE('',#1578,#1588,#711,.T.);
#2051=EDGE_CURVE('',#1588,#1589,#712,.T.);
#2052=EDGE_CURVE('',#1579,#1589,#713,.T.);
#2053=EDGE_CURVE('',#1590,#1591,#1175,.T.);
#2054=EDGE_CURVE('',#1591,#1592,#1176,.T.);
#2055=EDGE_CURVE('',#1593,#1592,#1177,.T.);
#2056=EDGE_CURVE('',#1594,#1593,#1178,.T.);
#2057=EDGE_CURVE('',#1594,#1595,#1179,.T.);
#2058=EDGE_CURVE('',#1596,#1595,#1180,.T.);
#2059=EDGE_CURVE('',#1596,#1590,#1181,.T.);
#2060=EDGE_CURVE('',#1591,#1597,#714,.T.);
#2061=EDGE_CURVE('',#1598,#1597,#1182,.T.);
#2062=EDGE_CURVE('',#1592,#1598,#715,.T.);
#2063=EDGE_CURVE('',#1599,#1599,#31,.T.);
#2064=EDGE_CURVE('',#1600,#1600,#32,.T.);
#2065=EDGE_CURVE('',#1601,#1602,#716,.T.);
#2066=EDGE_CURVE('',#1603,#1601,#717,.T.);
#2067=EDGE_CURVE('',#1604,#1603,#718,.T.);
#2068=EDGE_CURVE('',#1602,#1604,#719,.T.);
#2069=EDGE_CURVE('',#1605,#1606,#720,.T.);
#2070=EDGE_CURVE('',#1607,#1605,#721,.T.);
#2071=EDGE_CURVE('',#1608,#1607,#722,.T.);
#2072=EDGE_CURVE('',#1606,#1608,#723,.T.);
#2073=EDGE_CURVE('',#1609,#1610,#724,.T.);
#2074=EDGE_CURVE('',#1611,#1609,#725,.T.);
#2075=EDGE_CURVE('',#1612,#1611,#726,.T.);
#2076=EDGE_CURVE('',#1610,#1612,#727,.T.);
#2077=EDGE_CURVE('',#1597,#1613,#1183,.T.);
#2078=EDGE_CURVE('',#1613,#1614,#1184,.T.);
#2079=EDGE_CURVE('',#1615,#1614,#1185,.T.);
#2080=EDGE_CURVE('',#1615,#1616,#1186,.T.);
#2081=EDGE_CURVE('',#1617,#1616,#1187,.T.);
#2082=EDGE_CURVE('',#1598,#1617,#1188,.T.);
#2083=EDGE_CURVE('',#1548,#1590,#1189,.T.);
#2084=EDGE_CURVE('',#1614,#1596,#1190,.T.);
#2085=EDGE_CURVE('',#1613,#1618,#1191,.T.);
#2086=EDGE_CURVE('',#1618,#1619,#1192,.T.);
#2087=EDGE_CURVE('',#1620,#1619,#728,.T.);
#2088=EDGE_CURVE('',#1621,#1620,#1193,.T.);
#2089=EDGE_CURVE('',#1621,#1550,#1194,.T.);
#2090=EDGE_CURVE('',#1618,#1622,#1195,.T.);
#2091=EDGE_CURVE('',#1622,#1623,#1196,.T.);
#2092=EDGE_CURVE('',#1619,#1623,#729,.T.);
#2093=EDGE_CURVE('',#1622,#1624,#1197,.T.);
#2094=EDGE_CURVE('',#1624,#1625,#1198,.T.);
#2095=EDGE_CURVE('',#1625,#1626,#1199,.T.);
#2096=EDGE_CURVE('',#1626,#1627,#1200,.T.);
#2097=EDGE_CURVE('',#1627,#1628,#1201,.T.);
#2098=EDGE_CURVE('',#1628,#1629,#1202,.T.);
#2099=EDGE_CURVE('',#1629,#1630,#1203,.T.);
#2100=EDGE_CURVE('',#1623,#1630,#730,.T.);
#2101=EDGE_CURVE('',#1631,#1632,#1204,.T.);
#2102=EDGE_CURVE('',#1632,#1631,#1205,.T.);
#2103=EDGE_CURVE('',#1624,#1633,#1206,.T.);
#2104=EDGE_CURVE('',#1633,#1634,#1207,.T.);
#2105=EDGE_CURVE('',#1634,#1630,#731,.T.);
#2106=EDGE_CURVE('',#1629,#1635,#1208,.T.);
#2107=EDGE_CURVE('',#1635,#1636,#1209,.T.);
#2108=EDGE_CURVE('',#1636,#1637,#1210,.T.);
#2109=EDGE_CURVE('',#1637,#1625,#1211,.T.);
#2110=EDGE_CURVE('',#1638,#1639,#1212,.T.);
#2111=EDGE_CURVE('',#1639,#1638,#1213,.T.);
#2112=EDGE_CURVE('',#1633,#1531,#1214,.T.);
#2113=EDGE_CURVE('',#1530,#1634,#732,.T.);
#2114=EDGE_CURVE('',#1532,#1640,#1215,.T.);
#2115=EDGE_CURVE('',#1641,#1640,#1216,.T.);
#2116=EDGE_CURVE('',#1641,#1642,#1217,.T.);
#2117=EDGE_CURVE('',#1642,#1643,#1218,.T.);
#2118=EDGE_CURVE('',#1644,#1643,#1219,.T.);
#2119=EDGE_CURVE('',#1644,#1533,#1220,.T.);
#2120=EDGE_CURVE('',#1640,#1645,#733,.T.);
#2121=EDGE_CURVE('',#1645,#1646,#1221,.T.);
#2122=EDGE_CURVE('',#1646,#1641,#734,.T.);
#2123=EDGE_CURVE('',#1647,#1647,#33,.T.);
#2124=EDGE_CURVE('',#1648,#1648,#34,.T.);
#2125=EDGE_CURVE('',#1649,#1650,#735,.T.);
#2126=EDGE_CURVE('',#1650,#1651,#736,.T.);
#2127=EDGE_CURVE('',#1651,#1652,#737,.T.);
#2128=EDGE_CURVE('',#1652,#1649,#738,.T.);
#2129=EDGE_CURVE('',#1653,#1654,#739,.T.);
#2130=EDGE_CURVE('',#1654,#1655,#740,.T.);
#2131=EDGE_CURVE('',#1655,#1656,#741,.T.);
#2132=EDGE_CURVE('',#1656,#1653,#742,.T.);
#2133=EDGE_CURVE('',#1657,#1658,#743,.T.);
#2134=EDGE_CURVE('',#1658,#1659,#744,.T.);
#2135=EDGE_CURVE('',#1659,#1660,#745,.T.);
#2136=EDGE_CURVE('',#1660,#1657,#746,.T.);
#2137=EDGE_CURVE('',#1645,#1535,#1222,.T.);
#2138=EDGE_CURVE('',#1534,#1661,#1223,.T.);
#2139=EDGE_CURVE('',#1662,#1661,#1224,.T.);
#2140=EDGE_CURVE('',#1662,#1663,#1225,.T.);
#2141=EDGE_CURVE('',#1663,#1646,#1226,.T.);
#2142=EDGE_CURVE('',#1664,#1664,#35,.T.);
#2143=EDGE_CURVE('',#1664,#1665,#747,.T.);
#2144=EDGE_CURVE('',#1665,#1665,#36,.T.);
#2145=EDGE_CURVE('',#1666,#1666,#37,.T.);
#2146=EDGE_CURVE('',#1666,#1667,#748,.T.);
#2147=EDGE_CURVE('',#1667,#1667,#38,.T.);
#2148=EDGE_CURVE('',#1668,#1668,#39,.T.);
#2149=EDGE_CURVE('',#1668,#1669,#749,.T.);
#2150=EDGE_CURVE('',#1669,#1669,#40,.T.);
#2151=EDGE_CURVE('',#1670,#1670,#41,.T.);
#2152=EDGE_CURVE('',#1670,#1671,#750,.T.);
#2153=EDGE_CURVE('',#1671,#1671,#42,.T.);
#2154=EDGE_CURVE('',#1672,#1673,#1227,.T.);
#2155=EDGE_CURVE('',#1673,#1674,#1228,.T.);
#2156=EDGE_CURVE('',#1674,#1675,#1229,.T.);
#2157=EDGE_CURVE('',#1675,#1672,#1230,.T.);
#2158=EDGE_CURVE('',#1676,#1673,#751,.T.);
#2159=EDGE_CURVE('',#1677,#1676,#1231,.T.);
#2160=EDGE_CURVE('',#1677,#1674,#752,.T.);
#2161=EDGE_CURVE('',#1678,#1677,#1232,.T.);
#2162=EDGE_CURVE('',#1676,#1679,#1233,.T.);
#2163=EDGE_CURVE('',#1679,#1678,#1234,.T.);
#2164=EDGE_CURVE('',#1680,#1681,#1235,.T.);
#2165=EDGE_CURVE('',#1589,#1680,#753,.T.);
#2166=EDGE_CURVE('',#1682,#1588,#754,.T.);
#2167=EDGE_CURVE('',#1683,#1682,#755,.T.);
#2168=EDGE_CURVE('',#1684,#1683,#756,.T.);
#2169=EDGE_CURVE('',#1685,#1684,#1236,.T.);
#2170=EDGE_CURVE('',#1679,#1685,#1237,.T.);
#2171=EDGE_CURVE('',#1681,#1672,#1238,.T.);
#2172=EDGE_CURVE('',#1686,#1687,#1239,.T.);
#2173=EDGE_CURVE('',#1675,#1686,#1240,.T.);
#2174=EDGE_CURVE('',#1688,#1678,#1241,.T.);
#2175=EDGE_CURVE('',#1689,#1688,#1242,.T.);
#2176=EDGE_CURVE('',#1582,#1689,#757,.T.);
#2177=EDGE_CURVE('',#1584,#1581,#758,.T.);
#2178=EDGE_CURVE('',#1687,#1587,#759,.T.);
#2179=EDGE_CURVE('',#1690,#1621,#1243,.T.);
#2180=EDGE_CURVE('',#1691,#1690,#1244,.T.);
#2181=EDGE_CURVE('',#1692,#1691,#760,.T.);
#2182=EDGE_CURVE('',#1693,#1692,#1245,.T.);
#2183=EDGE_CURVE('',#1694,#1693,#761,.T.);
#2184=EDGE_CURVE('',#1695,#1694,#1246,.T.);
#2185=EDGE_CURVE('',#1696,#1695,#1247,.T.);
#2186=EDGE_CURVE('',#1697,#1696,#762,.T.);
#2187=EDGE_CURVE('',#1698,#1697,#1248,.T.);
#2188=EDGE_CURVE('',#1699,#1698,#763,.T.);
#2189=EDGE_CURVE('',#1700,#1699,#1249,.T.);
#2190=EDGE_CURVE('',#1528,#1700,#1250,.T.);
#2191=EDGE_CURVE('',#1701,#1574,#764,.T.);
#2192=EDGE_CURVE('',#1682,#1701,#765,.T.);
#2193=EDGE_CURVE('',#1561,#1702,#766,.T.);
#2194=EDGE_CURVE('',#1703,#1552,#767,.T.);
#2195=EDGE_CURVE('',#1704,#1703,#768,.T.);
#2196=EDGE_CURVE('',#1702,#1704,#769,.T.);
#2197=EDGE_CURVE('',#1571,#1705,#770,.T.);
#2198=EDGE_CURVE('',#1706,#1563,#771,.T.);
#2199=EDGE_CURVE('',#1707,#1706,#772,.T.);
#2200=EDGE_CURVE('',#1705,#1707,#773,.T.);
#2201=EDGE_CURVE('',#1708,#1580,#774,.T.);
#2202=EDGE_CURVE('',#1709,#1708,#775,.T.);
#2203=EDGE_CURVE('',#1585,#1709,#776,.T.);
#2204=EDGE_CURVE('',#1701,#1710,#777,.T.);
#2205=EDGE_CURVE('',#1683,#1710,#778,.T.);
#2206=EDGE_CURVE('',#1687,#1711,#1251,.T.);
#2207=EDGE_CURVE('',#1711,#1712,#1252,.T.);
#2208=EDGE_CURVE('',#1712,#1713,#779,.T.);
#2209=EDGE_CURVE('',#1714,#1713,#1253,.T.);
#2210=EDGE_CURVE('',#1714,#1715,#1254,.T.);
#2211=EDGE_CURVE('',#1715,#1560,#1255,.T.);
#2212=EDGE_CURVE('',#1560,#1680,#1256,.T.);
#2213=EDGE_CURVE('',#1716,#1717,#1257,.T.);
#2214=EDGE_CURVE('',#1718,#1716,#1258,.T.);
#2215=EDGE_CURVE('',#1719,#1718,#1259,.T.);
#2216=EDGE_CURVE('',#1717,#1719,#1260,.T.);
#2217=EDGE_CURVE('',#1720,#1720,#1261,.T.);
#2218=EDGE_CURVE('',#1721,#1722,#1262,.T.);
#2219=EDGE_CURVE('',#1723,#1721,#1263,.T.);
#2220=EDGE_CURVE('',#1724,#1723,#1264,.T.);
#2221=EDGE_CURVE('',#1722,#1724,#1265,.T.);
#2222=EDGE_CURVE('',#1725,#1725,#1266,.T.);
#2223=EDGE_CURVE('',#1726,#1727,#1267,.T.);
#2224=EDGE_CURVE('',#1728,#1726,#1268,.T.);
#2225=EDGE_CURVE('',#1729,#1728,#1269,.T.);
#2226=EDGE_CURVE('',#1727,#1729,#1270,.T.);
#2227=EDGE_CURVE('',#1730,#1689,#1271,.T.);
#2228=EDGE_CURVE('',#1731,#1730,#1272,.T.);
#2229=EDGE_CURVE('',#1732,#1731,#1273,.T.);
#2230=EDGE_CURVE('',#1733,#1732,#1274,.T.);
#2231=EDGE_CURVE('',#1711,#1733,#1275,.T.);
#2232=EDGE_CURVE('',#1586,#1734,#780,.T.);
#2233=EDGE_CURVE('',#1734,#1735,#781,.T.);
#2234=EDGE_CURVE('',#1735,#1583,#782,.T.);
#2235=EDGE_CURVE('',#1736,#1715,#783,.T.);
#2236=EDGE_CURVE('',#1737,#1736,#784,.T.);
#2237=EDGE_CURVE('',#1738,#1737,#785,.T.);
#2238=EDGE_CURVE('',#1555,#1738,#786,.T.);
#2239=EDGE_CURVE('',#1702,#1736,#787,.T.);
#2240=EDGE_CURVE('',#1562,#1715,#788,.T.);
#2241=EDGE_CURVE('',#1704,#1737,#789,.T.);
#2242=EDGE_CURVE('',#1703,#1738,#790,.T.);
#2243=EDGE_CURVE('',#1739,#1573,#1276,.T.);
#2244=EDGE_CURVE('',#1740,#1739,#791,.T.);
#2245=EDGE_CURVE('',#1741,#1740,#792,.T.);
#2246=EDGE_CURVE('',#1566,#1741,#793,.T.);
#2247=EDGE_CURVE('',#1705,#1742,#794,.T.);
#2248=EDGE_CURVE('',#1572,#1742,#795,.T.);
#2249=EDGE_CURVE('',#1707,#1740,#796,.T.);
#2250=EDGE_CURVE('',#1742,#1739,#797,.T.);
#2251=EDGE_CURVE('',#1706,#1741,#798,.T.);
#2252=EDGE_CURVE('',#1710,#1577,#799,.T.);
#2253=EDGE_CURVE('',#1743,#1714,#1277,.T.);
#2254=EDGE_CURVE('',#1744,#1743,#1278,.T.);
#2255=EDGE_CURVE('',#1745,#1744,#1279,.T.);
#2256=EDGE_CURVE('',#1746,#1745,#1280,.T.);
#2257=EDGE_CURVE('',#1573,#1746,#1281,.T.);
#2258=EDGE_CURVE('',#1684,#1739,#1282,.T.);
#2259=EDGE_CURVE('',#1734,#1709,#800,.T.);
#2260=EDGE_CURVE('',#1708,#1735,#801,.T.);
#2261=EDGE_CURVE('',#1744,#1747,#1283,.T.);
#2262=EDGE_CURVE('',#1748,#1747,#1284,.T.);
#2263=EDGE_CURVE('',#1748,#1749,#1285,.T.);
#2264=EDGE_CURVE('',#1745,#1749,#1286,.T.);
#2265=EDGE_CURVE('',#1749,#1750,#1287,.T.);
#2266=EDGE_CURVE('',#1750,#1751,#1288,.T.);
#2267=EDGE_CURVE('',#1751,#1752,#1289,.T.);
#2268=EDGE_CURVE('',#1752,#1753,#1290,.T.);
#2269=EDGE_CURVE('',#1753,#1754,#1291,.T.);
#2270=EDGE_CURVE('',#1754,#1755,#1292,.T.);
#2271=EDGE_CURVE('',#1756,#1755,#802,.T.);
#2272=EDGE_CURVE('',#1746,#1756,#1293,.T.);
#2273=EDGE_CURVE('',#1743,#1757,#1294,.T.);
#2274=EDGE_CURVE('',#1757,#1758,#1295,.T.);
#2275=EDGE_CURVE('',#1747,#1758,#1296,.T.);
#2276=EDGE_CURVE('',#1759,#1756,#803,.T.);
#2277=EDGE_CURVE('',#1730,#1759,#1297,.T.);
#2278=EDGE_CURVE('',#1760,#1761,#1298,.T.);
#2279=EDGE_CURVE('',#1762,#1760,#1299,.T.);
#2280=EDGE_CURVE('',#1763,#1762,#1300,.T.);
#2281=EDGE_CURVE('',#1761,#1763,#1301,.T.);
#2282=EDGE_CURVE('',#1764,#1764,#1302,.T.);
#2283=EDGE_CURVE('',#1765,#1766,#1303,.T.);
#2284=EDGE_CURVE('',#1767,#1765,#1304,.T.);
#2285=EDGE_CURVE('',#1768,#1767,#1305,.T.);
#2286=EDGE_CURVE('',#1766,#1768,#1306,.T.);
#2287=EDGE_CURVE('',#1769,#1769,#1307,.T.);
#2288=EDGE_CURVE('',#1770,#1771,#1308,.T.);
#2289=EDGE_CURVE('',#1772,#1770,#1309,.T.);
#2290=EDGE_CURVE('',#1773,#1772,#1310,.T.);
#2291=EDGE_CURVE('',#1771,#1773,#1311,.T.);
#2292=EDGE_CURVE('',#1713,#1774,#804,.T.);
#2293=EDGE_CURVE('',#1775,#1774,#1312,.T.);
#2294=EDGE_CURVE('',#1775,#1776,#1313,.T.);
#2295=EDGE_CURVE('',#1776,#1777,#1314,.T.);
#2296=EDGE_CURVE('',#1777,#1778,#1315,.T.);
#2297=EDGE_CURVE('',#1778,#1779,#1316,.T.);
#2298=EDGE_CURVE('',#1779,#1757,#1317,.T.);
#2299=EDGE_CURVE('',#1780,#1759,#805,.T.);
#2300=EDGE_CURVE('',#1731,#1780,#1318,.T.);
#2301=EDGE_CURVE('',#1781,#1780,#806,.T.);
#2302=EDGE_CURVE('',#1782,#1781,#1319,.T.);
#2303=EDGE_CURVE('',#1782,#1783,#1320,.T.);
#2304=EDGE_CURVE('',#1783,#1784,#1321,.T.);
#2305=EDGE_CURVE('',#1784,#1785,#1322,.T.);
#2306=EDGE_CURVE('',#1785,#1786,#1323,.T.);
#2307=EDGE_CURVE('',#1732,#1786,#1324,.T.);
#2308=EDGE_CURVE('',#1787,#1788,#1325,.T.);
#2309=EDGE_CURVE('',#1788,#1787,#1326,.T.);
#2310=EDGE_CURVE('',#1733,#1789,#1327,.T.);
#2311=EDGE_CURVE('',#1789,#1712,#807,.T.);
#2312=EDGE_CURVE('',#1786,#1790,#1328,.T.);
#2313=EDGE_CURVE('',#1790,#1791,#1329,.T.);
#2314=EDGE_CURVE('',#1791,#1792,#1330,.T.);
#2315=EDGE_CURVE('',#1792,#1782,#1331,.T.);
#2316=EDGE_CURVE('',#1781,#1789,#808,.T.);
#2317=EDGE_CURVE('',#1793,#1794,#1332,.T.);
#2318=EDGE_CURVE('',#1794,#1793,#1333,.T.);
#2319=EDGE_CURVE('',#1795,#1795,#43,.T.);
#2320=EDGE_CURVE('',#1795,#1788,#809,.T.);
#2321=EDGE_CURVE('',#1796,#1796,#44,.T.);
#2322=EDGE_CURVE('',#1796,#1794,#810,.T.);
#2323=EDGE_CURVE('',#1632,#1797,#811,.T.);
#2324=EDGE_CURVE('',#1797,#1797,#45,.T.);
#2325=EDGE_CURVE('',#1639,#1798,#812,.T.);
#2326=EDGE_CURVE('',#1798,#1798,#46,.T.);
#2327=EDGE_CURVE('',#1799,#1693,#1334,.T.);
#2328=EDGE_CURVE('',#1800,#1799,#1335,.T.);
#2329=EDGE_CURVE('',#1694,#1800,#1336,.T.);
#2330=EDGE_CURVE('',#1692,#1801,#1337,.T.);
#2331=EDGE_CURVE('',#1799,#1801,#1338,.T.);
#2332=EDGE_CURVE('',#1802,#1698,#1339,.T.);
#2333=EDGE_CURVE('',#1803,#1802,#1340,.T.);
#2334=EDGE_CURVE('',#1699,#1803,#1341,.T.);
#2335=EDGE_CURVE('',#1697,#1804,#1342,.T.);
#2336=EDGE_CURVE('',#1802,#1804,#1343,.T.);
#2337=EDGE_CURVE('',#1801,#1805,#1344,.T.);
#2338=EDGE_CURVE('',#1800,#1805,#1345,.T.);
#2339=EDGE_CURVE('',#1804,#1806,#1346,.T.);
#2340=EDGE_CURVE('',#1803,#1806,#1347,.T.);
#2341=EDGE_CURVE('',#1805,#1691,#1348,.T.);
#2342=EDGE_CURVE('',#1806,#1696,#1349,.T.);
#2343=EDGE_CURVE('',#1636,#1807,#813,.T.);
#2344=EDGE_CURVE('',#1807,#1808,#1350,.T.);
#2345=EDGE_CURVE('',#1637,#1808,#814,.T.);
#2346=EDGE_CURVE('',#1635,#1809,#815,.T.);
#2347=EDGE_CURVE('',#1809,#1807,#1351,.T.);
#2348=EDGE_CURVE('',#1808,#1810,#1352,.T.);
#2349=EDGE_CURVE('',#1625,#1810,#816,.T.);
#2350=EDGE_CURVE('',#1811,#1809,#1353,.T.);
#2351=EDGE_CURVE('',#1811,#1812,#1354,.T.);
#2352=EDGE_CURVE('',#1813,#1812,#1355,.T.);
#2353=EDGE_CURVE('',#1814,#1813,#1356,.T.);
#2354=EDGE_CURVE('',#1815,#1814,#1357,.T.);
#2355=EDGE_CURVE('',#1816,#1815,#1358,.T.);
#2356=EDGE_CURVE('',#1816,#1810,#1359,.T.);
#2357=EDGE_CURVE('',#1627,#1817,#817,.T.);
#2358=EDGE_CURVE('',#1817,#1818,#1360,.T.);
#2359=EDGE_CURVE('',#1628,#1818,#818,.T.);
#2360=EDGE_CURVE('',#1626,#1819,#819,.T.);
#2361=EDGE_CURVE('',#1819,#1817,#1361,.T.);
#2362=EDGE_CURVE('',#1810,#1819,#1362,.T.);
#2363=EDGE_CURVE('',#1818,#1811,#1363,.T.);
#2364=EDGE_CURVE('',#1820,#1816,#1364,.T.);
#2365=EDGE_CURVE('',#1821,#1820,#1365,.T.);
#2366=EDGE_CURVE('',#1822,#1821,#1366,.T.);
#2367=EDGE_CURVE('',#1812,#1822,#1367,.T.);
#2368=EDGE_CURVE('',#1822,#1783,#820,.T.);
#2369=EDGE_CURVE('',#1813,#1792,#821,.T.);
#2370=EDGE_CURVE('',#1814,#1791,#822,.T.);
#2371=EDGE_CURVE('',#1815,#1790,#823,.T.);
#2372=EDGE_CURVE('',#1820,#1785,#824,.T.);
#2373=EDGE_CURVE('',#1821,#1784,#825,.T.);
#2374=EDGE_CURVE('',#1695,#1823,#1368,.T.);
#2375=EDGE_CURVE('',#1823,#1824,#826,.T.);
#2376=EDGE_CURVE('',#1700,#1824,#1369,.T.);
#2377=EDGE_CURVE('',#1690,#1825,#1370,.T.);
#2378=EDGE_CURVE('',#1823,#1825,#827,.T.);
#2379=EDGE_CURVE('',#1825,#1620,#828,.T.);
#2380=EDGE_CURVE('',#1826,#1827,#1371,.T.);
#2381=EDGE_CURVE('',#1827,#1828,#1372,.T.);
#2382=EDGE_CURVE('',#1828,#1770,#1373,.T.);
#2383=EDGE_CURVE('',#1829,#1771,#1374,.T.);
#2384=EDGE_CURVE('',#1826,#1829,#1375,.T.);
#2385=EDGE_CURVE('',#1830,#1831,#1376,.T.);
#2386=EDGE_CURVE('',#1831,#1832,#1377,.T.);
#2387=EDGE_CURVE('',#1832,#1772,#1378,.T.);
#2388=EDGE_CURVE('',#1828,#1830,#1379,.T.);
#2389=EDGE_CURVE('',#1773,#1833,#1380,.T.);
#2390=EDGE_CURVE('',#1833,#1834,#1381,.T.);
#2391=EDGE_CURVE('',#1834,#1835,#1382,.T.);
#2392=EDGE_CURVE('',#1835,#1829,#1383,.T.);
#2393=EDGE_CURVE('',#1836,#1837,#1384,.T.);
#2394=EDGE_CURVE('',#1833,#1837,#1385,.T.);
#2395=EDGE_CURVE('',#1836,#1832,#1386,.T.);
#2396=EDGE_CURVE('',#1602,#1835,#829,.T.);
#2397=EDGE_CURVE('',#1604,#1830,#830,.F.);
#2398=EDGE_CURVE('',#1601,#1834,#831,.F.);
#2399=EDGE_CURVE('',#1728,#1838,#1387,.T.);
#2400=EDGE_CURVE('',#1838,#1839,#1388,.T.);
#2401=EDGE_CURVE('',#1839,#1840,#1389,.T.);
#2402=EDGE_CURVE('',#1840,#1841,#1390,.T.);
#2403=EDGE_CURVE('',#1841,#1729,#1391,.T.);
#2404=EDGE_CURVE('',#1842,#1843,#1392,.T.);
#2405=EDGE_CURVE('',#1843,#1844,#1393,.T.);
#2406=EDGE_CURVE('',#1844,#1726,#1394,.T.);
#2407=EDGE_CURVE('',#1845,#1727,#1395,.T.);
#2408=EDGE_CURVE('',#1845,#1842,#1396,.T.);
#2409=EDGE_CURVE('',#1846,#1844,#1397,.T.);
#2410=EDGE_CURVE('',#1846,#1847,#1398,.T.);
#2411=EDGE_CURVE('',#1838,#1847,#1399,.T.);
#2412=EDGE_CURVE('',#1848,#1841,#1400,.T.);
#2413=EDGE_CURVE('',#1848,#1849,#1401,.T.);
#2414=EDGE_CURVE('',#1849,#1845,#1402,.T.);
#2415=EDGE_CURVE('',#1650,#1839,#832,.T.);
#2416=EDGE_CURVE('',#1649,#1840,#833,.F.);
#2417=EDGE_CURVE('',#1651,#1843,#834,.F.);
#2418=EDGE_CURVE('',#1718,#1850,#1403,.T.);
#2419=EDGE_CURVE('',#1850,#1851,#1404,.T.);
#2420=EDGE_CURVE('',#1851,#1852,#1405,.T.);
#2421=EDGE_CURVE('',#1852,#1853,#1406,.T.);
#2422=EDGE_CURVE('',#1853,#1719,#1407,.T.);
#2423=EDGE_CURVE('',#1854,#1855,#1408,.T.);
#2424=EDGE_CURVE('',#1855,#1856,#1409,.T.);
#2425=EDGE_CURVE('',#1856,#1716,#1410,.T.);
#2426=EDGE_CURVE('',#1857,#1717,#1411,.T.);
#2427=EDGE_CURVE('',#1854,#1857,#1412,.T.);
#2428=EDGE_CURVE('',#1856,#1858,#1413,.T.);
#2429=EDGE_CURVE('',#1858,#1859,#1414,.T.);
#2430=EDGE_CURVE('',#1859,#1850,#1415,.T.);
#2431=EDGE_CURVE('',#1853,#1860,#1416,.T.);
#2432=EDGE_CURVE('',#1860,#1861,#1417,.T.);
#2433=EDGE_CURVE('',#1861,#1857,#1418,.T.);
#2434=EDGE_CURVE('',#1657,#1860,#835,.T.);
#2435=EDGE_CURVE('',#1660,#1861,#836,.T.);
#2436=EDGE_CURVE('',#1658,#1859,#837,.T.);
#2437=EDGE_CURVE('',#1725,#1862,#838,.T.);
#2438=EDGE_CURVE('',#1862,#1863,#1419,.T.);
#2439=EDGE_CURVE('',#1863,#1862,#1420,.T.);
#2440=EDGE_CURVE('',#1863,#1647,#839,.T.);
#2441=EDGE_CURVE('',#1720,#1864,#840,.T.);
#2442=EDGE_CURVE('',#1864,#1865,#1421,.T.);
#2443=EDGE_CURVE('',#1865,#1864,#1422,.T.);
#2444=EDGE_CURVE('',#1865,#1648,#841,.T.);
#2445=EDGE_CURVE('',#1866,#1867,#1423,.T.);
#2446=EDGE_CURVE('',#1867,#1868,#1424,.T.);
#2447=EDGE_CURVE('',#1868,#1721,#1425,.T.);
#2448=EDGE_CURVE('',#1722,#1869,#1426,.T.);
#2449=EDGE_CURVE('',#1869,#1866,#1427,.T.);
#2450=EDGE_CURVE('',#1870,#1868,#1428,.T.);
#2451=EDGE_CURVE('',#1870,#1871,#1429,.T.);
#2452=EDGE_CURVE('',#1871,#1872,#1430,.T.);
#2453=EDGE_CURVE('',#1872,#1723,#1431,.T.);
#2454=EDGE_CURVE('',#1872,#1873,#1432,.T.);
#2455=EDGE_CURVE('',#1873,#1874,#1433,.T.);
#2456=EDGE_CURVE('',#1874,#1875,#1434,.T.);
#2457=EDGE_CURVE('',#1875,#1724,#1435,.T.);
#2458=EDGE_CURVE('',#1876,#1875,#1436,.T.);
#2459=EDGE_CURVE('',#1876,#1877,#1437,.T.);
#2460=EDGE_CURVE('',#1869,#1877,#1438,.T.);
#2461=EDGE_CURVE('',#1656,#1873,#842,.T.);
#2462=EDGE_CURVE('',#1655,#1874,#843,.T.);
#2463=EDGE_CURVE('',#1653,#1867,#844,.T.);
#2464=EDGE_CURVE('',#1878,#1879,#1439,.T.);
#2465=EDGE_CURVE('',#1879,#1880,#1440,.T.);
#2466=EDGE_CURVE('',#1880,#1763,#1441,.T.);
#2467=EDGE_CURVE('',#1881,#1762,#1442,.T.);
#2468=EDGE_CURVE('',#1881,#1878,#1443,.T.);
#2469=EDGE_CURVE('',#1882,#1883,#1444,.T.);
#2470=EDGE_CURVE('',#1883,#1884,#1445,.T.);
#2471=EDGE_CURVE('',#1884,#1760,#1446,.T.);
#2472=EDGE_CURVE('',#1761,#1885,#1447,.T.);
#2473=EDGE_CURVE('',#1885,#1882,#1448,.T.);
#2474=EDGE_CURVE('',#1886,#1884,#1449,.T.);
#2475=EDGE_CURVE('',#1886,#1887,#1450,.T.);
#2476=EDGE_CURVE('',#1887,#1881,#1451,.T.);
#2477=EDGE_CURVE('',#1888,#1889,#1452,.T.);
#2478=EDGE_CURVE('',#1885,#1889,#1453,.T.);
#2479=EDGE_CURVE('',#1888,#1880,#1454,.T.);
#2480=EDGE_CURVE('',#1608,#1878,#845,.T.);
#2481=EDGE_CURVE('',#1607,#1879,#846,.T.);
#2482=EDGE_CURVE('',#1606,#1883,#847,.T.);
#2483=EDGE_CURVE('',#1890,#1769,#848,.T.);
#2484=EDGE_CURVE('',#1890,#1891,#1455,.T.);
#2485=EDGE_CURVE('',#1891,#1890,#1456,.T.);
#2486=EDGE_CURVE('',#1891,#1600,#849,.T.);
#2487=EDGE_CURVE('',#1892,#1764,#850,.T.);
#2488=EDGE_CURVE('',#1892,#1893,#1457,.T.);
#2489=EDGE_CURVE('',#1893,#1892,#1458,.T.);
#2490=EDGE_CURVE('',#1893,#1599,#851,.T.);
#2491=EDGE_CURVE('',#1894,#1895,#1459,.T.);
#2492=EDGE_CURVE('',#1895,#1896,#1460,.T.);
#2493=EDGE_CURVE('',#1896,#1765,#1461,.T.);
#2494=EDGE_CURVE('',#1766,#1897,#1462,.T.);
#2495=EDGE_CURVE('',#1897,#1894,#1463,.T.);
#2496=EDGE_CURVE('',#1898,#1899,#1464,.T.);
#2497=EDGE_CURVE('',#1899,#1900,#1465,.T.);
#2498=EDGE_CURVE('',#1900,#1767,#1466,.T.);
#2499=EDGE_CURVE('',#1896,#1898,#1467,.T.);
#2500=EDGE_CURVE('',#1901,#1902,#1468,.T.);
#2501=EDGE_CURVE('',#1902,#1903,#1469,.T.);
#2502=EDGE_CURVE('',#1903,#1768,#1470,.T.);
#2503=EDGE_CURVE('',#1901,#1900,#1471,.T.);
#2504=EDGE_CURVE('',#1903,#1904,#1472,.T.);
#2505=EDGE_CURVE('',#1904,#1905,#1473,.T.);
#2506=EDGE_CURVE('',#1905,#1897,#1474,.T.);
#2507=EDGE_CURVE('',#1611,#1904,#852,.T.);
#2508=EDGE_CURVE('',#1609,#1905,#853,.T.);
#2509=EDGE_CURVE('',#1612,#1899,#854,.T.);
#2510=EDGE_CURVE('',#1906,#1748,#1475,.T.);
#2511=EDGE_CURVE('',#1906,#1750,#855,.T.);
#2512=EDGE_CURVE('',#1907,#1753,#856,.T.);
#2513=EDGE_CURVE('',#1908,#1907,#1476,.T.);
#2514=EDGE_CURVE('',#1754,#1908,#1477,.T.);
#2515=EDGE_CURVE('',#1909,#1775,#1478,.T.);
#2516=EDGE_CURVE('',#1910,#1909,#1479,.T.);
#2517=EDGE_CURVE('',#1910,#1776,#857,.T.);
#2518=EDGE_CURVE('',#1911,#1779,#858,.T.);
#2519=EDGE_CURVE('',#1758,#1911,#1480,.T.);
#2520=EDGE_CURVE('',#1774,#1912,#859,.T.);
#2521=EDGE_CURVE('',#1913,#1912,#1481,.T.);
#2522=EDGE_CURVE('',#1909,#1913,#1482,.T.);
#2523=EDGE_CURVE('',#1907,#1914,#1483,.T.);
#2524=EDGE_CURVE('',#1914,#1913,#860,.T.);
#2525=EDGE_CURVE('',#1913,#1908,#1484,.T.);
#2526=EDGE_CURVE('',#1914,#1910,#1485,.T.);
#2527=EDGE_CURVE('',#1777,#1752,#861,.T.);
#2528=EDGE_CURVE('',#1911,#1915,#1486,.T.);
#2529=EDGE_CURVE('',#1915,#1747,#862,.T.);
#2530=EDGE_CURVE('',#1915,#1906,#1487,.T.);
#2531=EDGE_CURVE('',#1778,#1751,#863,.T.);
#2532=EDGE_CURVE('',#1916,#1917,#1488,.T.);
#2533=EDGE_CURVE('',#1917,#1916,#1489,.T.);
#2534=EDGE_CURVE('',#1917,#1918,#864,.T.);
#2535=EDGE_CURVE('',#1918,#1918,#47,.T.);
#2536=EDGE_CURVE('',#1919,#1920,#1490,.T.);
#2537=EDGE_CURVE('',#1920,#1919,#1491,.T.);
#2538=EDGE_CURVE('',#1920,#1921,#865,.T.);
#2539=EDGE_CURVE('',#1921,#1921,#48,.T.);
#2540=EDGE_CURVE('',#1922,#1923,#1492,.T.);
#2541=EDGE_CURVE('',#1923,#1922,#1493,.T.);
#2542=EDGE_CURVE('',#1923,#1924,#866,.T.);
#2543=EDGE_CURVE('',#1924,#1924,#49,.T.);
#2544=EDGE_CURVE('',#1925,#1926,#1494,.T.);
#2545=EDGE_CURVE('',#1926,#1925,#1495,.T.);
#2546=EDGE_CURVE('',#1926,#1927,#867,.T.);
#2547=EDGE_CURVE('',#1927,#1927,#50,.T.);
#2548=EDGE_CURVE('',#1755,#1912,#868,.T.);
#2549=EDGE_CURVE('',#1610,#1898,#869,.T.);
#2550=EDGE_CURVE('',#1605,#1882,#870,.T.);
#2551=EDGE_CURVE('',#1603,#1831,#871,.T.);
#2552=EDGE_CURVE('',#1616,#1594,#872,.T.);
#2553=EDGE_CURVE('',#1595,#1615,#873,.T.);
#2554=EDGE_CURVE('',#1593,#1617,#874,.T.);
#2555=EDGE_CURVE('',#1659,#1858,#875,.T.);
#2556=EDGE_CURVE('',#1654,#1866,#876,.T.);
#2557=EDGE_CURVE('',#1652,#1842,#877,.T.);
#2558=EDGE_CURVE('',#1661,#1644,#878,.T.);
#2559=EDGE_CURVE('',#1643,#1662,#879,.T.);
#2560=EDGE_CURVE('',#1663,#1642,#880,.T.);
#2561=EDGE_CURVE('',#1824,#1529,#881,.T.);
#2562=ORIENTED_EDGE('',*,*,#1928,.F.);
#2563=ORIENTED_EDGE('',*,*,#1929,.T.);
#2564=ORIENTED_EDGE('',*,*,#1930,.F.);
#2565=ORIENTED_EDGE('',*,*,#1931,.F.);
#2566=ORIENTED_EDGE('',*,*,#1932,.F.);
#2567=ORIENTED_EDGE('',*,*,#1931,.T.);
#2568=ORIENTED_EDGE('',*,*,#1933,.F.);
#2569=ORIENTED_EDGE('',*,*,#1934,.F.);
#2570=ORIENTED_EDGE('',*,*,#1935,.F.);
#2571=ORIENTED_EDGE('',*,*,#1934,.T.);
#2572=ORIENTED_EDGE('',*,*,#1936,.F.);
#2573=ORIENTED_EDGE('',*,*,#1937,.F.);
#2574=ORIENTED_EDGE('',*,*,#1938,.F.);
#2575=ORIENTED_EDGE('',*,*,#1937,.T.);
#2576=ORIENTED_EDGE('',*,*,#1939,.F.);
#2577=ORIENTED_EDGE('',*,*,#1929,.F.);
#2578=ORIENTED_EDGE('',*,*,#1939,.T.);
#2579=ORIENTED_EDGE('',*,*,#1936,.T.);
#2580=ORIENTED_EDGE('',*,*,#1933,.T.);
#2581=ORIENTED_EDGE('',*,*,#1930,.T.);
#2582=ORIENTED_EDGE('',*,*,#1940,.F.);
#2583=ORIENTED_EDGE('',*,*,#1941,.T.);
#2584=ORIENTED_EDGE('',*,*,#1942,.F.);
#2585=ORIENTED_EDGE('',*,*,#1943,.F.);
#2586=ORIENTED_EDGE('',*,*,#1944,.F.);
#2587=ORIENTED_EDGE('',*,*,#1943,.T.);
#2588=ORIENTED_EDGE('',*,*,#1945,.F.);
#2589=ORIENTED_EDGE('',*,*,#1946,.F.);
#2590=ORIENTED_EDGE('',*,*,#1947,.F.);
#2591=ORIENTED_EDGE('',*,*,#1946,.T.);
#2592=ORIENTED_EDGE('',*,*,#1948,.F.);
#2593=ORIENTED_EDGE('',*,*,#1949,.F.);
#2594=ORIENTED_EDGE('',*,*,#1950,.F.);
#2595=ORIENTED_EDGE('',*,*,#1949,.T.);
#2596=ORIENTED_EDGE('',*,*,#1951,.F.);
#2597=ORIENTED_EDGE('',*,*,#1941,.F.);
#2598=ORIENTED_EDGE('',*,*,#1951,.T.);
#2599=ORIENTED_EDGE('',*,*,#1948,.T.);
#2600=ORIENTED_EDGE('',*,*,#1945,.T.);
#2601=ORIENTED_EDGE('',*,*,#1942,.T.);
#2602=ORIENTED_EDGE('',*,*,#1952,.F.);
#2603=ORIENTED_EDGE('',*,*,#1953,.T.);
#2604=ORIENTED_EDGE('',*,*,#1954,.F.);
#2605=ORIENTED_EDGE('',*,*,#1955,.F.);
#2606=ORIENTED_EDGE('',*,*,#1956,.F.);
#2607=ORIENTED_EDGE('',*,*,#1955,.T.);
#2608=ORIENTED_EDGE('',*,*,#1957,.F.);
#2609=ORIENTED_EDGE('',*,*,#1958,.F.);
#2610=ORIENTED_EDGE('',*,*,#1959,.F.);
#2611=ORIENTED_EDGE('',*,*,#1958,.T.);
#2612=ORIENTED_EDGE('',*,*,#1960,.F.);
#2613=ORIENTED_EDGE('',*,*,#1961,.F.);
#2614=ORIENTED_EDGE('',*,*,#1962,.F.);
#2615=ORIENTED_EDGE('',*,*,#1961,.T.);
#2616=ORIENTED_EDGE('',*,*,#1963,.F.);
#2617=ORIENTED_EDGE('',*,*,#1964,.F.);
#2618=ORIENTED_EDGE('',*,*,#1965,.F.);
#2619=ORIENTED_EDGE('',*,*,#1964,.T.);
#2620=ORIENTED_EDGE('',*,*,#1966,.F.);
#2621=ORIENTED_EDGE('',*,*,#1967,.F.);
#2622=ORIENTED_EDGE('',*,*,#1968,.F.);
#2623=ORIENTED_EDGE('',*,*,#1967,.T.);
#2624=ORIENTED_EDGE('',*,*,#1969,.F.);
#2625=ORIENTED_EDGE('',*,*,#1970,.F.);
#2626=ORIENTED_EDGE('',*,*,#1971,.F.);
#2627=ORIENTED_EDGE('',*,*,#1970,.T.);
#2628=ORIENTED_EDGE('',*,*,#1972,.F.);
#2629=ORIENTED_EDGE('',*,*,#1973,.F.);
#2630=ORIENTED_EDGE('',*,*,#1972,.T.);
#2631=ORIENTED_EDGE('',*,*,#1969,.T.);
#2632=ORIENTED_EDGE('',*,*,#1966,.T.);
#2633=ORIENTED_EDGE('',*,*,#1963,.T.);
#2634=ORIENTED_EDGE('',*,*,#1960,.T.);
#2635=ORIENTED_EDGE('',*,*,#1957,.T.);
#2636=ORIENTED_EDGE('',*,*,#1954,.T.);
#2637=ORIENTED_EDGE('',*,*,#1974,.T.);
#2638=ORIENTED_EDGE('',*,*,#1952,.T.);
#2639=ORIENTED_EDGE('',*,*,#1956,.T.);
#2640=ORIENTED_EDGE('',*,*,#1959,.T.);
#2641=ORIENTED_EDGE('',*,*,#1962,.T.);
#2642=ORIENTED_EDGE('',*,*,#1965,.T.);
#2643=ORIENTED_EDGE('',*,*,#1968,.T.);
#2644=ORIENTED_EDGE('',*,*,#1971,.T.);
#2645=ORIENTED_EDGE('',*,*,#1975,.T.);
#2646=ORIENTED_EDGE('',*,*,#1976,.T.);
#2647=ORIENTED_EDGE('',*,*,#1977,.T.);
#2648=ORIENTED_EDGE('',*,*,#1978,.F.);
#2649=ORIENTED_EDGE('',*,*,#1979,.T.);
#2650=ORIENTED_EDGE('',*,*,#1980,.T.);
#2651=ORIENTED_EDGE('',*,*,#1981,.T.);
#2652=ORIENTED_EDGE('',*,*,#1982,.T.);
#2653=ORIENTED_EDGE('',*,*,#1983,.T.);
#2654=ORIENTED_EDGE('',*,*,#1940,.T.);
#2655=ORIENTED_EDGE('',*,*,#1944,.T.);
#2656=ORIENTED_EDGE('',*,*,#1947,.T.);
#2657=ORIENTED_EDGE('',*,*,#1950,.T.);
#2658=ORIENTED_EDGE('',*,*,#1984,.F.);
#2659=ORIENTED_EDGE('',*,*,#1985,.T.);
#2660=ORIENTED_EDGE('',*,*,#1986,.F.);
#2661=ORIENTED_EDGE('',*,*,#1987,.F.);
#2662=ORIENTED_EDGE('',*,*,#1988,.F.);
#2663=ORIENTED_EDGE('',*,*,#1987,.T.);
#2664=ORIENTED_EDGE('',*,*,#1989,.F.);
#2665=ORIENTED_EDGE('',*,*,#1990,.F.);
#2666=ORIENTED_EDGE('',*,*,#1991,.F.);
#2667=ORIENTED_EDGE('',*,*,#1990,.T.);
#2668=ORIENTED_EDGE('',*,*,#1992,.F.);
#2669=ORIENTED_EDGE('',*,*,#1993,.F.);
#2670=ORIENTED_EDGE('',*,*,#1994,.F.);
#2671=ORIENTED_EDGE('',*,*,#1993,.T.);
#2672=ORIENTED_EDGE('',*,*,#1995,.F.);
#2673=ORIENTED_EDGE('',*,*,#1996,.F.);
#2674=ORIENTED_EDGE('',*,*,#1997,.F.);
#2675=ORIENTED_EDGE('',*,*,#1996,.T.);
#2676=ORIENTED_EDGE('',*,*,#1998,.F.);
#2677=ORIENTED_EDGE('',*,*,#1999,.F.);
#2678=ORIENTED_EDGE('',*,*,#2000,.F.);
#2679=ORIENTED_EDGE('',*,*,#1999,.T.);
#2680=ORIENTED_EDGE('',*,*,#2001,.F.);
#2681=ORIENTED_EDGE('',*,*,#2002,.F.);
#2682=ORIENTED_EDGE('',*,*,#2003,.F.);
#2683=ORIENTED_EDGE('',*,*,#2004,.T.);
#2684=ORIENTED_EDGE('',*,*,#2005,.F.);
#2685=ORIENTED_EDGE('',*,*,#1985,.F.);
#2686=ORIENTED_EDGE('',*,*,#2005,.T.);
#2687=ORIENTED_EDGE('',*,*,#2006,.T.);
#2688=ORIENTED_EDGE('',*,*,#2001,.T.);
#2689=ORIENTED_EDGE('',*,*,#1998,.T.);
#2690=ORIENTED_EDGE('',*,*,#1995,.T.);
#2691=ORIENTED_EDGE('',*,*,#1992,.T.);
#2692=ORIENTED_EDGE('',*,*,#1989,.T.);
#2693=ORIENTED_EDGE('',*,*,#1986,.T.);
#2694=ORIENTED_EDGE('',*,*,#2007,.T.);
#2695=ORIENTED_EDGE('',*,*,#2008,.T.);
#2696=ORIENTED_EDGE('',*,*,#2009,.T.);
#2697=ORIENTED_EDGE('',*,*,#2010,.F.);
#2698=ORIENTED_EDGE('',*,*,#2011,.T.);
#2699=ORIENTED_EDGE('',*,*,#2012,.T.);
#2700=ORIENTED_EDGE('',*,*,#2013,.T.);
#2701=ORIENTED_EDGE('',*,*,#2008,.F.);
#2702=ORIENTED_EDGE('',*,*,#2014,.T.);
#2703=ORIENTED_EDGE('',*,*,#2015,.T.);
#2704=ORIENTED_EDGE('',*,*,#2016,.F.);
#2705=ORIENTED_EDGE('',*,*,#2017,.T.);
#2706=ORIENTED_EDGE('',*,*,#2012,.F.);
#2707=ORIENTED_EDGE('',*,*,#2018,.T.);
#2708=ORIENTED_EDGE('',*,*,#2019,.F.);
#2709=ORIENTED_EDGE('',*,*,#2020,.F.);
#2710=ORIENTED_EDGE('',*,*,#2015,.F.);
#2711=ORIENTED_EDGE('',*,*,#2021,.T.);
#2712=ORIENTED_EDGE('',*,*,#2022,.T.);
#2713=ORIENTED_EDGE('',*,*,#2023,.T.);
#2714=ORIENTED_EDGE('',*,*,#2024,.F.);
#2715=ORIENTED_EDGE('',*,*,#2025,.T.);
#2716=ORIENTED_EDGE('',*,*,#2026,.T.);
#2717=ORIENTED_EDGE('',*,*,#2027,.T.);
#2718=ORIENTED_EDGE('',*,*,#2022,.F.);
#2719=ORIENTED_EDGE('',*,*,#2028,.T.);
#2720=ORIENTED_EDGE('',*,*,#2029,.T.);
#2721=ORIENTED_EDGE('',*,*,#2030,.T.);
#2722=ORIENTED_EDGE('',*,*,#2026,.F.);
#2723=ORIENTED_EDGE('',*,*,#2031,.T.);
#2724=ORIENTED_EDGE('',*,*,#2032,.F.);
#2725=ORIENTED_EDGE('',*,*,#2033,.F.);
#2726=ORIENTED_EDGE('',*,*,#2034,.T.);
#2727=ORIENTED_EDGE('',*,*,#2029,.F.);
#2728=ORIENTED_EDGE('',*,*,#2035,.T.);
#2729=ORIENTED_EDGE('',*,*,#2036,.T.);
#2730=ORIENTED_EDGE('',*,*,#2037,.F.);
#2731=ORIENTED_EDGE('',*,*,#2038,.F.);
#2732=ORIENTED_EDGE('',*,*,#2039,.T.);
#2733=ORIENTED_EDGE('',*,*,#2040,.T.);
#2734=ORIENTED_EDGE('',*,*,#2041,.F.);
#2735=ORIENTED_EDGE('',*,*,#2036,.F.);
#2736=ORIENTED_EDGE('',*,*,#2042,.T.);
#2737=ORIENTED_EDGE('',*,*,#2043,.T.);
#2738=ORIENTED_EDGE('',*,*,#2044,.F.);
#2739=ORIENTED_EDGE('',*,*,#2045,.F.);
#2740=ORIENTED_EDGE('',*,*,#2046,.T.);
#2741=ORIENTED_EDGE('',*,*,#2047,.T.);
#2742=ORIENTED_EDGE('',*,*,#2048,.F.);
#2743=ORIENTED_EDGE('',*,*,#2049,.T.);
#2744=ORIENTED_EDGE('',*,*,#2050,.T.);
#2745=ORIENTED_EDGE('',*,*,#2051,.T.);
#2746=ORIENTED_EDGE('',*,*,#2052,.F.);
#2747=ORIENTED_EDGE('',*,*,#2040,.F.);
#2748=ORIENTED_EDGE('',*,*,#2053,.T.);
#2749=ORIENTED_EDGE('',*,*,#2054,.T.);
#2750=ORIENTED_EDGE('',*,*,#2055,.F.);
#2751=ORIENTED_EDGE('',*,*,#2056,.F.);
#2752=ORIENTED_EDGE('',*,*,#2057,.T.);
#2753=ORIENTED_EDGE('',*,*,#2058,.F.);
#2754=ORIENTED_EDGE('',*,*,#2059,.T.);
#2755=ORIENTED_EDGE('',*,*,#2060,.T.);
#2756=ORIENTED_EDGE('',*,*,#2061,.F.);
#2757=ORIENTED_EDGE('',*,*,#2062,.F.);
#2758=ORIENTED_EDGE('',*,*,#2054,.F.);
#2759=ORIENTED_EDGE('',*,*,#2063,.F.);
#2760=ORIENTED_EDGE('',*,*,#2064,.F.);
#2761=ORIENTED_EDGE('',*,*,#2065,.F.);
#2762=ORIENTED_EDGE('',*,*,#2066,.F.);
#2763=ORIENTED_EDGE('',*,*,#2067,.F.);
#2764=ORIENTED_EDGE('',*,*,#2068,.F.);
#2765=ORIENTED_EDGE('',*,*,#2069,.F.);
#2766=ORIENTED_EDGE('',*,*,#2070,.F.);
#2767=ORIENTED_EDGE('',*,*,#2071,.F.);
#2768=ORIENTED_EDGE('',*,*,#2072,.F.);
#2769=ORIENTED_EDGE('',*,*,#2073,.F.);
#2770=ORIENTED_EDGE('',*,*,#2074,.F.);
#2771=ORIENTED_EDGE('',*,*,#2075,.F.);
#2772=ORIENTED_EDGE('',*,*,#2076,.F.);
#2773=ORIENTED_EDGE('',*,*,#2077,.T.);
#2774=ORIENTED_EDGE('',*,*,#2078,.T.);
#2775=ORIENTED_EDGE('',*,*,#2079,.F.);
#2776=ORIENTED_EDGE('',*,*,#2080,.T.);
#2777=ORIENTED_EDGE('',*,*,#2081,.F.);
#2778=ORIENTED_EDGE('',*,*,#2082,.F.);
#2779=ORIENTED_EDGE('',*,*,#2061,.T.);
#2780=ORIENTED_EDGE('',*,*,#2000,.T.);
#2781=ORIENTED_EDGE('',*,*,#2083,.T.);
#2782=ORIENTED_EDGE('',*,*,#2059,.F.);
#2783=ORIENTED_EDGE('',*,*,#2084,.F.);
#2784=ORIENTED_EDGE('',*,*,#2078,.F.);
#2785=ORIENTED_EDGE('',*,*,#2085,.T.);
#2786=ORIENTED_EDGE('',*,*,#2086,.T.);
#2787=ORIENTED_EDGE('',*,*,#2087,.F.);
#2788=ORIENTED_EDGE('',*,*,#2088,.F.);
#2789=ORIENTED_EDGE('',*,*,#2089,.T.);
#2790=ORIENTED_EDGE('',*,*,#2003,.T.);
#2791=ORIENTED_EDGE('',*,*,#1984,.T.);
#2792=ORIENTED_EDGE('',*,*,#1988,.T.);
#2793=ORIENTED_EDGE('',*,*,#1991,.T.);
#2794=ORIENTED_EDGE('',*,*,#1994,.T.);
#2795=ORIENTED_EDGE('',*,*,#1997,.T.);
#2796=ORIENTED_EDGE('',*,*,#1928,.T.);
#2797=ORIENTED_EDGE('',*,*,#1932,.T.);
#2798=ORIENTED_EDGE('',*,*,#1935,.T.);
#2799=ORIENTED_EDGE('',*,*,#1938,.T.);
#2800=ORIENTED_EDGE('',*,*,#2090,.T.);
#2801=ORIENTED_EDGE('',*,*,#2091,.T.);
#2802=ORIENTED_EDGE('',*,*,#2092,.F.);
#2803=ORIENTED_EDGE('',*,*,#2086,.F.);
#2804=ORIENTED_EDGE('',*,*,#2093,.T.);
#2805=ORIENTED_EDGE('',*,*,#2094,.T.);
#2806=ORIENTED_EDGE('',*,*,#2095,.T.);
#2807=ORIENTED_EDGE('',*,*,#2096,.T.);
#2808=ORIENTED_EDGE('',*,*,#2097,.T.);
#2809=ORIENTED_EDGE('',*,*,#2098,.T.);
#2810=ORIENTED_EDGE('',*,*,#2099,.T.);
#2811=ORIENTED_EDGE('',*,*,#2100,.F.);
#2812=ORIENTED_EDGE('',*,*,#2091,.F.);
#2813=ORIENTED_EDGE('',*,*,#2101,.T.);
#2814=ORIENTED_EDGE('',*,*,#2102,.T.);
#2815=ORIENTED_EDGE('',*,*,#2103,.T.);
#2816=ORIENTED_EDGE('',*,*,#2104,.T.);
#2817=ORIENTED_EDGE('',*,*,#2105,.T.);
#2818=ORIENTED_EDGE('',*,*,#2099,.F.);
#2819=ORIENTED_EDGE('',*,*,#2106,.T.);
#2820=ORIENTED_EDGE('',*,*,#2107,.T.);
#2821=ORIENTED_EDGE('',*,*,#2108,.T.);
#2822=ORIENTED_EDGE('',*,*,#2109,.T.);
#2823=ORIENTED_EDGE('',*,*,#2094,.F.);
#2824=ORIENTED_EDGE('',*,*,#2110,.T.);
#2825=ORIENTED_EDGE('',*,*,#2111,.T.);
#2826=ORIENTED_EDGE('',*,*,#2112,.T.);
#2827=ORIENTED_EDGE('',*,*,#1978,.T.);
#2828=ORIENTED_EDGE('',*,*,#2113,.T.);
#2829=ORIENTED_EDGE('',*,*,#2104,.F.);
#2830=ORIENTED_EDGE('',*,*,#2114,.T.);
#2831=ORIENTED_EDGE('',*,*,#2115,.F.);
#2832=ORIENTED_EDGE('',*,*,#2116,.T.);
#2833=ORIENTED_EDGE('',*,*,#2117,.T.);
#2834=ORIENTED_EDGE('',*,*,#2118,.F.);
#2835=ORIENTED_EDGE('',*,*,#2119,.T.);
#2836=ORIENTED_EDGE('',*,*,#1980,.F.);
#2837=ORIENTED_EDGE('',*,*,#2120,.T.);
#2838=ORIENTED_EDGE('',*,*,#2121,.T.);
#2839=ORIENTED_EDGE('',*,*,#2122,.T.);
#2840=ORIENTED_EDGE('',*,*,#2115,.T.);
#2841=ORIENTED_EDGE('',*,*,#2123,.T.);
#2842=ORIENTED_EDGE('',*,*,#2124,.T.);
#2843=ORIENTED_EDGE('',*,*,#2125,.T.);
#2844=ORIENTED_EDGE('',*,*,#2126,.T.);
#2845=ORIENTED_EDGE('',*,*,#2127,.T.);
#2846=ORIENTED_EDGE('',*,*,#2128,.T.);
#2847=ORIENTED_EDGE('',*,*,#2129,.T.);
#2848=ORIENTED_EDGE('',*,*,#2130,.T.);
#2849=ORIENTED_EDGE('',*,*,#2131,.T.);
#2850=ORIENTED_EDGE('',*,*,#2132,.T.);
#2851=ORIENTED_EDGE('',*,*,#2133,.T.);
#2852=ORIENTED_EDGE('',*,*,#2134,.T.);
#2853=ORIENTED_EDGE('',*,*,#2135,.T.);
#2854=ORIENTED_EDGE('',*,*,#2136,.T.);
#2855=ORIENTED_EDGE('',*,*,#2137,.T.);
#2856=ORIENTED_EDGE('',*,*,#1982,.F.);
#2857=ORIENTED_EDGE('',*,*,#2138,.T.);
#2858=ORIENTED_EDGE('',*,*,#2139,.F.);
#2859=ORIENTED_EDGE('',*,*,#2140,.T.);
#2860=ORIENTED_EDGE('',*,*,#2141,.T.);
#2861=ORIENTED_EDGE('',*,*,#2121,.F.);
#2862=ORIENTED_EDGE('',*,*,#2142,.F.);
#2863=ORIENTED_EDGE('',*,*,#2143,.T.);
#2864=ORIENTED_EDGE('',*,*,#2144,.F.);
#2865=ORIENTED_EDGE('',*,*,#2143,.F.);
#2866=ORIENTED_EDGE('',*,*,#2145,.F.);
#2867=ORIENTED_EDGE('',*,*,#2146,.T.);
#2868=ORIENTED_EDGE('',*,*,#2147,.F.);
#2869=ORIENTED_EDGE('',*,*,#2146,.F.);
#2870=ORIENTED_EDGE('',*,*,#2148,.F.);
#2871=ORIENTED_EDGE('',*,*,#2149,.T.);
#2872=ORIENTED_EDGE('',*,*,#2150,.F.);
#2873=ORIENTED_EDGE('',*,*,#2149,.F.);
#2874=ORIENTED_EDGE('',*,*,#2151,.F.);
#2875=ORIENTED_EDGE('',*,*,#2152,.T.);
#2876=ORIENTED_EDGE('',*,*,#2153,.F.);
#2877=ORIENTED_EDGE('',*,*,#2152,.F.);
#2878=ORIENTED_EDGE('',*,*,#2154,.T.);
#2879=ORIENTED_EDGE('',*,*,#2155,.T.);
#2880=ORIENTED_EDGE('',*,*,#2156,.T.);
#2881=ORIENTED_EDGE('',*,*,#2157,.T.);
#2882=ORIENTED_EDGE('',*,*,#2155,.F.);
#2883=ORIENTED_EDGE('',*,*,#2158,.F.);
#2884=ORIENTED_EDGE('',*,*,#2159,.F.);
#2885=ORIENTED_EDGE('',*,*,#2160,.T.);
#2886=ORIENTED_EDGE('',*,*,#2161,.T.);
#2887=ORIENTED_EDGE('',*,*,#2159,.T.);
#2888=ORIENTED_EDGE('',*,*,#2162,.T.);
#2889=ORIENTED_EDGE('',*,*,#2163,.T.);
#2890=ORIENTED_EDGE('',*,*,#2164,.F.);
#2891=ORIENTED_EDGE('',*,*,#2165,.F.);
#2892=ORIENTED_EDGE('',*,*,#2051,.F.);
#2893=ORIENTED_EDGE('',*,*,#2166,.F.);
#2894=ORIENTED_EDGE('',*,*,#2167,.F.);
#2895=ORIENTED_EDGE('',*,*,#2168,.F.);
#2896=ORIENTED_EDGE('',*,*,#2169,.F.);
#2897=ORIENTED_EDGE('',*,*,#2170,.F.);
#2898=ORIENTED_EDGE('',*,*,#2162,.F.);
#2899=ORIENTED_EDGE('',*,*,#2158,.T.);
#2900=ORIENTED_EDGE('',*,*,#2154,.F.);
#2901=ORIENTED_EDGE('',*,*,#2171,.F.);
#2902=ORIENTED_EDGE('',*,*,#2144,.T.);
#2903=ORIENTED_EDGE('',*,*,#2147,.T.);
#2904=ORIENTED_EDGE('',*,*,#2150,.T.);
#2905=ORIENTED_EDGE('',*,*,#2153,.T.);
#2906=ORIENTED_EDGE('',*,*,#2172,.F.);
#2907=ORIENTED_EDGE('',*,*,#2173,.F.);
#2908=ORIENTED_EDGE('',*,*,#2156,.F.);
#2909=ORIENTED_EDGE('',*,*,#2160,.F.);
#2910=ORIENTED_EDGE('',*,*,#2161,.F.);
#2911=ORIENTED_EDGE('',*,*,#2174,.F.);
#2912=ORIENTED_EDGE('',*,*,#2175,.F.);
#2913=ORIENTED_EDGE('',*,*,#2176,.F.);
#2914=ORIENTED_EDGE('',*,*,#2043,.F.);
#2915=ORIENTED_EDGE('',*,*,#2177,.F.);
#2916=ORIENTED_EDGE('',*,*,#2049,.F.);
#2917=ORIENTED_EDGE('',*,*,#2178,.F.);
#2918=ORIENTED_EDGE('',*,*,#2142,.T.);
#2919=ORIENTED_EDGE('',*,*,#2145,.T.);
#2920=ORIENTED_EDGE('',*,*,#2148,.T.);
#2921=ORIENTED_EDGE('',*,*,#2151,.T.);
#2922=ORIENTED_EDGE('',*,*,#1983,.F.);
#2923=ORIENTED_EDGE('',*,*,#2137,.F.);
#2924=ORIENTED_EDGE('',*,*,#2120,.F.);
#2925=ORIENTED_EDGE('',*,*,#2114,.F.);
#2926=ORIENTED_EDGE('',*,*,#1979,.F.);
#2927=ORIENTED_EDGE('',*,*,#2112,.F.);
#2928=ORIENTED_EDGE('',*,*,#2103,.F.);
#2929=ORIENTED_EDGE('',*,*,#2093,.F.);
#2930=ORIENTED_EDGE('',*,*,#2090,.F.);
#2931=ORIENTED_EDGE('',*,*,#2085,.F.);
#2932=ORIENTED_EDGE('',*,*,#2077,.F.);
#2933=ORIENTED_EDGE('',*,*,#2060,.F.);
#2934=ORIENTED_EDGE('',*,*,#2053,.F.);
#2935=ORIENTED_EDGE('',*,*,#2083,.F.);
#2936=ORIENTED_EDGE('',*,*,#2002,.T.);
#2937=ORIENTED_EDGE('',*,*,#2006,.F.);
#2938=ORIENTED_EDGE('',*,*,#2004,.F.);
#2939=ORIENTED_EDGE('',*,*,#2089,.F.);
#2940=ORIENTED_EDGE('',*,*,#2179,.F.);
#2941=ORIENTED_EDGE('',*,*,#2180,.F.);
#2942=ORIENTED_EDGE('',*,*,#2181,.F.);
#2943=ORIENTED_EDGE('',*,*,#2182,.F.);
#2944=ORIENTED_EDGE('',*,*,#2183,.F.);
#2945=ORIENTED_EDGE('',*,*,#2184,.F.);
#2946=ORIENTED_EDGE('',*,*,#2185,.F.);
#2947=ORIENTED_EDGE('',*,*,#2186,.F.);
#2948=ORIENTED_EDGE('',*,*,#2187,.F.);
#2949=ORIENTED_EDGE('',*,*,#2188,.F.);
#2950=ORIENTED_EDGE('',*,*,#2189,.F.);
#2951=ORIENTED_EDGE('',*,*,#2190,.F.);
#2952=ORIENTED_EDGE('',*,*,#1975,.F.);
#2953=ORIENTED_EDGE('',*,*,#1973,.T.);
#2954=ORIENTED_EDGE('',*,*,#1974,.F.);
#2955=ORIENTED_EDGE('',*,*,#1953,.F.);
#2956=ORIENTED_EDGE('',*,*,#2166,.T.);
#2957=ORIENTED_EDGE('',*,*,#2050,.F.);
#2958=ORIENTED_EDGE('',*,*,#2039,.F.);
#2959=ORIENTED_EDGE('',*,*,#2035,.F.);
#2960=ORIENTED_EDGE('',*,*,#2191,.F.);
#2961=ORIENTED_EDGE('',*,*,#2192,.F.);
#2962=ORIENTED_EDGE('',*,*,#2193,.F.);
#2963=ORIENTED_EDGE('',*,*,#2018,.F.);
#2964=ORIENTED_EDGE('',*,*,#2014,.F.);
#2965=ORIENTED_EDGE('',*,*,#2011,.F.);
#2966=ORIENTED_EDGE('',*,*,#2007,.F.);
#2967=ORIENTED_EDGE('',*,*,#2194,.F.);
#2968=ORIENTED_EDGE('',*,*,#2195,.F.);
#2969=ORIENTED_EDGE('',*,*,#2196,.F.);
#2970=ORIENTED_EDGE('',*,*,#2197,.F.);
#2971=ORIENTED_EDGE('',*,*,#2031,.F.);
#2972=ORIENTED_EDGE('',*,*,#2028,.F.);
#2973=ORIENTED_EDGE('',*,*,#2025,.F.);
#2974=ORIENTED_EDGE('',*,*,#2021,.F.);
#2975=ORIENTED_EDGE('',*,*,#2198,.F.);
#2976=ORIENTED_EDGE('',*,*,#2199,.F.);
#2977=ORIENTED_EDGE('',*,*,#2200,.F.);
#2978=ORIENTED_EDGE('',*,*,#2042,.F.);
#2979=ORIENTED_EDGE('',*,*,#2201,.F.);
#2980=ORIENTED_EDGE('',*,*,#2202,.F.);
#2981=ORIENTED_EDGE('',*,*,#2203,.F.);
#2982=ORIENTED_EDGE('',*,*,#2046,.F.);
#2983=ORIENTED_EDGE('',*,*,#2177,.T.);
#2984=ORIENTED_EDGE('',*,*,#2192,.T.);
#2985=ORIENTED_EDGE('',*,*,#2204,.T.);
#2986=ORIENTED_EDGE('',*,*,#2205,.F.);
#2987=ORIENTED_EDGE('',*,*,#2167,.T.);
#2988=ORIENTED_EDGE('',*,*,#2173,.T.);
#2989=ORIENTED_EDGE('',*,*,#2172,.T.);
#2990=ORIENTED_EDGE('',*,*,#2206,.T.);
#2991=ORIENTED_EDGE('',*,*,#2207,.T.);
#2992=ORIENTED_EDGE('',*,*,#2208,.T.);
#2993=ORIENTED_EDGE('',*,*,#2209,.F.);
#2994=ORIENTED_EDGE('',*,*,#2210,.T.);
#2995=ORIENTED_EDGE('',*,*,#2211,.T.);
#2996=ORIENTED_EDGE('',*,*,#2212,.T.);
#2997=ORIENTED_EDGE('',*,*,#2164,.T.);
#2998=ORIENTED_EDGE('',*,*,#2171,.T.);
#2999=ORIENTED_EDGE('',*,*,#2157,.F.);
#3000=ORIENTED_EDGE('',*,*,#2213,.F.);
#3001=ORIENTED_EDGE('',*,*,#2214,.F.);
#3002=ORIENTED_EDGE('',*,*,#2215,.F.);
#3003=ORIENTED_EDGE('',*,*,#2216,.F.);
#3004=ORIENTED_EDGE('',*,*,#2217,.F.);
#3005=ORIENTED_EDGE('',*,*,#2218,.F.);
#3006=ORIENTED_EDGE('',*,*,#2219,.F.);
#3007=ORIENTED_EDGE('',*,*,#2220,.F.);
#3008=ORIENTED_EDGE('',*,*,#2221,.F.);
#3009=ORIENTED_EDGE('',*,*,#2222,.F.);
#3010=ORIENTED_EDGE('',*,*,#2223,.F.);
#3011=ORIENTED_EDGE('',*,*,#2224,.F.);
#3012=ORIENTED_EDGE('',*,*,#2225,.F.);
#3013=ORIENTED_EDGE('',*,*,#2226,.F.);
#3014=ORIENTED_EDGE('',*,*,#2176,.T.);
#3015=ORIENTED_EDGE('',*,*,#2227,.F.);
#3016=ORIENTED_EDGE('',*,*,#2228,.F.);
#3017=ORIENTED_EDGE('',*,*,#2229,.F.);
#3018=ORIENTED_EDGE('',*,*,#2230,.F.);
#3019=ORIENTED_EDGE('',*,*,#2231,.F.);
#3020=ORIENTED_EDGE('',*,*,#2206,.F.);
#3021=ORIENTED_EDGE('',*,*,#2178,.T.);
#3022=ORIENTED_EDGE('',*,*,#2048,.T.);
#3023=ORIENTED_EDGE('',*,*,#2232,.T.);
#3024=ORIENTED_EDGE('',*,*,#2233,.T.);
#3025=ORIENTED_EDGE('',*,*,#2234,.T.);
#3026=ORIENTED_EDGE('',*,*,#2044,.T.);
#3027=ORIENTED_EDGE('',*,*,#2211,.F.);
#3028=ORIENTED_EDGE('',*,*,#2235,.F.);
#3029=ORIENTED_EDGE('',*,*,#2236,.F.);
#3030=ORIENTED_EDGE('',*,*,#2237,.F.);
#3031=ORIENTED_EDGE('',*,*,#2238,.F.);
#3032=ORIENTED_EDGE('',*,*,#2009,.F.);
#3033=ORIENTED_EDGE('',*,*,#2013,.F.);
#3034=ORIENTED_EDGE('',*,*,#2017,.F.);
#3035=ORIENTED_EDGE('',*,*,#2193,.T.);
#3036=ORIENTED_EDGE('',*,*,#2239,.T.);
#3037=ORIENTED_EDGE('',*,*,#2235,.T.);
#3038=ORIENTED_EDGE('',*,*,#2240,.F.);
#3039=ORIENTED_EDGE('',*,*,#2019,.T.);
#3040=ORIENTED_EDGE('',*,*,#2196,.T.);
#3041=ORIENTED_EDGE('',*,*,#2241,.T.);
#3042=ORIENTED_EDGE('',*,*,#2236,.T.);
#3043=ORIENTED_EDGE('',*,*,#2239,.F.);
#3044=ORIENTED_EDGE('',*,*,#2195,.T.);
#3045=ORIENTED_EDGE('',*,*,#2242,.T.);
#3046=ORIENTED_EDGE('',*,*,#2237,.T.);
#3047=ORIENTED_EDGE('',*,*,#2241,.F.);
#3048=ORIENTED_EDGE('',*,*,#2194,.T.);
#3049=ORIENTED_EDGE('',*,*,#2010,.T.);
#3050=ORIENTED_EDGE('',*,*,#2238,.T.);
#3051=ORIENTED_EDGE('',*,*,#2242,.F.);
#3052=ORIENTED_EDGE('',*,*,#2243,.F.);
#3053=ORIENTED_EDGE('',*,*,#2244,.F.);
#3054=ORIENTED_EDGE('',*,*,#2245,.F.);
#3055=ORIENTED_EDGE('',*,*,#2246,.F.);
#3056=ORIENTED_EDGE('',*,*,#2023,.F.);
#3057=ORIENTED_EDGE('',*,*,#2027,.F.);
#3058=ORIENTED_EDGE('',*,*,#2030,.F.);
#3059=ORIENTED_EDGE('',*,*,#2034,.F.);
#3060=ORIENTED_EDGE('',*,*,#2197,.T.);
#3061=ORIENTED_EDGE('',*,*,#2247,.T.);
#3062=ORIENTED_EDGE('',*,*,#2248,.F.);
#3063=ORIENTED_EDGE('',*,*,#2032,.T.);
#3064=ORIENTED_EDGE('',*,*,#2200,.T.);
#3065=ORIENTED_EDGE('',*,*,#2249,.T.);
#3066=ORIENTED_EDGE('',*,*,#2244,.T.);
#3067=ORIENTED_EDGE('',*,*,#2250,.F.);
#3068=ORIENTED_EDGE('',*,*,#2247,.F.);
#3069=ORIENTED_EDGE('',*,*,#2199,.T.);
#3070=ORIENTED_EDGE('',*,*,#2251,.T.);
#3071=ORIENTED_EDGE('',*,*,#2245,.T.);
#3072=ORIENTED_EDGE('',*,*,#2249,.F.);
#3073=ORIENTED_EDGE('',*,*,#2198,.T.);
#3074=ORIENTED_EDGE('',*,*,#2024,.T.);
#3075=ORIENTED_EDGE('',*,*,#2246,.T.);
#3076=ORIENTED_EDGE('',*,*,#2251,.F.);
#3077=ORIENTED_EDGE('',*,*,#2168,.T.);
#3078=ORIENTED_EDGE('',*,*,#2205,.T.);
#3079=ORIENTED_EDGE('',*,*,#2252,.T.);
#3080=ORIENTED_EDGE('',*,*,#2037,.T.);
#3081=ORIENTED_EDGE('',*,*,#2041,.T.);
#3082=ORIENTED_EDGE('',*,*,#2052,.T.);
#3083=ORIENTED_EDGE('',*,*,#2165,.T.);
#3084=ORIENTED_EDGE('',*,*,#2212,.F.);
#3085=ORIENTED_EDGE('',*,*,#2016,.T.);
#3086=ORIENTED_EDGE('',*,*,#2020,.T.);
#3087=ORIENTED_EDGE('',*,*,#2240,.T.);
#3088=ORIENTED_EDGE('',*,*,#2210,.F.);
#3089=ORIENTED_EDGE('',*,*,#2253,.F.);
#3090=ORIENTED_EDGE('',*,*,#2254,.F.);
#3091=ORIENTED_EDGE('',*,*,#2255,.F.);
#3092=ORIENTED_EDGE('',*,*,#2256,.F.);
#3093=ORIENTED_EDGE('',*,*,#2257,.F.);
#3094=ORIENTED_EDGE('',*,*,#2033,.T.);
#3095=ORIENTED_EDGE('',*,*,#2248,.T.);
#3096=ORIENTED_EDGE('',*,*,#2250,.T.);
#3097=ORIENTED_EDGE('',*,*,#2258,.F.);
#3098=ORIENTED_EDGE('',*,*,#2203,.T.);
#3099=ORIENTED_EDGE('',*,*,#2259,.F.);
#3100=ORIENTED_EDGE('',*,*,#2232,.F.);
#3101=ORIENTED_EDGE('',*,*,#2047,.F.);
#3102=ORIENTED_EDGE('',*,*,#2191,.T.);
#3103=ORIENTED_EDGE('',*,*,#2038,.T.);
#3104=ORIENTED_EDGE('',*,*,#2252,.F.);
#3105=ORIENTED_EDGE('',*,*,#2204,.F.);
#3106=ORIENTED_EDGE('',*,*,#2201,.T.);
#3107=ORIENTED_EDGE('',*,*,#2045,.T.);
#3108=ORIENTED_EDGE('',*,*,#2234,.F.);
#3109=ORIENTED_EDGE('',*,*,#2260,.F.);
#3110=ORIENTED_EDGE('',*,*,#2202,.T.);
#3111=ORIENTED_EDGE('',*,*,#2260,.T.);
#3112=ORIENTED_EDGE('',*,*,#2233,.F.);
#3113=ORIENTED_EDGE('',*,*,#2259,.T.);
#3114=ORIENTED_EDGE('',*,*,#2255,.T.);
#3115=ORIENTED_EDGE('',*,*,#2261,.T.);
#3116=ORIENTED_EDGE('',*,*,#2262,.F.);
#3117=ORIENTED_EDGE('',*,*,#2263,.T.);
#3118=ORIENTED_EDGE('',*,*,#2264,.F.);
#3119=ORIENTED_EDGE('',*,*,#2256,.T.);
#3120=ORIENTED_EDGE('',*,*,#2264,.T.);
#3121=ORIENTED_EDGE('',*,*,#2265,.T.);
#3122=ORIENTED_EDGE('',*,*,#2266,.T.);
#3123=ORIENTED_EDGE('',*,*,#2267,.T.);
#3124=ORIENTED_EDGE('',*,*,#2268,.T.);
#3125=ORIENTED_EDGE('',*,*,#2269,.T.);
#3126=ORIENTED_EDGE('',*,*,#2270,.T.);
#3127=ORIENTED_EDGE('',*,*,#2271,.F.);
#3128=ORIENTED_EDGE('',*,*,#2272,.F.);
#3129=ORIENTED_EDGE('',*,*,#2254,.T.);
#3130=ORIENTED_EDGE('',*,*,#2273,.T.);
#3131=ORIENTED_EDGE('',*,*,#2274,.T.);
#3132=ORIENTED_EDGE('',*,*,#2275,.F.);
#3133=ORIENTED_EDGE('',*,*,#2261,.F.);
#3134=ORIENTED_EDGE('',*,*,#2170,.T.);
#3135=ORIENTED_EDGE('',*,*,#2169,.T.);
#3136=ORIENTED_EDGE('',*,*,#2258,.T.);
#3137=ORIENTED_EDGE('',*,*,#2243,.T.);
#3138=ORIENTED_EDGE('',*,*,#2257,.T.);
#3139=ORIENTED_EDGE('',*,*,#2272,.T.);
#3140=ORIENTED_EDGE('',*,*,#2276,.F.);
#3141=ORIENTED_EDGE('',*,*,#2277,.F.);
#3142=ORIENTED_EDGE('',*,*,#2227,.T.);
#3143=ORIENTED_EDGE('',*,*,#2175,.T.);
#3144=ORIENTED_EDGE('',*,*,#2174,.T.);
#3145=ORIENTED_EDGE('',*,*,#2163,.F.);
#3146=ORIENTED_EDGE('',*,*,#2278,.F.);
#3147=ORIENTED_EDGE('',*,*,#2279,.F.);
#3148=ORIENTED_EDGE('',*,*,#2280,.F.);
#3149=ORIENTED_EDGE('',*,*,#2281,.F.);
#3150=ORIENTED_EDGE('',*,*,#2282,.F.);
#3151=ORIENTED_EDGE('',*,*,#2283,.F.);
#3152=ORIENTED_EDGE('',*,*,#2284,.F.);
#3153=ORIENTED_EDGE('',*,*,#2285,.F.);
#3154=ORIENTED_EDGE('',*,*,#2286,.F.);
#3155=ORIENTED_EDGE('',*,*,#2287,.F.);
#3156=ORIENTED_EDGE('',*,*,#2288,.F.);
#3157=ORIENTED_EDGE('',*,*,#2289,.F.);
#3158=ORIENTED_EDGE('',*,*,#2290,.F.);
#3159=ORIENTED_EDGE('',*,*,#2291,.F.);
#3160=ORIENTED_EDGE('',*,*,#2253,.T.);
#3161=ORIENTED_EDGE('',*,*,#2209,.T.);
#3162=ORIENTED_EDGE('',*,*,#2292,.T.);
#3163=ORIENTED_EDGE('',*,*,#2293,.F.);
#3164=ORIENTED_EDGE('',*,*,#2294,.T.);
#3165=ORIENTED_EDGE('',*,*,#2295,.T.);
#3166=ORIENTED_EDGE('',*,*,#2296,.T.);
#3167=ORIENTED_EDGE('',*,*,#2297,.T.);
#3168=ORIENTED_EDGE('',*,*,#2298,.T.);
#3169=ORIENTED_EDGE('',*,*,#2273,.F.);
#3170=ORIENTED_EDGE('',*,*,#2228,.T.);
#3171=ORIENTED_EDGE('',*,*,#2277,.T.);
#3172=ORIENTED_EDGE('',*,*,#2299,.F.);
#3173=ORIENTED_EDGE('',*,*,#2300,.F.);
#3174=ORIENTED_EDGE('',*,*,#2229,.T.);
#3175=ORIENTED_EDGE('',*,*,#2300,.T.);
#3176=ORIENTED_EDGE('',*,*,#2301,.F.);
#3177=ORIENTED_EDGE('',*,*,#2302,.F.);
#3178=ORIENTED_EDGE('',*,*,#2303,.T.);
#3179=ORIENTED_EDGE('',*,*,#2304,.T.);
#3180=ORIENTED_EDGE('',*,*,#2305,.T.);
#3181=ORIENTED_EDGE('',*,*,#2306,.T.);
#3182=ORIENTED_EDGE('',*,*,#2307,.F.);
#3183=ORIENTED_EDGE('',*,*,#2308,.T.);
#3184=ORIENTED_EDGE('',*,*,#2309,.T.);
#3185=ORIENTED_EDGE('',*,*,#2231,.T.);
#3186=ORIENTED_EDGE('',*,*,#2310,.T.);
#3187=ORIENTED_EDGE('',*,*,#2311,.T.);
#3188=ORIENTED_EDGE('',*,*,#2207,.F.);
#3189=ORIENTED_EDGE('',*,*,#2230,.T.);
#3190=ORIENTED_EDGE('',*,*,#2307,.T.);
#3191=ORIENTED_EDGE('',*,*,#2312,.T.);
#3192=ORIENTED_EDGE('',*,*,#2313,.T.);
#3193=ORIENTED_EDGE('',*,*,#2314,.T.);
#3194=ORIENTED_EDGE('',*,*,#2315,.T.);
#3195=ORIENTED_EDGE('',*,*,#2302,.T.);
#3196=ORIENTED_EDGE('',*,*,#2316,.T.);
#3197=ORIENTED_EDGE('',*,*,#2310,.F.);
#3198=ORIENTED_EDGE('',*,*,#2317,.T.);
#3199=ORIENTED_EDGE('',*,*,#2318,.T.);
#3200=ORIENTED_EDGE('',*,*,#2319,.T.);
#3201=ORIENTED_EDGE('',*,*,#2320,.T.);
#3202=ORIENTED_EDGE('',*,*,#2308,.F.);
#3203=ORIENTED_EDGE('',*,*,#2309,.F.);
#3204=ORIENTED_EDGE('',*,*,#2320,.F.);
#3205=ORIENTED_EDGE('',*,*,#2319,.F.);
#3206=ORIENTED_EDGE('',*,*,#2321,.T.);
#3207=ORIENTED_EDGE('',*,*,#2322,.T.);
#3208=ORIENTED_EDGE('',*,*,#2317,.F.);
#3209=ORIENTED_EDGE('',*,*,#2318,.F.);
#3210=ORIENTED_EDGE('',*,*,#2322,.F.);
#3211=ORIENTED_EDGE('',*,*,#2321,.F.);
#3212=ORIENTED_EDGE('',*,*,#2101,.F.);
#3213=ORIENTED_EDGE('',*,*,#2102,.F.);
#3214=ORIENTED_EDGE('',*,*,#2323,.T.);
#3215=ORIENTED_EDGE('',*,*,#2324,.T.);
#3216=ORIENTED_EDGE('',*,*,#2323,.F.);
#3217=ORIENTED_EDGE('',*,*,#2324,.F.);
#3218=ORIENTED_EDGE('',*,*,#2110,.F.);
#3219=ORIENTED_EDGE('',*,*,#2111,.F.);
#3220=ORIENTED_EDGE('',*,*,#2325,.T.);
#3221=ORIENTED_EDGE('',*,*,#2326,.T.);
#3222=ORIENTED_EDGE('',*,*,#2325,.F.);
#3223=ORIENTED_EDGE('',*,*,#2326,.F.);
#3224=ORIENTED_EDGE('',*,*,#2183,.T.);
#3225=ORIENTED_EDGE('',*,*,#2327,.F.);
#3226=ORIENTED_EDGE('',*,*,#2328,.F.);
#3227=ORIENTED_EDGE('',*,*,#2329,.F.);
#3228=ORIENTED_EDGE('',*,*,#2182,.T.);
#3229=ORIENTED_EDGE('',*,*,#2330,.T.);
#3230=ORIENTED_EDGE('',*,*,#2331,.F.);
#3231=ORIENTED_EDGE('',*,*,#2327,.T.);
#3232=ORIENTED_EDGE('',*,*,#2188,.T.);
#3233=ORIENTED_EDGE('',*,*,#2332,.F.);
#3234=ORIENTED_EDGE('',*,*,#2333,.F.);
#3235=ORIENTED_EDGE('',*,*,#2334,.F.);
#3236=ORIENTED_EDGE('',*,*,#2187,.T.);
#3237=ORIENTED_EDGE('',*,*,#2335,.T.);
#3238=ORIENTED_EDGE('',*,*,#2336,.F.);
#3239=ORIENTED_EDGE('',*,*,#2332,.T.);
#3240=ORIENTED_EDGE('',*,*,#2328,.T.);
#3241=ORIENTED_EDGE('',*,*,#2331,.T.);
#3242=ORIENTED_EDGE('',*,*,#2337,.T.);
#3243=ORIENTED_EDGE('',*,*,#2338,.F.);
#3244=ORIENTED_EDGE('',*,*,#2333,.T.);
#3245=ORIENTED_EDGE('',*,*,#2336,.T.);
#3246=ORIENTED_EDGE('',*,*,#2339,.T.);
#3247=ORIENTED_EDGE('',*,*,#2340,.F.);
#3248=ORIENTED_EDGE('',*,*,#2181,.T.);
#3249=ORIENTED_EDGE('',*,*,#2341,.F.);
#3250=ORIENTED_EDGE('',*,*,#2337,.F.);
#3251=ORIENTED_EDGE('',*,*,#2330,.F.);
#3252=ORIENTED_EDGE('',*,*,#2186,.T.);
#3253=ORIENTED_EDGE('',*,*,#2342,.F.);
#3254=ORIENTED_EDGE('',*,*,#2339,.F.);
#3255=ORIENTED_EDGE('',*,*,#2335,.F.);
#3256=ORIENTED_EDGE('',*,*,#2108,.F.);
#3257=ORIENTED_EDGE('',*,*,#2343,.T.);
#3258=ORIENTED_EDGE('',*,*,#2344,.T.);
#3259=ORIENTED_EDGE('',*,*,#2345,.F.);
#3260=ORIENTED_EDGE('',*,*,#2107,.F.);
#3261=ORIENTED_EDGE('',*,*,#2346,.T.);
#3262=ORIENTED_EDGE('',*,*,#2347,.T.);
#3263=ORIENTED_EDGE('',*,*,#2343,.F.);
#3264=ORIENTED_EDGE('',*,*,#2109,.F.);
#3265=ORIENTED_EDGE('',*,*,#2345,.T.);
#3266=ORIENTED_EDGE('',*,*,#2348,.T.);
#3267=ORIENTED_EDGE('',*,*,#2349,.F.);
#3268=ORIENTED_EDGE('',*,*,#2348,.F.);
#3269=ORIENTED_EDGE('',*,*,#2344,.F.);
#3270=ORIENTED_EDGE('',*,*,#2347,.F.);
#3271=ORIENTED_EDGE('',*,*,#2350,.F.);
#3272=ORIENTED_EDGE('',*,*,#2351,.T.);
#3273=ORIENTED_EDGE('',*,*,#2352,.F.);
#3274=ORIENTED_EDGE('',*,*,#2353,.F.);
#3275=ORIENTED_EDGE('',*,*,#2354,.F.);
#3276=ORIENTED_EDGE('',*,*,#2355,.F.);
#3277=ORIENTED_EDGE('',*,*,#2356,.T.);
#3278=ORIENTED_EDGE('',*,*,#2097,.F.);
#3279=ORIENTED_EDGE('',*,*,#2357,.T.);
#3280=ORIENTED_EDGE('',*,*,#2358,.T.);
#3281=ORIENTED_EDGE('',*,*,#2359,.F.);
#3282=ORIENTED_EDGE('',*,*,#2096,.F.);
#3283=ORIENTED_EDGE('',*,*,#2360,.T.);
#3284=ORIENTED_EDGE('',*,*,#2361,.T.);
#3285=ORIENTED_EDGE('',*,*,#2357,.F.);
#3286=ORIENTED_EDGE('',*,*,#2095,.F.);
#3287=ORIENTED_EDGE('',*,*,#2349,.T.);
#3288=ORIENTED_EDGE('',*,*,#2362,.T.);
#3289=ORIENTED_EDGE('',*,*,#2360,.F.);
#3290=ORIENTED_EDGE('',*,*,#2098,.F.);
#3291=ORIENTED_EDGE('',*,*,#2359,.T.);
#3292=ORIENTED_EDGE('',*,*,#2363,.T.);
#3293=ORIENTED_EDGE('',*,*,#2350,.T.);
#3294=ORIENTED_EDGE('',*,*,#2346,.F.);
#3295=ORIENTED_EDGE('',*,*,#2106,.F.);
#3296=ORIENTED_EDGE('',*,*,#2363,.F.);
#3297=ORIENTED_EDGE('',*,*,#2358,.F.);
#3298=ORIENTED_EDGE('',*,*,#2361,.F.);
#3299=ORIENTED_EDGE('',*,*,#2362,.F.);
#3300=ORIENTED_EDGE('',*,*,#2356,.F.);
#3301=ORIENTED_EDGE('',*,*,#2364,.F.);
#3302=ORIENTED_EDGE('',*,*,#2365,.F.);
#3303=ORIENTED_EDGE('',*,*,#2366,.F.);
#3304=ORIENTED_EDGE('',*,*,#2367,.F.);
#3305=ORIENTED_EDGE('',*,*,#2351,.F.);
#3306=ORIENTED_EDGE('',*,*,#2352,.T.);
#3307=ORIENTED_EDGE('',*,*,#2367,.T.);
#3308=ORIENTED_EDGE('',*,*,#2368,.T.);
#3309=ORIENTED_EDGE('',*,*,#2303,.F.);
#3310=ORIENTED_EDGE('',*,*,#2315,.F.);
#3311=ORIENTED_EDGE('',*,*,#2369,.F.);
#3312=ORIENTED_EDGE('',*,*,#2353,.T.);
#3313=ORIENTED_EDGE('',*,*,#2369,.T.);
#3314=ORIENTED_EDGE('',*,*,#2314,.F.);
#3315=ORIENTED_EDGE('',*,*,#2370,.F.);
#3316=ORIENTED_EDGE('',*,*,#2354,.T.);
#3317=ORIENTED_EDGE('',*,*,#2370,.T.);
#3318=ORIENTED_EDGE('',*,*,#2313,.F.);
#3319=ORIENTED_EDGE('',*,*,#2371,.F.);
#3320=ORIENTED_EDGE('',*,*,#2355,.T.);
#3321=ORIENTED_EDGE('',*,*,#2371,.T.);
#3322=ORIENTED_EDGE('',*,*,#2312,.F.);
#3323=ORIENTED_EDGE('',*,*,#2306,.F.);
#3324=ORIENTED_EDGE('',*,*,#2372,.F.);
#3325=ORIENTED_EDGE('',*,*,#2364,.T.);
#3326=ORIENTED_EDGE('',*,*,#2365,.T.);
#3327=ORIENTED_EDGE('',*,*,#2372,.T.);
#3328=ORIENTED_EDGE('',*,*,#2305,.F.);
#3329=ORIENTED_EDGE('',*,*,#2373,.F.);
#3330=ORIENTED_EDGE('',*,*,#2366,.T.);
#3331=ORIENTED_EDGE('',*,*,#2373,.T.);
#3332=ORIENTED_EDGE('',*,*,#2304,.F.);
#3333=ORIENTED_EDGE('',*,*,#2368,.F.);
#3334=ORIENTED_EDGE('',*,*,#2185,.T.);
#3335=ORIENTED_EDGE('',*,*,#2374,.T.);
#3336=ORIENTED_EDGE('',*,*,#2375,.T.);
#3337=ORIENTED_EDGE('',*,*,#2376,.F.);
#3338=ORIENTED_EDGE('',*,*,#2189,.T.);
#3339=ORIENTED_EDGE('',*,*,#2334,.T.);
#3340=ORIENTED_EDGE('',*,*,#2340,.T.);
#3341=ORIENTED_EDGE('',*,*,#2342,.T.);
#3342=ORIENTED_EDGE('',*,*,#2180,.T.);
#3343=ORIENTED_EDGE('',*,*,#2377,.T.);
#3344=ORIENTED_EDGE('',*,*,#2378,.F.);
#3345=ORIENTED_EDGE('',*,*,#2374,.F.);
#3346=ORIENTED_EDGE('',*,*,#2184,.T.);
#3347=ORIENTED_EDGE('',*,*,#2329,.T.);
#3348=ORIENTED_EDGE('',*,*,#2338,.T.);
#3349=ORIENTED_EDGE('',*,*,#2341,.T.);
#3350=ORIENTED_EDGE('',*,*,#2179,.T.);
#3351=ORIENTED_EDGE('',*,*,#2088,.T.);
#3352=ORIENTED_EDGE('',*,*,#2379,.F.);
#3353=ORIENTED_EDGE('',*,*,#2377,.F.);
#3354=ORIENTED_EDGE('',*,*,#2380,.T.);
#3355=ORIENTED_EDGE('',*,*,#2381,.T.);
#3356=ORIENTED_EDGE('',*,*,#2382,.T.);
#3357=ORIENTED_EDGE('',*,*,#2288,.T.);
#3358=ORIENTED_EDGE('',*,*,#2383,.F.);
#3359=ORIENTED_EDGE('',*,*,#2384,.F.);
#3360=ORIENTED_EDGE('',*,*,#2385,.T.);
#3361=ORIENTED_EDGE('',*,*,#2386,.T.);
#3362=ORIENTED_EDGE('',*,*,#2387,.T.);
#3363=ORIENTED_EDGE('',*,*,#2289,.T.);
#3364=ORIENTED_EDGE('',*,*,#2382,.F.);
#3365=ORIENTED_EDGE('',*,*,#2388,.T.);
#3366=ORIENTED_EDGE('',*,*,#2291,.T.);
#3367=ORIENTED_EDGE('',*,*,#2389,.T.);
#3368=ORIENTED_EDGE('',*,*,#2390,.T.);
#3369=ORIENTED_EDGE('',*,*,#2391,.T.);
#3370=ORIENTED_EDGE('',*,*,#2392,.T.);
#3371=ORIENTED_EDGE('',*,*,#2383,.T.);
#3372=ORIENTED_EDGE('',*,*,#2393,.T.);
#3373=ORIENTED_EDGE('',*,*,#2394,.F.);
#3374=ORIENTED_EDGE('',*,*,#2389,.F.);
#3375=ORIENTED_EDGE('',*,*,#2290,.T.);
#3376=ORIENTED_EDGE('',*,*,#2387,.F.);
#3377=ORIENTED_EDGE('',*,*,#2395,.F.);
#3378=ORIENTED_EDGE('',*,*,#2380,.F.);
#3379=ORIENTED_EDGE('',*,*,#2384,.T.);
#3380=ORIENTED_EDGE('',*,*,#2392,.F.);
#3381=ORIENTED_EDGE('',*,*,#2396,.F.);
#3382=ORIENTED_EDGE('',*,*,#2068,.T.);
#3383=ORIENTED_EDGE('',*,*,#2397,.T.);
#3384=ORIENTED_EDGE('',*,*,#2388,.F.);
#3385=ORIENTED_EDGE('',*,*,#2381,.F.);
#3386=ORIENTED_EDGE('',*,*,#2391,.F.);
#3387=ORIENTED_EDGE('',*,*,#2398,.F.);
#3388=ORIENTED_EDGE('',*,*,#2065,.T.);
#3389=ORIENTED_EDGE('',*,*,#2396,.T.);
#3390=ORIENTED_EDGE('',*,*,#2225,.T.);
#3391=ORIENTED_EDGE('',*,*,#2399,.T.);
#3392=ORIENTED_EDGE('',*,*,#2400,.T.);
#3393=ORIENTED_EDGE('',*,*,#2401,.T.);
#3394=ORIENTED_EDGE('',*,*,#2402,.T.);
#3395=ORIENTED_EDGE('',*,*,#2403,.T.);
#3396=ORIENTED_EDGE('',*,*,#2404,.T.);
#3397=ORIENTED_EDGE('',*,*,#2405,.T.);
#3398=ORIENTED_EDGE('',*,*,#2406,.T.);
#3399=ORIENTED_EDGE('',*,*,#2223,.T.);
#3400=ORIENTED_EDGE('',*,*,#2407,.F.);
#3401=ORIENTED_EDGE('',*,*,#2408,.T.);
#3402=ORIENTED_EDGE('',*,*,#2224,.T.);
#3403=ORIENTED_EDGE('',*,*,#2406,.F.);
#3404=ORIENTED_EDGE('',*,*,#2409,.F.);
#3405=ORIENTED_EDGE('',*,*,#2410,.T.);
#3406=ORIENTED_EDGE('',*,*,#2411,.F.);
#3407=ORIENTED_EDGE('',*,*,#2399,.F.);
#3408=ORIENTED_EDGE('',*,*,#2226,.T.);
#3409=ORIENTED_EDGE('',*,*,#2403,.F.);
#3410=ORIENTED_EDGE('',*,*,#2412,.F.);
#3411=ORIENTED_EDGE('',*,*,#2413,.T.);
#3412=ORIENTED_EDGE('',*,*,#2414,.T.);
#3413=ORIENTED_EDGE('',*,*,#2407,.T.);
#3414=ORIENTED_EDGE('',*,*,#2401,.F.);
#3415=ORIENTED_EDGE('',*,*,#2415,.F.);
#3416=ORIENTED_EDGE('',*,*,#2125,.F.);
#3417=ORIENTED_EDGE('',*,*,#2416,.T.);
#3418=ORIENTED_EDGE('',*,*,#2410,.F.);
#3419=ORIENTED_EDGE('',*,*,#2409,.T.);
#3420=ORIENTED_EDGE('',*,*,#2405,.F.);
#3421=ORIENTED_EDGE('',*,*,#2417,.F.);
#3422=ORIENTED_EDGE('',*,*,#2126,.F.);
#3423=ORIENTED_EDGE('',*,*,#2415,.T.);
#3424=ORIENTED_EDGE('',*,*,#2400,.F.);
#3425=ORIENTED_EDGE('',*,*,#2411,.T.);
#3426=ORIENTED_EDGE('',*,*,#2215,.T.);
#3427=ORIENTED_EDGE('',*,*,#2418,.T.);
#3428=ORIENTED_EDGE('',*,*,#2419,.T.);
#3429=ORIENTED_EDGE('',*,*,#2420,.T.);
#3430=ORIENTED_EDGE('',*,*,#2421,.T.);
#3431=ORIENTED_EDGE('',*,*,#2422,.T.);
#3432=ORIENTED_EDGE('',*,*,#2423,.T.);
#3433=ORIENTED_EDGE('',*,*,#2424,.T.);
#3434=ORIENTED_EDGE('',*,*,#2425,.T.);
#3435=ORIENTED_EDGE('',*,*,#2213,.T.);
#3436=ORIENTED_EDGE('',*,*,#2426,.F.);
#3437=ORIENTED_EDGE('',*,*,#2427,.F.);
#3438=ORIENTED_EDGE('',*,*,#2214,.T.);
#3439=ORIENTED_EDGE('',*,*,#2425,.F.);
#3440=ORIENTED_EDGE('',*,*,#2428,.T.);
#3441=ORIENTED_EDGE('',*,*,#2429,.T.);
#3442=ORIENTED_EDGE('',*,*,#2430,.T.);
#3443=ORIENTED_EDGE('',*,*,#2418,.F.);
#3444=ORIENTED_EDGE('',*,*,#2216,.T.);
#3445=ORIENTED_EDGE('',*,*,#2422,.F.);
#3446=ORIENTED_EDGE('',*,*,#2431,.T.);
#3447=ORIENTED_EDGE('',*,*,#2432,.T.);
#3448=ORIENTED_EDGE('',*,*,#2433,.T.);
#3449=ORIENTED_EDGE('',*,*,#2426,.T.);
#3450=ORIENTED_EDGE('',*,*,#2432,.F.);
#3451=ORIENTED_EDGE('',*,*,#2434,.F.);
#3452=ORIENTED_EDGE('',*,*,#2136,.F.);
#3453=ORIENTED_EDGE('',*,*,#2435,.T.);
#3454=ORIENTED_EDGE('',*,*,#2420,.F.);
#3455=ORIENTED_EDGE('',*,*,#2419,.F.);
#3456=ORIENTED_EDGE('',*,*,#2430,.F.);
#3457=ORIENTED_EDGE('',*,*,#2436,.F.);
#3458=ORIENTED_EDGE('',*,*,#2133,.F.);
#3459=ORIENTED_EDGE('',*,*,#2434,.T.);
#3460=ORIENTED_EDGE('',*,*,#2431,.F.);
#3461=ORIENTED_EDGE('',*,*,#2421,.F.);
#3462=ORIENTED_EDGE('',*,*,#2437,.T.);
#3463=ORIENTED_EDGE('',*,*,#2438,.T.);
#3464=ORIENTED_EDGE('',*,*,#2439,.T.);
#3465=ORIENTED_EDGE('',*,*,#2437,.F.);
#3466=ORIENTED_EDGE('',*,*,#2222,.T.);
#3467=ORIENTED_EDGE('',*,*,#2438,.F.);
#3468=ORIENTED_EDGE('',*,*,#2439,.F.);
#3469=ORIENTED_EDGE('',*,*,#2440,.T.);
#3470=ORIENTED_EDGE('',*,*,#2123,.F.);
#3471=ORIENTED_EDGE('',*,*,#2440,.F.);
#3472=ORIENTED_EDGE('',*,*,#2441,.T.);
#3473=ORIENTED_EDGE('',*,*,#2442,.T.);
#3474=ORIENTED_EDGE('',*,*,#2443,.T.);
#3475=ORIENTED_EDGE('',*,*,#2441,.F.);
#3476=ORIENTED_EDGE('',*,*,#2217,.T.);
#3477=ORIENTED_EDGE('',*,*,#2442,.F.);
#3478=ORIENTED_EDGE('',*,*,#2443,.F.);
#3479=ORIENTED_EDGE('',*,*,#2444,.T.);
#3480=ORIENTED_EDGE('',*,*,#2124,.F.);
#3481=ORIENTED_EDGE('',*,*,#2444,.F.);
#3482=ORIENTED_EDGE('',*,*,#2445,.T.);
#3483=ORIENTED_EDGE('',*,*,#2446,.T.);
#3484=ORIENTED_EDGE('',*,*,#2447,.T.);
#3485=ORIENTED_EDGE('',*,*,#2218,.T.);
#3486=ORIENTED_EDGE('',*,*,#2448,.T.);
#3487=ORIENTED_EDGE('',*,*,#2449,.T.);
#3488=ORIENTED_EDGE('',*,*,#2219,.T.);
#3489=ORIENTED_EDGE('',*,*,#2447,.F.);
#3490=ORIENTED_EDGE('',*,*,#2450,.F.);
#3491=ORIENTED_EDGE('',*,*,#2451,.T.);
#3492=ORIENTED_EDGE('',*,*,#2452,.T.);
#3493=ORIENTED_EDGE('',*,*,#2453,.T.);
#3494=ORIENTED_EDGE('',*,*,#2220,.T.);
#3495=ORIENTED_EDGE('',*,*,#2453,.F.);
#3496=ORIENTED_EDGE('',*,*,#2454,.T.);
#3497=ORIENTED_EDGE('',*,*,#2455,.T.);
#3498=ORIENTED_EDGE('',*,*,#2456,.T.);
#3499=ORIENTED_EDGE('',*,*,#2457,.T.);
#3500=ORIENTED_EDGE('',*,*,#2221,.T.);
#3501=ORIENTED_EDGE('',*,*,#2457,.F.);
#3502=ORIENTED_EDGE('',*,*,#2458,.F.);
#3503=ORIENTED_EDGE('',*,*,#2459,.T.);
#3504=ORIENTED_EDGE('',*,*,#2460,.F.);
#3505=ORIENTED_EDGE('',*,*,#2448,.F.);
#3506=ORIENTED_EDGE('',*,*,#2455,.F.);
#3507=ORIENTED_EDGE('',*,*,#2461,.F.);
#3508=ORIENTED_EDGE('',*,*,#2131,.F.);
#3509=ORIENTED_EDGE('',*,*,#2462,.T.);
#3510=ORIENTED_EDGE('',*,*,#2451,.F.);
#3511=ORIENTED_EDGE('',*,*,#2450,.T.);
#3512=ORIENTED_EDGE('',*,*,#2446,.F.);
#3513=ORIENTED_EDGE('',*,*,#2463,.F.);
#3514=ORIENTED_EDGE('',*,*,#2132,.F.);
#3515=ORIENTED_EDGE('',*,*,#2461,.T.);
#3516=ORIENTED_EDGE('',*,*,#2454,.F.);
#3517=ORIENTED_EDGE('',*,*,#2452,.F.);
#3518=ORIENTED_EDGE('',*,*,#2464,.T.);
#3519=ORIENTED_EDGE('',*,*,#2465,.T.);
#3520=ORIENTED_EDGE('',*,*,#2466,.T.);
#3521=ORIENTED_EDGE('',*,*,#2280,.T.);
#3522=ORIENTED_EDGE('',*,*,#2467,.F.);
#3523=ORIENTED_EDGE('',*,*,#2468,.T.);
#3524=ORIENTED_EDGE('',*,*,#2469,.T.);
#3525=ORIENTED_EDGE('',*,*,#2470,.T.);
#3526=ORIENTED_EDGE('',*,*,#2471,.T.);
#3527=ORIENTED_EDGE('',*,*,#2278,.T.);
#3528=ORIENTED_EDGE('',*,*,#2472,.T.);
#3529=ORIENTED_EDGE('',*,*,#2473,.T.);
#3530=ORIENTED_EDGE('',*,*,#2279,.T.);
#3531=ORIENTED_EDGE('',*,*,#2471,.F.);
#3532=ORIENTED_EDGE('',*,*,#2474,.F.);
#3533=ORIENTED_EDGE('',*,*,#2475,.T.);
#3534=ORIENTED_EDGE('',*,*,#2476,.T.);
#3535=ORIENTED_EDGE('',*,*,#2467,.T.);
#3536=ORIENTED_EDGE('',*,*,#2477,.T.);
#3537=ORIENTED_EDGE('',*,*,#2478,.F.);
#3538=ORIENTED_EDGE('',*,*,#2472,.F.);
#3539=ORIENTED_EDGE('',*,*,#2281,.T.);
#3540=ORIENTED_EDGE('',*,*,#2466,.F.);
#3541=ORIENTED_EDGE('',*,*,#2479,.F.);
#3542=ORIENTED_EDGE('',*,*,#2464,.F.);
#3543=ORIENTED_EDGE('',*,*,#2480,.F.);
#3544=ORIENTED_EDGE('',*,*,#2071,.T.);
#3545=ORIENTED_EDGE('',*,*,#2481,.T.);
#3546=ORIENTED_EDGE('',*,*,#2475,.F.);
#3547=ORIENTED_EDGE('',*,*,#2474,.T.);
#3548=ORIENTED_EDGE('',*,*,#2470,.F.);
#3549=ORIENTED_EDGE('',*,*,#2482,.F.);
#3550=ORIENTED_EDGE('',*,*,#2072,.T.);
#3551=ORIENTED_EDGE('',*,*,#2480,.T.);
#3552=ORIENTED_EDGE('',*,*,#2468,.F.);
#3553=ORIENTED_EDGE('',*,*,#2476,.F.);
#3554=ORIENTED_EDGE('',*,*,#2483,.T.);
#3555=ORIENTED_EDGE('',*,*,#2287,.T.);
#3556=ORIENTED_EDGE('',*,*,#2483,.F.);
#3557=ORIENTED_EDGE('',*,*,#2484,.T.);
#3558=ORIENTED_EDGE('',*,*,#2485,.T.);
#3559=ORIENTED_EDGE('',*,*,#2484,.F.);
#3560=ORIENTED_EDGE('',*,*,#2485,.F.);
#3561=ORIENTED_EDGE('',*,*,#2486,.T.);
#3562=ORIENTED_EDGE('',*,*,#2064,.T.);
#3563=ORIENTED_EDGE('',*,*,#2486,.F.);
#3564=ORIENTED_EDGE('',*,*,#2487,.T.);
#3565=ORIENTED_EDGE('',*,*,#2282,.T.);
#3566=ORIENTED_EDGE('',*,*,#2487,.F.);
#3567=ORIENTED_EDGE('',*,*,#2488,.T.);
#3568=ORIENTED_EDGE('',*,*,#2489,.T.);
#3569=ORIENTED_EDGE('',*,*,#2488,.F.);
#3570=ORIENTED_EDGE('',*,*,#2489,.F.);
#3571=ORIENTED_EDGE('',*,*,#2490,.T.);
#3572=ORIENTED_EDGE('',*,*,#2063,.T.);
#3573=ORIENTED_EDGE('',*,*,#2490,.F.);
#3574=ORIENTED_EDGE('',*,*,#2491,.T.);
#3575=ORIENTED_EDGE('',*,*,#2492,.T.);
#3576=ORIENTED_EDGE('',*,*,#2493,.T.);
#3577=ORIENTED_EDGE('',*,*,#2283,.T.);
#3578=ORIENTED_EDGE('',*,*,#2494,.T.);
#3579=ORIENTED_EDGE('',*,*,#2495,.T.);
#3580=ORIENTED_EDGE('',*,*,#2496,.T.);
#3581=ORIENTED_EDGE('',*,*,#2497,.T.);
#3582=ORIENTED_EDGE('',*,*,#2498,.T.);
#3583=ORIENTED_EDGE('',*,*,#2284,.T.);
#3584=ORIENTED_EDGE('',*,*,#2493,.F.);
#3585=ORIENTED_EDGE('',*,*,#2499,.T.);
#3586=ORIENTED_EDGE('',*,*,#2500,.T.);
#3587=ORIENTED_EDGE('',*,*,#2501,.T.);
#3588=ORIENTED_EDGE('',*,*,#2502,.T.);
#3589=ORIENTED_EDGE('',*,*,#2285,.T.);
#3590=ORIENTED_EDGE('',*,*,#2498,.F.);
#3591=ORIENTED_EDGE('',*,*,#2503,.F.);
#3592=ORIENTED_EDGE('',*,*,#2286,.T.);
#3593=ORIENTED_EDGE('',*,*,#2502,.F.);
#3594=ORIENTED_EDGE('',*,*,#2504,.T.);
#3595=ORIENTED_EDGE('',*,*,#2505,.T.);
#3596=ORIENTED_EDGE('',*,*,#2506,.T.);
#3597=ORIENTED_EDGE('',*,*,#2494,.F.);
#3598=ORIENTED_EDGE('',*,*,#2505,.F.);
#3599=ORIENTED_EDGE('',*,*,#2507,.F.);
#3600=ORIENTED_EDGE('',*,*,#2074,.T.);
#3601=ORIENTED_EDGE('',*,*,#2508,.T.);
#3602=ORIENTED_EDGE('',*,*,#2500,.F.);
#3603=ORIENTED_EDGE('',*,*,#2503,.T.);
#3604=ORIENTED_EDGE('',*,*,#2497,.F.);
#3605=ORIENTED_EDGE('',*,*,#2509,.F.);
#3606=ORIENTED_EDGE('',*,*,#2075,.T.);
#3607=ORIENTED_EDGE('',*,*,#2507,.T.);
#3608=ORIENTED_EDGE('',*,*,#2504,.F.);
#3609=ORIENTED_EDGE('',*,*,#2501,.F.);
#3610=ORIENTED_EDGE('',*,*,#2265,.F.);
#3611=ORIENTED_EDGE('',*,*,#2263,.F.);
#3612=ORIENTED_EDGE('',*,*,#2510,.F.);
#3613=ORIENTED_EDGE('',*,*,#2511,.T.);
#3614=ORIENTED_EDGE('',*,*,#2269,.F.);
#3615=ORIENTED_EDGE('',*,*,#2512,.F.);
#3616=ORIENTED_EDGE('',*,*,#2513,.F.);
#3617=ORIENTED_EDGE('',*,*,#2514,.F.);
#3618=ORIENTED_EDGE('',*,*,#2294,.F.);
#3619=ORIENTED_EDGE('',*,*,#2515,.F.);
#3620=ORIENTED_EDGE('',*,*,#2516,.F.);
#3621=ORIENTED_EDGE('',*,*,#2517,.T.);
#3622=ORIENTED_EDGE('',*,*,#2298,.F.);
#3623=ORIENTED_EDGE('',*,*,#2518,.F.);
#3624=ORIENTED_EDGE('',*,*,#2519,.F.);
#3625=ORIENTED_EDGE('',*,*,#2274,.F.);
#3626=ORIENTED_EDGE('',*,*,#2515,.T.);
#3627=ORIENTED_EDGE('',*,*,#2293,.T.);
#3628=ORIENTED_EDGE('',*,*,#2520,.T.);
#3629=ORIENTED_EDGE('',*,*,#2521,.F.);
#3630=ORIENTED_EDGE('',*,*,#2522,.F.);
#3631=ORIENTED_EDGE('',*,*,#2513,.T.);
#3632=ORIENTED_EDGE('',*,*,#2523,.T.);
#3633=ORIENTED_EDGE('',*,*,#2524,.T.);
#3634=ORIENTED_EDGE('',*,*,#2525,.T.);
#3635=ORIENTED_EDGE('',*,*,#2516,.T.);
#3636=ORIENTED_EDGE('',*,*,#2522,.T.);
#3637=ORIENTED_EDGE('',*,*,#2524,.F.);
#3638=ORIENTED_EDGE('',*,*,#2526,.T.);
#3639=ORIENTED_EDGE('',*,*,#2526,.F.);
#3640=ORIENTED_EDGE('',*,*,#2523,.F.);
#3641=ORIENTED_EDGE('',*,*,#2512,.T.);
#3642=ORIENTED_EDGE('',*,*,#2268,.F.);
#3643=ORIENTED_EDGE('',*,*,#2527,.F.);
#3644=ORIENTED_EDGE('',*,*,#2295,.F.);
#3645=ORIENTED_EDGE('',*,*,#2517,.F.);
#3646=ORIENTED_EDGE('',*,*,#2519,.T.);
#3647=ORIENTED_EDGE('',*,*,#2528,.T.);
#3648=ORIENTED_EDGE('',*,*,#2529,.T.);
#3649=ORIENTED_EDGE('',*,*,#2275,.T.);
#3650=ORIENTED_EDGE('',*,*,#2510,.T.);
#3651=ORIENTED_EDGE('',*,*,#2262,.T.);
#3652=ORIENTED_EDGE('',*,*,#2529,.F.);
#3653=ORIENTED_EDGE('',*,*,#2530,.T.);
#3654=ORIENTED_EDGE('',*,*,#2530,.F.);
#3655=ORIENTED_EDGE('',*,*,#2528,.F.);
#3656=ORIENTED_EDGE('',*,*,#2518,.T.);
#3657=ORIENTED_EDGE('',*,*,#2297,.F.);
#3658=ORIENTED_EDGE('',*,*,#2531,.T.);
#3659=ORIENTED_EDGE('',*,*,#2266,.F.);
#3660=ORIENTED_EDGE('',*,*,#2511,.F.);
#3661=ORIENTED_EDGE('',*,*,#2532,.F.);
#3662=ORIENTED_EDGE('',*,*,#2533,.F.);
#3663=ORIENTED_EDGE('',*,*,#2534,.T.);
#3664=ORIENTED_EDGE('',*,*,#2535,.F.);
#3665=ORIENTED_EDGE('',*,*,#2534,.F.);
#3666=ORIENTED_EDGE('',*,*,#2536,.F.);
#3667=ORIENTED_EDGE('',*,*,#2537,.F.);
#3668=ORIENTED_EDGE('',*,*,#2538,.T.);
#3669=ORIENTED_EDGE('',*,*,#2539,.F.);
#3670=ORIENTED_EDGE('',*,*,#2538,.F.);
#3671=ORIENTED_EDGE('',*,*,#2536,.T.);
#3672=ORIENTED_EDGE('',*,*,#2537,.T.);
#3673=ORIENTED_EDGE('',*,*,#2540,.F.);
#3674=ORIENTED_EDGE('',*,*,#2541,.F.);
#3675=ORIENTED_EDGE('',*,*,#2542,.T.);
#3676=ORIENTED_EDGE('',*,*,#2543,.F.);
#3677=ORIENTED_EDGE('',*,*,#2542,.F.);
#3678=ORIENTED_EDGE('',*,*,#2544,.F.);
#3679=ORIENTED_EDGE('',*,*,#2545,.F.);
#3680=ORIENTED_EDGE('',*,*,#2546,.T.);
#3681=ORIENTED_EDGE('',*,*,#2547,.F.);
#3682=ORIENTED_EDGE('',*,*,#2546,.F.);
#3683=ORIENTED_EDGE('',*,*,#2527,.T.);
#3684=ORIENTED_EDGE('',*,*,#2267,.F.);
#3685=ORIENTED_EDGE('',*,*,#2531,.F.);
#3686=ORIENTED_EDGE('',*,*,#2296,.F.);
#3687=ORIENTED_EDGE('',*,*,#2535,.T.);
#3688=ORIENTED_EDGE('',*,*,#2539,.T.);
#3689=ORIENTED_EDGE('',*,*,#2547,.T.);
#3690=ORIENTED_EDGE('',*,*,#2543,.T.);
#3691=ORIENTED_EDGE('',*,*,#2544,.T.);
#3692=ORIENTED_EDGE('',*,*,#2545,.T.);
#3693=ORIENTED_EDGE('',*,*,#2514,.T.);
#3694=ORIENTED_EDGE('',*,*,#2525,.F.);
#3695=ORIENTED_EDGE('',*,*,#2521,.T.);
#3696=ORIENTED_EDGE('',*,*,#2548,.F.);
#3697=ORIENTED_EDGE('',*,*,#2270,.F.);
#3698=ORIENTED_EDGE('',*,*,#2496,.F.);
#3699=ORIENTED_EDGE('',*,*,#2549,.F.);
#3700=ORIENTED_EDGE('',*,*,#2076,.T.);
#3701=ORIENTED_EDGE('',*,*,#2509,.T.);
#3702=ORIENTED_EDGE('',*,*,#2491,.F.);
#3703=ORIENTED_EDGE('',*,*,#2495,.F.);
#3704=ORIENTED_EDGE('',*,*,#2506,.F.);
#3705=ORIENTED_EDGE('',*,*,#2508,.F.);
#3706=ORIENTED_EDGE('',*,*,#2073,.T.);
#3707=ORIENTED_EDGE('',*,*,#2549,.T.);
#3708=ORIENTED_EDGE('',*,*,#2499,.F.);
#3709=ORIENTED_EDGE('',*,*,#2492,.F.);
#3710=ORIENTED_EDGE('',*,*,#2469,.F.);
#3711=ORIENTED_EDGE('',*,*,#2550,.F.);
#3712=ORIENTED_EDGE('',*,*,#2069,.T.);
#3713=ORIENTED_EDGE('',*,*,#2482,.T.);
#3714=ORIENTED_EDGE('',*,*,#2477,.F.);
#3715=ORIENTED_EDGE('',*,*,#2479,.T.);
#3716=ORIENTED_EDGE('',*,*,#2465,.F.);
#3717=ORIENTED_EDGE('',*,*,#2481,.F.);
#3718=ORIENTED_EDGE('',*,*,#2070,.T.);
#3719=ORIENTED_EDGE('',*,*,#2550,.T.);
#3720=ORIENTED_EDGE('',*,*,#2473,.F.);
#3721=ORIENTED_EDGE('',*,*,#2478,.T.);
#3722=ORIENTED_EDGE('',*,*,#2385,.F.);
#3723=ORIENTED_EDGE('',*,*,#2397,.F.);
#3724=ORIENTED_EDGE('',*,*,#2067,.T.);
#3725=ORIENTED_EDGE('',*,*,#2551,.T.);
#3726=ORIENTED_EDGE('',*,*,#2393,.F.);
#3727=ORIENTED_EDGE('',*,*,#2395,.T.);
#3728=ORIENTED_EDGE('',*,*,#2386,.F.);
#3729=ORIENTED_EDGE('',*,*,#2551,.F.);
#3730=ORIENTED_EDGE('',*,*,#2066,.T.);
#3731=ORIENTED_EDGE('',*,*,#2398,.T.);
#3732=ORIENTED_EDGE('',*,*,#2390,.F.);
#3733=ORIENTED_EDGE('',*,*,#2394,.T.);
#3734=ORIENTED_EDGE('',*,*,#2057,.F.);
#3735=ORIENTED_EDGE('',*,*,#2552,.F.);
#3736=ORIENTED_EDGE('',*,*,#2080,.F.);
#3737=ORIENTED_EDGE('',*,*,#2553,.F.);
#3738=ORIENTED_EDGE('',*,*,#2552,.T.);
#3739=ORIENTED_EDGE('',*,*,#2056,.T.);
#3740=ORIENTED_EDGE('',*,*,#2554,.T.);
#3741=ORIENTED_EDGE('',*,*,#2081,.T.);
#3742=ORIENTED_EDGE('',*,*,#2540,.T.);
#3743=ORIENTED_EDGE('',*,*,#2541,.T.);
#3744=ORIENTED_EDGE('',*,*,#2553,.T.);
#3745=ORIENTED_EDGE('',*,*,#2079,.T.);
#3746=ORIENTED_EDGE('',*,*,#2084,.T.);
#3747=ORIENTED_EDGE('',*,*,#2058,.T.);
#3748=ORIENTED_EDGE('',*,*,#2062,.T.);
#3749=ORIENTED_EDGE('',*,*,#2082,.T.);
#3750=ORIENTED_EDGE('',*,*,#2554,.F.);
#3751=ORIENTED_EDGE('',*,*,#2055,.T.);
#3752=ORIENTED_EDGE('',*,*,#2423,.F.);
#3753=ORIENTED_EDGE('',*,*,#2427,.T.);
#3754=ORIENTED_EDGE('',*,*,#2433,.F.);
#3755=ORIENTED_EDGE('',*,*,#2435,.F.);
#3756=ORIENTED_EDGE('',*,*,#2135,.F.);
#3757=ORIENTED_EDGE('',*,*,#2555,.T.);
#3758=ORIENTED_EDGE('',*,*,#2428,.F.);
#3759=ORIENTED_EDGE('',*,*,#2424,.F.);
#3760=ORIENTED_EDGE('',*,*,#2429,.F.);
#3761=ORIENTED_EDGE('',*,*,#2555,.F.);
#3762=ORIENTED_EDGE('',*,*,#2134,.F.);
#3763=ORIENTED_EDGE('',*,*,#2436,.T.);
#3764=ORIENTED_EDGE('',*,*,#2459,.F.);
#3765=ORIENTED_EDGE('',*,*,#2458,.T.);
#3766=ORIENTED_EDGE('',*,*,#2456,.F.);
#3767=ORIENTED_EDGE('',*,*,#2462,.F.);
#3768=ORIENTED_EDGE('',*,*,#2130,.F.);
#3769=ORIENTED_EDGE('',*,*,#2556,.T.);
#3770=ORIENTED_EDGE('',*,*,#2449,.F.);
#3771=ORIENTED_EDGE('',*,*,#2460,.T.);
#3772=ORIENTED_EDGE('',*,*,#2445,.F.);
#3773=ORIENTED_EDGE('',*,*,#2556,.F.);
#3774=ORIENTED_EDGE('',*,*,#2129,.F.);
#3775=ORIENTED_EDGE('',*,*,#2463,.T.);
#3776=ORIENTED_EDGE('',*,*,#2404,.F.);
#3777=ORIENTED_EDGE('',*,*,#2557,.F.);
#3778=ORIENTED_EDGE('',*,*,#2127,.F.);
#3779=ORIENTED_EDGE('',*,*,#2417,.T.);
#3780=ORIENTED_EDGE('',*,*,#2413,.F.);
#3781=ORIENTED_EDGE('',*,*,#2412,.T.);
#3782=ORIENTED_EDGE('',*,*,#2402,.F.);
#3783=ORIENTED_EDGE('',*,*,#2416,.F.);
#3784=ORIENTED_EDGE('',*,*,#2128,.F.);
#3785=ORIENTED_EDGE('',*,*,#2557,.T.);
#3786=ORIENTED_EDGE('',*,*,#2408,.F.);
#3787=ORIENTED_EDGE('',*,*,#2414,.F.);
#3788=ORIENTED_EDGE('',*,*,#2139,.T.);
#3789=ORIENTED_EDGE('',*,*,#2558,.T.);
#3790=ORIENTED_EDGE('',*,*,#2118,.T.);
#3791=ORIENTED_EDGE('',*,*,#2559,.T.);
#3792=ORIENTED_EDGE('',*,*,#2559,.F.);
#3793=ORIENTED_EDGE('',*,*,#2117,.F.);
#3794=ORIENTED_EDGE('',*,*,#2560,.F.);
#3795=ORIENTED_EDGE('',*,*,#2140,.F.);
#3796=ORIENTED_EDGE('',*,*,#2532,.T.);
#3797=ORIENTED_EDGE('',*,*,#2533,.T.);
#3798=ORIENTED_EDGE('',*,*,#2190,.T.);
#3799=ORIENTED_EDGE('',*,*,#2376,.T.);
#3800=ORIENTED_EDGE('',*,*,#2561,.T.);
#3801=ORIENTED_EDGE('',*,*,#1976,.F.);
#3802=ORIENTED_EDGE('',*,*,#2378,.T.);
#3803=ORIENTED_EDGE('',*,*,#2379,.T.);
#3804=ORIENTED_EDGE('',*,*,#2087,.T.);
#3805=ORIENTED_EDGE('',*,*,#2092,.T.);
#3806=ORIENTED_EDGE('',*,*,#2100,.T.);
#3807=ORIENTED_EDGE('',*,*,#2105,.F.);
#3808=ORIENTED_EDGE('',*,*,#2113,.F.);
#3809=ORIENTED_EDGE('',*,*,#1977,.F.);
#3810=ORIENTED_EDGE('',*,*,#2561,.F.);
#3811=ORIENTED_EDGE('',*,*,#2375,.F.);
#3812=ORIENTED_EDGE('',*,*,#2520,.F.);
#3813=ORIENTED_EDGE('',*,*,#2292,.F.);
#3814=ORIENTED_EDGE('',*,*,#2208,.F.);
#3815=ORIENTED_EDGE('',*,*,#2311,.F.);
#3816=ORIENTED_EDGE('',*,*,#2316,.F.);
#3817=ORIENTED_EDGE('',*,*,#2301,.T.);
#3818=ORIENTED_EDGE('',*,*,#2299,.T.);
#3819=ORIENTED_EDGE('',*,*,#2276,.T.);
#3820=ORIENTED_EDGE('',*,*,#2271,.T.);
#3821=ORIENTED_EDGE('',*,*,#2548,.T.);
#3822=ORIENTED_EDGE('',*,*,#2558,.F.);
#3823=ORIENTED_EDGE('',*,*,#2138,.F.);
#3824=ORIENTED_EDGE('',*,*,#1981,.F.);
#3825=ORIENTED_EDGE('',*,*,#2119,.F.);
#3826=ORIENTED_EDGE('',*,*,#2122,.F.);
#3827=ORIENTED_EDGE('',*,*,#2141,.F.);
#3828=ORIENTED_EDGE('',*,*,#2560,.T.);
#3829=ORIENTED_EDGE('',*,*,#2116,.F.);
#3830=PLANE('',#4158);
#3831=PLANE('',#4159);
#3832=PLANE('',#4160);
#3833=PLANE('',#4161);
#3834=PLANE('',#4162);
#3835=PLANE('',#4163);
#3836=PLANE('',#4164);
#3837=PLANE('',#4165);
#3838=PLANE('',#4166);
#3839=PLANE('',#4167);
#3840=PLANE('',#4168);
#3841=PLANE('',#4169);
#3842=PLANE('',#4170);
#3843=PLANE('',#4171);
#3844=PLANE('',#4172);
#3845=PLANE('',#4173);
#3846=PLANE('',#4174);
#3847=PLANE('',#4175);
#3848=PLANE('',#4176);
#3849=PLANE('',#4177);
#3850=PLANE('',#4178);
#3851=PLANE('',#4179);
#3852=PLANE('',#4180);
#3853=PLANE('',#4181);
#3854=PLANE('',#4182);
#3855=PLANE('',#4183);
#3856=PLANE('',#4186);
#3857=PLANE('',#4201);
#3858=PLANE('',#4202);
#3859=PLANE('',#4203);
#3860=PLANE('',#4204);
#3861=PLANE('',#4205);
#3862=PLANE('',#4206);
#3863=PLANE('',#4207);
#3864=PLANE('',#4208);
#3865=PLANE('',#4209);
#3866=PLANE('',#4210);
#3867=PLANE('',#4211);
#3868=PLANE('',#4212);
#3869=PLANE('',#4213);
#3870=PLANE('',#4214);
#3871=PLANE('',#4215);
#3872=PLANE('',#4216);
#3873=PLANE('',#4217);
#3874=PLANE('',#4218);
#3875=PLANE('',#4219);
#3876=PLANE('',#4220);
#3877=PLANE('',#4221);
#3878=PLANE('',#4224);
#3879=PLANE('',#4227);
#3880=PLANE('',#4230);
#3881=PLANE('',#4233);
#3882=PLANE('',#4234);
#3883=PLANE('',#4235);
#3884=PLANE('',#4236);
#3885=PLANE('',#4237);
#3886=PLANE('',#4238);
#3887=PLANE('',#4239);
#3888=PLANE('',#4240);
#3889=PLANE('',#4241);
#3890=PLANE('',#4242);
#3891=PLANE('',#4243);
#3892=PLANE('',#4244);
#3893=PLANE('',#4245);
#3894=PLANE('',#4246);
#3895=PLANE('',#4247);
#3896=PLANE('',#4248);
#3897=PLANE('',#4249);
#3898=PLANE('',#4250);
#3899=PLANE('',#4251);
#3900=PLANE('',#4252);
#3901=PLANE('',#4255);
#3902=PLANE('',#4256);
#3903=PLANE('',#4257);
#3904=PLANE('',#4258);
#3905=PLANE('',#4261);
#3906=PLANE('',#4262);
#3907=PLANE('',#4263);
#3908=PLANE('',#4264);
#3909=PLANE('',#4265);
#3910=PLANE('',#4266);
#3911=PLANE('',#4267);
#3912=PLANE('',#4268);
#3913=PLANE('',#4277);
#3914=PLANE('',#4278);
#3915=PLANE('',#4279);
#3916=PLANE('',#4280);
#3917=PLANE('',#4281);
#3918=PLANE('',#4282);
#3919=PLANE('',#4283);
#3920=PLANE('',#4284);
#3921=PLANE('',#4285);
#3922=PLANE('',#4286);
#3923=PLANE('',#4287);
#3924=PLANE('',#4288);
#3925=PLANE('',#4289);
#3926=PLANE('',#4290);
#3927=PLANE('',#4291);
#3928=PLANE('',#4292);
#3929=PLANE('',#4293);
#3930=PLANE('',#4294);
#3931=PLANE('',#4295);
#3932=PLANE('',#4296);
#3933=PLANE('',#4297);
#3934=PLANE('',#4298);
#3935=ADVANCED_FACE('',(#182),#3830,.T.);
#3936=ADVANCED_FACE('',(#183),#94,.T.);
#3937=ADVANCED_FACE('',(#184),#3831,.T.);
#3938=ADVANCED_FACE('',(#185),#3832,.T.);
#3939=ADVANCED_FACE('',(#186),#95,.T.);
#3940=ADVANCED_FACE('',(#187),#3833,.T.);
#3941=ADVANCED_FACE('',(#188),#3834,.T.);
#3942=ADVANCED_FACE('',(#189),#3835,.T.);
#3943=ADVANCED_FACE('',(#190),#96,.T.);
#3944=ADVANCED_FACE('',(#191),#97,.F.);
#3945=ADVANCED_FACE('',(#192),#98,.T.);
#3946=ADVANCED_FACE('',(#193),#3836,.T.);
#3947=ADVANCED_FACE('',(#194),#99,.T.);
#3948=ADVANCED_FACE('',(#195),#3837,.T.);
#3949=ADVANCED_FACE('',(#196),#100,.T.);
#3950=ADVANCED_FACE('',(#197),#3838,.T.);
#3951=ADVANCED_FACE('',(#198),#101,.T.);
#3952=ADVANCED_FACE('',(#199),#102,.F.);
#3953=ADVANCED_FACE('',(#200,#51),#103,.F.);
#3954=ADVANCED_FACE('',(#201),#3839,.T.);
#3955=ADVANCED_FACE('',(#202),#104,.T.);
#3956=ADVANCED_FACE('',(#203),#3840,.T.);
#3957=ADVANCED_FACE('',(#204),#105,.T.);
#3958=ADVANCED_FACE('',(#205),#3841,.T.);
#3959=ADVANCED_FACE('',(#206),#106,.T.);
#3960=ADVANCED_FACE('',(#207),#107,.T.);
#3961=ADVANCED_FACE('',(#208),#108,.T.);
#3962=ADVANCED_FACE('',(#209),#3842,.F.);
#3963=ADVANCED_FACE('',(#210),#3843,.F.);
#3964=ADVANCED_FACE('',(#211),#3844,.F.);
#3965=ADVANCED_FACE('',(#212),#3845,.F.);
#3966=ADVANCED_FACE('',(#213),#3846,.F.);
#3967=ADVANCED_FACE('',(#214),#3847,.F.);
#3968=ADVANCED_FACE('',(#215),#3848,.F.);
#3969=ADVANCED_FACE('',(#216),#3849,.F.);
#3970=ADVANCED_FACE('',(#217),#3850,.T.);
#3971=ADVANCED_FACE('',(#218),#3851,.T.);
#3972=ADVANCED_FACE('',(#219),#3852,.T.);
#3973=ADVANCED_FACE('',(#220),#3853,.T.);
#3974=ADVANCED_FACE('',(#221),#3854,.T.);
#3975=ADVANCED_FACE('',(#222),#109,.F.);
#3976=ADVANCED_FACE('',(#223,#52,#53,#54,#55,#56),#3855,.F.);
#3977=ADVANCED_FACE('',(#224),#110,.F.);
#3978=ADVANCED_FACE('',(#225,#57),#111,.T.);
#3979=ADVANCED_FACE('',(#226),#112,.T.);
#3980=ADVANCED_FACE('',(#227,#58),#113,.T.);
#3981=ADVANCED_FACE('',(#228,#59),#114,.F.);
#3982=ADVANCED_FACE('',(#229),#115,.F.);
#3983=ADVANCED_FACE('',(#230),#116,.T.);
#3984=ADVANCED_FACE('',(#231,#60,#61,#62,#63,#64),#3856,.T.);
#3985=ADVANCED_FACE('',(#232),#117,.T.);
#3986=ADVANCED_FACE('',(#233),#15,.F.);
#3987=ADVANCED_FACE('',(#234),#16,.F.);
#3988=ADVANCED_FACE('',(#235),#17,.F.);
#3989=ADVANCED_FACE('',(#236),#18,.F.);
#3990=ADVANCED_FACE('',(#237),#118,.T.);
#3991=ADVANCED_FACE('',(#238),#3857,.T.);
#3992=ADVANCED_FACE('',(#239),#119,.T.);
#3993=ADVANCED_FACE('',(#240,#65,#66,#67,#68),#3858,.T.);
#3994=ADVANCED_FACE('',(#241,#69,#70,#71,#72),#3859,.T.);
#3995=ADVANCED_FACE('',(#242,#73,#74,#75,#76),#3860,.T.);
#3996=ADVANCED_FACE('',(#243),#3861,.T.);
#3997=ADVANCED_FACE('',(#244,#77,#78,#79,#80,#81),#120,.F.);
#3998=ADVANCED_FACE('',(#245),#3862,.T.);
#3999=ADVANCED_FACE('',(#246),#3863,.F.);
#4000=ADVANCED_FACE('',(#247),#3864,.F.);
#4001=ADVANCED_FACE('',(#248),#3865,.F.);
#4002=ADVANCED_FACE('',(#249),#3866,.F.);
#4003=ADVANCED_FACE('',(#250),#3867,.F.);
#4004=ADVANCED_FACE('',(#251),#3868,.F.);
#4005=ADVANCED_FACE('',(#252),#3869,.F.);
#4006=ADVANCED_FACE('',(#253),#3870,.F.);
#4007=ADVANCED_FACE('',(#254),#3871,.F.);
#4008=ADVANCED_FACE('',(#255),#3872,.F.);
#4009=ADVANCED_FACE('',(#256),#3873,.T.);
#4010=ADVANCED_FACE('',(#257),#3874,.T.);
#4011=ADVANCED_FACE('',(#258),#3875,.T.);
#4012=ADVANCED_FACE('',(#259),#3876,.T.);
#4013=ADVANCED_FACE('',(#260),#3877,.T.);
#4014=ADVANCED_FACE('',(#261),#121,.T.);
#4015=ADVANCED_FACE('',(#262),#122,.T.);
#4016=ADVANCED_FACE('',(#263),#123,.F.);
#4017=ADVANCED_FACE('',(#264,#82,#83,#84,#85,#86),#124,.T.);
#4018=ADVANCED_FACE('',(#265),#125,.F.);
#4019=ADVANCED_FACE('',(#266),#126,.T.);
#4020=ADVANCED_FACE('',(#267,#87),#127,.T.);
#4021=ADVANCED_FACE('',(#268),#128,.F.);
#4022=ADVANCED_FACE('',(#269,#88),#129,.F.);
#4023=ADVANCED_FACE('',(#270),#19,.F.);
#4024=ADVANCED_FACE('',(#271),#3878,.F.);
#4025=ADVANCED_FACE('',(#272),#20,.F.);
#4026=ADVANCED_FACE('',(#273),#3879,.F.);
#4027=ADVANCED_FACE('',(#274),#21,.F.);
#4028=ADVANCED_FACE('',(#275),#3880,.T.);
#4029=ADVANCED_FACE('',(#276),#22,.F.);
#4030=ADVANCED_FACE('',(#277),#3881,.T.);
#4031=ADVANCED_FACE('',(#278),#3882,.T.);
#4032=ADVANCED_FACE('',(#279),#130,.T.);
#4033=ADVANCED_FACE('',(#280),#3883,.T.);
#4034=ADVANCED_FACE('',(#281),#131,.F.);
#4035=ADVANCED_FACE('',(#282),#132,.T.);
#4036=ADVANCED_FACE('',(#283),#133,.T.);
#4037=ADVANCED_FACE('',(#284),#3884,.T.);
#4038=ADVANCED_FACE('',(#285),#3885,.T.);
#4039=ADVANCED_FACE('',(#286),#3886,.F.);
#4040=ADVANCED_FACE('',(#287),#134,.F.);
#4041=ADVANCED_FACE('',(#288),#3887,.F.);
#4042=ADVANCED_FACE('',(#289),#135,.F.);
#4043=ADVANCED_FACE('',(#290),#136,.F.);
#4044=ADVANCED_FACE('',(#291),#3888,.F.);
#4045=ADVANCED_FACE('',(#292),#3889,.F.);
#4046=ADVANCED_FACE('',(#293),#3890,.F.);
#4047=ADVANCED_FACE('',(#294),#137,.T.);
#4048=ADVANCED_FACE('',(#295),#3891,.F.);
#4049=ADVANCED_FACE('',(#296),#138,.F.);
#4050=ADVANCED_FACE('',(#297),#3892,.F.);
#4051=ADVANCED_FACE('',(#298),#3893,.F.);
#4052=ADVANCED_FACE('',(#299),#3894,.F.);
#4053=ADVANCED_FACE('',(#300),#139,.F.);
#4054=ADVANCED_FACE('',(#301),#140,.F.);
#4055=ADVANCED_FACE('',(#302),#141,.T.);
#4056=ADVANCED_FACE('',(#303),#142,.T.);
#4057=ADVANCED_FACE('',(#304),#143,.T.);
#4058=ADVANCED_FACE('',(#305),#144,.T.);
#4059=ADVANCED_FACE('',(#306),#145,.T.);
#4060=ADVANCED_FACE('',(#307),#146,.T.);
#4061=ADVANCED_FACE('',(#308),#3895,.T.);
#4062=ADVANCED_FACE('',(#309),#3896,.T.);
#4063=ADVANCED_FACE('',(#310),#147,.T.);
#4064=ADVANCED_FACE('',(#311),#148,.T.);
#4065=ADVANCED_FACE('',(#312),#149,.T.);
#4066=ADVANCED_FACE('',(#313),#150,.T.);
#4067=ADVANCED_FACE('',(#314),#3897,.F.);
#4068=ADVANCED_FACE('',(#315),#3898,.F.);
#4069=ADVANCED_FACE('',(#316),#151,.T.);
#4070=ADVANCED_FACE('',(#317),#152,.T.);
#4071=ADVANCED_FACE('',(#318),#153,.T.);
#4072=ADVANCED_FACE('',(#319),#154,.T.);
#4073=ADVANCED_FACE('',(#320),#3899,.F.);
#4074=ADVANCED_FACE('',(#321),#3900,.F.);
#4075=ADVANCED_FACE('',(#322),#155,.T.);
#4076=ADVANCED_FACE('',(#323),#23,.F.);
#4077=ADVANCED_FACE('',(#324),#156,.T.);
#4078=ADVANCED_FACE('',(#325),#24,.F.);
#4079=ADVANCED_FACE('',(#326),#157,.T.);
#4080=ADVANCED_FACE('',(#327),#158,.T.);
#4081=ADVANCED_FACE('',(#328),#159,.T.);
#4082=ADVANCED_FACE('',(#329),#160,.T.);
#4083=ADVANCED_FACE('',(#330),#3901,.F.);
#4084=ADVANCED_FACE('',(#331),#3902,.F.);
#4085=ADVANCED_FACE('',(#332),#161,.T.);
#4086=ADVANCED_FACE('',(#333),#162,.T.);
#4087=ADVANCED_FACE('',(#334),#163,.T.);
#4088=ADVANCED_FACE('',(#335),#164,.T.);
#4089=ADVANCED_FACE('',(#336),#3903,.T.);
#4090=ADVANCED_FACE('',(#337),#3904,.T.);
#4091=ADVANCED_FACE('',(#338),#165,.T.);
#4092=ADVANCED_FACE('',(#339),#25,.F.);
#4093=ADVANCED_FACE('',(#340),#166,.T.);
#4094=ADVANCED_FACE('',(#341),#26,.F.);
#4095=ADVANCED_FACE('',(#342),#167,.T.);
#4096=ADVANCED_FACE('',(#343),#168,.T.);
#4097=ADVANCED_FACE('',(#344),#169,.T.);
#4098=ADVANCED_FACE('',(#345),#170,.T.);
#4099=ADVANCED_FACE('',(#346),#3905,.T.);
#4100=ADVANCED_FACE('',(#347),#3906,.T.);
#4101=ADVANCED_FACE('',(#348),#3907,.T.);
#4102=ADVANCED_FACE('',(#349),#3908,.T.);
#4103=ADVANCED_FACE('',(#350),#3909,.T.);
#4104=ADVANCED_FACE('',(#351),#3910,.T.);
#4105=ADVANCED_FACE('',(#352),#171,.F.);
#4106=ADVANCED_FACE('',(#353),#172,.T.);
#4107=ADVANCED_FACE('',(#354),#173,.T.);
#4108=ADVANCED_FACE('',(#355),#3911,.T.);
#4109=ADVANCED_FACE('',(#356),#174,.T.);
#4110=ADVANCED_FACE('',(#357),#175,.T.);
#4111=ADVANCED_FACE('',(#358),#3912,.T.);
#4112=ADVANCED_FACE('',(#359),#27,.F.);
#4113=ADVANCED_FACE('',(#360),#28,.F.);
#4114=ADVANCED_FACE('',(#361),#176,.F.);
#4115=ADVANCED_FACE('',(#362),#29,.F.);
#4116=ADVANCED_FACE('',(#363),#30,.F.);
#4117=ADVANCED_FACE('',(#364,#89,#90,#91,#92),#3913,.T.);
#4118=ADVANCED_FACE('',(#365),#177,.T.);
#4119=ADVANCED_FACE('',(#366),#178,.T.);
#4120=ADVANCED_FACE('',(#367),#3914,.T.);
#4121=ADVANCED_FACE('',(#368),#3915,.T.);
#4122=ADVANCED_FACE('',(#369),#3916,.T.);
#4123=ADVANCED_FACE('',(#370),#3917,.T.);
#4124=ADVANCED_FACE('',(#371),#3918,.T.);
#4125=ADVANCED_FACE('',(#372),#3919,.T.);
#4126=ADVANCED_FACE('',(#373),#3920,.F.);
#4127=ADVANCED_FACE('',(#374),#3921,.T.);
#4128=ADVANCED_FACE('',(#375),#179,.T.);
#4129=ADVANCED_FACE('',(#376),#3922,.T.);
#4130=ADVANCED_FACE('',(#377),#3923,.T.);
#4131=ADVANCED_FACE('',(#378),#3924,.F.);
#4132=ADVANCED_FACE('',(#379),#3925,.F.);
#4133=ADVANCED_FACE('',(#380),#3926,.F.);
#4134=ADVANCED_FACE('',(#381),#3927,.F.);
#4135=ADVANCED_FACE('',(#382),#3928,.F.);
#4136=ADVANCED_FACE('',(#383),#3929,.F.);
#4137=ADVANCED_FACE('',(#384),#3930,.T.);
#4138=ADVANCED_FACE('',(#385),#3931,.F.);
#4139=ADVANCED_FACE('',(#386),#180,.F.);
#4140=ADVANCED_FACE('',(#387),#181,.F.);
#4141=ADVANCED_FACE('',(#388,#93),#3932,.T.);
#4142=ADVANCED_FACE('',(#389),#3933,.F.);
#4143=ADVANCED_FACE('',(#390),#3934,.F.);
#4144=CLOSED_SHELL('',(#3935,#3936,#3937,#3938,#3939,#3940,#3941,#3942,
#3943,#3944,#3945,#3946,#3947,#3948,#3949,#3950,#3951,#3952,#3953,#3954,
#3955,#3956,#3957,#3958,#3959,#3960,#3961,#3962,#3963,#3964,#3965,#3966,
#3967,#3968,#3969,#3970,#3971,#3972,#3973,#3974,#3975,#3976,#3977,#3978,
#3979,#3980,#3981,#3982,#3983,#3984,#3985,#3986,#3987,#3988,#3989,#3990,
#3991,#3992,#3993,#3994,#3995,#3996,#3997,#3998,#3999,#4000,#4001,#4002,
#4003,#4004,#4005,#4006,#4007,#4008,#4009,#4010,#4011,#4012,#4013,#4014,
#4015,#4016,#4017,#4018,#4019,#4020,#4021,#4022,#4023,#4024,#4025,#4026,
#4027,#4028,#4029,#4030,#4031,#4032,#4033,#4034,#4035,#4036,#4037,#4038,
#4039,#4040,#4041,#4042,#4043,#4044,#4045,#4046,#4047,#4048,#4049,#4050,
#4051,#4052,#4053,#4054,#4055,#4056,#4057,#4058,#4059,#4060,#4061,#4062,
#4063,#4064,#4065,#4066,#4067,#4068,#4069,#4070,#4071,#4072,#4073,#4074,
#4075,#4076,#4077,#4078,#4079,#4080,#4081,#4082,#4083,#4084,#4085,#4086,
#4087,#4088,#4089,#4090,#4091,#4092,#4093,#4094,#4095,#4096,#4097,#4098,
#4099,#4100,#4101,#4102,#4103,#4104,#4105,#4106,#4107,#4108,#4109,#4110,
#4111,#4112,#4113,#4114,#4115,#4116,#4117,#4118,#4119,#4120,#4121,#4122,
#4123,#4124,#4125,#4126,#4127,#4128,#4129,#4130,#4131,#4132,#4133,#4134,
#4135,#4136,#4137,#4138,#4139,#4140,#4141,#4142,#4143));
#4145=DERIVED_UNIT_ELEMENT(#4147,1.);
#4146=DERIVED_UNIT_ELEMENT(#11359,-3.);
#4147=(
MASS_UNIT()
NAMED_UNIT(*)
SI_UNIT(.KILO.,.GRAM.)
);
#4148=DERIVED_UNIT((#4145,#4146));
#4149=MEASURE_REPRESENTATION_ITEM('density measure',
POSITIVE_RATIO_MEASURE(7850.),#4148);
#4150=PROPERTY_DEFINITION_REPRESENTATION(#4155,#4152);
#4151=PROPERTY_DEFINITION_REPRESENTATION(#4156,#4153);
#4152=REPRESENTATION('material name',(#4154),#11356);
#4153=REPRESENTATION('density',(#4149),#11356);
#4154=DESCRIPTIVE_REPRESENTATION_ITEM('Steel','Steel');
#4155=PROPERTY_DEFINITION('material property','material name',#11366);
#4156=PROPERTY_DEFINITION('material property','density of part',#11366);
#4157=AXIS2_PLACEMENT_3D('',#4822,#4299,#4300);
#4158=AXIS2_PLACEMENT_3D('',#4823,#4301,#4302);
#4159=AXIS2_PLACEMENT_3D('',#4937,#4306,#4307);
#4160=AXIS2_PLACEMENT_3D('',#4949,#4309,#4310);
#4161=AXIS2_PLACEMENT_3D('',#4974,#4311,#4312);
#4162=AXIS2_PLACEMENT_3D('',#4989,#4315,#4316);
#4163=AXIS2_PLACEMENT_3D('',#5001,#4318,#4319);
#4164=AXIS2_PLACEMENT_3D('',#5259,#4323,#4324);
#4165=AXIS2_PLACEMENT_3D('',#5310,#4327,#4328);
#4166=AXIS2_PLACEMENT_3D('',#5463,#4331,#4332);
#4167=AXIS2_PLACEMENT_3D('',#5681,#4336,#4337);
#4168=AXIS2_PLACEMENT_3D('',#5835,#4341,#4342);
#4169=AXIS2_PLACEMENT_3D('',#5886,#4345,#4346);
#4170=AXIS2_PLACEMENT_3D('',#6088,#4350,#4351);
#4171=AXIS2_PLACEMENT_3D('',#6097,#4356,#4357);
#4172=AXIS2_PLACEMENT_3D('',#6103,#4361,#4362);
#4173=AXIS2_PLACEMENT_3D('',#6111,#4367,#4368);
#4174=AXIS2_PLACEMENT_3D('',#6117,#4372,#4373);
#4175=AXIS2_PLACEMENT_3D('',#6126,#4378,#4379);
#4176=AXIS2_PLACEMENT_3D('',#6132,#4383,#4384);
#4177=AXIS2_PLACEMENT_3D('',#6138,#4388,#4389);
#4178=AXIS2_PLACEMENT_3D('',#6146,#4394,#4395);
#4179=AXIS2_PLACEMENT_3D('',#6155,#4400,#4401);
#4180=AXIS2_PLACEMENT_3D('',#6161,#4405,#4406);
#4181=AXIS2_PLACEMENT_3D('',#6170,#4411,#4412);
#4182=AXIS2_PLACEMENT_3D('',#6179,#4417,#4418);
#4183=AXIS2_PLACEMENT_3D('',#6450,#4422,#4423);
#4184=AXIS2_PLACEMENT_3D('',#6535,#4426,#4427);
#4185=AXIS2_PLACEMENT_3D('',#6537,#4428,#4429);
#4186=AXIS2_PLACEMENT_3D('',#7438,#4447,#4448);
#4187=AXIS2_PLACEMENT_3D('',#7523,#4451,#4452);
#4188=AXIS2_PLACEMENT_3D('',#7525,#4453,#4454);
#4189=AXIS2_PLACEMENT_3D('',#7689,#4467,#4468);
#4190=AXIS2_PLACEMENT_3D('',#7691,#4469,#4470);
#4191=AXIS2_PLACEMENT_3D('',#7694,#4472,#4473);
#4192=AXIS2_PLACEMENT_3D('',#7695,#4474,#4475);
#4193=AXIS2_PLACEMENT_3D('',#7697,#4476,#4477);
#4194=AXIS2_PLACEMENT_3D('',#7700,#4479,#4480);
#4195=AXIS2_PLACEMENT_3D('',#7701,#4481,#4482);
#4196=AXIS2_PLACEMENT_3D('',#7703,#4483,#4484);
#4197=AXIS2_PLACEMENT_3D('',#7706,#4486,#4487);
#4198=AXIS2_PLACEMENT_3D('',#7707,#4488,#4489);
#4199=AXIS2_PLACEMENT_3D('',#7709,#4490,#4491);
#4200=AXIS2_PLACEMENT_3D('',#7712,#4493,#4494);
#4201=AXIS2_PLACEMENT_3D('',#7753,#4495,#4496);
#4202=AXIS2_PLACEMENT_3D('',#7796,#4499,#4500);
#4203=AXIS2_PLACEMENT_3D('',#7823,#4505,#4506);
#4204=AXIS2_PLACEMENT_3D('',#7847,#4510,#4511);
#4205=AXIS2_PLACEMENT_3D('',#7925,#4529,#4530);
#4206=AXIS2_PLACEMENT_3D('',#8071,#4534,#4535);
#4207=AXIS2_PLACEMENT_3D('',#8109,#4539,#4540);
#4208=AXIS2_PLACEMENT_3D('',#8117,#4545,#4546);
#4209=AXIS2_PLACEMENT_3D('',#8120,#4549,#4550);
#4210=AXIS2_PLACEMENT_3D('',#8122,#4552,#4553);
#4211=AXIS2_PLACEMENT_3D('',#8124,#4555,#4556);
#4212=AXIS2_PLACEMENT_3D('',#8125,#4557,#4558);
#4213=AXIS2_PLACEMENT_3D('',#8136,#4562,#4563);
#4214=AXIS2_PLACEMENT_3D('',#8140,#4566,#4567);
#4215=AXIS2_PLACEMENT_3D('',#8143,#4570,#4571);
#4216=AXIS2_PLACEMENT_3D('',#8145,#4573,#4574);
#4217=AXIS2_PLACEMENT_3D('',#8146,#4575,#4576);
#4218=AXIS2_PLACEMENT_3D('',#8186,#4578,#4579);
#4219=AXIS2_PLACEMENT_3D('',#8188,#4581,#4582);
#4220=AXIS2_PLACEMENT_3D('',#8189,#4583,#4584);
#4221=AXIS2_PLACEMENT_3D('',#8191,#4586,#4587);
#4222=AXIS2_PLACEMENT_3D('',#8878,#4595,#4596);
#4223=AXIS2_PLACEMENT_3D('',#8880,#4597,#4598);
#4224=AXIS2_PLACEMENT_3D('',#8882,#4600,#4601);
#4225=AXIS2_PLACEMENT_3D('',#8883,#4602,#4603);
#4226=AXIS2_PLACEMENT_3D('',#8885,#4604,#4605);
#4227=AXIS2_PLACEMENT_3D('',#8887,#4607,#4608);
#4228=AXIS2_PLACEMENT_3D('',#8888,#4609,#4610);
#4229=AXIS2_PLACEMENT_3D('',#8891,#4612,#4613);
#4230=AXIS2_PLACEMENT_3D('',#8892,#4614,#4615);
#4231=AXIS2_PLACEMENT_3D('',#8893,#4616,#4617);
#4232=AXIS2_PLACEMENT_3D('',#8896,#4619,#4620);
#4233=AXIS2_PLACEMENT_3D('',#8897,#4621,#4622);
#4234=AXIS2_PLACEMENT_3D('',#8898,#4623,#4624);
#4235=AXIS2_PLACEMENT_3D('',#8946,#4625,#4626);
#4236=AXIS2_PLACEMENT_3D('',#9048,#4627,#4628);
#4237=AXIS2_PLACEMENT_3D('',#9055,#4629,#4630);
#4238=AXIS2_PLACEMENT_3D('',#9062,#4631,#4632);
#4239=AXIS2_PLACEMENT_3D('',#9097,#4636,#4637);
#4240=AXIS2_PLACEMENT_3D('',#9191,#4641,#4642);
#4241=AXIS2_PLACEMENT_3D('',#9198,#4644,#4645);
#4242=AXIS2_PLACEMENT_3D('',#9203,#4646,#4647);
#4243=AXIS2_PLACEMENT_3D('',#9252,#4648,#4649);
#4244=AXIS2_PLACEMENT_3D('',#9264,#4653,#4654);
#4245=AXIS2_PLACEMENT_3D('',#9266,#4656,#4657);
#4246=AXIS2_PLACEMENT_3D('',#9268,#4659,#4660);
#4247=AXIS2_PLACEMENT_3D('',#9498,#4665,#4666);
#4248=AXIS2_PLACEMENT_3D('',#9501,#4669,#4670);
#4249=AXIS2_PLACEMENT_3D('',#9651,#4672,#4673);
#4250=AXIS2_PLACEMENT_3D('',#9654,#4676,#4677);
#4251=AXIS2_PLACEMENT_3D('',#9804,#4679,#4680);
#4252=AXIS2_PLACEMENT_3D('',#9807,#4683,#4684);
#4253=AXIS2_PLACEMENT_3D('',#9866,#4687,#4688);
#4254=AXIS2_PLACEMENT_3D('',#9965,#4691,#4692);
#4255=AXIS2_PLACEMENT_3D('',#10117,#4694,#4695);
#4256=AXIS2_PLACEMENT_3D('',#10120,#4698,#4699);
#4257=AXIS2_PLACEMENT_3D('',#10272,#4701,#4702);
#4258=AXIS2_PLACEMENT_3D('',#10275,#4705,#4706);
#4259=AXIS2_PLACEMENT_3D('',#10374,#4709,#4710);
#4260=AXIS2_PLACEMENT_3D('',#10433,#4713,#4714);
#4261=AXIS2_PLACEMENT_3D('',#10583,#4716,#4717);
#4262=AXIS2_PLACEMENT_3D('',#10586,#4720,#4721);
#4263=AXIS2_PLACEMENT_3D('',#10588,#4723,#4724);
#4264=AXIS2_PLACEMENT_3D('',#10597,#4726,#4727);
#4265=AXIS2_PLACEMENT_3D('',#10611,#4729,#4730);
#4266=AXIS2_PLACEMENT_3D('',#10625,#4732,#4733);
#4267=AXIS2_PLACEMENT_3D('',#10707,#4737,#4738);
#4268=AXIS2_PLACEMENT_3D('',#10751,#4741,#4742);
#4269=AXIS2_PLACEMENT_3D('',#10753,#4744,#4745);
#4270=AXIS2_PLACEMENT_3D('',#10825,#4747,#4748);
#4271=AXIS2_PLACEMENT_3D('',#10826,#4749,#4750);
#4272=AXIS2_PLACEMENT_3D('',#10962,#4752,#4753);
#4273=AXIS2_PLACEMENT_3D('',#10979,#4754,#4755);
#4274=AXIS2_PLACEMENT_3D('',#11115,#4757,#4758);
#4275=AXIS2_PLACEMENT_3D('',#11116,#4759,#4760);
#4276=AXIS2_PLACEMENT_3D('',#11237,#4762,#4763);
#4277=AXIS2_PLACEMENT_3D('',#11238,#4764,#4765);
#4278=AXIS2_PLACEMENT_3D('',#11272,#4767,#4768);
#4279=AXIS2_PLACEMENT_3D('',#11274,#4770,#4771);
#4280=AXIS2_PLACEMENT_3D('',#11275,#4772,#4773);
#4281=AXIS2_PLACEMENT_3D('',#11277,#4775,#4776);
#4282=AXIS2_PLACEMENT_3D('',#11278,#4777,#4778);
#4283=AXIS2_PLACEMENT_3D('',#11280,#4780,#4781);
#4284=AXIS2_PLACEMENT_3D('',#11281,#4782,#4783);
#4285=AXIS2_PLACEMENT_3D('',#11284,#4786,#4787);
#4286=AXIS2_PLACEMENT_3D('',#11302,#4789,#4790);
#4287=AXIS2_PLACEMENT_3D('',#11303,#4791,#4792);
#4288=AXIS2_PLACEMENT_3D('',#11304,#4793,#4794);
#4289=AXIS2_PLACEMENT_3D('',#11306,#4796,#4797);
#4290=AXIS2_PLACEMENT_3D('',#11307,#4798,#4799);
#4291=AXIS2_PLACEMENT_3D('',#11309,#4801,#4802);
#4292=AXIS2_PLACEMENT_3D('',#11310,#4803,#4804);
#4293=AXIS2_PLACEMENT_3D('',#11312,#4806,#4807);
#4294=AXIS2_PLACEMENT_3D('',#11313,#4808,#4809);
#4295=AXIS2_PLACEMENT_3D('',#11316,#4812,#4813);
#4296=AXIS2_PLACEMENT_3D('',#11351,#4816,#4817);
#4297=AXIS2_PLACEMENT_3D('',#11352,#4818,#4819);
#4298=AXIS2_PLACEMENT_3D('',#11353,#4820,#4821);
#4299=DIRECTION('axis',(0.,0.,1.));
#4300=DIRECTION('refdir',(1.,0.,0.));
#4301=DIRECTION('center_axis',(0.,-0.707106781186547,-0.707106781186548));
#4302=DIRECTION('ref_axis',(-0.0280297319247563,-0.706828951772714,0.706828951772713));
#4303=DIRECTION('',(-1.,0.,0.));
#4304=DIRECTION('',(-1.,0.,0.));
#4305=DIRECTION('',(-1.,0.,0.));
#4306=DIRECTION('center_axis',(0.,0.707106781186549,-0.707106781186546));
#4307=DIRECTION('ref_axis',(-0.0306085860876283,-0.706775464506837,-0.706775464506841));
#4308=DIRECTION('',(-1.,0.,0.));
#4309=DIRECTION('center_axis',(0.,-4.468988895091E-16,1.));
#4310=DIRECTION('ref_axis',(0.036726574323626,0.999325351794125,4.46597389975085E-16));
#4311=DIRECTION('center_axis',(0.,-0.707106781186551,-0.707106781186544));
#4312=DIRECTION('ref_axis',(-0.0259783715974047,0.706868136291748,-0.706868136291754));
#4313=DIRECTION('',(1.,0.,0.));
#4314=DIRECTION('',(1.,0.,0.));
#4315=DIRECTION('center_axis',(0.,-4.47015996865336E-16,1.));
#4316=DIRECTION('ref_axis',(0.043266814366629,-0.999063552920716,-4.46597390040678E-16));
#4317=DIRECTION('',(1.,0.,0.));
#4318=DIRECTION('center_axis',(0.,0.707106781186545,-0.70710678118655));
#4319=DIRECTION('ref_axis',(-0.028556965441818,0.706818399493378,0.706818399493374));
#4320=DIRECTION('',(1.,0.,0.));
#4321=DIRECTION('',(1.,0.,0.));
#4322=DIRECTION('',(1.,0.,0.));
#4323=DIRECTION('center_axis',(0.,1.,0.));
#4324=DIRECTION('ref_axis',(7.7203844282065E-10,0.,1.));
#4325=DIRECTION('',(1.,0.,0.));
#4326=DIRECTION('',(1.,0.,0.));
#4327=DIRECTION('center_axis',(0.,0.707106781186549,0.707106781186546));
#4328=DIRECTION('ref_axis',(0.0176959374119133,-0.706996058616704,0.706996058616708));
#4329=DIRECTION('',(1.,0.,0.));
#4330=DIRECTION('',(1.,0.,0.));
#4331=DIRECTION('center_axis',(0.,-0.707106781186551,-0.707106781186544));
#4332=DIRECTION('ref_axis',(-0.015217280854259,0.707024905630414,-0.707024905630422));
#4333=DIRECTION('',(1.,0.,0.));
#4334=DIRECTION('',(1.,0.,0.));
#4335=DIRECTION('',(-1.91451105950638E-16,0.,1.));
#4336=DIRECTION('center_axis',(0.,-0.707106781186557,-0.707106781186538));
#4337=DIRECTION('ref_axis',(-0.0168178517023388,-0.707006775025562,0.707006775025581));
#4338=DIRECTION('',(-1.,0.,0.));
#4339=DIRECTION('',(-1.,0.,0.));
#4340=DIRECTION('',(-1.,0.,0.));
#4341=DIRECTION('center_axis',(0.,0.707106781186546,0.707106781186549));
#4342=DIRECTION('ref_axis',(0.0160952475382892,0.707015184775648,-0.707015184775644));
#4343=DIRECTION('',(-1.,0.,0.));
#4344=DIRECTION('',(-1.,0.,0.));
#4345=DIRECTION('center_axis',(0.,1.,0.));
#4346=DIRECTION('ref_axis',(7.7203844282065E-10,0.,-1.));
#4347=DIRECTION('',(-1.,0.,0.));
#4348=DIRECTION('',(-1.,0.,0.));
#4349=DIRECTION('',(-1.,0.,0.));
#4350=DIRECTION('center_axis',(0.707106781186547,-6.37850061340283E-15,
0.707106781186548));
#4351=DIRECTION('ref_axis',(0.707106781186548,6.41336293649122E-15,-0.707106781186547));
#4352=DIRECTION('',(-0.707106781186548,0.,0.707106781186547));
#4353=DIRECTION('',(0.,1.,9.02056207507939E-15));
#4354=DIRECTION('',(0.707106781186548,6.41336293649122E-15,-0.707106781186547));
#4355=DIRECTION('',(0.,1.,9.02056207507939E-15));
#4356=DIRECTION('center_axis',(-3.60822483003176E-16,-9.02056207507939E-15,
1.));
#4357=DIRECTION('ref_axis',(1.,0.,3.60822483003176E-16));
#4358=DIRECTION('',(-1.,0.,-3.60822483003176E-16));
#4359=DIRECTION('',(0.,1.,9.02056207507939E-15));
#4360=DIRECTION('',(1.,0.,3.60822483003176E-16));
#4361=DIRECTION('center_axis',(-0.707106781186547,-6.37850061340283E-15,
0.707106781186548));
#4362=DIRECTION('ref_axis',(0.707106781186548,0.,0.707106781186547));
#4363=DIRECTION('',(-0.707106781186548,0.,-0.707106781186547));
#4364=DIRECTION('',(0.,1.,9.02056207507939E-15));
#4365=DIRECTION('',(-0.707106781186548,-6.2803698347351E-15,-0.707106781186547));
#4366=DIRECTION('',(0.707106781186548,0.,0.707106781186547));
#4367=DIRECTION('center_axis',(-1.,0.,0.));
#4368=DIRECTION('ref_axis',(0.,-9.86076131526264E-31,1.));
#4369=DIRECTION('',(0.,0.,-1.));
#4370=DIRECTION('',(0.,-1.,-9.02056207507939E-15));
#4371=DIRECTION('',(0.,0.,-1.));
#4372=DIRECTION('center_axis',(-1.,0.,0.));
#4373=DIRECTION('ref_axis',(0.,-9.06986484520682E-15,1.));
#4374=DIRECTION('',(0.,0.,-1.));
#4375=DIRECTION('',(0.,1.,9.02056207507939E-15));
#4376=DIRECTION('',(0.,-9.06986484520682E-15,1.));
#4377=DIRECTION('',(0.,1.,9.02056207507939E-15));
#4378=DIRECTION('center_axis',(-0.707106781186548,6.37850061340283E-15,
-0.707106781186548));
#4379=DIRECTION('ref_axis',(-0.707106781186548,-2.74858411563909E-15,0.707106781186548));
#4380=DIRECTION('',(0.707106781186548,0.,-0.707106781186548));
#4381=DIRECTION('',(0.,1.,9.02056207507939E-15));
#4382=DIRECTION('',(-0.707106781186547,-2.74858411563909E-15,0.707106781186547));
#4383=DIRECTION('center_axis',(-2.22044604924984E-16,9.02056207507939E-15,
-1.));
#4384=DIRECTION('ref_axis',(-1.,5.18277991154675E-15,2.22044604925031E-16));
#4385=DIRECTION('',(1.,0.,-2.22044604924984E-16));
#4386=DIRECTION('',(0.,1.,9.02056207507939E-15));
#4387=DIRECTION('',(-1.,5.18277991154675E-15,2.22044604925031E-16));
#4388=DIRECTION('center_axis',(0.707106781186547,6.37850061340283E-15,-0.707106781186548));
#4389=DIRECTION('ref_axis',(-0.707106781186548,3.66477882085212E-15,-0.707106781186547));
#4390=DIRECTION('',(0.707106781186548,0.,0.707106781186547));
#4391=DIRECTION('',(0.,-1.,-9.02056207507939E-15));
#4392=DIRECTION('',(0.707106781186548,6.2803698347351E-15,0.707106781186547));
#4393=DIRECTION('',(-0.707106781186548,3.66477882085212E-15,-0.707106781186547));
#4394=DIRECTION('center_axis',(0.,0.,1.));
#4395=DIRECTION('ref_axis',(1.,0.,0.));
#4396=DIRECTION('',(1.,0.,0.));
#4397=DIRECTION('',(-8.88178419700124E-15,1.,0.));
#4398=DIRECTION('',(1.,0.,0.));
#4399=DIRECTION('',(-8.88178419700124E-15,1.,0.));
#4400=DIRECTION('center_axis',(-0.695630522461065,-6.17844018134641E-15,
0.718399732892869));
#4401=DIRECTION('ref_axis',(0.718399732892869,0.,0.695630522461065));
#4402=DIRECTION('',(0.718399732892869,0.,0.695630522461065));
#4403=DIRECTION('',(-8.88178419700124E-15,1.,0.));
#4404=DIRECTION('',(0.718399732892869,0.,0.695630522461065));
#4405=DIRECTION('center_axis',(1.,8.88178419700124E-15,0.));
#4406=DIRECTION('ref_axis',(0.,0.,-1.));
#4407=DIRECTION('',(0.,0.,-1.));
#4408=DIRECTION('',(-8.88178419700124E-15,1.,0.));
#4409=DIRECTION('',(0.,0.,-1.));
#4410=DIRECTION('',(-8.88178419700124E-15,1.,0.));
#4411=DIRECTION('center_axis',(-1.,-8.88178419700124E-15,1.2021527192732E-16));
#4412=DIRECTION('ref_axis',(1.2021527192732E-16,0.,1.));
#4413=DIRECTION('',(1.2021527192732E-16,0.,1.));
#4414=DIRECTION('',(-8.88178419700124E-15,1.,0.));
#4415=DIRECTION('',(1.2021527192732E-16,0.,1.));
#4416=DIRECTION('',(8.88178419700124E-15,-1.,0.));
#4417=DIRECTION('center_axis',(-1.,-8.88178419700124E-15,1.2021527192732E-16));
#4418=DIRECTION('ref_axis',(1.2021527192732E-16,0.,1.));
#4419=DIRECTION('',(1.2021527192732E-16,0.,1.));
#4420=DIRECTION('',(-8.88178419700124E-15,1.,0.));
#4421=DIRECTION('',(1.2021527192732E-16,0.,1.));
#4422=DIRECTION('center_axis',(1.,0.,0.));
#4423=DIRECTION('ref_axis',(0.,0.,-1.));
#4424=DIRECTION('',(0.,0.,1.));
#4425=DIRECTION('',(0.,0.,1.));
#4426=DIRECTION('center_axis',(-1.,0.,0.));
#4427=DIRECTION('ref_axis',(0.,1.,0.));
#4428=DIRECTION('center_axis',(-1.,0.,0.));
#4429=DIRECTION('ref_axis',(0.,1.,0.));
#4430=DIRECTION('',(0.,1.,0.));
#4431=DIRECTION('',(0.,0.,1.));
#4432=DIRECTION('',(0.,-1.,0.));
#4433=DIRECTION('',(0.,0.,-1.));
#4434=DIRECTION('',(0.,1.,0.));
#4435=DIRECTION('',(0.,0.,1.));
#4436=DIRECTION('',(0.,-1.,0.));
#4437=DIRECTION('',(0.,0.,-1.));
#4438=DIRECTION('',(0.,0.,1.));
#4439=DIRECTION('',(0.,-1.,0.));
#4440=DIRECTION('',(0.,0.,-1.));
#4441=DIRECTION('',(0.,1.,0.));
#4442=DIRECTION('',(1.91451105950638E-16,0.,1.));
#4443=DIRECTION('',(0.707106781186548,0.,0.707106781186547));
#4444=DIRECTION('',(1.,0.,0.));
#4445=DIRECTION('',(-1.,0.,0.));
#4446=DIRECTION('',(-0.707106781186548,0.,0.707106781186547));
#4447=DIRECTION('center_axis',(1.,0.,0.));
#4448=DIRECTION('ref_axis',(0.,0.,-1.));
#4449=DIRECTION('',(0.,0.,-1.));
#4450=DIRECTION('',(0.,0.,1.));
#4451=DIRECTION('center_axis',(-1.,0.,0.));
#4452=DIRECTION('ref_axis',(0.,1.,0.));
#4453=DIRECTION('center_axis',(-1.,0.,0.));
#4454=DIRECTION('ref_axis',(0.,1.,0.));
#4455=DIRECTION('',(0.,1.,0.));
#4456=DIRECTION('',(0.,0.,-1.));
#4457=DIRECTION('',(0.,-1.,0.));
#4458=DIRECTION('',(0.,0.,1.));
#4459=DIRECTION('',(0.,1.,0.));
#4460=DIRECTION('',(0.,0.,-1.));
#4461=DIRECTION('',(0.,-1.,0.));
#4462=DIRECTION('',(0.,0.,1.));
#4463=DIRECTION('',(0.,0.,1.));
#4464=DIRECTION('',(0.,1.,0.));
#4465=DIRECTION('',(0.,0.,-1.));
#4466=DIRECTION('',(0.,-1.,0.));
#4467=DIRECTION('center_axis',(0.,0.,-1.));
#4468=DIRECTION('ref_axis',(-1.,0.,0.));
#4469=DIRECTION('center_axis',(0.,0.,-1.));
#4470=DIRECTION('ref_axis',(-1.,0.,0.));
#4471=DIRECTION('',(0.,0.,-1.));
#4472=DIRECTION('center_axis',(0.,0.,1.));
#4473=DIRECTION('ref_axis',(-1.,0.,0.));
#4474=DIRECTION('center_axis',(0.,0.,-1.));
#4475=DIRECTION('ref_axis',(-1.,0.,0.));
#4476=DIRECTION('center_axis',(0.,0.,-1.));
#4477=DIRECTION('ref_axis',(-1.,0.,0.));
#4478=DIRECTION('',(0.,0.,-1.));
#4479=DIRECTION('center_axis',(0.,0.,1.));
#4480=DIRECTION('ref_axis',(-1.,0.,0.));
#4481=DIRECTION('center_axis',(0.,0.,-1.));
#4482=DIRECTION('ref_axis',(-1.,0.,0.));
#4483=DIRECTION('center_axis',(0.,0.,-1.));
#4484=DIRECTION('ref_axis',(-1.,0.,0.));
#4485=DIRECTION('',(0.,0.,-1.));
#4486=DIRECTION('center_axis',(0.,0.,1.));
#4487=DIRECTION('ref_axis',(-1.,0.,0.));
#4488=DIRECTION('center_axis',(0.,0.,-1.));
#4489=DIRECTION('ref_axis',(-1.,0.,0.));
#4490=DIRECTION('center_axis',(0.,0.,-1.));
#4491=DIRECTION('ref_axis',(-1.,0.,0.));
#4492=DIRECTION('',(0.,0.,-1.));
#4493=DIRECTION('center_axis',(0.,0.,1.));
#4494=DIRECTION('ref_axis',(-1.,0.,0.));
#4495=DIRECTION('center_axis',(0.,1.,0.));
#4496=DIRECTION('ref_axis',(0.,0.,1.));
#4497=DIRECTION('',(1.,0.,0.));
#4498=DIRECTION('',(1.,0.,0.));
#4499=DIRECTION('center_axis',(0.,0.,-1.));
#4500=DIRECTION('ref_axis',(0.,1.,0.));
#4501=DIRECTION('',(1.,8.88178419700124E-15,0.));
#4502=DIRECTION('',(1.,0.,0.));
#4503=DIRECTION('',(8.88178419700124E-15,-1.,0.));
#4504=DIRECTION('',(1.,8.88178419700124E-15,0.));
#4505=DIRECTION('center_axis',(0.,0.,1.));
#4506=DIRECTION('ref_axis',(0.,-1.,0.));
#4507=DIRECTION('',(-1.,-8.88178419700124E-15,0.));
#4508=DIRECTION('',(-1.,0.,0.));
#4509=DIRECTION('',(-1.,-8.88178419700124E-15,0.));
#4510=DIRECTION('center_axis',(0.,-1.,0.));
#4511=DIRECTION('ref_axis',(0.,0.,-1.));
#4512=DIRECTION('',(0.,0.,1.));
#4513=DIRECTION('',(0.,0.,-1.));
#4514=DIRECTION('',(0.,0.,1.));
#4515=DIRECTION('',(0.,0.,-1.));
#4516=DIRECTION('',(0.718399732892869,0.,-0.695630522461066));
#4517=DIRECTION('',(0.,0.,-1.));
#4518=DIRECTION('',(0.707106781186548,0.,-0.707106781186547));
#4519=DIRECTION('',(0.,0.,1.));
#4520=DIRECTION('',(0.707106781186548,0.,0.707106781186547));
#4521=DIRECTION('',(1.,0.,3.330669073875E-16));
#4522=DIRECTION('',(0.,0.,1.));
#4523=DIRECTION('',(-0.707106781186548,0.,-0.707106781186547));
#4524=DIRECTION('',(-1.,0.,3.60822483003176E-16));
#4525=DIRECTION('',(-0.707106781186548,0.,0.707106781186547));
#4526=DIRECTION('',(-0.804867093394514,0.,-0.593455105269697));
#4527=DIRECTION('',(-1.,0.,-6.98251688415511E-17));
#4528=DIRECTION('',(-0.804867093394316,0.,0.593455105269966));
#4529=DIRECTION('center_axis',(1.,8.88178419700124E-15,0.));
#4530=DIRECTION('ref_axis',(0.,0.,-1.));
#4531=DIRECTION('',(-8.88178419700124E-15,1.,0.));
#4532=DIRECTION('',(0.,0.,-1.));
#4533=DIRECTION('',(6.09162609842939E-16,0.,-1.));
#4534=DIRECTION('center_axis',(-8.88178419700124E-15,1.,0.));
#4535=DIRECTION('ref_axis',(0.,0.,1.));
#4536=DIRECTION('',(-0.804867093394316,-2.01559869963873E-12,0.593455105269966));
#4537=DIRECTION('',(-1.,5.41795103693129E-16,-6.98251688415511E-17));
#4538=DIRECTION('',(-0.804867093394514,9.99789549077198E-14,-0.593455105269697));
#4539=DIRECTION('center_axis',(0.,1.,9.02056207507939E-15));
#4540=DIRECTION('ref_axis',(0.,-9.02056207507939E-15,1.));
#4541=DIRECTION('',(-0.707106781186548,-3.66477882085212E-15,0.707106781186547));
#4542=DIRECTION('',(-1.,-5.18277991154675E-15,-3.33066907387547E-16));
#4543=DIRECTION('',(-0.707106781186548,2.74858411563909E-15,-0.707106781186547));
#4544=DIRECTION('',(0.,9.06986484520682E-15,-1.));
#4545=DIRECTION('center_axis',(-0.707106781186547,6.37850061340283E-15,
-0.707106781186548));
#4546=DIRECTION('ref_axis',(-0.707106781186548,-3.66477882085212E-15,0.707106781186547));
#4547=DIRECTION('',(0.,1.,9.02056207507939E-15));
#4548=DIRECTION('',(0.707106781186548,6.2803698347351E-15,-0.707106781186547));
#4549=DIRECTION('center_axis',(3.330669073875E-16,9.02056207507939E-15,
-1.));
#4550=DIRECTION('ref_axis',(-1.,-5.18277991154675E-15,-3.33066907387547E-16));
#4551=DIRECTION('',(0.,1.,9.02056207507939E-15));
#4552=DIRECTION('center_axis',(0.707106781186547,6.37850061340283E-15,-0.707106781186548));
#4553=DIRECTION('ref_axis',(-0.707106781186548,2.74858411563909E-15,-0.707106781186547));
#4554=DIRECTION('',(0.,1.,9.02056207507939E-15));
#4555=DIRECTION('center_axis',(1.,0.,0.));
#4556=DIRECTION('ref_axis',(0.,9.06986484520682E-15,-1.));
#4557=DIRECTION('center_axis',(0.,1.,9.02056207507939E-15));
#4558=DIRECTION('ref_axis',(0.,-9.02056207507939E-15,1.));
#4559=DIRECTION('',(0.707106781186548,0.,-0.707106781186547));
#4560=DIRECTION('',(1.,0.,-3.60822483003176E-16));
#4561=DIRECTION('',(0.707106781186548,-6.41336293649122E-15,0.707106781186547));
#4562=DIRECTION('center_axis',(1.,0.,0.));
#4563=DIRECTION('ref_axis',(0.,9.86076131526264E-31,-1.));
#4564=DIRECTION('',(0.,1.,9.02056207507939E-15));
#4565=DIRECTION('',(0.,0.,1.));
#4566=DIRECTION('center_axis',(0.707106781186547,-6.37850061340283E-15,
0.707106781186548));
#4567=DIRECTION('ref_axis',(0.707106781186548,0.,-0.707106781186547));
#4568=DIRECTION('',(0.,1.,9.02056207507939E-15));
#4569=DIRECTION('',(-0.707106781186548,-6.2803698347351E-15,0.707106781186547));
#4570=DIRECTION('center_axis',(3.60822483003176E-16,-9.02056207507939E-15,
1.));
#4571=DIRECTION('ref_axis',(1.,0.,-3.60822483003176E-16));
#4572=DIRECTION('',(0.,1.,9.02056207507939E-15));
#4573=DIRECTION('center_axis',(-0.707106781186547,-6.37850061340283E-15,
0.707106781186548));
#4574=DIRECTION('ref_axis',(0.707106781186548,-6.41336293649122E-15,0.707106781186547));
#4575=DIRECTION('center_axis',(-8.88178419700124E-15,1.,0.));
#4576=DIRECTION('ref_axis',(0.,0.,1.));
#4577=DIRECTION('',(0.718399732892869,0.,-0.695630522461066));
#4578=DIRECTION('center_axis',(-0.593455105269966,-5.27094017561649E-15,
-0.804867093394316));
#4579=DIRECTION('ref_axis',(-0.804867093394316,-2.01559869963873E-12,0.593455105269966));
#4580=DIRECTION('',(8.88178419700124E-15,-1.,0.));
#4581=DIRECTION('center_axis',(0.695630522461066,6.17844018134641E-15,0.718399732892869));
#4582=DIRECTION('ref_axis',(0.718399732892869,0.,-0.695630522461066));
#4583=DIRECTION('center_axis',(0.593455105269697,5.2709401756141E-15,-0.804867093394514));
#4584=DIRECTION('ref_axis',(-0.804867093394514,9.99789549077198E-14,-0.593455105269697));
#4585=DIRECTION('',(-8.88178419700124E-15,1.,0.));
#4586=DIRECTION('center_axis',(6.98251688415511E-17,6.20172081169832E-31,
-1.));
#4587=DIRECTION('ref_axis',(-1.,5.41795103693129E-16,-6.98251688415511E-17));
#4588=DIRECTION('',(0.707106781186547,0.,-0.707106781186548));
#4589=DIRECTION('',(-6.09162609842939E-16,0.,-1.));
#4590=DIRECTION('',(-0.707106781186547,0.,-0.707106781186548));
#4591=DIRECTION('',(-0.707106781186548,0.,-0.707106781186547));
#4592=DIRECTION('',(-1.,0.,0.));
#4593=DIRECTION('',(0.707106781186548,0.,-0.707106781186547));
#4594=DIRECTION('',(1.,0.,0.));
#4595=DIRECTION('center_axis',(0.,0.,-1.));
#4596=DIRECTION('ref_axis',(1.,0.,0.));
#4597=DIRECTION('center_axis',(0.,0.,1.));
#4598=DIRECTION('ref_axis',(1.,0.,0.));
#4599=DIRECTION('',(0.,0.,-1.));
#4600=DIRECTION('center_axis',(0.,0.,1.));
#4601=DIRECTION('ref_axis',(1.,0.,0.));
#4602=DIRECTION('center_axis',(0.,0.,-1.));
#4603=DIRECTION('ref_axis',(1.,0.,0.));
#4604=DIRECTION('center_axis',(0.,0.,1.));
#4605=DIRECTION('ref_axis',(1.,0.,0.));
#4606=DIRECTION('',(0.,0.,-1.));
#4607=DIRECTION('center_axis',(0.,0.,1.));
#4608=DIRECTION('ref_axis',(1.,0.,0.));
#4609=DIRECTION('center_axis',(0.,0.,-1.));
#4610=DIRECTION('ref_axis',(1.,0.,0.));
#4611=DIRECTION('',(0.,0.,-1.));
#4612=DIRECTION('center_axis',(0.,0.,-1.));
#4613=DIRECTION('ref_axis',(1.,0.,0.));
#4614=DIRECTION('center_axis',(0.,0.,1.));
#4615=DIRECTION('ref_axis',(1.,0.,0.));
#4616=DIRECTION('center_axis',(0.,0.,-1.));
#4617=DIRECTION('ref_axis',(1.,0.,0.));
#4618=DIRECTION('',(0.,0.,-1.));
#4619=DIRECTION('center_axis',(0.,0.,-1.));
#4620=DIRECTION('ref_axis',(1.,0.,0.));
#4621=DIRECTION('center_axis',(0.,0.,1.));
#4622=DIRECTION('ref_axis',(1.,0.,0.));
#4623=DIRECTION('center_axis',(1.,8.65721775567472E-15,0.));
#4624=DIRECTION('ref_axis',(8.6349888167886E-15,-0.997432323003363,-0.0716153686586482));
#4625=DIRECTION('center_axis',(1.,-7.67342491771353E-14,0.));
#4626=DIRECTION('ref_axis',(-7.65372204106696E-14,-0.997432323003372,-0.0716153686585278));
#4627=DIRECTION('center_axis',(-1.,0.,0.));
#4628=DIRECTION('ref_axis',(0.,0.99823422221788,-0.0594006531366819));
#4629=DIRECTION('center_axis',(-1.,0.,0.));
#4630=DIRECTION('ref_axis',(0.,0.99823422221788,-0.0594006531366799));
#4631=DIRECTION('center_axis',(0.707106825366211,-0.707106737006882,6.08567785818008E-9));
#4632=DIRECTION('ref_axis',(8.60644762554555E-9,0.,-1.));
#4633=DIRECTION('',(0.,0.,-1.));
#4634=DIRECTION('',(0.,0.,-1.));
#4635=DIRECTION('',(0.,0.,-1.));
#4636=DIRECTION('center_axis',(4.60958017734219E-8,-0.999999999999999,0.));
#4637=DIRECTION('ref_axis',(-0.999999999999999,-4.60958017734219E-8,-1.45079551572472E-9));
#4638=DIRECTION('',(0.,0.,-1.));
#4639=DIRECTION('',(0.,0.,-1.));
#4640=DIRECTION('',(0.,0.,-1.));
#4641=DIRECTION('center_axis',(-0.707106825445752,-0.70710673692734,0.));
#4642=DIRECTION('ref_axis',(-0.706931690505074,0.706931779001573,0.0222496021831649));
#4643=DIRECTION('',(0.,0.,-1.));
#4644=DIRECTION('center_axis',(-4.60957981380186E-8,-0.999999999999999,
0.));
#4645=DIRECTION('ref_axis',(-0.999999999999999,4.60957981380186E-8,1.45079490982418E-9));
#4646=DIRECTION('center_axis',(6.57319026427616E-15,1.,0.));
#4647=DIRECTION('ref_axis',(1.,-6.57319026427616E-15,0.));
#4648=DIRECTION('center_axis',(2.61426022229378E-14,1.,0.));
#4649=DIRECTION('ref_axis',(1.,-2.61426022229378E-14,0.));
#4650=DIRECTION('',(0.,0.,-1.));
#4651=DIRECTION('',(0.,0.,-1.));
#4652=DIRECTION('',(0.,0.,-1.));
#4653=DIRECTION('center_axis',(0.707106861139563,-0.707106701233523,0.));
#4654=DIRECTION('ref_axis',(-0.707106701233523,-0.707106861139563,0.));
#4655=DIRECTION('',(0.,0.,-1.));
#4656=DIRECTION('center_axis',(0.,-1.,0.));
#4657=DIRECTION('ref_axis',(-1.,0.,0.));
#4658=DIRECTION('',(0.,0.,-1.));
#4659=DIRECTION('center_axis',(-0.70710686114944,-0.707106701223646,0.));
#4660=DIRECTION('ref_axis',(-0.707106701223646,0.70710686114944,0.));
#4661=DIRECTION('',(0.,0.,-1.));
#4662=DIRECTION('',(1.,0.,-1.5316088476051E-15));
#4663=DIRECTION('',(-1.,0.,-1.5316088476051E-15));
#4664=DIRECTION('',(-0.707106781186547,0.,0.707106781186548));
#4665=DIRECTION('center_axis',(0.,-1.,0.));
#4666=DIRECTION('ref_axis',(0.,0.,-1.));
#4667=DIRECTION('',(1.,0.,0.));
#4668=DIRECTION('',(-1.,0.,0.));
#4669=DIRECTION('center_axis',(0.,0.,-1.));
#4670=DIRECTION('ref_axis',(0.,1.,0.));
#4671=DIRECTION('',(-1.,0.,0.));
#4672=DIRECTION('center_axis',(0.,0.,1.));
#4673=DIRECTION('ref_axis',(0.,1.,0.));
#4674=DIRECTION('',(-1.,0.,0.));
#4675=DIRECTION('',(1.,0.,0.));
#4676=DIRECTION('center_axis',(0.,1.,0.));
#4677=DIRECTION('ref_axis',(0.,0.,-1.));
#4678=DIRECTION('',(1.,0.,0.));
#4679=DIRECTION('center_axis',(0.,0.,-1.));
#4680=DIRECTION('ref_axis',(0.,-1.,0.));
#4681=DIRECTION('',(-1.,0.,0.));
#4682=DIRECTION('',(-1.,0.,0.));
#4683=DIRECTION('center_axis',(0.,-1.,0.));
#4684=DIRECTION('ref_axis',(0.,0.,1.));
#4685=DIRECTION('',(-1.,0.,0.));
#4686=DIRECTION('',(0.690810900609672,0.681300902526672,-0.242093741792712));
#4687=DIRECTION('center_axis',(1.,0.,0.));
#4688=DIRECTION('ref_axis',(0.,1.,0.));
#4689=DIRECTION('',(1.,0.,0.));
#4690=DIRECTION('',(0.663338001314648,0.710001828227034,-0.236389720432503));
#4691=DIRECTION('center_axis',(1.,0.,0.));
#4692=DIRECTION('ref_axis',(0.,1.,0.));
#4693=DIRECTION('',(1.,0.,0.));
#4694=DIRECTION('center_axis',(0.,0.,-1.));
#4695=DIRECTION('ref_axis',(0.,-1.,0.));
#4696=DIRECTION('',(-1.,0.,0.));
#4697=DIRECTION('',(-1.,0.,0.));
#4698=DIRECTION('center_axis',(0.,-1.,0.));
#4699=DIRECTION('ref_axis',(0.,0.,1.));
#4700=DIRECTION('',(-1.,0.,0.));
#4701=DIRECTION('center_axis',(0.,0.,1.));
#4702=DIRECTION('ref_axis',(0.,-1.,0.));
#4703=DIRECTION('',(1.,0.,0.));
#4704=DIRECTION('',(1.,0.,0.));
#4705=DIRECTION('center_axis',(0.,-1.,0.));
#4706=DIRECTION('ref_axis',(0.,0.,-1.));
#4707=DIRECTION('',(1.,0.,0.));
#4708=DIRECTION('',(0.663338001314648,-0.710001828227034,0.236389720432503));
#4709=DIRECTION('center_axis',(1.,0.,0.));
#4710=DIRECTION('ref_axis',(0.,1.,0.));
#4711=DIRECTION('',(-1.,0.,0.));
#4712=DIRECTION('',(0.690810900609672,-0.681300902526672,0.242093741792712));
#4713=DIRECTION('center_axis',(1.,0.,0.));
#4714=DIRECTION('ref_axis',(0.,1.,0.));
#4715=DIRECTION('',(-1.,0.,0.));
#4716=DIRECTION('center_axis',(0.,0.,1.));
#4717=DIRECTION('ref_axis',(0.,-1.,0.));
#4718=DIRECTION('',(1.,0.,0.));
#4719=DIRECTION('',(1.,0.,0.));
#4720=DIRECTION('center_axis',(0.,-1.,0.));
#4721=DIRECTION('ref_axis',(0.,0.,-1.));
#4722=DIRECTION('',(1.,0.,0.));
#4723=DIRECTION('center_axis',(0.,-0.728457290421041,0.685091217307911));
#4724=DIRECTION('ref_axis',(0.,0.685091217307911,0.728457290421041));
#4725=DIRECTION('',(-1.,0.,0.));
#4726=DIRECTION('center_axis',(0.,0.671800180679692,0.740732419459776));
#4727=DIRECTION('ref_axis',(0.,0.740732419459776,-0.671800180679692));
#4728=DIRECTION('',(-1.,0.,0.));
#4729=DIRECTION('center_axis',(0.,0.671800180679703,0.740732419459766));
#4730=DIRECTION('ref_axis',(0.,-0.740732419459766,0.671800180679703));
#4731=DIRECTION('',(1.,0.,0.));
#4732=DIRECTION('center_axis',(0.,-0.72845729042104,0.685091217307912));
#4733=DIRECTION('ref_axis',(0.,-0.685091217307912,-0.72845729042104));
#4734=DIRECTION('',(1.,0.,0.));
#4735=DIRECTION('',(-1.,0.,1.62443362624784E-15));
#4736=DIRECTION('',(-1.80224682766012E-15,0.740732419459772,-0.671800180679696));
#4737=DIRECTION('center_axis',(0.,1.,0.));
#4738=DIRECTION('ref_axis',(1.,0.,0.));
#4739=DIRECTION('',(-1.,0.,0.));
#4740=DIRECTION('',(3.68718031669015E-18,-0.685091217307913,-0.728457290421039));
#4741=DIRECTION('center_axis',(0.,-1.,0.));
#4742=DIRECTION('ref_axis',(-1.,0.,0.));
#4743=DIRECTION('',(-1.,0.,0.));
#4744=DIRECTION('center_axis',(0.,0.,-1.));
#4745=DIRECTION('ref_axis',(1.,0.,0.));
#4746=DIRECTION('',(0.,0.,1.));
#4747=DIRECTION('center_axis',(0.,0.,-1.));
#4748=DIRECTION('ref_axis',(1.,0.,0.));
#4749=DIRECTION('center_axis',(0.,0.,-1.));
#4750=DIRECTION('ref_axis',(1.,0.,0.));
#4751=DIRECTION('',(0.,0.,1.));
#4752=DIRECTION('center_axis',(0.,0.,-1.));
#4753=DIRECTION('ref_axis',(1.,0.,0.));
#4754=DIRECTION('center_axis',(0.,0.,-1.));
#4755=DIRECTION('ref_axis',(1.,0.,0.));
#4756=DIRECTION('',(0.,0.,1.));
#4757=DIRECTION('center_axis',(0.,0.,-1.));
#4758=DIRECTION('ref_axis',(1.,0.,0.));
#4759=DIRECTION('center_axis',(0.,0.,-1.));
#4760=DIRECTION('ref_axis',(1.,0.,0.));
#4761=DIRECTION('',(0.,0.,1.));
#4762=DIRECTION('center_axis',(0.,0.,-1.));
#4763=DIRECTION('ref_axis',(1.,0.,0.));
#4764=DIRECTION('center_axis',(0.,0.,1.));
#4765=DIRECTION('ref_axis',(1.,0.,0.));
#4766=DIRECTION('',(1.,0.,1.62443362624784E-15));
#4767=DIRECTION('center_axis',(0.,0.,-1.));
#4768=DIRECTION('ref_axis',(0.,1.,0.));
#4769=DIRECTION('',(1.,0.,0.));
#4770=DIRECTION('center_axis',(0.,1.,0.));
#4771=DIRECTION('ref_axis',(0.,0.,1.));
#4772=DIRECTION('center_axis',(0.,0.,-1.));
#4773=DIRECTION('ref_axis',(0.,1.,0.));
#4774=DIRECTION('',(1.,0.,0.));
#4775=DIRECTION('center_axis',(0.,1.,0.));
#4776=DIRECTION('ref_axis',(0.,0.,1.));
#4777=DIRECTION('center_axis',(0.,0.,1.));
#4778=DIRECTION('ref_axis',(0.,-1.,0.));
#4779=DIRECTION('',(1.,0.,0.));
#4780=DIRECTION('center_axis',(0.,1.,0.));
#4781=DIRECTION('ref_axis',(0.,0.,1.));
#4782=DIRECTION('center_axis',(0.0596712871128729,-0.998218081129716,0.));
#4783=DIRECTION('ref_axis',(0.,0.,1.));
#4784=DIRECTION('',(0.,0.,-1.));
#4785=DIRECTION('',(0.,0.,1.));
#4786=DIRECTION('center_axis',(-0.736860234250957,0.676045113272497,0.));
#4787=DIRECTION('ref_axis',(-0.676045113272498,-0.736860234250958,0.));
#4788=DIRECTION('',(0.,0.,1.));
#4789=DIRECTION('center_axis',(0.651075615856606,0.759012873696449,0.));
#4790=DIRECTION('ref_axis',(-0.759012873696449,0.651075615856606,0.));
#4791=DIRECTION('center_axis',(0.433621138206897,0.90109528269776,0.));
#4792=DIRECTION('ref_axis',(-0.901095282697759,0.433621138206897,0.));
#4793=DIRECTION('center_axis',(0.,1.,0.));
#4794=DIRECTION('ref_axis',(0.,0.,-1.));
#4795=DIRECTION('',(-1.,0.,0.));
#4796=DIRECTION('center_axis',(0.,0.,1.));
#4797=DIRECTION('ref_axis',(0.,1.,0.));
#4798=DIRECTION('center_axis',(0.,1.,0.));
#4799=DIRECTION('ref_axis',(0.,0.,-1.));
#4800=DIRECTION('',(-1.,0.,0.));
#4801=DIRECTION('center_axis',(0.,0.,1.));
#4802=DIRECTION('ref_axis',(0.,1.,0.));
#4803=DIRECTION('center_axis',(0.,0.,-1.));
#4804=DIRECTION('ref_axis',(0.,-1.,0.));
#4805=DIRECTION('',(-1.,0.,0.));
#4806=DIRECTION('center_axis',(0.,-1.,0.));
#4807=DIRECTION('ref_axis',(0.,0.,1.));
#4808=DIRECTION('center_axis',(0.0596712871128729,0.998218081129716,0.));
#4809=DIRECTION('ref_axis',(0.,0.,1.));
#4810=DIRECTION('',(0.,0.,1.));
#4811=DIRECTION('',(0.,0.,-1.));
#4812=DIRECTION('center_axis',(-0.736860234250957,-0.676045113272497,0.));
#4813=DIRECTION('ref_axis',(0.676045113272498,-0.736860234250958,0.));
#4814=DIRECTION('',(0.,0.,1.));
#4815=DIRECTION('',(0.707106781186547,0.,0.707106781186548));
#4816=DIRECTION('center_axis',(0.,1.,0.));
#4817=DIRECTION('ref_axis',(0.,0.,1.));
#4818=DIRECTION('center_axis',(0.651075615856606,-0.759012873696449,0.));
#4819=DIRECTION('ref_axis',(0.759012873696449,0.651075615856606,0.));
#4820=DIRECTION('center_axis',(0.433621138206897,-0.90109528269776,0.));
#4821=DIRECTION('ref_axis',(0.901095282697759,0.433621138206897,0.));
#4822=CARTESIAN_POINT('',(0.,0.,0.));
#4823=CARTESIAN_POINT('Origin',(-34.9311328254966,-27.3208715927754,-11.6079612199931));
#4824=CARTESIAN_POINT('',(-35.05726796846,-30.6225429268129,-8.30628988595557));
#4825=CARTESIAN_POINT('',(-34.9311328254966,-27.3208715927754,-11.6079612199931));
#4826=CARTESIAN_POINT('Ctrl Pts',(-35.05726796846,-30.6225429268129,-8.30628988595557));
#4827=CARTESIAN_POINT('Ctrl Pts',(-35.0168198672115,-29.5219553153506,-9.40687749741783));
#4828=CARTESIAN_POINT('Ctrl Pts',(-34.974774877446,-28.4213982019976,-10.5074346107708));
#4829=CARTESIAN_POINT('Ctrl Pts',(-34.9311328254966,-27.3208715927754,-11.6079612199931));
#4830=CARTESIAN_POINT('',(-36.25726796846,-30.6225429268129,-8.30628988595557));
#4831=CARTESIAN_POINT('',(-35.05726796846,-30.6225429268129,-8.30628988595557));
#4832=CARTESIAN_POINT('',(-36.1311328254966,-27.3208715927754,-11.6079612199931));
#4833=CARTESIAN_POINT('Ctrl Pts',(-36.1311328254966,-27.3208715927754,-11.6079612199931));
#4834=CARTESIAN_POINT('Ctrl Pts',(-36.174774877292,-28.4213981981156,-10.5074346146529));
#4835=CARTESIAN_POINT('Ctrl Pts',(-36.2168198670688,-29.5219553114677,-9.40687750130076));
#4836=CARTESIAN_POINT('Ctrl Pts',(-36.25726796846,-30.6225429268129,-8.30628988595557));
#4837=CARTESIAN_POINT('',(-34.9311328254966,-27.3208715927754,-11.6079612199931));
#4838=CARTESIAN_POINT('Ctrl Pts',(-34.8971672095818,-26.4723434553516,-11.6079612199931));
#4839=CARTESIAN_POINT('Ctrl Pts',(-36.0971672095818,-26.4723434553516,-11.6079612199931));
#4840=CARTESIAN_POINT('Ctrl Pts',(-34.8993133784367,-26.5254636525295,-11.661081417171));
#4841=CARTESIAN_POINT('Ctrl Pts',(-36.0993133784368,-26.5254636525295,-11.661081417171));
#4842=CARTESIAN_POINT('Ctrl Pts',(-34.9018395327541,-26.5880831746434,-11.7037483852433));
#4843=CARTESIAN_POINT('Ctrl Pts',(-36.1018395327541,-26.5880831746434,-11.7037483852433));
#4844=CARTESIAN_POINT('Ctrl Pts',(-34.906113678204,-26.694300248664,-11.7500301190951));
#4845=CARTESIAN_POINT('Ctrl Pts',(-36.1061136782039,-26.694300248664,-11.7500301190951));
#4846=CARTESIAN_POINT('Ctrl Pts',(-34.9076781808571,-26.7332260482663,-11.7624608848863));
#4847=CARTESIAN_POINT('Ctrl Pts',(-36.1076781808571,-26.7332260482663,-11.7624608848863));
#4848=CARTESIAN_POINT('Ctrl Pts',(-34.9100934516557,-26.7934009480949,-11.7751178232634));
#4849=CARTESIAN_POINT('Ctrl Pts',(-36.1100934516557,-26.7934009480949,-11.7751178232634));
#4850=CARTESIAN_POINT('Ctrl Pts',(-34.9109157266346,-26.8139009692177,-11.7783311684411));
#4851=CARTESIAN_POINT('Ctrl Pts',(-36.1109157266346,-26.8139009692177,-11.7783311684411));
#4852=CARTESIAN_POINT('Ctrl Pts',(-34.9123887398808,-26.8506496074989,-11.7821540497318));
#4853=CARTESIAN_POINT('Ctrl Pts',(-36.1123887398808,-26.8506496074989,-11.7821540497318));
#4854=CARTESIAN_POINT('Ctrl Pts',(-34.9130371503059,-26.8668346817477,-11.7831772292361));
#4855=CARTESIAN_POINT('Ctrl Pts',(-36.1130371503059,-26.8668346817477,-11.7831772292361));
#4856=CARTESIAN_POINT('Ctrl Pts',(-34.9143925372632,-26.9006848324255,-11.7839427944028));
#4857=CARTESIAN_POINT('Ctrl Pts',(-36.1143925372632,-26.9006848324255,-11.7839427944028));
#4858=CARTESIAN_POINT('Ctrl Pts',(-34.9150989530226,-26.9183375129249,-11.7835631922865));
#4859=CARTESIAN_POINT('Ctrl Pts',(-36.1150989530226,-26.9183375129249,-11.7835631922865));
#4860=CARTESIAN_POINT('Ctrl Pts',(-34.9165245617261,-26.9539828550816,-11.781220992333));
#4861=CARTESIAN_POINT('Ctrl Pts',(-36.1165245617261,-26.9539828550816,-11.781220992333));
#4862=CARTESIAN_POINT('Ctrl Pts',(-34.9172429285393,-26.971955361744,-11.7792216126747));
#4863=CARTESIAN_POINT('Ctrl Pts',(-36.1172429285393,-26.971955361744,-11.7792216126747));
#4864=CARTESIAN_POINT('Ctrl Pts',(-34.918983260384,-27.0155215327578,-11.7723709770434));
#4865=CARTESIAN_POINT('Ctrl Pts',(-36.118983260384,-27.0155215327578,-11.7723709770434));
#4866=CARTESIAN_POINT('Ctrl Pts',(-34.919997896163,-27.0409430938293,-11.7666591747779));
#4867=CARTESIAN_POINT('Ctrl Pts',(-36.119997896163,-27.0409430938293,-11.7666591747779));
#4868=CARTESIAN_POINT('Ctrl Pts',(-34.9227016900858,-27.1087414912732,-11.7467176453783));
#4869=CARTESIAN_POINT('Ctrl Pts',(-36.1227016900858,-27.1087414912732,-11.7467176453783));
#4870=CARTESIAN_POINT('Ctrl Pts',(-34.9243459318935,-27.1500326038417,-11.7293794138182));
#4871=CARTESIAN_POINT('Ctrl Pts',(-36.1243459318935,-27.1500326038417,-11.7293794138182));
#4872=CARTESIAN_POINT('Ctrl Pts',(-34.9278187486038,-27.2373516006718,-11.6806450108023));
#4873=CARTESIAN_POINT('Ctrl Pts',(-36.1278187486038,-27.2373516006718,-11.6806450108023));
#4874=CARTESIAN_POINT('Ctrl Pts',(-34.9295804315954,-27.281724698439,-11.6471081143295));
#4875=CARTESIAN_POINT('Ctrl Pts',(-36.1295804315954,-27.281724698439,-11.6471081143295));
#4876=CARTESIAN_POINT('Ctrl Pts',(-34.9311328254966,-27.3208715927754,-11.6079612199931));
#4877=CARTESIAN_POINT('Ctrl Pts',(-36.1311328254966,-27.3208715927754,-11.6079612199931));
#4878=CARTESIAN_POINT('',(-34.8971672095818,-26.4723434553516,-11.6079612199931));
#4879=CARTESIAN_POINT('Ctrl Pts',(-34.9311328254966,-27.3208715927754,-11.6079612199931));
#4880=CARTESIAN_POINT('Ctrl Pts',(-34.9295804315954,-27.281724698439,-11.6471081143295));
#4881=CARTESIAN_POINT('Ctrl Pts',(-34.9278187486038,-27.2373516006718,-11.6806450108023));
#4882=CARTESIAN_POINT('Ctrl Pts',(-34.9258964862702,-27.1890190704484,-11.7076203207829));
#4883=CARTESIAN_POINT('Ctrl Pts',(-34.9243459318935,-27.1500326038417,-11.7293794138182));
#4884=CARTESIAN_POINT('Ctrl Pts',(-34.9227016900858,-27.1087414912732,-11.7467176453783));
#4885=CARTESIAN_POINT('Ctrl Pts',(-34.9209937240355,-27.0659137594234,-11.7593145577833));
#4886=CARTESIAN_POINT('Ctrl Pts',(-34.919997896163,-27.0409430938293,-11.7666591747779));
#4887=CARTESIAN_POINT('Ctrl Pts',(-34.918983260384,-27.0155215327578,-11.7723709770434));
#4888=CARTESIAN_POINT('Ctrl Pts',(-34.9179561763826,-26.9898102769505,-11.7764139865864));
#4889=CARTESIAN_POINT('Ctrl Pts',(-34.9172429285393,-26.971955361744,-11.7792216126747));
#4890=CARTESIAN_POINT('Ctrl Pts',(-34.9165245617261,-26.9539828550816,-11.781220992333));
#4891=CARTESIAN_POINT('Ctrl Pts',(-34.9158032613957,-26.9359477539979,-11.7824060507548));
#4892=CARTESIAN_POINT('Ctrl Pts',(-34.9150989530226,-26.9183375129249,-11.7835631922865));
#4893=CARTESIAN_POINT('Ctrl Pts',(-34.9143925372632,-26.9006848324255,-11.7839427944028));
#4894=CARTESIAN_POINT('Ctrl Pts',(-34.9136860727124,-26.8830412131142,-11.7835437610133));
#4895=CARTESIAN_POINT('Ctrl Pts',(-34.9130371503059,-26.8668346817477,-11.7831772292361));
#4896=CARTESIAN_POINT('Ctrl Pts',(-34.9123887398808,-26.8506496074989,-11.7821540497318));
#4897=CARTESIAN_POINT('Ctrl Pts',(-34.9117424430541,-26.8345258364692,-11.7804767287347));
#4898=CARTESIAN_POINT('Ctrl Pts',(-34.9109157266346,-26.8139009692177,-11.7783311684411));
#4899=CARTESIAN_POINT('Ctrl Pts',(-34.9100934516557,-26.7934009480949,-11.7751178232634));
#4900=CARTESIAN_POINT('Ctrl Pts',(-34.9092789563127,-26.7731083267866,-11.7708495576221));
#4901=CARTESIAN_POINT('Ctrl Pts',(-34.9076781808571,-26.7332260482663,-11.7624608848863));
#4902=CARTESIAN_POINT('Ctrl Pts',(-34.906113678204,-26.694300248664,-11.7500301190951));
#4903=CARTESIAN_POINT('Ctrl Pts',(-34.9046100979822,-26.6569346761585,-11.733748899735));
#4904=CARTESIAN_POINT('Ctrl Pts',(-34.9018395327541,-26.5880831746434,-11.7037483852433));
#4905=CARTESIAN_POINT('Ctrl Pts',(-34.8993133784367,-26.5254636525295,-11.661081417171));
#4906=CARTESIAN_POINT('Ctrl Pts',(-34.8971672095818,-26.4723434553516,-11.6079612199931));
#4907=CARTESIAN_POINT('',(-36.0971672095818,-26.4723434553516,-11.6079612199931));
#4908=CARTESIAN_POINT('Ctrl Pts',(-36.0971672095818,-26.4723434553516,-11.6079612199931));
#4909=CARTESIAN_POINT('Ctrl Pts',(-36.0993133784368,-26.5254636525295,-11.661081417171));
#4910=CARTESIAN_POINT('Ctrl Pts',(-36.1018395327541,-26.5880831746434,-11.7037483852433));
#4911=CARTESIAN_POINT('Ctrl Pts',(-36.1046100979822,-26.6569346761585,-11.733748899735));
#4912=CARTESIAN_POINT('Ctrl Pts',(-36.1061136782039,-26.694300248664,-11.7500301190951));
#4913=CARTESIAN_POINT('Ctrl Pts',(-36.1076781808571,-26.7332260482663,-11.7624608848863));
#4914=CARTESIAN_POINT('Ctrl Pts',(-36.1092789563127,-26.7731083267866,-11.7708495576221));
#4915=CARTESIAN_POINT('Ctrl Pts',(-36.1100934516557,-26.7934009480949,-11.7751178232634));
#4916=CARTESIAN_POINT('Ctrl Pts',(-36.1109157266346,-26.8139009692177,-11.7783311684411));
#4917=CARTESIAN_POINT('Ctrl Pts',(-36.1117424430541,-26.8345258364692,-11.7804767287347));
#4918=CARTESIAN_POINT('Ctrl Pts',(-36.1123887398808,-26.8506496074989,-11.7821540497318));
#4919=CARTESIAN_POINT('Ctrl Pts',(-36.1130371503059,-26.8668346817477,-11.7831772292361));
#4920=CARTESIAN_POINT('Ctrl Pts',(-36.1136860727124,-26.8830412131142,-11.7835437610133));
#4921=CARTESIAN_POINT('Ctrl Pts',(-36.1143925372632,-26.9006848324255,-11.7839427944028));
#4922=CARTESIAN_POINT('Ctrl Pts',(-36.1150989530226,-26.9183375129249,-11.7835631922865));
#4923=CARTESIAN_POINT('Ctrl Pts',(-36.1158032613957,-26.9359477539979,-11.7824060507548));
#4924=CARTESIAN_POINT('Ctrl Pts',(-36.1165245617261,-26.9539828550816,-11.781220992333));
#4925=CARTESIAN_POINT('Ctrl Pts',(-36.1172429285393,-26.971955361744,-11.7792216126747));
#4926=CARTESIAN_POINT('Ctrl Pts',(-36.1179561763826,-26.9898102769505,-11.7764139865864));
#4927=CARTESIAN_POINT('Ctrl Pts',(-36.118983260384,-27.0155215327578,-11.7723709770434));
#4928=CARTESIAN_POINT('Ctrl Pts',(-36.119997896163,-27.0409430938293,-11.7666591747779));
#4929=CARTESIAN_POINT('Ctrl Pts',(-36.1209937240355,-27.0659137594234,-11.7593145577833));
#4930=CARTESIAN_POINT('Ctrl Pts',(-36.1227016900858,-27.1087414912732,-11.7467176453783));
#4931=CARTESIAN_POINT('Ctrl Pts',(-36.1243459318935,-27.1500326038417,-11.7293794138182));
#4932=CARTESIAN_POINT('Ctrl Pts',(-36.1258964862702,-27.1890190704484,-11.7076203207829));
#4933=CARTESIAN_POINT('Ctrl Pts',(-36.1278187486038,-27.2373516006718,-11.6806450108023));
#4934=CARTESIAN_POINT('Ctrl Pts',(-36.1295804315954,-27.281724698439,-11.6471081143295));
#4935=CARTESIAN_POINT('Ctrl Pts',(-36.1311328254966,-27.3208715927754,-11.6079612199931));
#4936=CARTESIAN_POINT('',(-34.8971672095818,-26.4723434553516,-11.6079612199931));
#4937=CARTESIAN_POINT('Origin',(-34.7589768103242,-23.1706721213141,-8.30628988595557));
#4938=CARTESIAN_POINT('',(-34.7589768103242,-23.1706721213141,-8.30628988595557));
#4939=CARTESIAN_POINT('Ctrl Pts',(-34.8971672095818,-26.4723434553516,-11.6079612199931));
#4940=CARTESIAN_POINT('Ctrl Pts',(-34.8527010131496,-25.3717529231468,-10.5073706877883));
#4941=CARTESIAN_POINT('Ctrl Pts',(-34.806637596191,-24.2711958101017,-9.40681357474316));
#4942=CARTESIAN_POINT('Ctrl Pts',(-34.7589768103242,-23.1706721213141,-8.30628988595557));
#4943=CARTESIAN_POINT('',(-35.9589768103242,-23.1706721213141,-8.30628988595557));
#4944=CARTESIAN_POINT('Ctrl Pts',(-35.9589768103242,-23.1706721213141,-8.30628988595557));
#4945=CARTESIAN_POINT('Ctrl Pts',(-36.0066375959546,-24.2711958046445,-9.40681356928593));
#4946=CARTESIAN_POINT('Ctrl Pts',(-36.0527010129291,-25.3717529176882,-10.5073706823297));
#4947=CARTESIAN_POINT('Ctrl Pts',(-36.0971672095818,-26.4723434553516,-11.6079612199931));
#4948=CARTESIAN_POINT('',(-34.7589768103242,-23.1706721213141,-8.30628988595557));
#4949=CARTESIAN_POINT('Origin',(-35.05726796846,-30.6225429268129,-8.30628988595557));
#4950=CARTESIAN_POINT('Ctrl Pts',(-34.7589768103242,-23.1706721213141,-8.30628988595557));
#4951=CARTESIAN_POINT('Ctrl Pts',(-34.8665363617351,-25.6543037257239,-8.30628988595558));
#4952=CARTESIAN_POINT('Ctrl Pts',(-34.9659671947923,-28.1382606477047,-8.30628988595557));
#4953=CARTESIAN_POINT('Ctrl Pts',(-35.05726796846,-30.6225429268129,-8.30628988595557));
#4954=CARTESIAN_POINT('Ctrl Pts',(-36.25726796846,-30.6225429268129,-8.30628988595557));
#4955=CARTESIAN_POINT('Ctrl Pts',(-36.1659671920897,-28.1382605741655,-8.30628988595557));
#4956=CARTESIAN_POINT('Ctrl Pts',(-36.066536358551,-25.6543036522,-8.30628988595557));
#4957=CARTESIAN_POINT('Ctrl Pts',(-35.9589768103242,-23.1706721213141,-8.30628988595557));
#4958=CARTESIAN_POINT('Ctrl Pts',(-36.2572679674771,-30.6225429268129,-11.9395387387804));
#4959=CARTESIAN_POINT('Ctrl Pts',(-36.1659697031254,-28.1383289185531,-11.8362948396992));
#4960=CARTESIAN_POINT('Ctrl Pts',(-36.0665393173213,-25.6543719833868,-11.7327015792711));
#4961=CARTESIAN_POINT('Ctrl Pts',(-35.9589768100648,-23.1706721213141,-11.6287589574962));
#4962=CARTESIAN_POINT('Ctrl Pts',(-36.2572679678047,-30.6225429268129,-10.7284557878388));
#4963=CARTESIAN_POINT('Ctrl Pts',(-36.1659697033719,-28.1383289185531,-10.6281424618857));
#4964=CARTESIAN_POINT('Ctrl Pts',(-36.0665393174899,-25.6543719833868,-10.527844463574));
#4965=CARTESIAN_POINT('Ctrl Pts',(-35.9589768101586,-23.1706721213141,-10.4275617929037));
#4966=CARTESIAN_POINT('Ctrl Pts',(-36.2572679681324,-30.6225429268129,-9.5173728368972));
#4967=CARTESIAN_POINT('Ctrl Pts',(-36.1659697036185,-28.1383289185531,-9.41999008407212));
#4968=CARTESIAN_POINT('Ctrl Pts',(-36.0665393176585,-25.6543719833868,-9.3229873478768));
#4969=CARTESIAN_POINT('Ctrl Pts',(-35.9589768102524,-23.1706721213141,-9.22636462831126));
#4970=CARTESIAN_POINT('Ctrl Pts',(-36.25726796846,-30.6225429268129,-8.30628988595557));
#4971=CARTESIAN_POINT('Ctrl Pts',(-36.165969703865,-28.1383289185531,-8.21183770625857));
#4972=CARTESIAN_POINT('Ctrl Pts',(-36.0665393178271,-25.6543719833868,-8.11813023217964));
#4973=CARTESIAN_POINT('Ctrl Pts',(-35.9589768103462,-23.1706721213141,-8.0251674637188));
#4974=CARTESIAN_POINT('Origin',(35.05726796846,-30.6225429268129,-8.30628988595557));
#4975=CARTESIAN_POINT('',(34.9311328254966,-27.3208715927754,-11.6079612199931));
#4976=CARTESIAN_POINT('',(35.05726796846,-30.6225429268129,-8.30628988595557));
#4977=CARTESIAN_POINT('Ctrl Pts',(34.9311328254966,-27.3208715927754,-11.6079612199931));
#4978=CARTESIAN_POINT('Ctrl Pts',(34.9747748774347,-28.4213982017122,-10.5074346110563));
#4979=CARTESIAN_POINT('Ctrl Pts',(35.016819867201,-29.5219553150641,-9.40687749770436));
#4980=CARTESIAN_POINT('Ctrl Pts',(35.05726796846,-30.6225429268129,-8.30628988595557));
#4981=CARTESIAN_POINT('',(36.1311328254966,-27.3208715927754,-11.6079612199931));
#4982=CARTESIAN_POINT('',(34.9311328254966,-27.3208715927754,-11.6079612199931));
#4983=CARTESIAN_POINT('',(36.25726796846,-30.6225429268129,-8.30628988595557));
#4984=CARTESIAN_POINT('Ctrl Pts',(36.25726796846,-30.6225429268129,-8.30628988595557));
#4985=CARTESIAN_POINT('Ctrl Pts',(36.2168198670688,-29.5219553114677,-9.40687750130076));
#4986=CARTESIAN_POINT('Ctrl Pts',(36.174774877292,-28.4213981981155,-10.5074346146529));
#4987=CARTESIAN_POINT('Ctrl Pts',(36.1311328254966,-27.3208715927754,-11.6079612199931));
#4988=CARTESIAN_POINT('',(35.05726796846,-30.6225429268129,-8.30628988595557));
#4989=CARTESIAN_POINT('Origin',(34.7589768103242,-23.1706721213141,-8.30628988595557));
#4990=CARTESIAN_POINT('',(34.7589768103242,-23.1706721213141,-8.30628988595557));
#4991=CARTESIAN_POINT('Ctrl Pts',(35.05726796846,-30.6225429268129,-8.30628988595557));
#4992=CARTESIAN_POINT('Ctrl Pts',(34.9659671952737,-28.1382606608021,-8.30628988595557));
#4993=CARTESIAN_POINT('Ctrl Pts',(34.8665363623022,-25.6543037388193,-8.30628988595558));
#4994=CARTESIAN_POINT('Ctrl Pts',(34.7589768103242,-23.1706721213141,-8.30628988595557));
#4995=CARTESIAN_POINT('',(35.9589768103242,-23.1706721213141,-8.30628988595557));
#4996=CARTESIAN_POINT('Ctrl Pts',(35.9589768103242,-23.1706721213141,-8.30628988595557));
#4997=CARTESIAN_POINT('Ctrl Pts',(36.066536358551,-25.6543036522,-8.30628988595558));
#4998=CARTESIAN_POINT('Ctrl Pts',(36.1659671920897,-28.1382605741656,-8.30628988595557));
#4999=CARTESIAN_POINT('Ctrl Pts',(36.25726796846,-30.6225429268129,-8.30628988595557));
#5000=CARTESIAN_POINT('',(34.7589768103242,-23.1706721213141,-8.30628988595557));
#5001=CARTESIAN_POINT('Origin',(34.8971672095818,-26.4723434553516,-11.6079612199931));
#5002=CARTESIAN_POINT('',(34.8971672095818,-26.4723434553516,-11.6079612199931));
#5003=CARTESIAN_POINT('Ctrl Pts',(34.7589768103242,-23.1706721213141,-8.30628988595557));
#5004=CARTESIAN_POINT('Ctrl Pts',(34.8066375961752,-24.2711958097368,-9.4068135743783));
#5005=CARTESIAN_POINT('Ctrl Pts',(34.8527010131349,-25.3717529227826,-10.5073706874241));
#5006=CARTESIAN_POINT('Ctrl Pts',(34.8971672095818,-26.4723434553516,-11.6079612199931));
#5007=CARTESIAN_POINT('',(36.0971672095818,-26.4723434553516,-11.6079612199931));
#5008=CARTESIAN_POINT('Ctrl Pts',(36.0971672095818,-26.4723434553516,-11.6079612199931));
#5009=CARTESIAN_POINT('Ctrl Pts',(36.0527010129291,-25.3717529176882,-10.5073706823297));
#5010=CARTESIAN_POINT('Ctrl Pts',(36.0066375959546,-24.2711958046445,-9.40681356928592));
#5011=CARTESIAN_POINT('Ctrl Pts',(35.9589768103242,-23.1706721213141,-8.30628988595557));
#5012=CARTESIAN_POINT('',(34.8971672095818,-26.4723434553516,-11.6079612199931));
#5013=CARTESIAN_POINT('Ctrl Pts',(34.9311328254966,-27.3208715927754,-11.6079612199931));
#5014=CARTESIAN_POINT('Ctrl Pts',(36.1311328254966,-27.3208715927754,-11.6079612199931));
#5015=CARTESIAN_POINT('Ctrl Pts',(34.9290955149317,-27.2694964995378,-11.6593363132307));
#5016=CARTESIAN_POINT('Ctrl Pts',(36.1290955149317,-27.2694964995378,-11.6593363132307));
#5017=CARTESIAN_POINT('Ctrl Pts',(34.9267017206762,-27.2092215347208,-11.7009481351882));
#5018=CARTESIAN_POINT('Ctrl Pts',(36.1267017206762,-27.2092215347208,-11.7009481351882));
#5019=CARTESIAN_POINT('Ctrl Pts',(34.922160982338,-27.0951673032158,-11.7523139510328));
#5020=CARTESIAN_POINT('Ctrl Pts',(36.122160982338,-27.0951673032158,-11.7523139510328));
#5021=CARTESIAN_POINT('Ctrl Pts',(34.9201498015589,-27.0447275602504,-11.767487240139));
#5022=CARTESIAN_POINT('Ctrl Pts',(36.1201498015589,-27.0447275602504,-11.767487240139));
#5023=CARTESIAN_POINT('Ctrl Pts',(34.9171426795892,-26.9694442802002,-11.7797362629878));
#5024=CARTESIAN_POINT('Ctrl Pts',(36.1171426795892,-26.9694442802002,-11.7797362629878));
#5025=CARTESIAN_POINT('Ctrl Pts',(34.916194215942,-26.9457178389748,-11.7821584852374));
#5026=CARTESIAN_POINT('Ctrl Pts',(36.116194215942,-26.9457178389748,-11.7821584852374));
#5027=CARTESIAN_POINT('Ctrl Pts',(34.9146380852946,-26.9068209896852,-11.7838003000277));
#5028=CARTESIAN_POINT('Ctrl Pts',(36.1146380852946,-26.9068209896852,-11.7838003000277));
#5029=CARTESIAN_POINT('Ctrl Pts',(34.9140333514482,-26.8917126588397,-11.783867246622));
#5030=CARTESIAN_POINT('Ctrl Pts',(36.1140333514482,-26.8917126588397,-11.783867246622));
#5031=CARTESIAN_POINT('Ctrl Pts',(34.912771444869,-26.860201583789,-11.7828168425429));
#5032=CARTESIAN_POINT('Ctrl Pts',(36.112771444869,-26.860201583789,-11.7828168425429));
#5033=CARTESIAN_POINT('Ctrl Pts',(34.9121148454367,-26.8438145320388,-11.781595722328));
#5034=CARTESIAN_POINT('Ctrl Pts',(36.1121148454367,-26.8438145320388,-11.781595722328));
#5035=CARTESIAN_POINT('Ctrl Pts',(34.9108158854206,-26.8114131602063,-11.777838656661));
#5036=CARTESIAN_POINT('Ctrl Pts',(36.1108158854206,-26.8114131602063,-11.777838656661));
#5037=CARTESIAN_POINT('Ctrl Pts',(34.9101739838645,-26.7954100422375,-11.7753231203594));
#5038=CARTESIAN_POINT('Ctrl Pts',(36.1101739838645,-26.7954100422375,-11.7753231203594));
#5039=CARTESIAN_POINT('Ctrl Pts',(34.908695326654,-26.7585650755155,-11.7679925643289));
#5040=CARTESIAN_POINT('Ctrl Pts',(36.108695326654,-26.7585650755155,-11.7679925643289));
#5041=CARTESIAN_POINT('Ctrl Pts',(34.9078629845605,-26.73783938417,-11.7627045438605));
#5042=CARTESIAN_POINT('Ctrl Pts',(36.1078629845605,-26.73783938417,-11.7627045438605));
#5043=CARTESIAN_POINT('Ctrl Pts',(34.9055146614011,-26.679403745546,-11.7444206976287));
#5044=CARTESIAN_POINT('Ctrl Pts',(36.1055146614011,-26.679403745546,-11.7444206976287));
#5045=CARTESIAN_POINT('Ctrl Pts',(34.9040355649126,-26.6426458070384,-11.728758776373));
#5046=CARTESIAN_POINT('Ctrl Pts',(36.1040355649126,-26.6426458070384,-11.728758776373));
#5047=CARTESIAN_POINT('Ctrl Pts',(34.9006265774054,-26.5580199061883,-11.6822680242175));
#5048=CARTESIAN_POINT('Ctrl Pts',(36.1006265774055,-26.5580199061883,-11.6822680242175));
#5049=CARTESIAN_POINT('Ctrl Pts',(34.8987872898832,-26.5124423435887,-11.6480601082302));
#5050=CARTESIAN_POINT('Ctrl Pts',(36.0987872898832,-26.5124423435887,-11.6480601082302));
#5051=CARTESIAN_POINT('Ctrl Pts',(34.8971672095818,-26.4723434553516,-11.6079612199931));
#5052=CARTESIAN_POINT('Ctrl Pts',(36.0971672095818,-26.4723434553516,-11.6079612199931));
#5053=CARTESIAN_POINT('Ctrl Pts',(34.8971672095818,-26.4723434553516,-11.6079612199931));
#5054=CARTESIAN_POINT('Ctrl Pts',(34.8987872898832,-26.5124423435887,-11.6480601082302));
#5055=CARTESIAN_POINT('Ctrl Pts',(34.9006265774054,-26.5580199061883,-11.6822680242175));
#5056=CARTESIAN_POINT('Ctrl Pts',(34.902628305968,-26.6077115177025,-11.709566999731));
#5057=CARTESIAN_POINT('Ctrl Pts',(34.9040355649126,-26.6426458070384,-11.728758776373));
#5058=CARTESIAN_POINT('Ctrl Pts',(34.9055146614011,-26.679403745546,-11.7444206976287));
#5059=CARTESIAN_POINT('Ctrl Pts',(34.9070431971019,-26.7174398052248,-11.7563217477893));
#5060=CARTESIAN_POINT('Ctrl Pts',(34.9078629845605,-26.73783938417,-11.7627045438605));
#5061=CARTESIAN_POINT('Ctrl Pts',(34.908695326654,-26.7585650755155,-11.7679925643289));
#5062=CARTESIAN_POINT('Ctrl Pts',(34.9095366154803,-26.7795281889338,-11.7721633179259));
#5063=CARTESIAN_POINT('Ctrl Pts',(34.9101739838645,-26.7954100422375,-11.7753231203594));
#5064=CARTESIAN_POINT('Ctrl Pts',(34.9108158854206,-26.8114131602063,-11.777838656661));
#5065=CARTESIAN_POINT('Ctrl Pts',(34.9114607302702,-26.8274982263261,-11.7797037829273));
#5066=CARTESIAN_POINT('Ctrl Pts',(34.9121148454367,-26.8438145320388,-11.781595722328));
#5067=CARTESIAN_POINT('Ctrl Pts',(34.912771444869,-26.860201583789,-11.7828168425429));
#5068=CARTESIAN_POINT('Ctrl Pts',(34.9134288624917,-26.8766179622985,-11.7833640733474));
#5069=CARTESIAN_POINT('Ctrl Pts',(34.9140333514482,-26.8917126588397,-11.783867246622));
#5070=CARTESIAN_POINT('Ctrl Pts',(34.9146380852946,-26.9068209896852,-11.7838003000277));
#5071=CARTESIAN_POINT('Ctrl Pts',(34.9152417719332,-26.9219106662739,-11.7831633730103));
#5072=CARTESIAN_POINT('Ctrl Pts',(34.916194215942,-26.9457178389748,-11.7821584852374));
#5073=CARTESIAN_POINT('Ctrl Pts',(34.9171426795892,-26.9694442802002,-11.7797362629878));
#5074=CARTESIAN_POINT('Ctrl Pts',(34.9180821485164,-26.9929638790244,-11.7759094889259));
#5075=CARTESIAN_POINT('Ctrl Pts',(34.9201498015589,-27.0447275602504,-11.767487240139));
#5076=CARTESIAN_POINT('Ctrl Pts',(34.922160982338,-27.0951673032158,-11.7523139510328));
#5077=CARTESIAN_POINT('Ctrl Pts',(34.9240649642366,-27.1429915062571,-11.7307756952932));
#5078=CARTESIAN_POINT('Ctrl Pts',(34.9267017206762,-27.2092215347208,-11.7009481351882));
#5079=CARTESIAN_POINT('Ctrl Pts',(34.9290955149317,-27.2694964995378,-11.6593363132307));
#5080=CARTESIAN_POINT('Ctrl Pts',(34.9311328254966,-27.3208715927754,-11.6079612199931));
#5081=CARTESIAN_POINT('Ctrl Pts',(36.1311328254966,-27.3208715927754,-11.6079612199931));
#5082=CARTESIAN_POINT('Ctrl Pts',(36.1290955149317,-27.2694964995378,-11.6593363132307));
#5083=CARTESIAN_POINT('Ctrl Pts',(36.1267017206762,-27.2092215347208,-11.7009481351882));
#5084=CARTESIAN_POINT('Ctrl Pts',(36.1240649642366,-27.1429915062571,-11.7307756952932));
#5085=CARTESIAN_POINT('Ctrl Pts',(36.122160982338,-27.0951673032158,-11.7523139510328));
#5086=CARTESIAN_POINT('Ctrl Pts',(36.1201498015589,-27.0447275602504,-11.767487240139));
#5087=CARTESIAN_POINT('Ctrl Pts',(36.1180821485164,-26.9929638790244,-11.7759094889259));
#5088=CARTESIAN_POINT('Ctrl Pts',(36.1171426795892,-26.9694442802002,-11.7797362629878));
#5089=CARTESIAN_POINT('Ctrl Pts',(36.116194215942,-26.9457178389748,-11.7821584852374));
#5090=CARTESIAN_POINT('Ctrl Pts',(36.1152417719332,-26.9219106662739,-11.7831633730103));
#5091=CARTESIAN_POINT('Ctrl Pts',(36.1146380852946,-26.9068209896852,-11.7838003000277));
#5092=CARTESIAN_POINT('Ctrl Pts',(36.1140333514482,-26.8917126588397,-11.783867246622));
#5093=CARTESIAN_POINT('Ctrl Pts',(36.1134288624917,-26.8766179622985,-11.7833640733474));
#5094=CARTESIAN_POINT('Ctrl Pts',(36.112771444869,-26.860201583789,-11.7828168425429));
#5095=CARTESIAN_POINT('Ctrl Pts',(36.1121148454367,-26.8438145320388,-11.781595722328));
#5096=CARTESIAN_POINT('Ctrl Pts',(36.1114607302702,-26.8274982263261,-11.7797037829273));
#5097=CARTESIAN_POINT('Ctrl Pts',(36.1108158854206,-26.8114131602063,-11.777838656661));
#5098=CARTESIAN_POINT('Ctrl Pts',(36.1101739838645,-26.7954100422375,-11.7753231203594));
#5099=CARTESIAN_POINT('Ctrl Pts',(36.1095366154803,-26.7795281889338,-11.7721633179259));
#5100=CARTESIAN_POINT('Ctrl Pts',(36.108695326654,-26.7585650755155,-11.7679925643289));
#5101=CARTESIAN_POINT('Ctrl Pts',(36.1078629845605,-26.73783938417,-11.7627045438605));
#5102=CARTESIAN_POINT('Ctrl Pts',(36.1070431971019,-26.7174398052248,-11.7563217477893));
#5103=CARTESIAN_POINT('Ctrl Pts',(36.1055146614011,-26.679403745546,-11.7444206976287));
#5104=CARTESIAN_POINT('Ctrl Pts',(36.1040355649126,-26.6426458070384,-11.728758776373));
#5105=CARTESIAN_POINT('Ctrl Pts',(36.102628305968,-26.6077115177025,-11.709566999731));
#5106=CARTESIAN_POINT('Ctrl Pts',(36.1006265774055,-26.5580199061883,-11.6822680242175));
#5107=CARTESIAN_POINT('Ctrl Pts',(36.0987872898832,-26.5124423435887,-11.6480601082302));
#5108=CARTESIAN_POINT('Ctrl Pts',(36.0971672095818,-26.4723434553516,-11.6079612199931));
#5109=CARTESIAN_POINT('Ctrl Pts',(36.2572679674771,-30.6225429268129,-11.9394546689198));
#5110=CARTESIAN_POINT('Ctrl Pts',(36.1659697031254,-28.1383289185531,-11.8362109732704));
#5111=CARTESIAN_POINT('Ctrl Pts',(36.0665393173213,-25.6543719833868,-11.7326179415899));
#5112=CARTESIAN_POINT('Ctrl Pts',(35.9589768100648,-23.1706721213141,-11.6286755738781));
#5113=CARTESIAN_POINT('Ctrl Pts',(36.2572679678047,-30.6225429268129,-10.7283997412651));
#5114=CARTESIAN_POINT('Ctrl Pts',(36.1659697033719,-28.1383289185531,-10.6280865509331));
#5115=CARTESIAN_POINT('Ctrl Pts',(36.0665393174899,-25.6543719833868,-10.5277887051198));
#5116=CARTESIAN_POINT('Ctrl Pts',(35.9589768101586,-23.1706721213141,-10.427506203825));
#5117=CARTESIAN_POINT('Ctrl Pts',(36.2572679681324,-30.6225429268129,-9.51734481361032));
#5118=CARTESIAN_POINT('Ctrl Pts',(36.1659697036185,-28.1383289185531,-9.41996212859586));
#5119=CARTESIAN_POINT('Ctrl Pts',(36.0665393176585,-25.6543719833868,-9.32295946864972));
#5120=CARTESIAN_POINT('Ctrl Pts',(35.9589768102524,-23.1706721213141,-9.2263368337719));
#5121=CARTESIAN_POINT('Ctrl Pts',(36.25726796846,-30.6225429268129,-8.30628988595557));
#5122=CARTESIAN_POINT('Ctrl Pts',(36.165969703865,-28.1383289185531,-8.21183770625857));
#5123=CARTESIAN_POINT('Ctrl Pts',(36.0665393178271,-25.6543719833868,-8.11813023217964));
#5124=CARTESIAN_POINT('Ctrl Pts',(35.9589768103462,-23.1706721213141,-8.0251674637188));
#5125=CARTESIAN_POINT('Ctrl Pts',(35.5631824898598,-48.0000007450581,-8.00000011920928));
#5126=CARTESIAN_POINT('Ctrl Pts',(37.0631824898598,-48.0000007450581,-8.00000011920928));
#5127=CARTESIAN_POINT('Ctrl Pts',(35.5631824899578,-48.0000007450581,-7.87301845515606));
#5128=CARTESIAN_POINT('Ctrl Pts',(37.0631824899578,-48.0000007450581,-7.87301845515606));
#5129=CARTESIAN_POINT('Ctrl Pts',(35.563702725236,-48.0241881219674,-7.74714359879075));
#5130=CARTESIAN_POINT('Ctrl Pts',(37.063702725236,-48.0241881219674,-7.74714359879075));
#5131=CARTESIAN_POINT('Ctrl Pts',(35.565749797385,-48.1197732693691,-7.50778760060257));
#5132=CARTESIAN_POINT('Ctrl Pts',(37.065749797385,-48.1197732693691,-7.50778760060257));
#5133=CARTESIAN_POINT('Ctrl Pts',(35.5672842363533,-48.191548285121,-7.39711075216001));
#5134=CARTESIAN_POINT('Ctrl Pts',(37.0672842363533,-48.191548285121,-7.39711075216001));
#5135=CARTESIAN_POINT('Ctrl Pts',(35.570998380997,-48.3664905536877,-7.21694337575421));
#5136=CARTESIAN_POINT('Ctrl Pts',(37.070998380997,-48.3664905536877,-7.21694337575421));
#5137=CARTESIAN_POINT('Ctrl Pts',(35.5730876314587,-48.4653428499152,-7.14638902032364));
#5138=CARTESIAN_POINT('Ctrl Pts',(37.0730876314587,-48.4653428499152,-7.14638902032364));
#5139=CARTESIAN_POINT('Ctrl Pts',(35.5770821437986,-48.6557894866537,-7.05680426422211));
#5140=CARTESIAN_POINT('Ctrl Pts',(37.0770821437986,-48.6557894866537,-7.05680426422211));
#5141=CARTESIAN_POINT('Ctrl Pts',(35.5788820983661,-48.7420299619286,-7.02966493882273));
#5142=CARTESIAN_POINT('Ctrl Pts',(37.0788820983661,-48.7420299619286,-7.02966493882273));
#5143=CARTESIAN_POINT('Ctrl Pts',(35.5815542950475,-48.8708149102968,-7.0075463226693));
#5144=CARTESIAN_POINT('Ctrl Pts',(37.0815542950475,-48.8708149102968,-7.0075463226693));
#5145=CARTESIAN_POINT('Ctrl Pts',(35.582391835929,-48.9112820856808,-7.00311372852043));
#5146=CARTESIAN_POINT('Ctrl Pts',(37.082391835929,-48.9112820856808,-7.00311372852043));
#5147=CARTESIAN_POINT('Ctrl Pts',(35.5837591623686,-48.9775192782828,-6.9999244224018));
#5148=CARTESIAN_POINT('Ctrl Pts',(37.0837591623686,-48.9775192782828,-6.9999244224018));
#5149=CARTESIAN_POINT('Ctrl Pts',(35.5842878058625,-49.0031702005905,-6.99967679523365));
#5150=CARTESIAN_POINT('Ctrl Pts',(37.0842878058625,-49.0031702005905,-6.99967679523365));
#5151=CARTESIAN_POINT('Ctrl Pts',(35.5853862357605,-49.0565559133919,-7.00121504057141));
#5152=CARTESIAN_POINT('Ctrl Pts',(37.0853862357605,-49.0565559133919,-7.00121504057141));
#5153=CARTESIAN_POINT('Ctrl Pts',(35.5859553298363,-49.0842643294927,-7.00317026708556));
#5154=CARTESIAN_POINT('Ctrl Pts',(37.0859553298363,-49.0842643294927,-7.00317026708556));
#5155=CARTESIAN_POINT('Ctrl Pts',(35.5872757924625,-49.1486695392159,-7.01041981184455));
#5156=CARTESIAN_POINT('Ctrl Pts',(37.0872757924625,-49.1486695392159,-7.01041981184455));
#5157=CARTESIAN_POINT('Ctrl Pts',(35.5880234800807,-49.1852251332679,-7.01660624092728));
#5158=CARTESIAN_POINT('Ctrl Pts',(37.0880234800807,-49.1852251332679,-7.01660624092728));
#5159=CARTESIAN_POINT('Ctrl Pts',(35.5903071642917,-49.297136073913,-7.04200816683581));
#5160=CARTESIAN_POINT('Ctrl Pts',(37.0903071642917,-49.297136073913,-7.04200816683581));
#5161=CARTESIAN_POINT('Ctrl Pts',(35.5917998123646,-49.3706575401383,-7.06798516968272));
#5162=CARTESIAN_POINT('Ctrl Pts',(37.0917998123647,-49.3706575401383,-7.06798516968272));
#5163=CARTESIAN_POINT('Ctrl Pts',(35.5956225987094,-49.5597743806593,-7.16076008774847));
#5164=CARTESIAN_POINT('Ctrl Pts',(37.0956225987094,-49.5597743806593,-7.16076008774847));
#5165=CARTESIAN_POINT('Ctrl Pts',(35.5977560844847,-49.6662618688541,-7.24252467341513));
#5166=CARTESIAN_POINT('Ctrl Pts',(37.0977560844847,-49.6662618688541,-7.24252467341513));
#5167=CARTESIAN_POINT('Ctrl Pts',(35.6010796075143,-49.8329477025414,-7.43364741683782));
#5168=CARTESIAN_POINT('Ctrl Pts',(37.1010796075143,-49.8329477025414,-7.43364741683782));
#5169=CARTESIAN_POINT('Ctrl Pts',(35.6023117666695,-49.8951465384158,-7.53818662758803));
#5170=CARTESIAN_POINT('Ctrl Pts',(37.1023117666695,-49.8951465384158,-7.53818662758803));
#5171=CARTESIAN_POINT('Ctrl Pts',(35.6031439665118,-49.9372243474718,-7.65127319770488));
#5172=CARTESIAN_POINT('Ctrl Pts',(37.1031439665118,-49.9372243474718,-7.65127319770488));
#5173=CARTESIAN_POINT('Ctrl Pts',(35.6039653062654,-49.9787530471487,-7.76288400428526));
#5174=CARTESIAN_POINT('Ctrl Pts',(37.1039653062654,-49.9787530471487,-7.76288400428526));
#5175=CARTESIAN_POINT('Ctrl Pts',(35.6043837906573,-50.,-7.88098658160207));
#5176=CARTESIAN_POINT('Ctrl Pts',(37.1043837906573,-50.,-7.88098658160207));
#5177=CARTESIAN_POINT('Ctrl Pts',(35.6043837905579,-50.,-8.00000011920929));
#5178=CARTESIAN_POINT('Ctrl Pts',(37.1043837905579,-50.,-8.00000011920929));
#5179=CARTESIAN_POINT('',(35.6043837905579,-50.,-8.00000011920929));
#5180=CARTESIAN_POINT('',(35.5631824898598,-48.0000007450581,-8.00000011920929));
#5181=CARTESIAN_POINT('Ctrl Pts',(35.6043837905579,-50.,-8.00000011920929));
#5182=CARTESIAN_POINT('Ctrl Pts',(35.6043837906573,-50.,-7.88098658160207));
#5183=CARTESIAN_POINT('Ctrl Pts',(35.6039653062654,-49.9787530471487,-7.76288400428526));
#5184=CARTESIAN_POINT('Ctrl Pts',(35.6031439665118,-49.9372243474718,-7.65127319770488));
#5185=CARTESIAN_POINT('Ctrl Pts',(35.6023117666695,-49.8951465384158,-7.53818662758803));
#5186=CARTESIAN_POINT('Ctrl Pts',(35.6010796075143,-49.8329477025414,-7.43364741683782));
#5187=CARTESIAN_POINT('Ctrl Pts',(35.5994983809438,-49.7536438834339,-7.34271729316487));
#5188=CARTESIAN_POINT('Ctrl Pts',(35.5977560844847,-49.6662618688541,-7.24252467341513));
#5189=CARTESIAN_POINT('Ctrl Pts',(35.5956225987094,-49.5597743806593,-7.16076008774847));
#5190=CARTESIAN_POINT('Ctrl Pts',(35.5932101358366,-49.4404275704436,-7.10221220534591));
#5191=CARTESIAN_POINT('Ctrl Pts',(35.5917998123646,-49.3706575401383,-7.06798516968272));
#5192=CARTESIAN_POINT('Ctrl Pts',(35.5903071642917,-49.297136073913,-7.04200816683581));
#5193=CARTESIAN_POINT('Ctrl Pts',(35.5887607167896,-49.2213530940314,-7.02480668832992));
#5194=CARTESIAN_POINT('Ctrl Pts',(35.5880234800807,-49.1852251332679,-7.01660624092728));
#5195=CARTESIAN_POINT('Ctrl Pts',(35.5872757924625,-49.1486695392159,-7.01041981184455));
#5196=CARTESIAN_POINT('Ctrl Pts',(35.5865210139397,-49.11185541961,-7.00627596060964));
#5197=CARTESIAN_POINT('Ctrl Pts',(35.5859553298363,-49.0842643294927,-7.00317026708556));
#5198=CARTESIAN_POINT('Ctrl Pts',(35.5853862357605,-49.0565559133919,-7.00121504057141));
#5199=CARTESIAN_POINT('Ctrl Pts',(35.5848151935047,-49.0288022097421,-7.00041535086035));
#5200=CARTESIAN_POINT('Ctrl Pts',(35.5842878058625,-49.0031702005905,-6.99967679523365));
#5201=CARTESIAN_POINT('Ctrl Pts',(35.5837591623686,-48.9775192782828,-6.9999244224018));
#5202=CARTESIAN_POINT('Ctrl Pts',(35.5832304373598,-48.9519063308382,-7.00115768013499));
#5203=CARTESIAN_POINT('Ctrl Pts',(35.582391835929,-48.9112820856808,-7.00311372852043));
#5204=CARTESIAN_POINT('Ctrl Pts',(35.5815542950475,-48.8708149102968,-7.0075463226693));
#5205=CARTESIAN_POINT('Ctrl Pts',(35.580722568947,-48.8307303597645,-7.01443078236853));
#5206=CARTESIAN_POINT('Ctrl Pts',(35.5788820983661,-48.7420299619286,-7.02966493882273));
#5207=CARTESIAN_POINT('Ctrl Pts',(35.5770821437986,-48.6557894866537,-7.05680426422211));
#5208=CARTESIAN_POINT('Ctrl Pts',(35.5753739574492,-48.5743481697965,-7.09511368586474));
#5209=CARTESIAN_POINT('Ctrl Pts',(35.5730876314587,-48.4653428499152,-7.14638902032364));
#5210=CARTESIAN_POINT('Ctrl Pts',(35.570998380997,-48.3664905536877,-7.21694337575421));
#5211=CARTESIAN_POINT('Ctrl Pts',(35.5692166283723,-48.2825670999487,-7.303373422666));
#5212=CARTESIAN_POINT('Ctrl Pts',(35.5672842363533,-48.191548285121,-7.39711075216001));
#5213=CARTESIAN_POINT('Ctrl Pts',(35.565749797385,-48.1197732693691,-7.50778760060257));
#5214=CARTESIAN_POINT('Ctrl Pts',(35.5647119786628,-48.0713137875721,-7.62913561284626));
#5215=CARTESIAN_POINT('Ctrl Pts',(35.563702725236,-48.0241881219674,-7.74714359879075));
#5216=CARTESIAN_POINT('Ctrl Pts',(35.5631824899578,-48.0000007450581,-7.87301845515606));
#5217=CARTESIAN_POINT('Ctrl Pts',(35.5631824898598,-48.0000007450581,-8.00000011920928));
#5218=CARTESIAN_POINT('',(37.1043837905579,-50.,-8.00000011920929));
#5219=CARTESIAN_POINT('',(35.6043837905579,-50.,-8.00000011920929));
#5220=CARTESIAN_POINT('',(37.0631824898598,-48.0000007450581,-8.00000011920929));
#5221=CARTESIAN_POINT('Ctrl Pts',(37.0631824898598,-48.0000007450581,-8.00000011920928));
#5222=CARTESIAN_POINT('Ctrl Pts',(37.0631824899578,-48.0000007450581,-7.87301845515606));
#5223=CARTESIAN_POINT('Ctrl Pts',(37.063702725236,-48.0241881219674,-7.74714359879075));
#5224=CARTESIAN_POINT('Ctrl Pts',(37.0647119786628,-48.0713137875721,-7.62913561284626));
#5225=CARTESIAN_POINT('Ctrl Pts',(37.065749797385,-48.1197732693691,-7.50778760060257));
#5226=CARTESIAN_POINT('Ctrl Pts',(37.0672842363533,-48.191548285121,-7.39711075216001));
#5227=CARTESIAN_POINT('Ctrl Pts',(37.0692166283723,-48.2825670999487,-7.303373422666));
#5228=CARTESIAN_POINT('Ctrl Pts',(37.070998380997,-48.3664905536877,-7.21694337575421));
#5229=CARTESIAN_POINT('Ctrl Pts',(37.0730876314587,-48.4653428499152,-7.14638902032364));
#5230=CARTESIAN_POINT('Ctrl Pts',(37.0753739574492,-48.5743481697965,-7.09511368586474));
#5231=CARTESIAN_POINT('Ctrl Pts',(37.0770821437986,-48.6557894866537,-7.05680426422211));
#5232=CARTESIAN_POINT('Ctrl Pts',(37.0788820983661,-48.7420299619286,-7.02966493882273));
#5233=CARTESIAN_POINT('Ctrl Pts',(37.080722568947,-48.8307303597645,-7.01443078236853));
#5234=CARTESIAN_POINT('Ctrl Pts',(37.0815542950475,-48.8708149102968,-7.0075463226693));
#5235=CARTESIAN_POINT('Ctrl Pts',(37.082391835929,-48.9112820856808,-7.00311372852043));
#5236=CARTESIAN_POINT('Ctrl Pts',(37.0832304373598,-48.9519063308382,-7.00115768013499));
#5237=CARTESIAN_POINT('Ctrl Pts',(37.0837591623686,-48.9775192782828,-6.9999244224018));
#5238=CARTESIAN_POINT('Ctrl Pts',(37.0842878058625,-49.0031702005905,-6.99967679523365));
#5239=CARTESIAN_POINT('Ctrl Pts',(37.0848151935047,-49.0288022097421,-7.00041535086035));
#5240=CARTESIAN_POINT('Ctrl Pts',(37.0853862357605,-49.0565559133919,-7.00121504057141));
#5241=CARTESIAN_POINT('Ctrl Pts',(37.0859553298363,-49.0842643294927,-7.00317026708556));
#5242=CARTESIAN_POINT('Ctrl Pts',(37.0865210139397,-49.11185541961,-7.00627596060964));
#5243=CARTESIAN_POINT('Ctrl Pts',(37.0872757924625,-49.1486695392159,-7.01041981184455));
#5244=CARTESIAN_POINT('Ctrl Pts',(37.0880234800807,-49.1852251332679,-7.01660624092728));
#5245=CARTESIAN_POINT('Ctrl Pts',(37.0887607167896,-49.2213530940314,-7.02480668832992));
#5246=CARTESIAN_POINT('Ctrl Pts',(37.0903071642917,-49.297136073913,-7.04200816683581));
#5247=CARTESIAN_POINT('Ctrl Pts',(37.0917998123647,-49.3706575401383,-7.06798516968272));
#5248=CARTESIAN_POINT('Ctrl Pts',(37.0932101358366,-49.4404275704436,-7.10221220534591));
#5249=CARTESIAN_POINT('Ctrl Pts',(37.0956225987094,-49.5597743806593,-7.16076008774847));
#5250=CARTESIAN_POINT('Ctrl Pts',(37.0977560844847,-49.6662618688541,-7.24252467341513));
#5251=CARTESIAN_POINT('Ctrl Pts',(37.0994983809438,-49.7536438834339,-7.34271729316487));
#5252=CARTESIAN_POINT('Ctrl Pts',(37.1010796075143,-49.8329477025414,-7.43364741683782));
#5253=CARTESIAN_POINT('Ctrl Pts',(37.1023117666695,-49.8951465384158,-7.53818662758803));
#5254=CARTESIAN_POINT('Ctrl Pts',(37.1031439665118,-49.9372243474718,-7.65127319770488));
#5255=CARTESIAN_POINT('Ctrl Pts',(37.1039653062654,-49.9787530471487,-7.76288400428526));
#5256=CARTESIAN_POINT('Ctrl Pts',(37.1043837906573,-50.,-7.88098658160207));
#5257=CARTESIAN_POINT('Ctrl Pts',(37.1043837905579,-50.,-8.00000011920929));
#5258=CARTESIAN_POINT('',(35.5631824898598,-48.0000007450581,-8.00000011920929));
#5259=CARTESIAN_POINT('Origin',(35.5631824804291,-48.0000007450581,-20.2152850785135));
#5260=CARTESIAN_POINT('',(35.5631824804291,-48.0000007450581,-20.2152850785135));
#5261=CARTESIAN_POINT('Ctrl Pts',(35.5631824898598,-48.0000007450581,-8.00000011920929));
#5262=CARTESIAN_POINT('Ctrl Pts',(35.5631824867162,-48.0000007450581,-12.0717617723107));
#5263=CARTESIAN_POINT('Ctrl Pts',(35.5631824835727,-48.0000007450581,-16.1435234254121));
#5264=CARTESIAN_POINT('Ctrl Pts',(35.5631824804291,-48.0000007450581,-20.2152850785135));
#5265=CARTESIAN_POINT('',(37.0631824804291,-48.0000007450581,-20.2152850785135));
#5266=CARTESIAN_POINT('Ctrl Pts',(37.0631824804291,-48.0000007450581,-20.2152850785135));
#5267=CARTESIAN_POINT('Ctrl Pts',(37.0631824835727,-48.0000007450581,-16.1435234254121));
#5268=CARTESIAN_POINT('Ctrl Pts',(37.0631824867162,-48.0000007450581,-12.0717617723107));
#5269=CARTESIAN_POINT('Ctrl Pts',(37.0631824898598,-48.0000007450581,-8.00000011920929));
#5270=CARTESIAN_POINT('',(35.5631824804291,-48.0000007450581,-20.2152850785135));
#5271=CARTESIAN_POINT('Ctrl Pts',(35.5307856450221,-46.5355346509908,-23.7508189844462));
#5272=CARTESIAN_POINT('Ctrl Pts',(37.0307856450221,-46.5355346509908,-23.7508189844462));
#5273=CARTESIAN_POINT('Ctrl Pts',(35.5400936559267,-46.9444072100489,-23.3419464253881));
#5274=CARTESIAN_POINT('Ctrl Pts',(37.0400936559267,-46.9444072100489,-23.3419464253881));
#5275=CARTESIAN_POINT('Ctrl Pts',(35.5475008760794,-47.2792881532078,-22.8652111887464));
#5276=CARTESIAN_POINT('Ctrl Pts',(37.0475008760794,-47.2792881532078,-22.8652111887464));
#5277=CARTESIAN_POINT('Ctrl Pts',(35.5563603695536,-47.6839087194714,-22.0041921024152));
#5278=CARTESIAN_POINT('Ctrl Pts',(37.0563603695536,-47.6839087194714,-22.0041921024152));
#5279=CARTESIAN_POINT('Ctrl Pts',(35.5589649363575,-47.8042954082426,-21.6498386643949));
#5280=CARTESIAN_POINT('Ctrl Pts',(37.0589649363574,-47.8042954082426,-21.6498386643949));
#5281=CARTESIAN_POINT('Ctrl Pts',(35.5623500851144,-47.9611561686519,-20.9339059349216));
#5282=CARTESIAN_POINT('Ctrl Pts',(37.0623500851144,-47.9611561686519,-20.9339059349216));
#5283=CARTESIAN_POINT('Ctrl Pts',(35.5631824801513,-48.0000007450581,-20.5751208817916));
#5284=CARTESIAN_POINT('Ctrl Pts',(37.0631824801513,-48.0000007450581,-20.5751208817916));
#5285=CARTESIAN_POINT('Ctrl Pts',(35.5631824804291,-48.0000007450581,-20.2152850785135));
#5286=CARTESIAN_POINT('Ctrl Pts',(37.0631824804291,-48.0000007450581,-20.2152850785135));
#5287=CARTESIAN_POINT('',(35.5307856450221,-46.5355346509908,-23.7508189844462));
#5288=CARTESIAN_POINT('Ctrl Pts',(35.5631824804291,-48.0000007450581,-20.2152850785135));
#5289=CARTESIAN_POINT('Ctrl Pts',(35.5631824801513,-48.0000007450581,-20.5751208817916));
#5290=CARTESIAN_POINT('Ctrl Pts',(35.5623500851144,-47.9611561686519,-20.9339059349216));
#5291=CARTESIAN_POINT('Ctrl Pts',(35.5606881130683,-47.8841438369472,-21.2854001435216));
#5292=CARTESIAN_POINT('Ctrl Pts',(35.5589649363575,-47.8042954082426,-21.6498386643949));
#5293=CARTESIAN_POINT('Ctrl Pts',(35.5563603695536,-47.6839087194714,-22.0041921024152));
#5294=CARTESIAN_POINT('Ctrl Pts',(35.5528861333772,-47.5252374124585,-22.3418393580969));
#5295=CARTESIAN_POINT('Ctrl Pts',(35.5475008760794,-47.2792881532078,-22.8652111887464));
#5296=CARTESIAN_POINT('Ctrl Pts',(35.5400936559267,-46.9444072100489,-23.3419464253881));
#5297=CARTESIAN_POINT('Ctrl Pts',(35.5307856450221,-46.5355346509908,-23.7508189844462));
#5298=CARTESIAN_POINT('',(37.0307856450221,-46.5355346509908,-23.7508189844462));
#5299=CARTESIAN_POINT('Ctrl Pts',(37.0307856450221,-46.5355346509908,-23.7508189844462));
#5300=CARTESIAN_POINT('Ctrl Pts',(37.0400936559267,-46.9444072100489,-23.3419464253881));
#5301=CARTESIAN_POINT('Ctrl Pts',(37.0475008760794,-47.2792881532078,-22.8652111887464));
#5302=CARTESIAN_POINT('Ctrl Pts',(37.0528861333772,-47.5252374124585,-22.3418393580969));
#5303=CARTESIAN_POINT('Ctrl Pts',(37.0563603695536,-47.6839087194714,-22.0041921024152));
#5304=CARTESIAN_POINT('Ctrl Pts',(37.0589649363574,-47.8042954082426,-21.6498386643949));
#5305=CARTESIAN_POINT('Ctrl Pts',(37.0606881130683,-47.8841438369472,-21.2854001435216));
#5306=CARTESIAN_POINT('Ctrl Pts',(37.0623500851144,-47.9611561686519,-20.9339059349216));
#5307=CARTESIAN_POINT('Ctrl Pts',(37.0631824801513,-48.0000007450581,-20.5751208817916));
#5308=CARTESIAN_POINT('Ctrl Pts',(37.0631824804291,-48.0000007450581,-20.2152850785135));
#5309=CARTESIAN_POINT('',(35.5307856450221,-46.5355346509908,-23.7508189844462));
#5310=CARTESIAN_POINT('Origin',(35.4691760275964,-43.9574426519662,-26.3289109834709));
#5311=CARTESIAN_POINT('',(35.4691760275964,-43.9574426519662,-26.3289109834709));
#5312=CARTESIAN_POINT('Ctrl Pts',(35.5307856450221,-46.5355346509908,-23.7508189844462));
#5313=CARTESIAN_POINT('Ctrl Pts',(35.5112219020196,-45.6761590284138,-24.6101946070232));
#5314=CARTESIAN_POINT('Ctrl Pts',(35.4906854061295,-44.8167950271612,-25.4695586082759));
#5315=CARTESIAN_POINT('Ctrl Pts',(35.4691760275964,-43.9574426519662,-26.3289109834709));
#5316=CARTESIAN_POINT('',(36.9691760275964,-43.9574426519662,-26.3289109834709));
#5317=CARTESIAN_POINT('Ctrl Pts',(36.9691760275964,-43.9574426519662,-26.3289109834709));
#5318=CARTESIAN_POINT('Ctrl Pts',(36.9906854061238,-44.8167950269322,-25.4695586085049));
#5319=CARTESIAN_POINT('Ctrl Pts',(37.0112219020144,-45.6761590281834,-24.6101946072536));
#5320=CARTESIAN_POINT('Ctrl Pts',(37.0307856450221,-46.5355346509908,-23.7508189844462));
#5321=CARTESIAN_POINT('',(35.4691760275964,-43.9574426519662,-26.3289109834709));
#5322=CARTESIAN_POINT('Ctrl Pts',(35.5036949478244,-45.3716562143393,-27.743124545844));
#5323=CARTESIAN_POINT('Ctrl Pts',(37.0036949478244,-45.3716562143393,-27.743124545844));
#5324=CARTESIAN_POINT('Ctrl Pts',(35.5020850119516,-45.3039760141822,-27.810804746001));
#5325=CARTESIAN_POINT('Ctrl Pts',(37.0020850119516,-45.3039760141822,-27.810804746001));
#5326=CARTESIAN_POINT('Ctrl Pts',(35.5002436752661,-45.226823965315,-27.8685216414123));
#5327=CARTESIAN_POINT('Ctrl Pts',(37.0002436752661,-45.226823965315,-27.8685216414123));
#5328=CARTESIAN_POINT('Ctrl Pts',(35.4959984221186,-45.0498550580676,-27.96481501658));
#5329=CARTESIAN_POINT('Ctrl Pts',(36.9959984221186,-45.0498550580676,-27.96481501658));
#5330=CARTESIAN_POINT('Ctrl Pts',(35.4935870385787,-44.9498162333693,-28.0002512736842));
#5331=CARTESIAN_POINT('Ctrl Pts',(36.9935870385787,-44.9498162333693,-28.0002512736842));
#5332=CARTESIAN_POINT('Ctrl Pts',(35.4900224423019,-44.8028169289659,-28.0273902999635));
#5333=CARTESIAN_POINT('Ctrl Pts',(36.9900224423019,-44.8028169289659,-28.0273902999635));
#5334=CARTESIAN_POINT('Ctrl Pts',(35.4889587111362,-44.7590522945363,-28.0325149134363));
#5335=CARTESIAN_POINT('Ctrl Pts',(36.9889587111362,-44.7590522945363,-28.0325149134363));
#5336=CARTESIAN_POINT('Ctrl Pts',(35.4871770531597,-44.6859261005892,-28.0362157110474));
#5337=CARTESIAN_POINT('Ctrl Pts',(36.9871770531597,-44.6859261005892,-28.0362157110474));
#5338=CARTESIAN_POINT('Ctrl Pts',(35.4864640665739,-44.656708448084,-28.0364133907857));
#5339=CARTESIAN_POINT('Ctrl Pts',(36.9864640665739,-44.656708448084,-28.0364133907857));
#5340=CARTESIAN_POINT('Ctrl Pts',(35.4850765304005,-44.5999377979014,-28.0343100017176));
#5341=CARTESIAN_POINT('Ctrl Pts',(36.9850765304005,-44.5999377979014,-28.0343100017176));
#5342=CARTESIAN_POINT('Ctrl Pts',(35.4844026072845,-44.5724055229874,-28.0321460479511));
#5343=CARTESIAN_POINT('Ctrl Pts',(36.9844026072845,-44.5724055229874,-28.0321460479511));
#5344=CARTESIAN_POINT('Ctrl Pts',(35.4828443041739,-44.5088365517691,-28.0244913955532));
#5345=CARTESIAN_POINT('Ctrl Pts',(36.9828443041739,-44.5088365517691,-28.0244913955532));
#5346=CARTESIAN_POINT('Ctrl Pts',(35.4819626158233,-44.4729397035717,-28.018164574107));
#5347=CARTESIAN_POINT('Ctrl Pts',(36.9819626158233,-44.4729397035717,-28.018164574107));
#5348=CARTESIAN_POINT('Ctrl Pts',(35.4792908124868,-44.3643653184894,-27.9928479830432));
#5349=CARTESIAN_POINT('Ctrl Pts',(36.9792908124868,-44.3643653184894,-27.9928479830432));
#5350=CARTESIAN_POINT('Ctrl Pts',(35.4775376803528,-44.293412267843,-27.9676250876142));
#5351=CARTESIAN_POINT('Ctrl Pts',(36.9775376803528,-44.293412267843,-27.9676250876142));
#5352=CARTESIAN_POINT('Ctrl Pts',(35.4729021057674,-44.1064476705597,-27.8763778600008));
#5353=CARTESIAN_POINT('Ctrl Pts',(36.9729021057674,-44.1064476705597,-27.8763778600008));
#5354=CARTESIAN_POINT('Ctrl Pts',(35.4702378731045,-43.9997627700479,-27.7947964789357));
#5355=CARTESIAN_POINT('Ctrl Pts',(36.9702378731045,-43.9997627700479,-27.7947964789357));
#5356=CARTESIAN_POINT('Ctrl Pts',(35.4661472648349,-43.8365922826263,-27.6084226441052));
#5357=CARTESIAN_POINT('Ctrl Pts',(36.9661472648349,-43.8365922826263,-27.6084226441052));
#5358=CARTESIAN_POINT('Ctrl Pts',(35.4646318269247,-43.7764346122573,-27.5097421912435));
#5359=CARTESIAN_POINT('Ctrl Pts',(36.9646318269247,-43.7764346122573,-27.5097421912435));
#5360=CARTESIAN_POINT('Ctrl Pts',(35.4624299700928,-43.6891485862136,-27.2885023585255));
#5361=CARTESIAN_POINT('Ctrl Pts',(36.9624299700928,-43.6891485862136,-27.2885023585255));
#5362=CARTESIAN_POINT('Ctrl Pts',(35.4618313345016,-43.6654999490866,-27.1666189040796));
#5363=CARTESIAN_POINT('Ctrl Pts',(36.9618313345016,-43.6654999490866,-27.1666189040796));
#5364=CARTESIAN_POINT('Ctrl Pts',(35.4617854156118,-43.6636840373919,-26.9242695053933));
#5365=CARTESIAN_POINT('Ctrl Pts',(36.9617854156118,-43.6636840373919,-26.9242695053933));
#5366=CARTESIAN_POINT('Ctrl Pts',(35.4623028942248,-43.6841259217626,-26.8058266955298));
#5367=CARTESIAN_POINT('Ctrl Pts',(36.9623028942248,-43.6841259217626,-26.8058266955298));
#5368=CARTESIAN_POINT('Ctrl Pts',(35.4633326349629,-43.7249335538979,-26.6937868492618));
#5369=CARTESIAN_POINT('Ctrl Pts',(36.9633326349629,-43.7249335538979,-26.6937868492618));
#5370=CARTESIAN_POINT('Ctrl Pts',(35.4644641660129,-43.7697750379011,-26.5706718163312));
#5371=CARTESIAN_POINT('Ctrl Pts',(36.9644641660129,-43.7697750379011,-26.5706718163312));
#5372=CARTESIAN_POINT('Ctrl Pts',(35.4661930499022,-43.838376890001,-26.4575685338844));
#5373=CARTESIAN_POINT('Ctrl Pts',(36.9661930499022,-43.838376890001,-26.4575685338844));
#5374=CARTESIAN_POINT('Ctrl Pts',(35.4686592513022,-43.9368019026111,-26.3500134215248));
#5375=CARTESIAN_POINT('Ctrl Pts',(36.9686592513022,-43.9368019026111,-26.3500134215248));
#5376=CARTESIAN_POINT('Ctrl Pts',(35.4689149227707,-43.9470108744143,-26.3393427610227));
#5377=CARTESIAN_POINT('Ctrl Pts',(36.9689149227707,-43.9470108744143,-26.3393427610227));
#5378=CARTESIAN_POINT('Ctrl Pts',(35.4691760275964,-43.9574426519662,-26.3289109834709));
#5379=CARTESIAN_POINT('Ctrl Pts',(36.9691760275964,-43.9574426519662,-26.3289109834709));
#5380=CARTESIAN_POINT('',(35.5036949478244,-45.3716562143392,-27.743124545844));
#5381=CARTESIAN_POINT('Ctrl Pts',(35.4691760275964,-43.9574426519662,-26.3289109834709));
#5382=CARTESIAN_POINT('Ctrl Pts',(35.4689149227707,-43.9470108744143,-26.3393427610227));
#5383=CARTESIAN_POINT('Ctrl Pts',(35.4686592513022,-43.9368019026111,-26.3500134215248));
#5384=CARTESIAN_POINT('Ctrl Pts',(35.4684092483297,-43.9268243939934,-26.3609164636681));
#5385=CARTESIAN_POINT('Ctrl Pts',(35.4661930499022,-43.838376890001,-26.4575685338844));
#5386=CARTESIAN_POINT('Ctrl Pts',(35.4644641660129,-43.7697750379011,-26.5706718163312));
#5387=CARTESIAN_POINT('Ctrl Pts',(35.4633326349629,-43.7249335538979,-26.6937868492618));
#5388=CARTESIAN_POINT('Ctrl Pts',(35.4623028942248,-43.6841259217626,-26.8058266955298));
#5389=CARTESIAN_POINT('Ctrl Pts',(35.4617854156118,-43.6636840373919,-26.9242695053933));
#5390=CARTESIAN_POINT('Ctrl Pts',(35.4618080086707,-43.6645775041134,-27.043510503365));
#5391=CARTESIAN_POINT('Ctrl Pts',(35.4618313345016,-43.6654999490866,-27.1666189040796));
#5392=CARTESIAN_POINT('Ctrl Pts',(35.4624299700928,-43.6891485862136,-27.2885023585255));
#5393=CARTESIAN_POINT('Ctrl Pts',(35.4635696783345,-43.7343289093965,-27.4030188234878));
#5394=CARTESIAN_POINT('Ctrl Pts',(35.4646318269247,-43.7764346122573,-27.5097421912435));
#5395=CARTESIAN_POINT('Ctrl Pts',(35.4661472648349,-43.8365922826263,-27.6084226441052));
#5396=CARTESIAN_POINT('Ctrl Pts',(35.4680417021481,-43.9121595917929,-27.6947358580924));
#5397=CARTESIAN_POINT('Ctrl Pts',(35.4702378731045,-43.9997627700479,-27.7947964789357));
#5398=CARTESIAN_POINT('Ctrl Pts',(35.4729021057674,-44.1064476705597,-27.8763778600008));
#5399=CARTESIAN_POINT('Ctrl Pts',(35.4758650584592,-44.2259511423693,-27.9347009898941));
#5400=CARTESIAN_POINT('Ctrl Pts',(35.4775376803528,-44.293412267843,-27.9676250876142));
#5401=CARTESIAN_POINT('Ctrl Pts',(35.4792908124868,-44.3643653184894,-27.9928479830432));
#5402=CARTESIAN_POINT('Ctrl Pts',(35.481089729186,-44.4374681070683,-28.0098935633858));
#5403=CARTESIAN_POINT('Ctrl Pts',(35.4819626158233,-44.4729397035717,-28.018164574107));
#5404=CARTESIAN_POINT('Ctrl Pts',(35.4828443041739,-44.5088365517691,-28.0244913955532));
#5405=CARTESIAN_POINT('Ctrl Pts',(35.4837307539169,-44.5449981289465,-28.0288457888704));
#5406=CARTESIAN_POINT('Ctrl Pts',(35.4844026072845,-44.5724055229874,-28.0321460479511));
#5407=CARTESIAN_POINT('Ctrl Pts',(35.4850765304005,-44.5999377979014,-28.0343100017176));
#5408=CARTESIAN_POINT('Ctrl Pts',(35.4857507718235,-44.6275241950703,-28.0353320954588));
#5409=CARTESIAN_POINT('Ctrl Pts',(35.4864640665739,-44.656708448084,-28.0364133907857));
#5410=CARTESIAN_POINT('Ctrl Pts',(35.4871770531597,-44.6859261005892,-28.0362157110474));
#5411=CARTESIAN_POINT('Ctrl Pts',(35.4878876829603,-44.7150931199071,-28.0347396156897));
#5412=CARTESIAN_POINT('Ctrl Pts',(35.4889587111362,-44.7590522945363,-28.0325149134363));
#5413=CARTESIAN_POINT('Ctrl Pts',(35.4900224423019,-44.8028169289659,-28.0273902999635));
#5414=CARTESIAN_POINT('Ctrl Pts',(35.4910720503494,-44.846101396797,-28.019399117184));
#5415=CARTESIAN_POINT('Ctrl Pts',(35.4935870385787,-44.9498162333693,-28.0002512736842));
#5416=CARTESIAN_POINT('Ctrl Pts',(35.4959984221186,-45.0498550580676,-27.96481501658));
#5417=CARTESIAN_POINT('Ctrl Pts',(35.498220898753,-45.1425018915351,-27.9144034701002));
#5418=CARTESIAN_POINT('Ctrl Pts',(35.5002436752661,-45.226823965315,-27.8685216414123));
#5419=CARTESIAN_POINT('Ctrl Pts',(35.5020850119516,-45.3039760141822,-27.810804746001));
#5420=CARTESIAN_POINT('Ctrl Pts',(35.5036949478244,-45.3716562143393,-27.743124545844));
#5421=CARTESIAN_POINT('',(37.0036949478244,-45.3716562143392,-27.743124545844));
#5422=CARTESIAN_POINT('Ctrl Pts',(37.0036949478244,-45.3716562143393,-27.743124545844));
#5423=CARTESIAN_POINT('Ctrl Pts',(37.0020850119516,-45.3039760141822,-27.810804746001));
#5424=CARTESIAN_POINT('Ctrl Pts',(37.0002436752661,-45.226823965315,-27.8685216414123));
#5425=CARTESIAN_POINT('Ctrl Pts',(36.9982208987531,-45.1425018915351,-27.9144034701002));
#5426=CARTESIAN_POINT('Ctrl Pts',(36.9959984221186,-45.0498550580676,-27.96481501658));
#5427=CARTESIAN_POINT('Ctrl Pts',(36.9935870385787,-44.9498162333693,-28.0002512736842));
#5428=CARTESIAN_POINT('Ctrl Pts',(36.9910720503494,-44.846101396797,-28.019399117184));
#5429=CARTESIAN_POINT('Ctrl Pts',(36.9900224423019,-44.8028169289659,-28.0273902999635));
#5430=CARTESIAN_POINT('Ctrl Pts',(36.9889587111362,-44.7590522945363,-28.0325149134363));
#5431=CARTESIAN_POINT('Ctrl Pts',(36.9878876829603,-44.7150931199071,-28.0347396156897));
#5432=CARTESIAN_POINT('Ctrl Pts',(36.9871770531597,-44.6859261005892,-28.0362157110474));
#5433=CARTESIAN_POINT('Ctrl Pts',(36.9864640665739,-44.656708448084,-28.0364133907857));
#5434=CARTESIAN_POINT('Ctrl Pts',(36.9857507718235,-44.6275241950703,-28.0353320954588));
#5435=CARTESIAN_POINT('Ctrl Pts',(36.9850765304005,-44.5999377979014,-28.0343100017176));
#5436=CARTESIAN_POINT('Ctrl Pts',(36.9844026072845,-44.5724055229874,-28.0321460479511));
#5437=CARTESIAN_POINT('Ctrl Pts',(36.9837307539169,-44.5449981289465,-28.0288457888704));
#5438=CARTESIAN_POINT('Ctrl Pts',(36.9828443041739,-44.5088365517691,-28.0244913955532));
#5439=CARTESIAN_POINT('Ctrl Pts',(36.9819626158233,-44.4729397035717,-28.018164574107));
#5440=CARTESIAN_POINT('Ctrl Pts',(36.981089729186,-44.4374681070683,-28.0098935633858));
#5441=CARTESIAN_POINT('Ctrl Pts',(36.9792908124868,-44.3643653184894,-27.9928479830432));
#5442=CARTESIAN_POINT('Ctrl Pts',(36.9775376803528,-44.293412267843,-27.9676250876142));
#5443=CARTESIAN_POINT('Ctrl Pts',(36.9758650584592,-44.2259511423693,-27.9347009898941));
#5444=CARTESIAN_POINT('Ctrl Pts',(36.9729021057674,-44.1064476705597,-27.8763778600008));
#5445=CARTESIAN_POINT('Ctrl Pts',(36.9702378731045,-43.9997627700479,-27.7947964789357));
#5446=CARTESIAN_POINT('Ctrl Pts',(36.9680417021481,-43.9121595917929,-27.6947358580924));
#5447=CARTESIAN_POINT('Ctrl Pts',(36.9661472648349,-43.8365922826263,-27.6084226441052));
#5448=CARTESIAN_POINT('Ctrl Pts',(36.9646318269247,-43.7764346122573,-27.5097421912435));
#5449=CARTESIAN_POINT('Ctrl Pts',(36.9635696783345,-43.7343289093965,-27.4030188234878));
#5450=CARTESIAN_POINT('Ctrl Pts',(36.9624299700928,-43.6891485862136,-27.2885023585255));
#5451=CARTESIAN_POINT('Ctrl Pts',(36.9618313345016,-43.6654999490866,-27.1666189040796));
#5452=CARTESIAN_POINT('Ctrl Pts',(36.9618080086707,-43.6645775041134,-27.043510503365));
#5453=CARTESIAN_POINT('Ctrl Pts',(36.9617854156118,-43.6636840373919,-26.9242695053933));
#5454=CARTESIAN_POINT('Ctrl Pts',(36.9623028942248,-43.6841259217626,-26.8058266955298));
#5455=CARTESIAN_POINT('Ctrl Pts',(36.9633326349629,-43.7249335538979,-26.6937868492618));
#5456=CARTESIAN_POINT('Ctrl Pts',(36.9644641660129,-43.7697750379011,-26.5706718163312));
#5457=CARTESIAN_POINT('Ctrl Pts',(36.9661930499022,-43.838376890001,-26.4575685338844));
#5458=CARTESIAN_POINT('Ctrl Pts',(36.9684092483297,-43.9268243939934,-26.3609164636681));
#5459=CARTESIAN_POINT('Ctrl Pts',(36.9686592513022,-43.9368019026111,-26.3500134215248));
#5460=CARTESIAN_POINT('Ctrl Pts',(36.9689149227707,-43.9470108744143,-26.3393427610227));
#5461=CARTESIAN_POINT('Ctrl Pts',(36.9691760275964,-43.9574426519662,-26.3289109834709));
#5462=CARTESIAN_POINT('',(35.5036949478244,-45.3716562143392,-27.743124545844));
#5463=CARTESIAN_POINT('Origin',(35.5621020014706,-47.9497482133639,-25.1650325468193));
#5464=CARTESIAN_POINT('',(35.5621020014706,-47.9497482133639,-25.1650325468193));
#5465=CARTESIAN_POINT('Ctrl Pts',(35.5036949478244,-45.3716562143392,-27.743124545844));
#5466=CARTESIAN_POINT('Ctrl Pts',(35.5241367193782,-46.2310091946051,-26.8837715655781));
#5467=CARTESIAN_POINT('Ctrl Pts',(35.5436056926481,-47.0903731959119,-26.0244075642713));
#5468=CARTESIAN_POINT('Ctrl Pts',(35.5621020014706,-47.9497482133639,-25.1650325468193));
#5469=CARTESIAN_POINT('',(37.0621020014706,-47.9497482133639,-25.1650325468193));
#5470=CARTESIAN_POINT('Ctrl Pts',(37.0621020014706,-47.9497482133639,-25.1650325468193));
#5471=CARTESIAN_POINT('Ctrl Pts',(37.0436056926455,-47.0903731957914,-26.0244075643919));
#5472=CARTESIAN_POINT('Ctrl Pts',(37.0241367193753,-46.2310091944833,-26.8837715656999));
#5473=CARTESIAN_POINT('Ctrl Pts',(37.0036949478244,-45.3716562143392,-27.743124545844));
#5474=CARTESIAN_POINT('',(35.5621020014706,-47.9497482133639,-25.1650325468193));
#5475=CARTESIAN_POINT('Ctrl Pts',(35.6043837950541,-50.0000007450581,-20.2152850785135));
#5476=CARTESIAN_POINT('Ctrl Pts',(37.1043837950541,-50.0000007450581,-20.2152850785135));
#5477=CARTESIAN_POINT('Ctrl Pts',(35.6043837943384,-50.0000007450581,-21.072549030762));
#5478=CARTESIAN_POINT('Ctrl Pts',(37.1043837943384,-50.0000007450581,-21.072549030762));
#5479=CARTESIAN_POINT('Ctrl Pts',(35.6013084226407,-49.8425214755037,-21.9225562707206));
#5480=CARTESIAN_POINT('Ctrl Pts',(37.1013084226407,-49.8425214755037,-21.9225562707206));
#5481=CARTESIAN_POINT('Ctrl Pts',(35.591801384377,-49.3702502901033,-23.1534021668921));
#5482=CARTESIAN_POINT('Ctrl Pts',(37.091801384377,-49.3702502901033,-23.1534021668921));
#5483=CARTESIAN_POINT('Ctrl Pts',(35.5875938889966,-49.1629407966376,-23.5665186553449));
#5484=CARTESIAN_POINT('Ctrl Pts',(37.0875938889966,-49.1629407966376,-23.5665186553449));
#5485=CARTESIAN_POINT('Ctrl Pts',(35.5767813643419,-48.6399383939766,-24.3936774407216));
#5486=CARTESIAN_POINT('Ctrl Pts',(37.0767813643419,-48.6399383939766,-24.3936774407216));
#5487=CARTESIAN_POINT('Ctrl Pts',(35.5699782131045,-48.3156925526038,-24.7990882075794));
#5488=CARTESIAN_POINT('Ctrl Pts',(37.0699782131045,-48.3156925526038,-24.7990882075794));
#5489=CARTESIAN_POINT('Ctrl Pts',(35.5621020014706,-47.9497482133639,-25.1650325468193));
#5490=CARTESIAN_POINT('Ctrl Pts',(37.0621020014706,-47.9497482133639,-25.1650325468193));
#5491=CARTESIAN_POINT('',(35.6043837950541,-50.0000007450581,-20.2152850785135));
#5492=CARTESIAN_POINT('Ctrl Pts',(35.5621020014706,-47.9497482133639,-25.1650325468193));
#5493=CARTESIAN_POINT('Ctrl Pts',(35.5699782131045,-48.3156925526038,-24.7990882075794));
#5494=CARTESIAN_POINT('Ctrl Pts',(35.5767813643419,-48.6399383939766,-24.3936774407216));
#5495=CARTESIAN_POINT('Ctrl Pts',(35.5824995805571,-48.9165288217462,-23.9562335568758));
#5496=CARTESIAN_POINT('Ctrl Pts',(35.5875938889966,-49.1629407966376,-23.5665186553449));
#5497=CARTESIAN_POINT('Ctrl Pts',(35.591801384377,-49.3702502901033,-23.1534021668921));
#5498=CARTESIAN_POINT('Ctrl Pts',(35.5951265310147,-49.5354301179987,-22.7229060460604));
#5499=CARTESIAN_POINT('Ctrl Pts',(35.6013084226407,-49.8425214755037,-21.9225562707206));
#5500=CARTESIAN_POINT('Ctrl Pts',(35.6043837943384,-50.0000007450581,-21.072549030762));
#5501=CARTESIAN_POINT('Ctrl Pts',(35.6043837950541,-50.0000007450581,-20.2152850785135));
#5502=CARTESIAN_POINT('',(37.1043837950541,-50.0000007450581,-20.2152850785135));
#5503=CARTESIAN_POINT('Ctrl Pts',(37.1043837950541,-50.0000007450581,-20.2152850785135));
#5504=CARTESIAN_POINT('Ctrl Pts',(37.1043837943384,-50.0000007450581,-21.072549030762));
#5505=CARTESIAN_POINT('Ctrl Pts',(37.1013084226407,-49.8425214755037,-21.9225562707206));
#5506=CARTESIAN_POINT('Ctrl Pts',(37.0951265310147,-49.5354301179987,-22.7229060460604));
#5507=CARTESIAN_POINT('Ctrl Pts',(37.091801384377,-49.3702502901033,-23.1534021668921));
#5508=CARTESIAN_POINT('Ctrl Pts',(37.0875938889966,-49.1629407966376,-23.5665186553449));
#5509=CARTESIAN_POINT('Ctrl Pts',(37.0824995805572,-48.9165288217462,-23.9562335568758));
#5510=CARTESIAN_POINT('Ctrl Pts',(37.0767813643419,-48.6399383939766,-24.3936774407216));
#5511=CARTESIAN_POINT('Ctrl Pts',(37.0699782131045,-48.3156925526038,-24.7990882075794));
#5512=CARTESIAN_POINT('Ctrl Pts',(37.0621020014706,-47.9497482133639,-25.1650325468193));
#5513=CARTESIAN_POINT('',(35.6043837950541,-50.0000007450581,-20.2152850785135));
#5514=CARTESIAN_POINT('Ctrl Pts',(37.1043847242176,-50.0000481987629,-28.2910217837582));
#5515=CARTESIAN_POINT('Ctrl Pts',(37.0627247938533,-47.8877411485642,-28.1936752560771));
#5516=CARTESIAN_POINT('Ctrl Pts',(37.0151916906411,-45.7756197614442,-28.0927364982372));
#5517=CARTESIAN_POINT('Ctrl Pts',(36.9617854145809,-43.6636840374029,-27.9882055102386));
#5518=CARTESIAN_POINT('Ctrl Pts',(37.1043847301322,-50.0000481987629,-21.2066234918341));
#5519=CARTESIAN_POINT('Ctrl Pts',(37.0627247992893,-47.8877411485642,-21.1143555513554));
#5520=CARTESIAN_POINT('Ctrl Pts',(37.0151916956117,-45.7756197614442,-21.0200166690864));
#5521=CARTESIAN_POINT('Ctrl Pts',(36.9617854190993,-43.6636840374029,-20.9236068450272));
#5522=CARTESIAN_POINT('Ctrl Pts',(37.1043847360468,-50.0000481987629,-14.12222519991));
#5523=CARTESIAN_POINT('Ctrl Pts',(37.0627248047253,-47.8877411485642,-14.0350358466337));
#5524=CARTESIAN_POINT('Ctrl Pts',(37.0151917005823,-45.7756197614442,-13.9472968399357));
#5525=CARTESIAN_POINT('Ctrl Pts',(36.9617854236176,-43.6636840374029,-13.8590081798159));
#5526=CARTESIAN_POINT('Ctrl Pts',(37.1043847419613,-50.0000481987629,-7.03782690798595));
#5527=CARTESIAN_POINT('Ctrl Pts',(37.0627248101613,-47.8877411485642,-6.955716141912));
#5528=CARTESIAN_POINT('Ctrl Pts',(37.0151917055529,-45.7756197614442,-6.87457701078488));
#5529=CARTESIAN_POINT('Ctrl Pts',(36.9617854281359,-43.6636840374029,-6.79440951460459));
#5530=CARTESIAN_POINT('Ctrl Pts',(37.1043837905579,-50.0000000000001,-8.0000001192094));
#5531=CARTESIAN_POINT('Ctrl Pts',(37.104383790497,-50.,-8.07303339605421));
#5532=CARTESIAN_POINT('Ctrl Pts',(37.104383790436,-50.,-8.14606667289901));
#5533=CARTESIAN_POINT('Ctrl Pts',(37.1043837870366,-50.,-12.2178283260004));
#5534=CARTESIAN_POINT('Ctrl Pts',(37.1043837836981,-50.,-16.2165567022569));
#5535=CARTESIAN_POINT('Ctrl Pts',(37.1043837803597,-50.,-20.2152850785135));
#5536=CARTESIAN_POINT('Ctrl Pts',(35.6043847240853,-50.0000481987629,-28.4494567396065));
#5537=CARTESIAN_POINT('Ctrl Pts',(34.2858846691443,16.8526070529215,-25.3649303739029));
#5538=CARTESIAN_POINT('Ctrl Pts',(27.0844230944491,83.5192897858425,-18.6481080851085));
#5539=CARTESIAN_POINT('Ctrl Pts',(14.,150.,-8.29898987322334));
#5540=CARTESIAN_POINT('Ctrl Pts',(35.6043847353452,-50.0000481987629,-14.9625534749858));
#5541=CARTESIAN_POINT('Ctrl Pts',(34.2858846515696,16.8526070529214,-12.1840217353956));
#5542=CARTESIAN_POINT('Ctrl Pts',(27.0844230731212,83.5192897858426,-8.67416945186957));
#5543=CARTESIAN_POINT('Ctrl Pts',(14.,150.,-4.43299662440778));
#5544=CARTESIAN_POINT('Ctrl Pts',(35.6043847466051,-50.0000481987629,-1.47565021036503));
#5545=CARTESIAN_POINT('Ctrl Pts',(34.2858846339949,16.8526070529216,0.996886903111771));
#5546=CARTESIAN_POINT('Ctrl Pts',(27.0844230517932,83.5192897858424,1.29976918136937));
#5547=CARTESIAN_POINT('Ctrl Pts',(14.,150.,-0.567003375592227));
#5548=CARTESIAN_POINT('Ctrl Pts',(35.6043847578649,-50.0000481987629,12.0112530542557));
#5549=CARTESIAN_POINT('Ctrl Pts',(34.2858846164202,16.8526070529215,14.1777955416191));
#5550=CARTESIAN_POINT('Ctrl Pts',(27.0844230304653,83.5192897858425,11.2737078146083));
#5551=CARTESIAN_POINT('Ctrl Pts',(14.,150.,3.29898987322333));
#5552=CARTESIAN_POINT('',(35.6043837734852,-50.,-28.4494545157547));
#5553=CARTESIAN_POINT('Ctrl Pts',(35.6043837803597,-50.,-20.2152850785135));
#5554=CARTESIAN_POINT('Ctrl Pts',(35.6043837780682,-50.,-22.9600082242606));
#5555=CARTESIAN_POINT('Ctrl Pts',(35.6043837757767,-50.,-25.7047313700077));
#5556=CARTESIAN_POINT('Ctrl Pts',(35.6043837734852,-50.,-28.4494545157547));
#5557=CARTESIAN_POINT('',(14.,150.,-8.29898987322334));
#5558=CARTESIAN_POINT('Ctrl Pts',(35.6043837734852,-50.,-28.4494545157547));
#5559=CARTESIAN_POINT('Ctrl Pts',(35.4070764290215,-39.9958354017828,-27.9878703518811));
#5560=CARTESIAN_POINT('Ctrl Pts',(35.0780282702687,-29.9958354017828,-27.4449459274873));
#5561=CARTESIAN_POINT('Ctrl Pts',(31.9988147475632,36.801143997968,-23.2733090785304));
#5562=CARTESIAN_POINT('Ctrl Pts',(25.1264016484876,93.4678106646347,-17.0994119554137));
#5563=CARTESIAN_POINT('Ctrl Pts',(14.,150.,-8.29898987322334));
#5564=CARTESIAN_POINT('',(14.,150.,3.29898987322333));
#5565=CARTESIAN_POINT('',(14.,150.,3.29898987322333));
#5566=CARTESIAN_POINT('',(35.6043838072648,-50.,12.0112546162671));
#5567=CARTESIAN_POINT('Ctrl Pts',(35.6043838072648,-50.,12.0112546162671));
#5568=CARTESIAN_POINT('Ctrl Pts',(35.4070764498562,-39.9958354017827,12.3354664702021));
#5569=CARTESIAN_POINT('Ctrl Pts',(35.0780282798435,-29.9958354017828,12.5461285497324));
#5570=CARTESIAN_POINT('Ctrl Pts',(31.9988146931542,36.801143997968,13.1950796762953));
#5571=CARTESIAN_POINT('Ctrl Pts',(25.1264015940786,93.4678106646347,10.0803293490839));
#5572=CARTESIAN_POINT('Ctrl Pts',(14.,150.,3.29898987322333));
#5573=CARTESIAN_POINT('',(35.6043837997548,-49.9999999999382,3.01877214835754));
#5574=CARTESIAN_POINT('Ctrl Pts',(35.6043838072648,-50.,12.0112546162671));
#5575=CARTESIAN_POINT('Ctrl Pts',(35.6043838047623,-50.,9.01376046029725));
#5576=CARTESIAN_POINT('Ctrl Pts',(35.6043838022573,-49.9999999999382,6.01626630432739));
#5577=CARTESIAN_POINT('Ctrl Pts',(35.6043837997548,-49.9999999999382,3.01877214835754));
#5578=CARTESIAN_POINT('',(14.5417244044868,147.230147837946,-1.13226858016005));
#5579=CARTESIAN_POINT('Ctrl Pts',(35.6043837997557,-49.9999999999258,3.01877214833281));
#5580=CARTESIAN_POINT('Ctrl Pts',(35.5879758454485,-49.168060008468,3.43552356435191));
#5581=CARTESIAN_POINT('Ctrl Pts',(35.5674286631889,-48.1732879717772,3.87209224242288));
#5582=CARTESIAN_POINT('Ctrl Pts',(35.5427629447975,-47.0671112076299,4.30286048627993));
#5583=CARTESIAN_POINT('Ctrl Pts',(35.4994889229411,-45.1264129190525,5.05860877237891));
#5584=CARTESIAN_POINT('Ctrl Pts',(35.445285549926,-42.9590585729577,5.75472611515818));
#5585=CARTESIAN_POINT('Ctrl Pts',(35.3937614138674,-41.0888665516516,6.29982715201022));
#5586=CARTESIAN_POINT('Ctrl Pts',(35.3399264793657,-39.1347985618829,6.86937534554731));
#5587=CARTESIAN_POINT('Ctrl Pts',(35.2924925956313,-37.5757098603546,7.25817246805466));
#5588=CARTESIAN_POINT('Ctrl Pts',(35.2457394072476,-36.1112460863556,7.55077206070306));
#5589=CARTESIAN_POINT('Ctrl Pts',(35.2188367458566,-35.2685661666899,7.71913935363641));
#5590=CARTESIAN_POINT('Ctrl Pts',(35.192061390422,-34.4579162145153,7.8580197984051));
#5591=CARTESIAN_POINT('Ctrl Pts',(35.1635870009247,-33.623198652593,7.98952629971736));
#5592=CARTESIAN_POINT('Ctrl Pts',(35.1413637504683,-32.9717312193489,8.09216245687156));
#5593=CARTESIAN_POINT('Ctrl Pts',(35.1184967644379,-32.3151125374734,8.18911979482434));
#5594=CARTESIAN_POINT('Ctrl Pts',(35.0895745360962,-31.5110462196204,8.30129974726802));
#5595=CARTESIAN_POINT('Ctrl Pts',(34.9518754474146,-27.682876484558,8.83538989541943));
#5596=CARTESIAN_POINT('Ctrl Pts',(34.6960817779849,-21.3077453870135,9.59836183346761));
#5597=CARTESIAN_POINT('Ctrl Pts',(34.3597869421282,-14.6848926200924,10.1274244658736));
#5598=CARTESIAN_POINT('Ctrl Pts',(34.2220041131136,-11.9714540148014,10.3441858860516));
#5599=CARTESIAN_POINT('Ctrl Pts',(34.0717561421981,-9.21344165881833,10.5161228538982));
#5600=CARTESIAN_POINT('Ctrl Pts',(33.9211394683714,-6.611677779942,10.6177991791383));
#5601=CARTESIAN_POINT('Ctrl Pts',(33.7583064297097,-3.79888748578653,10.7277223674424));
#5602=CARTESIAN_POINT('Ctrl Pts',(33.5912831552767,-1.07961422489777,10.7648748447055));
#5603=CARTESIAN_POINT('Ctrl Pts',(33.3972457155258,1.88807088187372,10.7279025147008));
#5604=CARTESIAN_POINT('Ctrl Pts',(33.0585569033582,7.06811111013926,10.6633679869908));
#5605=CARTESIAN_POINT('Ctrl Pts',(32.6133652899743,13.2107833044671,10.3680778276204));
#5606=CARTESIAN_POINT('Ctrl Pts',(32.1786075610327,18.6342640458177,10.1390145520811));
#5607=CARTESIAN_POINT('Ctrl Pts',(31.7905234885143,23.475504012849,9.93454249116546));
#5608=CARTESIAN_POINT('Ctrl Pts',(31.4132339229814,27.8330697776517,9.74605367439911));
#5609=CARTESIAN_POINT('Ctrl Pts',(30.9873832900304,32.4436103427801,9.48591962311752));
#5610=CARTESIAN_POINT('Ctrl Pts',(30.6260963332414,36.3551418541559,9.26522477738385));
#5611=CARTESIAN_POINT('Ctrl Pts',(30.2295394454079,40.4486423631577,8.98992091174953));
#5612=CARTESIAN_POINT('Ctrl Pts',(29.7400772426194,45.172068377703,8.61025547189458));
#5613=CARTESIAN_POINT('Ctrl Pts',(29.2933443736358,49.4831462155588,8.26373426916627));
#5614=CARTESIAN_POINT('Ctrl Pts',(28.7742917766006,54.240614682916,7.83768990160304));
#5615=CARTESIAN_POINT('Ctrl Pts',(28.2141680124821,59.0720064484633,7.39440437711559));
#5616=CARTESIAN_POINT('Ctrl Pts',(27.5978650451007,64.3879763687441,6.906658272344));
#5617=CARTESIAN_POINT('Ctrl Pts',(26.9314134351441,69.7981237643261,6.39685598293671));
#5618=CARTESIAN_POINT('Ctrl Pts',(26.2620337368309,74.9467805752914,5.89136303272314));
#5619=CARTESIAN_POINT('Ctrl Pts',(25.2357281601839,82.8407982914708,5.11633170884635));
#5620=CARTESIAN_POINT('Ctrl Pts',(24.188090216982,90.2818186005563,4.32942213040132));
#5621=CARTESIAN_POINT('Ctrl Pts',(23.081069606951,97.6532499924552,3.55042303707695));
#5622=CARTESIAN_POINT('Ctrl Pts',(22.3611266246469,102.447207983883,3.04380651577806));
#5623=CARTESIAN_POINT('Ctrl Pts',(21.6111371638753,107.237687105524,2.53985632202991));
#5624=CARTESIAN_POINT('Ctrl Pts',(20.8280161274392,112.042787599374,2.05007235725051));
#5625=CARTESIAN_POINT('Ctrl Pts',(18.8400196235034,124.240803663796,0.806728398446406));
#5626=CARTESIAN_POINT('Ctrl Pts',(16.6859118368172,136.19710774398,-0.336696459893706));
#5627=CARTESIAN_POINT('Ctrl Pts',(14.5417244044849,147.230147837956,-1.13226858016075));
#5628=CARTESIAN_POINT('',(14.5417244050381,147.230147838419,-4.162758097083));
#5629=CARTESIAN_POINT('Ctrl Pts',(14.5417244044868,147.230147837946,-1.13226858016005));
#5630=CARTESIAN_POINT('Ctrl Pts',(14.5417244046706,147.230147838104,-2.1424317524677));
#5631=CARTESIAN_POINT('Ctrl Pts',(14.5417244048543,147.230147838261,-3.15259492477535));
#5632=CARTESIAN_POINT('Ctrl Pts',(14.5417244050381,147.230147838419,-4.162758097083));
#5633=CARTESIAN_POINT('',(35.6043837926168,-50.,-5.53392528726848));
#5634=CARTESIAN_POINT('Ctrl Pts',(14.541724405038,147.230147838419,-4.162758097083));
#5635=CARTESIAN_POINT('Ctrl Pts',(16.7807135746874,135.709299952254,-5.09029107773797));
#5636=CARTESIAN_POINT('Ctrl Pts',(19.3232521385156,121.785599585771,-5.94325718055936));
#5637=CARTESIAN_POINT('Ctrl Pts',(21.9534470705563,105.001991535347,-6.68229796332228));
#5638=CARTESIAN_POINT('Ctrl Pts',(22.7933985227137,99.6421545960161,-6.9183102721908));
#5639=CARTESIAN_POINT('Ctrl Pts',(23.6489466253703,93.9268294255869,-7.14472686670419));
#5640=CARTESIAN_POINT('Ctrl Pts',(24.4570186397838,88.2282241757038,-7.35450420001202));
#5641=CARTESIAN_POINT('Ctrl Pts',(25.6956248588413,79.4934483431547,-7.67604919231193));
#5642=CARTESIAN_POINT('Ctrl Pts',(26.8420605224179,70.677942196721,-7.9668960218213));
#5643=CARTESIAN_POINT('Ctrl Pts',(27.8668185925905,62.034552340805,-8.22071802103299));
#5644=CARTESIAN_POINT('Ctrl Pts',(28.4857979993119,56.8137295136421,-8.37403283265328));
#5645=CARTESIAN_POINT('Ctrl Pts',(29.0603459357503,51.6586858151684,-8.51286698121391));
#5646=CARTESIAN_POINT('Ctrl Pts',(29.5850011352107,46.6591451659149,-8.6209967954894));
#5647=CARTESIAN_POINT('Ctrl Pts',(30.4258739691737,38.6463056504098,-8.79429808643104));
#5648=CARTESIAN_POINT('Ctrl Pts',(31.1563445473949,30.9121365978282,-8.87629402494612));
#5649=CARTESIAN_POINT('Ctrl Pts',(31.830773008046,22.8743590683657,-8.91366809792631));
#5650=CARTESIAN_POINT('Ctrl Pts',(32.0064447579005,20.7807190072992,-8.92340310939555));
#5651=CARTESIAN_POINT('Ctrl Pts',(32.1820629876513,18.6194414109199,-8.93122895887361));
#5652=CARTESIAN_POINT('Ctrl Pts',(32.3591564209731,16.3533109165885,-8.93793680657627));
#5653=CARTESIAN_POINT('Ctrl Pts',(32.6694613702574,12.3825735779677,-8.94969036684182));
#5654=CARTESIAN_POINT('Ctrl Pts',(32.9762630142581,8.17565262200314,-8.96271609780637));
#5655=CARTESIAN_POINT('Ctrl Pts',(33.2547291175646,4.0366414489321,-8.94226998981957));
#5656=CARTESIAN_POINT('Ctrl Pts',(33.5658130423494,-0.587188256582383,-8.91942894940716));
#5657=CARTESIAN_POINT('Ctrl Pts',(33.8377165749277,-5.040788905485,-8.8414397337808));
#5658=CARTESIAN_POINT('Ctrl Pts',(34.0824442056073,-9.45980676224788,-8.71286261858493));
#5659=CARTESIAN_POINT('Ctrl Pts',(34.2952265266164,-13.3019919439183,-8.6010692059488));
#5660=CARTESIAN_POINT('Ctrl Pts',(34.4851457527781,-17.0871814330814,-8.45714050552514));
#5661=CARTESIAN_POINT('Ctrl Pts',(34.6517237911674,-20.7534883317144,-8.30719225038829));
#5662=CARTESIAN_POINT('Ctrl Pts',(34.7158752037461,-22.1654317593639,-8.24944518796781));
#5663=CARTESIAN_POINT('Ctrl Pts',(34.7773840938502,-23.5758874400303,-8.19004829771037));
#5664=CARTESIAN_POINT('Ctrl Pts',(34.8379919960492,-25.0303293037445,-8.12752213624257));
#5665=CARTESIAN_POINT('Ctrl Pts',(34.9408726372421,-27.4992138235425,-8.0213852902252));
#5666=CARTESIAN_POINT('Ctrl Pts',(35.036111718264,-29.9976405017974,-7.91198629936659));
#5667=CARTESIAN_POINT('Ctrl Pts',(35.1113306887883,-32.1204282514236,-7.80895930559303));
#5668=CARTESIAN_POINT('Ctrl Pts',(35.147023396798,-33.1277279098186,-7.7600712075475));
#5669=CARTESIAN_POINT('Ctrl Pts',(35.1774353497954,-34.0221819478616,-7.71370831230525));
#5670=CARTESIAN_POINT('Ctrl Pts',(35.2050782123856,-34.8591882698001,-7.6631616680797));
#5671=CARTESIAN_POINT('Ctrl Pts',(35.253597483855,-36.328317482567,-7.57444124901869));
#5672=CARTESIAN_POINT('Ctrl Pts',(35.2965208107526,-37.7006607559584,-7.46646911432007));
#5673=CARTESIAN_POINT('Ctrl Pts',(35.3435956818487,-39.3179963560043,-7.27974225850218));
#5674=CARTESIAN_POINT('Ctrl Pts',(35.439262277545,-42.6047815845633,-6.9002718063214));
#5675=CARTESIAN_POINT('Ctrl Pts',(35.5471190543939,-47.0964799072104,-6.19629419111181));
#5676=CARTESIAN_POINT('Ctrl Pts',(35.6043837926168,-49.9999999999999,-5.53392528726848));
#5677=CARTESIAN_POINT('Ctrl Pts',(35.6043837926168,-50.,-5.53392528726848));
#5678=CARTESIAN_POINT('Ctrl Pts',(35.6043837919307,-50.0000000000049,-6.35595023124878));
#5679=CARTESIAN_POINT('Ctrl Pts',(35.6043837912442,-50.0000000000008,-7.17797517522909));
#5680=CARTESIAN_POINT('Ctrl Pts',(35.6043837905579,-50.0000000000001,-8.0000001192094));
#5681=CARTESIAN_POINT('Origin',(-35.5036949478244,-45.3716562143392,-27.743124545844));
#5682=CARTESIAN_POINT('',(-35.5621020014706,-47.9497482133639,-25.1650325468193));
#5683=CARTESIAN_POINT('',(-35.5036949478244,-45.3716562143392,-27.743124545844));
#5684=CARTESIAN_POINT('Ctrl Pts',(-35.5621020014706,-47.9497482133639,-25.1650325468193));
#5685=CARTESIAN_POINT('Ctrl Pts',(-35.5436056926485,-47.0903731959302,-26.024407564253));
#5686=CARTESIAN_POINT('Ctrl Pts',(-35.5241367193786,-46.2310091946212,-26.883771565562));
#5687=CARTESIAN_POINT('Ctrl Pts',(-35.5036949478244,-45.3716562143392,-27.743124545844));
#5688=CARTESIAN_POINT('',(-37.0621020014706,-47.9497482133639,-25.1650325468193));
#5689=CARTESIAN_POINT('',(-35.5621020014706,-47.9497482133639,-25.1650325468193));
#5690=CARTESIAN_POINT('',(-37.0036949478244,-45.3716562143392,-27.743124545844));
#5691=CARTESIAN_POINT('Ctrl Pts',(-37.0036949478244,-45.3716562143392,-27.743124545844));
#5692=CARTESIAN_POINT('Ctrl Pts',(-37.0241367193753,-46.2310091944833,-26.8837715656999));
#5693=CARTESIAN_POINT('Ctrl Pts',(-37.0436056926455,-47.0903731957914,-26.0244075643918));
#5694=CARTESIAN_POINT('Ctrl Pts',(-37.0621020014706,-47.9497482133639,-25.1650325468193));
#5695=CARTESIAN_POINT('',(-35.5036949478244,-45.3716562143392,-27.743124545844));
#5696=CARTESIAN_POINT('Ctrl Pts',(-35.4691760275964,-43.9574426519662,-26.3289109834709));
#5697=CARTESIAN_POINT('Ctrl Pts',(-36.9691760275964,-43.9574426519662,-26.3289109834709));
#5698=CARTESIAN_POINT('Ctrl Pts',(-35.468548892461,-43.9323870666884,-26.3539665687487));
#5699=CARTESIAN_POINT('Ctrl Pts',(-36.968548892461,-43.9323870666884,-26.3539665687487));
#5700=CARTESIAN_POINT('Ctrl Pts',(-35.467953780963,-43.9086439541824,-26.3803730982711));
#5701=CARTESIAN_POINT('Ctrl Pts',(-36.967953780963,-43.9086439541824,-26.3803730982711));
#5702=CARTESIAN_POINT('Ctrl Pts',(-35.4655293911908,-43.812024820292,-26.5001068502245));
#5703=CARTESIAN_POINT('Ctrl Pts',(-36.9655293911908,-43.812024820292,-26.5001068502245));
#5704=CARTESIAN_POINT('Ctrl Pts',(-35.4640826858845,-43.7546478793882,-26.6046474335491));
#5705=CARTESIAN_POINT('Ctrl Pts',(-36.9640826858845,-43.7546478793882,-26.6046474335491));
#5706=CARTESIAN_POINT('Ctrl Pts',(-35.4621083311954,-43.6764280569761,-26.8368494345858));
#5707=CARTESIAN_POINT('Ctrl Pts',(-36.9621083311954,-43.6764280569761,-26.8368494345858));
#5708=CARTESIAN_POINT('Ctrl Pts',(-35.4616711659498,-43.6591656235173,-26.9635178170579));
#5709=CARTESIAN_POINT('Ctrl Pts',(-36.9616711659498,-43.6591656235173,-26.9635178170579));
#5710=CARTESIAN_POINT('Ctrl Pts',(-35.4620246016796,-43.6731432728019,-27.2219139109913));
#5711=CARTESIAN_POINT('Ctrl Pts',(-36.9620246016796,-43.6731432728019,-27.2219139109913));
#5712=CARTESIAN_POINT('Ctrl Pts',(-35.4628645812451,-43.7063338744399,-27.3510804909184));
#5713=CARTESIAN_POINT('Ctrl Pts',(-36.9628645812451,-43.7063338744399,-27.3510804909184));
#5714=CARTESIAN_POINT('Ctrl Pts',(-35.4657134758177,-43.819385243717,-27.5857295502911));
#5715=CARTESIAN_POINT('Ctrl Pts',(-36.9657134758177,-43.819385243717,-27.5857295502911));
#5716=CARTESIAN_POINT('Ctrl Pts',(-35.4676622751248,-43.8968705893161,-27.6895858343325));
#5717=CARTESIAN_POINT('Ctrl Pts',(-36.9676622751248,-43.8968705893161,-27.6895858343325));
#5718=CARTESIAN_POINT('Ctrl Pts',(-35.4724474744153,-44.0882822957861,-27.8636022541979));
#5719=CARTESIAN_POINT('Ctrl Pts',(-36.9724474744153,-44.0882822957861,-27.8636022541979));
#5720=CARTESIAN_POINT('Ctrl Pts',(-35.4752503867796,-44.2009052173862,-27.931568283851));
#5721=CARTESIAN_POINT('Ctrl Pts',(-36.9752503867796,-44.2009052173862,-27.931568283851));
#5722=CARTESIAN_POINT('Ctrl Pts',(-35.4795421520389,-44.3746027471825,-27.9946104925277));
#5723=CARTESIAN_POINT('Ctrl Pts',(-36.9795421520389,-44.3746027471825,-27.9946104925277));
#5724=CARTESIAN_POINT('Ctrl Pts',(-35.4808396497549,-44.4272562551497,-28.008982777598));
#5725=CARTESIAN_POINT('Ctrl Pts',(-36.9808396497549,-44.4272562551497,-28.008982777598));
#5726=CARTESIAN_POINT('Ctrl Pts',(-35.4829214366837,-44.5119851946296,-28.0248198456273));
#5727=CARTESIAN_POINT('Ctrl Pts',(-36.9829214366837,-44.5119851946296,-28.0248198456273));
#5728=CARTESIAN_POINT('Ctrl Pts',(-35.4836923300018,-44.5434128493494,-28.029159908798));
#5729=CARTESIAN_POINT('Ctrl Pts',(-36.9836923300018,-44.5434128493494,-28.029159908798));
#5730=CARTESIAN_POINT('Ctrl Pts',(-35.4850613887805,-44.5993219397013,-28.0341871093579));
#5731=CARTESIAN_POINT('Ctrl Pts',(-36.9850613887805,-44.5993219397013,-28.0341871093579));
#5732=CARTESIAN_POINT('Ctrl Pts',(-35.4856581105129,-44.6237225234726,-28.0354825359189));
#5733=CARTESIAN_POINT('Ctrl Pts',(-36.9856581105129,-44.6237225234726,-28.0354825359189));
#5734=CARTESIAN_POINT('Ctrl Pts',(-35.4870170804985,-44.6793656390174,-28.0363953982404));
#5735=CARTESIAN_POINT('Ctrl Pts',(-36.9870170804985,-44.6793656390174,-28.0363953982404));
#5736=CARTESIAN_POINT('Ctrl Pts',(-35.4877784391929,-44.7105922232739,-28.0354450997477));
#5737=CARTESIAN_POINT('Ctrl Pts',(-36.9877784391929,-44.7105922232739,-28.0354450997477));
#5738=CARTESIAN_POINT('Ctrl Pts',(-35.4898095420438,-44.7940367287895,-28.0289861202474));
#5739=CARTESIAN_POINT('Ctrl Pts',(-36.9898095420438,-44.7940367287895,-28.0289861202474));
#5740=CARTESIAN_POINT('Ctrl Pts',(-35.4910695492358,-44.8459510790936,-28.0208256911364));
#5741=CARTESIAN_POINT('Ctrl Pts',(-36.9910695492358,-44.8459510790936,-28.0208256911364));
#5742=CARTESIAN_POINT('Ctrl Pts',(-35.4954336105628,-45.0262516359022,-27.9777373112136));
#5743=CARTESIAN_POINT('Ctrl Pts',(-36.9954336105628,-45.0262516359022,-27.9777373112136));
#5744=CARTESIAN_POINT('Ctrl Pts',(-35.4983596909291,-45.1480776136447,-27.9213808376402));
#5745=CARTESIAN_POINT('Ctrl Pts',(-36.9983596909291,-45.1480776136447,-27.9213808376402));
#5746=CARTESIAN_POINT('Ctrl Pts',(-35.5019093470321,-45.2966635067359,-27.8125854162199));
#5747=CARTESIAN_POINT('Ctrl Pts',(-37.0019093470321,-45.2966635067359,-27.8125854162199));
#5748=CARTESIAN_POINT('Ctrl Pts',(-35.5028360044345,-45.335547036619,-27.7792337235643));
#5749=CARTESIAN_POINT('Ctrl Pts',(-37.0028360044345,-45.335547036619,-27.7792337235643));
#5750=CARTESIAN_POINT('Ctrl Pts',(-35.5036949478244,-45.3716562143393,-27.743124545844));
#5751=CARTESIAN_POINT('Ctrl Pts',(-37.0036949478244,-45.3716562143393,-27.743124545844));
#5752=CARTESIAN_POINT('',(-35.4691760275964,-43.9574426519662,-26.3289109834709));
#5753=CARTESIAN_POINT('Ctrl Pts',(-35.5036949478244,-45.3716562143393,-27.743124545844));
#5754=CARTESIAN_POINT('Ctrl Pts',(-35.5028360044345,-45.335547036619,-27.7792337235643));
#5755=CARTESIAN_POINT('Ctrl Pts',(-35.5019093470321,-45.2966635067359,-27.8125854162199));
#5756=CARTESIAN_POINT('Ctrl Pts',(-35.5009216970942,-45.2553212347454,-27.8428564588478));
#5757=CARTESIAN_POINT('Ctrl Pts',(-35.4983596909291,-45.1480776136447,-27.9213808376402));
#5758=CARTESIAN_POINT('Ctrl Pts',(-35.4954336105628,-45.0262516359022,-27.9777373112136));
#5759=CARTESIAN_POINT('Ctrl Pts',(-35.4923047936932,-44.8969850235731,-28.0086295558187));
#5760=CARTESIAN_POINT('Ctrl Pts',(-35.4910695492358,-44.8459510790936,-28.0208256911364));
#5761=CARTESIAN_POINT('Ctrl Pts',(-35.4898095420438,-44.7940367287895,-28.0289861202474));
#5762=CARTESIAN_POINT('Ctrl Pts',(-35.488536187931,-44.7417230784788,-28.0330354317372));
#5763=CARTESIAN_POINT('Ctrl Pts',(-35.4877784391929,-44.7105922232739,-28.0354450997477));
#5764=CARTESIAN_POINT('Ctrl Pts',(-35.4870170804985,-44.6793656390174,-28.0363953982404));
#5765=CARTESIAN_POINT('Ctrl Pts',(-35.4862546036761,-44.6481459753163,-28.0358832188916));
#5766=CARTESIAN_POINT('Ctrl Pts',(-35.4856581105129,-44.6237225234726,-28.0354825359189));
#5767=CARTESIAN_POINT('Ctrl Pts',(-35.4850613887805,-44.5993219397013,-28.0341871093579));
#5768=CARTESIAN_POINT('Ctrl Pts',(-35.4844656485543,-44.5749933318637,-28.0319995439696));
#5769=CARTESIAN_POINT('Ctrl Pts',(-35.4836923300018,-44.5434128493494,-28.029159908798));
#5770=CARTESIAN_POINT('Ctrl Pts',(-35.4829214366837,-44.5119851946296,-28.0248198456273));
#5771=CARTESIAN_POINT('Ctrl Pts',(-35.4821556329848,-44.4808169062873,-28.0189940403491));
#5772=CARTESIAN_POINT('Ctrl Pts',(-35.4808396497549,-44.4272562551497,-28.008982777598));
#5773=CARTESIAN_POINT('Ctrl Pts',(-35.4795421520389,-44.3746027471825,-27.9946104925277));
#5774=CARTESIAN_POINT('Ctrl Pts',(-35.4782765891022,-44.3233825283178,-27.9760205003159));
#5775=CARTESIAN_POINT('Ctrl Pts',(-35.4752503867796,-44.2009052173862,-27.931568283851));
#5776=CARTESIAN_POINT('Ctrl Pts',(-35.4724474744153,-44.0882822957861,-27.8636022541979));
#5777=CARTESIAN_POINT('Ctrl Pts',(-35.4700370743291,-43.9918644110184,-27.7759467213797));
#5778=CARTESIAN_POINT('Ctrl Pts',(-35.4676622751248,-43.8968705893161,-27.6895858343325));
#5779=CARTESIAN_POINT('Ctrl Pts',(-35.4657134758177,-43.819385243717,-27.5857295502911));
#5780=CARTESIAN_POINT('Ctrl Pts',(-35.4643091020864,-43.7636561287016,-27.4700583779589));
#5781=CARTESIAN_POINT('Ctrl Pts',(-35.4628645812451,-43.7063338744399,-27.3510804909184));
#5782=CARTESIAN_POINT('Ctrl Pts',(-35.4620246016796,-43.6731432728019,-27.2219139109913));
#5783=CARTESIAN_POINT('Ctrl Pts',(-35.4618442137425,-43.6660093044252,-27.0900326822339));
#5784=CARTESIAN_POINT('Ctrl Pts',(-35.4616711659498,-43.6591656235173,-26.9635178170579));
#5785=CARTESIAN_POINT('Ctrl Pts',(-35.4621083311954,-43.6764280569761,-26.8368494345858));
#5786=CARTESIAN_POINT('Ctrl Pts',(-35.4631292279553,-43.7168738612174,-26.7167827252945));
#5787=CARTESIAN_POINT('Ctrl Pts',(-35.4640826858845,-43.7546478793882,-26.6046474335491));
#5788=CARTESIAN_POINT('Ctrl Pts',(-35.4655293911908,-43.812024820292,-26.5001068502245));
#5789=CARTESIAN_POINT('Ctrl Pts',(-35.4673937711767,-43.8863259007325,-26.4080303972785));
#5790=CARTESIAN_POINT('Ctrl Pts',(-35.467953780963,-43.9086439541824,-26.3803730982711));
#5791=CARTESIAN_POINT('Ctrl Pts',(-35.468548892461,-43.9323870666884,-26.3539665687487));
#5792=CARTESIAN_POINT('Ctrl Pts',(-35.4691760275964,-43.9574426519662,-26.3289109834709));
#5793=CARTESIAN_POINT('',(-36.9691760275964,-43.9574426519662,-26.3289109834709));
#5794=CARTESIAN_POINT('Ctrl Pts',(-36.9691760275964,-43.9574426519662,-26.3289109834709));
#5795=CARTESIAN_POINT('Ctrl Pts',(-36.968548892461,-43.9323870666884,-26.3539665687487));
#5796=CARTESIAN_POINT('Ctrl Pts',(-36.967953780963,-43.9086439541824,-26.3803730982711));
#5797=CARTESIAN_POINT('Ctrl Pts',(-36.9673937711767,-43.8863259007325,-26.4080303972785));
#5798=CARTESIAN_POINT('Ctrl Pts',(-36.9655293911908,-43.812024820292,-26.5001068502245));
#5799=CARTESIAN_POINT('Ctrl Pts',(-36.9640826858845,-43.7546478793882,-26.6046474335491));
#5800=CARTESIAN_POINT('Ctrl Pts',(-36.9631292279553,-43.7168738612174,-26.7167827252945));
#5801=CARTESIAN_POINT('Ctrl Pts',(-36.9621083311954,-43.6764280569761,-26.8368494345858));
#5802=CARTESIAN_POINT('Ctrl Pts',(-36.9616711659498,-43.6591656235173,-26.9635178170579));
#5803=CARTESIAN_POINT('Ctrl Pts',(-36.9618442137425,-43.6660093044252,-27.0900326822339));
#5804=CARTESIAN_POINT('Ctrl Pts',(-36.9620246016796,-43.6731432728019,-27.2219139109913));
#5805=CARTESIAN_POINT('Ctrl Pts',(-36.9628645812451,-43.7063338744399,-27.3510804909184));
#5806=CARTESIAN_POINT('Ctrl Pts',(-36.9643091020864,-43.7636561287016,-27.4700583779589));
#5807=CARTESIAN_POINT('Ctrl Pts',(-36.9657134758177,-43.819385243717,-27.5857295502911));
#5808=CARTESIAN_POINT('Ctrl Pts',(-36.9676622751248,-43.8968705893161,-27.6895858343325));
#5809=CARTESIAN_POINT('Ctrl Pts',(-36.9700370743291,-43.9918644110184,-27.7759467213797));
#5810=CARTESIAN_POINT('Ctrl Pts',(-36.9724474744153,-44.0882822957861,-27.8636022541979));
#5811=CARTESIAN_POINT('Ctrl Pts',(-36.9752503867796,-44.2009052173862,-27.931568283851));
#5812=CARTESIAN_POINT('Ctrl Pts',(-36.9782765891022,-44.3233825283178,-27.9760205003159));
#5813=CARTESIAN_POINT('Ctrl Pts',(-36.9795421520389,-44.3746027471825,-27.9946104925277));
#5814=CARTESIAN_POINT('Ctrl Pts',(-36.9808396497549,-44.4272562551497,-28.008982777598));
#5815=CARTESIAN_POINT('Ctrl Pts',(-36.9821556329847,-44.4808169062873,-28.0189940403491));
#5816=CARTESIAN_POINT('Ctrl Pts',(-36.9829214366837,-44.5119851946296,-28.0248198456273));
#5817=CARTESIAN_POINT('Ctrl Pts',(-36.9836923300018,-44.5434128493494,-28.029159908798));
#5818=CARTESIAN_POINT('Ctrl Pts',(-36.9844656485543,-44.5749933318637,-28.0319995439696));
#5819=CARTESIAN_POINT('Ctrl Pts',(-36.9850613887805,-44.5993219397013,-28.0341871093579));
#5820=CARTESIAN_POINT('Ctrl Pts',(-36.9856581105129,-44.6237225234726,-28.0354825359189));
#5821=CARTESIAN_POINT('Ctrl Pts',(-36.9862546036761,-44.6481459753163,-28.0358832188916));
#5822=CARTESIAN_POINT('Ctrl Pts',(-36.9870170804985,-44.6793656390174,-28.0363953982404));
#5823=CARTESIAN_POINT('Ctrl Pts',(-36.9877784391929,-44.7105922232739,-28.0354450997477));
#5824=CARTESIAN_POINT('Ctrl Pts',(-36.988536187931,-44.7417230784788,-28.0330354317372));
#5825=CARTESIAN_POINT('Ctrl Pts',(-36.9898095420438,-44.7940367287895,-28.0289861202474));
#5826=CARTESIAN_POINT('Ctrl Pts',(-36.9910695492358,-44.8459510790936,-28.0208256911364));
#5827=CARTESIAN_POINT('Ctrl Pts',(-36.9923047936932,-44.8969850235731,-28.0086295558187));
#5828=CARTESIAN_POINT('Ctrl Pts',(-36.9954336105628,-45.0262516359022,-27.9777373112136));
#5829=CARTESIAN_POINT('Ctrl Pts',(-36.9983596909291,-45.1480776136447,-27.9213808376402));
#5830=CARTESIAN_POINT('Ctrl Pts',(-37.0009216970942,-45.2553212347454,-27.8428564588478));
#5831=CARTESIAN_POINT('Ctrl Pts',(-37.0019093470321,-45.2966635067359,-27.8125854162199));
#5832=CARTESIAN_POINT('Ctrl Pts',(-37.0028360044345,-45.335547036619,-27.7792337235643));
#5833=CARTESIAN_POINT('Ctrl Pts',(-37.0036949478244,-45.3716562143393,-27.743124545844));
#5834=CARTESIAN_POINT('',(-35.4691760275964,-43.9574426519662,-26.3289109834709));
#5835=CARTESIAN_POINT('Origin',(-35.5307856450221,-46.5355346509908,-23.7508189844462));
#5836=CARTESIAN_POINT('',(-35.5307856450221,-46.5355346509908,-23.7508189844462));
#5837=CARTESIAN_POINT('Ctrl Pts',(-35.4691760275964,-43.9574426519662,-26.3289109834709));
#5838=CARTESIAN_POINT('Ctrl Pts',(-35.490685406129,-44.8167950271403,-25.4695586082968));
#5839=CARTESIAN_POINT('Ctrl Pts',(-35.5112219020192,-45.6761590283927,-24.6101946070443));
#5840=CARTESIAN_POINT('Ctrl Pts',(-35.5307856450221,-46.5355346509908,-23.7508189844462));
#5841=CARTESIAN_POINT('',(-37.0307856450221,-46.5355346509908,-23.7508189844462));
#5842=CARTESIAN_POINT('Ctrl Pts',(-37.0307856450221,-46.5355346509908,-23.7508189844462));
#5843=CARTESIAN_POINT('Ctrl Pts',(-37.0112219020144,-45.6761590281834,-24.6101946072536));
#5844=CARTESIAN_POINT('Ctrl Pts',(-36.9906854061238,-44.8167950269321,-25.4695586085049));
#5845=CARTESIAN_POINT('Ctrl Pts',(-36.9691760275964,-43.9574426519662,-26.3289109834709));
#5846=CARTESIAN_POINT('',(-35.5307856450221,-46.5355346509908,-23.7508189844462));
#5847=CARTESIAN_POINT('Ctrl Pts',(-35.5631824804291,-48.0000007450581,-20.2152850785135));
#5848=CARTESIAN_POINT('Ctrl Pts',(-37.0631824804291,-48.0000007450581,-20.2152850785135));
#5849=CARTESIAN_POINT('Ctrl Pts',(-35.5631824799564,-48.0000007450581,-20.8276097972384));
#5850=CARTESIAN_POINT('Ctrl Pts',(-37.0631824799564,-48.0000007450581,-20.8276097972384));
#5851=CARTESIAN_POINT('Ctrl Pts',(-35.5607820544665,-47.8875181269182,-21.4347495321046));
#5852=CARTESIAN_POINT('Ctrl Pts',(-37.0607820544665,-47.8875181269182,-21.4347495321046));
#5853=CARTESIAN_POINT('Ctrl Pts',(-35.5534384395447,-47.5501950467035,-22.3139027406463));
#5854=CARTESIAN_POINT('Ctrl Pts',(-37.0534384395447,-47.5501950467035,-22.3139027406463));
#5855=CARTESIAN_POINT('Ctrl Pts',(-35.5501974886711,-47.4021274799525,-22.608971768697));
#5856=CARTESIAN_POINT('Ctrl Pts',(-37.0501974886711,-47.4021274799525,-22.608971768697));
#5857=CARTESIAN_POINT('Ctrl Pts',(-35.5419197683862,-47.0285589143803,-23.1998120838884));
#5858=CARTESIAN_POINT('Ctrl Pts',(-37.0419197683862,-47.0285589143803,-23.1998120838884));
#5859=CARTESIAN_POINT('Ctrl Pts',(-35.5367365735721,-46.7969408106916,-23.4894128247454));
#5860=CARTESIAN_POINT('Ctrl Pts',(-37.0367365735721,-46.7969408106916,-23.4894128247454));
#5861=CARTESIAN_POINT('Ctrl Pts',(-35.5307856450221,-46.5355346509908,-23.7508189844462));
#5862=CARTESIAN_POINT('Ctrl Pts',(-37.0307856450221,-46.5355346509908,-23.7508189844462));
#5863=CARTESIAN_POINT('',(-35.5631824804291,-48.0000007450581,-20.2152850785135));
#5864=CARTESIAN_POINT('Ctrl Pts',(-35.5307856450221,-46.5355346509908,-23.7508189844462));
#5865=CARTESIAN_POINT('Ctrl Pts',(-35.5367365735721,-46.7969408106916,-23.4894128247454));
#5866=CARTESIAN_POINT('Ctrl Pts',(-35.5419197683862,-47.0285589143803,-23.1998120838884));
#5867=CARTESIAN_POINT('Ctrl Pts',(-35.5462977096727,-47.2261327862045,-22.8873269888876));
#5868=CARTESIAN_POINT('Ctrl Pts',(-35.5501974886711,-47.4021274799525,-22.608971768697));
#5869=CARTESIAN_POINT('Ctrl Pts',(-35.5534384395447,-47.5501950467035,-22.3139027406463));
#5870=CARTESIAN_POINT('Ctrl Pts',(-35.5560068567676,-47.6681732383878,-22.0064203540537));
#5871=CARTESIAN_POINT('Ctrl Pts',(-35.5607820544665,-47.8875181269182,-21.4347495321046));
#5872=CARTESIAN_POINT('Ctrl Pts',(-35.5631824799564,-48.0000007450581,-20.8276097972384));
#5873=CARTESIAN_POINT('Ctrl Pts',(-35.5631824804291,-48.0000007450581,-20.2152850785135));
#5874=CARTESIAN_POINT('',(-37.0631824804291,-48.0000007450581,-20.2152850785135));
#5875=CARTESIAN_POINT('Ctrl Pts',(-37.0631824804291,-48.0000007450581,-20.2152850785135));
#5876=CARTESIAN_POINT('Ctrl Pts',(-37.0631824799564,-48.0000007450581,-20.8276097972384));
#5877=CARTESIAN_POINT('Ctrl Pts',(-37.0607820544665,-47.8875181269182,-21.4347495321046));
#5878=CARTESIAN_POINT('Ctrl Pts',(-37.0560068567676,-47.6681732383878,-22.0064203540537));
#5879=CARTESIAN_POINT('Ctrl Pts',(-37.0534384395447,-47.5501950467035,-22.3139027406463));
#5880=CARTESIAN_POINT('Ctrl Pts',(-37.0501974886711,-47.4021274799525,-22.608971768697));
#5881=CARTESIAN_POINT('Ctrl Pts',(-37.0462977096727,-47.2261327862045,-22.8873269888876));
#5882=CARTESIAN_POINT('Ctrl Pts',(-37.0419197683862,-47.0285589143803,-23.1998120838884));
#5883=CARTESIAN_POINT('Ctrl Pts',(-37.0367365735721,-46.7969408106916,-23.4894128247454));
#5884=CARTESIAN_POINT('Ctrl Pts',(-37.0307856450221,-46.5355346509908,-23.7508189844462));
#5885=CARTESIAN_POINT('',(-35.5631824804291,-48.0000007450581,-20.2152850785135));
#5886=CARTESIAN_POINT('Origin',(-35.5631824898598,-48.0000007450581,-8.00000011920929));
#5887=CARTESIAN_POINT('',(-35.5631824898598,-48.0000007450581,-8.00000011920929));
#5888=CARTESIAN_POINT('Ctrl Pts',(-35.5631824804291,-48.0000007450581,-20.2152850785135));
#5889=CARTESIAN_POINT('Ctrl Pts',(-35.5631824835727,-48.0000007450581,-16.1435234254121));
#5890=CARTESIAN_POINT('Ctrl Pts',(-35.5631824867162,-48.0000007450581,-12.0717617723107));
#5891=CARTESIAN_POINT('Ctrl Pts',(-35.5631824898598,-48.0000007450581,-8.00000011920929));
#5892=CARTESIAN_POINT('',(-37.0631824898598,-48.0000007450581,-8.00000011920929));
#5893=CARTESIAN_POINT('Ctrl Pts',(-37.0631824898598,-48.0000007450581,-8.00000011920929));
#5894=CARTESIAN_POINT('Ctrl Pts',(-37.0631824867162,-48.0000007450581,-12.0717617723107));
#5895=CARTESIAN_POINT('Ctrl Pts',(-37.0631824835727,-48.0000007450581,-16.1435234254121));
#5896=CARTESIAN_POINT('Ctrl Pts',(-37.0631824804291,-48.0000007450581,-20.2152850785135));
#5897=CARTESIAN_POINT('',(-35.5631824898598,-48.0000007450581,-8.00000011920929));
#5898=CARTESIAN_POINT('Ctrl Pts',(-35.6043837905579,-50.,-8.00000011920929));
#5899=CARTESIAN_POINT('Ctrl Pts',(-37.1043837905579,-50.,-8.00000011920929));
#5900=CARTESIAN_POINT('Ctrl Pts',(-35.6043837906666,-50.,-7.86979541717542));
#5901=CARTESIAN_POINT('Ctrl Pts',(-37.1043837906666,-50.,-7.86979541717542));
#5902=CARTESIAN_POINT('Ctrl Pts',(-35.6038830306514,-49.9745696953699,-7.74081606328734));
#5903=CARTESIAN_POINT('Ctrl Pts',(-37.1038830306514,-49.9745696953699,-7.74081606328734));
#5904=CARTESIAN_POINT('Ctrl Pts',(-35.6019309192347,-49.8759197665743,-7.50044248615454));
#5905=CARTESIAN_POINT('Ctrl Pts',(-37.1019309192347,-49.8759197665743,-7.50044248615454));
#5906=CARTESIAN_POINT('Ctrl Pts',(-35.6005025921995,-49.80388226306,-7.39126021468688));
#5907=CARTESIAN_POINT('Ctrl Pts',(-37.1005025921995,-49.80388226306,-7.39126021468688));
#5908=CARTESIAN_POINT('Ctrl Pts',(-35.5969431638019,-49.6256837259885,-7.21003874391652));
#5909=CARTESIAN_POINT('Ctrl Pts',(-37.096943163802,-49.6256837259885,-7.21003874391652));
#5910=CARTESIAN_POINT('Ctrl Pts',(-35.5948720060667,-49.5225074769417,-7.13831410298573));
#5911=CARTESIAN_POINT('Ctrl Pts',(-37.0948720060667,-49.5225074769417,-7.13831410298573));
#5912=CARTESIAN_POINT('Ctrl Pts',(-35.5912691484601,-49.3445150798801,-7.05857853349846));
#5913=CARTESIAN_POINT('Ctrl Pts',(-37.0912691484601,-49.3445150798801,-7.05857853349846));
#5914=CARTESIAN_POINT('Ctrl Pts',(-35.5899039230014,-49.2773406594264,-7.03664812345218));
#5915=CARTESIAN_POINT('Ctrl Pts',(-37.0899039230014,-49.2773406594264,-7.03664812345218));
#5916=CARTESIAN_POINT('Ctrl Pts',(-35.5877885997676,-49.1737378248801,-7.01457016634004));
#5917=CARTESIAN_POINT('Ctrl Pts',(-37.0877885997676,-49.1737378248801,-7.01457016634004));
#5918=CARTESIAN_POINT('Ctrl Pts',(-35.5870713141364,-49.1386849345022,-7.00902914859732));
#5919=CARTESIAN_POINT('Ctrl Pts',(-37.0870713141364,-49.1386849345022,-7.00902914859732));
#5920=CARTESIAN_POINT('Ctrl Pts',(-35.5857867878171,-49.0760551578785,-7.00251757787663));
#5921=CARTESIAN_POINT('Ctrl Pts',(-37.0857867878171,-49.0760551578785,-7.00251757787663));
#5922=CARTESIAN_POINT('Ctrl Pts',(-35.5852225457729,-49.0485925005862,-7.00080316660992));
#5923=CARTESIAN_POINT('Ctrl Pts',(-37.0852225457729,-49.0485925005862,-7.00080316660992));
#5924=CARTESIAN_POINT('Ctrl Pts',(-35.5840452073503,-48.9913905065341,-6.99959628542479));
#5925=CARTESIAN_POINT('Ctrl Pts',(-37.0840452073503,-48.9913905065341,-6.99959628542479));
#5926=CARTESIAN_POINT('Ctrl Pts',(-35.5834324056233,-48.9616735899882,-7.0002936539207));
#5927=CARTESIAN_POINT('Ctrl Pts',(-37.0834324056233,-48.9616735899882,-7.0002936539207));
#5928=CARTESIAN_POINT('Ctrl Pts',(-35.5818723828681,-48.8861654783337,-7.00543771809953));
#5929=CARTESIAN_POINT('Ctrl Pts',(-37.0818723828681,-48.8861654783337,-7.00543771809953));
#5930=CARTESIAN_POINT('Ctrl Pts',(-35.5809275582974,-48.8405688931486,-7.01172162650507));
#5931=CARTESIAN_POINT('Ctrl Pts',(-37.0809275582974,-48.8405688931486,-7.01172162650507));
#5932=CARTESIAN_POINT('Ctrl Pts',(-35.577458161568,-48.6736118282149,-7.04658967022743));
#5933=CARTESIAN_POINT('Ctrl Pts',(-37.077458161568,-48.6736118282149,-7.04658967022743));
#5934=CARTESIAN_POINT('Ctrl Pts',(-35.5750248254365,-48.5574807338953,-7.09462790022406));
#5935=CARTESIAN_POINT('Ctrl Pts',(-37.0750248254365,-48.5574807338953,-7.09462790022406));
#5936=CARTESIAN_POINT('Ctrl Pts',(-35.5708915417006,-48.3614127027991,-7.22268726951457));
#5937=CARTESIAN_POINT('Ctrl Pts',(-37.0708915417006,-48.3614127027991,-7.22268726951457));
#5938=CARTESIAN_POINT('Ctrl Pts',(-35.5691668388878,-48.2801276619207,-7.29729507508024));
#5939=CARTESIAN_POINT('Ctrl Pts',(-37.0691668388878,-48.2801276619207,-7.29729507508024));
#5940=CARTESIAN_POINT('Ctrl Pts',(-35.5661738915216,-48.139561960648,-7.47686178068595));
#5941=CARTESIAN_POINT('Ctrl Pts',(-37.0661738915216,-48.139561960648,-7.47686178068595));
#5942=CARTESIAN_POINT('Ctrl Pts',(-35.5649777111883,-48.0836982070007,-7.58236382185068));
#5943=CARTESIAN_POINT('Ctrl Pts',(-37.0649777111883,-48.0836982070007,-7.58236382185068));
#5944=CARTESIAN_POINT('Ctrl Pts',(-35.5635267576095,-48.0160138194845,-7.79384117333078));
#5945=CARTESIAN_POINT('Ctrl Pts',(-37.0635267576096,-48.0160138194845,-7.79384117333078));
#5946=CARTESIAN_POINT('Ctrl Pts',(-35.5631824899395,-48.0000007450581,-7.89668225807991));
#5947=CARTESIAN_POINT('Ctrl Pts',(-37.0631824899395,-48.0000007450581,-7.89668225807991));
#5948=CARTESIAN_POINT('Ctrl Pts',(-35.5631824898598,-48.0000007450581,-8.00000011920929));
#5949=CARTESIAN_POINT('Ctrl Pts',(-37.0631824898598,-48.0000007450581,-8.00000011920929));
#5950=CARTESIAN_POINT('',(-35.6043837905579,-50.,-8.00000011920929));
#5951=CARTESIAN_POINT('Ctrl Pts',(-35.5631824898598,-48.0000007450581,-8.00000011920929));
#5952=CARTESIAN_POINT('Ctrl Pts',(-35.5631824899395,-48.0000007450581,-7.89668225807991));
#5953=CARTESIAN_POINT('Ctrl Pts',(-35.5635267576095,-48.0160138194845,-7.79384117333078));
#5954=CARTESIAN_POINT('Ctrl Pts',(-35.5642036961678,-48.0475917916355,-7.69517697379123));
#5955=CARTESIAN_POINT('Ctrl Pts',(-35.5649777111883,-48.0836982070007,-7.58236382185068));
#5956=CARTESIAN_POINT('Ctrl Pts',(-35.5661738915216,-48.139561960648,-7.47686178068595));
#5957=CARTESIAN_POINT('Ctrl Pts',(-35.5677284045026,-48.2125706643008,-7.38359626657562));
#5958=CARTESIAN_POINT('Ctrl Pts',(-35.5691668388878,-48.2801276619207,-7.29729507508024));
#5959=CARTESIAN_POINT('Ctrl Pts',(-35.5708915417006,-48.3614127027991,-7.22268726951457));
#5960=CARTESIAN_POINT('Ctrl Pts',(-35.5728258006423,-48.4531669511325,-7.16275913586829));
#5961=CARTESIAN_POINT('Ctrl Pts',(-35.5750248254365,-48.5574807338953,-7.09462790022406));
#5962=CARTESIAN_POINT('Ctrl Pts',(-35.577458161568,-48.6736118282149,-7.04658967022743));
#5963=CARTESIAN_POINT('Ctrl Pts',(-35.5799924065959,-48.7955667802379,-7.02112006460766));
#5964=CARTESIAN_POINT('Ctrl Pts',(-35.5809275582974,-48.8405688931486,-7.01172162650507));
#5965=CARTESIAN_POINT('Ctrl Pts',(-35.5818723828681,-48.8861654783337,-7.00543771809953));
#5966=CARTESIAN_POINT('Ctrl Pts',(-35.5828199996699,-48.932031960113,-7.00231301903395));
#5967=CARTESIAN_POINT('Ctrl Pts',(-35.5834324056233,-48.9616735899882,-7.0002936539207));
#5968=CARTESIAN_POINT('Ctrl Pts',(-35.5840452073503,-48.9913905065341,-6.99959628542479));
#5969=CARTESIAN_POINT('Ctrl Pts',(-35.5846565735493,-49.0210942561164,-7.00022299253689));
#5970=CARTESIAN_POINT('Ctrl Pts',(-35.5852225457729,-49.0485925005862,-7.00080316660992));
#5971=CARTESIAN_POINT('Ctrl Pts',(-35.5857867878171,-49.0760551578785,-7.00251757787663));
#5972=CARTESIAN_POINT('Ctrl Pts',(-35.5863478754483,-49.1034121629315,-7.0053618650945));
#5973=CARTESIAN_POINT('Ctrl Pts',(-35.5870713141364,-49.1386849345022,-7.00902914859732));
#5974=CARTESIAN_POINT('Ctrl Pts',(-35.5877885997676,-49.1737378248801,-7.01457016634004));
#5975=CARTESIAN_POINT('Ctrl Pts',(-35.5884967727404,-49.2084222296833,-7.02196147764014));
#5976=CARTESIAN_POINT('Ctrl Pts',(-35.5899039230014,-49.2773406594264,-7.03664812345218));
#5977=CARTESIAN_POINT('Ctrl Pts',(-35.5912691484601,-49.3445150798801,-7.05857853349846));
#5978=CARTESIAN_POINT('Ctrl Pts',(-35.5925708871783,-49.4088250305087,-7.08738757602908));
#5979=CARTESIAN_POINT('Ctrl Pts',(-35.5948720060667,-49.5225074769417,-7.13831410298573));
#5980=CARTESIAN_POINT('Ctrl Pts',(-35.5969431638019,-49.6256837259885,-7.21003874391652));
#5981=CARTESIAN_POINT('Ctrl Pts',(-35.5986878398923,-49.7130288534191,-7.29886558120564));
#5982=CARTESIAN_POINT('Ctrl Pts',(-35.6005025921995,-49.80388226306,-7.39126021468688));
#5983=CARTESIAN_POINT('Ctrl Pts',(-35.6019309192347,-49.8759197665743,-7.50044248615454));
#5984=CARTESIAN_POINT('Ctrl Pts',(-35.6029045297711,-49.9251211642358,-7.62032818805226));
#5985=CARTESIAN_POINT('Ctrl Pts',(-35.6038830306514,-49.9745696953699,-7.74081606328734));
#5986=CARTESIAN_POINT('Ctrl Pts',(-35.6043837906666,-50.,-7.86979541717542));
#5987=CARTESIAN_POINT('Ctrl Pts',(-35.6043837905579,-50.,-8.00000011920929));
#5988=CARTESIAN_POINT('',(-37.1043837905579,-50.,-8.00000011920929));
#5989=CARTESIAN_POINT('Ctrl Pts',(-37.1043837905579,-50.,-8.00000011920929));
#5990=CARTESIAN_POINT('Ctrl Pts',(-37.1043837906666,-50.,-7.86979541717542));
#5991=CARTESIAN_POINT('Ctrl Pts',(-37.1038830306514,-49.9745696953699,-7.74081606328734));
#5992=CARTESIAN_POINT('Ctrl Pts',(-37.1029045297711,-49.9251211642358,-7.62032818805226));
#5993=CARTESIAN_POINT('Ctrl Pts',(-37.1019309192347,-49.8759197665743,-7.50044248615454));
#5994=CARTESIAN_POINT('Ctrl Pts',(-37.1005025921995,-49.80388226306,-7.39126021468688));
#5995=CARTESIAN_POINT('Ctrl Pts',(-37.0986878398923,-49.7130288534191,-7.29886558120564));
#5996=CARTESIAN_POINT('Ctrl Pts',(-37.096943163802,-49.6256837259885,-7.21003874391652));
#5997=CARTESIAN_POINT('Ctrl Pts',(-37.0948720060667,-49.5225074769417,-7.13831410298573));
#5998=CARTESIAN_POINT('Ctrl Pts',(-37.0925708871783,-49.4088250305087,-7.08738757602908));
#5999=CARTESIAN_POINT('Ctrl Pts',(-37.0912691484601,-49.3445150798801,-7.05857853349846));
#6000=CARTESIAN_POINT('Ctrl Pts',(-37.0899039230014,-49.2773406594264,-7.03664812345218));
#6001=CARTESIAN_POINT('Ctrl Pts',(-37.0884967727404,-49.2084222296833,-7.02196147764014));
#6002=CARTESIAN_POINT('Ctrl Pts',(-37.0877885997676,-49.1737378248801,-7.01457016634004));
#6003=CARTESIAN_POINT('Ctrl Pts',(-37.0870713141364,-49.1386849345022,-7.00902914859732));
#6004=CARTESIAN_POINT('Ctrl Pts',(-37.0863478754483,-49.1034121629315,-7.0053618650945));
#6005=CARTESIAN_POINT('Ctrl Pts',(-37.0857867878171,-49.0760551578785,-7.00251757787663));
#6006=CARTESIAN_POINT('Ctrl Pts',(-37.0852225457729,-49.0485925005862,-7.00080316660992));
#6007=CARTESIAN_POINT('Ctrl Pts',(-37.0846565735493,-49.0210942561164,-7.00022299253689));
#6008=CARTESIAN_POINT('Ctrl Pts',(-37.0840452073503,-48.9913905065341,-6.99959628542479));
#6009=CARTESIAN_POINT('Ctrl Pts',(-37.0834324056233,-48.9616735899882,-7.0002936539207));
#6010=CARTESIAN_POINT('Ctrl Pts',(-37.0828199996699,-48.932031960113,-7.00231301903395));
#6011=CARTESIAN_POINT('Ctrl Pts',(-37.0818723828681,-48.8861654783337,-7.00543771809953));
#6012=CARTESIAN_POINT('Ctrl Pts',(-37.0809275582974,-48.8405688931486,-7.01172162650507));
#6013=CARTESIAN_POINT('Ctrl Pts',(-37.0799924065959,-48.7955667802379,-7.02112006460766));
#6014=CARTESIAN_POINT('Ctrl Pts',(-37.077458161568,-48.6736118282149,-7.04658967022743));
#6015=CARTESIAN_POINT('Ctrl Pts',(-37.0750248254365,-48.5574807338953,-7.09462790022406));
#6016=CARTESIAN_POINT('Ctrl Pts',(-37.0728258006423,-48.4531669511325,-7.16275913586829));
#6017=CARTESIAN_POINT('Ctrl Pts',(-37.0708915417006,-48.3614127027991,-7.22268726951457));
#6018=CARTESIAN_POINT('Ctrl Pts',(-37.0691668388878,-48.2801276619207,-7.29729507508024));
#6019=CARTESIAN_POINT('Ctrl Pts',(-37.0677284045026,-48.2125706643008,-7.38359626657562));
#6020=CARTESIAN_POINT('Ctrl Pts',(-37.0661738915216,-48.139561960648,-7.47686178068595));
#6021=CARTESIAN_POINT('Ctrl Pts',(-37.0649777111883,-48.0836982070007,-7.58236382185068));
#6022=CARTESIAN_POINT('Ctrl Pts',(-37.0642036961678,-48.0475917916355,-7.69517697379123));
#6023=CARTESIAN_POINT('Ctrl Pts',(-37.0635267576096,-48.0160138194845,-7.79384117333078));
#6024=CARTESIAN_POINT('Ctrl Pts',(-37.0631824899395,-48.0000007450581,-7.89668225807991));
#6025=CARTESIAN_POINT('Ctrl Pts',(-37.0631824898598,-48.0000007450581,-8.00000011920929));
#6026=CARTESIAN_POINT('',(-35.6043837905579,-50.,-8.00000011920929));
#6027=CARTESIAN_POINT('Ctrl Pts',(-35.5621020014706,-47.9497482133639,-25.1650325468193));
#6028=CARTESIAN_POINT('Ctrl Pts',(-37.0621020014706,-47.9497482133639,-25.1650325468193));
#6029=CARTESIAN_POINT('Ctrl Pts',(-35.5744241082612,-48.5222576172598,-24.5925231429235));
#6030=CARTESIAN_POINT('Ctrl Pts',(-37.0744241082612,-48.5222576172598,-24.5925231429235));
#6031=CARTESIAN_POINT('Ctrl Pts',(-35.584091792745,-48.9911442527909,-23.9249794979187));
#6032=CARTESIAN_POINT('Ctrl Pts',(-37.084091792745,-48.9911442527909,-23.9249794979187));
#6033=CARTESIAN_POINT('Ctrl Pts',(-35.5955938840419,-49.5575811706351,-22.7194590346569));
#6034=CARTESIAN_POINT('Ctrl Pts',(-37.0955938840419,-49.5575811706351,-22.7194590346569));
#6035=CARTESIAN_POINT('Ctrl Pts',(-35.5989540514664,-49.7260862318458,-22.2234029566051));
#6036=CARTESIAN_POINT('Ctrl Pts',(-37.0989540514664,-49.7260862318458,-22.2234029566051));
#6037=CARTESIAN_POINT('Ctrl Pts',(-35.6033153505183,-49.9456341221253,-21.2212090546737));
#6038=CARTESIAN_POINT('Ctrl Pts',(-37.1033153505183,-49.9456341221253,-21.2212090546737));
#6039=CARTESIAN_POINT('Ctrl Pts',(-35.6043837946336,-50.0000007450581,-20.718982005285));
#6040=CARTESIAN_POINT('Ctrl Pts',(-37.1043837946336,-50.0000007450581,-20.718982005285));
#6041=CARTESIAN_POINT('Ctrl Pts',(-35.6043837950541,-50.0000007450581,-20.2152850785135));
#6042=CARTESIAN_POINT('Ctrl Pts',(-37.1043837950541,-50.0000007450581,-20.2152850785135));
#6043=CARTESIAN_POINT('',(-35.6043837950541,-50.0000007450581,-20.2152850785135));
#6044=CARTESIAN_POINT('Ctrl Pts',(-35.6043837950541,-50.0000007450581,-20.2152850785135));
#6045=CARTESIAN_POINT('Ctrl Pts',(-35.6043837946336,-50.0000007450581,-20.718982005285));
#6046=CARTESIAN_POINT('Ctrl Pts',(-35.6033153505183,-49.9456341221253,-21.2212090546737));
#6047=CARTESIAN_POINT('Ctrl Pts',(-35.6011741819027,-49.837847646882,-21.7132335877358));
#6048=CARTESIAN_POINT('Ctrl Pts',(-35.5989540514664,-49.7260862318458,-22.2234029566051));
#6049=CARTESIAN_POINT('Ctrl Pts',(-35.5955938840419,-49.5575811706351,-22.7194590346569));
#6050=CARTESIAN_POINT('Ctrl Pts',(-35.5910840036471,-49.3354856677631,-23.1921342171462));
#6051=CARTESIAN_POINT('Ctrl Pts',(-35.584091792745,-48.9911442527909,-23.9249794979187));
#6052=CARTESIAN_POINT('Ctrl Pts',(-35.5744241082612,-48.5222576172598,-24.5925231429235));
#6053=CARTESIAN_POINT('Ctrl Pts',(-35.5621020014706,-47.9497482133639,-25.1650325468193));
#6054=CARTESIAN_POINT('',(-37.1043837950541,-50.0000007450581,-20.2152850785135));
#6055=CARTESIAN_POINT('',(-35.6043837950541,-50.0000007450581,-20.2152850785135));
#6056=CARTESIAN_POINT('Ctrl Pts',(-37.0621020014706,-47.9497482133639,-25.1650325468193));
#6057=CARTESIAN_POINT('Ctrl Pts',(-37.0744241082612,-48.5222576172598,-24.5925231429235));
#6058=CARTESIAN_POINT('Ctrl Pts',(-37.084091792745,-48.9911442527909,-23.9249794979187));
#6059=CARTESIAN_POINT('Ctrl Pts',(-37.0910840036471,-49.3354856677631,-23.1921342171462));
#6060=CARTESIAN_POINT('Ctrl Pts',(-37.0955938840419,-49.5575811706351,-22.7194590346569));
#6061=CARTESIAN_POINT('Ctrl Pts',(-37.0989540514664,-49.7260862318458,-22.2234029566051));
#6062=CARTESIAN_POINT('Ctrl Pts',(-37.1011741819027,-49.837847646882,-21.7132335877358));
#6063=CARTESIAN_POINT('Ctrl Pts',(-37.1033153505183,-49.9456341221253,-21.2212090546737));
#6064=CARTESIAN_POINT('Ctrl Pts',(-37.1043837946336,-50.0000007450581,-20.718982005285));
#6065=CARTESIAN_POINT('Ctrl Pts',(-37.1043837950541,-50.0000007450581,-20.2152850785135));
#6066=CARTESIAN_POINT('Ctrl Pts',(-37.1043847242176,-50.0000481987629,-28.2910292797307));
#6067=CARTESIAN_POINT('Ctrl Pts',(-37.0626950838594,-47.8862347459114,-28.1936133234945));
#6068=CARTESIAN_POINT('Ctrl Pts',(-37.0151238906992,-45.7726072210461,-28.0926000100258));
#6069=CARTESIAN_POINT('Ctrl Pts',(-36.9616711447372,-43.6591656241672,-27.9879893393244));
#6070=CARTESIAN_POINT('Ctrl Pts',(-37.1043847301322,-50.0000481987629,-21.2065940087824));
#6071=CARTESIAN_POINT('Ctrl Pts',(-37.062695089295,-47.8862347459114,-21.1142602880972));
#6072=CARTESIAN_POINT('Ctrl Pts',(-37.0151238956692,-45.7726072210461,-21.0198526771031));
#6073=CARTESIAN_POINT('Ctrl Pts',(-36.9616711492546,-43.6591656241672,-20.9233711758001));
#6074=CARTESIAN_POINT('Ctrl Pts',(-37.1043847360468,-50.0000481987629,-14.1221587378341));
#6075=CARTESIAN_POINT('Ctrl Pts',(-37.0626950947308,-47.8862347459114,-14.0349072527));
#6076=CARTESIAN_POINT('Ctrl Pts',(-37.0151239006392,-45.7726072210461,-13.9471053441805));
#6077=CARTESIAN_POINT('Ctrl Pts',(-36.961671153772,-43.6591656241672,-13.8587530122758));
#6078=CARTESIAN_POINT('Ctrl Pts',(-37.1043847419614,-50.0000481987629,-7.03772346688575));
#6079=CARTESIAN_POINT('Ctrl Pts',(-37.0626951001665,-47.8862347459114,-6.95555421730266));
#6080=CARTESIAN_POINT('Ctrl Pts',(-37.0151239056091,-45.7726072210461,-6.87435801125792));
#6081=CARTESIAN_POINT('Ctrl Pts',(-36.9616711582894,-43.6591656241672,-6.79413484875152));
#6082=CARTESIAN_POINT('Ctrl Pts',(-37.1043837803597,-50.,-20.2152850785135));
#6083=CARTESIAN_POINT('Ctrl Pts',(-37.1043837836981,-50.,-16.2165567022569));
#6084=CARTESIAN_POINT('Ctrl Pts',(-37.1043837870366,-50.,-12.2178283260004));
#6085=CARTESIAN_POINT('Ctrl Pts',(-37.104383790436,-50.,-8.14606667289898));
#6086=CARTESIAN_POINT('Ctrl Pts',(-37.104383790497,-50.,-8.07303339605413));
#6087=CARTESIAN_POINT('Ctrl Pts',(-37.1043837905579,-50.,-8.00000011920929));
#6088=CARTESIAN_POINT('Origin',(39.9021918963747,-50.,0.656802011296218));
#6089=CARTESIAN_POINT('',(40.9021918963747,-50.,-0.343197988703781));
#6090=CARTESIAN_POINT('',(39.9021918963747,-50.,0.656802011296218));
#6091=CARTESIAN_POINT('',(32.4423096253315,-50.,8.11668428233939));
#6092=CARTESIAN_POINT('',(39.9021918963747,-48.,0.656802011296236));
#6093=CARTESIAN_POINT('',(39.9021918963747,-50.,0.656802011296218));
#6094=CARTESIAN_POINT('',(40.9021918963747,-48.,-0.343197988703763));
#6095=CARTESIAN_POINT('',(39.9021918963747,-48.,0.656802011296236));
#6096=CARTESIAN_POINT('',(40.9021918963747,-50.,-0.343197988703781));
#6097=CARTESIAN_POINT('Origin',(34.9021918963747,-50.,0.656802011296216));
#6098=CARTESIAN_POINT('',(34.9021918963747,-50.,0.656802011296216));
#6099=CARTESIAN_POINT('',(17.4510959481873,-50.,0.656802011296209));
#6100=CARTESIAN_POINT('',(34.9021918963747,-48.,0.656802011296234));
#6101=CARTESIAN_POINT('',(34.9021918963747,-50.,0.656802011296216));
#6102=CARTESIAN_POINT('',(34.9021918963747,-48.,0.656802011296234));
#6103=CARTESIAN_POINT('Origin',(33.9021918963747,-50.,-0.343197988703784));
#6104=CARTESIAN_POINT('',(33.9021918963747,-50.,-0.343197988703784));
#6105=CARTESIAN_POINT('',(23.1609782192305,-50.,-11.0844116658479));
#6106=CARTESIAN_POINT('',(33.9021918963747,-48.,-0.343197988703766));
#6107=CARTESIAN_POINT('',(33.9021918963747,-50.,-0.343197988703784));
#6108=CARTESIAN_POINT('',(34.7631824684407,-48.,0.517792583362262));
#6109=CARTESIAN_POINT('',(22.702179865003,-48.0000000000001,-11.5432100200754));
#6110=CARTESIAN_POINT('',(33.9021918963747,-48.,-0.343197988703766));
#6111=CARTESIAN_POINT('Origin',(33.9021918963747,-50.,-2.34319798870379));
#6112=CARTESIAN_POINT('',(33.9021918963747,-50.,-2.34319798870379));
#6113=CARTESIAN_POINT('',(33.9021918963747,-50.,-5.87452939480477));
#6114=CARTESIAN_POINT('',(33.9021918963747,-48.,-2.34319798870377));
#6115=CARTESIAN_POINT('',(33.9021918963747,-50.,-2.34319798870379));
#6116=CARTESIAN_POINT('',(33.9021918963747,-48.,-6.79212610325975));
#6117=CARTESIAN_POINT('Origin',(-40.9021918963747,-50.,-2.34319798870378));
#6118=CARTESIAN_POINT('',(-40.9021918963747,-50.,-0.343197988703781));
#6119=CARTESIAN_POINT('',(-40.9021918963747,-50.,-2.34319798870378));
#6120=CARTESIAN_POINT('',(-40.9021918963747,-50.,-5.87452939480477));
#6121=CARTESIAN_POINT('',(-40.9021918963747,-48.,-2.34319798870377));
#6122=CARTESIAN_POINT('',(-40.9021918963747,-50.,-2.34319798870378));
#6123=CARTESIAN_POINT('',(-40.9021918963747,-48.,-0.343197988703763));
#6124=CARTESIAN_POINT('',(-40.9021918963747,-48.,-0.343197988703763));
#6125=CARTESIAN_POINT('',(-40.9021918963747,-50.,-0.343197988703781));
#6126=CARTESIAN_POINT('Origin',(-39.9021918963747,-50.,-3.34319798870378));
#6127=CARTESIAN_POINT('',(-39.9021918963747,-50.,-3.34319798870378));
#6128=CARTESIAN_POINT('',(-28.4109782192305,-50.,-14.8344116658479));
#6129=CARTESIAN_POINT('',(-39.9021918963747,-48.,-3.34319798870377));
#6130=CARTESIAN_POINT('',(-39.9021918963747,-50.,-3.34319798870378));
#6131=CARTESIAN_POINT('',(-40.9021918963747,-48.,-2.34319798870377));
#6132=CARTESIAN_POINT('Origin',(-34.9021918963747,-50.,-3.34319798870379));
#6133=CARTESIAN_POINT('',(-34.9021918963747,-50.,-3.34319798870379));
#6134=CARTESIAN_POINT('',(-17.4510959481873,-50.,-3.34319798870379));
#6135=CARTESIAN_POINT('',(-34.9021918963747,-48.,-3.34319798870377));
#6136=CARTESIAN_POINT('',(-34.9021918963747,-50.,-3.34319798870379));
#6137=CARTESIAN_POINT('',(-39.9021918963747,-48.,-3.34319798870377));
#6138=CARTESIAN_POINT('Origin',(-33.9021918963747,-50.,-2.34319798870379));
#6139=CARTESIAN_POINT('',(-33.9021918963747,-50.,-2.34319798870379));
#6140=CARTESIAN_POINT('',(-27.1923096253315,-50.,4.36668428233939));
#6141=CARTESIAN_POINT('',(-33.9021918963747,-48.,-2.34319798870377));
#6142=CARTESIAN_POINT('',(-33.9021918963747,-50.,-2.34319798870379));
#6143=CARTESIAN_POINT('',(-34.7631824684407,-48.0000000000006,-3.20418856076981));
#6144=CARTESIAN_POINT('',(-27.651107979559,-48.0000000000005,3.9078859281119));
#6145=CARTESIAN_POINT('',(-33.9021918963747,-48.,-2.34319798870377));
#6146=CARTESIAN_POINT('Origin',(-25.8692598175659,-50.,-32.5867295220218));
#6147=CARTESIAN_POINT('',(-25.8692598175659,-50.,-32.5867295220218));
#6148=CARTESIAN_POINT('',(25.8692598175659,-50.,-32.5867295220218));
#6149=CARTESIAN_POINT('',(-12.934629908783,-50.,-32.5867295220218));
#6150=CARTESIAN_POINT('',(25.8692598175659,-48.,-32.5867295220218));
#6151=CARTESIAN_POINT('',(25.8692598175659,-50.,-32.5867295220218));
#6152=CARTESIAN_POINT('',(-25.8692598175659,-48.,-32.5867295220218));
#6153=CARTESIAN_POINT('',(-8.88178419700125E-15,-48.,-32.5867295220218));
#6154=CARTESIAN_POINT('',(-25.8692598175659,-50.,-32.5867295220218));
#6155=CARTESIAN_POINT('Origin',(25.8692598175659,-50.,-32.5867295220218));
#6156=CARTESIAN_POINT('',(31.8043837846313,-50.,-26.8397154335622));
#6157=CARTESIAN_POINT('',(24.9859336371514,-50.,-33.4420592559444));
#6158=CARTESIAN_POINT('',(31.8043837846313,-48.,-26.8397154335622));
#6159=CARTESIAN_POINT('',(31.8043837846313,-50.,-26.8397154335622));
#6160=CARTESIAN_POINT('',(25.8692598175659,-48.,-32.5867295220218));
#6161=CARTESIAN_POINT('Origin',(-31.8043837846313,-50.,10.1014487571697));
#6162=CARTESIAN_POINT('',(-31.8043837846313,-50.,10.1014487571697));
#6163=CARTESIAN_POINT('',(-31.8043837846313,-50.,5.00000008940697));
#6164=CARTESIAN_POINT('',(-31.8043837846313,-50.,0.347793978131974));
#6165=CARTESIAN_POINT('',(-31.8043837846314,-48.,5.00000008940697));
#6166=CARTESIAN_POINT('',(-31.8043837846314,-39.0000000000001,5.00000008940697));
#6167=CARTESIAN_POINT('',(-31.8043837846314,-48.,10.1014487571697));
#6168=CARTESIAN_POINT('',(-31.8043837846314,-48.,10.1014487571697));
#6169=CARTESIAN_POINT('',(-31.8043837846313,-50.,10.1014487571697));
#6170=CARTESIAN_POINT('Origin',(31.8043837846313,-50.,-26.8397154335622));
#6171=CARTESIAN_POINT('',(31.8043837846313,-50.,5.00000008940697));
#6172=CARTESIAN_POINT('',(31.8043837846313,-50.,10.1014487571697));
#6173=CARTESIAN_POINT('',(31.8043837846313,-50.,-18.122788117234));
#6174=CARTESIAN_POINT('',(31.8043837846313,-48.,10.1014487571697));
#6175=CARTESIAN_POINT('',(31.8043837846313,-50.,10.1014487571697));
#6176=CARTESIAN_POINT('',(31.8043837846313,-48.,5.00000008940697));
#6177=CARTESIAN_POINT('',(31.8043837846313,-48.,-26.8397154335622));
#6178=CARTESIAN_POINT('',(31.8043837846312,-38.9999999999999,5.00000008940697));
#6179=CARTESIAN_POINT('Origin',(31.8043837846313,-50.,-26.8397154335622));
#6180=CARTESIAN_POINT('',(31.8043837846313,-50.,4.00000007450581));
#6181=CARTESIAN_POINT('',(31.8043837846313,-50.,-18.122788117234));
#6182=CARTESIAN_POINT('',(31.8043837846313,-48.,4.00000007450581));
#6183=CARTESIAN_POINT('',(31.8043837846313,-49.9999999999999,4.00000007450581));
#6184=CARTESIAN_POINT('',(31.8043837846313,-48.,-26.8397154335622));
#6185=CARTESIAN_POINT('Ctrl Pts',(-14.541724405038,-54.9435643137385,-5.30847659943659));
#6186=CARTESIAN_POINT('Ctrl Pts',(-24.0278163658411,-53.295709525847,-5.26690871532117));
#6187=CARTESIAN_POINT('Ctrl Pts',(-33.5139083266442,-51.6478547379555,-5.22534083120575));
#6188=CARTESIAN_POINT('Ctrl Pts',(-43.0000002874473,-49.999999950064,-5.18377294709033));
#6189=CARTESIAN_POINT('Ctrl Pts',(-14.541724405038,-54.2375691275841,-5.49994996404764));
#6190=CARTESIAN_POINT('Ctrl Pts',(-24.0278163658411,-52.6037527820519,-5.45479721113435));
#6191=CARTESIAN_POINT('Ctrl Pts',(-33.5139083266442,-50.9691659616584,-5.40982602372102));
#6192=CARTESIAN_POINT('Ctrl Pts',(-43.0000002874473,-49.3353496161261,-5.36467327080773));
#6193=CARTESIAN_POINT('Ctrl Pts',(-14.5417244050381,-52.6021424927747,-5.87985600945337));
#6194=CARTESIAN_POINT('Ctrl Pts',(-24.0278163658412,-50.9998314179602,-5.8265136071941));
#6195=CARTESIAN_POINT('Ctrl Pts',(-33.5139083266443,-49.3981265244436,-5.77303299110744));
#6196=CARTESIAN_POINT('Ctrl Pts',(-43.0000002874474,-47.795815449629,-5.71969058884817));
#6197=CARTESIAN_POINT('Ctrl Pts',(-14.541724405038,-48.6454268181578,-6.61749679909321));
#6198=CARTESIAN_POINT('Ctrl Pts',(-24.0278163658411,-47.1184194568652,-6.54557586932106));
#6199=CARTESIAN_POINT('Ctrl Pts',(-33.5139083266443,-45.591054607849,-6.47373819543322));
#6200=CARTESIAN_POINT('Ctrl Pts',(-43.0000002874473,-44.0640472465564,-6.40181726566107));
#6201=CARTESIAN_POINT('Ctrl Pts',(-14.5417244050381,-43.6071326043691,-7.37827074552155));
#6202=CARTESIAN_POINT('Ctrl Pts',(-24.0278163658412,-42.169059445812,-7.28718405065647));
#6203=CARTESIAN_POINT('Ctrl Pts',(-33.5139083266443,-40.7311356832816,-7.19605842834623));
#6204=CARTESIAN_POINT('Ctrl Pts',(-43.0000002874474,-39.2930625247245,-7.10497173348115));
#6205=CARTESIAN_POINT('Ctrl Pts',(-14.5417244050381,-40.106810581024,-7.73844059407216));
#6206=CARTESIAN_POINT('Ctrl Pts',(-24.0278163658412,-38.7288849083179,-7.64145363658919));
#6207=CARTESIAN_POINT('Ctrl Pts',(-33.5139083266443,-37.3509784190565,-7.54447206080072));
#6208=CARTESIAN_POINT('Ctrl Pts',(-43.0000002874474,-35.9730527463504,-7.44748510331775));
#6209=CARTESIAN_POINT('Ctrl Pts',(-14.5417244050381,-37.0201753969585,-7.92444713745367));
#6210=CARTESIAN_POINT('Ctrl Pts',(-24.0278163658412,-35.6987182026789,-7.82573055210573));
#6211=CARTESIAN_POINT('Ctrl Pts',(-33.5139083266443,-34.3772645997097,-7.72699820371909));
#6212=CARTESIAN_POINT('Ctrl Pts',(-43.0000002874474,-33.0558074054301,-7.62828161837115));
#6213=CARTESIAN_POINT('Ctrl Pts',(-14.541724405038,-34.1725345422406,-8.06139891140936));
#6214=CARTESIAN_POINT('Ctrl Pts',(-24.0278163658411,-32.903530766659,-7.96128810829352));
#6215=CARTESIAN_POINT('Ctrl Pts',(-33.5139083266442,-31.6345988799911,-7.86116506008699));
#6216=CARTESIAN_POINT('Ctrl Pts',(-43.0000002874473,-30.3655951044095,-7.76105425697115));
#6217=CARTESIAN_POINT('Ctrl Pts',(-14.541724405038,-30.6678088984633,-8.21606855800968));
#6218=CARTESIAN_POINT('Ctrl Pts',(-24.0278163658411,-29.4631380990611,-8.11375608998912));
#6219=CARTESIAN_POINT('Ctrl Pts',(-33.5139083266443,-28.2584301104143,-8.01144575816667));
#6220=CARTESIAN_POINT('Ctrl Pts',(-43.0000002874473,-27.053759311012,-7.90913329014611));
#6221=CARTESIAN_POINT('Ctrl Pts',(-14.541724405038,-25.196977920647,-8.4497820414877));
#6222=CARTESIAN_POINT('Ctrl Pts',(-24.0278163658412,-24.0915018155854,-8.343355403995));
#6223=CARTESIAN_POINT('Ctrl Pts',(-33.5139083266442,-22.9860713279819,-8.23690697566444));
#6224=CARTESIAN_POINT('Ctrl Pts',(-43.0000002874473,-21.8805952229203,-8.13048033817174));
#6225=CARTESIAN_POINT('Ctrl Pts',(-14.541724405038,-17.2683666011925,-8.77276000732025));
#6226=CARTESIAN_POINT('Ctrl Pts',(-24.0278163658411,-16.3041218349878,-8.65956424906629));
#6227=CARTESIAN_POINT('Ctrl Pts',(-33.5139083266443,-15.3398950731427,-8.5463721531689));
#6228=CARTESIAN_POINT('Ctrl Pts',(-43.0000002874473,-14.3756503069379,-8.43317639491495));
#6229=CARTESIAN_POINT('Ctrl Pts',(-14.541724405038,-8.0348265652547,-9.05957453984871));
#6230=CARTESIAN_POINT('Ctrl Pts',(-24.0278163658412,-7.23188912393045,-8.9404323964011));
#6231=CARTESIAN_POINT('Ctrl Pts',(-33.5139083266442,-6.42893062764147,-8.8212946600483));
#6232=CARTESIAN_POINT('Ctrl Pts',(-43.0000002874474,-5.62599318631722,-8.70215251660069));
#6233=CARTESIAN_POINT('Ctrl Pts',(-14.541724405038,0.0547901914673021,-9.18119978570129));
#6234=CARTESIAN_POINT('Ctrl Pts',(-24.0278163658411,0.716759938510236,-9.06020138672934));
#6235=CARTESIAN_POINT('Ctrl Pts',(-33.5139083266443,1.3788096000104,-8.93921248224117));
#6236=CARTESIAN_POINT('Ctrl Pts',(-43.0000002874474,2.04077934705333,-8.81821408326922));
#6237=CARTESIAN_POINT('Ctrl Pts',(-14.541724405038,7.55826135894188,-9.19164056665463));
#6238=CARTESIAN_POINT('Ctrl Pts',(-24.0278163658411,8.08844996904627,-9.07122844071202));
#6239=CARTESIAN_POINT('Ctrl Pts',(-33.5139083266443,8.61876653978064,-8.95083980568388));
#6240=CARTESIAN_POINT('Ctrl Pts',(-43.0000002874473,9.14895514988503,-8.83042767974126));
#6241=CARTESIAN_POINT('Ctrl Pts',(-14.541724405038,17.860560408598,-9.15525605975174));
#6242=CARTESIAN_POINT('Ctrl Pts',(-24.0278163658411,18.2086438556161,-9.03602209398177));
#6243=CARTESIAN_POINT('Ctrl Pts',(-33.5139083266442,18.5568509261849,-8.91679190675429));
#6244=CARTESIAN_POINT('Ctrl Pts',(-43.0000002874473,18.904934373203,-8.79755794098432));
#6245=CARTESIAN_POINT('Ctrl Pts',(-14.541724405038,31.9655081929141,-9.09014254608679));
#6246=CARTESIAN_POINT('Ctrl Pts',(-24.0278163658411,32.0644469691542,-8.97150124456945));
#6247=CARTESIAN_POINT('Ctrl Pts',(-33.5139083266442,32.1631731578017,-8.85286007917997));
#6248=CARTESIAN_POINT('Ctrl Pts',(-43.0000002874473,32.2621119340417,-8.73421877766263));
#6249=CARTESIAN_POINT('Ctrl Pts',(-14.541724405038,43.5103826479604,-8.88745094245143));
#6250=CARTESIAN_POINT('Ctrl Pts',(-24.0278163658411,43.4048452004533,-8.77261862521538));
#6251=CARTESIAN_POINT('Ctrl Pts',(-33.5139083266442,43.2998223114654,-8.6578120081982));
#6252=CARTESIAN_POINT('Ctrl Pts',(-43.0000002874473,43.1942848639582,-8.54297969096215));
#6253=CARTESIAN_POINT('Ctrl Pts',(-14.541724405038,51.5211208994323,-8.68981729694826));
#6254=CARTESIAN_POINT('Ctrl Pts',(-24.0278163658411,51.275378843255,-8.57857630351993));
#6255=CARTESIAN_POINT('Ctrl Pts',(-33.5139083266442,51.0291677266891,-8.46730466865716));
#6256=CARTESIAN_POINT('Ctrl Pts',(-43.0000002874473,50.7834256705118,-8.35606367522883));
#6257=CARTESIAN_POINT('Ctrl Pts',(-14.541724405038,56.8670733527277,-8.54575802115814));
#6258=CARTESIAN_POINT('Ctrl Pts',(-24.0278163658411,56.5273917742852,-8.4370913208324));
#6259=CARTESIAN_POINT('Ctrl Pts',(-33.5139083266442,56.1882917222797,-8.32834935821583));
#6260=CARTESIAN_POINT('Ctrl Pts',(-43.0000002874473,55.8486101438373,-8.2196826578901));
#6261=CARTESIAN_POINT('Ctrl Pts',(-14.541724405038,66.9481405863684,-8.24152549453081));
#6262=CARTESIAN_POINT('Ctrl Pts',(-24.0278163658411,66.4336804494994,-8.13795146836655));
#6263=CARTESIAN_POINT('Ctrl Pts',(-33.5139083266442,65.9184773613072,-8.0344218125909));
#6264=CARTESIAN_POINT('Ctrl Pts',(-43.0000002874473,65.4040172244382,-7.93084778642664));
#6265=CARTESIAN_POINT('Ctrl Pts',(-14.541724405038,80.6416117003988,-7.7786750011537));
#6266=CARTESIAN_POINT('Ctrl Pts',(-24.0278163658411,79.8815195935682,-7.68363615184552));
#6267=CARTESIAN_POINT('Ctrl Pts',(-33.5139083266442,79.1216134940136,-7.58857759610275));
#6268=CARTESIAN_POINT('Ctrl Pts',(-43.0000002874473,78.3615213871831,-7.49353874679457));
#6269=CARTESIAN_POINT('Ctrl Pts',(-14.541724405038,96.9075151295434,-7.15538397297066));
#6270=CARTESIAN_POINT('Ctrl Pts',(-24.0278163658411,95.8544158242673,-7.07217027720538));
#6271=CARTESIAN_POINT('Ctrl Pts',(-33.5139083266442,94.8011226642999,-6.98897173717963));
#6272=CARTESIAN_POINT('Ctrl Pts',(-43.0000002874473,93.7480233590238,-6.90575804141435));
#6273=CARTESIAN_POINT('Ctrl Pts',(-14.5417244050381,110.160736709027,-6.56087616955682));
#6274=CARTESIAN_POINT('Ctrl Pts',(-24.0278163658412,108.895177078146,-6.48569690620262));
#6275=CARTESIAN_POINT('Ctrl Pts',(-33.5139083266443,107.629564781159,-6.41052002421459));
#6276=CARTESIAN_POINT('Ctrl Pts',(-43.0000002874474,106.364005150279,-6.33534076086039));
#6277=CARTESIAN_POINT('Ctrl Pts',(-14.541724405038,121.126848823007,-5.97154463900606));
#6278=CARTESIAN_POINT('Ctrl Pts',(-24.0278163658411,119.658443625341,-5.90788020842979));
#6279=CARTESIAN_POINT('Ctrl Pts',(-33.5139083266442,118.189735061428,-5.84425747751587));
#6280=CARTESIAN_POINT('Ctrl Pts',(-43.0000002874473,116.721329863762,-5.7805930469396));
#6281=CARTESIAN_POINT('Ctrl Pts',(-14.541724405038,129.5250809971,-5.4645189837123));
#6282=CARTESIAN_POINT('Ctrl Pts',(-24.0278163658411,127.888590563511,-5.41217114133031));
#6283=CARTESIAN_POINT('Ctrl Pts',(-33.5139083266443,126.251788260564,-5.3598601559155));
#6284=CARTESIAN_POINT('Ctrl Pts',(-43.0000002874474,124.615297826976,-5.30751231353351));
#6285=CARTESIAN_POINT('Ctrl Pts',(-14.541724405038,137.807535610193,-4.90510905376377));
#6286=CARTESIAN_POINT('Ctrl Pts',(-24.0278163658411,136.015062322807,-4.86381590340467));
#6287=CARTESIAN_POINT('Ctrl Pts',(-33.5139083266442,134.221311809264,-4.8226870786051));
#6288=CARTESIAN_POINT('Ctrl Pts',(-43.0000002874473,132.428838521878,-4.781393928246));
#6289=CARTESIAN_POINT('Ctrl Pts',(-14.541724405038,148.171439146616,-4.1173347432182));
#6290=CARTESIAN_POINT('Ctrl Pts',(-24.0278163658411,146.229825177068,-4.08601132115007));
#6291=CARTESIAN_POINT('Ctrl Pts',(-33.5139083266442,144.289135477735,-4.05456866297343));
#6292=CARTESIAN_POINT('Ctrl Pts',(-43.0000002874473,142.347521508187,-4.0232452409053));
#6293=CARTESIAN_POINT('Ctrl Pts',(-14.541724405038,154.731882341717,-3.49595110006058));
#6294=CARTESIAN_POINT('Ctrl Pts',(-24.0278163658411,152.72608715343,-3.46950529974434));
#6295=CARTESIAN_POINT('Ctrl Pts',(-33.5139083266443,150.716454721332,-3.44354167407034));
#6296=CARTESIAN_POINT('Ctrl Pts',(-43.0000002874473,148.710659533045,-3.4170958737541));
#6297=CARTESIAN_POINT('Ctrl Pts',(-14.541724405038,158.657715630456,-3.05089888966789));
#6298=CARTESIAN_POINT('Ctrl Pts',(-24.0278163658411,156.538887983164,-3.03746864618778));
#6299=CARTESIAN_POINT('Ctrl Pts',(-33.5139083266442,154.420060335871,-3.02403840270766));
#6300=CARTESIAN_POINT('Ctrl Pts',(-43.0000002874473,152.301232688579,-3.01060815922755));
#6301=CARTESIAN_POINT('',(-35.6043837926168,-50.,-5.53392528726848));
#6302=CARTESIAN_POINT('',(-43.,-49.9999999994393,-5.18377294865438));
#6303=CARTESIAN_POINT('Ctrl Pts',(-35.6043837926168,-50.,-5.53392528726847));
#6304=CARTESIAN_POINT('Ctrl Pts',(-38.1130694856545,-50.,-5.42369026880656));
#6305=CARTESIAN_POINT('Ctrl Pts',(-40.6442579131008,-50.,-5.30547531940119));
#6306=CARTESIAN_POINT('Ctrl Pts',(-42.9999999999843,-50.,-5.18377294834999));
#6307=CARTESIAN_POINT('',(-43.,140.481217419493,-4.14798280387471));
#6308=CARTESIAN_POINT('Ctrl Pts',(-42.9999999999927,-49.9999999993989,-5.18377294851317));
#6309=CARTESIAN_POINT('Ctrl Pts',(-42.9999999999927,-49.3353496651722,-5.36467327228275));
#6310=CARTESIAN_POINT('Ctrl Pts',(-42.9999999999927,-48.5655825816533,-5.54218193137262));
#6311=CARTESIAN_POINT('Ctrl Pts',(-42.9999999999927,-47.7142280143771,-5.71620209556442));
#6312=CARTESIAN_POINT('Ctrl Pts',(-42.9999999999927,-46.8628734468448,-5.89022225980856));
#6313=CARTESIAN_POINT('Ctrl Pts',(-42.9999999999927,-45.9299313955062,-6.06075392915253));
#6314=CARTESIAN_POINT('Ctrl Pts',(-42.9999999999927,-44.9899043796453,-6.22131867327523));
#6315=CARTESIAN_POINT('Ctrl Pts',(-42.9999999999927,-43.1098503479235,-6.54244816152064));
#6316=CARTESIAN_POINT('Ctrl Pts',(-42.9999999999927,-41.2014564581128,-6.82370994888099));
#6317=CARTESIAN_POINT('Ctrl Pts',(-42.9999999999927,-39.5832575571681,-7.03284351656424));
#6318=CARTESIAN_POINT('Ctrl Pts',(-42.9999999999927,-37.9650586562233,-7.24197708424749));
#6319=CARTESIAN_POINT('Ctrl Pts',(-42.9999999999927,-36.6370547441446,-7.37898243225365));
#6320=CARTESIAN_POINT('Ctrl Pts',(-42.9999999999927,-35.2219716592413,-7.4849163866243));
#6321=CARTESIAN_POINT('Ctrl Pts',(-42.9999999999927,-34.5144301167896,-7.53788336380963));
#6322=CARTESIAN_POINT('Ctrl Pts',(-42.9999999999927,-33.7851187811317,-7.58308249258608));
#6323=CARTESIAN_POINT('Ctrl Pts',(-42.9999999999927,-32.9720943962011,-7.62781083008135));
#6324=CARTESIAN_POINT('Ctrl Pts',(-42.9999999999927,-32.1590700112705,-7.67253916757662));
#6325=CARTESIAN_POINT('Ctrl Pts',(-42.9999999999927,-31.2623325770671,-7.7167967137907));
#6326=CARTESIAN_POINT('Ctrl Pts',(-42.9999999999927,-30.2619912274076,-7.76360532577135));
#6327=CARTESIAN_POINT('Ctrl Pts',(-42.9999999999927,-29.2616498777481,-7.81041393775201));
#6328=CARTESIAN_POINT('Ctrl Pts',(-42.9999999999927,-28.1577046126325,-7.85977361549924));
#6329=CARTESIAN_POINT('Ctrl Pts',(-42.9999999999927,-26.9590864686875,-7.91212183539164));
#6330=CARTESIAN_POINT('Ctrl Pts',(-42.9999999999927,-25.7604683247424,-7.96447005528404));
#6331=CARTESIAN_POINT('Ctrl Pts',(-42.9999999999927,-24.4671773019681,-8.01980681732161));
#6332=CARTESIAN_POINT('Ctrl Pts',(-42.9999999999927,-23.1046536254343,-8.07687772914322));
#6333=CARTESIAN_POINT('Ctrl Pts',(-42.9999999999927,-20.3796062723669,-8.19101955278643));
#6334=CARTESIAN_POINT('Ctrl Pts',(-42.9999999999927,-17.377628304262,-8.31209797556576));
#6335=CARTESIAN_POINT('Ctrl Pts',(-42.9999999999927,-14.4183631326248,-8.41746654059975));
#6336=CARTESIAN_POINT('Ctrl Pts',(-42.9999999999927,-11.4590979609876,-8.52283510563373));
#6337=CARTESIAN_POINT('Ctrl Pts',(-42.9999999999927,-8.54254558581801,-8.61249381292238));
#6338=CARTESIAN_POINT('Ctrl Pts',(-42.9999999999927,-5.80647397529285,-8.67666676102083));
#6339=CARTESIAN_POINT('Ctrl Pts',(-42.9999999999927,-3.07040236476768,-8.74083970911928));
#6340=CARTESIAN_POINT('Ctrl Pts',(-42.9999999999927,-0.514811518886919,
-8.77952689802754));
#6341=CARTESIAN_POINT('Ctrl Pts',(-42.9999999999927,1.94767987185763,-8.80090609189072));
#6342=CARTESIAN_POINT('Ctrl Pts',(-42.9999999999927,4.41017126260218,-8.82228528575389));
#6343=CARTESIAN_POINT('Ctrl Pts',(-42.9999999999927,6.77956319821052,-8.82635648457199));
#6344=CARTESIAN_POINT('Ctrl Pts',(-42.9999999999927,9.18375656961922,-8.82428336663195));
#6345=CARTESIAN_POINT('Ctrl Pts',(-42.9999999999927,11.5879499410279,-8.82221024869192));
#6346=CARTESIAN_POINT('Ctrl Pts',(-42.9999999999927,14.026944748237,-8.81399281399375));
#6347=CARTESIAN_POINT('Ctrl Pts',(-42.9999999999927,16.5434197909356,-8.80429191330567));
#6348=CARTESIAN_POINT('Ctrl Pts',(-42.9999999999927,21.5763698763328,-8.7848901119295));
#6349=CARTESIAN_POINT('Ctrl Pts',(-42.9999999999927,26.9192409036882,-8.75955444659364));
#6350=CARTESIAN_POINT('Ctrl Pts',(-42.9999999999927,32.1629524023336,-8.70188918173374));
#6351=CARTESIAN_POINT('Ctrl Pts',(-42.9999999999927,37.406663900979,-8.64422391687383));
#6352=CARTESIAN_POINT('Ctrl Pts',(-42.9999999999927,42.5512158709144,-8.55422905248988));
#6353=CARTESIAN_POINT('Ctrl Pts',(-42.9999999999927,47.6201013850863,-8.43346457668891));
#6354=CARTESIAN_POINT('Ctrl Pts',(-42.9999999999927,48.2537120743578,-8.41836901721379));
#6355=CARTESIAN_POINT('Ctrl Pts',(-42.9999999999927,48.8861404752579,-8.40279268256028));
#6356=CARTESIAN_POINT('Ctrl Pts',(-42.9999999999927,49.5187487908135,-8.38684852477587));
#6357=CARTESIAN_POINT('Ctrl Pts',(-42.9999999999927,51.41657373748,-8.33901605142265));
#6358=CARTESIAN_POINT('Ctrl Pts',(-42.9999999999927,53.3160179160445,-8.28787316989137));
#6359=CARTESIAN_POINT('Ctrl Pts',(-42.9999999999927,55.2204494825869,-8.23389139144911));
#6360=CARTESIAN_POINT('Ctrl Pts',(-42.9999999999927,57.75969157131,-8.16191568685944));
#6361=CARTESIAN_POINT('Ctrl Pts',(-42.9999999999927,60.3078001275492,-8.08489305442803));
#6362=CARTESIAN_POINT('Ctrl Pts',(-42.9999999999927,62.870372776388,-8.00439069681438));
#6363=CARTESIAN_POINT('Ctrl Pts',(-42.9999999999927,67.9955180740654,-7.84338598158708));
#6364=CARTESIAN_POINT('Ctrl Pts',(-42.9999999999927,73.1785197421407,-7.66846236563079));
#6365=CARTESIAN_POINT('Ctrl Pts',(-42.9999999999927,78.334437572965,-7.48303710669623));
#6366=CARTESIAN_POINT('Ctrl Pts',(-42.9999999999927,83.4903554037892,-7.29761184776166));
#6367=CARTESIAN_POINT('Ctrl Pts',(-42.9999999999927,88.6191893973624,-7.10168494584881));
#6368=CARTESIAN_POINT('Ctrl Pts',(-42.9999999999927,93.7068027536876,-6.8896380387329));
#6369=CARTESIAN_POINT('Ctrl Pts',(-42.9999999999927,98.7944161100128,-6.67759113161699));
#6370=CARTESIAN_POINT('Ctrl Pts',(-42.9999999999927,103.84080882909,-6.44942421929802));
#6371=CARTESIAN_POINT('Ctrl Pts',(-42.9999999999927,108.975381308659,-6.18845267710179));
#6372=CARTESIAN_POINT('Ctrl Pts',(-42.9999999999927,111.542667548444,-6.05796690600367));
#6373=CARTESIAN_POINT('Ctrl Pts',(-42.9999999999927,114.131998728351,-5.91927997743624));
#6374=CARTESIAN_POINT('Ctrl Pts',(-42.9999999999927,116.742325646356,-5.77108972419436));
#6375=CARTESIAN_POINT('Ctrl Pts',(-42.9999999999927,119.352652564361,-5.62289947095247));
#6376=CARTESIAN_POINT('Ctrl Pts',(-42.9999999999927,121.983975220464,-5.46520589303613));
#6377=CARTESIAN_POINT('Ctrl Pts',(-42.9999999999927,124.601893331786,-5.29867270647421));
#6378=CARTESIAN_POINT('Ctrl Pts',(-42.9999999999927,127.219811443109,-5.13213951991229));
#6379=CARTESIAN_POINT('Ctrl Pts',(-42.9999999999927,129.824325009652,-4.95676672470479));
#6380=CARTESIAN_POINT('Ctrl Pts',(-42.9999999999927,132.366417166777,-4.77431174114569));
#6381=CARTESIAN_POINT('Ctrl Pts',(-42.9999999999927,134.908509323902,-4.59185675758659));
#6382=CARTESIAN_POINT('Ctrl Pts',(-42.9999999999927,137.388180071609,-4.40231958567589));
#6383=CARTESIAN_POINT('Ctrl Pts',(-42.9999999999927,139.748309239725,-4.20861154136887));
#6384=CARTESIAN_POINT('Ctrl Pts',(-42.9999999999927,139.994005164228,-4.18844600226509));
#6385=CARTESIAN_POINT('Ctrl Pts',(-42.9999999999927,140.23840557103,-4.16823526182606));
#6386=CARTESIAN_POINT('Ctrl Pts',(-42.9999999999927,140.481486013065,-4.14798133605599));
#6387=CARTESIAN_POINT('',(-42.0000006258488,140.000002086163,-4.20794667218837));
#6388=CARTESIAN_POINT('Ctrl Pts',(-42.0000006258488,140.000002086163,-4.20794667218836));
#6389=CARTESIAN_POINT('Ctrl Pts',(-42.3318036410328,140.159670884643,-4.18818331215604));
#6390=CARTESIAN_POINT('Ctrl Pts',(-42.6652085693704,140.320110548778,-4.16819396511811));
#6391=CARTESIAN_POINT('Ctrl Pts',(-43.,140.481217419493,-4.14798280387471));
#6392=CARTESIAN_POINT('',(-27.5473648825635,155.752756377648,-3.03248573080863));
#6393=CARTESIAN_POINT('Ctrl Pts',(-27.5473648825635,155.752756377648,-3.03248573080862));
#6394=CARTESIAN_POINT('Ctrl Pts',(-32.3465535542879,150.521846162584,-3.49689034423126));
#6395=CARTESIAN_POINT('Ctrl Pts',(-37.37750017162,145.038329707585,-3.8867525616056));
#6396=CARTESIAN_POINT('Ctrl Pts',(-42.0000006258488,140.000002086163,-4.20794667218836));
#6397=CARTESIAN_POINT('',(-24.6772489086252,155.924325614436,-3.0893570887362));
#6398=CARTESIAN_POINT('Ctrl Pts',(-27.5473648825635,155.752756377648,-3.03248573080862));
#6399=CARTESIAN_POINT('Ctrl Pts',(-26.5916875351847,155.809884673018,-3.05155092056127));
#6400=CARTESIAN_POINT('Ctrl Pts',(-25.6345854783779,155.867098134393,-3.07051335544772));
#6401=CARTESIAN_POINT('Ctrl Pts',(-24.6772489086252,155.924325614437,-3.08935708873611));
#6402=CARTESIAN_POINT('',(-14.5417244050381,147.230147838419,-4.162758097083));
#6403=CARTESIAN_POINT('Ctrl Pts',(-14.5417244050381,147.230147838419,-4.16275809708288));
#6404=CARTESIAN_POINT('Ctrl Pts',(-18.0172231507584,150.211404895705,-3.83942439469535));
#6405=CARTESIAN_POINT('Ctrl Pts',(-21.493808458519,153.193593997854,-3.4781456053044));
#6406=CARTESIAN_POINT('Ctrl Pts',(-24.6772489086252,155.924325614436,-3.08935708873622));
#6407=CARTESIAN_POINT('Ctrl Pts',(-14.541724405038,147.230147838419,-4.162758097083));
#6408=CARTESIAN_POINT('Ctrl Pts',(-16.7807135746874,135.709299952254,-5.09029107773797));
#6409=CARTESIAN_POINT('Ctrl Pts',(-19.3232521385156,121.785599585771,-5.94325718055936));
#6410=CARTESIAN_POINT('Ctrl Pts',(-21.9534470705563,105.001991535347,-6.68229796332228));
#6411=CARTESIAN_POINT('Ctrl Pts',(-22.7933985227137,99.6421545960161,-6.9183102721908));
#6412=CARTESIAN_POINT('Ctrl Pts',(-23.6489466253703,93.9268294255869,-7.14472686670419));
#6413=CARTESIAN_POINT('Ctrl Pts',(-24.4570186397838,88.2282241757038,-7.35450420001202));
#6414=CARTESIAN_POINT('Ctrl Pts',(-25.6956248588413,79.4934483431547,-7.67604919231193));
#6415=CARTESIAN_POINT('Ctrl Pts',(-26.8420605224179,70.677942196721,-7.9668960218213));
#6416=CARTESIAN_POINT('Ctrl Pts',(-27.8668185925905,62.034552340805,-8.22071802103299));
#6417=CARTESIAN_POINT('Ctrl Pts',(-28.4857979993119,56.8137295136421,-8.37403283265328));
#6418=CARTESIAN_POINT('Ctrl Pts',(-29.0603459357503,51.6586858151684,-8.51286698121391));
#6419=CARTESIAN_POINT('Ctrl Pts',(-29.5850011352107,46.6591451659149,-8.6209967954894));
#6420=CARTESIAN_POINT('Ctrl Pts',(-30.4258739691737,38.6463056504098,-8.79429808643104));
#6421=CARTESIAN_POINT('Ctrl Pts',(-31.1563445473949,30.9121365978282,-8.87629402494612));
#6422=CARTESIAN_POINT('Ctrl Pts',(-31.830773008046,22.8743590683657,-8.91366809792631));
#6423=CARTESIAN_POINT('Ctrl Pts',(-32.0064447579005,20.7807190072992,-8.92340310939555));
#6424=CARTESIAN_POINT('Ctrl Pts',(-32.1820629876513,18.6194414109199,-8.93122895887361));
#6425=CARTESIAN_POINT('Ctrl Pts',(-32.3591564209731,16.3533109165885,-8.93793680657627));
#6426=CARTESIAN_POINT('Ctrl Pts',(-32.6694613702574,12.3825735779677,-8.94969036684182));
#6427=CARTESIAN_POINT('Ctrl Pts',(-32.9762630142581,8.17565262200314,-8.96271609780637));
#6428=CARTESIAN_POINT('Ctrl Pts',(-33.2547291175646,4.0366414489321,-8.94226998981957));
#6429=CARTESIAN_POINT('Ctrl Pts',(-33.5658130423494,-0.587188256582383,
-8.91942894940716));
#6430=CARTESIAN_POINT('Ctrl Pts',(-33.8377165749277,-5.040788905485,-8.8414397337808));
#6431=CARTESIAN_POINT('Ctrl Pts',(-34.0824442056073,-9.45980676224788,-8.71286261858493));
#6432=CARTESIAN_POINT('Ctrl Pts',(-34.2952265266164,-13.3019919439183,-8.6010692059488));
#6433=CARTESIAN_POINT('Ctrl Pts',(-34.4851457527781,-17.0871814330814,-8.45714050552514));
#6434=CARTESIAN_POINT('Ctrl Pts',(-34.6517237911674,-20.7534883317144,-8.30719225038829));
#6435=CARTESIAN_POINT('Ctrl Pts',(-34.7158752037461,-22.1654317593639,-8.24944518796781));
#6436=CARTESIAN_POINT('Ctrl Pts',(-34.7773840938502,-23.5758874400303,-8.19004829771037));
#6437=CARTESIAN_POINT('Ctrl Pts',(-34.8379919960492,-25.0303293037445,-8.12752213624257));
#6438=CARTESIAN_POINT('Ctrl Pts',(-34.9408726372421,-27.4992138235425,-8.0213852902252));
#6439=CARTESIAN_POINT('Ctrl Pts',(-35.036111718264,-29.9976405017974,-7.91198629936659));
#6440=CARTESIAN_POINT('Ctrl Pts',(-35.1113306887883,-32.1204282514236,-7.80895930559303));
#6441=CARTESIAN_POINT('Ctrl Pts',(-35.147023396798,-33.1277279098186,-7.7600712075475));
#6442=CARTESIAN_POINT('Ctrl Pts',(-35.1774353497954,-34.0221819478616,-7.71370831230525));
#6443=CARTESIAN_POINT('Ctrl Pts',(-35.2050782123856,-34.8591882698001,-7.6631616680797));
#6444=CARTESIAN_POINT('Ctrl Pts',(-35.253597483855,-36.328317482567,-7.57444124901869));
#6445=CARTESIAN_POINT('Ctrl Pts',(-35.2965208107526,-37.7006607559584,-7.46646911432007));
#6446=CARTESIAN_POINT('Ctrl Pts',(-35.3435956818487,-39.3179963560043,-7.27974225850218));
#6447=CARTESIAN_POINT('Ctrl Pts',(-35.439262277545,-42.6047815845633,-6.9002718063214));
#6448=CARTESIAN_POINT('Ctrl Pts',(-35.5471190543939,-47.0964799072104,-6.19629419111181));
#6449=CARTESIAN_POINT('Ctrl Pts',(-35.6043837926168,-49.9999999999999,-5.53392528726848));
#6450=CARTESIAN_POINT('Origin',(-43.,-35.0606234394635,-9.40180680742692));
#6451=CARTESIAN_POINT('',(-43.,-49.9999999998476,2.25519888752706));
#6452=CARTESIAN_POINT('',(-43.,-50.,-9.40383380416634));
#6453=CARTESIAN_POINT('',(-43.,140.481217419493,-1.12583781300811));
#6454=CARTESIAN_POINT('Ctrl Pts',(-43.,140.48085105253,-1.12583358496269));
#6455=CARTESIAN_POINT('Ctrl Pts',(-43.,140.208855129188,-1.10494331287301));
#6456=CARTESIAN_POINT('Ctrl Pts',(-43.,139.935217282497,-1.08371600531896));
#6457=CARTESIAN_POINT('Ctrl Pts',(-43.,139.659972717579,-1.06215487242899));
#6458=CARTESIAN_POINT('Ctrl Pts',(-43.,137.28326000738,-0.875976378400414));
#6459=CARTESIAN_POINT('Ctrl Pts',(-43.,134.786747634942,-0.664907295690702));
#6460=CARTESIAN_POINT('Ctrl Pts',(-43.,132.2278319691,-0.436662114700846));
#6461=CARTESIAN_POINT('Ctrl Pts',(-43.,129.668916303259,-0.20841693371099));
#6462=CARTESIAN_POINT('Ctrl Pts',(-43.,127.047597344013,0.037004345559009));
#6463=CARTESIAN_POINT('Ctrl Pts',(-43.,124.415377039169,0.291758830460692));
#6464=CARTESIAN_POINT('Ctrl Pts',(-43.,121.783156734325,0.546513315362375));
#6465=CARTESIAN_POINT('Ctrl Pts',(-43.,119.140035083883,0.810601005895742));
#6466=CARTESIAN_POINT('Ctrl Pts',(-43.,116.520305161202,1.07792064418439));
#6467=CARTESIAN_POINT('Ctrl Pts',(-43.,113.900575238521,1.34524028247304));
#6468=CARTESIAN_POINT('Ctrl Pts',(-43.,111.304237043601,1.61579186851697));
#6469=CARTESIAN_POINT('Ctrl Pts',(-43.,108.731370960289,1.88804695108112));
#6470=CARTESIAN_POINT('Ctrl Pts',(-43.,103.585638793663,2.43255711620942));
#6471=CARTESIAN_POINT('Ctrl Pts',(-43.,98.5337950734667,2.98388126741858));
#6472=CARTESIAN_POINT('Ctrl Pts',(-43.,93.439683047791,3.53930704966233));
#6473=CARTESIAN_POINT('Ctrl Pts',(-43.,88.3455710221154,4.09473283190607));
#6474=CARTESIAN_POINT('Ctrl Pts',(-43.,83.2091906909607,4.65426024518441));
#6475=CARTESIAN_POINT('Ctrl Pts',(-43.,78.0342838683149,5.19006467883575));
#6476=CARTESIAN_POINT('Ctrl Pts',(-43.,72.8593770456691,5.72586911248708));
#6477=CARTESIAN_POINT('Ctrl Pts',(-43.,67.6459437315322,6.23795056651142));
#6478=CARTESIAN_POINT('Ctrl Pts',(-43.,62.507517587091,6.73274810395854));
#6479=CARTESIAN_POINT('Ctrl Pts',(-43.,57.3690914426498,7.22754564140566));
#6480=CARTESIAN_POINT('Ctrl Pts',(-43.,52.3056724679042,7.70505926227557));
#6481=CARTESIAN_POINT('Ctrl Pts',(-43.,47.2262469212318,8.14071774176137));
#6482=CARTESIAN_POINT('Ctrl Pts',(-43.,44.6865341478956,8.35854698150427));
#6483=CARTESIAN_POINT('Ctrl Pts',(-43.,42.1428197315777,8.56591243590115));
#6484=CARTESIAN_POINT('Ctrl Pts',(-43.,39.5632480236011,8.7537930897725));
#6485=CARTESIAN_POINT('Ctrl Pts',(-43.,38.2734621696128,8.84773341670817));
#6486=CARTESIAN_POINT('Ctrl Pts',(-43.,36.9747119927099,8.93680254351246));
#6487=CARTESIAN_POINT('Ctrl Pts',(-43.,35.6684606204687,9.02111657097229));
#6488=CARTESIAN_POINT('Ctrl Pts',(-43.,34.3622092482274,9.10543059843211));
#6489=CARTESIAN_POINT('Ctrl Pts',(-43.,33.0484566806478,9.18498952654747));
#6490=CARTESIAN_POINT('Ctrl Pts',(-43.,31.7292056919465,9.26000491007207));
#6491=CARTESIAN_POINT('Ctrl Pts',(-43.,26.4522017371411,9.56006644417047));
#6492=CARTESIAN_POINT('Ctrl Pts',(-43.,21.0872230443872,9.78743126481669));
#6493=CARTESIAN_POINT('Ctrl Pts',(-43.,16.0485921234205,10.007068765631));
#6494=CARTESIAN_POINT('Ctrl Pts',(-43.,13.5292766629371,10.1168875160382));
#6495=CARTESIAN_POINT('Ctrl Pts',(-43.,11.0915481454006,10.2247744364874));
#6496=CARTESIAN_POINT('Ctrl Pts',(-43.,8.68457018330305,10.3150625345813));
#6497=CARTESIAN_POINT('Ctrl Pts',(-43.,6.27759222120554,10.4053506326751));
#6498=CARTESIAN_POINT('Ctrl Pts',(-43.,3.90136481454706,10.4780399084135));
#6499=CARTESIAN_POINT('Ctrl Pts',(-43.,1.41615064814668,10.4969741057913));
#6500=CARTESIAN_POINT('Ctrl Pts',(-43.,-1.06906351825373,10.5159083031691));
#6501=CARTESIAN_POINT('Ctrl Pts',(-43.,-3.66326444439606,10.4810874221862));
#6502=CARTESIAN_POINT('Ctrl Pts',(-43.,-6.45141660956887,10.3655512620405));
#6503=CARTESIAN_POINT('Ctrl Pts',(-43.0000000000001,-9.23956877474166,10.2500151018947));
#6504=CARTESIAN_POINT('Ctrl Pts',(-43.0000000000001,-12.2216721789449,10.0537636625862));
#6505=CARTESIAN_POINT('Ctrl Pts',(-43.0000000000001,-15.2214481467215,9.80188721502464));
#6506=CARTESIAN_POINT('Ctrl Pts',(-43.0000000000001,-18.2212241144982,9.5500107674631));
#6507=CARTESIAN_POINT('Ctrl Pts',(-43.,-21.2386726458481,9.24250931164855));
#6508=CARTESIAN_POINT('Ctrl Pts',(-43.,-23.9321741265501,8.93977918475));
#6509=CARTESIAN_POINT('Ctrl Pts',(-43.,-25.2789248669011,8.78841412130072));
#6510=CARTESIAN_POINT('Ctrl Pts',(-43.,-26.5446888445902,8.63824189008045));
#6511=CARTESIAN_POINT('Ctrl Pts',(-43.,-27.704406977062,8.49366850379902));
#6512=CARTESIAN_POINT('Ctrl Pts',(-43.,-28.8641251095338,8.34909511751759));
#6513=CARTESIAN_POINT('Ctrl Pts',(-43.,-29.9177973967884,8.21012057617501));
#6514=CARTESIAN_POINT('Ctrl Pts',(-43.,-30.8614749799006,8.07746173016145));
#6515=CARTESIAN_POINT('Ctrl Pts',(-43.,-31.8051525630127,7.9448028841479));
#6516=CARTESIAN_POINT('Ctrl Pts',(-43.,-32.6388354419823,7.81845973346336));
#6517=CARTESIAN_POINT('Ctrl Pts',(-43.,-33.3898189822528,7.69286424666949));
#6518=CARTESIAN_POINT('Ctrl Pts',(-43.,-34.1408025225233,7.56726875987561));
#6519=CARTESIAN_POINT('Ctrl Pts',(-43.,-34.8090867240947,7.4424209369724));
#6520=CARTESIAN_POINT('Ctrl Pts',(-43.,-35.4670896388626,7.30504111149532));
#6521=CARTESIAN_POINT('Ctrl Pts',(-43.,-36.7830954683984,7.03028146054116));
#6522=CARTESIAN_POINT('Ctrl Pts',(-43.,-38.05797615072,6.70539379929152));
#6523=CARTESIAN_POINT('Ctrl Pts',(-43.,-39.6493986269837,6.24743939651458));
#6524=CARTESIAN_POINT('Ctrl Pts',(-43.,-41.2408211032475,5.78948499373764));
#6525=CARTESIAN_POINT('Ctrl Pts',(-43.,-43.1487853734534,5.19846384943339));
#6526=CARTESIAN_POINT('Ctrl Pts',(-43.,-45.0140953624121,4.51099155176476));
#6527=CARTESIAN_POINT('Ctrl Pts',(-43.,-45.9467503568914,4.16725540293045));
#6528=CARTESIAN_POINT('Ctrl Pts',(-43.,-46.8687417810589,3.79940646575504));
#6529=CARTESIAN_POINT('Ctrl Pts',(-43.,-47.715048907745,3.41980656948287));
#6530=CARTESIAN_POINT('Ctrl Pts',(-43.,-48.5613560337546,3.0402066735141));
#6531=CARTESIAN_POINT('Ctrl Pts',(-43.,-49.3319788624037,2.64885581846737));
#6532=CARTESIAN_POINT('Ctrl Pts',(-43.,-49.9999999998074,2.25519888746099));
#6533=CARTESIAN_POINT('',(-43.,140.481217419493,-4.70090340371346));
#6534=CARTESIAN_POINT('',(-43.,-17.1750001490116,3.88825358729285E-16));
#6535=CARTESIAN_POINT('Origin',(-43.,-14.0000001490116,0.));
#6536=CARTESIAN_POINT('',(-43.,71.8249998509884,-1.6));
#6537=CARTESIAN_POINT('Origin',(-43.,74.9999998509884,-1.6));
#6538=CARTESIAN_POINT('',(-43.,12.0000002533197,6.5));
#6539=CARTESIAN_POINT('',(-43.,32.0000002533197,6.5));
#6540=CARTESIAN_POINT('',(-43.,-11.5303115930719,6.5));
#6541=CARTESIAN_POINT('',(-43.,12.0000002533197,-6.5));
#6542=CARTESIAN_POINT('',(-43.,12.0000002533197,-7.70090340371346));
#6543=CARTESIAN_POINT('',(-43.,32.0000002533197,-6.5));
#6544=CARTESIAN_POINT('',(-43.,-1.53031159307186,-6.5));
#6545=CARTESIAN_POINT('',(-43.,32.0000002533197,-1.70090340371346));
#6546=CARTESIAN_POINT('',(-43.,105.999999403954,0.0999999552965165));
#6547=CARTESIAN_POINT('',(-43.,109.999999403954,0.0999999552965165));
#6548=CARTESIAN_POINT('',(-43.,35.469687982245,0.099999955296517));
#6549=CARTESIAN_POINT('',(-43.,105.999999403954,-3.90000004470348));
#6550=CARTESIAN_POINT('',(-43.,105.999999403954,-6.6509034260652));
#6551=CARTESIAN_POINT('',(-43.,109.999999403954,-3.90000004470348));
#6552=CARTESIAN_POINT('',(-43.,37.469687982245,-3.90000004470348));
#6553=CARTESIAN_POINT('',(-43.,109.999999403954,-4.6509034260652));
#6554=CARTESIAN_POINT('',(-43.,-47.0000005960465,-3.40000004470348));
#6555=CARTESIAN_POINT('',(-43.,-47.0000005960465,0.599999955296517));
#6556=CARTESIAN_POINT('',(-43.,-47.0000005960465,-6.4009034260652));
#6557=CARTESIAN_POINT('',(-43.,-43.0000005960465,-3.40000004470348));
#6558=CARTESIAN_POINT('',(-43.,-39.030312017755,-3.40000004470348));
#6559=CARTESIAN_POINT('',(-43.,-43.0000005960465,0.599999955296517));
#6560=CARTESIAN_POINT('',(-43.,-43.0000005960465,-4.4009034260652));
#6561=CARTESIAN_POINT('',(-43.,-41.030312017755,0.599999955296517));
#6562=CARTESIAN_POINT('Ctrl Pts',(-14.5417244044849,158.657639649784,-1.83224964714106));
#6563=CARTESIAN_POINT('Ctrl Pts',(-24.0278162723626,156.538867442341,-1.84283458387047));
#6564=CARTESIAN_POINT('Ctrl Pts',(-33.5139081402403,154.420095234898,-1.85341952059989));
#6565=CARTESIAN_POINT('Ctrl Pts',(-43.000000008118,152.301323027455,-1.8640044573293));
#6566=CARTESIAN_POINT('Ctrl Pts',(-14.5417244044849,154.705903673507,-1.66158215193949));
#6567=CARTESIAN_POINT('Ctrl Pts',(-24.0278162723626,152.701145913269,-1.67685836199992));
#6568=CARTESIAN_POINT('Ctrl Pts',(-33.5139081402403,150.692382667945,-1.69203028377139));
#6569=CARTESIAN_POINT('Ctrl Pts',(-43.000000008118,148.687624907707,-1.70730649383181));
#6570=CARTESIAN_POINT('Ctrl Pts',(-14.5417244044849,148.096857997639,-1.23561061701341));
#6571=CARTESIAN_POINT('Ctrl Pts',(-24.0278162723626,146.156457280609,-1.25644101990623));
#6572=CARTESIAN_POINT('Ctrl Pts',(-33.5139081402403,144.216685467625,-1.27728414094484));
#6573=CARTESIAN_POINT('Ctrl Pts',(-43.0000000081179,142.276284750595,-1.29811454383766));
#6574=CARTESIAN_POINT('Ctrl Pts',(-14.5417244044849,137.657710684364,-0.348145676366736));
#6575=CARTESIAN_POINT('Ctrl Pts',(-24.0278162723626,135.868868921872,-0.383385136262251));
#6576=CARTESIAN_POINT('Ctrl Pts',(-33.5139081402402,134.079077023465,-0.418598753115631));
#6577=CARTESIAN_POINT('Ctrl Pts',(-43.0000000081179,132.290235260973,-0.453838213011146));
#6578=CARTESIAN_POINT('Ctrl Pts',(-14.541724404485,129.319593191429,0.430606476744765));
#6579=CARTESIAN_POINT('Ctrl Pts',(-24.0278162723626,127.688564967563,0.381209770245513));
#6580=CARTESIAN_POINT('Ctrl Pts',(-33.5139081402403,126.057306607238,0.33182233128599));
#6581=CARTESIAN_POINT('Ctrl Pts',(-43.000000008118,124.426278383372,0.282425624786737));
#6582=CARTESIAN_POINT('Ctrl Pts',(-14.5417244044849,120.882222464256,1.26967489233236));
#6583=CARTESIAN_POINT('Ctrl Pts',(-24.0278162723626,119.42048140011,1.20468016129439));
#6584=CARTESIAN_POINT('Ctrl Pts',(-33.5139081402403,117.958654496337,1.13968342741146));
#6585=CARTESIAN_POINT('Ctrl Pts',(-43.000000008118,116.49691343219,1.07468869637349));
#6586=CARTESIAN_POINT('Ctrl Pts',(-14.5417244044849,109.886131009842,2.41363913517985));
#6587=CARTESIAN_POINT('Ctrl Pts',(-24.0278162723626,108.627893643363,2.328059233555));
#6588=CARTESIAN_POINT('Ctrl Pts',(-33.5139081402403,107.369798019164,2.24247494215644));
#6589=CARTESIAN_POINT('Ctrl Pts',(-43.000000008118,106.111560652685,2.1568950405316));
#6590=CARTESIAN_POINT('Ctrl Pts',(-14.5417244044849,96.6182747018053,3.86641679634316));
#6591=CARTESIAN_POINT('Ctrl Pts',(-24.0278162723626,95.5728473260161,3.7560100869052));
#6592=CARTESIAN_POINT('Ctrl Pts',(-33.5139081402403,94.5273787281646,3.64561212797121));
#6593=CARTESIAN_POINT('Ctrl Pts',(-43.000000008118,93.4819513523754,3.53520541853326));
#6594=CARTESIAN_POINT('Ctrl Pts',(-14.5417244044849,80.3232721510471,5.63966739820255));
#6595=CARTESIAN_POINT('Ctrl Pts',(-24.0278162723626,79.5732697397828,5.49769361222512));
#6596=CARTESIAN_POINT('Ctrl Pts',(-33.5139081402403,78.8228127704285,5.35576144431868));
#6597=CARTESIAN_POINT('Ctrl Pts',(-43.000000008118,78.0728103591642,5.21378765834125));
#6598=CARTESIAN_POINT('Ctrl Pts',(-14.5417244044849,63.7956949864739,7.26322633746604));
#6599=CARTESIAN_POINT('Ctrl Pts',(-24.0278162723626,63.341438491979,7.09213757617723));
#6600=CARTESIAN_POINT('Ctrl Pts',(-33.5139081402403,62.8867669115015,6.92112078167815));
#6601=CARTESIAN_POINT('Ctrl Pts',(-43.000000008118,62.4325104170066,6.75003202038935));
#6602=CARTESIAN_POINT('Ctrl Pts',(-14.5417244044849,50.4415985089366,8.5226348406223));
#6603=CARTESIAN_POINT('Ctrl Pts',(-24.0278162723626,50.2189151818482,8.32972123953643));
#6604=CARTESIAN_POINT('Ctrl Pts',(-33.5139081402403,49.9966463074293,8.13672967363129));
#6605=CARTESIAN_POINT('Ctrl Pts',(-43.000000008118,49.7739629803409,7.94381607254543));
#6606=CARTESIAN_POINT('Ctrl Pts',(-14.5417244044849,41.037820910123,9.2889306368522));
#6607=CARTESIAN_POINT('Ctrl Pts',(-24.0278162723626,40.9822645810409,9.08247613229705));
#6608=CARTESIAN_POINT('Ctrl Pts',(-33.5139081402403,40.9265188524533,8.87604966747806));
#6609=CARTESIAN_POINT('Ctrl Pts',(-43.000000008118,40.8709625233712,8.66959516292291));
#6610=CARTESIAN_POINT('Ctrl Pts',(-14.5417244044849,35.5513210144511,9.66558517910712));
#6611=CARTESIAN_POINT('Ctrl Pts',(-24.0278162723626,35.5927978250658,9.45235988144823));
#6612=CARTESIAN_POINT('Ctrl Pts',(-33.5139081402403,35.6344850052278,9.23909696779318));
#6613=CARTESIAN_POINT('Ctrl Pts',(-43.000000008118,35.6759618158424,9.02587167013428));
#6614=CARTESIAN_POINT('Ctrl Pts',(-14.541724404485,27.2259588839947,10.1707573910323));
#6615=CARTESIAN_POINT('Ctrl Pts',(-24.0278162723626,27.4151699307943,9.94824577876634));
#6616=CARTESIAN_POINT('Ctrl Pts',(-33.5139081402403,27.604235363692,9.72573685108445));
#6617=CARTESIAN_POINT('Ctrl Pts',(-43.000000008118,27.7934464104915,9.50322523881849));
#6618=CARTESIAN_POINT('Ctrl Pts',(-14.5417244044849,17.3117757704099,10.5927691260615));
#6619=CARTESIAN_POINT('Ctrl Pts',(-24.0278162723626,17.6760646235796,10.3622224227878));
#6620=CARTESIAN_POINT('Ctrl Pts',(-33.5139081402403,18.0404448451523,10.1316603782162));
#6621=CARTESIAN_POINT('Ctrl Pts',(-43.000000008118,18.404733698322,9.9011136749425));
#6622=CARTESIAN_POINT('Ctrl Pts',(-14.541724404485,7.01388923178305,11.0459809740106));
#6623=CARTESIAN_POINT('Ctrl Pts',(-24.0278162723626,7.56050546533984,10.8082024007645));
#6624=CARTESIAN_POINT('Ctrl Pts',(-33.5139081402403,8.107203394775,10.5704399299792));
#6625=CARTESIAN_POINT('Ctrl Pts',(-43.000000008118,8.65381962833179,10.3326613567332));
#6626=CARTESIAN_POINT('Ctrl Pts',(-14.541724404485,-0.514015453487586,11.2740335889873));
#6627=CARTESIAN_POINT('Ctrl Pts',(-24.0278162723626,0.16565751204228,11.0329272086537));
#6628=CARTESIAN_POINT('Ctrl Pts',(-33.5139081402403,0.84546444294037,10.7918355642792));
#6629=CARTESIAN_POINT('Ctrl Pts',(-43.000000008118,1.52513740847024,10.5507291839456));
#6630=CARTESIAN_POINT('Ctrl Pts',(-14.541724404485,-8.72987076776543,11.1650511175944));
#6631=CARTESIAN_POINT('Ctrl Pts',(-24.0278162723626,-7.90569720970847,10.9254558631425));
#6632=CARTESIAN_POINT('Ctrl Pts',(-33.5139081402403,-7.08163892789,10.6858617954501));
#6633=CARTESIAN_POINT('Ctrl Pts',(-43.000000008118,-6.25746536983305,10.4462665409983));
#6634=CARTESIAN_POINT('Ctrl Pts',(-14.541724404485,-18.173114870295,10.5500236516909));
#6635=CARTESIAN_POINT('Ctrl Pts',(-24.0278162723627,-17.1833411563014,10.3191819849649));
#6636=CARTESIAN_POINT('Ctrl Pts',(-33.5139081402404,-16.1935492962948,10.0883538898061));
#6637=CARTESIAN_POINT('Ctrl Pts',(-43.0000000081181,-15.2037755823012,9.85751222308009));
#6638=CARTESIAN_POINT('Ctrl Pts',(-14.5417244044849,-26.1400446197964,9.74286097081422));
#6639=CARTESIAN_POINT('Ctrl Pts',(-24.0278162723626,-25.0091192544352,9.52481791803602));
#6640=CARTESIAN_POINT('Ctrl Pts',(-33.5139081402403,-23.8783222759165,9.30680163633288));
#6641=CARTESIAN_POINT('Ctrl Pts',(-43.000000008118,-22.7473969105553,9.08875858355469));
#6642=CARTESIAN_POINT('Ctrl Pts',(-14.541724404485,-31.4913527386037,9.10749398069355));
#6643=CARTESIAN_POINT('Ctrl Pts',(-24.0278162723626,-30.2643767970243,8.90099818519223));
#6644=CARTESIAN_POINT('Ctrl Pts',(-33.5139081402403,-29.0374287628086,8.69456545418477));
#6645=CARTESIAN_POINT('Ctrl Pts',(-43.000000008118,-27.8104528212292,8.48806965868345));
#6646=CARTESIAN_POINT('Ctrl Pts',(-14.5417244044849,-34.8344299230289,8.66394289099595));
#6647=CARTESIAN_POINT('Ctrl Pts',(-24.0278162723626,-33.5467603775043,8.46634543321789));
#6648=CARTESIAN_POINT('Ctrl Pts',(-33.5139081402403,-32.2591392284657,8.26874349244139));
#6649=CARTESIAN_POINT('Ctrl Pts',(-43.000000008118,-30.9714696829411,8.07114603466333));
#6650=CARTESIAN_POINT('Ctrl Pts',(-14.5417244044849,-37.480801171982,8.25916583667211));
#6651=CARTESIAN_POINT('Ctrl Pts',(-24.0278162723626,-36.1446572934194,8.0701067625824));
#6652=CARTESIAN_POINT('Ctrl Pts',(-33.5139081402403,-34.808662198371,7.88117565670674));
#6653=CARTESIAN_POINT('Ctrl Pts',(-43.000000008118,-33.4725183198084,7.69211658261703));
#6654=CARTESIAN_POINT('Ctrl Pts',(-14.5417244044849,-40.3087881633542,7.72644363894661));
#6655=CARTESIAN_POINT('Ctrl Pts',(-24.0278162723626,-38.9211259728687,7.54856167324411));
#6656=CARTESIAN_POINT('Ctrl Pts',(-33.5139081402403,-37.5333173165355,7.37060725671625));
#6657=CARTESIAN_POINT('Ctrl Pts',(-43.000000008118,-36.14565512605,7.19272529101375));
#6658=CARTESIAN_POINT('Ctrl Pts',(-14.5417244044849,-43.6715313240661,6.87558011534853));
#6659=CARTESIAN_POINT('Ctrl Pts',(-24.0278162723626,-42.2252846261877,6.71056961181013));
#6660=CARTESIAN_POINT('Ctrl Pts',(-33.5139081402403,-40.7791035296823,6.54551664143908));
#6661=CARTESIAN_POINT('Ctrl Pts',(-43.000000008118,-39.3328568318039,6.38050613790068));
#6662=CARTESIAN_POINT('Ctrl Pts',(-14.5417244044849,-48.7018905012711,5.33538353962411));
#6663=CARTESIAN_POINT('Ctrl Pts',(-24.0278162723626,-47.1689011466005,5.1911841080558));
#6664=CARTESIAN_POINT('Ctrl Pts',(-33.5139081402403,-45.635756861915,5.04715270872618));
#6665=CARTESIAN_POINT('Ctrl Pts',(-43.000000008118,-44.1027675072444,4.90295327715787));
#6666=CARTESIAN_POINT('Ctrl Pts',(-14.5417244044849,-52.6003380280644,3.7763577110548));
#6667=CARTESIAN_POINT('Ctrl Pts',(-24.0278162723626,-50.9970818496604,3.66148124612644));
#6668=CARTESIAN_POINT('Ctrl Pts',(-33.5139081402403,-49.3939893822584,3.54643399340968));
#6669=CARTESIAN_POINT('Ctrl Pts',(-43.000000008118,-47.7907332038545,3.43155752848132));
#6670=CARTESIAN_POINT('Ctrl Pts',(-14.5417244044849,-54.2323721603465,2.94012586311004));
#6671=CARTESIAN_POINT('Ctrl Pts',(-24.0278162723626,-52.5989769470122,2.84294744630169));
#6672=CARTESIAN_POINT('Ctrl Pts',(-33.5139081402403,-50.9653740755721,2.74603423456693));
#6673=CARTESIAN_POINT('Ctrl Pts',(-43.000000008118,-49.3319788622378,2.64885581775859));
#6674=CARTESIAN_POINT('Ctrl Pts',(-14.5417244044849,-54.9401656776118,2.5194195612046));
#6675=CARTESIAN_POINT('Ctrl Pts',(-24.0278162723626,-53.2934437850745,2.43134600295029));
#6676=CARTESIAN_POINT('Ctrl Pts',(-33.5139081402403,-51.6467218925373,2.34327244469597));
#6677=CARTESIAN_POINT('Ctrl Pts',(-43.000000008118,-50.,2.25519888644166));
#6678=CARTESIAN_POINT('',(-35.6043837997548,-49.9999999999382,3.01877214835754));
#6679=CARTESIAN_POINT('Ctrl Pts',(-43.000000008118,-50.,2.25519888644166));
#6680=CARTESIAN_POINT('Ctrl Pts',(-40.5996803897205,-50.,2.52302885279128));
#6681=CARTESIAN_POINT('Ctrl Pts',(-38.0985927237039,-50.,2.77872840501656));
#6682=CARTESIAN_POINT('Ctrl Pts',(-35.6043837997489,-50.,3.01877214829644));
#6683=CARTESIAN_POINT('',(-14.5417244044868,147.230147837946,-1.13226858016005));
#6684=CARTESIAN_POINT('Ctrl Pts',(-35.6043837997557,-49.9999999999258,3.01877214833281));
#6685=CARTESIAN_POINT('Ctrl Pts',(-35.5879758454485,-49.168060008468,3.43552356435191));
#6686=CARTESIAN_POINT('Ctrl Pts',(-35.5674286631889,-48.1732879717772,3.87209224242288));
#6687=CARTESIAN_POINT('Ctrl Pts',(-35.5427629447975,-47.0671112076299,4.30286048627993));
#6688=CARTESIAN_POINT('Ctrl Pts',(-35.4994889229411,-45.1264129190525,5.05860877237891));
#6689=CARTESIAN_POINT('Ctrl Pts',(-35.445285549926,-42.9590585729577,5.75472611515818));
#6690=CARTESIAN_POINT('Ctrl Pts',(-35.3937614138674,-41.0888665516516,6.29982715201022));
#6691=CARTESIAN_POINT('Ctrl Pts',(-35.3399264793657,-39.1347985618829,6.86937534554731));
#6692=CARTESIAN_POINT('Ctrl Pts',(-35.2924925956313,-37.5757098603546,7.25817246805466));
#6693=CARTESIAN_POINT('Ctrl Pts',(-35.2457394072476,-36.1112460863556,7.55077206070306));
#6694=CARTESIAN_POINT('Ctrl Pts',(-35.2188367458566,-35.2685661666899,7.71913935363641));
#6695=CARTESIAN_POINT('Ctrl Pts',(-35.192061390422,-34.4579162145153,7.8580197984051));
#6696=CARTESIAN_POINT('Ctrl Pts',(-35.1635870009247,-33.623198652593,7.98952629971736));
#6697=CARTESIAN_POINT('Ctrl Pts',(-35.1413637504683,-32.9717312193489,8.09216245687156));
#6698=CARTESIAN_POINT('Ctrl Pts',(-35.1184967644379,-32.3151125374734,8.18911979482434));
#6699=CARTESIAN_POINT('Ctrl Pts',(-35.0895745360962,-31.5110462196204,8.30129974726802));
#6700=CARTESIAN_POINT('Ctrl Pts',(-34.9518754474146,-27.682876484558,8.83538989541943));
#6701=CARTESIAN_POINT('Ctrl Pts',(-34.6960817779849,-21.3077453870135,9.59836183346761));
#6702=CARTESIAN_POINT('Ctrl Pts',(-34.3597869421282,-14.6848926200924,10.1274244658736));
#6703=CARTESIAN_POINT('Ctrl Pts',(-34.2220041131136,-11.9714540148014,10.3441858860516));
#6704=CARTESIAN_POINT('Ctrl Pts',(-34.0717561421981,-9.21344165881833,10.5161228538982));
#6705=CARTESIAN_POINT('Ctrl Pts',(-33.9211394683714,-6.611677779942,10.6177991791383));
#6706=CARTESIAN_POINT('Ctrl Pts',(-33.7583064297097,-3.79888748578653,10.7277223674424));
#6707=CARTESIAN_POINT('Ctrl Pts',(-33.5912831552767,-1.07961422489777,10.7648748447055));
#6708=CARTESIAN_POINT('Ctrl Pts',(-33.3972457155258,1.88807088187372,10.7279025147008));
#6709=CARTESIAN_POINT('Ctrl Pts',(-33.0585569033582,7.06811111013926,10.6633679869908));
#6710=CARTESIAN_POINT('Ctrl Pts',(-32.6133652899743,13.2107833044671,10.3680778276204));
#6711=CARTESIAN_POINT('Ctrl Pts',(-32.1786075610327,18.6342640458177,10.1390145520811));
#6712=CARTESIAN_POINT('Ctrl Pts',(-31.7905234885143,23.475504012849,9.93454249116546));
#6713=CARTESIAN_POINT('Ctrl Pts',(-31.4132339229814,27.8330697776517,9.74605367439911));
#6714=CARTESIAN_POINT('Ctrl Pts',(-30.9873832900304,32.4436103427801,9.48591962311752));
#6715=CARTESIAN_POINT('Ctrl Pts',(-30.6260963332414,36.3551418541559,9.26522477738385));
#6716=CARTESIAN_POINT('Ctrl Pts',(-30.2295394454079,40.4486423631577,8.98992091174953));
#6717=CARTESIAN_POINT('Ctrl Pts',(-29.7400772426194,45.172068377703,8.61025547189458));
#6718=CARTESIAN_POINT('Ctrl Pts',(-29.2933443736358,49.4831462155588,8.26373426916627));
#6719=CARTESIAN_POINT('Ctrl Pts',(-28.7742917766006,54.240614682916,7.83768990160304));
#6720=CARTESIAN_POINT('Ctrl Pts',(-28.2141680124821,59.0720064484633,7.39440437711559));
#6721=CARTESIAN_POINT('Ctrl Pts',(-27.5978650451007,64.3879763687441,6.906658272344));
#6722=CARTESIAN_POINT('Ctrl Pts',(-26.9314134351441,69.7981237643261,6.39685598293671));
#6723=CARTESIAN_POINT('Ctrl Pts',(-26.2620337368309,74.9467805752914,5.89136303272314));
#6724=CARTESIAN_POINT('Ctrl Pts',(-25.2357281601839,82.8407982914708,5.11633170884635));
#6725=CARTESIAN_POINT('Ctrl Pts',(-24.188090216982,90.2818186005563,4.32942213040132));
#6726=CARTESIAN_POINT('Ctrl Pts',(-23.081069606951,97.6532499924552,3.55042303707695));
#6727=CARTESIAN_POINT('Ctrl Pts',(-22.3611266246469,102.447207983883,3.04380651577806));
#6728=CARTESIAN_POINT('Ctrl Pts',(-21.6111371638753,107.237687105524,2.53985632202991));
#6729=CARTESIAN_POINT('Ctrl Pts',(-20.8280161274392,112.042787599374,2.05007235725051));
#6730=CARTESIAN_POINT('Ctrl Pts',(-18.8400196235034,124.240803663796,0.806728398446406));
#6731=CARTESIAN_POINT('Ctrl Pts',(-16.6859118368172,136.19710774398,-0.336696459893706));
#6732=CARTESIAN_POINT('Ctrl Pts',(-14.5417244044849,147.230147837956,-1.13226858016075));
#6733=CARTESIAN_POINT('',(-24.6772489086255,155.924325614436,-1.82281288713926));
#6734=CARTESIAN_POINT('Ctrl Pts',(-24.6772489086255,155.924325614436,-1.82281288713927));
#6735=CARTESIAN_POINT('Ctrl Pts',(-21.5223467917138,153.21807396849,-1.66539890684638));
#6736=CARTESIAN_POINT('Ctrl Pts',(-18.080430690778,150.265623854923,-1.42424183570634));
#6737=CARTESIAN_POINT('Ctrl Pts',(-14.5417244044868,147.230147837946,-1.13226858016005));
#6738=CARTESIAN_POINT('',(-27.5473648825635,155.752756377648,-1.84676182807957));
#6739=CARTESIAN_POINT('Ctrl Pts',(-24.6772489086255,155.924325614437,-1.82281288713927));
#6740=CARTESIAN_POINT('Ctrl Pts',(-25.6345809225385,155.867098406731,-1.83094292936144));
#6741=CARTESIAN_POINT('Ctrl Pts',(-26.5916815255705,155.80988503226,-1.83893207698031));
#6742=CARTESIAN_POINT('Ctrl Pts',(-27.5473648825635,155.752756377648,-1.84676182807957));
#6743=CARTESIAN_POINT('',(-42.0000006258488,140.000002086163,-1.07041944888897));
#6744=CARTESIAN_POINT('Ctrl Pts',(-42.0000006258488,140.000002086163,-1.07041944888897));
#6745=CARTESIAN_POINT('Ctrl Pts',(-37.3774916402143,145.038339006452,-1.37966391896915));
#6746=CARTESIAN_POINT('Ctrl Pts',(-32.3525065336728,150.515357669881,-1.67196709909009));
#6747=CARTESIAN_POINT('Ctrl Pts',(-27.5473648825635,155.752756377648,-1.84676182807957));
#6748=CARTESIAN_POINT('Ctrl Pts',(-43.,140.481217419493,-1.12583781300811));
#6749=CARTESIAN_POINT('Ctrl Pts',(-42.66520817027,140.320110356724,-1.10743275518387));
#6750=CARTESIAN_POINT('Ctrl Pts',(-42.3318039175439,140.159671017704,-1.08895261601801));
#6751=CARTESIAN_POINT('Ctrl Pts',(-42.0000006258488,140.000002086163,-1.07041944888897));
#6752=CARTESIAN_POINT('Ctrl Pts',(-35.6043847240853,-50.0000481987629,-28.4494567396065));
#6753=CARTESIAN_POINT('Ctrl Pts',(-34.2858846691443,16.8526070529215,-25.3649303739029));
#6754=CARTESIAN_POINT('Ctrl Pts',(-27.0844230944491,83.5192897858425,-18.6481080851085));
#6755=CARTESIAN_POINT('Ctrl Pts',(-14.,150.,-8.29898987322334));
#6756=CARTESIAN_POINT('Ctrl Pts',(-35.6043847353452,-50.0000481987629,-14.9625534749858));
#6757=CARTESIAN_POINT('Ctrl Pts',(-34.2858846515696,16.8526070529214,-12.1840217353956));
#6758=CARTESIAN_POINT('Ctrl Pts',(-27.0844230731212,83.5192897858426,-8.67416945186957));
#6759=CARTESIAN_POINT('Ctrl Pts',(-14.,150.,-4.43299662440778));
#6760=CARTESIAN_POINT('Ctrl Pts',(-35.6043847466051,-50.0000481987629,-1.47565021036503));
#6761=CARTESIAN_POINT('Ctrl Pts',(-34.2858846339949,16.8526070529216,0.996886903111771));
#6762=CARTESIAN_POINT('Ctrl Pts',(-27.0844230517932,83.5192897858424,1.29976918136937));
#6763=CARTESIAN_POINT('Ctrl Pts',(-14.,150.,-0.567003375592227));
#6764=CARTESIAN_POINT('Ctrl Pts',(-35.6043847578649,-50.0000481987629,12.0112530542557));
#6765=CARTESIAN_POINT('Ctrl Pts',(-34.2858846164202,16.8526070529215,14.1777955416191));
#6766=CARTESIAN_POINT('Ctrl Pts',(-27.0844230304653,83.5192897858425,11.2737078146083));
#6767=CARTESIAN_POINT('Ctrl Pts',(-14.,150.,3.29898987322333));
#6768=CARTESIAN_POINT('Ctrl Pts',(-35.6043837905579,-50.,-8.00000011920929));
#6769=CARTESIAN_POINT('Ctrl Pts',(-35.6043837912442,-50.,-7.17797517522902));
#6770=CARTESIAN_POINT('Ctrl Pts',(-35.6043837919305,-50.,-6.35595023124875));
#6771=CARTESIAN_POINT('Ctrl Pts',(-35.6043837926168,-50.,-5.53392528726848));
#6772=CARTESIAN_POINT('Ctrl Pts',(-14.5417244044868,147.230147837946,-1.13226858016005));
#6773=CARTESIAN_POINT('Ctrl Pts',(-14.5417244046706,147.230147838104,-2.1424317524677));
#6774=CARTESIAN_POINT('Ctrl Pts',(-14.5417244048543,147.230147838261,-3.15259492477535));
#6775=CARTESIAN_POINT('Ctrl Pts',(-14.5417244050381,147.230147838419,-4.162758097083));
#6776=CARTESIAN_POINT('',(-35.6043838072648,-50.,12.0112546162671));
#6777=CARTESIAN_POINT('Ctrl Pts',(-35.6043837997548,-49.9999999999382,3.01877214835754));
#6778=CARTESIAN_POINT('Ctrl Pts',(-35.6043838022573,-49.9999999999382,6.01626630432739));
#6779=CARTESIAN_POINT('Ctrl Pts',(-35.6043838047623,-50.,9.01376046029725));
#6780=CARTESIAN_POINT('Ctrl Pts',(-35.6043838072648,-50.,12.0112546162671));
#6781=CARTESIAN_POINT('',(-14.,150.,3.29898987322333));
#6782=CARTESIAN_POINT('Ctrl Pts',(-35.6043838072648,-50.,12.0112546162671));
#6783=CARTESIAN_POINT('Ctrl Pts',(-35.4070764498562,-39.9958354017827,12.3354664702021));
#6784=CARTESIAN_POINT('Ctrl Pts',(-35.0780282798435,-29.9958354017828,12.5461285497324));
#6785=CARTESIAN_POINT('Ctrl Pts',(-31.9988146931542,36.801143997968,13.1950796762953));
#6786=CARTESIAN_POINT('Ctrl Pts',(-25.1264015940786,93.4678106646347,10.0803293490839));
#6787=CARTESIAN_POINT('Ctrl Pts',(-14.,150.,3.29898987322333));
#6788=CARTESIAN_POINT('',(-14.,150.,-8.29898987322334));
#6789=CARTESIAN_POINT('',(-14.,150.,3.29898987322333));
#6790=CARTESIAN_POINT('',(-35.6043837734852,-50.,-28.4494545157547));
#6791=CARTESIAN_POINT('Ctrl Pts',(-35.6043837734852,-50.,-28.4494545157547));
#6792=CARTESIAN_POINT('Ctrl Pts',(-35.4070764290215,-39.9958354017828,-27.9878703518811));
#6793=CARTESIAN_POINT('Ctrl Pts',(-35.0780282702687,-29.9958354017828,-27.4449459274873));
#6794=CARTESIAN_POINT('Ctrl Pts',(-31.9988147475632,36.801143997968,-23.2733090785304));
#6795=CARTESIAN_POINT('Ctrl Pts',(-25.1264016484876,93.4678106646347,-17.0994119554137));
#6796=CARTESIAN_POINT('Ctrl Pts',(-14.,150.,-8.29898987322334));
#6797=CARTESIAN_POINT('Ctrl Pts',(-35.6043837734852,-50.,-28.4494545157547));
#6798=CARTESIAN_POINT('Ctrl Pts',(-35.6043837757767,-50.,-25.7047313700077));
#6799=CARTESIAN_POINT('Ctrl Pts',(-35.6043837780682,-50.,-22.9600082242606));
#6800=CARTESIAN_POINT('Ctrl Pts',(-35.6043837803597,-50.,-20.2152850785135));
#6801=CARTESIAN_POINT('Ctrl Pts',(-35.6043838072648,-50.0000000000001,12.0112546162671));
#6802=CARTESIAN_POINT('Ctrl Pts',(-34.2858811550611,16.852639096043,14.1777941457786));
#6803=CARTESIAN_POINT('Ctrl Pts',(-27.0844198859728,83.5193057627097,11.2737058980974));
#6804=CARTESIAN_POINT('Ctrl Pts',(-14.,150.,3.29898987322333));
#6805=CARTESIAN_POINT('Ctrl Pts',(-33.3660239588818,-50.0000000000001,13.7090434396415));
#6806=CARTESIAN_POINT('Ctrl Pts',(-31.8572213123861,16.8526390960429,16.0448032941506));
#6807=CARTESIAN_POINT('Ctrl Pts',(-24.4906566453392,83.5193057627098,13.4860087860975));
#6808=CARTESIAN_POINT('Ctrl Pts',(-11.2663299577411,150.,6.03265991548222));
#6809=CARTESIAN_POINT('Ctrl Pts',(-31.1276641104987,-50.0000000000001,15.4068322630159));
#6810=CARTESIAN_POINT('Ctrl Pts',(-29.4285614697112,16.8526390960431,17.9118124425226));
#6811=CARTESIAN_POINT('Ctrl Pts',(-21.8968934047057,83.5193057627096,15.6983116740976));
#6812=CARTESIAN_POINT('Ctrl Pts',(-8.53265991548222,150.,8.76632995774111));
#6813=CARTESIAN_POINT('Ctrl Pts',(-28.8893042621157,-50.0000000000001,17.1046210863904));
#6814=CARTESIAN_POINT('Ctrl Pts',(-26.9999016270362,16.852639096043,19.7788215908945));
#6815=CARTESIAN_POINT('Ctrl Pts',(-19.303130164072,83.5193057627097,17.9106145620978));
#6816=CARTESIAN_POINT('Ctrl Pts',(-5.79898987322333,150.,11.5));
#6817=CARTESIAN_POINT('',(-28.8893042621157,-50.,17.1046210863904));
#6818=CARTESIAN_POINT('Ctrl Pts',(-35.6043838072648,-50.,12.0112546162671));
#6819=CARTESIAN_POINT('Ctrl Pts',(-34.4852038830733,-50.,12.8601490279543));
#6820=CARTESIAN_POINT('Ctrl Pts',(-33.3660239588818,-50.,13.7090434396415));
#6821=CARTESIAN_POINT('Ctrl Pts',(-31.1276641104987,-50.,15.4068322630159));
#6822=CARTESIAN_POINT('Ctrl Pts',(-30.0084841863072,-50.,16.2557266747032));
#6823=CARTESIAN_POINT('Ctrl Pts',(-28.8893042621157,-50.,17.1046210863904));
#6824=CARTESIAN_POINT('',(-5.79898987322333,150.,11.5));
#6825=CARTESIAN_POINT('Ctrl Pts',(-28.8893042621157,-50.,17.1046210863904));
#6826=CARTESIAN_POINT('Ctrl Pts',(-28.6065645646374,-39.9958354017827,17.5048018777165));
#6827=CARTESIAN_POINT('Ctrl Pts',(-28.193776784502,-29.9958354017827,17.803261664598));
#6828=CARTESIAN_POINT('Ctrl Pts',(-24.5662864860993,36.801143997968,19.1179648253985));
#6829=CARTESIAN_POINT('Ctrl Pts',(-17.2823028032706,93.4678106646347,16.9512980097202));
#6830=CARTESIAN_POINT('Ctrl Pts',(-5.79898987322333,150.,11.5));
#6831=CARTESIAN_POINT('',(-5.79898987322333,150.,11.5));
#6832=CARTESIAN_POINT('Ctrl Pts',(-28.8893042621157,-50.,17.1046210863904));
#6833=CARTESIAN_POINT('Ctrl Pts',(-26.9999016270362,16.8526390960431,19.7788215908945));
#6834=CARTESIAN_POINT('Ctrl Pts',(-19.303130164072,83.5193057627097,17.9106145620977));
#6835=CARTESIAN_POINT('Ctrl Pts',(-5.79898987322333,150.,11.5));
#6836=CARTESIAN_POINT('Ctrl Pts',(-19.2595361747438,-50.,17.1046210863904));
#6837=CARTESIAN_POINT('Ctrl Pts',(-17.9999344180241,16.852639096043,19.7788215908945));
#6838=CARTESIAN_POINT('Ctrl Pts',(-12.8687534427147,83.5193057627098,17.9106145620977));
#6839=CARTESIAN_POINT('Ctrl Pts',(-3.86599324881555,150.,11.5));
#6840=CARTESIAN_POINT('Ctrl Pts',(-9.62976808737191,-50.,17.1046210863904));
#6841=CARTESIAN_POINT('Ctrl Pts',(-8.99996720901205,16.8526390960431,19.7788215908945));
#6842=CARTESIAN_POINT('Ctrl Pts',(-6.43437672135735,83.5193057627097,17.9106145620977));
#6843=CARTESIAN_POINT('Ctrl Pts',(-1.93299662440778,150.,11.5));
#6844=CARTESIAN_POINT('Ctrl Pts',(-4.27859490020265E-16,-50.,17.1046210863904));
#6845=CARTESIAN_POINT('Ctrl Pts',(6.02689145808863E-16,16.8526390960431,
19.7788215908945));
#6846=CARTESIAN_POINT('Ctrl Pts',(1.11538331735734E-15,83.5193057627097,
17.9106145620977));
#6847=CARTESIAN_POINT('Ctrl Pts',(1.11022302462516E-15,150.,11.5));
#6848=CARTESIAN_POINT('',(0.,-50.,17.1046210863904));
#6849=CARTESIAN_POINT('Ctrl Pts',(-28.8893042621157,-50.,17.1046210863904));
#6850=CARTESIAN_POINT('Ctrl Pts',(-24.0744202184298,-50.,17.1046210863904));
#6851=CARTESIAN_POINT('Ctrl Pts',(-19.2595361747438,-50.,17.1046210863904));
#6852=CARTESIAN_POINT('Ctrl Pts',(-9.62976808737191,-50.,17.1046210863904));
#6853=CARTESIAN_POINT('Ctrl Pts',(-4.81488404368596,-50.,17.1046210863904));
#6854=CARTESIAN_POINT('Ctrl Pts',(-4.27859490020265E-16,-50.,17.1046210863904));
#6855=CARTESIAN_POINT('',(2.2327216851973E-14,-37.4000003107846,17.5549223320974));
#6856=CARTESIAN_POINT('Ctrl Pts',(0.,-50.,17.1046210863904));
#6857=CARTESIAN_POINT('Ctrl Pts',(0.,-45.7992658233364,17.2726564191224));
#6858=CARTESIAN_POINT('Ctrl Pts',(0.,-41.5992659269313,17.4227568343581));
#6859=CARTESIAN_POINT('Ctrl Pts',(0.,-37.4000003107846,17.5549223320974));
#6860=CARTESIAN_POINT('',(-10.9941116086396,-37.3999998040023,17.5549223480476));
#6861=CARTESIAN_POINT('Ctrl Pts',(-2.39727650674881E-16,-37.4000003107846,
17.5549223320974));
#6862=CARTESIAN_POINT('Ctrl Pts',(-3.66470386954654,-37.4000001418572,17.5549223374142));
#6863=CARTESIAN_POINT('Ctrl Pts',(-7.32940773909307,-37.3999999729297,17.5549223427309));
#6864=CARTESIAN_POINT('Ctrl Pts',(-10.9941116086396,-37.3999998040023,17.5549223480476));
#6865=CARTESIAN_POINT('',(-26.7385131622427,-21.6555962794529,17.9664855039468));
#6866=CARTESIAN_POINT('Ctrl Pts',(-10.9941116086396,-37.3999998040023,17.5549223480476));
#6867=CARTESIAN_POINT('Ctrl Pts',(-16.241879119244,-32.1522316364616,17.7200878669074));
#6868=CARTESIAN_POINT('Ctrl Pts',(-21.4900138501974,-26.904096248526,17.8572917535295));
#6869=CARTESIAN_POINT('Ctrl Pts',(-26.7385131622427,-21.6555962794529,17.9664855039468));
#6870=CARTESIAN_POINT('',(-8.1072817063627,133.000001981854,13.039927659014));
#6871=CARTESIAN_POINT('Ctrl Pts',(-26.7385131622427,-21.6555962794529,17.9664855039468));
#6872=CARTESIAN_POINT('Ctrl Pts',(-25.3191616746504,5.16834386046634,18.5245509782979));
#6873=CARTESIAN_POINT('Ctrl Pts',(-22.9655235601524,31.9059573921706,18.3489967181462));
#6874=CARTESIAN_POINT('Ctrl Pts',(-17.7461710135124,74.3662632332661,16.9152204315828));
#6875=CARTESIAN_POINT('Ctrl Pts',(-15.4817912551068,90.1167636348696,16.1274688687106));
#6876=CARTESIAN_POINT('Ctrl Pts',(-11.4083007446955,114.89727821893,14.4898142841467));
#6877=CARTESIAN_POINT('Ctrl Pts',(-9.80946900165091,123.960941620927,13.8059207086958));
#6878=CARTESIAN_POINT('Ctrl Pts',(-8.1072817063627,133.000001981854,13.039927659014));
#6879=CARTESIAN_POINT('',(-2.16628835150696E-16,133.000001981854,13.039927659014));
#6880=CARTESIAN_POINT('Ctrl Pts',(-8.1072817063627,133.000001981854,13.039927659014));
#6881=CARTESIAN_POINT('Ctrl Pts',(-5.40485447090847,133.000001981854,13.039927659014));
#6882=CARTESIAN_POINT('Ctrl Pts',(-2.70242723545423,133.000001981854,13.039927659014));
#6883=CARTESIAN_POINT('Ctrl Pts',(1.10026026593569E-15,133.000001981854,
13.039927659014));
#6884=CARTESIAN_POINT('',(0.,150.,11.5));
#6885=CARTESIAN_POINT('Ctrl Pts',(0.,133.000001981854,13.039927659014));
#6886=CARTESIAN_POINT('Ctrl Pts',(0.,138.66801852236,12.5596054681947));
#6887=CARTESIAN_POINT('Ctrl Pts',(0.,144.334684528409,12.0462962485233));
#6888=CARTESIAN_POINT('Ctrl Pts',(0.,150.,11.5));
#6889=CARTESIAN_POINT('',(0.,150.,11.5));
#6890=CARTESIAN_POINT('',(-22.5824255155373,-43.5267881015465,17.3493834134143));
#6891=CARTESIAN_POINT('',(-23.0000002980232,-42.00000062585,17.4029807126707));
#6892=CARTESIAN_POINT('Ctrl Pts',(-22.582425511314,-43.5267880990528,17.3493834135032));
#6893=CARTESIAN_POINT('Ctrl Pts',(-22.7053099635678,-43.3189399778237,17.3567872407191));
#6894=CARTESIAN_POINT('Ctrl Pts',(-22.8026470806185,-43.0970244972776,17.3646477450651));
#6895=CARTESIAN_POINT('Ctrl Pts',(-22.8723301187248,-42.8658651655722,17.3727785406909));
#6896=CARTESIAN_POINT('Ctrl Pts',(-22.9347945696308,-42.6586520313696,17.3800670530463));
#6897=CARTESIAN_POINT('Ctrl Pts',(-22.9746521222607,-42.445289980034,17.3875277421701));
#6898=CARTESIAN_POINT('Ctrl Pts',(-22.9912084954024,-42.2295077498364,17.3950247175124));
#6899=CARTESIAN_POINT('Ctrl Pts',(-22.9957152840408,-42.1707699517027,17.3970654593468));
#6900=CARTESIAN_POINT('Ctrl Pts',(-22.9984909626559,-42.111912115358,17.3991068655513));
#6901=CARTESIAN_POINT('Ctrl Pts',(-22.9995319148584,-42.0530108098569,17.4011462510889));
#6902=CARTESIAN_POINT('Ctrl Pts',(-22.9998441699687,-42.0353421468723,17.4017580068973));
#6903=CARTESIAN_POINT('Ctrl Pts',(-23.0000002981267,-42.0176713957727,17.4023695179993));
#6904=CARTESIAN_POINT('Ctrl Pts',(-23.0000002981248,-42.0000006258458,17.4029807126709));
#6905=CARTESIAN_POINT('Ctrl Pts',(-23.0000002981248,-42.0000006258458,17.4029807126709));
#6906=CARTESIAN_POINT('Ctrl Pts',(-23.0000002981231,-41.9826773471114,17.4035798883548));
#6907=CARTESIAN_POINT('Ctrl Pts',(-22.9998502500303,-41.9653540502828,17.4041787599317));
#6908=CARTESIAN_POINT('Ctrl Pts',(-22.9995501531045,-41.9480326849451,17.4047772601037));
#6909=CARTESIAN_POINT('Ctrl Pts',(-22.9990145805007,-41.9171198433325,17.4058453826599));
#6910=CARTESIAN_POINT('Ctrl Pts',(-22.998001165333,-41.8862170719058,17.4069121867323));
#6911=CARTESIAN_POINT('Ctrl Pts',(-22.9965102656408,-41.8553354470096,17.4079772928812));
#6912=CARTESIAN_POINT('Ctrl Pts',(-22.9946550195321,-41.8169069633777,17.4093026899207));
#6913=CARTESIAN_POINT('Ctrl Pts',(-22.9920607053474,-41.7785176085554,17.4106252373864));
#6914=CARTESIAN_POINT('Ctrl Pts',(-22.9887287496083,-41.7401886886979,17.4119442128868));
#6915=CARTESIAN_POINT('Ctrl Pts',(-22.9836260256369,-41.6814898603027,17.4139641580572));
#6916=CARTESIAN_POINT('Ctrl Pts',(-22.976795103956,-41.6229537329083,17.4159750027733));
#6917=CARTESIAN_POINT('Ctrl Pts',(-22.9682448105554,-41.5646564927738,17.4179742013653));
#6918=CARTESIAN_POINT('Ctrl Pts',(-22.9320897464633,-41.3181456007274,17.4264278473207));
#6919=CARTESIAN_POINT('Ctrl Pts',(-22.8653646490161,-41.077085251052,17.4346320238768));
#6920=CARTESIAN_POINT('Ctrl Pts',(-22.7696045423035,-40.8470512210429,17.442408877144));
#6921=CARTESIAN_POINT('Ctrl Pts',(-22.6624074951944,-40.5895434801047,17.4511145452419));
#6922=CARTESIAN_POINT('Ctrl Pts',(-22.5198939933464,-40.3484230640519,17.4591981047329));
#6923=CARTESIAN_POINT('Ctrl Pts',(-22.3463288063066,-40.1305780595912,17.4664572122063));
#6924=CARTESIAN_POINT('Ctrl Pts',(-22.3184264975389,-40.0955573352072,17.4676241850397));
#6925=CARTESIAN_POINT('Ctrl Pts',(-22.2897215892478,-40.0611381333653,17.4687698679395));
#6926=CARTESIAN_POINT('Ctrl Pts',(-22.2602316672573,-40.0273490708269,17.4698934374361));
#6927=CARTESIAN_POINT('Ctrl Pts',(-22.0928419065873,-39.835556664818,17.4762710070072));
#6928=CARTESIAN_POINT('Ctrl Pts',(-21.9020447514648,-39.6662273046814,17.4818644092548));
#6929=CARTESIAN_POINT('Ctrl Pts',(-21.6926907291384,-39.5231511019756,17.4865732042138));
#6930=CARTESIAN_POINT('Ctrl Pts',(-21.5875244673339,-39.4512786381722,17.4889386059288));
#6931=CARTESIAN_POINT('Ctrl Pts',(-21.4776747097774,-39.386030960565,17.491080758074));
#6932=CARTESIAN_POINT('Ctrl Pts',(-21.3637513370969,-39.3278885205236,17.4929866029188));
#6933=CARTESIAN_POINT('Ctrl Pts',(-21.1213523691585,-39.204176703292,17.4970417393896));
#6934=CARTESIAN_POINT('Ctrl Pts',(-20.863742834794,-39.1142793678416,17.499974016254));
#6935=CARTESIAN_POINT('Ctrl Pts',(-20.5981554643622,-39.0602383903029,17.501735626438));
#6936=CARTESIAN_POINT('Ctrl Pts',(-20.4772946578225,-39.0356459704115,17.5025372821315));
#6937=CARTESIAN_POINT('Ctrl Pts',(-20.3547809756538,-39.0184789999349,17.503096325949));
#6938=CARTESIAN_POINT('Ctrl Pts',(-20.2312927148292,-39.0089299449841,17.5034072711968));
#6939=CARTESIAN_POINT('Ctrl Pts',(-19.8530645725641,-38.9796824578926,17.5043596551938));
#6940=CARTESIAN_POINT('Ctrl Pts',(-19.4727063854512,-39.0224410393951,17.5029715319606));
#6941=CARTESIAN_POINT('Ctrl Pts',(-19.1104257335484,-39.1349252177243,17.4992991211444));
#6942=CARTESIAN_POINT('Ctrl Pts',(-18.8442620001061,-39.217566144586,17.4966010400615));
#6943=CARTESIAN_POINT('Ctrl Pts',(-18.5912728492724,-39.3367823438152,17.4927028755457));
#6944=CARTESIAN_POINT('Ctrl Pts',(-18.3586126900895,-39.4888569805194,17.4877014632744));
#6945=CARTESIAN_POINT('Ctrl Pts',(-18.2966253424307,-39.5293740308325,17.4863689434209));
#6946=CARTESIAN_POINT('Ctrl Pts',(-18.2360813073135,-39.572223515485,17.4849580509045));
#6947=CARTESIAN_POINT('Ctrl Pts',(-18.1771165362504,-39.6173351455379,17.4834705009555));
#6948=CARTESIAN_POINT('Ctrl Pts',(-17.9729483377246,-39.7735362139793,17.4783197916788));
#6949=CARTESIAN_POINT('Ctrl Pts',(-17.7899383943258,-39.9551542140349,17.4723061993295));
#6950=CARTESIAN_POINT('Ctrl Pts',(-17.6324182300847,-40.1575700725772,17.4655575282755));
#6951=CARTESIAN_POINT('Ctrl Pts',(-17.5915997405667,-40.2100224658311,17.4638087327482));
#6952=CARTESIAN_POINT('Ctrl Pts',(-17.5524931446547,-40.2638714207957,17.4620105799756));
#6953=CARTESIAN_POINT('Ctrl Pts',(-17.5151743850813,-40.3190365625445,17.4601653093228));
#6954=CARTESIAN_POINT('Ctrl Pts',(-17.3659665184699,-40.5395978353667,17.4527875480959));
#6955=CARTESIAN_POINT('Ctrl Pts',(-17.2468400538589,-40.778969294999,17.4447304486825));
#6956=CARTESIAN_POINT('Ctrl Pts',(-17.1608701621488,-41.0308052018782,17.4361852029129));
#6957=CARTESIAN_POINT('Ctrl Pts',(-17.1553779293277,-41.0468938743864,17.4356392852858));
#6958=CARTESIAN_POINT('Ctrl Pts',(-17.1500210376006,-41.0630334186824,17.4350913786256));
#6959=CARTESIAN_POINT('Ctrl Pts',(-17.1448002955921,-41.0792221801206,17.4345415341847));
#6960=CARTESIAN_POINT('Ctrl Pts',(-17.0752978827831,-41.29473905081,17.4272215947483));
#6961=CARTESIAN_POINT('Ctrl Pts',(-17.030422209685,-41.5174267987971,17.4196103298564));
#6962=CARTESIAN_POINT('Ctrl Pts',(-17.0110264916659,-41.7430267265022,17.4118465475511));
#6963=CARTESIAN_POINT('Ctrl Pts',(-17.0059076526771,-41.8025661415762,17.4097975617118));
#6964=CARTESIAN_POINT('Ctrl Pts',(-17.0025689859304,-41.8622449810638,17.4077401749944));
#6965=CARTESIAN_POINT('Ctrl Pts',(-17.0010149187043,-41.9219833544678,17.4056771054857));
#6966=CARTESIAN_POINT('Ctrl Pts',(-17.0001016043432,-41.957091175686,17.4044646540688));
#6967=CARTESIAN_POINT('Ctrl Pts',(-16.9998048496139,-41.9922122831671,17.4032504919063));
#6968=CARTESIAN_POINT('Ctrl Pts',(-17.0001247870162,-42.0273304348548,17.4020351794038));
#6969=CARTESIAN_POINT('Ctrl Pts',(-17.0004053270649,-42.0581241085978,17.4009695214777));
#6970=CARTESIAN_POINT('Ctrl Pts',(-17.0011599951912,-42.0889116221129,17.3999031136796));
#6971=CARTESIAN_POINT('Ctrl Pts',(-17.0023885216226,-42.1196820278484,17.3988363373961));
#6972=CARTESIAN_POINT('Ctrl Pts',(-17.0039053251407,-42.1576727934334,17.3975192391406));
#6973=CARTESIAN_POINT('Ctrl Pts',(-17.0061442159045,-42.1956312965983,17.3962017933868));
#6974=CARTESIAN_POINT('Ctrl Pts',(-17.0091039810151,-42.2335369632933,17.3948847240591));
#6975=CARTESIAN_POINT('Ctrl Pts',(-17.0147822497426,-42.3062584644092,17.3923579446369));
#6976=CARTESIAN_POINT('Ctrl Pts',(-17.023110901652,-42.3787488755373,17.3898338180323));
#6977=CARTESIAN_POINT('Ctrl Pts',(-17.0340733698847,-42.4508636393496,17.3873175116432));
#6978=CARTESIAN_POINT('Ctrl Pts',(-17.0835458433982,-42.7763100321593,17.3759616838733));
#6979=CARTESIAN_POINT('Ctrl Pts',(-17.1862511243337,-43.0914212944499,17.364856492321));
#6980=CARTESIAN_POINT('Ctrl Pts',(-17.3380788283026,-43.3835374301631,17.3544792487714));
#6981=CARTESIAN_POINT('Ctrl Pts',(-17.4645106171646,-43.6267918865515,17.3458377859083));
#6982=CARTESIAN_POINT('Ctrl Pts',(-17.6236243272919,-43.8514441851069,17.3377965760706));
#6983=CARTESIAN_POINT('Ctrl Pts',(-17.8108823269131,-44.0512839698723,17.3306070759457));
#6984=CARTESIAN_POINT('Ctrl Pts',(-17.8347027213388,-44.076704846442,17.3296925263454));
#6985=CARTESIAN_POINT('Ctrl Pts',(-17.8589784617352,-44.101724220566,17.3287917652322));
#6986=CARTESIAN_POINT('Ctrl Pts',(-17.8837001463007,-44.1263293087714,17.3279053149884));
#6987=CARTESIAN_POINT('Ctrl Pts',(-18.0741125028903,-44.3158436121699,17.3210776621452));
#6988=CARTESIAN_POINT('Ctrl Pts',(-18.2887476474275,-44.4785576835063,17.3151794470744));
#6989=CARTESIAN_POINT('Ctrl Pts',(-18.521624041239,-44.6104425824185,17.3103848044606));
#6990=CARTESIAN_POINT('Ctrl Pts',(-18.6250157594563,-44.6689964189936,17.3082560943325));
#6991=CARTESIAN_POINT('Ctrl Pts',(-18.7320024138395,-44.7214733531945,17.3063448544298));
#6992=CARTESIAN_POINT('Ctrl Pts',(-18.8420572831433,-44.7675208103645,17.3046659155296));
#6993=CARTESIAN_POINT('Ctrl Pts',(-19.1154585233226,-44.8819131310046,17.3004950507563));
#6994=CARTESIAN_POINT('Ctrl Pts',(-19.4038033339456,-44.9549533012036,17.297820341316));
#6995=CARTESIAN_POINT('Ctrl Pts',(-19.6976011146288,-44.9847204401532,17.2967306245091));
#6996=CARTESIAN_POINT('Ctrl Pts',(-19.7970415763771,-44.994795594687,17.2963617927834));
#6997=CARTESIAN_POINT('Ctrl Pts',(-19.897106299945,-44.9999134409065,17.2961743603276));
#6998=CARTESIAN_POINT('Ctrl Pts',(-19.9974261262733,-44.9999995210925,17.29617120821));
#6999=CARTESIAN_POINT('Ctrl Pts',(-20.3716112057123,-45.000320593431,17.296159451059));
#7000=CARTESIAN_POINT('Ctrl Pts',(-20.7425570118047,-44.9306320299102,17.2987159714454));
#7001=CARTESIAN_POINT('Ctrl Pts',(-21.0910877189137,-44.7945539425659,17.3036800117061));
#7002=CARTESIAN_POINT('Ctrl Pts',(-21.3630032315624,-44.6883889989159,17.3075528399097));
#7003=CARTESIAN_POINT('Ctrl Pts',(-21.6176715626651,-44.5432224187688,17.312837931043));
#7004=CARTESIAN_POINT('Ctrl Pts',(-21.8471747388398,-44.3638846844856,17.3193277845432));
#7005=CARTESIAN_POINT('Ctrl Pts',(-21.8914842855623,-44.3292604415938,17.320580762701));
#7006=CARTESIAN_POINT('Ctrl Pts',(-21.9348559542933,-44.2933624714539,17.3218786180981));
#7007=CARTESIAN_POINT('Ctrl Pts',(-21.97723299634,-44.2562255385529,17.3232198193156));
#7008=CARTESIAN_POINT('Ctrl Pts',(-22.1762741047671,-44.0817967457161,17.3295193193298));
#7009=CARTESIAN_POINT('Ctrl Pts',(-22.3511711392062,-43.8819621497131,17.336705315319));
#7010=CARTESIAN_POINT('Ctrl Pts',(-22.4975149046311,-43.6620544878216,17.3445588524167));
#7011=CARTESIAN_POINT('Ctrl Pts',(-22.5269883533263,-43.617765363706,17.3461405448246));
#7012=CARTESIAN_POINT('Ctrl Pts',(-22.5553038087771,-43.572662046598,17.3477493223248));
#7013=CARTESIAN_POINT('Ctrl Pts',(-22.582425511314,-43.5267880990528,17.3493834135032));
#7014=CARTESIAN_POINT('Ctrl Pts',(28.8893042621157,-50.,17.1046210863904));
#7015=CARTESIAN_POINT('Ctrl Pts',(26.9999016270362,16.8526390960431,19.7788215908945));
#7016=CARTESIAN_POINT('Ctrl Pts',(19.303130164072,83.5193057627097,17.9106145620977));
#7017=CARTESIAN_POINT('Ctrl Pts',(5.79898987322333,150.,11.5));
#7018=CARTESIAN_POINT('Ctrl Pts',(19.2595361747438,-50.,17.1046210863904));
#7019=CARTESIAN_POINT('Ctrl Pts',(17.9999344180241,16.852639096043,19.7788215908945));
#7020=CARTESIAN_POINT('Ctrl Pts',(12.8687534427147,83.5193057627098,17.9106145620977));
#7021=CARTESIAN_POINT('Ctrl Pts',(3.86599324881555,150.,11.5));
#7022=CARTESIAN_POINT('Ctrl Pts',(9.62976808737191,-50.,17.1046210863904));
#7023=CARTESIAN_POINT('Ctrl Pts',(8.99996720901205,16.8526390960431,19.7788215908945));
#7024=CARTESIAN_POINT('Ctrl Pts',(6.43437672135735,83.5193057627097,17.9106145620977));
#7025=CARTESIAN_POINT('Ctrl Pts',(1.93299662440778,150.,11.5));
#7026=CARTESIAN_POINT('Ctrl Pts',(4.27859490020265E-16,-50.,17.1046210863904));
#7027=CARTESIAN_POINT('Ctrl Pts',(-6.02689145808863E-16,16.8526390960431,
19.7788215908945));
#7028=CARTESIAN_POINT('Ctrl Pts',(-1.11538331735734E-15,83.5193057627097,
17.9106145620977));
#7029=CARTESIAN_POINT('Ctrl Pts',(-1.11022302462516E-15,150.,11.5));
#7030=CARTESIAN_POINT('',(28.8893042621157,-50.,17.1046210863904));
#7031=CARTESIAN_POINT('Ctrl Pts',(4.27859490020265E-16,-50.,17.1046210863904));
#7032=CARTESIAN_POINT('Ctrl Pts',(4.81488404368596,-50.,17.1046210863904));
#7033=CARTESIAN_POINT('Ctrl Pts',(9.62976808737191,-50.,17.1046210863904));
#7034=CARTESIAN_POINT('Ctrl Pts',(19.2595361747438,-50.,17.1046210863904));
#7035=CARTESIAN_POINT('Ctrl Pts',(24.0744202184298,-50.,17.1046210863904));
#7036=CARTESIAN_POINT('Ctrl Pts',(28.8893042621157,-50.,17.1046210863904));
#7037=CARTESIAN_POINT('',(5.79898987322333,150.,11.5));
#7038=CARTESIAN_POINT('Ctrl Pts',(28.8893042621157,-50.,17.1046210863904));
#7039=CARTESIAN_POINT('Ctrl Pts',(28.6065645646374,-39.9958354017827,17.5048018777165));
#7040=CARTESIAN_POINT('Ctrl Pts',(28.193776784502,-29.9958354017827,17.803261664598));
#7041=CARTESIAN_POINT('Ctrl Pts',(24.5662864860993,36.801143997968,19.1179648253985));
#7042=CARTESIAN_POINT('Ctrl Pts',(17.2823028032706,93.4678106646347,16.9512980097202));
#7043=CARTESIAN_POINT('Ctrl Pts',(5.79898987322333,150.,11.5));
#7044=CARTESIAN_POINT('',(0.,150.,11.5));
#7045=CARTESIAN_POINT('',(8.1072817063627,133.000001981854,13.039927659014));
#7046=CARTESIAN_POINT('Ctrl Pts',(-1.10026026593569E-15,133.000001981854,
13.039927659014));
#7047=CARTESIAN_POINT('Ctrl Pts',(2.70242723545423,133.000001981854,13.039927659014));
#7048=CARTESIAN_POINT('Ctrl Pts',(5.40485447090847,133.000001981854,13.039927659014));
#7049=CARTESIAN_POINT('Ctrl Pts',(8.1072817063627,133.000001981854,13.039927659014));
#7050=CARTESIAN_POINT('',(26.7385131622427,-21.6555962794529,17.9664855039468));
#7051=CARTESIAN_POINT('Ctrl Pts',(8.1072817063627,133.000001981854,13.039927659014));
#7052=CARTESIAN_POINT('Ctrl Pts',(8.85183382889363,129.046235204225,13.3749799488315));
#7053=CARTESIAN_POINT('Ctrl Pts',(9.57664702949247,125.087571369013,13.6943405035151));
#7054=CARTESIAN_POINT('Ctrl Pts',(11.365997418007,115.026872572246,14.4648793552032));
#7055=CARTESIAN_POINT('Ctrl Pts',(12.4032236043152,108.919036680128,14.8944071948303));
#7056=CARTESIAN_POINT('Ctrl Pts',(20.058028102574,61.5906721220014,17.9245963793356));
#7057=CARTESIAN_POINT('Ctrl Pts',(24.5287759769699,20.1056295344988,18.8353175312992));
#7058=CARTESIAN_POINT('Ctrl Pts',(26.7385131622427,-21.6555962794529,17.9664855039468));
#7059=CARTESIAN_POINT('',(10.9941116086396,-37.3999998040023,17.5549223480476));
#7060=CARTESIAN_POINT('Ctrl Pts',(26.7385131622427,-21.6555962794529,17.9664855039468));
#7061=CARTESIAN_POINT('Ctrl Pts',(21.490013995436,-26.9040961030464,17.8572917565688));
#7062=CARTESIAN_POINT('Ctrl Pts',(16.2418792647479,-32.1522314910372,17.7200878714735));
#7063=CARTESIAN_POINT('Ctrl Pts',(10.9941116086396,-37.3999998040023,17.5549223480476));
#7064=CARTESIAN_POINT('Ctrl Pts',(10.9941116086396,-37.3999998040023,17.5549223480476));
#7065=CARTESIAN_POINT('Ctrl Pts',(7.32940773909307,-37.3999999729297,17.5549223427309));
#7066=CARTESIAN_POINT('Ctrl Pts',(3.66470386954654,-37.4000001418572,17.5549223374142));
#7067=CARTESIAN_POINT('Ctrl Pts',(2.39727650674882E-16,-37.4000003107847,
17.5549223320974));
#7068=CARTESIAN_POINT('',(17.4422385526014,-43.5677553431616,17.3479235376769));
#7069=CARTESIAN_POINT('',(17.0000002980232,-42.0000006258488,17.4029807126707));
#7070=CARTESIAN_POINT('Ctrl Pts',(17.442238560523,-43.5677553383124,17.3479235378498));
#7071=CARTESIAN_POINT('Ctrl Pts',(17.3260749168227,-43.3782365821046,17.3546797035874));
#7072=CARTESIAN_POINT('Ctrl Pts',(17.2313395404385,-43.1764018341321,17.3618380773599));
#7073=CARTESIAN_POINT('Ctrl Pts',(17.1597719171875,-42.9659730606057,17.3692539551275));
#7074=CARTESIAN_POINT('Ctrl Pts',(17.0939263170022,-42.7723686308409,17.3760769136153));
#7075=CARTESIAN_POINT('Ctrl Pts',(17.0480498585304,-42.5725419554239,17.3830807065577));
#7076=CARTESIAN_POINT('Ctrl Pts',(17.0228562204712,-42.3696127759732,17.3901503703844));
#7077=CARTESIAN_POINT('Ctrl Pts',(17.0157630209076,-42.3124786231472,17.3921408148074));
#7078=CARTESIAN_POINT('Ctrl Pts',(17.0103159845274,-42.2551521812276,17.3941346410827));
#7079=CARTESIAN_POINT('Ctrl Pts',(17.0065218687544,-42.1977046812046,17.3961293170619));
#7080=CARTESIAN_POINT('Ctrl Pts',(17.0042400049672,-42.1631545046126,17.3973289586007));
#7081=CARTESIAN_POINT('Ctrl Pts',(17.0025564689328,-42.1285673981452,17.3985286699975));
#7082=CARTESIAN_POINT('Ctrl Pts',(17.0014720188737,-42.0939589098941,17.3997279057887));
#7083=CARTESIAN_POINT('Ctrl Pts',(17.0004909336519,-42.0626491450141,17.4008128358899));
#7084=CARTESIAN_POINT('Ctrl Pts',(17.0000002980162,-42.0313257512487,17.4018972426347));
#7085=CARTESIAN_POINT('Ctrl Pts',(17.0000002980233,-42.0000006258488,17.4029807126708));
#7086=CARTESIAN_POINT('Ctrl Pts',(17.0000002980233,-42.0000006258488,17.4029807126708));
#7087=CARTESIAN_POINT('Ctrl Pts',(17.0000002980319,-41.9617026110652,17.4043053602477));
#7088=CARTESIAN_POINT('Ctrl Pts',(17.0007336669911,-41.9234079895704,17.4056284006235));
#7089=CARTESIAN_POINT('Ctrl Pts',(17.0022000151264,-41.8851378213214,17.406949109431));
#7090=CARTESIAN_POINT('Ctrl Pts',(17.004498689675,-41.8251447953783,17.4090194770665));
#7091=CARTESIAN_POINT('Ctrl Pts',(17.0085977593767,-41.7652340020502,17.4110833490391));
#7092=CARTESIAN_POINT('Ctrl Pts',(17.0144917367181,-41.7054863970393,17.4131379811931));
#7093=CARTESIAN_POINT('Ctrl Pts',(17.0402651665787,-41.4442195787467,17.4221225623417));
#7094=CARTESIAN_POINT('Ctrl Pts',(17.1002243434127,-41.1874519409854,17.4308820216791));
#7095=CARTESIAN_POINT('Ctrl Pts',(17.1928392661742,-40.9417724173636,17.4392035624751));
#7096=CARTESIAN_POINT('Ctrl Pts',(17.2853011671889,-40.696498814394,17.4475113541186));
#7097=CARTESIAN_POINT('Ctrl Pts',(17.4094307557764,-40.4646176189296,17.4553037648154));
#7098=CARTESIAN_POINT('Ctrl Pts',(17.5618909647045,-40.2519676399934,17.4624072380404));
#7099=CARTESIAN_POINT('Ctrl Pts',(17.5959364225111,-40.2044813749781,17.4639934945441));
#7100=CARTESIAN_POINT('Ctrl Pts',(17.6313948205938,-40.1579540943852,17.4655454256023));
#7101=CARTESIAN_POINT('Ctrl Pts',(17.6682293597721,-40.1124508141808,17.4670611433878));
#7102=CARTESIAN_POINT('Ctrl Pts',(17.8320219744268,-39.9101107983619,17.4738011049755));
#7103=CARTESIAN_POINT('Ctrl Pts',(18.0211434101809,-39.7303424474255,17.4797476972708));
#7104=CARTESIAN_POINT('Ctrl Pts',(18.2305597571671,-39.5773851548004,17.4847873062528));
#7105=CARTESIAN_POINT('Ctrl Pts',(18.3297111331451,-39.5049651825875,17.4871733862898));
#7106=CARTESIAN_POINT('Ctrl Pts',(18.4334127897884,-39.4385554298258,17.4893561346969));
#7107=CARTESIAN_POINT('Ctrl Pts',(18.5411344784827,-39.3786058595886,17.4913232738763));
#7108=CARTESIAN_POINT('Ctrl Pts',(18.8137578496972,-39.2268847518059,17.4963017338433));
#7109=CARTESIAN_POINT('Ctrl Pts',(19.1079533388472,-39.118860642946,17.4998247678995));
#7110=CARTESIAN_POINT('Ctrl Pts',(19.4129512852647,-39.0579995977531,17.5018086041715));
#7111=CARTESIAN_POINT('Ctrl Pts',(19.49523748062,-39.0415797368554,17.5023438285589));
#7112=CARTESIAN_POINT('Ctrl Pts',(19.5783102493974,-39.0285927889805,17.5027668908754));
#7113=CARTESIAN_POINT('Ctrl Pts',(19.6619586010228,-39.0191068318519,17.5030758468371));
#7114=CARTESIAN_POINT('Ctrl Pts',(19.9689658155176,-38.9842913546993,17.504209780828));
#7115=CARTESIAN_POINT('Ctrl Pts',(20.2790991296612,-38.9971599470397,17.5037916973389));
#7116=CARTESIAN_POINT('Ctrl Pts',(20.581407451132,-39.0568792340084,17.5018451233007));
#7117=CARTESIAN_POINT('Ctrl Pts',(20.6491200908534,-39.0702554802966,17.5014091192042));
#7118=CARTESIAN_POINT('Ctrl Pts',(20.7164399845754,-39.085982204272,17.5008963241247));
#7119=CARTESIAN_POINT('Ctrl Pts',(20.7832437176704,-39.1040500486498,17.5003068184534));
#7120=CARTESIAN_POINT('Ctrl Pts',(21.0326810271889,-39.1715132618804,17.4981056733706));
#7121=CARTESIAN_POINT('Ctrl Pts',(21.2719648161643,-39.2708158057607,17.4948618615102));
#7122=CARTESIAN_POINT('Ctrl Pts',(21.4952891135275,-39.3992114590171,17.4906469938163));
#7123=CARTESIAN_POINT('Ctrl Pts',(21.57606308332,-39.4456507705478,17.4891225220065));
#7124=CARTESIAN_POINT('Ctrl Pts',(21.6547487709982,-39.4958960177506,17.4874709317655));
#7125=CARTESIAN_POINT('Ctrl Pts',(21.7310697739708,-39.549817271599,17.4856953505645));
#7126=CARTESIAN_POINT('Ctrl Pts',(21.9414248394135,-39.698434407646,17.4808015142));
#7127=CARTESIAN_POINT('Ctrl Pts',(22.1315295141205,-39.8733570005449,17.4750191300419));
#7128=CARTESIAN_POINT('Ctrl Pts',(22.2968508063765,-40.0701111576197,17.4684708737928));
#7129=CARTESIAN_POINT('Ctrl Pts',(22.3385029964533,-40.119682761114,17.466821060812));
#7130=CARTESIAN_POINT('Ctrl Pts',(22.3785817449686,-40.1706401723492,17.4651226300819));
#7131=CARTESIAN_POINT('Ctrl Pts',(22.4170140441924,-40.2229118406499,17.4633775476649));
#7132=CARTESIAN_POINT('Ctrl Pts',(22.5838008605641,-40.4497581474904,17.4558043150842));
#7133=CARTESIAN_POINT('Ctrl Pts',(22.7178124851714,-40.6989426825705,17.4474322393013));
#7134=CARTESIAN_POINT('Ctrl Pts',(22.8151146345741,-40.9631152550377,17.4384804937702));
#7135=CARTESIAN_POINT('Ctrl Pts',(22.8908186269991,-41.1686494446494,17.4315157670911));
#7136=CARTESIAN_POINT('Ctrl Pts',(22.943783326623,-41.3818501371899,17.424247849905));
#7137=CARTESIAN_POINT('Ctrl Pts',(22.9730659027038,-41.598900999451,17.4167994509195));
#7138=CARTESIAN_POINT('Ctrl Pts',(22.9809760288034,-41.6575331254561,17.4147874088419));
#7139=CARTESIAN_POINT('Ctrl Pts',(22.987149945993,-41.7163860977382,17.4127642943867));
#7140=CARTESIAN_POINT('Ctrl Pts',(22.9915796105683,-41.7753826907795,17.4107326970059));
#7141=CARTESIAN_POINT('Ctrl Pts',(22.9942040774836,-41.8103367158354,17.4095290257075));
#7142=CARTESIAN_POINT('Ctrl Pts',(22.9962157255549,-41.845333975905,17.4083226246027));
#7143=CARTESIAN_POINT('Ctrl Pts',(22.9976136362161,-41.8803583478366,17.4071140419914));
#7144=CARTESIAN_POINT('Ctrl Pts',(22.9988463621704,-41.911244049984,17.4060482720576));
#7145=CARTESIAN_POINT('Ctrl Pts',(22.9996016698066,-41.9421469182544,17.4049809409401));
#7146=CARTESIAN_POINT('Ctrl Pts',(22.9998792923754,-41.9730558815601,17.4039124288332));
#7147=CARTESIAN_POINT('Ctrl Pts',(23.0002240872712,-42.0114434407166,17.4025853842698));
#7148=CARTESIAN_POINT('Ctrl Pts',(22.9998320180218,-42.0498340467447,17.4012567375616));
#7149=CARTESIAN_POINT('Ctrl Pts',(22.9987033053407,-42.0882064867938,17.3999272246384));
#7150=CARTESIAN_POINT('Ctrl Pts',(22.9965174124203,-42.1625195041362,17.3973524569979));
#7151=CARTESIAN_POINT('Ctrl Pts',(22.9915698669234,-42.2367256339641,17.3947757777738));
#7152=CARTESIAN_POINT('Ctrl Pts',(22.9838709081802,-42.3106711616921,17.3922026074934));
#7153=CARTESIAN_POINT('Ctrl Pts',(22.9556175746837,-42.5820335270693,17.3827596892365));
#7154=CARTESIAN_POINT('Ctrl Pts',(22.8905138276068,-42.8479578963816,17.3734299981747));
#7155=CARTESIAN_POINT('Ctrl Pts',(22.7906037629191,-43.1011528188748,17.3644837998593));
#7156=CARTESIAN_POINT('Ctrl Pts',(22.7646811737963,-43.1668465802017,17.362162626073));
#7157=CARTESIAN_POINT('Ctrl Pts',(22.7364157142797,-43.231683403586,17.3598673443009));
#7158=CARTESIAN_POINT('Ctrl Pts',(22.7058436573794,-43.295535926261,17.3576028265026));
#7159=CARTESIAN_POINT('Ctrl Pts',(22.5923635122757,-43.5325495351913,17.3491971831014));
#7160=CARTESIAN_POINT('Ctrl Pts',(22.4483547148879,-43.7533789270243,17.3413079845942));
#7161=CARTESIAN_POINT('Ctrl Pts',(22.2776869992918,-43.9524725447571,17.3341586433858));
#7162=CARTESIAN_POINT('Ctrl Pts',(22.2333657928546,-44.0041757582268,17.3323020097133));
#7163=CARTESIAN_POINT('Ctrl Pts',(22.1872469705086,-44.0544131004015,17.3304952997595));
#7164=CARTESIAN_POINT('Ctrl Pts',(22.1393988749214,-44.103087340458,17.3287424731613));
#7165=CARTESIAN_POINT('Ctrl Pts',(21.9395592027253,-44.3063774413056,17.3214217159085));
#7166=CARTESIAN_POINT('Ctrl Pts',(21.7121225262734,-44.479785220739,17.3151355477229));
#7167=CARTESIAN_POINT('Ctrl Pts',(21.46419042404,-44.6184255609848,17.3100945637008));
#7168=CARTESIAN_POINT('Ctrl Pts',(21.3731995452552,-44.6693064524883,17.3082445266867));
#7169=CARTESIAN_POINT('Ctrl Pts',(21.2794487001292,-44.7155045756285,17.3065621432516));
#7170=CARTESIAN_POINT('Ctrl Pts',(21.1832905971266,-44.7567784674689,17.3050575536438));
#7171=CARTESIAN_POINT('Ctrl Pts',(20.847110487806,-44.9010768784997,17.2997973302924));
#7172=CARTESIAN_POINT('Ctrl Pts',(20.4875993493969,-44.982566279705,17.2968095579544));
#7173=CARTESIAN_POINT('Ctrl Pts',(20.122592597849,-44.9974947401076,17.2962629271255));
#7174=CARTESIAN_POINT('Ctrl Pts',(20.0889958233937,-44.9988688191211,17.2962126128982));
#7175=CARTESIAN_POINT('Ctrl Pts',(20.0553524989785,-44.9996789856232,17.296182945687));
#7176=CARTESIAN_POINT('Ctrl Pts',(20.0216765346177,-44.9999223146986,17.2961740353816));
#7177=CARTESIAN_POINT('Ctrl Pts',(19.7225312300586,-45.0020838192545,17.2960948846851));
#7178=CARTESIAN_POINT('Ctrl Pts',(19.425153479661,-44.9594853974166,17.29765669315));
#7179=CARTESIAN_POINT('Ctrl Pts',(19.1393629749291,-44.8739010037349,17.3007833520227));
#7180=CARTESIAN_POINT('Ctrl Pts',(19.0702770057233,-44.8532121400795,17.3015391792984));
#7181=CARTESIAN_POINT('Ctrl Pts',(19.0018679439005,-44.8300113313844,17.3023863470497));
#7182=CARTESIAN_POINT('Ctrl Pts',(18.9342740643458,-44.8043236448413,17.303323587014));
#7183=CARTESIAN_POINT('Ctrl Pts',(18.6819734850482,-44.7084419135613,17.3068219242523));
#7184=CARTESIAN_POINT('Ctrl Pts',(18.4441016070705,-44.579078895993,17.3115332552542));
#7185=CARTESIAN_POINT('Ctrl Pts',(18.2269614200831,-44.419987333474,17.3172964831836));
#7186=CARTESIAN_POINT('Ctrl Pts',(18.1662930197906,-44.3755375670261,17.3189067139928));
#7187=CARTESIAN_POINT('Ctrl Pts',(18.1072426884876,-44.3287671061584,17.320599010939));
#7188=CARTESIAN_POINT('Ctrl Pts',(18.0499471686249,-44.2797578042613,17.3223697635864));
#7189=CARTESIAN_POINT('Ctrl Pts',(17.8442634184499,-44.1038205401996,17.328726544117));
#7190=CARTESIAN_POINT('Ctrl Pts',(17.6634991502236,-43.9009980850739,17.336023156444));
#7191=CARTESIAN_POINT('Ctrl Pts',(17.512448911994,-43.6769292097313,17.3440275583038));
#7192=CARTESIAN_POINT('Ctrl Pts',(17.4882782155313,-43.6410742462693,17.3453084034715));
#7193=CARTESIAN_POINT('Ctrl Pts',(17.4648682573559,-43.6046752545662,17.3466073774959));
#7194=CARTESIAN_POINT('Ctrl Pts',(17.442238560523,-43.5677553383124,17.3479235378498));
#7195=CARTESIAN_POINT('Ctrl Pts',(35.6043838072648,-50.0000000000001,12.0112546162671));
#7196=CARTESIAN_POINT('Ctrl Pts',(34.2858811550611,16.852639096043,14.1777941457786));
#7197=CARTESIAN_POINT('Ctrl Pts',(27.0844198859728,83.5193057627097,11.2737058980974));
#7198=CARTESIAN_POINT('Ctrl Pts',(14.,150.,3.29898987322333));
#7199=CARTESIAN_POINT('Ctrl Pts',(33.3660239588818,-50.0000000000001,13.7090434396415));
#7200=CARTESIAN_POINT('Ctrl Pts',(31.8572213123861,16.8526390960429,16.0448032941506));
#7201=CARTESIAN_POINT('Ctrl Pts',(24.4906566453392,83.5193057627098,13.4860087860975));
#7202=CARTESIAN_POINT('Ctrl Pts',(11.2663299577411,150.,6.03265991548222));
#7203=CARTESIAN_POINT('Ctrl Pts',(31.1276641104987,-50.0000000000001,15.4068322630159));
#7204=CARTESIAN_POINT('Ctrl Pts',(29.4285614697112,16.8526390960431,17.9118124425226));
#7205=CARTESIAN_POINT('Ctrl Pts',(21.8968934047057,83.5193057627096,15.6983116740976));
#7206=CARTESIAN_POINT('Ctrl Pts',(8.53265991548222,150.,8.76632995774111));
#7207=CARTESIAN_POINT('Ctrl Pts',(28.8893042621157,-50.0000000000001,17.1046210863904));
#7208=CARTESIAN_POINT('Ctrl Pts',(26.9999016270362,16.852639096043,19.7788215908945));
#7209=CARTESIAN_POINT('Ctrl Pts',(19.303130164072,83.5193057627097,17.9106145620978));
#7210=CARTESIAN_POINT('Ctrl Pts',(5.79898987322333,150.,11.5));
#7211=CARTESIAN_POINT('Ctrl Pts',(28.8893042621157,-50.,17.1046210863904));
#7212=CARTESIAN_POINT('Ctrl Pts',(30.0084841863072,-50.,16.2557266747032));
#7213=CARTESIAN_POINT('Ctrl Pts',(31.1276641104987,-50.,15.4068322630159));
#7214=CARTESIAN_POINT('Ctrl Pts',(33.3660239588818,-50.,13.7090434396415));
#7215=CARTESIAN_POINT('Ctrl Pts',(34.4852038830733,-50.,12.8601490279543));
#7216=CARTESIAN_POINT('Ctrl Pts',(35.6043838072648,-50.,12.0112546162671));
#7217=CARTESIAN_POINT('',(5.79898987322333,150.,11.5));
#7218=CARTESIAN_POINT('Ctrl Pts',(14.5417244044849,158.657639649784,-1.83224964714106));
#7219=CARTESIAN_POINT('Ctrl Pts',(24.0278162723626,156.538867442341,-1.84283458387047));
#7220=CARTESIAN_POINT('Ctrl Pts',(33.5139081402403,154.420095234898,-1.85341952059989));
#7221=CARTESIAN_POINT('Ctrl Pts',(43.000000008118,152.301323027455,-1.8640044573293));
#7222=CARTESIAN_POINT('Ctrl Pts',(14.5417244044849,154.705903673507,-1.66158215193949));
#7223=CARTESIAN_POINT('Ctrl Pts',(24.0278162723626,152.701145913269,-1.67685836199992));
#7224=CARTESIAN_POINT('Ctrl Pts',(33.5139081402403,150.692382667945,-1.69203028377139));
#7225=CARTESIAN_POINT('Ctrl Pts',(43.000000008118,148.687624907707,-1.70730649383181));
#7226=CARTESIAN_POINT('Ctrl Pts',(14.5417244044849,148.096857997639,-1.23561061701341));
#7227=CARTESIAN_POINT('Ctrl Pts',(24.0278162723626,146.156457280609,-1.25644101990623));
#7228=CARTESIAN_POINT('Ctrl Pts',(33.5139081402403,144.216685467625,-1.27728414094484));
#7229=CARTESIAN_POINT('Ctrl Pts',(43.0000000081179,142.276284750595,-1.29811454383766));
#7230=CARTESIAN_POINT('Ctrl Pts',(14.5417244044849,137.657710684364,-0.348145676366736));
#7231=CARTESIAN_POINT('Ctrl Pts',(24.0278162723626,135.868868921872,-0.383385136262251));
#7232=CARTESIAN_POINT('Ctrl Pts',(33.5139081402402,134.079077023465,-0.418598753115631));
#7233=CARTESIAN_POINT('Ctrl Pts',(43.0000000081179,132.290235260973,-0.453838213011146));
#7234=CARTESIAN_POINT('Ctrl Pts',(14.541724404485,129.319593191429,0.430606476744765));
#7235=CARTESIAN_POINT('Ctrl Pts',(24.0278162723626,127.688564967563,0.381209770245513));
#7236=CARTESIAN_POINT('Ctrl Pts',(33.5139081402403,126.057306607238,0.33182233128599));
#7237=CARTESIAN_POINT('Ctrl Pts',(43.000000008118,124.426278383372,0.282425624786737));
#7238=CARTESIAN_POINT('Ctrl Pts',(14.5417244044849,120.882222464256,1.26967489233236));
#7239=CARTESIAN_POINT('Ctrl Pts',(24.0278162723626,119.42048140011,1.20468016129439));
#7240=CARTESIAN_POINT('Ctrl Pts',(33.5139081402403,117.958654496337,1.13968342741146));
#7241=CARTESIAN_POINT('Ctrl Pts',(43.000000008118,116.49691343219,1.07468869637349));
#7242=CARTESIAN_POINT('Ctrl Pts',(14.5417244044849,109.886131009842,2.41363913517985));
#7243=CARTESIAN_POINT('Ctrl Pts',(24.0278162723626,108.627893643363,2.328059233555));
#7244=CARTESIAN_POINT('Ctrl Pts',(33.5139081402403,107.369798019164,2.24247494215644));
#7245=CARTESIAN_POINT('Ctrl Pts',(43.000000008118,106.111560652685,2.1568950405316));
#7246=CARTESIAN_POINT('Ctrl Pts',(14.5417244044849,96.6182747018053,3.86641679634316));
#7247=CARTESIAN_POINT('Ctrl Pts',(24.0278162723626,95.5728473260161,3.7560100869052));
#7248=CARTESIAN_POINT('Ctrl Pts',(33.5139081402403,94.5273787281646,3.64561212797121));
#7249=CARTESIAN_POINT('Ctrl Pts',(43.000000008118,93.4819513523754,3.53520541853326));
#7250=CARTESIAN_POINT('Ctrl Pts',(14.5417244044849,80.3232721510471,5.63966739820255));
#7251=CARTESIAN_POINT('Ctrl Pts',(24.0278162723626,79.5732697397828,5.49769361222512));
#7252=CARTESIAN_POINT('Ctrl Pts',(33.5139081402403,78.8228127704285,5.35576144431868));
#7253=CARTESIAN_POINT('Ctrl Pts',(43.000000008118,78.0728103591642,5.21378765834125));
#7254=CARTESIAN_POINT('Ctrl Pts',(14.5417244044849,63.7956949864739,7.26322633746604));
#7255=CARTESIAN_POINT('Ctrl Pts',(24.0278162723626,63.341438491979,7.09213757617723));
#7256=CARTESIAN_POINT('Ctrl Pts',(33.5139081402403,62.8867669115015,6.92112078167815));
#7257=CARTESIAN_POINT('Ctrl Pts',(43.000000008118,62.4325104170066,6.75003202038935));
#7258=CARTESIAN_POINT('Ctrl Pts',(14.5417244044849,50.4415985089366,8.5226348406223));
#7259=CARTESIAN_POINT('Ctrl Pts',(24.0278162723626,50.2189151818482,8.32972123953643));
#7260=CARTESIAN_POINT('Ctrl Pts',(33.5139081402403,49.9966463074293,8.13672967363129));
#7261=CARTESIAN_POINT('Ctrl Pts',(43.000000008118,49.7739629803409,7.94381607254543));
#7262=CARTESIAN_POINT('Ctrl Pts',(14.5417244044849,41.037820910123,9.2889306368522));
#7263=CARTESIAN_POINT('Ctrl Pts',(24.0278162723626,40.9822645810409,9.08247613229705));
#7264=CARTESIAN_POINT('Ctrl Pts',(33.5139081402403,40.9265188524533,8.87604966747806));
#7265=CARTESIAN_POINT('Ctrl Pts',(43.000000008118,40.8709625233712,8.66959516292291));
#7266=CARTESIAN_POINT('Ctrl Pts',(14.5417244044849,35.5513210144511,9.66558517910712));
#7267=CARTESIAN_POINT('Ctrl Pts',(24.0278162723626,35.5927978250658,9.45235988144823));
#7268=CARTESIAN_POINT('Ctrl Pts',(33.5139081402403,35.6344850052278,9.23909696779318));
#7269=CARTESIAN_POINT('Ctrl Pts',(43.000000008118,35.6759618158424,9.02587167013428));
#7270=CARTESIAN_POINT('Ctrl Pts',(14.541724404485,27.2259588839947,10.1707573910323));
#7271=CARTESIAN_POINT('Ctrl Pts',(24.0278162723626,27.4151699307943,9.94824577876634));
#7272=CARTESIAN_POINT('Ctrl Pts',(33.5139081402403,27.604235363692,9.72573685108445));
#7273=CARTESIAN_POINT('Ctrl Pts',(43.000000008118,27.7934464104915,9.50322523881849));
#7274=CARTESIAN_POINT('Ctrl Pts',(14.5417244044849,17.3117757704099,10.5927691260615));
#7275=CARTESIAN_POINT('Ctrl Pts',(24.0278162723626,17.6760646235796,10.3622224227878));
#7276=CARTESIAN_POINT('Ctrl Pts',(33.5139081402403,18.0404448451523,10.1316603782162));
#7277=CARTESIAN_POINT('Ctrl Pts',(43.000000008118,18.404733698322,9.9011136749425));
#7278=CARTESIAN_POINT('Ctrl Pts',(14.541724404485,7.01388923178305,11.0459809740106));
#7279=CARTESIAN_POINT('Ctrl Pts',(24.0278162723626,7.56050546533984,10.8082024007645));
#7280=CARTESIAN_POINT('Ctrl Pts',(33.5139081402403,8.107203394775,10.5704399299792));
#7281=CARTESIAN_POINT('Ctrl Pts',(43.000000008118,8.65381962833179,10.3326613567332));
#7282=CARTESIAN_POINT('Ctrl Pts',(14.541724404485,-0.514015453487586,11.2740335889873));
#7283=CARTESIAN_POINT('Ctrl Pts',(24.0278162723626,0.16565751204228,11.0329272086537));
#7284=CARTESIAN_POINT('Ctrl Pts',(33.5139081402403,0.84546444294037,10.7918355642792));
#7285=CARTESIAN_POINT('Ctrl Pts',(43.000000008118,1.52513740847024,10.5507291839456));
#7286=CARTESIAN_POINT('Ctrl Pts',(14.541724404485,-8.72987076776543,11.1650511175944));
#7287=CARTESIAN_POINT('Ctrl Pts',(24.0278162723626,-7.90569720970847,10.9254558631425));
#7288=CARTESIAN_POINT('Ctrl Pts',(33.5139081402403,-7.08163892789,10.6858617954501));
#7289=CARTESIAN_POINT('Ctrl Pts',(43.000000008118,-6.25746536983305,10.4462665409983));
#7290=CARTESIAN_POINT('Ctrl Pts',(14.541724404485,-18.173114870295,10.5500236516909));
#7291=CARTESIAN_POINT('Ctrl Pts',(24.0278162723627,-17.1833411563014,10.3191819849649));
#7292=CARTESIAN_POINT('Ctrl Pts',(33.5139081402404,-16.1935492962948,10.0883538898061));
#7293=CARTESIAN_POINT('Ctrl Pts',(43.0000000081181,-15.2037755823012,9.85751222308009));
#7294=CARTESIAN_POINT('Ctrl Pts',(14.5417244044849,-26.1400446197964,9.74286097081422));
#7295=CARTESIAN_POINT('Ctrl Pts',(24.0278162723626,-25.0091192544352,9.52481791803602));
#7296=CARTESIAN_POINT('Ctrl Pts',(33.5139081402403,-23.8783222759165,9.30680163633288));
#7297=CARTESIAN_POINT('Ctrl Pts',(43.000000008118,-22.7473969105553,9.08875858355469));
#7298=CARTESIAN_POINT('Ctrl Pts',(14.541724404485,-31.4913527386037,9.10749398069355));
#7299=CARTESIAN_POINT('Ctrl Pts',(24.0278162723626,-30.2643767970243,8.90099818519223));
#7300=CARTESIAN_POINT('Ctrl Pts',(33.5139081402403,-29.0374287628086,8.69456545418477));
#7301=CARTESIAN_POINT('Ctrl Pts',(43.000000008118,-27.8104528212292,8.48806965868345));
#7302=CARTESIAN_POINT('Ctrl Pts',(14.5417244044849,-34.8344299230289,8.66394289099595));
#7303=CARTESIAN_POINT('Ctrl Pts',(24.0278162723626,-33.5467603775043,8.46634543321789));
#7304=CARTESIAN_POINT('Ctrl Pts',(33.5139081402403,-32.2591392284657,8.26874349244139));
#7305=CARTESIAN_POINT('Ctrl Pts',(43.000000008118,-30.9714696829411,8.07114603466333));
#7306=CARTESIAN_POINT('Ctrl Pts',(14.5417244044849,-37.480801171982,8.25916583667211));
#7307=CARTESIAN_POINT('Ctrl Pts',(24.0278162723626,-36.1446572934194,8.0701067625824));
#7308=CARTESIAN_POINT('Ctrl Pts',(33.5139081402403,-34.808662198371,7.88117565670674));
#7309=CARTESIAN_POINT('Ctrl Pts',(43.000000008118,-33.4725183198084,7.69211658261703));
#7310=CARTESIAN_POINT('Ctrl Pts',(14.5417244044849,-40.3087881633542,7.72644363894661));
#7311=CARTESIAN_POINT('Ctrl Pts',(24.0278162723626,-38.9211259728687,7.54856167324411));
#7312=CARTESIAN_POINT('Ctrl Pts',(33.5139081402403,-37.5333173165355,7.37060725671625));
#7313=CARTESIAN_POINT('Ctrl Pts',(43.000000008118,-36.14565512605,7.19272529101375));
#7314=CARTESIAN_POINT('Ctrl Pts',(14.5417244044849,-43.6715313240661,6.87558011534853));
#7315=CARTESIAN_POINT('Ctrl Pts',(24.0278162723626,-42.2252846261877,6.71056961181013));
#7316=CARTESIAN_POINT('Ctrl Pts',(33.5139081402403,-40.7791035296823,6.54551664143908));
#7317=CARTESIAN_POINT('Ctrl Pts',(43.000000008118,-39.3328568318039,6.38050613790068));
#7318=CARTESIAN_POINT('Ctrl Pts',(14.5417244044849,-48.7018905012711,5.33538353962411));
#7319=CARTESIAN_POINT('Ctrl Pts',(24.0278162723626,-47.1689011466005,5.1911841080558));
#7320=CARTESIAN_POINT('Ctrl Pts',(33.5139081402403,-45.635756861915,5.04715270872618));
#7321=CARTESIAN_POINT('Ctrl Pts',(43.000000008118,-44.1027675072444,4.90295327715787));
#7322=CARTESIAN_POINT('Ctrl Pts',(14.5417244044849,-52.6003380280644,3.7763577110548));
#7323=CARTESIAN_POINT('Ctrl Pts',(24.0278162723626,-50.9970818496604,3.66148124612644));
#7324=CARTESIAN_POINT('Ctrl Pts',(33.5139081402403,-49.3939893822584,3.54643399340968));
#7325=CARTESIAN_POINT('Ctrl Pts',(43.000000008118,-47.7907332038545,3.43155752848132));
#7326=CARTESIAN_POINT('Ctrl Pts',(14.5417244044849,-54.2323721603465,2.94012586311004));
#7327=CARTESIAN_POINT('Ctrl Pts',(24.0278162723626,-52.5989769470122,2.84294744630169));
#7328=CARTESIAN_POINT('Ctrl Pts',(33.5139081402403,-50.9653740755721,2.74603423456693));
#7329=CARTESIAN_POINT('Ctrl Pts',(43.000000008118,-49.3319788622378,2.64885581775859));
#7330=CARTESIAN_POINT('Ctrl Pts',(14.5417244044849,-54.9401656776118,2.5194195612046));
#7331=CARTESIAN_POINT('Ctrl Pts',(24.0278162723626,-53.2934437850745,2.43134600295029));
#7332=CARTESIAN_POINT('Ctrl Pts',(33.5139081402403,-51.6467218925373,2.34327244469597));
#7333=CARTESIAN_POINT('Ctrl Pts',(43.000000008118,-50.,2.25519888644166));
#7334=CARTESIAN_POINT('',(43.,-49.9999999998476,2.25519888752706));
#7335=CARTESIAN_POINT('Ctrl Pts',(35.6043837997489,-50.,3.01877214829644));
#7336=CARTESIAN_POINT('Ctrl Pts',(38.0984076903293,-50.,2.77874621270839));
#7337=CARTESIAN_POINT('Ctrl Pts',(40.5995173974484,-50.,2.5230470396254));
#7338=CARTESIAN_POINT('Ctrl Pts',(43.000000008118,-50.,2.25519888644166));
#7339=CARTESIAN_POINT('',(43.,140.481217419493,-1.12583781300811));
#7340=CARTESIAN_POINT('Ctrl Pts',(43.,140.48085105253,-1.12583358496269));
#7341=CARTESIAN_POINT('Ctrl Pts',(43.,140.208855129188,-1.10494331287301));
#7342=CARTESIAN_POINT('Ctrl Pts',(43.,139.935217282497,-1.08371600531896));
#7343=CARTESIAN_POINT('Ctrl Pts',(43.,139.659972717579,-1.06215487242899));
#7344=CARTESIAN_POINT('Ctrl Pts',(43.,137.28326000738,-0.875976378400414));
#7345=CARTESIAN_POINT('Ctrl Pts',(43.,134.786747634942,-0.664907295690702));
#7346=CARTESIAN_POINT('Ctrl Pts',(43.,132.2278319691,-0.436662114700846));
#7347=CARTESIAN_POINT('Ctrl Pts',(43.,129.668916303259,-0.20841693371099));
#7348=CARTESIAN_POINT('Ctrl Pts',(43.,127.047597344013,0.037004345559009));
#7349=CARTESIAN_POINT('Ctrl Pts',(43.,124.415377039169,0.291758830460692));
#7350=CARTESIAN_POINT('Ctrl Pts',(43.,121.783156734325,0.546513315362375));
#7351=CARTESIAN_POINT('Ctrl Pts',(43.,119.140035083883,0.810601005895742));
#7352=CARTESIAN_POINT('Ctrl Pts',(43.,116.520305161202,1.07792064418439));
#7353=CARTESIAN_POINT('Ctrl Pts',(43.,113.900575238521,1.34524028247304));
#7354=CARTESIAN_POINT('Ctrl Pts',(43.,111.304237043601,1.61579186851697));
#7355=CARTESIAN_POINT('Ctrl Pts',(43.,108.731370960289,1.88804695108112));
#7356=CARTESIAN_POINT('Ctrl Pts',(43.,103.585638793663,2.43255711620942));
#7357=CARTESIAN_POINT('Ctrl Pts',(43.,98.5337950734667,2.98388126741858));
#7358=CARTESIAN_POINT('Ctrl Pts',(43.,93.439683047791,3.53930704966233));
#7359=CARTESIAN_POINT('Ctrl Pts',(43.,88.3455710221154,4.09473283190607));
#7360=CARTESIAN_POINT('Ctrl Pts',(43.,83.2091906909607,4.65426024518441));
#7361=CARTESIAN_POINT('Ctrl Pts',(43.,78.0342838683149,5.19006467883575));
#7362=CARTESIAN_POINT('Ctrl Pts',(43.,72.8593770456691,5.72586911248708));
#7363=CARTESIAN_POINT('Ctrl Pts',(43.,67.6459437315322,6.23795056651142));
#7364=CARTESIAN_POINT('Ctrl Pts',(43.,62.507517587091,6.73274810395854));
#7365=CARTESIAN_POINT('Ctrl Pts',(43.,57.3690914426498,7.22754564140566));
#7366=CARTESIAN_POINT('Ctrl Pts',(43.,52.3056724679042,7.70505926227557));
#7367=CARTESIAN_POINT('Ctrl Pts',(43.,47.2262469212318,8.14071774176137));
#7368=CARTESIAN_POINT('Ctrl Pts',(43.,44.6865341478956,8.35854698150427));
#7369=CARTESIAN_POINT('Ctrl Pts',(43.,42.1428197315777,8.56591243590115));
#7370=CARTESIAN_POINT('Ctrl Pts',(43.,39.5632480236011,8.7537930897725));
#7371=CARTESIAN_POINT('Ctrl Pts',(43.,38.2734621696128,8.84773341670817));
#7372=CARTESIAN_POINT('Ctrl Pts',(43.,36.9747119927099,8.93680254351246));
#7373=CARTESIAN_POINT('Ctrl Pts',(43.,35.6684606204687,9.02111657097229));
#7374=CARTESIAN_POINT('Ctrl Pts',(43.,34.3622092482274,9.10543059843211));
#7375=CARTESIAN_POINT('Ctrl Pts',(43.,33.0484566806478,9.18498952654747));
#7376=CARTESIAN_POINT('Ctrl Pts',(43.,31.7292056919465,9.26000491007207));
#7377=CARTESIAN_POINT('Ctrl Pts',(43.,26.4522017371411,9.56006644417047));
#7378=CARTESIAN_POINT('Ctrl Pts',(43.,21.0872230443872,9.78743126481669));
#7379=CARTESIAN_POINT('Ctrl Pts',(43.,16.0485921234205,10.007068765631));
#7380=CARTESIAN_POINT('Ctrl Pts',(43.,13.5292766629371,10.1168875160382));
#7381=CARTESIAN_POINT('Ctrl Pts',(43.,11.0915481454006,10.2247744364874));
#7382=CARTESIAN_POINT('Ctrl Pts',(43.,8.68457018330305,10.3150625345813));
#7383=CARTESIAN_POINT('Ctrl Pts',(43.,6.27759222120554,10.4053506326751));
#7384=CARTESIAN_POINT('Ctrl Pts',(43.,3.90136481454706,10.4780399084135));
#7385=CARTESIAN_POINT('Ctrl Pts',(43.,1.41615064814668,10.4969741057913));
#7386=CARTESIAN_POINT('Ctrl Pts',(43.,-1.06906351825373,10.5159083031691));
#7387=CARTESIAN_POINT('Ctrl Pts',(43.,-3.66326444439606,10.4810874221862));
#7388=CARTESIAN_POINT('Ctrl Pts',(43.,-6.45141660956887,10.3655512620405));
#7389=CARTESIAN_POINT('Ctrl Pts',(43.0000000000001,-9.23956877474166,10.2500151018947));
#7390=CARTESIAN_POINT('Ctrl Pts',(43.0000000000001,-12.2216721789449,10.0537636625862));
#7391=CARTESIAN_POINT('Ctrl Pts',(43.0000000000001,-15.2214481467215,9.80188721502464));
#7392=CARTESIAN_POINT('Ctrl Pts',(43.0000000000001,-18.2212241144982,9.5500107674631));
#7393=CARTESIAN_POINT('Ctrl Pts',(43.,-21.2386726458481,9.24250931164855));
#7394=CARTESIAN_POINT('Ctrl Pts',(43.,-23.9321741265501,8.93977918475));
#7395=CARTESIAN_POINT('Ctrl Pts',(43.,-25.2789248669011,8.78841412130072));
#7396=CARTESIAN_POINT('Ctrl Pts',(43.,-26.5446888445902,8.63824189008045));
#7397=CARTESIAN_POINT('Ctrl Pts',(43.,-27.704406977062,8.49366850379902));
#7398=CARTESIAN_POINT('Ctrl Pts',(43.,-28.8641251095338,8.34909511751759));
#7399=CARTESIAN_POINT('Ctrl Pts',(43.,-29.9177973967884,8.21012057617501));
#7400=CARTESIAN_POINT('Ctrl Pts',(43.,-30.8614749799006,8.07746173016145));
#7401=CARTESIAN_POINT('Ctrl Pts',(43.,-31.8051525630127,7.9448028841479));
#7402=CARTESIAN_POINT('Ctrl Pts',(43.,-32.6388354419823,7.81845973346336));
#7403=CARTESIAN_POINT('Ctrl Pts',(43.,-33.3898189822528,7.69286424666949));
#7404=CARTESIAN_POINT('Ctrl Pts',(43.,-34.1408025225233,7.56726875987561));
#7405=CARTESIAN_POINT('Ctrl Pts',(43.,-34.8090867240947,7.4424209369724));
#7406=CARTESIAN_POINT('Ctrl Pts',(43.,-35.4670896388626,7.30504111149532));
#7407=CARTESIAN_POINT('Ctrl Pts',(43.,-36.7830954683984,7.03028146054116));
#7408=CARTESIAN_POINT('Ctrl Pts',(43.,-38.05797615072,6.70539379929152));
#7409=CARTESIAN_POINT('Ctrl Pts',(43.,-39.6493986269837,6.24743939651458));
#7410=CARTESIAN_POINT('Ctrl Pts',(43.,-41.2408211032475,5.78948499373764));
#7411=CARTESIAN_POINT('Ctrl Pts',(43.,-43.1487853734534,5.19846384943339));
#7412=CARTESIAN_POINT('Ctrl Pts',(43.,-45.0140953624121,4.51099155176476));
#7413=CARTESIAN_POINT('Ctrl Pts',(43.,-45.9467503568914,4.16725540293045));
#7414=CARTESIAN_POINT('Ctrl Pts',(43.,-46.8687417810589,3.79940646575504));
#7415=CARTESIAN_POINT('Ctrl Pts',(43.,-47.715048907745,3.41980656948287));
#7416=CARTESIAN_POINT('Ctrl Pts',(43.,-48.5613560337546,3.0402066735141));
#7417=CARTESIAN_POINT('Ctrl Pts',(43.,-49.3319788624037,2.64885581846737));
#7418=CARTESIAN_POINT('Ctrl Pts',(43.,-49.9999999998074,2.25519888746099));
#7419=CARTESIAN_POINT('',(42.0000006258488,140.000002086163,-1.07041944888897));
#7420=CARTESIAN_POINT('Ctrl Pts',(43.,140.481217419493,-1.12583781300811));
#7421=CARTESIAN_POINT('Ctrl Pts',(42.66520817027,140.320110356724,-1.10743275518387));
#7422=CARTESIAN_POINT('Ctrl Pts',(42.3318039175439,140.159671017704,-1.08895261601801));
#7423=CARTESIAN_POINT('Ctrl Pts',(42.0000006258488,140.000002086163,-1.07041944888897));
#7424=CARTESIAN_POINT('',(27.5473648825635,155.752756377648,-1.84676182807957));
#7425=CARTESIAN_POINT('Ctrl Pts',(42.0000006258488,140.000002086163,-1.07041944888897));
#7426=CARTESIAN_POINT('Ctrl Pts',(37.3774916402143,145.038339006452,-1.37966391896915));
#7427=CARTESIAN_POINT('Ctrl Pts',(32.3525065336728,150.515357669881,-1.67196709909009));
#7428=CARTESIAN_POINT('Ctrl Pts',(27.5473648825635,155.752756377648,-1.84676182807957));
#7429=CARTESIAN_POINT('',(24.6772489086255,155.924325614436,-1.82281288713926));
#7430=CARTESIAN_POINT('Ctrl Pts',(24.6772489086255,155.924325614437,-1.82281288713927));
#7431=CARTESIAN_POINT('Ctrl Pts',(25.6345809225385,155.867098406731,-1.83094292936144));
#7432=CARTESIAN_POINT('Ctrl Pts',(26.5916815255705,155.80988503226,-1.83893207698031));
#7433=CARTESIAN_POINT('Ctrl Pts',(27.5473648825635,155.752756377648,-1.84676182807957));
#7434=CARTESIAN_POINT('Ctrl Pts',(24.6772489086255,155.924325614436,-1.82281288713927));
#7435=CARTESIAN_POINT('Ctrl Pts',(21.5223467917138,153.21807396849,-1.66539890684638));
#7436=CARTESIAN_POINT('Ctrl Pts',(18.080430690778,150.265623854923,-1.42424183570634));
#7437=CARTESIAN_POINT('Ctrl Pts',(14.5417244044868,147.230147837946,-1.13226858016005));
#7438=CARTESIAN_POINT('Origin',(43.,-35.0606234394635,-9.40180680742692));
#7439=CARTESIAN_POINT('',(43.,-49.9999999994393,-5.18377294865438));
#7440=CARTESIAN_POINT('',(43.,-50.,-9.40383380416634));
#7441=CARTESIAN_POINT('',(43.,140.481217419493,-4.14798280387471));
#7442=CARTESIAN_POINT('Ctrl Pts',(42.9999999999927,-49.9999999993988,-5.18377294851317));
#7443=CARTESIAN_POINT('Ctrl Pts',(42.9999999999927,-49.3353496651722,-5.36467327228276));
#7444=CARTESIAN_POINT('Ctrl Pts',(42.9999999999927,-48.5655825816533,-5.54218193137262));
#7445=CARTESIAN_POINT('Ctrl Pts',(42.9999999999927,-47.714228014377,-5.71620209556442));
#7446=CARTESIAN_POINT('Ctrl Pts',(42.9999999999927,-46.8628734468448,-5.89022225980856));
#7447=CARTESIAN_POINT('Ctrl Pts',(42.9999999999927,-45.9299313955061,-6.06075392915253));
#7448=CARTESIAN_POINT('Ctrl Pts',(42.9999999999927,-44.9899043796453,-6.22131867327523));
#7449=CARTESIAN_POINT('Ctrl Pts',(42.9999999999927,-43.1098503479235,-6.54244816152064));
#7450=CARTESIAN_POINT('Ctrl Pts',(42.9999999999927,-41.2014564581127,-6.82370994888098));
#7451=CARTESIAN_POINT('Ctrl Pts',(42.9999999999927,-39.583257557168,-7.03284351656423));
#7452=CARTESIAN_POINT('Ctrl Pts',(42.9999999999927,-37.9650586562233,-7.24197708424748));
#7453=CARTESIAN_POINT('Ctrl Pts',(42.9999999999927,-36.6370547441446,-7.37898243225364));
#7454=CARTESIAN_POINT('Ctrl Pts',(42.9999999999927,-35.2219716592412,-7.4849163866243));
#7455=CARTESIAN_POINT('Ctrl Pts',(42.9999999999927,-34.5144301167895,-7.53788336380963));
#7456=CARTESIAN_POINT('Ctrl Pts',(42.9999999999927,-33.7851187811317,-7.58308249258608));
#7457=CARTESIAN_POINT('Ctrl Pts',(42.9999999999927,-32.9720943962011,-7.62781083008135));
#7458=CARTESIAN_POINT('Ctrl Pts',(42.9999999999927,-32.1590700112705,-7.67253916757661));
#7459=CARTESIAN_POINT('Ctrl Pts',(42.9999999999927,-31.2623325770671,-7.71679671379069));
#7460=CARTESIAN_POINT('Ctrl Pts',(42.9999999999927,-30.2619912274076,-7.76360532577135));
#7461=CARTESIAN_POINT('Ctrl Pts',(42.9999999999927,-29.2616498777481,-7.810413937752));
#7462=CARTESIAN_POINT('Ctrl Pts',(42.9999999999927,-28.1577046126324,-7.85977361549923));
#7463=CARTESIAN_POINT('Ctrl Pts',(42.9999999999927,-26.9590864686874,-7.91212183539163));
#7464=CARTESIAN_POINT('Ctrl Pts',(42.9999999999927,-25.7604683247424,-7.96447005528403));
#7465=CARTESIAN_POINT('Ctrl Pts',(42.9999999999927,-24.4671773019681,-8.0198068173216));
#7466=CARTESIAN_POINT('Ctrl Pts',(42.9999999999927,-23.1046536254343,-8.07687772914321));
#7467=CARTESIAN_POINT('Ctrl Pts',(42.9999999999927,-20.3796062723669,-8.19101955278642));
#7468=CARTESIAN_POINT('Ctrl Pts',(42.9999999999927,-17.377628304262,-8.31209797556576));
#7469=CARTESIAN_POINT('Ctrl Pts',(42.9999999999927,-14.4183631326248,-8.41746654059975));
#7470=CARTESIAN_POINT('Ctrl Pts',(42.9999999999927,-11.4590979609876,-8.52283510563373));
#7471=CARTESIAN_POINT('Ctrl Pts',(42.9999999999927,-8.54254558581799,-8.61249381292238));
#7472=CARTESIAN_POINT('Ctrl Pts',(42.9999999999927,-5.80647397529282,-8.67666676102083));
#7473=CARTESIAN_POINT('Ctrl Pts',(42.9999999999927,-3.07040236476767,-8.74083970911929));
#7474=CARTESIAN_POINT('Ctrl Pts',(42.9999999999927,-0.51481151888692,-8.77952689802755));
#7475=CARTESIAN_POINT('Ctrl Pts',(42.9999999999927,1.94767987185762,-8.80090609189072));
#7476=CARTESIAN_POINT('Ctrl Pts',(42.9999999999927,4.41017126260217,-8.8222852857539));
#7477=CARTESIAN_POINT('Ctrl Pts',(42.9999999999927,6.77956319821051,-8.82635648457199));
#7478=CARTESIAN_POINT('Ctrl Pts',(42.9999999999927,9.18375656961921,-8.82428336663196));
#7479=CARTESIAN_POINT('Ctrl Pts',(42.9999999999927,11.5879499410279,-8.82221024869192));
#7480=CARTESIAN_POINT('Ctrl Pts',(42.9999999999927,14.026944748237,-8.81399281399376));
#7481=CARTESIAN_POINT('Ctrl Pts',(42.9999999999927,16.5434197909356,-8.80429191330567));
#7482=CARTESIAN_POINT('Ctrl Pts',(42.9999999999927,21.5763698763328,-8.78489011192951));
#7483=CARTESIAN_POINT('Ctrl Pts',(42.9999999999927,26.9192409036882,-8.75955444659365));
#7484=CARTESIAN_POINT('Ctrl Pts',(42.9999999999927,32.1629524023336,-8.70188918173374));
#7485=CARTESIAN_POINT('Ctrl Pts',(42.9999999999927,37.406663900979,-8.64422391687383));
#7486=CARTESIAN_POINT('Ctrl Pts',(42.9999999999927,42.5512158709144,-8.55422905248988));
#7487=CARTESIAN_POINT('Ctrl Pts',(42.9999999999927,47.6201013850863,-8.43346457668891));
#7488=CARTESIAN_POINT('Ctrl Pts',(42.9999999999927,48.2537120743578,-8.41836901721379));
#7489=CARTESIAN_POINT('Ctrl Pts',(42.9999999999927,48.886140475258,-8.40279268256028));
#7490=CARTESIAN_POINT('Ctrl Pts',(42.9999999999927,49.5187487908135,-8.38684852477587));
#7491=CARTESIAN_POINT('Ctrl Pts',(42.9999999999927,51.41657373748,-8.33901605142265));
#7492=CARTESIAN_POINT('Ctrl Pts',(42.9999999999927,53.3160179160446,-8.28787316989137));
#7493=CARTESIAN_POINT('Ctrl Pts',(42.9999999999927,55.2204494825869,-8.23389139144912));
#7494=CARTESIAN_POINT('Ctrl Pts',(42.9999999999927,57.75969157131,-8.16191568685944));
#7495=CARTESIAN_POINT('Ctrl Pts',(42.9999999999927,60.3078001275493,-8.08489305442803));
#7496=CARTESIAN_POINT('Ctrl Pts',(42.9999999999927,62.870372776388,-8.00439069681438));
#7497=CARTESIAN_POINT('Ctrl Pts',(42.9999999999927,67.9955180740654,-7.84338598158708));
#7498=CARTESIAN_POINT('Ctrl Pts',(42.9999999999927,73.1785197421408,-7.6684623656308));
#7499=CARTESIAN_POINT('Ctrl Pts',(42.9999999999927,78.334437572965,-7.48303710669623));
#7500=CARTESIAN_POINT('Ctrl Pts',(42.9999999999927,83.4903554037892,-7.29761184776166));
#7501=CARTESIAN_POINT('Ctrl Pts',(42.9999999999927,88.6191893973624,-7.10168494584881));
#7502=CARTESIAN_POINT('Ctrl Pts',(42.9999999999927,93.7068027536876,-6.8896380387329));
#7503=CARTESIAN_POINT('Ctrl Pts',(42.9999999999927,98.7944161100128,-6.67759113161698));
#7504=CARTESIAN_POINT('Ctrl Pts',(42.9999999999927,103.84080882909,-6.44942421929801));
#7505=CARTESIAN_POINT('Ctrl Pts',(42.9999999999927,108.975381308659,-6.18845267710178));
#7506=CARTESIAN_POINT('Ctrl Pts',(42.9999999999927,111.542667548444,-6.05796690600367));
#7507=CARTESIAN_POINT('Ctrl Pts',(42.9999999999927,114.131998728351,-5.91927997743624));
#7508=CARTESIAN_POINT('Ctrl Pts',(42.9999999999927,116.742325646356,-5.77108972419436));
#7509=CARTESIAN_POINT('Ctrl Pts',(42.9999999999927,119.352652564361,-5.62289947095247));
#7510=CARTESIAN_POINT('Ctrl Pts',(42.9999999999927,121.983975220464,-5.46520589303613));
#7511=CARTESIAN_POINT('Ctrl Pts',(42.9999999999927,124.601893331786,-5.29867270647421));
#7512=CARTESIAN_POINT('Ctrl Pts',(42.9999999999927,127.219811443109,-5.13213951991229));
#7513=CARTESIAN_POINT('Ctrl Pts',(42.9999999999927,129.824325009652,-4.95676672470479));
#7514=CARTESIAN_POINT('Ctrl Pts',(42.9999999999927,132.366417166777,-4.77431174114569));
#7515=CARTESIAN_POINT('Ctrl Pts',(42.9999999999927,134.908509323902,-4.59185675758659));
#7516=CARTESIAN_POINT('Ctrl Pts',(42.9999999999927,137.388180071609,-4.40231958567589));
#7517=CARTESIAN_POINT('Ctrl Pts',(42.9999999999927,139.748309239725,-4.20861154136887));
#7518=CARTESIAN_POINT('Ctrl Pts',(42.9999999999927,139.994005164228,-4.18844600226509));
#7519=CARTESIAN_POINT('Ctrl Pts',(42.9999999999927,140.23840557103,-4.16823526182606));
#7520=CARTESIAN_POINT('Ctrl Pts',(42.9999999999927,140.481486013065,-4.14798133605599));
#7521=CARTESIAN_POINT('',(43.,140.481217419493,-4.70090340371346));
#7522=CARTESIAN_POINT('',(43.,-17.1750001490116,3.88825358729285E-16));
#7523=CARTESIAN_POINT('Origin',(43.,-14.0000001490116,0.));
#7524=CARTESIAN_POINT('',(43.,71.8249998509884,-1.6));
#7525=CARTESIAN_POINT('Origin',(43.,74.9999998509884,-1.6));
#7526=CARTESIAN_POINT('',(43.,12.0000002533197,6.5));
#7527=CARTESIAN_POINT('',(43.,32.0000002533197,6.5));
#7528=CARTESIAN_POINT('',(43.,-11.5303115930719,6.5));
#7529=CARTESIAN_POINT('',(43.,32.0000002533197,-6.5));
#7530=CARTESIAN_POINT('',(43.,32.0000002533197,-1.70090340371346));
#7531=CARTESIAN_POINT('',(43.,12.0000002533197,-6.5));
#7532=CARTESIAN_POINT('',(43.,-1.53031159307186,-6.5));
#7533=CARTESIAN_POINT('',(43.,12.0000002533197,-7.70090340371346));
#7534=CARTESIAN_POINT('',(43.,105.999999403954,0.0999999552965165));
#7535=CARTESIAN_POINT('',(43.,109.999999403954,0.0999999552965165));
#7536=CARTESIAN_POINT('',(43.,35.469687982245,0.099999955296517));
#7537=CARTESIAN_POINT('',(43.,109.999999403954,-3.90000004470348));
#7538=CARTESIAN_POINT('',(43.,109.999999403954,-4.6509034260652));
#7539=CARTESIAN_POINT('',(43.,105.999999403954,-3.90000004470348));
#7540=CARTESIAN_POINT('',(43.,37.469687982245,-3.90000004470348));
#7541=CARTESIAN_POINT('',(43.,105.999999403954,-6.6509034260652));
#7542=CARTESIAN_POINT('',(43.,-47.0000005960465,-3.40000004470348));
#7543=CARTESIAN_POINT('',(43.,-47.0000005960465,0.599999955296517));
#7544=CARTESIAN_POINT('',(43.,-47.0000005960465,-6.4009034260652));
#7545=CARTESIAN_POINT('',(43.,-43.0000005960465,0.599999955296517));
#7546=CARTESIAN_POINT('',(43.,-41.030312017755,0.599999955296517));
#7547=CARTESIAN_POINT('',(43.,-43.0000005960465,-3.40000004470348));
#7548=CARTESIAN_POINT('',(43.,-43.0000005960465,-4.4009034260652));
#7549=CARTESIAN_POINT('',(43.,-39.030312017755,-3.40000004470348));
#7550=CARTESIAN_POINT('Ctrl Pts',(14.541724405038,-54.9435643137385,-5.30847659943659));
#7551=CARTESIAN_POINT('Ctrl Pts',(24.0278163658411,-53.295709525847,-5.26690871532117));
#7552=CARTESIAN_POINT('Ctrl Pts',(33.5139083266442,-51.6478547379555,-5.22534083120575));
#7553=CARTESIAN_POINT('Ctrl Pts',(43.0000002874473,-49.999999950064,-5.18377294709033));
#7554=CARTESIAN_POINT('Ctrl Pts',(14.541724405038,-54.2375691275841,-5.49994996404765));
#7555=CARTESIAN_POINT('Ctrl Pts',(24.0278163658412,-52.6037527820519,-5.45479721113435));
#7556=CARTESIAN_POINT('Ctrl Pts',(33.5139083266442,-50.9691659616584,-5.40982602372102));
#7557=CARTESIAN_POINT('Ctrl Pts',(43.0000002874473,-49.3353496161261,-5.36467327080773));
#7558=CARTESIAN_POINT('Ctrl Pts',(14.541724405038,-52.6021424927747,-5.87985600945337));
#7559=CARTESIAN_POINT('Ctrl Pts',(24.0278163658411,-50.9998314179601,-5.82651360719409));
#7560=CARTESIAN_POINT('Ctrl Pts',(33.5139083266442,-49.3981265244435,-5.77303299110744));
#7561=CARTESIAN_POINT('Ctrl Pts',(43.0000002874473,-47.795815449629,-5.71969058884816));
#7562=CARTESIAN_POINT('Ctrl Pts',(14.5417244050381,-48.6454268181578,-6.61749679909322));
#7563=CARTESIAN_POINT('Ctrl Pts',(24.0278163658412,-47.1184194568652,-6.54557586932107));
#7564=CARTESIAN_POINT('Ctrl Pts',(33.5139083266442,-45.591054607849,-6.47373819543322));
#7565=CARTESIAN_POINT('Ctrl Pts',(43.0000002874474,-44.0640472465563,-6.40181726566107));
#7566=CARTESIAN_POINT('Ctrl Pts',(14.541724405038,-43.607132604369,-7.37827074552154));
#7567=CARTESIAN_POINT('Ctrl Pts',(24.0278163658411,-42.1690594458119,-7.28718405065646));
#7568=CARTESIAN_POINT('Ctrl Pts',(33.5139083266443,-40.7311356832816,-7.19605842834623));
#7569=CARTESIAN_POINT('Ctrl Pts',(43.0000002874473,-39.2930625247244,-7.10497173348115));
#7570=CARTESIAN_POINT('Ctrl Pts',(14.541724405038,-40.106810581024,-7.73844059407215));
#7571=CARTESIAN_POINT('Ctrl Pts',(24.0278163658412,-38.7288849083179,-7.64145363658919));
#7572=CARTESIAN_POINT('Ctrl Pts',(33.5139083266442,-37.3509784190564,-7.54447206080071));
#7573=CARTESIAN_POINT('Ctrl Pts',(43.0000002874473,-35.9730527463503,-7.44748510331775));
#7574=CARTESIAN_POINT('Ctrl Pts',(14.541724405038,-37.0201753969585,-7.92444713745366));
#7575=CARTESIAN_POINT('Ctrl Pts',(24.0278163658411,-35.6987182026788,-7.82573055210572));
#7576=CARTESIAN_POINT('Ctrl Pts',(33.5139083266442,-34.3772645997097,-7.72699820371909));
#7577=CARTESIAN_POINT('Ctrl Pts',(43.0000002874473,-33.05580740543,-7.62828161837115));
#7578=CARTESIAN_POINT('Ctrl Pts',(14.541724405038,-34.1725345422406,-8.06139891140935));
#7579=CARTESIAN_POINT('Ctrl Pts',(24.0278163658411,-32.903530766659,-7.96128810829351));
#7580=CARTESIAN_POINT('Ctrl Pts',(33.5139083266442,-31.6345988799911,-7.86116506008698));
#7581=CARTESIAN_POINT('Ctrl Pts',(43.0000002874473,-30.3655951044095,-7.76105425697114));
#7582=CARTESIAN_POINT('Ctrl Pts',(14.541724405038,-30.6678088984633,-8.21606855800966));
#7583=CARTESIAN_POINT('Ctrl Pts',(24.0278163658411,-29.463138099061,-8.1137560899891));
#7584=CARTESIAN_POINT('Ctrl Pts',(33.5139083266442,-28.2584301104142,-8.01144575816667));
#7585=CARTESIAN_POINT('Ctrl Pts',(43.0000002874473,-27.053759311012,-7.9091332901461));
#7586=CARTESIAN_POINT('Ctrl Pts',(14.541724405038,-25.196977920647,-8.4497820414877));
#7587=CARTESIAN_POINT('Ctrl Pts',(24.0278163658412,-24.0915018155854,-8.343355403995));
#7588=CARTESIAN_POINT('Ctrl Pts',(33.5139083266442,-22.9860713279819,-8.23690697566443));
#7589=CARTESIAN_POINT('Ctrl Pts',(43.0000002874473,-21.8805952229203,-8.13048033817173));
#7590=CARTESIAN_POINT('Ctrl Pts',(14.541724405038,-17.2683666011925,-8.77276000732025));
#7591=CARTESIAN_POINT('Ctrl Pts',(24.0278163658411,-16.3041218349877,-8.65956424906629));
#7592=CARTESIAN_POINT('Ctrl Pts',(33.5139083266442,-15.3398950731427,-8.5463721531689));
#7593=CARTESIAN_POINT('Ctrl Pts',(43.0000002874473,-14.3756503069379,-8.43317639491495));
#7594=CARTESIAN_POINT('Ctrl Pts',(14.541724405038,-8.0348265652547,-9.05957453984871));
#7595=CARTESIAN_POINT('Ctrl Pts',(24.0278163658412,-7.23188912393044,-8.9404323964011));
#7596=CARTESIAN_POINT('Ctrl Pts',(33.5139083266443,-6.42893062764146,-8.8212946600483));
#7597=CARTESIAN_POINT('Ctrl Pts',(43.0000002874474,-5.62599318631721,-8.70215251660069));
#7598=CARTESIAN_POINT('Ctrl Pts',(14.541724405038,0.0547901914673122,-9.1811997857013));
#7599=CARTESIAN_POINT('Ctrl Pts',(24.0278163658412,0.716759938510247,-9.06020138672936));
#7600=CARTESIAN_POINT('Ctrl Pts',(33.5139083266442,1.37880960001041,-8.93921248224117));
#7601=CARTESIAN_POINT('Ctrl Pts',(43.0000002874473,2.04077934705334,-8.81821408326923));
#7602=CARTESIAN_POINT('Ctrl Pts',(14.541724405038,7.55826135894188,-9.19164056665463));
#7603=CARTESIAN_POINT('Ctrl Pts',(24.0278163658411,8.08844996904628,-9.07122844071202));
#7604=CARTESIAN_POINT('Ctrl Pts',(33.5139083266443,8.61876653978064,-8.95083980568388));
#7605=CARTESIAN_POINT('Ctrl Pts',(43.0000002874474,9.14895514988504,-8.83042767974126));
#7606=CARTESIAN_POINT('Ctrl Pts',(14.541724405038,17.8605604085981,-9.15525605975174));
#7607=CARTESIAN_POINT('Ctrl Pts',(24.0278163658411,18.2086438556161,-9.03602209398177));
#7608=CARTESIAN_POINT('Ctrl Pts',(33.5139083266443,18.5568509261849,-8.91679190675429));
#7609=CARTESIAN_POINT('Ctrl Pts',(43.0000002874473,18.904934373203,-8.79755794098432));
#7610=CARTESIAN_POINT('Ctrl Pts',(14.541724405038,31.9655081929141,-9.09014254608679));
#7611=CARTESIAN_POINT('Ctrl Pts',(24.0278163658412,32.0644469691542,-8.97150124456945));
#7612=CARTESIAN_POINT('Ctrl Pts',(33.5139083266442,32.1631731578017,-8.85286007917997));
#7613=CARTESIAN_POINT('Ctrl Pts',(43.0000002874473,32.2621119340417,-8.73421877766263));
#7614=CARTESIAN_POINT('Ctrl Pts',(14.541724405038,43.5103826479605,-8.88745094245144));
#7615=CARTESIAN_POINT('Ctrl Pts',(24.0278163658411,43.4048452004533,-8.77261862521538));
#7616=CARTESIAN_POINT('Ctrl Pts',(33.5139083266442,43.2998223114654,-8.65781200819821));
#7617=CARTESIAN_POINT('Ctrl Pts',(43.0000002874473,43.1942848639583,-8.54297969096215));
#7618=CARTESIAN_POINT('Ctrl Pts',(14.541724405038,51.5211208994323,-8.68981729694826));
#7619=CARTESIAN_POINT('Ctrl Pts',(24.0278163658411,51.2753788432551,-8.57857630351993));
#7620=CARTESIAN_POINT('Ctrl Pts',(33.5139083266442,51.0291677266891,-8.46730466865717));
#7621=CARTESIAN_POINT('Ctrl Pts',(43.0000002874473,50.7834256705119,-8.35606367522884));
#7622=CARTESIAN_POINT('Ctrl Pts',(14.541724405038,56.8670733527277,-8.54575802115814));
#7623=CARTESIAN_POINT('Ctrl Pts',(24.0278163658411,56.5273917742852,-8.43709132083241));
#7624=CARTESIAN_POINT('Ctrl Pts',(33.5139083266442,56.1882917222798,-8.32834935821583));
#7625=CARTESIAN_POINT('Ctrl Pts',(43.0000002874473,55.8486101438373,-8.2196826578901));
#7626=CARTESIAN_POINT('Ctrl Pts',(14.541724405038,66.9481405863684,-8.24152549453081));
#7627=CARTESIAN_POINT('Ctrl Pts',(24.0278163658411,66.4336804494994,-8.13795146836655));
#7628=CARTESIAN_POINT('Ctrl Pts',(33.5139083266443,65.9184773613072,-8.0344218125909));
#7629=CARTESIAN_POINT('Ctrl Pts',(43.0000002874473,65.4040172244382,-7.93084778642664));
#7630=CARTESIAN_POINT('Ctrl Pts',(14.541724405038,80.6416117003988,-7.7786750011537));
#7631=CARTESIAN_POINT('Ctrl Pts',(24.0278163658411,79.8815195935683,-7.68363615184553));
#7632=CARTESIAN_POINT('Ctrl Pts',(33.5139083266442,79.1216134940137,-7.58857759610275));
#7633=CARTESIAN_POINT('Ctrl Pts',(43.0000002874473,78.3615213871832,-7.49353874679458));
#7634=CARTESIAN_POINT('Ctrl Pts',(14.541724405038,96.9075151295433,-7.15538397297066));
#7635=CARTESIAN_POINT('Ctrl Pts',(24.0278163658411,95.8544158242672,-7.07217027720538));
#7636=CARTESIAN_POINT('Ctrl Pts',(33.5139083266442,94.8011226642998,-6.98897173717963));
#7637=CARTESIAN_POINT('Ctrl Pts',(43.0000002874473,93.7480233590237,-6.90575804141435));
#7638=CARTESIAN_POINT('Ctrl Pts',(14.5417244050381,110.160736709027,-6.56087616955682));
#7639=CARTESIAN_POINT('Ctrl Pts',(24.0278163658412,108.895177078146,-6.48569690620262));
#7640=CARTESIAN_POINT('Ctrl Pts',(33.5139083266443,107.629564781159,-6.41052002421459));
#7641=CARTESIAN_POINT('Ctrl Pts',(43.0000002874474,106.364005150279,-6.33534076086039));
#7642=CARTESIAN_POINT('Ctrl Pts',(14.541724405038,121.126848823007,-5.97154463900606));
#7643=CARTESIAN_POINT('Ctrl Pts',(24.0278163658411,119.658443625341,-5.90788020842979));
#7644=CARTESIAN_POINT('Ctrl Pts',(33.5139083266442,118.189735061428,-5.84425747751587));
#7645=CARTESIAN_POINT('Ctrl Pts',(43.0000002874473,116.721329863762,-5.7805930469396));
#7646=CARTESIAN_POINT('Ctrl Pts',(14.541724405038,129.5250809971,-5.4645189837123));
#7647=CARTESIAN_POINT('Ctrl Pts',(24.0278163658411,127.888590563511,-5.41217114133031));
#7648=CARTESIAN_POINT('Ctrl Pts',(33.5139083266443,126.251788260564,-5.3598601559155));
#7649=CARTESIAN_POINT('Ctrl Pts',(43.0000002874473,124.615297826976,-5.30751231353351));
#7650=CARTESIAN_POINT('Ctrl Pts',(14.541724405038,137.807535610192,-4.90510905376377));
#7651=CARTESIAN_POINT('Ctrl Pts',(24.0278163658411,136.015062322806,-4.86381590340467));
#7652=CARTESIAN_POINT('Ctrl Pts',(33.5139083266442,134.221311809264,-4.8226870786051));
#7653=CARTESIAN_POINT('Ctrl Pts',(43.0000002874473,132.428838521878,-4.781393928246));
#7654=CARTESIAN_POINT('Ctrl Pts',(14.541724405038,148.171439146616,-4.1173347432182));
#7655=CARTESIAN_POINT('Ctrl Pts',(24.0278163658411,146.229825177068,-4.08601132115007));
#7656=CARTESIAN_POINT('Ctrl Pts',(33.5139083266442,144.289135477735,-4.05456866297343));
#7657=CARTESIAN_POINT('Ctrl Pts',(43.0000002874473,142.347521508187,-4.0232452409053));
#7658=CARTESIAN_POINT('Ctrl Pts',(14.541724405038,154.731882341717,-3.49595110006058));
#7659=CARTESIAN_POINT('Ctrl Pts',(24.0278163658411,152.72608715343,-3.46950529974434));
#7660=CARTESIAN_POINT('Ctrl Pts',(33.5139083266443,150.716454721332,-3.44354167407034));
#7661=CARTESIAN_POINT('Ctrl Pts',(43.0000002874473,148.710659533045,-3.4170958737541));
#7662=CARTESIAN_POINT('Ctrl Pts',(14.541724405038,158.657715630456,-3.05089888966789));
#7663=CARTESIAN_POINT('Ctrl Pts',(24.0278163658411,156.538887983164,-3.03746864618778));
#7664=CARTESIAN_POINT('Ctrl Pts',(33.5139083266442,154.420060335871,-3.02403840270766));
#7665=CARTESIAN_POINT('Ctrl Pts',(43.0000002874473,152.301232688579,-3.01060815922755));
#7666=CARTESIAN_POINT('Ctrl Pts',(42.9999999999843,-50.,-5.18377294834998));
#7667=CARTESIAN_POINT('Ctrl Pts',(40.6445568424815,-50.,-5.30545987610856));
#7668=CARTESIAN_POINT('Ctrl Pts',(38.1134007314963,-50.,-5.42367571341942));
#7669=CARTESIAN_POINT('Ctrl Pts',(35.6043837926168,-50.,-5.53392528726847));
#7670=CARTESIAN_POINT('',(24.6772489086252,155.924325614436,-3.0893570887362));
#7671=CARTESIAN_POINT('Ctrl Pts',(14.5417244050381,147.230147838419,-4.16275809708288));
#7672=CARTESIAN_POINT('Ctrl Pts',(18.0172231507584,150.211404895705,-3.83942439469535));
#7673=CARTESIAN_POINT('Ctrl Pts',(21.493808458519,153.193593997854,-3.4781456053044));
#7674=CARTESIAN_POINT('Ctrl Pts',(24.6772489086252,155.924325614436,-3.08935708873622));
#7675=CARTESIAN_POINT('',(27.5473648825635,155.752756377648,-3.03248573080863));
#7676=CARTESIAN_POINT('Ctrl Pts',(27.5473648825635,155.752756377648,-3.03248573080862));
#7677=CARTESIAN_POINT('Ctrl Pts',(26.5916875351847,155.809884673018,-3.05155092056127));
#7678=CARTESIAN_POINT('Ctrl Pts',(25.6345854783779,155.867098134393,-3.07051335544772));
#7679=CARTESIAN_POINT('Ctrl Pts',(24.6772489086252,155.924325614437,-3.08935708873611));
#7680=CARTESIAN_POINT('',(42.0000006258488,140.000002086163,-4.20794667218837));
#7681=CARTESIAN_POINT('Ctrl Pts',(27.5473648825635,155.752756377648,-3.03248573080862));
#7682=CARTESIAN_POINT('Ctrl Pts',(32.3465535542879,150.521846162584,-3.49689034423126));
#7683=CARTESIAN_POINT('Ctrl Pts',(37.37750017162,145.038329707585,-3.8867525616056));
#7684=CARTESIAN_POINT('Ctrl Pts',(42.0000006258488,140.000002086163,-4.20794667218836));
#7685=CARTESIAN_POINT('Ctrl Pts',(42.0000006258488,140.000002086163,-4.20794667218836));
#7686=CARTESIAN_POINT('Ctrl Pts',(42.3318036410328,140.159670884643,-4.18818331215604));
#7687=CARTESIAN_POINT('Ctrl Pts',(42.6652085693704,140.320110548778,-4.16819396511811));
#7688=CARTESIAN_POINT('Ctrl Pts',(43.,140.481217419493,-4.14798280387471));
#7689=CARTESIAN_POINT('Origin',(8.,-40.0000005960464,5.00000008940697));
#7690=CARTESIAN_POINT('',(13.0000000745058,-40.0000005960464,5.00000008940697));
#7691=CARTESIAN_POINT('Origin',(8.,-40.0000005960464,5.00000008940697));
#7692=CARTESIAN_POINT('',(13.0000000745058,-40.0000005960464,4.00000007450581));
#7693=CARTESIAN_POINT('',(13.0000000745058,-40.0000005960464,5.00000008940697));
#7694=CARTESIAN_POINT('Origin',(8.,-40.0000005960464,4.00000007450581));
#7695=CARTESIAN_POINT('Origin',(-8.,-40.0000005960464,5.00000008940697));
#7696=CARTESIAN_POINT('',(-2.99999992549419,-40.0000005960464,5.00000008940697));
#7697=CARTESIAN_POINT('Origin',(-8.,-40.0000005960464,5.00000008940697));
#7698=CARTESIAN_POINT('',(-2.99999992549419,-40.0000005960464,4.00000007450581));
#7699=CARTESIAN_POINT('',(-2.99999992549419,-40.0000005960464,5.00000008940697));
#7700=CARTESIAN_POINT('Origin',(-8.,-40.0000005960464,4.00000007450581));
#7701=CARTESIAN_POINT('Origin',(23.,-40.0000005960464,5.00000008940697));
#7702=CARTESIAN_POINT('',(28.0000000745058,-40.0000005960464,5.00000008940697));
#7703=CARTESIAN_POINT('Origin',(23.,-40.0000005960464,5.00000008940697));
#7704=CARTESIAN_POINT('',(28.0000000745058,-40.0000005960464,4.00000007450581));
#7705=CARTESIAN_POINT('',(28.0000000745058,-40.0000005960464,5.00000008940697));
#7706=CARTESIAN_POINT('Origin',(23.,-40.0000005960464,4.00000007450581));
#7707=CARTESIAN_POINT('Origin',(-23.,-40.0000005960464,5.00000008940697));
#7708=CARTESIAN_POINT('',(-17.9999999254942,-40.0000005960464,5.00000008940697));
#7709=CARTESIAN_POINT('Origin',(-23.,-40.0000005960464,5.00000008940697));
#7710=CARTESIAN_POINT('',(-17.9999999254942,-40.0000005960464,4.00000007450581));
#7711=CARTESIAN_POINT('',(-17.9999999254942,-40.0000005960464,5.00000008940697));
#7712=CARTESIAN_POINT('Origin',(-23.,-40.0000005960464,4.00000007450581));
#7713=CARTESIAN_POINT('Ctrl Pts',(33.9947318661542,-24.003327781793,4.00000007450579));
#7714=CARTESIAN_POINT('Ctrl Pts',(33.9947318661542,-24.003327781793,4.33333341280617));
#7715=CARTESIAN_POINT('Ctrl Pts',(33.9947318661542,-24.003327781793,4.66666675110659));
#7716=CARTESIAN_POINT('Ctrl Pts',(33.9947318661542,-24.003327781793,5.00000008940701));
#7717=CARTESIAN_POINT('Ctrl Pts',(32.7157749781015,-25.3355518545287,4.00000007450579));
#7718=CARTESIAN_POINT('Ctrl Pts',(32.7157749781015,-25.3355518545287,4.33333341280617));
#7719=CARTESIAN_POINT('Ctrl Pts',(32.7157749781015,-25.3355518545287,4.66666675110659));
#7720=CARTESIAN_POINT('Ctrl Pts',(32.7157749781015,-25.3355518545287,5.00000008940701));
#7721=CARTESIAN_POINT('Ctrl Pts',(31.4368180900489,-26.6677759272643,4.0000000745058));
#7722=CARTESIAN_POINT('Ctrl Pts',(31.4368180900489,-26.6677759272643,4.33333341280618));
#7723=CARTESIAN_POINT('Ctrl Pts',(31.4368180900489,-26.6677759272643,4.66666675110659));
#7724=CARTESIAN_POINT('Ctrl Pts',(31.4368180900489,-26.6677759272643,5.00000008940702));
#7725=CARTESIAN_POINT('Ctrl Pts',(30.1578612019962,-28.,4.0000000745058));
#7726=CARTESIAN_POINT('Ctrl Pts',(30.1578612019962,-28.,4.33333341280618));
#7727=CARTESIAN_POINT('Ctrl Pts',(30.1578612019962,-28.,4.6666667511066));
#7728=CARTESIAN_POINT('Ctrl Pts',(30.1578612019962,-28.,5.00000008940702));
#7729=CARTESIAN_POINT('',(33.9947318661542,-24.003327781793,4.0000000745058));
#7730=CARTESIAN_POINT('',(30.1578612019962,-28.,4.0000000745058));
#7731=CARTESIAN_POINT('Ctrl Pts',(33.9947318661542,-24.003327781793,4.00000007450583));
#7732=CARTESIAN_POINT('Ctrl Pts',(33.3552534221279,-24.6694398181608,4.00000007450583));
#7733=CARTESIAN_POINT('Ctrl Pts',(32.7157749781015,-25.3355518545286,4.0000000745058));
#7734=CARTESIAN_POINT('Ctrl Pts',(31.4368180900489,-26.6677759272643,4.0000000745058));
#7735=CARTESIAN_POINT('Ctrl Pts',(30.7973396460226,-27.3338879636322,4.00000007450585));
#7736=CARTESIAN_POINT('Ctrl Pts',(30.1578612019962,-28.,4.00000007450585));
#7737=CARTESIAN_POINT('',(30.1578612019962,-28.,5.00000008940697));
#7738=CARTESIAN_POINT('Ctrl Pts',(30.1578612019962,-28.,4.0000000745058));
#7739=CARTESIAN_POINT('Ctrl Pts',(30.1578612019962,-28.,4.33333341280618));
#7740=CARTESIAN_POINT('Ctrl Pts',(30.1578612019962,-28.,4.6666667511066));
#7741=CARTESIAN_POINT('Ctrl Pts',(30.1578612019962,-28.,5.00000008940702));
#7742=CARTESIAN_POINT('',(33.9947318661542,-24.003327781793,5.00000008940697));
#7743=CARTESIAN_POINT('Ctrl Pts',(30.1578612019962,-28.,5.00000008940695));
#7744=CARTESIAN_POINT('Ctrl Pts',(30.7973396460226,-27.3338879636322,5.00000008940695));
#7745=CARTESIAN_POINT('Ctrl Pts',(31.4368180900489,-26.6677759272643,5.00000008940693));
#7746=CARTESIAN_POINT('Ctrl Pts',(32.7157749781015,-25.3355518545287,5.00000008940693));
#7747=CARTESIAN_POINT('Ctrl Pts',(33.3552534221279,-24.6694398181609,5.00000008940702));
#7748=CARTESIAN_POINT('Ctrl Pts',(33.9947318661542,-24.003327781793,5.00000008940702));
#7749=CARTESIAN_POINT('Ctrl Pts',(33.9947318661542,-24.003327781793,5.00000008940701));
#7750=CARTESIAN_POINT('Ctrl Pts',(33.9947318661542,-24.003327781793,4.66666675110659));
#7751=CARTESIAN_POINT('Ctrl Pts',(33.9947318661542,-24.003327781793,4.33333341280617));
#7752=CARTESIAN_POINT('Ctrl Pts',(33.9947318661542,-24.003327781793,4.00000007450579));
#7753=CARTESIAN_POINT('Origin',(0.,-28.,4.00000007450581));
#7754=CARTESIAN_POINT('',(-30.1578612019962,-28.,4.00000007450581));
#7755=CARTESIAN_POINT('',(0.,-28.,4.00000007450581));
#7756=CARTESIAN_POINT('',(-30.1578612019962,-28.,5.00000008940694));
#7757=CARTESIAN_POINT('Ctrl Pts',(-30.1578612019962,-28.,5.00000008940702));
#7758=CARTESIAN_POINT('Ctrl Pts',(-30.1578612019962,-28.,4.66666675110659));
#7759=CARTESIAN_POINT('Ctrl Pts',(-30.1578612019962,-28.,4.33333341280607));
#7760=CARTESIAN_POINT('Ctrl Pts',(-30.1578612019962,-28.,4.00000007450546));
#7761=CARTESIAN_POINT('',(0.,-28.,5.00000008940697));
#7762=CARTESIAN_POINT('Ctrl Pts',(-33.9947318661542,-24.003327781793,5.00000008940702));
#7763=CARTESIAN_POINT('Ctrl Pts',(-33.9947318661542,-24.003327781793,4.66666675110653));
#7764=CARTESIAN_POINT('Ctrl Pts',(-33.9947318661542,-24.003327781793,4.33333341280605));
#7765=CARTESIAN_POINT('Ctrl Pts',(-33.9947318661542,-24.003327781793,4.00000007450553));
#7766=CARTESIAN_POINT('Ctrl Pts',(-32.7157749781015,-25.3355518545287,5.00000008940702));
#7767=CARTESIAN_POINT('Ctrl Pts',(-32.7157749781015,-25.3355518545287,4.66666675110655));
#7768=CARTESIAN_POINT('Ctrl Pts',(-32.7157749781015,-25.3355518545287,4.33333341280606));
#7769=CARTESIAN_POINT('Ctrl Pts',(-32.7157749781015,-25.3355518545287,4.00000007450551));
#7770=CARTESIAN_POINT('Ctrl Pts',(-31.4368180900489,-26.6677759272643,5.00000008940702));
#7771=CARTESIAN_POINT('Ctrl Pts',(-31.4368180900489,-26.6677759272643,4.66666675110657));
#7772=CARTESIAN_POINT('Ctrl Pts',(-31.4368180900489,-26.6677759272643,4.33333341280606));
#7773=CARTESIAN_POINT('Ctrl Pts',(-31.4368180900489,-26.6677759272643,4.00000007450548));
#7774=CARTESIAN_POINT('Ctrl Pts',(-30.1578612019962,-28.,5.00000008940702));
#7775=CARTESIAN_POINT('Ctrl Pts',(-30.1578612019962,-28.,4.66666675110659));
#7776=CARTESIAN_POINT('Ctrl Pts',(-30.1578612019962,-28.,4.33333341280607));
#7777=CARTESIAN_POINT('Ctrl Pts',(-30.1578612019962,-28.,4.00000007450546));
#7778=CARTESIAN_POINT('',(-33.9947318661542,-24.003327781793,5.00000008940702));
#7779=CARTESIAN_POINT('Ctrl Pts',(-33.9947318661542,-24.003327781793,5.00000008940697));
#7780=CARTESIAN_POINT('Ctrl Pts',(-33.3552534221279,-24.6694398181608,5.00000008940697));
#7781=CARTESIAN_POINT('Ctrl Pts',(-32.7157749781015,-25.3355518545287,5.00000008940697));
#7782=CARTESIAN_POINT('Ctrl Pts',(-31.4368180900489,-26.6677759272643,5.00000008940697));
#7783=CARTESIAN_POINT('Ctrl Pts',(-30.7973396460226,-27.3338879636322,5.00000008940697));
#7784=CARTESIAN_POINT('Ctrl Pts',(-30.1578612019962,-28.,5.00000008940697));
#7785=CARTESIAN_POINT('',(-33.9947318661542,-24.003327781793,4.00000007450634));
#7786=CARTESIAN_POINT('Ctrl Pts',(-30.1578612019962,-28.,4.0000000745058));
#7787=CARTESIAN_POINT('Ctrl Pts',(-30.7973396460226,-27.3338879636322,4.0000000745058));
#7788=CARTESIAN_POINT('Ctrl Pts',(-31.4368180900489,-26.6677759272643,4.00000007450581));
#7789=CARTESIAN_POINT('Ctrl Pts',(-32.7157749781015,-25.3355518545287,4.00000007450581));
#7790=CARTESIAN_POINT('Ctrl Pts',(-33.3552534221279,-24.6694398181608,4.00000007450582));
#7791=CARTESIAN_POINT('Ctrl Pts',(-33.9947318661542,-24.003327781793,4.00000007450582));
#7792=CARTESIAN_POINT('Ctrl Pts',(-33.9947318661542,-24.003327781793,4.00000007450553));
#7793=CARTESIAN_POINT('Ctrl Pts',(-33.9947318661542,-24.003327781793,4.33333341280605));
#7794=CARTESIAN_POINT('Ctrl Pts',(-33.9947318661542,-24.003327781793,4.66666675110653));
#7795=CARTESIAN_POINT('Ctrl Pts',(-33.9947318661542,-24.003327781793,5.00000008940702));
#7796=CARTESIAN_POINT('Origin',(0.,-50.,4.00000007450581));
#7797=CARTESIAN_POINT('',(34.7631824684407,-48.,4.00000007450581));
#7798=CARTESIAN_POINT('',(34.1578612019962,-28.,4.00000007450581));
#7799=CARTESIAN_POINT('Ctrl Pts',(34.7631824684407,-48.,4.0000000745058));
#7800=CARTESIAN_POINT('Ctrl Pts',(34.6199518430346,-41.3315485906195,4.0000000745058));
#7801=CARTESIAN_POINT('Ctrl Pts',(34.4181792442676,-34.6648818871849,4.00000007450581));
#7802=CARTESIAN_POINT('Ctrl Pts',(34.1578612019962,-28.,4.00000007450581));
#7803=CARTESIAN_POINT('',(-1.99840144432516E-14,-48.0000000000003,4.00000007450581));
#7804=CARTESIAN_POINT('',(-31.8043837846313,-50.,4.00000007450581));
#7805=CARTESIAN_POINT('',(0.,-50.,4.00000007450581));
#7806=CARTESIAN_POINT('',(-31.8043837846314,-48.,4.00000007450581));
#7807=CARTESIAN_POINT('',(-31.8043837846313,-50.0000000000001,4.00000007450581));
#7808=CARTESIAN_POINT('',(-34.7631824684407,-48.0000000000006,4.00000007450581));
#7809=CARTESIAN_POINT('',(-1.99840144432516E-14,-48.0000000000003,4.00000007450581));
#7810=CARTESIAN_POINT('',(-34.1578612019962,-28.,4.00000007450581));
#7811=CARTESIAN_POINT('Ctrl Pts',(-34.1578612019962,-28.,4.00000007450581));
#7812=CARTESIAN_POINT('Ctrl Pts',(-34.4181792442641,-34.6648818871229,4.00000007450581));
#7813=CARTESIAN_POINT('Ctrl Pts',(-34.6199518430359,-41.3315485906815,4.00000007450581));
#7814=CARTESIAN_POINT('Ctrl Pts',(-34.7631824684407,-48.0000000000007,4.00000007450581));
#7815=CARTESIAN_POINT('Ctrl Pts',(-33.9947318661542,-24.003327781793,4.00000007450634));
#7816=CARTESIAN_POINT('Ctrl Pts',(-34.0514463698341,-25.3354479871791,4.00000007450634));
#7817=CARTESIAN_POINT('Ctrl Pts',(-34.1058229201973,-26.6676720569293,4.00000007450583));
#7818=CARTESIAN_POINT('Ctrl Pts',(-34.1578612019962,-28.,4.00000007450581));
#7819=CARTESIAN_POINT('Ctrl Pts',(34.1578612019962,-28.,4.00000007450581));
#7820=CARTESIAN_POINT('Ctrl Pts',(34.1058229201973,-26.6676720569293,4.00000007450581));
#7821=CARTESIAN_POINT('Ctrl Pts',(34.0514463698342,-25.3354479871791,4.0000000745058));
#7822=CARTESIAN_POINT('Ctrl Pts',(33.9947318661542,-24.003327781793,4.0000000745058));
#7823=CARTESIAN_POINT('Origin',(0.,-28.,5.00000008940697));
#7824=CARTESIAN_POINT('',(34.1578612019962,-28.,5.00000008940697));
#7825=CARTESIAN_POINT('',(34.7631824684407,-48.,5.00000008940697));
#7826=CARTESIAN_POINT('Ctrl Pts',(34.1578612019962,-28.,5.00000008940697));
#7827=CARTESIAN_POINT('Ctrl Pts',(34.4181792442641,-34.6648818871226,5.00000008940697));
#7828=CARTESIAN_POINT('Ctrl Pts',(34.6199518430359,-41.3315485906809,5.00000008940697));
#7829=CARTESIAN_POINT('Ctrl Pts',(34.7631824684407,-48.,5.00000008940697));
#7830=CARTESIAN_POINT('Ctrl Pts',(33.9947318661542,-24.003327781793,5.00000008940697));
#7831=CARTESIAN_POINT('Ctrl Pts',(34.0514463698341,-25.3354479871791,5.00000008940697));
#7832=CARTESIAN_POINT('Ctrl Pts',(34.1058229201973,-26.6676720569293,5.00000008940697));
#7833=CARTESIAN_POINT('Ctrl Pts',(34.1578612019962,-28.,5.00000008940697));
#7834=CARTESIAN_POINT('',(-34.1578612019962,-28.,5.00000008940697));
#7835=CARTESIAN_POINT('Ctrl Pts',(-34.1578612019962,-28.,5.00000008940697));
#7836=CARTESIAN_POINT('Ctrl Pts',(-34.1058229201973,-26.6676720569293,5.00000008940697));
#7837=CARTESIAN_POINT('Ctrl Pts',(-34.0514463698342,-25.3354479871791,5.00000008940702));
#7838=CARTESIAN_POINT('Ctrl Pts',(-33.9947318661542,-24.003327781793,5.00000008940702));
#7839=CARTESIAN_POINT('',(-34.7631824684407,-48.0000000000006,5.00000008940697));
#7840=CARTESIAN_POINT('Ctrl Pts',(-34.7631824684407,-48.0000000000007,5.00000008940697));
#7841=CARTESIAN_POINT('Ctrl Pts',(-34.6199518430346,-41.3315485906194,5.00000008940697));
#7842=CARTESIAN_POINT('Ctrl Pts',(-34.4181792442676,-34.6648818871849,5.00000008940697));
#7843=CARTESIAN_POINT('Ctrl Pts',(-34.1578612019962,-28.,5.00000008940697));
#7844=CARTESIAN_POINT('',(7.77156117237621E-14,-48.0000000000003,5.00000008940697));
#7845=CARTESIAN_POINT('',(0.,-50.,5.00000008940697));
#7846=CARTESIAN_POINT('',(7.77156117237621E-14,-48.0000000000003,5.00000008940697));
#7847=CARTESIAN_POINT('Origin',(0.,-50.,5.00000008940697));
#7848=CARTESIAN_POINT('',(-27.4077794606231,-50.,-36.3867295220218));
#7849=CARTESIAN_POINT('Ctrl Pts',(-27.4077794606231,-50.,-36.3867295220218));
#7850=CARTESIAN_POINT('Ctrl Pts',(-28.7738801794335,-50.,-35.0638503543106));
#7851=CARTESIAN_POINT('Ctrl Pts',(-30.1399808982438,-50.,-33.7409711865994));
#7852=CARTESIAN_POINT('Ctrl Pts',(-32.8721823358645,-50.,-31.0952128511771));
#7853=CARTESIAN_POINT('Ctrl Pts',(-34.2382830546749,-50.,-29.7723336834659));
#7854=CARTESIAN_POINT('Ctrl Pts',(-35.6043837734852,-50.,-28.4494545157547));
#7855=CARTESIAN_POINT('',(-20.0000002980232,-50.,-36.3867295220218));
#7856=CARTESIAN_POINT('Ctrl Pts',(-20.0000002980232,-50.,-36.3867295220218));
#7857=CARTESIAN_POINT('Ctrl Pts',(-22.4692600188898,-50.,-36.3867295220218));
#7858=CARTESIAN_POINT('Ctrl Pts',(-24.9385197397565,-50.,-36.3867295220218));
#7859=CARTESIAN_POINT('Ctrl Pts',(-27.4077794606231,-50.,-36.3867295220218));
#7860=CARTESIAN_POINT('',(-20.0000002980232,-50.,-38.3867295220218));
#7861=CARTESIAN_POINT('',(-20.0000002980232,-50.,-22.0061776841332));
#7862=CARTESIAN_POINT('',(-19.2000002980163,-50.,-38.3867295220214));
#7863=CARTESIAN_POINT('Ctrl Pts',(-19.2000002980163,-50.,-38.3867295220214));
#7864=CARTESIAN_POINT('Ctrl Pts',(-19.4666669646853,-50.,-38.3867295220214));
#7865=CARTESIAN_POINT('Ctrl Pts',(-19.7333336313543,-50.,-38.3867295220217));
#7866=CARTESIAN_POINT('Ctrl Pts',(-20.0000002980232,-50.,-38.3867295220218));
#7867=CARTESIAN_POINT('',(-19.2000002980159,-50.,-36.3867295220214));
#7868=CARTESIAN_POINT('',(-19.2000002980227,-50.,-21.3750666081404));
#7869=CARTESIAN_POINT('',(-1.23281158008234E-16,-50.,-36.3867295220218));
#7870=CARTESIAN_POINT('Ctrl Pts',(2.68912602312685E-16,-50.,-36.3867295220218));
#7871=CARTESIAN_POINT('Ctrl Pts',(-4.56796324343718,-50.,-36.3867295220218));
#7872=CARTESIAN_POINT('Ctrl Pts',(-9.13592648687437,-50.,-36.3867295220218));
#7873=CARTESIAN_POINT('Ctrl Pts',(-15.535926586213,-50.,-36.3867295220218));
#7874=CARTESIAN_POINT('Ctrl Pts',(-17.3679634421144,-50.,-36.3867295220214));
#7875=CARTESIAN_POINT('Ctrl Pts',(-19.2000002980159,-50.,-36.3867295220214));
#7876=CARTESIAN_POINT('',(19.2000002980232,-50.,-36.3867295220218));
#7877=CARTESIAN_POINT('Ctrl Pts',(19.2000002980232,-50.,-36.3867295220218));
#7878=CARTESIAN_POINT('Ctrl Pts',(17.3679634421193,-50.,-36.3867295220218));
#7879=CARTESIAN_POINT('Ctrl Pts',(15.5359265862154,-50.,-36.3867295220218));
#7880=CARTESIAN_POINT('Ctrl Pts',(9.13592648687437,-50.,-36.3867295220218));
#7881=CARTESIAN_POINT('Ctrl Pts',(4.56796324343718,-50.,-36.3867295220218));
#7882=CARTESIAN_POINT('Ctrl Pts',(-2.68912602312685E-16,-50.,-36.3867295220218));
#7883=CARTESIAN_POINT('',(19.2000002980232,-50.,-38.3867295220218));
#7884=CARTESIAN_POINT('',(19.2000002980232,-50.,-22.0061776841332));
#7885=CARTESIAN_POINT('',(20.0000002979654,-50.,-38.3867295220215));
#7886=CARTESIAN_POINT('Ctrl Pts',(20.0000002979654,-50.,-38.3867295220215));
#7887=CARTESIAN_POINT('Ctrl Pts',(19.733333631318,-50.,-38.3867295220215));
#7888=CARTESIAN_POINT('Ctrl Pts',(19.4666669646706,-50.,-38.3867295220217));
#7889=CARTESIAN_POINT('Ctrl Pts',(19.2000002980232,-50.,-38.3867295220218));
#7890=CARTESIAN_POINT('',(20.0000002979611,-50.,-36.3867295220215));
#7891=CARTESIAN_POINT('',(20.0000002980189,-50.,-21.3750666081404));
#7892=CARTESIAN_POINT('',(27.4077794606231,-50.,-36.3867295220218));
#7893=CARTESIAN_POINT('Ctrl Pts',(27.4077794606231,-50.,-36.3867295220218));
#7894=CARTESIAN_POINT('Ctrl Pts',(24.9385197397358,-50.,-36.3867295220218));
#7895=CARTESIAN_POINT('Ctrl Pts',(22.4692600188484,-50.,-36.3867295220215));
#7896=CARTESIAN_POINT('Ctrl Pts',(20.0000002979611,-50.,-36.3867295220215));
#7897=CARTESIAN_POINT('Ctrl Pts',(35.6043837734852,-50.,-28.4494545157547));
#7898=CARTESIAN_POINT('Ctrl Pts',(34.2382830546749,-50.,-29.7723336834659));
#7899=CARTESIAN_POINT('Ctrl Pts',(32.8721823358645,-50.,-31.0952128511771));
#7900=CARTESIAN_POINT('Ctrl Pts',(30.1399808982438,-50.,-33.7409711865994));
#7901=CARTESIAN_POINT('Ctrl Pts',(28.7738801794335,-50.,-35.0638503543106));
#7902=CARTESIAN_POINT('Ctrl Pts',(27.4077794606231,-50.,-36.3867295220218));
#7903=CARTESIAN_POINT('',(-31.8043837846313,-50.,-26.8397154335622));
#7904=CARTESIAN_POINT('',(-27.9534956206841,-50.,-30.5685522117146));
#7905=CARTESIAN_POINT('',(-31.8043837846313,-50.,0.347793978131974));
#7906=CARTESIAN_POINT('',(34.9021918963747,-50.,-3.34319798870379));
#7907=CARTESIAN_POINT('',(27.6923096253315,-50.,3.86668428233939));
#7908=CARTESIAN_POINT('',(40.9021918963747,-50.,-2.34319798870378));
#7909=CARTESIAN_POINT('',(40.9021918963747,-50.,-4.87452939480477));
#7910=CARTESIAN_POINT('',(39.9021918963747,-50.,-3.34319798870378));
#7911=CARTESIAN_POINT('',(28.9109782192305,-50.,-14.3344116658479));
#7912=CARTESIAN_POINT('',(19.9510959481873,-50.,-3.34319798870379));
#7913=CARTESIAN_POINT('',(-33.9021918963747,-50.,-0.343197988703784));
#7914=CARTESIAN_POINT('',(-33.9021918963747,-50.,-4.87452939480477));
#7915=CARTESIAN_POINT('',(-39.9021918963747,-50.,0.656802011296218));
#7916=CARTESIAN_POINT('',(-32.9423096253315,-50.,7.61668428233939));
#7917=CARTESIAN_POINT('',(-34.9021918963747,-50.,0.656802011296216));
#7918=CARTESIAN_POINT('',(-19.9510959481873,-50.,0.656802011296211));
#7919=CARTESIAN_POINT('',(-23.6609782192305,-50.,-10.5844116658479));
#7920=CARTESIAN_POINT('',(-31.8000813473004,-50.,10.1046210863904));
#7921=CARTESIAN_POINT('',(-26.159474578531,-50.,14.2636268541964));
#7922=CARTESIAN_POINT('',(31.8000813473004,-50.,10.1046210863904));
#7923=CARTESIAN_POINT('',(15.9000406736502,-50.,10.1046210863904));
#7924=CARTESIAN_POINT('',(26.1616257972025,-50.,14.2620406895845));
#7925=CARTESIAN_POINT('Origin',(-31.8043837846313,-50.,10.1014487571697));
#7926=CARTESIAN_POINT('',(-31.8043837846314,-48.,-26.8397154335622));
#7927=CARTESIAN_POINT('',(-31.8043837846313,-50.,-26.8397154335622));
#7928=CARTESIAN_POINT('',(-31.8043837846314,-48.,10.1014487571697));
#7929=CARTESIAN_POINT('Ctrl Pts',(34.7631824684407,-48.,11.6800108181934));
#7930=CARTESIAN_POINT('Ctrl Pts',(33.3416635850338,18.1822817196937,13.7228473827327));
#7931=CARTESIAN_POINT('Ctrl Pts',(26.1539360955535,84.1822817196937,10.8187167844432));
#7932=CARTESIAN_POINT('Ctrl Pts',(13.2,150.,2.96761902332486));
#7933=CARTESIAN_POINT('Ctrl Pts',(34.7631824684407,-48.,-1.55245084605369));
#7934=CARTESIAN_POINT('Ctrl Pts',(33.3416635850338,18.1822817196937,0.851346757621291));
#7935=CARTESIAN_POINT('Ctrl Pts',(26.1539360955535,84.1822817196938,1.14301026445305));
#7936=CARTESIAN_POINT('Ctrl Pts',(13.2,150.,-0.677460325558381));
#7937=CARTESIAN_POINT('Ctrl Pts',(34.7631824684407,-48.,-14.7849125103008));
#7938=CARTESIAN_POINT('Ctrl Pts',(33.3416635850338,18.1822817196938,-12.0201538674901));
#7939=CARTESIAN_POINT('Ctrl Pts',(26.1539360955536,84.1822817196936,-8.53269625553701));
#7940=CARTESIAN_POINT('Ctrl Pts',(13.2,150.,-4.32253967444162));
#7941=CARTESIAN_POINT('Ctrl Pts',(34.7631824684407,-48.,-28.0173741745478));
#7942=CARTESIAN_POINT('Ctrl Pts',(33.3416635850338,18.1822817196937,-24.8916544926014));
#7943=CARTESIAN_POINT('Ctrl Pts',(26.1539360955535,84.1822817196937,-18.2084027755271));
#7944=CARTESIAN_POINT('Ctrl Pts',(13.2,150.,-7.96761902332486));
#7945=CARTESIAN_POINT('',(34.7631824684407,-48.,11.6800108181934));
#7946=CARTESIAN_POINT('Ctrl Pts',(34.7631824684407,-48.,5.00000008940697));
#7947=CARTESIAN_POINT('Ctrl Pts',(34.7631824684407,-48.,7.22667033233577));
#7948=CARTESIAN_POINT('Ctrl Pts',(34.7631824684407,-48.,9.45334057526457));
#7949=CARTESIAN_POINT('Ctrl Pts',(34.7631824684407,-48.,11.6800108181934));
#7950=CARTESIAN_POINT('',(13.2,150.,2.96761902332486));
#7951=CARTESIAN_POINT('Ctrl Pts',(34.7631824684407,-47.9999999999999,11.6800108181934));
#7952=CARTESIAN_POINT('Ctrl Pts',(34.5626353348947,-38.6630386375102,11.968213122154));
#7953=CARTESIAN_POINT('Ctrl Pts',(34.24732094449,-29.3297053041769,12.1579538736745));
#7954=CARTESIAN_POINT('Ctrl Pts',(31.19881472961,36.801143997968,12.8049594072901));
#7955=CARTESIAN_POINT('Ctrl Pts',(24.3264016305344,93.4678106646347,9.71108805748015));
#7956=CARTESIAN_POINT('Ctrl Pts',(13.2,150.,2.96761902332486));
#7957=CARTESIAN_POINT('',(13.2,150.,-7.96761902332485));
#7958=CARTESIAN_POINT('',(13.2,150.,2.96761902332486));
#7959=CARTESIAN_POINT('',(34.7631824684407,-48.,-28.0173741745478));
#7960=CARTESIAN_POINT('Ctrl Pts',(34.7631824684407,-48.,-28.0173741745478));
#7961=CARTESIAN_POINT('Ctrl Pts',(34.5626353348947,-38.6630386375103,-27.5763992921176));
#7962=CARTESIAN_POINT('Ctrl Pts',(34.24732094449,-29.3297053041769,-27.0646173645818));
#7963=CARTESIAN_POINT('Ctrl Pts',(31.19881472961,36.801143997968,-22.9351082001726));
#7964=CARTESIAN_POINT('Ctrl Pts',(24.3264016305344,93.4678106646347,-16.7636384106341));
#7965=CARTESIAN_POINT('Ctrl Pts',(13.2,150.,-7.96761902332485));
#7966=CARTESIAN_POINT('',(34.7631824684407,-48.,-3.2041885607698));
#7967=CARTESIAN_POINT('Ctrl Pts',(34.7631824684407,-48.,-28.0173741745478));
#7968=CARTESIAN_POINT('Ctrl Pts',(34.7631824684407,-48.,-21.4011433424243));
#7969=CARTESIAN_POINT('Ctrl Pts',(34.7631824684407,-48.,-14.7849125103007));
#7970=CARTESIAN_POINT('Ctrl Pts',(34.7631824684407,-48.,-6.51385063904141));
#7971=CARTESIAN_POINT('Ctrl Pts',(34.7631824684407,-48.,-4.8590195999056));
#7972=CARTESIAN_POINT('Ctrl Pts',(34.7631824684407,-48.,-3.2041885607698));
#7973=CARTESIAN_POINT('Ctrl Pts',(34.7631824684407,-48.,-3.2041885607698));
#7974=CARTESIAN_POINT('Ctrl Pts',(34.7631824684407,-48.,-1.96352817939244));
#7975=CARTESIAN_POINT('Ctrl Pts',(34.7631824684407,-48.,-0.72286779801509));
#7976=CARTESIAN_POINT('Ctrl Pts',(34.7631824684407,-48.,0.517792583362263));
#7977=CARTESIAN_POINT('Ctrl Pts',(34.7631824684407,-48.,0.517792583362263));
#7978=CARTESIAN_POINT('Ctrl Pts',(34.7631824684407,-48.,1.67852841374344));
#7979=CARTESIAN_POINT('Ctrl Pts',(34.7631824684407,-48.,2.83926424412463));
#7980=CARTESIAN_POINT('Ctrl Pts',(34.7631824684407,-48.,4.00000007450581));
#7981=CARTESIAN_POINT('',(34.6185078260929,-42.0003465268483,1.59999995529652));
#7982=CARTESIAN_POINT('',(34.6185078260929,-42.0003465268483,-4.40000004470348));
#7983=CARTESIAN_POINT('Ctrl Pts',(34.6185078260929,-42.0003465268483,1.59999995529652));
#7984=CARTESIAN_POINT('Ctrl Pts',(34.6185078260929,-42.0003465268483,-0.400000044703519));
#7985=CARTESIAN_POINT('Ctrl Pts',(34.6185078260929,-42.0003465268483,-2.40000004470348));
#7986=CARTESIAN_POINT('Ctrl Pts',(34.6185078260929,-42.0003465268483,-4.40000004470348));
#7987=CARTESIAN_POINT('',(34.7631773238348,-47.9997604814864,1.59999995529651));
#7988=CARTESIAN_POINT('Ctrl Pts',(34.7631773238348,-47.9997604814865,1.59999995529651));
#7989=CARTESIAN_POINT('Ctrl Pts',(34.7202207577702,-45.9998322724065,1.59999995529651));
#7990=CARTESIAN_POINT('Ctrl Pts',(34.6719976327098,-44.0000206955977,1.59999995529652));
#7991=CARTESIAN_POINT('Ctrl Pts',(34.6185078260929,-42.0003465268482,1.59999995529652));
#7992=CARTESIAN_POINT('',(34.7631773238348,-47.9997604814865,-4.40000004470348));
#7993=CARTESIAN_POINT('Ctrl Pts',(34.7631773238348,-47.9997604814865,-4.40000004470348));
#7994=CARTESIAN_POINT('Ctrl Pts',(34.7631773238348,-47.9997604814865,-2.40000004470349));
#7995=CARTESIAN_POINT('Ctrl Pts',(34.7631773238348,-47.9997604814864,-0.40000004470349));
#7996=CARTESIAN_POINT('Ctrl Pts',(34.7631773238348,-47.9997604814864,1.59999995529651));
#7997=CARTESIAN_POINT('Ctrl Pts',(34.6185078260929,-42.0003465268483,-4.40000004470348));
#7998=CARTESIAN_POINT('Ctrl Pts',(34.6719976336468,-44.0000207306279,-4.40000004470348));
#7999=CARTESIAN_POINT('Ctrl Pts',(34.7202207577699,-45.9998322723924,-4.40000004470348));
#8000=CARTESIAN_POINT('Ctrl Pts',(34.7631773238348,-47.9997604814865,-4.40000004470348));
#8001=CARTESIAN_POINT('',(25.9552114865286,71.1030018587905,-0.121518377447134));
#8002=CARTESIAN_POINT('Ctrl Pts',(25.9552114865286,71.1030018587905,-0.121518377447134));
#8003=CARTESIAN_POINT('Ctrl Pts',(25.920720698317,71.3754398278208,0.599267124640802));
#8004=CARTESIAN_POINT('Ctrl Pts',(25.8009279590107,72.3206076200924,1.87342643438759));
#8005=CARTESIAN_POINT('Ctrl Pts',(25.518557600656,74.5180651353621,2.76249085582482));
#8006=CARTESIAN_POINT('Ctrl Pts',(25.2130647240436,76.8547257755553,2.37575567660867));
#8007=CARTESIAN_POINT('Ctrl Pts',(24.9737943749759,78.6570069877915,0.820237484524444));
#8008=CARTESIAN_POINT('Ctrl Pts',(24.8766789333521,79.3817130499299,-1.4623814206521));
#8009=CARTESIAN_POINT('Ctrl Pts',(24.9544451369779,78.8016511716215,-3.79050221032632));
#8010=CARTESIAN_POINT('Ctrl Pts',(25.1808584774913,77.0988396089815,-5.45229376140009));
#8011=CARTESIAN_POINT('Ctrl Pts',(25.3819509799682,75.5637016893256,-5.80829207417992));
#8012=CARTESIAN_POINT('Ctrl Pts',(25.5018275270621,74.6407586884866,-5.76452155318921));
#8013=CARTESIAN_POINT('Ctrl Pts',(25.5228726499507,74.4784502463753,-5.74716358789309));
#8014=CARTESIAN_POINT('Ctrl Pts',(25.5731506784844,74.0900756665563,-5.68262941728874));
#8015=CARTESIAN_POINT('Ctrl Pts',(25.6020869520464,73.8659631184605,-5.62527892901667));
#8016=CARTESIAN_POINT('Ctrl Pts',(25.7651512079294,72.6008207165032,-5.19344329538428));
#8017=CARTESIAN_POINT('Ctrl Pts',(25.9920744181276,70.8138402171062,-3.58696597975101));
#8018=CARTESIAN_POINT('Ctrl Pts',(26.0053087483013,70.7072905121081,-1.1684466111128));
#8019=CARTESIAN_POINT('Ctrl Pts',(25.9552114865286,71.1030018587905,-0.121518377447133));
#8020=CARTESIAN_POINT('',(21.151858995766,105.012124956157,1.09999995529651));
#8021=CARTESIAN_POINT('',(20.1995579927142,110.987192693826,1.09999995529651));
#8022=CARTESIAN_POINT('Ctrl Pts',(21.151858995766,105.012124956157,1.09999995529651));
#8023=CARTESIAN_POINT('Ctrl Pts',(20.8395907025078,107.004634002553,1.09999995529651));
#8024=CARTESIAN_POINT('Ctrl Pts',(20.5221525593563,108.996329434657,1.09999995529652));
#8025=CARTESIAN_POINT('Ctrl Pts',(20.1995579927142,110.987192693826,1.09999995529652));
#8026=CARTESIAN_POINT('',(21.151858995766,105.012124956157,-4.90000004470348));
#8027=CARTESIAN_POINT('Ctrl Pts',(21.151858995766,105.012124956157,-4.90000004470349));
#8028=CARTESIAN_POINT('Ctrl Pts',(21.151858995766,105.012124956157,-2.90000004470348));
#8029=CARTESIAN_POINT('Ctrl Pts',(21.151858995766,105.012124956157,-0.900000044703121));
#8030=CARTESIAN_POINT('Ctrl Pts',(21.151858995766,105.012124956157,1.09999995529655));
#8031=CARTESIAN_POINT('',(20.1995579927142,110.987192693826,-4.90000004470349));
#8032=CARTESIAN_POINT('Ctrl Pts',(20.1995579927142,110.987192693826,-4.90000004470349));
#8033=CARTESIAN_POINT('Ctrl Pts',(20.5221525603668,108.996329428421,-4.9000000447035));
#8034=CARTESIAN_POINT('Ctrl Pts',(20.8395907025237,107.004634002451,-4.90000004470349));
#8035=CARTESIAN_POINT('Ctrl Pts',(21.151858995766,105.012124956157,-4.90000004470349));
#8036=CARTESIAN_POINT('Ctrl Pts',(20.1995579927142,110.987192693826,1.09999995529652));
#8037=CARTESIAN_POINT('Ctrl Pts',(20.1995579927142,110.987192693826,-0.900000044703487));
#8038=CARTESIAN_POINT('Ctrl Pts',(20.1995579927142,110.987192693826,-2.90000004470349));
#8039=CARTESIAN_POINT('Ctrl Pts',(20.1995579927142,110.987192693826,-4.90000004470349));
#8040=CARTESIAN_POINT('',(33.7189454998975,-17.9094559812464,1.46227011644621));
#8041=CARTESIAN_POINT('Ctrl Pts',(33.7189454998975,-17.9094559812464,1.46227011644621));
#8042=CARTESIAN_POINT('Ctrl Pts',(33.6979160789721,-17.4707812726303,2.63570497296301));
#8043=CARTESIAN_POINT('Ctrl Pts',(33.602564426773,-15.4857802992206,4.53577781553053));
#8044=CARTESIAN_POINT('Ctrl Pts',(33.3885021239299,-11.3674828338154,4.00166030372147));
#8045=CARTESIAN_POINT('Ctrl Pts',(33.2704857354667,-9.25061251595353,0.432414776757216));
#8046=CARTESIAN_POINT('Ctrl Pts',(33.3508931031556,-10.6833217610584,-3.4493950405195));
#8047=CARTESIAN_POINT('Ctrl Pts',(33.5600665493453,-14.6366444403387,-4.74099812397679));
#8048=CARTESIAN_POINT('Ctrl Pts',(33.7280474960882,-18.0906093743511,-2.45264744382546));
#8049=CARTESIAN_POINT('Ctrl Pts',(33.7399749208228,-18.3481306898623,0.288835259929577));
#8050=CARTESIAN_POINT('Ctrl Pts',(33.7189454998975,-17.9094559812464,1.46227011644621));
#8051=CARTESIAN_POINT('',(30.0433600874372,33.9914339729362,-8.5));
#8052=CARTESIAN_POINT('',(32.0374480791305,10.0053697275581,-8.5));
#8053=CARTESIAN_POINT('Ctrl Pts',(30.0433600874372,33.9914339729362,-8.5));
#8054=CARTESIAN_POINT('Ctrl Pts',(30.7922301581736,26.002052348109,-8.5));
#8055=CARTESIAN_POINT('Ctrl Pts',(31.4570152632271,18.0064338479598,-8.5));
#8056=CARTESIAN_POINT('Ctrl Pts',(32.0374480791305,10.0053697275581,-8.5));
#8057=CARTESIAN_POINT('',(30.0433600874372,33.9914339729362,8.50000000000001));
#8058=CARTESIAN_POINT('Ctrl Pts',(30.0433600874372,33.9914339729362,8.50000000000001));
#8059=CARTESIAN_POINT('Ctrl Pts',(30.0433600874372,33.9914339729362,2.83333333333327));
#8060=CARTESIAN_POINT('Ctrl Pts',(30.0433600874372,33.9914339729362,-2.83333333333334));
#8061=CARTESIAN_POINT('Ctrl Pts',(30.0433600874372,33.9914339729362,-8.5));
#8062=CARTESIAN_POINT('',(32.0374480791305,10.0053697275581,8.5));
#8063=CARTESIAN_POINT('Ctrl Pts',(32.0374480791305,10.0053697275581,8.5));
#8064=CARTESIAN_POINT('Ctrl Pts',(31.456940114631,18.0074697451723,8.5));
#8065=CARTESIAN_POINT('Ctrl Pts',(30.7921329325237,26.0030896079104,8.5));
#8066=CARTESIAN_POINT('Ctrl Pts',(30.0433600874372,33.9914339729362,8.5));
#8067=CARTESIAN_POINT('Ctrl Pts',(32.0374480791305,10.0053697275581,-8.50000000000001));
#8068=CARTESIAN_POINT('Ctrl Pts',(32.0374480791305,10.0053697275581,-2.83333333333336));
#8069=CARTESIAN_POINT('Ctrl Pts',(32.0374480791305,10.0053697275581,2.83333333333335));
#8070=CARTESIAN_POINT('Ctrl Pts',(32.0374480791305,10.0053697275581,8.5));
#8071=CARTESIAN_POINT('Origin',(-2.22044604925031E-14,-48.0000000000003,
-11.2410542178157));
#8072=CARTESIAN_POINT('',(-34.7631824684407,-48.0000000000006,11.6800108181934));
#8073=CARTESIAN_POINT('Ctrl Pts',(-34.7631824684407,-48.0000000000006,11.6800108181934));
#8074=CARTESIAN_POINT('Ctrl Pts',(-34.7631824684407,-48.0000000000006,9.45334057526455));
#8075=CARTESIAN_POINT('Ctrl Pts',(-34.7631824684407,-48.0000000000006,7.22667033233576));
#8076=CARTESIAN_POINT('Ctrl Pts',(-34.7631824684407,-48.0000000000006,5.00000008940696));
#8077=CARTESIAN_POINT('',(-32.7293330703163,-48.0000000000006,13.1832709198755));
#8078=CARTESIAN_POINT('Ctrl Pts',(-32.7293330703163,-48.0000000000006,13.1832709198755));
#8079=CARTESIAN_POINT('Ctrl Pts',(-33.0683079700037,-48.0000000000006,12.9327275695951));
#8080=CARTESIAN_POINT('Ctrl Pts',(-33.4072828696911,-48.0000000000006,12.6821842193147));
#8081=CARTESIAN_POINT('Ctrl Pts',(-34.0852326690659,-48.0000000000006,12.181097518754));
#8082=CARTESIAN_POINT('Ctrl Pts',(-34.4242075687533,-48.0000000000006,11.9305541684737));
#8083=CARTESIAN_POINT('Ctrl Pts',(-34.7631824684407,-48.0000000000006,11.6800108181934));
#8084=CARTESIAN_POINT('',(1.61795024539861E-16,-48.0000000000003,13.1832709198755));
#8085=CARTESIAN_POINT('Ctrl Pts',(-1.61795024539822E-16,-48.0000000000003,
13.1832709198755));
#8086=CARTESIAN_POINT('Ctrl Pts',(-5.45488884505272,-48.0000000000003,13.1832709198755));
#8087=CARTESIAN_POINT('Ctrl Pts',(-10.9097776901054,-48.0000000000004,13.1832709198755));
#8088=CARTESIAN_POINT('Ctrl Pts',(-21.8195553802109,-48.0000000000005,13.1832709198754));
#8089=CARTESIAN_POINT('Ctrl Pts',(-27.2744442252636,-48.0000000000005,13.1832709198755));
#8090=CARTESIAN_POINT('Ctrl Pts',(-32.7293330703163,-48.0000000000006,13.1832709198755));
#8091=CARTESIAN_POINT('',(32.7293330703163,-48.,13.1832709198755));
#8092=CARTESIAN_POINT('Ctrl Pts',(32.7293330703163,-48.,13.1832709198755));
#8093=CARTESIAN_POINT('Ctrl Pts',(27.2744442252636,-48.,13.1832709198755));
#8094=CARTESIAN_POINT('Ctrl Pts',(21.8195553802109,-48.0000000000001,13.1832709198755));
#8095=CARTESIAN_POINT('Ctrl Pts',(10.9097776901054,-48.0000000000002,13.1832709198755));
#8096=CARTESIAN_POINT('Ctrl Pts',(5.45488884505272,-48.0000000000002,13.1832709198755));
#8097=CARTESIAN_POINT('Ctrl Pts',(1.61795024539822E-16,-48.0000000000003,
13.1832709198755));
#8098=CARTESIAN_POINT('Ctrl Pts',(34.7631824684407,-48.,11.6800108181934));
#8099=CARTESIAN_POINT('Ctrl Pts',(34.4242075687533,-48.,11.9305541684737));
#8100=CARTESIAN_POINT('Ctrl Pts',(34.0852326690659,-48.,12.1810975187541));
#8101=CARTESIAN_POINT('Ctrl Pts',(33.4072828696911,-48.,12.6821842193148));
#8102=CARTESIAN_POINT('Ctrl Pts',(33.0683079700037,-48.,12.9327275695951));
#8103=CARTESIAN_POINT('Ctrl Pts',(32.7293330703163,-48.,13.1832709198755));
#8104=CARTESIAN_POINT('',(31.8000813473004,-48.,10.1046210863904));
#8105=CARTESIAN_POINT('',(31.8043837846313,-48.,10.1014487571697));
#8106=CARTESIAN_POINT('',(-31.8000813473005,-48.,10.1046210863904));
#8107=CARTESIAN_POINT('',(-1.77635683940025E-14,-48.,10.1046210863904));
#8108=CARTESIAN_POINT('',(-31.8000813473005,-48.,10.1046210863904));
#8109=CARTESIAN_POINT('Origin',(37.4021918963747,-48.,-1.34319798870377));
#8110=CARTESIAN_POINT('',(34.9021918963747,-48.,-3.34319798870377));
#8111=CARTESIAN_POINT('',(33.9021918963747,-48.,-2.34319798870377));
#8112=CARTESIAN_POINT('',(39.9021918963747,-48.,-3.34319798870377));
#8113=CARTESIAN_POINT('',(39.9021918963747,-48.,-3.34319798870377));
#8114=CARTESIAN_POINT('',(40.9021918963747,-48.,-2.34319798870376));
#8115=CARTESIAN_POINT('',(40.9021918963747,-48.,-2.34319798870376));
#8116=CARTESIAN_POINT('',(40.9021918963747,-48.,-0.343197988703763));
#8117=CARTESIAN_POINT('Origin',(34.9021918963747,-50.,-3.34319798870379));
#8118=CARTESIAN_POINT('',(34.9021918963747,-50.,-3.34319798870379));
#8119=CARTESIAN_POINT('',(28.151107979559,-48.,3.40788592811192));
#8120=CARTESIAN_POINT('Origin',(39.9021918963747,-50.,-3.34319798870378));
#8121=CARTESIAN_POINT('',(39.9021918963747,-50.,-3.34319798870378));
#8122=CARTESIAN_POINT('Origin',(40.9021918963747,-50.,-2.34319798870378));
#8123=CARTESIAN_POINT('',(40.9021918963747,-50.,-2.34319798870378));
#8124=CARTESIAN_POINT('Origin',(40.9021918963747,-50.,-0.343197988703781));
#8125=CARTESIAN_POINT('Origin',(-37.4021918963747,-48.,-1.34319798870377));
#8126=CARTESIAN_POINT('',(-34.7631824684407,-48.0000000000006,0.517792583362277));
#8127=CARTESIAN_POINT('Ctrl Pts',(-34.7631824684407,-48.0000000000006,0.517792583362276));
#8128=CARTESIAN_POINT('Ctrl Pts',(-34.7631824684407,-48.0000000000006,-0.722867798015086));
#8129=CARTESIAN_POINT('Ctrl Pts',(-34.7631824684407,-48.0000000000006,-1.96352817939245));
#8130=CARTESIAN_POINT('Ctrl Pts',(-34.7631824684407,-48.0000000000006,-3.20418856076981));
#8131=CARTESIAN_POINT('',(-34.9021918963747,-48.,0.656802011296235));
#8132=CARTESIAN_POINT('',(-33.9021918963747,-48.,-0.343197988703766));
#8133=CARTESIAN_POINT('',(-39.9021918963747,-48.,0.656802011296236));
#8134=CARTESIAN_POINT('',(-34.9021918963747,-48.,0.656802011296234));
#8135=CARTESIAN_POINT('',(-39.9021918963747,-48.,0.656802011296236));
#8136=CARTESIAN_POINT('Origin',(-33.9021918963747,-50.,-0.343197988703784));
#8137=CARTESIAN_POINT('',(-33.9021918963747,-48.,-0.343197988703766));
#8138=CARTESIAN_POINT('',(-33.9021918963747,-50.,-0.343197988703784));
#8139=CARTESIAN_POINT('',(-33.9021918963747,-48.0000000000006,-5.79212610325975));
#8140=CARTESIAN_POINT('Origin',(-34.9021918963747,-50.,0.656802011296216));
#8141=CARTESIAN_POINT('',(-34.9021918963747,-50.,0.656802011296216));
#8142=CARTESIAN_POINT('',(-23.202179865003,-48.0000000000005,-11.0432100200754));
#8143=CARTESIAN_POINT('Origin',(-39.9021918963747,-50.,0.656802011296218));
#8144=CARTESIAN_POINT('',(-39.9021918963747,-50.,0.656802011296218));
#8145=CARTESIAN_POINT('Origin',(-40.9021918963747,-50.,-0.343197988703781));
#8146=CARTESIAN_POINT('Origin',(-2.22044604925031E-14,-48.0000000000003,
-11.2410542178157));
#8147=CARTESIAN_POINT('',(-31.8043837846314,-48.,-26.8397154335622));
#8148=CARTESIAN_POINT('',(27.0238840452737,-48.0000000000001,-35.5117122308346));
#8149=CARTESIAN_POINT('Ctrl Pts',(27.0238840452737,-48.0000000000001,-35.5117122308346));
#8150=CARTESIAN_POINT('Ctrl Pts',(28.3137671158015,-48.,-34.2626558881202));
#8151=CARTESIAN_POINT('Ctrl Pts',(29.6036501863294,-48.,-33.0135995454057));
#8152=CARTESIAN_POINT('Ctrl Pts',(32.183416327385,-48.,-30.5154868599768));
#8153=CARTESIAN_POINT('Ctrl Pts',(33.4732993979129,-48.,-29.2664305172623));
#8154=CARTESIAN_POINT('Ctrl Pts',(34.7631824684407,-48.,-28.0173741745478));
#8155=CARTESIAN_POINT('',(-2.21342368433294E-16,-48.0000000000003,-35.5117122308347));
#8156=CARTESIAN_POINT('Ctrl Pts',(-8.8696695244127E-15,-48.0000000000003,
-35.5117122308347));
#8157=CARTESIAN_POINT('Ctrl Pts',(4.50398067421227,-48.0000000000002,-35.5117122308346));
#8158=CARTESIAN_POINT('Ctrl Pts',(9.00796134842456,-48.0000000000002,-35.5117122308347));
#8159=CARTESIAN_POINT('Ctrl Pts',(18.0159226968491,-48.0000000000001,-35.5117122308346));
#8160=CARTESIAN_POINT('Ctrl Pts',(22.5199033710614,-48.0000000000001,-35.5117122308346));
#8161=CARTESIAN_POINT('Ctrl Pts',(27.0238840452737,-48.0000000000001,-35.5117122308346));
#8162=CARTESIAN_POINT('',(-27.0238840452737,-48.0000000000005,-35.5117122308346));
#8163=CARTESIAN_POINT('Ctrl Pts',(-27.0238840452737,-48.0000000000005,-35.5117122308347));
#8164=CARTESIAN_POINT('Ctrl Pts',(-22.5199033710614,-48.0000000000005,-35.5117122308347));
#8165=CARTESIAN_POINT('Ctrl Pts',(-18.0159226968491,-48.0000000000004,-35.5117122308347));
#8166=CARTESIAN_POINT('Ctrl Pts',(-9.00796134842456,-48.0000000000003,-35.5117122308347));
#8167=CARTESIAN_POINT('Ctrl Pts',(-4.50398067421227,-48.0000000000003,-35.5117122308347));
#8168=CARTESIAN_POINT('Ctrl Pts',(8.8696695244127E-15,-48.0000000000003,
-35.5117122308347));
#8169=CARTESIAN_POINT('',(-34.7631824684407,-48.0000000000006,-28.0173741745478));
#8170=CARTESIAN_POINT('Ctrl Pts',(-34.7631824684407,-48.0000000000006,-28.0173741745478));
#8171=CARTESIAN_POINT('Ctrl Pts',(-33.4732993979129,-48.0000000000006,-29.2664305172623));
#8172=CARTESIAN_POINT('Ctrl Pts',(-32.183416327385,-48.0000000000006,-30.5154868599768));
#8173=CARTESIAN_POINT('Ctrl Pts',(-29.6036501863294,-48.0000000000005,-33.0135995454057));
#8174=CARTESIAN_POINT('Ctrl Pts',(-28.3137671158015,-48.0000000000005,-34.2626558881202));
#8175=CARTESIAN_POINT('Ctrl Pts',(-27.0238840452737,-48.0000000000005,-35.5117122308347));
#8176=CARTESIAN_POINT('Ctrl Pts',(-34.7631824684407,-48.0000000000006,-3.20418856076981));
#8177=CARTESIAN_POINT('Ctrl Pts',(-34.7631824684407,-48.0000000000006,-4.85901959990562));
#8178=CARTESIAN_POINT('Ctrl Pts',(-34.7631824684407,-48.0000000000006,-6.51385063904143));
#8179=CARTESIAN_POINT('Ctrl Pts',(-34.7631824684407,-48.0000000000006,-14.7849125103008));
#8180=CARTESIAN_POINT('Ctrl Pts',(-34.7631824684407,-48.0000000000006,-21.4011433424243));
#8181=CARTESIAN_POINT('Ctrl Pts',(-34.7631824684407,-48.0000000000006,-28.0173741745478));
#8182=CARTESIAN_POINT('Ctrl Pts',(-34.7631824684407,-48.0000000000006,4.00000007450579));
#8183=CARTESIAN_POINT('Ctrl Pts',(-34.7631824684407,-48.0000000000006,2.83926424412462));
#8184=CARTESIAN_POINT('Ctrl Pts',(-34.7631824684407,-48.0000000000006,1.67852841374345));
#8185=CARTESIAN_POINT('Ctrl Pts',(-34.7631824684407,-48.0000000000006,0.517792583362276));
#8186=CARTESIAN_POINT('Origin',(31.8043837846313,-50.,10.1014487571697));
#8187=CARTESIAN_POINT('',(31.8000813473004,-50.,10.1046210863904));
#8188=CARTESIAN_POINT('Origin',(-31.8043837846313,-50.,-26.8397154335622));
#8189=CARTESIAN_POINT('Origin',(-31.8000813473004,-50.,10.1046210863904));
#8190=CARTESIAN_POINT('',(-31.8000813473004,-50.,10.1046210863904));
#8191=CARTESIAN_POINT('Origin',(31.8000813473004,-50.,10.1046210863904));
#8192=CARTESIAN_POINT('Ctrl Pts',(-27.0238840452737,-48.0000000000005,-35.5117122308347));
#8193=CARTESIAN_POINT('Ctrl Pts',(-26.6692002962704,-36.4440145854156,-35.0710743036357));
#8194=CARTESIAN_POINT('Ctrl Pts',(-26.1573774016631,-24.8935865958938,-34.5060349286614));
#8195=CARTESIAN_POINT('Ctrl Pts',(-25.4884153614518,-13.3487160314351,-33.8165941059117));
#8196=CARTESIAN_POINT('Ctrl Pts',(-18.0159226968491,-48.0000000000005,-35.5117122308347));
#8197=CARTESIAN_POINT('Ctrl Pts',(-17.7794668641803,-36.4440145854156,-35.0710743036357));
#8198=CARTESIAN_POINT('Ctrl Pts',(-17.4382516011088,-24.8935865958937,-34.5060349286614));
#8199=CARTESIAN_POINT('Ctrl Pts',(-16.9922769076345,-13.3487160314351,-33.8165941059117));
#8200=CARTESIAN_POINT('Ctrl Pts',(-9.00796134842456,-48.0000000000005,-35.5117122308347));
#8201=CARTESIAN_POINT('Ctrl Pts',(-8.88973343209014,-36.4440145854156,-35.0710743036357));
#8202=CARTESIAN_POINT('Ctrl Pts',(-8.71912580055437,-24.8935865958938,-34.5060349286614));
#8203=CARTESIAN_POINT('Ctrl Pts',(-8.49613845381726,-13.3487160314351,-33.8165941059117));
#8204=CARTESIAN_POINT('Ctrl Pts',(8.86966952441269E-15,-48.0000000000005,
-35.5117122308347));
#8205=CARTESIAN_POINT('Ctrl Pts',(8.98150915645249E-15,-36.4440145854156,
-35.0710743036357));
#8206=CARTESIAN_POINT('Ctrl Pts',(8.96111509072117E-15,-24.8935865958938,
-34.5060349286614));
#8207=CARTESIAN_POINT('Ctrl Pts',(8.80848732721872E-15,-13.3487160314351,
-33.8165941059117));
#8208=CARTESIAN_POINT('',(2.92768918724099E-17,-13.3487160314351,-33.8165941059117));
#8209=CARTESIAN_POINT('Ctrl Pts',(-2.21342368425471E-16,-47.9999999989162,
-35.5117122307933));
#8210=CARTESIAN_POINT('Ctrl Pts',(-1.54303789707182E-16,-38.663038636788,
-35.1556872659448));
#8211=CARTESIAN_POINT('Ctrl Pts',(-8.05230002320248E-17,-29.329705303816,
-34.7184498556804));
#8212=CARTESIAN_POINT('Ctrl Pts',(1.91371118858941E-17,-17.7827004241387,
-34.0767851065311));
#8213=CARTESIAN_POINT('Ctrl Pts',(3.86550398007902E-17,-15.5656057679553,
-33.9489831418354));
#8214=CARTESIAN_POINT('Ctrl Pts',(5.85537837446882E-17,-13.3487160314497,
-33.8165941059126));
#8215=CARTESIAN_POINT('',(-20.1655921723479,-13.348716031435,-33.8165941059117));
#8216=CARTESIAN_POINT('Ctrl Pts',(-20.1655921723479,-13.348716031435,-33.8165941059117));
#8217=CARTESIAN_POINT('Ctrl Pts',(-13.4437281148986,-13.348716031435,-33.8165941059117));
#8218=CARTESIAN_POINT('Ctrl Pts',(-6.7218640574493,-13.3487160314351,-33.8165941059117));
#8219=CARTESIAN_POINT('Ctrl Pts',(0.,-13.3487160314351,-33.8165941059117));
#8220=CARTESIAN_POINT('',(-25.4884153614518,-13.348716031435,-33.8165941059117));
#8221=CARTESIAN_POINT('Ctrl Pts',(-20.1655921723479,-13.348716031435,-33.8165941059117));
#8222=CARTESIAN_POINT('Ctrl Pts',(-21.9398665687158,-13.348716031435,-33.8165941059117));
#8223=CARTESIAN_POINT('Ctrl Pts',(-23.7141409650838,-13.3487160314351,-33.8165941059117));
#8224=CARTESIAN_POINT('Ctrl Pts',(-25.4884153614518,-13.3487160314351,-33.8165941059117));
#8225=CARTESIAN_POINT('Ctrl Pts',(-27.0238840452737,-48.0000000000005,-35.5117122308347));
#8226=CARTESIAN_POINT('Ctrl Pts',(-26.7373080120289,-38.6630386375106,-35.1556872659787));
#8227=CARTESIAN_POINT('Ctrl Pts',(-26.3481475272823,-29.3297053041771,-34.7184498557004));
#8228=CARTESIAN_POINT('Ctrl Pts',(-25.7395343939121,-17.7827004241338,-34.0767851065309));
#8229=CARTESIAN_POINT('Ctrl Pts',(-25.6168719840514,-15.5656057679455,-33.9489831418348));
#8230=CARTESIAN_POINT('Ctrl Pts',(-25.4884153614518,-13.3487160314351,-33.8165941059117));
#8231=CARTESIAN_POINT('Ctrl Pts',(-34.7631824684407,-48.0000000000006,-28.0173741745478));
#8232=CARTESIAN_POINT('Ctrl Pts',(-33.3416635850338,18.1822817196933,-24.8916544926015));
#8233=CARTESIAN_POINT('Ctrl Pts',(-26.1539360955536,84.1822817196935,-18.2084027755272));
#8234=CARTESIAN_POINT('Ctrl Pts',(-13.2,150.,-7.96761902332485));
#8235=CARTESIAN_POINT('Ctrl Pts',(-32.183416327385,-48.0000000000006,-30.5154868599768));
#8236=CARTESIAN_POINT('Ctrl Pts',(-30.5586339961655,18.1822817196933,-27.5904812775714));
#8237=CARTESIAN_POINT('Ctrl Pts',(-23.371675111851,84.1822817196935,-20.9336787738736));
#8238=CARTESIAN_POINT('Ctrl Pts',(-10.6225396744416,150.,-10.5450793488832));
#8239=CARTESIAN_POINT('Ctrl Pts',(-29.6036501863294,-48.0000000000006,-33.0135995454057));
#8240=CARTESIAN_POINT('Ctrl Pts',(-27.7756044072972,18.1822817196933,-30.2893080625414));
#8241=CARTESIAN_POINT('Ctrl Pts',(-20.5894141281485,84.1822817196934,-23.65895477222));
#8242=CARTESIAN_POINT('Ctrl Pts',(-8.04507934888323,150.,-13.1225396744416));
#8243=CARTESIAN_POINT('Ctrl Pts',(-27.0238840452737,-48.0000000000006,-35.5117122308347));
#8244=CARTESIAN_POINT('Ctrl Pts',(-24.9925748184289,18.1822817196933,-32.9881348475113));
#8245=CARTESIAN_POINT('Ctrl Pts',(-17.8071531444459,84.1822817196935,-26.3842307705664));
#8246=CARTESIAN_POINT('Ctrl Pts',(-5.46761902332485,150.,-15.7));
#8247=CARTESIAN_POINT('',(-30.7784143476151,-7.90896539025507,-28.0325088446653));
#8248=CARTESIAN_POINT('Ctrl Pts',(-25.4884153614518,-13.348716031435,-33.8165941059117));
#8249=CARTESIAN_POINT('Ctrl Pts',(-27.2571273675788,-11.5379414146821,-31.8911979870323));
#8250=CARTESIAN_POINT('Ctrl Pts',(-29.0205245030331,-9.72468360904507,-29.9631613053302));
#8251=CARTESIAN_POINT('Ctrl Pts',(-30.7784143476151,-7.90896539025507,-28.0325088446653));
#8252=CARTESIAN_POINT('',(-30.8119184840387,-7.90896539025507,-28.));
#8253=CARTESIAN_POINT('Ctrl Pts',(-30.7784143476151,-7.90896539025507,-28.0325088446653));
#8254=CARTESIAN_POINT('Ctrl Pts',(-30.7895823930897,-7.90896539025507,-28.0216725631102));
#8255=CARTESIAN_POINT('Ctrl Pts',(-30.8007504385642,-7.90896539025507,-28.0108362815551));
#8256=CARTESIAN_POINT('Ctrl Pts',(-30.8119184840387,-7.90896539025507,-28.));
#8257=CARTESIAN_POINT('',(-21.6369763059609,47.0910346097449,-28.));
#8258=CARTESIAN_POINT('Ctrl Pts',(-30.8119184840388,-7.90896539025507,-28.));
#8259=CARTESIAN_POINT('Ctrl Pts',(-28.4554370838833,10.5435838515103,-28.));
#8260=CARTESIAN_POINT('Ctrl Pts',(-25.3855880643046,28.8691588848715,-28.));
#8261=CARTESIAN_POINT('Ctrl Pts',(-21.6369763059609,47.0910346097449,-28.));
#8262=CARTESIAN_POINT('',(-21.5696030743555,47.0910346097449,-28.0657752954585));
#8263=CARTESIAN_POINT('Ctrl Pts',(-21.6369763059609,47.0910346097449,-28.));
#8264=CARTESIAN_POINT('Ctrl Pts',(-21.6145185620925,47.0910346097449,-28.0219250984862));
#8265=CARTESIAN_POINT('Ctrl Pts',(-21.592060818224,47.0910346097449,-28.0438501969723));
#8266=CARTESIAN_POINT('Ctrl Pts',(-21.5696030743555,47.0910346097449,-28.0657752954585));
#8267=CARTESIAN_POINT('',(-20.4397522594998,48.0862829562017,-28.968406260981));
#8268=CARTESIAN_POINT('Ctrl Pts',(-21.5696030743555,47.0910346097449,-28.0657752954585));
#8269=CARTESIAN_POINT('Ctrl Pts',(-21.1930952264229,47.4228519947605,-28.3667138980495));
#8270=CARTESIAN_POINT('Ctrl Pts',(-20.8164781013286,47.754601327554,-28.6675907813289));
#8271=CARTESIAN_POINT('Ctrl Pts',(-20.4397522594998,48.0862829562017,-28.968406260981));
#8272=CARTESIAN_POINT('',(-5.46761902332485,150.,-15.7));
#8273=CARTESIAN_POINT('Ctrl Pts',(-20.4397522594998,48.0862829562017,-28.968406260981));
#8274=CARTESIAN_POINT('Ctrl Pts',(-16.8181944506967,82.105943811637,-25.6295139047546));
#8275=CARTESIAN_POINT('Ctrl Pts',(-11.8274833719718,116.077182826236,-21.2067118177609));
#8276=CARTESIAN_POINT('Ctrl Pts',(-5.46761902332485,150.,-15.7));
#8277=CARTESIAN_POINT('',(-13.2,150.,-7.96761902332485));
#8278=CARTESIAN_POINT('',(-13.2,150.,-7.96761902332485));
#8279=CARTESIAN_POINT('Ctrl Pts',(-34.7631824684407,-48.0000000000006,-28.0173741745478));
#8280=CARTESIAN_POINT('Ctrl Pts',(-34.5626353348947,-38.6630386375107,-27.5763992921176));
#8281=CARTESIAN_POINT('Ctrl Pts',(-34.24732094449,-29.3297053041772,-27.0646173645818));
#8282=CARTESIAN_POINT('Ctrl Pts',(-31.19881472961,36.801143997968,-22.9351082001726));
#8283=CARTESIAN_POINT('Ctrl Pts',(-24.3264016305344,93.4678106646347,-16.7636384106341));
#8284=CARTESIAN_POINT('Ctrl Pts',(-13.2,150.,-7.96761902332485));
#8285=CARTESIAN_POINT('Ctrl Pts',(27.0238840452737,-48.0000000000003,-35.5117122308346));
#8286=CARTESIAN_POINT('Ctrl Pts',(26.6692002962704,-36.4440145854154,-35.0710743036357));
#8287=CARTESIAN_POINT('Ctrl Pts',(26.1573774016631,-24.8935865958937,-34.5060349286614));
#8288=CARTESIAN_POINT('Ctrl Pts',(25.4884153614518,-13.3487160314351,-33.8165941059117));
#8289=CARTESIAN_POINT('Ctrl Pts',(18.0159226968491,-48.0000000000003,-35.5117122308346));
#8290=CARTESIAN_POINT('Ctrl Pts',(17.7794668641803,-36.4440145854154,-35.0710743036357));
#8291=CARTESIAN_POINT('Ctrl Pts',(17.4382516011088,-24.8935865958937,-34.5060349286614));
#8292=CARTESIAN_POINT('Ctrl Pts',(16.9922769076345,-13.3487160314351,-33.8165941059117));
#8293=CARTESIAN_POINT('Ctrl Pts',(9.00796134842456,-48.0000000000003,-35.5117122308347));
#8294=CARTESIAN_POINT('Ctrl Pts',(8.88973343209014,-36.4440145854154,-35.0710743036357));
#8295=CARTESIAN_POINT('Ctrl Pts',(8.71912580055437,-24.8935865958937,-34.5060349286614));
#8296=CARTESIAN_POINT('Ctrl Pts',(8.49613845381726,-13.3487160314351,-33.8165941059117));
#8297=CARTESIAN_POINT('Ctrl Pts',(-8.8696695244127E-15,-48.0000000000003,
-35.5117122308347));
#8298=CARTESIAN_POINT('Ctrl Pts',(-8.9815091564525E-15,-36.4440145854154,
-35.0710743036357));
#8299=CARTESIAN_POINT('Ctrl Pts',(-8.96111509072117E-15,-24.8935865958937,
-34.5060349286614));
#8300=CARTESIAN_POINT('Ctrl Pts',(-8.80848732721872E-15,-13.3487160314351,
-33.8165941059117));
#8301=CARTESIAN_POINT('',(25.4884153614518,-13.3487160314351,-33.8165941059117));
#8302=CARTESIAN_POINT('Ctrl Pts',(27.0238840452737,-48.0000000000001,-35.5117122308346));
#8303=CARTESIAN_POINT('Ctrl Pts',(26.7373080120289,-38.6630386375103,-35.1556872659786));
#8304=CARTESIAN_POINT('Ctrl Pts',(26.3481475272823,-29.329705304177,-34.7184498557004));
#8305=CARTESIAN_POINT('Ctrl Pts',(25.7395343939121,-17.7827004241338,-34.0767851065309));
#8306=CARTESIAN_POINT('Ctrl Pts',(25.6168719840514,-15.5656057679455,-33.9489831418348));
#8307=CARTESIAN_POINT('Ctrl Pts',(25.4884153614518,-13.3487160314351,-33.8165941059117));
#8308=CARTESIAN_POINT('',(20.1655921723478,-13.3487160314351,-33.8165941059117));
#8309=CARTESIAN_POINT('Ctrl Pts',(25.4884153614518,-13.3487160314351,-33.8165941059117));
#8310=CARTESIAN_POINT('Ctrl Pts',(23.7141409650838,-13.3487160314351,-33.8165941059117));
#8311=CARTESIAN_POINT('Ctrl Pts',(21.9398665687158,-13.3487160314351,-33.8165941059117));
#8312=CARTESIAN_POINT('Ctrl Pts',(20.1655921723478,-13.3487160314351,-33.8165941059117));
#8313=CARTESIAN_POINT('Ctrl Pts',(0.,-13.3487160314351,-33.8165941059117));
#8314=CARTESIAN_POINT('Ctrl Pts',(6.72186405744929,-13.3487160314351,-33.8165941059117));
#8315=CARTESIAN_POINT('Ctrl Pts',(13.4437281148986,-13.348716031435,-33.8165941059117));
#8316=CARTESIAN_POINT('Ctrl Pts',(20.1655921723478,-13.3487160314351,-33.8165941059117));
#8317=CARTESIAN_POINT('Ctrl Pts',(-34.7631824684407,-48.0000000000007,11.6800108181933));
#8318=CARTESIAN_POINT('Ctrl Pts',(-33.3416635850338,18.1822817196933,13.7228473827327));
#8319=CARTESIAN_POINT('Ctrl Pts',(-26.1539360955536,84.1822817196935,10.8187167844432));
#8320=CARTESIAN_POINT('Ctrl Pts',(-13.2,150.,2.96761902332486));
#8321=CARTESIAN_POINT('Ctrl Pts',(-34.7631824684407,-48.0000000000007,-1.55245084605371));
#8322=CARTESIAN_POINT('Ctrl Pts',(-33.3416635850338,18.1822817196932,0.851346757621284));
#8323=CARTESIAN_POINT('Ctrl Pts',(-26.1539360955535,84.1822817196936,1.14301026445306));
#8324=CARTESIAN_POINT('Ctrl Pts',(-13.2,150.,-0.677460325558381));
#8325=CARTESIAN_POINT('Ctrl Pts',(-34.7631824684407,-48.0000000000007,-14.7849125103008));
#8326=CARTESIAN_POINT('Ctrl Pts',(-33.3416635850338,18.1822817196933,-12.0201538674901));
#8327=CARTESIAN_POINT('Ctrl Pts',(-26.1539360955536,84.1822817196934,-8.53269625553702));
#8328=CARTESIAN_POINT('Ctrl Pts',(-13.2,150.,-4.32253967444162));
#8329=CARTESIAN_POINT('Ctrl Pts',(-34.7631824684407,-48.0000000000007,-28.0173741745478));
#8330=CARTESIAN_POINT('Ctrl Pts',(-33.3416635850338,18.1822817196933,-24.8916544926015));
#8331=CARTESIAN_POINT('Ctrl Pts',(-26.1539360955536,84.1822817196935,-18.2084027755271));
#8332=CARTESIAN_POINT('Ctrl Pts',(-13.2,150.,-7.96761902332486));
#8333=CARTESIAN_POINT('',(-13.2,150.,2.96761902332486));
#8334=CARTESIAN_POINT('',(-13.2,150.,2.96761902332486));
#8335=CARTESIAN_POINT('Ctrl Pts',(-34.7631824684407,-48.0000000000006,11.6800108181934));
#8336=CARTESIAN_POINT('Ctrl Pts',(-34.5626353348947,-38.6630386375107,11.968213122154));
#8337=CARTESIAN_POINT('Ctrl Pts',(-34.24732094449,-29.3297053041771,12.1579538736745));
#8338=CARTESIAN_POINT('Ctrl Pts',(-31.19881472961,36.801143997968,12.8049594072901));
#8339=CARTESIAN_POINT('Ctrl Pts',(-24.3264016305344,93.4678106646347,9.71108805748015));
#8340=CARTESIAN_POINT('Ctrl Pts',(-13.2,150.,2.96761902332486));
#8341=CARTESIAN_POINT('',(-20.1995579927142,110.987192693826,1.09999995529652));
#8342=CARTESIAN_POINT('',(-21.151858995766,105.012124956157,1.09999995529652));
#8343=CARTESIAN_POINT('Ctrl Pts',(-20.1995579927142,110.987192693826,1.09999995529652));
#8344=CARTESIAN_POINT('Ctrl Pts',(-20.5221525593563,108.996329434657,1.09999995529652));
#8345=CARTESIAN_POINT('Ctrl Pts',(-20.8395907025078,107.004634002552,1.09999995529652));
#8346=CARTESIAN_POINT('Ctrl Pts',(-21.1518589957661,105.012124956156,1.09999995529652));
#8347=CARTESIAN_POINT('',(-20.1995579927142,110.987192693826,-4.90000004470349));
#8348=CARTESIAN_POINT('Ctrl Pts',(-20.1995579927142,110.987192693826,-4.90000004470349));
#8349=CARTESIAN_POINT('Ctrl Pts',(-20.1995579927142,110.987192693826,-2.90000004470349));
#8350=CARTESIAN_POINT('Ctrl Pts',(-20.1995579927142,110.987192693826,-0.900000044703487));
#8351=CARTESIAN_POINT('Ctrl Pts',(-20.1995579927142,110.987192693826,1.09999995529652));
#8352=CARTESIAN_POINT('',(-21.151858995766,105.012124956157,-4.90000004470349));
#8353=CARTESIAN_POINT('Ctrl Pts',(-21.151858995766,105.012124956157,-4.90000004470349));
#8354=CARTESIAN_POINT('Ctrl Pts',(-20.8395907025237,107.004634002451,-4.90000004470349));
#8355=CARTESIAN_POINT('Ctrl Pts',(-20.5221525603668,108.996329428421,-4.9000000447035));
#8356=CARTESIAN_POINT('Ctrl Pts',(-20.1995579927142,110.987192693826,-4.90000004470349));
#8357=CARTESIAN_POINT('Ctrl Pts',(-21.151858995766,105.012124956157,1.09999995529655));
#8358=CARTESIAN_POINT('Ctrl Pts',(-21.151858995766,105.012124956157,-0.90000004470313));
#8359=CARTESIAN_POINT('Ctrl Pts',(-21.151858995766,105.012124956157,-2.90000004470348));
#8360=CARTESIAN_POINT('Ctrl Pts',(-21.151858995766,105.012124956157,-4.9000000447035));
#8361=CARTESIAN_POINT('',(-33.7189454998975,-17.9094559812464,1.46227011644621));
#8362=CARTESIAN_POINT('Ctrl Pts',(-33.7189454998975,-17.9094559812464,1.46227011644621));
#8363=CARTESIAN_POINT('Ctrl Pts',(-33.7399749208228,-18.3481306898623,0.288835259929577));
#8364=CARTESIAN_POINT('Ctrl Pts',(-33.7280474960882,-18.0906093743511,-2.45264744382547));
#8365=CARTESIAN_POINT('Ctrl Pts',(-33.5600665493453,-14.6366444403387,-4.74099812397679));
#8366=CARTESIAN_POINT('Ctrl Pts',(-33.3508931031556,-10.6833217610584,-3.4493950405195));
#8367=CARTESIAN_POINT('Ctrl Pts',(-33.2704857354667,-9.25061251595353,0.432414776757216));
#8368=CARTESIAN_POINT('Ctrl Pts',(-33.3885021239299,-11.3674828338154,4.00166030372147));
#8369=CARTESIAN_POINT('Ctrl Pts',(-33.602564426773,-15.4857802992206,4.53577781553053));
#8370=CARTESIAN_POINT('Ctrl Pts',(-33.6979160789721,-17.4707812726303,2.63570497296301));
#8371=CARTESIAN_POINT('Ctrl Pts',(-33.7189454998975,-17.9094559812464,1.46227011644621));
#8372=CARTESIAN_POINT('',(-34.7631773238348,-47.9997604814864,1.59999995529651));
#8373=CARTESIAN_POINT('',(-34.7631773238348,-47.9997604814865,-4.40000004470348));
#8374=CARTESIAN_POINT('Ctrl Pts',(-34.7631773238348,-47.9997604814864,1.59999995529651));
#8375=CARTESIAN_POINT('Ctrl Pts',(-34.7631773238348,-47.9997604814864,-0.400000044703491));
#8376=CARTESIAN_POINT('Ctrl Pts',(-34.7631773238348,-47.9997604814865,-2.40000004470349));
#8377=CARTESIAN_POINT('Ctrl Pts',(-34.7631773238348,-47.9997604814865,-4.40000004470349));
#8378=CARTESIAN_POINT('',(-34.6185078260929,-42.0003465268483,1.59999995529652));
#8379=CARTESIAN_POINT('Ctrl Pts',(-34.6185078260929,-42.0003465268482,1.59999995529652));
#8380=CARTESIAN_POINT('Ctrl Pts',(-34.6719976327098,-44.0000206955977,1.59999995529652));
#8381=CARTESIAN_POINT('Ctrl Pts',(-34.7202207577702,-45.9998322724065,1.59999995529651));
#8382=CARTESIAN_POINT('Ctrl Pts',(-34.7631773238348,-47.9997604814865,1.59999995529651));
#8383=CARTESIAN_POINT('',(-34.6185078260929,-42.0003465268483,-4.40000004470347));
#8384=CARTESIAN_POINT('Ctrl Pts',(-34.6185078260929,-42.0003465268483,-4.40000004470348));
#8385=CARTESIAN_POINT('Ctrl Pts',(-34.6185078260929,-42.0003465268483,-2.40000004470348));
#8386=CARTESIAN_POINT('Ctrl Pts',(-34.6185078260929,-42.0003465268483,-0.400000044703475));
#8387=CARTESIAN_POINT('Ctrl Pts',(-34.6185078260929,-42.0003465268483,1.59999995529652));
#8388=CARTESIAN_POINT('Ctrl Pts',(-34.7631773238348,-47.9997604814865,-4.40000004470348));
#8389=CARTESIAN_POINT('Ctrl Pts',(-34.7202207577699,-45.9998322723924,-4.40000004470348));
#8390=CARTESIAN_POINT('Ctrl Pts',(-34.6719976336468,-44.0000207306279,-4.40000004470348));
#8391=CARTESIAN_POINT('Ctrl Pts',(-34.6185078260929,-42.0003465268483,-4.40000004470348));
#8392=CARTESIAN_POINT('',(-25.9552114865286,71.1030018587905,-0.121518377447133));
#8393=CARTESIAN_POINT('Ctrl Pts',(-25.9552114865286,71.1030018587905,-0.121518377447133));
#8394=CARTESIAN_POINT('Ctrl Pts',(-26.0053087483013,70.7072905121081,-1.1684466111128));
#8395=CARTESIAN_POINT('Ctrl Pts',(-25.9920744181276,70.8138402171062,-3.58696597975101));
#8396=CARTESIAN_POINT('Ctrl Pts',(-25.7651512079294,72.6008207165032,-5.19344329538428));
#8397=CARTESIAN_POINT('Ctrl Pts',(-25.6020869520464,73.8659631184605,-5.62527892901667));
#8398=CARTESIAN_POINT('Ctrl Pts',(-25.5731506784844,74.0900756665563,-5.68262941728874));
#8399=CARTESIAN_POINT('Ctrl Pts',(-25.5228726499507,74.4784502463753,-5.74716358789309));
#8400=CARTESIAN_POINT('Ctrl Pts',(-25.5018275270621,74.6407586884866,-5.76452155318921));
#8401=CARTESIAN_POINT('Ctrl Pts',(-25.3819509799682,75.5637016893256,-5.80829207417992));
#8402=CARTESIAN_POINT('Ctrl Pts',(-25.1808584774913,77.0988396089815,-5.45229376140009));
#8403=CARTESIAN_POINT('Ctrl Pts',(-24.9544451369779,78.8016511716215,-3.79050221032632));
#8404=CARTESIAN_POINT('Ctrl Pts',(-24.8766789333521,79.3817130499299,-1.4623814206521));
#8405=CARTESIAN_POINT('Ctrl Pts',(-24.9737943749759,78.6570069877915,0.820237484524444));
#8406=CARTESIAN_POINT('Ctrl Pts',(-25.2130647240436,76.8547257755553,2.37575567660867));
#8407=CARTESIAN_POINT('Ctrl Pts',(-25.518557600656,74.5180651353621,2.76249085582482));
#8408=CARTESIAN_POINT('Ctrl Pts',(-25.8009279590107,72.3206076200924,1.87342643438759));
#8409=CARTESIAN_POINT('Ctrl Pts',(-25.920720698317,71.3754398278208,0.599267124640802));
#8410=CARTESIAN_POINT('Ctrl Pts',(-25.9552114865286,71.1030018587905,-0.121518377447134));
#8411=CARTESIAN_POINT('',(-30.0433600874372,33.9914339729362,-8.49999999999999));
#8412=CARTESIAN_POINT('',(-30.0433600874372,33.9914339729362,8.5));
#8413=CARTESIAN_POINT('Ctrl Pts',(-30.0433600874372,33.9914339729362,-8.5));
#8414=CARTESIAN_POINT('Ctrl Pts',(-30.0433600874372,33.9914339729362,-2.83333333333334));
#8415=CARTESIAN_POINT('Ctrl Pts',(-30.0433600874372,33.9914339729362,2.83333333333327));
#8416=CARTESIAN_POINT('Ctrl Pts',(-30.0433600874372,33.9914339729362,8.50000000000001));
#8417=CARTESIAN_POINT('',(-32.0374480791305,10.0053697275581,-8.5));
#8418=CARTESIAN_POINT('Ctrl Pts',(-32.0374480791305,10.0053697275581,-8.5));
#8419=CARTESIAN_POINT('Ctrl Pts',(-31.4570152632271,18.0064338479597,-8.5));
#8420=CARTESIAN_POINT('Ctrl Pts',(-30.7922301581736,26.0020523481089,-8.5));
#8421=CARTESIAN_POINT('Ctrl Pts',(-30.0433600874372,33.9914339729362,-8.5));
#8422=CARTESIAN_POINT('',(-32.0374480791305,10.0053697275581,8.5));
#8423=CARTESIAN_POINT('Ctrl Pts',(-32.0374480791305,10.0053697275581,8.5));
#8424=CARTESIAN_POINT('Ctrl Pts',(-32.0374480791305,10.0053697275581,2.83333333333335));
#8425=CARTESIAN_POINT('Ctrl Pts',(-32.0374480791305,10.0053697275581,-2.83333333333335));
#8426=CARTESIAN_POINT('Ctrl Pts',(-32.0374480791305,10.0053697275581,-8.5));
#8427=CARTESIAN_POINT('Ctrl Pts',(-30.0433600874372,33.9914339729363,8.5));
#8428=CARTESIAN_POINT('Ctrl Pts',(-30.7921329325237,26.0030896079104,8.5));
#8429=CARTESIAN_POINT('Ctrl Pts',(-31.456940114631,18.0074697451723,8.5));
#8430=CARTESIAN_POINT('Ctrl Pts',(-32.0374480791305,10.0053697275581,8.5));
#8431=CARTESIAN_POINT('Ctrl Pts',(34.7631824684407,-48.0000000000001,-28.0173741745478));
#8432=CARTESIAN_POINT('Ctrl Pts',(33.3416635850338,18.1822817196936,-24.8916544926015));
#8433=CARTESIAN_POINT('Ctrl Pts',(26.1539360955535,84.1822817196937,-18.2084027755271));
#8434=CARTESIAN_POINT('Ctrl Pts',(13.2,150.,-7.96761902332485));
#8435=CARTESIAN_POINT('Ctrl Pts',(32.183416327385,-48.0000000000001,-30.5154868599768));
#8436=CARTESIAN_POINT('Ctrl Pts',(30.5586339961655,18.1822817196935,-27.5904812775714));
#8437=CARTESIAN_POINT('Ctrl Pts',(23.371675111851,84.1822817196937,-20.9336787738735));
#8438=CARTESIAN_POINT('Ctrl Pts',(10.6225396744416,150.,-10.5450793488832));
#8439=CARTESIAN_POINT('Ctrl Pts',(29.6036501863294,-48.0000000000001,-33.0135995454057));
#8440=CARTESIAN_POINT('Ctrl Pts',(27.7756044072971,18.1822817196937,-30.2893080625413));
#8441=CARTESIAN_POINT('Ctrl Pts',(20.5894141281485,84.1822817196936,-23.65895477222));
#8442=CARTESIAN_POINT('Ctrl Pts',(8.04507934888323,150.,-13.1225396744416));
#8443=CARTESIAN_POINT('Ctrl Pts',(27.0238840452737,-48.0000000000001,-35.5117122308346));
#8444=CARTESIAN_POINT('Ctrl Pts',(24.9925748184288,18.1822817196936,-32.9881348475113));
#8445=CARTESIAN_POINT('Ctrl Pts',(17.8071531444459,84.1822817196937,-26.3842307705664));
#8446=CARTESIAN_POINT('Ctrl Pts',(5.46761902332485,150.,-15.7));
#8447=CARTESIAN_POINT('',(5.46761902332485,150.,-15.7));
#8448=CARTESIAN_POINT('',(13.2,150.,-7.96761902332485));
#8449=CARTESIAN_POINT('',(20.4397522594998,48.0862829562017,-28.968406260981));
#8450=CARTESIAN_POINT('Ctrl Pts',(20.4397522594998,48.0862829562017,-28.968406260981));
#8451=CARTESIAN_POINT('Ctrl Pts',(16.8181944506967,82.105943811637,-25.6295139047546));
#8452=CARTESIAN_POINT('Ctrl Pts',(11.8274833719718,116.077182826236,-21.2067118177609));
#8453=CARTESIAN_POINT('Ctrl Pts',(5.46761902332485,150.,-15.7));
#8454=CARTESIAN_POINT('',(21.5696030743555,47.0910346097449,-28.0657752954585));
#8455=CARTESIAN_POINT('Ctrl Pts',(20.4397522594998,48.0862829562017,-28.968406260981));
#8456=CARTESIAN_POINT('Ctrl Pts',(20.8164781013392,47.7546013275447,-28.6675907813205));
#8457=CARTESIAN_POINT('Ctrl Pts',(21.1930952264298,47.4228519947545,-28.3667138980441));
#8458=CARTESIAN_POINT('Ctrl Pts',(21.5696030743555,47.0910346097449,-28.0657752954585));
#8459=CARTESIAN_POINT('',(21.6369763059609,47.0910346097449,-28.));
#8460=CARTESIAN_POINT('Ctrl Pts',(21.5696030743555,47.0910346097449,-28.0657752954585));
#8461=CARTESIAN_POINT('Ctrl Pts',(21.592060818224,47.0910346097449,-28.0438501969723));
#8462=CARTESIAN_POINT('Ctrl Pts',(21.6145185620925,47.0910346097449,-28.0219250984862));
#8463=CARTESIAN_POINT('Ctrl Pts',(21.6369763059609,47.0910346097449,-28.));
#8464=CARTESIAN_POINT('',(30.8119184840388,-7.90896539025507,-28.));
#8465=CARTESIAN_POINT('Ctrl Pts',(21.6369763059609,47.0910346097449,-28.));
#8466=CARTESIAN_POINT('Ctrl Pts',(25.3855880645674,28.8691588835942,-28.));
#8467=CARTESIAN_POINT('Ctrl Pts',(28.4554370838859,10.54358385149,-28.));
#8468=CARTESIAN_POINT('Ctrl Pts',(30.8119184840388,-7.90896539025507,-28.));
#8469=CARTESIAN_POINT('',(30.7784143476151,-7.90896539025507,-28.0325088446653));
#8470=CARTESIAN_POINT('Ctrl Pts',(30.8119184840388,-7.90896539025507,-28.));
#8471=CARTESIAN_POINT('Ctrl Pts',(30.8007504385642,-7.90896539025507,-28.0108362815551));
#8472=CARTESIAN_POINT('Ctrl Pts',(30.7895823930897,-7.90896539025507,-28.0216725631102));
#8473=CARTESIAN_POINT('Ctrl Pts',(30.7784143476151,-7.90896539025507,-28.0325088446653));
#8474=CARTESIAN_POINT('Ctrl Pts',(30.7784143476151,-7.9089653902551,-28.0325088446653));
#8475=CARTESIAN_POINT('Ctrl Pts',(29.0205245030327,-9.72468360904552,-29.9631613053307));
#8476=CARTESIAN_POINT('Ctrl Pts',(27.257127367578,-11.5379414146829,-31.8911979870331));
#8477=CARTESIAN_POINT('Ctrl Pts',(25.4884153614518,-13.3487160314351,-33.8165941059117));
#8478=CARTESIAN_POINT('Ctrl Pts',(-32.7293330703163,-48.0000000000006,13.1832709198754));
#8479=CARTESIAN_POINT('Ctrl Pts',(-30.7762473420427,18.1822817196933,15.7411086150848));
#8480=CARTESIAN_POINT('Ctrl Pts',(-22.7556759930455,84.1822817196935,13.8466849751264));
#8481=CARTESIAN_POINT('Ctrl Pts',(-8.66761902332485,150.,7.5));
#8482=CARTESIAN_POINT('Ctrl Pts',(-33.4072828696911,-48.0000000000006,12.6821842193147));
#8483=CARTESIAN_POINT('Ctrl Pts',(-31.6313860897064,18.1822817196932,15.0683548709675));
#8484=CARTESIAN_POINT('Ctrl Pts',(-23.8884293605482,84.1822817196936,12.8373622448986));
#8485=CARTESIAN_POINT('Ctrl Pts',(-10.1784126822166,150.,5.98920634110828));
#8486=CARTESIAN_POINT('Ctrl Pts',(-34.0852326690659,-48.0000000000006,12.181097518754));
#8487=CARTESIAN_POINT('Ctrl Pts',(-32.4865248373701,18.1822817196933,14.3956011268501));
#8488=CARTESIAN_POINT('Ctrl Pts',(-25.0211827280509,84.1822817196934,11.8280395146709));
#8489=CARTESIAN_POINT('Ctrl Pts',(-11.6892063411083,150.,4.47841268221657));
#8490=CARTESIAN_POINT('Ctrl Pts',(-34.7631824684407,-48.0000000000006,11.6800108181933));
#8491=CARTESIAN_POINT('Ctrl Pts',(-33.3416635850338,18.1822817196933,13.7228473827327));
#8492=CARTESIAN_POINT('Ctrl Pts',(-26.1539360955536,84.1822817196935,10.8187167844432));
#8493=CARTESIAN_POINT('Ctrl Pts',(-13.2,150.,2.96761902332486));
#8494=CARTESIAN_POINT('',(-8.66761902332485,150.,7.5));
#8495=CARTESIAN_POINT('',(-8.66761902332485,150.,7.5));
#8496=CARTESIAN_POINT('Ctrl Pts',(-32.7293330703163,-48.0000000000006,13.1832709198755));
#8497=CARTESIAN_POINT('Ctrl Pts',(-32.45379276695,-38.6630386375107,13.5441293114438));
#8498=CARTESIAN_POINT('Ctrl Pts',(-32.0574887645412,-29.3297053041771,13.8163724871636));
#8499=CARTESIAN_POINT('Ctrl Pts',(-28.3924077004736,36.801143997968,15.1179648253985));
#8500=CARTESIAN_POINT('Ctrl Pts',(-20.7681403538852,93.4678106646347,12.9512980097202));
#8501=CARTESIAN_POINT('Ctrl Pts',(-8.66761902332485,150.,7.5));
#8502=CARTESIAN_POINT('Ctrl Pts',(-1.61795024539824E-16,-48.0000000000006,
13.1832709198754));
#8503=CARTESIAN_POINT('Ctrl Pts',(1.52844382876547E-16,18.1822817196933,
15.7411086150848));
#8504=CARTESIAN_POINT('Ctrl Pts',(9.46924740806593E-16,84.1822817196935,
13.8466849751264));
#8505=CARTESIAN_POINT('Ctrl Pts',(2.22044604925031E-15,150.,7.5));
#8506=CARTESIAN_POINT('Ctrl Pts',(-10.9097776901054,-48.0000000000006,13.1832709198754));
#8507=CARTESIAN_POINT('Ctrl Pts',(-10.2587491140142,18.1822817196932,15.7411086150848));
#8508=CARTESIAN_POINT('Ctrl Pts',(-7.58522533101518,84.1822817196936,13.8466849751264));
#8509=CARTESIAN_POINT('Ctrl Pts',(-2.88920634110828,150.,7.5));
#8510=CARTESIAN_POINT('Ctrl Pts',(-21.8195553802109,-48.0000000000006,13.1832709198754));
#8511=CARTESIAN_POINT('Ctrl Pts',(-20.5174982280284,18.1822817196933,15.7411086150848));
#8512=CARTESIAN_POINT('Ctrl Pts',(-15.1704506620303,84.1822817196934,13.8466849751264));
#8513=CARTESIAN_POINT('Ctrl Pts',(-5.77841268221657,150.,7.5));
#8514=CARTESIAN_POINT('Ctrl Pts',(-32.7293330703163,-48.0000000000006,13.1832709198754));
#8515=CARTESIAN_POINT('Ctrl Pts',(-30.7762473420427,18.1822817196933,15.7411086150848));
#8516=CARTESIAN_POINT('Ctrl Pts',(-22.7556759930455,84.1822817196935,13.8466849751264));
#8517=CARTESIAN_POINT('Ctrl Pts',(-8.66761902332485,150.,7.5));
#8518=CARTESIAN_POINT('',(-2.22044604925031E-15,150.,7.5));
#8519=CARTESIAN_POINT('',(2.22044604925031E-15,150.,7.5));
#8520=CARTESIAN_POINT('',(-1.85905035764345E-15,130.600001981854,9.24133164502298));
#8521=CARTESIAN_POINT('Ctrl Pts',(-1.85905035764382E-15,130.600001981849,
9.24133164502344));
#8522=CARTESIAN_POINT('Ctrl Pts',(-1.97488992409837E-15,137.068426648695,
8.70384334591859));
#8523=CARTESIAN_POINT('Ctrl Pts',(-2.09535515463387E-15,143.535092654745,
8.12339946424411));
#8524=CARTESIAN_POINT('Ctrl Pts',(-2.22044604925031E-15,150.,7.5));
#8525=CARTESIAN_POINT('',(-6.11538645551318,130.600001981854,9.24133164502299));
#8526=CARTESIAN_POINT('Ctrl Pts',(1.85905035764392E-15,130.600001981854,
9.24133164502298));
#8527=CARTESIAN_POINT('Ctrl Pts',(-2.03846215183772,130.600001981854,9.24133164502297));
#8528=CARTESIAN_POINT('Ctrl Pts',(-4.07692430367545,130.600001981854,9.241331645023));
#8529=CARTESIAN_POINT('Ctrl Pts',(-6.11538645551318,130.600001981854,9.24133164502299));
#8530=CARTESIAN_POINT('',(-24.2854670656481,-20.7145304484766,13.9857638904305));
#8531=CARTESIAN_POINT('Ctrl Pts',(-6.11538645551317,130.600001981854,9.24133164502299));
#8532=CARTESIAN_POINT('Ctrl Pts',(-7.69983956561482,122.108382073847,9.94693564848205));
#8533=CARTESIAN_POINT('Ctrl Pts',(-9.19284760279928,113.595192406556,10.5800508794831));
#8534=CARTESIAN_POINT('Ctrl Pts',(-10.5931479691313,105.060444163072,11.1397030478823));
#8535=CARTESIAN_POINT('Ctrl Pts',(-12.595210481737,92.8579910868328,11.9398589668482));
#8536=CARTESIAN_POINT('Ctrl Pts',(-14.4065164126445,80.6190758068221,12.5893466698834));
#8537=CARTESIAN_POINT('Ctrl Pts',(-16.0241207877269,68.3436869612799,13.0858915840898));
#8538=CARTESIAN_POINT('Ctrl Pts',(-19.3869205854628,42.8246689845779,14.1181471607815));
#8539=CARTESIAN_POINT('Ctrl Pts',(-21.9030895241203,17.2201315336697,14.4865146624229));
#8540=CARTESIAN_POINT('Ctrl Pts',(-23.5607983015313,-8.47039708226891,14.1818385197552));
#8541=CARTESIAN_POINT('Ctrl Pts',(-23.8240136238168,-12.5496062060146,14.1334612473551));
#8542=CARTESIAN_POINT('Ctrl Pts',(-24.0655856241991,-16.6309833561479,14.068115254814));
#8543=CARTESIAN_POINT('Ctrl Pts',(-24.2854670656481,-20.7145304484766,13.9857638904305));
#8544=CARTESIAN_POINT('',(-10.,-35.0000007450581,13.6285082721214));
#8545=CARTESIAN_POINT('Ctrl Pts',(-24.2854670656481,-20.7145304484766,13.9857638904305));
#8546=CARTESIAN_POINT('Ctrl Pts',(-19.5233569113687,-25.4766416797989,13.8897281772677));
#8547=CARTESIAN_POINT('Ctrl Pts',(-14.7615339074896,-30.2384657606559,13.7706310194434));
#8548=CARTESIAN_POINT('Ctrl Pts',(-10.,-35.0000007450581,13.6285082721214));
#8549=CARTESIAN_POINT('',(9.38117250795876E-17,-35.000000745058,13.6285082721214));
#8550=CARTESIAN_POINT('Ctrl Pts',(-10.,-35.0000007450581,13.6285082721214));
#8551=CARTESIAN_POINT('Ctrl Pts',(-6.66666666666667,-35.0000007450581,13.6285082721214));
#8552=CARTESIAN_POINT('Ctrl Pts',(-3.33333333333333,-35.000000745058,13.6285082721214));
#8553=CARTESIAN_POINT('Ctrl Pts',(-9.38117250795882E-17,-35.000000745058,
13.6285082721214));
#8554=CARTESIAN_POINT('Ctrl Pts',(1.61795024539822E-16,-48.0000000000002,
13.1832709198755));
#8555=CARTESIAN_POINT('Ctrl Pts',(1.41190063762611E-16,-43.6658851789156,
13.3507774182414));
#8556=CARTESIAN_POINT('Ctrl Pts',(1.18528963945619E-16,-39.3325520944758,
13.4991898689739));
#8557=CARTESIAN_POINT('Ctrl Pts',(9.38117250888469E-17,-35.000000746681,
13.6285082720729));
#8558=CARTESIAN_POINT('',(-22.5800306951336,-43.5308314950131,13.349239376815));
#8559=CARTESIAN_POINT('',(-23.0000002980232,-42.0000006258489,13.4029807126707));
#8560=CARTESIAN_POINT('Ctrl Pts',(-22.5800306936323,-43.5308314941235,13.3492393768466));
#8561=CARTESIAN_POINT('Ctrl Pts',(-22.4361573424385,-43.7733126374627,13.3406012116083));
#8562=CARTESIAN_POINT('Ctrl Pts',(-22.2588041257081,-43.9943244473739,13.3326677768744));
#8563=CARTESIAN_POINT('Ctrl Pts',(-22.0531981107379,-44.1873229024837,13.3257066331043));
#8564=CARTESIAN_POINT('Ctrl Pts',(-21.8903428299178,-44.3401920566732,13.3201928886563));
#8565=CARTESIAN_POINT('Ctrl Pts',(-21.7109122385619,-44.4744065168064,13.3153284246123));
#8566=CARTESIAN_POINT('Ctrl Pts',(-21.5182392200532,-44.5874608817046,13.3112201197385));
#8567=CARTESIAN_POINT('Ctrl Pts',(-21.2213265329176,-44.7616797502006,13.3048891458996));
#8568=CARTESIAN_POINT('Ctrl Pts',(-20.8968757843015,-44.8833555441397,13.300439307394));
#8569=CARTESIAN_POINT('Ctrl Pts',(-20.5592096129898,-44.9474206554025,13.2980956259921));
#8570=CARTESIAN_POINT('Ctrl Pts',(-20.5187829024221,-44.9550907803086,13.2978150313168));
#8571=CARTESIAN_POINT('Ctrl Pts',(-20.4781668103416,-44.9619351261184,13.2975645868924));
#8572=CARTESIAN_POINT('Ctrl Pts',(-20.4373859467635,-44.9679449976785,13.2973446454635));
#8573=CARTESIAN_POINT('Ctrl Pts',(-20.1125275840637,-45.0158193402932,13.2955926028088));
#8574=CARTESIAN_POINT('Ctrl Pts',(-19.7823580852209,-45.009981707086,13.2958068196862));
#8575=CARTESIAN_POINT('Ctrl Pts',(-19.4600546292829,-44.9510103427026,13.2979643008053));
#8576=CARTESIAN_POINT('Ctrl Pts',(-19.408302265843,-44.9415412928805,13.2983107282014));
#8577=CARTESIAN_POINT('Ctrl Pts',(-19.3567526292949,-44.9307023084937,13.2987071858393));
#8578=CARTESIAN_POINT('Ctrl Pts',(-19.3054601658018,-44.9184957868408,13.2991534956852));
#8579=CARTESIAN_POINT('Ctrl Pts',(-19.0289925345815,-44.8527023369461,13.3015591166575));
#8580=CARTESIAN_POINT('Ctrl Pts',(-18.7636380597189,-44.7480452355455,13.3053825281854));
#8581=CARTESIAN_POINT('Ctrl Pts',(-18.5172387713202,-44.607953769102,13.3104752825521));
#8582=CARTESIAN_POINT('Ctrl Pts',(-18.4557071506937,-44.5729696787573,13.3117470615076));
#8583=CARTESIAN_POINT('Ctrl Pts',(-18.3953573642476,-44.5357758445795,13.3130979325278));
#8584=CARTESIAN_POINT('Ctrl Pts',(-18.3363110340617,-44.4964256763919,13.3145254616826));
#8585=CARTESIAN_POINT('Ctrl Pts',(-18.1057341026851,-44.3427625951931,13.3200999874989));
#8586=CARTESIAN_POINT('Ctrl Pts',(-17.8977712141194,-44.1580388367451,13.3267775463791));
#8587=CARTESIAN_POINT('Ctrl Pts',(-17.7182157440196,-43.9476815053944,13.33433067918));
#8588=CARTESIAN_POINT('Ctrl Pts',(-17.6860866713187,-43.9100408476726,13.335682212234));
#8589=CARTESIAN_POINT('Ctrl Pts',(-17.6548670229482,-43.8715794450781,13.3370617766079));
#8590=CARTESIAN_POINT('Ctrl Pts',(-17.6245898153525,-43.8323283909387,13.338468068467));
#8591=CARTESIAN_POINT('Ctrl Pts',(-17.4487490882549,-43.6043703179421,13.3466353798754));
#8592=CARTESIAN_POINT('Ctrl Pts',(-17.306647106557,-43.3522989794435,13.3556130271592));
#8593=CARTESIAN_POINT('Ctrl Pts',(-17.2026454685827,-43.0838852867861,13.3650938168989));
#8594=CARTESIAN_POINT('Ctrl Pts',(-17.1182160989199,-42.8659848832794,13.3727903985799));
#8595=CARTESIAN_POINT('Ctrl Pts',(-17.0595374937018,-42.6389698123128,13.380760071222));
#8596=CARTESIAN_POINT('Ctrl Pts',(-17.0277999012675,-42.4074620369781,13.3888312897966));
#8597=CARTESIAN_POINT('Ctrl Pts',(-17.0188242482708,-42.3419897280197,13.3911138970024));
#8598=CARTESIAN_POINT('Ctrl Pts',(-17.0120144190441,-42.2762388255335,13.3934018599017));
#8599=CARTESIAN_POINT('Ctrl Pts',(-17.007381538541,-42.2103169599695,13.3956913432194));
#8600=CARTESIAN_POINT('Ctrl Pts',(-17.0045986626366,-42.1707190529802,13.3970665886967));
#8601=CARTESIAN_POINT('Ctrl Pts',(-17.0026019908267,-42.1310698003197,13.3984420247219));
#8602=CARTESIAN_POINT('Ctrl Pts',(-17.0013927041255,-42.0913926266972,13.3998168291042));
#8603=CARTESIAN_POINT('Ctrl Pts',(-17.000316741654,-42.0560898736343,13.4010400608817));
#8604=CARTESIAN_POINT('Ctrl Pts',(-16.9998642934653,-42.0207708342554,13.4022625911453));
#8605=CARTESIAN_POINT('Ctrl Pts',(-17.0000355751797,-41.9854520281599,13.4034838463492));
#8606=CARTESIAN_POINT('Ctrl Pts',(-17.0002501603479,-41.9412039192783,13.4050138593709));
#8607=CARTESIAN_POINT('Ctrl Pts',(-17.001443678841,-41.8969658685957,13.4065415356282));
#8608=CARTESIAN_POINT('Ctrl Pts',(-17.0036152683677,-41.8527703502385,13.408065760751));
#8609=CARTESIAN_POINT('Ctrl Pts',(-17.0069646383355,-41.7846050086418,13.4104166626077));
#8610=CARTESIAN_POINT('Ctrl Pts',(-17.0126391123374,-41.7165734108132,13.4127582284319));
#8611=CARTESIAN_POINT('Ctrl Pts',(-17.0206288647136,-41.648794329808,13.4150864500725));
#8612=CARTESIAN_POINT('Ctrl Pts',(-17.054766172274,-41.3591989549472,13.425034094814));
#8613=CARTESIAN_POINT('Ctrl Pts',(-17.1309465759123,-41.0761075277267,13.4346715652232));
#8614=CARTESIAN_POINT('Ctrl Pts',(-17.2467753222517,-40.8084670624274,13.4437128034381));
#8615=CARTESIAN_POINT('Ctrl Pts',(-17.3532063450954,-40.5625415096057,13.4520204840561));
#8616=CARTESIAN_POINT('Ctrl Pts',(-17.4920181872699,-40.3321960681034,13.459739811722));
#8617=CARTESIAN_POINT('Ctrl Pts',(-17.6593416507352,-40.123484157997,13.4666935806427));
#8618=CARTESIAN_POINT('Ctrl Pts',(-17.6944319671764,-40.0797140445951,13.4681518934629));
#8619=CARTESIAN_POINT('Ctrl Pts',(-17.7307764219784,-40.0368953853331,13.4695765599201));
#8620=CARTESIAN_POINT('Ctrl Pts',(-17.76833962227,-39.9950840120474,13.4709659776519));
#8621=CARTESIAN_POINT('Ctrl Pts',(-17.9498877968603,-39.7930038261689,13.4776812269117));
#8622=CARTESIAN_POINT('Ctrl Pts',(-18.1577052610667,-39.6168998207321,13.4834920343416));
#8623=CARTESIAN_POINT('Ctrl Pts',(-18.3858276067551,-39.4712785906423,13.4882794746306));
#8624=CARTESIAN_POINT('Ctrl Pts',(-18.4826741404159,-39.4094568900148,13.4903119234716));
#8625=CARTESIAN_POINT('Ctrl Pts',(-18.5831809357046,-39.3531291701724,13.4921598896445));
#8626=CARTESIAN_POINT('Ctrl Pts',(-18.6868944052098,-39.3026402662749,13.4938139969471));
#8627=CARTESIAN_POINT('Ctrl Pts',(-18.9898772617619,-39.1551447442369,13.498646215539));
#8628=CARTESIAN_POINT('Ctrl Pts',(-19.3151882681153,-39.0599273888007,13.5017462879322));
#8629=CARTESIAN_POINT('Ctrl Pts',(-19.6490428977113,-39.0206000854379,13.5030272110745));
#8630=CARTESIAN_POINT('Ctrl Pts',(-19.7081475010106,-39.0136376998424,13.5032539817929));
#8631=CARTESIAN_POINT('Ctrl Pts',(-19.7675199810699,-39.0084270281819,13.5034236515615));
#8632=CARTESIAN_POINT('Ctrl Pts',(-19.827083947875,-39.0049881164218,13.5035356234405));
#8633=CARTESIAN_POINT('Ctrl Pts',(-20.128590472608,-38.9875807073915,13.5041024132954));
#8634=CARTESIAN_POINT('Ctrl Pts',(-20.4305807686626,-39.0158258140984,13.503184488317));
#8635=CARTESIAN_POINT('Ctrl Pts',(-20.722884493814,-39.0883969744971,13.500817453651));
#8636=CARTESIAN_POINT('Ctrl Pts',(-20.7931802713401,-39.1058495271238,13.5002482082806));
#8637=CARTESIAN_POINT('Ctrl Pts',(-20.8629156248341,-39.1258656758907,13.4995950438047));
#8638=CARTESIAN_POINT('Ctrl Pts',(-20.9319486558916,-39.1484269799006,13.4988582506137));
#8639=CARTESIAN_POINT('Ctrl Pts',(-21.1826780321872,-39.2303700960603,13.4961822027216));
#8640=CARTESIAN_POINT('Ctrl Pts',(-21.4211389259198,-39.3449052820161,13.4924357242224));
#8641=CARTESIAN_POINT('Ctrl Pts',(-21.6413071263347,-39.4888045049198,13.4877031890847));
#8642=CARTESIAN_POINT('Ctrl Pts',(-21.711923779695,-39.5349586794257,13.4861852778118));
#8643=CARTESIAN_POINT('Ctrl Pts',(-21.7806582006151,-39.5841336487513,13.4845658612054));
#8644=CARTESIAN_POINT('Ctrl Pts',(-21.8473104783424,-39.6362229083615,13.4828475587422));
#8645=CARTESIAN_POINT('Ctrl Pts',(-22.0588359631209,-39.8015316759912,13.4773944103439));
#8646=CARTESIAN_POINT('Ctrl Pts',(-22.2470229827829,-39.9943363158129,13.471006471765));
#8647=CARTESIAN_POINT('Ctrl Pts',(-22.4069744792915,-40.2093379392398,13.4638306481158));
#8648=CARTESIAN_POINT('Ctrl Pts',(-22.4366022516904,-40.2491626317456,13.4625014722438));
#8649=CARTESIAN_POINT('Ctrl Pts',(-22.4652611174832,-40.2897489037972,13.4611452671583));
#8650=CARTESIAN_POINT('Ctrl Pts',(-22.4929197641992,-40.3310630793644,13.4597629741026));
#8651=CARTESIAN_POINT('Ctrl Pts',(-22.646038590649,-40.5597791891428,13.4521105718475));
#8652=CARTESIAN_POINT('Ctrl Pts',(-22.7669453603628,-40.8084673645671,13.4437359660523));
#8653=CARTESIAN_POINT('Ctrl Pts',(-22.8522475916572,-41.0701160222783,13.4348507929198));
#8654=CARTESIAN_POINT('Ctrl Pts',(-22.9092225497869,-41.2448760618642,13.4289162193509));
#8655=CARTESIAN_POINT('Ctrl Pts',(-22.9500139018412,-41.4244981431233,13.4227852680163));
#8656=CARTESIAN_POINT('Ctrl Pts',(-22.9741095688997,-41.6067144134141,13.4165313022053));
#8657=CARTESIAN_POINT('Ctrl Pts',(-22.9820218715692,-41.6665488341983,13.4144776852516));
#8658=CARTESIAN_POINT('Ctrl Pts',(-22.9881266664621,-41.7266080732027,13.4124127135479));
#8659=CARTESIAN_POINT('Ctrl Pts',(-22.9924156780459,-41.786810116199,13.4103391397863));
#8660=CARTESIAN_POINT('Ctrl Pts',(-22.9951495678725,-41.8251839348918,13.4090174081703));
#8661=CARTESIAN_POINT('Ctrl Pts',(-22.9971450570233,-41.8636066986461,13.407692494942));
#8662=CARTESIAN_POINT('Ctrl Pts',(-22.9984010489136,-41.902057085684,13.4063651263857));
#8663=CARTESIAN_POINT('Ctrl Pts',(-22.9994671521042,-41.9346943030207,13.4052384376995));
#8664=CARTESIAN_POINT('Ctrl Pts',(-23.0000002980938,-41.9673465015334,13.404110149977));
#8665=CARTESIAN_POINT('Ctrl Pts',(-23.0000002980328,-42.0000006258485,13.4029807126708));
#8666=CARTESIAN_POINT('Ctrl Pts',(-23.0000002980328,-42.0000006258485,13.4029807126708));
#8667=CARTESIAN_POINT('Ctrl Pts',(-23.000000298027,-42.0031003615892,13.4028734993475));
#8668=CARTESIAN_POINT('Ctrl Pts',(-22.9999954938424,-42.0062001146832,13.402766275668));
#8669=CARTESIAN_POINT('Ctrl Pts',(-22.9999858853193,-42.0092998739631,13.4026590420182));
#8670=CARTESIAN_POINT('Ctrl Pts',(-22.9998427588879,-42.0554732017465,13.4010617133179));
#8671=CARTESIAN_POINT('Ctrl Pts',(-22.9986336584241,-42.1016370356259,13.3994625471461));
#8672=CARTESIAN_POINT('Ctrl Pts',(-22.9963595554562,-42.1477544765447,13.3978628296065));
#8673=CARTESIAN_POINT('Ctrl Pts',(-22.9915199419226,-42.245898929266,13.3944584038771));
#8674=CARTESIAN_POINT('Ctrl Pts',(-22.9818612187751,-42.3437466082121,13.391054469063));
#8675=CARTESIAN_POINT('Ctrl Pts',(-22.9674182512422,-42.4409435823794,13.387663619702));
#8676=CARTESIAN_POINT('Ctrl Pts',(-22.9268607886482,-42.7138835190672,13.3781417367643));
#8677=CARTESIAN_POINT('Ctrl Pts',(-22.8489215272372,-42.9794032005935,13.3688018667526));
#8678=CARTESIAN_POINT('Ctrl Pts',(-22.7362014624456,-43.2301269932367,13.3599210942214));
#8679=CARTESIAN_POINT('Ctrl Pts',(-22.6899412472148,-43.3330238167312,13.3562764330028));
#8680=CARTESIAN_POINT('Ctrl Pts',(-22.6378235621491,-43.4334285997131,13.3527092643811));
#8681=CARTESIAN_POINT('Ctrl Pts',(-22.5800306936323,-43.5308314941235,13.3492393768466));
#8682=CARTESIAN_POINT('Ctrl Pts',(32.7293330703163,-48.,13.1832709198755));
#8683=CARTESIAN_POINT('Ctrl Pts',(30.7762473420426,18.1822817196937,15.7411086150848));
#8684=CARTESIAN_POINT('Ctrl Pts',(22.7556759930455,84.1822817196937,13.8466849751263));
#8685=CARTESIAN_POINT('Ctrl Pts',(8.66761902332485,150.,7.5));
#8686=CARTESIAN_POINT('Ctrl Pts',(33.4072828696911,-48.,12.6821842193148));
#8687=CARTESIAN_POINT('Ctrl Pts',(31.6313860897063,18.1822817196937,15.0683548709674));
#8688=CARTESIAN_POINT('Ctrl Pts',(23.8884293605482,84.1822817196938,12.8373622448986));
#8689=CARTESIAN_POINT('Ctrl Pts',(10.1784126822166,150.,5.98920634110828));
#8690=CARTESIAN_POINT('Ctrl Pts',(34.0852326690659,-48.,12.1810975187541));
#8691=CARTESIAN_POINT('Ctrl Pts',(32.48652483737,18.1822817196938,14.3956011268501));
#8692=CARTESIAN_POINT('Ctrl Pts',(25.0211827280508,84.1822817196936,11.8280395146709));
#8693=CARTESIAN_POINT('Ctrl Pts',(11.6892063411083,150.,4.47841268221657));
#8694=CARTESIAN_POINT('Ctrl Pts',(34.7631824684407,-48.,11.6800108181934));
#8695=CARTESIAN_POINT('Ctrl Pts',(33.3416635850338,18.1822817196937,13.7228473827327));
#8696=CARTESIAN_POINT('Ctrl Pts',(26.1539360955535,84.1822817196937,10.8187167844432));
#8697=CARTESIAN_POINT('Ctrl Pts',(13.2,150.,2.96761902332486));
#8698=CARTESIAN_POINT('',(8.66761902332485,150.,7.5));
#8699=CARTESIAN_POINT('Ctrl Pts',(32.7293330703163,-48.,13.1832709198755));
#8700=CARTESIAN_POINT('Ctrl Pts',(32.45379276695,-38.6630386375103,13.5441293114438));
#8701=CARTESIAN_POINT('Ctrl Pts',(32.0574887645412,-29.3297053041769,13.8163724871636));
#8702=CARTESIAN_POINT('Ctrl Pts',(28.3924077004736,36.801143997968,15.1179648253985));
#8703=CARTESIAN_POINT('Ctrl Pts',(20.7681403538852,93.4678106646347,12.9512980097202));
#8704=CARTESIAN_POINT('Ctrl Pts',(8.66761902332485,150.,7.5));
#8705=CARTESIAN_POINT('',(8.66761902332485,150.,7.5));
#8706=CARTESIAN_POINT('Ctrl Pts',(1.61795024539822E-16,-48.0000000000003,
13.1832709198755));
#8707=CARTESIAN_POINT('Ctrl Pts',(-1.52844382876549E-16,18.1822817196935,
15.7411086150848));
#8708=CARTESIAN_POINT('Ctrl Pts',(-9.46924740806595E-16,84.1822817196936,
13.8466849751264));
#8709=CARTESIAN_POINT('Ctrl Pts',(-2.22044604925031E-15,150.,7.5));
#8710=CARTESIAN_POINT('Ctrl Pts',(10.9097776901054,-48.0000000000003,13.1832709198755));
#8711=CARTESIAN_POINT('Ctrl Pts',(10.2587491140142,18.1822817196935,15.7411086150848));
#8712=CARTESIAN_POINT('Ctrl Pts',(7.58522533101517,84.1822817196937,13.8466849751263));
#8713=CARTESIAN_POINT('Ctrl Pts',(2.88920634110828,150.,7.5));
#8714=CARTESIAN_POINT('Ctrl Pts',(21.8195553802109,-48.0000000000003,13.1832709198755));
#8715=CARTESIAN_POINT('Ctrl Pts',(20.5174982280284,18.1822817196935,15.7411086150848));
#8716=CARTESIAN_POINT('Ctrl Pts',(15.1704506620303,84.1822817196935,13.8466849751264));
#8717=CARTESIAN_POINT('Ctrl Pts',(5.77841268221657,150.,7.5));
#8718=CARTESIAN_POINT('Ctrl Pts',(32.7293330703163,-48.0000000000003,13.1832709198755));
#8719=CARTESIAN_POINT('Ctrl Pts',(30.7762473420426,18.1822817196935,15.7411086150848));
#8720=CARTESIAN_POINT('Ctrl Pts',(22.7556759930455,84.1822817196936,13.8466849751264));
#8721=CARTESIAN_POINT('Ctrl Pts',(8.66761902332485,150.,7.5));
#8722=CARTESIAN_POINT('',(10.,-35.0000007450581,13.6285082721214));
#8723=CARTESIAN_POINT('Ctrl Pts',(9.3811725079588E-17,-35.0000007450582,
13.6285082721214));
#8724=CARTESIAN_POINT('Ctrl Pts',(3.33333333333333,-35.0000007450582,13.6285082721214));
#8725=CARTESIAN_POINT('Ctrl Pts',(6.66666666666667,-35.0000007450581,13.6285082721214));
#8726=CARTESIAN_POINT('Ctrl Pts',(10.,-35.0000007450581,13.6285082721214));
#8727=CARTESIAN_POINT('',(24.2854670656481,-20.7145304484766,13.9857638904305));
#8728=CARTESIAN_POINT('Ctrl Pts',(10.,-35.0000007450581,13.6285082721214));
#8729=CARTESIAN_POINT('Ctrl Pts',(14.7615339075581,-30.2384657607204,13.770631019441));
#8730=CARTESIAN_POINT('Ctrl Pts',(19.5233569113032,-25.4766416797313,13.8897281772689));
#8731=CARTESIAN_POINT('Ctrl Pts',(24.2854670656481,-20.7145304484766,13.9857638904305));
#8732=CARTESIAN_POINT('',(6.11538645551318,130.600001981854,9.24133164502299));
#8733=CARTESIAN_POINT('Ctrl Pts',(24.2854670656481,-20.7145304484766,13.9857638904305));
#8734=CARTESIAN_POINT('Ctrl Pts',(22.9671153446311,3.76935187260421,14.4795211727536));
#8735=CARTESIAN_POINT('Ctrl Pts',(20.8685563543266,28.1836309870822,14.362121738883));
#8736=CARTESIAN_POINT('Ctrl Pts',(17.9983745740899,52.5287164747303,13.6402152281376));
#8737=CARTESIAN_POINT('Ctrl Pts',(16.2146691737203,67.6582322272812,13.1915786467737));
#8738=CARTESIAN_POINT('Ctrl Pts',(14.1357840056313,82.7370155575753,12.5101841375055));
#8739=CARTESIAN_POINT('Ctrl Pts',(11.7666610669111,97.7651111922475,11.5998500900743));
#8740=CARTESIAN_POINT('Ctrl Pts',(10.0357287813984,108.744961793786,10.9347404127558));
#8741=CARTESIAN_POINT('Ctrl Pts',(8.15109868328555,119.689931895138,10.1478947289344));
#8742=CARTESIAN_POINT('Ctrl Pts',(6.11538645551318,130.600001981854,9.24133164502299));
#8743=CARTESIAN_POINT('Ctrl Pts',(6.11538645551318,130.600001981854,9.24133164502299));
#8744=CARTESIAN_POINT('Ctrl Pts',(4.07692430367545,130.600001981854,9.24133164502299));
#8745=CARTESIAN_POINT('Ctrl Pts',(2.03846215183772,130.600001981854,9.24133164502298));
#8746=CARTESIAN_POINT('Ctrl Pts',(-1.85905035764392E-15,130.600001981854,
9.24133164502298));
#8747=CARTESIAN_POINT('',(-2.22044604925031E-15,150.,7.5));
#8748=CARTESIAN_POINT('',(17.4388146541837,-43.5621555790434,13.3481231533989));
#8749=CARTESIAN_POINT('',(17.0000002980232,-42.0000006258492,13.4029807126707));
#8750=CARTESIAN_POINT('Ctrl Pts',(17.4388146568364,-43.5621555774275,13.3481231534565));
#8751=CARTESIAN_POINT('Ctrl Pts',(17.557647739349,-43.7569848959414,13.3411784095763));
#8752=CARTESIAN_POINT('Ctrl Pts',(17.6983325005071,-43.9376328740016,13.3347004388878));
#8753=CARTESIAN_POINT('Ctrl Pts',(17.8581447823807,-44.1005850564565,13.3288325817447));
#8754=CARTESIAN_POINT('Ctrl Pts',(17.9862395872866,-44.2311965950433,13.324129301076));
#8755=CARTESIAN_POINT('Ctrl Pts',(18.1260206567739,-44.3498251892026,13.3198402430498));
#8756=CARTESIAN_POINT('Ctrl Pts',(18.2757436740185,-44.4549831297733,13.3160283161016));
#8757=CARTESIAN_POINT('Ctrl Pts',(18.5060805190455,-44.6167601812004,13.310163972443));
#8758=CARTESIAN_POINT('Ctrl Pts',(18.7579397516948,-44.7452463624373,13.3054807308049));
#8759=CARTESIAN_POINT('Ctrl Pts',(19.0238609360765,-44.836750910272,13.3021400912134));
#8760=CARTESIAN_POINT('Ctrl Pts',(19.0514004213755,-44.8462273577981,13.3017941259413));
#8761=CARTESIAN_POINT('Ctrl Pts',(19.0790906793716,-44.8553071700007,13.3014625499683));
#8762=CARTESIAN_POINT('Ctrl Pts',(19.1069233931613,-44.8639862477499,13.3011455350285));
#8763=CARTESIAN_POINT('Ctrl Pts',(19.4096296762454,-44.9583791763707,13.297697706878));
#8764=CARTESIAN_POINT('Ctrl Pts',(19.7249296601636,-45.0040420148536,13.2960231794025));
#8765=CARTESIAN_POINT('Ctrl Pts',(20.0410265895505,-44.9997197775255,13.2961814519417));
#8766=CARTESIAN_POINT('Ctrl Pts',(20.1186924117729,-44.9986577927837,13.2962203399084));
#8767=CARTESIAN_POINT('Ctrl Pts',(20.1964061357586,-44.9945782275048,13.2963697344227));
#8768=CARTESIAN_POINT('Ctrl Pts',(20.2739924202573,-44.9874624778151,13.2966302413227));
#8769=CARTESIAN_POINT('Ctrl Pts',(20.6402524633512,-44.9538712985902,13.2978600111079));
#8770=CARTESIAN_POINT('Ctrl Pts',(20.9972078864486,-44.8532127499645,13.3015479665581));
#8771=CARTESIAN_POINT('Ctrl Pts',(21.3270260342132,-44.6905401062299,13.3074707080145));
#8772=CARTESIAN_POINT('Ctrl Pts',(21.5888335002051,-44.561411636705,13.3121721410404));
#8773=CARTESIAN_POINT('Ctrl Pts',(21.8301374898223,-44.394887685295,13.3182188529485));
#8774=CARTESIAN_POINT('Ctrl Pts',(22.0434442825816,-44.1964381636415,13.3253778321827));
#8775=CARTESIAN_POINT('Ctrl Pts',(22.0796575071458,-44.1627472670727,13.3265932164624));
#8776=CARTESIAN_POINT('Ctrl Pts',(22.1150639155528,-44.1281362104272,13.3278406430113));
#8777=CARTESIAN_POINT('Ctrl Pts',(22.149626995609,-44.0926317593804,13.3291189560804));
#8778=CARTESIAN_POINT('Ctrl Pts',(22.338875895333,-43.8982284167096,13.3361183132396));
#8779=CARTESIAN_POINT('Ctrl Pts',(22.500746743304,-43.6791882783768,13.3439659595185));
#8780=CARTESIAN_POINT('Ctrl Pts',(22.6309323228867,-43.4415962215989,13.352415605663));
#8781=CARTESIAN_POINT('Ctrl Pts',(22.6490635185515,-43.4085063196017,13.3535924041074));
#8782=CARTESIAN_POINT('Ctrl Pts',(22.6665802079632,-43.3750565718471,13.3547808881015));
#8783=CARTESIAN_POINT('Ctrl Pts',(22.683470836072,-43.3412634156945,13.355980401985));
#8784=CARTESIAN_POINT('Ctrl Pts',(22.8077188718098,-43.0926798078906,13.3648040669725));
#8785=CARTESIAN_POINT('Ctrl Pts',(22.8967221961307,-42.8282420203531,13.3741265755134));
#8786=CARTESIAN_POINT('Ctrl Pts',(22.9481035756043,-42.5555982822,13.3836592846149));
#8787=CARTESIAN_POINT('Ctrl Pts',(22.9565878757055,-42.5105782512297,13.3852333638946));
#8788=CARTESIAN_POINT('Ctrl Pts',(22.96404648862,-42.4653344759343,13.3868132072876));
#8789=CARTESIAN_POINT('Ctrl Pts',(22.9704688383665,-42.4199013889974,13.3883975555383));
#8790=CARTESIAN_POINT('Ctrl Pts',(22.9835880992058,-42.3270929089567,13.3916339843817));
#8791=CARTESIAN_POINT('Ctrl Pts',(22.9923506062232,-42.2337207406187,13.39488130551));
#8792=CARTESIAN_POINT('Ctrl Pts',(22.996727570774,-42.1400922129028,13.3981285976307));
#8793=CARTESIAN_POINT('Ctrl Pts',(22.9988647652887,-42.0943750558355,13.3997141930421));
#8794=CARTESIAN_POINT('Ctrl Pts',(22.9999555115426,-42.0486149337874,13.4012991553163));
#8795=CARTESIAN_POINT('Ctrl Pts',(22.9999989469731,-42.0028477821207,13.4028822327951));
#8796=CARTESIAN_POINT('Ctrl Pts',(23.0000327188463,-41.9672629513878,13.4041131056389));
#8797=CARTESIAN_POINT('Ctrl Pts',(22.9994333477275,-41.9316802789227,13.4053426176731));
#8798=CARTESIAN_POINT('Ctrl Pts',(22.9982011120857,-41.8961166590618,13.4065701874234));
#8799=CARTESIAN_POINT('Ctrl Pts',(22.9968496699835,-41.8571126150665,13.4079165122557));
#8800=CARTESIAN_POINT('Ctrl Pts',(22.9947372388224,-41.8181385539876,13.4092602568462));
#8801=CARTESIAN_POINT('Ctrl Pts',(22.9918650130469,-41.7792167337818,13.4106006635299));
#8802=CARTESIAN_POINT('Ctrl Pts',(22.9872420896327,-41.7165710338903,13.4127580835682));
#8803=CARTESIAN_POINT('Ctrl Pts',(22.9806527011315,-41.6540856044952,13.4149059953754));
#8804=CARTESIAN_POINT('Ctrl Pts',(22.9721065228061,-41.5918528723925,13.4170413002835));
#8805=CARTESIAN_POINT('Ctrl Pts',(22.9470334376004,-41.4092722456872,13.4233059345868));
#8806=CARTESIAN_POINT('Ctrl Pts',(22.9051886047398,-41.2293845074711,13.4294440574059));
#8807=CARTESIAN_POINT('Ctrl Pts',(22.8471001447289,-41.0544730149944,13.4353819217904));
#8808=CARTESIAN_POINT('Ctrl Pts',(22.7527823607584,-40.7704705752969,13.4450231863404));
#8809=CARTESIAN_POINT('Ctrl Pts',(22.6165751159014,-40.5024069527018,13.454040238959));
#8810=CARTESIAN_POINT('Ctrl Pts',(22.443202350893,-40.2590923031937,13.462169224811));
#8811=CARTESIAN_POINT('Ctrl Pts',(22.4154876398315,-40.2201969483908,13.4634686935834));
#8812=CARTESIAN_POINT('Ctrl Pts',(22.3868230957907,-40.1819340278166,13.4647454962938));
#8813=CARTESIAN_POINT('Ctrl Pts',(22.3572278847167,-40.1443395294923,13.4659985835839));
#8814=CARTESIAN_POINT('Ctrl Pts',(22.1941076002798,-39.9371294763316,13.4729052400253));
#8815=CARTESIAN_POINT('Ctrl Pts',(22.0046681751032,-39.7527075313542,13.4790087703161));
#8816=CARTESIAN_POINT('Ctrl Pts',(21.7940692598187,-39.5955663254855,13.4841881644553));
#8817=CARTESIAN_POINT('Ctrl Pts',(21.7027460022925,-39.5274242517614,13.4864341358752));
#8818=CARTESIAN_POINT('Ctrl Pts',(21.607443260563,-39.4644120520089,13.4885063227289));
#8819=CARTESIAN_POINT('Ctrl Pts',(21.5085786818453,-39.4068960656999,13.4903947098298));
#8820=CARTESIAN_POINT('Ctrl Pts',(21.2720687583515,-39.2693027871159,13.4949122255524));
#8821=CARTESIAN_POINT('Ctrl Pts',(21.0183226773968,-39.1649933083264,13.4983187353953));
#8822=CARTESIAN_POINT('Ctrl Pts',(20.7545650819308,-39.0964470791705,13.5005548635415));
#8823=CARTESIAN_POINT('Ctrl Pts',(20.637251069434,-39.0659591109678,13.5015494478485));
#8824=CARTESIAN_POINT('Ctrl Pts',(20.5179557725947,-39.0425461552649,13.5023123341534));
#8825=CARTESIAN_POINT('Ctrl Pts',(20.3973117790009,-39.0264264150574,13.5028374311567));
#8826=CARTESIAN_POINT('Ctrl Pts',(20.045955877844,-38.9794803079341,13.5043666903041));
#8827=CARTESIAN_POINT('Ctrl Pts',(19.6892711102519,-38.9952081069709,13.5038560606696));
#8828=CARTESIAN_POINT('Ctrl Pts',(19.3438200023748,-39.0726422134749,13.5013312385641));
#8829=CARTESIAN_POINT('Ctrl Pts',(19.3159655379292,-39.0788858917186,13.5011276567374));
#8830=CARTESIAN_POINT('Ctrl Pts',(19.288184100121,-39.085530757212,13.5009109543387));
#8831=CARTESIAN_POINT('Ctrl Pts',(19.2604843696321,-39.0925763032471,13.5006811316588));
#8832=CARTESIAN_POINT('Ctrl Pts',(18.9741469873778,-39.1654074525998,13.4983054109073));
#8833=CARTESIAN_POINT('Ctrl Pts',(18.7004772841545,-39.2800533009719,13.4945616834395));
#8834=CARTESIAN_POINT('Ctrl Pts',(18.4482132807142,-39.4325204462652,13.489553177977));
#8835=CARTESIAN_POINT('Ctrl Pts',(18.3960019233116,-39.4640767385087,13.4885165621095));
#8836=CARTESIAN_POINT('Ctrl Pts',(18.3447076916105,-39.4972531850848,13.4874257151059));
#8837=CARTESIAN_POINT('Ctrl Pts',(18.2944083458533,-39.5320143834452,13.4862814772929));
#8838=CARTESIAN_POINT('Ctrl Pts',(18.0754306975919,-39.6833468779959,13.4813000505654));
#8839=CARTESIAN_POINT('Ctrl Pts',(17.8778108281852,-39.8629836479286,13.4753638024767));
#8840=CARTESIAN_POINT('Ctrl Pts',(17.706589454038,-40.0660247112724,13.4686068708462));
#8841=CARTESIAN_POINT('Ctrl Pts',(17.6666599865791,-40.1133746497481,13.4670311290149));
#8842=CARTESIAN_POINT('Ctrl Pts',(17.6281663981288,-40.1619974072397,13.4654107521831));
#8843=CARTESIAN_POINT('Ctrl Pts',(17.5911730284334,-40.2118308393841,13.4637474437947));
#8844=CARTESIAN_POINT('Ctrl Pts',(17.4292436752048,-40.4299643996067,13.4564667214985));
#8845=CARTESIAN_POINT('Ctrl Pts',(17.2977557627001,-40.6690007711117,13.4484392942842));
#8846=CARTESIAN_POINT('Ctrl Pts',(17.2002418719339,-40.9223400095444,13.439861639996));
#8847=CARTESIAN_POINT('Ctrl Pts',(17.1935139697072,-40.9398189719052,13.4392698307785));
#8848=CARTESIAN_POINT('Ctrl Pts',(17.1869478110832,-40.9573660188054,13.438675406069));
#8849=CARTESIAN_POINT('Ctrl Pts',(17.1805445649357,-40.9749789825701,13.4380784321388));
#8850=CARTESIAN_POINT('Ctrl Pts',(17.0961675528922,-41.2070689602857,13.4302119726359));
#8851=CARTESIAN_POINT('Ctrl Pts',(17.0407732761396,-41.448682780807,13.4219671822251));
#8852=CARTESIAN_POINT('Ctrl Pts',(17.015613274586,-41.6943307150235,13.4135215665483));
#8853=CARTESIAN_POINT('Ctrl Pts',(17.0087404655015,-41.7614329109543,13.4112145275752));
#8854=CARTESIAN_POINT('Ctrl Pts',(17.0041327761925,-41.8287474801407,13.4088956097558));
#8855=CARTESIAN_POINT('Ctrl Pts',(17.0017979956037,-41.8961596234956,13.4065687043949));
#8856=CARTESIAN_POINT('Ctrl Pts',(17.0005996045647,-41.9307607799849,13.4053743555354));
#8857=CARTESIAN_POINT('Ctrl Pts',(17.000000298095,-41.9653796340188,13.404178179777));
#8858=CARTESIAN_POINT('Ctrl Pts',(17.0000002980386,-42.0000006258477,13.4029807126708));
#8859=CARTESIAN_POINT('Ctrl Pts',(17.0000002980386,-42.0000006258477,13.4029807126708));
#8860=CARTESIAN_POINT('Ctrl Pts',(17.0000002980299,-42.0053845963607,13.4027944924833));
#8861=CARTESIAN_POINT('Ctrl Pts',(17.0000147915924,-42.0107686185735,13.4026082410746));
#8862=CARTESIAN_POINT('Ctrl Pts',(17.000043779566,-42.0161526339675,13.4024219604683));
#8863=CARTESIAN_POINT('Ctrl Pts',(17.0002337053784,-42.051428073067,13.401201471725));
#8864=CARTESIAN_POINT('Ctrl Pts',(17.001045803596,-42.0866973923088,13.3999799308424));
#8865=CARTESIAN_POINT('Ctrl Pts',(17.0024796925232,-42.1219441357328,13.3987579108601));
#8866=CARTESIAN_POINT('Ctrl Pts',(17.0042591106705,-42.1656844099575,13.3972414164568));
#8867=CARTESIAN_POINT('Ctrl Pts',(17.0069957129384,-42.2093805018348,13.3957245103425));
#8868=CARTESIAN_POINT('Ctrl Pts',(17.0106875337698,-42.2530010161089,13.3942082983545));
#8869=CARTESIAN_POINT('Ctrl Pts',(17.0178167964488,-42.3372364431925,13.3912803465299));
#8870=CARTESIAN_POINT('Ctrl Pts',(17.0285033869743,-42.4211331955429,13.3883569496293));
#8871=CARTESIAN_POINT('Ctrl Pts',(17.0427187628336,-42.5044666025278,13.3854461665907));
#8872=CARTESIAN_POINT('Ctrl Pts',(17.0956298411171,-42.8146420396201,13.374611935351));
#8873=CARTESIAN_POINT('Ctrl Pts',(17.1969449448315,-43.1141868458287,13.3640493700633));
#8874=CARTESIAN_POINT('Ctrl Pts',(17.3426130676984,-43.392227194723,13.3541705247499));
#8875=CARTESIAN_POINT('Ctrl Pts',(17.3727891629478,-43.4498250540644,13.3521240579508));
#8876=CARTESIAN_POINT('Ctrl Pts',(17.4048684556074,-43.5065000721444,13.3501070090315));
#8877=CARTESIAN_POINT('Ctrl Pts',(17.4388146568364,-43.5621555774275,13.3481231534565));
#8878=CARTESIAN_POINT('Origin',(-20.0000002980232,-42.0000006258488,16.));
#8879=CARTESIAN_POINT('',(-23.0000002980232,-42.0000006258488,16.));
#8880=CARTESIAN_POINT('Origin',(-20.0000002980232,-42.0000006258488,16.));
#8881=CARTESIAN_POINT('',(-23.0000002980232,-42.0000006258488,16.));
#8882=CARTESIAN_POINT('Origin',(-20.0000002980232,-42.0000006258488,16.));
#8883=CARTESIAN_POINT('Origin',(20.0000002980232,-42.0000006258488,16.));
#8884=CARTESIAN_POINT('',(17.0000002980232,-42.0000006258488,16.));
#8885=CARTESIAN_POINT('Origin',(20.0000002980232,-42.0000006258488,16.));
#8886=CARTESIAN_POINT('',(17.0000002980232,-42.0000006258488,16.));
#8887=CARTESIAN_POINT('Origin',(20.0000002980232,-42.0000006258488,16.));
#8888=CARTESIAN_POINT('Origin',(-20.0000002980232,-42.0000006258488,22.));
#8889=CARTESIAN_POINT('',(-23.0000002980232,-42.0000006258488,16.6));
#8890=CARTESIAN_POINT('',(-23.0000002980232,-42.0000006258488,22.));
#8891=CARTESIAN_POINT('Origin',(-20.0000002980232,-42.0000006258488,16.6));
#8892=CARTESIAN_POINT('Origin',(-20.0000002980232,-42.0000006258488,16.6));
#8893=CARTESIAN_POINT('Origin',(20.0000002980232,-42.0000006258488,22.));
#8894=CARTESIAN_POINT('',(17.0000002980232,-42.0000006258488,16.6));
#8895=CARTESIAN_POINT('',(17.0000002980232,-42.0000006258488,22.));
#8896=CARTESIAN_POINT('Origin',(20.0000002980232,-42.0000006258488,16.6));
#8897=CARTESIAN_POINT('Origin',(20.0000002980232,-42.0000006258488,16.6));
#8898=CARTESIAN_POINT('Origin',(-19.2000002980232,6.00000008940697,-33.344272415375));
#8899=CARTESIAN_POINT('',(-19.2000002980232,4.00504700606523,-35.4862660605329));
#8900=CARTESIAN_POINT('Ctrl Pts',(-19.2000002980232,4.00504700606543,-35.4862660605359));
#8901=CARTESIAN_POINT('Ctrl Pts',(-19.2000002980225,-11.7461351527786,-36.5975619579902));
#8902=CARTESIAN_POINT('Ctrl Pts',(-19.200000298016,-27.5104212436325,-37.4772628246097));
#8903=CARTESIAN_POINT('Ctrl Pts',(-19.200000298016,-45.525101115663,-38.2169946795617));
#8904=CARTESIAN_POINT('Ctrl Pts',(-19.2000002980161,-47.7624940023925,-38.3041954978857));
#8905=CARTESIAN_POINT('Ctrl Pts',(-19.2000002980163,-50.,-38.3867295220214));
#8906=CARTESIAN_POINT('',(-19.2000002980232,6.00000008940697,-33.344272415375));
#8907=CARTESIAN_POINT('Ctrl Pts',(-19.2000002980232,6.00000008940695,-33.344272415375));
#8908=CARTESIAN_POINT('Ctrl Pts',(-19.2000002980232,5.66750790884996,-33.7012713562341));
#8909=CARTESIAN_POINT('Ctrl Pts',(-19.2000002980232,5.33501572829298,-34.0582702970933));
#8910=CARTESIAN_POINT('Ctrl Pts',(-19.2000002980232,4.67003136717899,-34.7722681788117));
#8911=CARTESIAN_POINT('Ctrl Pts',(-19.2000002980232,4.337539186622,-35.1292671196708));
#8912=CARTESIAN_POINT('Ctrl Pts',(-19.2000002980232,4.00504700606501,-35.48626606053));
#8913=CARTESIAN_POINT('Ctrl Pts',(-19.2000002980159,-50.,-36.3867295220214));
#8914=CARTESIAN_POINT('Ctrl Pts',(-19.2000002980157,-47.7629589126506,-36.3042126468517));
#8915=CARTESIAN_POINT('Ctrl Pts',(-19.2000002980156,-45.5260308850546,-36.2170309164784));
#8916=CARTESIAN_POINT('Ctrl Pts',(-19.2000002980158,-26.8452357360726,-35.4499627659028));
#8917=CARTESIAN_POINT('Ctrl Pts',(-19.2000002980229,-10.4155008711688,-34.5229009056451));
#8918=CARTESIAN_POINT('Ctrl Pts',(-19.2000002980232,6.00000008940697,-33.344272415375));
#8919=CARTESIAN_POINT('Ctrl Pts',(-19.2000002980163,-50.,-38.3867295220218));
#8920=CARTESIAN_POINT('Ctrl Pts',(-18.8324196950176,-31.9848128381592,-37.7222102341992));
#8921=CARTESIAN_POINT('Ctrl Pts',(-18.1974750910908,-13.9831305028042,-36.7553890803686));
#8922=CARTESIAN_POINT('Ctrl Pts',(-17.2951664862359,4.00504700606505,-35.48626606053));
#8923=CARTESIAN_POINT('Ctrl Pts',(-20.2009121237518,-50.,-38.3867295220218));
#8924=CARTESIAN_POINT('Ctrl Pts',(-19.8141692412353,-31.9848128381592,-37.7222102341992));
#8925=CARTESIAN_POINT('Ctrl Pts',(-19.1461244522619,-13.9831305028042,-36.7553890803686));
#8926=CARTESIAN_POINT('Ctrl Pts',(-18.1967777568318,4.00504700606505,-35.48626606053));
#8927=CARTESIAN_POINT('Ctrl Pts',(-21.2018239494873,-50.,-38.3867295220218));
#8928=CARTESIAN_POINT('Ctrl Pts',(-20.7959187874529,-31.9848128381592,-37.7222102341992));
#8929=CARTESIAN_POINT('Ctrl Pts',(-20.0947738134331,-13.9831305028042,-36.7553890803686));
#8930=CARTESIAN_POINT('Ctrl Pts',(-19.0983890274278,4.00504700606505,-35.48626606053));
#8931=CARTESIAN_POINT('Ctrl Pts',(-22.2027357752228,-50.,-38.3867295220218));
#8932=CARTESIAN_POINT('Ctrl Pts',(-21.7776683336706,-31.9848128381592,-37.7222102341992));
#8933=CARTESIAN_POINT('Ctrl Pts',(-21.0434231746043,-13.9831305028042,-36.7553890803686));
#8934=CARTESIAN_POINT('Ctrl Pts',(-20.0000002980238,4.00504700606505,-35.48626606053));
#8935=CARTESIAN_POINT('',(-20.0000002980232,4.005047006065,-35.48626606053));
#8936=CARTESIAN_POINT('Ctrl Pts',(-20.0000002980232,-50.0000000000006,-38.3867295220218));
#8937=CARTESIAN_POINT('Ctrl Pts',(-20.0000002980233,-40.7413160914497,-38.0452080056583));
#8938=CARTESIAN_POINT('Ctrl Pts',(-20.0000002980234,-31.4861532497902,-37.6238372077535));
#8939=CARTESIAN_POINT('Ctrl Pts',(-20.0000002980234,-13.4834874513026,-36.6485140439161));
#8940=CARTESIAN_POINT('Ctrl Pts',(-20.0000002980233,-4.73696878175778,-36.1030430225456));
#8941=CARTESIAN_POINT('Ctrl Pts',(-20.0000002980232,4.00504700606499,-35.48626606053));
#8942=CARTESIAN_POINT('Ctrl Pts',(-19.2000002980231,4.00504700606502,-35.48626606053));
#8943=CARTESIAN_POINT('Ctrl Pts',(-19.46666696469,4.005047006065,-35.48626606053));
#8944=CARTESIAN_POINT('Ctrl Pts',(-19.7333336313569,4.005047006065,-35.48626606053));
#8945=CARTESIAN_POINT('Ctrl Pts',(-20.0000002980238,4.005047006065,-35.48626606053));
#8946=CARTESIAN_POINT('Origin',(20.0000002980232,6.00000008940697,-33.344272415375));
#8947=CARTESIAN_POINT('',(20.0000002980228,4.00504700606521,-35.4862660605328));
#8948=CARTESIAN_POINT('Ctrl Pts',(20.0000002980228,4.0050470060654,-35.4862660605356));
#8949=CARTESIAN_POINT('Ctrl Pts',(20.0000002980171,-11.4199598883108,-36.5745492577604));
#8950=CARTESIAN_POINT('Ctrl Pts',(20.0000002979618,-26.8576012279188,-37.4407346146855));
#8951=CARTESIAN_POINT('Ctrl Pts',(20.0000002979618,-44.8717681867006,-38.1914318920757));
#8952=CARTESIAN_POINT('Ctrl Pts',(20.0000002979631,-47.4358059627583,-38.2921450816736));
#8953=CARTESIAN_POINT('Ctrl Pts',(20.0000002979654,-50.,-38.3867295220215));
#8954=CARTESIAN_POINT('',(20.0000002980232,6.00000008940697,-33.344272415375));
#8955=CARTESIAN_POINT('Ctrl Pts',(20.0000002980232,6.00000008940695,-33.344272415375));
#8956=CARTESIAN_POINT('Ctrl Pts',(20.0000002980232,5.66750790884996,-33.7012713562341));
#8957=CARTESIAN_POINT('Ctrl Pts',(20.0000002980233,5.33501572829297,-34.0582702970933));
#8958=CARTESIAN_POINT('Ctrl Pts',(20.0000002980232,4.67003136717899,-34.7722681788117));
#8959=CARTESIAN_POINT('Ctrl Pts',(20.0000002980231,4.337539186622,-35.1292671196708));
#8960=CARTESIAN_POINT('Ctrl Pts',(20.0000002980231,4.00504700606501,-35.48626606053));
#8961=CARTESIAN_POINT('Ctrl Pts',(20.0000002979611,-50.,-36.3867295220214));
#8962=CARTESIAN_POINT('Ctrl Pts',(20.000000297959,-47.4362572602684,-36.2921617285115));
#8963=CARTESIAN_POINT('Ctrl Pts',(20.0000002979579,-44.8726707214733,-36.1914673426847));
#8964=CARTESIAN_POINT('Ctrl Pts',(20.0000002979593,-26.192405465934,-35.4130277524898));
#8965=CARTESIAN_POINT('Ctrl Pts',(20.0000002980208,-10.0893289664235,-34.499481851873));
#8966=CARTESIAN_POINT('Ctrl Pts',(20.0000002980232,6.00000008940697,-33.344272415375));
#8967=CARTESIAN_POINT('Ctrl Pts',(19.1999974114493,-50.,-38.3867295220218));
#8968=CARTESIAN_POINT('Ctrl Pts',(18.8324168637133,-31.9848128381592,-37.7222102341992));
#8969=CARTESIAN_POINT('Ctrl Pts',(18.1974723552454,-13.9831305028042,-36.7553890803686));
#8970=CARTESIAN_POINT('Ctrl Pts',(17.2951638860454,4.00504700606501,-35.48626606053));
#8971=CARTESIAN_POINT('Ctrl Pts',(20.2009101993736,-50.,-38.3867295220218));
#8972=CARTESIAN_POINT('Ctrl Pts',(19.8141673536989,-31.9848128381593,-37.7222102341992));
#8973=CARTESIAN_POINT('Ctrl Pts',(19.1461226283649,-13.9831305028042,-36.7553890803686));
#8974=CARTESIAN_POINT('Ctrl Pts',(18.1967760233714,4.00504700606501,-35.48626606053));
#8975=CARTESIAN_POINT('Ctrl Pts',(21.201822987298,-50.,-38.3867295220218));
#8976=CARTESIAN_POINT('Ctrl Pts',(20.7959178436845,-31.9848128381592,-37.7222102341992));
#8977=CARTESIAN_POINT('Ctrl Pts',(20.0947729014843,-13.9831305028042,-36.7553890803686));
#8978=CARTESIAN_POINT('Ctrl Pts',(19.0983881606974,4.00504700606501,-35.48626606053));
#8979=CARTESIAN_POINT('Ctrl Pts',(22.2027357752223,-50.,-38.3867295220218));
#8980=CARTESIAN_POINT('Ctrl Pts',(21.7776683336702,-31.9848128381592,-37.7222102341992));
#8981=CARTESIAN_POINT('Ctrl Pts',(21.0434231746038,-13.9831305028042,-36.7553890803686));
#8982=CARTESIAN_POINT('Ctrl Pts',(20.0000002980233,4.00504700606501,-35.48626606053));
#8983=CARTESIAN_POINT('',(19.2000002980232,4.00504700606501,-35.48626606053));
#8984=CARTESIAN_POINT('Ctrl Pts',(19.2000002980232,-50.0000000002062,-38.3867295220294));
#8985=CARTESIAN_POINT('Ctrl Pts',(19.2000002980232,-40.1531177384988,-38.0235113589864));
#8986=CARTESIAN_POINT('Ctrl Pts',(19.2000002980232,-30.3103757720863,-37.5699819098018));
#8987=CARTESIAN_POINT('Ctrl Pts',(19.2000002980232,-12.3088797114304,-36.5749378685396));
#8988=CARTESIAN_POINT('Ctrl Pts',(19.2000002980232,-4.14994014457981,-36.0616262888949));
#8989=CARTESIAN_POINT('Ctrl Pts',(19.2000002980232,4.00504700606501,-35.48626606053));
#8990=CARTESIAN_POINT('Ctrl Pts',(20.0000002980234,4.00504700606502,-35.48626606053));
#8991=CARTESIAN_POINT('Ctrl Pts',(19.7333336313566,4.005047006065,-35.48626606053));
#8992=CARTESIAN_POINT('Ctrl Pts',(19.4666669646899,4.005047006065,-35.48626606053));
#8993=CARTESIAN_POINT('Ctrl Pts',(19.2000002980231,4.005047006065,-35.48626606053));
#8994=CARTESIAN_POINT('Ctrl Pts',(-20.0000002980238,4.005047006065,-35.48626606053));
#8995=CARTESIAN_POINT('Ctrl Pts',(-19.7333336313569,4.005047006065,-35.48626606053));
#8996=CARTESIAN_POINT('Ctrl Pts',(-19.46666696469,4.005047006065,-35.48626606053));
#8997=CARTESIAN_POINT('Ctrl Pts',(-19.2000002980231,4.00504700606502,-35.48626606053));
#8998=CARTESIAN_POINT('Ctrl Pts',(-20.0000002980237,4.67003136717899,-34.7722681788117));
#8999=CARTESIAN_POINT('Ctrl Pts',(-19.7333336313569,4.67003136717899,-34.7722681788117));
#9000=CARTESIAN_POINT('Ctrl Pts',(-19.46666696469,4.67003136717899,-34.7722681788117));
#9001=CARTESIAN_POINT('Ctrl Pts',(-19.2000002980232,4.670031367179,-34.7722681788117));
#9002=CARTESIAN_POINT('Ctrl Pts',(-20.0000002980237,5.33501572829298,-34.0582702970933));
#9003=CARTESIAN_POINT('Ctrl Pts',(-19.7333336313569,5.33501572829298,-34.0582702970933));
#9004=CARTESIAN_POINT('Ctrl Pts',(-19.46666696469,5.33501572829297,-34.0582702970933));
#9005=CARTESIAN_POINT('Ctrl Pts',(-19.2000002980232,5.33501572829298,-34.0582702970933));
#9006=CARTESIAN_POINT('Ctrl Pts',(-20.0000002980237,6.00000008940697,-33.344272415375));
#9007=CARTESIAN_POINT('Ctrl Pts',(-19.7333336313568,6.00000008940696,-33.344272415375));
#9008=CARTESIAN_POINT('Ctrl Pts',(-19.46666696469,6.00000008940696,-33.344272415375));
#9009=CARTESIAN_POINT('Ctrl Pts',(-19.2000002980232,6.00000008940695,-33.344272415375));
#9010=CARTESIAN_POINT('',(-20.0000002980232,6.00000008940697,-33.344272415375));
#9011=CARTESIAN_POINT('Ctrl Pts',(-20.0000002980227,4.005047006065,-35.48626606053));
#9012=CARTESIAN_POINT('Ctrl Pts',(-20.0000002980227,4.337539186622,-35.1292671196708));
#9013=CARTESIAN_POINT('Ctrl Pts',(-20.0000002980229,4.67003136717899,-34.7722681788117));
#9014=CARTESIAN_POINT('Ctrl Pts',(-20.0000002980229,5.33501572829298,-34.0582702970933));
#9015=CARTESIAN_POINT('Ctrl Pts',(-20.0000002980234,5.66750790884997,-33.7012713562341));
#9016=CARTESIAN_POINT('Ctrl Pts',(-20.0000002980234,6.00000008940697,-33.344272415375));
#9017=CARTESIAN_POINT('Ctrl Pts',(-19.2000002980232,6.00000008940697,-33.344272415375));
#9018=CARTESIAN_POINT('Ctrl Pts',(-19.4666669646899,6.00000008940697,-33.344272415375));
#9019=CARTESIAN_POINT('Ctrl Pts',(-19.7333336313566,6.00000008940697,-33.344272415375));
#9020=CARTESIAN_POINT('Ctrl Pts',(-20.0000002980232,6.00000008940697,-33.344272415375));
#9021=CARTESIAN_POINT('Ctrl Pts',(19.2000002980231,4.005047006065,-35.48626606053));
#9022=CARTESIAN_POINT('Ctrl Pts',(19.4666669646899,4.005047006065,-35.48626606053));
#9023=CARTESIAN_POINT('Ctrl Pts',(19.7333336313566,4.005047006065,-35.48626606053));
#9024=CARTESIAN_POINT('Ctrl Pts',(20.0000002980234,4.00504700606502,-35.48626606053));
#9025=CARTESIAN_POINT('Ctrl Pts',(19.2000002980232,4.67003136717899,-34.7722681788117));
#9026=CARTESIAN_POINT('Ctrl Pts',(19.4666669646899,4.67003136717899,-34.7722681788117));
#9027=CARTESIAN_POINT('Ctrl Pts',(19.7333336313566,4.67003136717899,-34.7722681788117));
#9028=CARTESIAN_POINT('Ctrl Pts',(20.0000002980233,4.670031367179,-34.7722681788117));
#9029=CARTESIAN_POINT('Ctrl Pts',(19.2000002980232,5.33501572829298,-34.0582702970933));
#9030=CARTESIAN_POINT('Ctrl Pts',(19.4666669646899,5.33501572829298,-34.0582702970933));
#9031=CARTESIAN_POINT('Ctrl Pts',(19.7333336313566,5.33501572829297,-34.0582702970933));
#9032=CARTESIAN_POINT('Ctrl Pts',(20.0000002980233,5.33501572829298,-34.0582702970933));
#9033=CARTESIAN_POINT('Ctrl Pts',(19.2000002980232,6.00000008940697,-33.344272415375));
#9034=CARTESIAN_POINT('Ctrl Pts',(19.4666669646899,6.00000008940696,-33.344272415375));
#9035=CARTESIAN_POINT('Ctrl Pts',(19.7333336313565,6.00000008940696,-33.344272415375));
#9036=CARTESIAN_POINT('Ctrl Pts',(20.0000002980232,6.00000008940695,-33.344272415375));
#9037=CARTESIAN_POINT('',(19.2000002980232,6.00000008940697,-33.344272415375));
#9038=CARTESIAN_POINT('Ctrl Pts',(19.2000002980232,4.005047006065,-35.48626606053));
#9039=CARTESIAN_POINT('Ctrl Pts',(19.2000002980232,4.337539186622,-35.1292671196708));
#9040=CARTESIAN_POINT('Ctrl Pts',(19.2000002980232,4.67003136717899,-34.7722681788117));
#9041=CARTESIAN_POINT('Ctrl Pts',(19.2000002980232,5.33501572829298,-34.0582702970933));
#9042=CARTESIAN_POINT('Ctrl Pts',(19.2000002980232,5.66750790884997,-33.7012713562341));
#9043=CARTESIAN_POINT('Ctrl Pts',(19.2000002980232,6.00000008940697,-33.344272415375));
#9044=CARTESIAN_POINT('Ctrl Pts',(20.0000002980232,6.00000008940697,-33.344272415375));
#9045=CARTESIAN_POINT('Ctrl Pts',(19.7333336313566,6.00000008940697,-33.344272415375));
#9046=CARTESIAN_POINT('Ctrl Pts',(19.4666669646899,6.00000008940697,-33.344272415375));
#9047=CARTESIAN_POINT('Ctrl Pts',(19.2000002980232,6.00000008940697,-33.344272415375));
#9048=CARTESIAN_POINT('Origin',(-20.0000002980232,-205.977913982511,-34.6064945673607));
#9049=CARTESIAN_POINT('Ctrl Pts',(-20.0000002980232,6.00000008940697,-33.344272415375));
#9050=CARTESIAN_POINT('Ctrl Pts',(-20.0000002980232,-3.34620091151532,-34.0153270972563));
#9051=CARTESIAN_POINT('Ctrl Pts',(-20.0000002980234,-12.6975632658339,-34.6048727590456));
#9052=CARTESIAN_POINT('Ctrl Pts',(-20.0000002980234,-31.3658237170326,-35.6183554179173));
#9053=CARTESIAN_POINT('Ctrl Pts',(-20.0000002980233,-40.681127033916,-36.0429878350163));
#9054=CARTESIAN_POINT('Ctrl Pts',(-20.0000002980232,-50.0000000000006,-36.3867295220218));
#9055=CARTESIAN_POINT('Origin',(19.2000002980232,-205.977913982511,-34.6064945673607));
#9056=CARTESIAN_POINT('Ctrl Pts',(19.2000002980232,6.00000008940697,-33.344272415375));
#9057=CARTESIAN_POINT('Ctrl Pts',(19.2000002980232,-2.76000104814908,-33.9732381070034));
#9058=CARTESIAN_POINT('Ctrl Pts',(19.2000002980232,-11.5245755686305,-34.5306015428518));
#9059=CARTESIAN_POINT('Ctrl Pts',(19.2000002980232,-30.191624377596,-35.5645068166452));
#9060=CARTESIAN_POINT('Ctrl Pts',(19.2000002980232,-40.0937155688146,-36.0213202139736));
#9061=CARTESIAN_POINT('Ctrl Pts',(19.2000002980232,-50.0000000001176,-36.3867295220261));
#9062=CARTESIAN_POINT('Origin',(18.86603806936,-29.5280723586462,16.7816933420736));
#9063=CARTESIAN_POINT('',(26.7385131622427,-21.6555962794529,15.9664855039468));
#9064=CARTESIAN_POINT('',(26.7385131622427,-21.6555962794529,17.9664855039468));
#9065=CARTESIAN_POINT('',(10.9941116086396,-37.3999998040023,15.5549223480476));
#9066=CARTESIAN_POINT('Ctrl Pts',(26.7385131622427,-21.6555962794529,15.9664855039468));
#9067=CARTESIAN_POINT('Ctrl Pts',(21.4900140040431,-26.9040961116522,15.8572917564668));
#9068=CARTESIAN_POINT('Ctrl Pts',(16.2418792572894,-32.152231483586,15.7200878717312));
#9069=CARTESIAN_POINT('Ctrl Pts',(10.9941116086396,-37.3999998040023,15.5549223480476));
#9070=CARTESIAN_POINT('',(10.9941116086396,-37.3999998040023,17.5549223480476));
#9071=CARTESIAN_POINT('Ctrl Pts',(8.1072817063627,133.000001981854,13.039927659014));
#9072=CARTESIAN_POINT('Ctrl Pts',(8.1072817063627,133.000001981854,11.039927659014));
#9073=CARTESIAN_POINT('Ctrl Pts',(8.85183382889363,129.046235204225,13.3749799488315));
#9074=CARTESIAN_POINT('Ctrl Pts',(8.85183382889363,129.046235204225,11.3749799488315));
#9075=CARTESIAN_POINT('Ctrl Pts',(9.57664702949247,125.087571369013,13.6943405035151));
#9076=CARTESIAN_POINT('Ctrl Pts',(9.57664702949247,125.087571369013,11.6943405035151));
#9077=CARTESIAN_POINT('Ctrl Pts',(11.365997418007,115.026872572246,14.4648793552032));
#9078=CARTESIAN_POINT('Ctrl Pts',(11.365997418007,115.026872572246,12.4648793552032));
#9079=CARTESIAN_POINT('Ctrl Pts',(12.4032236043152,108.919036680128,14.8944071948303));
#9080=CARTESIAN_POINT('Ctrl Pts',(12.4032236043152,108.919036680128,12.8944071948303));
#9081=CARTESIAN_POINT('Ctrl Pts',(20.058028102574,61.5906721220014,17.9245963793356));
#9082=CARTESIAN_POINT('Ctrl Pts',(20.058028102574,61.5906721220014,15.9245963793356));
#9083=CARTESIAN_POINT('Ctrl Pts',(24.5287759769699,20.1056295344988,18.8353175312992));
#9084=CARTESIAN_POINT('Ctrl Pts',(24.5287759769699,20.1056295344988,16.8353175312992));
#9085=CARTESIAN_POINT('Ctrl Pts',(26.7385131622427,-21.6555962794529,17.9664855039468));
#9086=CARTESIAN_POINT('Ctrl Pts',(26.7385131622427,-21.6555962794529,15.9664855039468));
#9087=CARTESIAN_POINT('',(8.1072817063627,133.000001981854,11.039927659014));
#9088=CARTESIAN_POINT('',(8.1072817063627,133.000001981854,13.039927659014));
#9089=CARTESIAN_POINT('Ctrl Pts',(8.1072817063627,133.000001981854,11.039927659014));
#9090=CARTESIAN_POINT('Ctrl Pts',(8.85183382889363,129.046235204225,11.3749799488315));
#9091=CARTESIAN_POINT('Ctrl Pts',(9.57664702949247,125.087571369013,11.6943405035151));
#9092=CARTESIAN_POINT('Ctrl Pts',(11.365997418007,115.026872572246,12.4648793552032));
#9093=CARTESIAN_POINT('Ctrl Pts',(12.4032236043152,108.919036680128,12.8944071948303));
#9094=CARTESIAN_POINT('Ctrl Pts',(20.058028102574,61.5906721220014,15.9245963793356));
#9095=CARTESIAN_POINT('Ctrl Pts',(24.5287759769699,20.1056295344988,16.8353175312992));
#9096=CARTESIAN_POINT('Ctrl Pts',(26.7385131622427,-21.6555962794529,15.9664855039468));
#9097=CARTESIAN_POINT('Origin',(10.9941116086396,-37.3999998040023,17.5549223480476));
#9098=CARTESIAN_POINT('',(2.22044604925031E-14,-37.4000003107846,15.5549223320974));
#9099=CARTESIAN_POINT('Ctrl Pts',(10.9941116086396,-37.3999998040023,15.5549223480476));
#9100=CARTESIAN_POINT('Ctrl Pts',(7.32940773909307,-37.3999999729297,15.5549223427309));
#9101=CARTESIAN_POINT('Ctrl Pts',(3.66470386954654,-37.4000001418572,15.5549223374142));
#9102=CARTESIAN_POINT('Ctrl Pts',(2.39727650674881E-16,-37.4000003107846,
15.5549223320974));
#9103=CARTESIAN_POINT('',(2.2327216851973E-14,-37.4000003107846,17.5549223320974));
#9104=CARTESIAN_POINT('Ctrl Pts',(27.4370497334596,-37.4000003107846,15.5549223320974));
#9105=CARTESIAN_POINT('Ctrl Pts',(25.2861452762352,19.5349817315913,17.3468642877276));
#9106=CARTESIAN_POINT('Ctrl Pts',(19.0722997877577,76.3349824958043,15.8418660633665));
#9107=CARTESIAN_POINT('Ctrl Pts',(8.7955132680271,133.000001981854,11.039927659014));
#9108=CARTESIAN_POINT('Ctrl Pts',(18.2913664889731,-37.4000003107846,15.5549223320974));
#9109=CARTESIAN_POINT('Ctrl Pts',(16.8574301841568,19.5349817315911,17.3468642877276));
#9110=CARTESIAN_POINT('Ctrl Pts',(12.7148665251718,76.3349824958043,15.8418660633665));
#9111=CARTESIAN_POINT('Ctrl Pts',(5.86367551201807,133.000001981854,11.039927659014));
#9112=CARTESIAN_POINT('Ctrl Pts',(9.14568324448653,-37.4000003107846,15.5549223320974));
#9113=CARTESIAN_POINT('Ctrl Pts',(8.42871509207841,19.5349817315913,17.3468642877276));
#9114=CARTESIAN_POINT('Ctrl Pts',(6.35743326258592,76.3349824958044,15.8418660633665));
#9115=CARTESIAN_POINT('Ctrl Pts',(2.93183775600903,133.000001981854,11.039927659014));
#9116=CARTESIAN_POINT('Ctrl Pts',(2.39727650674881E-16,-37.4000003107846,
15.5549223320974));
#9117=CARTESIAN_POINT('Ctrl Pts',(-5.82800688962596E-16,19.5349817315913,
17.3468642877276));
#9118=CARTESIAN_POINT('Ctrl Pts',(-1.02946332783279E-15,76.3349824958043,
15.8418660633665));
#9119=CARTESIAN_POINT('Ctrl Pts',(-1.10026026593569E-15,133.000001981854,
11.039927659014));
#9120=CARTESIAN_POINT('',(0.,133.000001981854,11.039927659014));
#9121=CARTESIAN_POINT('Ctrl Pts',(-1.10026026593569E-15,133.000001981854,
11.039927659014));
#9122=CARTESIAN_POINT('Ctrl Pts',(2.70242723545424,133.000001981854,11.039927659014));
#9123=CARTESIAN_POINT('Ctrl Pts',(5.40485447090847,133.000001981854,11.039927659014));
#9124=CARTESIAN_POINT('Ctrl Pts',(8.1072817063627,133.000001981854,11.039927659014));
#9125=CARTESIAN_POINT('',(0.,130.600001981854,11.241331645023));
#9126=CARTESIAN_POINT('Ctrl Pts',(0.,133.000001981854,11.039927659014));
#9127=CARTESIAN_POINT('Ctrl Pts',(0.,132.200028884452,11.1077194214401));
#9128=CARTESIAN_POINT('Ctrl Pts',(0.,131.400028884452,11.1748540834431));
#9129=CARTESIAN_POINT('Ctrl Pts',(0.,130.600001981854,11.241331645023));
#9130=CARTESIAN_POINT('',(6.11538645551318,130.600001981854,11.241331645023));
#9131=CARTESIAN_POINT('Ctrl Pts',(6.11538645551318,130.600001981854,11.241331645023));
#9132=CARTESIAN_POINT('Ctrl Pts',(4.07692430367545,130.600001981854,11.241331645023));
#9133=CARTESIAN_POINT('Ctrl Pts',(2.03846215183772,130.600001981854,11.241331645023));
#9134=CARTESIAN_POINT('Ctrl Pts',(-1.09703708402857E-15,130.600001981854,
11.241331645023));
#9135=CARTESIAN_POINT('',(24.2854670656481,-20.7145304484766,15.9857638904305));
#9136=CARTESIAN_POINT('Ctrl Pts',(24.2854670656481,-20.7145304484766,15.9857638904305));
#9137=CARTESIAN_POINT('Ctrl Pts',(23.7388278403831,-10.5625730837537,16.1904946113566));
#9138=CARTESIAN_POINT('Ctrl Pts',(23.0578377619841,-0.418603896966381,16.2902318412532));
#9139=CARTESIAN_POINT('Ctrl Pts',(22.2427911746001,9.71740324405179,16.2852041199663));
#9140=CARTESIAN_POINT('Ctrl Pts',(21.3494156098052,20.8275179841624,16.2796932161556));
#9141=CARTESIAN_POINT('Ctrl Pts',(20.2955517069783,31.9209411724572,16.148316727421));
#9142=CARTESIAN_POINT('Ctrl Pts',(19.0822112033232,42.9977110999179,15.8918578837253));
#9143=CARTESIAN_POINT('Ctrl Pts',(17.3498191479768,58.8129815565012,15.5256892262021));
#9144=CARTESIAN_POINT('Ctrl Pts',(15.2942658586204,74.5765534353367,14.9049419357721));
#9145=CARTESIAN_POINT('Ctrl Pts',(12.920721250181,90.2884945240657,14.0336116391564));
#9146=CARTESIAN_POINT('Ctrl Pts',(10.8830508206637,103.777079332198,13.2855810466647));
#9147=CARTESIAN_POINT('Ctrl Pts',(8.61303520197661,117.214257914416,12.3536087730133));
#9148=CARTESIAN_POINT('Ctrl Pts',(6.11538645551318,130.600001981854,11.241331645023));
#9149=CARTESIAN_POINT('',(10.,-35.0000007450581,15.6285082721214));
#9150=CARTESIAN_POINT('Ctrl Pts',(10.,-35.0000007450581,15.6285082721214));
#9151=CARTESIAN_POINT('Ctrl Pts',(14.761533907556,-30.2384657607225,15.770631019441));
#9152=CARTESIAN_POINT('Ctrl Pts',(19.5233569113021,-25.4766416797324,15.8897281772688));
#9153=CARTESIAN_POINT('Ctrl Pts',(24.2854670656481,-20.7145304484766,15.9857638904305));
#9154=CARTESIAN_POINT('',(0.,-35.0000007450581,15.6285082721214));
#9155=CARTESIAN_POINT('Ctrl Pts',(2.05276820706625E-16,-35.000000745058,
15.6285082721214));
#9156=CARTESIAN_POINT('Ctrl Pts',(3.33333333333333,-35.000000745058,15.6285082721214));
#9157=CARTESIAN_POINT('Ctrl Pts',(6.66666666666667,-35.0000007450581,15.6285082721214));
#9158=CARTESIAN_POINT('Ctrl Pts',(10.,-35.0000007450581,15.6285082721214));
#9159=CARTESIAN_POINT('Ctrl Pts',(0.,-35.0000007450581,15.6285082721214));
#9160=CARTESIAN_POINT('Ctrl Pts',(0.,-35.7999739486618,15.6046305961509));
#9161=CARTESIAN_POINT('Ctrl Pts',(0.,-36.599973803904,15.5801019494762));
#9162=CARTESIAN_POINT('Ctrl Pts',(0.,-37.4000003107846,15.5549223320974));
#9163=CARTESIAN_POINT('Ctrl Pts',(-26.7385131622427,-21.6555962794529,17.9664855039468));
#9164=CARTESIAN_POINT('Ctrl Pts',(-26.7385131622427,-21.6555962794529,15.9664855039468));
#9165=CARTESIAN_POINT('Ctrl Pts',(-25.3191616746504,5.16834386046634,18.5245509782979));
#9166=CARTESIAN_POINT('Ctrl Pts',(-25.3191616746504,5.16834386046634,16.5245509782979));
#9167=CARTESIAN_POINT('Ctrl Pts',(-22.9655235601524,31.9059573921706,18.3489967181462));
#9168=CARTESIAN_POINT('Ctrl Pts',(-22.9655235601524,31.9059573921706,16.3489967181462));
#9169=CARTESIAN_POINT('Ctrl Pts',(-17.7461710135124,74.3662632332661,16.9152204315828));
#9170=CARTESIAN_POINT('Ctrl Pts',(-17.7461710135124,74.3662632332661,14.9152204315828));
#9171=CARTESIAN_POINT('Ctrl Pts',(-15.4817912551068,90.1167636348696,16.1274688687106));
#9172=CARTESIAN_POINT('Ctrl Pts',(-15.4817912551068,90.1167636348696,14.1274688687106));
#9173=CARTESIAN_POINT('Ctrl Pts',(-11.4083007446955,114.89727821893,14.4898142841467));
#9174=CARTESIAN_POINT('Ctrl Pts',(-11.4083007446955,114.89727821893,12.4898142841467));
#9175=CARTESIAN_POINT('Ctrl Pts',(-9.80946900165091,123.960941620927,13.8059207086958));
#9176=CARTESIAN_POINT('Ctrl Pts',(-9.80946900165091,123.960941620927,11.8059207086958));
#9177=CARTESIAN_POINT('Ctrl Pts',(-8.1072817063627,133.000001981854,13.039927659014));
#9178=CARTESIAN_POINT('Ctrl Pts',(-8.1072817063627,133.000001981854,11.039927659014));
#9179=CARTESIAN_POINT('',(-26.7385131622427,-21.6555962794529,15.9664855039468));
#9180=CARTESIAN_POINT('',(-26.7385131622427,-21.6555962794529,17.9664855039468));
#9181=CARTESIAN_POINT('',(-8.1072817063627,133.000001981854,11.039927659014));
#9182=CARTESIAN_POINT('Ctrl Pts',(-26.7385131622427,-21.6555962794529,15.9664855039468));
#9183=CARTESIAN_POINT('Ctrl Pts',(-25.3191616746504,5.16834386046634,16.5245509782979));
#9184=CARTESIAN_POINT('Ctrl Pts',(-22.9655235601524,31.9059573921706,16.3489967181462));
#9185=CARTESIAN_POINT('Ctrl Pts',(-17.7461710135124,74.3662632332661,14.9152204315828));
#9186=CARTESIAN_POINT('Ctrl Pts',(-15.4817912551068,90.1167636348696,14.1274688687106));
#9187=CARTESIAN_POINT('Ctrl Pts',(-11.4083007446955,114.89727821893,12.4898142841467));
#9188=CARTESIAN_POINT('Ctrl Pts',(-9.80946900165091,123.960941620927,11.8059207086958));
#9189=CARTESIAN_POINT('Ctrl Pts',(-8.1072817063627,133.000001981854,11.039927659014));
#9190=CARTESIAN_POINT('',(-8.1072817063627,133.000001981854,13.039927659014));
#9191=CARTESIAN_POINT('Origin',(-10.9941116086396,-37.3999998040023,17.5549223480476));
#9192=CARTESIAN_POINT('',(-10.9941116086396,-37.3999998040023,15.5549223480476));
#9193=CARTESIAN_POINT('',(-10.9941116086396,-37.3999998040023,17.5549223480476));
#9194=CARTESIAN_POINT('Ctrl Pts',(-10.9941116086396,-37.3999998040023,15.5549223480476));
#9195=CARTESIAN_POINT('Ctrl Pts',(-16.2418792647079,-32.1522314909978,15.7200878714857));
#9196=CARTESIAN_POINT('Ctrl Pts',(-21.4900139955571,-26.9040961031663,15.8572917565536));
#9197=CARTESIAN_POINT('Ctrl Pts',(-26.7385131622427,-21.6555962794529,15.9664855039468));
#9198=CARTESIAN_POINT('Origin',(-2.39727650674881E-16,-37.4000003107846,
17.5549223320974));
#9199=CARTESIAN_POINT('Ctrl Pts',(-2.39727650674881E-16,-37.4000003107846,
15.5549223320974));
#9200=CARTESIAN_POINT('Ctrl Pts',(-3.66470386954654,-37.4000001418572,15.5549223374142));
#9201=CARTESIAN_POINT('Ctrl Pts',(-7.32940773909307,-37.3999999729297,15.5549223427309));
#9202=CARTESIAN_POINT('Ctrl Pts',(-10.9941116086396,-37.3999998040023,15.5549223480476));
#9203=CARTESIAN_POINT('Origin',(-8.1072817063627,133.000001981854,13.039927659014));
#9204=CARTESIAN_POINT('Ctrl Pts',(-8.1072817063627,133.000001981854,11.039927659014));
#9205=CARTESIAN_POINT('Ctrl Pts',(-5.40485447090847,133.000001981854,11.039927659014));
#9206=CARTESIAN_POINT('Ctrl Pts',(-2.70242723545423,133.000001981854,11.039927659014));
#9207=CARTESIAN_POINT('Ctrl Pts',(1.10026026593569E-15,133.000001981854,
11.039927659014));
#9208=CARTESIAN_POINT('Ctrl Pts',(-27.4370497334596,-37.4000003107846,15.5549223320974));
#9209=CARTESIAN_POINT('Ctrl Pts',(-25.2861452762352,19.5349817315913,17.3468642877276));
#9210=CARTESIAN_POINT('Ctrl Pts',(-19.0722997877577,76.3349824958043,15.8418660633665));
#9211=CARTESIAN_POINT('Ctrl Pts',(-8.7955132680271,133.000001981854,11.039927659014));
#9212=CARTESIAN_POINT('Ctrl Pts',(-18.2913664889731,-37.4000003107846,15.5549223320974));
#9213=CARTESIAN_POINT('Ctrl Pts',(-16.8574301841568,19.5349817315912,17.3468642877276));
#9214=CARTESIAN_POINT('Ctrl Pts',(-12.7148665251718,76.3349824958043,15.8418660633665));
#9215=CARTESIAN_POINT('Ctrl Pts',(-5.86367551201806,133.000001981854,11.039927659014));
#9216=CARTESIAN_POINT('Ctrl Pts',(-9.14568324448653,-37.4000003107846,15.5549223320974));
#9217=CARTESIAN_POINT('Ctrl Pts',(-8.42871509207841,19.5349817315913,17.3468642877276));
#9218=CARTESIAN_POINT('Ctrl Pts',(-6.35743326258591,76.3349824958043,15.8418660633665));
#9219=CARTESIAN_POINT('Ctrl Pts',(-2.93183775600903,133.000001981854,11.039927659014));
#9220=CARTESIAN_POINT('Ctrl Pts',(-2.39727650674881E-16,-37.4000003107846,
15.5549223320974));
#9221=CARTESIAN_POINT('Ctrl Pts',(5.82800688962596E-16,19.5349817315913,
17.3468642877276));
#9222=CARTESIAN_POINT('Ctrl Pts',(1.02946332783279E-15,76.3349824958043,
15.8418660633665));
#9223=CARTESIAN_POINT('Ctrl Pts',(1.10026026593569E-15,133.000001981854,
11.039927659014));
#9224=CARTESIAN_POINT('',(-10.,-35.0000007450581,15.6285082721214));
#9225=CARTESIAN_POINT('Ctrl Pts',(-10.,-35.0000007450581,15.6285082721214));
#9226=CARTESIAN_POINT('Ctrl Pts',(-6.66666666666667,-35.0000007450581,15.6285082721214));
#9227=CARTESIAN_POINT('Ctrl Pts',(-3.33333333333333,-35.000000745058,15.6285082721214));
#9228=CARTESIAN_POINT('Ctrl Pts',(-2.05276820706625E-16,-35.000000745058,
15.6285082721214));
#9229=CARTESIAN_POINT('',(-24.2854670656481,-20.7145304484766,15.9857638904305));
#9230=CARTESIAN_POINT('Ctrl Pts',(-24.2854670656481,-20.7145304484766,15.9857638904305));
#9231=CARTESIAN_POINT('Ctrl Pts',(-19.5233569113687,-25.4766416797988,15.8897281772677));
#9232=CARTESIAN_POINT('Ctrl Pts',(-14.7615339074897,-30.2384657606558,15.7706310194434));
#9233=CARTESIAN_POINT('Ctrl Pts',(-10.,-35.0000007450581,15.6285082721214));
#9234=CARTESIAN_POINT('',(-6.11538645551318,130.600001981854,11.241331645023));
#9235=CARTESIAN_POINT('Ctrl Pts',(-6.11538645551318,130.600001981854,11.241331645023));
#9236=CARTESIAN_POINT('Ctrl Pts',(-8.59039513000107,117.335593714561,12.3435264769057));
#9237=CARTESIAN_POINT('Ctrl Pts',(-10.8418887119524,104.020625851633,13.2686748295941));
#9238=CARTESIAN_POINT('Ctrl Pts',(-12.8652764195027,90.6551262837034,14.0132334994369));
#9239=CARTESIAN_POINT('Ctrl Pts',(-14.5845512315597,79.298446260417,14.6458858390664));
#9240=CARTESIAN_POINT('Ctrl Pts',(-16.1379335611866,67.9132220325413,15.1477115469739));
#9241=CARTESIAN_POINT('Ctrl Pts',(-17.523328713276,56.4994330754746,15.5170920881997));
#9242=CARTESIAN_POINT('Ctrl Pts',(-19.136325606677,43.2105125087197,15.9471568712195));
#9243=CARTESIAN_POINT('Ctrl Pts',(-20.5202132290742,29.8943386087821,16.1973128570929));
#9244=CARTESIAN_POINT('Ctrl Pts',(-21.6728960474486,16.5508479941064,16.2659386006177));
#9245=CARTESIAN_POINT('Ctrl Pts',(-22.7448422522691,4.14196682102523,16.3297576357866));
#9246=CARTESIAN_POINT('Ctrl Pts',(-23.6159108418848,-8.2798094793853,16.2365302497696));
#9247=CARTESIAN_POINT('Ctrl Pts',(-24.2854670656481,-20.7145304484766,15.9857638904305));
#9248=CARTESIAN_POINT('Ctrl Pts',(1.09703708402857E-15,130.600001981854,
11.241331645023));
#9249=CARTESIAN_POINT('Ctrl Pts',(-2.03846215183773,130.600001981854,11.241331645023));
#9250=CARTESIAN_POINT('Ctrl Pts',(-4.07692430367545,130.600001981854,11.241331645023));
#9251=CARTESIAN_POINT('Ctrl Pts',(-6.11538645551318,130.600001981854,11.241331645023));
#9252=CARTESIAN_POINT('Origin',(-6.11538645551316,130.600001981855,22.));
#9253=CARTESIAN_POINT('',(-6.11538645551318,130.600001981854,22.));
#9254=CARTESIAN_POINT('',(6.11538645551318,130.600001981854,22.));
#9255=CARTESIAN_POINT('Ctrl Pts',(6.11538645551318,130.600001981854,22.));
#9256=CARTESIAN_POINT('Ctrl Pts',(6.11538645551318,130.600001981854,-48.8027381834049));
#9257=CARTESIAN_POINT('Ctrl Pts',(15.5073082523013,80.2655177389379,22.));
#9258=CARTESIAN_POINT('Ctrl Pts',(15.5073082523013,80.2655177389379,-48.8027381834049));
#9259=CARTESIAN_POINT('Ctrl Pts',(21.5639376327698,29.8285873748547,22.));
#9260=CARTESIAN_POINT('Ctrl Pts',(21.5639376327698,29.8285873748547,-48.8027381834049));
#9261=CARTESIAN_POINT('Ctrl Pts',(24.2854670656481,-20.7145304484766,22.));
#9262=CARTESIAN_POINT('Ctrl Pts',(24.2854670656481,-20.7145304484766,-48.8027381834049));
#9263=CARTESIAN_POINT('',(24.2854670656481,-20.7145304484766,22.));
#9264=CARTESIAN_POINT('Origin',(24.2854670656684,-20.7145304488553,22.));
#9265=CARTESIAN_POINT('',(10.,-35.0000007450581,22.));
#9266=CARTESIAN_POINT('Origin',(10.,-35.0000007450581,22.));
#9267=CARTESIAN_POINT('',(-10.,-35.0000007450581,22.));
#9268=CARTESIAN_POINT('Origin',(-10.,-35.0000007450581,22.));
#9269=CARTESIAN_POINT('',(-24.2854670656481,-20.7145304484766,22.));
#9270=CARTESIAN_POINT('Ctrl Pts',(-24.2854670656481,-20.7145304484766,22.));
#9271=CARTESIAN_POINT('Ctrl Pts',(-24.2854670656481,-20.7145304484766,-48.8027381834049));
#9272=CARTESIAN_POINT('Ctrl Pts',(-21.5639376327698,29.8285873748547,22.));
#9273=CARTESIAN_POINT('Ctrl Pts',(-21.5639376327698,29.8285873748547,-48.8027381834049));
#9274=CARTESIAN_POINT('Ctrl Pts',(-15.5073082523013,80.2655177389379,22.));
#9275=CARTESIAN_POINT('Ctrl Pts',(-15.5073082523013,80.2655177389379,-48.8027381834049));
#9276=CARTESIAN_POINT('Ctrl Pts',(-6.11538645551318,130.600001981854,22.));
#9277=CARTESIAN_POINT('Ctrl Pts',(-6.11538645551318,130.600001981854,-48.8027381834049));
#9278=CARTESIAN_POINT('Ctrl Pts',(-2.68912602312685E-16,-50.,-36.3867295220218));
#9279=CARTESIAN_POINT('Ctrl Pts',(2.894750681992E-16,16.852639096043,-33.9207619069161));
#9280=CARTESIAN_POINT('Ctrl Pts',(1.11926128538687E-15,83.5193057627097,
-27.2918520662422));
#9281=CARTESIAN_POINT('Ctrl Pts',(2.22044604925031E-15,150.,-16.5));
#9282=CARTESIAN_POINT('Ctrl Pts',(9.13592648687437,-50.,-36.3867295220218));
#9283=CARTESIAN_POINT('Ctrl Pts',(8.48686816196132,16.8526390960429,-33.9207619069161));
#9284=CARTESIAN_POINT('Ctrl Pts',(6.08589154113912,83.5193057627098,-27.2918520662422));
#9285=CARTESIAN_POINT('Ctrl Pts',(1.93299662440778,150.,-16.5));
#9286=CARTESIAN_POINT('Ctrl Pts',(18.2718529737487,-50.,-36.3867295220218));
#9287=CARTESIAN_POINT('Ctrl Pts',(16.9737363239227,16.8526390960432,-33.9207619069161));
#9288=CARTESIAN_POINT('Ctrl Pts',(12.1717830822783,83.5193057627096,-27.2918520662422));
#9289=CARTESIAN_POINT('Ctrl Pts',(3.86599324881556,150.,-16.5));
#9290=CARTESIAN_POINT('Ctrl Pts',(27.4077794606231,-50.,-36.3867295220218));
#9291=CARTESIAN_POINT('Ctrl Pts',(25.460604485884,16.852639096043,-33.9207619069161));
#9292=CARTESIAN_POINT('Ctrl Pts',(18.2576746234174,83.5193057627097,-27.2918520662422));
#9293=CARTESIAN_POINT('Ctrl Pts',(5.79898987322333,150.,-16.5));
#9294=CARTESIAN_POINT('',(1.24344978294797E-15,150.,-16.5));
#9295=CARTESIAN_POINT('Ctrl Pts',(-1.23281158003947E-16,-49.9999999988195,
-36.3867295219782));
#9296=CARTESIAN_POINT('Ctrl Pts',(-8.69531577137638E-17,-39.9958354009961,
-36.0177097458185));
#9297=CARTESIAN_POINT('Ctrl Pts',(-4.5859438379115E-17,-29.9958354013896,
-35.5554665718258));
#9298=CARTESIAN_POINT('Ctrl Pts',(2.60595383821139E-16,36.801143997968,
-31.8435718011177));
#9299=CARTESIAN_POINT('Ctrl Pts',(6.75078644803795E-16,93.4678106646347,
-25.676905134451));
#9300=CARTESIAN_POINT('Ctrl Pts',(1.24344978294797E-15,150.,-16.5));
#9301=CARTESIAN_POINT('',(5.79898987322333,150.,-16.5));
#9302=CARTESIAN_POINT('',(5.79898987322333,150.,-16.5));
#9303=CARTESIAN_POINT('Ctrl Pts',(27.4077794606231,-50.,-36.3867295220218));
#9304=CARTESIAN_POINT('Ctrl Pts',(27.1163944201487,-39.9958354017828,-36.0177097458549));
#9305=CARTESIAN_POINT('Ctrl Pts',(26.7073139368117,-29.9958354017828,-35.5554665718476));
#9306=CARTESIAN_POINT('Ctrl Pts',(23.1871438583438,36.801143997968,-31.8435718011177));
#9307=CARTESIAN_POINT('Ctrl Pts',(16.3932944792142,93.4678106646347,-25.676905134451));
#9308=CARTESIAN_POINT('Ctrl Pts',(5.79898987322333,150.,-16.5));
#9309=CARTESIAN_POINT('Ctrl Pts',(2.68912602312685E-16,-50.,-36.3867295220218));
#9310=CARTESIAN_POINT('Ctrl Pts',(-2.894750681992E-16,16.852639096043,-33.9207619069161));
#9311=CARTESIAN_POINT('Ctrl Pts',(-1.11926128538687E-15,83.5193057627097,
-27.2918520662422));
#9312=CARTESIAN_POINT('Ctrl Pts',(-2.22044604925031E-15,150.,-16.5));
#9313=CARTESIAN_POINT('Ctrl Pts',(-9.13592648687437,-50.,-36.3867295220218));
#9314=CARTESIAN_POINT('Ctrl Pts',(-8.48686816196132,16.8526390960429,-33.9207619069161));
#9315=CARTESIAN_POINT('Ctrl Pts',(-6.08589154113912,83.5193057627098,-27.2918520662422));
#9316=CARTESIAN_POINT('Ctrl Pts',(-1.93299662440778,150.,-16.5));
#9317=CARTESIAN_POINT('Ctrl Pts',(-18.2718529737487,-50.,-36.3867295220218));
#9318=CARTESIAN_POINT('Ctrl Pts',(-16.9737363239227,16.8526390960432,-33.9207619069161));
#9319=CARTESIAN_POINT('Ctrl Pts',(-12.1717830822783,83.5193057627096,-27.2918520662422));
#9320=CARTESIAN_POINT('Ctrl Pts',(-3.86599324881556,150.,-16.5));
#9321=CARTESIAN_POINT('Ctrl Pts',(-27.4077794606231,-50.,-36.3867295220218));
#9322=CARTESIAN_POINT('Ctrl Pts',(-25.460604485884,16.852639096043,-33.9207619069161));
#9323=CARTESIAN_POINT('Ctrl Pts',(-18.2576746234174,83.5193057627097,-27.2918520662422));
#9324=CARTESIAN_POINT('Ctrl Pts',(-5.79898987322333,150.,-16.5));
#9325=CARTESIAN_POINT('',(-5.79898987322333,150.,-16.5));
#9326=CARTESIAN_POINT('Ctrl Pts',(-27.4077794606231,-50.,-36.3867295220218));
#9327=CARTESIAN_POINT('Ctrl Pts',(-27.1163944201487,-39.9958354017828,-36.0177097458549));
#9328=CARTESIAN_POINT('Ctrl Pts',(-26.7073139368117,-29.9958354017828,-35.5554665718476));
#9329=CARTESIAN_POINT('Ctrl Pts',(-23.1871438583438,36.801143997968,-31.8435718011177));
#9330=CARTESIAN_POINT('Ctrl Pts',(-16.3932944792142,93.4678106646347,-25.676905134451));
#9331=CARTESIAN_POINT('Ctrl Pts',(-5.79898987322333,150.,-16.5));
#9332=CARTESIAN_POINT('',(-5.79898987322333,150.,-16.5));
#9333=CARTESIAN_POINT('Ctrl Pts',(-27.4077794606231,-50.,-36.3867295220218));
#9334=CARTESIAN_POINT('Ctrl Pts',(-25.460604485884,16.8526390960431,-33.9207619069161));
#9335=CARTESIAN_POINT('Ctrl Pts',(-18.2576746234174,83.5193057627097,-27.2918520662422));
#9336=CARTESIAN_POINT('Ctrl Pts',(-5.79898987322333,150.,-16.5));
#9337=CARTESIAN_POINT('Ctrl Pts',(-30.1399808982438,-50.,-33.7409711865994));
#9338=CARTESIAN_POINT('Ctrl Pts',(-28.4023633931844,16.852639096043,-31.0688169864388));
#9339=CARTESIAN_POINT('Ctrl Pts',(-21.1999230655971,83.5193057627098,-24.410603243486));
#9340=CARTESIAN_POINT('Ctrl Pts',(-8.53265991548222,150.,-13.7663299577411));
#9341=CARTESIAN_POINT('Ctrl Pts',(-32.8721823358645,-50.,-31.0952128511771));
#9342=CARTESIAN_POINT('Ctrl Pts',(-31.3441223004847,16.8526390960431,-28.2168720659615));
#9343=CARTESIAN_POINT('Ctrl Pts',(-24.142171507777,83.5193057627097,-21.5293544207299));
#9344=CARTESIAN_POINT('Ctrl Pts',(-11.2663299577411,150.,-11.0326599154822));
#9345=CARTESIAN_POINT('Ctrl Pts',(-35.6043837734852,-50.,-28.4494545157547));
#9346=CARTESIAN_POINT('Ctrl Pts',(-34.2858812077851,16.8526390960431,-25.3649271454842));
#9347=CARTESIAN_POINT('Ctrl Pts',(-27.0844199499567,83.5193057627097,-18.6481055979737));
#9348=CARTESIAN_POINT('Ctrl Pts',(-14.,150.,-8.29898987322334));
#9349=CARTESIAN_POINT('',(-14.,150.,-8.29898987322333));
#9350=CARTESIAN_POINT('Ctrl Pts',(-32.2282701747084,32.0000002533197,-8.5));
#9351=CARTESIAN_POINT('Ctrl Pts',(-32.2282701747084,32.0000002533197,-2.83333333333334));
#9352=CARTESIAN_POINT('Ctrl Pts',(-32.2282701747084,32.0000002533197,2.8333333333333));
#9353=CARTESIAN_POINT('Ctrl Pts',(-32.2282701747084,32.0000002533197,8.5));
#9354=CARTESIAN_POINT('Ctrl Pts',(-31.4999668122847,32.6638114931919,-8.5));
#9355=CARTESIAN_POINT('Ctrl Pts',(-31.4999668122847,32.6638114931919,-2.83333333333334));
#9356=CARTESIAN_POINT('Ctrl Pts',(-31.4999668122847,32.6638114931919,2.83333333333328));
#9357=CARTESIAN_POINT('Ctrl Pts',(-31.4999668122847,32.6638114931919,8.5));
#9358=CARTESIAN_POINT('Ctrl Pts',(-30.771663449861,33.3276227330641,-8.5));
#9359=CARTESIAN_POINT('Ctrl Pts',(-30.771663449861,33.3276227330641,-2.83333333333333));
#9360=CARTESIAN_POINT('Ctrl Pts',(-30.771663449861,33.327622733064,2.83333333333329));
#9361=CARTESIAN_POINT('Ctrl Pts',(-30.771663449861,33.327622733064,8.5));
#9362=CARTESIAN_POINT('Ctrl Pts',(-30.0433600874372,33.9914339729362,-8.5));
#9363=CARTESIAN_POINT('Ctrl Pts',(-30.0433600874372,33.9914339729362,-2.83333333333334));
#9364=CARTESIAN_POINT('Ctrl Pts',(-30.0433600874372,33.9914339729362,2.83333333333327));
#9365=CARTESIAN_POINT('Ctrl Pts',(-30.0433600874372,33.9914339729362,8.50000000000001));
#9366=CARTESIAN_POINT('',(-32.2282701747084,32.0000002533197,6.5));
#9367=CARTESIAN_POINT('',(-32.2282701747084,32.0000002533197,-6.5));
#9368=CARTESIAN_POINT('Ctrl Pts',(-32.2282701747084,32.0000002533197,6.5));
#9369=CARTESIAN_POINT('Ctrl Pts',(-32.2282701747084,32.0000002533197,2.16666666666665));
#9370=CARTESIAN_POINT('Ctrl Pts',(-32.2282701747084,32.0000002533197,-2.16666666666667));
#9371=CARTESIAN_POINT('Ctrl Pts',(-32.2282701747084,32.0000002533197,-6.50000000000001));
#9372=CARTESIAN_POINT('',(-32.2282701747084,32.0000002533197,-6.50839100672825));
#9373=CARTESIAN_POINT('Ctrl Pts',(-32.2282701747084,32.0000002533197,-6.5));
#9374=CARTESIAN_POINT('Ctrl Pts',(-32.2282701747084,32.0000002533197,-6.50279700224275));
#9375=CARTESIAN_POINT('Ctrl Pts',(-32.2282701747084,32.0000002533197,-6.5055940044855));
#9376=CARTESIAN_POINT('Ctrl Pts',(-32.2282701747084,32.0000002533197,-6.50839100672825));
#9377=CARTESIAN_POINT('Ctrl Pts',(-32.2282701747084,32.0000002533197,-6.50839100672829));
#9378=CARTESIAN_POINT('Ctrl Pts',(-31.8630584717922,32.3328720287867,-6.84163970697156));
#9379=CARTESIAN_POINT('Ctrl Pts',(-31.4977869022743,32.6657983695973,-7.17476899731936));
#9380=CARTESIAN_POINT('Ctrl Pts',(-30.7694830354519,33.3296100692031,-7.83863726918318));
#9381=CARTESIAN_POINT('Ctrl Pts',(-30.406451032246,33.6604951599424,-8.16937822927464));
#9382=CARTESIAN_POINT('Ctrl Pts',(-30.0433600874372,33.9914339729362,-8.5));
#9383=CARTESIAN_POINT('',(-32.2282701747084,32.0000002533197,6.50839100672825));
#9384=CARTESIAN_POINT('Ctrl Pts',(-32.2282701747084,32.0000002533197,6.50839100672825));
#9385=CARTESIAN_POINT('Ctrl Pts',(-31.8656758117949,32.3304864573313,6.83925143423276));
#9386=CARTESIAN_POINT('Ctrl Pts',(-31.503022438963,32.6610264458633,7.16999415571642));
#9387=CARTESIAN_POINT('Ctrl Pts',(-30.7747202805109,33.3248365883769,7.83386585864882));
#9388=CARTESIAN_POINT('Ctrl Pts',(-30.4090700806056,33.6581080314071,8.16699338762925));
#9389=CARTESIAN_POINT('Ctrl Pts',(-30.0433600874372,33.9914339729362,8.5));
#9390=CARTESIAN_POINT('Ctrl Pts',(-32.2282701747084,32.0000002533197,6.5));
#9391=CARTESIAN_POINT('Ctrl Pts',(-32.2282701747084,32.0000002533197,6.50279700224275));
#9392=CARTESIAN_POINT('Ctrl Pts',(-32.2282701747084,32.0000002533197,6.50559400448549));
#9393=CARTESIAN_POINT('Ctrl Pts',(-32.2282701747084,32.0000002533197,6.50839100672824));
#9394=CARTESIAN_POINT('Ctrl Pts',(-34.032206062854,10.1500783533252,-6.5));
#9395=CARTESIAN_POINT('Ctrl Pts',(-33.4507568271585,18.1651534663983,-6.5));
#9396=CARTESIAN_POINT('Ctrl Pts',(-32.7848088546768,26.1747553190516,-6.5));
#9397=CARTESIAN_POINT('Ctrl Pts',(-32.0346316536496,34.17808217034,-6.5));
#9398=CARTESIAN_POINT('Ctrl Pts',(-33.3672867349461,10.1018421447362,-7.16666666666667));
#9399=CARTESIAN_POINT('Ctrl Pts',(-32.7861763058481,18.1122469269187,-7.16666666666667));
#9400=CARTESIAN_POINT('Ctrl Pts',(-32.1206159558424,26.1171876620708,-7.16666666666667));
#9401=CARTESIAN_POINT('Ctrl Pts',(-31.3708744649122,34.1158661045387,-7.16666666666667));
#9402=CARTESIAN_POINT('Ctrl Pts',(-32.7023674070383,10.0536059361471,-7.83333333333333));
#9403=CARTESIAN_POINT('Ctrl Pts',(-32.1215957845376,18.0593403874393,-7.83333333333333));
#9404=CARTESIAN_POINT('Ctrl Pts',(-31.456423057008,26.0596200050898,-7.83333333333333));
#9405=CARTESIAN_POINT('Ctrl Pts',(-30.7071172761747,34.0536500387375,-7.83333333333333));
#9406=CARTESIAN_POINT('Ctrl Pts',(-32.0374480791305,10.0053697275581,-8.5));
#9407=CARTESIAN_POINT('Ctrl Pts',(-31.4570152632271,18.0064338479597,-8.5));
#9408=CARTESIAN_POINT('Ctrl Pts',(-30.7922301581736,26.0020523481089,-8.5));
#9409=CARTESIAN_POINT('Ctrl Pts',(-30.0433600874372,33.9914339729362,-8.5));
#9410=CARTESIAN_POINT('',(-32.2366964716928,32.0000002563342,-6.5));
#9411=CARTESIAN_POINT('',(-33.8964970175455,12.0000002528746,-6.5));
#9412=CARTESIAN_POINT('Ctrl Pts',(-32.2366963570338,32.0000002458073,-6.5));
#9413=CARTESIAN_POINT('Ctrl Pts',(-32.8483867373721,25.3374764621005,-6.5));
#9414=CARTESIAN_POINT('Ctrl Pts',(-33.4017054006636,18.6706556848217,-6.5));
#9415=CARTESIAN_POINT('Ctrl Pts',(-33.8964969320742,12.0000002465348,-6.5));
#9416=CARTESIAN_POINT('',(-33.8909930836543,12.0000002533197,-6.50548885511334));
#9417=CARTESIAN_POINT('Ctrl Pts',(-33.8964970174794,12.0000002533197,-6.5));
#9418=CARTESIAN_POINT('Ctrl Pts',(-33.8946623728885,12.0000002533197,-6.50182961837783));
#9419=CARTESIAN_POINT('Ctrl Pts',(-33.8928277282799,12.0000002533197,-6.50365923674918));
#9420=CARTESIAN_POINT('Ctrl Pts',(-33.8909930836536,12.0000002533197,-6.50548885511398));
#9421=CARTESIAN_POINT('Ctrl Pts',(-33.8909930836543,12.0000002533197,-6.50548885511334));
#9422=CARTESIAN_POINT('Ctrl Pts',(-33.5829384020522,11.6684975004718,-6.83722130490956));
#9423=CARTESIAN_POINT('Ctrl Pts',(-33.27484314214,11.3369510806312,-7.16887325964776));
#9424=CARTESIAN_POINT('Ctrl Pts',(-32.6569954834424,10.67207496632,-7.83371115165215));
#9425=CARTESIAN_POINT('Ctrl Pts',(-32.3472421312113,10.3387442458308,-8.16689683644834));
#9426=CARTESIAN_POINT('Ctrl Pts',(-32.0374480791305,10.0053697275581,-8.5));
#9427=CARTESIAN_POINT('Ctrl Pts',(-32.2282701747084,32.0000002533197,-6.50839100672825));
#9428=CARTESIAN_POINT('Ctrl Pts',(-32.2310789406106,32.0000002533197,-6.50559400451571));
#9429=CARTESIAN_POINT('Ctrl Pts',(-32.2338877064567,32.0000002533197,-6.50279700227289));
#9430=CARTESIAN_POINT('Ctrl Pts',(-32.2366964722463,32.0000002533197,-6.5));
#9431=CARTESIAN_POINT('Ctrl Pts',(-32.0346316536496,34.17808217034,6.5));
#9432=CARTESIAN_POINT('Ctrl Pts',(-32.7847114593224,26.1757943893591,6.5));
#9433=CARTESIAN_POINT('Ctrl Pts',(-33.4506815469666,18.1661911776131,6.5));
#9434=CARTESIAN_POINT('Ctrl Pts',(-34.032206062854,10.1500783533253,6.5));
#9435=CARTESIAN_POINT('Ctrl Pts',(-31.3708744649122,34.1158661045388,7.16666666666667));
#9436=CARTESIAN_POINT('Ctrl Pts',(-32.1205186170561,26.1182261288762,7.16666666666667));
#9437=CARTESIAN_POINT('Ctrl Pts',(-32.7861010695214,18.1132840334662,7.16666666666667));
#9438=CARTESIAN_POINT('Ctrl Pts',(-33.3672867349461,10.1018421447362,7.16666666666667));
#9439=CARTESIAN_POINT('Ctrl Pts',(-30.7071172761747,34.0536500387375,7.83333333333333));
#9440=CARTESIAN_POINT('Ctrl Pts',(-31.4563257747899,26.0606578683933,7.83333333333333));
#9441=CARTESIAN_POINT('Ctrl Pts',(-32.1215205920762,18.0603768893193,7.83333333333333));
#9442=CARTESIAN_POINT('Ctrl Pts',(-32.7023674070383,10.0536059361472,7.83333333333333));
#9443=CARTESIAN_POINT('Ctrl Pts',(-30.0433600874372,33.9914339729363,8.5));
#9444=CARTESIAN_POINT('Ctrl Pts',(-30.7921329325237,26.0030896079104,8.5));
#9445=CARTESIAN_POINT('Ctrl Pts',(-31.456940114631,18.0074697451723,8.5));
#9446=CARTESIAN_POINT('Ctrl Pts',(-32.0374480791305,10.0053697275581,8.5));
#9447=CARTESIAN_POINT('',(-33.8909930836543,12.0000002533197,6.50548885511334));
#9448=CARTESIAN_POINT('Ctrl Pts',(-32.0374480791305,10.0053697275581,8.5));
#9449=CARTESIAN_POINT('Ctrl Pts',(-32.3458153699871,10.3372088844104,8.16843094814035));
#9450=CARTESIAN_POINT('Ctrl Pts',(-32.6541423337799,10.6690046446405,7.83678013472314));
#9451=CARTESIAN_POINT('Ctrl Pts',(-33.2719907431061,11.3338815667155,7.17194374796336));
#9452=CARTESIAN_POINT('Ctrl Pts',(-33.5815123914529,11.6669629468114,6.83875692185615));
#9453=CARTESIAN_POINT('Ctrl Pts',(-33.8909930836543,12.0000002533197,6.50548885511334));
#9454=CARTESIAN_POINT('',(-33.8964970173808,12.0000002539848,6.5));
#9455=CARTESIAN_POINT('Ctrl Pts',(-33.8909930836543,12.0000002533197,6.50548885511333));
#9456=CARTESIAN_POINT('Ctrl Pts',(-33.8928277282804,12.0000002533197,6.50365923674864));
#9457=CARTESIAN_POINT('Ctrl Pts',(-33.8946623728888,12.0000002533197,6.50182961837751));
#9458=CARTESIAN_POINT('Ctrl Pts',(-33.8964970174794,12.0000002533197,6.5));
#9459=CARTESIAN_POINT('',(-32.2366964719966,32.0000002546798,6.5));
#9460=CARTESIAN_POINT('Ctrl Pts',(-33.8964969315037,12.0000002476149,6.5));
#9461=CARTESIAN_POINT('Ctrl Pts',(-33.4016520675657,18.6713746577563,6.5));
#9462=CARTESIAN_POINT('Ctrl Pts',(-32.8483206516889,25.3381962169895,6.5));
#9463=CARTESIAN_POINT('Ctrl Pts',(-32.2366963564935,32.0000002440754,6.5));
#9464=CARTESIAN_POINT('Ctrl Pts',(-32.2366964722463,32.0000002533197,6.5));
#9465=CARTESIAN_POINT('Ctrl Pts',(-32.2338877064564,32.0000002533197,6.50279700227312));
#9466=CARTESIAN_POINT('Ctrl Pts',(-32.2310789406102,32.0000002533197,6.50559400451616));
#9467=CARTESIAN_POINT('Ctrl Pts',(-32.2282701747078,32.0000002533197,6.50839100672888));
#9468=CARTESIAN_POINT('Ctrl Pts',(-33.8909930836543,12.0000002533197,8.5));
#9469=CARTESIAN_POINT('Ctrl Pts',(-33.8909930836543,12.0000002533197,2.83333333333335));
#9470=CARTESIAN_POINT('Ctrl Pts',(-33.8909930836543,12.0000002533197,-2.83333333333333));
#9471=CARTESIAN_POINT('Ctrl Pts',(-33.8909930836543,12.0000002533197,-8.5));
#9472=CARTESIAN_POINT('Ctrl Pts',(-33.273144748813,11.3351234113992,8.5));
#9473=CARTESIAN_POINT('Ctrl Pts',(-33.273144748813,11.3351234113992,2.83333333333335));
#9474=CARTESIAN_POINT('Ctrl Pts',(-33.273144748813,11.3351234113992,-2.83333333333334));
#9475=CARTESIAN_POINT('Ctrl Pts',(-33.273144748813,11.3351234113992,-8.5));
#9476=CARTESIAN_POINT('Ctrl Pts',(-32.6552964139717,10.6702465694787,8.5));
#9477=CARTESIAN_POINT('Ctrl Pts',(-32.6552964139717,10.6702465694787,2.83333333333335));
#9478=CARTESIAN_POINT('Ctrl Pts',(-32.6552964139717,10.6702465694787,-2.83333333333334));
#9479=CARTESIAN_POINT('Ctrl Pts',(-32.6552964139717,10.6702465694787,-8.5));
#9480=CARTESIAN_POINT('Ctrl Pts',(-32.0374480791305,10.0053697275581,8.5));
#9481=CARTESIAN_POINT('Ctrl Pts',(-32.0374480791305,10.0053697275581,2.83333333333335));
#9482=CARTESIAN_POINT('Ctrl Pts',(-32.0374480791305,10.0053697275581,-2.83333333333335));
#9483=CARTESIAN_POINT('Ctrl Pts',(-32.0374480791305,10.0053697275581,-8.5));
#9484=CARTESIAN_POINT('',(-33.8909930836543,12.0000002533197,-6.5));
#9485=CARTESIAN_POINT('',(-33.8909930836543,12.0000002533197,6.5));
#9486=CARTESIAN_POINT('Ctrl Pts',(-33.8909930836543,12.0000002533197,-6.50000000000001));
#9487=CARTESIAN_POINT('Ctrl Pts',(-33.8909930836543,12.0000002533197,-2.16666666666667));
#9488=CARTESIAN_POINT('Ctrl Pts',(-33.8909930836543,12.0000002533197,2.16666666666667));
#9489=CARTESIAN_POINT('Ctrl Pts',(-33.8909930836543,12.0000002533197,6.5));
#9490=CARTESIAN_POINT('Ctrl Pts',(-33.8909930836543,12.0000002533197,6.50548885511332));
#9491=CARTESIAN_POINT('Ctrl Pts',(-33.8909930836543,12.0000002533197,6.50365923674222));
#9492=CARTESIAN_POINT('Ctrl Pts',(-33.8909930836543,12.0000002533197,6.50182961837111));
#9493=CARTESIAN_POINT('Ctrl Pts',(-33.8909930836543,12.0000002533197,6.5));
#9494=CARTESIAN_POINT('Ctrl Pts',(-33.8909930836543,12.0000002533197,-6.5));
#9495=CARTESIAN_POINT('Ctrl Pts',(-33.8909930836543,12.0000002533197,-6.50182961837111));
#9496=CARTESIAN_POINT('Ctrl Pts',(-33.8909930836543,12.0000002533197,-6.50365923674222));
#9497=CARTESIAN_POINT('Ctrl Pts',(-33.8909930836543,12.0000002533197,-6.50548885511333));
#9498=CARTESIAN_POINT('Origin',(-110.,32.0000002533197,6.));
#9499=CARTESIAN_POINT('',(-110.,32.0000002533197,6.5));
#9500=CARTESIAN_POINT('',(-110.,32.0000002533197,-6.5));
#9501=CARTESIAN_POINT('Origin',(-110.,12.0000002533197,6.5));
#9502=CARTESIAN_POINT('',(-110.,12.0000002533197,6.5));
#9503=CARTESIAN_POINT('Ctrl Pts',(30.0433600874372,33.9914339729362,8.5));
#9504=CARTESIAN_POINT('Ctrl Pts',(30.7921329325237,26.0030896079104,8.5));
#9505=CARTESIAN_POINT('Ctrl Pts',(31.456940114631,18.0074697451723,8.5));
#9506=CARTESIAN_POINT('Ctrl Pts',(32.0374480791305,10.0053697275581,8.5));
#9507=CARTESIAN_POINT('Ctrl Pts',(30.7071172761747,34.0536500387375,7.83333333333333));
#9508=CARTESIAN_POINT('Ctrl Pts',(31.4563257747899,26.0606578683933,7.83333333333333));
#9509=CARTESIAN_POINT('Ctrl Pts',(32.1215205920762,18.0603768893192,7.83333333333333));
#9510=CARTESIAN_POINT('Ctrl Pts',(32.7023674070383,10.0536059361472,7.83333333333333));
#9511=CARTESIAN_POINT('Ctrl Pts',(31.3708744649122,34.1158661045387,7.16666666666667));
#9512=CARTESIAN_POINT('Ctrl Pts',(32.1205186170561,26.1182261288762,7.16666666666667));
#9513=CARTESIAN_POINT('Ctrl Pts',(32.7861010695214,18.1132840334662,7.16666666666667));
#9514=CARTESIAN_POINT('Ctrl Pts',(33.3672867349461,10.1018421447362,7.16666666666667));
#9515=CARTESIAN_POINT('Ctrl Pts',(32.0346316536496,34.17808217034,6.5));
#9516=CARTESIAN_POINT('Ctrl Pts',(32.7847114593224,26.1757943893591,6.5));
#9517=CARTESIAN_POINT('Ctrl Pts',(33.4506815469666,18.1661911776131,6.5));
#9518=CARTESIAN_POINT('Ctrl Pts',(34.032206062854,10.1500783533253,6.5));
#9519=CARTESIAN_POINT('',(32.2282701747084,32.0000002533197,6.50839100672825));
#9520=CARTESIAN_POINT('Ctrl Pts',(30.0433600874372,33.9914339729362,8.5));
#9521=CARTESIAN_POINT('Ctrl Pts',(30.4064510890244,33.6604951081919,8.16937817757362));
#9522=CARTESIAN_POINT('Ctrl Pts',(30.7694831489902,33.3296099657187,7.83863716574389));
#9523=CARTESIAN_POINT('Ctrl Pts',(31.4977870158014,32.6657982661232,7.17476889378217));
#9524=CARTESIAN_POINT('Ctrl Pts',(31.8630585285677,32.3328719770389,6.84163965516507));
#9525=CARTESIAN_POINT('Ctrl Pts',(32.2282701747084,32.0000002533197,6.50839100672825));
#9526=CARTESIAN_POINT('',(32.2366964719966,32.0000002546798,6.5));
#9527=CARTESIAN_POINT('Ctrl Pts',(32.2282701747084,32.0000002533197,6.50839100672825));
#9528=CARTESIAN_POINT('Ctrl Pts',(32.2310789406105,32.0000002533197,6.50559400451579));
#9529=CARTESIAN_POINT('Ctrl Pts',(32.2338877064566,32.0000002533197,6.50279700227297));
#9530=CARTESIAN_POINT('Ctrl Pts',(32.2366964722463,32.0000002533197,6.5));
#9531=CARTESIAN_POINT('',(33.8964970173808,12.0000002539848,6.5));
#9532=CARTESIAN_POINT('Ctrl Pts',(32.2366963564936,32.0000002440754,6.5));
#9533=CARTESIAN_POINT('Ctrl Pts',(32.8483206516889,25.3381962169896,6.5));
#9534=CARTESIAN_POINT('Ctrl Pts',(33.4016520675657,18.6713746577563,6.5));
#9535=CARTESIAN_POINT('Ctrl Pts',(33.8964969315037,12.0000002476149,6.5));
#9536=CARTESIAN_POINT('',(33.8909930836543,12.0000002533197,6.50548885511334));
#9537=CARTESIAN_POINT('Ctrl Pts',(33.8964970174794,12.0000002533197,6.5));
#9538=CARTESIAN_POINT('Ctrl Pts',(33.8946623728887,12.0000002533197,6.50182961837768));
#9539=CARTESIAN_POINT('Ctrl Pts',(33.8928277282801,12.0000002533197,6.50365923674902));
#9540=CARTESIAN_POINT('Ctrl Pts',(33.8909930836536,12.0000002533197,6.50548885511398));
#9541=CARTESIAN_POINT('Ctrl Pts',(33.8909930836543,12.0000002533197,6.50548885511334));
#9542=CARTESIAN_POINT('Ctrl Pts',(33.5829384380746,11.6684975392361,6.83722126611836));
#9543=CARTESIAN_POINT('Ctrl Pts',(33.2748432141851,11.3369511581601,7.16887318209419));
#9544=CARTESIAN_POINT('Ctrl Pts',(32.6569955554874,10.6720750438488,7.83371107415713));
#9545=CARTESIAN_POINT('Ctrl Pts',(32.3472421672387,10.3387442846004,8.16689679771022));
#9546=CARTESIAN_POINT('Ctrl Pts',(32.0374480791305,10.0053697275581,8.49999999999999));
#9547=CARTESIAN_POINT('Ctrl Pts',(32.0374480791305,10.0053697275581,-8.5));
#9548=CARTESIAN_POINT('Ctrl Pts',(31.4570152632271,18.0064338479598,-8.5));
#9549=CARTESIAN_POINT('Ctrl Pts',(30.7922301581736,26.002052348109,-8.5));
#9550=CARTESIAN_POINT('Ctrl Pts',(30.0433600874372,33.9914339729362,-8.5));
#9551=CARTESIAN_POINT('Ctrl Pts',(32.7023674070383,10.0536059361472,-7.83333333333333));
#9552=CARTESIAN_POINT('Ctrl Pts',(32.1215957845376,18.0593403874393,-7.83333333333333));
#9553=CARTESIAN_POINT('Ctrl Pts',(31.456423057008,26.0596200050899,-7.83333333333333));
#9554=CARTESIAN_POINT('Ctrl Pts',(30.7071172761747,34.0536500387375,-7.83333333333333));
#9555=CARTESIAN_POINT('Ctrl Pts',(33.3672867349461,10.1018421447362,-7.16666666666667));
#9556=CARTESIAN_POINT('Ctrl Pts',(32.7861763058481,18.1122469269188,-7.16666666666667));
#9557=CARTESIAN_POINT('Ctrl Pts',(32.1206159558424,26.1171876620708,-7.16666666666667));
#9558=CARTESIAN_POINT('Ctrl Pts',(31.3708744649122,34.1158661045387,-7.16666666666667));
#9559=CARTESIAN_POINT('Ctrl Pts',(34.0322060628539,10.1500783533253,-6.5));
#9560=CARTESIAN_POINT('Ctrl Pts',(33.4507568271585,18.1651534663983,-6.5));
#9561=CARTESIAN_POINT('Ctrl Pts',(32.7848088546768,26.1747553190517,-6.5));
#9562=CARTESIAN_POINT('Ctrl Pts',(32.0346316536496,34.17808217034,-6.5));
#9563=CARTESIAN_POINT('',(33.8964970175455,12.0000002528746,-6.5));
#9564=CARTESIAN_POINT('',(32.2366964716928,32.0000002563342,-6.5));
#9565=CARTESIAN_POINT('Ctrl Pts',(33.8964969320742,12.0000002465348,-6.5));
#9566=CARTESIAN_POINT('Ctrl Pts',(33.4017054006636,18.6706556848216,-6.5));
#9567=CARTESIAN_POINT('Ctrl Pts',(32.8483867373721,25.3374764621005,-6.5));
#9568=CARTESIAN_POINT('Ctrl Pts',(32.2366963570337,32.0000002458073,-6.5));
#9569=CARTESIAN_POINT('',(32.2282701747084,32.0000002533197,-6.50839100672825));
#9570=CARTESIAN_POINT('Ctrl Pts',(32.2366964722463,32.0000002533198,-6.5));
#9571=CARTESIAN_POINT('Ctrl Pts',(32.2338877064566,32.0000002533198,-6.50279700227298));
#9572=CARTESIAN_POINT('Ctrl Pts',(32.2310789406103,32.0000002533198,-6.50559400451602));
#9573=CARTESIAN_POINT('Ctrl Pts',(32.2282701747078,32.0000002533198,-6.50839100672889));
#9574=CARTESIAN_POINT('Ctrl Pts',(32.2282701747084,32.0000002533197,-6.50839100672829));
#9575=CARTESIAN_POINT('Ctrl Pts',(31.8656758696709,32.3304864045802,-6.83925138142196));
#9576=CARTESIAN_POINT('Ctrl Pts',(31.5030225547729,32.6610263403085,-7.16999405009695));
#9577=CARTESIAN_POINT('Ctrl Pts',(30.7747203963578,33.3248364827884,-7.83386575310591));
#9578=CARTESIAN_POINT('Ctrl Pts',(30.4090701385394,33.6581079786034,-8.16699333487615));
#9579=CARTESIAN_POINT('Ctrl Pts',(30.0433600874372,33.9914339729362,-8.5));
#9580=CARTESIAN_POINT('',(33.8909930836543,12.0000002533197,-6.50548885511333));
#9581=CARTESIAN_POINT('Ctrl Pts',(33.8909930836543,12.0000002533197,-6.50548885511333));
#9582=CARTESIAN_POINT('Ctrl Pts',(33.5815124271984,11.6669629852777,-6.83875688336313));
#9583=CARTESIAN_POINT('Ctrl Pts',(33.2719908146086,11.3338816436605,-7.17194367099401));
#9584=CARTESIAN_POINT('Ctrl Pts',(32.6541424053493,10.6690047216575,-7.83678005773975));
#9585=CARTESIAN_POINT('Ctrl Pts',(32.3458154057757,10.3372089229232,-8.16843090965898));
#9586=CARTESIAN_POINT('Ctrl Pts',(32.0374480791305,10.0053697275581,-8.5));
#9587=CARTESIAN_POINT('Ctrl Pts',(33.8909930836543,12.0000002533198,-6.50548885511333));
#9588=CARTESIAN_POINT('Ctrl Pts',(33.8928277282805,12.0000002533198,-6.50365923674856));
#9589=CARTESIAN_POINT('Ctrl Pts',(33.8946623728889,12.0000002533198,-6.50182961837743));
#9590=CARTESIAN_POINT('Ctrl Pts',(33.8964970174794,12.0000002533198,-6.5));
#9591=CARTESIAN_POINT('Ctrl Pts',(30.0433600874372,33.9914339729362,-8.5));
#9592=CARTESIAN_POINT('Ctrl Pts',(30.0433600874372,33.9914339729362,-2.83333333333334));
#9593=CARTESIAN_POINT('Ctrl Pts',(30.0433600874372,33.9914339729362,2.83333333333327));
#9594=CARTESIAN_POINT('Ctrl Pts',(30.0433600874372,33.9914339729362,8.50000000000001));
#9595=CARTESIAN_POINT('Ctrl Pts',(30.771663449861,33.3276227330641,-8.5));
#9596=CARTESIAN_POINT('Ctrl Pts',(30.771663449861,33.3276227330641,-2.83333333333334));
#9597=CARTESIAN_POINT('Ctrl Pts',(30.771663449861,33.327622733064,2.83333333333329));
#9598=CARTESIAN_POINT('Ctrl Pts',(30.771663449861,33.327622733064,8.50000000000001));
#9599=CARTESIAN_POINT('Ctrl Pts',(31.4999668122847,32.6638114931919,-8.5));
#9600=CARTESIAN_POINT('Ctrl Pts',(31.4999668122847,32.6638114931919,-2.83333333333333));
#9601=CARTESIAN_POINT('Ctrl Pts',(31.4999668122847,32.6638114931919,2.83333333333329));
#9602=CARTESIAN_POINT('Ctrl Pts',(31.4999668122847,32.6638114931919,8.50000000000001));
#9603=CARTESIAN_POINT('Ctrl Pts',(32.2282701747084,32.0000002533197,-8.5));
#9604=CARTESIAN_POINT('Ctrl Pts',(32.2282701747084,32.0000002533197,-2.83333333333334));
#9605=CARTESIAN_POINT('Ctrl Pts',(32.2282701747084,32.0000002533197,2.83333333333331));
#9606=CARTESIAN_POINT('Ctrl Pts',(32.2282701747084,32.0000002533197,8.5));
#9607=CARTESIAN_POINT('',(32.2282701747084,32.0000002533197,-6.5));
#9608=CARTESIAN_POINT('Ctrl Pts',(32.2282701747084,32.0000002533197,-6.50000000000002));
#9609=CARTESIAN_POINT('Ctrl Pts',(32.2282701747084,32.0000002533197,-6.50279700224277));
#9610=CARTESIAN_POINT('Ctrl Pts',(32.2282701747084,32.0000002533197,-6.50559400448552));
#9611=CARTESIAN_POINT('Ctrl Pts',(32.2282701747084,32.0000002533197,-6.50839100672827));
#9612=CARTESIAN_POINT('',(32.2282701747084,32.0000002533197,6.5));
#9613=CARTESIAN_POINT('Ctrl Pts',(32.2282701747084,32.0000002533197,-6.50000000000002));
#9614=CARTESIAN_POINT('Ctrl Pts',(32.2282701747084,32.0000002533197,-2.16666666666668));
#9615=CARTESIAN_POINT('Ctrl Pts',(32.2282701747084,32.0000002533197,2.16666666666665));
#9616=CARTESIAN_POINT('Ctrl Pts',(32.2282701747084,32.0000002533197,6.5));
#9617=CARTESIAN_POINT('Ctrl Pts',(32.2282701747084,32.0000002533197,6.50839100672825));
#9618=CARTESIAN_POINT('Ctrl Pts',(32.2282701747084,32.0000002533197,6.5055940044855));
#9619=CARTESIAN_POINT('Ctrl Pts',(32.2282701747084,32.0000002533197,6.50279700224275));
#9620=CARTESIAN_POINT('Ctrl Pts',(32.2282701747084,32.0000002533197,6.5));
#9621=CARTESIAN_POINT('Ctrl Pts',(32.0374480791305,10.0053697275581,8.5));
#9622=CARTESIAN_POINT('Ctrl Pts',(32.0374480791305,10.0053697275581,2.83333333333335));
#9623=CARTESIAN_POINT('Ctrl Pts',(32.0374480791305,10.0053697275581,-2.83333333333336));
#9624=CARTESIAN_POINT('Ctrl Pts',(32.0374480791305,10.0053697275581,-8.50000000000001));
#9625=CARTESIAN_POINT('Ctrl Pts',(32.6552964139717,10.6702465694787,8.5));
#9626=CARTESIAN_POINT('Ctrl Pts',(32.6552964139717,10.6702465694787,2.83333333333334));
#9627=CARTESIAN_POINT('Ctrl Pts',(32.6552964139717,10.6702465694787,-2.83333333333335));
#9628=CARTESIAN_POINT('Ctrl Pts',(32.6552964139717,10.6702465694787,-8.50000000000001));
#9629=CARTESIAN_POINT('Ctrl Pts',(33.273144748813,11.3351234113992,8.5));
#9630=CARTESIAN_POINT('Ctrl Pts',(33.273144748813,11.3351234113992,2.83333333333335));
#9631=CARTESIAN_POINT('Ctrl Pts',(33.273144748813,11.3351234113992,-2.83333333333334));
#9632=CARTESIAN_POINT('Ctrl Pts',(33.273144748813,11.3351234113992,-8.50000000000001));
#9633=CARTESIAN_POINT('Ctrl Pts',(33.8909930836543,12.0000002533197,8.5));
#9634=CARTESIAN_POINT('Ctrl Pts',(33.8909930836543,12.0000002533197,2.83333333333335));
#9635=CARTESIAN_POINT('Ctrl Pts',(33.8909930836543,12.0000002533197,-2.83333333333333));
#9636=CARTESIAN_POINT('Ctrl Pts',(33.8909930836543,12.0000002533197,-8.50000000000001));
#9637=CARTESIAN_POINT('',(33.8909930836543,12.0000002533197,6.5));
#9638=CARTESIAN_POINT('Ctrl Pts',(33.8909930836543,12.0000002533197,6.5));
#9639=CARTESIAN_POINT('Ctrl Pts',(33.8909930836543,12.0000002533197,6.5018296183711));
#9640=CARTESIAN_POINT('Ctrl Pts',(33.8909930836543,12.0000002533197,6.50365923674221));
#9641=CARTESIAN_POINT('Ctrl Pts',(33.8909930836543,12.0000002533197,6.50548885511332));
#9642=CARTESIAN_POINT('',(33.8909930836543,12.0000002533197,-6.5));
#9643=CARTESIAN_POINT('Ctrl Pts',(33.8909930836543,12.0000002533197,6.49999999999999));
#9644=CARTESIAN_POINT('Ctrl Pts',(33.8909930836543,12.0000002533197,2.16666666666667));
#9645=CARTESIAN_POINT('Ctrl Pts',(33.8909930836543,12.0000002533197,-2.16666666666667));
#9646=CARTESIAN_POINT('Ctrl Pts',(33.8909930836543,12.0000002533197,-6.50000000000001));
#9647=CARTESIAN_POINT('Ctrl Pts',(33.8909930836543,12.0000002533197,-6.49999999999999));
#9648=CARTESIAN_POINT('Ctrl Pts',(33.8909930836543,12.0000002533197,-6.50182961837111));
#9649=CARTESIAN_POINT('Ctrl Pts',(33.8909930836543,12.0000002533197,-6.50365923674222));
#9650=CARTESIAN_POINT('Ctrl Pts',(33.8909930836543,12.0000002533197,-6.50548885511334));
#9651=CARTESIAN_POINT('Origin',(110.,12.0000002533197,6.5));
#9652=CARTESIAN_POINT('',(110.,32.0000002533197,6.5));
#9653=CARTESIAN_POINT('',(110.,12.0000002533197,6.5));
#9654=CARTESIAN_POINT('Origin',(110.,32.0000002533197,6.));
#9655=CARTESIAN_POINT('',(110.,32.0000002533197,-6.5));
#9656=CARTESIAN_POINT('Ctrl Pts',(34.7631773238348,-47.9997604814864,1.59999995529651));
#9657=CARTESIAN_POINT('Ctrl Pts',(34.7631773238348,-47.9997604814864,-0.40000004470349));
#9658=CARTESIAN_POINT('Ctrl Pts',(34.7631773238348,-47.9997604814865,-2.40000004470349));
#9659=CARTESIAN_POINT('Ctrl Pts',(34.7631773238348,-47.9997604814865,-4.40000004470348));
#9660=CARTESIAN_POINT('Ctrl Pts',(35.0892063854724,-47.6665071863398,1.59999995529651));
#9661=CARTESIAN_POINT('Ctrl Pts',(35.0892063854724,-47.6665071863398,-0.400000044703491));
#9662=CARTESIAN_POINT('Ctrl Pts',(35.0892063854724,-47.6665071863398,-2.40000004470349));
#9663=CARTESIAN_POINT('Ctrl Pts',(35.0892063854724,-47.6665071863398,-4.40000004470348));
#9664=CARTESIAN_POINT('Ctrl Pts',(35.4152354471101,-47.3332538911931,1.59999995529651));
#9665=CARTESIAN_POINT('Ctrl Pts',(35.4152354471101,-47.3332538911931,-0.40000004470349));
#9666=CARTESIAN_POINT('Ctrl Pts',(35.4152354471101,-47.3332538911931,-2.40000004470349));
#9667=CARTESIAN_POINT('Ctrl Pts',(35.4152354471101,-47.3332538911931,-4.40000004470348));
#9668=CARTESIAN_POINT('Ctrl Pts',(35.7412645087478,-47.0000005960465,1.59999995529651));
#9669=CARTESIAN_POINT('Ctrl Pts',(35.7412645087478,-47.0000005960465,-0.40000004470349));
#9670=CARTESIAN_POINT('Ctrl Pts',(35.7412645087478,-47.0000005960465,-2.40000004470349));
#9671=CARTESIAN_POINT('Ctrl Pts',(35.7412645087478,-47.0000005960465,-4.40000004470348));
#9672=CARTESIAN_POINT('',(35.7412645087478,-47.0000005960465,0.600249562878383));
#9673=CARTESIAN_POINT('Ctrl Pts',(34.7631773238348,-47.9997604814865,1.59999995529651));
#9674=CARTESIAN_POINT('Ctrl Pts',(34.9261678761307,-47.8331583437582,1.43346935667878));
#9675=CARTESIAN_POINT('Ctrl Pts',(35.0891468813704,-47.6665680089485,1.26691555208817));
#9676=CARTESIAN_POINT('Ctrl Pts',(35.4151759240611,-47.3333147331687,0.933665440767));
#9677=CARTESIAN_POINT('Ctrl Pts',(35.5782260117868,-47.1666517408097,0.766969042225563));
#9678=CARTESIAN_POINT('Ctrl Pts',(35.7412645087478,-47.0000005960465,0.600249562878385));
#9679=CARTESIAN_POINT('',(35.7412645087478,-47.0000005960465,0.599999955296517));
#9680=CARTESIAN_POINT('Ctrl Pts',(35.7412645087478,-47.0000005960465,0.600249562878383));
#9681=CARTESIAN_POINT('Ctrl Pts',(35.7412645087478,-47.0000005960465,0.600166360351095));
#9682=CARTESIAN_POINT('Ctrl Pts',(35.7412645087478,-47.0000005960465,0.600083157823806));
#9683=CARTESIAN_POINT('Ctrl Pts',(35.7412645087478,-47.0000005960465,0.599999955296517));
#9684=CARTESIAN_POINT('',(35.7412645087478,-47.0000005960465,-3.40000004470348));
#9685=CARTESIAN_POINT('Ctrl Pts',(35.7412645087478,-47.0000005960465,0.599999955296517));
#9686=CARTESIAN_POINT('Ctrl Pts',(35.7412645087478,-47.0000005960465,-0.733333378036819));
#9687=CARTESIAN_POINT('Ctrl Pts',(35.7412645087478,-47.0000005960465,-2.06666671137015));
#9688=CARTESIAN_POINT('Ctrl Pts',(35.7412645087478,-47.0000005960465,-3.40000004470349));
#9689=CARTESIAN_POINT('',(35.7412645087478,-47.0000005960465,-3.40024965228535));
#9690=CARTESIAN_POINT('Ctrl Pts',(35.7412645087478,-47.0000005960465,-3.40000004470348));
#9691=CARTESIAN_POINT('Ctrl Pts',(35.7412645087478,-47.0000005960465,-3.40008324723077));
#9692=CARTESIAN_POINT('Ctrl Pts',(35.7412645087478,-47.0000005960465,-3.40016644975806));
#9693=CARTESIAN_POINT('Ctrl Pts',(35.7412645087478,-47.0000005960465,-3.40024965228535));
#9694=CARTESIAN_POINT('Ctrl Pts',(35.7412645087478,-47.0000005960465,-3.40024965228535));
#9695=CARTESIAN_POINT('Ctrl Pts',(35.578365067305,-47.1665096040645,-3.56682693660473));
#9696=CARTESIAN_POINT('Ctrl Pts',(35.4154540549997,-47.3330304393352,-3.73338117933073));
#9697=CARTESIAN_POINT('Ctrl Pts',(35.0894250517827,-47.6662836747667,-4.06663136963705));
#9698=CARTESIAN_POINT('Ctrl Pts',(34.9263069711899,-47.8330161665959,-4.23332732997447));
#9699=CARTESIAN_POINT('Ctrl Pts',(34.7631773238348,-47.9997604814865,-4.40000004470348));
#9700=CARTESIAN_POINT('Ctrl Pts',(34.6185078260929,-42.0003465268483,-4.40000004470348));
#9701=CARTESIAN_POINT('Ctrl Pts',(34.6185078260929,-42.0003465268483,-2.40000004470348));
#9702=CARTESIAN_POINT('Ctrl Pts',(34.6185078260929,-42.0003465268483,-0.400000044703519));
#9703=CARTESIAN_POINT('Ctrl Pts',(34.6185078260929,-42.0003465268483,1.59999995529652));
#9704=CARTESIAN_POINT('Ctrl Pts',(34.9606081552093,-42.3335645499143,-4.40000004470348));
#9705=CARTESIAN_POINT('Ctrl Pts',(34.9606081552093,-42.3335645499143,-2.40000004470349));
#9706=CARTESIAN_POINT('Ctrl Pts',(34.9606081552093,-42.3335645499143,-0.400000044703507));
#9707=CARTESIAN_POINT('Ctrl Pts',(34.9606081552093,-42.3335645499143,1.59999995529653));
#9708=CARTESIAN_POINT('Ctrl Pts',(35.3027084843256,-42.6667825729804,-4.40000004470348));
#9709=CARTESIAN_POINT('Ctrl Pts',(35.3027084843256,-42.6667825729804,-2.40000004470348));
#9710=CARTESIAN_POINT('Ctrl Pts',(35.3027084843257,-42.6667825729804,-0.400000044703487));
#9711=CARTESIAN_POINT('Ctrl Pts',(35.3027084843256,-42.6667825729804,1.59999995529653));
#9712=CARTESIAN_POINT('Ctrl Pts',(35.644808813442,-43.0000005960465,-4.40000004470348));
#9713=CARTESIAN_POINT('Ctrl Pts',(35.644808813442,-43.0000005960465,-2.40000004470348));
#9714=CARTESIAN_POINT('Ctrl Pts',(35.6448088134421,-43.0000005960465,-0.400000044703476));
#9715=CARTESIAN_POINT('Ctrl Pts',(35.644808813442,-43.0000005960465,1.59999995529653));
#9716=CARTESIAN_POINT('',(35.644808813442,-43.0000005960465,-3.40000004470348));
#9717=CARTESIAN_POINT('',(35.644808813442,-43.0000005960465,0.599999955296517));
#9718=CARTESIAN_POINT('Ctrl Pts',(35.644808813442,-43.0000005960465,-3.40000004470349));
#9719=CARTESIAN_POINT('Ctrl Pts',(35.644808813442,-43.0000005960465,-2.06666671137015));
#9720=CARTESIAN_POINT('Ctrl Pts',(35.644808813442,-43.0000005960465,-0.733333378036819));
#9721=CARTESIAN_POINT('Ctrl Pts',(35.644808813442,-43.0000005960465,0.599999955296518));
#9722=CARTESIAN_POINT('',(35.644808813442,-43.0000005960465,0.600334146599259));
#9723=CARTESIAN_POINT('Ctrl Pts',(35.644808813442,-43.0000005960465,0.599999955296511));
#9724=CARTESIAN_POINT('Ctrl Pts',(35.644808813442,-43.0000005960465,0.600111352397427));
#9725=CARTESIAN_POINT('Ctrl Pts',(35.6448088134421,-43.0000005960465,0.600222749498342));
#9726=CARTESIAN_POINT('Ctrl Pts',(35.6448088134421,-43.0000005960465,0.600334146599257));
#9727=CARTESIAN_POINT('Ctrl Pts',(35.644808813442,-43.0000005960464,0.600334146599257));
#9728=CARTESIAN_POINT('Ctrl Pts',(35.4738810421936,-42.8335107999986,0.766902815141786));
#9729=CARTESIAN_POINT('Ctrl Pts',(35.3029403259785,-42.6670083950877,0.933445701273652));
#9730=CARTESIAN_POINT('Ctrl Pts',(34.9608400621194,-42.3337904355846,1.26666770645742));
#9731=CARTESIAN_POINT('Ctrl Pts',(34.7896804150559,-42.1670747841542,1.43334683544096));
#9732=CARTESIAN_POINT('Ctrl Pts',(34.6185078260929,-42.0003465268482,1.59999995529652));
#9733=CARTESIAN_POINT('',(35.644808813442,-43.0000005960465,-3.40033423600622));
#9734=CARTESIAN_POINT('Ctrl Pts',(35.644808813442,-43.0000005960465,-3.40033423600622));
#9735=CARTESIAN_POINT('Ctrl Pts',(35.4737406792883,-42.8333740814811,-3.56703968783494));
#9736=CARTESIAN_POINT('Ctrl Pts',(35.3026595787933,-42.6667349372331,-3.73371931499425));
#9737=CARTESIAN_POINT('Ctrl Pts',(34.9605592725867,-42.3335169364821,-4.06694123502537));
#9738=CARTESIAN_POINT('Ctrl Pts',(34.7895400096947,-42.1669380242832,-4.23348362308699));
#9739=CARTESIAN_POINT('Ctrl Pts',(34.6185078260929,-42.0003465268483,-4.40000004470348));
#9740=CARTESIAN_POINT('Ctrl Pts',(35.644808813442,-43.0000005960465,-3.40000004470349));
#9741=CARTESIAN_POINT('Ctrl Pts',(35.644808813442,-43.0000005960465,-3.4001114418044));
#9742=CARTESIAN_POINT('Ctrl Pts',(35.644808813442,-43.0000005960465,-3.40022283890531));
#9743=CARTESIAN_POINT('Ctrl Pts',(35.644808813442,-43.0000005960465,-3.40033423600622));
#9744=CARTESIAN_POINT('Ctrl Pts',(34.6185078260929,-42.0003465268482,1.59999995529652));
#9745=CARTESIAN_POINT('Ctrl Pts',(34.6719976327098,-44.0000206955977,1.59999995529652));
#9746=CARTESIAN_POINT('Ctrl Pts',(34.7202207577702,-45.9998322724065,1.59999995529651));
#9747=CARTESIAN_POINT('Ctrl Pts',(34.7631773238348,-47.9997604814865,1.59999995529651));
#9748=CARTESIAN_POINT('Ctrl Pts',(34.9517219695557,-41.9914332946955,1.26666662196318));
#9749=CARTESIAN_POINT('Ctrl Pts',(35.0052274260567,-43.991692522,1.26666662196318));
#9750=CARTESIAN_POINT('Ctrl Pts',(35.0534646594588,-45.9920891751055,1.26666662196318));
#9751=CARTESIAN_POINT('Ctrl Pts',(35.0964337921363,-47.992602447797,1.26666662196318));
#9752=CARTESIAN_POINT('Ctrl Pts',(35.2849361130186,-41.9825200625428,0.93333328862985));
#9753=CARTESIAN_POINT('Ctrl Pts',(35.3384572194037,-43.9833643484023,0.93333328862985));
#9754=CARTESIAN_POINT('Ctrl Pts',(35.3867085611474,-45.9843460778045,0.933333288629847));
#9755=CARTESIAN_POINT('Ctrl Pts',(35.4296902604378,-47.9854444141076,0.933333288629849));
#9756=CARTESIAN_POINT('Ctrl Pts',(35.6181502564815,-41.9736068303901,0.599999955296517));
#9757=CARTESIAN_POINT('Ctrl Pts',(35.6716870127507,-43.9750361748045,0.599999955296517));
#9758=CARTESIAN_POINT('Ctrl Pts',(35.719952462836,-45.9766029805035,0.599999955296517));
#9759=CARTESIAN_POINT('Ctrl Pts',(35.7629467287394,-47.9782863804181,0.599999955296517));
#9760=CARTESIAN_POINT('',(35.6451431163679,-43.0000005960453,0.599999955296517));
#9761=CARTESIAN_POINT('Ctrl Pts',(35.6448088020101,-43.0000002390702,0.600334146599255));
#9762=CARTESIAN_POINT('Ctrl Pts',(35.6449201619157,-42.9999973606133,0.600222749498342));
#9763=CARTESIAN_POINT('Ctrl Pts',(35.6450315218213,-42.9999944821565,0.600111352397429));
#9764=CARTESIAN_POINT('Ctrl Pts',(35.6451428817269,-42.9999916036996,0.599999955296516));
#9765=CARTESIAN_POINT('',(35.7415141785944,-47.0000005960455,0.599999955296517));
#9766=CARTESIAN_POINT('Ctrl Pts',(35.6451431141646,-43.0000005961023,0.599999955296517));
#9767=CARTESIAN_POINT('Ctrl Pts',(35.6796059283062,-44.3332765698403,0.599999955296517));
#9768=CARTESIAN_POINT('Ctrl Pts',(35.711729603748,-45.6666119592942,0.599999955296517));
#9769=CARTESIAN_POINT('Ctrl Pts',(35.7415141765542,-47.0000005960911,0.599999955296517));
#9770=CARTESIAN_POINT('Ctrl Pts',(35.7415141834954,-47.0000009068347,0.599999955296517));
#9771=CARTESIAN_POINT('Ctrl Pts',(35.7414310017179,-47.0000027649076,0.600083157823806));
#9772=CARTESIAN_POINT('Ctrl Pts',(35.7413478199404,-47.0000046229806,0.600166360351096));
#9773=CARTESIAN_POINT('Ctrl Pts',(35.7412646381629,-47.0000064810535,0.600249562878385));
#9774=CARTESIAN_POINT('Ctrl Pts',(34.7631773238348,-47.9997604814865,-4.40000004470348));
#9775=CARTESIAN_POINT('Ctrl Pts',(34.7202207577699,-45.9998322723924,-4.40000004470348));
#9776=CARTESIAN_POINT('Ctrl Pts',(34.6719976336468,-44.0000207306279,-4.40000004470348));
#9777=CARTESIAN_POINT('Ctrl Pts',(34.6185078260929,-42.0003465268483,-4.40000004470348));
#9778=CARTESIAN_POINT('Ctrl Pts',(35.0964337921363,-47.9926024477971,-4.06666671137015));
#9779=CARTESIAN_POINT('Ctrl Pts',(35.0534646594585,-45.9920891750914,-4.06666671137015));
#9780=CARTESIAN_POINT('Ctrl Pts',(35.005227426994,-43.9916925570405,-4.06666671137015));
#9781=CARTESIAN_POINT('Ctrl Pts',(34.9517219695557,-41.9914332946956,-4.06666671137015));
#9782=CARTESIAN_POINT('Ctrl Pts',(35.4296902604378,-47.9854444141077,-3.73333337803682));
#9783=CARTESIAN_POINT('Ctrl Pts',(35.3867085611471,-45.9843460777904,-3.73333337803682));
#9784=CARTESIAN_POINT('Ctrl Pts',(35.3384572203413,-43.983364383453,-3.73333337803682));
#9785=CARTESIAN_POINT('Ctrl Pts',(35.2849361130186,-41.9825200625429,-3.73333337803682));
#9786=CARTESIAN_POINT('Ctrl Pts',(35.7629467287394,-47.9782863804182,-3.40000004470348));
#9787=CARTESIAN_POINT('Ctrl Pts',(35.7199524628357,-45.9766029804894,-3.40000004470348));
#9788=CARTESIAN_POINT('Ctrl Pts',(35.6716870136885,-43.9750362098656,-3.40000004470348));
#9789=CARTESIAN_POINT('Ctrl Pts',(35.6181502564815,-41.9736068303902,-3.40000004470348));
#9790=CARTESIAN_POINT('',(35.7415141785944,-47.0000005960455,-3.40000004470348));
#9791=CARTESIAN_POINT('Ctrl Pts',(35.7412645137117,-47.000000909191,-3.40024965228535));
#9792=CARTESIAN_POINT('Ctrl Pts',(35.7413476954892,-46.9999990511176,-3.40016644975806));
#9793=CARTESIAN_POINT('Ctrl Pts',(35.7414308772667,-46.9999971930443,-3.40008324723077));
#9794=CARTESIAN_POINT('Ctrl Pts',(35.7415140590442,-46.999995334971,-3.40000004470348));
#9795=CARTESIAN_POINT('',(35.6451431163679,-43.0000005960453,-3.40000004470348));
#9796=CARTESIAN_POINT('Ctrl Pts',(35.7415141765645,-47.0000005960909,-3.40000004470348));
#9797=CARTESIAN_POINT('Ctrl Pts',(35.7117296038346,-45.6666119616981,-3.40000004470348));
#9798=CARTESIAN_POINT('Ctrl Pts',(35.6796059286704,-44.3332765826124,-3.40000004470348));
#9799=CARTESIAN_POINT('Ctrl Pts',(35.6451431141757,-43.000000596102,-3.40000004470348));
#9800=CARTESIAN_POINT('Ctrl Pts',(35.6451431052691,-43.0000002515274,-3.40000004470348));
#9801=CARTESIAN_POINT('Ctrl Pts',(35.6450317453634,-43.0000031299834,-3.4001114418044));
#9802=CARTESIAN_POINT('Ctrl Pts',(35.6449203854578,-43.0000060084394,-3.40022283890531));
#9803=CARTESIAN_POINT('Ctrl Pts',(35.6448090255522,-43.0000088868955,-3.40033423600623));
#9804=CARTESIAN_POINT('Origin',(43.,-43.0000005960465,-3.40000004470348));
#9805=CARTESIAN_POINT('',(43.,-47.0000005960465,-3.40000004470348));
#9806=CARTESIAN_POINT('',(43.,-43.0000005960465,-3.40000004470348));
#9807=CARTESIAN_POINT('Origin',(43.,-47.0000005960465,-3.40000004470348));
#9808=CARTESIAN_POINT('',(43.,-47.0000005960465,0.599999955296517));
#9809=CARTESIAN_POINT('Ctrl Pts',(33.7189454998975,-17.9094559812464,1.46227011644621));
#9810=CARTESIAN_POINT('Ctrl Pts',(33.7399749208228,-18.3481306898623,0.288835259929577));
#9811=CARTESIAN_POINT('Ctrl Pts',(33.7280474960882,-18.0906093743511,-2.45264744382546));
#9812=CARTESIAN_POINT('Ctrl Pts',(33.5600665493453,-14.6366444403387,-4.74099812397679));
#9813=CARTESIAN_POINT('Ctrl Pts',(33.3508931031556,-10.6833217610584,-3.4493950405195));
#9814=CARTESIAN_POINT('Ctrl Pts',(33.2704857354667,-9.25061251595353,0.432414776757216));
#9815=CARTESIAN_POINT('Ctrl Pts',(33.3885021239299,-11.3674828338154,4.00166030372147));
#9816=CARTESIAN_POINT('Ctrl Pts',(33.602564426773,-15.4857802992206,4.53577781553053));
#9817=CARTESIAN_POINT('Ctrl Pts',(33.6979160789721,-17.4707812726303,2.63570497296301));
#9818=CARTESIAN_POINT('Ctrl Pts',(33.7189454998975,-17.9094559812464,1.46227011644621));
#9819=CARTESIAN_POINT('Ctrl Pts',(34.0371536200729,-17.5956284500428,1.35075451295167));
#9820=CARTESIAN_POINT('Ctrl Pts',(34.0566729661745,-18.0024857653285,0.267363775785851));
#9821=CARTESIAN_POINT('Ctrl Pts',(34.0455725677831,-17.7631316860685,-2.26854990597741));
#9822=CARTESIAN_POINT('Ctrl Pts',(33.8898706586644,-14.5634744108058,-4.36694053257354));
#9823=CARTESIAN_POINT('Ctrl Pts',(33.6980189775913,-10.9376717924412,-3.1580377077754));
#9824=CARTESIAN_POINT('Ctrl Pts',(33.6249030229613,-9.63568932728432,0.394980777203556));
#9825=CARTESIAN_POINT('Ctrl Pts',(33.7323293145047,-11.5616256497054,3.66779795836011));
#9826=CARTESIAN_POINT('Ctrl Pts',(33.929129203656,-15.3476958137822,4.18225987244927));
#9827=CARTESIAN_POINT('Ctrl Pts',(34.0176342739713,-17.1887711347571,2.43414525011761));
#9828=CARTESIAN_POINT('Ctrl Pts',(34.0371536200729,-17.5956284500428,1.35075451295167));
#9829=CARTESIAN_POINT('Ctrl Pts',(34.3553617402483,-17.2818009188393,1.23923890945713));
#9830=CARTESIAN_POINT('Ctrl Pts',(34.3733710115261,-17.6568408407947,0.245892291642119));
#9831=CARTESIAN_POINT('Ctrl Pts',(34.3630976394781,-17.4356539977859,-2.08445236812936));
#9832=CARTESIAN_POINT('Ctrl Pts',(34.2196747679834,-14.4903043812728,-3.99288294117031));
#9833=CARTESIAN_POINT('Ctrl Pts',(34.0451448520269,-11.1920218238239,-2.86668037503129));
#9834=CARTESIAN_POINT('Ctrl Pts',(33.9793203104559,-10.0207661386151,0.357546777649899));
#9835=CARTESIAN_POINT('Ctrl Pts',(34.0761565050795,-11.7557684655954,3.33393561299876));
#9836=CARTESIAN_POINT('Ctrl Pts',(34.255693980539,-15.2096113283439,3.82874192936801));
#9837=CARTESIAN_POINT('Ctrl Pts',(34.3373524689706,-16.9067609968838,2.2325855272722));
#9838=CARTESIAN_POINT('Ctrl Pts',(34.3553617402483,-17.2818009188393,1.23923890945713));
#9839=CARTESIAN_POINT('Ctrl Pts',(34.6735698604238,-16.9679733876357,1.12772330596259));
#9840=CARTESIAN_POINT('Ctrl Pts',(34.6900690568778,-17.3111959162608,0.224420807498393));
#9841=CARTESIAN_POINT('Ctrl Pts',(34.680622711173,-17.1081763095034,-1.90035483028131));
#9842=CARTESIAN_POINT('Ctrl Pts',(34.5494788773025,-14.4171343517399,-3.61882534976706));
#9843=CARTESIAN_POINT('Ctrl Pts',(34.3922707264625,-11.4463718552067,-2.57532304228719));
#9844=CARTESIAN_POINT('Ctrl Pts',(34.3337375979505,-10.4058429499459,0.320112778096239));
#9845=CARTESIAN_POINT('Ctrl Pts',(34.4199836956543,-11.9499112814854,3.0000732676374));
#9846=CARTESIAN_POINT('Ctrl Pts',(34.582258757422,-15.0715268429055,3.47522398628674));
#9847=CARTESIAN_POINT('Ctrl Pts',(34.6570706639697,-16.6247508590106,2.03102580442679));
#9848=CARTESIAN_POINT('Ctrl Pts',(34.6735698604238,-16.9679733876357,1.12772330596259));
#9849=CARTESIAN_POINT('',(34.6735698604238,-16.9679733876357,1.12772330596259));
#9850=CARTESIAN_POINT('',(33.7189454998975,-17.9094559812464,1.46227011644621));
#9851=CARTESIAN_POINT('',(34.6832936061288,-17.169400068753,-0.0011683050126128));
#9852=CARTESIAN_POINT('Ctrl Pts',(34.6735698604238,-16.9679733876357,1.12772330596259));
#9853=CARTESIAN_POINT('Ctrl Pts',(34.6801377414687,-17.1046009346947,0.768143166768977));
#9854=CARTESIAN_POINT('Ctrl Pts',(34.6833426846949,-17.1707553334944,0.383354059021832));
#9855=CARTESIAN_POINT('Ctrl Pts',(34.6832936061288,-17.169400068753,-0.00116830501261257));
#9856=CARTESIAN_POINT('Ctrl Pts',(34.6832936061288,-17.169400068753,-0.00116830501261257));
#9857=CARTESIAN_POINT('Ctrl Pts',(34.683219394261,-17.1673507682987,-0.582605887839001));
#9858=CARTESIAN_POINT('Ctrl Pts',(34.6632211142116,-16.7510994559969,-2.12838027751426));
#9859=CARTESIAN_POINT('Ctrl Pts',(34.5494788773025,-14.4171343517399,-3.61882534976706));
#9860=CARTESIAN_POINT('Ctrl Pts',(34.3922707264625,-11.4463718552067,-2.57532304228719));
#9861=CARTESIAN_POINT('Ctrl Pts',(34.3337375979505,-10.4058429499459,0.320112778096239));
#9862=CARTESIAN_POINT('Ctrl Pts',(34.4199836956543,-11.9499112814854,3.0000732676374));
#9863=CARTESIAN_POINT('Ctrl Pts',(34.582258757422,-15.0715268429055,3.47522398628674));
#9864=CARTESIAN_POINT('Ctrl Pts',(34.6570706639697,-16.6247508590106,2.03102580442679));
#9865=CARTESIAN_POINT('Ctrl Pts',(34.6735698604238,-16.9679733876357,1.12772330596259));
#9866=CARTESIAN_POINT('Origin',(110.,-14.0000001490116,0.));
#9867=CARTESIAN_POINT('',(110.,-17.1750001490116,-3.88825358729285E-16));
#9868=CARTESIAN_POINT('Ctrl Pts',(25.9552114865286,71.1030018587905,-0.121518377447133));
#9869=CARTESIAN_POINT('Ctrl Pts',(26.0053087483013,70.7072905121081,-1.1684466111128));
#9870=CARTESIAN_POINT('Ctrl Pts',(25.9920744181276,70.8138402171062,-3.58696597975101));
#9871=CARTESIAN_POINT('Ctrl Pts',(25.7651512079294,72.6008207165032,-5.19344329538428));
#9872=CARTESIAN_POINT('Ctrl Pts',(25.6020869520464,73.8659631184605,-5.62527892901667));
#9873=CARTESIAN_POINT('Ctrl Pts',(25.5731506784844,74.0900756665563,-5.68262941728874));
#9874=CARTESIAN_POINT('Ctrl Pts',(25.5228726499507,74.4784502463753,-5.74716358789309));
#9875=CARTESIAN_POINT('Ctrl Pts',(25.5018275270621,74.6407586884866,-5.76452155318921));
#9876=CARTESIAN_POINT('Ctrl Pts',(25.3819509799682,75.5637016893256,-5.80829207417992));
#9877=CARTESIAN_POINT('Ctrl Pts',(25.1808584774913,77.0988396089815,-5.45229376140009));
#9878=CARTESIAN_POINT('Ctrl Pts',(24.9544451369779,78.8016511716215,-3.79050221032632));
#9879=CARTESIAN_POINT('Ctrl Pts',(24.8766789333521,79.3817130499299,-1.4623814206521));
#9880=CARTESIAN_POINT('Ctrl Pts',(24.9737943749759,78.6570069877915,0.820237484524444));
#9881=CARTESIAN_POINT('Ctrl Pts',(25.2130647240436,76.8547257755553,2.37575567660867));
#9882=CARTESIAN_POINT('Ctrl Pts',(25.518557600656,74.5180651353621,2.76249085582482));
#9883=CARTESIAN_POINT('Ctrl Pts',(25.8009279590107,72.3206076200924,1.87342643438759));
#9884=CARTESIAN_POINT('Ctrl Pts',(25.920720698317,71.3754398278208,0.599267124640802));
#9885=CARTESIAN_POINT('Ctrl Pts',(25.9552114865286,71.1030018587905,-0.121518377447134));
#9886=CARTESIAN_POINT('Ctrl Pts',(26.2489592938314,71.4174139380161,-0.226199493120211));
#9887=CARTESIAN_POINT('Ctrl Pts',(26.2955645787683,71.0457294934309,-1.19780298049428));
#9888=CARTESIAN_POINT('Ctrl Pts',(26.2832131441651,71.1470395058179,-3.45145951803844));
#9889=CARTESIAN_POINT('Ctrl Pts',(26.0721040129931,72.8222019028914,-4.92803936238034));
#9890=CARTESIAN_POINT('Ctrl Pts',(25.9213013803037,73.9953368389533,-5.31438134501318));
#9891=CARTESIAN_POINT('Ctrl Pts',(25.8945476925196,74.2030296582135,-5.36513507596639));
#9892=CARTESIAN_POINT('Ctrl Pts',(25.8481331632062,74.5620104259209,-5.42068773472301));
#9893=CARTESIAN_POINT('Ctrl Pts',(25.8287121075009,74.7119100145365,-5.43501230049387));
#9894=CARTESIAN_POINT('Ctrl Pts',(25.7182034975427,75.5629590796719,-5.46583555831695));
#9895=CARTESIAN_POINT('Ctrl Pts',(25.5334784661752,76.9693898382844,-5.12118366114658));
#9896=CARTESIAN_POINT('Ctrl Pts',(25.3272160222208,78.5090242403384,-3.59115599222452));
#9897=CARTESIAN_POINT('Ctrl Pts',(25.2567963002276,79.0288933590767,-1.47502811124606));
#9898=CARTESIAN_POINT('Ctrl Pts',(25.3447829768855,78.3789247208079,0.600629208573387));
#9899=CARTESIAN_POINT('Ctrl Pts',(25.5629672951944,76.7470368320895,2.03689930085387));
#9900=CARTESIAN_POINT('Ctrl Pts',(25.8438216799818,74.6031141468495,2.41930670258945));
#9901=CARTESIAN_POINT('Ctrl Pts',(26.1053767482689,72.5601288702632,1.61999335869082));
#9902=CARTESIAN_POINT('Ctrl Pts',(26.216821918907,71.6734152654359,0.442901708533437));
#9903=CARTESIAN_POINT('Ctrl Pts',(26.2489592938314,71.4174139380161,-0.22619949312021));
#9904=CARTESIAN_POINT('Ctrl Pts',(26.5427071011341,71.7318260172416,-0.330880608793288));
#9905=CARTESIAN_POINT('Ctrl Pts',(26.5859317076141,71.3843190285647,-1.22675817283782));
#9906=CARTESIAN_POINT('Ctrl Pts',(26.5743391245953,71.4802937482755,-3.31610322202198));
#9907=CARTESIAN_POINT('Ctrl Pts',(26.3791318524404,73.0430403728826,-4.66249075510685));
#9908=CARTESIAN_POINT('Ctrl Pts',(26.2404995318207,74.1251372803972,-5.00354264926554));
#9909=CARTESIAN_POINT('Ctrl Pts',(26.2159547628298,74.316112845761,-5.04763751821673));
#9910=CARTESIAN_POINT('Ctrl Pts',(26.1733863099304,74.6458826988293,-5.09423416953693));
#9911=CARTESIAN_POINT('Ctrl Pts',(26.1556009560397,74.7832844635827,-5.10554051570607));
#9912=CARTESIAN_POINT('Ctrl Pts',(26.0544284363988,75.562530770044,-5.12330880542679));
#9913=CARTESIAN_POINT('Ctrl Pts',(25.8861418697196,76.8397532897536,-4.79080439172827));
#9914=CARTESIAN_POINT('Ctrl Pts',(25.7000463661247,78.2159199149046,-3.39133028082489));
#9915=CARTESIAN_POINT('Ctrl Pts',(25.6368430903995,78.6767087510196,-1.48825261707399));
#9916=CARTESIAN_POINT('Ctrl Pts',(25.715798542841,78.1006608265343,0.381687048493601));
#9917=CARTESIAN_POINT('Ctrl Pts',(25.9128540454191,76.6394499157052,1.69828375919014));
#9918=CARTESIAN_POINT('Ctrl Pts',(26.1690739481313,74.6883665752856,2.07590860952712));
#9919=CARTESIAN_POINT('Ctrl Pts',(26.4097516985175,72.8001666738062,1.36700105875571));
#9920=CARTESIAN_POINT('Ctrl Pts',(26.5129987054456,71.9709711016308,0.285735036230571));
#9921=CARTESIAN_POINT('Ctrl Pts',(26.5427071011341,71.7318260172416,-0.330880608793285));
#9922=CARTESIAN_POINT('Ctrl Pts',(26.8364549084369,72.0462380964672,-0.435561724466366));
#9923=CARTESIAN_POINT('Ctrl Pts',(26.8761875380812,71.7227580098874,-1.2561145422193));
#9924=CARTESIAN_POINT('Ctrl Pts',(26.8654778506327,71.8134930369871,-3.1805967603094));
#9925=CARTESIAN_POINT('Ctrl Pts',(26.6860846575042,73.2644215592708,-4.39708682210291));
#9926=CARTESIAN_POINT('Ctrl Pts',(26.559713960078,74.2545110008899,-4.69264506526204));
#9927=CARTESIAN_POINT('Ctrl Pts',(26.5373517768649,74.4290668374182,-4.73014317689438));
#9928=CARTESIAN_POINT('Ctrl Pts',(26.4986468231859,74.7294428783749,-4.76775831636685));
#9929=CARTESIAN_POINT('Ctrl Pts',(26.4824855364784,74.8544357896326,-4.77603126301073));
#9930=CARTESIAN_POINT('Ctrl Pts',(26.3906809539733,75.5617881603903,-4.78085228956382));
#9931=CARTESIAN_POINT('Ctrl Pts',(26.2387618584035,76.7103035190566,-4.45969429147476));
#9932=CARTESIAN_POINT('Ctrl Pts',(26.0728172513676,77.9232929836215,-3.19198406272308));
#9933=CARTESIAN_POINT('Ctrl Pts',(26.0169604572749,78.3238890601663,-1.50089930766794));
#9934=CARTESIAN_POINT('Ctrl Pts',(26.0867871447507,77.8225785595507,0.162078772542544));
#9935=CARTESIAN_POINT('Ctrl Pts',(26.26275661657,76.5317609722394,1.35942738343534));
#9936=CARTESIAN_POINT('Ctrl Pts',(26.4943380274571,74.773415586773,1.73272445629175));
#9937=CARTESIAN_POINT('Ctrl Pts',(26.7142004877757,73.0396879239771,1.11356798305894));
#9938=CARTESIAN_POINT('Ctrl Pts',(26.8090999260356,72.2689465392459,0.129369620123206));
#9939=CARTESIAN_POINT('Ctrl Pts',(26.8364549084369,72.0462380964672,-0.435561724466361));
#9940=CARTESIAN_POINT('',(26.8364549084369,72.0462380964672,-0.435561724466366));
#9941=CARTESIAN_POINT('',(25.9552114865286,71.1030018587905,-0.121518377447133));
#9942=CARTESIAN_POINT('',(26.8629687008513,71.8309945728631,-1.60159864902417));
#9943=CARTESIAN_POINT('Ctrl Pts',(26.8364549084369,72.0462380964672,-0.435561724466366));
#9944=CARTESIAN_POINT('Ctrl Pts',(26.8543534083327,71.9005188639929,-0.805199089386825));
#9945=CARTESIAN_POINT('Ctrl Pts',(26.8631024675096,71.82964856404,-1.203588755665));
#9946=CARTESIAN_POINT('Ctrl Pts',(26.8629687008513,71.830994572863,-1.60159864902417));
#9947=CARTESIAN_POINT('Ctrl Pts',(26.8629687008513,71.830994572863,-1.60159864902417));
#9948=CARTESIAN_POINT('Ctrl Pts',(26.8628055207752,71.8326365502051,-2.08712535256636));
#9949=CARTESIAN_POINT('Ctrl Pts',(26.8250719037162,72.1402955194486,-3.45459507654495));
#9950=CARTESIAN_POINT('Ctrl Pts',(26.6860846575042,73.2644215592708,-4.39708682210291));
#9951=CARTESIAN_POINT('Ctrl Pts',(26.559713960078,74.2545110008899,-4.69264506526204));
#9952=CARTESIAN_POINT('Ctrl Pts',(26.5373517768649,74.4290668374182,-4.73014317689438));
#9953=CARTESIAN_POINT('Ctrl Pts',(26.4986468231859,74.7294428783749,-4.76775831636685));
#9954=CARTESIAN_POINT('Ctrl Pts',(26.4824855364784,74.8544357896326,-4.77603126301073));
#9955=CARTESIAN_POINT('Ctrl Pts',(26.3906809539733,75.5617881603903,-4.78085228956382));
#9956=CARTESIAN_POINT('Ctrl Pts',(26.2387618584035,76.7103035190566,-4.45969429147476));
#9957=CARTESIAN_POINT('Ctrl Pts',(26.0728172513676,77.9232929836215,-3.19198406272308));
#9958=CARTESIAN_POINT('Ctrl Pts',(26.0169604572749,78.3238890601663,-1.50089930766794));
#9959=CARTESIAN_POINT('Ctrl Pts',(26.0867871447507,77.8225785595507,0.162078772542544));
#9960=CARTESIAN_POINT('Ctrl Pts',(26.26275661657,76.5317609722394,1.35942738343534));
#9961=CARTESIAN_POINT('Ctrl Pts',(26.4943380274571,74.773415586773,1.73272445629175));
#9962=CARTESIAN_POINT('Ctrl Pts',(26.7142004877757,73.0396879239771,1.11356798305894));
#9963=CARTESIAN_POINT('Ctrl Pts',(26.8090999260356,72.2689465392459,0.129369620123206));
#9964=CARTESIAN_POINT('Ctrl Pts',(26.8364549084369,72.0462380964672,-0.435561724466361));
#9965=CARTESIAN_POINT('Origin',(110.,74.9999998509884,-1.6));
#9966=CARTESIAN_POINT('',(110.,71.8249998509884,-1.6));
#9967=CARTESIAN_POINT('Ctrl Pts',(20.1995579927142,110.987192693826,1.09999995529652));
#9968=CARTESIAN_POINT('Ctrl Pts',(20.5221525593563,108.996329434657,1.09999995529652));
#9969=CARTESIAN_POINT('Ctrl Pts',(20.8395907025078,107.004634002553,1.09999995529651));
#9970=CARTESIAN_POINT('Ctrl Pts',(21.151858995766,105.012124956157,1.09999995529651));
#9971=CARTESIAN_POINT('Ctrl Pts',(20.5285996292373,111.040509788133,0.766666621963183));
#9972=CARTESIAN_POINT('Ctrl Pts',(20.8512862482464,109.049078436088,0.766666621963184));
#9973=CARTESIAN_POINT('Ctrl Pts',(21.1688150651599,107.056814100894,0.766666621963182));
#9974=CARTESIAN_POINT('Ctrl Pts',(21.4811726405479,105.063735366653,0.766666621963182));
#9975=CARTESIAN_POINT('Ctrl Pts',(20.8576412657603,111.09382688244,0.43333328862985));
#9976=CARTESIAN_POINT('Ctrl Pts',(21.1804199371364,109.101827437518,0.43333328862985));
#9977=CARTESIAN_POINT('Ctrl Pts',(21.4980394278121,107.108994199236,0.433333288629849));
#9978=CARTESIAN_POINT('Ctrl Pts',(21.8104862853297,105.11534577715,0.433333288629849));
#9979=CARTESIAN_POINT('Ctrl Pts',(21.1866829022834,111.147143976747,0.0999999552965165));
#9980=CARTESIAN_POINT('Ctrl Pts',(21.5095536260264,109.154576438949,0.0999999552965165));
#9981=CARTESIAN_POINT('Ctrl Pts',(21.8272637904642,107.161174297577,0.0999999552965165));
#9982=CARTESIAN_POINT('Ctrl Pts',(22.1397999301115,105.166956187646,0.0999999552965165));
#9983=CARTESIAN_POINT('',(21.371978312077,109.999999403961,0.0999999552965165));
#9984=CARTESIAN_POINT('',(22.0089360505343,105.999999403958,0.0999999552965165));
#9985=CARTESIAN_POINT('Ctrl Pts',(21.3719783097576,109.999999403587,0.0999999552965165));
#9986=CARTESIAN_POINT('Ctrl Pts',(21.5866087569367,108.667035992037,0.0999999552965165));
#9987=CARTESIAN_POINT('Ctrl Pts',(21.7989293464966,107.33370080003,0.0999999552965165));
#9988=CARTESIAN_POINT('Ctrl Pts',(22.0089360491468,105.99999940374,0.0999999552965165));
#9989=CARTESIAN_POINT('',(21.9966041234116,105.999999403954,0.112181786467577));
#9990=CARTESIAN_POINT('Ctrl Pts',(22.0089360505357,105.999999403954,0.0999999552965165));
#9991=CARTESIAN_POINT('Ctrl Pts',(22.004825408437,105.999999403954,0.104060565939564));
#9992=CARTESIAN_POINT('Ctrl Pts',(22.0007147660621,105.999999403954,0.108121176330144));
#9993=CARTESIAN_POINT('Ctrl Pts',(21.9966041234116,105.999999403954,0.112181786467599));
#9994=CARTESIAN_POINT('Ctrl Pts',(21.9966041546367,105.999999196771,0.112181786438501));
#9995=CARTESIAN_POINT('Ctrl Pts',(21.8574910888502,105.837315594042,0.274906538793649));
#9996=CARTESIAN_POINT('Ctrl Pts',(21.7184075274495,105.674666465017,0.437571933855899));
#9997=CARTESIAN_POINT('Ctrl Pts',(21.5793161710281,105.512008218791,0.600221567842926));
#9998=CARTESIAN_POINT('Ctrl Pts',(21.4368386335914,105.345390055288,0.766830909441727));
#9999=CARTESIAN_POINT('Ctrl Pts',(21.2943528881622,105.17876228931,0.933423742599742));
#10000=CARTESIAN_POINT('Ctrl Pts',(21.151858995766,105.012124956157,1.09999995529651));
#10001=CARTESIAN_POINT('',(21.359086699944,109.999999403954,0.112727628502713));
#10002=CARTESIAN_POINT('Ctrl Pts',(20.1995579927142,110.987192693826,1.09999995529651));
#10003=CARTESIAN_POINT('Ctrl Pts',(20.3905568662053,110.824581104214,0.937470141950077));
#10004=CARTESIAN_POINT('Ctrl Pts',(20.5815394713984,110.661983365017,0.774907294120744));
#10005=CARTESIAN_POINT('Ctrl Pts',(20.9680498025376,110.332918286259,0.445818089953406));
#10006=CARTESIAN_POINT('Ctrl Pts',(21.1635767817537,110.166451582444,0.27929009821472));
#10007=CARTESIAN_POINT('Ctrl Pts',(21.359086699944,109.999999403954,0.112727628502714));
#10008=CARTESIAN_POINT('Ctrl Pts',(21.359086699944,109.999999403954,0.112727628502713));
#10009=CARTESIAN_POINT('Ctrl Pts',(21.363383904303,109.999999403954,0.108485071056343));
#10010=CARTESIAN_POINT('Ctrl Pts',(21.3676811083484,109.999999403954,0.104242513320695));
#10011=CARTESIAN_POINT('Ctrl Pts',(21.3719783120793,109.999999403954,0.0999999552965165));
#10012=CARTESIAN_POINT('Ctrl Pts',(21.151858995766,105.012124956157,1.09999995529655));
#10013=CARTESIAN_POINT('Ctrl Pts',(21.151858995766,105.012124956157,-0.900000044703121));
#10014=CARTESIAN_POINT('Ctrl Pts',(21.151858995766,105.012124956157,-2.90000004470348));
#10015=CARTESIAN_POINT('Ctrl Pts',(21.151858995766,105.012124956157,-4.90000004470349));
#10016=CARTESIAN_POINT('Ctrl Pts',(21.4334407049812,105.341416438756,1.09999995529653));
#10017=CARTESIAN_POINT('Ctrl Pts',(21.4334407049812,105.341416438756,-0.900000044703227));
#10018=CARTESIAN_POINT('Ctrl Pts',(21.4334407049812,105.341416438756,-2.90000004470348));
#10019=CARTESIAN_POINT('Ctrl Pts',(21.4334407049812,105.341416438756,-4.90000004470349));
#10020=CARTESIAN_POINT('Ctrl Pts',(21.7150224141964,105.670707921355,1.09999995529652));
#10021=CARTESIAN_POINT('Ctrl Pts',(21.7150224141964,105.670707921355,-0.900000044703336));
#10022=CARTESIAN_POINT('Ctrl Pts',(21.7150224141964,105.670707921355,-2.90000004470348));
#10023=CARTESIAN_POINT('Ctrl Pts',(21.7150224141964,105.670707921355,-4.90000004470349));
#10024=CARTESIAN_POINT('Ctrl Pts',(21.9966041234116,105.999999403954,1.0999999552965));
#10025=CARTESIAN_POINT('Ctrl Pts',(21.9966041234116,105.999999403954,-0.900000044703442));
#10026=CARTESIAN_POINT('Ctrl Pts',(21.9966041234116,105.999999403954,-2.90000004470348));
#10027=CARTESIAN_POINT('Ctrl Pts',(21.9966041234116,105.999999403954,-4.90000004470349));
#10028=CARTESIAN_POINT('',(21.9966041234116,105.999999403954,0.0999999552965166));
#10029=CARTESIAN_POINT('Ctrl Pts',(21.9966041234116,105.999999403954,0.0999999552965279));
#10030=CARTESIAN_POINT('Ctrl Pts',(21.9966041234116,105.999999403954,0.104060565686881));
#10031=CARTESIAN_POINT('Ctrl Pts',(21.9966041234116,105.999999403954,0.108121176077233));
#10032=CARTESIAN_POINT('Ctrl Pts',(21.9966041234116,105.999999403954,0.112181786467585));
#10033=CARTESIAN_POINT('',(21.9966041234116,105.999999403954,-3.90000004470348));
#10034=CARTESIAN_POINT('Ctrl Pts',(21.9966041234116,105.999999403954,0.099999955296527));
#10035=CARTESIAN_POINT('Ctrl Pts',(21.9966041234116,105.999999403954,-1.23333337803679));
#10036=CARTESIAN_POINT('Ctrl Pts',(21.9966041234116,105.999999403954,-2.56666671137014));
#10037=CARTESIAN_POINT('Ctrl Pts',(21.9966041234116,105.999999403954,-3.90000004470348));
#10038=CARTESIAN_POINT('',(21.9966041234116,105.999999403954,-3.91218187587454));
#10039=CARTESIAN_POINT('Ctrl Pts',(21.9966041234116,105.999999403954,-3.90000004470348));
#10040=CARTESIAN_POINT('Ctrl Pts',(21.9966041234116,105.999999403954,-3.90406065509383));
#10041=CARTESIAN_POINT('Ctrl Pts',(21.9966041234116,105.999999403954,-3.90812126548418));
#10042=CARTESIAN_POINT('Ctrl Pts',(21.9966041234116,105.999999403954,-3.91218187587453));
#10043=CARTESIAN_POINT('Ctrl Pts',(21.9966041546975,105.999999196394,-3.91218187584546));
#10044=CARTESIAN_POINT('Ctrl Pts',(21.8541456974067,105.833403377931,-4.0788198336079));
#10045=CARTESIAN_POINT('Ctrl Pts',(21.7117154858514,105.66684056031,-4.24539869674606));
#10046=CARTESIAN_POINT('Ctrl Pts',(21.5692771018252,105.50026818366,-4.4119610274536));
#10047=CARTESIAN_POINT('Ctrl Pts',(21.4301455404275,105.337562919854,-4.57465647854163));
#10048=CARTESIAN_POINT('Ctrl Pts',(21.2910061528213,105.174848500146,-4.7373361856425));
#10049=CARTESIAN_POINT('Ctrl Pts',(21.151858995766,105.012124956157,-4.90000004470349));
#10050=CARTESIAN_POINT('Ctrl Pts',(21.151858995766,105.012124956157,-4.90000004470349));
#10051=CARTESIAN_POINT('Ctrl Pts',(20.8395907025237,107.004634002451,-4.90000004470349));
#10052=CARTESIAN_POINT('Ctrl Pts',(20.5221525603668,108.996329428421,-4.9000000447035));
#10053=CARTESIAN_POINT('Ctrl Pts',(20.1995579927142,110.987192693826,-4.90000004470349));
#10054=CARTESIAN_POINT('Ctrl Pts',(21.4811726405479,105.063735366653,-4.56666671137015));
#10055=CARTESIAN_POINT('Ctrl Pts',(21.1688150651759,107.056814100793,-4.56666671137015));
#10056=CARTESIAN_POINT('Ctrl Pts',(20.8512862492571,109.04907842985,-4.56666671137016));
#10057=CARTESIAN_POINT('Ctrl Pts',(20.5285996292373,111.040509788133,-4.56666671137016));
#10058=CARTESIAN_POINT('Ctrl Pts',(21.8104862853297,105.11534577715,-4.23333337803682));
#10059=CARTESIAN_POINT('Ctrl Pts',(21.498039427828,107.108994199134,-4.23333337803682));
#10060=CARTESIAN_POINT('Ctrl Pts',(21.1804199381474,109.101827431279,-4.23333337803682));
#10061=CARTESIAN_POINT('Ctrl Pts',(20.8576412657603,111.09382688244,-4.23333337803682));
#10062=CARTESIAN_POINT('Ctrl Pts',(22.1397999301115,105.166956187646,-3.90000004470348));
#10063=CARTESIAN_POINT('Ctrl Pts',(21.8272637904801,107.161174297476,-3.90000004470348));
#10064=CARTESIAN_POINT('Ctrl Pts',(21.5095536270377,109.154576432708,-3.90000004470348));
#10065=CARTESIAN_POINT('Ctrl Pts',(21.1866829022834,111.147143976747,-3.90000004470348));
#10066=CARTESIAN_POINT('',(22.0089360505343,105.999999403958,-3.90000004470348));
#10067=CARTESIAN_POINT('Ctrl Pts',(21.9966041234116,105.999999403954,-3.91218187587454));
#10068=CARTESIAN_POINT('Ctrl Pts',(22.0007147660623,105.999999403954,-3.90812126573695));
#10069=CARTESIAN_POINT('Ctrl Pts',(22.0048254084372,105.999999403954,-3.90406065534638));
#10070=CARTESIAN_POINT('Ctrl Pts',(22.0089360505357,105.999999403954,-3.90000004470348));
#10071=CARTESIAN_POINT('',(21.371978312077,109.999999403961,-3.90000004470348));
#10072=CARTESIAN_POINT('Ctrl Pts',(22.0089360491482,105.99999940374,-3.90000004470348));
#10073=CARTESIAN_POINT('Ctrl Pts',(21.7989293465463,107.333700799747,-3.90000004470348));
#10074=CARTESIAN_POINT('Ctrl Pts',(21.5866087572845,108.667035989917,-3.90000004470348));
#10075=CARTESIAN_POINT('Ctrl Pts',(21.3719783097599,109.999999403587,-3.90000004470348));
#10076=CARTESIAN_POINT('',(21.359086699944,109.999999403954,-3.91272771790968));
#10077=CARTESIAN_POINT('Ctrl Pts',(21.3719783120793,109.999999403954,-3.90000004470348));
#10078=CARTESIAN_POINT('Ctrl Pts',(21.3676811083483,109.999999403954,-3.9042426027277));
#10079=CARTESIAN_POINT('Ctrl Pts',(21.363383904303,109.999999403954,-3.90848516046335));
#10080=CARTESIAN_POINT('Ctrl Pts',(21.359086699944,109.999999403954,-3.91272771790971));
#10081=CARTESIAN_POINT('Ctrl Pts',(21.359086699944,109.999999403954,-3.91272771790968));
#10082=CARTESIAN_POINT('Ctrl Pts',(21.1682322497003,110.162488035281,-4.07532401421204));
#10083=CARTESIAN_POINT('Ctrl Pts',(20.9773615417545,110.324990508004,-4.23788745455208));
#10084=CARTESIAN_POINT('Ctrl Pts',(20.5908528165801,110.654054219484,-4.5669799116143));
#10085=CARTESIAN_POINT('Ctrl Pts',(20.3952139400445,110.820616189835,-4.7335073109063));
#10086=CARTESIAN_POINT('Ctrl Pts',(20.1995579927142,110.987192693826,-4.90000004470349));
#10087=CARTESIAN_POINT('Ctrl Pts',(20.1995579927142,110.987192693826,-4.90000004470349));
#10088=CARTESIAN_POINT('Ctrl Pts',(20.1995579927142,110.987192693826,-2.90000004470349));
#10089=CARTESIAN_POINT('Ctrl Pts',(20.1995579927142,110.987192693826,-0.900000044703487));
#10090=CARTESIAN_POINT('Ctrl Pts',(20.1995579927142,110.987192693826,1.09999995529652));
#10091=CARTESIAN_POINT('Ctrl Pts',(20.5860675617908,110.658128263869,-4.90000004470349));
#10092=CARTESIAN_POINT('Ctrl Pts',(20.5860675617908,110.658128263869,-2.90000004470349));
#10093=CARTESIAN_POINT('Ctrl Pts',(20.5860675617908,110.658128263869,-0.900000044703485));
#10094=CARTESIAN_POINT('Ctrl Pts',(20.5860675617908,110.658128263869,1.09999995529652));
#10095=CARTESIAN_POINT('Ctrl Pts',(20.9725771308674,110.329063833911,-4.90000004470349));
#10096=CARTESIAN_POINT('Ctrl Pts',(20.9725771308674,110.329063833911,-2.90000004470349));
#10097=CARTESIAN_POINT('Ctrl Pts',(20.9725771308674,110.329063833911,-0.900000044703485));
#10098=CARTESIAN_POINT('Ctrl Pts',(20.9725771308674,110.329063833911,1.09999995529652));
#10099=CARTESIAN_POINT('Ctrl Pts',(21.359086699944,109.999999403954,-4.90000004470349));
#10100=CARTESIAN_POINT('Ctrl Pts',(21.359086699944,109.999999403954,-2.90000004470349));
#10101=CARTESIAN_POINT('Ctrl Pts',(21.359086699944,109.999999403954,-0.900000044703483));
#10102=CARTESIAN_POINT('Ctrl Pts',(21.359086699944,109.999999403954,1.09999995529652));
#10103=CARTESIAN_POINT('',(21.359086699944,109.999999403954,-3.90000004470348));
#10104=CARTESIAN_POINT('Ctrl Pts',(21.359086699944,109.999999403954,-3.90000004470348));
#10105=CARTESIAN_POINT('Ctrl Pts',(21.359086699944,109.999999403954,-3.90424260243888));
#10106=CARTESIAN_POINT('Ctrl Pts',(21.359086699944,109.999999403954,-3.90848516017428));
#10107=CARTESIAN_POINT('Ctrl Pts',(21.359086699944,109.999999403954,-3.91272771790968));
#10108=CARTESIAN_POINT('',(21.359086699944,109.999999403954,0.0999999552965166));
#10109=CARTESIAN_POINT('Ctrl Pts',(21.359086699944,109.999999403954,-3.90000004470348));
#10110=CARTESIAN_POINT('Ctrl Pts',(21.359086699944,109.999999403954,-2.56666671137015));
#10111=CARTESIAN_POINT('Ctrl Pts',(21.359086699944,109.999999403954,-1.23333337803682));
#10112=CARTESIAN_POINT('Ctrl Pts',(21.359086699944,109.999999403954,0.0999999552965163));
#10113=CARTESIAN_POINT('Ctrl Pts',(21.359086699944,109.999999403954,0.112727628502713));
#10114=CARTESIAN_POINT('Ctrl Pts',(21.359086699944,109.999999403954,0.108485070767314));
#10115=CARTESIAN_POINT('Ctrl Pts',(21.359086699944,109.999999403954,0.104242513031915));
#10116=CARTESIAN_POINT('Ctrl Pts',(21.359086699944,109.999999403954,0.0999999552965163));
#10117=CARTESIAN_POINT('Origin',(43.,109.999999403954,-3.90000004470348));
#10118=CARTESIAN_POINT('',(43.,105.999999403954,-3.90000004470348));
#10119=CARTESIAN_POINT('',(43.,109.999999403954,-3.90000004470348));
#10120=CARTESIAN_POINT('Origin',(43.,105.999999403954,-3.90000004470348));
#10121=CARTESIAN_POINT('',(43.,105.999999403954,0.0999999552965165));
#10122=CARTESIAN_POINT('Ctrl Pts',(-22.1397999301115,105.166956187646,-3.90000004470348));
#10123=CARTESIAN_POINT('Ctrl Pts',(-21.8272637904801,107.161174297476,-3.90000004470348));
#10124=CARTESIAN_POINT('Ctrl Pts',(-21.5095536270377,109.154576432708,-3.90000004470348));
#10125=CARTESIAN_POINT('Ctrl Pts',(-21.1866829022834,111.147143976747,-3.90000004470348));
#10126=CARTESIAN_POINT('Ctrl Pts',(-21.8104862853297,105.11534577715,-4.23333337803682));
#10127=CARTESIAN_POINT('Ctrl Pts',(-21.498039427828,107.108994199134,-4.23333337803682));
#10128=CARTESIAN_POINT('Ctrl Pts',(-21.1804199381474,109.101827431279,-4.23333337803682));
#10129=CARTESIAN_POINT('Ctrl Pts',(-20.8576412657603,111.09382688244,-4.23333337803682));
#10130=CARTESIAN_POINT('Ctrl Pts',(-21.4811726405479,105.063735366653,-4.56666671137015));
#10131=CARTESIAN_POINT('Ctrl Pts',(-21.1688150651759,107.056814100793,-4.56666671137015));
#10132=CARTESIAN_POINT('Ctrl Pts',(-20.8512862492571,109.04907842985,-4.56666671137016));
#10133=CARTESIAN_POINT('Ctrl Pts',(-20.5285996292373,111.040509788133,-4.56666671137016));
#10134=CARTESIAN_POINT('Ctrl Pts',(-21.151858995766,105.012124956157,-4.90000004470349));
#10135=CARTESIAN_POINT('Ctrl Pts',(-20.8395907025237,107.004634002451,-4.90000004470349));
#10136=CARTESIAN_POINT('Ctrl Pts',(-20.5221525603668,108.996329428421,-4.9000000447035));
#10137=CARTESIAN_POINT('Ctrl Pts',(-20.1995579927142,110.987192693826,-4.90000004470349));
#10138=CARTESIAN_POINT('',(-21.371978312077,109.999999403961,-3.90000004470348));
#10139=CARTESIAN_POINT('',(-22.0089360505343,105.999999403958,-3.90000004470348));
#10140=CARTESIAN_POINT('Ctrl Pts',(-21.3719783097599,109.999999403587,-3.90000004470348));
#10141=CARTESIAN_POINT('Ctrl Pts',(-21.5866087572845,108.667035989917,-3.90000004470348));
#10142=CARTESIAN_POINT('Ctrl Pts',(-21.7989293465463,107.333700799747,-3.90000004470348));
#10143=CARTESIAN_POINT('Ctrl Pts',(-22.0089360491482,105.99999940374,-3.90000004470348));
#10144=CARTESIAN_POINT('',(-21.9966041234116,105.999999403954,-3.91218187587454));
#10145=CARTESIAN_POINT('Ctrl Pts',(-22.0089360505357,105.999999403954,-3.90000004470348));
#10146=CARTESIAN_POINT('Ctrl Pts',(-22.0048254084371,105.999999403954,-3.90406065534644));
#10147=CARTESIAN_POINT('Ctrl Pts',(-22.0007147660622,105.999999403954,-3.90812126573702));
#10148=CARTESIAN_POINT('Ctrl Pts',(-21.9966041234115,105.999999403954,-3.91218187587456));
#10149=CARTESIAN_POINT('Ctrl Pts',(-21.9966041546975,105.999999196394,-3.91218187584547));
#10150=CARTESIAN_POINT('Ctrl Pts',(-21.8574910899244,105.837315594974,-4.07490662699559));
#10151=CARTESIAN_POINT('Ctrl Pts',(-21.718407528001,105.674666465445,-4.23757202265226));
#10152=CARTESIAN_POINT('Ctrl Pts',(-21.5793161710464,105.512008218679,-4.4002216572496));
#10153=CARTESIAN_POINT('Ctrl Pts',(-21.4368386333648,105.345390054975,-4.56683099912133));
#10154=CARTESIAN_POINT('Ctrl Pts',(-21.2943528880226,105.178762289147,-4.73342383216996));
#10155=CARTESIAN_POINT('Ctrl Pts',(-21.151858995766,105.012124956157,-4.90000004470349));
#10156=CARTESIAN_POINT('',(-21.359086699944,109.999999403954,-3.91272771790969));
#10157=CARTESIAN_POINT('Ctrl Pts',(-21.359086699944,109.999999403954,-3.91272771790969));
#10158=CARTESIAN_POINT('Ctrl Pts',(-21.1635767817546,110.166451582444,-4.07929018762093));
#10159=CARTESIAN_POINT('Ctrl Pts',(-20.9680498025397,110.332918286257,-4.24581817935866));
#10160=CARTESIAN_POINT('Ctrl Pts',(-20.5815394715584,110.661983364881,-4.5749073833915));
#10161=CARTESIAN_POINT('Ctrl Pts',(-20.3905568662894,110.824581104142,-4.73747023128551));
#10162=CARTESIAN_POINT('Ctrl Pts',(-20.1995579927142,110.987192693826,-4.90000004470349));
#10163=CARTESIAN_POINT('Ctrl Pts',(-21.359086699944,109.999999403954,-3.91272771790969));
#10164=CARTESIAN_POINT('Ctrl Pts',(-21.3633839043023,109.999999403954,-3.90848516046407));
#10165=CARTESIAN_POINT('Ctrl Pts',(-21.3676811083476,109.999999403954,-3.90424260272843));
#10166=CARTESIAN_POINT('Ctrl Pts',(-21.3719783120793,109.999999403954,-3.90000004470348));
#10167=CARTESIAN_POINT('Ctrl Pts',(-21.1866829022834,111.147143976747,0.0999999552965165));
#10168=CARTESIAN_POINT('Ctrl Pts',(-21.5095536260264,109.154576438949,0.0999999552965165));
#10169=CARTESIAN_POINT('Ctrl Pts',(-21.8272637904643,107.161174297577,0.0999999552965165));
#10170=CARTESIAN_POINT('Ctrl Pts',(-22.1397999301115,105.166956187646,0.0999999552965165));
#10171=CARTESIAN_POINT('Ctrl Pts',(-20.8576412657603,111.09382688244,0.43333328862985));
#10172=CARTESIAN_POINT('Ctrl Pts',(-21.1804199371364,109.101827437518,0.43333328862985));
#10173=CARTESIAN_POINT('Ctrl Pts',(-21.4980394278121,107.108994199236,0.433333288629849));
#10174=CARTESIAN_POINT('Ctrl Pts',(-21.8104862853297,105.11534577715,0.433333288629849));
#10175=CARTESIAN_POINT('Ctrl Pts',(-20.5285996292373,111.040509788133,0.766666621963183));
#10176=CARTESIAN_POINT('Ctrl Pts',(-20.8512862482464,109.049078436088,0.766666621963183));
#10177=CARTESIAN_POINT('Ctrl Pts',(-21.16881506516,107.056814100894,0.766666621963182));
#10178=CARTESIAN_POINT('Ctrl Pts',(-21.4811726405479,105.063735366653,0.766666621963182));
#10179=CARTESIAN_POINT('Ctrl Pts',(-20.1995579927142,110.987192693826,1.09999995529652));
#10180=CARTESIAN_POINT('Ctrl Pts',(-20.5221525593563,108.996329434657,1.09999995529652));
#10181=CARTESIAN_POINT('Ctrl Pts',(-20.8395907025078,107.004634002552,1.09999995529652));
#10182=CARTESIAN_POINT('Ctrl Pts',(-21.1518589957661,105.012124956156,1.09999995529652));
#10183=CARTESIAN_POINT('',(-22.0089360505343,105.999999403958,0.0999999552965165));
#10184=CARTESIAN_POINT('',(-21.371978312077,109.999999403961,0.0999999552965165));
#10185=CARTESIAN_POINT('Ctrl Pts',(-22.0089360491468,105.99999940374,0.0999999552965165));
#10186=CARTESIAN_POINT('Ctrl Pts',(-21.7989293464966,107.33370080003,0.0999999552965165));
#10187=CARTESIAN_POINT('Ctrl Pts',(-21.5866087569367,108.667035992037,0.0999999552965165));
#10188=CARTESIAN_POINT('Ctrl Pts',(-21.3719783097576,109.999999403587,0.0999999552965165));
#10189=CARTESIAN_POINT('',(-21.359086699944,109.999999403954,0.112727628502712));
#10190=CARTESIAN_POINT('Ctrl Pts',(-21.3719783120793,109.999999403954,0.0999999552965165));
#10191=CARTESIAN_POINT('Ctrl Pts',(-21.3676811083483,109.999999403954,0.104242513320811));
#10192=CARTESIAN_POINT('Ctrl Pts',(-21.3633839043029,109.999999403954,0.108485071056464));
#10193=CARTESIAN_POINT('Ctrl Pts',(-21.359086699944,109.999999403954,0.112727628502736));
#10194=CARTESIAN_POINT('Ctrl Pts',(-21.359086699944,109.999999403954,0.112727628502715));
#10195=CARTESIAN_POINT('Ctrl Pts',(-21.1682322496472,110.162488035326,0.275323924850266));
#10196=CARTESIAN_POINT('Ctrl Pts',(-20.9773615417229,110.32499050803,0.437887365171985));
#10197=CARTESIAN_POINT('Ctrl Pts',(-20.5908528164329,110.654054219609,0.766979822332609));
#10198=CARTESIAN_POINT('Ctrl Pts',(-20.395213939959,110.820616189908,0.933507221572126));
#10199=CARTESIAN_POINT('Ctrl Pts',(-20.1995579927142,110.987192693826,1.09999995529651));
#10200=CARTESIAN_POINT('',(-21.9966041234116,105.999999403954,0.112181786467571));
#10201=CARTESIAN_POINT('Ctrl Pts',(-21.151858995766,105.012124956157,1.09999995529652));
#10202=CARTESIAN_POINT('Ctrl Pts',(-21.2910061528021,105.174848500124,0.937336096257956));
#10203=CARTESIAN_POINT('Ctrl Pts',(-21.4301455403588,105.337562919819,0.774656389207836));
#10204=CARTESIAN_POINT('Ctrl Pts',(-21.5692771018083,105.500268183767,0.611960938046295));
#10205=CARTESIAN_POINT('Ctrl Pts',(-21.7117154853523,105.666840559937,0.445398607889301));
#10206=CARTESIAN_POINT('Ctrl Pts',(-21.8541456964408,105.833403377123,0.278819745279903));
#10207=CARTESIAN_POINT('Ctrl Pts',(-21.9966041546367,105.999999196771,0.112181786438496));
#10208=CARTESIAN_POINT('Ctrl Pts',(-21.9966041234116,105.999999403953,0.112181786467573));
#10209=CARTESIAN_POINT('Ctrl Pts',(-22.0007147660623,105.999999403953,0.108121176329965));
#10210=CARTESIAN_POINT('Ctrl Pts',(-22.0048254084372,105.999999403954,0.104060565939394));
#10211=CARTESIAN_POINT('Ctrl Pts',(-22.0089360505357,105.999999403954,0.0999999552965165));
#10212=CARTESIAN_POINT('Ctrl Pts',(-21.359086699944,109.999999403954,-4.90000004470349));
#10213=CARTESIAN_POINT('Ctrl Pts',(-21.359086699944,109.999999403954,-2.90000004470349));
#10214=CARTESIAN_POINT('Ctrl Pts',(-21.359086699944,109.999999403954,-0.900000044703485));
#10215=CARTESIAN_POINT('Ctrl Pts',(-21.359086699944,109.999999403954,1.09999995529652));
#10216=CARTESIAN_POINT('Ctrl Pts',(-20.9725771308674,110.329063833911,-4.90000004470349));
#10217=CARTESIAN_POINT('Ctrl Pts',(-20.9725771308674,110.329063833911,-2.90000004470349));
#10218=CARTESIAN_POINT('Ctrl Pts',(-20.9725771308674,110.329063833911,-0.900000044703486));
#10219=CARTESIAN_POINT('Ctrl Pts',(-20.9725771308674,110.329063833911,1.09999995529652));
#10220=CARTESIAN_POINT('Ctrl Pts',(-20.5860675617908,110.658128263869,-4.90000004470349));
#10221=CARTESIAN_POINT('Ctrl Pts',(-20.5860675617908,110.658128263869,-2.90000004470349));
#10222=CARTESIAN_POINT('Ctrl Pts',(-20.5860675617908,110.658128263869,-0.900000044703486));
#10223=CARTESIAN_POINT('Ctrl Pts',(-20.5860675617908,110.658128263869,1.09999995529652));
#10224=CARTESIAN_POINT('Ctrl Pts',(-20.1995579927142,110.987192693826,-4.90000004470349));
#10225=CARTESIAN_POINT('Ctrl Pts',(-20.1995579927142,110.987192693826,-2.90000004470349));
#10226=CARTESIAN_POINT('Ctrl Pts',(-20.1995579927142,110.987192693826,-0.900000044703487));
#10227=CARTESIAN_POINT('Ctrl Pts',(-20.1995579927142,110.987192693826,1.09999995529652));
#10228=CARTESIAN_POINT('',(-21.359086699944,109.999999403954,0.0999999552965167));
#10229=CARTESIAN_POINT('Ctrl Pts',(-21.359086699944,109.999999403954,0.099999955296517));
#10230=CARTESIAN_POINT('Ctrl Pts',(-21.359086699944,109.999999403954,0.104242513031916));
#10231=CARTESIAN_POINT('Ctrl Pts',(-21.359086699944,109.999999403954,0.108485070767314));
#10232=CARTESIAN_POINT('Ctrl Pts',(-21.359086699944,109.999999403954,0.112727628502713));
#10233=CARTESIAN_POINT('',(-21.359086699944,109.999999403954,-3.90000004470348));
#10234=CARTESIAN_POINT('Ctrl Pts',(-21.359086699944,109.999999403954,0.099999955296517));
#10235=CARTESIAN_POINT('Ctrl Pts',(-21.359086699944,109.999999403954,-1.23333337803682));
#10236=CARTESIAN_POINT('Ctrl Pts',(-21.359086699944,109.999999403954,-2.56666671137015));
#10237=CARTESIAN_POINT('Ctrl Pts',(-21.359086699944,109.999999403954,-3.90000004470348));
#10238=CARTESIAN_POINT('Ctrl Pts',(-21.359086699944,109.999999403954,-3.90000004470348));
#10239=CARTESIAN_POINT('Ctrl Pts',(-21.359086699944,109.999999403954,-3.90424260243888));
#10240=CARTESIAN_POINT('Ctrl Pts',(-21.359086699944,109.999999403954,-3.90848516017428));
#10241=CARTESIAN_POINT('Ctrl Pts',(-21.359086699944,109.999999403954,-3.91272771790968));
#10242=CARTESIAN_POINT('Ctrl Pts',(-21.9966041234116,105.999999403954,1.09999995529656));
#10243=CARTESIAN_POINT('Ctrl Pts',(-21.9966041234116,105.999999403954,-0.900000044703411));
#10244=CARTESIAN_POINT('Ctrl Pts',(-21.9966041234116,105.999999403954,-2.90000004470348));
#10245=CARTESIAN_POINT('Ctrl Pts',(-21.9966041234116,105.999999403954,-4.9000000447035));
#10246=CARTESIAN_POINT('Ctrl Pts',(-21.7150224141964,105.670707921355,1.09999995529656));
#10247=CARTESIAN_POINT('Ctrl Pts',(-21.7150224141964,105.670707921355,-0.900000044703316));
#10248=CARTESIAN_POINT('Ctrl Pts',(-21.7150224141964,105.670707921355,-2.90000004470348));
#10249=CARTESIAN_POINT('Ctrl Pts',(-21.7150224141964,105.670707921355,-4.9000000447035));
#10250=CARTESIAN_POINT('Ctrl Pts',(-21.4334407049812,105.341416438756,1.09999995529655));
#10251=CARTESIAN_POINT('Ctrl Pts',(-21.4334407049812,105.341416438756,-0.900000044703224));
#10252=CARTESIAN_POINT('Ctrl Pts',(-21.4334407049812,105.341416438756,-2.90000004470347));
#10253=CARTESIAN_POINT('Ctrl Pts',(-21.4334407049812,105.341416438756,-4.9000000447035));
#10254=CARTESIAN_POINT('Ctrl Pts',(-21.151858995766,105.012124956157,1.09999995529655));
#10255=CARTESIAN_POINT('Ctrl Pts',(-21.151858995766,105.012124956157,-0.90000004470313));
#10256=CARTESIAN_POINT('Ctrl Pts',(-21.151858995766,105.012124956157,-2.90000004470348));
#10257=CARTESIAN_POINT('Ctrl Pts',(-21.151858995766,105.012124956157,-4.9000000447035));
#10258=CARTESIAN_POINT('',(-21.9966041234116,105.999999403954,-3.90000004470348));
#10259=CARTESIAN_POINT('',(-21.9966041234116,105.999999403954,0.0999999552965166));
#10260=CARTESIAN_POINT('Ctrl Pts',(-21.9966041234116,105.999999403954,-3.90000004470347));
#10261=CARTESIAN_POINT('Ctrl Pts',(-21.9966041234116,105.999999403954,-2.56666671137013));
#10262=CARTESIAN_POINT('Ctrl Pts',(-21.9966041234116,105.999999403954,-1.23333337803678));
#10263=CARTESIAN_POINT('Ctrl Pts',(-21.9966041234116,105.999999403954,0.099999955296541));
#10264=CARTESIAN_POINT('Ctrl Pts',(-21.9966041234116,105.999999403954,0.112181786467593));
#10265=CARTESIAN_POINT('Ctrl Pts',(-21.9966041234116,105.999999403954,0.108121176077242));
#10266=CARTESIAN_POINT('Ctrl Pts',(-21.9966041234116,105.999999403954,0.104060565686892));
#10267=CARTESIAN_POINT('Ctrl Pts',(-21.9966041234116,105.999999403954,0.099999955296541));
#10268=CARTESIAN_POINT('Ctrl Pts',(-21.9966041234116,105.999999403954,-3.90000004470347));
#10269=CARTESIAN_POINT('Ctrl Pts',(-21.9966041234116,105.999999403954,-3.90406065509382));
#10270=CARTESIAN_POINT('Ctrl Pts',(-21.9966041234116,105.999999403954,-3.90812126548418));
#10271=CARTESIAN_POINT('Ctrl Pts',(-21.9966041234116,105.999999403954,-3.91218187587453));
#10272=CARTESIAN_POINT('Origin',(-43.,109.999999403954,-3.90000004470348));
#10273=CARTESIAN_POINT('',(-43.,109.999999403954,-3.90000004470348));
#10274=CARTESIAN_POINT('',(-43.,105.999999403954,-3.90000004470348));
#10275=CARTESIAN_POINT('Origin',(-43.,109.999999403954,0.0999999552965165));
#10276=CARTESIAN_POINT('',(-43.,109.999999403954,0.0999999552965165));
#10277=CARTESIAN_POINT('Ctrl Pts',(-26.8364549084369,72.0462380964672,-0.435561724466366));
#10278=CARTESIAN_POINT('Ctrl Pts',(-26.8761875380812,71.7227580098874,-1.2561145422193));
#10279=CARTESIAN_POINT('Ctrl Pts',(-26.8654778506327,71.8134930369871,-3.1805967603094));
#10280=CARTESIAN_POINT('Ctrl Pts',(-26.6860846575042,73.2644215592707,-4.39708682210292));
#10281=CARTESIAN_POINT('Ctrl Pts',(-26.559713960078,74.2545110008899,-4.69264506526205));
#10282=CARTESIAN_POINT('Ctrl Pts',(-26.5373517768649,74.4290668374182,-4.73014317689438));
#10283=CARTESIAN_POINT('Ctrl Pts',(-26.4986468231859,74.7294428783749,-4.76775831636686));
#10284=CARTESIAN_POINT('Ctrl Pts',(-26.4824855364784,74.8544357896326,-4.77603126301073));
#10285=CARTESIAN_POINT('Ctrl Pts',(-26.3906809539733,75.5617881603903,-4.78085228956382));
#10286=CARTESIAN_POINT('Ctrl Pts',(-26.2387618584035,76.7103035190566,-4.45969429147476));
#10287=CARTESIAN_POINT('Ctrl Pts',(-26.0728172513676,77.9232929836215,-3.19198406272309));
#10288=CARTESIAN_POINT('Ctrl Pts',(-26.0169604572749,78.3238890601663,-1.50089930766794));
#10289=CARTESIAN_POINT('Ctrl Pts',(-26.0867871447507,77.8225785595507,0.162078772542544));
#10290=CARTESIAN_POINT('Ctrl Pts',(-26.26275661657,76.5317609722394,1.35942738343534));
#10291=CARTESIAN_POINT('Ctrl Pts',(-26.4943380274571,74.773415586773,1.73272445629175));
#10292=CARTESIAN_POINT('Ctrl Pts',(-26.7142004877757,73.0396879239771,1.11356798305894));
#10293=CARTESIAN_POINT('Ctrl Pts',(-26.8090999260356,72.2689465392459,0.129369620123206));
#10294=CARTESIAN_POINT('Ctrl Pts',(-26.8364549084369,72.0462380964672,-0.435561724466361));
#10295=CARTESIAN_POINT('Ctrl Pts',(-26.5427071011341,71.7318260172416,-0.330880608793288));
#10296=CARTESIAN_POINT('Ctrl Pts',(-26.5859317076141,71.3843190285647,-1.22675817283782));
#10297=CARTESIAN_POINT('Ctrl Pts',(-26.5743391245953,71.4802937482755,-3.31610322202198));
#10298=CARTESIAN_POINT('Ctrl Pts',(-26.3791318524404,73.0430403728826,-4.66249075510686));
#10299=CARTESIAN_POINT('Ctrl Pts',(-26.2404995318207,74.1251372803971,-5.00354264926554));
#10300=CARTESIAN_POINT('Ctrl Pts',(-26.2159547628298,74.316112845761,-5.04763751821673));
#10301=CARTESIAN_POINT('Ctrl Pts',(-26.1733863099304,74.6458826988293,-5.09423416953693));
#10302=CARTESIAN_POINT('Ctrl Pts',(-26.1556009560397,74.7832844635827,-5.10554051570607));
#10303=CARTESIAN_POINT('Ctrl Pts',(-26.0544284363988,75.562530770044,-5.12330880542679));
#10304=CARTESIAN_POINT('Ctrl Pts',(-25.8861418697196,76.8397532897536,-4.79080439172827));
#10305=CARTESIAN_POINT('Ctrl Pts',(-25.7000463661247,78.2159199149046,-3.39133028082489));
#10306=CARTESIAN_POINT('Ctrl Pts',(-25.6368430903995,78.6767087510196,-1.48825261707399));
#10307=CARTESIAN_POINT('Ctrl Pts',(-25.715798542841,78.1006608265343,0.381687048493602));
#10308=CARTESIAN_POINT('Ctrl Pts',(-25.9128540454191,76.6394499157052,1.69828375919014));
#10309=CARTESIAN_POINT('Ctrl Pts',(-26.1690739481313,74.6883665752856,2.07590860952712));
#10310=CARTESIAN_POINT('Ctrl Pts',(-26.4097516985175,72.8001666738062,1.36700105875571));
#10311=CARTESIAN_POINT('Ctrl Pts',(-26.5129987054456,71.9709711016308,0.285735036230571));
#10312=CARTESIAN_POINT('Ctrl Pts',(-26.5427071011341,71.7318260172416,-0.330880608793285));
#10313=CARTESIAN_POINT('Ctrl Pts',(-26.2489592938314,71.4174139380161,-0.226199493120211));
#10314=CARTESIAN_POINT('Ctrl Pts',(-26.2955645787683,71.0457294934309,-1.19780298049428));
#10315=CARTESIAN_POINT('Ctrl Pts',(-26.2832131441651,71.1470395058179,-3.45145951803844));
#10316=CARTESIAN_POINT('Ctrl Pts',(-26.0721040129931,72.8222019028914,-4.92803936238034));
#10317=CARTESIAN_POINT('Ctrl Pts',(-25.9213013803037,73.9953368389533,-5.31438134501318));
#10318=CARTESIAN_POINT('Ctrl Pts',(-25.8945476925196,74.2030296582135,-5.36513507596639));
#10319=CARTESIAN_POINT('Ctrl Pts',(-25.8481331632062,74.5620104259209,-5.42068773472301));
#10320=CARTESIAN_POINT('Ctrl Pts',(-25.8287121075009,74.7119100145365,-5.43501230049387));
#10321=CARTESIAN_POINT('Ctrl Pts',(-25.7182034975427,75.5629590796719,-5.46583555831695));
#10322=CARTESIAN_POINT('Ctrl Pts',(-25.5334784661752,76.9693898382844,-5.12118366114658));
#10323=CARTESIAN_POINT('Ctrl Pts',(-25.3272160222208,78.5090242403384,-3.59115599222452));
#10324=CARTESIAN_POINT('Ctrl Pts',(-25.2567963002276,79.0288933590767,-1.47502811124606));
#10325=CARTESIAN_POINT('Ctrl Pts',(-25.3447829768855,78.3789247208079,0.600629208573387));
#10326=CARTESIAN_POINT('Ctrl Pts',(-25.5629672951944,76.7470368320895,2.03689930085387));
#10327=CARTESIAN_POINT('Ctrl Pts',(-25.8438216799818,74.6031141468495,2.41930670258945));
#10328=CARTESIAN_POINT('Ctrl Pts',(-26.1053767482689,72.5601288702632,1.61999335869082));
#10329=CARTESIAN_POINT('Ctrl Pts',(-26.216821918907,71.6734152654359,0.442901708533437));
#10330=CARTESIAN_POINT('Ctrl Pts',(-26.2489592938314,71.4174139380161,-0.226199493120209));
#10331=CARTESIAN_POINT('Ctrl Pts',(-25.9552114865286,71.1030018587905,-0.121518377447133));
#10332=CARTESIAN_POINT('Ctrl Pts',(-26.0053087483013,70.7072905121081,-1.1684466111128));
#10333=CARTESIAN_POINT('Ctrl Pts',(-25.9920744181276,70.8138402171062,-3.58696597975101));
#10334=CARTESIAN_POINT('Ctrl Pts',(-25.7651512079294,72.6008207165032,-5.19344329538428));
#10335=CARTESIAN_POINT('Ctrl Pts',(-25.6020869520464,73.8659631184605,-5.62527892901667));
#10336=CARTESIAN_POINT('Ctrl Pts',(-25.5731506784844,74.0900756665563,-5.68262941728874));
#10337=CARTESIAN_POINT('Ctrl Pts',(-25.5228726499507,74.4784502463753,-5.74716358789309));
#10338=CARTESIAN_POINT('Ctrl Pts',(-25.5018275270621,74.6407586884866,-5.76452155318921));
#10339=CARTESIAN_POINT('Ctrl Pts',(-25.3819509799682,75.5637016893256,-5.80829207417992));
#10340=CARTESIAN_POINT('Ctrl Pts',(-25.1808584774913,77.0988396089815,-5.45229376140009));
#10341=CARTESIAN_POINT('Ctrl Pts',(-24.9544451369779,78.8016511716215,-3.79050221032632));
#10342=CARTESIAN_POINT('Ctrl Pts',(-24.8766789333521,79.3817130499299,-1.4623814206521));
#10343=CARTESIAN_POINT('Ctrl Pts',(-24.9737943749759,78.6570069877915,0.820237484524444));
#10344=CARTESIAN_POINT('Ctrl Pts',(-25.2130647240436,76.8547257755553,2.37575567660867));
#10345=CARTESIAN_POINT('Ctrl Pts',(-25.518557600656,74.5180651353621,2.76249085582482));
#10346=CARTESIAN_POINT('Ctrl Pts',(-25.8009279590107,72.3206076200924,1.87342643438759));
#10347=CARTESIAN_POINT('Ctrl Pts',(-25.920720698317,71.3754398278208,0.599267124640802));
#10348=CARTESIAN_POINT('Ctrl Pts',(-25.9552114865286,71.1030018587905,-0.121518377447134));
#10349=CARTESIAN_POINT('',(-26.8364549084369,72.0462380964672,-0.435561724466361));
#10350=CARTESIAN_POINT('',(-26.8364549084369,72.0462380964672,-0.435561724466366));
#10351=CARTESIAN_POINT('',(-26.8629687008513,71.8309945728631,-1.60159864902417));
#10352=CARTESIAN_POINT('Ctrl Pts',(-26.8364549084369,72.0462380964672,-0.435561724466361));
#10353=CARTESIAN_POINT('Ctrl Pts',(-26.8090999260356,72.2689465392459,0.129369620123206));
#10354=CARTESIAN_POINT('Ctrl Pts',(-26.7142004877757,73.0396879239771,1.11356798305894));
#10355=CARTESIAN_POINT('Ctrl Pts',(-26.4943380274571,74.773415586773,1.73272445629175));
#10356=CARTESIAN_POINT('Ctrl Pts',(-26.26275661657,76.5317609722394,1.35942738343534));
#10357=CARTESIAN_POINT('Ctrl Pts',(-26.0867871447507,77.8225785595507,0.162078772542544));
#10358=CARTESIAN_POINT('Ctrl Pts',(-26.0169604572749,78.3238890601663,-1.50089930766794));
#10359=CARTESIAN_POINT('Ctrl Pts',(-26.0728172513676,77.9232929836215,-3.19198406272309));
#10360=CARTESIAN_POINT('Ctrl Pts',(-26.2387618584035,76.7103035190566,-4.45969429147476));
#10361=CARTESIAN_POINT('Ctrl Pts',(-26.3906809539733,75.5617881603903,-4.78085228956382));
#10362=CARTESIAN_POINT('Ctrl Pts',(-26.4824855364784,74.8544357896326,-4.77603126301073));
#10363=CARTESIAN_POINT('Ctrl Pts',(-26.4986468231859,74.7294428783749,-4.76775831636686));
#10364=CARTESIAN_POINT('Ctrl Pts',(-26.5373517768649,74.4290668374182,-4.73014317689438));
#10365=CARTESIAN_POINT('Ctrl Pts',(-26.559713960078,74.2545110008899,-4.69264506526205));
#10366=CARTESIAN_POINT('Ctrl Pts',(-26.6860846575042,73.2644215592707,-4.39708682210292));
#10367=CARTESIAN_POINT('Ctrl Pts',(-26.8250719037162,72.1402955194486,-3.45459507654495));
#10368=CARTESIAN_POINT('Ctrl Pts',(-26.8628055207752,71.8326365502051,-2.08712535256637));
#10369=CARTESIAN_POINT('Ctrl Pts',(-26.8629687008513,71.830994572863,-1.60159864902417));
#10370=CARTESIAN_POINT('Ctrl Pts',(-26.8629687008513,71.830994572863,-1.60159864902417));
#10371=CARTESIAN_POINT('Ctrl Pts',(-26.8631024675096,71.82964856404,-1.203588755665));
#10372=CARTESIAN_POINT('Ctrl Pts',(-26.8543534083327,71.9005188639929,-0.805199089386825));
#10373=CARTESIAN_POINT('Ctrl Pts',(-26.8364549084369,72.0462380964672,-0.435561724466366));
#10374=CARTESIAN_POINT('Origin',(-110.,74.9999998509884,-1.6));
#10375=CARTESIAN_POINT('',(-110.,71.8249998509884,-1.6));
#10376=CARTESIAN_POINT('Ctrl Pts',(-34.6735698604238,-16.9679733876357,
1.12772330596259));
#10377=CARTESIAN_POINT('Ctrl Pts',(-34.6900690568778,-17.3111959162608,
0.224420807498393));
#10378=CARTESIAN_POINT('Ctrl Pts',(-34.680622711173,-17.1081763095034,-1.90035483028131));
#10379=CARTESIAN_POINT('Ctrl Pts',(-34.5494788773025,-14.4171343517399,
-3.61882534976706));
#10380=CARTESIAN_POINT('Ctrl Pts',(-34.3922707264625,-11.4463718552067,
-2.57532304228719));
#10381=CARTESIAN_POINT('Ctrl Pts',(-34.3337375979505,-10.4058429499459,
0.32011277809624));
#10382=CARTESIAN_POINT('Ctrl Pts',(-34.4199836956543,-11.9499112814854,
3.0000732676374));
#10383=CARTESIAN_POINT('Ctrl Pts',(-34.582258757422,-15.0715268429055,3.47522398628674));
#10384=CARTESIAN_POINT('Ctrl Pts',(-34.6570706639697,-16.6247508590106,
2.03102580442679));
#10385=CARTESIAN_POINT('Ctrl Pts',(-34.6735698604238,-16.9679733876357,
1.12772330596259));
#10386=CARTESIAN_POINT('Ctrl Pts',(-34.3553617402483,-17.2818009188393,
1.23923890945713));
#10387=CARTESIAN_POINT('Ctrl Pts',(-34.3733710115261,-17.6568408407947,
0.245892291642121));
#10388=CARTESIAN_POINT('Ctrl Pts',(-34.3630976394781,-17.4356539977859,
-2.08445236812936));
#10389=CARTESIAN_POINT('Ctrl Pts',(-34.2196747679834,-14.4903043812728,
-3.9928829411703));
#10390=CARTESIAN_POINT('Ctrl Pts',(-34.0451448520269,-11.1920218238239,
-2.86668037503129));
#10391=CARTESIAN_POINT('Ctrl Pts',(-33.9793203104559,-10.0207661386151,
0.357546777649901));
#10392=CARTESIAN_POINT('Ctrl Pts',(-34.0761565050795,-11.7557684655954,
3.33393561299875));
#10393=CARTESIAN_POINT('Ctrl Pts',(-34.255693980539,-15.2096113283439,3.828741929368));
#10394=CARTESIAN_POINT('Ctrl Pts',(-34.3373524689706,-16.9067609968838,
2.2325855272722));
#10395=CARTESIAN_POINT('Ctrl Pts',(-34.3553617402483,-17.2818009188393,
1.23923890945713));
#10396=CARTESIAN_POINT('Ctrl Pts',(-34.0371536200729,-17.5956284500428,
1.35075451295167));
#10397=CARTESIAN_POINT('Ctrl Pts',(-34.0566729661745,-18.0024857653285,
0.267363775785849));
#10398=CARTESIAN_POINT('Ctrl Pts',(-34.0455725677831,-17.7631316860685,
-2.26854990597742));
#10399=CARTESIAN_POINT('Ctrl Pts',(-33.8898706586644,-14.5634744108058,
-4.36694053257355));
#10400=CARTESIAN_POINT('Ctrl Pts',(-33.6980189775913,-10.9376717924412,
-3.1580377077754));
#10401=CARTESIAN_POINT('Ctrl Pts',(-33.6249030229613,-9.63568932728432,
0.394980777203556));
#10402=CARTESIAN_POINT('Ctrl Pts',(-33.7323293145047,-11.5616256497054,
3.66779795836011));
#10403=CARTESIAN_POINT('Ctrl Pts',(-33.929129203656,-15.3476958137822,4.18225987244927));
#10404=CARTESIAN_POINT('Ctrl Pts',(-34.0176342739713,-17.1887711347571,
2.43414525011761));
#10405=CARTESIAN_POINT('Ctrl Pts',(-34.0371536200729,-17.5956284500428,
1.35075451295167));
#10406=CARTESIAN_POINT('Ctrl Pts',(-33.7189454998975,-17.9094559812464,
1.46227011644621));
#10407=CARTESIAN_POINT('Ctrl Pts',(-33.7399749208228,-18.3481306898623,
0.288835259929577));
#10408=CARTESIAN_POINT('Ctrl Pts',(-33.7280474960882,-18.0906093743511,
-2.45264744382547));
#10409=CARTESIAN_POINT('Ctrl Pts',(-33.5600665493453,-14.6366444403387,
-4.74099812397679));
#10410=CARTESIAN_POINT('Ctrl Pts',(-33.3508931031556,-10.6833217610584,
-3.4493950405195));
#10411=CARTESIAN_POINT('Ctrl Pts',(-33.2704857354667,-9.25061251595353,
0.432414776757216));
#10412=CARTESIAN_POINT('Ctrl Pts',(-33.3885021239299,-11.3674828338154,
4.00166030372147));
#10413=CARTESIAN_POINT('Ctrl Pts',(-33.602564426773,-15.4857802992206,4.53577781553053));
#10414=CARTESIAN_POINT('Ctrl Pts',(-33.6979160789721,-17.4707812726303,
2.63570497296301));
#10415=CARTESIAN_POINT('Ctrl Pts',(-33.7189454998975,-17.9094559812464,
1.46227011644621));
#10416=CARTESIAN_POINT('',(-34.6735698604238,-16.9679733876357,1.12772330596259));
#10417=CARTESIAN_POINT('',(-34.6735698604238,-16.9679733876357,1.12772330596259));
#10418=CARTESIAN_POINT('',(-34.6832936061288,-17.169400068753,-0.00116830501261281));
#10419=CARTESIAN_POINT('Ctrl Pts',(-34.6735698604238,-16.9679733876357,
1.12772330596259));
#10420=CARTESIAN_POINT('Ctrl Pts',(-34.6570706639697,-16.6247508590106,
2.03102580442679));
#10421=CARTESIAN_POINT('Ctrl Pts',(-34.582258757422,-15.0715268429055,3.47522398628674));
#10422=CARTESIAN_POINT('Ctrl Pts',(-34.4199836956543,-11.9499112814854,
3.0000732676374));
#10423=CARTESIAN_POINT('Ctrl Pts',(-34.3337375979505,-10.4058429499459,
0.32011277809624));
#10424=CARTESIAN_POINT('Ctrl Pts',(-34.3922707264625,-11.4463718552067,
-2.57532304228719));
#10425=CARTESIAN_POINT('Ctrl Pts',(-34.5494788773025,-14.4171343517399,
-3.61882534976706));
#10426=CARTESIAN_POINT('Ctrl Pts',(-34.6632211142116,-16.7510994559969,
-2.12838027751426));
#10427=CARTESIAN_POINT('Ctrl Pts',(-34.683219394261,-17.1673507682987,-0.582605887839001));
#10428=CARTESIAN_POINT('Ctrl Pts',(-34.6832936061288,-17.169400068753,-0.0011683050126127));
#10429=CARTESIAN_POINT('Ctrl Pts',(-34.6832936061288,-17.169400068753,-0.0011683050126127));
#10430=CARTESIAN_POINT('Ctrl Pts',(-34.6833426846949,-17.1707553334944,
0.383354059021831));
#10431=CARTESIAN_POINT('Ctrl Pts',(-34.6801377414687,-17.1046009346947,
0.768143166768977));
#10432=CARTESIAN_POINT('Ctrl Pts',(-34.6735698604238,-16.9679733876357,
1.12772330596259));
#10433=CARTESIAN_POINT('Origin',(-110.,-14.0000001490116,0.));
#10434=CARTESIAN_POINT('',(-110.,-17.1750001490116,-3.88825358729285E-16));
#10435=CARTESIAN_POINT('Ctrl Pts',(-35.7412645087478,-47.0000005960465,
1.59999995529651));
#10436=CARTESIAN_POINT('Ctrl Pts',(-35.7412645087478,-47.0000005960465,
-0.400000044703491));
#10437=CARTESIAN_POINT('Ctrl Pts',(-35.7412645087478,-47.0000005960465,
-2.40000004470349));
#10438=CARTESIAN_POINT('Ctrl Pts',(-35.7412645087478,-47.0000005960465,
-4.40000004470349));
#10439=CARTESIAN_POINT('Ctrl Pts',(-35.4152354471101,-47.3332538911931,
1.59999995529651));
#10440=CARTESIAN_POINT('Ctrl Pts',(-35.4152354471101,-47.3332538911931,
-0.400000044703489));
#10441=CARTESIAN_POINT('Ctrl Pts',(-35.4152354471101,-47.3332538911931,
-2.40000004470349));
#10442=CARTESIAN_POINT('Ctrl Pts',(-35.4152354471101,-47.3332538911931,
-4.40000004470349));
#10443=CARTESIAN_POINT('Ctrl Pts',(-35.0892063854724,-47.6665071863398,
1.59999995529651));
#10444=CARTESIAN_POINT('Ctrl Pts',(-35.0892063854724,-47.6665071863398,
-0.400000044703493));
#10445=CARTESIAN_POINT('Ctrl Pts',(-35.0892063854724,-47.6665071863398,
-2.40000004470349));
#10446=CARTESIAN_POINT('Ctrl Pts',(-35.0892063854724,-47.6665071863398,
-4.40000004470349));
#10447=CARTESIAN_POINT('Ctrl Pts',(-34.7631773238348,-47.9997604814864,
1.59999995529651));
#10448=CARTESIAN_POINT('Ctrl Pts',(-34.7631773238348,-47.9997604814864,
-0.400000044703491));
#10449=CARTESIAN_POINT('Ctrl Pts',(-34.7631773238348,-47.9997604814865,
-2.40000004470349));
#10450=CARTESIAN_POINT('Ctrl Pts',(-34.7631773238348,-47.9997604814865,
-4.40000004470349));
#10451=CARTESIAN_POINT('',(-35.7412645087478,-47.0000005960465,-3.40000004470348));
#10452=CARTESIAN_POINT('',(-35.7412645087478,-47.0000005960465,0.599999955296517));
#10453=CARTESIAN_POINT('Ctrl Pts',(-35.7412645087478,-47.0000005960465,
-3.40000004470349));
#10454=CARTESIAN_POINT('Ctrl Pts',(-35.7412645087478,-47.0000005960465,
-2.06666671137015));
#10455=CARTESIAN_POINT('Ctrl Pts',(-35.7412645087478,-47.0000005960465,
-0.73333337803682));
#10456=CARTESIAN_POINT('Ctrl Pts',(-35.7412645087478,-47.0000005960465,
0.599999955296516));
#10457=CARTESIAN_POINT('',(-35.7412645087478,-47.0000005960465,0.600249562878386));
#10458=CARTESIAN_POINT('Ctrl Pts',(-35.7412645087478,-47.0000005960465,
0.599999955296517));
#10459=CARTESIAN_POINT('Ctrl Pts',(-35.7412645087478,-47.0000005960465,
0.600083157823807));
#10460=CARTESIAN_POINT('Ctrl Pts',(-35.7412645087478,-47.0000005960465,
0.600166360351096));
#10461=CARTESIAN_POINT('Ctrl Pts',(-35.7412645087478,-47.0000005960465,
0.600249562878386));
#10462=CARTESIAN_POINT('Ctrl Pts',(-35.7412645087478,-47.0000005960465,
0.600249562878384));
#10463=CARTESIAN_POINT('Ctrl Pts',(-35.578365067333,-47.1665096040359,0.766826847169138));
#10464=CARTESIAN_POINT('Ctrl Pts',(-35.4154540549863,-47.333030439349,0.933381089937521));
#10465=CARTESIAN_POINT('Ctrl Pts',(-35.089425051802,-47.666283674747,1.26663128021045));
#10466=CARTESIAN_POINT('Ctrl Pts',(-34.9263069711875,-47.8330161665983,
1.43332724056987));
#10467=CARTESIAN_POINT('Ctrl Pts',(-34.7631773238348,-47.9997604814865,
1.59999995529651));
#10468=CARTESIAN_POINT('',(-35.7412645087478,-47.0000005960465,-3.40024965228535));
#10469=CARTESIAN_POINT('Ctrl Pts',(-34.7631773238348,-47.9997604814865,
-4.40000004470348));
#10470=CARTESIAN_POINT('Ctrl Pts',(-34.92616787613,-47.833158343759,-4.2334694460865));
#10471=CARTESIAN_POINT('Ctrl Pts',(-35.0891468813493,-47.6665680089702,
-4.0669156415168));
#10472=CARTESIAN_POINT('Ctrl Pts',(-35.4151759240693,-47.3333147331604,
-3.7336655301656));
#10473=CARTESIAN_POINT('Ctrl Pts',(-35.5782260117373,-47.1666517408603,
-3.56696913168308));
#10474=CARTESIAN_POINT('Ctrl Pts',(-35.7412645087478,-47.0000005960465,
-3.40024965228535));
#10475=CARTESIAN_POINT('Ctrl Pts',(-35.7412645087478,-47.0000005960465,
-3.40024965228535));
#10476=CARTESIAN_POINT('Ctrl Pts',(-35.7412645087478,-47.0000005960465,
-3.40016644975806));
#10477=CARTESIAN_POINT('Ctrl Pts',(-35.7412645087478,-47.0000005960465,
-3.40008324723077));
#10478=CARTESIAN_POINT('Ctrl Pts',(-35.7412645087478,-47.0000005960465,
-3.40000004470348));
#10479=CARTESIAN_POINT('Ctrl Pts',(-35.6181502564815,-41.9736068303901,
0.599999955296517));
#10480=CARTESIAN_POINT('Ctrl Pts',(-35.6716870127507,-43.9750361748045,
0.599999955296517));
#10481=CARTESIAN_POINT('Ctrl Pts',(-35.719952462836,-45.9766029805035,0.599999955296517));
#10482=CARTESIAN_POINT('Ctrl Pts',(-35.7629467287394,-47.9782863804181,
0.599999955296517));
#10483=CARTESIAN_POINT('Ctrl Pts',(-35.2849361130186,-41.9825200625428,
0.93333328862985));
#10484=CARTESIAN_POINT('Ctrl Pts',(-35.3384572194037,-43.9833643484023,
0.93333328862985));
#10485=CARTESIAN_POINT('Ctrl Pts',(-35.3867085611474,-45.9843460778045,
0.933333288629847));
#10486=CARTESIAN_POINT('Ctrl Pts',(-35.4296902604378,-47.9854444141076,
0.933333288629849));
#10487=CARTESIAN_POINT('Ctrl Pts',(-34.9517219695557,-41.9914332946955,
1.26666662196318));
#10488=CARTESIAN_POINT('Ctrl Pts',(-35.0052274260567,-43.991692522,1.26666662196318));
#10489=CARTESIAN_POINT('Ctrl Pts',(-35.0534646594588,-45.9920891751055,
1.26666662196318));
#10490=CARTESIAN_POINT('Ctrl Pts',(-35.0964337921363,-47.992602447797,1.26666662196318));
#10491=CARTESIAN_POINT('Ctrl Pts',(-34.6185078260929,-42.0003465268482,
1.59999995529652));
#10492=CARTESIAN_POINT('Ctrl Pts',(-34.6719976327098,-44.0000206955977,
1.59999995529652));
#10493=CARTESIAN_POINT('Ctrl Pts',(-34.7202207577702,-45.9998322724065,
1.59999995529651));
#10494=CARTESIAN_POINT('Ctrl Pts',(-34.7631773238348,-47.9997604814865,
1.59999995529651));
#10495=CARTESIAN_POINT('',(-35.7415141785944,-47.0000005960455,0.599999955296517));
#10496=CARTESIAN_POINT('',(-35.6451431163679,-43.0000005960453,0.599999955296517));
#10497=CARTESIAN_POINT('Ctrl Pts',(-35.7415141765542,-47.0000005960911,
0.599999955296517));
#10498=CARTESIAN_POINT('Ctrl Pts',(-35.711729603748,-45.6666119592942,0.599999955296517));
#10499=CARTESIAN_POINT('Ctrl Pts',(-35.6796059283062,-44.3332765698403,
0.599999955296517));
#10500=CARTESIAN_POINT('Ctrl Pts',(-35.6451431141646,-43.0000005961023,
0.599999955296517));
#10501=CARTESIAN_POINT('',(-35.644808813442,-43.0000005960465,0.600334146599255));
#10502=CARTESIAN_POINT('Ctrl Pts',(-35.6451431049358,-43.0000002390651,
0.599999955296517));
#10503=CARTESIAN_POINT('Ctrl Pts',(-35.6450317450302,-43.0000031175212,
0.60011135239742));
#10504=CARTESIAN_POINT('Ctrl Pts',(-35.6449203851246,-43.0000059959772,
0.600222749498323));
#10505=CARTESIAN_POINT('Ctrl Pts',(-35.6448090252189,-43.0000088744332,
0.600334146599226));
#10506=CARTESIAN_POINT('Ctrl Pts',(-35.644808813442,-43.0000005960464,0.600334146599255));
#10507=CARTESIAN_POINT('Ctrl Pts',(-35.4737406792409,-42.833374081435,0.767039598474103));
#10508=CARTESIAN_POINT('Ctrl Pts',(-35.3026595787741,-42.6667349372145,
0.933719225605946));
#10509=CARTESIAN_POINT('Ctrl Pts',(-34.9605592724346,-42.3335169363339,
1.26694114576656));
#10510=CARTESIAN_POINT('Ctrl Pts',(-34.7895400096169,-42.1669380242073,
1.4334835337558));
#10511=CARTESIAN_POINT('Ctrl Pts',(-34.6185078260929,-42.0003465268482,
1.59999995529652));
#10512=CARTESIAN_POINT('Ctrl Pts',(-35.7412645136488,-47.0000009068379,
0.600249562878384));
#10513=CARTESIAN_POINT('Ctrl Pts',(-35.7413476954263,-46.9999990487646,
0.600166360351095));
#10514=CARTESIAN_POINT('Ctrl Pts',(-35.7414308772038,-46.9999971906913,
0.600083157823806));
#10515=CARTESIAN_POINT('Ctrl Pts',(-35.7415140589814,-46.9999953326179,
0.599999955296517));
#10516=CARTESIAN_POINT('Ctrl Pts',(-35.644808813442,-43.0000005960465,-4.40000004470348));
#10517=CARTESIAN_POINT('Ctrl Pts',(-35.644808813442,-43.0000005960465,-2.40000004470348));
#10518=CARTESIAN_POINT('Ctrl Pts',(-35.644808813442,-43.0000005960465,-0.400000044703477));
#10519=CARTESIAN_POINT('Ctrl Pts',(-35.644808813442,-43.0000005960465,1.59999995529652));
#10520=CARTESIAN_POINT('Ctrl Pts',(-35.3027084843256,-42.6667825729804,
-4.40000004470348));
#10521=CARTESIAN_POINT('Ctrl Pts',(-35.3027084843256,-42.6667825729804,
-2.40000004470349));
#10522=CARTESIAN_POINT('Ctrl Pts',(-35.3027084843256,-42.6667825729804,
-0.400000044703475));
#10523=CARTESIAN_POINT('Ctrl Pts',(-35.3027084843256,-42.6667825729804,
1.59999995529652));
#10524=CARTESIAN_POINT('Ctrl Pts',(-34.9606081552093,-42.3335645499143,
-4.40000004470348));
#10525=CARTESIAN_POINT('Ctrl Pts',(-34.9606081552093,-42.3335645499143,
-2.40000004470348));
#10526=CARTESIAN_POINT('Ctrl Pts',(-34.9606081552093,-42.3335645499143,
-0.400000044703476));
#10527=CARTESIAN_POINT('Ctrl Pts',(-34.9606081552093,-42.3335645499143,
1.59999995529652));
#10528=CARTESIAN_POINT('Ctrl Pts',(-34.6185078260929,-42.0003465268483,
-4.40000004470348));
#10529=CARTESIAN_POINT('Ctrl Pts',(-34.6185078260929,-42.0003465268483,
-2.40000004470348));
#10530=CARTESIAN_POINT('Ctrl Pts',(-34.6185078260929,-42.0003465268483,
-0.400000044703475));
#10531=CARTESIAN_POINT('Ctrl Pts',(-34.6185078260929,-42.0003465268483,
1.59999995529652));
#10532=CARTESIAN_POINT('',(-35.644808813442,-43.0000005960465,0.599999955296517));
#10533=CARTESIAN_POINT('',(-35.644808813442,-43.0000005960465,-3.40000004470348));
#10534=CARTESIAN_POINT('Ctrl Pts',(-35.644808813442,-43.0000005960465,0.599999955296514));
#10535=CARTESIAN_POINT('Ctrl Pts',(-35.644808813442,-43.0000005960465,-0.73333337803682));
#10536=CARTESIAN_POINT('Ctrl Pts',(-35.644808813442,-43.0000005960465,-2.06666671137016));
#10537=CARTESIAN_POINT('Ctrl Pts',(-35.644808813442,-43.0000005960465,-3.40000004470349));
#10538=CARTESIAN_POINT('',(-35.644808813442,-43.0000005960465,-3.40033423600623));
#10539=CARTESIAN_POINT('Ctrl Pts',(-35.644808813442,-43.0000005960465,-3.40000004470349));
#10540=CARTESIAN_POINT('Ctrl Pts',(-35.644808813442,-43.0000005960465,-3.4001114418044));
#10541=CARTESIAN_POINT('Ctrl Pts',(-35.644808813442,-43.0000005960465,-3.40022283890532));
#10542=CARTESIAN_POINT('Ctrl Pts',(-35.644808813442,-43.0000005960465,-3.40033423600623));
#10543=CARTESIAN_POINT('Ctrl Pts',(-35.644808813442,-43.0000005960465,-3.40033423600622));
#10544=CARTESIAN_POINT('Ctrl Pts',(-35.473881042244,-42.8335108000477,-3.56690290449966));
#10545=CARTESIAN_POINT('Ctrl Pts',(-35.3029403259898,-42.6670083950987,
-3.73344579066964));
#10546=CARTESIAN_POINT('Ctrl Pts',(-34.960840062246,-42.3337904357079,-4.0666677957411));
#10547=CARTESIAN_POINT('Ctrl Pts',(-34.7896804151222,-42.1670747842188,
-4.23334692478337));
#10548=CARTESIAN_POINT('Ctrl Pts',(-34.6185078260929,-42.0003465268483,
-4.40000004470348));
#10549=CARTESIAN_POINT('Ctrl Pts',(-35.644808813442,-43.0000005960465,0.599999955296512));
#10550=CARTESIAN_POINT('Ctrl Pts',(-35.644808813442,-43.0000005960464,0.600111352397426));
#10551=CARTESIAN_POINT('Ctrl Pts',(-35.644808813442,-43.0000005960464,0.60022274949834));
#10552=CARTESIAN_POINT('Ctrl Pts',(-35.644808813442,-43.0000005960464,0.600334146599254));
#10553=CARTESIAN_POINT('Ctrl Pts',(-35.7629467287394,-47.9782863804182,
-3.40000004470348));
#10554=CARTESIAN_POINT('Ctrl Pts',(-35.7199524628357,-45.9766029804895,
-3.40000004470348));
#10555=CARTESIAN_POINT('Ctrl Pts',(-35.6716870136885,-43.9750362098654,
-3.40000004470348));
#10556=CARTESIAN_POINT('Ctrl Pts',(-35.6181502564815,-41.9736068303902,
-3.40000004470348));
#10557=CARTESIAN_POINT('Ctrl Pts',(-35.4296902604378,-47.9854444141076,
-3.73333337803682));
#10558=CARTESIAN_POINT('Ctrl Pts',(-35.3867085611471,-45.9843460777905,
-3.73333337803682));
#10559=CARTESIAN_POINT('Ctrl Pts',(-35.3384572203413,-43.9833643834529,
-3.73333337803682));
#10560=CARTESIAN_POINT('Ctrl Pts',(-35.2849361130186,-41.9825200625429,
-3.73333337803682));
#10561=CARTESIAN_POINT('Ctrl Pts',(-35.0964337921363,-47.9926024477971,
-4.06666671137015));
#10562=CARTESIAN_POINT('Ctrl Pts',(-35.0534646594585,-45.9920891750914,
-4.06666671137015));
#10563=CARTESIAN_POINT('Ctrl Pts',(-35.005227426994,-43.9916925570404,-4.06666671137015));
#10564=CARTESIAN_POINT('Ctrl Pts',(-34.9517219695557,-41.9914332946956,
-4.06666671137015));
#10565=CARTESIAN_POINT('Ctrl Pts',(-34.7631773238348,-47.9997604814865,
-4.40000004470348));
#10566=CARTESIAN_POINT('Ctrl Pts',(-34.7202207577699,-45.9998322723924,
-4.40000004470348));
#10567=CARTESIAN_POINT('Ctrl Pts',(-34.6719976336468,-44.0000207306279,
-4.40000004470348));
#10568=CARTESIAN_POINT('Ctrl Pts',(-34.6185078260929,-42.0003465268483,
-4.40000004470348));
#10569=CARTESIAN_POINT('',(-35.6451431163679,-43.0000005960453,-3.40000004470348));
#10570=CARTESIAN_POINT('Ctrl Pts',(-35.6448088023433,-43.0000002515324,
-3.40033423600623));
#10571=CARTESIAN_POINT('Ctrl Pts',(-35.644920162249,-42.9999973730755,-3.40022283890531));
#10572=CARTESIAN_POINT('Ctrl Pts',(-35.6450315221546,-42.9999944946186,
-3.4001114418044));
#10573=CARTESIAN_POINT('Ctrl Pts',(-35.6451428820602,-42.9999916161617,
-3.40000004470348));
#10574=CARTESIAN_POINT('',(-35.7415141785944,-47.0000005960455,-3.40000004470348));
#10575=CARTESIAN_POINT('Ctrl Pts',(-35.6451431141757,-43.000000596102,-3.40000004470348));
#10576=CARTESIAN_POINT('Ctrl Pts',(-35.6796059286704,-44.3332765826124,
-3.40000004470348));
#10577=CARTESIAN_POINT('Ctrl Pts',(-35.7117296038347,-45.6666119616981,
-3.40000004470348));
#10578=CARTESIAN_POINT('Ctrl Pts',(-35.7415141765645,-47.0000005960909,
-3.40000004470348));
#10579=CARTESIAN_POINT('Ctrl Pts',(-35.7415141835583,-47.0000009091878,
-3.40000004470348));
#10580=CARTESIAN_POINT('Ctrl Pts',(-35.7414310017808,-47.0000027672607,
-3.40008324723077));
#10581=CARTESIAN_POINT('Ctrl Pts',(-35.7413478200033,-47.0000046253336,
-3.40016644975806));
#10582=CARTESIAN_POINT('Ctrl Pts',(-35.7412646382258,-47.0000064834065,
-3.40024965228535));
#10583=CARTESIAN_POINT('Origin',(-43.,-43.0000005960465,-3.40000004470348));
#10584=CARTESIAN_POINT('',(-43.,-43.0000005960465,-3.40000004470348));
#10585=CARTESIAN_POINT('',(-43.,-47.0000005960465,-3.40000004470348));
#10586=CARTESIAN_POINT('Origin',(-43.,-43.0000005960465,0.599999955296517));
#10587=CARTESIAN_POINT('',(-43.,-43.0000005960465,0.599999955296517));
#10588=CARTESIAN_POINT('Origin',(-20.1655921723478,-13.348716031435,-33.8165941059117));
#10589=CARTESIAN_POINT('',(-20.1655921723478,-7.90896539025507,-28.0325088446653));
#10590=CARTESIAN_POINT('Ctrl Pts',(-20.1655921723478,-7.90896539025507,
-28.0325088446653));
#10591=CARTESIAN_POINT('Ctrl Pts',(-20.1655921723478,-8.8155904971184,-28.996523054873));
#10592=CARTESIAN_POINT('Ctrl Pts',(-20.1655921723479,-9.72221560398173,
-29.9605372650808));
#10593=CARTESIAN_POINT('Ctrl Pts',(-20.1655921723479,-11.5354658177084,
-31.8885656854963));
#10594=CARTESIAN_POINT('Ctrl Pts',(-20.1655921723478,-12.4420909245717,
-32.852579895704));
#10595=CARTESIAN_POINT('Ctrl Pts',(-20.1655921723478,-13.348716031435,-33.8165941059117));
#10596=CARTESIAN_POINT('',(-20.1655921723478,-7.90896539025507,-28.0325088446653));
#10597=CARTESIAN_POINT('Origin',(-20.1655921723478,47.0910346097449,-28.0657752954585));
#10598=CARTESIAN_POINT('',(-20.1655921723478,47.0910346097449,-28.0657752954585));
#10599=CARTESIAN_POINT('',(-20.1655921723478,47.0910346097449,-28.0657752954585));
#10600=CARTESIAN_POINT('',(-20.1655921723479,48.0862829562017,-28.968406260981));
#10601=CARTESIAN_POINT('Ctrl Pts',(-20.1655921723478,48.0862829562017,-28.968406260981));
#10602=CARTESIAN_POINT('Ctrl Pts',(-20.1655921723478,47.9204082317922,-28.8179677667273));
#10603=CARTESIAN_POINT('Ctrl Pts',(-20.1655921723478,47.7545335073828,-28.6675292724735));
#10604=CARTESIAN_POINT('Ctrl Pts',(-20.1655921723478,47.4227840585639,-28.366652283966));
#10605=CARTESIAN_POINT('Ctrl Pts',(-20.1655921723478,47.2569093341544,-28.2162137897122));
#10606=CARTESIAN_POINT('Ctrl Pts',(-20.1655921723478,47.0910346097449,-28.0657752954585));
#10607=CARTESIAN_POINT('Ctrl Pts',(-20.4397522594998,48.0862829562017,-28.968406260981));
#10608=CARTESIAN_POINT('Ctrl Pts',(-20.3483655637825,48.0862829562017,-28.968406260981));
#10609=CARTESIAN_POINT('Ctrl Pts',(-20.2569788680652,48.0862829562017,-28.968406260981));
#10610=CARTESIAN_POINT('Ctrl Pts',(-20.1655921723479,48.0862829562017,-28.968406260981));
#10611=CARTESIAN_POINT('Origin',(20.1655921723479,48.0862829562017,-28.968406260981));
#10612=CARTESIAN_POINT('',(20.1655921723478,48.0862829562017,-28.968406260981));
#10613=CARTESIAN_POINT('Ctrl Pts',(20.1655921723478,48.0862829562017,-28.968406260981));
#10614=CARTESIAN_POINT('Ctrl Pts',(20.2569788680652,48.0862829562017,-28.968406260981));
#10615=CARTESIAN_POINT('Ctrl Pts',(20.3483655637825,48.0862829562017,-28.968406260981));
#10616=CARTESIAN_POINT('Ctrl Pts',(20.4397522594998,48.0862829562017,-28.968406260981));
#10617=CARTESIAN_POINT('',(20.1655921723478,47.0910346097449,-28.0657752954585));
#10618=CARTESIAN_POINT('Ctrl Pts',(20.1655921723478,47.0910346097449,-28.0657752954585));
#10619=CARTESIAN_POINT('Ctrl Pts',(20.1655921723478,47.2569093341544,-28.2162137897122));
#10620=CARTESIAN_POINT('Ctrl Pts',(20.1655921723478,47.4227840585639,-28.366652283966));
#10621=CARTESIAN_POINT('Ctrl Pts',(20.1655921723478,47.7545335073828,-28.6675292724735));
#10622=CARTESIAN_POINT('Ctrl Pts',(20.1655921723479,47.9204082317923,-28.8179677667273));
#10623=CARTESIAN_POINT('Ctrl Pts',(20.1655921723479,48.0862829562017,-28.968406260981));
#10624=CARTESIAN_POINT('',(20.1655921723478,47.0910346097449,-28.0657752954585));
#10625=CARTESIAN_POINT('Origin',(20.1655921723478,-7.90896539025507,-28.0325088446653));
#10626=CARTESIAN_POINT('',(20.1655921723478,-7.90896539025507,-28.0325088446653));
#10627=CARTESIAN_POINT('',(20.1655921723478,-7.90896539025507,-28.0325088446653));
#10628=CARTESIAN_POINT('Ctrl Pts',(20.1655921723478,-13.3487160314351,-33.8165941059117));
#10629=CARTESIAN_POINT('Ctrl Pts',(20.1655921723478,-12.4420909245717,-32.852579895704));
#10630=CARTESIAN_POINT('Ctrl Pts',(20.1655921723478,-11.5354658177084,-31.8885656854963));
#10631=CARTESIAN_POINT('Ctrl Pts',(20.1655921723478,-9.72221560398173,-29.9605372650808));
#10632=CARTESIAN_POINT('Ctrl Pts',(20.1655921723478,-8.8155904971184,-28.996523054873));
#10633=CARTESIAN_POINT('Ctrl Pts',(20.1655921723478,-7.90896539025507,-28.0325088446653));
#10634=CARTESIAN_POINT('Ctrl Pts',(20.4397522594998,48.0862829562017,-28.968406260981));
#10635=CARTESIAN_POINT('Ctrl Pts',(16.8181944506967,82.105943811637,-25.6295139047546));
#10636=CARTESIAN_POINT('Ctrl Pts',(11.8274833719718,116.077182826236,-21.2067118177609));
#10637=CARTESIAN_POINT('Ctrl Pts',(5.46761902332485,150.,-15.7));
#10638=CARTESIAN_POINT('Ctrl Pts',(13.6265015063332,48.0862829562017,-28.968406260981));
#10639=CARTESIAN_POINT('Ctrl Pts',(11.2121296337978,82.1059438116369,-25.6295139047546));
#10640=CARTESIAN_POINT('Ctrl Pts',(7.88498891464783,116.077182826236,-21.2067118177609));
#10641=CARTESIAN_POINT('Ctrl Pts',(3.64507934888324,150.,-15.7));
#10642=CARTESIAN_POINT('Ctrl Pts',(6.8132507531666,48.0862829562017,-28.968406260981));
#10643=CARTESIAN_POINT('Ctrl Pts',(5.60606481689891,82.105943811637,-25.6295139047546));
#10644=CARTESIAN_POINT('Ctrl Pts',(3.94249445732393,116.077182826236,-21.2067118177609));
#10645=CARTESIAN_POINT('Ctrl Pts',(1.82253967444162,150.,-15.7));
#10646=CARTESIAN_POINT('Ctrl Pts',(-6.74528942127098E-15,48.0862829562017,
-28.968406260981));
#10647=CARTESIAN_POINT('Ctrl Pts',(-4.90886305080776E-15,82.105943811637,
-25.6295139047546));
#10648=CARTESIAN_POINT('Ctrl Pts',(-1.920284560634E-15,116.077182826236,
-21.2067118177609));
#10649=CARTESIAN_POINT('Ctrl Pts',(2.22044604925031E-15,150.,-15.7));
#10650=CARTESIAN_POINT('',(2.22044604925031E-15,150.,-15.7));
#10651=CARTESIAN_POINT('',(5.46761902332485,150.,-15.7));
#10652=CARTESIAN_POINT('',(9.09169584972491E-16,48.0862829562017,-28.968406260981));
#10653=CARTESIAN_POINT('Ctrl Pts',(7.08116145319825E-16,48.0862829562017,
-28.968406260981));
#10654=CARTESIAN_POINT('Ctrl Pts',(1.12224054755209E-15,82.105943811637,
-25.6295139047546));
#10655=CARTESIAN_POINT('Ctrl Pts',(1.62635051552892E-15,116.077182826236,
-21.2067118177609));
#10656=CARTESIAN_POINT('Ctrl Pts',(2.22044604925031E-15,150.,-15.7));
#10657=CARTESIAN_POINT('Ctrl Pts',(20.1655921723479,48.0862829562017,-28.968406260981));
#10658=CARTESIAN_POINT('Ctrl Pts',(13.4437281148986,48.0862829562017,-28.968406260981));
#10659=CARTESIAN_POINT('Ctrl Pts',(6.72186405744928,48.0862829562017,-28.968406260981));
#10660=CARTESIAN_POINT('Ctrl Pts',(2.22044604925031E-15,48.0862829562017,
-28.968406260981));
#10661=CARTESIAN_POINT('Ctrl Pts',(-20.1655921723479,48.0862829562017,-28.968406260981));
#10662=CARTESIAN_POINT('Ctrl Pts',(-13.4437281148986,48.0862829562017,-28.968406260981));
#10663=CARTESIAN_POINT('Ctrl Pts',(-6.72186405744928,48.0862829562017,-28.968406260981));
#10664=CARTESIAN_POINT('Ctrl Pts',(4.44089209850063E-15,48.0862829562017,
-28.968406260981));
#10665=CARTESIAN_POINT('Ctrl Pts',(-20.1655921723479,47.7545335073828,-28.6675292724735));
#10666=CARTESIAN_POINT('Ctrl Pts',(-13.4437281148986,47.7545335073828,-28.6675292724735));
#10667=CARTESIAN_POINT('Ctrl Pts',(-6.72186405744928,47.7545335073828,-28.6675292724735));
#10668=CARTESIAN_POINT('Ctrl Pts',(4.81096644004234E-15,47.7545335073828,
-28.6675292724735));
#10669=CARTESIAN_POINT('Ctrl Pts',(-20.1655921723478,47.4227840585639,-28.366652283966));
#10670=CARTESIAN_POINT('Ctrl Pts',(-13.4437281148986,47.4227840585639,-28.366652283966));
#10671=CARTESIAN_POINT('Ctrl Pts',(-6.72186405744927,47.4227840585639,-28.366652283966));
#10672=CARTESIAN_POINT('Ctrl Pts',(5.18104078158406E-15,47.4227840585639,
-28.366652283966));
#10673=CARTESIAN_POINT('Ctrl Pts',(-20.1655921723478,47.0910346097449,-28.0657752954585));
#10674=CARTESIAN_POINT('Ctrl Pts',(-13.4437281148986,47.0910346097449,-28.0657752954585));
#10675=CARTESIAN_POINT('Ctrl Pts',(-6.72186405744928,47.0910346097449,-28.0657752954585));
#10676=CARTESIAN_POINT('Ctrl Pts',(5.55111512312578E-15,47.0910346097449,
-28.0657752954585));
#10677=CARTESIAN_POINT('',(3.33066907387547E-15,47.0910346097449,-28.0657752954585));
#10678=CARTESIAN_POINT('Ctrl Pts',(-20.1655921723478,47.0910346097449,-28.0657752954585));
#10679=CARTESIAN_POINT('Ctrl Pts',(-13.4437281148986,47.0910346097449,-28.0657752954585));
#10680=CARTESIAN_POINT('Ctrl Pts',(-6.72186405744928,47.0910346097449,-28.0657752954585));
#10681=CARTESIAN_POINT('Ctrl Pts',(5.55111512312578E-15,47.0910346097449,
-28.0657752954585));
#10682=CARTESIAN_POINT('',(3.33066907387547E-15,47.0910346097449,-28.0657752954585));
#10683=CARTESIAN_POINT('Ctrl Pts',(4.44089209850063E-15,48.0862829562017,
-28.968406260981));
#10684=CARTESIAN_POINT('Ctrl Pts',(-6.72186405744928,48.0862829562017,-28.968406260981));
#10685=CARTESIAN_POINT('Ctrl Pts',(-13.4437281148986,48.0862829562017,-28.968406260981));
#10686=CARTESIAN_POINT('Ctrl Pts',(-20.1655921723479,48.0862829562017,-28.968406260981));
#10687=CARTESIAN_POINT('Ctrl Pts',(2.22044604925031E-15,48.0862829562017,
-28.968406260981));
#10688=CARTESIAN_POINT('Ctrl Pts',(6.72186405744928,48.0862829562017,-28.968406260981));
#10689=CARTESIAN_POINT('Ctrl Pts',(13.4437281148986,48.0862829562017,-28.968406260981));
#10690=CARTESIAN_POINT('Ctrl Pts',(20.1655921723479,48.0862829562017,-28.968406260981));
#10691=CARTESIAN_POINT('Ctrl Pts',(2.22044604925031E-15,47.7545335073828,
-28.6675292724735));
#10692=CARTESIAN_POINT('Ctrl Pts',(6.72186405744929,47.7545335073828,-28.6675292724735));
#10693=CARTESIAN_POINT('Ctrl Pts',(13.4437281148986,47.7545335073828,-28.6675292724735));
#10694=CARTESIAN_POINT('Ctrl Pts',(20.1655921723479,47.7545335073828,-28.6675292724735));
#10695=CARTESIAN_POINT('Ctrl Pts',(2.22044604925031E-15,47.4227840585639,
-28.366652283966));
#10696=CARTESIAN_POINT('Ctrl Pts',(6.72186405744928,47.4227840585639,-28.366652283966));
#10697=CARTESIAN_POINT('Ctrl Pts',(13.4437281148986,47.4227840585639,-28.366652283966));
#10698=CARTESIAN_POINT('Ctrl Pts',(20.1655921723479,47.4227840585639,-28.366652283966));
#10699=CARTESIAN_POINT('Ctrl Pts',(2.22044604925031E-15,47.0910346097449,
-28.0657752954585));
#10700=CARTESIAN_POINT('Ctrl Pts',(6.72186405744928,47.0910346097449,-28.0657752954585));
#10701=CARTESIAN_POINT('Ctrl Pts',(13.4437281148986,47.0910346097449,-28.0657752954585));
#10702=CARTESIAN_POINT('Ctrl Pts',(20.1655921723479,47.0910346097449,-28.0657752954585));
#10703=CARTESIAN_POINT('Ctrl Pts',(2.22044604925031E-15,47.0910346097449,
-28.0657752954585));
#10704=CARTESIAN_POINT('Ctrl Pts',(6.72186405744928,47.0910346097449,-28.0657752954585));
#10705=CARTESIAN_POINT('Ctrl Pts',(13.4437281148986,47.0910346097449,-28.0657752954585));
#10706=CARTESIAN_POINT('Ctrl Pts',(20.1655921723479,47.0910346097449,-28.0657752954585));
#10707=CARTESIAN_POINT('Origin',(-20.1655921723478,47.0910346097449,-28.));
#10708=CARTESIAN_POINT('',(20.1655921723478,47.0910346097449,-28.));
#10709=CARTESIAN_POINT('Ctrl Pts',(20.1655921723478,-13.3487160314351,-33.8165941059117));
#10710=CARTESIAN_POINT('Ctrl Pts',(13.4437281148986,-13.348716031435,-33.8165941059117));
#10711=CARTESIAN_POINT('Ctrl Pts',(6.72186405744929,-13.3487160314351,-33.8165941059117));
#10712=CARTESIAN_POINT('Ctrl Pts',(0.,-13.3487160314351,-33.8165941059117));
#10713=CARTESIAN_POINT('Ctrl Pts',(20.1655921723478,-11.5354658177084,-31.8885656854963));
#10714=CARTESIAN_POINT('Ctrl Pts',(13.4437281148986,-11.5354658177084,-31.8885656854963));
#10715=CARTESIAN_POINT('Ctrl Pts',(6.72186405744929,-11.5354658177084,-31.8885656854963));
#10716=CARTESIAN_POINT('Ctrl Pts',(-7.40148683083438E-16,-11.5354658177084,
-31.8885656854963));
#10717=CARTESIAN_POINT('Ctrl Pts',(20.1655921723479,-9.72221560398173,-29.9605372650808));
#10718=CARTESIAN_POINT('Ctrl Pts',(13.4437281148986,-9.72221560398173,-29.9605372650808));
#10719=CARTESIAN_POINT('Ctrl Pts',(6.72186405744929,-9.72221560398173,-29.9605372650808));
#10720=CARTESIAN_POINT('Ctrl Pts',(-1.48029736616688E-15,-9.72221560398173,
-29.9605372650808));
#10721=CARTESIAN_POINT('Ctrl Pts',(20.1655921723479,-7.90896539025507,-28.0325088446653));
#10722=CARTESIAN_POINT('Ctrl Pts',(13.4437281148986,-7.90896539025507,-28.0325088446653));
#10723=CARTESIAN_POINT('Ctrl Pts',(6.72186405744928,-7.90896539025507,-28.0325088446653));
#10724=CARTESIAN_POINT('Ctrl Pts',(-2.22044604925031E-15,-7.90896539025507,
-28.0325088446653));
#10725=CARTESIAN_POINT('',(0.,-7.90896539025507,-28.0325088446653));
#10726=CARTESIAN_POINT('Ctrl Pts',(20.1655921723479,-7.90896539025507,-28.0325088446653));
#10727=CARTESIAN_POINT('Ctrl Pts',(13.4437281148986,-7.90896539025507,-28.0325088446653));
#10728=CARTESIAN_POINT('Ctrl Pts',(6.72186405744928,-7.90896539025507,-28.0325088446653));
#10729=CARTESIAN_POINT('Ctrl Pts',(-2.22044604925031E-15,-7.90896539025507,
-28.0325088446653));
#10730=CARTESIAN_POINT('',(0.,-7.90896539025507,-28.0325088446653));
#10731=CARTESIAN_POINT('Ctrl Pts',(0.,-13.3487160314351,-33.8165941059117));
#10732=CARTESIAN_POINT('Ctrl Pts',(-6.7218640574493,-13.3487160314351,-33.8165941059117));
#10733=CARTESIAN_POINT('Ctrl Pts',(-13.4437281148986,-13.348716031435,-33.8165941059117));
#10734=CARTESIAN_POINT('Ctrl Pts',(-20.1655921723479,-13.348716031435,-33.8165941059117));
#10735=CARTESIAN_POINT('Ctrl Pts',(0.,-11.5354658177084,-31.8885656854963));
#10736=CARTESIAN_POINT('Ctrl Pts',(-6.72186405744929,-11.5354658177084,
-31.8885656854963));
#10737=CARTESIAN_POINT('Ctrl Pts',(-13.4437281148986,-11.5354658177084,
-31.8885656854963));
#10738=CARTESIAN_POINT('Ctrl Pts',(-20.1655921723479,-11.5354658177084,
-31.8885656854963));
#10739=CARTESIAN_POINT('Ctrl Pts',(0.,-9.72221560398173,-29.9605372650808));
#10740=CARTESIAN_POINT('Ctrl Pts',(-6.7218640574493,-9.72221560398173,-29.9605372650808));
#10741=CARTESIAN_POINT('Ctrl Pts',(-13.4437281148986,-9.72221560398173,
-29.9605372650808));
#10742=CARTESIAN_POINT('Ctrl Pts',(-20.1655921723479,-9.72221560398173,
-29.9605372650808));
#10743=CARTESIAN_POINT('Ctrl Pts',(0.,-7.90896539025507,-28.0325088446653));
#10744=CARTESIAN_POINT('Ctrl Pts',(-6.7218640574493,-7.90896539025507,-28.0325088446653));
#10745=CARTESIAN_POINT('Ctrl Pts',(-13.4437281148986,-7.90896539025507,
-28.0325088446653));
#10746=CARTESIAN_POINT('Ctrl Pts',(-20.1655921723479,-7.90896539025507,
-28.0325088446653));
#10747=CARTESIAN_POINT('Ctrl Pts',(0.,-7.90896539025507,-28.0325088446653));
#10748=CARTESIAN_POINT('Ctrl Pts',(-6.7218640574493,-7.90896539025507,-28.0325088446653));
#10749=CARTESIAN_POINT('Ctrl Pts',(-13.4437281148986,-7.90896539025507,
-28.0325088446653));
#10750=CARTESIAN_POINT('Ctrl Pts',(-20.1655921723479,-7.90896539025507,
-28.0325088446653));
#10751=CARTESIAN_POINT('Origin',(-4.44089209850063E-15,-7.90896539025507,
-28.));
#10752=CARTESIAN_POINT('',(20.1655921723478,-7.90896539025507,-28.));
#10753=CARTESIAN_POINT('Origin',(15.25,-3.24999977648257,-28.));
#10754=CARTESIAN_POINT('',(13.8889046865212,-4.09108214321366,-33.2370012606519));
#10755=CARTESIAN_POINT('',(13.65,-3.24999977648256,-33.1816925301943));
#10756=CARTESIAN_POINT('Ctrl Pts',(13.8889046865212,-4.09108214321367,-33.2370012606519));
#10757=CARTESIAN_POINT('Ctrl Pts',(13.890344942844,-4.09341286159371,-33.2371539143405));
#10758=CARTESIAN_POINT('Ctrl Pts',(13.89179137106,-4.09574018037496,-33.2373063402798));
#10759=CARTESIAN_POINT('Ctrl Pts',(13.893243961933,-4.09806407426234,-33.2374585368579));
#10760=CARTESIAN_POINT('Ctrl Pts',(13.9581143083886,-4.20184539659324,-33.2442553885609));
#10761=CARTESIAN_POINT('Ctrl Pts',(14.0346940343216,-4.29786632490071,-33.250533861733));
#10762=CARTESIAN_POINT('Ctrl Pts',(14.190712258377,-4.4530971772373,-33.2606725131034));
#10763=CARTESIAN_POINT('Ctrl Pts',(14.2661019225175,-4.51549797718831,-33.2647436900902));
#10764=CARTESIAN_POINT('Ctrl Pts',(14.4832183437839,-4.66399814697107,-33.2744254541037));
#10765=CARTESIAN_POINT('Ctrl Pts',(14.6333959046101,-4.73565509489279,-33.27908947148));
#10766=CARTESIAN_POINT('Ctrl Pts',(14.9937775587447,-4.84334105256843,-33.2860959926265));
#10767=CARTESIAN_POINT('Ctrl Pts',(15.2055942260257,-4.86320384156336,-33.2873864936418));
#10768=CARTESIAN_POINT('Ctrl Pts',(15.6104374026944,-4.82118442821336,-33.2846540589708));
#10769=CARTESIAN_POINT('Ctrl Pts',(15.8002671677325,-4.76516042766575,-33.2810115876779));
#10770=CARTESIAN_POINT('Ctrl Pts',(16.1377906581442,-4.59354169246512,-33.2698338757013));
#10771=CARTESIAN_POINT('Ctrl Pts',(16.2850098807148,-4.48368837957493,-33.2626728977218));
#10772=CARTESIAN_POINT('Ctrl Pts',(16.5241893898971,-4.23168773536973,-33.246208729008));
#10773=CARTESIAN_POINT('Ctrl Pts',(16.6186103766571,-4.09506940956444,-33.2372692992317));
#10774=CARTESIAN_POINT('Ctrl Pts',(16.7489679752791,-3.82546928241699,-33.2195871187972));
#10775=CARTESIAN_POINT('Ctrl Pts',(16.7919901674123,-3.69757603201579,-33.2111850986669));
#10776=CARTESIAN_POINT('Ctrl Pts',(16.8352720555205,-3.48263038869873,-33.1970364374029));
#10777=CARTESIAN_POINT('Ctrl Pts',(16.8453786087395,-3.39822356605533,-33.1914738855391));
#10778=CARTESIAN_POINT('Ctrl Pts',(16.8497504926449,-3.28801155710802,-33.1842018785739));
#10779=CARTESIAN_POINT('Ctrl Pts',(16.850152542685,-3.26258416150744,-33.1825235236193));
#10780=CARTESIAN_POINT('Ctrl Pts',(16.849822552969,-3.22147066261194,-33.1798088156376));
#10781=CARTESIAN_POINT('Ctrl Pts',(16.8494659255563,-3.20578592059862,-33.1787729278084));
#10782=CARTESIAN_POINT('Ctrl Pts',(16.848345210221,-3.17586668005946,-33.176796493267));
#10783=CARTESIAN_POINT('Ctrl Pts',(16.8476214472994,-3.16163213505979,-33.1758559837058));
#10784=CARTESIAN_POINT('Ctrl Pts',(16.8455352386235,-3.12916265133695,-33.1737102169666));
#10785=CARTESIAN_POINT('Ctrl Pts',(16.8440501880387,-3.11093751182647,-33.1725054849557));
#10786=CARTESIAN_POINT('Ctrl Pts',(16.8385754872414,-3.05550562537709,-33.1688403408266));
#10787=CARTESIAN_POINT('Ctrl Pts',(16.8335927511996,-3.01840928993648,-33.166386239046));
#10788=CARTESIAN_POINT('Ctrl Pts',(16.792843889312,-2.77900938235542,-33.1505405435559));
#10789=CARTESIAN_POINT('Ctrl Pts',(16.7196846638769,-2.58496701585393,-33.1376574844823));
#10790=CARTESIAN_POINT('Ctrl Pts',(16.5143525147591,-2.25207197431876,-33.1155046200903));
#10791=CARTESIAN_POINT('Ctrl Pts',(16.3901349779689,-2.11219981471241,-33.1061731391369));
#10792=CARTESIAN_POINT('Ctrl Pts',(16.0812700982049,-1.86706883298064,-33.0897973623786));
#10793=CARTESIAN_POINT('Ctrl Pts',(15.8940421792641,-1.77054879088637,-33.0833344893217));
#10794=CARTESIAN_POINT('Ctrl Pts',(15.4913655668273,-1.65438070595062,-33.0755533680595));
#10795=CARTESIAN_POINT('Ctrl Pts',(15.2796899256364,-1.63649789175438,-33.0743539098983));
#10796=CARTESIAN_POINT('Ctrl Pts',(14.876108715358,-1.68203336572927,-33.0774054436084));
#10797=CARTESIAN_POINT('Ctrl Pts',(14.6873179156003,-1.73948020372654,-33.0812557742813));
#10798=CARTESIAN_POINT('Ctrl Pts',(14.3523902577323,-1.91310908918516,-33.0928730419584));
#10799=CARTESIAN_POINT('Ctrl Pts',(14.2066223468371,-2.02350158949356,-33.1002529775321));
#10800=CARTESIAN_POINT('Ctrl Pts',(13.9703776777231,-2.27559444106886,-33.1170687763614));
#10801=CARTESIAN_POINT('Ctrl Pts',(13.8773276072422,-2.41176495886917,-33.1261383903349));
#10802=CARTESIAN_POINT('Ctrl Pts',(13.7504737134662,-2.67698729728083,-33.1437631246258));
#10803=CARTESIAN_POINT('Ctrl Pts',(13.7088737891649,-2.80073122378671,-33.1519731572413));
#10804=CARTESIAN_POINT('Ctrl Pts',(13.6660518404693,-3.00923837998961,-33.1657810382097));
#10805=CARTESIAN_POINT('Ctrl Pts',(13.6557156118374,-3.09152542430306,-33.1712240975405));
#10806=CARTESIAN_POINT('Ctrl Pts',(13.6506023020707,-3.19939215892623,-33.178350733061));
#10807=CARTESIAN_POINT('Ctrl Pts',(13.6500039145394,-3.22457042258376,-33.1800136400674));
#10808=CARTESIAN_POINT('Ctrl Pts',(13.650000006381,-3.24983477316406,-33.1816816364075));
#10809=CARTESIAN_POINT('Ctrl Pts',(13.65,-3.24991727483439,-33.1816870833048));
#10810=CARTESIAN_POINT('Ctrl Pts',(13.65,-3.24999977648255,-33.1816925301943));
#10811=CARTESIAN_POINT('Ctrl Pts',(13.65,-3.24999977648255,-33.1816925301943));
#10812=CARTESIAN_POINT('Ctrl Pts',(13.65,-3.26554478469745,-33.1827188362547));
#10813=CARTESIAN_POINT('Ctrl Pts',(13.6502265443253,-3.28108900513776,-33.1837448639218));
#10814=CARTESIAN_POINT('Ctrl Pts',(13.6510950825352,-3.31087967934619,-33.1857108240452));
#10815=CARTESIAN_POINT('Ctrl Pts',(13.6517010945186,-3.32512573293302,-33.1866507659979));
#10816=CARTESIAN_POINT('Ctrl Pts',(13.6535238294984,-3.35771030005918,-33.1888002325193));
#10817=CARTESIAN_POINT('Ctrl Pts',(13.6548662662519,-3.37603985162072,-33.1900090403371));
#10818=CARTESIAN_POINT('Ctrl Pts',(13.6599438853542,-3.43209444911508,-33.1937048014189));
#10819=CARTESIAN_POINT('Ctrl Pts',(13.6647042147582,-3.46971394341309,-33.1961837728069));
#10820=CARTESIAN_POINT('Ctrl Pts',(13.7045060841635,-3.7141634918478,-33.2122834712663));
#10821=CARTESIAN_POINT('Ctrl Pts',(13.778607276949,-3.91259155394944,-33.2253107676873));
#10822=CARTESIAN_POINT('Ctrl Pts',(13.8889046865212,-4.09108214321367,-33.2370012606519));
#10823=CARTESIAN_POINT('',(13.65,-3.24999977648257,-28.));
#10824=CARTESIAN_POINT('',(13.65,-3.24999977648257,-28.));
#10825=CARTESIAN_POINT('Origin',(15.25,-3.24999977648257,-28.));
#10826=CARTESIAN_POINT('Origin',(15.25,27.2500002235174,-28.));
#10827=CARTESIAN_POINT('',(13.8811400244872,26.4216148256264,-30.9476259496837));
#10828=CARTESIAN_POINT('',(13.65,27.250000223519,-30.8773527978098));
#10829=CARTESIAN_POINT('Ctrl Pts',(13.8811400244871,26.4216148256265,-30.9476259496837));
#10830=CARTESIAN_POINT('Ctrl Pts',(13.887913005059,26.410422922087,-30.9485724734977));
#10831=CARTESIAN_POINT('Ctrl Pts',(13.8948270433932,26.3993076814785,-30.9495123961317));
#10832=CARTESIAN_POINT('Ctrl Pts',(13.9018810731957,26.3882720998078,-30.9504454691324));
#10833=CARTESIAN_POINT('Ctrl Pts',(13.9796788152666,26.2665624727657,-30.9607361787944));
#10834=CARTESIAN_POINT('Ctrl Pts',(14.0736135180982,26.1559273745911,-30.9700765425741));
#10835=CARTESIAN_POINT('Ctrl Pts',(14.1811371050167,26.0593985900652,-30.978218307119));
#10836=CARTESIAN_POINT('Ctrl Pts',(14.1882154083544,26.0530440771878,-30.9787542814182));
#10837=CARTESIAN_POINT('Ctrl Pts',(14.1953525819029,26.046750695726,-30.9792850616466));
#10838=CARTESIAN_POINT('Ctrl Pts',(14.2025478906945,26.0405193106,-30.9798105770396));
#10839=CARTESIAN_POINT('Ctrl Pts',(14.292534505202,25.9625878044733,-30.9863828246611));
#10840=CARTESIAN_POINT('Ctrl Pts',(14.3909707164246,25.8949134451699,-30.9920844005944));
#10841=CARTESIAN_POINT('Ctrl Pts',(14.4960433218592,25.8387775878264,-30.9968114529917));
#10842=CARTESIAN_POINT('Ctrl Pts',(14.6365296213232,25.7637216887858,-31.0031317121679));
#10843=CARTESIAN_POINT('Ctrl Pts',(14.7872628265889,25.7101557027097,-31.0076374753472));
#10844=CARTESIAN_POINT('Ctrl Pts',(14.9432052927271,25.6796890068487,-31.0101999615412));
#10845=CARTESIAN_POINT('Ctrl Pts',(14.9855318726378,25.6714196042356,-31.0108954826481));
#10846=CARTESIAN_POINT('Ctrl Pts',(15.0282419203,25.664851952054,-31.0114478117184));
#10847=CARTESIAN_POINT('Ctrl Pts',(15.0712340817446,25.6600182286262,-31.0118543059559));
#10848=CARTESIAN_POINT('Ctrl Pts',(15.2744879602138,25.637165852725,-31.0137760872198));
#10849=CARTESIAN_POINT('Ctrl Pts',(15.4802296214709,25.6535002869633,-31.0124033554394));
#10850=CARTESIAN_POINT('Ctrl Pts',(15.6772962073365,25.7081124353837,-31.0078090771854));
#10851=CARTESIAN_POINT('Ctrl Pts',(15.829365024798,25.750254561066,-31.0042638467339));
#10852=CARTESIAN_POINT('Ctrl Pts',(15.9741292356433,25.8145951839205,-30.9988498284291));
#10853=CARTESIAN_POINT('Ctrl Pts',(16.1069768151488,25.8988556859731,-30.9917513052684));
#10854=CARTESIAN_POINT('Ctrl Pts',(16.1350106330008,25.9166365411113,-30.9902533577255));
#10855=CARTESIAN_POINT('Ctrl Pts',(16.1625139804932,25.9353044370816,-30.9886803850874));
#10856=CARTESIAN_POINT('Ctrl Pts',(16.1894438321535,25.9548379610079,-30.9870340995296));
#10857=CARTESIAN_POINT('Ctrl Pts',(16.3058912511972,26.0393029062564,-30.9799153932465));
#10858=CARTESIAN_POINT('Ctrl Pts',(16.4102425077547,26.1389584876567,-30.9715097385395));
#10859=CARTESIAN_POINT('Ctrl Pts',(16.4997950258381,26.2509937380745,-30.9620466375749));
#10860=CARTESIAN_POINT('Ctrl Pts',(16.5201408477431,26.276447508676,-30.9598966749494));
#10861=CARTESIAN_POINT('Ctrl Pts',(16.5397230120597,26.3025402837719,-30.957692130056));
#10862=CARTESIAN_POINT('Ctrl Pts',(16.5585102029715,26.3292390988442,-30.9554356965874));
#10863=CARTESIAN_POINT('Ctrl Pts',(16.6433669348775,26.4498305275159,-30.9452439882679));
#10864=CARTESIAN_POINT('Ctrl Pts',(16.7110885557937,26.5814903906957,-30.93410296606));
#10865=CARTESIAN_POINT('Ctrl Pts',(16.7598249030216,26.720444836649,-30.9223252909459));
#10866=CARTESIAN_POINT('Ctrl Pts',(16.7628465884178,26.7290601031587,-30.9215950673876));
#10867=CARTESIAN_POINT('Ctrl Pts',(16.7657953093068,26.7377034106768,-30.9208623973963));
#10868=CARTESIAN_POINT('Ctrl Pts',(16.7686706310935,26.7463738597773,-30.9201273558703));
#10869=CARTESIAN_POINT('Ctrl Pts',(16.8175264213831,26.8936970724079,-30.9076379590966));
#10870=CARTESIAN_POINT('Ctrl Pts',(16.8446768389413,27.0473201847314,-30.8945936659608));
#10871=CARTESIAN_POINT('Ctrl Pts',(16.8492920140018,27.2024076404643,-30.8814017777087));
#10872=CARTESIAN_POINT('Ctrl Pts',(16.8501588343053,27.2315361033483,-30.8789240826205));
#10873=CARTESIAN_POINT('Ctrl Pts',(16.8502297004598,27.2606827409338,-30.8764440442522));
#10874=CARTESIAN_POINT('Ctrl Pts',(16.8495045448464,27.2898149320655,-30.8739644379714));
#10875=CARTESIAN_POINT('Ctrl Pts',(16.8491180089321,27.3053435136939,-30.8726427121745));
#10876=CARTESIAN_POINT('Ctrl Pts',(16.8485053564404,27.3208656933406,-30.8713213048049));
#10877=CARTESIAN_POINT('Ctrl Pts',(16.8476667778495,27.3363765336726,-30.8700006369538));
#10878=CARTESIAN_POINT('Ctrl Pts',(16.8469770561842,27.3491340292024,-30.8689144021756));
#10879=CARTESIAN_POINT('Ctrl Pts',(16.8461345513881,27.3618828698104,-30.8678287514668));
#10880=CARTESIAN_POINT('Ctrl Pts',(16.8451394401685,27.3746203118614,-30.8667439191863));
#10881=CARTESIAN_POINT('Ctrl Pts',(16.843986574572,27.3893770128604,-30.8654871091037));
#10882=CARTESIAN_POINT('Ctrl Pts',(16.8426289826195,27.404117128247,-30.8642315070742));
#10883=CARTESIAN_POINT('Ctrl Pts',(16.8410670462137,27.4188363998919,-30.8629774773697));
#10884=CARTESIAN_POINT('Ctrl Pts',(16.838413563311,27.4438421142761,-30.8608470792512));
#10885=CARTESIAN_POINT('Ctrl Pts',(16.835170899112,27.4687823027475,-30.858721676222));
#10886=CARTESIAN_POINT('Ctrl Pts',(16.8313416853144,27.4936361697328,-30.8566030511401));
#10887=CARTESIAN_POINT('Ctrl Pts',(16.8177533994894,27.5818321980316,-30.8490849326203));
#10888=CARTESIAN_POINT('Ctrl Pts',(16.7968087076407,27.6687485267589,-30.8416685484557));
#10889=CARTESIAN_POINT('Ctrl Pts',(16.7687212118024,27.7534740369585,-30.8344324861757));
#10890=CARTESIAN_POINT('Ctrl Pts',(16.7203093079699,27.8995078192355,-30.8219603329711));
#10891=CARTESIAN_POINT('Ctrl Pts',(16.651110685671,28.0377203341659,-30.8101358529677));
#10892=CARTESIAN_POINT('Ctrl Pts',(16.5633318882307,28.1638701515232,-30.7993294969624));
#10893=CARTESIAN_POINT('Ctrl Pts',(16.5474951714021,28.1866296218478,-30.7973798553063));
#10894=CARTESIAN_POINT('Ctrl Pts',(16.531053533391,28.2089964516787,-30.7954633617209));
#10895=CARTESIAN_POINT('Ctrl Pts',(16.5140197413599,28.2309457334478,-30.7935822014144));
#10896=CARTESIAN_POINT('Ctrl Pts',(16.427078164912,28.3429762875026,-30.7839806375174));
#10897=CARTESIAN_POINT('Ctrl Pts',(16.3257354822188,28.4428079797596,-30.7754127923946));
#10898=CARTESIAN_POINT('Ctrl Pts',(16.2127646110545,28.5279204959381,-30.7681024105607));
#10899=CARTESIAN_POINT('Ctrl Pts',(16.1683200269501,28.5614051486157,-30.7652263870611));
#10900=CARTESIAN_POINT('Ctrl Pts',(16.1220751063291,28.5926116201504,-30.7625449874904));
#10901=CARTESIAN_POINT('Ctrl Pts',(16.0741964786828,28.6213864435615,-30.7600718111453));
#10902=CARTESIAN_POINT('Ctrl Pts',(15.9434448149781,28.6999675604142,-30.7533178180242));
#10903=CARTESIAN_POINT('Ctrl Pts',(15.8023317146068,28.7593201599909,-30.7482110112168));
#10904=CARTESIAN_POINT('Ctrl Pts',(15.655228460562,28.7978335058254,-30.7448965608961));
#10905=CARTESIAN_POINT('Ctrl Pts',(15.6000516365085,28.8122794412374,-30.7436533467785));
#10906=CARTESIAN_POINT('Ctrl Pts',(15.5440314908006,28.823793462461,-30.7426622642029));
#10907=CARTESIAN_POINT('Ctrl Pts',(15.4873968965955,28.8322905609933,-30.7419308224052));
#10908=CARTESIAN_POINT('Ctrl Pts',(15.2838965378337,28.8628224757007,-30.739302593664));
#10909=CARTESIAN_POINT('Ctrl Pts',(15.0764170869098,28.8538093899599,-30.7400790301449));
#10910=CARTESIAN_POINT('Ctrl Pts',(14.8763518895444,28.8057595524475,-30.7442144273495));
#10911=CARTESIAN_POINT('Ctrl Pts',(14.7238263035367,28.7691273459435,-30.7473671690073));
#10912=CARTESIAN_POINT('Ctrl Pts',(14.5777619890462,28.7103234087369,-30.752427212292));
#10913=CARTESIAN_POINT('Ctrl Pts',(14.442751206323,28.6314299498362,-30.7592085470891));
#10914=CARTESIAN_POINT('Ctrl Pts',(14.4126551187261,28.6138433215536,-30.7607202163199));
#10915=CARTESIAN_POINT('Ctrl Pts',(14.3831085008885,28.5952584116492,-30.7623174036387));
#10916=CARTESIAN_POINT('Ctrl Pts',(14.3541625967731,28.5756982837784,-30.7639980237074));
#10917=CARTESIAN_POINT('Ctrl Pts',(14.2362888892304,28.4960453980731,-30.7708418561779));
#10918=CARTESIAN_POINT('Ctrl Pts',(14.1297523772154,28.4011532649842,-30.778989135951));
#10919=CARTESIAN_POINT('Ctrl Pts',(14.0372412060814,28.2936544015577,-30.7882065322961));
#10920=CARTESIAN_POINT('Ctrl Pts',(14.0144915509413,28.2672190852503,-30.790473205451));
#10921=CARTESIAN_POINT('Ctrl Pts',(13.9925902964909,28.2400214025059,-30.7928045906413));
#10922=CARTESIAN_POINT('Ctrl Pts',(13.9715779042916,28.2121005016585,-30.7951972183542));
#10923=CARTESIAN_POINT('Ctrl Pts',(13.8834182843564,28.0949555338884,-30.8052357302865));
#10924=CARTESIAN_POINT('Ctrl Pts',(13.8118455787783,27.9663382700051,-30.8162442587409));
#10925=CARTESIAN_POINT('Ctrl Pts',(13.7587872984439,27.8299006040341,-30.8279033746116));
#10926=CARTESIAN_POINT('Ctrl Pts',(13.754743304824,27.8195016041566,-30.8287920085797));
#10927=CARTESIAN_POINT('Ctrl Pts',(13.7508068895576,27.809057174237,-30.8296844231583));
#10928=CARTESIAN_POINT('Ctrl Pts',(13.7469789180263,27.7985689312297,-30.8305804775629));
#10929=CARTESIAN_POINT('Ctrl Pts',(13.710216570137,27.6978439297419,-30.8391858351214));
#10930=CARTESIAN_POINT('Ctrl Pts',(13.6836783546826,27.5936948820029,-30.8480741017488));
#10931=CARTESIAN_POINT('Ctrl Pts',(13.6677544056448,27.4876951522467,-30.8571094718946));
#10932=CARTESIAN_POINT('Ctrl Pts',(13.6574009154019,27.4187758681432,-30.862984121231));
#10933=CARTESIAN_POINT('Ctrl Pts',(13.6515617906769,27.3492560004063,-30.8689054846198));
#10934=CARTESIAN_POINT('Ctrl Pts',(13.6502734475804,27.2795799037777,-30.8748355665824));
#10935=CARTESIAN_POINT('Ctrl Pts',(13.6500911484426,27.2697208123805,-30.8756746666883));
#10936=CARTESIAN_POINT('Ctrl Pts',(13.650000000035,27.2598604976419,-30.8765137796293));
#10937=CARTESIAN_POINT('Ctrl Pts',(13.6500000000395,27.2500002235191,-30.8773527978099));
#10938=CARTESIAN_POINT('Ctrl Pts',(13.6500000000395,27.2500002235191,-30.8773527978099));
#10939=CARTESIAN_POINT('Ctrl Pts',(13.6500000000451,27.237738546175,-30.8783961532063));
#10940=CARTESIAN_POINT('Ctrl Pts',(13.6501409519357,27.2254769316388,-30.8794393620587));
#10941=CARTESIAN_POINT('Ctrl Pts',(13.6504228514714,27.213217810528,-30.8804822176607));
#10942=CARTESIAN_POINT('Ctrl Pts',(13.6507442053826,27.1992429151593,-30.8816710302837));
#10943=CARTESIAN_POINT('Ctrl Pts',(13.6512486870464,27.1852727634959,-30.8828592559505));
#10944=CARTESIAN_POINT('Ctrl Pts',(13.6519361718291,27.1713109542886,-30.8840465890863));
#10945=CARTESIAN_POINT('Ctrl Pts',(13.6525720556909,27.1583970842213,-30.8851448039103));
#10946=CARTESIAN_POINT('Ctrl Pts',(13.6533644549037,27.1454913100675,-30.8862421736249));
#10947=CARTESIAN_POINT('Ctrl Pts',(13.6543132011087,27.1325964763707,-30.8873384570526));
#10948=CARTESIAN_POINT('Ctrl Pts',(13.6555341794297,27.1160016143173,-30.8887493067528));
#10949=CARTESIAN_POINT('Ctrl Pts',(13.6570139730397,27.0994266171418,-30.8901582089386));
#10950=CARTESIAN_POINT('Ctrl Pts',(13.6587520597466,27.0828775361305,-30.8915646513788));
#10951=CARTESIAN_POINT('Ctrl Pts',(13.6624453140282,27.0477124525609,-30.8945531959337));
#10952=CARTESIAN_POINT('Ctrl Pts',(13.6673033570122,27.0126782141956,-30.8975294580515));
#10953=CARTESIAN_POINT('Ctrl Pts',(13.6733184310228,26.9778325728907,-30.9004885630432));
#10954=CARTESIAN_POINT('Ctrl Pts',(13.7011279565996,26.8167305230405,-30.91416940983));
#10955=CARTESIAN_POINT('Ctrl Pts',(13.7534226313419,26.661068495618,-30.9273634504958));
#10956=CARTESIAN_POINT('Ctrl Pts',(13.8281912547411,26.5162000027211,-30.9396238738421));
#10957=CARTESIAN_POINT('Ctrl Pts',(13.8447466069793,26.4841230589565,-30.9423385904954));
#10958=CARTESIAN_POINT('Ctrl Pts',(13.8624035983548,26.4525752940951,-30.9450075550028));
#10959=CARTESIAN_POINT('Ctrl Pts',(13.8811400244871,26.4216148256265,-30.9476259496837));
#10960=CARTESIAN_POINT('',(13.65,27.2500002235174,-28.));
#10961=CARTESIAN_POINT('',(13.65,27.2500002235174,-28.));
#10962=CARTESIAN_POINT('Origin',(15.25,27.2500002235174,-28.));
#10963=CARTESIAN_POINT('Ctrl Pts',(16.9616775661006,25.6371658454509,-31.0137759243908));
#10964=CARTESIAN_POINT('Ctrl Pts',(16.8901919501725,26.7124330316034,-30.9233662069787));
#10965=CARTESIAN_POINT('Ctrl Pts',(16.8176824249016,27.7876519040244,-30.8318749998345));
#10966=CARTESIAN_POINT('Ctrl Pts',(16.7441489902879,28.8628224627139,-30.7393023029582));
#10967=CARTESIAN_POINT('Ctrl Pts',(15.8861257335506,25.6371658454509,-31.0137759243908));
#10968=CARTESIAN_POINT('Ctrl Pts',(15.8191730705049,26.7124330316034,-30.9233662069787));
#10969=CARTESIAN_POINT('Ctrl Pts',(15.7512614249235,27.7876519040244,-30.8318749998345));
#10970=CARTESIAN_POINT('Ctrl Pts',(15.6823907968067,28.8628224627139,-30.7393023029582));
#10971=CARTESIAN_POINT('Ctrl Pts',(14.8105739010007,25.6371658454509,-31.0137759243908));
#10972=CARTESIAN_POINT('Ctrl Pts',(14.7481541908373,26.7124330316034,-30.9233662069787));
#10973=CARTESIAN_POINT('Ctrl Pts',(14.6848404249455,27.7876519040244,-30.8318749998345));
#10974=CARTESIAN_POINT('Ctrl Pts',(14.6206326033255,28.8628224627139,-30.7393023029582));
#10975=CARTESIAN_POINT('Ctrl Pts',(13.7350220684507,25.6371658454509,-31.0137759243908));
#10976=CARTESIAN_POINT('Ctrl Pts',(13.6771353111696,26.7124330316034,-30.9233662069787));
#10977=CARTESIAN_POINT('Ctrl Pts',(13.6184194249675,27.7876519040244,-30.8318749998345));
#10978=CARTESIAN_POINT('Ctrl Pts',(13.5588744098443,28.8628224627139,-30.7393023029582));
#10979=CARTESIAN_POINT('Origin',(-15.25,27.2500002235174,-28.));
#10980=CARTESIAN_POINT('',(-16.6119140109411,26.4102441715581,-30.9485875503552));
#10981=CARTESIAN_POINT('',(-16.85,27.2500002235194,-30.8773527978097));
#10982=CARTESIAN_POINT('Ctrl Pts',(-16.6119140109411,26.4102441715581,-30.9485875503552));
#10983=CARTESIAN_POINT('Ctrl Pts',(-16.5367704918675,26.2883742215235,-30.9588934917227));
#10984=CARTESIAN_POINT('Ctrl Pts',(-16.4455946668238,26.1771214515534,-30.9682875645706));
#10985=CARTESIAN_POINT('Ctrl Pts',(-16.3408234058622,26.0794850064582,-30.976523982853));
#10986=CARTESIAN_POINT('Ctrl Pts',(-16.3193459827724,26.0594701739454,-30.9782123947188));
#10987=CARTESIAN_POINT('Ctrl Pts',(-16.2972974230659,26.0400275310721,-30.9798521616657));
#10988=CARTESIAN_POINT('Ctrl Pts',(-16.2746989892387,26.0211829134777,-30.9814411687826));
#10989=CARTESIAN_POINT('Ctrl Pts',(-16.1593446013119,25.9249899938736,-30.9895523035977));
#10990=CARTESIAN_POINT('Ctrl Pts',(-16.0309675561073,25.845475943385,-30.996248531535));
#10991=CARTESIAN_POINT('Ctrl Pts',(-15.8933256424178,25.7850319238338,-31.0013363294698));
#10992=CARTESIAN_POINT('Ctrl Pts',(-15.715822870274,25.7070834215045,-31.0078975448244));
#10993=CARTESIAN_POINT('Ctrl Pts',(-15.5257095674729,25.6620788503098,-31.0116810467339));
#10994=CARTESIAN_POINT('Ctrl Pts',(-15.3322904974157,25.652117786034,-31.0125186778448));
#10995=CARTESIAN_POINT('Ctrl Pts',(-15.3149882409216,25.6512267214197,-31.0125936079348));
#10996=CARTESIAN_POINT('Ctrl Pts',(-15.2976595622503,25.6506160799773,-31.0126449564215));
#10997=CARTESIAN_POINT('Ctrl Pts',(-15.2803111366491,25.6502873644231,-31.0126725979079));
#10998=CARTESIAN_POINT('Ctrl Pts',(-15.1041764448653,25.6469499887928,-31.0129532357485));
#10999=CARTESIAN_POINT('Ctrl Pts',(-14.9288678578248,25.6727278981796,-31.0107863318494));
#11000=CARTESIAN_POINT('Ctrl Pts',(-14.761442759599,25.7264150015869,-31.0062692584853));
#11001=CARTESIAN_POINT('Ctrl Pts',(-14.7417755376671,25.7327215600944,-31.0057386433907));
#11002=CARTESIAN_POINT('Ctrl Pts',(-14.7222170393647,25.7394132347293,-31.0051755885573));
#11003=CARTESIAN_POINT('Ctrl Pts',(-14.7027786511397,25.7464880701407,-31.0045802440352));
#11004=CARTESIAN_POINT('Ctrl Pts',(-14.5646620970588,25.7967572527704,-31.0003501127646));
#11005=CARTESIAN_POINT('Ctrl Pts',(-14.4343473699254,25.8657377694638,-30.9945432722129));
#11006=CARTESIAN_POINT('Ctrl Pts',(-14.3154212105098,25.9513225153179,-30.9873303774535));
#11007=CARTESIAN_POINT('Ctrl Pts',(-14.2860589189122,25.9724529737168,-30.9855495487424));
#11008=CARTESIAN_POINT('Ctrl Pts',(-14.2573905959303,25.9945955791623,-30.9836829997748));
#11009=CARTESIAN_POINT('Ctrl Pts',(-14.2294697228257,26.0177186187815,-30.9817332796793));
#11010=CARTESIAN_POINT('Ctrl Pts',(-14.1181927220182,26.1098741358653,-30.973962784687));
#11011=CARTESIAN_POINT('Ctrl Pts',(-14.020039396574,26.2165694004546,-30.9649583074388));
#11012=CARTESIAN_POINT('Ctrl Pts',(-13.9375876665769,26.3348091977888,-30.9549649334875));
#11013=CARTESIAN_POINT('Ctrl Pts',(-13.9250628415828,26.3527704069593,-30.9534468906297));
#11014=CARTESIAN_POINT('Ctrl Pts',(-13.9129002347314,26.3709980075468,-30.9519060299756));
#11015=CARTESIAN_POINT('Ctrl Pts',(-13.9011087783931,26.3894815007277,-30.9503432122301));
#11016=CARTESIAN_POINT('Ctrl Pts',(-13.8134252438354,26.5269283068365,-30.9387217992459));
#11017=CARTESIAN_POINT('Ctrl Pts',(-13.7474527390357,26.676667605426,-30.9260429053789));
#11018=CARTESIAN_POINT('Ctrl Pts',(-13.7051867714986,26.8334008102125,-30.9127472334262));
#11019=CARTESIAN_POINT('Ctrl Pts',(-13.6919745781764,26.8823950607246,-30.9085910529713));
#11020=CARTESIAN_POINT('Ctrl Pts',(-13.6810785024107,26.9320727333669,-30.9043746391996));
#11021=CARTESIAN_POINT('Ctrl Pts',(-13.6725585306392,26.982271983049,-30.9001115604908));
#11022=CARTESIAN_POINT('Ctrl Pts',(-13.6668030253012,27.016183134078,-30.8972317185238));
#11023=CARTESIAN_POINT('Ctrl Pts',(-13.6621427179907,27.0502699371905,-30.8943358786962));
#11024=CARTESIAN_POINT('Ctrl Pts',(-13.6585846552081,27.0844792267752,-30.8914285290777));
#11025=CARTESIAN_POINT('Ctrl Pts',(-13.6568642779942,27.1010199361171,-30.8900227815285));
#11026=CARTESIAN_POINT('Ctrl Pts',(-13.6554019025854,27.11758628638,-30.88861459786));
#11027=CARTESIAN_POINT('Ctrl Pts',(-13.6541980456467,27.1341722369068,-30.8872044894324));
#11028=CARTESIAN_POINT('Ctrl Pts',(-13.6532650049237,27.1470270594139,-30.8861115949658));
#11029=CARTESIAN_POINT('Ctrl Pts',(-13.6524873297257,27.159892612754,-30.8850176329913));
#11030=CARTESIAN_POINT('Ctrl Pts',(-13.651865184985,27.1727660792736,-30.8839228424185));
#11031=CARTESIAN_POINT('Ctrl Pts',(-13.6511837522523,27.1868663374557,-30.8827237225306));
#11032=CARTESIAN_POINT('Ctrl Pts',(-13.6506889607954,27.2009749407209,-30.8815237062312));
#11033=CARTESIAN_POINT('Ctrl Pts',(-13.6503809361608,27.2150881825817,-30.8803231082613));
#11034=CARTESIAN_POINT('Ctrl Pts',(-13.6498848143004,27.2378197664318,-30.8783893574128));
#11035=CARTESIAN_POINT('Ctrl Pts',(-13.6498732944491,27.2605593116533,-30.8764544438634));
#11036=CARTESIAN_POINT('Ctrl Pts',(-13.6503463804051,27.2832913231897,-30.8745196860611));
#11037=CARTESIAN_POINT('Ctrl Pts',(-13.6517551132553,27.3509816255563,-30.8687584563329));
#11038=CARTESIAN_POINT('Ctrl Pts',(-13.6574590073709,27.4185165674916,-30.8630061298695));
#11039=CARTESIAN_POINT('Ctrl Pts',(-13.6674245043292,27.4854886531745,-30.857297551377));
#11040=CARTESIAN_POINT('Ctrl Pts',(-13.6905443181513,27.6408629570101,-30.8440537289678));
#11041=CARTESIAN_POINT('Ctrl Pts',(-13.7364018996169,27.7918519400128,-30.8311606160148));
#11042=CARTESIAN_POINT('Ctrl Pts',(-13.8034002843681,27.9336283269481,-30.8190360794357));
#11043=CARTESIAN_POINT('Ctrl Pts',(-13.8178941814275,27.9642991015545,-30.816413153738));
#11044=CARTESIAN_POINT('Ctrl Pts',(-13.8333776493298,27.9945387316022,-30.8138262148523));
#11045=CARTESIAN_POINT('Ctrl Pts',(-13.8498348605311,28.0242983458296,-30.8112795211495));
#11046=CARTESIAN_POINT('Ctrl Pts',(-13.9186381670142,28.1487155288781,-30.8006324591891));
#11047=CARTESIAN_POINT('Ctrl Pts',(-14.0036408936388,28.263260889856,-30.7908155477458));
#11048=CARTESIAN_POINT('Ctrl Pts',(-14.1024821899344,28.364988433927,-30.7820884649715));
#11049=CARTESIAN_POINT('Ctrl Pts',(-14.1387296652034,28.4022943655172,-30.7788880342924));
#11050=CARTESIAN_POINT('Ctrl Pts',(-14.1768387444351,28.4378764743541,-30.7758341810047));
#11051=CARTESIAN_POINT('Ctrl Pts',(-14.2166947590088,28.4715894666512,-30.7729397342157));
#11052=CARTESIAN_POINT('Ctrl Pts',(-14.3314005744727,28.5686156323262,-30.7646095014316));
#11053=CARTESIAN_POINT('Ctrl Pts',(-14.4590283945956,28.6488529666768,-30.7577120205398));
#11054=CARTESIAN_POINT('Ctrl Pts',(-14.5957076810959,28.7101024482882,-30.7524442675341));
#11055=CARTESIAN_POINT('Ctrl Pts',(-14.6496056453936,28.7342555036462,-30.7503669874231));
#11056=CARTESIAN_POINT('Ctrl Pts',(-14.7049117451453,28.7554558861102,-30.7485431103142));
#11057=CARTESIAN_POINT('Ctrl Pts',(-14.7613907878001,28.7735687442857,-30.7469845967782));
#11058=CARTESIAN_POINT('Ctrl Pts',(-14.9586703601805,28.8368364051292,-30.741540756559));
#11059=CARTESIAN_POINT('Ctrl Pts',(-15.166403674098,28.8611986541947,-30.7394421923163));
#11060=CARTESIAN_POINT('Ctrl Pts',(-15.3730308371633,28.8452630272921,-30.7408140821823));
#11061=CARTESIAN_POINT('Ctrl Pts',(-15.5326291800638,28.8329543859256,-30.7418737267421));
#11062=CARTESIAN_POINT('Ctrl Pts',(-15.6892486236043,28.7967830703774,-30.744988036987));
#11063=CARTESIAN_POINT('Ctrl Pts',(-15.8377140341004,28.7381505296214,-30.7500317499929));
#11064=CARTESIAN_POINT('Ctrl Pts',(-15.8682540093179,28.7260895631266,-30.75106926351));
#11065=CARTESIAN_POINT('Ctrl Pts',(-15.8984487794341,28.7130781655756,-30.7521883995338));
#11066=CARTESIAN_POINT('Ctrl Pts',(-15.9282530051837,28.6991285342475,-30.7533880397604));
#11067=CARTESIAN_POINT('Ctrl Pts',(-16.0572908416368,28.6387333989729,-30.7585818998749));
#11068=CARTESIAN_POINT('Ctrl Pts',(-16.1774770543512,28.5614700745519,-30.7652231042805));
#11069=CARTESIAN_POINT('Ctrl Pts',(-16.28573387539,28.4695302239406,-30.7731165302606));
#11070=CARTESIAN_POINT('Ctrl Pts',(-16.3132479705999,28.4461631808386,-30.7751226899821));
#11071=CARTESIAN_POINT('Ctrl Pts',(-16.3399912231863,28.4218481049539,-30.7772097298362));
#11072=CARTESIAN_POINT('Ctrl Pts',(-16.3659125629702,28.396620976776,-30.7793744342092));
#11073=CARTESIAN_POINT('Ctrl Pts',(-16.4701554112861,28.2951699052645,-30.7880798079086));
#11074=CARTESIAN_POINT('Ctrl Pts',(-16.5599793200097,28.1800717618618,-30.7979464686952));
#11075=CARTESIAN_POINT('Ctrl Pts',(-16.6329919413873,28.0545702469338,-30.8086887013885));
#11076=CARTESIAN_POINT('Ctrl Pts',(-16.6403021133186,28.0420047803822,-30.8097642355418));
#11077=CARTESIAN_POINT('Ctrl Pts',(-16.6474437190376,28.0293350261013,-30.8108485478564));
#11078=CARTESIAN_POINT('Ctrl Pts',(-16.654414329558,28.0165642397171,-30.8119413523801));
#11079=CARTESIAN_POINT('Ctrl Pts',(-16.7391997267799,27.8612297545609,-30.8252334256292));
#11080=CARTESIAN_POINT('Ctrl Pts',(-16.7975995601054,27.6929563782659,-30.8396094211331));
#11081=CARTESIAN_POINT('Ctrl Pts',(-16.8272898316395,27.5186203772986,-30.8544731200131));
#11082=CARTESIAN_POINT('Ctrl Pts',(-16.8323742887012,27.4887653485154,-30.8570185274759));
#11083=CARTESIAN_POINT('Ctrl Pts',(-16.8366099448125,27.4587727407191,-30.8595748271188));
#11084=CARTESIAN_POINT('Ctrl Pts',(-16.8399918107256,27.4286788227584,-30.8621389075504));
#11085=CARTESIAN_POINT('Ctrl Pts',(-16.8417537571618,27.4129999422638,-30.8634747891301));
#11086=CARTESIAN_POINT('Ctrl Pts',(-16.8432836783997,27.3972959918522,-30.864812575841));
#11087=CARTESIAN_POINT('Ctrl Pts',(-16.844581084334,27.3815721258533,-30.8661518266079));
#11088=CARTESIAN_POINT('Ctrl Pts',(-16.8456232734885,27.3689413507212,-30.867227629167));
#11089=CARTESIAN_POINT('Ctrl Pts',(-16.8465153474247,27.3562986956213,-30.8683042937489));
#11090=CARTESIAN_POINT('Ctrl Pts',(-16.8472571213263,27.3436468378304,-30.869381591603));
#11091=CARTESIAN_POINT('Ctrl Pts',(-16.8481100709346,27.3290987428892,-30.8706203528758));
#11092=CARTESIAN_POINT('Ctrl Pts',(-16.8487642185198,27.3145397139025,-30.8718598463957));
#11093=CARTESIAN_POINT('Ctrl Pts',(-16.8492193842493,27.2999738269658,-30.8730997244125));
#11094=CARTESIAN_POINT('Ctrl Pts',(-16.8497397780961,27.2833205566424,-30.8745172847622));
#11095=CARTESIAN_POINT('Ctrl Pts',(-16.8500000001476,27.2666606565176,-30.8759351489689));
#11096=CARTESIAN_POINT('Ctrl Pts',(-16.8500000000881,27.2500002235195,-30.8773527978098));
#11097=CARTESIAN_POINT('Ctrl Pts',(-16.8500000000881,27.2500002235195,-30.8773527978098));
#11098=CARTESIAN_POINT('Ctrl Pts',(-16.8500000000591,27.241874425915,-30.878044228072));
#11099=CARTESIAN_POINT('Ctrl Pts',(-16.8499380982006,27.2337485015506,-30.8787356071143));
#11100=CARTESIAN_POINT('Ctrl Pts',(-16.8498142888061,27.2256231578052,-30.8794268747612));
#11101=CARTESIAN_POINT('Ctrl Pts',(-16.8485411094282,27.1420671390057,-30.8865354444797));
#11102=CARTESIAN_POINT('Ctrl Pts',(-16.8407237921776,27.058734220021,-30.8936184384012));
#11103=CARTESIAN_POINT('Ctrl Pts',(-16.8264318331408,26.9763897787968,-30.9006110850098));
#11104=CARTESIAN_POINT('Ctrl Pts',(-16.8001667778233,26.8250612381632,-30.9134618250321));
#11105=CARTESIAN_POINT('Ctrl Pts',(-16.7522687209076,26.6784082037494,-30.9258936480199));
#11106=CARTESIAN_POINT('Ctrl Pts',(-16.6842961683267,26.5409191579092,-30.9375316658881));
#11107=CARTESIAN_POINT('Ctrl Pts',(-16.6707975261336,26.5136152629576,-30.9398428552296));
#11108=CARTESIAN_POINT('Ctrl Pts',(-16.6565073527669,26.4866727764295,-30.9421227520132));
#11109=CARTESIAN_POINT('Ctrl Pts',(-16.6414381103044,26.4601268527024,-30.9443684389249));
#11110=CARTESIAN_POINT('Ctrl Pts',(-16.6318922516418,26.4433109021597,-30.9457910061119));
#11111=CARTESIAN_POINT('Ctrl Pts',(-16.6220489047964,26.4266810513748,-30.9471975643939));
#11112=CARTESIAN_POINT('Ctrl Pts',(-16.6119140109411,26.4102441715581,-30.9485875503552));
#11113=CARTESIAN_POINT('',(-16.85,27.2500002235174,-28.));
#11114=CARTESIAN_POINT('',(-16.85,27.2500002235174,-28.));
#11115=CARTESIAN_POINT('Origin',(-15.25,27.2500002235174,-28.));
#11116=CARTESIAN_POINT('Origin',(-15.25,-3.24999977648257,-28.));
#11117=CARTESIAN_POINT('',(-16.6234323157668,-4.07078213131692,-33.2356715540823));
#11118=CARTESIAN_POINT('',(-16.85,-3.24999977648168,-33.1816925301942));
#11119=CARTESIAN_POINT('Ctrl Pts',(-16.6234323157668,-4.07078213131692,
-33.2356715540823));
#11120=CARTESIAN_POINT('Ctrl Pts',(-16.5419141657551,-4.20718929230349,
-33.2446074624886));
#11121=CARTESIAN_POINT('Ctrl Pts',(-16.4405580058749,-4.3306423535561,-33.2526772166198));
#11122=CARTESIAN_POINT('Ctrl Pts',(-16.3227482675879,-4.43710221808072,
-33.2596269555603));
#11123=CARTESIAN_POINT('Ctrl Pts',(-16.3008390924992,-4.45690064769874,
-33.2609194042957));
#11124=CARTESIAN_POINT('Ctrl Pts',(-16.2783610131961,-4.47611136492858,
-33.2621731198692));
#11125=CARTESIAN_POINT('Ctrl Pts',(-16.2553359961805,-4.49470839089153,
-33.2633864716553));
#11126=CARTESIAN_POINT('Ctrl Pts',(-16.1361089671184,-4.59100661092967,
-33.2696693911669));
#11127=CARTESIAN_POINT('Ctrl Pts',(-16.0036308355624,-4.66970163171535,
-33.2747953145435));
#11128=CARTESIAN_POINT('Ctrl Pts',(-15.861950635157,-4.7283489982188,-33.2786131716093));
#11129=CARTESIAN_POINT('Ctrl Pts',(-15.6665054224612,-4.80925195422476,
-33.2838798347289));
#11130=CARTESIAN_POINT('Ctrl Pts',(-15.4569132910718,-4.85061140820847,
-33.2865676079284));
#11131=CARTESIAN_POINT('Ctrl Pts',(-15.245323293747,-4.84999294040132,-33.2865273935574));
#11132=CARTESIAN_POINT('Ctrl Pts',(-15.0483590517405,-4.84941722300267,
-33.2864899589282));
#11133=CARTESIAN_POINT('Ctrl Pts',(-14.8532118060875,-4.81247654503953,
-33.2840891336466));
#11134=CARTESIAN_POINT('Ctrl Pts',(-14.6697066220635,-4.7410596664679,-33.2794405669315));
#11135=CARTESIAN_POINT('Ctrl Pts',(-14.518531589157,-4.68222509443348,-33.2756109899642));
#11136=CARTESIAN_POINT('Ctrl Pts',(-14.3773350755274,-4.60080196272027,
-33.2703081595436));
#11137=CARTESIAN_POINT('Ctrl Pts',(-14.2508873709559,-4.49970947643474,
-33.2637127566691));
#11138=CARTESIAN_POINT('Ctrl Pts',(-14.2345832565129,-4.48667465329334,
-33.2628623481652));
#11139=CARTESIAN_POINT('Ctrl Pts',(-14.2185242759247,-4.47331281912757,
-33.2619904459675));
#11140=CARTESIAN_POINT('Ctrl Pts',(-14.2027205906229,-4.45963023190882,
-33.2610974341173));
#11141=CARTESIAN_POINT('Ctrl Pts',(-14.0771086638756,-4.3508773612577,-33.2539995365722));
#11142=CARTESIAN_POINT('Ctrl Pts',(-13.9692413331296,-4.22325607275012,
-33.2456590079751));
#11143=CARTESIAN_POINT('Ctrl Pts',(-13.8829619501129,-4.08138835600529,
-33.2363663230461));
#11144=CARTESIAN_POINT('Ctrl Pts',(-13.8105041409016,-3.96224721714079,
-33.2285622849537));
#11145=CARTESIAN_POINT('Ctrl Pts',(-13.75394687457,-3.83416903351997,-33.2201593529624));
#11146=CARTESIAN_POINT('Ctrl Pts',(-13.714707787402,-3.70041938300183,-33.2113666059248));
#11147=CARTESIAN_POINT('Ctrl Pts',(-13.6901308010424,-3.61664670698843,
-33.2058593620105));
#11148=CARTESIAN_POINT('Ctrl Pts',(-13.6724533597717,-3.5310091057813,-33.2002229009504));
#11149=CARTESIAN_POINT('Ctrl Pts',(-13.6618494520818,-3.44436499237764,
-33.1945130349438));
#11150=CARTESIAN_POINT('Ctrl Pts',(-13.6587287834761,-3.41886613172378,
-33.1928326544547));
#11151=CARTESIAN_POINT('Ctrl Pts',(-13.6562227054817,-3.3932960995698,-33.1911469744146));
#11152=CARTESIAN_POINT('Ctrl Pts',(-13.6543333562036,-3.36767713996385,
-33.1894574526134));
#11153=CARTESIAN_POINT('Ctrl Pts',(-13.6531755503233,-3.35197767008655,
-33.188422102348));
#11154=CARTESIAN_POINT('Ctrl Pts',(-13.6522495087742,-3.33626203576085,
-33.1873854551646));
#11155=CARTESIAN_POINT('Ctrl Pts',(-13.6515555280584,-3.32053537118095,
-33.1863478485273));
#11156=CARTESIAN_POINT('Ctrl Pts',(-13.6509281681707,-3.30631843647273,
-33.1854098501526));
#11157=CARTESIAN_POINT('Ctrl Pts',(-13.6504905106707,-3.29209379663581,
-33.1844711540662));
#11158=CARTESIAN_POINT('Ctrl Pts',(-13.6502426698308,-3.27786524920517,
-33.1835320104058));
#11159=CARTESIAN_POINT('Ctrl Pts',(-13.6499264162779,-3.25970912659253,
-33.182333630351));
#11160=CARTESIAN_POINT('Ctrl Pts',(-13.6499192747453,-3.24154894920726,
-33.1811346738188));
#11161=CARTESIAN_POINT('Ctrl Pts',(-13.6502212469445,-3.2233926107063,-33.1799356619453));
#11162=CARTESIAN_POINT('Ctrl Pts',(-13.6508136275878,-3.1877752144478,-33.1775835532856));
#11163=CARTESIAN_POINT('Ctrl Pts',(-13.6525953222446,-3.15218733875007,
-33.1752322045748));
#11164=CARTESIAN_POINT('Ctrl Pts',(-13.6555633905188,-3.116688492841,-33.1728855595154));
#11165=CARTESIAN_POINT('Ctrl Pts',(-13.6711180350357,-2.93065101733438,
-33.1605875844238));
#11166=CARTESIAN_POINT('Ctrl Pts',(-13.7191160147582,-2.74873172101095,
-33.1485285439729));
#11167=CARTESIAN_POINT('Ctrl Pts',(-13.7974122136326,-2.57918778875473,
-33.1372639661253));
#11168=CARTESIAN_POINT('Ctrl Pts',(-13.8640830798543,-2.43481755126359,
-33.127671940286));
#11169=CARTESIAN_POINT('Ctrl Pts',(-13.9519002240596,-2.30120404959741,
-33.1187748503391));
#11170=CARTESIAN_POINT('Ctrl Pts',(-14.057951011705,-2.18275141171919,-33.1108754775229));
#11171=CARTESIAN_POINT('Ctrl Pts',(-14.0652466510676,-2.17460260163767,
-33.1103320494491));
#11172=CARTESIAN_POINT('Ctrl Pts',(-14.0726286034129,-2.16652554167511,
-33.1097933440459));
#11173=CARTESIAN_POINT('Ctrl Pts',(-14.0800959297268,-2.15852166568138,
-33.1092594602341));
#11174=CARTESIAN_POINT('Ctrl Pts',(-14.1897182009922,-2.04102270708856,
-33.1014219085348));
#11175=CARTESIAN_POINT('Ctrl Pts',(-14.3162733230513,-1.94086545812892,
-33.0947282896263));
#11176=CARTESIAN_POINT('Ctrl Pts',(-14.4553749162231,-1.86127052731823,
-33.0894042811312));
#11177=CARTESIAN_POINT('Ctrl Pts',(-14.4956582943083,-1.8382200890134,-33.0878624652379));
#11178=CARTESIAN_POINT('Ctrl Pts',(-14.5369942383557,-1.81689413704575,
-33.0864355022635));
#11179=CARTESIAN_POINT('Ctrl Pts',(-14.5792770111741,-1.79737089329854,
-33.0851288370634));
#11180=CARTESIAN_POINT('Ctrl Pts',(-14.7728658825443,-1.70798501648445,
-33.0791463570958));
#11181=CARTESIAN_POINT('Ctrl Pts',(-14.982420463832,-1.65817636594041,-33.0758066957103));
#11182=CARTESIAN_POINT('Ctrl Pts',(-15.1956058084625,-1.65092464633687,
-33.0753206843766));
#11183=CARTESIAN_POINT('Ctrl Pts',(-15.3935001071388,-1.64419306744891,
-33.0748695329516));
#11184=CARTESIAN_POINT('Ctrl Pts',(-15.5909104471223,-1.67425570351647,
-33.0768854969052));
#11185=CARTESIAN_POINT('Ctrl Pts',(-15.7777926330975,-1.73955780922664,
-33.0812584392202));
#11186=CARTESIAN_POINT('Ctrl Pts',(-15.928936144066,-1.79237177583973,-33.0847951158237));
#11187=CARTESIAN_POINT('Ctrl Pts',(-16.0711271907602,-1.86751374175985,
-33.0898246774522));
#11188=CARTESIAN_POINT('Ctrl Pts',(-16.1996944105078,-1.96233526938709,
-33.0961611899764));
#11189=CARTESIAN_POINT('Ctrl Pts',(-16.2189452946393,-1.9765332760416,-33.0971099813451));
#11190=CARTESIAN_POINT('Ctrl Pts',(-16.2378906335204,-1.99117250406869,
-33.0980880688979));
#11191=CARTESIAN_POINT('Ctrl Pts',(-16.2565146419569,-2.0062440627163,-33.0990948226971));
#11192=CARTESIAN_POINT('Ctrl Pts',(-16.37972205109,-2.10595018660982,-33.1057550176627));
#11193=CARTESIAN_POINT('Ctrl Pts',(-16.4873541469808,-2.22334860514061,
-33.1135876832731));
#11194=CARTESIAN_POINT('Ctrl Pts',(-16.5759501851155,-2.35453565447535,
-33.1223222158065));
#11195=CARTESIAN_POINT('Ctrl Pts',(-16.5809456116472,-2.3619325458111,-33.1228147064018));
#11196=CARTESIAN_POINT('Ctrl Pts',(-16.585880505263,-2.36937327382087,-33.1233100644235));
#11197=CARTESIAN_POINT('Ctrl Pts',(-16.5907542407769,-2.37685713874301,
-33.1238082414675));
#11198=CARTESIAN_POINT('Ctrl Pts',(-16.6903267663838,-2.52975573766827,
-33.1339862140566));
#11199=CARTESIAN_POINT('Ctrl Pts',(-16.7628660264908,-2.6983384505372,-33.1451857264372));
#11200=CARTESIAN_POINT('Ctrl Pts',(-16.8054843864554,-2.87521052470591,
-33.1569044943797));
#11201=CARTESIAN_POINT('Ctrl Pts',(-16.8126459894469,-2.90493216525052,
-33.1588737199347));
#11202=CARTESIAN_POINT('Ctrl Pts',(-16.8189625817225,-2.93488787625019,
-33.1608576259353));
#11203=CARTESIAN_POINT('Ctrl Pts',(-16.824420334429,-2.96504256822628,-33.1628538520591));
#11204=CARTESIAN_POINT('Ctrl Pts',(-16.8317266190459,-3.00541060502886,
-33.1655261967044));
#11205=CARTESIAN_POINT('Ctrl Pts',(-16.8374775017865,-3.04604388773569,
-33.1682145719121));
#11206=CARTESIAN_POINT('Ctrl Pts',(-16.8416604224819,-3.08685229870001,
-33.1709129651366));
#11207=CARTESIAN_POINT('Ctrl Pts',(-16.8435971575539,-3.10574701043464,
-33.1721623488033));
#11208=CARTESIAN_POINT('Ctrl Pts',(-16.8451972788606,-3.12467461758078,
-33.1734135731302));
#11209=CARTESIAN_POINT('Ctrl Pts',(-16.8464600354747,-3.14362611840872,
-33.174666040033));
#11210=CARTESIAN_POINT('Ctrl Pts',(-16.8474143107739,-3.15794791955278,
-33.1756125393148));
#11211=CARTESIAN_POINT('Ctrl Pts',(-16.8481758203822,-3.17228188745225,
-33.1765596505199));
#11212=CARTESIAN_POINT('Ctrl Pts',(-16.8487443595858,-3.18662412901096,
-33.1775071155911));
#11213=CARTESIAN_POINT('Ctrl Pts',(-16.8493528360242,-3.20197384633359,
-33.1785211356768));
#11214=CARTESIAN_POINT('Ctrl Pts',(-16.8497402193278,-3.21733152721568,
-33.1795354611136));
#11215=CARTESIAN_POINT('Ctrl Pts',(-16.8499063892979,-3.23269239413531,
-33.180549775881));
#11216=CARTESIAN_POINT('Ctrl Pts',(-16.8499687973713,-3.23846143958519,
-33.1809307197448));
#11217=CARTESIAN_POINT('Ctrl Pts',(-16.8500000000239,-3.24423065141275,
-33.1813116434208));
#11218=CARTESIAN_POINT('Ctrl Pts',(-16.850000000044,-3.24999977648137,-33.1816925301942));
#11219=CARTESIAN_POINT('Ctrl Pts',(-16.850000000044,-3.24999977648137,-33.1816925301942));
#11220=CARTESIAN_POINT('Ctrl Pts',(-16.8500000001075,-3.26820564558098,
-33.1828945105042));
#11221=CARTESIAN_POINT('Ctrl Pts',(-16.849689262181,-3.28641065067751,-33.1840961232299));
#11222=CARTESIAN_POINT('Ctrl Pts',(-16.8490678750475,-3.30460683638815,
-33.1852968437767));
#11223=CARTESIAN_POINT('Ctrl Pts',(-16.8467965491495,-3.37111846113893,
-33.1896857786727));
#11224=CARTESIAN_POINT('Ctrl Pts',(-16.8403776392678,-3.43742563709266,
-33.1940570631743));
#11225=CARTESIAN_POINT('Ctrl Pts',(-16.8298478172286,-3.50314178089502,
-33.1983853595695));
#11226=CARTESIAN_POINT('Ctrl Pts',(-16.8029258995485,-3.67116025329869,
-33.2094516471871));
#11227=CARTESIAN_POINT('Ctrl Pts',(-16.7493911264891,-3.83370277410946,
-33.22013026998));
#11228=CARTESIAN_POINT('Ctrl Pts',(-16.671359334722,-3.98466862227507,-33.230028021771));
#11229=CARTESIAN_POINT('Ctrl Pts',(-16.6607487271884,-4.00519665744626,
-33.2313738983341));
#11230=CARTESIAN_POINT('Ctrl Pts',(-16.6496852483359,-4.02551063930055,
-33.2327053461276));
#11231=CARTESIAN_POINT('Ctrl Pts',(-16.6381742960609,-4.04559522880473,
-33.2340213850785));
#11232=CARTESIAN_POINT('Ctrl Pts',(-16.6333350908604,-4.05403879174013,
-33.2345746479522));
#11233=CARTESIAN_POINT('Ctrl Pts',(-16.6284208392423,-4.0624346994952,-33.2351247214553));
#11234=CARTESIAN_POINT('Ctrl Pts',(-16.6234323157668,-4.07078213131692,
-33.2356715540823));
#11235=CARTESIAN_POINT('',(-16.85,-3.24999977648257,-28.));
#11236=CARTESIAN_POINT('',(-16.85,-3.24999977648257,-28.));
#11237=CARTESIAN_POINT('Origin',(-15.25,-3.24999977648257,-28.));
#11238=CARTESIAN_POINT('Origin',(-10.0827960861739,19.5910346097449,-28.));
#11239=CARTESIAN_POINT('Ctrl Pts',(-16.9224583902213,-4.85061140821379,
-33.2865676078094));
#11240=CARTESIAN_POINT('Ctrl Pts',(-16.8756302384168,-3.78175763667259,
-33.2170683931642));
#11241=CARTESIAN_POINT('Ctrl Pts',(-16.8278887400808,-2.71295152329437,
-33.1465023635092));
#11242=CARTESIAN_POINT('Ctrl Pts',(-16.7792338952132,-1.64419306807913,
-33.0748695188444));
#11243=CARTESIAN_POINT('Ctrl Pts',(-15.8503866497574,-4.85061140821379,
-33.2865676078094));
#11244=CARTESIAN_POINT('Ctrl Pts',(-15.8065251554591,-3.78175763667259,
-33.2170683931642));
#11245=CARTESIAN_POINT('Ctrl Pts',(-15.7618081769673,-2.71295152329437,
-33.1465023635092));
#11246=CARTESIAN_POINT('Ctrl Pts',(-15.7162357142818,-1.64419306807913,
-33.0748695188444));
#11247=CARTESIAN_POINT('Ctrl Pts',(-14.7783149092934,-4.85061140821379,
-33.2865676078094));
#11248=CARTESIAN_POINT('Ctrl Pts',(-14.7374200725015,-3.78175763667258,
-33.2170683931642));
#11249=CARTESIAN_POINT('Ctrl Pts',(-14.6957276138538,-2.71295152329437,
-33.1465023635092));
#11250=CARTESIAN_POINT('Ctrl Pts',(-14.6532375333504,-1.64419306807913,
-33.0748695188444));
#11251=CARTESIAN_POINT('Ctrl Pts',(-13.7062431688295,-4.85061140821379,
-33.2865676078094));
#11252=CARTESIAN_POINT('Ctrl Pts',(-13.6683149895438,-3.78175763667259,
-33.2170683931642));
#11253=CARTESIAN_POINT('Ctrl Pts',(-13.6296470507403,-2.71295152329437,
-33.1465023635092));
#11254=CARTESIAN_POINT('Ctrl Pts',(-13.590239352419,-1.64419306807913,-33.0748695188444));
#11255=CARTESIAN_POINT('Ctrl Pts',(-20.4397522594998,48.0862829562017,-28.968406260981));
#11256=CARTESIAN_POINT('Ctrl Pts',(-16.8181944506967,82.105943811637,-25.6295139047546));
#11257=CARTESIAN_POINT('Ctrl Pts',(-11.8274833719718,116.077182826236,-21.2067118177609));
#11258=CARTESIAN_POINT('Ctrl Pts',(-5.46761902332485,150.,-15.7));
#11259=CARTESIAN_POINT('Ctrl Pts',(-13.6265015063332,48.0862829562017,-28.968406260981));
#11260=CARTESIAN_POINT('Ctrl Pts',(-11.2121296337978,82.1059438116369,-25.6295139047546));
#11261=CARTESIAN_POINT('Ctrl Pts',(-7.88498891464783,116.077182826236,-21.2067118177609));
#11262=CARTESIAN_POINT('Ctrl Pts',(-3.64507934888324,150.,-15.7));
#11263=CARTESIAN_POINT('Ctrl Pts',(-6.8132507531666,48.0862829562017,-28.968406260981));
#11264=CARTESIAN_POINT('Ctrl Pts',(-5.60606481689891,82.105943811637,-25.6295139047546));
#11265=CARTESIAN_POINT('Ctrl Pts',(-3.94249445732393,116.077182826236,-21.2067118177609));
#11266=CARTESIAN_POINT('Ctrl Pts',(-1.82253967444162,150.,-15.7));
#11267=CARTESIAN_POINT('Ctrl Pts',(6.74528942127098E-15,48.0862829562017,
-28.968406260981));
#11268=CARTESIAN_POINT('Ctrl Pts',(4.90886305080776E-15,82.105943811637,
-25.6295139047546));
#11269=CARTESIAN_POINT('Ctrl Pts',(1.920284560634E-15,116.077182826236,
-21.2067118177609));
#11270=CARTESIAN_POINT('Ctrl Pts',(-2.22044604925031E-15,150.,-15.7));
#11271=CARTESIAN_POINT('',(-5.46761902332485,150.,-15.7));
#11272=CARTESIAN_POINT('Origin',(-43.,-47.0000005960465,0.599999955296517));
#11273=CARTESIAN_POINT('',(-43.,-47.0000005960465,0.599999955296517));
#11274=CARTESIAN_POINT('Origin',(-43.,-47.0000005960465,-3.40000004470348));
#11275=CARTESIAN_POINT('Origin',(-43.,105.999999403954,0.0999999552965165));
#11276=CARTESIAN_POINT('',(-43.,105.999999403954,0.0999999552965165));
#11277=CARTESIAN_POINT('Origin',(-43.,105.999999403954,-3.90000004470348));
#11278=CARTESIAN_POINT('Origin',(-110.,32.0000002533197,-6.5));
#11279=CARTESIAN_POINT('',(-110.,12.0000002533197,-6.5));
#11280=CARTESIAN_POINT('Origin',(-110.,12.0000002533197,-6.));
#11281=CARTESIAN_POINT('Origin',(-26.1123068955945,155.838540996042,0.));
#11282=CARTESIAN_POINT('',(-27.5473648825634,155.752756377648,0.));
#11283=CARTESIAN_POINT('',(-24.6772489086256,155.924325614437,0.));
#11284=CARTESIAN_POINT('Origin',(-26.1952746560185,157.22647684615,0.));
#11285=CARTESIAN_POINT('',(-42.0000006258488,140.000002086163,0.));
#11286=CARTESIAN_POINT('Ctrl Pts',(-16.9610570061953,25.6465579511574,-31.0129861975965));
#11287=CARTESIAN_POINT('Ctrl Pts',(-16.889809554359,26.7181528353041,-30.9228789519071));
#11288=CARTESIAN_POINT('Ctrl Pts',(-16.8175451742776,27.7896997351373,-30.8316975904162));
#11289=CARTESIAN_POINT('Ctrl Pts',(-16.7442638659512,28.8611986506569,-30.7394421131237));
#11290=CARTESIAN_POINT('Ctrl Pts',(-15.885542431969,25.6465579511574,-31.0129861975965));
#11291=CARTESIAN_POINT('Ctrl Pts',(-15.8188128396505,26.7181528353041,-30.9228789519071));
#11292=CARTESIAN_POINT('Ctrl Pts',(-15.7511308033432,27.7896997351373,-30.8316975904162));
#11293=CARTESIAN_POINT('Ctrl Pts',(-15.6824963230473,28.8611986506569,-30.7394421131237));
#11294=CARTESIAN_POINT('Ctrl Pts',(-14.8100278577427,25.6465579511574,-31.0129861975965));
#11295=CARTESIAN_POINT('Ctrl Pts',(-14.7478161249419,26.7181528353041,-30.9228789519071));
#11296=CARTESIAN_POINT('Ctrl Pts',(-14.6847164324088,27.7896997351373,-30.8316975904162));
#11297=CARTESIAN_POINT('Ctrl Pts',(-14.6207287801434,28.8611986506569,-30.7394421131237));
#11298=CARTESIAN_POINT('Ctrl Pts',(-13.7345132835165,25.6465579511574,-31.0129861975965));
#11299=CARTESIAN_POINT('Ctrl Pts',(-13.6768194102334,26.7181528353041,-30.9228789519071));
#11300=CARTESIAN_POINT('Ctrl Pts',(-13.6183020614744,27.7896997351373,-30.8316975904162));
#11301=CARTESIAN_POINT('Ctrl Pts',(-13.5589612372396,28.8611986506569,-30.7394421131237));
#11302=CARTESIAN_POINT('Origin',(0.,134.756364453799,0.));
#11303=CARTESIAN_POINT('Origin',(-42.0000006258488,140.000002086163,0.));
#11304=CARTESIAN_POINT('Origin',(43.,-43.0000005960465,0.599999955296517));
#11305=CARTESIAN_POINT('',(43.,-43.0000005960465,0.599999955296517));
#11306=CARTESIAN_POINT('Origin',(43.,-47.0000005960465,0.599999955296517));
#11307=CARTESIAN_POINT('Origin',(43.,109.999999403954,0.0999999552965165));
#11308=CARTESIAN_POINT('',(43.,109.999999403954,0.0999999552965165));
#11309=CARTESIAN_POINT('Origin',(43.,105.999999403954,0.0999999552965165));
#11310=CARTESIAN_POINT('Origin',(110.,32.0000002533197,-6.5));
#11311=CARTESIAN_POINT('',(110.,12.0000002533197,-6.5));
#11312=CARTESIAN_POINT('Origin',(110.,12.0000002533197,-6.));
#11313=CARTESIAN_POINT('Origin',(26.1123068955945,155.838540996042,0.));
#11314=CARTESIAN_POINT('',(24.6772489086256,155.924325614437,0.));
#11315=CARTESIAN_POINT('',(27.5473648825634,155.752756377648,0.));
#11316=CARTESIAN_POINT('Origin',(26.1952746560185,157.22647684615,0.));
#11317=CARTESIAN_POINT('',(42.0000006258488,140.000002086163,0.));
#11318=CARTESIAN_POINT('Ctrl Pts',(16.9230192061035,-4.86320384814341,-33.2873863463496));
#11319=CARTESIAN_POINT('Ctrl Pts',(16.8759019604858,-3.787586935445,-33.2174558338979));
#11320=CARTESIAN_POINT('Ctrl Pts',(16.8278597735687,-2.71201828589513,-33.1464449639992));
#11321=CARTESIAN_POINT('Ctrl Pts',(16.7788926453523,-1.63649789949381,-33.0743537366535));
#11322=CARTESIAN_POINT('Ctrl Pts',(15.8509101346522,-4.86320384814341,-33.2873863463496));
#11323=CARTESIAN_POINT('Ctrl Pts',(15.8067778662323,-3.787586935445,-33.2174558338979));
#11324=CARTESIAN_POINT('Ctrl Pts',(15.7617792535013,-2.71201828589513,-33.1464449639992));
#11325=CARTESIAN_POINT('Ctrl Pts',(15.7159142964592,-1.63649789949381,-33.0743537366535));
#11326=CARTESIAN_POINT('Ctrl Pts',(14.7788010632009,-4.86320384814341,-33.2873863463496));
#11327=CARTESIAN_POINT('Ctrl Pts',(14.7376537719788,-3.787586935445,-33.2174558338979));
#11328=CARTESIAN_POINT('Ctrl Pts',(14.6956987334339,-2.71201828589513,-33.1464449639992));
#11329=CARTESIAN_POINT('Ctrl Pts',(14.6529359475661,-1.63649789949381,-33.0743537366535));
#11330=CARTESIAN_POINT('Ctrl Pts',(13.7066919917495,-4.86320384814341,-33.2873863463496));
#11331=CARTESIAN_POINT('Ctrl Pts',(13.6685296777253,-3.787586935445,-33.2174558338979));
#11332=CARTESIAN_POINT('Ctrl Pts',(13.6296182133664,-2.71201828589513,-33.1464449639992));
#11333=CARTESIAN_POINT('Ctrl Pts',(13.589957598673,-1.63649789949381,-33.0743537366535));
#11334=CARTESIAN_POINT('Ctrl Pts',(27.4077794606231,-50.,-36.3867295220218));
#11335=CARTESIAN_POINT('Ctrl Pts',(25.460604485884,16.8526390960431,-33.9207619069161));
#11336=CARTESIAN_POINT('Ctrl Pts',(18.2576746234174,83.5193057627097,-27.2918520662422));
#11337=CARTESIAN_POINT('Ctrl Pts',(5.79898987322333,150.,-16.5));
#11338=CARTESIAN_POINT('Ctrl Pts',(30.1399808982438,-50.,-33.7409711865994));
#11339=CARTESIAN_POINT('Ctrl Pts',(28.4023633931844,16.852639096043,-31.0688169864388));
#11340=CARTESIAN_POINT('Ctrl Pts',(21.1999230655971,83.5193057627098,-24.410603243486));
#11341=CARTESIAN_POINT('Ctrl Pts',(8.53265991548222,150.,-13.7663299577411));
#11342=CARTESIAN_POINT('Ctrl Pts',(32.8721823358645,-50.,-31.0952128511771));
#11343=CARTESIAN_POINT('Ctrl Pts',(31.3441223004847,16.8526390960431,-28.2168720659615));
#11344=CARTESIAN_POINT('Ctrl Pts',(24.142171507777,83.5193057627097,-21.5293544207299));
#11345=CARTESIAN_POINT('Ctrl Pts',(11.2663299577411,150.,-11.0326599154822));
#11346=CARTESIAN_POINT('Ctrl Pts',(35.6043837734852,-50.,-28.4494545157547));
#11347=CARTESIAN_POINT('Ctrl Pts',(34.2858812077851,16.8526390960431,-25.3649271454842));
#11348=CARTESIAN_POINT('Ctrl Pts',(27.0844199499567,83.5193057627097,-18.6481055979737));
#11349=CARTESIAN_POINT('Ctrl Pts',(14.,150.,-8.29898987322334));
#11350=CARTESIAN_POINT('',(14.,150.,-8.29898987322333));
#11351=CARTESIAN_POINT('Origin',(8.48902152437665,150.,-2.50931537916693));
#11352=CARTESIAN_POINT('Origin',(0.,134.756364453799,0.));
#11353=CARTESIAN_POINT('Origin',(42.0000006258488,140.000002086163,0.));
#11354=UNCERTAINTY_MEASURE_WITH_UNIT(LENGTH_MEASURE(0.01),#11358,
'DISTANCE_ACCURACY_VALUE',
'Maximum model space distance between geometric entities at asserted c
onnectivities');
#11355=UNCERTAINTY_MEASURE_WITH_UNIT(LENGTH_MEASURE(0.01),#11358,
'DISTANCE_ACCURACY_VALUE',
'Maximum model space distance between geometric entities at asserted c
onnectivities');
#11356=(
GEOMETRIC_REPRESENTATION_CONTEXT(3)
GLOBAL_UNCERTAINTY_ASSIGNED_CONTEXT((#11354))
GLOBAL_UNIT_ASSIGNED_CONTEXT((#11358,#11360,#11361))
REPRESENTATION_CONTEXT('','3D')
);
#11357=(
GEOMETRIC_REPRESENTATION_CONTEXT(3)
GLOBAL_UNCERTAINTY_ASSIGNED_CONTEXT((#11355))
GLOBAL_UNIT_ASSIGNED_CONTEXT((#11358,#11360,#11361))
REPRESENTATION_CONTEXT('','3D')
);
#11358=(
LENGTH_UNIT()
NAMED_UNIT(*)
SI_UNIT(.MILLI.,.METRE.)
);
#11359=(
LENGTH_UNIT()
NAMED_UNIT(*)
SI_UNIT($,.METRE.)
);
#11360=(
NAMED_UNIT(*)
PLANE_ANGLE_UNIT()
SI_UNIT($,.RADIAN.)
);
#11361=(
NAMED_UNIT(*)
SI_UNIT($,.STERADIAN.)
SOLID_ANGLE_UNIT()
);
#11362=SHAPE_DEFINITION_REPRESENTATION(#11363,#11364);
#11363=PRODUCT_DEFINITION_SHAPE('',$,#11366);
#11364=SHAPE_REPRESENTATION('',(#4157),#11356);
#11365=PRODUCT_DEFINITION_CONTEXT('part definition',#11370,'design');
#11366=PRODUCT_DEFINITION('Fuselage 4','Fuselage 4',#11367,#11365);
#11367=PRODUCT_DEFINITION_FORMATION('',$,#11372);
#11368=PRODUCT_RELATED_PRODUCT_CATEGORY('Fuselage 4','Fuselage 4',(#11372));
#11369=APPLICATION_PROTOCOL_DEFINITION('international standard',
'automotive_design',2009,#11370);
#11370=APPLICATION_CONTEXT(
'Core Data for Automotive Mechanical Design Process');
#11371=PRODUCT_CONTEXT('part definition',#11370,'mechanical');
#11372=PRODUCT('Fuselage 4','Fuselage 4',$,(#11371));
#11373=PRESENTATION_STYLE_ASSIGNMENT((#11375));
#11374=PRESENTATION_STYLE_ASSIGNMENT((#11376));
#11375=SURFACE_STYLE_USAGE(.BOTH.,#11377);
#11376=SURFACE_STYLE_USAGE(.BOTH.,#11378);
#11377=SURFACE_SIDE_STYLE('',(#11379));
#11378=SURFACE_SIDE_STYLE('',(#11380));
#11379=SURFACE_STYLE_FILL_AREA(#11381);
#11380=SURFACE_STYLE_FILL_AREA(#11382);
#11381=FILL_AREA_STYLE('Steel - Satin',(#11383));
#11382=FILL_AREA_STYLE('Paint - Enamel Glossy (Grey)',(#11384));
#11383=FILL_AREA_STYLE_COLOUR('Steel - Satin',#11385);
#11384=FILL_AREA_STYLE_COLOUR('Paint - Enamel Glossy (Grey)',#11386);
#11385=COLOUR_RGB('Steel - Satin',0.627450980392157,0.627450980392157,0.627450980392157);
#11386=COLOUR_RGB('Paint - Enamel Glossy (Grey)',0.701960784313725,0.701960784313725,
0.701960784313725);
ENDSEC;
END-ISO-10303-21;
