ISO-10303-21;
HEADER;
/* Generated by software containing ST-Developer
 * from STEP Tools, Inc. (www.steptools.com) 
 */

FILE_DESCRIPTION(
/* description */ (''),
/* implementation_level */ '2;1');

FILE_NAME(
/* name */ 'Wing L Lock.step',
/* time_stamp */ '2025-08-21T21:42:16+02:00',
/* author */ (''),
/* organization */ (''),
/* preprocessor_version */ 'ST-DEVELOPER v20.1',
/* originating_system */ 'Autodesk Translation Framework v14.10.0.0',
/* authorisation */ '');

FILE_SCHEMA (('AUTOMOTIVE_DESIGN { 1 0 10303 214 3 1 1 }'));
ENDSEC;

DATA;
#10=MECHANICAL_DESIGN_GEOMETRIC_PRESENTATION_REPRESENTATION('',(#13),#2320);
#11=SHAPE_REPRESENTATION_RELATIONSHIP('SRR','None',#2327,#12);
#12=ADVANCED_BREP_SHAPE_REPRESENTATION('',(#14),#2319);
#13=STYLED_ITEM('',(#2337),#14);
#14=MANIFOLD_SOLID_BREP('Wing L Lock',#1203);
#15=B_SPLINE_SURFACE_WITH_KNOTS('',3,3,((#2096,#2097,#2098,#2099),(#2100,
#2101,#2102,#2103),(#2104,#2105,#2106,#2107),(#2108,#2109,#2110,#2111),
(#2112,#2113,#2114,#2115),(#2116,#2117,#2118,#2119),(#2120,#2121,#2122,
#2123),(#2124,#2125,#2126,#2127),(#2128,#2129,#2130,#2131),(#2132,#2133,
#2134,#2135),(#2136,#2137,#2138,#2139),(#2140,#2141,#2142,#2143),(#2144,
#2145,#2146,#2147),(#2148,#2149,#2150,#2151),(#2152,#2153,#2154,#2155),
(#2156,#2157,#2158,#2159)),.UNSPECIFIED.,.F.,.F.,.F.,(4,1,1,1,1,1,1,1,1,
1,1,1,1,4),(4,4),(0.42088993290559,0.479373904274522,0.537857875643455,
0.545168372064572,0.567099861327922,0.596341847012388,0.625583832696854,
0.654825818381321,0.684067804065787,0.713309789750253,0.74255177543472,
0.771793761119186,0.801035746803652,0.830277732488119),(0.,0.046428581363282),
 .UNSPECIFIED.);
#16=B_SPLINE_SURFACE_WITH_KNOTS('',3,3,((#2188,#2189,#2190,#2191),(#2192,
#2193,#2194,#2195),(#2196,#2197,#2198,#2199),(#2200,#2201,#2202,#2203),
(#2204,#2205,#2206,#2207),(#2208,#2209,#2210,#2211),(#2212,#2213,#2214,
#2215),(#2216,#2217,#2218,#2219),(#2220,#2221,#2222,#2223),(#2224,#2225,
#2226,#2227),(#2228,#2229,#2230,#2231),(#2232,#2233,#2234,#2235),(#2236,
#2237,#2238,#2239),(#2240,#2241,#2242,#2243),(#2244,#2245,#2246,#2247),
(#2248,#2249,#2250,#2251),(#2252,#2253,#2254,#2255),(#2256,#2257,#2258,
#2259),(#2260,#2261,#2262,#2263),(#2264,#2265,#2266,#2267),(#2268,#2269,
#2270,#2271),(#2272,#2273,#2274,#2275),(#2276,#2277,#2278,#2279)),
 .UNSPECIFIED.,.F.,.F.,.F.,(4,1,1,1,1,1,1,1,1,1,1,1,1,1,1,1,1,1,1,1,4),
(4,4),(0.172614491272793,0.201395197215151,0.230175903157508,0.244566256128687,
0.248163844371482,0.251761432614276,0.258956609099866,0.273346962071044,
0.280542138556634,0.287737315042223,0.316518020984581,0.345298726926938,
0.374079432869296,0.402860138811653,0.410055315297243,0.417250491782832,
0.431640844754011,0.460421550696368,0.489202256638726,0.517982962581083,
0.575544374465799),(0.,0.0464285813633223),.UNSPECIFIED.);
#17=B_SPLINE_CURVE_WITH_KNOTS('',3,(#1881,#1882,#1883,#1884),
 .UNSPECIFIED.,.F.,.F.,(4,4),(-0.384705452367969,-0.0499942736206165),
 .UNSPECIFIED.);
#18=B_SPLINE_CURVE_WITH_KNOTS('',3,(#1892,#1893,#1894,#1895),
 .UNSPECIFIED.,.F.,.F.,(4,4),(-0.371018183906976,-0.0494747851854248),
 .UNSPECIFIED.);
#19=B_SPLINE_CURVE_WITH_KNOTS('',3,(#1901,#1902,#1903,#1904),
 .UNSPECIFIED.,.F.,.F.,(4,4),(-0.367577690779782,-0.0491899331494726),
 .UNSPECIFIED.);
#20=B_SPLINE_CURVE_WITH_KNOTS('',3,(#1910,#1911,#1912,#1913,#1914,#1915,
#1916),.UNSPECIFIED.,.F.,.F.,(4,3,4),(-0.384162700172894,-0.0911063716750538,
-0.0499745086382419),.UNSPECIFIED.);
#21=B_SPLINE_CURVE_WITH_KNOTS('',3,(#1922,#1923,#1924,#1925),
 .UNSPECIFIED.,.F.,.F.,(4,4),(-0.348271499902313,-0.0486181509686418),
 .UNSPECIFIED.);
#22=B_SPLINE_CURVE_WITH_KNOTS('',3,(#1930,#1931,#1932,#1933),
 .UNSPECIFIED.,.F.,.F.,(4,4),(-0.376659248650837,-0.04969851223535),
 .UNSPECIFIED.);
#23=B_SPLINE_CURVE_WITH_KNOTS('',3,(#1944,#1945,#1946,#1947,#1948,#1949,
#1950,#1951,#1952,#1953,#1954,#1955,#1956,#1957,#1958,#1959,#1960,#1961,
#1962,#1963,#1964,#1965,#1966,#1967,#1968,#1969,#1970,#1971,#1972,#1973,
#1974,#1975,#1976,#1977,#1978,#1979,#1980,#1981,#1982,#1983,#1984,#1985,
#1986,#1987,#1988,#1989,#1990,#1991),.UNSPECIFIED.,.F.,.F.,(4,2,2,2,2,2,
2,2,2,2,2,2,2,2,2,2,2,2,2,2,2,2,2,4),(-1.89685720749277,-1.78088482497091,
-1.69263466263668,-1.57399965820273,-1.46336757193403,-1.36001240068802,
-1.26543358233303,-1.18344942391775,-1.14388598949358,-1.12352462756823,
-1.10721971788104,-1.08887430229751,-1.05840364278556,-0.965525006408967,
-0.859059521586337,-0.741474850547742,-0.623504776911509,-0.513141470279635,
-0.409577676449907,-0.314555955049585,-0.232419895949779,-0.193147510895536,
-0.172249469911355,-0.162376808831175),.UNSPECIFIED.);
#24=B_SPLINE_CURVE_WITH_KNOTS('',3,(#1992,#1993,#1994,#1995,#1996,#1997,
#1998,#1999,#2000,#2001,#2002,#2003,#2004,#2005,#2006,#2007,#2008,#2009,
#2010),.UNSPECIFIED.,.F.,.F.,(4,3,3,3,3,3,4),(-0.162376808831175,-0.155385102833191,
-0.136010354147306,-0.103363460375379,-0.0592058000762781,-0.0111087068999965,
0.),.UNSPECIFIED.);
#25=B_SPLINE_CURVE_WITH_KNOTS('',3,(#2027,#2028,#2029,#2030),
 .UNSPECIFIED.,.F.,.F.,(4,4),(-0.390508707356751,-0.0500502725808639),
 .UNSPECIFIED.);
#26=B_SPLINE_CURVE_WITH_KNOTS('',3,(#2039,#2040,#2041,#2042,#2043,#2044,
#2045,#2046),.UNSPECIFIED.,.F.,.F.,(4,2,2,4),(-4.2810002428462,-3.48170252464157,
-2.66798464424847,-0.306532954400997),.UNSPECIFIED.);
#27=B_SPLINE_CURVE_WITH_KNOTS('',3,(#2052,#2053,#2054,#2055),
 .UNSPECIFIED.,.F.,.F.,(4,4),(-0.390325253345063,-0.0501462767015696),
 .UNSPECIFIED.);
#28=B_SPLINE_CURVE_WITH_KNOTS('',3,(#2061,#2062,#2063,#2064,#2065,#2066,
#2067),.UNSPECIFIED.,.F.,.F.,(4,3,4),(-0.499266599494708,-0.0751039490278744,
-0.0250125078379375),.UNSPECIFIED.);
#29=B_SPLINE_CURVE_WITH_KNOTS('',3,(#2079,#2080,#2081,#2082),
 .UNSPECIFIED.,.F.,.F.,(4,4),(-0.95365270293517,0.),.UNSPECIFIED.);
#30=B_SPLINE_CURVE_WITH_KNOTS('',3,(#2091,#2092,#2093,#2094),
 .UNSPECIFIED.,.F.,.F.,(4,4),(-0.765653913709941,-0.290213292467519),
 .UNSPECIFIED.);
#31=B_SPLINE_CURVE_WITH_KNOTS('',3,(#2161,#2162,#2163,#2164),
 .UNSPECIFIED.,.F.,.F.,(4,4),(-0.956562702157228,-0.934590952326763),
 .UNSPECIFIED.);
#32=B_SPLINE_CURVE_WITH_KNOTS('',3,(#2165,#2166,#2167,#2168),
 .UNSPECIFIED.,.F.,.F.,(4,4),(-22.8126018023803,-20.8843700059668),
 .UNSPECIFIED.);
#33=B_SPLINE_CURVE_WITH_KNOTS('',3,(#2169,#2170,#2171,#2172,#2173,#2174,
#2175,#2176,#2177,#2178,#2179,#2180,#2181,#2182,#2183,#2184,#2185,#2186,
#2187),.UNSPECIFIED.,.F.,.F.,(4,3,3,3,3,3,4),(-0.699032890145982,-0.686360231257478,
-0.643417782887756,-0.600475334518033,-0.557532886148311,-0.514590437778588,
-0.488187320303403),.UNSPECIFIED.);
#34=B_SPLINE_CURVE_WITH_KNOTS('',3,(#2281,#2282,#2283,#2284),
 .UNSPECIFIED.,.F.,.F.,(4,4),(-0.948522847624713,-1.6393205698167E-7),
 .UNSPECIFIED.);
#35=B_SPLINE_CURVE_WITH_KNOTS('',3,(#2286,#2287,#2288,#2289,#2290,#2291,
#2292,#2293,#2294,#2295,#2296,#2297,#2298,#2299,#2300,#2301,#2302,#2303,
#2304,#2305,#2306,#2307),.UNSPECIFIED.,.F.,.F.,(4,3,3,3,3,3,3,4),(-3.76067277065364,
-3.59242723260703,-3.50337586603537,-3.44212433709617,-2.92841640168846,
-2.77321509236492,-2.69459359856433,-2.41470846628074),.UNSPECIFIED.);
#36=B_SPLINE_CURVE_WITH_KNOTS('',3,(#2308,#2309,#2310,#2311),
 .UNSPECIFIED.,.F.,.F.,(4,4),(-20.1575948592831,-19.1178746244302),
 .UNSPECIFIED.);
#37=(
BOUNDED_CURVE()
B_SPLINE_CURVE(2,(#1725,#1726,#1727),.UNSPECIFIED.,.F.,.F.)
B_SPLINE_CURVE_WITH_KNOTS((3,3),(0.910645111457234,0.944060376978425),
 .UNSPECIFIED.)
CURVE()
GEOMETRIC_REPRESENTATION_ITEM()
RATIONAL_B_SPLINE_CURVE((1.19631901768699,1.10176137966031,1.))
REPRESENTATION_ITEM('')
);
#38=(
BOUNDED_CURVE()
B_SPLINE_CURVE(2,(#1731,#1732,#1733),.UNSPECIFIED.,.F.,.F.)
B_SPLINE_CURVE_WITH_KNOTS((3,3),(0.,0.0334152655211975),.UNSPECIFIED.)
CURVE()
GEOMETRIC_REPRESENTATION_ITEM()
RATIONAL_B_SPLINE_CURVE((1.,1.10176137966033,1.19631901768703))
REPRESENTATION_ITEM('')
);
#39=(
BOUNDED_CURVE()
B_SPLINE_CURVE(2,(#1748,#1749,#1750),.UNSPECIFIED.,.F.,.F.)
B_SPLINE_CURVE_WITH_KNOTS((3,3),(0.910645111457253,0.944060376978425),
 .UNSPECIFIED.)
CURVE()
GEOMETRIC_REPRESENTATION_ITEM()
RATIONAL_B_SPLINE_CURVE((1.19631901768689,1.10176137966026,1.))
REPRESENTATION_ITEM('')
);
#40=(
BOUNDED_CURVE()
B_SPLINE_CURVE(2,(#1756,#1757,#1758),.UNSPECIFIED.,.F.,.F.)
B_SPLINE_CURVE_WITH_KNOTS((3,3),(0.910645111457199,0.944060376978419),
 .UNSPECIFIED.)
CURVE()
GEOMETRIC_REPRESENTATION_ITEM()
RATIONAL_B_SPLINE_CURVE((1.19631901768716,1.1017613796604,1.))
REPRESENTATION_ITEM('')
);
#41=(
BOUNDED_CURVE()
B_SPLINE_CURVE(2,(#1762,#1763,#1764),.UNSPECIFIED.,.F.,.F.)
B_SPLINE_CURVE_WITH_KNOTS((3,3),(0.,0.0334152655211975),.UNSPECIFIED.)
CURVE()
GEOMETRIC_REPRESENTATION_ITEM()
RATIONAL_B_SPLINE_CURVE((1.,1.10176137966033,1.19631901768703))
REPRESENTATION_ITEM('')
);
#42=(
BOUNDED_CURVE()
B_SPLINE_CURVE(2,(#1779,#1780,#1781),.UNSPECIFIED.,.F.,.F.)
B_SPLINE_CURVE_WITH_KNOTS((3,3),(0.910645111457188,0.944060376978428),
 .UNSPECIFIED.)
CURVE()
GEOMETRIC_REPRESENTATION_ITEM()
RATIONAL_B_SPLINE_CURVE((1.19631901768726,1.10176137966046,1.))
REPRESENTATION_ITEM('')
);
#43=(
BOUNDED_CURVE()
B_SPLINE_CURVE(2,(#1785,#1786,#1787),.UNSPECIFIED.,.F.,.F.)
B_SPLINE_CURVE_WITH_KNOTS((3,3),(0.,0.0334152655211974),.UNSPECIFIED.)
CURVE()
GEOMETRIC_REPRESENTATION_ITEM()
RATIONAL_B_SPLINE_CURVE((1.,1.10176137966033,1.19631901768703))
REPRESENTATION_ITEM('')
);
#44=(
BOUNDED_CURVE()
B_SPLINE_CURVE(5,(#1798,#1799,#1800,#1801,#1802,#1803,#1804,#1805,#1806,
#1807,#1808,#1809,#1810,#1811,#1812,#1813,#1814,#1815,#1816,#1817,#1818,
#1819,#1820,#1821,#1822,#1823,#1824,#1825,#1826,#1827,#1828),
 .UNSPECIFIED.,.F.,.F.)
B_SPLINE_CURVE_WITH_KNOTS((6,1,1,1,1,1,1,1,1,1,1,1,1,1,1,1,1,1,1,1,1,1,
1,1,1,1,6),(-0.566816128135416,-0.553846153846154,-0.538461538461538,-0.523076923076923,
-0.507692307692308,-0.492307692307692,-0.476923076923077,-0.461538461538462,
-0.446153846153846,-0.430769230769231,-0.415384615384615,-0.4,-0.384615384615385,
-0.369230769230769,-0.353846153846154,-0.338461538461538,-0.323076923076923,
-0.307692307692308,-0.292307692307692,-0.276923076923077,-0.261538461538462,
-0.246153846153846,-0.230769230769231,-0.215384615384615,-0.2,-0.184615384615385,
-0.169722267511881),.UNSPECIFIED.)
CURVE()
GEOMETRIC_REPRESENTATION_ITEM()
RATIONAL_B_SPLINE_CURVE((1.,1.,1.,1.,1.,1.,1.,1.,1.,1.,1.,1.,1.,1.,1.,1.,
1.,1.,1.,1.,1.,1.,1.,1.,1.,1.,1.,1.,1.,1.,1.))
REPRESENTATION_ITEM('')
);
#45=(
BOUNDED_CURVE()
B_SPLINE_CURVE(5,(#1832,#1833,#1834,#1835,#1836,#1837,#1838,#1839,#1840,
#1841,#1842,#1843,#1844,#1845,#1846,#1847,#1848,#1849,#1850,#1851,#1852,
#1853,#1854,#1855,#1856,#1857,#1858,#1859,#1860,#1861,#1862),
 .UNSPECIFIED.,.F.,.F.)
B_SPLINE_CURVE_WITH_KNOTS((6,1,1,1,1,1,1,1,1,1,1,1,1,1,1,1,1,1,1,1,1,1,
1,1,1,1,6),(0.172614491272977,0.184615384615385,0.2,0.215384615384615,0.230769230769231,
0.246153846153846,0.261538461538462,0.276923076923077,0.292307692307692,
0.307692307692308,0.323076923076923,0.338461538461538,0.353846153846154,
0.369230769230769,0.384615384615385,0.4,0.415384615384615,0.430769230769231,
0.446153846153846,0.461538461538462,0.476923076923077,0.492307692307692,
0.507692307692308,0.523076923076923,0.538461538461538,0.553846153846154,
0.563144575646269),.UNSPECIFIED.)
CURVE()
GEOMETRIC_REPRESENTATION_ITEM()
RATIONAL_B_SPLINE_CURVE((1.,1.,1.,1.,1.,1.,1.,1.,1.,1.,1.,1.,1.,1.,1.,1.,
1.,1.,1.,1.,1.,1.,1.,1.,1.,1.,1.,1.,1.,1.,1.))
REPRESENTATION_ITEM('')
);
#46=(
BOUNDED_CURVE()
B_SPLINE_CURVE(2,(#1875,#1876,#1877),.UNSPECIFIED.,.F.,.F.)
B_SPLINE_CURVE_WITH_KNOTS((3,3),(0.,0.0334152655211994),.UNSPECIFIED.)
CURVE()
GEOMETRIC_REPRESENTATION_ITEM()
RATIONAL_B_SPLINE_CURVE((1.,1.10176137966033,1.19631901768703))
REPRESENTATION_ITEM('')
);
#47=CONICAL_SURFACE('',#1246,3.475,0.785398163397448);
#48=CONICAL_SURFACE('',#1253,3.475,0.785398163397448);
#49=CONICAL_SURFACE('',#1259,3.475,0.785398163397448);
#50=CONICAL_SURFACE('',#1264,3.475,0.785398163397448);
#51=CYLINDRICAL_SURFACE('',#1240,0.499999999999998);
#52=CYLINDRICAL_SURFACE('',#1243,0.5);
#53=CYLINDRICAL_SURFACE('',#1249,3.075);
#54=CYLINDRICAL_SURFACE('',#1256,3.075);
#55=CYLINDRICAL_SURFACE('',#1273,3.00000000000001);
#56=CYLINDRICAL_SURFACE('',#1277,1.6);
#57=CYLINDRICAL_SURFACE('',#1278,1.6);
#58=FACE_BOUND('',#153,.T.);
#59=FACE_BOUND('',#166,.T.);
#60=FACE_BOUND('',#178,.T.);
#61=FACE_BOUND('',#185,.T.);
#62=FACE_BOUND('',#194,.T.);
#63=FACE_BOUND('',#197,.T.);
#64=FACE_BOUND('',#208,.T.);
#65=FACE_BOUND('',#215,.T.);
#66=FACE_BOUND('',#217,.T.);
#67=CIRCLE('',#1222,0.5);
#68=CIRCLE('',#1235,0.499999999999999);
#69=CIRCLE('',#1241,0.499999999999998);
#70=CIRCLE('',#1244,0.5);
#71=CIRCLE('',#1247,3.875);
#72=CIRCLE('',#1248,3.075);
#73=CIRCLE('',#1250,3.075);
#74=CIRCLE('',#1252,1.6);
#75=CIRCLE('',#1254,3.875);
#76=CIRCLE('',#1255,3.075);
#77=CIRCLE('',#1257,3.075);
#78=CIRCLE('',#1260,3.875);
#79=CIRCLE('',#1263,3.875);
#80=CIRCLE('',#1272,1.6);
#81=CIRCLE('',#1274,3.00000000000001);
#82=CIRCLE('',#1276,1.6);
#83=CIRCLE('',#1279,1.6);
#84=FACE_OUTER_BOUND('',#148,.T.);
#85=FACE_OUTER_BOUND('',#149,.T.);
#86=FACE_OUTER_BOUND('',#150,.T.);
#87=FACE_OUTER_BOUND('',#151,.T.);
#88=FACE_OUTER_BOUND('',#152,.T.);
#89=FACE_OUTER_BOUND('',#154,.T.);
#90=FACE_OUTER_BOUND('',#155,.T.);
#91=FACE_OUTER_BOUND('',#156,.T.);
#92=FACE_OUTER_BOUND('',#157,.T.);
#93=FACE_OUTER_BOUND('',#158,.T.);
#94=FACE_OUTER_BOUND('',#159,.T.);
#95=FACE_OUTER_BOUND('',#160,.T.);
#96=FACE_OUTER_BOUND('',#161,.T.);
#97=FACE_OUTER_BOUND('',#162,.T.);
#98=FACE_OUTER_BOUND('',#163,.T.);
#99=FACE_OUTER_BOUND('',#164,.T.);
#100=FACE_OUTER_BOUND('',#165,.T.);
#101=FACE_OUTER_BOUND('',#167,.T.);
#102=FACE_OUTER_BOUND('',#168,.T.);
#103=FACE_OUTER_BOUND('',#169,.T.);
#104=FACE_OUTER_BOUND('',#170,.T.);
#105=FACE_OUTER_BOUND('',#171,.T.);
#106=FACE_OUTER_BOUND('',#172,.T.);
#107=FACE_OUTER_BOUND('',#173,.T.);
#108=FACE_OUTER_BOUND('',#174,.T.);
#109=FACE_OUTER_BOUND('',#175,.T.);
#110=FACE_OUTER_BOUND('',#176,.T.);
#111=FACE_OUTER_BOUND('',#177,.T.);
#112=FACE_OUTER_BOUND('',#179,.T.);
#113=FACE_OUTER_BOUND('',#180,.T.);
#114=FACE_OUTER_BOUND('',#181,.T.);
#115=FACE_OUTER_BOUND('',#182,.T.);
#116=FACE_OUTER_BOUND('',#183,.T.);
#117=FACE_OUTER_BOUND('',#184,.T.);
#118=FACE_OUTER_BOUND('',#186,.T.);
#119=FACE_OUTER_BOUND('',#187,.T.);
#120=FACE_OUTER_BOUND('',#188,.T.);
#121=FACE_OUTER_BOUND('',#189,.T.);
#122=FACE_OUTER_BOUND('',#190,.T.);
#123=FACE_OUTER_BOUND('',#191,.T.);
#124=FACE_OUTER_BOUND('',#192,.T.);
#125=FACE_OUTER_BOUND('',#193,.T.);
#126=FACE_OUTER_BOUND('',#195,.T.);
#127=FACE_OUTER_BOUND('',#196,.T.);
#128=FACE_OUTER_BOUND('',#198,.T.);
#129=FACE_OUTER_BOUND('',#199,.T.);
#130=FACE_OUTER_BOUND('',#200,.T.);
#131=FACE_OUTER_BOUND('',#201,.T.);
#132=FACE_OUTER_BOUND('',#202,.T.);
#133=FACE_OUTER_BOUND('',#203,.T.);
#134=FACE_OUTER_BOUND('',#204,.T.);
#135=FACE_OUTER_BOUND('',#205,.T.);
#136=FACE_OUTER_BOUND('',#206,.T.);
#137=FACE_OUTER_BOUND('',#207,.T.);
#138=FACE_OUTER_BOUND('',#209,.T.);
#139=FACE_OUTER_BOUND('',#210,.T.);
#140=FACE_OUTER_BOUND('',#211,.T.);
#141=FACE_OUTER_BOUND('',#212,.T.);
#142=FACE_OUTER_BOUND('',#213,.T.);
#143=FACE_OUTER_BOUND('',#214,.T.);
#144=FACE_OUTER_BOUND('',#216,.T.);
#145=FACE_OUTER_BOUND('',#218,.T.);
#146=FACE_OUTER_BOUND('',#219,.T.);
#147=FACE_OUTER_BOUND('',#220,.T.);
#148=EDGE_LOOP('',(#748,#749,#750,#751));
#149=EDGE_LOOP('',(#752,#753,#754,#755));
#150=EDGE_LOOP('',(#756,#757,#758,#759));
#151=EDGE_LOOP('',(#760,#761,#762,#763,#764,#765,#766,#767,#768,#769));
#152=EDGE_LOOP('',(#770,#771,#772,#773));
#153=EDGE_LOOP('',(#774));
#154=EDGE_LOOP('',(#775,#776,#777,#778));
#155=EDGE_LOOP('',(#779,#780,#781,#782));
#156=EDGE_LOOP('',(#783,#784,#785,#786));
#157=EDGE_LOOP('',(#787,#788,#789,#790));
#158=EDGE_LOOP('',(#791,#792,#793,#794));
#159=EDGE_LOOP('',(#795,#796,#797,#798,#799));
#160=EDGE_LOOP('',(#800,#801,#802,#803));
#161=EDGE_LOOP('',(#804,#805,#806,#807));
#162=EDGE_LOOP('',(#808,#809,#810,#811));
#163=EDGE_LOOP('',(#812,#813,#814,#815));
#164=EDGE_LOOP('',(#816,#817,#818,#819));
#165=EDGE_LOOP('',(#820,#821,#822,#823));
#166=EDGE_LOOP('',(#824));
#167=EDGE_LOOP('',(#825,#826,#827,#828,#829,#830,#831,#832,#833,#834));
#168=EDGE_LOOP('',(#835,#836,#837,#838));
#169=EDGE_LOOP('',(#839,#840,#841,#842));
#170=EDGE_LOOP('',(#843,#844,#845,#846));
#171=EDGE_LOOP('',(#847,#848,#849,#850));
#172=EDGE_LOOP('',(#851));
#173=EDGE_LOOP('',(#852,#853,#854,#855));
#174=EDGE_LOOP('',(#856));
#175=EDGE_LOOP('',(#857,#858,#859,#860));
#176=EDGE_LOOP('',(#861,#862,#863,#864));
#177=EDGE_LOOP('',(#865,#866,#867,#868,#869,#870));
#178=EDGE_LOOP('',(#871));
#179=EDGE_LOOP('',(#872,#873,#874,#875));
#180=EDGE_LOOP('',(#876,#877,#878,#879));
#181=EDGE_LOOP('',(#880,#881,#882,#883,#884,#885));
#182=EDGE_LOOP('',(#886,#887,#888,#889));
#183=EDGE_LOOP('',(#890,#891,#892,#893,#894,#895));
#184=EDGE_LOOP('',(#896,#897,#898,#899,#900,#901,#902,#903,#904,#905,#906,
#907));
#185=EDGE_LOOP('',(#908,#909,#910,#911,#912,#913,#914,#915,#916,#917,#918,
#919,#920,#921,#922,#923));
#186=EDGE_LOOP('',(#924,#925,#926,#927));
#187=EDGE_LOOP('',(#928,#929,#930,#931));
#188=EDGE_LOOP('',(#932,#933,#934,#935));
#189=EDGE_LOOP('',(#936,#937,#938,#939));
#190=EDGE_LOOP('',(#940,#941,#942,#943));
#191=EDGE_LOOP('',(#944,#945,#946,#947));
#192=EDGE_LOOP('',(#948,#949,#950,#951));
#193=EDGE_LOOP('',(#952,#953,#954,#955,#956,#957));
#194=EDGE_LOOP('',(#958));
#195=EDGE_LOOP('',(#959,#960,#961,#962,#963));
#196=EDGE_LOOP('',(#964));
#197=EDGE_LOOP('',(#965));
#198=EDGE_LOOP('',(#966,#967,#968,#969));
#199=EDGE_LOOP('',(#970,#971,#972,#973));
#200=EDGE_LOOP('',(#974,#975,#976,#977));
#201=EDGE_LOOP('',(#978,#979,#980,#981,#982,#983,#984,#985));
#202=EDGE_LOOP('',(#986,#987,#988,#989));
#203=EDGE_LOOP('',(#990,#991,#992,#993));
#204=EDGE_LOOP('',(#994,#995,#996,#997,#998));
#205=EDGE_LOOP('',(#999,#1000,#1001,#1002,#1003));
#206=EDGE_LOOP('',(#1004,#1005,#1006,#1007));
#207=EDGE_LOOP('',(#1008,#1009,#1010,#1011,#1012,#1013));
#208=EDGE_LOOP('',(#1014));
#209=EDGE_LOOP('',(#1015,#1016,#1017,#1018));
#210=EDGE_LOOP('',(#1019,#1020,#1021,#1022,#1023));
#211=EDGE_LOOP('',(#1024,#1025,#1026,#1027,#1028,#1029,#1030,#1031,#1032,
#1033));
#212=EDGE_LOOP('',(#1034,#1035,#1036,#1037));
#213=EDGE_LOOP('',(#1038,#1039,#1040,#1041));
#214=EDGE_LOOP('',(#1042,#1043,#1044,#1045,#1046,#1047,#1048,#1049,#1050,
#1051));
#215=EDGE_LOOP('',(#1052,#1053));
#216=EDGE_LOOP('',(#1054,#1055,#1056,#1057));
#217=EDGE_LOOP('',(#1058,#1059,#1060,#1061,#1062,#1063));
#218=EDGE_LOOP('',(#1064,#1065,#1066,#1067));
#219=EDGE_LOOP('',(#1068,#1069,#1070,#1071,#1072,#1073,#1074,#1075,#1076,
#1077,#1078,#1079,#1080,#1081,#1082,#1083));
#220=EDGE_LOOP('',(#1084,#1085,#1086,#1087));
#221=LINE('',#1583,#344);
#222=LINE('',#1585,#345);
#223=LINE('',#1587,#346);
#224=LINE('',#1588,#347);
#225=LINE('',#1591,#348);
#226=LINE('',#1593,#349);
#227=LINE('',#1594,#350);
#228=LINE('',#1597,#351);
#229=LINE('',#1599,#352);
#230=LINE('',#1600,#353);
#231=LINE('',#1603,#354);
#232=LINE('',#1605,#355);
#233=LINE('',#1607,#356);
#234=LINE('',#1609,#357);
#235=LINE('',#1611,#358);
#236=LINE('',#1613,#359);
#237=LINE('',#1615,#360);
#238=LINE('',#1617,#361);
#239=LINE('',#1618,#362);
#240=LINE('',#1621,#363);
#241=LINE('',#1622,#364);
#242=LINE('',#1627,#365);
#243=LINE('',#1628,#366);
#244=LINE('',#1631,#367);
#245=LINE('',#1632,#368);
#246=LINE('',#1635,#369);
#247=LINE('',#1637,#370);
#248=LINE('',#1638,#371);
#249=LINE('',#1641,#372);
#250=LINE('',#1642,#373);
#251=LINE('',#1644,#374);
#252=LINE('',#1646,#375);
#253=LINE('',#1650,#376);
#254=LINE('',#1652,#377);
#255=LINE('',#1654,#378);
#256=LINE('',#1655,#379);
#257=LINE('',#1658,#380);
#258=LINE('',#1660,#381);
#259=LINE('',#1661,#382);
#260=LINE('',#1664,#383);
#261=LINE('',#1666,#384);
#262=LINE('',#1667,#385);
#263=LINE('',#1670,#386);
#264=LINE('',#1672,#387);
#265=LINE('',#1673,#388);
#266=LINE('',#1676,#389);
#267=LINE('',#1677,#390);
#268=LINE('',#1680,#391);
#269=LINE('',#1681,#392);
#270=LINE('',#1686,#393);
#271=LINE('',#1688,#394);
#272=LINE('',#1690,#395);
#273=LINE('',#1692,#396);
#274=LINE('',#1694,#397);
#275=LINE('',#1696,#398);
#276=LINE('',#1698,#399);
#277=LINE('',#1699,#400);
#278=LINE('',#1702,#401);
#279=LINE('',#1703,#402);
#280=LINE('',#1706,#403);
#281=LINE('',#1707,#404);
#282=LINE('',#1710,#405);
#283=LINE('',#1711,#406);
#284=LINE('',#1714,#407);
#285=LINE('',#1719,#408);
#286=LINE('',#1737,#409);
#287=LINE('',#1740,#410);
#288=LINE('',#1743,#411);
#289=LINE('',#1745,#412);
#290=LINE('',#1747,#413);
#291=LINE('',#1768,#414);
#292=LINE('',#1771,#415);
#293=LINE('',#1774,#416);
#294=LINE('',#1776,#417);
#295=LINE('',#1778,#418);
#296=LINE('',#1790,#419);
#297=LINE('',#1792,#420);
#298=LINE('',#1793,#421);
#299=LINE('',#1796,#422);
#300=LINE('',#1830,#423);
#301=LINE('',#1864,#424);
#302=LINE('',#1866,#425);
#303=LINE('',#1868,#426);
#304=LINE('',#1869,#427);
#305=LINE('',#1870,#428);
#306=LINE('',#1871,#429);
#307=LINE('',#1872,#430);
#308=LINE('',#1873,#431);
#309=LINE('',#1886,#432);
#310=LINE('',#1888,#433);
#311=LINE('',#1889,#434);
#312=LINE('',#1897,#435);
#313=LINE('',#1898,#436);
#314=LINE('',#1906,#437);
#315=LINE('',#1907,#438);
#316=LINE('',#1918,#439);
#317=LINE('',#1919,#440);
#318=LINE('',#1927,#441);
#319=LINE('',#1928,#442);
#320=LINE('',#1934,#443);
#321=LINE('',#1942,#444);
#322=LINE('',#2015,#445);
#323=LINE('',#2018,#446);
#324=LINE('',#2023,#447);
#325=LINE('',#2025,#448);
#326=LINE('',#2031,#449);
#327=LINE('',#2033,#450);
#328=LINE('',#2034,#451);
#329=LINE('',#2036,#452);
#330=LINE('',#2038,#453);
#331=LINE('',#2049,#454);
#332=LINE('',#2051,#455);
#333=LINE('',#2058,#456);
#334=LINE('',#2060,#457);
#335=LINE('',#2071,#458);
#336=LINE('',#2074,#459);
#337=LINE('',#2075,#460);
#338=LINE('',#2078,#461);
#339=LINE('',#2086,#462);
#340=LINE('',#2087,#463);
#341=LINE('',#2095,#464);
#342=LINE('',#2313,#465);
#343=LINE('',#2315,#466);
#344=VECTOR('',#1300,10.);
#345=VECTOR('',#1301,10.);
#346=VECTOR('',#1302,10.);
#347=VECTOR('',#1303,10.);
#348=VECTOR('',#1306,10.);
#349=VECTOR('',#1307,10.);
#350=VECTOR('',#1308,10.);
#351=VECTOR('',#1311,10.);
#352=VECTOR('',#1312,10.);
#353=VECTOR('',#1313,10.);
#354=VECTOR('',#1316,10.);
#355=VECTOR('',#1317,10.);
#356=VECTOR('',#1318,10.);
#357=VECTOR('',#1319,10.);
#358=VECTOR('',#1320,10.);
#359=VECTOR('',#1321,10.);
#360=VECTOR('',#1322,10.);
#361=VECTOR('',#1323,10.);
#362=VECTOR('',#1324,10.);
#363=VECTOR('',#1327,10.);
#364=VECTOR('',#1328,10.);
#365=VECTOR('',#1333,10.);
#366=VECTOR('',#1334,10.);
#367=VECTOR('',#1337,10.);
#368=VECTOR('',#1338,10.);
#369=VECTOR('',#1341,10.);
#370=VECTOR('',#1342,10.);
#371=VECTOR('',#1343,10.);
#372=VECTOR('',#1346,10.);
#373=VECTOR('',#1347,10.);
#374=VECTOR('',#1350,10.);
#375=VECTOR('',#1353,10.);
#376=VECTOR('',#1356,10.);
#377=VECTOR('',#1357,10.);
#378=VECTOR('',#1358,10.);
#379=VECTOR('',#1359,10.);
#380=VECTOR('',#1362,10.);
#381=VECTOR('',#1363,10.);
#382=VECTOR('',#1364,10.);
#383=VECTOR('',#1367,10.);
#384=VECTOR('',#1368,10.);
#385=VECTOR('',#1369,10.);
#386=VECTOR('',#1372,10.);
#387=VECTOR('',#1373,10.);
#388=VECTOR('',#1374,10.);
#389=VECTOR('',#1377,10.);
#390=VECTOR('',#1378,10.);
#391=VECTOR('',#1381,10.);
#392=VECTOR('',#1382,10.);
#393=VECTOR('',#1387,10.);
#394=VECTOR('',#1388,10.);
#395=VECTOR('',#1389,10.);
#396=VECTOR('',#1390,10.);
#397=VECTOR('',#1391,10.);
#398=VECTOR('',#1392,10.);
#399=VECTOR('',#1393,10.);
#400=VECTOR('',#1394,10.);
#401=VECTOR('',#1397,10.);
#402=VECTOR('',#1398,10.);
#403=VECTOR('',#1401,10.);
#404=VECTOR('',#1402,10.);
#405=VECTOR('',#1405,10.);
#406=VECTOR('',#1406,10.);
#407=VECTOR('',#1409,0.499999999999998);
#408=VECTOR('',#1416,0.5);
#409=VECTOR('',#1429,10.);
#410=VECTOR('',#1432,10.);
#411=VECTOR('',#1435,10.);
#412=VECTOR('',#1436,10.);
#413=VECTOR('',#1437,10.);
#414=VECTOR('',#1448,10.);
#415=VECTOR('',#1451,10.);
#416=VECTOR('',#1454,10.);
#417=VECTOR('',#1455,10.);
#418=VECTOR('',#1456,10.);
#419=VECTOR('',#1463,10.);
#420=VECTOR('',#1464,10.);
#421=VECTOR('',#1465,10.);
#422=VECTOR('',#1468,10.);
#423=VECTOR('',#1469,10.);
#424=VECTOR('',#1470,10.);
#425=VECTOR('',#1471,10.);
#426=VECTOR('',#1474,10.);
#427=VECTOR('',#1475,10.);
#428=VECTOR('',#1476,10.);
#429=VECTOR('',#1477,10.);
#430=VECTOR('',#1478,10.);
#431=VECTOR('',#1479,10.);
#432=VECTOR('',#1484,10.);
#433=VECTOR('',#1485,10.);
#434=VECTOR('',#1486,10.);
#435=VECTOR('',#1489,10.);
#436=VECTOR('',#1490,10.);
#437=VECTOR('',#1493,10.);
#438=VECTOR('',#1494,10.);
#439=VECTOR('',#1497,10.);
#440=VECTOR('',#1498,10.);
#441=VECTOR('',#1501,10.);
#442=VECTOR('',#1502,10.);
#443=VECTOR('',#1505,10.);
#444=VECTOR('',#1514,3.00000000000001);
#445=VECTOR('',#1521,1.6);
#446=VECTOR('',#1524,1.6);
#447=VECTOR('',#1529,10.);
#448=VECTOR('',#1530,10.);
#449=VECTOR('',#1531,10.);
#450=VECTOR('',#1534,10.);
#451=VECTOR('',#1535,10.);
#452=VECTOR('',#1536,10.);
#453=VECTOR('',#1537,10.);
#454=VECTOR('',#1540,10.);
#455=VECTOR('',#1541,10.);
#456=VECTOR('',#1544,10.);
#457=VECTOR('',#1545,10.);
#458=VECTOR('',#1552,10.);
#459=VECTOR('',#1555,10.);
#460=VECTOR('',#1556,10.);
#461=VECTOR('',#1559,10.);
#462=VECTOR('',#1564,10.);
#463=VECTOR('',#1565,10.);
#464=VECTOR('',#1570,10.);
#465=VECTOR('',#1573,10.);
#466=VECTOR('',#1576,10.);
#467=VERTEX_POINT('',#1581);
#468=VERTEX_POINT('',#1582);
#469=VERTEX_POINT('',#1584);
#470=VERTEX_POINT('',#1586);
#471=VERTEX_POINT('',#1590);
#472=VERTEX_POINT('',#1592);
#473=VERTEX_POINT('',#1596);
#474=VERTEX_POINT('',#1598);
#475=VERTEX_POINT('',#1602);
#476=VERTEX_POINT('',#1604);
#477=VERTEX_POINT('',#1606);
#478=VERTEX_POINT('',#1608);
#479=VERTEX_POINT('',#1610);
#480=VERTEX_POINT('',#1612);
#481=VERTEX_POINT('',#1614);
#482=VERTEX_POINT('',#1616);
#483=VERTEX_POINT('',#1620);
#484=VERTEX_POINT('',#1623);
#485=VERTEX_POINT('',#1626);
#486=VERTEX_POINT('',#1630);
#487=VERTEX_POINT('',#1634);
#488=VERTEX_POINT('',#1636);
#489=VERTEX_POINT('',#1640);
#490=VERTEX_POINT('',#1648);
#491=VERTEX_POINT('',#1649);
#492=VERTEX_POINT('',#1651);
#493=VERTEX_POINT('',#1653);
#494=VERTEX_POINT('',#1657);
#495=VERTEX_POINT('',#1659);
#496=VERTEX_POINT('',#1663);
#497=VERTEX_POINT('',#1665);
#498=VERTEX_POINT('',#1669);
#499=VERTEX_POINT('',#1671);
#500=VERTEX_POINT('',#1675);
#501=VERTEX_POINT('',#1679);
#502=VERTEX_POINT('',#1682);
#503=VERTEX_POINT('',#1685);
#504=VERTEX_POINT('',#1687);
#505=VERTEX_POINT('',#1689);
#506=VERTEX_POINT('',#1691);
#507=VERTEX_POINT('',#1693);
#508=VERTEX_POINT('',#1695);
#509=VERTEX_POINT('',#1697);
#510=VERTEX_POINT('',#1701);
#511=VERTEX_POINT('',#1705);
#512=VERTEX_POINT('',#1709);
#513=VERTEX_POINT('',#1713);
#514=VERTEX_POINT('',#1718);
#515=VERTEX_POINT('',#1723);
#516=VERTEX_POINT('',#1724);
#517=VERTEX_POINT('',#1728);
#518=VERTEX_POINT('',#1730);
#519=VERTEX_POINT('',#1736);
#520=VERTEX_POINT('',#1738);
#521=VERTEX_POINT('',#1742);
#522=VERTEX_POINT('',#1744);
#523=VERTEX_POINT('',#1746);
#524=VERTEX_POINT('',#1751);
#525=VERTEX_POINT('',#1754);
#526=VERTEX_POINT('',#1755);
#527=VERTEX_POINT('',#1759);
#528=VERTEX_POINT('',#1761);
#529=VERTEX_POINT('',#1767);
#530=VERTEX_POINT('',#1769);
#531=VERTEX_POINT('',#1773);
#532=VERTEX_POINT('',#1775);
#533=VERTEX_POINT('',#1777);
#534=VERTEX_POINT('',#1783);
#535=VERTEX_POINT('',#1789);
#536=VERTEX_POINT('',#1791);
#537=VERTEX_POINT('',#1795);
#538=VERTEX_POINT('',#1797);
#539=VERTEX_POINT('',#1829);
#540=VERTEX_POINT('',#1831);
#541=VERTEX_POINT('',#1863);
#542=VERTEX_POINT('',#1865);
#543=VERTEX_POINT('',#1879);
#544=VERTEX_POINT('',#1880);
#545=VERTEX_POINT('',#1885);
#546=VERTEX_POINT('',#1887);
#547=VERTEX_POINT('',#1891);
#548=VERTEX_POINT('',#1896);
#549=VERTEX_POINT('',#1900);
#550=VERTEX_POINT('',#1905);
#551=VERTEX_POINT('',#1909);
#552=VERTEX_POINT('',#1917);
#553=VERTEX_POINT('',#1921);
#554=VERTEX_POINT('',#1926);
#555=VERTEX_POINT('',#1936);
#556=VERTEX_POINT('',#1939);
#557=VERTEX_POINT('',#1941);
#558=VERTEX_POINT('',#1943);
#559=VERTEX_POINT('',#2012);
#560=VERTEX_POINT('',#2017);
#561=VERTEX_POINT('',#2021);
#562=VERTEX_POINT('',#2022);
#563=VERTEX_POINT('',#2024);
#564=VERTEX_POINT('',#2026);
#565=VERTEX_POINT('',#2035);
#566=VERTEX_POINT('',#2037);
#567=VERTEX_POINT('',#2048);
#568=VERTEX_POINT('',#2050);
#569=VERTEX_POINT('',#2057);
#570=VERTEX_POINT('',#2059);
#571=VERTEX_POINT('',#2073);
#572=VERTEX_POINT('',#2077);
#573=VERTEX_POINT('',#2085);
#574=VERTEX_POINT('',#2090);
#575=VERTEX_POINT('',#2160);
#576=VERTEX_POINT('',#2280);
#577=VERTEX_POINT('',#2285);
#578=EDGE_CURVE('',#467,#468,#221,.T.);
#579=EDGE_CURVE('',#468,#469,#222,.T.);
#580=EDGE_CURVE('',#469,#470,#223,.T.);
#581=EDGE_CURVE('',#470,#467,#224,.T.);
#582=EDGE_CURVE('',#471,#467,#225,.T.);
#583=EDGE_CURVE('',#470,#472,#226,.T.);
#584=EDGE_CURVE('',#472,#471,#227,.T.);
#585=EDGE_CURVE('',#472,#473,#228,.T.);
#586=EDGE_CURVE('',#473,#474,#229,.F.);
#587=EDGE_CURVE('',#474,#471,#230,.T.);
#588=EDGE_CURVE('',#468,#475,#231,.T.);
#589=EDGE_CURVE('',#476,#475,#232,.T.);
#590=EDGE_CURVE('',#477,#476,#233,.F.);
#591=EDGE_CURVE('',#478,#477,#234,.T.);
#592=EDGE_CURVE('',#478,#479,#235,.T.);
#593=EDGE_CURVE('',#480,#479,#236,.T.);
#594=EDGE_CURVE('',#480,#481,#237,.T.);
#595=EDGE_CURVE('',#482,#481,#238,.T.);
#596=EDGE_CURVE('',#469,#482,#239,.F.);
#597=EDGE_CURVE('',#483,#467,#240,.T.);
#598=EDGE_CURVE('',#475,#483,#241,.T.);
#599=EDGE_CURVE('',#484,#484,#67,.T.);
#600=EDGE_CURVE('',#471,#485,#242,.T.);
#601=EDGE_CURVE('',#483,#485,#243,.T.);
#602=EDGE_CURVE('',#486,#474,#244,.F.);
#603=EDGE_CURVE('',#485,#486,#245,.T.);
#604=EDGE_CURVE('',#486,#487,#246,.F.);
#605=EDGE_CURVE('',#487,#488,#247,.T.);
#606=EDGE_CURVE('',#488,#485,#248,.T.);
#607=EDGE_CURVE('',#488,#489,#249,.T.);
#608=EDGE_CURVE('',#489,#483,#250,.T.);
#609=EDGE_CURVE('',#489,#476,#251,.T.);
#610=EDGE_CURVE('',#477,#487,#252,.F.);
#611=EDGE_CURVE('',#490,#491,#253,.T.);
#612=EDGE_CURVE('',#491,#492,#254,.F.);
#613=EDGE_CURVE('',#492,#493,#255,.T.);
#614=EDGE_CURVE('',#493,#490,#256,.T.);
#615=EDGE_CURVE('',#494,#490,#257,.T.);
#616=EDGE_CURVE('',#493,#495,#258,.T.);
#617=EDGE_CURVE('',#495,#494,#259,.T.);
#618=EDGE_CURVE('',#495,#496,#260,.T.);
#619=EDGE_CURVE('',#496,#497,#261,.T.);
#620=EDGE_CURVE('',#497,#494,#262,.T.);
#621=EDGE_CURVE('',#498,#490,#263,.T.);
#622=EDGE_CURVE('',#499,#498,#264,.T.);
#623=EDGE_CURVE('',#491,#499,#265,.F.);
#624=EDGE_CURVE('',#494,#500,#266,.T.);
#625=EDGE_CURVE('',#498,#500,#267,.T.);
#626=EDGE_CURVE('',#501,#497,#268,.T.);
#627=EDGE_CURVE('',#500,#501,#269,.T.);
#628=EDGE_CURVE('',#502,#502,#68,.T.);
#629=EDGE_CURVE('',#503,#496,#270,.T.);
#630=EDGE_CURVE('',#503,#504,#271,.T.);
#631=EDGE_CURVE('',#505,#504,#272,.T.);
#632=EDGE_CURVE('',#505,#506,#273,.T.);
#633=EDGE_CURVE('',#507,#506,#274,.T.);
#634=EDGE_CURVE('',#507,#508,#275,.T.);
#635=EDGE_CURVE('',#509,#508,#276,.T.);
#636=EDGE_CURVE('',#501,#509,#277,.T.);
#637=EDGE_CURVE('',#509,#510,#278,.T.);
#638=EDGE_CURVE('',#510,#500,#279,.T.);
#639=EDGE_CURVE('',#510,#511,#280,.T.);
#640=EDGE_CURVE('',#511,#498,#281,.T.);
#641=EDGE_CURVE('',#511,#512,#282,.T.);
#642=EDGE_CURVE('',#512,#499,#283,.F.);
#643=EDGE_CURVE('',#502,#513,#284,.T.);
#644=EDGE_CURVE('',#513,#513,#69,.T.);
#645=EDGE_CURVE('',#484,#514,#285,.T.);
#646=EDGE_CURVE('',#514,#514,#70,.T.);
#647=EDGE_CURVE('',#515,#516,#37,.T.);
#648=EDGE_CURVE('',#516,#517,#71,.T.);
#649=EDGE_CURVE('',#517,#518,#38,.T.);
#650=EDGE_CURVE('',#518,#515,#72,.T.);
#651=EDGE_CURVE('',#519,#518,#286,.F.);
#652=EDGE_CURVE('',#520,#519,#73,.T.);
#653=EDGE_CURVE('',#520,#515,#287,.T.);
#654=EDGE_CURVE('',#521,#517,#288,.F.);
#655=EDGE_CURVE('',#522,#521,#289,.F.);
#656=EDGE_CURVE('',#523,#522,#290,.T.);
#657=EDGE_CURVE('',#519,#523,#39,.T.);
#658=EDGE_CURVE('',#524,#524,#74,.T.);
#659=EDGE_CURVE('',#525,#526,#40,.T.);
#660=EDGE_CURVE('',#526,#527,#75,.T.);
#661=EDGE_CURVE('',#527,#528,#41,.T.);
#662=EDGE_CURVE('',#528,#525,#76,.T.);
#663=EDGE_CURVE('',#529,#528,#291,.F.);
#664=EDGE_CURVE('',#530,#529,#77,.T.);
#665=EDGE_CURVE('',#530,#525,#292,.T.);
#666=EDGE_CURVE('',#531,#527,#293,.F.);
#667=EDGE_CURVE('',#532,#531,#294,.T.);
#668=EDGE_CURVE('',#533,#532,#295,.T.);
#669=EDGE_CURVE('',#529,#533,#42,.T.);
#670=EDGE_CURVE('',#523,#534,#78,.T.);
#671=EDGE_CURVE('',#534,#520,#43,.T.);
#672=EDGE_CURVE('',#535,#534,#296,.T.);
#673=EDGE_CURVE('',#535,#536,#297,.T.);
#674=EDGE_CURVE('',#516,#536,#298,.F.);
#675=EDGE_CURVE('',#537,#522,#299,.F.);
#676=EDGE_CURVE('',#538,#537,#44,.T.);
#677=EDGE_CURVE('',#539,#538,#300,.F.);
#678=EDGE_CURVE('',#540,#539,#45,.T.);
#679=EDGE_CURVE('',#541,#540,#301,.F.);
#680=EDGE_CURVE('',#541,#542,#302,.T.);
#681=EDGE_CURVE('',#533,#542,#79,.T.);
#682=EDGE_CURVE('',#532,#535,#303,.T.);
#683=EDGE_CURVE('',#473,#482,#304,.F.);
#684=EDGE_CURVE('',#481,#504,#305,.T.);
#685=EDGE_CURVE('',#503,#492,#306,.F.);
#686=EDGE_CURVE('',#512,#508,#307,.F.);
#687=EDGE_CURVE('',#507,#478,#308,.T.);
#688=EDGE_CURVE('',#542,#530,#46,.T.);
#689=EDGE_CURVE('',#543,#544,#17,.T.);
#690=EDGE_CURVE('',#545,#543,#309,.T.);
#691=EDGE_CURVE('',#545,#546,#310,.T.);
#692=EDGE_CURVE('',#546,#544,#311,.T.);
#693=EDGE_CURVE('',#544,#547,#18,.T.);
#694=EDGE_CURVE('',#546,#548,#312,.T.);
#695=EDGE_CURVE('',#548,#547,#313,.T.);
#696=EDGE_CURVE('',#547,#549,#19,.T.);
#697=EDGE_CURVE('',#548,#550,#314,.T.);
#698=EDGE_CURVE('',#550,#549,#315,.T.);
#699=EDGE_CURVE('',#549,#551,#20,.T.);
#700=EDGE_CURVE('',#550,#552,#316,.T.);
#701=EDGE_CURVE('',#552,#551,#317,.T.);
#702=EDGE_CURVE('',#551,#553,#21,.T.);
#703=EDGE_CURVE('',#552,#554,#318,.T.);
#704=EDGE_CURVE('',#554,#553,#319,.T.);
#705=EDGE_CURVE('',#553,#543,#22,.T.);
#706=EDGE_CURVE('',#554,#545,#320,.T.);
#707=EDGE_CURVE('',#555,#555,#80,.T.);
#708=EDGE_CURVE('',#556,#556,#81,.T.);
#709=EDGE_CURVE('',#556,#557,#321,.T.);
#710=EDGE_CURVE('',#558,#557,#23,.T.);
#711=EDGE_CURVE('',#557,#558,#24,.T.);
#712=EDGE_CURVE('',#559,#559,#82,.T.);
#713=EDGE_CURVE('',#524,#559,#322,.T.);
#714=EDGE_CURVE('',#555,#560,#323,.T.);
#715=EDGE_CURVE('',#560,#560,#83,.T.);
#716=EDGE_CURVE('',#561,#562,#324,.T.);
#717=EDGE_CURVE('',#561,#563,#325,.T.);
#718=EDGE_CURVE('',#563,#564,#25,.T.);
#719=EDGE_CURVE('',#564,#562,#326,.T.);
#720=EDGE_CURVE('',#561,#480,#327,.T.);
#721=EDGE_CURVE('',#479,#506,#328,.T.);
#722=EDGE_CURVE('',#505,#565,#329,.T.);
#723=EDGE_CURVE('',#566,#565,#330,.T.);
#724=EDGE_CURVE('',#563,#566,#26,.T.);
#725=EDGE_CURVE('',#567,#565,#331,.T.);
#726=EDGE_CURVE('',#567,#568,#332,.T.);
#727=EDGE_CURVE('',#568,#566,#27,.T.);
#728=EDGE_CURVE('',#567,#569,#333,.T.);
#729=EDGE_CURVE('',#570,#569,#334,.F.);
#730=EDGE_CURVE('',#568,#570,#28,.T.);
#731=EDGE_CURVE('',#536,#531,#335,.F.);
#732=EDGE_CURVE('',#571,#541,#336,.F.);
#733=EDGE_CURVE('',#526,#571,#337,.F.);
#734=EDGE_CURVE('',#521,#572,#338,.T.);
#735=EDGE_CURVE('',#572,#537,#29,.T.);
#736=EDGE_CURVE('',#573,#562,#339,.T.);
#737=EDGE_CURVE('',#569,#573,#340,.F.);
#738=EDGE_CURVE('',#574,#564,#30,.T.);
#739=EDGE_CURVE('',#573,#574,#341,.F.);
#740=EDGE_CURVE('',#575,#570,#31,.T.);
#741=EDGE_CURVE('',#538,#575,#32,.T.);
#742=EDGE_CURVE('',#574,#572,#33,.T.);
#743=EDGE_CURVE('',#576,#539,#34,.T.);
#744=EDGE_CURVE('',#577,#576,#35,.T.);
#745=EDGE_CURVE('',#540,#577,#36,.T.);
#746=EDGE_CURVE('',#577,#571,#342,.T.);
#747=EDGE_CURVE('',#576,#575,#343,.F.);
#748=ORIENTED_EDGE('',*,*,#578,.T.);
#749=ORIENTED_EDGE('',*,*,#579,.T.);
#750=ORIENTED_EDGE('',*,*,#580,.T.);
#751=ORIENTED_EDGE('',*,*,#581,.T.);
#752=ORIENTED_EDGE('',*,*,#582,.T.);
#753=ORIENTED_EDGE('',*,*,#581,.F.);
#754=ORIENTED_EDGE('',*,*,#583,.T.);
#755=ORIENTED_EDGE('',*,*,#584,.T.);
#756=ORIENTED_EDGE('',*,*,#585,.T.);
#757=ORIENTED_EDGE('',*,*,#586,.T.);
#758=ORIENTED_EDGE('',*,*,#587,.T.);
#759=ORIENTED_EDGE('',*,*,#584,.F.);
#760=ORIENTED_EDGE('',*,*,#579,.F.);
#761=ORIENTED_EDGE('',*,*,#588,.T.);
#762=ORIENTED_EDGE('',*,*,#589,.F.);
#763=ORIENTED_EDGE('',*,*,#590,.F.);
#764=ORIENTED_EDGE('',*,*,#591,.F.);
#765=ORIENTED_EDGE('',*,*,#592,.T.);
#766=ORIENTED_EDGE('',*,*,#593,.F.);
#767=ORIENTED_EDGE('',*,*,#594,.T.);
#768=ORIENTED_EDGE('',*,*,#595,.F.);
#769=ORIENTED_EDGE('',*,*,#596,.F.);
#770=ORIENTED_EDGE('',*,*,#578,.F.);
#771=ORIENTED_EDGE('',*,*,#597,.F.);
#772=ORIENTED_EDGE('',*,*,#598,.F.);
#773=ORIENTED_EDGE('',*,*,#588,.F.);
#774=ORIENTED_EDGE('',*,*,#599,.T.);
#775=ORIENTED_EDGE('',*,*,#582,.F.);
#776=ORIENTED_EDGE('',*,*,#600,.T.);
#777=ORIENTED_EDGE('',*,*,#601,.F.);
#778=ORIENTED_EDGE('',*,*,#597,.T.);
#779=ORIENTED_EDGE('',*,*,#587,.F.);
#780=ORIENTED_EDGE('',*,*,#602,.F.);
#781=ORIENTED_EDGE('',*,*,#603,.F.);
#782=ORIENTED_EDGE('',*,*,#600,.F.);
#783=ORIENTED_EDGE('',*,*,#603,.T.);
#784=ORIENTED_EDGE('',*,*,#604,.T.);
#785=ORIENTED_EDGE('',*,*,#605,.T.);
#786=ORIENTED_EDGE('',*,*,#606,.T.);
#787=ORIENTED_EDGE('',*,*,#607,.T.);
#788=ORIENTED_EDGE('',*,*,#608,.T.);
#789=ORIENTED_EDGE('',*,*,#601,.T.);
#790=ORIENTED_EDGE('',*,*,#606,.F.);
#791=ORIENTED_EDGE('',*,*,#609,.T.);
#792=ORIENTED_EDGE('',*,*,#589,.T.);
#793=ORIENTED_EDGE('',*,*,#598,.T.);
#794=ORIENTED_EDGE('',*,*,#608,.F.);
#795=ORIENTED_EDGE('',*,*,#609,.F.);
#796=ORIENTED_EDGE('',*,*,#607,.F.);
#797=ORIENTED_EDGE('',*,*,#605,.F.);
#798=ORIENTED_EDGE('',*,*,#610,.F.);
#799=ORIENTED_EDGE('',*,*,#590,.T.);
#800=ORIENTED_EDGE('',*,*,#611,.T.);
#801=ORIENTED_EDGE('',*,*,#612,.T.);
#802=ORIENTED_EDGE('',*,*,#613,.T.);
#803=ORIENTED_EDGE('',*,*,#614,.T.);
#804=ORIENTED_EDGE('',*,*,#615,.T.);
#805=ORIENTED_EDGE('',*,*,#614,.F.);
#806=ORIENTED_EDGE('',*,*,#616,.T.);
#807=ORIENTED_EDGE('',*,*,#617,.T.);
#808=ORIENTED_EDGE('',*,*,#618,.T.);
#809=ORIENTED_EDGE('',*,*,#619,.T.);
#810=ORIENTED_EDGE('',*,*,#620,.T.);
#811=ORIENTED_EDGE('',*,*,#617,.F.);
#812=ORIENTED_EDGE('',*,*,#611,.F.);
#813=ORIENTED_EDGE('',*,*,#621,.F.);
#814=ORIENTED_EDGE('',*,*,#622,.F.);
#815=ORIENTED_EDGE('',*,*,#623,.F.);
#816=ORIENTED_EDGE('',*,*,#615,.F.);
#817=ORIENTED_EDGE('',*,*,#624,.T.);
#818=ORIENTED_EDGE('',*,*,#625,.F.);
#819=ORIENTED_EDGE('',*,*,#621,.T.);
#820=ORIENTED_EDGE('',*,*,#620,.F.);
#821=ORIENTED_EDGE('',*,*,#626,.F.);
#822=ORIENTED_EDGE('',*,*,#627,.F.);
#823=ORIENTED_EDGE('',*,*,#624,.F.);
#824=ORIENTED_EDGE('',*,*,#628,.T.);
#825=ORIENTED_EDGE('',*,*,#619,.F.);
#826=ORIENTED_EDGE('',*,*,#629,.F.);
#827=ORIENTED_EDGE('',*,*,#630,.T.);
#828=ORIENTED_EDGE('',*,*,#631,.F.);
#829=ORIENTED_EDGE('',*,*,#632,.T.);
#830=ORIENTED_EDGE('',*,*,#633,.F.);
#831=ORIENTED_EDGE('',*,*,#634,.T.);
#832=ORIENTED_EDGE('',*,*,#635,.F.);
#833=ORIENTED_EDGE('',*,*,#636,.F.);
#834=ORIENTED_EDGE('',*,*,#626,.T.);
#835=ORIENTED_EDGE('',*,*,#627,.T.);
#836=ORIENTED_EDGE('',*,*,#636,.T.);
#837=ORIENTED_EDGE('',*,*,#637,.T.);
#838=ORIENTED_EDGE('',*,*,#638,.T.);
#839=ORIENTED_EDGE('',*,*,#625,.T.);
#840=ORIENTED_EDGE('',*,*,#638,.F.);
#841=ORIENTED_EDGE('',*,*,#639,.T.);
#842=ORIENTED_EDGE('',*,*,#640,.T.);
#843=ORIENTED_EDGE('',*,*,#641,.T.);
#844=ORIENTED_EDGE('',*,*,#642,.T.);
#845=ORIENTED_EDGE('',*,*,#622,.T.);
#846=ORIENTED_EDGE('',*,*,#640,.F.);
#847=ORIENTED_EDGE('',*,*,#628,.F.);
#848=ORIENTED_EDGE('',*,*,#643,.T.);
#849=ORIENTED_EDGE('',*,*,#644,.T.);
#850=ORIENTED_EDGE('',*,*,#643,.F.);
#851=ORIENTED_EDGE('',*,*,#644,.F.);
#852=ORIENTED_EDGE('',*,*,#599,.F.);
#853=ORIENTED_EDGE('',*,*,#645,.T.);
#854=ORIENTED_EDGE('',*,*,#646,.T.);
#855=ORIENTED_EDGE('',*,*,#645,.F.);
#856=ORIENTED_EDGE('',*,*,#646,.F.);
#857=ORIENTED_EDGE('',*,*,#647,.T.);
#858=ORIENTED_EDGE('',*,*,#648,.T.);
#859=ORIENTED_EDGE('',*,*,#649,.T.);
#860=ORIENTED_EDGE('',*,*,#650,.T.);
#861=ORIENTED_EDGE('',*,*,#650,.F.);
#862=ORIENTED_EDGE('',*,*,#651,.F.);
#863=ORIENTED_EDGE('',*,*,#652,.F.);
#864=ORIENTED_EDGE('',*,*,#653,.T.);
#865=ORIENTED_EDGE('',*,*,#649,.F.);
#866=ORIENTED_EDGE('',*,*,#654,.F.);
#867=ORIENTED_EDGE('',*,*,#655,.F.);
#868=ORIENTED_EDGE('',*,*,#656,.F.);
#869=ORIENTED_EDGE('',*,*,#657,.F.);
#870=ORIENTED_EDGE('',*,*,#651,.T.);
#871=ORIENTED_EDGE('',*,*,#658,.T.);
#872=ORIENTED_EDGE('',*,*,#659,.T.);
#873=ORIENTED_EDGE('',*,*,#660,.T.);
#874=ORIENTED_EDGE('',*,*,#661,.T.);
#875=ORIENTED_EDGE('',*,*,#662,.T.);
#876=ORIENTED_EDGE('',*,*,#662,.F.);
#877=ORIENTED_EDGE('',*,*,#663,.F.);
#878=ORIENTED_EDGE('',*,*,#664,.F.);
#879=ORIENTED_EDGE('',*,*,#665,.T.);
#880=ORIENTED_EDGE('',*,*,#661,.F.);
#881=ORIENTED_EDGE('',*,*,#666,.F.);
#882=ORIENTED_EDGE('',*,*,#667,.F.);
#883=ORIENTED_EDGE('',*,*,#668,.F.);
#884=ORIENTED_EDGE('',*,*,#669,.F.);
#885=ORIENTED_EDGE('',*,*,#663,.T.);
#886=ORIENTED_EDGE('',*,*,#657,.T.);
#887=ORIENTED_EDGE('',*,*,#670,.T.);
#888=ORIENTED_EDGE('',*,*,#671,.T.);
#889=ORIENTED_EDGE('',*,*,#652,.T.);
#890=ORIENTED_EDGE('',*,*,#647,.F.);
#891=ORIENTED_EDGE('',*,*,#653,.F.);
#892=ORIENTED_EDGE('',*,*,#671,.F.);
#893=ORIENTED_EDGE('',*,*,#672,.F.);
#894=ORIENTED_EDGE('',*,*,#673,.T.);
#895=ORIENTED_EDGE('',*,*,#674,.F.);
#896=ORIENTED_EDGE('',*,*,#670,.F.);
#897=ORIENTED_EDGE('',*,*,#656,.T.);
#898=ORIENTED_EDGE('',*,*,#675,.F.);
#899=ORIENTED_EDGE('',*,*,#676,.F.);
#900=ORIENTED_EDGE('',*,*,#677,.F.);
#901=ORIENTED_EDGE('',*,*,#678,.F.);
#902=ORIENTED_EDGE('',*,*,#679,.F.);
#903=ORIENTED_EDGE('',*,*,#680,.T.);
#904=ORIENTED_EDGE('',*,*,#681,.F.);
#905=ORIENTED_EDGE('',*,*,#668,.T.);
#906=ORIENTED_EDGE('',*,*,#682,.T.);
#907=ORIENTED_EDGE('',*,*,#672,.T.);
#908=ORIENTED_EDGE('',*,*,#602,.T.);
#909=ORIENTED_EDGE('',*,*,#586,.F.);
#910=ORIENTED_EDGE('',*,*,#683,.T.);
#911=ORIENTED_EDGE('',*,*,#595,.T.);
#912=ORIENTED_EDGE('',*,*,#684,.T.);
#913=ORIENTED_EDGE('',*,*,#630,.F.);
#914=ORIENTED_EDGE('',*,*,#685,.T.);
#915=ORIENTED_EDGE('',*,*,#612,.F.);
#916=ORIENTED_EDGE('',*,*,#623,.T.);
#917=ORIENTED_EDGE('',*,*,#642,.F.);
#918=ORIENTED_EDGE('',*,*,#686,.T.);
#919=ORIENTED_EDGE('',*,*,#634,.F.);
#920=ORIENTED_EDGE('',*,*,#687,.T.);
#921=ORIENTED_EDGE('',*,*,#591,.T.);
#922=ORIENTED_EDGE('',*,*,#610,.T.);
#923=ORIENTED_EDGE('',*,*,#604,.F.);
#924=ORIENTED_EDGE('',*,*,#669,.T.);
#925=ORIENTED_EDGE('',*,*,#681,.T.);
#926=ORIENTED_EDGE('',*,*,#688,.T.);
#927=ORIENTED_EDGE('',*,*,#664,.T.);
#928=ORIENTED_EDGE('',*,*,#689,.F.);
#929=ORIENTED_EDGE('',*,*,#690,.F.);
#930=ORIENTED_EDGE('',*,*,#691,.T.);
#931=ORIENTED_EDGE('',*,*,#692,.T.);
#932=ORIENTED_EDGE('',*,*,#693,.F.);
#933=ORIENTED_EDGE('',*,*,#692,.F.);
#934=ORIENTED_EDGE('',*,*,#694,.T.);
#935=ORIENTED_EDGE('',*,*,#695,.T.);
#936=ORIENTED_EDGE('',*,*,#696,.F.);
#937=ORIENTED_EDGE('',*,*,#695,.F.);
#938=ORIENTED_EDGE('',*,*,#697,.T.);
#939=ORIENTED_EDGE('',*,*,#698,.T.);
#940=ORIENTED_EDGE('',*,*,#699,.F.);
#941=ORIENTED_EDGE('',*,*,#698,.F.);
#942=ORIENTED_EDGE('',*,*,#700,.T.);
#943=ORIENTED_EDGE('',*,*,#701,.T.);
#944=ORIENTED_EDGE('',*,*,#702,.F.);
#945=ORIENTED_EDGE('',*,*,#701,.F.);
#946=ORIENTED_EDGE('',*,*,#703,.T.);
#947=ORIENTED_EDGE('',*,*,#704,.T.);
#948=ORIENTED_EDGE('',*,*,#705,.F.);
#949=ORIENTED_EDGE('',*,*,#704,.F.);
#950=ORIENTED_EDGE('',*,*,#706,.T.);
#951=ORIENTED_EDGE('',*,*,#690,.T.);
#952=ORIENTED_EDGE('',*,*,#697,.F.);
#953=ORIENTED_EDGE('',*,*,#694,.F.);
#954=ORIENTED_EDGE('',*,*,#691,.F.);
#955=ORIENTED_EDGE('',*,*,#706,.F.);
#956=ORIENTED_EDGE('',*,*,#703,.F.);
#957=ORIENTED_EDGE('',*,*,#700,.F.);
#958=ORIENTED_EDGE('',*,*,#707,.F.);
#959=ORIENTED_EDGE('',*,*,#708,.F.);
#960=ORIENTED_EDGE('',*,*,#709,.T.);
#961=ORIENTED_EDGE('',*,*,#710,.F.);
#962=ORIENTED_EDGE('',*,*,#711,.F.);
#963=ORIENTED_EDGE('',*,*,#709,.F.);
#964=ORIENTED_EDGE('',*,*,#708,.T.);
#965=ORIENTED_EDGE('',*,*,#712,.F.);
#966=ORIENTED_EDGE('',*,*,#658,.F.);
#967=ORIENTED_EDGE('',*,*,#713,.T.);
#968=ORIENTED_EDGE('',*,*,#712,.T.);
#969=ORIENTED_EDGE('',*,*,#713,.F.);
#970=ORIENTED_EDGE('',*,*,#707,.T.);
#971=ORIENTED_EDGE('',*,*,#714,.T.);
#972=ORIENTED_EDGE('',*,*,#715,.F.);
#973=ORIENTED_EDGE('',*,*,#714,.F.);
#974=ORIENTED_EDGE('',*,*,#716,.F.);
#975=ORIENTED_EDGE('',*,*,#717,.T.);
#976=ORIENTED_EDGE('',*,*,#718,.T.);
#977=ORIENTED_EDGE('',*,*,#719,.T.);
#978=ORIENTED_EDGE('',*,*,#717,.F.);
#979=ORIENTED_EDGE('',*,*,#720,.T.);
#980=ORIENTED_EDGE('',*,*,#593,.T.);
#981=ORIENTED_EDGE('',*,*,#721,.T.);
#982=ORIENTED_EDGE('',*,*,#632,.F.);
#983=ORIENTED_EDGE('',*,*,#722,.T.);
#984=ORIENTED_EDGE('',*,*,#723,.F.);
#985=ORIENTED_EDGE('',*,*,#724,.F.);
#986=ORIENTED_EDGE('',*,*,#725,.F.);
#987=ORIENTED_EDGE('',*,*,#726,.T.);
#988=ORIENTED_EDGE('',*,*,#727,.T.);
#989=ORIENTED_EDGE('',*,*,#723,.T.);
#990=ORIENTED_EDGE('',*,*,#726,.F.);
#991=ORIENTED_EDGE('',*,*,#728,.T.);
#992=ORIENTED_EDGE('',*,*,#729,.F.);
#993=ORIENTED_EDGE('',*,*,#730,.F.);
#994=ORIENTED_EDGE('',*,*,#580,.F.);
#995=ORIENTED_EDGE('',*,*,#596,.T.);
#996=ORIENTED_EDGE('',*,*,#683,.F.);
#997=ORIENTED_EDGE('',*,*,#585,.F.);
#998=ORIENTED_EDGE('',*,*,#583,.F.);
#999=ORIENTED_EDGE('',*,*,#637,.F.);
#1000=ORIENTED_EDGE('',*,*,#635,.T.);
#1001=ORIENTED_EDGE('',*,*,#686,.F.);
#1002=ORIENTED_EDGE('',*,*,#641,.F.);
#1003=ORIENTED_EDGE('',*,*,#639,.F.);
#1004=ORIENTED_EDGE('',*,*,#682,.F.);
#1005=ORIENTED_EDGE('',*,*,#667,.T.);
#1006=ORIENTED_EDGE('',*,*,#731,.F.);
#1007=ORIENTED_EDGE('',*,*,#673,.F.);
#1008=ORIENTED_EDGE('',*,*,#659,.F.);
#1009=ORIENTED_EDGE('',*,*,#665,.F.);
#1010=ORIENTED_EDGE('',*,*,#688,.F.);
#1011=ORIENTED_EDGE('',*,*,#680,.F.);
#1012=ORIENTED_EDGE('',*,*,#732,.F.);
#1013=ORIENTED_EDGE('',*,*,#733,.F.);
#1014=ORIENTED_EDGE('',*,*,#715,.T.);
#1015=ORIENTED_EDGE('',*,*,#655,.T.);
#1016=ORIENTED_EDGE('',*,*,#734,.T.);
#1017=ORIENTED_EDGE('',*,*,#735,.T.);
#1018=ORIENTED_EDGE('',*,*,#675,.T.);
#1019=ORIENTED_EDGE('',*,*,#613,.F.);
#1020=ORIENTED_EDGE('',*,*,#685,.F.);
#1021=ORIENTED_EDGE('',*,*,#629,.T.);
#1022=ORIENTED_EDGE('',*,*,#618,.F.);
#1023=ORIENTED_EDGE('',*,*,#616,.F.);
#1024=ORIENTED_EDGE('',*,*,#716,.T.);
#1025=ORIENTED_EDGE('',*,*,#736,.F.);
#1026=ORIENTED_EDGE('',*,*,#737,.F.);
#1027=ORIENTED_EDGE('',*,*,#728,.F.);
#1028=ORIENTED_EDGE('',*,*,#725,.T.);
#1029=ORIENTED_EDGE('',*,*,#722,.F.);
#1030=ORIENTED_EDGE('',*,*,#631,.T.);
#1031=ORIENTED_EDGE('',*,*,#684,.F.);
#1032=ORIENTED_EDGE('',*,*,#594,.F.);
#1033=ORIENTED_EDGE('',*,*,#720,.F.);
#1034=ORIENTED_EDGE('',*,*,#633,.T.);
#1035=ORIENTED_EDGE('',*,*,#721,.F.);
#1036=ORIENTED_EDGE('',*,*,#592,.F.);
#1037=ORIENTED_EDGE('',*,*,#687,.F.);
#1038=ORIENTED_EDGE('',*,*,#719,.F.);
#1039=ORIENTED_EDGE('',*,*,#738,.F.);
#1040=ORIENTED_EDGE('',*,*,#739,.F.);
#1041=ORIENTED_EDGE('',*,*,#736,.T.);
#1042=ORIENTED_EDGE('',*,*,#738,.T.);
#1043=ORIENTED_EDGE('',*,*,#718,.F.);
#1044=ORIENTED_EDGE('',*,*,#724,.T.);
#1045=ORIENTED_EDGE('',*,*,#727,.F.);
#1046=ORIENTED_EDGE('',*,*,#730,.T.);
#1047=ORIENTED_EDGE('',*,*,#740,.F.);
#1048=ORIENTED_EDGE('',*,*,#741,.F.);
#1049=ORIENTED_EDGE('',*,*,#676,.T.);
#1050=ORIENTED_EDGE('',*,*,#735,.F.);
#1051=ORIENTED_EDGE('',*,*,#742,.F.);
#1052=ORIENTED_EDGE('',*,*,#710,.T.);
#1053=ORIENTED_EDGE('',*,*,#711,.T.);
#1054=ORIENTED_EDGE('',*,*,#743,.F.);
#1055=ORIENTED_EDGE('',*,*,#744,.F.);
#1056=ORIENTED_EDGE('',*,*,#745,.F.);
#1057=ORIENTED_EDGE('',*,*,#678,.T.);
#1058=ORIENTED_EDGE('',*,*,#699,.T.);
#1059=ORIENTED_EDGE('',*,*,#702,.T.);
#1060=ORIENTED_EDGE('',*,*,#705,.T.);
#1061=ORIENTED_EDGE('',*,*,#689,.T.);
#1062=ORIENTED_EDGE('',*,*,#693,.T.);
#1063=ORIENTED_EDGE('',*,*,#696,.T.);
#1064=ORIENTED_EDGE('',*,*,#732,.T.);
#1065=ORIENTED_EDGE('',*,*,#679,.T.);
#1066=ORIENTED_EDGE('',*,*,#745,.T.);
#1067=ORIENTED_EDGE('',*,*,#746,.T.);
#1068=ORIENTED_EDGE('',*,*,#648,.F.);
#1069=ORIENTED_EDGE('',*,*,#674,.T.);
#1070=ORIENTED_EDGE('',*,*,#731,.T.);
#1071=ORIENTED_EDGE('',*,*,#666,.T.);
#1072=ORIENTED_EDGE('',*,*,#660,.F.);
#1073=ORIENTED_EDGE('',*,*,#733,.T.);
#1074=ORIENTED_EDGE('',*,*,#746,.F.);
#1075=ORIENTED_EDGE('',*,*,#744,.T.);
#1076=ORIENTED_EDGE('',*,*,#747,.T.);
#1077=ORIENTED_EDGE('',*,*,#740,.T.);
#1078=ORIENTED_EDGE('',*,*,#729,.T.);
#1079=ORIENTED_EDGE('',*,*,#737,.T.);
#1080=ORIENTED_EDGE('',*,*,#739,.T.);
#1081=ORIENTED_EDGE('',*,*,#742,.T.);
#1082=ORIENTED_EDGE('',*,*,#734,.F.);
#1083=ORIENTED_EDGE('',*,*,#654,.T.);
#1084=ORIENTED_EDGE('',*,*,#743,.T.);
#1085=ORIENTED_EDGE('',*,*,#677,.T.);
#1086=ORIENTED_EDGE('',*,*,#741,.T.);
#1087=ORIENTED_EDGE('',*,*,#747,.F.);
#1088=PLANE('',#1217);
#1089=PLANE('',#1218);
#1090=PLANE('',#1219);
#1091=PLANE('',#1220);
#1092=PLANE('',#1221);
#1093=PLANE('',#1223);
#1094=PLANE('',#1224);
#1095=PLANE('',#1225);
#1096=PLANE('',#1226);
#1097=PLANE('',#1227);
#1098=PLANE('',#1228);
#1099=PLANE('',#1229);
#1100=PLANE('',#1230);
#1101=PLANE('',#1231);
#1102=PLANE('',#1232);
#1103=PLANE('',#1233);
#1104=PLANE('',#1234);
#1105=PLANE('',#1236);
#1106=PLANE('',#1237);
#1107=PLANE('',#1238);
#1108=PLANE('',#1239);
#1109=PLANE('',#1242);
#1110=PLANE('',#1245);
#1111=PLANE('',#1251);
#1112=PLANE('',#1258);
#1113=PLANE('',#1261);
#1114=PLANE('',#1262);
#1115=PLANE('',#1265);
#1116=PLANE('',#1266);
#1117=PLANE('',#1267);
#1118=PLANE('',#1268);
#1119=PLANE('',#1269);
#1120=PLANE('',#1270);
#1121=PLANE('',#1271);
#1122=PLANE('',#1275);
#1123=PLANE('',#1280);
#1124=PLANE('',#1281);
#1125=PLANE('',#1282);
#1126=PLANE('',#1283);
#1127=PLANE('',#1284);
#1128=PLANE('',#1285);
#1129=PLANE('',#1286);
#1130=PLANE('',#1287);
#1131=PLANE('',#1288);
#1132=PLANE('',#1289);
#1133=PLANE('',#1290);
#1134=PLANE('',#1291);
#1135=PLANE('',#1292);
#1136=PLANE('',#1293);
#1137=PLANE('',#1294);
#1138=PLANE('',#1295);
#1139=ADVANCED_FACE('',(#84),#1088,.T.);
#1140=ADVANCED_FACE('',(#85),#1089,.T.);
#1141=ADVANCED_FACE('',(#86),#1090,.T.);
#1142=ADVANCED_FACE('',(#87),#1091,.F.);
#1143=ADVANCED_FACE('',(#88,#58),#1092,.T.);
#1144=ADVANCED_FACE('',(#89),#1093,.T.);
#1145=ADVANCED_FACE('',(#90),#1094,.T.);
#1146=ADVANCED_FACE('',(#91),#1095,.T.);
#1147=ADVANCED_FACE('',(#92),#1096,.T.);
#1148=ADVANCED_FACE('',(#93),#1097,.T.);
#1149=ADVANCED_FACE('',(#94),#1098,.T.);
#1150=ADVANCED_FACE('',(#95),#1099,.T.);
#1151=ADVANCED_FACE('',(#96),#1100,.T.);
#1152=ADVANCED_FACE('',(#97),#1101,.T.);
#1153=ADVANCED_FACE('',(#98),#1102,.T.);
#1154=ADVANCED_FACE('',(#99),#1103,.T.);
#1155=ADVANCED_FACE('',(#100,#59),#1104,.T.);
#1156=ADVANCED_FACE('',(#101),#1105,.T.);
#1157=ADVANCED_FACE('',(#102),#1106,.T.);
#1158=ADVANCED_FACE('',(#103),#1107,.T.);
#1159=ADVANCED_FACE('',(#104),#1108,.T.);
#1160=ADVANCED_FACE('',(#105),#51,.F.);
#1161=ADVANCED_FACE('',(#106),#1109,.T.);
#1162=ADVANCED_FACE('',(#107),#52,.F.);
#1163=ADVANCED_FACE('',(#108),#1110,.T.);
#1164=ADVANCED_FACE('',(#109),#47,.F.);
#1165=ADVANCED_FACE('',(#110),#53,.F.);
#1166=ADVANCED_FACE('',(#111,#60),#1111,.F.);
#1167=ADVANCED_FACE('',(#112),#48,.F.);
#1168=ADVANCED_FACE('',(#113),#54,.F.);
#1169=ADVANCED_FACE('',(#114),#1112,.F.);
#1170=ADVANCED_FACE('',(#115),#49,.F.);
#1171=ADVANCED_FACE('',(#116),#1113,.F.);
#1172=ADVANCED_FACE('',(#117,#61),#1114,.F.);
#1173=ADVANCED_FACE('',(#118),#50,.F.);
#1174=ADVANCED_FACE('',(#119),#1115,.F.);
#1175=ADVANCED_FACE('',(#120),#1116,.F.);
#1176=ADVANCED_FACE('',(#121),#1117,.F.);
#1177=ADVANCED_FACE('',(#122),#1118,.F.);
#1178=ADVANCED_FACE('',(#123),#1119,.F.);
#1179=ADVANCED_FACE('',(#124),#1120,.F.);
#1180=ADVANCED_FACE('',(#125,#62),#1121,.F.);
#1181=ADVANCED_FACE('',(#126),#55,.F.);
#1182=ADVANCED_FACE('',(#127,#63),#1122,.T.);
#1183=ADVANCED_FACE('',(#128),#56,.F.);
#1184=ADVANCED_FACE('',(#129),#57,.F.);
#1185=ADVANCED_FACE('',(#130),#1123,.T.);
#1186=ADVANCED_FACE('',(#131),#1124,.F.);
#1187=ADVANCED_FACE('',(#132),#1125,.T.);
#1188=ADVANCED_FACE('',(#133),#1126,.F.);
#1189=ADVANCED_FACE('',(#134),#1127,.T.);
#1190=ADVANCED_FACE('',(#135),#1128,.T.);
#1191=ADVANCED_FACE('',(#136),#1129,.F.);
#1192=ADVANCED_FACE('',(#137,#64),#1130,.F.);
#1193=ADVANCED_FACE('',(#138),#1131,.T.);
#1194=ADVANCED_FACE('',(#139),#1132,.T.);
#1195=ADVANCED_FACE('',(#140),#1133,.F.);
#1196=ADVANCED_FACE('',(#141),#1134,.F.);
#1197=ADVANCED_FACE('',(#142),#1135,.F.);
#1198=ADVANCED_FACE('',(#143,#65),#15,.T.);
#1199=ADVANCED_FACE('',(#144,#66),#16,.T.);
#1200=ADVANCED_FACE('',(#145),#1136,.T.);
#1201=ADVANCED_FACE('',(#146),#1137,.T.);
#1202=ADVANCED_FACE('',(#147),#1138,.T.);
#1203=CLOSED_SHELL('',(#1139,#1140,#1141,#1142,#1143,#1144,#1145,#1146,
#1147,#1148,#1149,#1150,#1151,#1152,#1153,#1154,#1155,#1156,#1157,#1158,
#1159,#1160,#1161,#1162,#1163,#1164,#1165,#1166,#1167,#1168,#1169,#1170,
#1171,#1172,#1173,#1174,#1175,#1176,#1177,#1178,#1179,#1180,#1181,#1182,
#1183,#1184,#1185,#1186,#1187,#1188,#1189,#1190,#1191,#1192,#1193,#1194,
#1195,#1196,#1197,#1198,#1199,#1200,#1201,#1202));
#1204=DERIVED_UNIT_ELEMENT(#1206,1.);
#1205=DERIVED_UNIT_ELEMENT(#2322,-3.);
#1206=(
MASS_UNIT()
NAMED_UNIT(*)
SI_UNIT(.KILO.,.GRAM.)
);
#1207=DERIVED_UNIT((#1204,#1205));
#1208=MEASURE_REPRESENTATION_ITEM('density measure',
POSITIVE_RATIO_MEASURE(7850.),#1207);
#1209=PROPERTY_DEFINITION_REPRESENTATION(#1214,#1211);
#1210=PROPERTY_DEFINITION_REPRESENTATION(#1215,#1212);
#1211=REPRESENTATION('material name',(#1213),#2319);
#1212=REPRESENTATION('density',(#1208),#2319);
#1213=DESCRIPTIVE_REPRESENTATION_ITEM('Steel','Steel');
#1214=PROPERTY_DEFINITION('material property','material name',#2329);
#1215=PROPERTY_DEFINITION('material property','density of part',#2329);
#1216=AXIS2_PLACEMENT_3D('',#1579,#1296,#1297);
#1217=AXIS2_PLACEMENT_3D('',#1580,#1298,#1299);
#1218=AXIS2_PLACEMENT_3D('',#1589,#1304,#1305);
#1219=AXIS2_PLACEMENT_3D('',#1595,#1309,#1310);
#1220=AXIS2_PLACEMENT_3D('',#1601,#1314,#1315);
#1221=AXIS2_PLACEMENT_3D('',#1619,#1325,#1326);
#1222=AXIS2_PLACEMENT_3D('',#1624,#1329,#1330);
#1223=AXIS2_PLACEMENT_3D('',#1625,#1331,#1332);
#1224=AXIS2_PLACEMENT_3D('',#1629,#1335,#1336);
#1225=AXIS2_PLACEMENT_3D('',#1633,#1339,#1340);
#1226=AXIS2_PLACEMENT_3D('',#1639,#1344,#1345);
#1227=AXIS2_PLACEMENT_3D('',#1643,#1348,#1349);
#1228=AXIS2_PLACEMENT_3D('',#1645,#1351,#1352);
#1229=AXIS2_PLACEMENT_3D('',#1647,#1354,#1355);
#1230=AXIS2_PLACEMENT_3D('',#1656,#1360,#1361);
#1231=AXIS2_PLACEMENT_3D('',#1662,#1365,#1366);
#1232=AXIS2_PLACEMENT_3D('',#1668,#1370,#1371);
#1233=AXIS2_PLACEMENT_3D('',#1674,#1375,#1376);
#1234=AXIS2_PLACEMENT_3D('',#1678,#1379,#1380);
#1235=AXIS2_PLACEMENT_3D('',#1683,#1383,#1384);
#1236=AXIS2_PLACEMENT_3D('',#1684,#1385,#1386);
#1237=AXIS2_PLACEMENT_3D('',#1700,#1395,#1396);
#1238=AXIS2_PLACEMENT_3D('',#1704,#1399,#1400);
#1239=AXIS2_PLACEMENT_3D('',#1708,#1403,#1404);
#1240=AXIS2_PLACEMENT_3D('',#1712,#1407,#1408);
#1241=AXIS2_PLACEMENT_3D('',#1715,#1410,#1411);
#1242=AXIS2_PLACEMENT_3D('',#1716,#1412,#1413);
#1243=AXIS2_PLACEMENT_3D('',#1717,#1414,#1415);
#1244=AXIS2_PLACEMENT_3D('',#1720,#1417,#1418);
#1245=AXIS2_PLACEMENT_3D('',#1721,#1419,#1420);
#1246=AXIS2_PLACEMENT_3D('',#1722,#1421,#1422);
#1247=AXIS2_PLACEMENT_3D('',#1729,#1423,#1424);
#1248=AXIS2_PLACEMENT_3D('',#1734,#1425,#1426);
#1249=AXIS2_PLACEMENT_3D('',#1735,#1427,#1428);
#1250=AXIS2_PLACEMENT_3D('',#1739,#1430,#1431);
#1251=AXIS2_PLACEMENT_3D('',#1741,#1433,#1434);
#1252=AXIS2_PLACEMENT_3D('',#1752,#1438,#1439);
#1253=AXIS2_PLACEMENT_3D('',#1753,#1440,#1441);
#1254=AXIS2_PLACEMENT_3D('',#1760,#1442,#1443);
#1255=AXIS2_PLACEMENT_3D('',#1765,#1444,#1445);
#1256=AXIS2_PLACEMENT_3D('',#1766,#1446,#1447);
#1257=AXIS2_PLACEMENT_3D('',#1770,#1449,#1450);
#1258=AXIS2_PLACEMENT_3D('',#1772,#1452,#1453);
#1259=AXIS2_PLACEMENT_3D('',#1782,#1457,#1458);
#1260=AXIS2_PLACEMENT_3D('',#1784,#1459,#1460);
#1261=AXIS2_PLACEMENT_3D('',#1788,#1461,#1462);
#1262=AXIS2_PLACEMENT_3D('',#1794,#1466,#1467);
#1263=AXIS2_PLACEMENT_3D('',#1867,#1472,#1473);
#1264=AXIS2_PLACEMENT_3D('',#1874,#1480,#1481);
#1265=AXIS2_PLACEMENT_3D('',#1878,#1482,#1483);
#1266=AXIS2_PLACEMENT_3D('',#1890,#1487,#1488);
#1267=AXIS2_PLACEMENT_3D('',#1899,#1491,#1492);
#1268=AXIS2_PLACEMENT_3D('',#1908,#1495,#1496);
#1269=AXIS2_PLACEMENT_3D('',#1920,#1499,#1500);
#1270=AXIS2_PLACEMENT_3D('',#1929,#1503,#1504);
#1271=AXIS2_PLACEMENT_3D('',#1935,#1506,#1507);
#1272=AXIS2_PLACEMENT_3D('',#1937,#1508,#1509);
#1273=AXIS2_PLACEMENT_3D('',#1938,#1510,#1511);
#1274=AXIS2_PLACEMENT_3D('',#1940,#1512,#1513);
#1275=AXIS2_PLACEMENT_3D('',#2011,#1515,#1516);
#1276=AXIS2_PLACEMENT_3D('',#2013,#1517,#1518);
#1277=AXIS2_PLACEMENT_3D('',#2014,#1519,#1520);
#1278=AXIS2_PLACEMENT_3D('',#2016,#1522,#1523);
#1279=AXIS2_PLACEMENT_3D('',#2019,#1525,#1526);
#1280=AXIS2_PLACEMENT_3D('',#2020,#1527,#1528);
#1281=AXIS2_PLACEMENT_3D('',#2032,#1532,#1533);
#1282=AXIS2_PLACEMENT_3D('',#2047,#1538,#1539);
#1283=AXIS2_PLACEMENT_3D('',#2056,#1542,#1543);
#1284=AXIS2_PLACEMENT_3D('',#2068,#1546,#1547);
#1285=AXIS2_PLACEMENT_3D('',#2069,#1548,#1549);
#1286=AXIS2_PLACEMENT_3D('',#2070,#1550,#1551);
#1287=AXIS2_PLACEMENT_3D('',#2072,#1553,#1554);
#1288=AXIS2_PLACEMENT_3D('',#2076,#1557,#1558);
#1289=AXIS2_PLACEMENT_3D('',#2083,#1560,#1561);
#1290=AXIS2_PLACEMENT_3D('',#2084,#1562,#1563);
#1291=AXIS2_PLACEMENT_3D('',#2088,#1566,#1567);
#1292=AXIS2_PLACEMENT_3D('',#2089,#1568,#1569);
#1293=AXIS2_PLACEMENT_3D('',#2312,#1571,#1572);
#1294=AXIS2_PLACEMENT_3D('',#2314,#1574,#1575);
#1295=AXIS2_PLACEMENT_3D('',#2316,#1577,#1578);
#1296=DIRECTION('axis',(0.,0.,1.));
#1297=DIRECTION('refdir',(1.,0.,0.));
#1298=DIRECTION('center_axis',(-0.707106781186555,0.,-0.70710678118654));
#1299=DIRECTION('ref_axis',(-0.70710678118654,0.,0.707106781186555));
#1300=DIRECTION('',(0.,1.,0.));
#1301=DIRECTION('',(0.707106585361241,-0.000744229473010448,-0.707106585361257));
#1302=DIRECTION('',(0.,-1.,0.));
#1303=DIRECTION('',(-0.678598344545839,-0.281084637714825,0.678598344545854));
#1304=DIRECTION('center_axis',(-0.500000000000004,-0.500000000000006,-0.70710678118654));
#1305=DIRECTION('ref_axis',(-0.816496580927721,0.,0.577350269189633));
#1306=DIRECTION('',(-0.707106781186549,0.707106781186546,0.));
#1307=DIRECTION('',(0.707106781186549,-0.707106781186546,0.));
#1308=DIRECTION('',(-0.281084637714809,-0.678598344545849,0.678598344545849));
#1309=DIRECTION('center_axis',(0.,-0.707106781186548,-0.707106781186547));
#1310=DIRECTION('ref_axis',(-1.,0.,0.));
#1311=DIRECTION('',(1.,0.,0.));
#1312=DIRECTION('',(5.57087083655284E-17,0.707106781186547,-0.707106781186548));
#1313=DIRECTION('',(-1.,0.,0.));
#1314=DIRECTION('center_axis',(-0.00105249912277141,-0.999999446122645,
0.));
#1315=DIRECTION('ref_axis',(0.999999446122645,-0.00105249912277141,0.));
#1316=DIRECTION('',(0.,0.,1.));
#1317=DIRECTION('',(-0.707106585361241,0.000744229473010448,-0.707106585361257));
#1318=DIRECTION('',(0.999999446122645,-0.00105249912277141,0.));
#1319=DIRECTION('',(7.43030057227736E-17,-7.82038916578631E-20,-1.));
#1320=DIRECTION('',(0.999999446122645,-0.00105249912277141,0.));
#1321=DIRECTION('',(0.,0.,1.));
#1322=DIRECTION('',(-0.999999446122645,0.00105249912277141,0.));
#1323=DIRECTION('',(7.43030057227736E-17,-7.82038916578631E-20,-1.));
#1324=DIRECTION('',(-0.999999446122645,0.00105249912277141,0.));
#1325=DIRECTION('center_axis',(-1.,0.,0.));
#1326=DIRECTION('ref_axis',(0.,-1.,0.));
#1327=DIRECTION('',(0.,0.,-1.));
#1328=DIRECTION('',(0.,-1.,0.));
#1329=DIRECTION('center_axis',(1.,0.,0.));
#1330=DIRECTION('ref_axis',(0.,-1.,0.));
#1331=DIRECTION('center_axis',(-0.707106781186546,-0.707106781186549,0.));
#1332=DIRECTION('ref_axis',(0.,0.,1.));
#1333=DIRECTION('',(0.,0.,1.));
#1334=DIRECTION('',(0.707106781186549,-0.707106781186546,0.));
#1335=DIRECTION('center_axis',(0.,-1.,0.));
#1336=DIRECTION('ref_axis',(1.,0.,0.));
#1337=DIRECTION('',(-7.43030057227736E-17,0.,1.));
#1338=DIRECTION('',(1.,0.,0.));
#1339=DIRECTION('center_axis',(0.,-0.707106781186548,0.707106781186547));
#1340=DIRECTION('ref_axis',(1.,0.,0.));
#1341=DIRECTION('',(4.93716100527037E-17,-0.707106781186547,-0.707106781186548));
#1342=DIRECTION('',(-1.,0.,0.));
#1343=DIRECTION('',(-0.28108463771481,-0.678598344545848,-0.67859834454585));
#1344=DIRECTION('center_axis',(-0.500000000000004,-0.500000000000006,0.70710678118654));
#1345=DIRECTION('ref_axis',(0.816496580927721,0.,0.577350269189633));
#1346=DIRECTION('',(-0.707106781186549,0.707106781186546,0.));
#1347=DIRECTION('',(-0.678598344545839,-0.281084637714825,-0.678598344545854));
#1348=DIRECTION('center_axis',(-0.707106781186555,0.,0.70710678118654));
#1349=DIRECTION('ref_axis',(0.70710678118654,0.,0.707106781186555));
#1350=DIRECTION('',(0.,1.,0.));
#1351=DIRECTION('center_axis',(0.,0.,1.));
#1352=DIRECTION('ref_axis',(1.,0.,0.));
#1353=DIRECTION('',(4.48100519004421E-18,1.,0.));
#1354=DIRECTION('center_axis',(8.68600100085156E-16,0.70710678118654,-0.707106781186555));
#1355=DIRECTION('ref_axis',(-1.,0.,-1.22838604181904E-15));
#1356=DIRECTION('',(1.,-1.22838604181907E-15,0.));
#1357=DIRECTION('',(-4.93716100527031E-17,0.707106781186555,0.70710678118654));
#1358=DIRECTION('',(-1.,1.22838604181907E-15,0.));
#1359=DIRECTION('',(-0.281084646565184,0.678598342712884,0.678598342712869));
#1360=DIRECTION('center_axis',(-0.500000012087234,0.49999998791278,-0.707106781186538));
#1361=DIRECTION('ref_axis',(-0.816496574348266,0.,0.577350278494388));
#1362=DIRECTION('',(0.707106764092627,0.707106798280467,0.));
#1363=DIRECTION('',(-0.707106764092627,-0.707106798280467,0.));
#1364=DIRECTION('',(-0.678598356302999,0.281084613755731,0.678598342712874));
#1365=DIRECTION('center_axis',(-0.707106781186554,-3.41878541823012E-8,
-0.70710678118654));
#1366=DIRECTION('ref_axis',(-0.70710678118654,0.,0.707106781186555));
#1367=DIRECTION('',(4.83489270530436E-8,-0.999999999999999,0.));
#1368=DIRECTION('',(-0.70710678118654,7.75354300584562E-16,0.707106781186555));
#1369=DIRECTION('',(-4.83489270530436E-8,0.999999999999999,0.));
#1370=DIRECTION('center_axis',(1.22838604181907E-15,1.,0.));
#1371=DIRECTION('ref_axis',(-1.,1.22838604181907E-15,0.));
#1372=DIRECTION('',(0.,0.,-1.));
#1373=DIRECTION('',(-1.,1.22838604181907E-15,0.));
#1374=DIRECTION('',(7.43030057227736E-17,-9.12727750950575E-32,-1.));
#1375=DIRECTION('center_axis',(-0.707106798280467,0.707106764092627,0.));
#1376=DIRECTION('ref_axis',(0.,0.,1.));
#1377=DIRECTION('',(0.,0.,1.));
#1378=DIRECTION('',(-0.707106764092627,-0.707106798280467,0.));
#1379=DIRECTION('center_axis',(-0.999999999999999,-4.83489270530436E-8,
0.));
#1380=DIRECTION('ref_axis',(4.83489270530436E-8,-0.999999999999999,0.));
#1381=DIRECTION('',(0.,0.,-1.));
#1382=DIRECTION('',(4.83489270530436E-8,-0.999999999999999,0.));
#1383=DIRECTION('center_axis',(0.999999999999999,4.83489270530436E-8,0.));
#1384=DIRECTION('ref_axis',(4.83489270530436E-8,-0.999999999999999,0.));
#1385=DIRECTION('center_axis',(-1.096516567531E-15,-1.,0.));
#1386=DIRECTION('ref_axis',(1.,-1.096516567531E-15,0.));
#1387=DIRECTION('',(-1.,1.096516567531E-15,0.));
#1388=DIRECTION('',(7.43030057227736E-17,-8.14744767923722E-32,-1.));
#1389=DIRECTION('',(-1.,1.096516567531E-15,0.));
#1390=DIRECTION('',(0.,0.,1.));
#1391=DIRECTION('',(1.,-1.096516567531E-15,0.));
#1392=DIRECTION('',(7.43030057227736E-17,-8.14744767923722E-32,-1.));
#1393=DIRECTION('',(1.,-1.096516567531E-15,0.));
#1394=DIRECTION('',(0.70710678118654,-7.75354300584562E-16,0.707106781186555));
#1395=DIRECTION('center_axis',(-0.707106781186554,-3.41878541823012E-8,
0.70710678118654));
#1396=DIRECTION('ref_axis',(0.70710678118654,0.,0.707106781186555));
#1397=DIRECTION('',(-4.83489270530436E-8,0.999999999999999,0.));
#1398=DIRECTION('',(-0.678598356302999,0.281084613755731,-0.678598342712874));
#1399=DIRECTION('center_axis',(-0.500000012087234,0.49999998791278,0.707106781186538));
#1400=DIRECTION('ref_axis',(0.816496574348266,0.,0.577350278494388));
#1401=DIRECTION('',(0.707106764092627,0.707106798280467,0.));
#1402=DIRECTION('',(-0.281084646565184,0.678598342712884,-0.678598342712869));
#1403=DIRECTION('center_axis',(8.68600100085156E-16,0.70710678118654,0.707106781186555));
#1404=DIRECTION('ref_axis',(1.,0.,-1.22838604181904E-15));
#1405=DIRECTION('',(1.,-1.22838604181907E-15,0.));
#1406=DIRECTION('',(-5.57087083655279E-17,-0.707106781186555,0.70710678118654));
#1407=DIRECTION('center_axis',(1.,0.,0.));
#1408=DIRECTION('ref_axis',(0.,-1.,0.));
#1409=DIRECTION('',(1.,0.,0.));
#1410=DIRECTION('center_axis',(1.,0.,0.));
#1411=DIRECTION('ref_axis',(0.,-1.,0.));
#1412=DIRECTION('center_axis',(-1.,0.,0.));
#1413=DIRECTION('ref_axis',(0.,-1.,0.));
#1414=DIRECTION('center_axis',(1.,0.,0.));
#1415=DIRECTION('ref_axis',(0.,-1.,0.));
#1416=DIRECTION('',(1.,0.,0.));
#1417=DIRECTION('center_axis',(1.,0.,0.));
#1418=DIRECTION('ref_axis',(0.,-1.,0.));
#1419=DIRECTION('center_axis',(-1.,0.,0.));
#1420=DIRECTION('ref_axis',(0.,-1.,0.));
#1421=DIRECTION('center_axis',(1.,0.,0.));
#1422=DIRECTION('ref_axis',(0.,1.,0.));
#1423=DIRECTION('center_axis',(1.,0.,0.));
#1424=DIRECTION('ref_axis',(0.,1.,0.));
#1425=DIRECTION('center_axis',(-1.,0.,0.));
#1426=DIRECTION('ref_axis',(0.,1.,0.));
#1427=DIRECTION('center_axis',(1.,0.,0.));
#1428=DIRECTION('ref_axis',(0.,1.,0.));
#1429=DIRECTION('',(-1.,0.,0.));
#1430=DIRECTION('center_axis',(1.,-4.48100519004421E-18,7.43030057227736E-17));
#1431=DIRECTION('ref_axis',(0.,1.,0.));
#1432=DIRECTION('',(1.,0.,0.));
#1433=DIRECTION('center_axis',(0.,0.,1.));
#1434=DIRECTION('ref_axis',(0.,-1.,0.));
#1435=DIRECTION('',(0.,-1.,0.));
#1436=DIRECTION('',(-1.,0.,0.));
#1437=DIRECTION('',(-4.48100519004421E-18,-1.,0.));
#1438=DIRECTION('center_axis',(0.,0.,1.));
#1439=DIRECTION('ref_axis',(1.,0.,0.));
#1440=DIRECTION('center_axis',(1.,0.,0.));
#1441=DIRECTION('ref_axis',(0.,1.,0.));
#1442=DIRECTION('center_axis',(1.,0.,0.));
#1443=DIRECTION('ref_axis',(0.,1.,0.));
#1444=DIRECTION('center_axis',(-1.,0.,0.));
#1445=DIRECTION('ref_axis',(0.,1.,0.));
#1446=DIRECTION('center_axis',(1.,0.,0.));
#1447=DIRECTION('ref_axis',(0.,1.,0.));
#1448=DIRECTION('',(-1.,0.,0.));
#1449=DIRECTION('center_axis',(1.,-4.48100519004421E-18,7.43030057227736E-17));
#1450=DIRECTION('ref_axis',(0.,1.,0.));
#1451=DIRECTION('',(1.,0.,0.));
#1452=DIRECTION('center_axis',(0.,0.,-1.));
#1453=DIRECTION('ref_axis',(0.,1.,0.));
#1454=DIRECTION('',(0.,1.,0.));
#1455=DIRECTION('',(1.,0.,0.));
#1456=DIRECTION('',(4.48100519004421E-18,1.,0.));
#1457=DIRECTION('center_axis',(-1.,0.,-7.43030057227736E-17));
#1458=DIRECTION('ref_axis',(2.49840217430523E-18,1.,1.85638791055191E-34));
#1459=DIRECTION('center_axis',(-1.,4.48100519004421E-18,-7.43030057227736E-17));
#1460=DIRECTION('ref_axis',(4.48100519004421E-18,1.,3.32952154279633E-34));
#1461=DIRECTION('center_axis',(0.,0.,1.));
#1462=DIRECTION('ref_axis',(0.,-1.,0.));
#1463=DIRECTION('',(-4.48100519004421E-18,-1.,0.));
#1464=DIRECTION('',(1.,0.,0.));
#1465=DIRECTION('',(0.,-1.,0.));
#1466=DIRECTION('center_axis',(1.,-4.48100519004421E-18,7.43030057227736E-17));
#1467=DIRECTION('ref_axis',(7.43030057227736E-17,0.,-1.));
#1468=DIRECTION('',(-7.43030057227736E-17,0.,1.));
#1469=DIRECTION('',(7.43030057227736E-17,0.,-1.));
#1470=DIRECTION('',(-7.43030057227736E-17,0.,1.));
#1471=DIRECTION('',(4.48100519004421E-18,1.,0.));
#1472=DIRECTION('center_axis',(-1.,4.48100519004421E-18,-7.43030057227736E-17));
#1473=DIRECTION('ref_axis',(4.48100519004421E-18,1.,3.32952154279633E-34));
#1474=DIRECTION('',(-7.43030057227736E-17,0.,1.));
#1475=DIRECTION('',(-4.48100519004421E-18,-1.,0.));
#1476=DIRECTION('',(4.48100519004421E-18,1.,0.));
#1477=DIRECTION('',(-4.48100519004421E-18,-1.,0.));
#1478=DIRECTION('',(4.48100519004421E-18,1.,0.));
#1479=DIRECTION('',(-4.48100519004421E-18,-1.,0.));
#1480=DIRECTION('center_axis',(-1.,0.,-7.43030057227736E-17));
#1481=DIRECTION('ref_axis',(2.49840217430523E-18,1.,1.85638791055191E-34));
#1482=DIRECTION('center_axis',(-1.32618116302314E-15,1.,0.));
#1483=DIRECTION('ref_axis',(1.,1.32618116302314E-15,0.));
#1484=DIRECTION('',(0.,0.,-1.));
#1485=DIRECTION('',(-1.,-1.32618116302314E-15,0.));
#1486=DIRECTION('',(0.,0.,-1.));
#1487=DIRECTION('center_axis',(-0.866025403784438,0.500000000000001,0.));
#1488=DIRECTION('ref_axis',(0.500000000000001,0.866025403784438,0.));
#1489=DIRECTION('',(-0.500000000000001,-0.866025403784438,0.));
#1490=DIRECTION('',(0.,0.,-1.));
#1491=DIRECTION('center_axis',(-0.866025403784438,-0.500000000000001,0.));
#1492=DIRECTION('ref_axis',(-0.500000000000001,0.866025403784438,0.));
#1493=DIRECTION('',(0.500000000000001,-0.866025403784438,0.));
#1494=DIRECTION('',(0.,0.,-1.));
#1495=DIRECTION('center_axis',(0.,-1.,0.));
#1496=DIRECTION('ref_axis',(-1.,0.,0.));
#1497=DIRECTION('',(1.,0.,0.));
#1498=DIRECTION('',(0.,0.,-1.));
#1499=DIRECTION('center_axis',(0.866025403784438,-0.500000000000001,0.));
#1500=DIRECTION('ref_axis',(-0.500000000000001,-0.866025403784438,0.));
#1501=DIRECTION('',(0.500000000000001,0.866025403784438,0.));
#1502=DIRECTION('',(0.,0.,-1.));
#1503=DIRECTION('center_axis',(0.866025403784439,0.5,0.));
#1504=DIRECTION('ref_axis',(0.5,-0.866025403784439,0.));
#1505=DIRECTION('',(-0.5,0.866025403784439,0.));
#1506=DIRECTION('center_axis',(0.,0.,1.));
#1507=DIRECTION('ref_axis',(1.,0.,0.));
#1508=DIRECTION('center_axis',(0.,0.,-1.));
#1509=DIRECTION('ref_axis',(1.,0.,0.));
#1510=DIRECTION('center_axis',(0.,0.,1.));
#1511=DIRECTION('ref_axis',(1.,0.,0.));
#1512=DIRECTION('center_axis',(0.,0.,1.));
#1513=DIRECTION('ref_axis',(1.,0.,0.));
#1514=DIRECTION('',(0.,0.,1.));
#1515=DIRECTION('center_axis',(0.,0.,1.));
#1516=DIRECTION('ref_axis',(1.,0.,0.));
#1517=DIRECTION('center_axis',(0.,0.,1.));
#1518=DIRECTION('ref_axis',(1.,0.,0.));
#1519=DIRECTION('center_axis',(0.,0.,1.));
#1520=DIRECTION('ref_axis',(1.,0.,0.));
#1521=DIRECTION('',(0.,0.,1.));
#1522=DIRECTION('center_axis',(0.,0.,1.));
#1523=DIRECTION('ref_axis',(1.,0.,0.));
#1524=DIRECTION('',(0.,0.,1.));
#1525=DIRECTION('center_axis',(0.,0.,-1.));
#1526=DIRECTION('ref_axis',(1.,0.,0.));
#1527=DIRECTION('center_axis',(0.70710678118655,0.707106781186545,0.));
#1528=DIRECTION('ref_axis',(0.,0.,-1.));
#1529=DIRECTION('',(0.707106781186545,-0.70710678118655,0.));
#1530=DIRECTION('',(0.,0.,1.));
#1531=DIRECTION('',(0.,0.,-1.));
#1532=DIRECTION('center_axis',(-1.,1.57028413482532E-15,0.));
#1533=DIRECTION('ref_axis',(-1.57028413482532E-15,-1.,0.));
#1534=DIRECTION('',(1.57028413482532E-15,1.,0.));
#1535=DIRECTION('',(1.57028413482532E-15,1.,0.));
#1536=DIRECTION('',(1.57028413482532E-15,1.,0.));
#1537=DIRECTION('',(0.,0.,-1.));
#1538=DIRECTION('center_axis',(0.707106781186555,-0.70710678118654,0.));
#1539=DIRECTION('ref_axis',(0.,0.,-1.));
#1540=DIRECTION('',(-0.70710678118654,-0.707106781186555,0.));
#1541=DIRECTION('',(0.,0.,1.));
#1542=DIRECTION('center_axis',(1.20024115604064E-15,1.,0.));
#1543=DIRECTION('ref_axis',(-1.,1.20024115604064E-15,0.));
#1544=DIRECTION('',(1.,-1.20024115604064E-15,0.));
#1545=DIRECTION('',(0.,0.,1.));
#1546=DIRECTION('center_axis',(0.,0.,-1.));
#1547=DIRECTION('ref_axis',(-1.,0.,0.));
#1548=DIRECTION('center_axis',(0.,0.,1.));
#1549=DIRECTION('ref_axis',(1.,0.,0.));
#1550=DIRECTION('center_axis',(0.,1.,0.));
#1551=DIRECTION('ref_axis',(0.,0.,1.));
#1552=DIRECTION('',(0.,0.,1.));
#1553=DIRECTION('center_axis',(0.,0.,-1.));
#1554=DIRECTION('ref_axis',(0.,1.,0.));
#1555=DIRECTION('',(1.,0.,0.));
#1556=DIRECTION('',(0.,1.,0.));
#1557=DIRECTION('center_axis',(0.,-1.,0.));
#1558=DIRECTION('ref_axis',(1.,0.,0.));
#1559=DIRECTION('',(0.,0.,1.));
#1560=DIRECTION('center_axis',(0.,0.,-1.));
#1561=DIRECTION('ref_axis',(-1.,0.,0.));
#1562=DIRECTION('center_axis',(0.,0.,-1.));
#1563=DIRECTION('ref_axis',(-1.,0.,0.));
#1564=DIRECTION('',(-1.,1.05021096924E-15,0.));
#1565=DIRECTION('',(0.,1.,0.));
#1566=DIRECTION('center_axis',(0.,0.,1.));
#1567=DIRECTION('ref_axis',(1.,0.,0.));
#1568=DIRECTION('center_axis',(-1.05021096924E-15,-1.,0.));
#1569=DIRECTION('ref_axis',(1.,-1.05021096924E-15,0.));
#1570=DIRECTION('',(0.,0.,-1.));
#1571=DIRECTION('center_axis',(0.,-1.,0.));
#1572=DIRECTION('ref_axis',(1.,0.,0.));
#1573=DIRECTION('',(0.,0.,1.));
#1574=DIRECTION('center_axis',(1.,0.,0.));
#1575=DIRECTION('ref_axis',(0.,1.,0.));
#1576=DIRECTION('',(0.,0.,-1.));
#1577=DIRECTION('center_axis',(0.,1.,0.));
#1578=DIRECTION('ref_axis',(-1.,0.,0.));
#1579=CARTESIAN_POINT('',(0.,0.,0.));
#1580=CARTESIAN_POINT('Origin',(104.700002086162,6.24930405100843,-5.6));
#1581=CARTESIAN_POINT('',(104.500002086162,1.84930405100836,-5.4));
#1582=CARTESIAN_POINT('',(104.500002086162,8.24930405100846,-5.4));
#1583=CARTESIAN_POINT('',(104.500002086162,6.24930405100843,-5.4));
#1584=CARTESIAN_POINT('',(104.900002086162,8.24888305112617,-5.8));
#1585=CARTESIAN_POINT('',(104.625529677893,8.2491719332551,-5.52552759173108));
#1586=CARTESIAN_POINT('',(104.900002086162,2.0149894759576,-5.8));
#1587=CARTESIAN_POINT('',(104.900002086162,6.24930405100843,-5.8));
#1588=CARTESIAN_POINT('',(104.900002086162,2.0149894759576,-5.8));
#1589=CARTESIAN_POINT('Origin',(105.07892338652,1.55322546312502,-5.6));
#1590=CARTESIAN_POINT('',(105.900002086162,0.449304051008359,-5.4));
#1591=CARTESIAN_POINT('',(104.937502030283,1.41180410688771,-5.4));
#1592=CARTESIAN_POINT('',(106.065687511112,0.849304051008359,-5.8));
#1593=CARTESIAN_POINT('',(105.220344742758,1.69464681936232,-5.8));
#1594=CARTESIAN_POINT('',(106.065687511112,0.849304051008359,-5.8));
#1595=CARTESIAN_POINT('Origin',(105.875001974404,0.649304051008359,-5.6));
#1596=CARTESIAN_POINT('',(110.,0.849304051008359,-5.8));
#1597=CARTESIAN_POINT('',(105.875001974404,0.849304051008359,-5.8));
#1598=CARTESIAN_POINT('',(110.,0.449304051008355,-5.4));
#1599=CARTESIAN_POINT('',(110.,9.95066951821384,-14.9013654672055));
#1600=CARTESIAN_POINT('',(105.875001974404,0.449304051008359,-5.4));
#1601=CARTESIAN_POINT('Origin',(110.000001639128,8.24351530309746,0.));
#1602=CARTESIAN_POINT('',(104.500002086162,8.24930405100846,5.4));
#1603=CARTESIAN_POINT('',(104.500002086162,8.24930405100846,0.));
#1604=CARTESIAN_POINT('',(104.900002086162,8.24888305112617,5.8));
#1605=CARTESIAN_POINT('',(104.625529677893,8.2491719332551,5.52552759173108));
#1606=CARTESIAN_POINT('',(110.,8.24351530482264,5.8));
#1607=CARTESIAN_POINT('',(108.627105224804,8.24496027616953,5.8));
#1608=CARTESIAN_POINT('',(110.,8.24351530482264,6.));
#1609=CARTESIAN_POINT('',(110.,8.24351530482264,-0.581453611816505));
#1610=CARTESIAN_POINT('',(112.600002086162,8.24077880339207,6.));
#1611=CARTESIAN_POINT('',(112.600002086162,8.24077880339207,6.));
#1612=CARTESIAN_POINT('',(112.600002086162,8.24077880339207,-6.));
#1613=CARTESIAN_POINT('',(112.600002086162,8.24077880339207,0.));
#1614=CARTESIAN_POINT('',(110.,8.24351530482264,-6.));
#1615=CARTESIAN_POINT('',(112.600002086162,8.24077880339207,-6.));
#1616=CARTESIAN_POINT('',(110.,8.24351530482264,-5.8));
#1617=CARTESIAN_POINT('',(110.,8.24351530482264,-0.581453611816505));
#1618=CARTESIAN_POINT('',(108.627105224804,8.24496027616953,-5.8));
#1619=CARTESIAN_POINT('Origin',(104.500002086162,8.24930405100846,0.));
#1620=CARTESIAN_POINT('',(104.500002086162,1.84930405100836,5.4));
#1621=CARTESIAN_POINT('',(104.500002086162,1.84930405100836,0.));
#1622=CARTESIAN_POINT('',(104.500002086162,6.24930405100843,5.4));
#1623=CARTESIAN_POINT('',(104.500002086162,6.94930405100845,-6.12323399573677E-17));
#1624=CARTESIAN_POINT('Origin',(104.500002086162,6.44930405100845,0.));
#1625=CARTESIAN_POINT('Origin',(105.200002086162,1.14930405100836,0.));
#1626=CARTESIAN_POINT('',(105.900002086162,0.449304051008359,5.4));
#1627=CARTESIAN_POINT('',(105.900002086162,0.449304051008359,0.));
#1628=CARTESIAN_POINT('',(104.937502030283,1.41180410688771,5.4));
#1629=CARTESIAN_POINT('Origin',(104.500002086162,0.449304051008359,0.));
#1630=CARTESIAN_POINT('',(110.,0.449304051008355,5.4));
#1631=CARTESIAN_POINT('',(110.,0.449304051008355,-0.581453611816505));
#1632=CARTESIAN_POINT('',(105.875001974404,0.449304051008359,5.4));
#1633=CARTESIAN_POINT('Origin',(105.875001974404,0.649304051008359,5.6));
#1634=CARTESIAN_POINT('',(110.,0.849304051008359,5.8));
#1635=CARTESIAN_POINT('',(110.,9.36921590639734,14.319911855389));
#1636=CARTESIAN_POINT('',(106.065687511112,0.849304051008358,5.8));
#1637=CARTESIAN_POINT('',(105.875001974404,0.849304051008359,5.8));
#1638=CARTESIAN_POINT('',(106.065687511112,0.849304051008358,5.8));
#1639=CARTESIAN_POINT('Origin',(105.07892338652,1.55322546312502,5.6));
#1640=CARTESIAN_POINT('',(104.900002086162,2.0149894759576,5.8));
#1641=CARTESIAN_POINT('',(105.220344742758,1.69464681936232,5.8));
#1642=CARTESIAN_POINT('',(104.900002086162,2.0149894759576,5.8));
#1643=CARTESIAN_POINT('Origin',(104.700002086162,6.24930405100843,5.6));
#1644=CARTESIAN_POINT('',(104.900002086162,6.24930405100843,5.8));
#1645=CARTESIAN_POINT('Origin',(107.250001862645,4.24930405100841,5.8));
#1646=CARTESIAN_POINT('',(110.,23.2705813736028,5.8));
#1647=CARTESIAN_POINT('Origin',(110.575001950189,43.0986133919287,-5.6));
#1648=CARTESIAN_POINT('',(105.90000155194,43.2986133919287,-5.4));
#1649=CARTESIAN_POINT('',(110.,43.2986133919287,-5.4));
#1650=CARTESIAN_POINT('',(110.575001950189,43.2986133919287,-5.4));
#1651=CARTESIAN_POINT('',(110.,42.8986133919287,-5.8));
#1652=CARTESIAN_POINT('',(110.,44.0061979120876,-4.69241547984114));
#1653=CARTESIAN_POINT('',(106.065686982554,42.8986133919287,-5.8));
#1654=CARTESIAN_POINT('',(110.575001950189,42.8986133919287,-5.8));
#1655=CARTESIAN_POINT('',(106.065686982554,42.8986133919287,-5.8));
#1656=CARTESIAN_POINT('Origin',(104.997759294441,42.1135283714952,-5.6));
#1657=CARTESIAN_POINT('',(104.500001619628,41.8986133919288,-5.4));
#1658=CARTESIAN_POINT('',(104.856337934785,42.2549497243138,-5.4));
#1659=CARTESIAN_POINT('',(104.900001627639,41.7329279806547,-5.8));
#1660=CARTESIAN_POINT('',(105.139180654097,41.9721070186767,-5.8));
#1661=CARTESIAN_POINT('',(104.900001627639,41.7329279806547,-5.8));
#1662=CARTESIAN_POINT('Origin',(104.700001678243,40.6862859684619,-5.6));
#1663=CARTESIAN_POINT('',(104.900002086162,32.2493040510085,-5.8));
#1664=CARTESIAN_POINT('',(104.900001678243,40.6862859781317,-5.8));
#1665=CARTESIAN_POINT('',(104.500002086162,32.2493040510085,-5.4));
#1666=CARTESIAN_POINT('',(103.250001984182,32.2493040510085,-4.14999989802022));
#1667=CARTESIAN_POINT('',(104.500001678243,40.6862859587921,-5.4));
#1668=CARTESIAN_POINT('Origin',(112.600002086162,43.2986133919287,0.));
#1669=CARTESIAN_POINT('',(105.90000155194,43.2986133919287,5.4));
#1670=CARTESIAN_POINT('',(105.90000155194,43.2986133919287,0.));
#1671=CARTESIAN_POINT('',(110.,43.2986133919287,5.4));
#1672=CARTESIAN_POINT('',(110.575001950189,43.2986133919287,5.4));
#1673=CARTESIAN_POINT('',(110.,43.2986133919287,-0.581453611816505));
#1674=CARTESIAN_POINT('Origin',(105.200001585784,42.5986133919288,0.));
#1675=CARTESIAN_POINT('',(104.500001619628,41.8986133919288,5.4));
#1676=CARTESIAN_POINT('',(104.500001619628,41.8986133919288,0.));
#1677=CARTESIAN_POINT('',(104.856337934785,42.2549497243138,5.4));
#1678=CARTESIAN_POINT('Origin',(104.50000154227,43.4986133919287,0.));
#1679=CARTESIAN_POINT('',(104.500002086162,32.2493040510085,5.4));
#1680=CARTESIAN_POINT('',(104.500002086162,32.2493040510085,0.));
#1681=CARTESIAN_POINT('',(104.500001678243,40.6862859587921,5.4));
#1682=CARTESIAN_POINT('',(104.500002086162,34.5493040510085,-6.12323399573674E-17));
#1683=CARTESIAN_POINT('Origin',(104.500001999134,34.0493040510085,0.));
#1684=CARTESIAN_POINT('Origin',(104.500002086162,32.2493040510085,0.));
#1685=CARTESIAN_POINT('',(110.,32.2493040510085,-5.8));
#1686=CARTESIAN_POINT('',(106.525001950189,32.2493040510085,-5.8));
#1687=CARTESIAN_POINT('',(110.,32.2493040510085,-6.));
#1688=CARTESIAN_POINT('',(110.,32.2493040510085,-0.581453611816505));
#1689=CARTESIAN_POINT('',(112.600002086162,32.2493040510085,-6.));
#1690=CARTESIAN_POINT('',(110.400002086162,32.2493040510085,-6.));
#1691=CARTESIAN_POINT('',(112.600002086162,32.2493040510085,6.));
#1692=CARTESIAN_POINT('',(112.600002086162,32.2493040510085,0.));
#1693=CARTESIAN_POINT('',(110.,32.2493040510085,6.));
#1694=CARTESIAN_POINT('',(107.900001974404,32.2493040510085,6.));
#1695=CARTESIAN_POINT('',(110.,32.2493040510085,5.8));
#1696=CARTESIAN_POINT('',(110.,32.2493040510085,-0.581453611816505));
#1697=CARTESIAN_POINT('',(104.900002086162,32.2493040510085,5.8));
#1698=CARTESIAN_POINT('',(106.525001950189,32.2493040510085,5.8));
#1699=CARTESIAN_POINT('',(103.250001984182,32.2493040510085,4.14999989802022));
#1700=CARTESIAN_POINT('Origin',(104.700001678243,40.6862859684619,5.6));
#1701=CARTESIAN_POINT('',(104.900001627639,41.7329279806547,5.8));
#1702=CARTESIAN_POINT('',(104.900001678243,40.6862859781317,5.8));
#1703=CARTESIAN_POINT('',(104.900001627639,41.7329279806547,5.8));
#1704=CARTESIAN_POINT('Origin',(104.997759294441,42.1135283714952,5.6));
#1705=CARTESIAN_POINT('',(106.065686982554,42.8986133919287,5.8));
#1706=CARTESIAN_POINT('',(105.139180654097,41.9721070186767,5.8));
#1707=CARTESIAN_POINT('',(106.065686982554,42.8986133919287,5.8));
#1708=CARTESIAN_POINT('Origin',(110.575001950189,43.0986133919287,5.6));
#1709=CARTESIAN_POINT('',(110.,42.8986133919287,5.8));
#1710=CARTESIAN_POINT('',(110.575001950189,42.8986133919287,5.8));
#1711=CARTESIAN_POINT('',(110.,44.5876515239041,4.11096186802465));
#1712=CARTESIAN_POINT('Origin',(104.500002086162,34.0493040510085,0.));
#1713=CARTESIAN_POINT('',(111.500002086162,34.5493040510085,-6.12323399573674E-17));
#1714=CARTESIAN_POINT('',(104.500002086162,34.5493040510085,6.12323399573674E-17));
#1715=CARTESIAN_POINT('Origin',(111.500002086162,34.0493040510085,0.));
#1716=CARTESIAN_POINT('Origin',(111.500002086162,34.0493040510085,0.));
#1717=CARTESIAN_POINT('Origin',(104.500002086162,6.44930405100845,0.));
#1718=CARTESIAN_POINT('',(111.500002086162,6.94930405100845,-6.12323399573677E-17));
#1719=CARTESIAN_POINT('',(104.500002086162,6.94930405100845,6.12323399573677E-17));
#1720=CARTESIAN_POINT('Origin',(111.500002086162,6.44930405100845,0.));
#1721=CARTESIAN_POINT('Origin',(111.500002086162,6.44930405100845,0.));
#1722=CARTESIAN_POINT('Origin',(119.350002086162,-14.0000001490116,0.));
#1723=CARTESIAN_POINT('',(118.950002086162,-11.0921444149358,1.00000001490116));
#1724=CARTESIAN_POINT('',(119.750002086162,-10.2562553700239,1.00000001490116));
#1725=CARTESIAN_POINT('Ctrl Pts',(118.950002086162,-11.0921444149358,1.00000001490116));
#1726=CARTESIAN_POINT('Ctrl Pts',(119.299735144047,-10.7223086144892,1.00000001490116));
#1727=CARTESIAN_POINT('Ctrl Pts',(119.750002086162,-10.2562553700239,1.00000001490116));
#1728=CARTESIAN_POINT('',(119.750002086162,-17.7437449279993,1.00000001490116));
#1729=CARTESIAN_POINT('Origin',(119.750002086162,-14.0000001490116,0.));
#1730=CARTESIAN_POINT('',(118.950002086162,-16.9078558830874,1.00000001490116));
#1731=CARTESIAN_POINT('Ctrl Pts',(119.750002086162,-17.7437449279993,1.00000001490116));
#1732=CARTESIAN_POINT('Ctrl Pts',(119.299735144047,-17.2776916835341,1.00000001490116));
#1733=CARTESIAN_POINT('Ctrl Pts',(118.950002086162,-16.9078558830874,1.00000001490116));
#1734=CARTESIAN_POINT('Origin',(118.950002086162,-14.0000001490116,0.));
#1735=CARTESIAN_POINT('Origin',(110.,-14.0000001490116,0.));
#1736=CARTESIAN_POINT('',(110.8,-16.9078558830874,1.00000001490116));
#1737=CARTESIAN_POINT('',(110.,-16.9078558830874,1.00000001490116));
#1738=CARTESIAN_POINT('',(110.8,-11.0921444149358,1.00000001490116));
#1739=CARTESIAN_POINT('Origin',(110.8,-14.0000001490116,0.));
#1740=CARTESIAN_POINT('',(110.,-11.0921444149358,1.00000001490116));
#1741=CARTESIAN_POINT('Origin',(110.,-17.0134076837134,1.00000001490116));
#1742=CARTESIAN_POINT('',(119.750002086162,-25.5006959489917,1.00000001490116));
#1743=CARTESIAN_POINT('',(119.750002086162,-21.3820518163526,1.00000001490116));
#1744=CARTESIAN_POINT('',(110.,-25.5006959489917,1.00000001490116));
#1745=CARTESIAN_POINT('',(110.000000819564,-25.5006959489917,1.00000001490116));
#1746=CARTESIAN_POINT('',(110.,-17.7437449279993,1.00000001490116));
#1747=CARTESIAN_POINT('',(110.,12.6392255062419,1.00000001490116));
#1748=CARTESIAN_POINT('Ctrl Pts',(110.8,-16.9078558830874,1.00000001490116));
#1749=CARTESIAN_POINT('Ctrl Pts',(110.450266942116,-17.2776916835339,1.00000001490116));
#1750=CARTESIAN_POINT('Ctrl Pts',(110.,-17.7437449279993,1.00000001490116));
#1751=CARTESIAN_POINT('',(113.4,-20.1860788296994,1.00000001490116));
#1752=CARTESIAN_POINT('Origin',(115.,-20.1860788296994,1.00000001490116));
#1753=CARTESIAN_POINT('Origin',(119.350002086162,-14.0000001490116,0.));
#1754=CARTESIAN_POINT('',(118.950002086162,-16.9078558830874,-1.00000001490116));
#1755=CARTESIAN_POINT('',(119.750002086162,-17.7437449279993,-1.00000001490116));
#1756=CARTESIAN_POINT('Ctrl Pts',(118.950002086162,-16.9078558830874,-1.00000001490116));
#1757=CARTESIAN_POINT('Ctrl Pts',(119.299735144047,-17.2776916835342,-1.00000001490116));
#1758=CARTESIAN_POINT('Ctrl Pts',(119.750002086162,-17.7437449279993,-1.00000001490116));
#1759=CARTESIAN_POINT('',(119.750002086162,-10.2562553700239,-1.00000001490116));
#1760=CARTESIAN_POINT('Origin',(119.750002086162,-14.0000001490116,0.));
#1761=CARTESIAN_POINT('',(118.950002086162,-11.0921444149358,-1.00000001490116));
#1762=CARTESIAN_POINT('Ctrl Pts',(119.750002086162,-10.2562553700239,-1.00000001490116));
#1763=CARTESIAN_POINT('Ctrl Pts',(119.299735144047,-10.7223086144892,-1.00000001490116));
#1764=CARTESIAN_POINT('Ctrl Pts',(118.950002086162,-11.0921444149358,-1.00000001490116));
#1765=CARTESIAN_POINT('Origin',(118.950002086162,-14.0000001490116,0.));
#1766=CARTESIAN_POINT('Origin',(110.,-14.0000001490116,0.));
#1767=CARTESIAN_POINT('',(110.8,-11.0921444149358,-1.00000001490116));
#1768=CARTESIAN_POINT('',(110.,-11.0921444149358,-1.00000001490116));
#1769=CARTESIAN_POINT('',(110.8,-16.9078558830874,-1.00000001490116));
#1770=CARTESIAN_POINT('Origin',(110.8,-14.0000001490116,0.));
#1771=CARTESIAN_POINT('',(110.,-16.9078558830874,-1.00000001490116));
#1772=CARTESIAN_POINT('Origin',(110.,-10.9865926143098,-1.00000001490116));
#1773=CARTESIAN_POINT('',(119.750002086162,-5.00000007450581,-1.00000001490116));
#1774=CARTESIAN_POINT('',(119.750002086162,-18.3686442816507,-1.00000001490116));
#1775=CARTESIAN_POINT('',(110.,-5.00000007450581,-1.00000001490116));
#1776=CARTESIAN_POINT('',(110.,-5.00000007450581,-1.00000001490116));
#1777=CARTESIAN_POINT('',(110.,-10.2562553700239,-1.00000001490116));
#1778=CARTESIAN_POINT('',(110.,15.6526330409437,-1.00000001490116));
#1779=CARTESIAN_POINT('Ctrl Pts',(110.8,-11.0921444149358,-1.00000001490116));
#1780=CARTESIAN_POINT('Ctrl Pts',(110.450266942115,-10.7223086144888,-1.00000001490116));
#1781=CARTESIAN_POINT('Ctrl Pts',(110.,-10.2562553700239,-1.00000001490116));
#1782=CARTESIAN_POINT('Origin',(110.4,-14.0000001490116,-2.97212022891095E-17));
#1783=CARTESIAN_POINT('',(110.,-10.2562553700239,1.00000001490116));
#1784=CARTESIAN_POINT('Origin',(110.,-14.0000001490116,-5.9442404578219E-17));
#1785=CARTESIAN_POINT('Ctrl Pts',(110.,-10.2562553700239,1.00000001490116));
#1786=CARTESIAN_POINT('Ctrl Pts',(110.450266942115,-10.7223086144892,1.00000001490116));
#1787=CARTESIAN_POINT('Ctrl Pts',(110.8,-11.0921444149358,1.00000001490116));
#1788=CARTESIAN_POINT('Origin',(110.,-5.00000007450581,1.00000001490116));
#1789=CARTESIAN_POINT('',(110.,-5.00000007450581,1.00000001490116));
#1790=CARTESIAN_POINT('',(110.,18.6459293108457,1.00000001490116));
#1791=CARTESIAN_POINT('',(119.750002086162,-5.00000007450581,1.00000001490116));
#1792=CARTESIAN_POINT('',(110.,-5.00000007450581,1.00000001490116));
#1793=CARTESIAN_POINT('',(119.750002086162,-15.3753480117488,1.00000001490116));
#1794=CARTESIAN_POINT('Origin',(110.,42.2918586961973,-1.16290722363301));
#1795=CARTESIAN_POINT('',(110.,-25.5006959489917,6.08120064514055));
#1796=CARTESIAN_POINT('',(110.,-25.5006959489917,-0.581453611816505));
#1797=CARTESIAN_POINT('',(110.,53.2486140326796,6.09864831165699));
#1798=CARTESIAN_POINT('Ctrl Pts',(110.,53.2486140326909,6.0986483116556));
#1799=CARTESIAN_POINT('Ctrl Pts',(110.,52.7272674660589,6.14718538112646));
#1800=CARTESIAN_POINT('Ctrl Pts',(110.,51.5886723619959,6.2527779063069));
#1801=CARTESIAN_POINT('Ctrl Pts',(110.,49.8359267196597,6.41379602289374));
#1802=CARTESIAN_POINT('Ctrl Pts',(110.,47.4721510779011,6.62683095683092));
#1803=CARTESIAN_POINT('Ctrl Pts',(110.,44.4919078149608,6.88439532546564));
#1804=CARTESIAN_POINT('Ctrl Pts',(110.,41.3992997092915,7.13467582170478));
#1805=CARTESIAN_POINT('Ctrl Pts',(110.,38.2778947156672,7.36567238355182));
#1806=CARTESIAN_POINT('Ctrl Pts',(110.,35.1198769185254,7.57483443198418));
#1807=CARTESIAN_POINT('Ctrl Pts',(110.,31.9259535202914,7.76142243960209));
#1808=CARTESIAN_POINT('Ctrl Pts',(110.,28.7098899025783,7.92748751512663));
#1809=CARTESIAN_POINT('Ctrl Pts',(110.,25.499571237929,8.07807250775097));
#1810=CARTESIAN_POINT('Ctrl Pts',(110.,22.3271728301549,8.21897186338961));
#1811=CARTESIAN_POINT('Ctrl Pts',(110.,19.2214313019117,8.35496201930445));
#1812=CARTESIAN_POINT('Ctrl Pts',(110.,16.1986419434182,8.4877467025182));
#1813=CARTESIAN_POINT('Ctrl Pts',(110.,13.2551998949419,8.61424669253003));
#1814=CARTESIAN_POINT('Ctrl Pts',(110.,10.3569952948337,8.72418755588082));
#1815=CARTESIAN_POINT('Ctrl Pts',(110.,7.43805644193202,8.79974929486898));
#1816=CARTESIAN_POINT('Ctrl Pts',(110.,4.42334138669664,8.82059491437779));
#1817=CARTESIAN_POINT('Ctrl Pts',(110.,1.24644289015521,8.76777087159177));
#1818=CARTESIAN_POINT('Ctrl Pts',(110.,-2.12964852747465,8.62827505887981));
#1819=CARTESIAN_POINT('Ctrl Pts',(110.,-5.69542249230173,8.39884463601667));
#1820=CARTESIAN_POINT('Ctrl Pts',(110.,-9.37035022291306,8.09131109102672));
#1821=CARTESIAN_POINT('Ctrl Pts',(110.,-13.0003792855183,7.73329355449381));
#1822=CARTESIAN_POINT('Ctrl Pts',(110.,-16.4069504384937,7.35798768350174));
#1823=CARTESIAN_POINT('Ctrl Pts',(110.,-19.424276565523,6.9964269195914));
#1824=CARTESIAN_POINT('Ctrl Pts',(110.,-21.9281256532398,6.67026457145093));
#1825=CARTESIAN_POINT('Ctrl Pts',(110.,-23.5242202041746,6.43658839655394));
#1826=CARTESIAN_POINT('Ctrl Pts',(110.,-24.5500596744613,6.2639697411413));
#1827=CARTESIAN_POINT('Ctrl Pts',(110.,-25.1908796170307,6.14309694608544));
#1828=CARTESIAN_POINT('Ctrl Pts',(110.,-25.5006959489917,6.08120064514055));
#1829=CARTESIAN_POINT('',(110.,53.2486140326792,-7.45408611287784));
#1830=CARTESIAN_POINT('',(110.,53.2486140326787,-0.581453611816506));
#1831=CARTESIAN_POINT('',(110.,-24.5006959489702,-6.87727762954923));
#1832=CARTESIAN_POINT('Ctrl Pts',(110.,-24.50069594897,-6.87727762954662));
#1833=CARTESIAN_POINT('Ctrl Pts',(110.,-24.2174608354977,-6.89602788430578));
#1834=CARTESIAN_POINT('Ctrl Pts',(110.,-23.5533395274471,-6.93782045995406));
#1835=CARTESIAN_POINT('Ctrl Pts',(110.,-22.4387190572914,-7.00092539338524));
#1836=CARTESIAN_POINT('Ctrl Pts',(110.,-20.7000021049822,-7.08812950949486));
#1837=CARTESIAN_POINT('Ctrl Pts',(110.,-18.0732619485816,-7.20780468994128));
#1838=CARTESIAN_POINT('Ctrl Pts',(110.,-14.9046035211595,-7.34314481112351));
#1839=CARTESIAN_POINT('Ctrl Pts',(110.,-11.4401686395163,-7.48229596144439));
#1840=CARTESIAN_POINT('Ctrl Pts',(110.,-7.83929743098834,-7.61575866073009));
#1841=CARTESIAN_POINT('Ctrl Pts',(110.,-4.25973820714765,-7.73359664430728));
#1842=CARTESIAN_POINT('Ctrl Pts',(110.,-0.819643840696385,-7.82833511757099));
#1843=CARTESIAN_POINT('Ctrl Pts',(110.,2.43616888816082,-7.89753972645118));
#1844=CARTESIAN_POINT('Ctrl Pts',(110.,5.51646903940375,-7.94245074578449));
#1845=CARTESIAN_POINT('Ctrl Pts',(110.,8.46714767853538,-7.96685848997415));
#1846=CARTESIAN_POINT('Ctrl Pts',(110.,11.353521882801,-7.97588849426019));
#1847=CARTESIAN_POINT('Ctrl Pts',(110.,14.2433394054168,-7.97483711024373));
#1848=CARTESIAN_POINT('Ctrl Pts',(110.,17.1891745990222,-7.96796490507856));
#1849=CARTESIAN_POINT('Ctrl Pts',(110.,20.2119756455605,-7.95736805298253));
#1850=CARTESIAN_POINT('Ctrl Pts',(110.,23.3092487256373,-7.94350411014866));
#1851=CARTESIAN_POINT('Ctrl Pts',(110.,26.4622606255703,-7.92565205548145));
#1852=CARTESIAN_POINT('Ctrl Pts',(110.,29.643596298729,-7.9023958700776));
#1853=CARTESIAN_POINT('Ctrl Pts',(110.,32.8245092970169,-7.87209463770032));
#1854=CARTESIAN_POINT('Ctrl Pts',(110.,35.9824448503971,-7.83336297623431));
#1855=CARTESIAN_POINT('Ctrl Pts',(110.,39.1082431637848,-7.78553299477629));
#1856=CARTESIAN_POINT('Ctrl Pts',(110.,42.2027632660311,-7.72851690149395));
#1857=CARTESIAN_POINT('Ctrl Pts',(110.,45.2737924192943,-7.66268577875205));
#1858=CARTESIAN_POINT('Ctrl Pts',(110.,48.0908253602487,-7.59459355601122));
#1859=CARTESIAN_POINT('Ctrl Pts',(110.,50.2961593448708,-7.53661354908966));
#1860=CARTESIAN_POINT('Ctrl Pts',(110.,51.8925298382675,-7.4925715801976));
#1861=CARTESIAN_POINT('Ctrl Pts',(110.,52.8773878293175,-7.46469161687941));
#1862=CARTESIAN_POINT('Ctrl Pts',(110.,53.24861403254,-7.45408611288159));
#1863=CARTESIAN_POINT('',(110.,-24.5006959489917,-1.00000001490116));
#1864=CARTESIAN_POINT('',(110.,-24.5006959489917,-0.581453611816505));
#1865=CARTESIAN_POINT('',(110.,-17.7437449279993,-1.00000001490116));
#1866=CARTESIAN_POINT('',(110.,8.27058137360279,-1.00000001490116));
#1867=CARTESIAN_POINT('Origin',(110.,-14.0000001490116,-5.9442404578219E-17));
#1868=CARTESIAN_POINT('',(110.,-5.00000007450581,-1.08145361926709));
#1869=CARTESIAN_POINT('',(110.,23.2705813736028,-5.8));
#1870=CARTESIAN_POINT('',(110.,34.0807773969288,-6.));
#1871=CARTESIAN_POINT('',(110.,40.0829087088329,-5.8));
#1872=CARTESIAN_POINT('',(110.,40.0829087088329,5.8));
#1873=CARTESIAN_POINT('',(110.,34.0807773969288,6.));
#1874=CARTESIAN_POINT('Origin',(110.4,-14.0000001490116,-2.97212022891095E-17));
#1875=CARTESIAN_POINT('Ctrl Pts',(110.,-17.7437449279993,-1.00000001490116));
#1876=CARTESIAN_POINT('Ctrl Pts',(110.450266942115,-17.2776916835341,-1.00000001490116));
#1877=CARTESIAN_POINT('Ctrl Pts',(110.8,-16.9078558830874,-1.00000001490116));
#1878=CARTESIAN_POINT('Origin',(113.32568421935,-17.2860788296994,-4.));
#1879=CARTESIAN_POINT('',(116.67431578065,-17.2860788296994,-7.22728711328831));
#1880=CARTESIAN_POINT('',(113.32568421935,-17.2860788296994,-7.23381466561973));
#1881=CARTESIAN_POINT('Ctrl Pts',(116.67431578065,-17.2860788296994,-7.22728711328831));
#1882=CARTESIAN_POINT('Ctrl Pts',(115.558315412829,-17.2860788296994,-7.22949099035071));
#1883=CARTESIAN_POINT('Ctrl Pts',(114.441635308202,-17.2860788296994,-7.2316675270969));
#1884=CARTESIAN_POINT('Ctrl Pts',(113.32568421935,-17.2860788296994,-7.23381466561973));
#1885=CARTESIAN_POINT('',(116.67431578065,-17.2860788296994,-4.));
#1886=CARTESIAN_POINT('',(116.67431578065,-17.2860788296994,-4.));
#1887=CARTESIAN_POINT('',(113.32568421935,-17.2860788296994,-4.));
#1888=CARTESIAN_POINT('',(116.67431578065,-17.2860788296994,-4.));
#1889=CARTESIAN_POINT('',(113.32568421935,-17.2860788296994,-4.));
#1890=CARTESIAN_POINT('Origin',(111.6513684387,-20.1860788296994,-4.));
#1891=CARTESIAN_POINT('',(111.6513684387,-20.1860788296994,-7.10726091302433));
#1892=CARTESIAN_POINT('Ctrl Pts',(113.32568421935,-17.2860788296994,-7.23381466561972));
#1893=CARTESIAN_POINT('Ctrl Pts',(112.778771989512,-18.2333585990592,-7.19413050740019));
#1894=CARTESIAN_POINT('Ctrl Pts',(112.198565484,-19.2383057454879,-7.15063803797238));
#1895=CARTESIAN_POINT('Ctrl Pts',(111.6513684387,-20.1860788296994,-7.10726091302433));
#1896=CARTESIAN_POINT('',(111.6513684387,-20.1860788296994,-4.));
#1897=CARTESIAN_POINT('',(113.32568421935,-17.2860788296994,-4.));
#1898=CARTESIAN_POINT('',(111.6513684387,-20.1860788296994,-4.));
#1899=CARTESIAN_POINT('Origin',(113.32568421935,-23.0860788296994,-4.));
#1900=CARTESIAN_POINT('',(113.32568421935,-23.0860788296994,-6.96127103371836));
#1901=CARTESIAN_POINT('Ctrl Pts',(111.6513684387,-20.1860788296994,-7.10726091302433));
#1902=CARTESIAN_POINT('Ctrl Pts',(112.18127886759,-21.1039106159978,-7.06368169689581));
#1903=CARTESIAN_POINT('Ctrl Pts',(112.77785149815,-22.1372047225328,-7.0128403333981));
#1904=CARTESIAN_POINT('Ctrl Pts',(113.32568421935,-23.0860788296994,-6.96127103371836));
#1905=CARTESIAN_POINT('',(113.32568421935,-23.0860788296994,-4.));
#1906=CARTESIAN_POINT('',(111.6513684387,-20.1860788296994,-4.));
#1907=CARTESIAN_POINT('',(113.32568421935,-23.0860788296994,-4.));
#1908=CARTESIAN_POINT('Origin',(116.67431578065,-23.0860788296994,-4.));
#1909=CARTESIAN_POINT('',(116.67431578065,-23.0860788296994,-6.95888073415521));
#1910=CARTESIAN_POINT('Ctrl Pts',(113.32568421935,-23.0810357843808,-6.96166976943811));
#1911=CARTESIAN_POINT('Ctrl Pts',(114.303743019938,-23.0810015054144,-6.9610697649815));
#1912=CARTESIAN_POINT('Ctrl Pts',(115.284040776493,-23.0810803119766,-6.96036972528036));
#1913=CARTESIAN_POINT('Ctrl Pts',(116.262460454206,-23.0812417391032,-6.95958835831424));
#1914=CARTESIAN_POINT('Ctrl Pts',(116.399786354597,-23.0812643961757,-6.95947868970822));
#1915=CARTESIAN_POINT('Ctrl Pts',(116.537075257829,-23.0812887648341,-6.95936741535818));
#1916=CARTESIAN_POINT('Ctrl Pts',(116.67431578065,-23.0813148434545,-6.95925458326194));
#1917=CARTESIAN_POINT('',(116.67431578065,-23.0860788296994,-4.));
#1918=CARTESIAN_POINT('',(113.32568421935,-23.0860788296994,-4.));
#1919=CARTESIAN_POINT('',(116.67431578065,-23.0860788296994,-4.));
#1920=CARTESIAN_POINT('Origin',(118.3486315613,-20.1860788296994,-4.));
#1921=CARTESIAN_POINT('',(118.3486315613,-20.1860788296994,-7.09685460645581));
#1922=CARTESIAN_POINT('Ctrl Pts',(116.67431578065,-23.0860788296994,-6.95888073415521));
#1923=CARTESIAN_POINT('Ctrl Pts',(117.219265894761,-22.1421975444682,-7.0078743501204));
#1924=CARTESIAN_POINT('Ctrl Pts',(117.821624123275,-21.0988824883245,-7.05621697635558));
#1925=CARTESIAN_POINT('Ctrl Pts',(118.3486315613,-20.1860788296994,-7.0968546064558));
#1926=CARTESIAN_POINT('',(118.3486315613,-20.1860788296994,-4.));
#1927=CARTESIAN_POINT('',(116.67431578065,-23.0860788296994,-4.));
#1928=CARTESIAN_POINT('',(118.3486315613,-20.1860788296994,-4.));
#1929=CARTESIAN_POINT('Origin',(116.67431578065,-17.2860788296994,-4.));
#1930=CARTESIAN_POINT('Ctrl Pts',(118.3486315613,-20.1860788296994,-7.09685460645581));
#1931=CARTESIAN_POINT('Ctrl Pts',(117.797681395292,-19.2318051497348,-7.14112384302207));
#1932=CARTESIAN_POINT('Ctrl Pts',(117.225931703535,-18.2415056344011,-7.18548283135693));
#1933=CARTESIAN_POINT('Ctrl Pts',(116.67431578065,-17.2860788296994,-7.22728711328831));
#1934=CARTESIAN_POINT('',(118.3486315613,-20.1860788296994,-4.));
#1935=CARTESIAN_POINT('Origin',(115.,-20.1860788296994,-4.));
#1936=CARTESIAN_POINT('',(113.4,-20.1860788296994,-4.));
#1937=CARTESIAN_POINT('Origin',(115.,-20.1860788296994,-4.));
#1938=CARTESIAN_POINT('Origin',(115.,-20.1860788296994,4.));
#1939=CARTESIAN_POINT('',(112.,-20.1860788296994,4.));
#1940=CARTESIAN_POINT('Origin',(115.,-20.1860788296994,4.));
#1941=CARTESIAN_POINT('',(112.,-20.1856467110725,6.89640808449209));
#1942=CARTESIAN_POINT('',(112.,-20.1860788296994,4.));
#1943=CARTESIAN_POINT('',(112.421757590623,-18.6522385255975,7.08704133897758));
#1944=CARTESIAN_POINT('Ctrl Pts',(112.421757590623,-18.6522385255975,7.08704133897758));
#1945=CARTESIAN_POINT('Ctrl Pts',(112.618335035989,-18.3218101850355,7.12722028360034));
#1946=CARTESIAN_POINT('Ctrl Pts',(112.876884648167,-18.0317760333933,7.16190693287644));
#1947=CARTESIAN_POINT('Ctrl Pts',(113.417237332783,-17.6207458891017,7.21064188091029));
#1948=CARTESIAN_POINT('Ctrl Pts',(113.675735323612,-17.4781855452271,7.22737718407917));
#1949=CARTESIAN_POINT('Ctrl Pts',(114.321185153098,-17.2373025715009,7.25557558587762));
#1950=CARTESIAN_POINT('Ctrl Pts',(114.715131572896,-17.1735766296416,7.26296814503035));
#1951=CARTESIAN_POINT('Ctrl Pts',(115.478689663266,-17.2016530928916,7.25988865631653));
#1952=CARTESIAN_POINT('Ctrl Pts',(115.841324755667,-17.2830026955893,7.25061593066074));
#1953=CARTESIAN_POINT('Ctrl Pts',(116.496362006057,-17.5632335374072,7.21844172161185));
#1954=CARTESIAN_POINT('Ctrl Pts',(116.786773365751,-17.7518684785762,7.19671811886896));
#1955=CARTESIAN_POINT('Ctrl Pts',(117.269256784632,-18.198810942067,7.14472060981013));
#1956=CARTESIAN_POINT('Ctrl Pts',(117.464561531224,-18.4470348786871,7.11564910309396));
#1957=CARTESIAN_POINT('Ctrl Pts',(117.750520696057,-18.9578578462006,7.05506812383764));
#1958=CARTESIAN_POINT('Ctrl Pts',(117.850344909502,-19.2118102852889,7.02467223220032));
#1959=CARTESIAN_POINT('Ctrl Pts',(117.945654946598,-19.6027504930882,6.97727086939973));
#1960=CARTESIAN_POINT('Ctrl Pts',(117.968303680753,-19.731863823179,6.96152403325949));
#1961=CARTESIAN_POINT('Ctrl Pts',(117.989723155119,-19.9289898816527,6.93732323816501));
#1962=CARTESIAN_POINT('Ctrl Pts',(117.994742059471,-19.9961901499816,6.92904563488156));
#1963=CARTESIAN_POINT('Ctrl Pts',(117.999698675472,-20.1173937747333,6.91406347657125));
#1964=CARTESIAN_POINT('Ctrl Pts',(118.000448625643,-20.1713382416577,6.90737665148323));
#1965=CARTESIAN_POINT('Ctrl Pts',(117.998951159984,-20.2859532879656,6.8931279551243));
#1966=CARTESIAN_POINT('Ctrl Pts',(117.996317214077,-20.3465958170267,6.88556439838433));
#1967=CARTESIAN_POINT('Ctrl Pts',(117.9844198277,-20.5076335541936,6.86541110851945));
#1968=CARTESIAN_POINT('Ctrl Pts',(117.971932436103,-20.6077151010649,6.85281546257367));
#1969=CARTESIAN_POINT('Ctrl Pts',(117.901084855769,-21.0095472464245,6.80194196253239));
#1970=CARTESIAN_POINT('Ctrl Pts',(117.801549209775,-21.3022725546241,6.76417253816796));
#1971=CARTESIAN_POINT('Ctrl Pts',(117.496010069662,-21.8873111224011,6.6871114298486));
#1972=CARTESIAN_POINT('Ctrl Pts',(117.278832837265,-22.1689446181278,6.64896787797414));
#1973=CARTESIAN_POINT('Ctrl Pts',(116.728498724411,-22.6689330740799,6.57942790400385));
#1974=CARTESIAN_POINT('Ctrl Pts',(116.390803131653,-22.8728665143543,6.54982381932591));
#1975=CARTESIAN_POINT('Ctrl Pts',(115.65378409529,-23.1401833366081,6.50944377635231));
#1976=CARTESIAN_POINT('Ctrl Pts',(115.261738045537,-23.200388114638,6.49920843562193));
#1977=CARTESIAN_POINT('Ctrl Pts',(114.501513931605,-23.1671505187281,6.50114057089263));
#1978=CARTESIAN_POINT('Ctrl Pts',(114.140440663026,-23.083673651528,6.51189688061387));
#1979=CARTESIAN_POINT('Ctrl Pts',(113.48756135572,-22.799757692433,6.5502272488494));
#1980=CARTESIAN_POINT('Ctrl Pts',(113.198000929507,-22.6090788461583,6.57638161207005));
#1981=CARTESIAN_POINT('Ctrl Pts',(112.717369209718,-22.1581445187505,6.63769312732797));
#1982=CARTESIAN_POINT('Ctrl Pts',(112.523125353022,-21.9077259560625,6.67152888104492));
#1983=CARTESIAN_POINT('Ctrl Pts',(112.240409143832,-21.393808626806,6.73993591684004));
#1984=CARTESIAN_POINT('Ctrl Pts',(112.14241352728,-21.1389609052586,6.77348454450899));
#1985=CARTESIAN_POINT('Ctrl Pts',(112.050266740408,-20.7481660721683,6.82425241150632));
#1986=CARTESIAN_POINT('Ctrl Pts',(112.028702480287,-20.6199616845152,6.84080828373299));
#1987=CARTESIAN_POINT('Ctrl Pts',(112.008495012744,-20.422030032041,6.86621480264291));
#1988=CARTESIAN_POINT('Ctrl Pts',(112.00385384021,-20.3530625087486,6.87503938393777));
#1989=CARTESIAN_POINT('Ctrl Pts',(112.000532834755,-20.2513666112319,6.88801069213608));
#1990=CARTESIAN_POINT('Ctrl Pts',(112.000000000003,-20.2187234239306,6.89216813603504));
#1991=CARTESIAN_POINT('Ctrl Pts',(112.,-20.1860788299734,6.89631961801926));
#1992=CARTESIAN_POINT('Ctrl Pts',(112.,-20.1834293896148,6.89686203040395));
#1993=CARTESIAN_POINT('Ctrl Pts',(111.999999999993,-20.1602895394199,6.89980646204749));
#1994=CARTESIAN_POINT('Ctrl Pts',(112.000267233521,-20.1371506950242,6.90274755623741));
#1995=CARTESIAN_POINT('Ctrl Pts',(112.000801748518,-20.1140175812365,6.90568473182513));
#1996=CARTESIAN_POINT('Ctrl Pts',(112.002282946427,-20.049913262545,6.9138239577701));
#1997=CARTESIAN_POINT('Ctrl Pts',(112.005815940578,-19.9858816684786,6.92192942561815));
#1998=CARTESIAN_POINT('Ctrl Pts',(112.011396217062,-19.9220214657823,6.9299892727037));
#1999=CARTESIAN_POINT('Ctrl Pts',(112.02079911031,-19.8144155666051,6.943570299012));
#2000=CARTESIAN_POINT('Ctrl Pts',(112.036004527212,-19.7074147085689,6.95700674727413));
#2001=CARTESIAN_POINT('Ctrl Pts',(112.056952645742,-19.6014838049163,6.97024491526673));
#2002=CARTESIAN_POINT('Ctrl Pts',(112.085286731932,-19.4582033785656,6.98815064710398));
#2003=CARTESIAN_POINT('Ctrl Pts',(112.124014965197,-19.3174656814752,7.00562040163611));
#2004=CARTESIAN_POINT('Ctrl Pts',(112.172745669031,-19.1803141411395,7.02254237750233));
#2005=CARTESIAN_POINT('Ctrl Pts',(112.225823780213,-19.0309269143228,7.04097401188812));
#2006=CARTESIAN_POINT('Ctrl Pts',(112.290768669828,-18.8857946426228,7.05875570223247));
#2007=CARTESIAN_POINT('Ctrl Pts',(112.367074203483,-18.7463278603746,7.07574105155493));
#2008=CARTESIAN_POINT('Ctrl Pts',(112.384698050419,-18.7141160258548,7.07966405926198));
#2009=CARTESIAN_POINT('Ctrl Pts',(112.402927924824,-18.6822066373187,7.08354458179326));
#2010=CARTESIAN_POINT('Ctrl Pts',(112.421757590786,-18.6506174429206,7.08738080910272));
#2011=CARTESIAN_POINT('Origin',(115.,-20.1860788296994,4.));
#2012=CARTESIAN_POINT('',(113.4,-20.1860788296994,4.));
#2013=CARTESIAN_POINT('Origin',(115.,-20.1860788296994,4.));
#2014=CARTESIAN_POINT('Origin',(115.,-20.1860788296994,0.));
#2015=CARTESIAN_POINT('',(113.4,-20.1860788296994,0.));
#2016=CARTESIAN_POINT('Origin',(115.,-20.1860788296994,0.));
#2017=CARTESIAN_POINT('',(113.4,-20.1860788296994,-1.00000001490116));
#2018=CARTESIAN_POINT('',(113.4,-20.1860788296994,0.));
#2019=CARTESIAN_POINT('Origin',(115.,-20.1860788296994,-1.00000001490116));
#2020=CARTESIAN_POINT('Origin',(113.800002086162,4.20000019371515,0.));
#2021=CARTESIAN_POINT('',(112.600002086162,5.40000019371515,-6.));
#2022=CARTESIAN_POINT('',(115.000002086162,3.00000019371515,-6.));
#2023=CARTESIAN_POINT('',(109.037675356292,8.96232692358563,-6.));
#2024=CARTESIAN_POINT('',(112.600002086162,5.40000019371512,8.75485456749914));
#2025=CARTESIAN_POINT('',(112.600002086162,5.40000019371515,0.));
#2026=CARTESIAN_POINT('',(115.000002085972,3.00000019371515,8.70654891787965));
#2027=CARTESIAN_POINT('Ctrl Pts',(112.600002086164,5.40000019371357,8.75485456749912));
#2028=CARTESIAN_POINT('Ctrl Pts',(113.401507078146,4.59849520173111,8.74354788270918));
#2029=CARTESIAN_POINT('Ctrl Pts',(114.19893154983,3.8010707300475,8.72760456597818));
#2030=CARTESIAN_POINT('Ctrl Pts',(115.000002086067,3.00000019381043,8.70654891787581));
#2031=CARTESIAN_POINT('',(115.000002086162,3.00000019371515,0.));
#2032=CARTESIAN_POINT('Origin',(112.600002086162,48.4986140326787,0.));
#2033=CARTESIAN_POINT('',(112.600002086162,8.2493040510084,-6.));
#2034=CARTESIAN_POINT('',(112.600002086162,37.1841550651695,6.));
#2035=CARTESIAN_POINT('',(112.600002086162,46.0986140326787,-6.));
#2036=CARTESIAN_POINT('',(112.600002086162,8.2493040510084,-6.));
#2037=CARTESIAN_POINT('',(112.600002086162,46.0986140327411,6.65168744100646));
#2038=CARTESIAN_POINT('',(112.600002086162,46.0986140326787,0.));
#2039=CARTESIAN_POINT('Ctrl Pts',(112.600002086162,5.40000019371512,8.75485456749914));
#2040=CARTESIAN_POINT('Ctrl Pts',(112.600002086162,8.25421183177467,8.74030033814253));
#2041=CARTESIAN_POINT('Ctrl Pts',(112.600002086162,11.0156725999598,8.63772301177811));
#2042=CARTESIAN_POINT('Ctrl Pts',(112.600002086162,16.4875463227031,8.41086598459294));
#2043=CARTESIAN_POINT('Ctrl Pts',(112.600002086162,22.196824226761,8.1601543337092));
#2044=CARTESIAN_POINT('Ctrl Pts',(112.600002086162,34.3509107838294,7.59931918791412));
#2045=CARTESIAN_POINT('Ctrl Pts',(112.600002086162,39.005964272593,7.26925197099529));
#2046=CARTESIAN_POINT('Ctrl Pts',(112.600002086162,46.0986140327416,6.65168744101185));
#2047=CARTESIAN_POINT('Origin',(113.800002086162,47.2986140326787,0.));
#2048=CARTESIAN_POINT('',(115.000002086162,48.4986140326787,-6.));
#2049=CARTESIAN_POINT('',(109.037675356292,42.5362873028081,-6.));
#2050=CARTESIAN_POINT('',(115.000002087108,48.4986140326787,6.3520073577293));
#2051=CARTESIAN_POINT('',(115.000002086162,48.4986140326787,0.));
#2052=CARTESIAN_POINT('Ctrl Pts',(115.000002086636,48.4986140331519,6.35200735773795));
#2053=CARTESIAN_POINT('Ctrl Pts',(114.203275855348,47.7018878018638,6.45308042169822));
#2054=CARTESIAN_POINT('Ctrl Pts',(113.400020685588,46.8986326321039,6.55361731875136));
#2055=CARTESIAN_POINT('Ctrl Pts',(112.600002086167,46.098614032683,6.65168744101679));
#2056=CARTESIAN_POINT('Origin',(120.000001788139,48.4986140326787,0.));
#2057=CARTESIAN_POINT('',(119.750002086162,48.4986140326787,-6.));
#2058=CARTESIAN_POINT('',(120.000001788139,48.4986140326787,-6.));
#2059=CARTESIAN_POINT('',(119.750002086162,48.4986140326787,6.17888286458386));
#2060=CARTESIAN_POINT('',(119.750002086162,48.4986140326787,0.));
#2061=CARTESIAN_POINT('Ctrl Pts',(115.000002087109,48.5045203391543,6.35326922934326));
#2062=CARTESIAN_POINT('Ctrl Pts',(116.417166666245,48.5043179941757,6.30173678363418));
#2063=CARTESIAN_POINT('Ctrl Pts',(117.834838090363,48.5040266699292,6.25001083043826));
#2064=CARTESIAN_POINT('Ctrl Pts',(119.249099912311,48.5036905362502,6.19826741171937));
#2065=CARTESIAN_POINT('Ctrl Pts',(119.416117005408,48.5036508405806,6.19215677842134));
#2066=CARTESIAN_POINT('Ctrl Pts',(119.58308654682,48.503610578937,6.18604590045255));
#2067=CARTESIAN_POINT('Ctrl Pts',(119.750002086162,48.5035698683211,6.1799350658231));
#2068=CARTESIAN_POINT('Origin',(107.250001862645,4.24930405100841,-5.8));
#2069=CARTESIAN_POINT('Origin',(108.550001814216,37.8739587214686,5.8));
#2070=CARTESIAN_POINT('Origin',(110.,-5.00000007450581,-1.00000001490116));
#2071=CARTESIAN_POINT('',(119.750002086162,-5.00000007450581,-0.500000007450581));
#2072=CARTESIAN_POINT('Origin',(110.,-25.7506959489917,-1.00000001490116));
#2073=CARTESIAN_POINT('',(119.750002086162,-24.5006959489917,-1.00000001490116));
#2074=CARTESIAN_POINT('',(110.000000819564,-24.5006959489917,-1.00000001490116));
#2075=CARTESIAN_POINT('',(119.750002086162,-25.7506959489917,-1.00000001490116));
#2076=CARTESIAN_POINT('Origin',(110.000001639128,-25.5006959489917,0.));
#2077=CARTESIAN_POINT('',(119.750002086162,-25.5006959489917,6.1642126352877));
#2078=CARTESIAN_POINT('',(119.750002086162,-25.5006959489917,0.));
#2079=CARTESIAN_POINT('Ctrl Pts',(119.750002086162,-25.5006959489917,6.1642126352877));
#2080=CARTESIAN_POINT('Ctrl Pts',(116.472839206939,-25.5006959489917,6.14184821103765));
#2081=CARTESIAN_POINT('Ctrl Pts',(113.178669534653,-25.5006959489917,6.11434626121443));
#2082=CARTESIAN_POINT('Ctrl Pts',(110.,-25.5006959489917,6.08120064514055));
#2083=CARTESIAN_POINT('Origin',(108.550001814216,37.8739587214686,-5.8));
#2084=CARTESIAN_POINT('Origin',(116.300002086162,25.7493071131969,-6.));
#2085=CARTESIAN_POINT('',(119.750002086162,3.00000019371514,-6.));
#2086=CARTESIAN_POINT('',(120.000002086162,3.00000019371514,-6.));
#2087=CARTESIAN_POINT('',(119.750002086162,-0.00069441789739999,-6.));
#2088=CARTESIAN_POINT('Origin',(111.300001862645,25.8696960976604,6.));
#2089=CARTESIAN_POINT('Origin',(112.600002086162,3.00000019371515,0.));
#2090=CARTESIAN_POINT('',(119.750002086162,3.00000019371514,8.6247699638611));
#2091=CARTESIAN_POINT('Ctrl Pts',(119.750002086162,3.00077792436143,8.6249217213947));
#2092=CARTESIAN_POINT('Ctrl Pts',(118.165473091876,3.0009087167665,8.6530508841783));
#2093=CARTESIAN_POINT('Ctrl Pts',(116.582999410136,3.00104857933574,8.68032530066329));
#2094=CARTESIAN_POINT('Ctrl Pts',(115.000002085972,3.00114616333666,8.70677685194509));
#2095=CARTESIAN_POINT('',(119.750002086162,3.00000019371514,0.));
#2096=CARTESIAN_POINT('Ctrl Pts',(110.,55.7244588567218,5.86660270799245));
#2097=CARTESIAN_POINT('Ctrl Pts',(113.25000069543,54.8991772486968,5.82341882634858));
#2098=CARTESIAN_POINT('Ctrl Pts',(116.500001390859,54.0738956406719,5.78023494470471));
#2099=CARTESIAN_POINT('Ctrl Pts',(119.750002086289,53.2486140326469,5.73705106306083));
#2100=CARTESIAN_POINT('Ctrl Pts',(110.,51.7903688366942,6.23759068157967));
#2101=CARTESIAN_POINT('Ctrl Pts',(113.25000069543,50.9855577430856,6.19246922279046));
#2102=CARTESIAN_POINT('Ctrl Pts',(116.500001390859,50.1804971635327,6.14726281372921));
#2103=CARTESIAN_POINT('Ctrl Pts',(119.750002086289,49.3756860699241,6.10214135494001));
#2104=CARTESIAN_POINT('Ctrl Pts',(110.,44.0463594883834,6.96191122961879));
#2105=CARTESIAN_POINT('Ctrl Pts',(113.25000069543,43.2812185874497,6.91276840244791));
#2106=CARTESIAN_POINT('Ctrl Pts',(116.50000139086,42.5161795646492,6.86365852304578));
#2107=CARTESIAN_POINT('Ctrl Pts',(119.750002086289,41.7510386637154,6.81451569587491));
#2108=CARTESIAN_POINT('Ctrl Pts',(110.,35.6131456004191,7.56086323235836));
#2109=CARTESIAN_POINT('Ctrl Pts',(113.25000069543,34.8923535476284,7.50858752588857));
#2110=CARTESIAN_POINT('Ctrl Pts',(116.500001390859,34.1716206803712,7.45632721696505));
#2111=CARTESIAN_POINT('Ctrl Pts',(119.750002086289,33.4508286275805,7.40405151049526));
#2112=CARTESIAN_POINT('Ctrl Pts',(110.,29.5086295066274,7.88722023521097));
#2113=CARTESIAN_POINT('Ctrl Pts',(113.25000069543,28.8204168990643,7.83342169467103));
#2114=CARTESIAN_POINT('Ctrl Pts',(116.50000139086,28.1320911758812,7.77958992809572));
#2115=CARTESIAN_POINT('Ctrl Pts',(119.750002086289,27.4438785683181,7.72579138755578));
#2116=CARTESIAN_POINT('Ctrl Pts',(110.,25.4336483791297,8.08415807335238));
#2117=CARTESIAN_POINT('Ctrl Pts',(113.25000069543,24.76713976561,8.02943989894965));
#2118=CARTESIAN_POINT('Ctrl Pts',(116.500001390859,24.1006049915448,7.97471364454461));
#2119=CARTESIAN_POINT('Ctrl Pts',(119.750002086289,23.4340963780251,7.91999547014187));
#2120=CARTESIAN_POINT('Ctrl Pts',(110.,19.9237137980727,8.32386119430686));
#2121=CARTESIAN_POINT('Ctrl Pts',(113.25000069543,19.2863256732551,8.26794990068612));
#2122=CARTESIAN_POINT('Ctrl Pts',(116.500001390859,18.6488674445662,8.2120178049696));
#2123=CARTESIAN_POINT('Ctrl Pts',(119.750002086289,18.0114793197486,8.15610651134886));
#2124=CARTESIAN_POINT('Ctrl Pts',(110.,14.2173843064107,8.57676377657637));
#2125=CARTESIAN_POINT('Ctrl Pts',(113.25000069543,13.6091751090575,8.51922419556562));
#2126=CARTESIAN_POINT('Ctrl Pts',(116.500001390859,13.0009276929629,8.46167376126644));
#2127=CARTESIAN_POINT('Ctrl Pts',(119.750002086289,12.3927184956096,8.40413418025569));
#2128=CARTESIAN_POINT('Ctrl Pts',(110.,8.74194451138878,8.78849135906343));
#2129=CARTESIAN_POINT('Ctrl Pts',(113.25000069543,8.16083879633954,8.72922974148436));
#2130=CARTESIAN_POINT('Ctrl Pts',(116.500001390859,7.57970179693541,8.66995877347672));
#2131=CARTESIAN_POINT('Ctrl Pts',(119.750002086289,6.99859608188618,8.61069715589765));
#2132=CARTESIAN_POINT('Ctrl Pts',(110.,3.04070949100598,8.83555587814733));
#2133=CARTESIAN_POINT('Ctrl Pts',(113.25000069543,2.48835428213833,8.7756230592287));
#2134=CARTESIAN_POINT('Ctrl Pts',(116.500001390859,1.93598802596844,8.71568662720114));
#2135=CARTESIAN_POINT('Ctrl Pts',(119.750002086289,1.38363281710079,8.65575380828252));
#2136=CARTESIAN_POINT('Ctrl Pts',(110.,-3.344205828255,8.58726384535896));
#2137=CARTESIAN_POINT('Ctrl Pts',(113.25000069543,-3.86220938978572,8.52893073467161));
#2138=CARTESIAN_POINT('Ctrl Pts',(116.500001390859,-4.38022695001072,8.47059350649986));
#2139=CARTESIAN_POINT('Ctrl Pts',(119.750002086289,-4.89823051154144,8.41226039581251));
#2140=CARTESIAN_POINT('Ctrl Pts',(110.,-10.3748800490479,8.01541693248857));
#2141=CARTESIAN_POINT('Ctrl Pts',(113.25000069543,-10.8529468551345,7.96107496459102));
#2142=CARTESIAN_POINT('Ctrl Pts',(116.50000139086,-11.3310348162439,7.90672640876287));
#2143=CARTESIAN_POINT('Ctrl Pts',(119.750002086289,-11.8091016223306,7.85238444086531));
#2144=CARTESIAN_POINT('Ctrl Pts',(110.,-17.0933827727925,7.28820872170991));
#2145=CARTESIAN_POINT('Ctrl Pts',(113.25000069543,-17.5337071877054,7.23827799783179));
#2146=CARTESIAN_POINT('Ctrl Pts',(116.500001390859,-17.9741034141044,7.18832881573703));
#2147=CARTESIAN_POINT('Ctrl Pts',(119.750002086289,-18.4144278290174,7.13839809185891));
#2148=CARTESIAN_POINT('Ctrl Pts',(110.,-22.2844384003223,6.63365344298156));
#2149=CARTESIAN_POINT('Ctrl Pts',(113.25000069543,-22.6990054206472,6.58616356823443));
#2150=CARTESIAN_POINT('Ctrl Pts',(116.500001390859,-23.1135581215999,6.53867468526436));
#2151=CARTESIAN_POINT('Ctrl Pts',(119.750002086289,-23.5281251419248,6.49118481051723));
#2152=CARTESIAN_POINT('Ctrl Pts',(110.,-24.4868445301277,6.28375178935626));
#2153=CARTESIAN_POINT('Ctrl Pts',(113.25000069543,-24.8927839995309,6.2367370196523));
#2154=CARTESIAN_POINT('Ctrl Pts',(116.500001390859,-25.2988633754734,6.18969178428974));
#2155=CARTESIAN_POINT('Ctrl Pts',(119.750002086289,-25.7048028448766,6.14267701458578));
#2156=CARTESIAN_POINT('Ctrl Pts',(110.,-25.5006959489917,6.08120064514055));
#2157=CARTESIAN_POINT('Ctrl Pts',(113.25000069543,-25.9019002239229,6.03493593134575));
#2158=CARTESIAN_POINT('Ctrl Pts',(116.500001390859,-26.303104498854,5.98867121755096));
#2159=CARTESIAN_POINT('Ctrl Pts',(119.750002086289,-26.7043087737852,5.94240650375616));
#2160=CARTESIAN_POINT('',(119.750002086162,53.2486140326792,5.73705106306281));
#2161=CARTESIAN_POINT('Ctrl Pts',(119.750002086162,53.2486140326791,5.73705106306252));
#2162=CARTESIAN_POINT('Ctrl Pts',(119.750002086162,51.7008152835537,5.8829578040418));
#2163=CARTESIAN_POINT('Ctrl Pts',(119.750002086162,50.1177616269539,6.03072867825952));
#2164=CARTESIAN_POINT('Ctrl Pts',(119.750002086162,48.4986140326786,6.17888286458376));
#2165=CARTESIAN_POINT('Ctrl Pts',(110.,53.2486140326786,6.09864831165634));
#2166=CARTESIAN_POINT('Ctrl Pts',(112.758105408038,53.2486140326786,5.99675985262885));
#2167=CARTESIAN_POINT('Ctrl Pts',(116.043158942201,53.2486140326786,5.87503788667215));
#2168=CARTESIAN_POINT('Ctrl Pts',(119.750002086162,53.2486140326786,5.7370510630627));
#2169=CARTESIAN_POINT('Ctrl Pts',(119.750002086163,3.00077792424948,8.6249217213943));
#2170=CARTESIAN_POINT('Ctrl Pts',(119.750002086163,2.43308568800251,8.62299397838803));
#2171=CARTESIAN_POINT('Ctrl Pts',(119.750002086163,1.85762420307672,8.61742217581098));
#2172=CARTESIAN_POINT('Ctrl Pts',(119.750002086163,1.27248280647934,8.60766213080901));
#2173=CARTESIAN_POINT('Ctrl Pts',(119.750002086163,-0.710321625758997,8.57458933746148));
#2174=CARTESIAN_POINT('Ctrl Pts',(119.750002086163,-2.80427606864016,8.49342486663813));
#2175=CARTESIAN_POINT('Ctrl Pts',(119.750002086163,-5.0030651418792,8.35952997206856));
#2176=CARTESIAN_POINT('Ctrl Pts',(119.750002086163,-7.20185421511824,8.22563507749899));
#2177=CARTESIAN_POINT('Ctrl Pts',(119.750002086163,-9.50547791871516,8.0390097591832));
#2178=CARTESIAN_POINT('Ctrl Pts',(119.750002086163,-11.7581774716283,7.82669937519088));
#2179=CARTESIAN_POINT('Ctrl Pts',(119.750002086163,-14.0108770245415,7.61438899119856));
#2180=CARTESIAN_POINT('Ctrl Pts',(119.750002086163,-16.2126524267709,7.3763935415297));
#2181=CARTESIAN_POINT('Ctrl Pts',(119.750002086163,-18.1658230133703,7.14952693647164));
#2182=CARTESIAN_POINT('Ctrl Pts',(119.750002086163,-20.1189935999698,6.92266033141359));
#2183=CARTESIAN_POINT('Ctrl Pts',(119.750002086163,-21.8235593709393,6.70692257096633));
#2184=CARTESIAN_POINT('Ctrl Pts',(119.750002086163,-23.220011682162,6.51192674175983));
#2185=CARTESIAN_POINT('Ctrl Pts',(119.750002086163,-24.0786188604082,6.39203376916117));
#2186=CARTESIAN_POINT('Ctrl Pts',(119.750002086163,-24.8207470791908,6.27998205922652));
#2187=CARTESIAN_POINT('Ctrl Pts',(119.750002086163,-25.4973652435747,6.16490319733914));
#2188=CARTESIAN_POINT('Ctrl Pts',(110.,-24.5006959489917,-6.87727762954518));
#2189=CARTESIAN_POINT('Ctrl Pts',(113.250000695433,-24.9082062561714,-6.85306253500441));
#2190=CARTESIAN_POINT('Ctrl Pts',(116.500001390865,-25.3157165633511,-6.82884744046363));
#2191=CARTESIAN_POINT('Ctrl Pts',(119.750002086298,-25.7232268705308,-6.80463234592285));
#2192=CARTESIAN_POINT('Ctrl Pts',(110.,-23.3685987680014,-6.95222282364746));
#2193=CARTESIAN_POINT('Ctrl Pts',(113.250000695433,-23.7809059658828,-6.92784656667987));
#2194=CARTESIAN_POINT('Ctrl Pts',(116.500001390865,-24.1934540563778,-6.9034449115351));
#2195=CARTESIAN_POINT('Ctrl Pts',(119.750002086298,-24.6057612542593,-6.87906865456751));
#2196=CARTESIAN_POINT('Ctrl Pts',(110.,-20.7578328304301,-7.08917944159588));
#2197=CARTESIAN_POINT('Ctrl Pts',(113.250000695432,-21.1812188228736,-7.06461472189233));
#2198=CARTESIAN_POINT('Ctrl Pts',(116.500001390865,-21.6045375747407,-7.0400572676533));
#2199=CARTESIAN_POINT('Ctrl Pts',(119.750002086297,-22.0279235671841,-7.01549254794974));
#2200=CARTESIAN_POINT('Ctrl Pts',(109.999999999999,-16.0704568714991,-7.2952425111481));
#2201=CARTESIAN_POINT('Ctrl Pts',(113.250000695431,-16.5183687533843,-7.26976718326611));
#2202=CARTESIAN_POINT('Ctrl Pts',(116.500001390864,-16.9664791846096,-7.24426988481308));
#2203=CARTESIAN_POINT('Ctrl Pts',(119.750002086296,-17.4143910664948,-7.21879455693108));
#2204=CARTESIAN_POINT('Ctrl Pts',(109.999999999999,-12.5910427930517,-7.43541904547245));
#2205=CARTESIAN_POINT('Ctrl Pts',(113.250000695431,-13.0585319562192,-7.40909385218255));
#2206=CARTESIAN_POINT('Ctrl Pts',(116.500001390864,-13.5260466465929,-7.38276657973679));
#2207=CARTESIAN_POINT('Ctrl Pts',(119.750002086296,-13.9935358097604,-7.35644138644689));
#2208=CARTESIAN_POINT('Ctrl Pts',(109.999999999999,-10.9438301369364,-7.49876902618291));
#2209=CARTESIAN_POINT('Ctrl Pts',(113.250000695431,-11.4206280939987,-7.47204252955392));
#2210=CARTESIAN_POINT('Ctrl Pts',(116.500001390864,-11.8975149627242,-7.44530634187832));
#2211=CARTESIAN_POINT('Ctrl Pts',(119.750002086296,-12.3743129197865,-7.41857984524933));
#2212=CARTESIAN_POINT('Ctrl Pts',(109.999999999999,-9.83712192691756,-7.5404994662456));
#2213=CARTESIAN_POINT('Ctrl Pts',(113.250000695431,-10.3202144863283,-7.51350047108422));
#2214=CARTESIAN_POINT('Ctrl Pts',(116.500001390864,-10.8033669653715,-7.48649523221425));
#2215=CARTESIAN_POINT('Ctrl Pts',(119.750002086296,-11.2864595247822,-7.45949623705287));
#2216=CARTESIAN_POINT('Ctrl Pts',(109.999999999999,-7.88522673436074,-7.6117425652769));
#2217=CARTESIAN_POINT('Ctrl Pts',(113.250000695431,-8.37941451635025,-7.58427046323362));
#2218=CARTESIAN_POINT('Ctrl Pts',(116.500001390864,-8.87369338820443,-7.55678849550324));
#2219=CARTESIAN_POINT('Ctrl Pts',(119.750002086296,-9.36788117019393,-7.52931639345996));
#2220=CARTESIAN_POINT('Ctrl Pts',(109.999999999999,-5.6516092619197,-7.68709480663114));
#2221=CARTESIAN_POINT('Ctrl Pts',(113.250000695431,-6.15847506051748,-7.65910608277545));
#2222=CARTESIAN_POINT('Ctrl Pts',(116.500001390864,-6.66538239715661,-7.63111284985643));
#2223=CARTESIAN_POINT('Ctrl Pts',(119.750002086296,-7.17224819575439,-7.60312412600075));
#2224=CARTESIAN_POINT('Ctrl Pts',(109.999999999999,-3.46654325869296,-7.75313776693419));
#2225=CARTESIAN_POINT('Ctrl Pts',(113.250000695431,-3.98558867519893,-7.72470619805783));
#2226=CARTESIAN_POINT('Ctrl Pts',(116.500001390864,-4.5047194857872,-7.69626554869476));
#2227=CARTESIAN_POINT('Ctrl Pts',(119.750002086296,-5.02376490229316,-7.6678339798184));
#2228=CARTESIAN_POINT('Ctrl Pts',(109.999999999999,-0.250084027692918,-7.84215299458421));
#2229=CARTESIAN_POINT('Ctrl Pts',(113.250000695431,-0.786880066439245,-7.81313303624914));
#2230=CARTESIAN_POINT('Ctrl Pts',(116.500001390864,-1.32368053582062,-7.78411230048484));
#2231=CARTESIAN_POINT('Ctrl Pts',(119.750002086297,-1.86047657456694,-7.75509234214977));
#2232=CARTESIAN_POINT('Ctrl Pts',(109.999999999999,4.27749964314539,-7.93382680592211));
#2233=CARTESIAN_POINT('Ctrl Pts',(113.250000695432,3.71679991340699,-7.90428948371467));
#2234=CARTESIAN_POINT('Ctrl Pts',(116.500001390864,3.15605744988776,-7.87474757406016));
#2235=CARTESIAN_POINT('Ctrl Pts',(119.750002086297,2.59535772014936,-7.84521025185272));
#2236=CARTESIAN_POINT('Ctrl Pts',(109.999999999999,9.76404646003895,-7.9767260924895));
#2237=CARTESIAN_POINT('Ctrl Pts',(113.250000695432,9.17611538488173,-7.94716874279543));
#2238=CARTESIAN_POINT('Ctrl Pts',(116.500001390865,8.58816981546134,-7.91760939316519));
#2239=CARTESIAN_POINT('Ctrl Pts',(119.750002086297,8.00023874030411,-7.88805204347113));
#2240=CARTESIAN_POINT('Ctrl Pts',(110.,15.1410119171282,-7.97472590753988));
#2241=CARTESIAN_POINT('Ctrl Pts',(113.250000695432,14.5265424749983,-7.94541927382247));
#2242=CARTESIAN_POINT('Ctrl Pts',(116.500001390865,13.9120258916209,-7.91610788360638));
#2243=CARTESIAN_POINT('Ctrl Pts',(119.750002086297,13.297556449491,-7.88680124988896));
#2244=CARTESIAN_POINT('Ctrl Pts',(110.,19.3539262157094,-7.96077677698233));
#2245=CARTESIAN_POINT('Ctrl Pts',(113.250000695432,18.717840009294,-7.93162101664232));
#2246=CARTESIAN_POINT('Ctrl Pts',(116.500001390865,18.0817193516504,-7.90246133326198));
#2247=CARTESIAN_POINT('Ctrl Pts',(119.750002086297,17.445633145235,-7.87330557292197));
#2248=CARTESIAN_POINT('Ctrl Pts',(110.,22.243381493781,-7.94798840940083));
#2249=CARTESIAN_POINT('Ctrl Pts',(113.250000695432,21.592174980928,-7.91890994008103));
#2250=CARTESIAN_POINT('Ctrl Pts',(116.500001390865,20.9409430485985,-7.88982885600812));
#2251=CARTESIAN_POINT('Ctrl Pts',(119.750002086297,20.2897365357456,-7.86075038668832));
#2252=CARTESIAN_POINT('Ctrl Pts',(110.,24.187229256778,-7.93833326054216));
#2253=CARTESIAN_POINT('Ctrl Pts',(113.250000695432,23.525792301789,-7.90930393907479));
#2254=CARTESIAN_POINT('Ctrl Pts',(116.500001390865,22.8643252576966,-7.88027139489083));
#2255=CARTESIAN_POINT('Ctrl Pts',(119.750002086297,22.2028883027076,-7.85124207342346));
#2256=CARTESIAN_POINT('Ctrl Pts',(110.,27.6293379164824,-7.91823466977013));
#2257=CARTESIAN_POINT('Ctrl Pts',(113.250000695432,26.9496442013961,-7.88928764854197));
#2258=CARTESIAN_POINT('Ctrl Pts',(116.500001390865,26.269928923805,-7.86033824684653));
#2259=CARTESIAN_POINT('Ctrl Pts',(119.750002086297,25.5902352087188,-7.83139122561836));
#2260=CARTESIAN_POINT('Ctrl Pts',(110.,32.6027122882188,-7.87743487553931));
#2261=CARTESIAN_POINT('Ctrl Pts',(113.250000695432,31.8964823616877,-7.84864577442041));
#2262=CARTESIAN_POINT('Ctrl Pts',(116.500001390865,31.1902262729823,-7.81985398322259));
#2263=CARTESIAN_POINT('Ctrl Pts',(119.750002086298,30.4839963464512,-7.7910648821037));
#2264=CARTESIAN_POINT('Ctrl Pts',(110.,38.4933586076612,-7.79907638856603));
#2265=CARTESIAN_POINT('Ctrl Pts',(113.250000695432,37.7560146452229,-7.77067697422299));
#2266=CARTESIAN_POINT('Ctrl Pts',(116.500001390865,37.01864585072,-7.74227436493683));
#2267=CARTESIAN_POINT('Ctrl Pts',(119.750002086297,36.2813018882817,-7.71387495059379));
#2268=CARTESIAN_POINT('Ctrl Pts',(110.,46.1871540286237,-7.65133860664412));
#2269=CARTESIAN_POINT('Ctrl Pts',(113.250000695433,45.4097813107321,-7.62376358639169));
#2270=CARTESIAN_POINT('Ctrl Pts',(116.500001390865,44.6323937766172,-7.59618720060041));
#2271=CARTESIAN_POINT('Ctrl Pts',(119.750002086298,43.8550210587256,-7.56861218034798));
#2272=CARTESIAN_POINT('Ctrl Pts',(110.,51.8849296994597,-7.49632787513597));
#2273=CARTESIAN_POINT('Ctrl Pts',(113.250000695433,51.0783759784204,-7.46961311878043));
#2274=CARTESIAN_POINT('Ctrl Pts',(116.500001390865,50.2717446503733,-7.44288706472417));
#2275=CARTESIAN_POINT('Ctrl Pts',(119.750002086298,49.465190929334,-7.41617230836863));
#2276=CARTESIAN_POINT('Ctrl Pts',(110.,55.7279295109943,-7.38162568666716));
#2277=CARTESIAN_POINT('Ctrl Pts',(113.250000695433,54.9014910182112,-7.35550874953534));
#2278=CARTESIAN_POINT('Ctrl Pts',(116.500001390865,54.0750525254282,-7.32939181240352));
#2279=CARTESIAN_POINT('Ctrl Pts',(119.750002086298,53.2486140326451,-7.30327487527171));
#2280=CARTESIAN_POINT('',(119.750002086162,53.2486140326794,-7.30327487527333));
#2281=CARTESIAN_POINT('Ctrl Pts',(119.750002086162,53.2486140326787,-7.30327487527282));
#2282=CARTESIAN_POINT('Ctrl Pts',(116.418728263125,53.2486140326787,-7.35532256428083));
#2283=CARTESIAN_POINT('Ctrl Pts',(113.161373659366,53.2486140326787,-7.40569809179694));
#2284=CARTESIAN_POINT('Ctrl Pts',(110.000001639129,53.2486140326787,-7.45408608778911));
#2285=CARTESIAN_POINT('',(119.750002086162,-24.5006959489917,-6.87991452766832));
#2286=CARTESIAN_POINT('Ctrl Pts',(119.750002086162,-24.5006959489917,-6.87991452766832));
#2287=CARTESIAN_POINT('Ctrl Pts',(119.750002086162,-23.080649173198,-6.961297949244));
#2288=CARTESIAN_POINT('Ctrl Pts',(119.750002086162,-21.3237843944881,-7.04531604262633));
#2289=CARTESIAN_POINT('Ctrl Pts',(119.750002086162,-19.0509690406246,-7.14513912788726));
#2290=CARTESIAN_POINT('Ctrl Pts',(119.750002086162,-17.8479813383859,-7.19797489554621));
#2291=CARTESIAN_POINT('Ctrl Pts',(119.750002086162,-16.5004331920618,-7.25504028923346));
#2292=CARTESIAN_POINT('Ctrl Pts',(119.750002086162,-14.9816734483781,-7.3162528442029));
#2293=CARTESIAN_POINT('Ctrl Pts',(119.750002086162,-13.9370364037903,-7.35835621360078));
#2294=CARTESIAN_POINT('Ctrl Pts',(119.750002086162,-12.800297835287,-7.40266228820051));
#2295=CARTESIAN_POINT('Ctrl Pts',(119.750002086162,-11.7347458883511,-7.44248851654843));
#2296=CARTESIAN_POINT('Ctrl Pts',(119.750002086162,-2.79811197553054,-7.7765054773332));
#2297=CARTESIAN_POINT('Ctrl Pts',(119.750002086162,3.93454258939983,-7.90686874752668));
#2298=CARTESIAN_POINT('Ctrl Pts',(119.750002086162,14.4486513609619,-7.88162617643877));
#2299=CARTESIAN_POINT('Ctrl Pts',(119.750002086162,17.625171198876,-7.8739998973539));
#2300=CARTESIAN_POINT('Ctrl Pts',(119.750002086162,21.146893819806,-7.86053336029721));
#2301=CARTESIAN_POINT('Ctrl Pts',(119.750002086162,25.1788645674033,-7.83244451987016));
#2302=CARTESIAN_POINT('Ctrl Pts',(119.750002086162,27.2213702944364,-7.81821534485144));
#2303=CARTESIAN_POINT('Ctrl Pts',(119.750002086162,29.413827251938,-7.79909811629952));
#2304=CARTESIAN_POINT('Ctrl Pts',(119.750002086162,31.5554546924511,-7.77404071365734));
#2305=CARTESIAN_POINT('Ctrl Pts',(119.750002086162,39.1794471977387,-7.68483871412553));
#2306=CARTESIAN_POINT('Ctrl Pts',(119.750002086162,46.680858371416,-7.49925685643571));
#2307=CARTESIAN_POINT('Ctrl Pts',(119.750002086162,53.2486140326794,-7.3032748752728));
#2308=CARTESIAN_POINT('Ctrl Pts',(110.,-24.5006959489917,-6.87727762954518));
#2309=CARTESIAN_POINT('Ctrl Pts',(113.020995532698,-24.5006959489917,-6.87984521273424));
#2310=CARTESIAN_POINT('Ctrl Pts',(116.286374730185,-24.5006959489917,-6.88066922581286));
#2311=CARTESIAN_POINT('Ctrl Pts',(119.750002086162,-24.5006959489917,-6.87991452766832));
#2312=CARTESIAN_POINT('Origin',(110.000001639128,-24.5006959489917,0.));
#2313=CARTESIAN_POINT('',(119.750002086162,-24.5006959489917,0.));
#2314=CARTESIAN_POINT('Origin',(119.750002086162,-25.7506959489917,0.));
#2315=CARTESIAN_POINT('',(119.750002086162,53.2486140326787,0.));
#2316=CARTESIAN_POINT('Origin',(120.000002086162,53.2486140326787,0.));
#2317=UNCERTAINTY_MEASURE_WITH_UNIT(LENGTH_MEASURE(0.01),#2321,
'DISTANCE_ACCURACY_VALUE',
'Maximum model space distance between geometric entities at asserted c
onnectivities');
#2318=UNCERTAINTY_MEASURE_WITH_UNIT(LENGTH_MEASURE(0.01),#2321,
'DISTANCE_ACCURACY_VALUE',
'Maximum model space distance between geometric entities at asserted c
onnectivities');
#2319=(
GEOMETRIC_REPRESENTATION_CONTEXT(3)
GLOBAL_UNCERTAINTY_ASSIGNED_CONTEXT((#2317))
GLOBAL_UNIT_ASSIGNED_CONTEXT((#2321,#2323,#2324))
REPRESENTATION_CONTEXT('','3D')
);
#2320=(
GEOMETRIC_REPRESENTATION_CONTEXT(3)
GLOBAL_UNCERTAINTY_ASSIGNED_CONTEXT((#2318))
GLOBAL_UNIT_ASSIGNED_CONTEXT((#2321,#2323,#2324))
REPRESENTATION_CONTEXT('','3D')
);
#2321=(
LENGTH_UNIT()
NAMED_UNIT(*)
SI_UNIT(.MILLI.,.METRE.)
);
#2322=(
LENGTH_UNIT()
NAMED_UNIT(*)
SI_UNIT($,.METRE.)
);
#2323=(
NAMED_UNIT(*)
PLANE_ANGLE_UNIT()
SI_UNIT($,.RADIAN.)
);
#2324=(
NAMED_UNIT(*)
SI_UNIT($,.STERADIAN.)
SOLID_ANGLE_UNIT()
);
#2325=SHAPE_DEFINITION_REPRESENTATION(#2326,#2327);
#2326=PRODUCT_DEFINITION_SHAPE('',$,#2329);
#2327=SHAPE_REPRESENTATION('',(#1216),#2319);
#2328=PRODUCT_DEFINITION_CONTEXT('part definition',#2333,'design');
#2329=PRODUCT_DEFINITION('Wing L Lock','Wing L Lock',#2330,#2328);
#2330=PRODUCT_DEFINITION_FORMATION('',$,#2335);
#2331=PRODUCT_RELATED_PRODUCT_CATEGORY('Wing L Lock','Wing L Lock',(#2335));
#2332=APPLICATION_PROTOCOL_DEFINITION('international standard',
'automotive_design',2009,#2333);
#2333=APPLICATION_CONTEXT(
'Core Data for Automotive Mechanical Design Process');
#2334=PRODUCT_CONTEXT('part definition',#2333,'mechanical');
#2335=PRODUCT('Wing L Lock','Wing L Lock',$,(#2334));
#2336=PRESENTATION_STYLE_ASSIGNMENT((#2338));
#2337=PRESENTATION_STYLE_ASSIGNMENT((#2339));
#2338=SURFACE_STYLE_USAGE(.BOTH.,#2340);
#2339=SURFACE_STYLE_USAGE(.BOTH.,#2341);
#2340=SURFACE_SIDE_STYLE('',(#2342));
#2341=SURFACE_SIDE_STYLE('',(#2343));
#2342=SURFACE_STYLE_FILL_AREA(#2344);
#2343=SURFACE_STYLE_FILL_AREA(#2345);
#2344=FILL_AREA_STYLE('Steel - Satin',(#2346));
#2345=FILL_AREA_STYLE('Paint - Enamel Glossy (Dark Grey)',(#2347));
#2346=FILL_AREA_STYLE_COLOUR('Steel - Satin',#2348);
#2347=FILL_AREA_STYLE_COLOUR('Paint - Enamel Glossy (Dark Grey)',#2349);
#2348=COLOUR_RGB('Steel - Satin',0.627450980392157,0.627450980392157,0.627450980392157);
#2349=COLOUR_RGB('Paint - Enamel Glossy (Dark Grey)',0.349019607843137,
0.349019607843137,0.349019607843137);
ENDSEC;
END-ISO-10303-21;
