ISO-10303-21;
HEADER;
/* Generated by software containing ST-Developer
 * from STEP Tools, Inc. (www.steptools.com) 
 */

FILE_DESCRIPTION(
/* description */ (''),
/* implementation_level */ '2;1');

FILE_NAME(
/* name */ 'Wing L 2.step',
/* time_stamp */ '2025-08-21T21:42:11+02:00',
/* author */ (''),
/* organization */ (''),
/* preprocessor_version */ 'ST-DEVELOPER v20.1',
/* originating_system */ 'Autodesk Translation Framework v14.10.0.0',
/* authorisation */ '');

FILE_SCHEMA (('AUTOMOTIVE_DESIGN { 1 0 10303 214 3 1 1 }'));
ENDSEC;

DATA;
#10=MECHANICAL_DESIGN_GEOMETRIC_PRESENTATION_REPRESENTATION('',(#13),#7074);
#11=SHAPE_REPRESENTATION_RELATIONSHIP('SRR','None',#7081,#12);
#12=ADVANCED_BREP_SHAPE_REPRESENTATION('',(#14),#7073);
#13=STYLED_ITEM('',(#7091),#14);
#14=MANIFOLD_SOLID_BREP('Wing L 2',#1360);
#15=(
BOUNDED_CURVE()
B_SPLINE_CURVE(5,(#3473,#3474,#3475,#3476,#3477,#3478,#3479,#3480,#3481,
#3482,#3483,#3484,#3485,#3486,#3487,#3488),.UNSPECIFIED.,.F.,.F.)
B_SPLINE_CURVE_WITH_KNOTS((6,1,1,1,1,1,1,1,1,1,1,6),(0.,0.0153846153846154,
0.0307692307692308,0.0461538461538462,0.0615384615384615,0.0769230769230769,
0.0923076923076923,0.107692307692308,0.123076923076923,0.138461538461538,
0.153846153846154,0.16158245491455),.UNSPECIFIED.)
CURVE()
GEOMETRIC_REPRESENTATION_ITEM()
RATIONAL_B_SPLINE_CURVE((1.,1.,1.,1.,1.,1.,1.,1.,1.,1.,1.,1.,1.,1.,1.,1.))
REPRESENTATION_ITEM('')
);
#16=(
BOUNDED_CURVE()
B_SPLINE_CURVE(5,(#3555,#3556,#3557,#3558,#3559,#3560,#3561,#3562,#3563,
#3564,#3565,#3566,#3567,#3568,#3569,#3570,#3571,#3572,#3573,#3574,#3575),
 .UNSPECIFIED.,.F.,.F.)
B_SPLINE_CURVE_WITH_KNOTS((6,1,1,1,1,1,1,1,1,1,1,1,1,1,1,1,6),(0.564396769597585,
0.569230769230769,0.584615384615384,0.6,0.615384615384615,0.63076923076923,
0.646153846153846,0.661538461538461,0.676923076923076,0.692307692307692,
0.707692307692307,0.723076923076922,0.738461538461538,0.753846153846153,
0.769230769230768,0.784615384615384,0.797994695496581),.UNSPECIFIED.)
CURVE()
GEOMETRIC_REPRESENTATION_ITEM()
RATIONAL_B_SPLINE_CURVE((1.,1.,1.,1.,1.,1.,1.,1.,1.,1.,1.,1.,1.,1.,1.,1.,
1.,1.,1.,1.,1.))
REPRESENTATION_ITEM('')
);
#17=(
BOUNDED_CURVE()
B_SPLINE_CURVE(5,(#6784,#6785,#6786,#6787,#6788,#6789,#6790,#6791,#6792,
#6793,#6794,#6795,#6796,#6797,#6798,#6799,#6800,#6801,#6802,#6803,#6804,
#6805),.UNSPECIFIED.,.F.,.F.)
B_SPLINE_CURVE_WITH_KNOTS((6,1,1,1,1,1,1,1,1,1,1,1,1,1,1,1,1,6),(-0.80003060752875,
-0.799999999999999,-0.784615384615384,-0.769230769230768,-0.753846153846153,
-0.738461538461538,-0.723076923076922,-0.707692307692307,-0.692307692307692,
-0.676923076923076,-0.661538461538461,-0.646153846153846,-0.63076923076923,
-0.615384615384615,-0.6,-0.584615384615384,-0.569230769230769,-0.568059776046611),
 .UNSPECIFIED.)
CURVE()
GEOMETRIC_REPRESENTATION_ITEM()
RATIONAL_B_SPLINE_CURVE((1.,1.,1.,1.,1.,1.,1.,1.,1.,1.,1.,1.,1.,1.,1.,1.,
1.,1.,1.,1.,1.,1.))
REPRESENTATION_ITEM('')
);
#18=(
BOUNDED_CURVE()
B_SPLINE_CURVE(5,(#6842,#6843,#6844,#6845,#6846,#6847,#6848,#6849,#6850,
#6851,#6852,#6853,#6854,#6855,#6856,#6857),.UNSPECIFIED.,.F.,.F.)
B_SPLINE_CURVE_WITH_KNOTS((6,1,1,1,1,1,1,1,1,1,1,6),(-0.167306788096851,
-0.153846153846154,-0.138461538461538,-0.123076923076923,-0.107692307692308,
-0.0923076923076923,-0.0769230769230769,-0.0615384615384615,-0.0461538461538462,
-0.0307692307692308,-0.0153846153846154,0.),.UNSPECIFIED.)
CURVE()
GEOMETRIC_REPRESENTATION_ITEM()
RATIONAL_B_SPLINE_CURVE((1.,1.,1.,1.,1.,1.,1.,1.,1.,1.,1.,1.,1.,1.,1.,1.))
REPRESENTATION_ITEM('')
);
#19=FACE_BOUND('',#202,.T.);
#20=FACE_BOUND('',#203,.T.);
#21=FACE_BOUND('',#228,.T.);
#22=FACE_BOUND('',#231,.T.);
#23=FACE_BOUND('',#254,.T.);
#24=FACE_BOUND('',#255,.T.);
#25=FACE_BOUND('',#256,.T.);
#26=FACE_BOUND('',#258,.T.);
#27=FACE_BOUND('',#259,.T.);
#28=B_SPLINE_SURFACE_WITH_KNOTS('',3,3,((#1929,#1930,#1931,#1932),(#1933,
#1934,#1935,#1936),(#1937,#1938,#1939,#1940),(#1941,#1942,#1943,#1944),
(#1945,#1946,#1947,#1948)),.UNSPECIFIED.,.F.,.F.,.F.,(4,1,4),(4,4),(0.,
0.5,1.),(4.71933458435315,4.72984487163841),.UNSPECIFIED.);
#29=B_SPLINE_SURFACE_WITH_KNOTS('',3,3,((#1999,#2000,#2001,#2002),(#2003,
#2004,#2005,#2006),(#2007,#2008,#2009,#2010),(#2011,#2012,#2013,#2014),
(#2015,#2016,#2017,#2018),(#2019,#2020,#2021,#2022),(#2023,#2024,#2025,
#2026),(#2027,#2028,#2029,#2030),(#2031,#2032,#2033,#2034),(#2035,#2036,
#2037,#2038)),.UNSPECIFIED.,.F.,.F.,.F.,(4,1,1,1,1,1,1,4),(4,4),(0.24107935107989,
0.271232325109453,0.301385299139016,0.331538273168579,0.361691247198142,
0.391844221227705,0.421997195257268,0.452150169286831),(0.0500057995947471,
0.995291428742517),.UNSPECIFIED.);
#30=B_SPLINE_SURFACE_WITH_KNOTS('',3,3,((#2109,#2110,#2111,#2112),(#2113,
#2114,#2115,#2116),(#2117,#2118,#2119,#2120),(#2121,#2122,#2123,#2124),
(#2125,#2126,#2127,#2128)),.UNSPECIFIED.,.F.,.F.,.F.,(4,1,4),(4,4),(0.,
0.5,1.),(4.64980767711863,4.66260825981316),.UNSPECIFIED.);
#31=B_SPLINE_SURFACE_WITH_KNOTS('',3,3,((#2133,#2134,#2135,#2136),(#2137,
#2138,#2139,#2140),(#2141,#2142,#2143,#2144),(#2145,#2146,#2147,#2148),
(#2149,#2150,#2151,#2152),(#2153,#2154,#2155,#2156),(#2157,#2158,#2159,
#2160),(#2161,#2162,#2163,#2164)),.UNSPECIFIED.,.F.,.F.,.F.,(4,1,1,1,1,
4),(4,4),(0.543942886830745,0.603479911910953,0.633248424451057,0.692785449531265,
0.722553962071369,0.752322474611473),(0.0500037442827496,0.995373202817734),
 .UNSPECIFIED.);
#32=B_SPLINE_SURFACE_WITH_KNOTS('',3,3,((#2777,#2778,#2779,#2780,#2781,
#2782,#2783,#2784,#2785,#2786,#2787,#2788,#2789,#2790,#2791,#2792,#2793,
#2794,#2795,#2796,#2797,#2798,#2799,#2800,#2801,#2802,#2803,#2804,#2805,
#2806,#2807,#2808,#2809,#2810,#2811,#2812,#2813,#2814,#2815,#2816,#2817,
#2818,#2819,#2820,#2821,#2822,#2823,#2824,#2825,#2826,#2827,#2828,#2829,
#2830,#2831,#2832,#2833,#2834,#2835,#2836,#2837,#2838,#2839,#2840,#2841,
#2842,#2843,#2844,#2845,#2846,#2847,#2848),(#2849,#2850,#2851,#2852,#2853,
#2854,#2855,#2856,#2857,#2858,#2859,#2860,#2861,#2862,#2863,#2864,#2865,
#2866,#2867,#2868,#2869,#2870,#2871,#2872,#2873,#2874,#2875,#2876,#2877,
#2878,#2879,#2880,#2881,#2882,#2883,#2884,#2885,#2886,#2887,#2888,#2889,
#2890,#2891,#2892,#2893,#2894,#2895,#2896,#2897,#2898,#2899,#2900,#2901,
#2902,#2903,#2904,#2905,#2906,#2907,#2908,#2909,#2910,#2911,#2912,#2913,
#2914,#2915,#2916,#2917,#2918,#2919,#2920),(#2921,#2922,#2923,#2924,#2925,
#2926,#2927,#2928,#2929,#2930,#2931,#2932,#2933,#2934,#2935,#2936,#2937,
#2938,#2939,#2940,#2941,#2942,#2943,#2944,#2945,#2946,#2947,#2948,#2949,
#2950,#2951,#2952,#2953,#2954,#2955,#2956,#2957,#2958,#2959,#2960,#2961,
#2962,#2963,#2964,#2965,#2966,#2967,#2968,#2969,#2970,#2971,#2972,#2973,
#2974,#2975,#2976,#2977,#2978,#2979,#2980,#2981,#2982,#2983,#2984,#2985,
#2986,#2987,#2988,#2989,#2990,#2991,#2992),(#2993,#2994,#2995,#2996,#2997,
#2998,#2999,#3000,#3001,#3002,#3003,#3004,#3005,#3006,#3007,#3008,#3009,
#3010,#3011,#3012,#3013,#3014,#3015,#3016,#3017,#3018,#3019,#3020,#3021,
#3022,#3023,#3024,#3025,#3026,#3027,#3028,#3029,#3030,#3031,#3032,#3033,
#3034,#3035,#3036,#3037,#3038,#3039,#3040,#3041,#3042,#3043,#3044,#3045,
#3046,#3047,#3048,#3049,#3050,#3051,#3052,#3053,#3054,#3055,#3056,#3057,
#3058,#3059,#3060,#3061,#3062,#3063,#3064),(#3065,#3066,#3067,#3068,#3069,
#3070,#3071,#3072,#3073,#3074,#3075,#3076,#3077,#3078,#3079,#3080,#3081,
#3082,#3083,#3084,#3085,#3086,#3087,#3088,#3089,#3090,#3091,#3092,#3093,
#3094,#3095,#3096,#3097,#3098,#3099,#3100,#3101,#3102,#3103,#3104,#3105,
#3106,#3107,#3108,#3109,#3110,#3111,#3112,#3113,#3114,#3115,#3116,#3117,
#3118,#3119,#3120,#3121,#3122,#3123,#3124,#3125,#3126,#3127,#3128,#3129,
#3130,#3131,#3132,#3133,#3134,#3135,#3136)),.UNSPECIFIED.,.F.,.F.,.F.,(4,
1,4),(4,2,1,1,1,1,1,1,1,1,1,1,1,1,1,1,1,1,1,1,1,1,1,1,1,1,1,1,1,1,1,1,1,
1,1,1,1,1,1,1,1,1,1,1,1,1,1,1,1,1,1,1,1,1,1,1,1,1,1,1,1,1,1,1,1,1,1,1,4),
(0.,0.571428571428571,1.),(-0.00434596578745695,0.,0.000114261566103552,
0.000228523132207105,0.000457046264414209,0.000914092528828419,0.00137113879324263,
0.00182818505765684,0.00365637011531367,0.00548455517297051,0.00639864770179893,
0.00731274023062735,0.0146254804612547,0.0292509609225094,0.0365637011531367,
0.0438764413837641,0.0511891816143914,0.0548455517297051,0.056673736787362,
0.0585019218450188,0.117003843690038,0.175505765535056,0.234007687380075,
0.292509609225094,0.351011531070113,0.409513452915132,0.46801537476015,
0.702023062140225,0.936030749520301,1.17003843690038,1.40404612428045,1.63805381166053,
1.8720614990406,2.02806662396065,2.1840717488807,2.34007687380075,2.4960819987208,
2.65208712364085,2.8080922485609,2.96409737348095,3.120102498401,3.27610762332105,
3.4321127482411,3.58811787316115,3.7441229980812,3.97813068546128,4.21213837284135,
4.44614606022143,4.6801537476015,4.91416143498158,5.14816912236165,5.38217680974173,
5.6161844971218,5.85019218450188,6.08419987188195,6.31820755926203,6.5522152466421,
6.78622293402218,7.02023062140225,7.25423830878233,7.48824599616241,7.72225368354248,
7.95626137092256,8.19026905830263,8.42427674568271,8.65828443306278,8.89229212044286,
9.12629980782293,9.36030749520301),.UNSPECIFIED.);
#33=B_SPLINE_SURFACE_WITH_KNOTS('',3,3,((#3264,#3265,#3266,#3267,#3268),
(#3269,#3270,#3271,#3272,#3273),(#3274,#3275,#3276,#3277,#3278),(#3279,
#3280,#3281,#3282,#3283)),.UNSPECIFIED.,.F.,.F.,.F.,(4,4),(4,1,4),(0.620924480331959,
1.),(0.00153980483672289,0.0161298859429323,0.0355833274178781),
 .UNSPECIFIED.);
#34=B_SPLINE_SURFACE_WITH_KNOTS('',3,3,((#3300,#3301,#3302,#3303),(#3304,
#3305,#3306,#3307),(#3308,#3309,#3310,#3311),(#3312,#3313,#3314,#3315)),
 .UNSPECIFIED.,.F.,.F.,.F.,(4,4),(4,4),(0.,1.),(-22.1379270583958,-0.000770737127457899),
 .UNSPECIFIED.);
#35=B_SPLINE_SURFACE_WITH_KNOTS('',3,3,((#3332,#3333,#3334,#3335),(#3336,
#3337,#3338,#3339),(#3340,#3341,#3342,#3343),(#3344,#3345,#3346,#3347),
(#3348,#3349,#3350,#3351),(#3352,#3353,#3354,#3355),(#3356,#3357,#3358,
#3359),(#3360,#3361,#3362,#3363),(#3364,#3365,#3366,#3367),(#3368,#3369,
#3370,#3371),(#3372,#3373,#3374,#3375),(#3376,#3377,#3378,#3379),(#3380,
#3381,#3382,#3383),(#3384,#3385,#3386,#3387),(#3388,#3389,#3390,#3391),
(#3392,#3393,#3394,#3395),(#3396,#3397,#3398,#3399),(#3400,#3401,#3402,
#3403),(#3404,#3405,#3406,#3407),(#3408,#3409,#3410,#3411),(#3412,#3413,
#3414,#3415),(#3416,#3417,#3418,#3419),(#3420,#3421,#3422,#3423),(#3424,
#3425,#3426,#3427),(#3428,#3429,#3430,#3431),(#3432,#3433,#3434,#3435),
(#3436,#3437,#3438,#3439),(#3440,#3441,#3442,#3443),(#3444,#3445,#3446,
#3447),(#3448,#3449,#3450,#3451),(#3452,#3453,#3454,#3455),(#3456,#3457,
#3458,#3459),(#3460,#3461,#3462,#3463),(#3464,#3465,#3466,#3467),(#3468,
#3469,#3470,#3471)),.UNSPECIFIED.,.F.,.F.,.F.,(4,1,1,1,1,1,1,1,1,1,1,1,
1,1,1,1,1,1,1,1,1,1,1,1,1,1,1,1,1,1,1,1,4),(4,4),(0.,0.0142499052767247,
0.0284998105534493,0.042749715830174,0.0569996211068987,0.0712495263836233,
0.085499431660348,0.0997493369370727,0.113999242213797,0.128249147490522,
0.142499052767247,0.170998863320696,0.185248768597421,0.199498673874145,
0.21374857915087,0.227998484427595,0.256498294981044,0.284998105534493,
0.313497916087943,0.341997726641392,0.379997474045991,0.41799722145059,
0.43699709515289,0.455996968855189,0.465496905706339,0.474996842557489,
0.493996716259789,0.569996211068987,0.626995832175886,0.655495642729335,
0.683995453282784,0.740995074389683,0.797994695496582),(0.,0.99534147829037),
 .UNSPECIFIED.);
#36=B_SPLINE_SURFACE_WITH_KNOTS('',3,3,((#3576,#3577,#3578,#3579,#3580,
#3581,#3582,#3583,#3584,#3585,#3586,#3587,#3588,#3589,#3590,#3591,#3592,
#3593,#3594,#3595,#3596,#3597,#3598,#3599,#3600,#3601,#3602,#3603,#3604,
#3605,#3606,#3607,#3608,#3609,#3610,#3611,#3612,#3613,#3614,#3615,#3616,
#3617,#3618,#3619,#3620,#3621,#3622,#3623,#3624,#3625,#3626,#3627,#3628,
#3629,#3630,#3631,#3632,#3633,#3634,#3635,#3636,#3637,#3638,#3639,#3640,
#3641,#3642,#3643,#3644,#3645,#3646,#3647,#3648,#3649,#3650,#3651,#3652,
#3653,#3654,#3655,#3656,#3657,#3658,#3659,#3660,#3661,#3662,#3663,#3664,
#3665,#3666,#3667,#3668,#3669,#3670,#3671,#3672,#3673,#3674,#3675,#3676,
#3677,#3678,#3679,#3680,#3681,#3682,#3683,#3684,#3685,#3686,#3687,#3688,
#3689,#3690,#3691,#3692,#3693,#3694,#3695,#3696,#3697,#3698,#3699,#3700,
#3701,#3702,#3703,#3704,#3705,#3706,#3707,#3708,#3709,#3710,#3711,#3712,
#3713,#3714,#3715,#3716,#3717,#3718,#3719,#3720,#3721,#3722,#3723,#3724,
#3725,#3726,#3727,#3728,#3729,#3730,#3731,#3732,#3733,#3734,#3735,#3736,
#3737,#3738,#3739,#3740,#3741,#3742,#3743,#3744,#3745,#3746,#3747,#3748,
#3749,#3750,#3751,#3752,#3753,#3754,#3755,#3756,#3757,#3758,#3759,#3760,
#3761,#3762,#3763,#3764,#3765,#3766,#3767,#3768,#3769,#3770,#3771,#3772,
#3773,#3774,#3775,#3776,#3777,#3778,#3779,#3780,#3781,#3782,#3783,#3784,
#3785,#3786,#3787,#3788,#3789,#3790,#3791,#3792,#3793,#3794,#3795,#3796,
#3797,#3798,#3799,#3800,#3801,#3802,#3803,#3804,#3805,#3806,#3807,#3808,
#3809,#3810,#3811,#3812,#3813,#3814,#3815,#3816,#3817,#3818,#3819,#3820,
#3821,#3822,#3823,#3824,#3825,#3826,#3827,#3828,#3829,#3830,#3831,#3832,
#3833,#3834,#3835,#3836,#3837,#3838,#3839,#3840,#3841,#3842,#3843,#3844,
#3845,#3846,#3847,#3848,#3849,#3850,#3851,#3852,#3853,#3854,#3855,#3856,
#3857,#3858,#3859,#3860,#3861,#3862,#3863,#3864,#3865,#3866,#3867,#3868,
#3869,#3870,#3871,#3872,#3873,#3874,#3875,#3876,#3877,#3878,#3879,#3880,
#3881,#3882,#3883,#3884,#3885,#3886,#3887,#3888,#3889,#3890,#3891,#3892,
#3893,#3894,#3895,#3896,#3897,#3898,#3899,#3900,#3901,#3902,#3903,#3904,
#3905,#3906,#3907,#3908,#3909,#3910,#3911,#3912,#3913,#3914,#3915,#3916,
#3917,#3918,#3919,#3920,#3921,#3922,#3923,#3924,#3925,#3926,#3927,#3928,
#3929,#3930,#3931,#3932,#3933,#3934,#3935,#3936,#3937,#3938,#3939,#3940,
#3941,#3942,#3943,#3944,#3945,#3946,#3947,#3948,#3949,#3950,#3951,#3952,
#3953,#3954,#3955,#3956,#3957,#3958,#3959,#3960,#3961,#3962,#3963,#3964,
#3965,#3966,#3967,#3968,#3969,#3970,#3971,#3972,#3973,#3974,#3975,#3976,
#3977,#3978,#3979,#3980,#3981,#3982,#3983,#3984,#3985,#3986,#3987,#3988,
#3989,#3990,#3991,#3992,#3993,#3994,#3995,#3996,#3997,#3998,#3999,#4000,
#4001,#4002,#4003,#4004,#4005,#4006,#4007,#4008,#4009,#4010,#4011,#4012,
#4013,#4014,#4015,#4016,#4017,#4018,#4019,#4020,#4021,#4022,#4023,#4024,
#4025,#4026,#4027,#4028,#4029,#4030,#4031,#4032,#4033,#4034,#4035,#4036,
#4037,#4038,#4039,#4040,#4041,#4042,#4043,#4044,#4045,#4046,#4047,#4048,
#4049,#4050,#4051,#4052,#4053,#4054,#4055,#4056,#4057,#4058,#4059,#4060,
#4061,#4062,#4063,#4064,#4065,#4066,#4067,#4068,#4069,#4070,#4071,#4072,
#4073,#4074,#4075,#4076,#4077),(#4078,#4079,#4080,#4081,#4082,#4083,#4084,
#4085,#4086,#4087,#4088,#4089,#4090,#4091,#4092,#4093,#4094,#4095,#4096,
#4097,#4098,#4099,#4100,#4101,#4102,#4103,#4104,#4105,#4106,#4107,#4108,
#4109,#4110,#4111,#4112,#4113,#4114,#4115,#4116,#4117,#4118,#4119,#4120,
#4121,#4122,#4123,#4124,#4125,#4126,#4127,#4128,#4129,#4130,#4131,#4132,
#4133,#4134,#4135,#4136,#4137,#4138,#4139,#4140,#4141,#4142,#4143,#4144,
#4145,#4146,#4147,#4148,#4149,#4150,#4151,#4152,#4153,#4154,#4155,#4156,
#4157,#4158,#4159,#4160,#4161,#4162,#4163,#4164,#4165,#4166,#4167,#4168,
#4169,#4170,#4171,#4172,#4173,#4174,#4175,#4176,#4177,#4178,#4179,#4180,
#4181,#4182,#4183,#4184,#4185,#4186,#4187,#4188,#4189,#4190,#4191,#4192,
#4193,#4194,#4195,#4196,#4197,#4198,#4199,#4200,#4201,#4202,#4203,#4204,
#4205,#4206,#4207,#4208,#4209,#4210,#4211,#4212,#4213,#4214,#4215,#4216,
#4217,#4218,#4219,#4220,#4221,#4222,#4223,#4224,#4225,#4226,#4227,#4228,
#4229,#4230,#4231,#4232,#4233,#4234,#4235,#4236,#4237,#4238,#4239,#4240,
#4241,#4242,#4243,#4244,#4245,#4246,#4247,#4248,#4249,#4250,#4251,#4252,
#4253,#4254,#4255,#4256,#4257,#4258,#4259,#4260,#4261,#4262,#4263,#4264,
#4265,#4266,#4267,#4268,#4269,#4270,#4271,#4272,#4273,#4274,#4275,#4276,
#4277,#4278,#4279,#4280,#4281,#4282,#4283,#4284,#4285,#4286,#4287,#4288,
#4289,#4290,#4291,#4292,#4293,#4294,#4295,#4296,#4297,#4298,#4299,#4300,
#4301,#4302,#4303,#4304,#4305,#4306,#4307,#4308,#4309,#4310,#4311,#4312,
#4313,#4314,#4315,#4316,#4317,#4318,#4319,#4320,#4321,#4322,#4323,#4324,
#4325,#4326,#4327,#4328,#4329,#4330,#4331,#4332,#4333,#4334,#4335,#4336,
#4337,#4338,#4339,#4340,#4341,#4342,#4343,#4344,#4345,#4346,#4347,#4348,
#4349,#4350,#4351,#4352,#4353,#4354,#4355,#4356,#4357,#4358,#4359,#4360,
#4361,#4362,#4363,#4364,#4365,#4366,#4367,#4368,#4369,#4370,#4371,#4372,
#4373,#4374,#4375,#4376,#4377,#4378,#4379,#4380,#4381,#4382,#4383,#4384,
#4385,#4386,#4387,#4388,#4389,#4390,#4391,#4392,#4393,#4394,#4395,#4396,
#4397,#4398,#4399,#4400,#4401,#4402,#4403,#4404,#4405,#4406,#4407,#4408,
#4409,#4410,#4411,#4412,#4413,#4414,#4415,#4416,#4417,#4418,#4419,#4420,
#4421,#4422,#4423,#4424,#4425,#4426,#4427,#4428,#4429,#4430,#4431,#4432,
#4433,#4434,#4435,#4436,#4437,#4438,#4439,#4440,#4441,#4442,#4443,#4444,
#4445,#4446,#4447,#4448,#4449,#4450,#4451,#4452,#4453,#4454,#4455,#4456,
#4457,#4458,#4459,#4460,#4461,#4462,#4463,#4464,#4465,#4466,#4467,#4468,
#4469,#4470,#4471,#4472,#4473,#4474,#4475,#4476,#4477,#4478,#4479,#4480,
#4481,#4482,#4483,#4484,#4485,#4486,#4487,#4488,#4489,#4490,#4491,#4492,
#4493,#4494,#4495,#4496,#4497,#4498,#4499,#4500,#4501,#4502,#4503,#4504,
#4505,#4506,#4507,#4508,#4509,#4510,#4511,#4512,#4513,#4514,#4515,#4516,
#4517,#4518,#4519,#4520,#4521,#4522,#4523,#4524,#4525,#4526,#4527,#4528,
#4529,#4530,#4531,#4532,#4533,#4534,#4535,#4536,#4537,#4538,#4539,#4540,
#4541,#4542,#4543,#4544,#4545,#4546,#4547,#4548,#4549,#4550,#4551,#4552,
#4553,#4554,#4555,#4556,#4557,#4558,#4559,#4560,#4561,#4562,#4563,#4564,
#4565,#4566,#4567,#4568,#4569,#4570,#4571,#4572,#4573,#4574,#4575,#4576,
#4577,#4578,#4579),(#4580,#4581,#4582,#4583,#4584,#4585,#4586,#4587,#4588,
#4589,#4590,#4591,#4592,#4593,#4594,#4595,#4596,#4597,#4598,#4599,#4600,
#4601,#4602,#4603,#4604,#4605,#4606,#4607,#4608,#4609,#4610,#4611,#4612,
#4613,#4614,#4615,#4616,#4617,#4618,#4619,#4620,#4621,#4622,#4623,#4624,
#4625,#4626,#4627,#4628,#4629,#4630,#4631,#4632,#4633,#4634,#4635,#4636,
#4637,#4638,#4639,#4640,#4641,#4642,#4643,#4644,#4645,#4646,#4647,#4648,
#4649,#4650,#4651,#4652,#4653,#4654,#4655,#4656,#4657,#4658,#4659,#4660,
#4661,#4662,#4663,#4664,#4665,#4666,#4667,#4668,#4669,#4670,#4671,#4672,
#4673,#4674,#4675,#4676,#4677,#4678,#4679,#4680,#4681,#4682,#4683,#4684,
#4685,#4686,#4687,#4688,#4689,#4690,#4691,#4692,#4693,#4694,#4695,#4696,
#4697,#4698,#4699,#4700,#4701,#4702,#4703,#4704,#4705,#4706,#4707,#4708,
#4709,#4710,#4711,#4712,#4713,#4714,#4715,#4716,#4717,#4718,#4719,#4720,
#4721,#4722,#4723,#4724,#4725,#4726,#4727,#4728,#4729,#4730,#4731,#4732,
#4733,#4734,#4735,#4736,#4737,#4738,#4739,#4740,#4741,#4742,#4743,#4744,
#4745,#4746,#4747,#4748,#4749,#4750,#4751,#4752,#4753,#4754,#4755,#4756,
#4757,#4758,#4759,#4760,#4761,#4762,#4763,#4764,#4765,#4766,#4767,#4768,
#4769,#4770,#4771,#4772,#4773,#4774,#4775,#4776,#4777,#4778,#4779,#4780,
#4781,#4782,#4783,#4784,#4785,#4786,#4787,#4788,#4789,#4790,#4791,#4792,
#4793,#4794,#4795,#4796,#4797,#4798,#4799,#4800,#4801,#4802,#4803,#4804,
#4805,#4806,#4807,#4808,#4809,#4810,#4811,#4812,#4813,#4814,#4815,#4816,
#4817,#4818,#4819,#4820,#4821,#4822,#4823,#4824,#4825,#4826,#4827,#4828,
#4829,#4830,#4831,#4832,#4833,#4834,#4835,#4836,#4837,#4838,#4839,#4840,
#4841,#4842,#4843,#4844,#4845,#4846,#4847,#4848,#4849,#4850,#4851,#4852,
#4853,#4854,#4855,#4856,#4857,#4858,#4859,#4860,#4861,#4862,#4863,#4864,
#4865,#4866,#4867,#4868,#4869,#4870,#4871,#4872,#4873,#4874,#4875,#4876,
#4877,#4878,#4879,#4880,#4881,#4882,#4883,#4884,#4885,#4886,#4887,#4888,
#4889,#4890,#4891,#4892,#4893,#4894,#4895,#4896,#4897,#4898,#4899,#4900,
#4901,#4902,#4903,#4904,#4905,#4906,#4907,#4908,#4909,#4910,#4911,#4912,
#4913,#4914,#4915,#4916,#4917,#4918,#4919,#4920,#4921,#4922,#4923,#4924,
#4925,#4926,#4927,#4928,#4929,#4930,#4931,#4932,#4933,#4934,#4935,#4936,
#4937,#4938,#4939,#4940,#4941,#4942,#4943,#4944,#4945,#4946,#4947,#4948,
#4949,#4950,#4951,#4952,#4953,#4954,#4955,#4956,#4957,#4958,#4959,#4960,
#4961,#4962,#4963,#4964,#4965,#4966,#4967,#4968,#4969,#4970,#4971,#4972,
#4973,#4974,#4975,#4976,#4977,#4978,#4979,#4980,#4981,#4982,#4983,#4984,
#4985,#4986,#4987,#4988,#4989,#4990,#4991,#4992,#4993,#4994,#4995,#4996,
#4997,#4998,#4999,#5000,#5001,#5002,#5003,#5004,#5005,#5006,#5007,#5008,
#5009,#5010,#5011,#5012,#5013,#5014,#5015,#5016,#5017,#5018,#5019,#5020,
#5021,#5022,#5023,#5024,#5025,#5026,#5027,#5028,#5029,#5030,#5031,#5032,
#5033,#5034,#5035,#5036,#5037,#5038,#5039,#5040,#5041,#5042,#5043,#5044,
#5045,#5046,#5047,#5048,#5049,#5050,#5051,#5052,#5053,#5054,#5055,#5056,
#5057,#5058,#5059,#5060,#5061,#5062,#5063,#5064,#5065,#5066,#5067,#5068,
#5069,#5070,#5071,#5072,#5073,#5074,#5075,#5076,#5077,#5078,#5079,#5080,
#5081),(#5082,#5083,#5084,#5085,#5086,#5087,#5088,#5089,#5090,#5091,#5092,
#5093,#5094,#5095,#5096,#5097,#5098,#5099,#5100,#5101,#5102,#5103,#5104,
#5105,#5106,#5107,#5108,#5109,#5110,#5111,#5112,#5113,#5114,#5115,#5116,
#5117,#5118,#5119,#5120,#5121,#5122,#5123,#5124,#5125,#5126,#5127,#5128,
#5129,#5130,#5131,#5132,#5133,#5134,#5135,#5136,#5137,#5138,#5139,#5140,
#5141,#5142,#5143,#5144,#5145,#5146,#5147,#5148,#5149,#5150,#5151,#5152,
#5153,#5154,#5155,#5156,#5157,#5158,#5159,#5160,#5161,#5162,#5163,#5164,
#5165,#5166,#5167,#5168,#5169,#5170,#5171,#5172,#5173,#5174,#5175,#5176,
#5177,#5178,#5179,#5180,#5181,#5182,#5183,#5184,#5185,#5186,#5187,#5188,
#5189,#5190,#5191,#5192,#5193,#5194,#5195,#5196,#5197,#5198,#5199,#5200,
#5201,#5202,#5203,#5204,#5205,#5206,#5207,#5208,#5209,#5210,#5211,#5212,
#5213,#5214,#5215,#5216,#5217,#5218,#5219,#5220,#5221,#5222,#5223,#5224,
#5225,#5226,#5227,#5228,#5229,#5230,#5231,#5232,#5233,#5234,#5235,#5236,
#5237,#5238,#5239,#5240,#5241,#5242,#5243,#5244,#5245,#5246,#5247,#5248,
#5249,#5250,#5251,#5252,#5253,#5254,#5255,#5256,#5257,#5258,#5259,#5260,
#5261,#5262,#5263,#5264,#5265,#5266,#5267,#5268,#5269,#5270,#5271,#5272,
#5273,#5274,#5275,#5276,#5277,#5278,#5279,#5280,#5281,#5282,#5283,#5284,
#5285,#5286,#5287,#5288,#5289,#5290,#5291,#5292,#5293,#5294,#5295,#5296,
#5297,#5298,#5299,#5300,#5301,#5302,#5303,#5304,#5305,#5306,#5307,#5308,
#5309,#5310,#5311,#5312,#5313,#5314,#5315,#5316,#5317,#5318,#5319,#5320,
#5321,#5322,#5323,#5324,#5325,#5326,#5327,#5328,#5329,#5330,#5331,#5332,
#5333,#5334,#5335,#5336,#5337,#5338,#5339,#5340,#5341,#5342,#5343,#5344,
#5345,#5346,#5347,#5348,#5349,#5350,#5351,#5352,#5353,#5354,#5355,#5356,
#5357,#5358,#5359,#5360,#5361,#5362,#5363,#5364,#5365,#5366,#5367,#5368,
#5369,#5370,#5371,#5372,#5373,#5374,#5375,#5376,#5377,#5378,#5379,#5380,
#5381,#5382,#5383,#5384,#5385,#5386,#5387,#5388,#5389,#5390,#5391,#5392,
#5393,#5394,#5395,#5396,#5397,#5398,#5399,#5400,#5401,#5402,#5403,#5404,
#5405,#5406,#5407,#5408,#5409,#5410,#5411,#5412,#5413,#5414,#5415,#5416,
#5417,#5418,#5419,#5420,#5421,#5422,#5423,#5424,#5425,#5426,#5427,#5428,
#5429,#5430,#5431,#5432,#5433,#5434,#5435,#5436,#5437,#5438,#5439,#5440,
#5441,#5442,#5443,#5444,#5445,#5446,#5447,#5448,#5449,#5450,#5451,#5452,
#5453,#5454,#5455,#5456,#5457,#5458,#5459,#5460,#5461,#5462,#5463,#5464,
#5465,#5466,#5467,#5468,#5469,#5470,#5471,#5472,#5473,#5474,#5475,#5476,
#5477,#5478,#5479,#5480,#5481,#5482,#5483,#5484,#5485,#5486,#5487,#5488,
#5489,#5490,#5491,#5492,#5493,#5494,#5495,#5496,#5497,#5498,#5499,#5500,
#5501,#5502,#5503,#5504,#5505,#5506,#5507,#5508,#5509,#5510,#5511,#5512,
#5513,#5514,#5515,#5516,#5517,#5518,#5519,#5520,#5521,#5522,#5523,#5524,
#5525,#5526,#5527,#5528,#5529,#5530,#5531,#5532,#5533,#5534,#5535,#5536,
#5537,#5538,#5539,#5540,#5541,#5542,#5543,#5544,#5545,#5546,#5547,#5548,
#5549,#5550,#5551,#5552,#5553,#5554,#5555,#5556,#5557,#5558,#5559,#5560,
#5561,#5562,#5563,#5564,#5565,#5566,#5567,#5568,#5569,#5570,#5571,#5572,
#5573,#5574,#5575,#5576,#5577,#5578,#5579,#5580,#5581,#5582,#5583),(#5584,
#5585,#5586,#5587,#5588,#5589,#5590,#5591,#5592,#5593,#5594,#5595,#5596,
#5597,#5598,#5599,#5600,#5601,#5602,#5603,#5604,#5605,#5606,#5607,#5608,
#5609,#5610,#5611,#5612,#5613,#5614,#5615,#5616,#5617,#5618,#5619,#5620,
#5621,#5622,#5623,#5624,#5625,#5626,#5627,#5628,#5629,#5630,#5631,#5632,
#5633,#5634,#5635,#5636,#5637,#5638,#5639,#5640,#5641,#5642,#5643,#5644,
#5645,#5646,#5647,#5648,#5649,#5650,#5651,#5652,#5653,#5654,#5655,#5656,
#5657,#5658,#5659,#5660,#5661,#5662,#5663,#5664,#5665,#5666,#5667,#5668,
#5669,#5670,#5671,#5672,#5673,#5674,#5675,#5676,#5677,#5678,#5679,#5680,
#5681,#5682,#5683,#5684,#5685,#5686,#5687,#5688,#5689,#5690,#5691,#5692,
#5693,#5694,#5695,#5696,#5697,#5698,#5699,#5700,#5701,#5702,#5703,#5704,
#5705,#5706,#5707,#5708,#5709,#5710,#5711,#5712,#5713,#5714,#5715,#5716,
#5717,#5718,#5719,#5720,#5721,#5722,#5723,#5724,#5725,#5726,#5727,#5728,
#5729,#5730,#5731,#5732,#5733,#5734,#5735,#5736,#5737,#5738,#5739,#5740,
#5741,#5742,#5743,#5744,#5745,#5746,#5747,#5748,#5749,#5750,#5751,#5752,
#5753,#5754,#5755,#5756,#5757,#5758,#5759,#5760,#5761,#5762,#5763,#5764,
#5765,#5766,#5767,#5768,#5769,#5770,#5771,#5772,#5773,#5774,#5775,#5776,
#5777,#5778,#5779,#5780,#5781,#5782,#5783,#5784,#5785,#5786,#5787,#5788,
#5789,#5790,#5791,#5792,#5793,#5794,#5795,#5796,#5797,#5798,#5799,#5800,
#5801,#5802,#5803,#5804,#5805,#5806,#5807,#5808,#5809,#5810,#5811,#5812,
#5813,#5814,#5815,#5816,#5817,#5818,#5819,#5820,#5821,#5822,#5823,#5824,
#5825,#5826,#5827,#5828,#5829,#5830,#5831,#5832,#5833,#5834,#5835,#5836,
#5837,#5838,#5839,#5840,#5841,#5842,#5843,#5844,#5845,#5846,#5847,#5848,
#5849,#5850,#5851,#5852,#5853,#5854,#5855,#5856,#5857,#5858,#5859,#5860,
#5861,#5862,#5863,#5864,#5865,#5866,#5867,#5868,#5869,#5870,#5871,#5872,
#5873,#5874,#5875,#5876,#5877,#5878,#5879,#5880,#5881,#5882,#5883,#5884,
#5885,#5886,#5887,#5888,#5889,#5890,#5891,#5892,#5893,#5894,#5895,#5896,
#5897,#5898,#5899,#5900,#5901,#5902,#5903,#5904,#5905,#5906,#5907,#5908,
#5909,#5910,#5911,#5912,#5913,#5914,#5915,#5916,#5917,#5918,#5919,#5920,
#5921,#5922,#5923,#5924,#5925,#5926,#5927,#5928,#5929,#5930,#5931,#5932,
#5933,#5934,#5935,#5936,#5937,#5938,#5939,#5940,#5941,#5942,#5943,#5944,
#5945,#5946,#5947,#5948,#5949,#5950,#5951,#5952,#5953,#5954,#5955,#5956,
#5957,#5958,#5959,#5960,#5961,#5962,#5963,#5964,#5965,#5966,#5967,#5968,
#5969,#5970,#5971,#5972,#5973,#5974,#5975,#5976,#5977,#5978,#5979,#5980,
#5981,#5982,#5983,#5984,#5985,#5986,#5987,#5988,#5989,#5990,#5991,#5992,
#5993,#5994,#5995,#5996,#5997,#5998,#5999,#6000,#6001,#6002,#6003,#6004,
#6005,#6006,#6007,#6008,#6009,#6010,#6011,#6012,#6013,#6014,#6015,#6016,
#6017,#6018,#6019,#6020,#6021,#6022,#6023,#6024,#6025,#6026,#6027,#6028,
#6029,#6030,#6031,#6032,#6033,#6034,#6035,#6036,#6037,#6038,#6039,#6040,
#6041,#6042,#6043,#6044,#6045,#6046,#6047,#6048,#6049,#6050,#6051,#6052,
#6053,#6054,#6055,#6056,#6057,#6058,#6059,#6060,#6061,#6062,#6063,#6064,
#6065,#6066,#6067,#6068,#6069,#6070,#6071,#6072,#6073,#6074,#6075,#6076,
#6077,#6078,#6079,#6080,#6081,#6082,#6083,#6084,#6085)),.UNSPECIFIED.,.F.,
 .F.,.F.,(4,1,4),(4,1,1,1,1,1,1,1,1,1,1,1,1,1,1,1,1,1,1,1,1,1,1,1,1,1,1,
1,1,1,1,1,1,1,1,1,1,1,1,1,1,1,1,1,1,1,1,1,1,1,1,1,1,1,1,1,1,1,1,1,1,1,1,
1,1,1,1,1,1,1,1,1,1,1,1,1,1,1,1,1,1,1,1,1,1,1,1,1,1,1,1,1,1,1,1,1,1,1,1,
1,1,1,1,1,1,1,1,1,1,1,1,1,1,1,1,1,1,1,1,1,1,1,1,1,1,1,1,1,1,1,1,1,1,1,1,
1,1,1,1,1,1,1,1,1,1,1,1,1,1,1,1,1,1,1,1,1,1,1,1,1,1,1,1,1,1,1,1,1,1,1,1,
1,1,1,1,1,1,1,1,1,1,1,1,1,1,1,1,1,1,1,1,1,1,1,1,1,1,1,1,1,1,1,1,1,1,1,1,
1,1,1,1,1,1,1,1,1,1,1,1,1,1,1,1,1,1,1,1,1,1,1,1,1,1,1,1,1,1,1,1,1,1,1,1,
1,1,1,1,1,1,1,1,1,1,1,1,1,1,1,1,1,1,1,1,1,1,1,1,1,1,1,1,1,1,1,1,1,1,1,1,
1,1,1,1,1,1,1,1,1,1,1,1,1,1,1,1,1,1,1,1,1,1,1,1,1,1,1,1,1,1,1,1,1,1,1,1,
1,1,1,1,1,1,1,1,1,1,1,1,1,1,1,1,1,1,1,1,1,1,1,1,1,1,1,1,1,1,1,1,1,1,1,1,
1,1,1,1,1,1,1,1,1,1,1,1,1,1,1,1,1,1,1,1,1,1,1,1,1,1,1,1,1,1,1,1,1,1,1,1,
1,1,1,1,1,1,1,1,1,1,1,1,1,1,1,1,1,1,1,1,1,1,1,1,1,1,1,1,1,1,1,1,1,1,1,1,
1,1,1,1,1,1,1,1,1,1,1,1,1,1,1,1,1,1,1,1,1,1,1,1,1,1,1,1,1,1,1,1,1,1,1,1,
1,1,1,1,1,1,1,1,1,1,1,1,1,1,1,1,1,1,1,1,1,1,1,1,1,1,1,1,1,1,1,1,1,1,1,2,
1,1,1,4),(0.,0.571428571428571,1.),(0.00200831553261249,0.0316167957213225,
0.0612252759100326,0.0908337560987426,0.120442236287453,0.150050716476163,
0.179659196664873,0.209267676853583,0.238876157042293,0.268484637231003,
0.298093117419713,0.327701597608423,0.357310077797133,0.386918557985843,
0.416527038174553,0.446135518363263,0.475743998551973,0.505352478740683,
0.534960958929393,0.564569439118103,0.594177919306813,0.623786399495523,
0.653394879684233,0.683003359872943,0.712611840061653,0.742220320250363,
0.771828800439074,0.801437280627784,0.831045760816494,0.860654241005204,
0.890262721193914,0.919871201382624,0.949479681571334,0.979088161760044,
1.00869664194875,1.03830512213746,1.06791360232617,1.09752208251488,1.12713056270359,
1.1567390428923,1.18634752308101,1.21595600326972,1.24556448345843,1.27517296364714,
1.30478144383585,1.33438992402456,1.36399840421327,1.39360688440198,1.42321536459069,
1.4528238447794,1.48243232496811,1.51204080515682,1.54164928534553,1.57125776553424,
1.60086624572295,1.63047472591166,1.66008320610037,1.68969168628908,1.71930016647779,
1.7489086466665,1.77851712685521,1.80812560704392,1.83773408723264,1.86734256742135,
1.89695104761006,1.92655952779877,1.95616800798748,1.98577648817619,2.0153849683649,
2.04499344855361,2.07460192874232,2.10421040893103,2.13381888911974,2.16342736930845,
2.19303584949716,2.22264432968587,2.25225280987458,2.28186129006329,2.311469770252,
2.34107825044071,2.37068673062942,2.40029521081813,2.42990369100684,2.45951217119555,
2.48912065138426,2.51872913157297,2.54833761176168,2.57794609195039,2.6075545721391,
2.63716305232781,2.66677153251652,2.69638001270523,2.72598849289394,2.75559697308265,
2.78520545327136,2.81481393346007,2.84442241364878,2.87403089383749,2.9036393740262,
2.93324785421491,2.96285633440362,2.99246481459233,3.02207329478104,3.05168177496975,
3.08129025515846,3.11089873534717,3.14050721553588,3.17011569572459,3.1997241759133,
3.22933265610201,3.25894113629072,3.28854961647943,3.31815809666814,3.34776657685685,
3.37737505704556,3.40698353723427,3.43659201742298,3.46620049761169,3.4958089778004,
3.52541745798911,3.55502593817782,3.58463441836653,3.61424289855524,3.64385137874395,
3.67345985893266,3.70306833912137,3.73267681931008,3.76228529949879,3.7918937796875,
3.82150225987621,3.85111074006492,3.88071922025363,3.91032770044234,3.93993618063105,
3.96954466081976,3.99915314100847,4.02876162119718,4.05837010138589,4.0879785815746,
4.11758706176331,4.13239130185766,4.14719554195202,4.16199978204637,4.17680402214073,
4.20641250232944,4.23602098251815,4.26562946270686,4.29523794289557,4.32484642308428,
4.35445490327299,4.36925914336734,4.3840633834617,4.39886762355605,4.41367186365041,
4.44328034383912,4.47288882402783,4.50249730421654,4.51730154431089,4.53210578440525,
4.5469100244996,4.56171426459396,4.57651850468831,4.59132274478267,4.60612698487702,
4.62093122497138,4.65053970516009,4.6801481853488,4.70975666553751,4.72456090563186,
4.73936514572622,4.75416938582057,4.76897362591493,4.79858210610364,4.82819058629235,
4.85779906648106,4.87260330657541,4.88740754666977,4.90221178676412,4.91701602685848,
4.93182026695284,4.94662450704719,4.96142874714154,4.9762329872359,5.00584146742461,
5.03544994761332,5.06505842780203,5.07986266789638,5.09466690799074,5.1094711480851,
5.12427538817945,5.15388386836816,5.18349234855687,5.21310082874558,5.24270930893429,
5.272317789123,5.30192626931171,5.31673050940606,5.33153474950042,5.34633898959478,
5.36114322968913,5.39075170987784,5.42036019006655,5.44996867025526,5.46477291034961,
5.47957715044397,5.49438139053832,5.50918563063268,5.52398987072704,5.53879411082139,
5.55359835091575,5.5684025910101,5.59801107119881,5.62761955138752,5.65722803157623,
5.67203227167058,5.68683651176494,5.70657549855741,5.72631448534989,5.74605347214236,
5.76579245893483,5.78553144572731,5.80527043251978,5.82500941931225,5.84474840610473,
5.8644873928972,5.88422637968967,5.90396536648215,5.92370435327462,5.94344334006709,
5.96318232685957,5.98292131365204,6.00266030044451,6.02239928723699,6.04213827402946,
6.06187726082193,6.08161624761441,6.10135523440688,6.12109422119935,6.14083320799183,
6.1605721947843,6.18031118157677,6.20005016836925,6.21978915516172,6.23952814195419,
6.25926712874667,6.27900611553914,6.29874510233161,6.31848408912409,6.33822307591656,
6.35796206270903,6.37770104950151,6.39744003629398,6.41717902308645,6.43691800987893,
6.4566569966714,6.47639598346387,6.49613497025635,6.51587395704882,6.53561294384129,
6.55535193063377,6.57509091742624,6.59482990421871,6.61456889101119,6.63430787780366,
6.65404686459613,6.67378585138861,6.69352483818108,6.71326382497356,6.73300281176603,
6.7527417985585,6.77248078535098,6.79221977214345,6.81195875893592,6.8316977457284,
6.85143673252087,6.87117571931334,6.89091470610582,6.91065369289829,6.93039267969076,
6.95013166648324,6.97645031553987,7.0027689645965,7.02908761365313,7.05540626270976,
7.08172491176639,7.10804356082302,7.13436220987965,7.16068085893628,7.18699950799292,
7.21331815704955,7.23963680610618,7.26595545516281,7.29227410421944,7.31859275327607,
7.3449114023327,7.37123005138933,7.39754870044596,7.4238673495026,7.45018599855923,
7.47650464761586,7.50282329667249,7.52914194572912,7.55546059478575,7.58177924384238,
7.59658348393674,7.61138772403109,7.6409962042198,7.67060468440851,7.70021316459722,
7.71501740469158,7.72982164478593,7.74462588488029,7.75943012497464,7.774234365069,
7.78903860516335,7.80384284525771,7.81864708535206,7.84825556554077,7.87786404572948,
7.90747252591819,7.92227676601255,7.9370810061069,7.95188524620126,7.96668948629561,
7.99629796648432,8.02590644667303,8.05551492686174,8.08512340705045,8.11473188723916,
8.14434036742787,8.17394884761658,8.18875308771094,8.20355732780529,8.21836156789965,
8.233165807994,8.24797004808836,8.26277428818271,8.27757852827707,8.29238276837142,
8.30718700846578,8.32199124856013,8.33679548865449,8.35159972874884,8.3664039688432,
8.38120820893755,8.39601244903191,8.41081668912626,8.44042516931497,8.47003364950368,
8.49964212969239,8.5292506098811,8.55885909006981,8.58846757025852,8.61807605044723,
8.64768453063594,8.6624887707303,8.67729301082465,8.69209725091901,8.70690149101336,
8.72170573110772,8.73650997120207,8.75131421129643,8.76611845139078,8.78092269148514,
8.79572693157949,8.81053117167385,8.8253354117682,8.84013965186256,8.85494389195691,
8.86974813205127,8.88455237214562,8.91416085233433,8.94376933252304,8.97337781271175,
9.00298629290046,9.01779053299482,9.03259477308917,9.04739901318353,9.06220325327788,
9.06960537332506,9.07700749337224,9.08440961341941,9.09181173346659,9.09921385351377,
9.10661597356095,9.11401809360813,9.1214202136553,9.13622445374966,9.15102869384402,
9.16583293393837,9.18063717403273,9.1880392940799,9.19544141412708,9.20284353417426,
9.21024565422143,9.21764777426861,9.22504989431579,9.23245201436297,9.23985413441014,
9.24725625445732,9.2546583745045,9.26206049455168,9.26946261459885,9.27686473464603,
9.28426685469321,9.29166897474039,9.29907109478756,9.30647321483474,9.31387533488192,
9.3212774549291,9.32867957497627,9.33608169502345,9.33978275504704,9.34348381507063,
9.35088593511781,9.35828805516498,9.36569017521216,9.37309229525934,9.38049441530652,
9.3841954753301,9.38789653535369,9.39529865540087,9.40270077544805,9.41010289549522,
9.4175050155424,9.42490713558958,9.42860819561317,9.43230925563676,9.43971137568393,
9.44341243570752,9.44711349573111,9.44896402574291,9.44942665824586,9.44954231637159,
9.44960014543446,9.44965797449733,9.4498892907488,9.45035192325175,9.45058323950323,
9.4506410685661,9.45069889762896,9.4508145557547,9.4517398207606,9.4526650857665,
9.45359035077239,9.45451561577829,9.45636614579008,9.45821667580188,9.46191773582547,
9.46238036832842,9.46284300083137,9.46376826583726,9.46423089834021,9.46469353084316,
9.46515616334611,9.46561879584906,9.46746932586085,9.46931985587265,9.47024512087854,
9.47117038588444,9.47140170213592,9.47163301838739,9.47186433463886,9.47209565089034,
9.47302091589624,9.47325223214771,9.47348354839918,9.47394618090213,9.47417749715361,
9.47440881340508,9.47464012965655,9.47487144590803,9.4751027621595,9.47533407841098,
9.47556539466245,9.47568105278819,9.47579671091393,9.47591236903966,9.4760280271654,
9.47625934341687,9.47628825794831,9.47631717247974,9.47637500154261,9.47649065966835,
9.47654848873122,9.47657740326265,9.47660631779409,9.47663523232552,9.47666414685695,
9.47669306138839,9.47670029002125,9.47670751865411,9.47671474728697,9.4767183616034,
9.47672197591982,9.47955415292255,9.48238632992528,9.48805068393074,9.49088286093347),
 .UNSPECIFIED.);
#37=B_SPLINE_SURFACE_WITH_KNOTS('',3,3,((#6630,#6631,#6632,#6633),(#6634,
#6635,#6636,#6637),(#6638,#6639,#6640,#6641),(#6642,#6643,#6644,#6645),
(#6646,#6647,#6648,#6649),(#6650,#6651,#6652,#6653),(#6654,#6655,#6656,
#6657),(#6658,#6659,#6660,#6661),(#6662,#6663,#6664,#6665),(#6666,#6667,
#6668,#6669),(#6670,#6671,#6672,#6673),(#6674,#6675,#6676,#6677),(#6678,
#6679,#6680,#6681),(#6682,#6683,#6684,#6685),(#6686,#6687,#6688,#6689),
(#6690,#6691,#6692,#6693),(#6694,#6695,#6696,#6697),(#6698,#6699,#6700,
#6701),(#6702,#6703,#6704,#6705),(#6706,#6707,#6708,#6709),(#6710,#6711,
#6712,#6713),(#6714,#6715,#6716,#6717),(#6718,#6719,#6720,#6721),(#6722,
#6723,#6724,#6725),(#6726,#6727,#6728,#6729),(#6730,#6731,#6732,#6733),
(#6734,#6735,#6736,#6737),(#6738,#6739,#6740,#6741),(#6742,#6743,#6744,
#6745),(#6746,#6747,#6748,#6749),(#6750,#6751,#6752,#6753),(#6754,#6755,
#6756,#6757),(#6758,#6759,#6760,#6761),(#6762,#6763,#6764,#6765),(#6766,
#6767,#6768,#6769),(#6770,#6771,#6772,#6773),(#6774,#6775,#6776,#6777)),
 .UNSPECIFIED.,.F.,.F.,.F.,(4,1,1,1,1,1,1,1,1,1,1,1,1,1,1,1,1,1,1,1,1,1,
1,1,1,1,1,1,1,1,1,1,1,1,4),(4,4),(0.19996939247125,0.25711443586616,0.314259479261071,
0.328545740109799,0.342832000958526,0.371404522655982,0.399977044353437,
0.428549566050893,0.4666462616475,0.504742957244107,0.52379130504241,0.533315478941562,
0.542839652840714,0.580936348437321,0.619033044033928,0.638081391832232,
0.657129739630536,0.685702261327991,0.714274783025446,0.742847304722902,
0.771419826420357,0.799992348117812,0.828564869815268,0.83213643502745,
0.842851130663995,0.857137391512723,0.871423652361451,0.885709913210178,
0.899996174058906,0.914282434907634,0.942854956605089,0.957141217453817,
0.971427478302545,0.978570608726908,1.),(0.,0.995434856432105),
 .UNSPECIFIED.);
#38=B_SPLINE_SURFACE_WITH_KNOTS('',3,3,((#7055,#7056,#7057,#7058),(#7059,
#7060,#7061,#7062),(#7063,#7064,#7065,#7066),(#7067,#7068,#7069,#7070)),
 .UNSPECIFIED.,.F.,.F.,.F.,(4,4),(4,4),(0.,1.),(-22.1102445015526,0.0275127217878209),
 .UNSPECIFIED.);
#39=B_SPLINE_CURVE_WITH_KNOTS('',3,(#1805,#1806,#1807,#1808,#1809,#1810,
#1811,#1812),.UNSPECIFIED.,.F.,.F.,(4,2,2,4),(0.197968041512331,6.77251967767958,
12.3118650085558,17.6500401555155),.UNSPECIFIED.);
#40=B_SPLINE_CURVE_WITH_KNOTS('',3,(#1814,#1815,#1816,#1817,#1818,#1819,
#1820,#1821,#1822,#1823,#1824,#1825,#1826,#1827,#1828,#1829,#1830,#1831,
#1832,#1833,#1834,#1835,#1836,#1837,#1838,#1839,#1840,#1841,#1842,#1843,
#1844,#1845,#1846,#1847,#1848,#1849,#1850,#1851,#1852,#1853),
 .UNSPECIFIED.,.F.,.F.,(4,3,3,3,3,3,3,3,3,3,3,3,3,4),(0.,0.00779259329496317,
0.0157816751827825,0.0194807757931585,0.0274640255871417,0.035320365058571,
0.0386954201956213,0.0389232235949897,0.0467409287605974,0.0547362586968837,
0.0583892927332123,0.0663844376961206,0.0742220013638471,0.0774209704520356),
 .UNSPECIFIED.);
#41=B_SPLINE_CURVE_WITH_KNOTS('',3,(#1857,#1858,#1859,#1860,#1861,#1862,
#1863,#1864,#1865,#1866,#1867,#1868,#1869,#1870,#1871,#1872,#1873,#1874,
#1875,#1876,#1877,#1878,#1879,#1880,#1881,#1882,#1883,#1884,#1885,#1886,
#1887,#1888,#1889,#1890,#1891,#1892,#1893,#1894,#1895,#1896),
 .UNSPECIFIED.,.F.,.F.,(4,3,3,3,3,3,3,3,3,3,3,3,3,4),(0.,0.00779383120256372,
0.015784572319678,0.0195363581489048,0.0275215121036381,0.0353687049801576,
0.0390775432692741,0.0391178054467548,0.0469317953876794,0.0549222414185525,
0.0586188433137806,0.0666066182075938,0.0744355132249807,0.0782352135392741),
 .UNSPECIFIED.);
#42=B_SPLINE_CURVE_WITH_KNOTS('',3,(#1898,#1899,#1900,#1901,#1902,#1903,
#1904,#1905),.UNSPECIFIED.,.F.,.F.,(4,2,2,4),(1.41258779067598E-5,4.9285332211514,
10.0764645965416,19.6822550695392),.UNSPECIFIED.);
#43=B_SPLINE_CURVE_WITH_KNOTS('',3,(#1915,#1916,#1917,#1918),
 .UNSPECIFIED.,.F.,.F.,(4,4),(0.0442155233822604,0.0540562573122903),
 .UNSPECIFIED.);
#44=B_SPLINE_CURVE_WITH_KNOTS('',3,(#1925,#1926,#1927,#1928),
 .UNSPECIFIED.,.F.,.F.,(4,4),(3.11242377036297,3.11839964073218),
 .UNSPECIFIED.);
#45=B_SPLINE_CURVE_WITH_KNOTS('',3,(#1951,#1952,#1953,#1954,#1955,#1956,
#1957,#1958,#1959,#1960,#1961,#1962,#1963,#1964,#1965,#1966,#1967,#1968,
#1969,#1970,#1971,#1972,#1973,#1974,#1975,#1976,#1977,#1978,#1979,#1980,
#1981,#1982,#1983,#1984,#1985,#1986,#1987,#1988,#1989,#1990),
 .UNSPECIFIED.,.F.,.F.,(4,3,3,3,3,3,3,3,3,3,3,3,3,4),(0.,0.00779327656014452,
0.0157836386804817,0.0195293717895201,0.0275141943131949,0.0353617917081286,
0.039053915100897,0.0391157798287483,0.0469297459964828,0.0549202976914404,
0.0585784843409946,0.0665665958447917,0.0743964069086741,0.0782339112637396),
 .UNSPECIFIED.);
#46=B_SPLINE_CURVE_WITH_KNOTS('',3,(#1991,#1992,#1993,#1994),
 .UNSPECIFIED.,.F.,.F.,(4,4),(4.71933458435315,4.72932920685703),
 .UNSPECIFIED.);
#47=B_SPLINE_CURVE_WITH_KNOTS('',3,(#1995,#1996,#1997,#1998),
 .UNSPECIFIED.,.F.,.F.,(4,4),(4.71984497398603,4.72984487163841),
 .UNSPECIFIED.);
#48=B_SPLINE_CURVE_WITH_KNOTS('',3,(#2039,#2040,#2041,#2042,#2043,#2044,
#2045,#2046),.UNSPECIFIED.,.F.,.F.,(4,2,2,4),(0.198073406844334,6.75556459419029,
12.2594571887197,18.4198820826975),.UNSPECIFIED.);
#49=B_SPLINE_CURVE_WITH_KNOTS('',3,(#2056,#2057,#2058,#2059,#2060,#2061,
#2062,#2063,#2064,#2065,#2066,#2067,#2068,#2069,#2070,#2071,#2072,#2073,
#2074,#2075,#2076,#2077,#2078,#2079,#2080,#2081,#2082,#2083,#2084,#2085,
#2086,#2087,#2088,#2089,#2090,#2091,#2092,#2093,#2094,#2095),
 .UNSPECIFIED.,.F.,.F.,(4,3,3,3,3,3,3,3,3,3,3,3,3,4),(0.,0.00780936923625599,
0.0158093795253327,0.0196154620982049,0.0276069534975067,0.0354589894102385,
0.0387339507917444,0.0392734561761986,0.0471052972246184,0.0550950527752598,
0.0589129646257035,0.066898342707164,0.0747156389539585,0.0774239273836911),
 .UNSPECIFIED.);
#50=B_SPLINE_CURVE_WITH_KNOTS('',3,(#2096,#2097,#2098,#2099,#2100,#2101,
#2102,#2103),.UNSPECIFIED.,.F.,.F.,(4,2,2,4),(0.118893039195226,4.89108493788535,
10.1883386061756,20.1007232833183),.UNSPECIFIED.);
#51=B_SPLINE_CURVE_WITH_KNOTS('',3,(#2105,#2106,#2107,#2108),
 .UNSPECIFIED.,.F.,.F.,(4,4),(4.64980767711863,4.65982305243254),
 .UNSPECIFIED.);
#52=B_SPLINE_CURVE_WITH_KNOTS('',3,(#2129,#2130,#2131,#2132),
 .UNSPECIFIED.,.F.,.F.,(4,4),(4.65260605125465,4.66260825981316),
 .UNSPECIFIED.);
#53=B_SPLINE_CURVE_WITH_KNOTS('',3,(#2177,#2178,#2179,#2180,#2181,#2182,
#2183,#2184,#2185,#2186,#2187,#2188,#2189,#2190,#2191,#2192,#2193,#2194),
 .UNSPECIFIED.,.F.,.F.,(4,2,2,2,2,2,2,2,4),(-0.190812147208905,-0.145018297525528,
-0.106635709424823,-0.0675716870569962,-0.0538539659056258,-0.0491779099340652,
-0.0445861568464742,-0.0355450096273806,-0.0184681293286617),
 .UNSPECIFIED.);
#54=B_SPLINE_CURVE_WITH_KNOTS('',3,(#2205,#2206,#2207,#2208,#2209,#2210,
#2211,#2212),.UNSPECIFIED.,.F.,.F.,(4,2,2,4),(-0.0648980696341352,-0.0624332079661372,
-0.0485827541033792,0.),.UNSPECIFIED.);
#55=B_SPLINE_CURVE_WITH_KNOTS('',3,(#2214,#2215,#2216,#2217,#2218,#2219,
#2220,#2221,#2222,#2223,#2224,#2225,#2226,#2227,#2228,#2229,#2230,#2231,
#2232,#2233,#2234,#2235,#2236,#2237,#2238,#2239,#2240,#2241),
 .UNSPECIFIED.,.F.,.F.,(4,3,3,3,3,3,3,3,3,4),(-0.165704601301742,-0.149934352269166,
-0.141599013516776,-0.125861294785044,-0.123616410987333,-0.107747031674759,
-0.0952779767496715,-0.0830660831846118,-0.0796510638183596,-0.0728020181162466),
 .UNSPECIFIED.);
#56=B_SPLINE_CURVE_WITH_KNOTS('',3,(#2254,#2255,#2256,#2257,#2258,#2259,
#2260,#2261,#2262,#2263,#2264,#2265,#2266,#2267,#2268,#2269,#2270,#2271,
#2272,#2273,#2274,#2275,#2276,#2277,#2278,#2279,#2280,#2281,#2282,#2283,
#2284,#2285,#2286,#2287,#2288,#2289,#2290,#2291,#2292,#2293,#2294,#2295,
#2296,#2297,#2298,#2299,#2300,#2301,#2302,#2303,#2304,#2305,#2306,#2307,
#2308,#2309),.UNSPECIFIED.,.F.,.F.,(4,1,1,1,1,1,1,1,1,1,1,1,1,1,1,1,1,1,
1,1,1,1,1,1,1,1,1,1,1,1,1,1,1,1,1,1,1,1,1,1,1,1,1,1,1,1,1,1,1,1,1,1,1,4),
(-9.36030749520301,-9.12629980782293,-8.89229212044286,-8.65828443306278,
-8.42427674568271,-8.19026905830263,-7.95626137092256,-7.72225368354248,
-7.48824599616241,-7.25423830878233,-7.02023062140225,-6.78622293402218,
-6.5522152466421,-6.31820755926203,-6.08419987188195,-5.85019218450188,
-5.6161844971218,-5.38217680974173,-5.14816912236165,-4.91416143498158,
-4.6801537476015,-4.44614606022143,-4.21213837284135,-3.97813068546128,
-3.7441229980812,-3.58811787316115,-3.4321127482411,-3.27610762332105,-3.120102498401,
-2.96409737348095,-2.8080922485609,-2.65208712364085,-2.4960819987208,-2.34007687380075,
-2.1840717488807,-2.02806662396065,-1.8720614990406,-1.63805381166053,-1.40404612428045,
-1.17003843690038,-0.936030749520301,-0.702023062140225,-0.46801537476015,
-0.409513452915132,-0.351011531070113,-0.292509609225094,-0.234007687380075,
-0.175505765535056,-0.117003843690038,-0.0585019218450188,-0.056673736787362,
-0.0548455517297051,-0.0511891816143914,-0.0510570382895793),
 .UNSPECIFIED.);
#57=B_SPLINE_CURVE_WITH_KNOTS('',3,(#2311,#2312,#2313,#2314),
 .UNSPECIFIED.,.F.,.F.,(4,4),(0.,0.0923745733831624),.UNSPECIFIED.);
#58=B_SPLINE_CURVE_WITH_KNOTS('',3,(#2318,#2319,#2320,#2321),
 .UNSPECIFIED.,.F.,.F.,(4,4),(0.14741951156202,0.244144718884587),
 .UNSPECIFIED.);
#59=B_SPLINE_CURVE_WITH_KNOTS('',3,(#2323,#2324,#2325,#2326,#2327,#2328,
#2329,#2330,#2331,#2332,#2333,#2334,#2335,#2336,#2337,#2338,#2339,#2340,
#2341,#2342,#2343,#2344,#2345,#2346,#2347,#2348,#2349,#2350,#2351,#2352,
#2353,#2354,#2355,#2356,#2357,#2358,#2359,#2360,#2361,#2362,#2363,#2364,
#2365,#2366,#2367,#2368,#2369,#2370,#2371,#2372,#2373,#2374,#2375,#2376,
#2377,#2378,#2379,#2380,#2381,#2382,#2383,#2384,#2385,#2386,#2387,#2388,
#2389,#2390,#2391,#2392,#2393,#2394,#2395,#2396,#2397,#2398,#2399,#2400,
#2401,#2402,#2403,#2404,#2405,#2406,#2407,#2408,#2409,#2410,#2411,#2412,
#2413,#2414,#2415,#2416,#2417,#2418,#2419,#2420,#2421,#2422,#2423,#2424,
#2425,#2426,#2427,#2428,#2429,#2430,#2431,#2432,#2433,#2434,#2435,#2436,
#2437,#2438,#2439,#2440,#2441,#2442,#2443,#2444,#2445,#2446,#2447,#2448,
#2449,#2450,#2451,#2452,#2453,#2454,#2455,#2456,#2457,#2458,#2459,#2460,
#2461,#2462,#2463,#2464,#2465,#2466,#2467,#2468,#2469,#2470,#2471,#2472,
#2473,#2474,#2475,#2476,#2477,#2478,#2479,#2480,#2481,#2482,#2483,#2484,
#2485,#2486,#2487,#2488,#2489,#2490,#2491,#2492,#2493,#2494,#2495,#2496,
#2497,#2498,#2499,#2500,#2501,#2502,#2503,#2504,#2505,#2506,#2507,#2508,
#2509,#2510,#2511,#2512,#2513,#2514,#2515,#2516,#2517,#2518,#2519,#2520,
#2521,#2522,#2523,#2524,#2525,#2526,#2527,#2528,#2529,#2530,#2531,#2532,
#2533,#2534,#2535,#2536,#2537,#2538,#2539,#2540,#2541,#2542,#2543,#2544,
#2545,#2546,#2547,#2548,#2549,#2550,#2551,#2552,#2553,#2554,#2555,#2556,
#2557,#2558,#2559,#2560,#2561,#2562,#2563,#2564,#2565,#2566,#2567,#2568,
#2569,#2570,#2571,#2572,#2573,#2574,#2575,#2576,#2577,#2578,#2579,#2580,
#2581,#2582,#2583,#2584,#2585,#2586,#2587,#2588,#2589,#2590,#2591,#2592,
#2593,#2594,#2595,#2596,#2597,#2598,#2599,#2600,#2601,#2602,#2603,#2604,
#2605,#2606,#2607,#2608,#2609,#2610,#2611,#2612,#2613,#2614,#2615,#2616,
#2617,#2618,#2619,#2620,#2621,#2622,#2623,#2624,#2625,#2626,#2627,#2628,
#2629,#2630,#2631,#2632,#2633,#2634,#2635,#2636,#2637,#2638,#2639,#2640,
#2641,#2642,#2643,#2644,#2645,#2646,#2647,#2648,#2649,#2650,#2651,#2652,
#2653,#2654,#2655,#2656,#2657,#2658,#2659,#2660,#2661,#2662,#2663,#2664,
#2665,#2666,#2667,#2668,#2669,#2670,#2671,#2672,#2673,#2674,#2675,#2676,
#2677,#2678,#2679,#2680,#2681,#2682,#2683,#2684,#2685,#2686,#2687,#2688,
#2689,#2690,#2691,#2692,#2693,#2694,#2695,#2696,#2697,#2698,#2699,#2700,
#2701,#2702,#2703,#2704,#2705,#2706,#2707,#2708,#2709,#2710,#2711,#2712,
#2713,#2714,#2715,#2716,#2717,#2718,#2719,#2720,#2721,#2722,#2723,#2724,
#2725,#2726,#2727,#2728,#2729,#2730,#2731,#2732,#2733,#2734,#2735,#2736,
#2737,#2738,#2739,#2740,#2741,#2742,#2743,#2744,#2745,#2746,#2747,#2748,
#2749,#2750,#2751,#2752,#2753,#2754,#2755,#2756,#2757,#2758,#2759,#2760,
#2761,#2762,#2763,#2764,#2765,#2766,#2767,#2768,#2769,#2770,#2771,#2772),
 .UNSPECIFIED.,.F.,.F.,(4,1,1,1,1,1,1,1,1,1,1,1,1,1,1,1,1,1,1,1,1,1,1,1,
1,1,1,1,1,1,1,1,1,1,1,1,1,1,1,1,1,1,1,1,1,1,1,1,1,1,1,1,1,1,1,1,1,1,1,1,
1,1,1,1,1,1,1,1,1,1,1,1,1,1,1,1,1,1,1,1,1,1,1,1,1,1,1,1,1,1,1,1,1,1,1,1,
1,1,1,1,1,1,1,1,1,1,1,1,1,1,1,1,1,1,1,1,1,1,1,1,1,1,1,1,1,1,1,1,1,1,1,1,
1,1,1,1,1,1,1,1,1,1,1,1,1,1,1,1,1,1,1,1,1,1,1,1,1,1,1,1,1,1,1,1,1,1,1,1,
1,1,1,1,1,1,1,1,1,1,1,1,1,1,1,1,1,1,1,1,1,1,1,1,1,1,1,1,1,1,1,1,1,1,1,1,
1,1,1,1,1,1,1,1,1,1,1,1,1,1,1,1,1,1,1,1,1,1,1,1,1,1,1,1,1,1,1,1,1,1,1,1,
1,1,1,1,1,1,1,1,1,1,1,1,1,1,1,1,1,1,1,1,1,1,1,1,1,1,1,1,1,1,1,1,1,1,1,1,
1,1,1,1,1,1,1,1,1,1,1,1,1,1,1,1,1,1,1,1,1,1,1,1,1,1,1,1,1,1,1,1,1,1,1,1,
1,1,1,1,1,1,1,1,1,1,1,1,1,1,1,1,1,1,1,1,1,1,1,1,1,1,1,1,1,1,1,1,1,1,1,1,
1,1,1,1,1,1,1,1,1,1,1,1,1,1,1,1,1,1,1,1,1,1,1,1,1,1,1,1,1,1,1,1,1,1,1,1,
1,1,1,1,1,1,1,1,1,1,1,1,1,1,1,1,1,1,1,1,1,1,1,1,1,1,1,1,1,1,1,1,1,1,1,1,
1,1,1,1,1,1,1,1,1,1,1,1,1,1,1,1,1,1,1,1,1,1,1,1,1,1,1,4),(-9.45762128071524,
-9.45636614579008,-9.45451561577829,-9.45359035077239,-9.4526650857665,
-9.4517398207606,-9.4508145557547,-9.45069889762896,-9.4506410685661,-9.45058323950323,
-9.45035192325175,-9.4498892907488,-9.44965797449733,-9.44960014543446,
-9.44954231637159,-9.44942665824586,-9.44896402574291,-9.44711349573111,
-9.44341243570752,-9.43971137568393,-9.43230925563676,-9.42860819561317,
-9.42490713558958,-9.4175050155424,-9.41010289549522,-9.40270077544805,
-9.39529865540087,-9.38789653535369,-9.3841954753301,-9.38049441530652,
-9.37309229525934,-9.36569017521216,-9.35828805516498,-9.35088593511781,
-9.34348381507063,-9.33978275504704,-9.33608169502345,-9.32867957497627,
-9.3212774549291,-9.31387533488192,-9.30647321483474,-9.29907109478756,
-9.29166897474039,-9.28426685469321,-9.27686473464603,-9.26946261459885,
-9.26206049455168,-9.2546583745045,-9.24725625445732,-9.23985413441014,
-9.23245201436297,-9.22504989431579,-9.21764777426861,-9.21024565422143,
-9.20284353417426,-9.19544141412708,-9.1880392940799,-9.18063717403273,
-9.16583293393837,-9.15102869384402,-9.13622445374966,-9.1214202136553,
-9.11401809360813,-9.10661597356095,-9.09921385351377,-9.09181173346659,
-9.08440961341941,-9.07700749337224,-9.06960537332506,-9.06220325327788,
-9.04739901318353,-9.03259477308917,-9.01779053299482,-9.00298629290046,
-8.97337781271175,-8.94376933252304,-8.91416085233433,-8.88455237214562,
-8.86974813205127,-8.85494389195691,-8.84013965186256,-8.8253354117682,
-8.81053117167385,-8.79572693157949,-8.78092269148514,-8.76611845139078,
-8.75131421129643,-8.73650997120207,-8.72170573110772,-8.70690149101336,
-8.69209725091901,-8.67729301082465,-8.6624887707303,-8.64768453063594,
-8.61807605044723,-8.58846757025852,-8.55885909006981,-8.5292506098811,
-8.49964212969239,-8.47003364950368,-8.44042516931497,-8.41081668912626,
-8.39601244903191,-8.38120820893755,-8.3664039688432,-8.35159972874884,
-8.33679548865449,-8.32199124856013,-8.30718700846578,-8.29238276837142,
-8.27757852827707,-8.26277428818271,-8.24797004808836,-8.233165807994,-8.21836156789965,
-8.20355732780529,-8.18875308771094,-8.17394884761658,-8.14434036742787,
-8.11473188723916,-8.08512340705045,-8.05551492686174,-8.02590644667303,
-7.99629796648432,-7.96668948629561,-7.95188524620126,-7.9370810061069,
-7.92227676601255,-7.90747252591819,-7.87786404572948,-7.84825556554077,
-7.81864708535206,-7.80384284525771,-7.78903860516335,-7.774234365069,-7.75943012497464,
-7.74462588488029,-7.72982164478593,-7.71501740469158,-7.70021316459722,
-7.67060468440851,-7.6409962042198,-7.61138772403109,-7.59658348393674,
-7.58177924384238,-7.55546059478575,-7.52914194572912,-7.50282329667249,
-7.47650464761586,-7.45018599855923,-7.4238673495026,-7.39754870044596,
-7.37123005138933,-7.3449114023327,-7.31859275327607,-7.29227410421944,
-7.26595545516281,-7.23963680610618,-7.21331815704955,-7.18699950799292,
-7.16068085893628,-7.13436220987965,-7.10804356082302,-7.08172491176639,
-7.05540626270976,-7.02908761365313,-7.0027689645965,-6.97645031553987,
-6.95013166648324,-6.93039267969076,-6.91065369289829,-6.89091470610582,
-6.87117571931334,-6.85143673252087,-6.8316977457284,-6.81195875893592,
-6.79221977214345,-6.77248078535098,-6.7527417985585,-6.73300281176603,
-6.71326382497356,-6.69352483818108,-6.67378585138861,-6.65404686459613,
-6.63430787780366,-6.61456889101119,-6.59482990421871,-6.57509091742624,
-6.55535193063377,-6.53561294384129,-6.51587395704882,-6.49613497025635,
-6.47639598346387,-6.4566569966714,-6.43691800987893,-6.41717902308645,
-6.39744003629398,-6.37770104950151,-6.35796206270903,-6.33822307591656,
-6.31848408912409,-6.29874510233161,-6.27900611553914,-6.25926712874667,
-6.23952814195419,-6.21978915516172,-6.20005016836925,-6.18031118157677,
-6.1605721947843,-6.14083320799183,-6.12109422119935,-6.10135523440688,
-6.08161624761441,-6.06187726082193,-6.04213827402946,-6.02239928723699,
-6.00266030044451,-5.98292131365204,-5.96318232685957,-5.94344334006709,
-5.92370435327462,-5.90396536648215,-5.88422637968967,-5.8644873928972,
-5.84474840610473,-5.82500941931225,-5.80527043251978,-5.78553144572731,
-5.76579245893483,-5.74605347214236,-5.72631448534989,-5.70657549855741,
-5.68683651176494,-5.67203227167058,-5.65722803157623,-5.62761955138752,
-5.59801107119881,-5.5684025910101,-5.55359835091575,-5.53879411082139,
-5.52398987072704,-5.50918563063268,-5.49438139053832,-5.47957715044397,
-5.46477291034961,-5.44996867025526,-5.42036019006655,-5.39075170987784,
-5.36114322968913,-5.34633898959478,-5.33153474950042,-5.31673050940606,
-5.30192626931171,-5.272317789123,-5.24270930893429,-5.21310082874558,-5.18349234855687,
-5.15388386836816,-5.12427538817945,-5.1094711480851,-5.09466690799074,
-5.07986266789638,-5.06505842780203,-5.03544994761332,-5.00584146742461,
-4.9762329872359,-4.96142874714154,-4.94662450704719,-4.93182026695284,
-4.91701602685848,-4.90221178676412,-4.88740754666977,-4.87260330657541,
-4.85779906648106,-4.82819058629235,-4.79858210610364,-4.76897362591493,
-4.75416938582057,-4.73936514572622,-4.72456090563186,-4.70975666553751,
-4.6801481853488,-4.65053970516009,-4.62093122497138,-4.60612698487702,
-4.59132274478267,-4.57651850468831,-4.56171426459396,-4.5469100244996,
-4.53210578440525,-4.51730154431089,-4.50249730421654,-4.47288882402783,
-4.44328034383912,-4.41367186365041,-4.39886762355605,-4.3840633834617,
-4.36925914336734,-4.35445490327299,-4.32484642308428,-4.29523794289557,
-4.26562946270686,-4.23602098251815,-4.20641250232944,-4.17680402214073,
-4.16199978204637,-4.14719554195202,-4.13239130185766,-4.11758706176331,
-4.0879785815746,-4.05837010138589,-4.02876162119718,-3.99915314100847,
-3.96954466081976,-3.93993618063105,-3.91032770044234,-3.88071922025363,
-3.85111074006492,-3.82150225987621,-3.7918937796875,-3.76228529949879,
-3.73267681931008,-3.70306833912137,-3.67345985893266,-3.64385137874395,
-3.61424289855524,-3.58463441836653,-3.55502593817782,-3.52541745798911,
-3.4958089778004,-3.46620049761169,-3.43659201742298,-3.40698353723427,
-3.37737505704556,-3.34776657685685,-3.31815809666814,-3.28854961647943,
-3.25894113629072,-3.22933265610201,-3.1997241759133,-3.17011569572459,
-3.14050721553588,-3.11089873534717,-3.08129025515846,-3.05168177496975,
-3.02207329478104,-2.99246481459233,-2.96285633440362,-2.93324785421491,
-2.9036393740262,-2.87403089383749,-2.84442241364878,-2.81481393346007,
-2.78520545327136,-2.75559697308265,-2.72598849289394,-2.69638001270523,
-2.66677153251652,-2.63716305232781,-2.6075545721391,-2.57794609195039,
-2.54833761176168,-2.51872913157297,-2.48912065138426,-2.45951217119555,
-2.42990369100684,-2.40029521081813,-2.37068673062942,-2.34107825044071,
-2.311469770252,-2.28186129006329,-2.25225280987458,-2.22264432968587,-2.19303584949716,
-2.16342736930845,-2.13381888911974,-2.10421040893103,-2.07460192874232,
-2.04499344855361,-2.0153849683649,-1.98577648817619,-1.95616800798748,
-1.92655952779877,-1.89695104761006,-1.86734256742135,-1.83773408723264,
-1.80812560704392,-1.77851712685521,-1.7489086466665,-1.71930016647779,
-1.68969168628908,-1.66008320610037,-1.63047472591166,-1.60086624572295,
-1.57125776553424,-1.54164928534553,-1.51204080515682,-1.48243232496811,
-1.4528238447794,-1.42321536459069,-1.39360688440198,-1.36399840421327,
-1.33438992402456,-1.30478144383585,-1.27517296364714,-1.24556448345843,
-1.21595600326972,-1.18634752308101,-1.1567390428923,-1.12713056270359,
-1.09752208251488,-1.06791360232617,-1.03830512213746,-1.00869664194875,
-0.979088161760044,-0.949479681571334,-0.919871201382624,-0.890262721193914,
-0.860654241005204,-0.831045760816494,-0.801437280627784,-0.771828800439074,
-0.742220320250363,-0.712611840061653,-0.683003359872943,-0.653394879684233,
-0.623786399495523,-0.594177919306813,-0.564569439118103,-0.534960958929393,
-0.505352478740683,-0.475743998551973,-0.446135518363263,-0.416527038174553,
-0.386918557985843,-0.357310077797133,-0.327701597608423,-0.298093117419713,
-0.268484637231003,-0.238876157042293,-0.209267676853583,-0.179659196664873,
-0.150050716476163,-0.120442236287453,-0.0908337560987426,-0.0612252759100326,
-0.0316167957213225,-0.00200831553261249),.UNSPECIFIED.);
#60=B_SPLINE_CURVE_WITH_KNOTS('',3,(#2773,#2774,#2775,#2776),
 .UNSPECIFIED.,.F.,.F.,(4,4),(-0.0355833274178781,-0.0234189991992897),
 .UNSPECIFIED.);
#61=B_SPLINE_CURVE_WITH_KNOTS('',3,(#3138,#3139,#3140,#3141,#3142,#3143),
 .UNSPECIFIED.,.F.,.F.,(4,2,4),(0.129855939091751,0.141068914983938,0.156963382718819),
 .UNSPECIFIED.);
#62=B_SPLINE_CURVE_WITH_KNOTS('',3,(#3145,#3146,#3147,#3148,#3149,#3150,
#3151,#3152,#3153,#3154,#3155,#3156,#3157,#3158,#3159,#3160,#3161,#3162,
#3163,#3164,#3165,#3166,#3167,#3168,#3169,#3170,#3171,#3172,#3173,#3174,
#3175,#3176,#3177,#3178,#3179,#3180,#3181,#3182,#3183,#3184,#3185,#3186,
#3187,#3188,#3189,#3190,#3191,#3192,#3193,#3194,#3195,#3196,#3197,#3198,
#3199,#3200,#3201,#3202,#3203,#3204,#3205,#3206,#3207,#3208,#3209,#3210,
#3211,#3212,#3213,#3214,#3215,#3216),.UNSPECIFIED.,.F.,.F.,(4,2,1,1,1,1,
1,1,1,1,1,1,1,1,1,1,1,1,1,1,1,1,1,1,1,1,1,1,1,1,1,1,1,1,1,1,1,1,1,1,1,1,
1,1,1,1,1,1,1,1,1,1,1,1,1,1,1,1,1,1,1,1,1,1,1,1,1,1,4),(-4.39138034357991E-5,
0.,0.000114261566103552,0.000228523132207105,0.000457046264414209,0.000914092528828419,
0.00137113879324263,0.00182818505765684,0.00365637011531367,0.00548455517297051,
0.00639864770179893,0.00731274023062735,0.0146254804612547,0.0292509609225094,
0.0365637011531367,0.0438764413837641,0.0511891816143914,0.0548455517297051,
0.056673736787362,0.0585019218450188,0.117003843690038,0.175505765535056,
0.234007687380075,0.292509609225094,0.351011531070113,0.409513452915132,
0.46801537476015,0.702023062140225,0.936030749520301,1.17003843690038,1.40404612428045,
1.63805381166053,1.8720614990406,2.02806662396065,2.1840717488807,2.34007687380075,
2.4960819987208,2.65208712364085,2.8080922485609,2.96409737348095,3.120102498401,
3.27610762332105,3.4321127482411,3.58811787316115,3.7441229980812,3.97813068546128,
4.21213837284135,4.44614606022143,4.6801537476015,4.91416143498158,5.14816912236165,
5.38217680974173,5.6161844971218,5.85019218450188,6.08419987188195,6.31820755926203,
6.5522152466421,6.78622293402218,7.02023062140225,7.25423830878233,7.48824599616241,
7.72225368354248,7.95626137092256,8.19026905830263,8.42427674568271,8.65828443306278,
8.89229212044286,9.12629980782293,9.28443789592638),.UNSPECIFIED.);
#63=B_SPLINE_CURVE_WITH_KNOTS('',3,(#3217,#3218,#3219,#3220,#3221,#3222,
#3223,#3224,#3225,#3226,#3227,#3228,#3229,#3230,#3231,#3232),
 .UNSPECIFIED.,.F.,.F.,(4,3,3,3,3,4),(0.,0.02755260284761,0.0535108978188129,
0.083250716229935,0.124381706896655,0.182770775183817),.UNSPECIFIED.);
#64=B_SPLINE_CURVE_WITH_KNOTS('',3,(#3235,#3236,#3237,#3238,#3239,#3240,
#3241,#3242,#3243,#3244,#3245,#3246,#3247,#3248,#3249,#3250,#3251,#3252,
#3253,#3254,#3255,#3256),.UNSPECIFIED.,.F.,.F.,(4,3,3,3,3,3,3,4),(3.46944695195361E-18,
0.00868348426932816,0.00937337659875664,0.0116357265720734,0.0172122585803587,
0.0217128746921255,0.0260417838422091,0.0298994456283089),.UNSPECIFIED.);
#65=B_SPLINE_CURVE_WITH_KNOTS('',3,(#3284,#3285,#3286,#3287,#3288,#3289,
#3290,#3291,#3292,#3293,#3294,#3295,#3296,#3297,#3298,#3299),
 .UNSPECIFIED.,.F.,.F.,(4,2,2,2,2,2,2,4),(-0.175316471995845,-0.174784393657094,
-0.149886772045249,-0.125978546104368,-0.119263993217876,-0.117547981542029,
-0.109734998812395,-0.105068537686755),.UNSPECIFIED.);
#66=B_SPLINE_CURVE_WITH_KNOTS('',3,(#3317,#3318,#3319,#3320),
 .UNSPECIFIED.,.F.,.F.,(4,4),(-22.0606276769739,-0.0525977218809121),
 .UNSPECIFIED.);
#67=B_SPLINE_CURVE_WITH_KNOTS('',3,(#3322,#3323,#3324,#3325,#3326,#3327),
 .UNSPECIFIED.,.F.,.F.,(4,2,4),(0.,0.119125384567673,0.23825176846034),
 .UNSPECIFIED.);
#68=B_SPLINE_CURVE_WITH_KNOTS('',3,(#3328,#3329,#3330,#3331),
 .UNSPECIFIED.,.F.,.F.,(4,4),(0.000770737127457899,22.111802390415),
 .UNSPECIFIED.);
#69=B_SPLINE_CURVE_WITH_KNOTS('',3,(#3490,#3491,#3492,#3493),
 .UNSPECIFIED.,.F.,.F.,(4,4),(-1.05122670183226,-0.050016333189552),
 .UNSPECIFIED.);
#70=B_SPLINE_CURVE_WITH_KNOTS('',3,(#3495,#3496,#3497,#3498,#3499,#3500,
#3501,#3502,#3503,#3504,#3505,#3506,#3507,#3508,#3509,#3510,#3511,#3512,
#3513,#3514,#3515,#3516,#3517,#3518,#3519,#3520,#3521,#3522,#3523,#3524,
#3525,#3526,#3527,#3528,#3529,#3530,#3531,#3532,#3533,#3534,#3535,#3536,
#3537,#3538,#3539,#3540,#3541,#3542,#3543,#3544,#3545,#3546),
 .UNSPECIFIED.,.F.,.F.,(4,3,3,3,3,3,3,3,3,3,3,3,3,3,3,3,3,4),(-13.0113365488625,
-12.6075579055144,-12.1509420151648,-11.6943261248152,-11.2377102344656,
-10.3244784537665,-9.41124667306737,-8.49801489236823,-7.58478311166909,
-6.36714073740357,-5.14949836313805,-4.54067717600529,-3.93185598887254,
-3.62744539530616,-3.32303480173977,-2.71421361460702,-0.278928866075976,
-0.0501805253801386),.UNSPECIFIED.);
#71=B_SPLINE_CURVE_WITH_KNOTS('',3,(#3548,#3549,#3550,#3551,#3552,#3553,
#3554),.UNSPECIFIED.,.F.,.F.,(4,3,4),(-0.99984778980893,-0.443041233536056,
-1.6393205698167E-7),.UNSPECIFIED.);
#72=B_SPLINE_CURVE_WITH_KNOTS('',3,(#6087,#6088,#6089,#6090,#6091,#6092,
#6093,#6094,#6095,#6096,#6097,#6098,#6099,#6100,#6101,#6102,#6103,#6104,
#6105,#6106,#6107,#6108,#6109,#6110,#6111,#6112,#6113,#6114,#6115,#6116,
#6117,#6118,#6119,#6120,#6121,#6122,#6123,#6124,#6125,#6126,#6127,#6128,
#6129,#6130,#6131,#6132),.UNSPECIFIED.,.F.,.F.,(4,3,3,3,3,3,3,3,3,3,3,3,
3,3,3,4),(0.,0.0207696919551704,0.0415393839103407,0.0619336584651327,0.0787031614709194,
0.0925829780501605,0.101154798954797,0.120856549862808,0.132326197232122,
0.1488778267631,0.164615418230002,0.172762186332717,0.191117932515083,0.200543100410465,
0.217812382418652,0.228856767039776),.UNSPECIFIED.);
#73=B_SPLINE_CURVE_WITH_KNOTS('',3,(#6133,#6134,#6135,#6136,#6137,#6138,
#6139,#6140,#6141,#6142,#6143,#6144,#6145,#6146,#6147,#6148,#6149,#6150,
#6151,#6152,#6153,#6154,#6155,#6156,#6157,#6158,#6159,#6160,#6161,#6162,
#6163,#6164,#6165,#6166,#6167,#6168,#6169,#6170,#6171,#6172,#6173,#6174,
#6175,#6176,#6177,#6178,#6179,#6180,#6181,#6182,#6183,#6184,#6185,#6186,
#6187,#6188,#6189,#6190,#6191,#6192,#6193,#6194,#6195,#6196,#6197,#6198,
#6199,#6200,#6201,#6202,#6203,#6204,#6205,#6206,#6207,#6208,#6209,#6210,
#6211,#6212,#6213,#6214,#6215,#6216,#6217,#6218,#6219,#6220,#6221,#6222,
#6223,#6224,#6225,#6226,#6227,#6228,#6229,#6230,#6231,#6232,#6233,#6234,
#6235,#6236,#6237,#6238,#6239,#6240,#6241,#6242,#6243,#6244,#6245,#6246,
#6247,#6248,#6249,#6250,#6251,#6252,#6253,#6254,#6255,#6256,#6257,#6258,
#6259,#6260,#6261,#6262,#6263,#6264,#6265,#6266,#6267,#6268,#6269,#6270,
#6271,#6272,#6273,#6274,#6275,#6276,#6277,#6278,#6279,#6280,#6281,#6282,
#6283,#6284,#6285,#6286,#6287,#6288,#6289,#6290,#6291,#6292,#6293,#6294,
#6295,#6296,#6297,#6298,#6299,#6300,#6301,#6302,#6303,#6304,#6305,#6306,
#6307,#6308,#6309,#6310,#6311,#6312,#6313,#6314,#6315,#6316,#6317,#6318,
#6319,#6320,#6321,#6322,#6323,#6324,#6325,#6326,#6327,#6328,#6329,#6330,
#6331,#6332,#6333,#6334,#6335,#6336,#6337,#6338,#6339,#6340,#6341,#6342,
#6343,#6344,#6345,#6346,#6347,#6348,#6349,#6350,#6351,#6352,#6353,#6354,
#6355,#6356,#6357,#6358,#6359,#6360,#6361,#6362,#6363,#6364,#6365,#6366,
#6367,#6368,#6369,#6370,#6371,#6372,#6373,#6374,#6375,#6376,#6377,#6378,
#6379,#6380,#6381,#6382,#6383,#6384,#6385,#6386,#6387,#6388,#6389,#6390,
#6391,#6392,#6393,#6394,#6395,#6396,#6397,#6398,#6399,#6400,#6401,#6402,
#6403,#6404,#6405,#6406,#6407,#6408,#6409,#6410,#6411,#6412,#6413,#6414,
#6415,#6416,#6417,#6418,#6419,#6420,#6421,#6422,#6423,#6424,#6425,#6426,
#6427,#6428,#6429,#6430,#6431,#6432,#6433,#6434,#6435,#6436,#6437,#6438,
#6439,#6440,#6441,#6442,#6443,#6444,#6445,#6446,#6447,#6448,#6449,#6450,
#6451,#6452,#6453,#6454,#6455,#6456,#6457,#6458,#6459,#6460,#6461,#6462,
#6463,#6464,#6465,#6466,#6467,#6468,#6469,#6470,#6471,#6472,#6473,#6474,
#6475,#6476,#6477,#6478,#6479,#6480,#6481,#6482,#6483,#6484,#6485,#6486,
#6487,#6488,#6489,#6490,#6491,#6492,#6493,#6494,#6495,#6496,#6497,#6498,
#6499,#6500,#6501,#6502,#6503,#6504,#6505,#6506,#6507,#6508,#6509,#6510,
#6511,#6512,#6513,#6514,#6515,#6516,#6517,#6518,#6519,#6520,#6521,#6522,
#6523,#6524,#6525,#6526,#6527,#6528,#6529,#6530,#6531,#6532,#6533,#6534,
#6535,#6536,#6537,#6538,#6539,#6540,#6541,#6542,#6543,#6544,#6545,#6546,
#6547,#6548,#6549,#6550,#6551,#6552,#6553,#6554,#6555,#6556,#6557,#6558,
#6559,#6560,#6561,#6562,#6563,#6564,#6565,#6566,#6567,#6568,#6569,#6570,
#6571,#6572,#6573,#6574,#6575,#6576,#6577,#6578,#6579,#6580,#6581,#6582,
#6583,#6584,#6585,#6586,#6587,#6588,#6589,#6590,#6591,#6592,#6593,#6594,
#6595,#6596,#6597,#6598,#6599,#6600,#6601,#6602,#6603,#6604,#6605,#6606,
#6607,#6608,#6609,#6610,#6611,#6612,#6613,#6614,#6615,#6616,#6617,#6618,
#6619,#6620,#6621,#6622,#6623,#6624,#6625,#6626,#6627,#6628,#6629),
 .UNSPECIFIED.,.F.,.F.,(4,1,1,1,1,1,1,1,1,1,1,1,1,1,1,1,1,1,1,1,1,1,1,1,
1,1,1,1,1,1,1,1,1,1,1,1,1,1,1,1,1,1,1,1,1,1,1,1,1,1,1,1,1,1,1,1,1,1,1,1,
1,1,1,1,1,1,1,1,1,1,1,1,1,1,1,1,1,1,1,1,1,1,1,1,1,1,1,1,1,1,1,1,1,1,1,1,
1,1,1,1,1,1,1,1,1,1,1,1,1,1,1,1,1,1,1,1,1,1,1,1,1,1,1,1,1,1,1,1,1,1,1,1,
1,1,1,1,1,1,1,1,1,1,1,1,1,1,1,1,1,1,1,1,1,1,1,1,1,1,1,1,1,1,1,1,1,1,1,1,
1,1,1,1,1,1,1,1,1,1,1,1,1,1,1,1,1,1,1,1,1,1,1,1,1,1,1,1,1,1,1,1,1,1,1,1,
1,1,1,1,1,1,1,1,1,1,1,1,1,1,1,1,1,1,1,1,1,1,1,1,1,1,1,1,1,1,1,1,1,1,1,1,
1,1,1,1,1,1,1,1,1,1,1,1,1,1,1,1,1,1,1,1,1,1,1,1,1,1,1,1,1,1,1,1,1,1,1,1,
1,1,1,1,1,1,1,1,1,1,1,1,1,1,1,1,1,1,1,1,1,1,1,1,1,1,1,1,1,1,1,1,1,1,1,1,
1,1,1,1,1,1,1,1,1,1,1,1,1,1,1,1,1,1,1,1,1,1,1,1,1,1,1,1,1,1,1,1,1,1,1,1,
1,1,1,1,1,1,1,1,1,1,1,1,1,1,1,1,1,1,1,1,1,1,1,1,1,1,1,1,1,1,1,1,1,1,1,1,
1,1,1,1,1,1,1,1,1,1,1,1,1,1,1,1,1,1,1,1,1,1,1,1,1,1,1,1,1,1,1,1,1,1,1,1,
1,1,1,1,1,1,1,1,1,1,1,1,1,1,1,1,1,1,1,1,1,1,1,1,1,1,1,1,1,1,1,1,1,1,1,1,
1,1,1,1,1,1,1,1,1,1,1,1,1,1,1,1,1,1,1,1,1,1,1,1,1,1,1,1,1,1,1,1,1,1,1,1,
2,4),(0.082419846723172,0.0908337560987426,0.120442236287453,0.150050716476163,
0.179659196664873,0.209267676853583,0.238876157042293,0.268484637231003,
0.298093117419713,0.327701597608423,0.357310077797133,0.386918557985843,
0.416527038174553,0.446135518363263,0.475743998551973,0.505352478740683,
0.534960958929393,0.564569439118103,0.594177919306813,0.623786399495523,
0.653394879684233,0.683003359872943,0.712611840061653,0.742220320250363,
0.771828800439074,0.801437280627784,0.831045760816494,0.860654241005204,
0.890262721193914,0.919871201382624,0.949479681571334,0.979088161760044,
1.00869664194875,1.03830512213746,1.06791360232617,1.09752208251488,1.12713056270359,
1.1567390428923,1.18634752308101,1.21595600326972,1.24556448345843,1.27517296364714,
1.30478144383585,1.33438992402456,1.36399840421327,1.39360688440198,1.42321536459069,
1.4528238447794,1.48243232496811,1.51204080515682,1.54164928534553,1.57125776553424,
1.60086624572295,1.63047472591166,1.66008320610037,1.68969168628908,1.71930016647779,
1.7489086466665,1.77851712685521,1.80812560704392,1.83773408723264,1.86734256742135,
1.89695104761006,1.92655952779877,1.95616800798748,1.98577648817619,2.0153849683649,
2.04499344855361,2.07460192874232,2.10421040893103,2.13381888911974,2.16342736930845,
2.19303584949716,2.22264432968587,2.25225280987458,2.28186129006329,2.311469770252,
2.34107825044071,2.37068673062942,2.40029521081813,2.42990369100684,2.45951217119555,
2.48912065138426,2.51872913157297,2.54833761176168,2.57794609195039,2.6075545721391,
2.63716305232781,2.66677153251652,2.69638001270523,2.72598849289394,2.75559697308265,
2.78520545327136,2.81481393346007,2.84442241364878,2.87403089383749,2.9036393740262,
2.93324785421491,2.96285633440362,2.99246481459233,3.02207329478104,3.05168177496975,
3.08129025515846,3.11089873534717,3.14050721553588,3.17011569572459,3.1997241759133,
3.22933265610201,3.25894113629072,3.28854961647943,3.31815809666814,3.34776657685685,
3.37737505704556,3.40698353723427,3.43659201742298,3.46620049761169,3.4958089778004,
3.52541745798911,3.55502593817782,3.58463441836653,3.61424289855524,3.64385137874395,
3.67345985893266,3.70306833912137,3.73267681931008,3.76228529949879,3.7918937796875,
3.82150225987621,3.85111074006492,3.88071922025363,3.91032770044234,3.93993618063105,
3.96954466081976,3.99915314100847,4.02876162119718,4.05837010138589,4.0879785815746,
4.11758706176331,4.13239130185766,4.14719554195202,4.16199978204637,4.17680402214073,
4.20641250232944,4.23602098251815,4.26562946270686,4.29523794289557,4.32484642308428,
4.35445490327299,4.36925914336734,4.3840633834617,4.39886762355605,4.41367186365041,
4.44328034383912,4.47288882402783,4.50249730421654,4.51730154431089,4.53210578440525,
4.5469100244996,4.56171426459396,4.57651850468831,4.59132274478267,4.60612698487702,
4.62093122497138,4.65053970516009,4.6801481853488,4.70975666553751,4.72456090563186,
4.73936514572622,4.75416938582057,4.76897362591493,4.79858210610364,4.82819058629235,
4.85779906648106,4.87260330657541,4.88740754666977,4.90221178676412,4.91701602685848,
4.93182026695284,4.94662450704719,4.96142874714154,4.9762329872359,5.00584146742461,
5.03544994761332,5.06505842780203,5.07986266789638,5.09466690799074,5.1094711480851,
5.12427538817945,5.15388386836816,5.18349234855687,5.21310082874558,5.24270930893429,
5.272317789123,5.30192626931171,5.31673050940606,5.33153474950042,5.34633898959478,
5.36114322968913,5.39075170987784,5.42036019006655,5.44996867025526,5.46477291034961,
5.47957715044397,5.49438139053832,5.50918563063268,5.52398987072704,5.53879411082139,
5.55359835091575,5.5684025910101,5.59801107119881,5.62761955138752,5.65722803157623,
5.67203227167058,5.68683651176494,5.70657549855741,5.72631448534989,5.74605347214236,
5.76579245893483,5.78553144572731,5.80527043251978,5.82500941931225,5.84474840610473,
5.8644873928972,5.88422637968967,5.90396536648215,5.92370435327462,5.94344334006709,
5.96318232685957,5.98292131365204,6.00266030044451,6.02239928723699,6.04213827402946,
6.06187726082193,6.08161624761441,6.10135523440688,6.12109422119935,6.14083320799183,
6.1605721947843,6.18031118157677,6.20005016836925,6.21978915516172,6.23952814195419,
6.25926712874667,6.27900611553914,6.29874510233161,6.31848408912409,6.33822307591656,
6.35796206270903,6.37770104950151,6.39744003629398,6.41717902308645,6.43691800987893,
6.4566569966714,6.47639598346387,6.49613497025635,6.51587395704882,6.53561294384129,
6.55535193063377,6.57509091742624,6.59482990421871,6.61456889101119,6.63430787780366,
6.65404686459613,6.67378585138861,6.69352483818108,6.71326382497356,6.73300281176603,
6.7527417985585,6.77248078535098,6.79221977214345,6.81195875893592,6.8316977457284,
6.85143673252087,6.87117571931334,6.89091470610582,6.91065369289829,6.93039267969076,
6.95013166648324,6.97645031553987,7.0027689645965,7.02908761365313,7.05540626270976,
7.08172491176639,7.10804356082302,7.13436220987965,7.16068085893628,7.18699950799292,
7.21331815704955,7.23963680610618,7.26595545516281,7.29227410421944,7.31859275327607,
7.3449114023327,7.37123005138933,7.39754870044596,7.4238673495026,7.45018599855923,
7.47650464761586,7.50282329667249,7.52914194572912,7.55546059478575,7.58177924384238,
7.59658348393674,7.61138772403109,7.6409962042198,7.67060468440851,7.70021316459722,
7.71501740469158,7.72982164478593,7.74462588488029,7.75943012497464,7.774234365069,
7.78903860516335,7.80384284525771,7.81864708535206,7.84825556554077,7.87786404572948,
7.90747252591819,7.92227676601255,7.9370810061069,7.95188524620126,7.96668948629561,
7.99629796648432,8.02590644667303,8.05551492686174,8.08512340705045,8.11473188723916,
8.14434036742787,8.17394884761658,8.18875308771094,8.20355732780529,8.21836156789965,
8.233165807994,8.24797004808836,8.26277428818271,8.27757852827707,8.29238276837142,
8.30718700846578,8.32199124856013,8.33679548865449,8.35159972874884,8.3664039688432,
8.38120820893755,8.39601244903191,8.41081668912626,8.44042516931497,8.47003364950368,
8.49964212969239,8.5292506098811,8.55885909006981,8.58846757025852,8.61807605044723,
8.64768453063594,8.6624887707303,8.67729301082465,8.69209725091901,8.70690149101336,
8.72170573110772,8.73650997120207,8.75131421129643,8.76611845139078,8.78092269148514,
8.79572693157949,8.81053117167385,8.8253354117682,8.84013965186256,8.85494389195691,
8.86974813205127,8.88455237214562,8.91416085233433,8.94376933252304,8.97337781271175,
9.00298629290046,9.01779053299482,9.03259477308917,9.04739901318353,9.06220325327788,
9.06960537332506,9.07700749337224,9.08440961341941,9.09181173346659,9.09921385351377,
9.10661597356095,9.11401809360813,9.1214202136553,9.13622445374966,9.15102869384402,
9.16583293393837,9.18063717403273,9.1880392940799,9.19544141412708,9.20284353417426,
9.21024565422143,9.21764777426861,9.22504989431579,9.23245201436297,9.23985413441014,
9.24725625445732,9.2546583745045,9.26206049455168,9.26946261459885,9.27686473464603,
9.28426685469321,9.29166897474039,9.29907109478756,9.30647321483474,9.31387533488192,
9.3212774549291,9.32867957497627,9.33608169502345,9.33978275504704,9.34348381507063,
9.35088593511781,9.35828805516498,9.36569017521216,9.37309229525934,9.38049441530652,
9.3841954753301,9.38789653535369,9.39529865540087,9.40270077544805,9.41010289549522,
9.4175050155424,9.42490713558958,9.42860819561317,9.43230925563676,9.43971137568393,
9.44341243570752,9.44711349573111,9.44896402574291,9.44942665824586,9.44954231637159,
9.44960014543446,9.44965797449733,9.4498892907488,9.45035192325175,9.45058323950323,
9.4506410685661,9.45069889762896,9.4508145557547,9.4517398207606,9.4526650857665,
9.45359035077239,9.45451561577829,9.45636614579008,9.45821667580188,9.46191773582547,
9.46238036832842,9.46284300083137,9.46376826583726,9.46423089834021,9.46469353084316,
9.46515616334611,9.46561879584906,9.46746932586085,9.46931985587265,9.47024512087854,
9.47117038588444,9.47140170213592,9.47163301838739,9.47186433463886,9.47209565089034,
9.47302091589624,9.47325223214771,9.47348354839918,9.47394618090213,9.47417749715361,
9.47440881340508,9.47464012965655,9.47487144590803,9.4751027621595,9.47533407841098,
9.47556539466245,9.47568105278819,9.47579671091393,9.47591236903966,9.4760280271654,
9.47625934341687,9.47628825794831,9.47631717247974,9.47637500154261,9.47649065966835,
9.47654848873122,9.47657740326265,9.47660631779409,9.47663523232552,9.47666414685695,
9.47669306138839,9.47670029002125,9.47670751865411,9.47671474728697,9.4767183616034,
9.47672197591982,9.47672437890555),.UNSPECIFIED.);
#74=B_SPLINE_CURVE_WITH_KNOTS('',3,(#6779,#6780,#6781,#6782),
 .UNSPECIFIED.,.F.,.F.,(4,4),(-22.058763140909,-0.048777320713818),
 .UNSPECIFIED.);
#75=B_SPLINE_CURVE_WITH_KNOTS('',3,(#6807,#6808,#6809,#6810),
 .UNSPECIFIED.,.F.,.F.,(4,4),(-1.04473125395741,-0.0499959669264076),
 .UNSPECIFIED.);
#76=B_SPLINE_CURVE_WITH_KNOTS('',3,(#6812,#6813,#6814,#6815,#6816,#6817,
#6818,#6819,#6820,#6821,#6822,#6823,#6824,#6825,#6826,#6827,#6828,#6829,
#6830,#6831,#6832,#6833,#6834,#6835,#6836),.UNSPECIFIED.,.F.,.F.,(4,3,3,
3,3,3,3,3,4),(-2.31520328720048,-1.74754407085556,-1.53467186472621,-1.41972332488084,
-1.35239356586886,-1.02543677985684,-0.791795438414998,-0.210211375542526,
-0.0445664218207969),.UNSPECIFIED.);
#77=B_SPLINE_CURVE_WITH_KNOTS('',3,(#6838,#6839,#6840,#6841),
 .UNSPECIFIED.,.F.,.F.,(4,4),(-1.0067600525032,0.),.UNSPECIFIED.);
#78=B_SPLINE_CURVE_WITH_KNOTS('',3,(#7044,#7045,#7046,#7047),
 .UNSPECIFIED.,.F.,.F.,(4,4),(-0.000821082653251363,22.1102445015526),
 .UNSPECIFIED.);
#79=B_SPLINE_CURVE_WITH_KNOTS('',3,(#7049,#7050,#7051,#7052,#7053,#7054),
 .UNSPECIFIED.,.F.,.F.,(4,2,4),(0.,0.122032817338486,0.244066631215756),
 .UNSPECIFIED.);
#80=CIRCLE('',#1376,1.50000000000001);
#81=CIRCLE('',#1377,1.50000000000001);
#82=CIRCLE('',#1380,1.49999999999999);
#83=CIRCLE('',#1381,1.49999999999999);
#84=CIRCLE('',#1385,1.49999999999999);
#85=CIRCLE('',#1386,1.49999999999999);
#86=CIRCLE('',#1389,1.50000000000001);
#87=CIRCLE('',#1390,1.50000000000001);
#88=CIRCLE('',#1394,3.175);
#89=CIRCLE('',#1396,3.175);
#90=CIRCLE('',#1400,3.175);
#91=CIRCLE('',#1401,3.175);
#92=CIRCLE('',#1402,3.175);
#93=CIRCLE('',#1403,3.175);
#94=CIRCLE('',#1423,3.175);
#95=CIRCLE('',#1424,3.175);
#96=CYLINDRICAL_SURFACE('',#1375,1.50000000000001);
#97=CYLINDRICAL_SURFACE('',#1379,1.49999999999999);
#98=CYLINDRICAL_SURFACE('',#1384,1.49999999999999);
#99=CYLINDRICAL_SURFACE('',#1388,1.50000000000001);
#100=CYLINDRICAL_SURFACE('',#1399,3.175);
#101=CYLINDRICAL_SURFACE('',#1422,3.175);
#102=FACE_OUTER_BOUND('',#177,.T.);
#103=FACE_OUTER_BOUND('',#178,.T.);
#104=FACE_OUTER_BOUND('',#179,.T.);
#105=FACE_OUTER_BOUND('',#180,.T.);
#106=FACE_OUTER_BOUND('',#181,.T.);
#107=FACE_OUTER_BOUND('',#182,.T.);
#108=FACE_OUTER_BOUND('',#183,.T.);
#109=FACE_OUTER_BOUND('',#184,.T.);
#110=FACE_OUTER_BOUND('',#185,.T.);
#111=FACE_OUTER_BOUND('',#186,.T.);
#112=FACE_OUTER_BOUND('',#187,.T.);
#113=FACE_OUTER_BOUND('',#188,.T.);
#114=FACE_OUTER_BOUND('',#189,.T.);
#115=FACE_OUTER_BOUND('',#190,.T.);
#116=FACE_OUTER_BOUND('',#191,.T.);
#117=FACE_OUTER_BOUND('',#192,.T.);
#118=FACE_OUTER_BOUND('',#193,.T.);
#119=FACE_OUTER_BOUND('',#194,.T.);
#120=FACE_OUTER_BOUND('',#195,.T.);
#121=FACE_OUTER_BOUND('',#196,.T.);
#122=FACE_OUTER_BOUND('',#197,.T.);
#123=FACE_OUTER_BOUND('',#198,.T.);
#124=FACE_OUTER_BOUND('',#199,.T.);
#125=FACE_OUTER_BOUND('',#200,.T.);
#126=FACE_OUTER_BOUND('',#201,.T.);
#127=FACE_OUTER_BOUND('',#204,.T.);
#128=FACE_OUTER_BOUND('',#205,.T.);
#129=FACE_OUTER_BOUND('',#206,.T.);
#130=FACE_OUTER_BOUND('',#207,.T.);
#131=FACE_OUTER_BOUND('',#208,.T.);
#132=FACE_OUTER_BOUND('',#209,.T.);
#133=FACE_OUTER_BOUND('',#210,.T.);
#134=FACE_OUTER_BOUND('',#211,.T.);
#135=FACE_OUTER_BOUND('',#212,.T.);
#136=FACE_OUTER_BOUND('',#213,.T.);
#137=FACE_OUTER_BOUND('',#214,.T.);
#138=FACE_OUTER_BOUND('',#215,.T.);
#139=FACE_OUTER_BOUND('',#216,.T.);
#140=FACE_OUTER_BOUND('',#217,.T.);
#141=FACE_OUTER_BOUND('',#218,.T.);
#142=FACE_OUTER_BOUND('',#219,.T.);
#143=FACE_OUTER_BOUND('',#220,.T.);
#144=FACE_OUTER_BOUND('',#221,.T.);
#145=FACE_OUTER_BOUND('',#222,.T.);
#146=FACE_OUTER_BOUND('',#223,.T.);
#147=FACE_OUTER_BOUND('',#224,.T.);
#148=FACE_OUTER_BOUND('',#225,.T.);
#149=FACE_OUTER_BOUND('',#226,.T.);
#150=FACE_OUTER_BOUND('',#227,.T.);
#151=FACE_OUTER_BOUND('',#229,.T.);
#152=FACE_OUTER_BOUND('',#230,.T.);
#153=FACE_OUTER_BOUND('',#232,.T.);
#154=FACE_OUTER_BOUND('',#233,.T.);
#155=FACE_OUTER_BOUND('',#234,.T.);
#156=FACE_OUTER_BOUND('',#235,.T.);
#157=FACE_OUTER_BOUND('',#236,.T.);
#158=FACE_OUTER_BOUND('',#237,.T.);
#159=FACE_OUTER_BOUND('',#238,.T.);
#160=FACE_OUTER_BOUND('',#239,.T.);
#161=FACE_OUTER_BOUND('',#240,.T.);
#162=FACE_OUTER_BOUND('',#241,.T.);
#163=FACE_OUTER_BOUND('',#242,.T.);
#164=FACE_OUTER_BOUND('',#243,.T.);
#165=FACE_OUTER_BOUND('',#244,.T.);
#166=FACE_OUTER_BOUND('',#245,.T.);
#167=FACE_OUTER_BOUND('',#246,.T.);
#168=FACE_OUTER_BOUND('',#247,.T.);
#169=FACE_OUTER_BOUND('',#248,.T.);
#170=FACE_OUTER_BOUND('',#249,.T.);
#171=FACE_OUTER_BOUND('',#250,.T.);
#172=FACE_OUTER_BOUND('',#251,.T.);
#173=FACE_OUTER_BOUND('',#252,.T.);
#174=FACE_OUTER_BOUND('',#253,.T.);
#175=FACE_OUTER_BOUND('',#257,.T.);
#176=FACE_OUTER_BOUND('',#260,.T.);
#177=EDGE_LOOP('',(#843,#844,#845,#846));
#178=EDGE_LOOP('',(#847,#848,#849,#850));
#179=EDGE_LOOP('',(#851,#852,#853,#854));
#180=EDGE_LOOP('',(#855,#856,#857,#858));
#181=EDGE_LOOP('',(#859,#860,#861,#862));
#182=EDGE_LOOP('',(#863,#864,#865,#866));
#183=EDGE_LOOP('',(#867,#868,#869,#870));
#184=EDGE_LOOP('',(#871,#872,#873,#874));
#185=EDGE_LOOP('',(#875,#876,#877,#878));
#186=EDGE_LOOP('',(#879,#880,#881,#882));
#187=EDGE_LOOP('',(#883,#884,#885,#886,#887,#888,#889,#890,#891,#892));
#188=EDGE_LOOP('',(#893,#894,#895,#896));
#189=EDGE_LOOP('',(#897,#898,#899,#900));
#190=EDGE_LOOP('',(#901,#902,#903,#904));
#191=EDGE_LOOP('',(#905,#906,#907,#908));
#192=EDGE_LOOP('',(#909,#910,#911,#912,#913,#914,#915,#916,#917,#918));
#193=EDGE_LOOP('',(#919,#920,#921,#922));
#194=EDGE_LOOP('',(#923,#924,#925,#926));
#195=EDGE_LOOP('',(#927,#928,#929,#930));
#196=EDGE_LOOP('',(#931,#932,#933,#934,#935,#936,#937,#938,#939,#940,#941,
#942));
#197=EDGE_LOOP('',(#943,#944,#945));
#198=EDGE_LOOP('',(#946,#947,#948,#949,#950));
#199=EDGE_LOOP('',(#951,#952,#953,#954,#955,#956));
#200=EDGE_LOOP('',(#957,#958,#959,#960));
#201=EDGE_LOOP('',(#961,#962,#963,#964,#965,#966,#967,#968,#969));
#202=EDGE_LOOP('',(#970,#971,#972,#973));
#203=EDGE_LOOP('',(#974,#975,#976,#977));
#204=EDGE_LOOP('',(#978,#979,#980,#981,#982));
#205=EDGE_LOOP('',(#983,#984,#985,#986));
#206=EDGE_LOOP('',(#987,#988,#989,#990));
#207=EDGE_LOOP('',(#991,#992,#993));
#208=EDGE_LOOP('',(#994,#995,#996,#997,#998));
#209=EDGE_LOOP('',(#999,#1000,#1001,#1002,#1003,#1004,#1005,#1006));
#210=EDGE_LOOP('',(#1007,#1008,#1009,#1010,#1011,#1012));
#211=EDGE_LOOP('',(#1013,#1014,#1015,#1016,#1017,#1018,#1019,#1020));
#212=EDGE_LOOP('',(#1021,#1022,#1023,#1024));
#213=EDGE_LOOP('',(#1025,#1026,#1027,#1028));
#214=EDGE_LOOP('',(#1029,#1030,#1031,#1032,#1033));
#215=EDGE_LOOP('',(#1034,#1035,#1036,#1037));
#216=EDGE_LOOP('',(#1038,#1039,#1040,#1041));
#217=EDGE_LOOP('',(#1042,#1043,#1044,#1045));
#218=EDGE_LOOP('',(#1046,#1047,#1048,#1049));
#219=EDGE_LOOP('',(#1050,#1051,#1052,#1053));
#220=EDGE_LOOP('',(#1054,#1055,#1056,#1057));
#221=EDGE_LOOP('',(#1058,#1059,#1060,#1061));
#222=EDGE_LOOP('',(#1062,#1063,#1064,#1065,#1066));
#223=EDGE_LOOP('',(#1067,#1068,#1069,#1070));
#224=EDGE_LOOP('',(#1071));
#225=EDGE_LOOP('',(#1072,#1073));
#226=EDGE_LOOP('',(#1074,#1075,#1076,#1077));
#227=EDGE_LOOP('',(#1078,#1079,#1080,#1081));
#228=EDGE_LOOP('',(#1082));
#229=EDGE_LOOP('',(#1083,#1084,#1085,#1086));
#230=EDGE_LOOP('',(#1087,#1088,#1089,#1090,#1091,#1092,#1093,#1094));
#231=EDGE_LOOP('',(#1095,#1096,#1097,#1098));
#232=EDGE_LOOP('',(#1099,#1100,#1101,#1102,#1103,#1104));
#233=EDGE_LOOP('',(#1105,#1106,#1107,#1108));
#234=EDGE_LOOP('',(#1109,#1110,#1111,#1112,#1113,#1114));
#235=EDGE_LOOP('',(#1115,#1116,#1117,#1118));
#236=EDGE_LOOP('',(#1119,#1120,#1121,#1122));
#237=EDGE_LOOP('',(#1123,#1124,#1125,#1126));
#238=EDGE_LOOP('',(#1127,#1128,#1129,#1130));
#239=EDGE_LOOP('',(#1131,#1132,#1133,#1134,#1135,#1136));
#240=EDGE_LOOP('',(#1137,#1138,#1139,#1140));
#241=EDGE_LOOP('',(#1141,#1142,#1143,#1144,#1145,#1146));
#242=EDGE_LOOP('',(#1147,#1148,#1149,#1150));
#243=EDGE_LOOP('',(#1151,#1152,#1153,#1154));
#244=EDGE_LOOP('',(#1155,#1156,#1157,#1158));
#245=EDGE_LOOP('',(#1159,#1160,#1161,#1162));
#246=EDGE_LOOP('',(#1163,#1164,#1165,#1166,#1167,#1168));
#247=EDGE_LOOP('',(#1169,#1170,#1171,#1172));
#248=EDGE_LOOP('',(#1173,#1174,#1175,#1176,#1177,#1178));
#249=EDGE_LOOP('',(#1179,#1180,#1181,#1182));
#250=EDGE_LOOP('',(#1183,#1184,#1185,#1186));
#251=EDGE_LOOP('',(#1187,#1188,#1189,#1190));
#252=EDGE_LOOP('',(#1191,#1192,#1193,#1194));
#253=EDGE_LOOP('',(#1195,#1196,#1197,#1198));
#254=EDGE_LOOP('',(#1199,#1200,#1201,#1202));
#255=EDGE_LOOP('',(#1203,#1204,#1205,#1206));
#256=EDGE_LOOP('',(#1207,#1208,#1209,#1210));
#257=EDGE_LOOP('',(#1211,#1212,#1213,#1214,#1215,#1216));
#258=EDGE_LOOP('',(#1217,#1218,#1219,#1220));
#259=EDGE_LOOP('',(#1221));
#260=EDGE_LOOP('',(#1222,#1223,#1224,#1225,#1226));
#261=LINE('',#1751,#392);
#262=LINE('',#1753,#393);
#263=LINE('',#1755,#394);
#264=LINE('',#1756,#395);
#265=LINE('',#1761,#396);
#266=LINE('',#1765,#397);
#267=LINE('',#1767,#398);
#268=LINE('',#1768,#399);
#269=LINE('',#1776,#400);
#270=LINE('',#1778,#401);
#271=LINE('',#1780,#402);
#272=LINE('',#1781,#403);
#273=LINE('',#1786,#404);
#274=LINE('',#1790,#405);
#275=LINE('',#1792,#406);
#276=LINE('',#1793,#407);
#277=LINE('',#1801,#408);
#278=LINE('',#1803,#409);
#279=LINE('',#1855,#410);
#280=LINE('',#1907,#411);
#281=LINE('',#1909,#412);
#282=LINE('',#1910,#413);
#283=LINE('',#1919,#414);
#284=LINE('',#1924,#415);
#285=LINE('',#2049,#416);
#286=LINE('',#2051,#417);
#287=LINE('',#2052,#418);
#288=LINE('',#2054,#419);
#289=LINE('',#2169,#420);
#290=LINE('',#2196,#421);
#291=LINE('',#2198,#422);
#292=LINE('',#2200,#423);
#293=LINE('',#2201,#424);
#294=LINE('',#2243,#425);
#295=LINE('',#2245,#426);
#296=LINE('',#2247,#427);
#297=LINE('',#2248,#428);
#298=LINE('',#2250,#429);
#299=LINE('',#2251,#430);
#300=LINE('',#2316,#431);
#301=LINE('',#3258,#432);
#302=LINE('',#3259,#433);
#303=LINE('',#3262,#434);
#304=LINE('',#3263,#435);
#305=LINE('',#6861,#436);
#306=LINE('',#6863,#437);
#307=LINE('',#6865,#438);
#308=LINE('',#6866,#439);
#309=LINE('',#6869,#440);
#310=LINE('',#6871,#441);
#311=LINE('',#6872,#442);
#312=LINE('',#6875,#443);
#313=LINE('',#6877,#444);
#314=LINE('',#6878,#445);
#315=LINE('',#6882,#446);
#316=LINE('',#6884,#447);
#317=LINE('',#6886,#448);
#318=LINE('',#6887,#449);
#319=LINE('',#6890,#450);
#320=LINE('',#6892,#451);
#321=LINE('',#6893,#452);
#322=LINE('',#6896,#453);
#323=LINE('',#6897,#454);
#324=LINE('',#6900,#455);
#325=LINE('',#6901,#456);
#326=LINE('',#6904,#457);
#327=LINE('',#6905,#458);
#328=LINE('',#6907,#459);
#329=LINE('',#6910,#460);
#330=LINE('',#6911,#461);
#331=LINE('',#6913,#462);
#332=LINE('',#6918,#463);
#333=LINE('',#6923,#464);
#334=LINE('',#6924,#465);
#335=LINE('',#6926,#466);
#336=LINE('',#6928,#467);
#337=LINE('',#6933,#468);
#338=LINE('',#6935,#469);
#339=LINE('',#6937,#470);
#340=LINE('',#6939,#471);
#341=LINE('',#6941,#472);
#342=LINE('',#6942,#473);
#343=LINE('',#6945,#474);
#344=LINE('',#6947,#475);
#345=LINE('',#6948,#476);
#346=LINE('',#6951,#477);
#347=LINE('',#6953,#478);
#348=LINE('',#6955,#479);
#349=LINE('',#6957,#480);
#350=LINE('',#6958,#481);
#351=LINE('',#6960,#482);
#352=LINE('',#6961,#483);
#353=LINE('',#6963,#484);
#354=LINE('',#6965,#485);
#355=LINE('',#6970,#486);
#356=LINE('',#6972,#487);
#357=LINE('',#6974,#488);
#358=LINE('',#6976,#489);
#359=LINE('',#6978,#490);
#360=LINE('',#6979,#491);
#361=LINE('',#6982,#492);
#362=LINE('',#6984,#493);
#363=LINE('',#6985,#494);
#364=LINE('',#6988,#495);
#365=LINE('',#6990,#496);
#366=LINE('',#6992,#497);
#367=LINE('',#6994,#498);
#368=LINE('',#6995,#499);
#369=LINE('',#6997,#500);
#370=LINE('',#6998,#501);
#371=LINE('',#7000,#502);
#372=LINE('',#7002,#503);
#373=LINE('',#7007,#504);
#374=LINE('',#7009,#505);
#375=LINE('',#7011,#506);
#376=LINE('',#7013,#507);
#377=LINE('',#7015,#508);
#378=LINE('',#7016,#509);
#379=LINE('',#7019,#510);
#380=LINE('',#7021,#511);
#381=LINE('',#7022,#512);
#382=LINE('',#7025,#513);
#383=LINE('',#7027,#514);
#384=LINE('',#7029,#515);
#385=LINE('',#7031,#516);
#386=LINE('',#7032,#517);
#387=LINE('',#7034,#518);
#388=LINE('',#7035,#519);
#389=LINE('',#7037,#520);
#390=LINE('',#7039,#521);
#391=LINE('',#7043,#522);
#392=VECTOR('',#1458,10.);
#393=VECTOR('',#1459,10.);
#394=VECTOR('',#1460,10.);
#395=VECTOR('',#1461,10.);
#396=VECTOR('',#1466,10.);
#397=VECTOR('',#1471,10.);
#398=VECTOR('',#1472,10.);
#399=VECTOR('',#1473,10.);
#400=VECTOR('',#1484,10.);
#401=VECTOR('',#1485,10.);
#402=VECTOR('',#1486,10.);
#403=VECTOR('',#1487,10.);
#404=VECTOR('',#1492,10.);
#405=VECTOR('',#1497,10.);
#406=VECTOR('',#1498,10.);
#407=VECTOR('',#1499,10.);
#408=VECTOR('',#1510,10.);
#409=VECTOR('',#1511,10.);
#410=VECTOR('',#1512,10.);
#411=VECTOR('',#1513,10.);
#412=VECTOR('',#1514,10.);
#413=VECTOR('',#1515,10.);
#414=VECTOR('',#1520,10.);
#415=VECTOR('',#1525,10.);
#416=VECTOR('',#1528,10.);
#417=VECTOR('',#1529,10.);
#418=VECTOR('',#1530,10.);
#419=VECTOR('',#1531,10.);
#420=VECTOR('',#1538,3.175);
#421=VECTOR('',#1549,10.);
#422=VECTOR('',#1550,10.);
#423=VECTOR('',#1551,10.);
#424=VECTOR('',#1552,10.);
#425=VECTOR('',#1555,10.);
#426=VECTOR('',#1556,10.);
#427=VECTOR('',#1557,10.);
#428=VECTOR('',#1558,10.);
#429=VECTOR('',#1561,10.);
#430=VECTOR('',#1562,10.);
#431=VECTOR('',#1565,10.);
#432=VECTOR('',#1568,10.);
#433=VECTOR('',#1569,10.);
#434=VECTOR('',#1572,10.);
#435=VECTOR('',#1573,10.);
#436=VECTOR('',#1576,10.);
#437=VECTOR('',#1577,10.);
#438=VECTOR('',#1578,10.);
#439=VECTOR('',#1579,10.);
#440=VECTOR('',#1582,10.);
#441=VECTOR('',#1583,10.);
#442=VECTOR('',#1584,10.);
#443=VECTOR('',#1587,10.);
#444=VECTOR('',#1588,10.);
#445=VECTOR('',#1589,10.);
#446=VECTOR('',#1592,10.);
#447=VECTOR('',#1593,10.);
#448=VECTOR('',#1594,10.);
#449=VECTOR('',#1595,10.);
#450=VECTOR('',#1598,10.);
#451=VECTOR('',#1599,10.);
#452=VECTOR('',#1600,10.);
#453=VECTOR('',#1603,10.);
#454=VECTOR('',#1604,10.);
#455=VECTOR('',#1607,10.);
#456=VECTOR('',#1608,10.);
#457=VECTOR('',#1611,10.);
#458=VECTOR('',#1612,10.);
#459=VECTOR('',#1615,10.);
#460=VECTOR('',#1618,10.);
#461=VECTOR('',#1619,10.);
#462=VECTOR('',#1622,10.);
#463=VECTOR('',#1627,3.175);
#464=VECTOR('',#1636,10.);
#465=VECTOR('',#1637,10.);
#466=VECTOR('',#1640,10.);
#467=VECTOR('',#1643,10.);
#468=VECTOR('',#1648,10.);
#469=VECTOR('',#1649,10.);
#470=VECTOR('',#1650,10.);
#471=VECTOR('',#1651,10.);
#472=VECTOR('',#1652,10.);
#473=VECTOR('',#1653,10.);
#474=VECTOR('',#1656,10.);
#475=VECTOR('',#1657,10.);
#476=VECTOR('',#1658,10.);
#477=VECTOR('',#1661,10.);
#478=VECTOR('',#1662,10.);
#479=VECTOR('',#1663,10.);
#480=VECTOR('',#1664,10.);
#481=VECTOR('',#1665,10.);
#482=VECTOR('',#1668,10.);
#483=VECTOR('',#1669,10.);
#484=VECTOR('',#1672,10.);
#485=VECTOR('',#1675,10.);
#486=VECTOR('',#1680,10.);
#487=VECTOR('',#1681,10.);
#488=VECTOR('',#1682,10.);
#489=VECTOR('',#1683,10.);
#490=VECTOR('',#1684,10.);
#491=VECTOR('',#1685,10.);
#492=VECTOR('',#1688,10.);
#493=VECTOR('',#1689,10.);
#494=VECTOR('',#1690,10.);
#495=VECTOR('',#1693,10.);
#496=VECTOR('',#1694,10.);
#497=VECTOR('',#1695,10.);
#498=VECTOR('',#1696,10.);
#499=VECTOR('',#1697,10.);
#500=VECTOR('',#1700,10.);
#501=VECTOR('',#1701,10.);
#502=VECTOR('',#1704,10.);
#503=VECTOR('',#1707,10.);
#504=VECTOR('',#1712,10.);
#505=VECTOR('',#1713,10.);
#506=VECTOR('',#1714,10.);
#507=VECTOR('',#1715,10.);
#508=VECTOR('',#1716,10.);
#509=VECTOR('',#1717,10.);
#510=VECTOR('',#1720,10.);
#511=VECTOR('',#1721,10.);
#512=VECTOR('',#1722,10.);
#513=VECTOR('',#1725,10.);
#514=VECTOR('',#1726,10.);
#515=VECTOR('',#1727,10.);
#516=VECTOR('',#1728,10.);
#517=VECTOR('',#1729,10.);
#518=VECTOR('',#1732,10.);
#519=VECTOR('',#1733,10.);
#520=VECTOR('',#1736,10.);
#521=VECTOR('',#1739,10.);
#522=VECTOR('',#1744,10.);
#523=VERTEX_POINT('',#1749);
#524=VERTEX_POINT('',#1750);
#525=VERTEX_POINT('',#1752);
#526=VERTEX_POINT('',#1754);
#527=VERTEX_POINT('',#1758);
#528=VERTEX_POINT('',#1760);
#529=VERTEX_POINT('',#1764);
#530=VERTEX_POINT('',#1766);
#531=VERTEX_POINT('',#1774);
#532=VERTEX_POINT('',#1775);
#533=VERTEX_POINT('',#1777);
#534=VERTEX_POINT('',#1779);
#535=VERTEX_POINT('',#1783);
#536=VERTEX_POINT('',#1785);
#537=VERTEX_POINT('',#1789);
#538=VERTEX_POINT('',#1791);
#539=VERTEX_POINT('',#1799);
#540=VERTEX_POINT('',#1800);
#541=VERTEX_POINT('',#1802);
#542=VERTEX_POINT('',#1804);
#543=VERTEX_POINT('',#1813);
#544=VERTEX_POINT('',#1854);
#545=VERTEX_POINT('',#1856);
#546=VERTEX_POINT('',#1897);
#547=VERTEX_POINT('',#1906);
#548=VERTEX_POINT('',#1908);
#549=VERTEX_POINT('',#1912);
#550=VERTEX_POINT('',#1914);
#551=VERTEX_POINT('',#1921);
#552=VERTEX_POINT('',#1923);
#553=VERTEX_POINT('',#1949);
#554=VERTEX_POINT('',#1950);
#555=VERTEX_POINT('',#2048);
#556=VERTEX_POINT('',#2050);
#557=VERTEX_POINT('',#2053);
#558=VERTEX_POINT('',#2055);
#559=VERTEX_POINT('',#2166);
#560=VERTEX_POINT('',#2168);
#561=VERTEX_POINT('',#2175);
#562=VERTEX_POINT('',#2176);
#563=VERTEX_POINT('',#2195);
#564=VERTEX_POINT('',#2197);
#565=VERTEX_POINT('',#2199);
#566=VERTEX_POINT('',#2203);
#567=VERTEX_POINT('',#2204);
#568=VERTEX_POINT('',#2213);
#569=VERTEX_POINT('',#2242);
#570=VERTEX_POINT('',#2244);
#571=VERTEX_POINT('',#2246);
#572=VERTEX_POINT('',#2253);
#573=VERTEX_POINT('',#2310);
#574=VERTEX_POINT('',#2315);
#575=VERTEX_POINT('',#2317);
#576=VERTEX_POINT('',#2322);
#577=VERTEX_POINT('',#3137);
#578=VERTEX_POINT('',#3144);
#579=VERTEX_POINT('',#3234);
#580=VERTEX_POINT('',#3257);
#581=VERTEX_POINT('',#3261);
#582=VERTEX_POINT('',#3316);
#583=VERTEX_POINT('',#3321);
#584=VERTEX_POINT('',#3472);
#585=VERTEX_POINT('',#3489);
#586=VERTEX_POINT('',#3494);
#587=VERTEX_POINT('',#3547);
#588=VERTEX_POINT('',#6086);
#589=VERTEX_POINT('',#6778);
#590=VERTEX_POINT('',#6783);
#591=VERTEX_POINT('',#6806);
#592=VERTEX_POINT('',#6811);
#593=VERTEX_POINT('',#6837);
#594=VERTEX_POINT('',#6859);
#595=VERTEX_POINT('',#6860);
#596=VERTEX_POINT('',#6862);
#597=VERTEX_POINT('',#6864);
#598=VERTEX_POINT('',#6868);
#599=VERTEX_POINT('',#6870);
#600=VERTEX_POINT('',#6874);
#601=VERTEX_POINT('',#6876);
#602=VERTEX_POINT('',#6880);
#603=VERTEX_POINT('',#6881);
#604=VERTEX_POINT('',#6883);
#605=VERTEX_POINT('',#6885);
#606=VERTEX_POINT('',#6889);
#607=VERTEX_POINT('',#6891);
#608=VERTEX_POINT('',#6895);
#609=VERTEX_POINT('',#6899);
#610=VERTEX_POINT('',#6903);
#611=VERTEX_POINT('',#6909);
#612=VERTEX_POINT('',#6915);
#613=VERTEX_POINT('',#6917);
#614=VERTEX_POINT('',#6931);
#615=VERTEX_POINT('',#6932);
#616=VERTEX_POINT('',#6934);
#617=VERTEX_POINT('',#6936);
#618=VERTEX_POINT('',#6938);
#619=VERTEX_POINT('',#6940);
#620=VERTEX_POINT('',#6944);
#621=VERTEX_POINT('',#6946);
#622=VERTEX_POINT('',#6950);
#623=VERTEX_POINT('',#6952);
#624=VERTEX_POINT('',#6954);
#625=VERTEX_POINT('',#6956);
#626=VERTEX_POINT('',#6968);
#627=VERTEX_POINT('',#6969);
#628=VERTEX_POINT('',#6971);
#629=VERTEX_POINT('',#6973);
#630=VERTEX_POINT('',#6975);
#631=VERTEX_POINT('',#6977);
#632=VERTEX_POINT('',#6981);
#633=VERTEX_POINT('',#6983);
#634=VERTEX_POINT('',#6987);
#635=VERTEX_POINT('',#6989);
#636=VERTEX_POINT('',#6991);
#637=VERTEX_POINT('',#6993);
#638=VERTEX_POINT('',#7005);
#639=VERTEX_POINT('',#7006);
#640=VERTEX_POINT('',#7008);
#641=VERTEX_POINT('',#7010);
#642=VERTEX_POINT('',#7012);
#643=VERTEX_POINT('',#7014);
#644=VERTEX_POINT('',#7018);
#645=VERTEX_POINT('',#7020);
#646=VERTEX_POINT('',#7024);
#647=VERTEX_POINT('',#7026);
#648=VERTEX_POINT('',#7028);
#649=VERTEX_POINT('',#7030);
#650=VERTEX_POINT('',#7042);
#651=EDGE_CURVE('',#523,#524,#261,.T.);
#652=EDGE_CURVE('',#523,#525,#262,.T.);
#653=EDGE_CURVE('',#525,#526,#263,.T.);
#654=EDGE_CURVE('',#524,#526,#264,.T.);
#655=EDGE_CURVE('',#527,#523,#80,.T.);
#656=EDGE_CURVE('',#527,#528,#265,.T.);
#657=EDGE_CURVE('',#528,#525,#81,.T.);
#658=EDGE_CURVE('',#529,#527,#266,.T.);
#659=EDGE_CURVE('',#529,#530,#267,.T.);
#660=EDGE_CURVE('',#530,#528,#268,.T.);
#661=EDGE_CURVE('',#524,#529,#82,.T.);
#662=EDGE_CURVE('',#526,#530,#83,.T.);
#663=EDGE_CURVE('',#531,#532,#269,.T.);
#664=EDGE_CURVE('',#531,#533,#270,.T.);
#665=EDGE_CURVE('',#533,#534,#271,.T.);
#666=EDGE_CURVE('',#532,#534,#272,.T.);
#667=EDGE_CURVE('',#535,#531,#84,.T.);
#668=EDGE_CURVE('',#535,#536,#273,.T.);
#669=EDGE_CURVE('',#536,#533,#85,.T.);
#670=EDGE_CURVE('',#537,#535,#274,.T.);
#671=EDGE_CURVE('',#537,#538,#275,.T.);
#672=EDGE_CURVE('',#538,#536,#276,.T.);
#673=EDGE_CURVE('',#532,#537,#86,.T.);
#674=EDGE_CURVE('',#534,#538,#87,.T.);
#675=EDGE_CURVE('',#539,#540,#277,.T.);
#676=EDGE_CURVE('',#539,#541,#278,.T.);
#677=EDGE_CURVE('',#542,#541,#39,.F.);
#678=EDGE_CURVE('',#543,#542,#40,.F.);
#679=EDGE_CURVE('',#543,#544,#279,.T.);
#680=EDGE_CURVE('',#545,#544,#41,.F.);
#681=EDGE_CURVE('',#546,#545,#42,.F.);
#682=EDGE_CURVE('',#546,#547,#280,.T.);
#683=EDGE_CURVE('',#548,#547,#281,.T.);
#684=EDGE_CURVE('',#540,#548,#282,.T.);
#685=EDGE_CURVE('',#547,#549,#88,.T.);
#686=EDGE_CURVE('',#550,#546,#43,.F.);
#687=EDGE_CURVE('',#550,#549,#283,.T.);
#688=EDGE_CURVE('',#551,#539,#89,.T.);
#689=EDGE_CURVE('',#551,#552,#284,.T.);
#690=EDGE_CURVE('',#541,#552,#44,.F.);
#691=EDGE_CURVE('',#553,#554,#45,.F.);
#692=EDGE_CURVE('',#545,#554,#46,.T.);
#693=EDGE_CURVE('',#544,#553,#47,.T.);
#694=EDGE_CURVE('',#554,#550,#48,.F.);
#695=EDGE_CURVE('',#555,#551,#285,.T.);
#696=EDGE_CURVE('',#556,#555,#286,.T.);
#697=EDGE_CURVE('',#549,#556,#287,.T.);
#698=EDGE_CURVE('',#553,#557,#288,.T.);
#699=EDGE_CURVE('',#558,#557,#49,.F.);
#700=EDGE_CURVE('',#552,#558,#50,.F.);
#701=EDGE_CURVE('',#557,#543,#51,.T.);
#702=EDGE_CURVE('',#558,#542,#52,.T.);
#703=EDGE_CURVE('',#559,#559,#90,.T.);
#704=EDGE_CURVE('',#559,#560,#289,.T.);
#705=EDGE_CURVE('',#560,#548,#91,.T.);
#706=EDGE_CURVE('',#556,#555,#92,.T.);
#707=EDGE_CURVE('',#540,#560,#93,.T.);
#708=EDGE_CURVE('',#561,#562,#53,.T.);
#709=EDGE_CURVE('',#563,#561,#290,.T.);
#710=EDGE_CURVE('',#564,#563,#291,.T.);
#711=EDGE_CURVE('',#565,#564,#292,.T.);
#712=EDGE_CURVE('',#562,#565,#293,.T.);
#713=EDGE_CURVE('',#566,#567,#54,.T.);
#714=EDGE_CURVE('',#568,#566,#55,.T.);
#715=EDGE_CURVE('',#569,#568,#294,.T.);
#716=EDGE_CURVE('',#570,#569,#295,.T.);
#717=EDGE_CURVE('',#570,#571,#296,.T.);
#718=EDGE_CURVE('',#567,#571,#297,.T.);
#719=EDGE_CURVE('',#564,#570,#298,.T.);
#720=EDGE_CURVE('',#571,#563,#299,.T.);
#721=EDGE_CURVE('',#572,#561,#56,.T.);
#722=EDGE_CURVE('',#573,#572,#57,.T.);
#723=EDGE_CURVE('',#574,#573,#300,.T.);
#724=EDGE_CURVE('',#575,#574,#58,.T.);
#725=EDGE_CURVE('',#576,#575,#59,.T.);
#726=EDGE_CURVE('',#567,#576,#60,.T.);
#727=EDGE_CURVE('',#562,#577,#61,.T.);
#728=EDGE_CURVE('',#577,#578,#62,.T.);
#729=EDGE_CURVE('',#578,#572,#63,.T.);
#730=EDGE_CURVE('',#579,#568,#64,.T.);
#731=EDGE_CURVE('',#580,#579,#301,.T.);
#732=EDGE_CURVE('',#580,#569,#302,.T.);
#733=EDGE_CURVE('',#565,#581,#303,.T.);
#734=EDGE_CURVE('',#581,#577,#304,.T.);
#735=EDGE_CURVE('',#576,#566,#65,.T.);
#736=EDGE_CURVE('',#578,#582,#66,.T.);
#737=EDGE_CURVE('',#582,#583,#67,.T.);
#738=EDGE_CURVE('',#583,#573,#68,.T.);
#739=EDGE_CURVE('',#581,#584,#15,.T.);
#740=EDGE_CURVE('',#584,#585,#69,.T.);
#741=EDGE_CURVE('',#585,#586,#70,.T.);
#742=EDGE_CURVE('',#586,#587,#71,.T.);
#743=EDGE_CURVE('',#587,#582,#16,.T.);
#744=EDGE_CURVE('',#575,#588,#72,.T.);
#745=EDGE_CURVE('',#588,#579,#73,.T.);
#746=EDGE_CURVE('',#589,#588,#74,.T.);
#747=EDGE_CURVE('',#589,#590,#17,.T.);
#748=EDGE_CURVE('',#590,#591,#75,.T.);
#749=EDGE_CURVE('',#591,#592,#76,.T.);
#750=EDGE_CURVE('',#592,#593,#77,.T.);
#751=EDGE_CURVE('',#593,#580,#18,.T.);
#752=EDGE_CURVE('',#594,#595,#305,.T.);
#753=EDGE_CURVE('',#596,#594,#306,.T.);
#754=EDGE_CURVE('',#597,#596,#307,.T.);
#755=EDGE_CURVE('',#595,#597,#308,.T.);
#756=EDGE_CURVE('',#598,#596,#309,.T.);
#757=EDGE_CURVE('',#599,#598,#310,.T.);
#758=EDGE_CURVE('',#599,#597,#311,.T.);
#759=EDGE_CURVE('',#600,#594,#312,.T.);
#760=EDGE_CURVE('',#601,#600,#313,.T.);
#761=EDGE_CURVE('',#598,#601,#314,.F.);
#762=EDGE_CURVE('',#602,#603,#315,.T.);
#763=EDGE_CURVE('',#604,#602,#316,.T.);
#764=EDGE_CURVE('',#605,#604,#317,.T.);
#765=EDGE_CURVE('',#603,#605,#318,.T.);
#766=EDGE_CURVE('',#606,#604,#319,.T.);
#767=EDGE_CURVE('',#607,#606,#320,.T.);
#768=EDGE_CURVE('',#607,#605,#321,.T.);
#769=EDGE_CURVE('',#608,#602,#322,.T.);
#770=EDGE_CURVE('',#606,#608,#323,.T.);
#771=EDGE_CURVE('',#609,#599,#324,.F.);
#772=EDGE_CURVE('',#601,#609,#325,.T.);
#773=EDGE_CURVE('',#610,#603,#326,.T.);
#774=EDGE_CURVE('',#608,#610,#327,.T.);
#775=EDGE_CURVE('',#610,#607,#328,.T.);
#776=EDGE_CURVE('',#611,#595,#329,.T.);
#777=EDGE_CURVE('',#600,#611,#330,.T.);
#778=EDGE_CURVE('',#611,#609,#331,.T.);
#779=EDGE_CURVE('',#612,#612,#94,.T.);
#780=EDGE_CURVE('',#612,#613,#332,.T.);
#781=EDGE_CURVE('',#613,#613,#95,.T.);
#782=EDGE_CURVE('',#593,#584,#333,.T.);
#783=EDGE_CURVE('',#585,#592,#334,.T.);
#784=EDGE_CURVE('',#586,#591,#335,.T.);
#785=EDGE_CURVE('',#587,#590,#336,.T.);
#786=EDGE_CURVE('',#614,#615,#337,.T.);
#787=EDGE_CURVE('',#616,#614,#338,.T.);
#788=EDGE_CURVE('',#617,#616,#339,.F.);
#789=EDGE_CURVE('',#618,#617,#340,.F.);
#790=EDGE_CURVE('',#619,#618,#341,.F.);
#791=EDGE_CURVE('',#615,#619,#342,.T.);
#792=EDGE_CURVE('',#615,#620,#343,.T.);
#793=EDGE_CURVE('',#621,#619,#344,.F.);
#794=EDGE_CURVE('',#621,#620,#345,.T.);
#795=EDGE_CURVE('',#620,#622,#346,.T.);
#796=EDGE_CURVE('',#623,#621,#347,.F.);
#797=EDGE_CURVE('',#624,#623,#348,.F.);
#798=EDGE_CURVE('',#625,#624,#349,.F.);
#799=EDGE_CURVE('',#622,#625,#350,.T.);
#800=EDGE_CURVE('',#622,#614,#351,.T.);
#801=EDGE_CURVE('',#625,#616,#352,.T.);
#802=EDGE_CURVE('',#624,#617,#353,.T.);
#803=EDGE_CURVE('',#623,#618,#354,.T.);
#804=EDGE_CURVE('',#626,#627,#355,.T.);
#805=EDGE_CURVE('',#628,#626,#356,.T.);
#806=EDGE_CURVE('',#629,#628,#357,.F.);
#807=EDGE_CURVE('',#630,#629,#358,.F.);
#808=EDGE_CURVE('',#631,#630,#359,.F.);
#809=EDGE_CURVE('',#627,#631,#360,.T.);
#810=EDGE_CURVE('',#627,#632,#361,.T.);
#811=EDGE_CURVE('',#633,#631,#362,.F.);
#812=EDGE_CURVE('',#633,#632,#363,.T.);
#813=EDGE_CURVE('',#632,#634,#364,.T.);
#814=EDGE_CURVE('',#635,#633,#365,.F.);
#815=EDGE_CURVE('',#636,#635,#366,.F.);
#816=EDGE_CURVE('',#637,#636,#367,.F.);
#817=EDGE_CURVE('',#634,#637,#368,.T.);
#818=EDGE_CURVE('',#634,#626,#369,.T.);
#819=EDGE_CURVE('',#637,#628,#370,.T.);
#820=EDGE_CURVE('',#636,#629,#371,.T.);
#821=EDGE_CURVE('',#635,#630,#372,.T.);
#822=EDGE_CURVE('',#638,#639,#373,.T.);
#823=EDGE_CURVE('',#640,#638,#374,.T.);
#824=EDGE_CURVE('',#641,#640,#375,.F.);
#825=EDGE_CURVE('',#642,#641,#376,.F.);
#826=EDGE_CURVE('',#643,#642,#377,.F.);
#827=EDGE_CURVE('',#639,#643,#378,.T.);
#828=EDGE_CURVE('',#639,#644,#379,.T.);
#829=EDGE_CURVE('',#645,#643,#380,.F.);
#830=EDGE_CURVE('',#645,#644,#381,.T.);
#831=EDGE_CURVE('',#644,#646,#382,.T.);
#832=EDGE_CURVE('',#647,#645,#383,.F.);
#833=EDGE_CURVE('',#648,#647,#384,.F.);
#834=EDGE_CURVE('',#649,#648,#385,.F.);
#835=EDGE_CURVE('',#646,#649,#386,.T.);
#836=EDGE_CURVE('',#646,#638,#387,.T.);
#837=EDGE_CURVE('',#649,#640,#388,.T.);
#838=EDGE_CURVE('',#648,#641,#389,.T.);
#839=EDGE_CURVE('',#647,#642,#390,.T.);
#840=EDGE_CURVE('',#583,#650,#391,.T.);
#841=EDGE_CURVE('',#574,#650,#78,.T.);
#842=EDGE_CURVE('',#650,#589,#79,.T.);
#843=ORIENTED_EDGE('',*,*,#651,.F.);
#844=ORIENTED_EDGE('',*,*,#652,.T.);
#845=ORIENTED_EDGE('',*,*,#653,.T.);
#846=ORIENTED_EDGE('',*,*,#654,.F.);
#847=ORIENTED_EDGE('',*,*,#655,.F.);
#848=ORIENTED_EDGE('',*,*,#656,.T.);
#849=ORIENTED_EDGE('',*,*,#657,.T.);
#850=ORIENTED_EDGE('',*,*,#652,.F.);
#851=ORIENTED_EDGE('',*,*,#658,.F.);
#852=ORIENTED_EDGE('',*,*,#659,.T.);
#853=ORIENTED_EDGE('',*,*,#660,.T.);
#854=ORIENTED_EDGE('',*,*,#656,.F.);
#855=ORIENTED_EDGE('',*,*,#661,.F.);
#856=ORIENTED_EDGE('',*,*,#654,.T.);
#857=ORIENTED_EDGE('',*,*,#662,.T.);
#858=ORIENTED_EDGE('',*,*,#659,.F.);
#859=ORIENTED_EDGE('',*,*,#662,.F.);
#860=ORIENTED_EDGE('',*,*,#653,.F.);
#861=ORIENTED_EDGE('',*,*,#657,.F.);
#862=ORIENTED_EDGE('',*,*,#660,.F.);
#863=ORIENTED_EDGE('',*,*,#663,.F.);
#864=ORIENTED_EDGE('',*,*,#664,.T.);
#865=ORIENTED_EDGE('',*,*,#665,.T.);
#866=ORIENTED_EDGE('',*,*,#666,.F.);
#867=ORIENTED_EDGE('',*,*,#667,.F.);
#868=ORIENTED_EDGE('',*,*,#668,.T.);
#869=ORIENTED_EDGE('',*,*,#669,.T.);
#870=ORIENTED_EDGE('',*,*,#664,.F.);
#871=ORIENTED_EDGE('',*,*,#670,.F.);
#872=ORIENTED_EDGE('',*,*,#671,.T.);
#873=ORIENTED_EDGE('',*,*,#672,.T.);
#874=ORIENTED_EDGE('',*,*,#668,.F.);
#875=ORIENTED_EDGE('',*,*,#673,.F.);
#876=ORIENTED_EDGE('',*,*,#666,.T.);
#877=ORIENTED_EDGE('',*,*,#674,.T.);
#878=ORIENTED_EDGE('',*,*,#671,.F.);
#879=ORIENTED_EDGE('',*,*,#674,.F.);
#880=ORIENTED_EDGE('',*,*,#665,.F.);
#881=ORIENTED_EDGE('',*,*,#669,.F.);
#882=ORIENTED_EDGE('',*,*,#672,.F.);
#883=ORIENTED_EDGE('',*,*,#675,.F.);
#884=ORIENTED_EDGE('',*,*,#676,.T.);
#885=ORIENTED_EDGE('',*,*,#677,.F.);
#886=ORIENTED_EDGE('',*,*,#678,.F.);
#887=ORIENTED_EDGE('',*,*,#679,.T.);
#888=ORIENTED_EDGE('',*,*,#680,.F.);
#889=ORIENTED_EDGE('',*,*,#681,.F.);
#890=ORIENTED_EDGE('',*,*,#682,.T.);
#891=ORIENTED_EDGE('',*,*,#683,.F.);
#892=ORIENTED_EDGE('',*,*,#684,.F.);
#893=ORIENTED_EDGE('',*,*,#685,.F.);
#894=ORIENTED_EDGE('',*,*,#682,.F.);
#895=ORIENTED_EDGE('',*,*,#686,.F.);
#896=ORIENTED_EDGE('',*,*,#687,.T.);
#897=ORIENTED_EDGE('',*,*,#688,.F.);
#898=ORIENTED_EDGE('',*,*,#689,.T.);
#899=ORIENTED_EDGE('',*,*,#690,.F.);
#900=ORIENTED_EDGE('',*,*,#676,.F.);
#901=ORIENTED_EDGE('',*,*,#691,.T.);
#902=ORIENTED_EDGE('',*,*,#692,.F.);
#903=ORIENTED_EDGE('',*,*,#680,.T.);
#904=ORIENTED_EDGE('',*,*,#693,.T.);
#905=ORIENTED_EDGE('',*,*,#694,.T.);
#906=ORIENTED_EDGE('',*,*,#686,.T.);
#907=ORIENTED_EDGE('',*,*,#681,.T.);
#908=ORIENTED_EDGE('',*,*,#692,.T.);
#909=ORIENTED_EDGE('',*,*,#695,.F.);
#910=ORIENTED_EDGE('',*,*,#696,.F.);
#911=ORIENTED_EDGE('',*,*,#697,.F.);
#912=ORIENTED_EDGE('',*,*,#687,.F.);
#913=ORIENTED_EDGE('',*,*,#694,.F.);
#914=ORIENTED_EDGE('',*,*,#691,.F.);
#915=ORIENTED_EDGE('',*,*,#698,.T.);
#916=ORIENTED_EDGE('',*,*,#699,.F.);
#917=ORIENTED_EDGE('',*,*,#700,.F.);
#918=ORIENTED_EDGE('',*,*,#689,.F.);
#919=ORIENTED_EDGE('',*,*,#701,.F.);
#920=ORIENTED_EDGE('',*,*,#698,.F.);
#921=ORIENTED_EDGE('',*,*,#693,.F.);
#922=ORIENTED_EDGE('',*,*,#679,.F.);
#923=ORIENTED_EDGE('',*,*,#678,.T.);
#924=ORIENTED_EDGE('',*,*,#702,.F.);
#925=ORIENTED_EDGE('',*,*,#699,.T.);
#926=ORIENTED_EDGE('',*,*,#701,.T.);
#927=ORIENTED_EDGE('',*,*,#677,.T.);
#928=ORIENTED_EDGE('',*,*,#690,.T.);
#929=ORIENTED_EDGE('',*,*,#700,.T.);
#930=ORIENTED_EDGE('',*,*,#702,.T.);
#931=ORIENTED_EDGE('',*,*,#703,.F.);
#932=ORIENTED_EDGE('',*,*,#704,.T.);
#933=ORIENTED_EDGE('',*,*,#705,.T.);
#934=ORIENTED_EDGE('',*,*,#683,.T.);
#935=ORIENTED_EDGE('',*,*,#685,.T.);
#936=ORIENTED_EDGE('',*,*,#697,.T.);
#937=ORIENTED_EDGE('',*,*,#706,.T.);
#938=ORIENTED_EDGE('',*,*,#695,.T.);
#939=ORIENTED_EDGE('',*,*,#688,.T.);
#940=ORIENTED_EDGE('',*,*,#675,.T.);
#941=ORIENTED_EDGE('',*,*,#707,.T.);
#942=ORIENTED_EDGE('',*,*,#704,.F.);
#943=ORIENTED_EDGE('',*,*,#684,.T.);
#944=ORIENTED_EDGE('',*,*,#705,.F.);
#945=ORIENTED_EDGE('',*,*,#707,.F.);
#946=ORIENTED_EDGE('',*,*,#708,.F.);
#947=ORIENTED_EDGE('',*,*,#709,.F.);
#948=ORIENTED_EDGE('',*,*,#710,.F.);
#949=ORIENTED_EDGE('',*,*,#711,.F.);
#950=ORIENTED_EDGE('',*,*,#712,.F.);
#951=ORIENTED_EDGE('',*,*,#713,.F.);
#952=ORIENTED_EDGE('',*,*,#714,.F.);
#953=ORIENTED_EDGE('',*,*,#715,.F.);
#954=ORIENTED_EDGE('',*,*,#716,.F.);
#955=ORIENTED_EDGE('',*,*,#717,.T.);
#956=ORIENTED_EDGE('',*,*,#718,.F.);
#957=ORIENTED_EDGE('',*,*,#719,.F.);
#958=ORIENTED_EDGE('',*,*,#710,.T.);
#959=ORIENTED_EDGE('',*,*,#720,.F.);
#960=ORIENTED_EDGE('',*,*,#717,.F.);
#961=ORIENTED_EDGE('',*,*,#718,.T.);
#962=ORIENTED_EDGE('',*,*,#720,.T.);
#963=ORIENTED_EDGE('',*,*,#709,.T.);
#964=ORIENTED_EDGE('',*,*,#721,.F.);
#965=ORIENTED_EDGE('',*,*,#722,.F.);
#966=ORIENTED_EDGE('',*,*,#723,.F.);
#967=ORIENTED_EDGE('',*,*,#724,.F.);
#968=ORIENTED_EDGE('',*,*,#725,.F.);
#969=ORIENTED_EDGE('',*,*,#726,.F.);
#970=ORIENTED_EDGE('',*,*,#651,.T.);
#971=ORIENTED_EDGE('',*,*,#661,.T.);
#972=ORIENTED_EDGE('',*,*,#658,.T.);
#973=ORIENTED_EDGE('',*,*,#655,.T.);
#974=ORIENTED_EDGE('',*,*,#663,.T.);
#975=ORIENTED_EDGE('',*,*,#673,.T.);
#976=ORIENTED_EDGE('',*,*,#670,.T.);
#977=ORIENTED_EDGE('',*,*,#667,.T.);
#978=ORIENTED_EDGE('',*,*,#708,.T.);
#979=ORIENTED_EDGE('',*,*,#727,.T.);
#980=ORIENTED_EDGE('',*,*,#728,.T.);
#981=ORIENTED_EDGE('',*,*,#729,.T.);
#982=ORIENTED_EDGE('',*,*,#721,.T.);
#983=ORIENTED_EDGE('',*,*,#715,.T.);
#984=ORIENTED_EDGE('',*,*,#730,.F.);
#985=ORIENTED_EDGE('',*,*,#731,.F.);
#986=ORIENTED_EDGE('',*,*,#732,.T.);
#987=ORIENTED_EDGE('',*,*,#712,.T.);
#988=ORIENTED_EDGE('',*,*,#733,.T.);
#989=ORIENTED_EDGE('',*,*,#734,.T.);
#990=ORIENTED_EDGE('',*,*,#727,.F.);
#991=ORIENTED_EDGE('',*,*,#713,.T.);
#992=ORIENTED_EDGE('',*,*,#726,.T.);
#993=ORIENTED_EDGE('',*,*,#735,.T.);
#994=ORIENTED_EDGE('',*,*,#729,.F.);
#995=ORIENTED_EDGE('',*,*,#736,.T.);
#996=ORIENTED_EDGE('',*,*,#737,.T.);
#997=ORIENTED_EDGE('',*,*,#738,.T.);
#998=ORIENTED_EDGE('',*,*,#722,.T.);
#999=ORIENTED_EDGE('',*,*,#728,.F.);
#1000=ORIENTED_EDGE('',*,*,#734,.F.);
#1001=ORIENTED_EDGE('',*,*,#739,.T.);
#1002=ORIENTED_EDGE('',*,*,#740,.T.);
#1003=ORIENTED_EDGE('',*,*,#741,.T.);
#1004=ORIENTED_EDGE('',*,*,#742,.T.);
#1005=ORIENTED_EDGE('',*,*,#743,.T.);
#1006=ORIENTED_EDGE('',*,*,#736,.F.);
#1007=ORIENTED_EDGE('',*,*,#714,.T.);
#1008=ORIENTED_EDGE('',*,*,#735,.F.);
#1009=ORIENTED_EDGE('',*,*,#725,.T.);
#1010=ORIENTED_EDGE('',*,*,#744,.T.);
#1011=ORIENTED_EDGE('',*,*,#745,.T.);
#1012=ORIENTED_EDGE('',*,*,#730,.T.);
#1013=ORIENTED_EDGE('',*,*,#745,.F.);
#1014=ORIENTED_EDGE('',*,*,#746,.F.);
#1015=ORIENTED_EDGE('',*,*,#747,.T.);
#1016=ORIENTED_EDGE('',*,*,#748,.T.);
#1017=ORIENTED_EDGE('',*,*,#749,.T.);
#1018=ORIENTED_EDGE('',*,*,#750,.T.);
#1019=ORIENTED_EDGE('',*,*,#751,.T.);
#1020=ORIENTED_EDGE('',*,*,#731,.T.);
#1021=ORIENTED_EDGE('',*,*,#752,.F.);
#1022=ORIENTED_EDGE('',*,*,#753,.F.);
#1023=ORIENTED_EDGE('',*,*,#754,.F.);
#1024=ORIENTED_EDGE('',*,*,#755,.F.);
#1025=ORIENTED_EDGE('',*,*,#754,.T.);
#1026=ORIENTED_EDGE('',*,*,#756,.F.);
#1027=ORIENTED_EDGE('',*,*,#757,.F.);
#1028=ORIENTED_EDGE('',*,*,#758,.T.);
#1029=ORIENTED_EDGE('',*,*,#753,.T.);
#1030=ORIENTED_EDGE('',*,*,#759,.F.);
#1031=ORIENTED_EDGE('',*,*,#760,.F.);
#1032=ORIENTED_EDGE('',*,*,#761,.F.);
#1033=ORIENTED_EDGE('',*,*,#756,.T.);
#1034=ORIENTED_EDGE('',*,*,#762,.F.);
#1035=ORIENTED_EDGE('',*,*,#763,.F.);
#1036=ORIENTED_EDGE('',*,*,#764,.F.);
#1037=ORIENTED_EDGE('',*,*,#765,.F.);
#1038=ORIENTED_EDGE('',*,*,#764,.T.);
#1039=ORIENTED_EDGE('',*,*,#766,.F.);
#1040=ORIENTED_EDGE('',*,*,#767,.F.);
#1041=ORIENTED_EDGE('',*,*,#768,.T.);
#1042=ORIENTED_EDGE('',*,*,#763,.T.);
#1043=ORIENTED_EDGE('',*,*,#769,.F.);
#1044=ORIENTED_EDGE('',*,*,#770,.F.);
#1045=ORIENTED_EDGE('',*,*,#766,.T.);
#1046=ORIENTED_EDGE('',*,*,#771,.T.);
#1047=ORIENTED_EDGE('',*,*,#757,.T.);
#1048=ORIENTED_EDGE('',*,*,#761,.T.);
#1049=ORIENTED_EDGE('',*,*,#772,.T.);
#1050=ORIENTED_EDGE('',*,*,#762,.T.);
#1051=ORIENTED_EDGE('',*,*,#773,.F.);
#1052=ORIENTED_EDGE('',*,*,#774,.F.);
#1053=ORIENTED_EDGE('',*,*,#769,.T.);
#1054=ORIENTED_EDGE('',*,*,#765,.T.);
#1055=ORIENTED_EDGE('',*,*,#768,.F.);
#1056=ORIENTED_EDGE('',*,*,#775,.F.);
#1057=ORIENTED_EDGE('',*,*,#773,.T.);
#1058=ORIENTED_EDGE('',*,*,#752,.T.);
#1059=ORIENTED_EDGE('',*,*,#776,.F.);
#1060=ORIENTED_EDGE('',*,*,#777,.F.);
#1061=ORIENTED_EDGE('',*,*,#759,.T.);
#1062=ORIENTED_EDGE('',*,*,#755,.T.);
#1063=ORIENTED_EDGE('',*,*,#758,.F.);
#1064=ORIENTED_EDGE('',*,*,#771,.F.);
#1065=ORIENTED_EDGE('',*,*,#778,.F.);
#1066=ORIENTED_EDGE('',*,*,#776,.T.);
#1067=ORIENTED_EDGE('',*,*,#779,.F.);
#1068=ORIENTED_EDGE('',*,*,#780,.T.);
#1069=ORIENTED_EDGE('',*,*,#781,.T.);
#1070=ORIENTED_EDGE('',*,*,#780,.F.);
#1071=ORIENTED_EDGE('',*,*,#781,.F.);
#1072=ORIENTED_EDGE('',*,*,#696,.T.);
#1073=ORIENTED_EDGE('',*,*,#706,.F.);
#1074=ORIENTED_EDGE('',*,*,#740,.F.);
#1075=ORIENTED_EDGE('',*,*,#782,.F.);
#1076=ORIENTED_EDGE('',*,*,#750,.F.);
#1077=ORIENTED_EDGE('',*,*,#783,.F.);
#1078=ORIENTED_EDGE('',*,*,#741,.F.);
#1079=ORIENTED_EDGE('',*,*,#783,.T.);
#1080=ORIENTED_EDGE('',*,*,#749,.F.);
#1081=ORIENTED_EDGE('',*,*,#784,.F.);
#1082=ORIENTED_EDGE('',*,*,#703,.T.);
#1083=ORIENTED_EDGE('',*,*,#742,.F.);
#1084=ORIENTED_EDGE('',*,*,#784,.T.);
#1085=ORIENTED_EDGE('',*,*,#748,.F.);
#1086=ORIENTED_EDGE('',*,*,#785,.F.);
#1087=ORIENTED_EDGE('',*,*,#716,.T.);
#1088=ORIENTED_EDGE('',*,*,#732,.F.);
#1089=ORIENTED_EDGE('',*,*,#751,.F.);
#1090=ORIENTED_EDGE('',*,*,#782,.T.);
#1091=ORIENTED_EDGE('',*,*,#739,.F.);
#1092=ORIENTED_EDGE('',*,*,#733,.F.);
#1093=ORIENTED_EDGE('',*,*,#711,.T.);
#1094=ORIENTED_EDGE('',*,*,#719,.T.);
#1095=ORIENTED_EDGE('',*,*,#774,.T.);
#1096=ORIENTED_EDGE('',*,*,#775,.T.);
#1097=ORIENTED_EDGE('',*,*,#767,.T.);
#1098=ORIENTED_EDGE('',*,*,#770,.T.);
#1099=ORIENTED_EDGE('',*,*,#786,.F.);
#1100=ORIENTED_EDGE('',*,*,#787,.F.);
#1101=ORIENTED_EDGE('',*,*,#788,.F.);
#1102=ORIENTED_EDGE('',*,*,#789,.F.);
#1103=ORIENTED_EDGE('',*,*,#790,.F.);
#1104=ORIENTED_EDGE('',*,*,#791,.F.);
#1105=ORIENTED_EDGE('',*,*,#792,.F.);
#1106=ORIENTED_EDGE('',*,*,#791,.T.);
#1107=ORIENTED_EDGE('',*,*,#793,.F.);
#1108=ORIENTED_EDGE('',*,*,#794,.T.);
#1109=ORIENTED_EDGE('',*,*,#795,.F.);
#1110=ORIENTED_EDGE('',*,*,#794,.F.);
#1111=ORIENTED_EDGE('',*,*,#796,.F.);
#1112=ORIENTED_EDGE('',*,*,#797,.F.);
#1113=ORIENTED_EDGE('',*,*,#798,.F.);
#1114=ORIENTED_EDGE('',*,*,#799,.F.);
#1115=ORIENTED_EDGE('',*,*,#800,.F.);
#1116=ORIENTED_EDGE('',*,*,#799,.T.);
#1117=ORIENTED_EDGE('',*,*,#801,.T.);
#1118=ORIENTED_EDGE('',*,*,#787,.T.);
#1119=ORIENTED_EDGE('',*,*,#801,.F.);
#1120=ORIENTED_EDGE('',*,*,#798,.T.);
#1121=ORIENTED_EDGE('',*,*,#802,.T.);
#1122=ORIENTED_EDGE('',*,*,#788,.T.);
#1123=ORIENTED_EDGE('',*,*,#802,.F.);
#1124=ORIENTED_EDGE('',*,*,#797,.T.);
#1125=ORIENTED_EDGE('',*,*,#803,.T.);
#1126=ORIENTED_EDGE('',*,*,#789,.T.);
#1127=ORIENTED_EDGE('',*,*,#803,.F.);
#1128=ORIENTED_EDGE('',*,*,#796,.T.);
#1129=ORIENTED_EDGE('',*,*,#793,.T.);
#1130=ORIENTED_EDGE('',*,*,#790,.T.);
#1131=ORIENTED_EDGE('',*,*,#804,.F.);
#1132=ORIENTED_EDGE('',*,*,#805,.F.);
#1133=ORIENTED_EDGE('',*,*,#806,.F.);
#1134=ORIENTED_EDGE('',*,*,#807,.F.);
#1135=ORIENTED_EDGE('',*,*,#808,.F.);
#1136=ORIENTED_EDGE('',*,*,#809,.F.);
#1137=ORIENTED_EDGE('',*,*,#810,.F.);
#1138=ORIENTED_EDGE('',*,*,#809,.T.);
#1139=ORIENTED_EDGE('',*,*,#811,.F.);
#1140=ORIENTED_EDGE('',*,*,#812,.T.);
#1141=ORIENTED_EDGE('',*,*,#813,.F.);
#1142=ORIENTED_EDGE('',*,*,#812,.F.);
#1143=ORIENTED_EDGE('',*,*,#814,.F.);
#1144=ORIENTED_EDGE('',*,*,#815,.F.);
#1145=ORIENTED_EDGE('',*,*,#816,.F.);
#1146=ORIENTED_EDGE('',*,*,#817,.F.);
#1147=ORIENTED_EDGE('',*,*,#818,.F.);
#1148=ORIENTED_EDGE('',*,*,#817,.T.);
#1149=ORIENTED_EDGE('',*,*,#819,.T.);
#1150=ORIENTED_EDGE('',*,*,#805,.T.);
#1151=ORIENTED_EDGE('',*,*,#819,.F.);
#1152=ORIENTED_EDGE('',*,*,#816,.T.);
#1153=ORIENTED_EDGE('',*,*,#820,.T.);
#1154=ORIENTED_EDGE('',*,*,#806,.T.);
#1155=ORIENTED_EDGE('',*,*,#820,.F.);
#1156=ORIENTED_EDGE('',*,*,#815,.T.);
#1157=ORIENTED_EDGE('',*,*,#821,.T.);
#1158=ORIENTED_EDGE('',*,*,#807,.T.);
#1159=ORIENTED_EDGE('',*,*,#821,.F.);
#1160=ORIENTED_EDGE('',*,*,#814,.T.);
#1161=ORIENTED_EDGE('',*,*,#811,.T.);
#1162=ORIENTED_EDGE('',*,*,#808,.T.);
#1163=ORIENTED_EDGE('',*,*,#822,.F.);
#1164=ORIENTED_EDGE('',*,*,#823,.F.);
#1165=ORIENTED_EDGE('',*,*,#824,.F.);
#1166=ORIENTED_EDGE('',*,*,#825,.F.);
#1167=ORIENTED_EDGE('',*,*,#826,.F.);
#1168=ORIENTED_EDGE('',*,*,#827,.F.);
#1169=ORIENTED_EDGE('',*,*,#828,.F.);
#1170=ORIENTED_EDGE('',*,*,#827,.T.);
#1171=ORIENTED_EDGE('',*,*,#829,.F.);
#1172=ORIENTED_EDGE('',*,*,#830,.T.);
#1173=ORIENTED_EDGE('',*,*,#831,.F.);
#1174=ORIENTED_EDGE('',*,*,#830,.F.);
#1175=ORIENTED_EDGE('',*,*,#832,.F.);
#1176=ORIENTED_EDGE('',*,*,#833,.F.);
#1177=ORIENTED_EDGE('',*,*,#834,.F.);
#1178=ORIENTED_EDGE('',*,*,#835,.F.);
#1179=ORIENTED_EDGE('',*,*,#836,.F.);
#1180=ORIENTED_EDGE('',*,*,#835,.T.);
#1181=ORIENTED_EDGE('',*,*,#837,.T.);
#1182=ORIENTED_EDGE('',*,*,#823,.T.);
#1183=ORIENTED_EDGE('',*,*,#837,.F.);
#1184=ORIENTED_EDGE('',*,*,#834,.T.);
#1185=ORIENTED_EDGE('',*,*,#838,.T.);
#1186=ORIENTED_EDGE('',*,*,#824,.T.);
#1187=ORIENTED_EDGE('',*,*,#838,.F.);
#1188=ORIENTED_EDGE('',*,*,#833,.T.);
#1189=ORIENTED_EDGE('',*,*,#839,.T.);
#1190=ORIENTED_EDGE('',*,*,#825,.T.);
#1191=ORIENTED_EDGE('',*,*,#839,.F.);
#1192=ORIENTED_EDGE('',*,*,#832,.T.);
#1193=ORIENTED_EDGE('',*,*,#829,.T.);
#1194=ORIENTED_EDGE('',*,*,#826,.T.);
#1195=ORIENTED_EDGE('',*,*,#738,.F.);
#1196=ORIENTED_EDGE('',*,*,#840,.T.);
#1197=ORIENTED_EDGE('',*,*,#841,.F.);
#1198=ORIENTED_EDGE('',*,*,#723,.T.);
#1199=ORIENTED_EDGE('',*,*,#795,.T.);
#1200=ORIENTED_EDGE('',*,*,#800,.T.);
#1201=ORIENTED_EDGE('',*,*,#786,.T.);
#1202=ORIENTED_EDGE('',*,*,#792,.T.);
#1203=ORIENTED_EDGE('',*,*,#813,.T.);
#1204=ORIENTED_EDGE('',*,*,#818,.T.);
#1205=ORIENTED_EDGE('',*,*,#804,.T.);
#1206=ORIENTED_EDGE('',*,*,#810,.T.);
#1207=ORIENTED_EDGE('',*,*,#831,.T.);
#1208=ORIENTED_EDGE('',*,*,#836,.T.);
#1209=ORIENTED_EDGE('',*,*,#822,.T.);
#1210=ORIENTED_EDGE('',*,*,#828,.T.);
#1211=ORIENTED_EDGE('',*,*,#785,.T.);
#1212=ORIENTED_EDGE('',*,*,#747,.F.);
#1213=ORIENTED_EDGE('',*,*,#842,.F.);
#1214=ORIENTED_EDGE('',*,*,#840,.F.);
#1215=ORIENTED_EDGE('',*,*,#737,.F.);
#1216=ORIENTED_EDGE('',*,*,#743,.F.);
#1217=ORIENTED_EDGE('',*,*,#760,.T.);
#1218=ORIENTED_EDGE('',*,*,#777,.T.);
#1219=ORIENTED_EDGE('',*,*,#778,.T.);
#1220=ORIENTED_EDGE('',*,*,#772,.F.);
#1221=ORIENTED_EDGE('',*,*,#779,.T.);
#1222=ORIENTED_EDGE('',*,*,#744,.F.);
#1223=ORIENTED_EDGE('',*,*,#724,.T.);
#1224=ORIENTED_EDGE('',*,*,#841,.T.);
#1225=ORIENTED_EDGE('',*,*,#842,.T.);
#1226=ORIENTED_EDGE('',*,*,#746,.T.);
#1227=PLANE('',#1374);
#1228=PLANE('',#1378);
#1229=PLANE('',#1382);
#1230=PLANE('',#1383);
#1231=PLANE('',#1387);
#1232=PLANE('',#1391);
#1233=PLANE('',#1392);
#1234=PLANE('',#1393);
#1235=PLANE('',#1395);
#1236=PLANE('',#1397);
#1237=PLANE('',#1398);
#1238=PLANE('',#1404);
#1239=PLANE('',#1405);
#1240=PLANE('',#1406);
#1241=PLANE('',#1407);
#1242=PLANE('',#1408);
#1243=PLANE('',#1409);
#1244=PLANE('',#1410);
#1245=PLANE('',#1411);
#1246=PLANE('',#1412);
#1247=PLANE('',#1413);
#1248=PLANE('',#1414);
#1249=PLANE('',#1415);
#1250=PLANE('',#1416);
#1251=PLANE('',#1417);
#1252=PLANE('',#1418);
#1253=PLANE('',#1419);
#1254=PLANE('',#1420);
#1255=PLANE('',#1421);
#1256=PLANE('',#1425);
#1257=PLANE('',#1426);
#1258=PLANE('',#1427);
#1259=PLANE('',#1428);
#1260=PLANE('',#1429);
#1261=PLANE('',#1430);
#1262=PLANE('',#1431);
#1263=PLANE('',#1432);
#1264=PLANE('',#1433);
#1265=PLANE('',#1434);
#1266=PLANE('',#1435);
#1267=PLANE('',#1436);
#1268=PLANE('',#1437);
#1269=PLANE('',#1438);
#1270=PLANE('',#1439);
#1271=PLANE('',#1440);
#1272=PLANE('',#1441);
#1273=PLANE('',#1442);
#1274=PLANE('',#1443);
#1275=PLANE('',#1444);
#1276=PLANE('',#1445);
#1277=PLANE('',#1446);
#1278=PLANE('',#1447);
#1279=PLANE('',#1448);
#1280=PLANE('',#1449);
#1281=PLANE('',#1450);
#1282=PLANE('',#1451);
#1283=PLANE('',#1452);
#1284=PLANE('',#1453);
#1285=ADVANCED_FACE('',(#102),#1227,.F.);
#1286=ADVANCED_FACE('',(#103),#96,.F.);
#1287=ADVANCED_FACE('',(#104),#1228,.F.);
#1288=ADVANCED_FACE('',(#105),#97,.F.);
#1289=ADVANCED_FACE('',(#106),#1229,.T.);
#1290=ADVANCED_FACE('',(#107),#1230,.F.);
#1291=ADVANCED_FACE('',(#108),#98,.F.);
#1292=ADVANCED_FACE('',(#109),#1231,.F.);
#1293=ADVANCED_FACE('',(#110),#99,.F.);
#1294=ADVANCED_FACE('',(#111),#1232,.T.);
#1295=ADVANCED_FACE('',(#112),#1233,.F.);
#1296=ADVANCED_FACE('',(#113),#1234,.F.);
#1297=ADVANCED_FACE('',(#114),#1235,.F.);
#1298=ADVANCED_FACE('',(#115),#28,.T.);
#1299=ADVANCED_FACE('',(#116),#29,.F.);
#1300=ADVANCED_FACE('',(#117),#1236,.F.);
#1301=ADVANCED_FACE('',(#118),#1237,.F.);
#1302=ADVANCED_FACE('',(#119),#30,.T.);
#1303=ADVANCED_FACE('',(#120),#31,.F.);
#1304=ADVANCED_FACE('',(#121),#100,.F.);
#1305=ADVANCED_FACE('',(#122),#1238,.F.);
#1306=ADVANCED_FACE('',(#123),#1239,.T.);
#1307=ADVANCED_FACE('',(#124),#1240,.T.);
#1308=ADVANCED_FACE('',(#125),#1241,.T.);
#1309=ADVANCED_FACE('',(#126,#19,#20),#1242,.T.);
#1310=ADVANCED_FACE('',(#127),#32,.F.);
#1311=ADVANCED_FACE('',(#128),#1243,.T.);
#1312=ADVANCED_FACE('',(#129),#1244,.T.);
#1313=ADVANCED_FACE('',(#130),#33,.F.);
#1314=ADVANCED_FACE('',(#131),#34,.T.);
#1315=ADVANCED_FACE('',(#132),#35,.T.);
#1316=ADVANCED_FACE('',(#133),#36,.F.);
#1317=ADVANCED_FACE('',(#134),#37,.T.);
#1318=ADVANCED_FACE('',(#135),#1245,.T.);
#1319=ADVANCED_FACE('',(#136),#1246,.F.);
#1320=ADVANCED_FACE('',(#137),#1247,.F.);
#1321=ADVANCED_FACE('',(#138),#1248,.T.);
#1322=ADVANCED_FACE('',(#139),#1249,.F.);
#1323=ADVANCED_FACE('',(#140),#1250,.F.);
#1324=ADVANCED_FACE('',(#141),#1251,.T.);
#1325=ADVANCED_FACE('',(#142),#1252,.F.);
#1326=ADVANCED_FACE('',(#143),#1253,.F.);
#1327=ADVANCED_FACE('',(#144),#1254,.F.);
#1328=ADVANCED_FACE('',(#145),#1255,.F.);
#1329=ADVANCED_FACE('',(#146),#101,.F.);
#1330=ADVANCED_FACE('',(#147),#1256,.F.);
#1331=ADVANCED_FACE('',(#148),#1257,.F.);
#1332=ADVANCED_FACE('',(#149),#1258,.F.);
#1333=ADVANCED_FACE('',(#150,#21),#1259,.F.);
#1334=ADVANCED_FACE('',(#151),#1260,.F.);
#1335=ADVANCED_FACE('',(#152,#22),#1261,.F.);
#1336=ADVANCED_FACE('',(#153),#1262,.F.);
#1337=ADVANCED_FACE('',(#154),#1263,.F.);
#1338=ADVANCED_FACE('',(#155),#1264,.F.);
#1339=ADVANCED_FACE('',(#156),#1265,.F.);
#1340=ADVANCED_FACE('',(#157),#1266,.F.);
#1341=ADVANCED_FACE('',(#158),#1267,.F.);
#1342=ADVANCED_FACE('',(#159),#1268,.F.);
#1343=ADVANCED_FACE('',(#160),#1269,.F.);
#1344=ADVANCED_FACE('',(#161),#1270,.F.);
#1345=ADVANCED_FACE('',(#162),#1271,.F.);
#1346=ADVANCED_FACE('',(#163),#1272,.F.);
#1347=ADVANCED_FACE('',(#164),#1273,.F.);
#1348=ADVANCED_FACE('',(#165),#1274,.F.);
#1349=ADVANCED_FACE('',(#166),#1275,.F.);
#1350=ADVANCED_FACE('',(#167),#1276,.F.);
#1351=ADVANCED_FACE('',(#168),#1277,.F.);
#1352=ADVANCED_FACE('',(#169),#1278,.F.);
#1353=ADVANCED_FACE('',(#170),#1279,.F.);
#1354=ADVANCED_FACE('',(#171),#1280,.F.);
#1355=ADVANCED_FACE('',(#172),#1281,.F.);
#1356=ADVANCED_FACE('',(#173),#1282,.F.);
#1357=ADVANCED_FACE('',(#174,#23,#24,#25),#1283,.T.);
#1358=ADVANCED_FACE('',(#175,#26,#27),#1284,.F.);
#1359=ADVANCED_FACE('',(#176),#38,.T.);
#1360=CLOSED_SHELL('',(#1285,#1286,#1287,#1288,#1289,#1290,#1291,#1292,
#1293,#1294,#1295,#1296,#1297,#1298,#1299,#1300,#1301,#1302,#1303,#1304,
#1305,#1306,#1307,#1308,#1309,#1310,#1311,#1312,#1313,#1314,#1315,#1316,
#1317,#1318,#1319,#1320,#1321,#1322,#1323,#1324,#1325,#1326,#1327,#1328,
#1329,#1330,#1331,#1332,#1333,#1334,#1335,#1336,#1337,#1338,#1339,#1340,
#1341,#1342,#1343,#1344,#1345,#1346,#1347,#1348,#1349,#1350,#1351,#1352,
#1353,#1354,#1355,#1356,#1357,#1358,#1359));
#1361=DERIVED_UNIT_ELEMENT(#1363,1.);
#1362=DERIVED_UNIT_ELEMENT(#7076,-3.);
#1363=(
MASS_UNIT()
NAMED_UNIT(*)
SI_UNIT(.KILO.,.GRAM.)
);
#1364=DERIVED_UNIT((#1361,#1362));
#1365=MEASURE_REPRESENTATION_ITEM('density measure',
POSITIVE_RATIO_MEASURE(7850.),#1364);
#1366=PROPERTY_DEFINITION_REPRESENTATION(#1371,#1368);
#1367=PROPERTY_DEFINITION_REPRESENTATION(#1372,#1369);
#1368=REPRESENTATION('material name',(#1370),#7073);
#1369=REPRESENTATION('density',(#1365),#7073);
#1370=DESCRIPTIVE_REPRESENTATION_ITEM('Steel','Steel');
#1371=PROPERTY_DEFINITION('material property','material name',#7083);
#1372=PROPERTY_DEFINITION('material property','density of part',#7083);
#1373=AXIS2_PLACEMENT_3D('',#1747,#1454,#1455);
#1374=AXIS2_PLACEMENT_3D('',#1748,#1456,#1457);
#1375=AXIS2_PLACEMENT_3D('',#1757,#1462,#1463);
#1376=AXIS2_PLACEMENT_3D('',#1759,#1464,#1465);
#1377=AXIS2_PLACEMENT_3D('',#1762,#1467,#1468);
#1378=AXIS2_PLACEMENT_3D('',#1763,#1469,#1470);
#1379=AXIS2_PLACEMENT_3D('',#1769,#1474,#1475);
#1380=AXIS2_PLACEMENT_3D('',#1770,#1476,#1477);
#1381=AXIS2_PLACEMENT_3D('',#1771,#1478,#1479);
#1382=AXIS2_PLACEMENT_3D('',#1772,#1480,#1481);
#1383=AXIS2_PLACEMENT_3D('',#1773,#1482,#1483);
#1384=AXIS2_PLACEMENT_3D('',#1782,#1488,#1489);
#1385=AXIS2_PLACEMENT_3D('',#1784,#1490,#1491);
#1386=AXIS2_PLACEMENT_3D('',#1787,#1493,#1494);
#1387=AXIS2_PLACEMENT_3D('',#1788,#1495,#1496);
#1388=AXIS2_PLACEMENT_3D('',#1794,#1500,#1501);
#1389=AXIS2_PLACEMENT_3D('',#1795,#1502,#1503);
#1390=AXIS2_PLACEMENT_3D('',#1796,#1504,#1505);
#1391=AXIS2_PLACEMENT_3D('',#1797,#1506,#1507);
#1392=AXIS2_PLACEMENT_3D('',#1798,#1508,#1509);
#1393=AXIS2_PLACEMENT_3D('',#1911,#1516,#1517);
#1394=AXIS2_PLACEMENT_3D('',#1913,#1518,#1519);
#1395=AXIS2_PLACEMENT_3D('',#1920,#1521,#1522);
#1396=AXIS2_PLACEMENT_3D('',#1922,#1523,#1524);
#1397=AXIS2_PLACEMENT_3D('',#2047,#1526,#1527);
#1398=AXIS2_PLACEMENT_3D('',#2104,#1532,#1533);
#1399=AXIS2_PLACEMENT_3D('',#2165,#1534,#1535);
#1400=AXIS2_PLACEMENT_3D('',#2167,#1536,#1537);
#1401=AXIS2_PLACEMENT_3D('',#2170,#1539,#1540);
#1402=AXIS2_PLACEMENT_3D('',#2171,#1541,#1542);
#1403=AXIS2_PLACEMENT_3D('',#2172,#1543,#1544);
#1404=AXIS2_PLACEMENT_3D('',#2173,#1545,#1546);
#1405=AXIS2_PLACEMENT_3D('',#2174,#1547,#1548);
#1406=AXIS2_PLACEMENT_3D('',#2202,#1553,#1554);
#1407=AXIS2_PLACEMENT_3D('',#2249,#1559,#1560);
#1408=AXIS2_PLACEMENT_3D('',#2252,#1563,#1564);
#1409=AXIS2_PLACEMENT_3D('',#3233,#1566,#1567);
#1410=AXIS2_PLACEMENT_3D('',#3260,#1570,#1571);
#1411=AXIS2_PLACEMENT_3D('',#6858,#1574,#1575);
#1412=AXIS2_PLACEMENT_3D('',#6867,#1580,#1581);
#1413=AXIS2_PLACEMENT_3D('',#6873,#1585,#1586);
#1414=AXIS2_PLACEMENT_3D('',#6879,#1590,#1591);
#1415=AXIS2_PLACEMENT_3D('',#6888,#1596,#1597);
#1416=AXIS2_PLACEMENT_3D('',#6894,#1601,#1602);
#1417=AXIS2_PLACEMENT_3D('',#6898,#1605,#1606);
#1418=AXIS2_PLACEMENT_3D('',#6902,#1609,#1610);
#1419=AXIS2_PLACEMENT_3D('',#6906,#1613,#1614);
#1420=AXIS2_PLACEMENT_3D('',#6908,#1616,#1617);
#1421=AXIS2_PLACEMENT_3D('',#6912,#1620,#1621);
#1422=AXIS2_PLACEMENT_3D('',#6914,#1623,#1624);
#1423=AXIS2_PLACEMENT_3D('',#6916,#1625,#1626);
#1424=AXIS2_PLACEMENT_3D('',#6919,#1628,#1629);
#1425=AXIS2_PLACEMENT_3D('',#6920,#1630,#1631);
#1426=AXIS2_PLACEMENT_3D('',#6921,#1632,#1633);
#1427=AXIS2_PLACEMENT_3D('',#6922,#1634,#1635);
#1428=AXIS2_PLACEMENT_3D('',#6925,#1638,#1639);
#1429=AXIS2_PLACEMENT_3D('',#6927,#1641,#1642);
#1430=AXIS2_PLACEMENT_3D('',#6929,#1644,#1645);
#1431=AXIS2_PLACEMENT_3D('',#6930,#1646,#1647);
#1432=AXIS2_PLACEMENT_3D('',#6943,#1654,#1655);
#1433=AXIS2_PLACEMENT_3D('',#6949,#1659,#1660);
#1434=AXIS2_PLACEMENT_3D('',#6959,#1666,#1667);
#1435=AXIS2_PLACEMENT_3D('',#6962,#1670,#1671);
#1436=AXIS2_PLACEMENT_3D('',#6964,#1673,#1674);
#1437=AXIS2_PLACEMENT_3D('',#6966,#1676,#1677);
#1438=AXIS2_PLACEMENT_3D('',#6967,#1678,#1679);
#1439=AXIS2_PLACEMENT_3D('',#6980,#1686,#1687);
#1440=AXIS2_PLACEMENT_3D('',#6986,#1691,#1692);
#1441=AXIS2_PLACEMENT_3D('',#6996,#1698,#1699);
#1442=AXIS2_PLACEMENT_3D('',#6999,#1702,#1703);
#1443=AXIS2_PLACEMENT_3D('',#7001,#1705,#1706);
#1444=AXIS2_PLACEMENT_3D('',#7003,#1708,#1709);
#1445=AXIS2_PLACEMENT_3D('',#7004,#1710,#1711);
#1446=AXIS2_PLACEMENT_3D('',#7017,#1718,#1719);
#1447=AXIS2_PLACEMENT_3D('',#7023,#1723,#1724);
#1448=AXIS2_PLACEMENT_3D('',#7033,#1730,#1731);
#1449=AXIS2_PLACEMENT_3D('',#7036,#1734,#1735);
#1450=AXIS2_PLACEMENT_3D('',#7038,#1737,#1738);
#1451=AXIS2_PLACEMENT_3D('',#7040,#1740,#1741);
#1452=AXIS2_PLACEMENT_3D('',#7041,#1742,#1743);
#1453=AXIS2_PLACEMENT_3D('',#7048,#1745,#1746);
#1454=DIRECTION('axis',(0.,0.,1.));
#1455=DIRECTION('refdir',(1.,0.,0.));
#1456=DIRECTION('center_axis',(0.,1.5419764230905E-17,1.));
#1457=DIRECTION('ref_axis',(0.,1.,-1.5419764230905E-17));
#1458=DIRECTION('',(0.,1.,-1.5419764230905E-17));
#1459=DIRECTION('',(-1.,0.,0.));
#1460=DIRECTION('',(0.,1.,-1.5419764230905E-17));
#1461=DIRECTION('',(-1.,0.,0.));
#1462=DIRECTION('center_axis',(-1.,0.,0.));
#1463=DIRECTION('ref_axis',(0.,-1.18423789293349E-14,1.));
#1464=DIRECTION('center_axis',(-1.,0.,0.));
#1465=DIRECTION('ref_axis',(0.,-1.18423789293349E-14,1.));
#1466=DIRECTION('',(-1.,0.,0.));
#1467=DIRECTION('center_axis',(-1.,0.,0.));
#1468=DIRECTION('ref_axis',(0.,-1.18423789293349E-14,1.));
#1469=DIRECTION('center_axis',(0.,-6.16790569236198E-17,-1.));
#1470=DIRECTION('ref_axis',(0.,-1.,6.16790569236198E-17));
#1471=DIRECTION('',(0.,-1.,6.16790569236198E-17));
#1472=DIRECTION('',(-1.,0.,0.));
#1473=DIRECTION('',(0.,-1.,6.16790569236198E-17));
#1474=DIRECTION('center_axis',(-1.,0.,0.));
#1475=DIRECTION('ref_axis',(0.,-2.96059473233376E-15,-1.));
#1476=DIRECTION('center_axis',(-1.,0.,0.));
#1477=DIRECTION('ref_axis',(0.,-2.96059473233376E-15,-1.));
#1478=DIRECTION('center_axis',(-1.,0.,0.));
#1479=DIRECTION('ref_axis',(0.,-2.96059473233376E-15,-1.));
#1480=DIRECTION('center_axis',(1.,0.,0.));
#1481=DIRECTION('ref_axis',(0.,1.,0.));
#1482=DIRECTION('center_axis',(0.,-6.16790569236198E-17,-1.));
#1483=DIRECTION('ref_axis',(0.,-1.,6.16790569236198E-17));
#1484=DIRECTION('',(0.,-1.,6.16790569236198E-17));
#1485=DIRECTION('',(-1.,0.,0.));
#1486=DIRECTION('',(0.,-1.,6.16790569236198E-17));
#1487=DIRECTION('',(-1.,0.,0.));
#1488=DIRECTION('center_axis',(-1.,0.,0.));
#1489=DIRECTION('ref_axis',(0.,-2.96059473233376E-15,-1.));
#1490=DIRECTION('center_axis',(-1.,0.,0.));
#1491=DIRECTION('ref_axis',(0.,-2.96059473233376E-15,-1.));
#1492=DIRECTION('',(-1.,0.,0.));
#1493=DIRECTION('center_axis',(-1.,0.,0.));
#1494=DIRECTION('ref_axis',(0.,-2.96059473233376E-15,-1.));
#1495=DIRECTION('center_axis',(0.,1.5419764230905E-17,1.));
#1496=DIRECTION('ref_axis',(0.,1.,-1.5419764230905E-17));
#1497=DIRECTION('',(0.,1.,-1.5419764230905E-17));
#1498=DIRECTION('',(-1.,0.,0.));
#1499=DIRECTION('',(0.,1.,-1.5419764230905E-17));
#1500=DIRECTION('center_axis',(-1.,0.,0.));
#1501=DIRECTION('ref_axis',(0.,-1.,-7.77156117237603E-15));
#1502=DIRECTION('center_axis',(-1.,0.,0.));
#1503=DIRECTION('ref_axis',(0.,-1.,-7.77156117237603E-15));
#1504=DIRECTION('center_axis',(-1.,0.,0.));
#1505=DIRECTION('ref_axis',(0.,-1.,-7.77156117237603E-15));
#1506=DIRECTION('center_axis',(1.,0.,0.));
#1507=DIRECTION('ref_axis',(0.,1.,0.));
#1508=DIRECTION('center_axis',(0.,-1.,0.));
#1509=DIRECTION('ref_axis',(1.,0.,0.));
#1510=DIRECTION('',(1.,0.,0.));
#1511=DIRECTION('',(0.,0.,1.));
#1512=DIRECTION('',(0.,0.,-1.));
#1513=DIRECTION('',(0.,0.,1.));
#1514=DIRECTION('',(-1.,0.,0.));
#1515=DIRECTION('',(0.,0.,-1.));
#1516=DIRECTION('center_axis',(-1.,0.,0.));
#1517=DIRECTION('ref_axis',(0.,-1.,0.));
#1518=DIRECTION('center_axis',(1.,0.,0.));
#1519=DIRECTION('ref_axis',(0.,1.,0.));
#1520=DIRECTION('',(0.,0.,1.));
#1521=DIRECTION('center_axis',(-1.,0.,0.));
#1522=DIRECTION('ref_axis',(0.,-1.,0.));
#1523=DIRECTION('center_axis',(1.,0.,0.));
#1524=DIRECTION('ref_axis',(0.,1.,0.));
#1525=DIRECTION('',(0.,0.,1.));
#1526=DIRECTION('center_axis',(0.,1.,0.));
#1527=DIRECTION('ref_axis',(-1.,0.,0.));
#1528=DIRECTION('',(-1.,0.,0.));
#1529=DIRECTION('',(0.,0.,1.));
#1530=DIRECTION('',(1.,0.,0.));
#1531=DIRECTION('',(0.,0.,1.));
#1532=DIRECTION('center_axis',(1.,0.,0.));
#1533=DIRECTION('ref_axis',(0.,1.,0.));
#1534=DIRECTION('center_axis',(1.,0.,0.));
#1535=DIRECTION('ref_axis',(0.,1.,0.));
#1536=DIRECTION('center_axis',(1.,0.,0.));
#1537=DIRECTION('ref_axis',(0.,1.,0.));
#1538=DIRECTION('',(1.,0.,0.));
#1539=DIRECTION('center_axis',(1.,0.,0.));
#1540=DIRECTION('ref_axis',(0.,1.,0.));
#1541=DIRECTION('center_axis',(1.,0.,0.));
#1542=DIRECTION('ref_axis',(0.,1.,0.));
#1543=DIRECTION('center_axis',(1.,0.,0.));
#1544=DIRECTION('ref_axis',(0.,1.,0.));
#1545=DIRECTION('center_axis',(1.,0.,0.));
#1546=DIRECTION('ref_axis',(0.,1.,0.));
#1547=DIRECTION('center_axis',(0.,0.,1.));
#1548=DIRECTION('ref_axis',(1.,0.,0.));
#1549=DIRECTION('',(0.,-1.,0.));
#1550=DIRECTION('',(0.995495472593952,-0.0948090926279954,0.));
#1551=DIRECTION('',(4.48100519004421E-18,1.,0.));
#1552=DIRECTION('',(-0.995495472593952,0.0948090926279954,0.));
#1553=DIRECTION('center_axis',(0.,0.,-1.));
#1554=DIRECTION('ref_axis',(-1.,0.,0.));
#1555=DIRECTION('',(0.995495472593952,-0.0948090926279954,0.));
#1556=DIRECTION('',(-4.48100519004421E-18,-1.,0.));
#1557=DIRECTION('',(0.995495472593952,-0.0948090926279954,0.));
#1558=DIRECTION('',(0.,1.,0.));
#1559=DIRECTION('center_axis',(-0.0948090926279955,-0.995495472593952,0.));
#1560=DIRECTION('ref_axis',(0.,0.,-1.));
#1561=DIRECTION('',(-7.43030057227736E-17,7.07647673550225E-18,1.));
#1562=DIRECTION('',(0.,0.,-1.));
#1563=DIRECTION('center_axis',(1.,0.,0.));
#1564=DIRECTION('ref_axis',(0.,0.,-1.));
#1565=DIRECTION('',(0.,0.,-1.));
#1566=DIRECTION('center_axis',(-0.0948090926279954,-0.995495472593952,0.));
#1567=DIRECTION('ref_axis',(0.,0.,-1.));
#1568=DIRECTION('',(0.99549541488111,-0.0948090871315342,-0.000340511339864543));
#1569=DIRECTION('',(0.,0.,-1.));
#1570=DIRECTION('center_axis',(-0.0948090926279954,-0.995495472593952,0.));
#1571=DIRECTION('ref_axis',(0.,0.,-1.));
#1572=DIRECTION('',(0.,0.,-1.));
#1573=DIRECTION('',(0.99549541488111,-0.0948090871315342,0.000340511339864545));
#1574=DIRECTION('center_axis',(-1.,0.,0.));
#1575=DIRECTION('ref_axis',(0.,0.,1.));
#1576=DIRECTION('',(0.,0.,-1.));
#1577=DIRECTION('',(0.,-1.,0.));
#1578=DIRECTION('',(0.,0.,1.));
#1579=DIRECTION('',(0.,1.,0.));
#1580=DIRECTION('center_axis',(0.316227767228536,0.948683297646614,0.));
#1581=DIRECTION('ref_axis',(0.,0.,1.));
#1582=DIRECTION('',(0.948679812706767,-0.316226605581916,-0.00271051375059077));
#1583=DIRECTION('',(-7.43030057227736E-17,2.47676686797056E-17,1.));
#1584=DIRECTION('',(0.948679812706767,-0.316226605581916,-0.00271051375059076));
#1585=DIRECTION('center_axis',(0.00285713119540668,0.,0.999995918392336));
#1586=DIRECTION('ref_axis',(0.999995918392336,0.,-0.00285713119540668));
#1587=DIRECTION('',(0.948679812706767,-0.316226605581916,-0.00271051375059077));
#1588=DIRECTION('',(-4.48100519004421E-18,-1.,1.28028719715549E-20));
#1589=DIRECTION('',(0.878373390567928,-0.477968501533324,-0.00250963825876551));
#1590=DIRECTION('center_axis',(-1.,0.,0.));
#1591=DIRECTION('ref_axis',(0.,0.,1.));
#1592=DIRECTION('',(0.,1.,6.58158704628885E-18));
#1593=DIRECTION('',(0.,0.,-1.));
#1594=DIRECTION('',(0.,-1.,0.));
#1595=DIRECTION('',(0.,0.,1.));
#1596=DIRECTION('center_axis',(1.32169407693471E-18,0.,1.));
#1597=DIRECTION('ref_axis',(1.,0.,-1.32169407693471E-18));
#1598=DIRECTION('',(0.995931987764212,-0.0901081336396709,-1.31631740925777E-18));
#1599=DIRECTION('',(-4.48100519004421E-18,-1.,5.92251801839512E-36));
#1600=DIRECTION('',(0.995931987764212,-0.0901081336396709,-1.31631740925777E-18));
#1601=DIRECTION('center_axis',(-0.090108133639671,-0.995931987764212,0.));
#1602=DIRECTION('ref_axis',(0.,0.,-1.));
#1603=DIRECTION('',(0.995931987764212,-0.0901081336396709,0.));
#1604=DIRECTION('',(7.43030057227736E-17,-6.72265300417486E-18,-1.));
#1605=DIRECTION('center_axis',(-0.477970006731163,-0.878376156703614,-1.37592785200715E-17));
#1606=DIRECTION('ref_axis',(0.,1.56644490120355E-17,-1.));
#1607=DIRECTION('',(-0.878373390567928,0.477968501533324,0.0025096382587655));
#1608=DIRECTION('',(7.43030057227736E-17,-2.47676686797056E-17,-1.));
#1609=DIRECTION('center_axis',(-2.04791122129345E-18,6.58158704628885E-18,
-1.));
#1610=DIRECTION('ref_axis',(-1.,0.,2.04791122129345E-18));
#1611=DIRECTION('',(0.995931987764212,-0.0901081336396709,-2.63263481851554E-18));
#1612=DIRECTION('',(4.48100519004421E-18,1.,6.58158704628885E-18));
#1613=DIRECTION('center_axis',(0.090108133639671,0.995931987764212,0.));
#1614=DIRECTION('ref_axis',(0.,0.,1.));
#1615=DIRECTION('',(-7.43030057227736E-17,6.72265300417486E-18,1.));
#1616=DIRECTION('center_axis',(-0.316227767228536,-0.948683297646614,0.));
#1617=DIRECTION('ref_axis',(0.,0.,-1.));
#1618=DIRECTION('',(0.948679812706767,-0.316226605581916,-0.00271051375059076));
#1619=DIRECTION('',(7.43030057227736E-17,-2.47676686797056E-17,-1.));
#1620=DIRECTION('center_axis',(-0.00285713119540667,0.,-0.999995918392336));
#1621=DIRECTION('ref_axis',(-0.999995918392336,0.,0.00285713119540667));
#1622=DIRECTION('',(4.48100519004421E-18,1.,-1.28028719715549E-20));
#1623=DIRECTION('center_axis',(1.,0.,0.));
#1624=DIRECTION('ref_axis',(0.,1.,0.));
#1625=DIRECTION('center_axis',(1.,-4.48100519004421E-18,7.43030057227736E-17));
#1626=DIRECTION('ref_axis',(0.,1.,0.));
#1627=DIRECTION('',(1.,0.,0.));
#1628=DIRECTION('center_axis',(1.,0.,0.));
#1629=DIRECTION('ref_axis',(0.,1.,0.));
#1630=DIRECTION('center_axis',(1.,0.,0.));
#1631=DIRECTION('ref_axis',(0.,1.,0.));
#1632=DIRECTION('center_axis',(1.,0.,0.));
#1633=DIRECTION('ref_axis',(0.,1.,0.));
#1634=DIRECTION('center_axis',(0.,-1.,0.));
#1635=DIRECTION('ref_axis',(1.,0.,0.));
#1636=DIRECTION('',(7.43030057227736E-17,0.,-1.));
#1637=DIRECTION('',(0.,0.,1.));
#1638=DIRECTION('center_axis',(1.,0.,0.));
#1639=DIRECTION('ref_axis',(0.,1.,0.));
#1640=DIRECTION('',(0.,0.,1.));
#1641=DIRECTION('center_axis',(0.,1.,0.));
#1642=DIRECTION('ref_axis',(-1.,0.,0.));
#1643=DIRECTION('',(-7.43030057227736E-17,0.,1.));
#1644=DIRECTION('center_axis',(1.,-4.48100519004421E-18,7.43030057227736E-17));
#1645=DIRECTION('ref_axis',(7.43030057227736E-17,0.,-1.));
#1646=DIRECTION('center_axis',(-0.000165942702423649,-5.82206182523729E-6,
-0.999999986214561));
#1647=DIRECTION('ref_axis',(-0.99999998623151,0.,0.000165942702426462));
#1648=DIRECTION('',(0.949763182614417,-0.312969443686496,-0.000155784143882522));
#1649=DIRECTION('',(0.309016989662992,0.951056516129057,-5.68162249657672E-5));
#1650=DIRECTION('',(0.453990493917183,-0.891006524393599,-7.01489153305889E-5));
#1651=DIRECTION('',(0.951056503349113,-0.309016994831295,-0.00015602177242521));
#1652=DIRECTION('',(0.891006511702273,0.453990499299424,-0.000150499191258633));
#1653=DIRECTION('',(-0.30901698966298,-0.951056516129061,5.68162249661353E-5));
#1654=DIRECTION('center_axis',(0.951056503349117,-0.309016994831283,-0.000156021772425211));
#1655=DIRECTION('ref_axis',(-0.30901698966298,-0.951056516129061,5.68162249661353E-5));
#1656=DIRECTION('',(0.000148185018328981,-4.88304701614473E-5,0.999999987828393));
#1657=DIRECTION('',(0.000165942702423649,5.82206182523728E-6,0.999999986214561));
#1658=DIRECTION('',(0.30901698966298,0.951056516129061,-5.68162249661353E-5));
#1659=DIRECTION('center_axis',(0.000165942702423649,5.82206182523729E-6,
0.999999986214561));
#1660=DIRECTION('ref_axis',(0.99999998623151,0.,-0.000165942702426462));
#1661=DIRECTION('',(-0.949763182614417,0.312969443686496,0.000155784143882522));
#1662=DIRECTION('',(-0.891006511702273,-0.453990499299424,0.000150499191258633));
#1663=DIRECTION('',(-0.951056503349113,0.309016994831295,0.00015602177242521));
#1664=DIRECTION('',(-0.453990493917183,0.891006524393599,7.01489153305889E-5));
#1665=DIRECTION('',(-0.309016989662992,-0.951056516129057,5.68162249657672E-5));
#1666=DIRECTION('center_axis',(-0.951056503349113,0.309016994831296,0.00015602177242521));
#1667=DIRECTION('ref_axis',(0.309016989662992,0.951056516129057,-5.68162249657672E-5));
#1668=DIRECTION('',(-0.000148185018328981,4.8830470161447E-5,-0.999999987828393));
#1669=DIRECTION('',(-0.000165942702423649,-5.8220618252373E-6,-0.999999986214561));
#1670=DIRECTION('center_axis',(-0.891006511702272,-0.453990499299426,0.000150499191258633));
#1671=DIRECTION('ref_axis',(-0.453990493917183,0.891006524393599,7.0148915344279E-5));
#1672=DIRECTION('',(-0.000165942702423649,-5.82206182523729E-6,-0.999999986214561));
#1673=DIRECTION('center_axis',(-0.309016989662992,-0.951056516129057,5.68162249789326E-5));
#1674=DIRECTION('ref_axis',(-0.951056503349113,0.309016994831295,0.000156021772432124));
#1675=DIRECTION('',(-0.000165942702423649,-5.82206182523729E-6,-0.999999986214561));
#1676=DIRECTION('center_axis',(0.453990493917181,-0.8910065243936,-7.01489153305886E-5));
#1677=DIRECTION('ref_axis',(-0.891006511702273,-0.453990499299424,0.000150499191253785));
#1678=DIRECTION('center_axis',(-0.000165942702423649,-5.82206181043432E-6,
-0.999999986214561));
#1679=DIRECTION('ref_axis',(-0.99999998623151,0.,0.000165942702426462));
#1680=DIRECTION('',(0.949763182614417,-0.312969443686496,-0.000155784143887155));
#1681=DIRECTION('',(0.309016989663009,0.951056516129051,-5.68162249657698E-5));
#1682=DIRECTION('',(0.453990493917185,-0.891006524393599,-7.01489153437787E-5));
#1683=DIRECTION('',(0.951056503349114,-0.309016994831294,-0.000156021772429784));
#1684=DIRECTION('',(0.891006511702273,0.453990499299424,-0.000150499191251913));
#1685=DIRECTION('',(-0.309016989662969,-0.951056516129064,5.68162249661335E-5));
#1686=DIRECTION('center_axis',(0.951056503349121,-0.309016994831272,-0.000156021772429786));
#1687=DIRECTION('ref_axis',(-0.309016989662969,-0.951056516129064,5.68162249661335E-5));
#1688=DIRECTION('',(0.000148185018333327,-4.88304701628792E-5,0.999999987828393));
#1689=DIRECTION('',(0.000165942702423649,5.82206181043434E-6,0.999999986214561));
#1690=DIRECTION('',(0.309016989662969,0.951056516129064,-5.68162249661335E-5));
#1691=DIRECTION('center_axis',(0.000165942702423649,5.82206181043432E-6,
0.999999986214561));
#1692=DIRECTION('ref_axis',(0.99999998623151,0.,-0.000165942702426462));
#1693=DIRECTION('',(-0.949763182614417,0.312969443686496,0.000155784143887155));
#1694=DIRECTION('',(-0.891006511702273,-0.453990499299424,0.000150499191251913));
#1695=DIRECTION('',(-0.951056503349114,0.309016994831294,0.000156021772429784));
#1696=DIRECTION('',(-0.453990493917185,0.891006524393599,7.01489153437787E-5));
#1697=DIRECTION('',(-0.309016989663009,-0.951056516129051,5.68162249657698E-5));
#1698=DIRECTION('center_axis',(-0.951056503349108,0.309016994831312,0.000156021772429783));
#1699=DIRECTION('ref_axis',(0.309016989663009,0.951056516129051,-5.68162249657698E-5));
#1700=DIRECTION('',(-0.000148185018333324,4.88304701628784E-5,-0.999999987828393));
#1701=DIRECTION('',(-0.000165942702423649,-5.82206181043431E-6,-0.999999986214561));
#1702=DIRECTION('center_axis',(-0.891006511702272,-0.453990499299427,0.000150499191251912));
#1703=DIRECTION('ref_axis',(-0.453990493917185,0.891006524393599,7.01489153442792E-5));
#1704=DIRECTION('',(-0.000165942702423649,-5.82206181043432E-6,-0.999999986214561));
#1705=DIRECTION('center_axis',(-0.309016989662991,-0.951056516129057,5.68162249648539E-5));
#1706=DIRECTION('ref_axis',(-0.951056503349114,0.309016994831294,0.000156021772432124));
#1707=DIRECTION('',(-0.000165942702423649,-5.82206181043432E-6,-0.999999986214561));
#1708=DIRECTION('center_axis',(0.453990493917181,-0.8910065243936,-7.01489153437782E-5));
#1709=DIRECTION('ref_axis',(-0.891006511702273,-0.453990499299424,0.000150499191253785));
#1710=DIRECTION('center_axis',(-0.000165942702423649,-5.82206181043432E-6,
-0.999999986214561));
#1711=DIRECTION('ref_axis',(-0.99999998623151,0.,0.000165942702426462));
#1712=DIRECTION('',(0.949763182614417,-0.312969443686496,-0.000155784143887155));
#1713=DIRECTION('',(0.309016989662998,0.951056516129055,-5.68162249657681E-5));
#1714=DIRECTION('',(0.453990493917185,-0.891006524393599,-7.01489153437787E-5));
#1715=DIRECTION('',(0.951056503349113,-0.309016994831295,-0.000156021772429784));
#1716=DIRECTION('',(0.891006511702273,0.453990499299424,-0.000150499191251913));
#1717=DIRECTION('',(-0.30901698966298,-0.951056516129061,5.68162249661353E-5));
#1718=DIRECTION('center_axis',(0.951056503349117,-0.309016994831283,-0.000156021772429785));
#1719=DIRECTION('ref_axis',(-0.30901698966298,-0.951056516129061,5.68162249661353E-5));
#1720=DIRECTION('',(0.000148185018333326,-4.88304701628789E-5,0.999999987828393));
#1721=DIRECTION('',(0.000165942702423649,5.82206181043427E-6,0.999999986214561));
#1722=DIRECTION('',(0.30901698966298,0.951056516129061,-5.68162249661353E-5));
#1723=DIRECTION('center_axis',(0.000165942702423649,5.82206181043432E-6,
0.999999986214561));
#1724=DIRECTION('ref_axis',(0.99999998623151,0.,-0.000165942702426462));
#1725=DIRECTION('',(-0.949763182614417,0.312969443686496,0.000155784143887155));
#1726=DIRECTION('',(-0.891006511702273,-0.453990499299424,0.000150499191251913));
#1727=DIRECTION('',(-0.951056503349113,0.309016994831295,0.000156021772429784));
#1728=DIRECTION('',(-0.453990493917185,0.891006524393599,7.01489153437787E-5));
#1729=DIRECTION('',(-0.309016989662998,-0.951056516129055,5.68162249657681E-5));
#1730=DIRECTION('center_axis',(-0.951056503349111,0.309016994831301,0.000156021772429784));
#1731=DIRECTION('ref_axis',(0.309016989662998,0.951056516129055,-5.68162249657681E-5));
#1732=DIRECTION('',(-0.000148185018333325,4.88304701628786E-5,-0.999999987828393));
#1733=DIRECTION('',(-0.000165942702423649,-5.82206181043426E-6,-0.999999986214561));
#1734=DIRECTION('center_axis',(-0.891006511702272,-0.453990499299427,0.000150499191251912));
#1735=DIRECTION('ref_axis',(-0.453990493917185,0.891006524393599,7.01489153442792E-5));
#1736=DIRECTION('',(-0.000165942702423649,-5.82206181043431E-6,-0.999999986214561));
#1737=DIRECTION('center_axis',(-0.309016989662992,-0.951056516129057,5.68162249648541E-5));
#1738=DIRECTION('ref_axis',(-0.951056503349113,0.309016994831295,0.000156021772432124));
#1739=DIRECTION('',(-0.000165942702423649,-5.8220618104343E-6,-0.999999986214561));
#1740=DIRECTION('center_axis',(0.453990493917181,-0.8910065243936,-7.01489153437781E-5));
#1741=DIRECTION('ref_axis',(-0.891006511702273,-0.453990499299424,0.000150499191253785));
#1742=DIRECTION('center_axis',(0.312969447484177,0.949763194139176,0.));
#1743=DIRECTION('ref_axis',(0.,0.,1.));
#1744=DIRECTION('',(-7.43030057227736E-17,2.44845986778283E-17,1.));
#1745=DIRECTION('center_axis',(1.,-4.48100519004421E-18,7.43030057227736E-17));
#1746=DIRECTION('ref_axis',(7.43030057227736E-17,0.,-1.));
#1747=CARTESIAN_POINT('',(0.,0.,0.));
#1748=CARTESIAN_POINT('Origin',(320.,-48.5000006109476,-0.100000014901161));
#1749=CARTESIAN_POINT('',(320.,-48.5000006109476,-0.100000014901161));
#1750=CARTESIAN_POINT('',(320.,-39.5000006109476,-0.100000014901162));
#1751=CARTESIAN_POINT('',(320.,-27.4584464752634,-0.100000014901161));
#1752=CARTESIAN_POINT('',(319.4,-48.5000006109476,-0.100000014901161));
#1753=CARTESIAN_POINT('',(320.,-48.5000006109476,-0.100000014901161));
#1754=CARTESIAN_POINT('',(319.4,-39.5000006109476,-0.100000014901162));
#1755=CARTESIAN_POINT('',(319.4,-39.5000006109476,-0.100000014901161));
#1756=CARTESIAN_POINT('',(320.,-39.5000006109476,-0.100000014901162));
#1757=CARTESIAN_POINT('Origin',(320.,-48.5000006109476,-1.60000001490117));
#1758=CARTESIAN_POINT('',(320.,-48.5000006109476,-3.10000001490117));
#1759=CARTESIAN_POINT('Origin',(320.,-48.5000006109476,-1.60000001490117));
#1760=CARTESIAN_POINT('',(319.4,-48.5000006109476,-3.10000001490117));
#1761=CARTESIAN_POINT('',(320.,-48.5000006109476,-3.10000001490117));
#1762=CARTESIAN_POINT('Origin',(319.4,-48.5000006109476,-1.60000001490117));
#1763=CARTESIAN_POINT('Origin',(320.,-39.5000006109476,-3.10000001490116));
#1764=CARTESIAN_POINT('',(320.,-39.5000006109476,-3.10000001490116));
#1765=CARTESIAN_POINT('',(320.,-22.9584464752634,-3.10000001490116));
#1766=CARTESIAN_POINT('',(319.4,-39.5000006109476,-3.10000001490116));
#1767=CARTESIAN_POINT('',(320.,-39.5000006109476,-3.10000001490116));
#1768=CARTESIAN_POINT('',(319.4,-48.5000006109476,-3.10000001490116));
#1769=CARTESIAN_POINT('Origin',(320.,-39.5000006109476,-1.60000001490117));
#1770=CARTESIAN_POINT('Origin',(320.,-39.5000006109476,-1.60000001490117));
#1771=CARTESIAN_POINT('Origin',(319.4,-39.5000006109476,-1.60000001490117));
#1772=CARTESIAN_POINT('Origin',(319.4,-44.0000006109476,-1.60000001490117));
#1773=CARTESIAN_POINT('Origin',(320.,12.4999993890524,-3.10000001490116));
#1774=CARTESIAN_POINT('',(320.,12.4999993890524,-3.10000001490116));
#1775=CARTESIAN_POINT('',(320.,3.4999993890524,-3.10000001490116));
#1776=CARTESIAN_POINT('',(320.,3.04155352473662,-3.10000001490116));
#1777=CARTESIAN_POINT('',(319.4,12.4999993890524,-3.10000001490116));
#1778=CARTESIAN_POINT('',(320.,12.4999993890524,-3.10000001490116));
#1779=CARTESIAN_POINT('',(319.4,3.4999993890524,-3.10000001490116));
#1780=CARTESIAN_POINT('',(319.4,3.4999993890524,-3.10000001490116));
#1781=CARTESIAN_POINT('',(320.,3.4999993890524,-3.10000001490116));
#1782=CARTESIAN_POINT('Origin',(320.,12.4999993890524,-1.60000001490117));
#1783=CARTESIAN_POINT('',(320.,12.4999993890524,-0.100000014901161));
#1784=CARTESIAN_POINT('Origin',(320.,12.4999993890524,-1.60000001490117));
#1785=CARTESIAN_POINT('',(319.4,12.4999993890524,-0.100000014901161));
#1786=CARTESIAN_POINT('',(320.,12.4999993890524,-0.100000014901161));
#1787=CARTESIAN_POINT('Origin',(319.4,12.4999993890524,-1.60000001490117));
#1788=CARTESIAN_POINT('Origin',(320.,3.4999993890524,-0.100000014901161));
#1789=CARTESIAN_POINT('',(320.,3.4999993890524,-0.100000014901161));
#1790=CARTESIAN_POINT('',(320.,-1.45844647526338,-0.100000014901161));
#1791=CARTESIAN_POINT('',(319.4,3.4999993890524,-0.100000014901161));
#1792=CARTESIAN_POINT('',(320.,3.4999993890524,-0.100000014901161));
#1793=CARTESIAN_POINT('',(319.4,12.4999993890524,-0.100000014901161));
#1794=CARTESIAN_POINT('Origin',(320.,3.49999938905241,-1.60000001490115));
#1795=CARTESIAN_POINT('Origin',(320.,3.49999938905241,-1.60000001490115));
#1796=CARTESIAN_POINT('Origin',(319.4,3.49999938905241,-1.60000001490115));
#1797=CARTESIAN_POINT('Origin',(319.4,7.9999993890524,-1.60000001490116));
#1798=CARTESIAN_POINT('Origin',(120.500004410744,-14.0500002086163,0.));
#1799=CARTESIAN_POINT('',(120.500004410744,-14.0500002086163,3.1746062738613));
#1800=CARTESIAN_POINT('',(302.,-14.0500002086163,3.1746062738613));
#1801=CARTESIAN_POINT('',(110.,-14.0500002086163,3.1746062738613));
#1802=CARTESIAN_POINT('',(120.500004410744,-14.0500002086144,7.09673266800803));
#1803=CARTESIAN_POINT('',(120.500004410744,-14.0500002086163,0.));
#1804=CARTESIAN_POINT('',(319.014157283687,-14.0500002086163,3.88504038983418));
#1805=CARTESIAN_POINT('Ctrl Pts',(120.500004410744,-14.0500002086162,7.09673266800745));
#1806=CARTESIAN_POINT('Ctrl Pts',(142.553811731184,-14.0500002086162,7.06206452329496));
#1807=CARTESIAN_POINT('Ctrl Pts',(166.854820067097,-14.0500002086163,6.96790310030328));
#1808=CARTESIAN_POINT('Ctrl Pts',(209.013571061962,-14.0500002086163,6.50912381015463));
#1809=CARTESIAN_POINT('Ctrl Pts',(225.255850215999,-14.0500002086163,6.2270304077475));
#1810=CARTESIAN_POINT('Ctrl Pts',(265.188627691036,-14.0500002086163,5.31427221065091));
#1811=CARTESIAN_POINT('Ctrl Pts',(296.089327010727,-14.0500002086163,4.53541494656044));
#1812=CARTESIAN_POINT('Ctrl Pts',(319.014157283687,-14.0500002086163,3.88504038983418));
#1813=CARTESIAN_POINT('',(319.5,-14.0500002086163,3.38446435857703));
#1814=CARTESIAN_POINT('Ctrl Pts',(319.014157283687,-14.0500002086162,3.88504038983418));
#1815=CARTESIAN_POINT('Ctrl Pts',(319.040122147864,-14.0500002086162,3.88430376989726));
#1816=CARTESIAN_POINT('Ctrl Pts',(319.065904926455,-14.0500059716167,3.8814402808025));
#1817=CARTESIAN_POINT('Ctrl Pts',(319.091298880486,-14.0500119489542,3.87660169602976));
#1818=CARTESIAN_POINT('Ctrl Pts',(319.117333137699,-14.0500180770091,3.87164110736468));
#1819=CARTESIAN_POINT('Ctrl Pts',(319.142959994915,-14.050024451095,3.86460419397165));
#1820=CARTESIAN_POINT('Ctrl Pts',(319.167949844001,-14.0500280875802,3.85560113144073));
#1821=CARTESIAN_POINT('Ctrl Pts',(319.179520631146,-14.0500297713438,3.8514325380315));
#1822=CARTESIAN_POINT('Ctrl Pts',(319.19095463692,-14.0500309076493,3.84684172488982));
#1823=CARTESIAN_POINT('Ctrl Pts',(319.202227385257,-14.0500313905692,3.84183623979884));
#1824=CARTESIAN_POINT('Ctrl Pts',(319.226555776216,-14.0500324327875,3.83103360369068));
#1825=CARTESIAN_POINT('Ctrl Pts',(319.249945658324,-14.0500303004765,3.81838653179532));
#1826=CARTESIAN_POINT('Ctrl Pts',(319.272176269185,-14.050025984554,3.80402298501649));
#1827=CARTESIAN_POINT('Ctrl Pts',(319.294053478352,-14.0500217372421,3.78988777662138));
#1828=CARTESIAN_POINT('Ctrl Pts',(319.314809133236,-14.0500154137219,3.7740895454342));
#1829=CARTESIAN_POINT('Ctrl Pts',(319.334208338794,-14.0500103446704,3.75670759295875));
#1830=CARTESIAN_POINT('Ctrl Pts',(319.342542167623,-14.0500081670241,3.74924036878806));
#1831=CARTESIAN_POINT('Ctrl Pts',(319.350625248698,-14.0500062477962,3.74148038307918));
#1832=CARTESIAN_POINT('Ctrl Pts',(319.35843673116,-14.0500049636195,3.73343191084298));
#1833=CARTESIAN_POINT('Ctrl Pts',(319.358963976549,-14.0500048769425,3.73288866954449));
#1834=CARTESIAN_POINT('Ctrl Pts',(319.359489983998,-14.0500047931818,3.73234411356308));
#1835=CARTESIAN_POINT('Ctrl Pts',(319.360014750933,-14.0500047122409,3.73179824802123));
#1836=CARTESIAN_POINT('Ctrl Pts',(319.378023583067,-14.0500019345297,3.7130653587049));
#1837=CARTESIAN_POINT('Ctrl Pts',(319.394439176721,-14.0500024176177,3.69293423195761));
#1838=CARTESIAN_POINT('Ctrl Pts',(319.40920879967,-14.0500032920094,3.67165610414329));
#1839=CARTESIAN_POINT('Ctrl Pts',(319.42431400075,-14.0500041862681,3.64989451954806));
#1840=CARTESIAN_POINT('Ctrl Pts',(319.437698270755,-14.0500055545728,3.62693206312217));
#1841=CARTESIAN_POINT('Ctrl Pts',(319.449263567013,-14.0500061931777,3.60300385278661));
#1842=CARTESIAN_POINT('Ctrl Pts',(319.45454770428,-14.0500064849537,3.59207114988619));
#1843=CARTESIAN_POINT('Ctrl Pts',(319.459451494488,-14.0500066436696,3.58093649375488));
#1844=CARTESIAN_POINT('Ctrl Pts',(319.463962170797,-14.0500066220184,3.56962108351293));
#1845=CARTESIAN_POINT('Ctrl Pts',(319.473834378559,-14.050006574632,3.54485582145965));
#1846=CARTESIAN_POINT('Ctrl Pts',(319.481752117602,-14.0500056979111,3.51941311258048));
#1847=CARTESIAN_POINT('Ctrl Pts',(319.487633541537,-14.0500044082984,3.49353445114305));
#1848=CARTESIAN_POINT('Ctrl Pts',(319.493399044822,-14.0500031441034,3.46816584837321));
#1849=CARTESIAN_POINT('Ctrl Pts',(319.497208065723,-14.050001554094,3.44237703674148));
#1850=CARTESIAN_POINT('Ctrl Pts',(319.498936370183,-14.0500007404579,3.41638243899729));
#1851=CARTESIAN_POINT('Ctrl Pts',(319.499641792528,-14.0500004083653,3.4057725201285));
#1852=CARTESIAN_POINT('Ctrl Pts',(319.499999998492,-14.0500002080606,3.39512827065694));
#1853=CARTESIAN_POINT('Ctrl Pts',(319.5,-14.0500002086177,3.38446435856777));
#1854=CARTESIAN_POINT('',(319.5,-14.0500002086163,-5.03652307283399));
#1855=CARTESIAN_POINT('',(319.500004410744,-14.0500002086163,0.));
#1856=CARTESIAN_POINT('',(319.005529391066,-14.0500002086163,-5.53651856541804));
#1857=CARTESIAN_POINT('Ctrl Pts',(319.5,-14.0500002086163,-5.03652307283406));
#1858=CARTESIAN_POINT('Ctrl Pts',(319.499999999458,-14.0500002084033,-5.06250251001207));
#1859=CARTESIAN_POINT('Ctrl Pts',(319.497868863589,-14.0500004385217,-5.0883602642573));
#1860=CARTESIAN_POINT('Ctrl Pts',(319.49375349754,-14.0500006957411,-5.11388575021279));
#1861=CARTESIAN_POINT('Ctrl Pts',(319.489534157418,-14.0500009594592,-5.14005613354002));
#1862=CARTESIAN_POINT('Ctrl Pts',(319.483228718525,-14.0500012384985,-5.16587853627484));
#1863=CARTESIAN_POINT('Ctrl Pts',(319.474941879111,-14.050001368332,-5.19112052045615));
#1864=CARTESIAN_POINT('Ctrl Pts',(319.471051070208,-14.050001429291,-5.20297205176783));
#1865=CARTESIAN_POINT('Ctrl Pts',(319.466722745384,-14.0500014593738,-5.21469543275849));
#1866=CARTESIAN_POINT('Ctrl Pts',(319.461964144813,-14.0500014585671,-5.22626492843366));
#1867=CARTESIAN_POINT('Ctrl Pts',(319.451836125811,-14.0500014568503,-5.25088898970741));
#1868=CARTESIAN_POINT('Ctrl Pts',(319.439840415074,-14.0500012804006,-5.27462692984398));
#1869=CARTESIAN_POINT('Ctrl Pts',(319.426098964269,-14.0500010710202,-5.29725405763411));
#1870=CARTESIAN_POINT('Ctrl Pts',(319.412594927217,-14.0500008652572,-5.31949025207911));
#1871=CARTESIAN_POINT('Ctrl Pts',(319.397404283565,-14.0500006158357,-5.34065484546288));
#1872=CARTESIAN_POINT('Ctrl Pts',(319.380599736599,-14.0500006970696,-5.36051104229779));
#1873=CARTESIAN_POINT('Ctrl Pts',(319.372657361766,-14.0500007354633,-5.36989572600015));
#1874=CARTESIAN_POINT('Ctrl Pts',(319.36435390395,-14.050000852306,-5.37898768807579));
#1875=CARTESIAN_POINT('Ctrl Pts',(319.355694228812,-14.0500011177927,-5.38775891993907));
#1876=CARTESIAN_POINT('Ctrl Pts',(319.355600221646,-14.0500011206747,-5.38785413813584));
#1877=CARTESIAN_POINT('Ctrl Pts',(319.355506176135,-14.0500011235738,-5.38794931481458));
#1878=CARTESIAN_POINT('Ctrl Pts',(319.355412092295,-14.0500011264901,-5.38804444994718));
#1879=CARTESIAN_POINT('Ctrl Pts',(319.337152518959,-14.0500016924791,-5.4065080556346));
#1880=CARTESIAN_POINT('Ctrl Pts',(319.317452757843,-14.0500028769002,-5.42340956046239));
#1881=CARTESIAN_POINT('Ctrl Pts',(319.296563083823,-14.0500039058021,-5.43869154627912));
#1882=CARTESIAN_POINT('Ctrl Pts',(319.275201677664,-14.0500049579387,-5.45431863101257));
#1883=CARTESIAN_POINT('Ctrl Pts',(319.252594861839,-14.0500058402516,-5.46825293075229));
#1884=CARTESIAN_POINT('Ctrl Pts',(319.228975896064,-14.0500061451048,-5.48039198112932));
#1885=CARTESIAN_POINT('Ctrl Pts',(319.218049107583,-14.0500062861384,-5.48600784242876));
#1886=CARTESIAN_POINT('Ctrl Pts',(319.206905327238,-14.050006310065,-5.49123884248776));
#1887=CARTESIAN_POINT('Ctrl Pts',(319.195566316746,-14.050006212723,-5.49607129611093));
#1888=CARTESIAN_POINT('Ctrl Pts',(319.171064499701,-14.050006002382,-5.5065134678191));
#1889=CARTESIAN_POINT('Ctrl Pts',(319.145842390712,-14.0500051863997,-5.51501690826949));
#1890=CARTESIAN_POINT('Ctrl Pts',(319.120140741563,-14.0500040953268,-5.52149720700878));
#1891=CARTESIAN_POINT('Ctrl Pts',(319.094950307978,-14.0500030259557,-5.5278486101449));
#1892=CARTESIAN_POINT('Ctrl Pts',(319.069297949857,-14.0500016885214,-5.53225692552204));
#1893=CARTESIAN_POINT('Ctrl Pts',(319.043395917379,-14.0500008715066,-5.53459606852666));
#1894=CARTESIAN_POINT('Ctrl Pts',(319.030824544187,-14.0500004749741,-5.53573135548479));
#1895=CARTESIAN_POINT('Ctrl Pts',(319.018194256517,-14.0500002086163,-5.53637849156616));
#1896=CARTESIAN_POINT('Ctrl Pts',(319.005529391066,-14.0500002086163,-5.53651856541804));
#1897=CARTESIAN_POINT('',(120.500004410744,-14.0500002086162,-6.8512260599561));
#1898=CARTESIAN_POINT('Ctrl Pts',(319.005529391066,-14.0500002086162,-5.53651856541804));
#1899=CARTESIAN_POINT('Ctrl Pts',(302.578129460546,-14.0500002086162,-5.71820617935176));
#1900=CARTESIAN_POINT('Ctrl Pts',(284.81581850152,-14.0500002086163,-5.89262154094562));
#1901=CARTESIAN_POINT('Ctrl Pts',(252.92699839432,-14.0500002086163,-6.18460941556842));
#1902=CARTESIAN_POINT('Ctrl Pts',(235.085508331853,-14.0500002086163,-6.33512605548783));
#1903=CARTESIAN_POINT('Ctrl Pts',(184.463307931516,-14.0500002086163,-6.66950252106879));
#1904=CARTESIAN_POINT('Ctrl Pts',(149.882106847243,-14.0500002086163,-6.77985984256638));
#1905=CARTESIAN_POINT('Ctrl Pts',(120.500004410744,-14.0500002086163,-6.8512260599561));
#1906=CARTESIAN_POINT('',(120.500004410744,-14.0500002086163,-3.1746062738613));
#1907=CARTESIAN_POINT('',(120.500004410744,-14.0500002086163,0.));
#1908=CARTESIAN_POINT('',(302.,-14.0500002086163,-3.1746062738613));
#1909=CARTESIAN_POINT('',(110.,-14.0500002086163,-3.1746062738613));
#1910=CARTESIAN_POINT('',(302.,-14.0500002086163,0.));
#1911=CARTESIAN_POINT('Origin',(120.500004410744,-13.9500002086163,0.));
#1912=CARTESIAN_POINT('',(120.500004410744,-13.9500002086163,-3.17460627573884));
#1913=CARTESIAN_POINT('Origin',(120.500004410744,-14.0000001490116,0.));
#1914=CARTESIAN_POINT('',(120.500004410744,-13.9500002086162,-6.85516424801427));
#1915=CARTESIAN_POINT('Ctrl Pts',(120.500004410744,-14.0500002086162,-6.8512260599561));
#1916=CARTESIAN_POINT('Ctrl Pts',(120.500004410744,-14.0167221430766,-6.85253806997535));
#1917=CARTESIAN_POINT('Ctrl Pts',(120.500004410744,-13.9833887386404,-6.85385080895195));
#1918=CARTESIAN_POINT('Ctrl Pts',(120.500004410744,-13.9500002086162,-6.85516424801427));
#1919=CARTESIAN_POINT('',(120.500004410744,-13.9500002086163,0.));
#1920=CARTESIAN_POINT('Origin',(120.500004410744,-13.9500002086163,0.));
#1921=CARTESIAN_POINT('',(120.500004410744,-13.9500002086163,3.17460627573884));
#1922=CARTESIAN_POINT('Origin',(120.500004410744,-14.0000001490116,0.));
#1923=CARTESIAN_POINT('',(120.500004410744,-13.9500002086146,7.10696998296843));
#1924=CARTESIAN_POINT('',(120.500004410744,-13.9500002086163,0.));
#1925=CARTESIAN_POINT('Ctrl Pts',(120.500004410744,-13.9500002086145,7.10696998296807));
#1926=CARTESIAN_POINT('Ctrl Pts',(120.500004410744,-13.9832880257148,7.10356801936153));
#1927=CARTESIAN_POINT('Ctrl Pts',(120.500004410744,-14.0166213107213,7.10015559276304));
#1928=CARTESIAN_POINT('Ctrl Pts',(120.500004410744,-14.0500002086143,7.09673266800765));
#1929=CARTESIAN_POINT('Ctrl Pts',(319.005529391066,-14.0500002086163,-5.53651856541804));
#1930=CARTESIAN_POINT('Ctrl Pts',(319.005533465965,-14.0149470758617,-5.53616066080807));
#1931=CARTESIAN_POINT('Ctrl Pts',(319.005537549438,-13.9798939345508,-5.53580081439462));
#1932=CARTESIAN_POINT('Ctrl Pts',(319.005541641572,-13.9448407851062,-5.53543901946827));
#1933=CARTESIAN_POINT('Ctrl Pts',(319.135499552815,-14.0500148823506,-5.53508124071885));
#1934=CARTESIAN_POINT('Ctrl Pts',(319.135502938453,-14.0149617760082,-5.53472226095448));
#1935=CARTESIAN_POINT('Ctrl Pts',(319.135506326381,-13.9799087736471,-5.53436140919957));
#1936=CARTESIAN_POINT('Ctrl Pts',(319.135509726311,-13.9448556509537,-5.53399853461004));
#1937=CARTESIAN_POINT('Ctrl Pts',(319.393074284401,-14.0511355836771,-5.42530606966138));
#1938=CARTESIAN_POINT('Ctrl Pts',(319.393075466204,-14.0160865895405,-5.42494625518711));
#1939=CARTESIAN_POINT('Ctrl Pts',(319.393076634121,-13.9810375570305,-5.42458447033666));
#1940=CARTESIAN_POINT('Ctrl Pts',(319.393077820901,-13.9459885609424,-5.42422075799569));
#1941=CARTESIAN_POINT('Ctrl Pts',(319.5,-14.0537772753861,-5.16654653010385));
#1942=CARTESIAN_POINT('Ctrl Pts',(319.49999997833,-14.0187378009229,-5.16618812430843));
#1943=CARTESIAN_POINT('Ctrl Pts',(319.500000021761,-13.9836983669194,-5.16582779610648));
#1944=CARTESIAN_POINT('Ctrl Pts',(319.5,-13.9486589230699,-5.16546549938878));
#1945=CARTESIAN_POINT('Ctrl Pts',(319.5,-14.0551041605858,-5.036575193116));
#1946=CARTESIAN_POINT('Ctrl Pts',(319.5,-14.0200694865869,-5.03621752202111));
#1947=CARTESIAN_POINT('Ctrl Pts',(319.5,-13.9850348355854,-5.03585791061194));
#1948=CARTESIAN_POINT('Ctrl Pts',(319.5,-13.9500002086163,-5.03549635219758));
#1949=CARTESIAN_POINT('',(319.5,-13.9500002086163,-5.03549635219758));
#1950=CARTESIAN_POINT('',(319.005541039319,-13.9500002086163,-5.53549225748215));
#1951=CARTESIAN_POINT('Ctrl Pts',(319.005541039319,-13.9500002086162,-5.53549225748222));
#1952=CARTESIAN_POINT('Ctrl Pts',(319.031517032407,-13.950000209563,-5.53520435709884));
#1953=CARTESIAN_POINT('Ctrl Pts',(319.057347696386,-13.9500013071072,-5.53278678297269));
#1954=CARTESIAN_POINT('Ctrl Pts',(319.08282411368,-13.9500024563366,-5.52838877412651));
#1955=CARTESIAN_POINT('Ctrl Pts',(319.108944808633,-13.9500036346291,-5.52387954325062));
#1956=CARTESIAN_POINT('Ctrl Pts',(319.134694398509,-13.9500048709087,-5.5172880904032));
#1957=CARTESIAN_POINT('Ctrl Pts',(319.15984163982,-13.9500055930254,-5.50872170467788));
#1958=CARTESIAN_POINT('Ctrl Pts',(319.171630198706,-13.9500059315403,-5.50470594241919));
#1959=CARTESIAN_POINT('Ctrl Pts',(319.183286180766,-13.9500061645173,-5.5002554564024));
#1960=CARTESIAN_POINT('Ctrl Pts',(319.194784056871,-13.9500062698378,-5.49537774005011));
#1961=CARTESIAN_POINT('Ctrl Pts',(319.219294212141,-13.9500064943507,-5.48497985577485));
#1962=CARTESIAN_POINT('Ctrl Pts',(319.242897791307,-13.9500061137148,-5.47272404886472));
#1963=CARTESIAN_POINT('Ctrl Pts',(319.265371507018,-13.950005305169,-5.45873481243698));
#1964=CARTESIAN_POINT('Ctrl Pts',(319.287458995167,-13.9500045105187,-5.44498599146795));
#1965=CARTESIAN_POINT('Ctrl Pts',(319.308456273953,-13.9500033095764,-5.42956212880408));
#1966=CARTESIAN_POINT('Ctrl Pts',(319.328127357562,-13.9500023127074,-5.4125386181848));
#1967=CARTESIAN_POINT('Ctrl Pts',(319.337382173309,-13.9500018437022,-5.4045294277764));
#1968=CARTESIAN_POINT('Ctrl Pts',(319.346342982274,-13.9500014256361,-5.39616559749636));
#1969=CARTESIAN_POINT('Ctrl Pts',(319.35498221659,-13.9500011503451,-5.38745224231118));
#1970=CARTESIAN_POINT('Ctrl Pts',(319.35512697445,-13.9500011457323,-5.38730624249215));
#1971=CARTESIAN_POINT('Ctrl Pts',(319.355271633339,-13.9500011411617,-5.38716015320891));
#1972=CARTESIAN_POINT('Ctrl Pts',(319.355416193157,-13.9500011366335,-5.38701397451532));
#1973=CARTESIAN_POINT('Ctrl Pts',(319.373675152076,-13.9500005647007,-5.36855053976339));
#1974=CARTESIAN_POINT('Ctrl Pts',(319.390356389595,-13.9500006352574,-5.34866421096427));
#1975=CARTESIAN_POINT('Ctrl Pts',(319.405405233023,-13.9500007962923,-5.32760584003563));
#1976=CARTESIAN_POINT('Ctrl Pts',(319.420794160844,-13.9500009609664,-5.30607157716517));
#1977=CARTESIAN_POINT('Ctrl Pts',(319.434476772483,-13.9500012322,-5.28331054419283));
#1978=CARTESIAN_POINT('Ctrl Pts',(319.44635314891,-13.9500013685667,-5.25955710614658));
#1979=CARTESIAN_POINT('Ctrl Pts',(319.451790320628,-13.9500014309972,-5.24868244901913));
#1980=CARTESIAN_POINT('Ctrl Pts',(319.456848287737,-13.9500014687919,-5.23759943701071));
#1981=CARTESIAN_POINT('Ctrl Pts',(319.46151402938,-13.9500014716343,-5.22632930706305));
#1982=CARTESIAN_POINT('Ctrl Pts',(319.47170226417,-13.9500014778412,-5.20171955821518));
#1983=CARTESIAN_POINT('Ctrl Pts',(319.479944459385,-13.9500013258569,-5.17640968624744));
#1984=CARTESIAN_POINT('Ctrl Pts',(319.486159049245,-13.950001082984,-5.15064145778618));
#1985=CARTESIAN_POINT('Ctrl Pts',(319.492250484551,-13.9500008449242,-5.12538387841881));
#1986=CARTESIAN_POINT('Ctrl Pts',(319.496394239149,-13.9500005327039,-5.0996846535856));
#1987=CARTESIAN_POINT('Ctrl Pts',(319.498466751714,-13.9500003525282,-5.07375748248609));
#1988=CARTESIAN_POINT('Ctrl Pts',(319.499482520285,-13.9500002642215,-5.06105019859417));
#1989=CARTESIAN_POINT('Ctrl Pts',(319.5,-13.9500002086163,-5.04828806189235));
#1990=CARTESIAN_POINT('Ctrl Pts',(319.5,-13.9500002086163,-5.03549635219758));
#1991=CARTESIAN_POINT('Ctrl Pts',(319.005529391066,-14.0500002086163,-5.53651856541804));
#1992=CARTESIAN_POINT('Ctrl Pts',(319.005533266039,-14.0166668828991,-5.53617822063278));
#1993=CARTESIAN_POINT('Ctrl Pts',(319.005537148765,-13.9833335494446,-5.53583611991069));
#1994=CARTESIAN_POINT('Ctrl Pts',(319.005541039319,-13.9500002086162,-5.53549225748221));
#1995=CARTESIAN_POINT('Ctrl Pts',(319.5,-14.0500002086163,-5.03652307283406));
#1996=CARTESIAN_POINT('Ctrl Pts',(319.5,-14.0166668541223,-5.03618259127975));
#1997=CARTESIAN_POINT('Ctrl Pts',(319.5,-13.9833335204918,-5.0358403529885));
#1998=CARTESIAN_POINT('Ctrl Pts',(319.5,-13.9500002086163,-5.03549635219758));
#1999=CARTESIAN_POINT('Ctrl Pts',(120.500004410743,-14.0500002086161,-6.8512260599561));
#2000=CARTESIAN_POINT('Ctrl Pts',(186.669967300783,-23.572394545271,-6.31507899868194));
#2001=CARTESIAN_POINT('Ctrl Pts',(252.839922450446,-33.0948425505369,-5.77892981382454));
#2002=CARTESIAN_POINT('Ctrl Pts',(319.009842711946,-42.6175325229455,-5.24277224438664));
#2003=CARTESIAN_POINT('Ctrl Pts',(120.499857327305,-11.8279364496637,-6.93883276895528));
#2004=CARTESIAN_POINT('Ctrl Pts',(186.669796803548,-21.6095858830052,-6.3915451617115));
#2005=CARTESIAN_POINT('Ctrl Pts',(252.839725245463,-31.3924842738299,-5.84407980017714));
#2006=CARTESIAN_POINT('Ctrl Pts',(319.009588210546,-41.1746575388646,-5.29677502175985));
#2007=CARTESIAN_POINT('Ctrl Pts',(120.499473132242,-7.1473782549812,-7.11065370176271));
#2008=CARTESIAN_POINT('Ctrl Pts',(186.669392739203,-17.487594958453,-6.53864194711414));
#2009=CARTESIAN_POINT('Ctrl Pts',(252.839293269226,-27.8286924928803,-5.96655622274335));
#2010=CARTESIAN_POINT('Ctrl Pts',(319.009109003977,-38.1695653446904,-5.39452934803311));
#2011=CARTESIAN_POINT('Ctrl Pts',(120.498493517618,-0.548517832048761,-7.28790508724832));
#2012=CARTESIAN_POINT('Ctrl Pts',(186.668463978346,-11.641035505036,-6.69155173395192));
#2013=CARTESIAN_POINT('Ctrl Pts',(252.838431351673,-22.7326605403042,-6.0952688751876));
#2014=CARTESIAN_POINT('Ctrl Pts',(319.008378689873,-33.8253021579387,-5.49891444882098));
#2015=CARTESIAN_POINT('Ctrl Pts',(120.497348140865,5.33441314738643,-7.36943274711117));
#2016=CARTESIAN_POINT('Ctrl Pts',(186.667410910815,-6.37838174733143,-6.76645060915105));
#2017=CARTESIAN_POINT('Ctrl Pts',(252.837491959174,-18.0912779693828,-6.16344209831397));
#2018=CARTESIAN_POINT('Ctrl Pts',(319.007630208041,-29.8036410960987,-5.56046630425101));
#2019=CARTESIAN_POINT('Ctrl Pts',(120.496609329197,10.8592190805433,-7.38411729992063));
#2020=CARTESIAN_POINT('Ctrl Pts',(186.666694307349,-1.41430308862384,-6.78509234064775));
#2021=CARTESIAN_POINT('Ctrl Pts',(252.836800708919,-13.6879722701924,-6.18603684064575));
#2022=CARTESIAN_POINT('Ctrl Pts',(319.006983624782,-25.9609692441072,-5.58701444230582));
#2023=CARTESIAN_POINT('Ctrl Pts',(120.496396238355,16.5209944607411,-7.370152254026));
#2024=CARTESIAN_POINT('Ctrl Pts',(186.666420249363,3.65592946850326,-6.77631109157277));
#2025=CARTESIAN_POINT('Ctrl Pts',(252.836452476787,-9.20874265841981,-6.18250123842995));
#2026=CARTESIAN_POINT('Ctrl Pts',(319.006514064376,-22.0736208910832,-5.58865841199503));
#2027=CARTESIAN_POINT('Ctrl Pts',(120.496206858536,22.4943039291938,-7.34441885509029));
#2028=CARTESIAN_POINT('Ctrl Pts',(186.666183708597,8.9798638076804,-6.75357681315983));
#2029=CARTESIAN_POINT('Ctrl Pts',(252.836154370764,-4.53458177619506,-6.16273783911163));
#2030=CARTESIAN_POINT('Ctrl Pts',(319.006109705957,-18.049130160306,-5.5718966369417));
#2031=CARTESIAN_POINT('Ctrl Pts',(120.495946809529,26.5861255401033,-7.31565314779152));
#2032=CARTESIAN_POINT('Ctrl Pts',(186.665915627536,12.6191315507141,-6.72695421965609));
#2033=CARTESIAN_POINT('Ctrl Pts',(252.835880307388,-1.34775081688599,-6.13826468701013));
#2034=CARTESIAN_POINT('Ctrl Pts',(319.005818290769,-15.3148906955061,-5.54956745360779));
#2035=CARTESIAN_POINT('Ctrl Pts',(120.495775526419,28.625462912175,-7.29649755089125));
#2036=CARTESIAN_POINT('Ctrl Pts',(186.665747554814,14.433684156821,-6.70949476896977));
#2037=CARTESIAN_POINT('Ctrl Pts',(252.83571408102,0.241879734513426,-6.12249228895479));
#2038=CARTESIAN_POINT('Ctrl Pts',(319.005658996522,-13.9500255076767,-5.53549121107043));
#2039=CARTESIAN_POINT('Ctrl Pts',(120.500004410744,-13.9500002086163,-6.8551642480139));
#2040=CARTESIAN_POINT('Ctrl Pts',(142.480533789322,-13.9500002086163,-6.80148372341261));
#2041=CARTESIAN_POINT('Ctrl Pts',(166.437824222903,-13.9500002086163,-6.72824681186641));
#2042=CARTESIAN_POINT('Ctrl Pts',(208.353808012056,-13.9500002086163,-6.52146152396908));
#2043=CARTESIAN_POINT('Ctrl Pts',(225.525357472375,-13.9500002086162,-6.40753459693358));
#2044=CARTESIAN_POINT('Ctrl Pts',(266.952521640132,-13.9500002086162,-6.06609864534891));
#2045=CARTESIAN_POINT('Ctrl Pts',(295.4198930073,-13.9500002086163,-5.79690021996294));
#2046=CARTESIAN_POINT('Ctrl Pts',(319.005541039319,-13.9500002086163,-5.53549225748215));
#2047=CARTESIAN_POINT('Origin',(319.500004410744,-13.9500002086163,0.));
#2048=CARTESIAN_POINT('',(302.,-13.9500002086163,3.17460627573884));
#2049=CARTESIAN_POINT('',(110.,-13.9500002086163,3.17460627573884));
#2050=CARTESIAN_POINT('',(302.,-13.9500002086163,-3.17460627573884));
#2051=CARTESIAN_POINT('',(302.,-13.9500002086163,0.));
#2052=CARTESIAN_POINT('',(110.,-13.9500002086163,-3.17460627573884));
#2053=CARTESIAN_POINT('',(319.5,-13.9500002086163,3.3788710544713));
#2054=CARTESIAN_POINT('',(319.500004410744,-13.9500002086163,0.));
#2055=CARTESIAN_POINT('',(319.014186295861,-13.9500002086163,3.87945362741358));
#2056=CARTESIAN_POINT('Ctrl Pts',(319.5,-13.9500002086163,3.3788710544713));
#2057=CARTESIAN_POINT('Ctrl Pts',(319.5,-13.9500002086163,3.40490228525882));
#2058=CARTESIAN_POINT('Ctrl Pts',(319.497869329587,-13.9500014230812,3.4308132172752));
#2059=CARTESIAN_POINT('Ctrl Pts',(319.493753298418,-13.9500027703389,3.45639203827778));
#2060=CARTESIAN_POINT('Ctrl Pts',(319.489536787364,-13.9500041504856,3.48259528530228));
#2061=CARTESIAN_POINT('Ctrl Pts',(319.483236459084,-13.9500055977142,3.50845129825045));
#2062=CARTESIAN_POINT('Ctrl Pts',(319.474955013424,-13.9500062419163,3.53372677938443));
#2063=CARTESIAN_POINT('Ctrl Pts',(319.471015035241,-13.9500065484017,3.54575183495172));
#2064=CARTESIAN_POINT('Ctrl Pts',(319.466625898914,-13.9500066841971,3.55764528581809));
#2065=CARTESIAN_POINT('Ctrl Pts',(319.461794910969,-13.9500066528415,3.56938024546212));
#2066=CARTESIAN_POINT('Ctrl Pts',(319.451651463506,-13.9500065870051,3.59401970802524));
#2067=CARTESIAN_POINT('Ctrl Pts',(319.439641287976,-13.9500056015603,3.61777201229802));
#2068=CARTESIAN_POINT('Ctrl Pts',(319.42588367694,-13.9500045030885,3.64041153486718));
#2069=CARTESIAN_POINT('Ctrl Pts',(319.412366143036,-13.9500034237857,3.66265598654433));
#2070=CARTESIAN_POINT('Ctrl Pts',(319.3971609671,-13.9500021702928,3.68382731233412));
#2071=CARTESIAN_POINT('Ctrl Pts',(319.380338399318,-13.950002834007,3.70368763611069));
#2072=CARTESIAN_POINT('Ctrl Pts',(319.373321969383,-13.9500031108318,3.71197106656304));
#2073=CARTESIAN_POINT('Ctrl Pts',(319.366023714815,-13.9500037427747,3.72002604844563));
#2074=CARTESIAN_POINT('Ctrl Pts',(319.358446870052,-13.9500049926147,3.72783333333702));
#2075=CARTESIAN_POINT('Ctrl Pts',(319.357198687838,-13.9500051985088,3.7291194774304));
#2076=CARTESIAN_POINT('Ctrl Pts',(319.355942942997,-13.9500054213452,3.73039889639382));
#2077=CARTESIAN_POINT('Ctrl Pts',(319.354679701949,-13.9500056595441,3.73167155333853));
#2078=CARTESIAN_POINT('Ctrl Pts',(319.336341603046,-13.9500091174072,3.75014634003645));
#2079=CARTESIAN_POINT('Ctrl Pts',(319.316566526639,-13.9500155143111,3.76705865774819));
#2080=CARTESIAN_POINT('Ctrl Pts',(319.295603336337,-13.9500208171531,3.78234609835226));
#2081=CARTESIAN_POINT('Ctrl Pts',(319.274217462309,-13.9500262269171,3.79794178175113));
#2082=CARTESIAN_POINT('Ctrl Pts',(319.251593922397,-13.9500304584186,3.81184710699957));
#2083=CARTESIAN_POINT('Ctrl Pts',(319.2279630741,-13.9500315373007,3.82395477306568));
#2084=CARTESIAN_POINT('Ctrl Pts',(319.216671052063,-13.9500320528455,3.82974043214649));
#2085=CARTESIAN_POINT('Ctrl Pts',(319.205148637792,-13.9500318857613,3.83511494868256));
#2086=CARTESIAN_POINT('Ctrl Pts',(319.193419521132,-13.9500310430172,3.84006265984068));
#2087=CARTESIAN_POINT('Ctrl Pts',(319.168887411759,-13.9500292803703,3.85041107692917));
#2088=CARTESIAN_POINT('Ctrl Pts',(319.14363907127,-13.9500243535803,3.85881668774196));
#2089=CARTESIAN_POINT('Ctrl Pts',(319.117911843967,-13.9500183435404,3.8651879678639));
#2090=CARTESIAN_POINT('Ctrl Pts',(319.092726141376,-13.950012460004,3.87142514081631));
#2091=CARTESIAN_POINT('Ctrl Pts',(319.067080242922,-13.9500055171062,3.87571309971413));
#2092=CARTESIAN_POINT('Ctrl Pts',(319.041183551611,-13.9500021165902,3.87791899767762));
#2093=CARTESIAN_POINT('Ctrl Pts',(319.032211688804,-13.9500009384874,3.87868322711745));
#2094=CARTESIAN_POINT('Ctrl Pts',(319.023209690904,-13.9500002107545,3.87919710756859));
#2095=CARTESIAN_POINT('Ctrl Pts',(319.014186295862,-13.9500002086134,3.87945362740384));
#2096=CARTESIAN_POINT('Ctrl Pts',(319.014186295861,-13.9500002086163,3.87945362741358));
#2097=CARTESIAN_POINT('Ctrl Pts',(302.879613650434,-13.9500002086163,4.33813494242082));
#2098=CARTESIAN_POINT('Ctrl Pts',(282.216898017667,-13.9500002086163,4.86400648526993));
#2099=CARTESIAN_POINT('Ctrl Pts',(256.780669408889,-13.9500002086163,5.50013146678223));
#2100=CARTESIAN_POINT('Ctrl Pts',(235.950174813263,-13.9500002086163,6.00913485726565));
#2101=CARTESIAN_POINT('Ctrl Pts',(184.729005682267,-13.9500002086163,6.90470013737138));
#2102=CARTESIAN_POINT('Ctrl Pts',(149.365070853029,-13.9500002086163,7.06010185220591));
#2103=CARTESIAN_POINT('Ctrl Pts',(120.500004410744,-13.9500002086163,7.10696998296789));
#2104=CARTESIAN_POINT('Origin',(319.500004410744,-14.0500002086163,0.));
#2105=CARTESIAN_POINT('Ctrl Pts',(319.5,-13.9500002086162,3.3788710544713));
#2106=CARTESIAN_POINT('Ctrl Pts',(319.5,-13.9833333154265,3.38073989080032));
#2107=CARTESIAN_POINT('Ctrl Pts',(319.5,-14.0166666504646,3.3826043143188));
#2108=CARTESIAN_POINT('Ctrl Pts',(319.5,-14.0500002086177,3.38446435856777));
#2109=CARTESIAN_POINT('Ctrl Pts',(319.01419445547,-13.9220227085268,3.87788586078735));
#2110=CARTESIAN_POINT('Ctrl Pts',(319.014181999842,-13.9646817791362,3.88027791596797));
#2111=CARTESIAN_POINT('Ctrl Pts',(319.014169608852,-14.0073409510749,3.88266273564906));
#2112=CARTESIAN_POINT('Ctrl Pts',(319.014157283687,-14.0500002086163,3.88504038983418));
#2113=CARTESIAN_POINT('Ctrl Pts',(319.142676283893,-13.922226966724,3.87424265233833));
#2114=CARTESIAN_POINT('Ctrl Pts',(319.142665991594,-13.9648855558756,3.87663789816791));
#2115=CARTESIAN_POINT('Ctrl Pts',(319.142655763174,-14.007543935301,3.87902566651635));
#2116=CARTESIAN_POINT('Ctrl Pts',(319.142645578441,-14.0502027183282,3.88140647845416));
#2117=CARTESIAN_POINT('Ctrl Pts',(319.395559568433,-13.9284776742064,3.76275322069913));
#2118=CARTESIAN_POINT('Ctrl Pts',(319.395556002941,-13.9711234027929,3.76515029523702));
#2119=CARTESIAN_POINT('Ctrl Pts',(319.395552504804,-14.0137694027479,3.76754018802216));
#2120=CARTESIAN_POINT('Ctrl Pts',(319.395548976461,-14.0564154523302,3.76992281390773));
#2121=CARTESIAN_POINT('Ctrl Pts',(319.5,-13.9428052092161,3.50720315064257));
#2122=CARTESIAN_POINT('Ctrl Pts',(319.500000064033,-13.9854224046047,3.5095946026557));
#2123=CARTESIAN_POINT('Ctrl Pts',(319.499999936629,-14.0280398336211,3.51197876884166));
#2124=CARTESIAN_POINT('Ctrl Pts',(319.5,-14.0706576252854,3.51435583942581));
#2125=CARTESIAN_POINT('Ctrl Pts',(319.5,-13.9500002086162,3.3788710544713));
#2126=CARTESIAN_POINT('Ctrl Pts',(319.5,-13.9926030244686,3.38125960140264));
#2127=CARTESIAN_POINT('Ctrl Pts',(319.5,-14.0352062131361,3.3836409399103));
#2128=CARTESIAN_POINT('Ctrl Pts',(319.5,-14.0778097639442,3.38601514002103));
#2129=CARTESIAN_POINT('Ctrl Pts',(319.014186295862,-13.9500002086134,3.87945362740384));
#2130=CARTESIAN_POINT('Ctrl Pts',(319.014176585324,-13.9833334846797,3.88132027881788));
#2131=CARTESIAN_POINT('Ctrl Pts',(319.01416691441,-14.016666820515,3.88318252182871));
#2132=CARTESIAN_POINT('Ctrl Pts',(319.014157283687,-14.0500002086163,3.88504038983418));
#2133=CARTESIAN_POINT('Ctrl Pts',(120.486916826254,28.5061443949155,7.14610655040232));
#2134=CARTESIAN_POINT('Ctrl Pts',(186.662708248951,14.3542603514078,6.0572117957603));
#2135=CARTESIAN_POINT('Ctrl Pts',(252.838482004535,0.202293315606161,4.96832193898938));
#2136=CARTESIAN_POINT('Ctrl Pts',(319.014186295863,-13.9500002086166,3.87945362741356));
#2137=CARTESIAN_POINT('Ctrl Pts',(120.48775286694,24.441843590219,7.36148723763017));
#2138=CARTESIAN_POINT('Ctrl Pts',(186.663541424286,10.738968969543,6.25158732805259));
#2139=CARTESIAN_POINT('Ctrl Pts',(252.83928765452,-2.9645167596191,5.14147371389069));
#2140=CARTESIAN_POINT('Ctrl Pts',(319.014977950382,-16.6678565788569,4.03160758935416));
#2141=CARTESIAN_POINT('Ctrl Pts',(120.487963856077,18.3096175310727,7.62065199624338));
#2142=CARTESIAN_POINT('Ctrl Pts',(186.663821562563,5.28691736003302,6.48715717353215));
#2143=CARTESIAN_POINT('Ctrl Pts',(252.839731187566,-7.73831650378741,5.35287214221567));
#2144=CARTESIAN_POINT('Ctrl Pts',(319.01560100154,-20.761009963152,4.21935695751359));
#2145=CARTESIAN_POINT('Ctrl Pts',(120.487788364399,8.93980185509493,8.03792901955092));
#2146=CARTESIAN_POINT('Ctrl Pts',(186.663965164647,-3.10099923239401,6.84421707217163));
#2147=CARTESIAN_POINT('Ctrl Pts',(252.840189216553,-15.1403117663531,5.65080298310308));
#2148=CARTESIAN_POINT('Ctrl Pts',(319.016703705304,-27.1792664214292,4.45704891962136));
#2149=CARTESIAN_POINT('Ctrl Pts',(120.492891328013,1.70148714544374,8.2247825882385));
#2150=CARTESIAN_POINT('Ctrl Pts',(186.668766430979,-9.6056875790397,6.99100749326514));
#2151=CARTESIAN_POINT('Ctrl Pts',(252.844599530823,-20.9123519954424,5.75738909182043));
#2152=CARTESIAN_POINT('Ctrl Pts',(319.020509043879,-32.2192455409157,4.52365840466957));
#2153=CARTESIAN_POINT('Ctrl Pts',(120.498053012277,-7.12329945975186,7.75454785085462));
#2154=CARTESIAN_POINT('Ctrl Pts',(186.673717090712,-17.4223172960081,6.58822778783325));
#2155=CARTESIAN_POINT('Ctrl Pts',(252.849343562362,-27.7227140668597,5.42158334892084));
#2156=CARTESIAN_POINT('Ctrl Pts',(319.024740831052,-38.0234133748951,4.25517982739378));
#2157=CARTESIAN_POINT('Ctrl Pts',(120.49943243885,-11.8213781083072,7.3252733404383));
#2158=CARTESIAN_POINT('Ctrl Pts',(186.67517450224,-21.5630420487842,6.21980037386117));
#2159=CARTESIAN_POINT('Ctrl Pts',(252.850844856856,-31.3040039116223,5.1145255249616));
#2160=CARTESIAN_POINT('Ctrl Pts',(319.026415011454,-41.0468485531267,4.00894768574122));
#2161=CARTESIAN_POINT('Ctrl Pts',(120.500004410743,-14.0500002086161,7.09673266800746));
#2162=CARTESIAN_POINT('Ctrl Pts',(186.675788975738,-23.5316994131829,6.02038047529184));
#2163=CARTESIAN_POINT('Ctrl Pts',(252.851554253031,-33.0135316780256,4.94401451873753));
#2164=CARTESIAN_POINT('Ctrl Pts',(319.027233550208,-42.4959579094586,3.86759438248931));
#2165=CARTESIAN_POINT('Origin',(110.,-14.0000001490116,0.));
#2166=CARTESIAN_POINT('',(120.000002086162,-17.1750001490116,-3.88825358729285E-16));
#2167=CARTESIAN_POINT('Origin',(120.000002086162,-14.0000001490116,0.));
#2168=CARTESIAN_POINT('',(302.,-17.1750001490116,-3.88825358729285E-16));
#2169=CARTESIAN_POINT('',(110.,-17.1750001490116,-3.88825358729285E-16));
#2170=CARTESIAN_POINT('Origin',(302.,-14.0000001490116,0.));
#2171=CARTESIAN_POINT('Origin',(302.,-14.0000001490116,0.));
#2172=CARTESIAN_POINT('Origin',(302.,-14.0000001490116,0.));
#2173=CARTESIAN_POINT('Origin',(302.,-14.0000001490116,0.));
#2174=CARTESIAN_POINT('Origin',(110.,-39.8199444992425,-2.49606438690133));
#2175=CARTESIAN_POINT('',(320.,-60.4850409947839,-2.49606438690133));
#2176=CARTESIAN_POINT('',(319.097713964684,-61.7340124958791,-2.49606438690133));
#2177=CARTESIAN_POINT('Ctrl Pts',(320.,-60.4850409948058,-2.49606438690133));
#2178=CARTESIAN_POINT('Ctrl Pts',(320.,-60.6353963456569,-2.49606438690133));
#2179=CARTESIAN_POINT('Ctrl Pts',(319.987501831199,-60.7869937135815,-2.49606438690126));
#2180=CARTESIAN_POINT('Ctrl Pts',(319.919399607565,-61.0565459750035,-2.49606438690126));
#2181=CARTESIAN_POINT('Ctrl Pts',(319.87199238235,-61.1729688859781,-2.49606438690001));
#2182=CARTESIAN_POINT('Ctrl Pts',(319.73674165855,-61.3883307063256,-2.49606438690001));
#2183=CARTESIAN_POINT('Ctrl Pts',(319.650130573036,-61.4835173273066,-2.49606438690248));
#2184=CARTESIAN_POINT('Ctrl Pts',(319.510509629578,-61.5855627875857,-2.49606438690248));
#2185=CARTESIAN_POINT('Ctrl Pts',(319.472424198413,-61.609455493552,-2.49606438717649));
#2186=CARTESIAN_POINT('Ctrl Pts',(319.419184277858,-61.6376929174976,-2.49606438717649));
#2187=CARTESIAN_POINT('Ctrl Pts',(319.405320214932,-61.644626991733,-2.49606438690133));
#2188=CARTESIAN_POINT('Ctrl Pts',(319.377350419865,-61.657761846869,-2.49606438690133));
#2189=CARTESIAN_POINT('Ctrl Pts',(319.36333832924,-61.6639337816396,-2.49606438690133));
#2190=CARTESIAN_POINT('Ctrl Pts',(319.32130633592,-61.6812369056455,-2.49606438690133));
#2191=CARTESIAN_POINT('Ctrl Pts',(319.292902924663,-61.6913647176746,-2.49606438690133));
#2192=CARTESIAN_POINT('Ctrl Pts',(319.209551094543,-61.7165735467748,-2.49606438690133));
#2193=CARTESIAN_POINT('Ctrl Pts',(319.153905309885,-61.727917576164,-2.49606438690133));
#2194=CARTESIAN_POINT('Ctrl Pts',(319.097713964684,-61.7340124958791,-2.49606438690133));
#2195=CARTESIAN_POINT('',(320.,-59.8199444992425,-2.49606438690133));
#2196=CARTESIAN_POINT('',(320.,-23.1184184194109,-2.49606438690133));
#2197=CARTESIAN_POINT('',(110.,-39.8199444992425,-2.49606438690133));
#2198=CARTESIAN_POINT('',(110.,-39.8199444992425,-2.49606438690133));
#2199=CARTESIAN_POINT('',(110.,-41.8199444992425,-2.49606438690133));
#2200=CARTESIAN_POINT('',(110.,1.23595709847737,-2.49606438690133));
#2201=CARTESIAN_POINT('',(109.905617977528,-41.8109557351976,-2.49606438690133));
#2202=CARTESIAN_POINT('Origin',(110.,-41.8199444992425,-2.39606438690133));
#2203=CARTESIAN_POINT('',(319.80956822324,-61.329141717907,-2.39606438689399));
#2204=CARTESIAN_POINT('',(320.,-60.6026846958198,-2.39606438690133));
#2205=CARTESIAN_POINT('Ctrl Pts',(319.809568223236,-61.3291417179048,-2.39606438690128));
#2206=CARTESIAN_POINT('Ctrl Pts',(319.815201649448,-61.3203945553566,-2.39606438690128));
#2207=CARTESIAN_POINT('Ctrl Pts',(319.820704637108,-61.3115631019604,-2.39606438690828));
#2208=CARTESIAN_POINT('Ctrl Pts',(319.856262229589,-61.2525871322789,-2.39606438690828));
#2209=CARTESIAN_POINT('Ctrl Pts',(319.882277715753,-61.2001062714088,-2.39606438690139));
#2210=CARTESIAN_POINT('Ctrl Pts',(319.981254963387,-60.9556715303032,-2.39606438690139));
#2211=CARTESIAN_POINT('Ctrl Pts',(320.,-60.7646272095159,-2.3960643869013));
#2212=CARTESIAN_POINT('Ctrl Pts',(320.,-60.602684695838,-2.3960643869013));
#2213=CARTESIAN_POINT('',(319.162331454569,-61.7401665425348,-2.39606438690133));
#2214=CARTESIAN_POINT('Ctrl Pts',(319.161867954832,-61.7387812899506,-2.39639631008337));
#2215=CARTESIAN_POINT('Ctrl Pts',(319.205737382508,-61.7310255642475,-2.39647170525458));
#2216=CARTESIAN_POINT('Ctrl Pts',(319.249022020887,-61.7203031288003,-2.39653756482637));
#2217=CARTESIAN_POINT('Ctrl Pts',(319.291464633465,-61.7067695833205,-2.39657869263596));
#2218=CARTESIAN_POINT('Ctrl Pts',(319.313897605363,-61.6996164504902,-2.39660043067094));
#2219=CARTESIAN_POINT('Ctrl Pts',(319.336095277404,-61.6916771172087,-2.3966154704167));
#2220=CARTESIAN_POINT('Ctrl Pts',(319.358018307592,-61.6829690318382,-2.39662289464282));
#2221=CARTESIAN_POINT('Ctrl Pts',(319.399410539683,-61.6665275505453,-2.39663691210703));
#2222=CARTESIAN_POINT('Ctrl Pts',(319.439582517067,-61.6474448243574,-2.3966238147626));
#2223=CARTESIAN_POINT('Ctrl Pts',(319.478297313743,-61.6258953702844,-2.39658521640538));
#2224=CARTESIAN_POINT('Ctrl Pts',(319.483819729111,-61.6228214800261,-2.39657971059934));
#2225=CARTESIAN_POINT('Ctrl Pts',(319.489312483468,-61.619697315563,-2.39657370593102));
#2226=CARTESIAN_POINT('Ctrl Pts',(319.494774873804,-61.6165233021628,-2.39656722661532));
#2227=CARTESIAN_POINT('Ctrl Pts',(319.533389230715,-61.5940857832849,-2.396521423479));
#2228=CARTESIAN_POINT('Ctrl Pts',(319.570488047426,-61.5691608353026,-2.3964510293763));
#2229=CARTESIAN_POINT('Ctrl Pts',(319.605811566832,-61.5418725209721,-2.39637077274538));
#2230=CARTESIAN_POINT('Ctrl Pts',(319.633566332469,-61.5204312608258,-2.39630771266475));
#2231=CARTESIAN_POINT('Ctrl Pts',(319.660224940739,-61.4975299144364,-2.39623880426375));
#2232=CARTESIAN_POINT('Ctrl Pts',(319.685648049517,-61.4732108707783,-2.39617543942297));
#2233=CARTESIAN_POINT('Ctrl Pts',(319.710545564314,-61.4493945958054,-2.39611338457852));
#2234=CARTESIAN_POINT('Ctrl Pts',(319.734131035863,-61.4243398584868,-2.39605716287637));
#2235=CARTESIAN_POINT('Ctrl Pts',(319.75629915179,-61.3981129828427,-2.3960191566508));
#2236=CARTESIAN_POINT('Ctrl Pts',(319.762498398844,-61.3907787158215,-2.39600852832395));
#2237=CARTESIAN_POINT('Ctrl Pts',(319.768586759481,-61.3833526943631,-2.39599934617492));
#2238=CARTESIAN_POINT('Ctrl Pts',(319.774563904365,-61.3758383712484,-2.39599140133486));
#2239=CARTESIAN_POINT('Ctrl Pts',(319.786551461124,-61.3607679025589,-2.39597546743616));
#2240=CARTESIAN_POINT('Ctrl Pts',(319.79809175858,-61.3453423492328,-2.39596448896678));
#2241=CARTESIAN_POINT('Ctrl Pts',(319.809181172353,-61.329588416768,-2.39595713978941));
#2242=CARTESIAN_POINT('',(110.,-41.8199444992425,-2.39606438690133));
#2243=CARTESIAN_POINT('',(110.,-41.8199444992425,-2.39606438690133));
#2244=CARTESIAN_POINT('',(110.,-39.8199444992425,-2.39606438690133));
#2245=CARTESIAN_POINT('',(110.,0.235957098477373,-2.39606438690133));
#2246=CARTESIAN_POINT('',(320.,-59.8199444992425,-2.39606438690133));
#2247=CARTESIAN_POINT('',(110.,-39.8199444992425,-2.39606438690133));
#2248=CARTESIAN_POINT('',(320.,-24.1184184194109,-2.39606438690133));
#2249=CARTESIAN_POINT('Origin',(110.,-39.8199444992425,-2.39606438690133));
#2250=CARTESIAN_POINT('',(110.,-39.8199444992425,-1.77948580526717));
#2251=CARTESIAN_POINT('',(320.,-59.8199444992425,-1.98428668522314));
#2252=CARTESIAN_POINT('Origin',(320.,-6.41689233957916,-1.57250898354495));
#2253=CARTESIAN_POINT('',(320.000000000001,32.3275682966875,-3.53917828810897));
#2254=CARTESIAN_POINT('Ctrl Pts',(320.,32.3275682966881,-3.53917828810894));
#2255=CARTESIAN_POINT('Ctrl Pts',(320.,31.5485549148699,-3.57894200350448));
#2256=CARTESIAN_POINT('Ctrl Pts',(320.,29.9903286058716,-3.65735668439752));
#2257=CARTESIAN_POINT('Ctrl Pts',(320.,27.652907993035,-3.77107079963102));
#2258=CARTESIAN_POINT('Ctrl Pts',(320.,25.3154445318983,-3.87986386544872));
#2259=CARTESIAN_POINT('Ctrl Pts',(320.,22.9777737186848,-3.98279140830185));
#2260=CARTESIAN_POINT('Ctrl Pts',(320.,20.6397346876098,-4.07955153971322));
#2261=CARTESIAN_POINT('Ctrl Pts',(320.,18.3013908031919,-4.17062823066934));
#2262=CARTESIAN_POINT('Ctrl Pts',(320.,15.9628945021256,-4.25704358505429));
#2263=CARTESIAN_POINT('Ctrl Pts',(320.,13.6243027568179,-4.34006432878809));
#2264=CARTESIAN_POINT('Ctrl Pts',(320.,11.2856433913456,-4.42080015053622));
#2265=CARTESIAN_POINT('Ctrl Pts',(320.,8.94691043517623,-4.49976485583323));
#2266=CARTESIAN_POINT('Ctrl Pts',(320.,6.60809405256594,-4.57674155394251));
#2267=CARTESIAN_POINT('Ctrl Pts',(320.,4.26921244315215,-4.65100209103854));
#2268=CARTESIAN_POINT('Ctrl Pts',(320.,1.93025540606434,-4.72150085589761));
#2269=CARTESIAN_POINT('Ctrl Pts',(320.,-0.408815950468137,-4.78706089851376));
#2270=CARTESIAN_POINT('Ctrl Pts',(320.,-2.74804253259232,-4.84660292461277));
#2271=CARTESIAN_POINT('Ctrl Pts',(320.,-5.08745415535591,-4.89938624001694));
#2272=CARTESIAN_POINT('Ctrl Pts',(320.,-7.4270626106225,-4.94507346085904));
#2273=CARTESIAN_POINT('Ctrl Pts',(320.,-9.76686116387815,-4.98371720090601));
#2274=CARTESIAN_POINT('Ctrl Pts',(320.,-12.1068240499132,-5.01566956183048));
#2275=CARTESIAN_POINT('Ctrl Pts',(320.,-14.4469082159287,-5.04144140819849));
#2276=CARTESIAN_POINT('Ctrl Pts',(320.,-16.7870495300173,-5.06153113797385));
#2277=CARTESIAN_POINT('Ctrl Pts',(320.,-19.1271694905416,-5.07621396322721));
#2278=CARTESIAN_POINT('Ctrl Pts',(320.,-21.4671595183681,-5.08536541858596));
#2279=CARTESIAN_POINT('Ctrl Pts',(320.,-23.5469789054086,-5.08799510167543));
#2280=CARTESIAN_POINT('Ctrl Pts',(320.,-25.3667183988873,-5.08540937168761));
#2281=CARTESIAN_POINT('Ctrl Pts',(320.,-26.9264422136085,-5.0792808974891));
#2282=CARTESIAN_POINT('Ctrl Pts',(320.,-28.4861317521323,-5.06866392512069));
#2283=CARTESIAN_POINT('Ctrl Pts',(320.,-30.0458036851133,-5.05308615636331));
#2284=CARTESIAN_POINT('Ctrl Pts',(320.,-31.6054722206533,-5.03228458628664));
#2285=CARTESIAN_POINT('Ctrl Pts',(320.,-33.1651490538276,-5.0062189799112));
#2286=CARTESIAN_POINT('Ctrl Pts',(320.,-34.7248408827297,-4.97501277250209));
#2287=CARTESIAN_POINT('Ctrl Pts',(320.,-36.2845488273525,-4.93887343604174));
#2288=CARTESIAN_POINT('Ctrl Pts',(320.,-37.8442585111706,-4.8979845934504));
#2289=CARTESIAN_POINT('Ctrl Pts',(320.,-39.4039491191089,-4.85245606808581));
#2290=CARTESIAN_POINT('Ctrl Pts',(320.,-40.9635580739142,-4.8021838401969));
#2291=CARTESIAN_POINT('Ctrl Pts',(320.,-42.7829573713284,-4.73773073178825));
#2292=CARTESIAN_POINT('Ctrl Pts',(320.,-44.8617845922613,-4.65456527937255));
#2293=CARTESIAN_POINT('Ctrl Pts',(320.,-47.1995423070705,-4.54498382575968));
#2294=CARTESIAN_POINT('Ctrl Pts',(320.,-49.534999832935,-4.40945891492286));
#2295=CARTESIAN_POINT('Ctrl Pts',(320.,-51.8697404083509,-4.23108833832683));
#2296=CARTESIAN_POINT('Ctrl Pts',(320.,-54.19232704335,-3.96694672807215));
#2297=CARTESIAN_POINT('Ctrl Pts',(319.999999999997,-55.9308038107004,-3.7308121811893));
#2298=CARTESIAN_POINT('Ctrl Pts',(319.999999999996,-57.086845834202,-3.54477311212493));
#2299=CARTESIAN_POINT('Ctrl Pts',(319.999999999995,-57.6630576614403,-3.44168001598563));
#2300=CARTESIAN_POINT('Ctrl Pts',(319.999999999992,-58.2367974440756,-3.32576342928485));
#2301=CARTESIAN_POINT('Ctrl Pts',(319.999999999991,-58.8058912140316,-3.19104319100327));
#2302=CARTESIAN_POINT('Ctrl Pts',(319.999999999988,-59.3682705713688,-3.0297822800577));
#2303=CARTESIAN_POINT('Ctrl Pts',(319.999999999985,-59.9162947412809,-2.82866217695813));
#2304=CARTESIAN_POINT('Ctrl Pts',(319.999999999979,-60.2702683509826,-2.64891989784971));
#2305=CARTESIAN_POINT('Ctrl Pts',(319.999999999978,-60.4398614350125,-2.52943455149524));
#2306=CARTESIAN_POINT('Ctrl Pts',(319.999999999978,-60.4596278817247,-2.51516234385515));
#2307=CARTESIAN_POINT('Ctrl Pts',(319.999999999978,-60.4746436097366,-2.50397504175731));
#2308=CARTESIAN_POINT('Ctrl Pts',(319.999999999978,-60.4846793283185,-2.49631636053879));
#2309=CARTESIAN_POINT('Ctrl Pts',(319.999999999978,-60.4850292611621,-2.49604908833272));
#2310=CARTESIAN_POINT('',(320.,32.9799961007572,-2.88523572867928));
#2311=CARTESIAN_POINT('Ctrl Pts',(320.,32.9799961007572,-2.88523572867928));
#2312=CARTESIAN_POINT('Ctrl Pts',(320.,32.7625198523125,-3.1032171022551));
#2313=CARTESIAN_POINT('Ctrl Pts',(320.000000000001,32.5450440762828,-3.32119779637266));
#2314=CARTESIAN_POINT('Ctrl Pts',(320.000000000002,32.3275682966875,-3.53917828810897));
#2315=CARTESIAN_POINT('',(320.,32.9799961007571,-1.70050090126504));
#2316=CARTESIAN_POINT('',(320.,32.9799961007571,-0.572282185982566));
#2317=CARTESIAN_POINT('',(320.000000000006,32.3168113773854,-0.99639679259527));
#2318=CARTESIAN_POINT('Ctrl Pts',(320.000000000012,32.3168113773854,-0.996396792595269));
#2319=CARTESIAN_POINT('Ctrl Pts',(320.000000000009,32.537872872293,-1.23109823707843));
#2320=CARTESIAN_POINT('Ctrl Pts',(320.,32.7589344467262,-1.46579960665774));
#2321=CARTESIAN_POINT('Ctrl Pts',(320.,32.9799961007572,-1.70050090126504));
#2322=CARTESIAN_POINT('',(320.,-60.6860839790547,-2.30756195685845));
#2323=CARTESIAN_POINT('Ctrl Pts',(320.,-60.6860839754344,-2.30756195835039));
#2324=CARTESIAN_POINT('Ctrl Pts',(320.,-60.6844828194149,-2.3036765616661));
#2325=CARTESIAN_POINT('Ctrl Pts',(319.999999999999,-60.6804773899342,-2.29406439335741));
#2326=CARTESIAN_POINT('Ctrl Pts',(320.000000000001,-60.6751486074963,-2.28162002470928));
#2327=CARTESIAN_POINT('Ctrl Pts',(319.999999999999,-60.6701555225838,-2.27023435986865));
#2328=CARTESIAN_POINT('Ctrl Pts',(320.000000000001,-60.6663629559332,-2.26172052692915));
#2329=CARTESIAN_POINT('Ctrl Pts',(319.999999999999,-60.6625235180923,-2.25323346853272));
#2330=CARTESIAN_POINT('Ctrl Pts',(320.000000000001,-60.6597719546115,-2.24724307624897));
#2331=CARTESIAN_POINT('Ctrl Pts',(320.,-60.6582243989556,-2.24390227224563));
#2332=CARTESIAN_POINT('Ctrl Pts',(320.,-60.6578982648894,-2.24319921709983));
#2333=CARTESIAN_POINT('Ctrl Pts',(319.999999999999,-60.6574087089668,-2.24214485506786));
#2334=CARTESIAN_POINT('Ctrl Pts',(320.000000000001,-60.6563461463375,-2.23986173861049));
#2335=CARTESIAN_POINT('Ctrl Pts',(319.999999999999,-60.6550329080803,-2.23705572193908));
#2336=CARTESIAN_POINT('Ctrl Pts',(320.000000000001,-60.6539614912017,-2.23477907005912));
#2337=CARTESIAN_POINT('Ctrl Pts',(320.,-60.6534661568203,-2.2337289659564));
#2338=CARTESIAN_POINT('Ctrl Pts',(320.,-60.6531356918517,-2.23302901120259));
#2339=CARTESIAN_POINT('Ctrl Pts',(320.,-60.6522260655677,-2.23110506905248));
#2340=CARTESIAN_POINT('Ctrl Pts',(320.,-60.6487409133972,-2.223767120729));
#2341=CARTESIAN_POINT('Ctrl Pts',(320.000000000001,-60.6399961488312,-2.20568738946142));
#2342=CARTESIAN_POINT('Ctrl Pts',(319.999999999999,-60.6261255615533,-2.17819795406587));
#2343=CARTESIAN_POINT('Ctrl Pts',(320.000000000001,-60.6030550183726,-2.13485333977591));
#2344=CARTESIAN_POINT('Ctrl Pts',(319.999999999999,-60.5786340171274,-2.09228684745144));
#2345=CARTESIAN_POINT('Ctrl Pts',(320.000000000001,-60.5528328093554,-2.0502793740647));
#2346=CARTESIAN_POINT('Ctrl Pts',(319.999999999999,-60.526151850974,-2.00866379613585));
#2347=CARTESIAN_POINT('Ctrl Pts',(320.000000000001,-60.4912516841398,-1.95743525009952));
#2348=CARTESIAN_POINT('Ctrl Pts',(319.999999999999,-60.4472064914082,-1.8973461310125));
#2349=CARTESIAN_POINT('Ctrl Pts',(320.000000000001,-60.4012842690009,-1.83868869839807));
#2350=CARTESIAN_POINT('Ctrl Pts',(319.999999999999,-60.3537379589702,-1.78145965530486));
#2351=CARTESIAN_POINT('Ctrl Pts',(320.000000000001,-60.3129404898203,-1.73492336868723));
#2352=CARTESIAN_POINT('Ctrl Pts',(320.,-60.2796834101924,-1.69835396409852));
#2353=CARTESIAN_POINT('Ctrl Pts',(320.,-60.2460364696515,-1.66221098381609));
#2354=CARTESIAN_POINT('Ctrl Pts',(320.,-60.203289064533,-1.61780695851769));
#2355=CARTESIAN_POINT('Ctrl Pts',(320.,-60.1509965921583,-1.56567700058611));
#2356=CARTESIAN_POINT('Ctrl Pts',(320.,-60.0977913745251,-1.51461819810407));
#2357=CARTESIAN_POINT('Ctrl Pts',(320.,-60.0437394837391,-1.46455162819425));
#2358=CARTESIAN_POINT('Ctrl Pts',(320.,-59.9980358802547,-1.42359639723457));
#2359=CARTESIAN_POINT('Ctrl Pts',(320.,-59.9610999243239,-1.39126038514594));
#2360=CARTESIAN_POINT('Ctrl Pts',(320.,-59.9239220875244,-1.35920041786321));
#2361=CARTESIAN_POINT('Ctrl Pts',(320.000000000001,-59.8770090145608,-1.31962555249206));
#2362=CARTESIAN_POINT('Ctrl Pts',(319.999999999999,-59.8200451352258,-1.2728867315876));
#2363=CARTESIAN_POINT('Ctrl Pts',(320.000000000001,-59.7624469844339,-1.22685600121402));
#2364=CARTESIAN_POINT('Ctrl Pts',(319.999999999999,-59.7042459260269,-1.18149561459757));
#2365=CARTESIAN_POINT('Ctrl Pts',(320.000000000001,-59.6454711751365,-1.13677230922891));
#2366=CARTESIAN_POINT('Ctrl Pts',(320.,-59.5861508234301,-1.09265709192472));
#2367=CARTESIAN_POINT('Ctrl Pts',(320.,-59.5263128078364,-1.04912518025753));
#2368=CARTESIAN_POINT('Ctrl Pts',(320.,-59.4659873530668,-1.0061569905303));
#2369=CARTESIAN_POINT('Ctrl Pts',(320.,-59.4052044555442,-0.96373565757687));
#2370=CARTESIAN_POINT('Ctrl Pts',(320.,-59.3439915384449,-0.921845023838684));
#2371=CARTESIAN_POINT('Ctrl Pts',(320.,-59.2823742825916,-0.880469994187942));
#2372=CARTESIAN_POINT('Ctrl Pts',(320.,-59.2203764915949,-0.839596219175536));
#2373=CARTESIAN_POINT('Ctrl Pts',(320.,-59.1580203913437,-0.799210126198741));
#2374=CARTESIAN_POINT('Ctrl Pts',(320.,-59.0953266822211,-0.75929878656836));
#2375=CARTESIAN_POINT('Ctrl Pts',(320.,-59.0323146895185,-0.719849888480264));
#2376=CARTESIAN_POINT('Ctrl Pts',(320.,-58.9690024599959,-0.680851659717126));
#2377=CARTESIAN_POINT('Ctrl Pts',(320.,-58.905406837086,-0.642292841764164));
#2378=CARTESIAN_POINT('Ctrl Pts',(320.,-58.8415435956378,-0.604162620021507));
#2379=CARTESIAN_POINT('Ctrl Pts',(320.000000000001,-58.7774274146364,-0.566450634243693));
#2380=CARTESIAN_POINT('Ctrl Pts',(320.,-58.713072146183,-0.529146861299479));
#2381=CARTESIAN_POINT('Ctrl Pts',(320.,-58.6269633012095,-0.479940033816244));
#2382=CARTESIAN_POINT('Ctrl Pts',(320.,-58.5187920379324,-0.419404676225853));
#2383=CARTESIAN_POINT('Ctrl Pts',(320.,-58.3882173581983,-0.348248907770861));
#2384=CARTESIAN_POINT('Ctrl Pts',(320.,-58.2569491495755,-0.278514330858251));
#2385=CARTESIAN_POINT('Ctrl Pts',(320.,-58.1470360491322,-0.22153553465459));
#2386=CARTESIAN_POINT('Ctrl Pts',(320.,-58.0588203277364,-0.176604031184879));
#2387=CARTESIAN_POINT('Ctrl Pts',(320.,-57.9925221797876,-0.143224479069811));
#2388=CARTESIAN_POINT('Ctrl Pts',(320.,-57.9260937323464,-0.110157418544742));
#2389=CARTESIAN_POINT('Ctrl Pts',(320.,-57.8595404637974,-0.0773965718916582));
#2390=CARTESIAN_POINT('Ctrl Pts',(320.,-57.7928675527214,-0.0449358235241839));
#2391=CARTESIAN_POINT('Ctrl Pts',(320.,-57.7260797129585,-0.0127693314785586));
#2392=CARTESIAN_POINT('Ctrl Pts',(320.,-57.6591814123166,0.0191086162489002));
#2393=CARTESIAN_POINT('Ctrl Pts',(320.,-57.5698416889947,0.0612349872156969));
#2394=CARTESIAN_POINT('Ctrl Pts',(320.,-57.4579105679005,0.113198447208981));
#2395=CARTESIAN_POINT('Ctrl Pts',(320.,-57.3232093055709,0.174482839409181));
#2396=CARTESIAN_POINT('Ctrl Pts',(320.000000000001,-57.1881468750997,0.234732323750106));
#2397=CARTESIAN_POINT('Ctrl Pts',(319.999999999999,-57.0076066480192,0.313729444539801));
#2398=CARTESIAN_POINT('Ctrl Pts',(320.000000000001,-56.7811162376257,0.410051508444183));
#2399=CARTESIAN_POINT('Ctrl Pts',(320.,-56.5081206383093,0.521979005354278));
#2400=CARTESIAN_POINT('Ctrl Pts',(320.,-56.2339825475823,0.630430049963949));
#2401=CARTESIAN_POINT('Ctrl Pts',(320.,-56.0046170720983,0.718033078238753));
#2402=CARTESIAN_POINT('Ctrl Pts',(320.,-55.8205867054,0.786510263712564));
#2403=CARTESIAN_POINT('Ctrl Pts',(320.,-55.6822968208556,0.837077543045019));
#2404=CARTESIAN_POINT('Ctrl Pts',(320.,-55.5437415459471,0.88686586572191));
#2405=CARTESIAN_POINT('Ctrl Pts',(320.,-55.4049221244568,0.935885675139485));
#2406=CARTESIAN_POINT('Ctrl Pts',(320.,-55.2658397226594,0.984147183057294));
#2407=CARTESIAN_POINT('Ctrl Pts',(320.,-55.1264954266312,1.03166035102929));
#2408=CARTESIAN_POINT('Ctrl Pts',(320.000000000001,-54.9868904434833,1.07843542981606));
#2409=CARTESIAN_POINT('Ctrl Pts',(319.999999999999,-54.8470261912288,1.12448322427691));
#2410=CARTESIAN_POINT('Ctrl Pts',(320.,-54.7069044327096,1.16981548112855));
#2411=CARTESIAN_POINT('Ctrl Pts',(320.,-54.5665273757435,1.21444516436227));
#2412=CARTESIAN_POINT('Ctrl Pts',(320.,-54.4258977779196,1.25838675242097));
#2413=CARTESIAN_POINT('Ctrl Pts',(320.,-54.28501906051,1.30165648293069));
#2414=CARTESIAN_POINT('Ctrl Pts',(320.,-54.1438953718468,1.34427251755957));
#2415=CARTESIAN_POINT('Ctrl Pts',(320.,-54.0025317125879,1.38625504182092));
#2416=CARTESIAN_POINT('Ctrl Pts',(320.000000000001,-53.8609338758487,1.42762614078255));
#2417=CARTESIAN_POINT('Ctrl Pts',(319.999999999999,-53.6718335594361,1.48200412233448));
#2418=CARTESIAN_POINT('Ctrl Pts',(320.000000000001,-53.4349080455157,1.54856981427277));
#2419=CARTESIAN_POINT('Ctrl Pts',(320.,-53.1497844236056,1.62639818767247));
#2420=CARTESIAN_POINT('Ctrl Pts',(320.,-52.8639204362381,1.70234413769884));
#2421=CARTESIAN_POINT('Ctrl Pts',(320.,-52.5773838652964,1.77649434739361));
#2422=CARTESIAN_POINT('Ctrl Pts',(320.,-52.2902438915023,1.84884386301741));
#2423=CARTESIAN_POINT('Ctrl Pts',(320.,-52.0025700163828,1.91932363490573));
#2424=CARTESIAN_POINT('Ctrl Pts',(320.,-51.7144044290747,1.98784139938682));
#2425=CARTESIAN_POINT('Ctrl Pts',(320.,-51.4738804370647,2.04323346943218));
#2426=CARTESIAN_POINT('Ctrl Pts',(320.,-51.2812405364591,2.08649634204559));
#2427=CARTESIAN_POINT('Ctrl Pts',(320.,-51.1366527947102,2.11841567437556));
#2428=CARTESIAN_POINT('Ctrl Pts',(320.,-50.9919596882846,2.14980592455023));
#2429=CARTESIAN_POINT('Ctrl Pts',(320.,-50.8471636461948,2.18066899354782));
#2430=CARTESIAN_POINT('Ctrl Pts',(320.,-50.7022670516146,2.21100857938169));
#2431=CARTESIAN_POINT('Ctrl Pts',(320.,-50.5572722624015,2.24083062224685));
#2432=CARTESIAN_POINT('Ctrl Pts',(320.000000000001,-50.4121815915718,2.27014269552057));
#2433=CARTESIAN_POINT('Ctrl Pts',(320.,-50.2669973068842,2.29895392238945));
#2434=CARTESIAN_POINT('Ctrl Pts',(320.,-50.1217216206823,2.3272746120945));
#2435=CARTESIAN_POINT('Ctrl Pts',(320.,-49.9763566969522,2.35511605730181));
#2436=CARTESIAN_POINT('Ctrl Pts',(320.,-49.8309046490423,2.38249028523819));
#2437=CARTESIAN_POINT('Ctrl Pts',(320.,-49.6853675691609,2.40940985332386));
#2438=CARTESIAN_POINT('Ctrl Pts',(320.,-49.5397475075369,2.43588764082131));
#2439=CARTESIAN_POINT('Ctrl Pts',(320.,-49.39404654284,2.46193658641009));
#2440=CARTESIAN_POINT('Ctrl Pts',(320.,-49.2482667017282,2.4875696363628));
#2441=CARTESIAN_POINT('Ctrl Pts',(319.999999999999,-49.0537913365434,2.52120935994872));
#2442=CARTESIAN_POINT('Ctrl Pts',(320.000000000001,-48.8105106356055,2.56228231605796));
#2443=CARTESIAN_POINT('Ctrl Pts',(320.,-48.5182948441969,2.61010257149316));
#2444=CARTESIAN_POINT('Ctrl Pts',(320.,-48.2258200442891,2.65654470989728));
#2445=CARTESIAN_POINT('Ctrl Pts',(320.,-47.9331042260501,2.70169174601828));
#2446=CARTESIAN_POINT('Ctrl Pts',(320.,-47.6401639519302,2.74561973904817));
#2447=CARTESIAN_POINT('Ctrl Pts',(320.,-47.3470142467241,2.7883976353992));
#2448=CARTESIAN_POINT('Ctrl Pts',(320.,-47.1025597805089,2.82313921649494));
#2449=CARTESIAN_POINT('Ctrl Pts',(320.,-46.9069046815707,2.85041623303882));
#2450=CARTESIAN_POINT('Ctrl Pts',(320.,-46.7601190601294,2.87062211543411));
#2451=CARTESIAN_POINT('Ctrl Pts',(320.,-46.6132905851064,2.8905822454669));
#2452=CARTESIAN_POINT('Ctrl Pts',(320.,-46.4174639639894,2.91687552476451));
#2453=CARTESIAN_POINT('Ctrl Pts',(320.,-46.1725803235085,2.94915538299899));
#2454=CARTESIAN_POINT('Ctrl Pts',(320.,-45.8785694863755,2.9869917336314));
#2455=CARTESIAN_POINT('Ctrl Pts',(320.,-45.6334429792931,3.01780155086241));
#2456=CARTESIAN_POINT('Ctrl Pts',(320.,-45.4372757727176,3.04203263288348));
#2457=CARTESIAN_POINT('Ctrl Pts',(320.,-45.2901184347272,3.06000103785069));
#2458=CARTESIAN_POINT('Ctrl Pts',(320.,-45.1429302206648,3.07776793675672));
#2459=CARTESIAN_POINT('Ctrl Pts',(320.,-44.9957121510929,3.09533646049759));
#2460=CARTESIAN_POINT('Ctrl Pts',(320.,-44.8484652283766,3.11270960496711));
#2461=CARTESIAN_POINT('Ctrl Pts',(320.,-44.7011904262687,3.12989015783134));
#2462=CARTESIAN_POINT('Ctrl Pts',(320.000000000001,-44.5538887010261,3.14688077915579));
#2463=CARTESIAN_POINT('Ctrl Pts',(320.,-44.3574517387784,3.16928496825944));
#2464=CARTESIAN_POINT('Ctrl Pts',(320.,-44.1118428372369,3.19682746029353));
#2465=CARTESIAN_POINT('Ctrl Pts',(320.,-43.817018871103,3.22915505980889));
#2466=CARTESIAN_POINT('Ctrl Pts',(320.,-43.5712600855289,3.25550428437164));
#2467=CARTESIAN_POINT('Ctrl Pts',(320.,-43.3746129674237,3.27623586722238));
#2468=CARTESIAN_POINT('Ctrl Pts',(320.,-43.1888664095489,3.29559848198117));
#2469=CARTESIAN_POINT('Ctrl Pts',(320.,-42.9648388508271,3.31858663500777));
#2470=CARTESIAN_POINT('Ctrl Pts',(320.,-42.7025082357223,3.34496555690511));
#2471=CARTESIAN_POINT('Ctrl Pts',(320.000000000001,-42.440127077749,3.37081623661767));
#2472=CARTESIAN_POINT('Ctrl Pts',(319.999999999999,-42.1776991049565,3.39614357160214));
#2473=CARTESIAN_POINT('Ctrl Pts',(320.,-41.9152278696153,3.4209516142741));
#2474=CARTESIAN_POINT('Ctrl Pts',(320.,-41.6527167511853,3.44524362376601));
#2475=CARTESIAN_POINT('Ctrl Pts',(320.,-41.3901689587453,3.46902211009274));
#2476=CARTESIAN_POINT('Ctrl Pts',(320.,-41.1275875337711,3.49228887491978));
#2477=CARTESIAN_POINT('Ctrl Pts',(320.,-40.8649753529362,3.51504504780206));
#2478=CARTESIAN_POINT('Ctrl Pts',(320.,-40.6023351312058,3.53729111943983));
#2479=CARTESIAN_POINT('Ctrl Pts',(320.,-40.3396694251355,3.55902697196565));
#2480=CARTESIAN_POINT('Ctrl Pts',(320.,-40.0769806366228,3.58025190763302));
#2481=CARTESIAN_POINT('Ctrl Pts',(320.,-39.8142710166478,3.60096467488549));
#2482=CARTESIAN_POINT('Ctrl Pts',(320.,-39.5515426700191,3.62116349735978));
#2483=CARTESIAN_POINT('Ctrl Pts',(320.,-39.2887975599596,3.64084610124867));
#2484=CARTESIAN_POINT('Ctrl Pts',(320.,-39.0260375134733,3.66000974531171));
#2485=CARTESIAN_POINT('Ctrl Pts',(320.,-38.7632642268406,3.6786512518064));
#2486=CARTESIAN_POINT('Ctrl Pts',(320.,-38.5004792716224,3.69676704022198));
#2487=CARTESIAN_POINT('Ctrl Pts',(320.,-38.2376841008484,3.71435316414764));
#2488=CARTESIAN_POINT('Ctrl Pts',(320.,-37.9748800557813,3.73140535229866));
#2489=CARTESIAN_POINT('Ctrl Pts',(320.,-37.7120683724448,3.74791905433536));
#2490=CARTESIAN_POINT('Ctrl Pts',(320.,-37.4492501888524,3.76388948543975));
#2491=CARTESIAN_POINT('Ctrl Pts',(320.,-37.1864265502928,3.7793116613953));
#2492=CARTESIAN_POINT('Ctrl Pts',(320.,-36.9455007615477,3.79294137530046));
#2493=CARTESIAN_POINT('Ctrl Pts',(320.,-36.7264746807138,3.80492467082177));
#2494=CARTESIAN_POINT('Ctrl Pts',(320.,-36.5293495168479,3.81539314688666));
#2495=CARTESIAN_POINT('Ctrl Pts',(320.,-36.332222985127,3.82554288005268));
#2496=CARTESIAN_POINT('Ctrl Pts',(320.,-36.1350953875085,3.83537161972954));
#2497=CARTESIAN_POINT('Ctrl Pts',(320.,-35.9379670078039,3.84487713358568));
#2498=CARTESIAN_POINT('Ctrl Pts',(320.,-35.7408381121923,3.85405722163749));
#2499=CARTESIAN_POINT('Ctrl Pts',(320.,-35.5437089510865,3.86290973331026));
#2500=CARTESIAN_POINT('Ctrl Pts',(320.,-35.3465797600838,3.87143258190798));
#2501=CARTESIAN_POINT('Ctrl Pts',(320.,-35.1494507610949,3.87962375675465));
#2502=CARTESIAN_POINT('Ctrl Pts',(320.,-34.9523221632103,3.88748133569856));
#2503=CARTESIAN_POINT('Ctrl Pts',(320.000000000001,-34.7551941635848,3.89500349775253));
#2504=CARTESIAN_POINT('Ctrl Pts',(319.999999999999,-34.5580669481812,3.90218853593016));
#2505=CARTESIAN_POINT('Ctrl Pts',(320.000000000001,-34.3609406924477,3.90903487019313));
#2506=CARTESIAN_POINT('Ctrl Pts',(319.999999999999,-34.1638155618805,3.91554106046403));
#2507=CARTESIAN_POINT('Ctrl Pts',(320.,-33.9666917124899,3.92170581966639));
#2508=CARTESIAN_POINT('Ctrl Pts',(320.,-33.7695692911509,3.92752802665551));
#2509=CARTESIAN_POINT('Ctrl Pts',(320.000000000001,-33.5724484358467,3.93300673909533));
#2510=CARTESIAN_POINT('Ctrl Pts',(319.999999999999,-33.3753292757884,3.93814120590764));
#2511=CARTESIAN_POINT('Ctrl Pts',(320.000000000001,-33.1782119314545,3.9429308806541));
#2512=CARTESIAN_POINT('Ctrl Pts',(319.999999999999,-32.9810965145548,3.94737543643729));
#2513=CARTESIAN_POINT('Ctrl Pts',(320.,-32.7839831278595,3.95147478059496));
#2514=CARTESIAN_POINT('Ctrl Pts',(320.,-32.5868718649043,3.95522906928769));
#2515=CARTESIAN_POINT('Ctrl Pts',(320.,-32.38976280956,3.95863872176256));
#2516=CARTESIAN_POINT('Ctrl Pts',(320.,-32.1926560354792,3.96170443422988));
#2517=CARTESIAN_POINT('Ctrl Pts',(320.,-31.9955516054143,3.96442719320135));
#2518=CARTESIAN_POINT('Ctrl Pts',(320.,-31.7984495704182,3.96680828816038));
#2519=CARTESIAN_POINT('Ctrl Pts',(320.,-31.6013499689327,3.96884932343718));
#2520=CARTESIAN_POINT('Ctrl Pts',(320.,-31.4042528257738,3.97055222910941));
#2521=CARTESIAN_POINT('Ctrl Pts',(320.,-31.2071581510261,3.97191927079906));
#2522=CARTESIAN_POINT('Ctrl Pts',(320.,-31.0100659388436,3.97295305675812));
#2523=CARTESIAN_POINT('Ctrl Pts',(320.,-30.812976166192,3.973656542697));
#2524=CARTESIAN_POINT('Ctrl Pts',(320.,-30.6158887915713,3.9740330349219));
#2525=CARTESIAN_POINT('Ctrl Pts',(320.,-30.4188037537341,3.97408619146954));
#2526=CARTESIAN_POINT('Ctrl Pts',(320.,-30.2217209704342,3.97382002121044));
#2527=CARTESIAN_POINT('Ctrl Pts',(320.,-30.0246403372256,3.97323888075611));
#2528=CARTESIAN_POINT('Ctrl Pts',(320.,-29.8275617263502,3.9723474691394));
#2529=CARTESIAN_POINT('Ctrl Pts',(320.,-29.6304849857382,3.97115082013098));
#2530=CARTESIAN_POINT('Ctrl Pts',(320.,-29.4334099381599,3.96965429227504));
#2531=CARTESIAN_POINT('Ctrl Pts',(320.,-29.2363363805557,3.96786355639651));
#2532=CARTESIAN_POINT('Ctrl Pts',(320.,-29.0392640835831,3.96578458202365));
#2533=CARTESIAN_POINT('Ctrl Pts',(320.,-28.8421927913931,3.96342362287779));
#2534=CARTESIAN_POINT('Ctrl Pts',(320.,-28.6451222216646,3.96078720014428));
#2535=CARTESIAN_POINT('Ctrl Pts',(320.,-28.448052065922,3.95788208383743));
#2536=CARTESIAN_POINT('Ctrl Pts',(320.,-28.2509819901633,3.95471527222828));
#2537=CARTESIAN_POINT('Ctrl Pts',(320.,-28.0539116358217,3.95129396955428));
#2538=CARTESIAN_POINT('Ctrl Pts',(320.,-27.8568406210821,3.94762556206108));
#2539=CARTESIAN_POINT('Ctrl Pts',(320.,-27.6597685425682,3.94371759268285));
#2540=CARTESIAN_POINT('Ctrl Pts',(320.,-27.4626949774165,3.93957773429949));
#2541=CARTESIAN_POINT('Ctrl Pts',(320.,-27.2656194857412,3.93521376224745));
#2542=CARTESIAN_POINT('Ctrl Pts',(320.,-27.0685416135295,3.93063352364002));
#2543=CARTESIAN_POINT('Ctrl Pts',(320.,-26.8714608959984,3.92584490332056));
#2544=CARTESIAN_POINT('Ctrl Pts',(320.,-26.6743768613815,3.92085578953342));
#2545=CARTESIAN_POINT('Ctrl Pts',(320.,-26.4772890351399,3.91567403913874));
#2546=CARTESIAN_POINT('Ctrl Pts',(320.,-26.2801969445839,3.9103074428857));
#2547=CARTESIAN_POINT('Ctrl Pts',(320.,-26.0831001238719,3.90476369081484));
#2548=CARTESIAN_POINT('Ctrl Pts',(320.,-25.8859981193875,3.89905033821106));
#2549=CARTESIAN_POINT('Ctrl Pts',(320.,-25.6888904954083,3.89317477205759));
#2550=CARTESIAN_POINT('Ctrl Pts',(320.,-25.491776840135,3.88714417866242));
#2551=CARTESIAN_POINT('Ctrl Pts',(320.,-25.2946567718414,3.88096551165372));
#2552=CARTESIAN_POINT('Ctrl Pts',(319.999999999999,-25.0975299453014,3.87464546922497));
#2553=CARTESIAN_POINT('Ctrl Pts',(320.000000000001,-24.9003960574555,3.86819048471256));
#2554=CARTESIAN_POINT('Ctrl Pts',(319.999999999999,-24.7032548541965,3.86160671359084));
#2555=CARTESIAN_POINT('Ctrl Pts',(320.000000000001,-24.5061061350133,3.85490002961302));
#2556=CARTESIAN_POINT('Ctrl Pts',(319.999999999999,-24.3253794593337,3.84864467647988));
#2557=CARTESIAN_POINT('Ctrl Pts',(320.000000000001,-24.1610768450389,3.84287628935094));
#2558=CARTESIAN_POINT('Ctrl Pts',(319.999999999999,-23.9639079124484,3.8358729778938));
#2559=CARTESIAN_POINT('Ctrl Pts',(320.000000000001,-23.7174359062133,3.82697163237153));
#2560=CARTESIAN_POINT('Ctrl Pts',(320.,-23.4216526122013,3.81606947451545));
#2561=CARTESIAN_POINT('Ctrl Pts',(320.,-23.1751532136509,3.80681170307254));
#2562=CARTESIAN_POINT('Ctrl Pts',(320.,-22.9779463946282,3.79930780608425));
#2563=CARTESIAN_POINT('Ctrl Pts',(320.,-22.8300378592547,3.79363235167411));
#2564=CARTESIAN_POINT('Ctrl Pts',(320.,-22.6821261469798,3.78791063686497));
#2565=CARTESIAN_POINT('Ctrl Pts',(320.,-22.534211543471,3.78214381461645));
#2566=CARTESIAN_POINT('Ctrl Pts',(320.,-22.3862943634453,3.77633297490843));
#2567=CARTESIAN_POINT('Ctrl Pts',(320.,-22.2383749540611,3.7704791112491));
#2568=CARTESIAN_POINT('Ctrl Pts',(320.,-22.0904537010453,3.76458315699519));
#2569=CARTESIAN_POINT('Ctrl Pts',(320.,-21.8932234488928,3.75666687396821));
#2570=CARTESIAN_POINT('Ctrl Pts',(320.,-21.6466831981926,3.74667037689978));
#2571=CARTESIAN_POINT('Ctrl Pts',(320.,-21.3508343695299,3.73451812347256));
#2572=CARTESIAN_POINT('Ctrl Pts',(320.,-21.1042956384086,3.72426443626028));
#2573=CARTESIAN_POINT('Ctrl Pts',(319.999999999999,-20.9070670338482,3.71598704238928));
#2574=CARTESIAN_POINT('Ctrl Pts',(320.,-20.7591470185493,3.70974207459613));
#2575=CARTESIAN_POINT('Ctrl Pts',(320.,-20.6112286814559,3.70346046752211));
#2576=CARTESIAN_POINT('Ctrl Pts',(320.,-20.4140067324758,3.69503639752712));
#2577=CARTESIAN_POINT('Ctrl Pts',(320.,-20.1674844562216,3.68441563670935));
#2578=CARTESIAN_POINT('Ctrl Pts',(320.,-19.8716671306461,3.67152629596794));
#2579=CARTESIAN_POINT('Ctrl Pts',(320.,-19.5758599985516,3.65849238680672));
#2580=CARTESIAN_POINT('Ctrl Pts',(320.,-19.2800635373737,3.6453130571232));
#2581=CARTESIAN_POINT('Ctrl Pts',(320.,-18.9842779495089,3.63198677893436));
#2582=CARTESIAN_POINT('Ctrl Pts',(320.,-18.7377989990676,3.62075731135854));
#2583=CARTESIAN_POINT('Ctrl Pts',(320.,-18.5406211533205,3.6116978455916));
#2584=CARTESIAN_POINT('Ctrl Pts',(320.,-18.3927403819673,3.60486490512333));
#2585=CARTESIAN_POINT('Ctrl Pts',(320.,-18.2448621766372,3.5979932184864));
#2586=CARTESIAN_POINT('Ctrl Pts',(320.,-18.0476945811891,3.58877870866497));
#2587=CARTESIAN_POINT('Ctrl Pts',(320.,-17.8012412098148,3.57716143592692));
#2588=CARTESIAN_POINT('Ctrl Pts',(320.,-17.5055064277104,3.563058060352));
#2589=CARTESIAN_POINT('Ctrl Pts',(320.,-17.2590680284489,3.55116605479067));
#2590=CARTESIAN_POINT('Ctrl Pts',(320.,-17.0619213900352,3.54156659450219));
#2591=CARTESIAN_POINT('Ctrl Pts',(320.,-16.9140633900311,3.53432345667732));
#2592=CARTESIAN_POINT('Ctrl Pts',(320.,-16.7662073103585,3.52703615608886));
#2593=CARTESIAN_POINT('Ctrl Pts',(320.,-16.618353100246,3.51970405351883));
#2594=CARTESIAN_POINT('Ctrl Pts',(320.,-16.4705007153305,3.51232650077771));
#2595=CARTESIAN_POINT('Ctrl Pts',(319.999999999999,-16.3226501221606,3.50490283648702));
#2596=CARTESIAN_POINT('Ctrl Pts',(320.000000000001,-16.1748012949044,3.49743239128112));
#2597=CARTESIAN_POINT('Ctrl Pts',(320.,-15.9776718682456,3.48740851617639));
#2598=CARTESIAN_POINT('Ctrl Pts',(320.,-15.7312644687429,3.47475830851429));
#2599=CARTESIAN_POINT('Ctrl Pts',(320.,-15.435582798144,3.45937991790264));
#2600=CARTESIAN_POINT('Ctrl Pts',(320.,-15.1891878210132,3.4463947902357));
#2601=CARTESIAN_POINT('Ctrl Pts',(320.,-14.9920761058173,3.43590198877668));
#2602=CARTESIAN_POINT('Ctrl Pts',(320.,-14.8442445723757,3.42797933510484));
#2603=CARTESIAN_POINT('Ctrl Pts',(320.,-14.6964153989492,3.42000292656727));
#2604=CARTESIAN_POINT('Ctrl Pts',(319.999999999999,-14.4993131289433,3.40929511477601));
#2605=CARTESIAN_POINT('Ctrl Pts',(320.,-14.2529417362964,3.39577248776971));
#2606=CARTESIAN_POINT('Ctrl Pts',(320.,-13.9573072133133,3.37931931466211));
#2607=CARTESIAN_POINT('Ctrl Pts',(320.,-13.7109550697375,3.36541559504817));
#2608=CARTESIAN_POINT('Ctrl Pts',(320.,-13.5138797146851,3.35417445914382));
#2609=CARTESIAN_POINT('Ctrl Pts',(320.,-13.3660764702268,3.34568393067405));
#2610=CARTESIAN_POINT('Ctrl Pts',(320.,-13.2182765885724,3.33713313970272));
#2611=CARTESIAN_POINT('Ctrl Pts',(320.,-13.0704801573632,3.32852152900847));
#2612=CARTESIAN_POINT('Ctrl Pts',(320.,-12.9226872623048,3.31984856101693));
#2613=CARTESIAN_POINT('Ctrl Pts',(320.,-12.7748979860577,3.31111372711566));
#2614=CARTESIAN_POINT('Ctrl Pts',(320.,-12.627112409333,3.30231653802537));
#2615=CARTESIAN_POINT('Ctrl Pts',(320.,-12.4300700093372,3.29050320628714));
#2616=CARTESIAN_POINT('Ctrl Pts',(320.,-12.1837766414053,3.27557840850098));
#2617=CARTESIAN_POINT('Ctrl Pts',(320.,-11.8882405817145,3.25741247699454));
#2618=CARTESIAN_POINT('Ctrl Pts',(320.,-11.6419742894823,3.2420584580249));
#2619=CARTESIAN_POINT('Ctrl Pts',(320.,-11.4449697515966,3.2296446691407));
#2620=CARTESIAN_POINT('Ctrl Pts',(320.,-11.2972206512149,3.22026881361307));
#2621=CARTESIAN_POINT('Ctrl Pts',(320.,-11.1494759080281,3.21082722697587));
#2622=CARTESIAN_POINT('Ctrl Pts',(320.,-10.9524887926788,3.19815057910319));
#2623=CARTESIAN_POINT('Ctrl Pts',(320.,-10.7062660363318,3.18213962795772));
#2624=CARTESIAN_POINT('Ctrl Pts',(320.,-10.4108168931462,3.16266145898819));
#2625=CARTESIAN_POINT('Ctrl Pts',(320.,-10.1153862098321,3.14291795760481));
#2626=CARTESIAN_POINT('Ctrl Pts',(320.,-9.81997423537899,3.12290928572597));
#2627=CARTESIAN_POINT('Ctrl Pts',(320.,-9.52458117185514,3.1026360676359));
#2628=CARTESIAN_POINT('Ctrl Pts',(320.,-9.27843617532584,3.08552214892653));
#2629=CARTESIAN_POINT('Ctrl Pts',(320.,-9.08152976733641,3.07170002000844));
#2630=CARTESIAN_POINT('Ctrl Pts',(320.,-8.9338547647472,3.06126816030614));
#2631=CARTESIAN_POINT('Ctrl Pts',(320.,-8.78618457342745,3.05077127988306));
#2632=CARTESIAN_POINT('Ctrl Pts',(320.,-8.58929740480243,3.03668912004888));
#2633=CARTESIAN_POINT('Ctrl Pts',(320.,-8.34320048781424,3.0189252955041));
#2634=CARTESIAN_POINT('Ctrl Pts',(320.,-8.04790343963624,2.99735357427809));
#2635=CARTESIAN_POINT('Ctrl Pts',(320.,-7.75262558295353,2.97552976869477));
#2636=CARTESIAN_POINT('Ctrl Pts',(320.,-7.45736681628754,2.95345728220472));
#2637=CARTESIAN_POINT('Ctrl Pts',(320.,-7.16212699777789,2.93113986634026));
#2638=CARTESIAN_POINT('Ctrl Pts',(320.,-6.86690594665386,2.90858160321168));
#2639=CARTESIAN_POINT('Ctrl Pts',(320.,-6.57170344438772,2.88578689137229));
#2640=CARTESIAN_POINT('Ctrl Pts',(320.,-6.27651923648483,2.86276042556848));
#2641=CARTESIAN_POINT('Ctrl Pts',(320.,-5.98135303462076,2.83950717296654));
#2642=CARTESIAN_POINT('Ctrl Pts',(320.,-5.68620451905524,2.81603234770291));
#2643=CARTESIAN_POINT('Ctrl Pts',(320.,-5.39107334124501,2.7923413843786));
#2644=CARTESIAN_POINT('Ctrl Pts',(320.,-5.09595912669746,2.76843991019743));
#2645=CARTESIAN_POINT('Ctrl Pts',(320.,-4.80086147801627,2.74433371622554));
#2646=CARTESIAN_POINT('Ctrl Pts',(320.,-4.50577997818052,2.72002872730865));
#2647=CARTESIAN_POINT('Ctrl Pts',(320.,-4.21071419381194,2.69553097351564));
#2648=CARTESIAN_POINT('Ctrl Pts',(320.,-3.91566367838116,2.67084656354989));
#2649=CARTESIAN_POINT('Ctrl Pts',(320.,-3.62062797555779,2.64598165737359));
#2650=CARTESIAN_POINT('Ctrl Pts',(320.,-3.32560662267849,2.62094243847148));
#2651=CARTESIAN_POINT('Ctrl Pts',(320.,-3.03059915428468,2.59573508585046));
#2652=CARTESIAN_POINT('Ctrl Pts',(320.,-2.73560510579267,2.57036574560214));
#2653=CARTESIAN_POINT('Ctrl Pts',(320.,-2.44062401710355,2.54484050285535));
#2654=CARTESIAN_POINT('Ctrl Pts',(320.,-2.14565543674915,2.51916534951321));
#2655=CARTESIAN_POINT('Ctrl Pts',(320.,-1.8506989261563,2.49334614802066));
#2656=CARTESIAN_POINT('Ctrl Pts',(320.,-1.55575406444065,2.46738859567145));
#2657=CARTESIAN_POINT('Ctrl Pts',(320.,-1.26082045145065,2.44129818903321));
#2658=CARTESIAN_POINT('Ctrl Pts',(320.,-0.965897706320614,2.41508018787126));
#2659=CARTESIAN_POINT('Ctrl Pts',(320.,-0.670985470367333,2.38873958085413));
#2660=CARTESIAN_POINT('Ctrl Pts',(320.,-0.376083410051173,2.3622810497127));
#2661=CARTESIAN_POINT('Ctrl Pts',(320.,-0.0811912183691626,2.33570895370192));
#2662=CARTESIAN_POINT('Ctrl Pts',(320.,0.213691385363234,2.30902733163607));
#2663=CARTESIAN_POINT('Ctrl Pts',(320.,0.508564655496775,2.28223990198071));
#2664=CARTESIAN_POINT('Ctrl Pts',(320.,0.803428820194334,2.25535006471012));
#2665=CARTESIAN_POINT('Ctrl Pts',(320.,1.09828408150984,2.22836090271999));
#2666=CARTESIAN_POINT('Ctrl Pts',(320.,1.3931306155565,2.20127518432917));
#2667=CARTESIAN_POINT('Ctrl Pts',(320.,1.68796857259144,2.17409536505107));
#2668=CARTESIAN_POINT('Ctrl Pts',(320.,1.98279807791151,2.14682359825227));
#2669=CARTESIAN_POINT('Ctrl Pts',(320.,2.27761923340946,2.11946175285738));
#2670=CARTESIAN_POINT('Ctrl Pts',(320.,2.57243211905998,2.09201143015997));
#2671=CARTESIAN_POINT('Ctrl Pts',(320.,2.86723679446134,2.0644739811272));
#2672=CARTESIAN_POINT('Ctrl Pts',(320.,3.16203330037024,2.03685052354703));
#2673=CARTESIAN_POINT('Ctrl Pts',(320.,3.45682166024038,2.0091419591466));
#2674=CARTESIAN_POINT('Ctrl Pts',(320.,3.75160188178466,1.98134899090027));
#2675=CARTESIAN_POINT('Ctrl Pts',(320.,4.04637395826977,1.95347213747155));
#2676=CARTESIAN_POINT('Ctrl Pts',(320.,4.34113786957742,1.9255117452091));
#2677=CARTESIAN_POINT('Ctrl Pts',(320.,4.63589358328978,1.89746800043574));
#2678=CARTESIAN_POINT('Ctrl Pts',(320.,4.93064105575213,1.86934094153673));
#2679=CARTESIAN_POINT('Ctrl Pts',(320.,5.22538023313427,1.84113047104952));
#2680=CARTESIAN_POINT('Ctrl Pts',(320.,5.52011105248913,1.81283636775466));
#2681=CARTESIAN_POINT('Ctrl Pts',(320.,5.81483344279562,1.78445829860371));
#2682=CARTESIAN_POINT('Ctrl Pts',(320.,6.10954732613971,1.75599583208115));
#2683=CARTESIAN_POINT('Ctrl Pts',(320.,6.40425261902969,1.72744845291031));
#2684=CARTESIAN_POINT('Ctrl Pts',(320.,6.6989492337056,1.69881557663904));
#2685=CARTESIAN_POINT('Ctrl Pts',(320.,6.99363707946959,1.67009656436526));
#2686=CARTESIAN_POINT('Ctrl Pts',(320.,7.28831606403359,1.64129073754393));
#2687=CARTESIAN_POINT('Ctrl Pts',(320.,7.58298609488778,1.61239739293776));
#2688=CARTESIAN_POINT('Ctrl Pts',(320.,7.87764708069804,1.5834158176796));
#2689=CARTESIAN_POINT('Ctrl Pts',(320.,8.172298932624,1.554345303497));
#2690=CARTESIAN_POINT('Ctrl Pts',(320.,8.46694156551479,1.52518515948144));
#2691=CARTESIAN_POINT('Ctrl Pts',(320.,8.76157489916382,1.4959347254067));
#2692=CARTESIAN_POINT('Ctrl Pts',(320.,9.056198859586,1.46659338509895));
#2693=CARTESIAN_POINT('Ctrl Pts',(320.,9.35081338033225,1.43716058005796));
#2694=CARTESIAN_POINT('Ctrl Pts',(320.,9.64541840385611,1.40763582343549));
#2695=CARTESIAN_POINT('Ctrl Pts',(320.,9.94001388289121,1.37801871395902));
#2696=CARTESIAN_POINT('Ctrl Pts',(320.,10.2345997821124,1.34830895250861));
#2697=CARTESIAN_POINT('Ctrl Pts',(320.,10.5291760801139,1.31850636162251));
#2698=CARTESIAN_POINT('Ctrl Pts',(320.,10.8237427714343,1.2886109051969));
#2699=CARTESIAN_POINT('Ctrl Pts',(320.,11.1182998686369,1.25862270847301));
#2700=CARTESIAN_POINT('Ctrl Pts',(320.,11.4128474044896,1.22854207873243));
#2701=CARTESIAN_POINT('Ctrl Pts',(320.,11.7073854341258,1.19836952554105));
#2702=CARTESIAN_POINT('Ctrl Pts',(320.,12.0019140374375,1.1681057829947));
#2703=CARTESIAN_POINT('Ctrl Pts',(320.,12.2964333202938,1.13775182022882));
#2704=CARTESIAN_POINT('Ctrl Pts',(320.,12.5909434143083,1.10730883772869));
#2705=CARTESIAN_POINT('Ctrl Pts',(320.,12.8854444767131,1.07677826486174));
#2706=CARTESIAN_POINT('Ctrl Pts',(320.,13.1799366900966,1.04616175627664));
#2707=CARTESIAN_POINT('Ctrl Pts',(320.,13.4744202621427,1.01546118853207));
#2708=CARTESIAN_POINT('Ctrl Pts',(320.,13.7688954252515,0.984678655851291));
#2709=CARTESIAN_POINT('Ctrl Pts',(320.,14.0633624361705,0.953816466251147));
#2710=CARTESIAN_POINT('Ctrl Pts',(320.,14.3578215750724,0.922877132683796));
#2711=CARTESIAN_POINT('Ctrl Pts',(320.,14.6522731439952,0.891863358506904));
#2712=CARTESIAN_POINT('Ctrl Pts',(320.,14.9467174652268,0.860778022943408));
#2713=CARTESIAN_POINT('Ctrl Pts',(320.,15.2411548795533,0.829624165800261));
#2714=CARTESIAN_POINT('Ctrl Pts',(320.,15.5355857444076,0.798404971804215));
#2715=CARTESIAN_POINT('Ctrl Pts',(320.,15.8300104319147,0.767123754549128));
#2716=CARTESIAN_POINT('Ctrl Pts',(320.,16.1244293268138,0.73578393986661));
#2717=CARTESIAN_POINT('Ctrl Pts',(320.,16.4188428244617,0.704389050573484));
#2718=CARTESIAN_POINT('Ctrl Pts',(320.,16.7132513289505,0.672942692843402));
#2719=CARTESIAN_POINT('Ctrl Pts',(320.,17.0076552511237,0.64144854216198));
#2720=CARTESIAN_POINT('Ctrl Pts',(320.,17.3020550065331,0.609910329213873));
#2721=CARTESIAN_POINT('Ctrl Pts',(320.,17.5964510133293,0.578331825640793));
#2722=CARTESIAN_POINT('Ctrl Pts',(320.,17.8908436900987,0.546716829702587));
#2723=CARTESIAN_POINT('Ctrl Pts',(320.,18.185233453673,0.515069152063358));
#2724=CARTESIAN_POINT('Ctrl Pts',(320.,18.4796207167938,0.483392600524597));
#2725=CARTESIAN_POINT('Ctrl Pts',(320.,18.77400588564,0.451690963716666));
#2726=CARTESIAN_POINT('Ctrl Pts',(320.,19.0683893573714,0.419967995080391));
#2727=CARTESIAN_POINT('Ctrl Pts',(320.,19.3627715176865,0.388227397017967));
#2728=CARTESIAN_POINT('Ctrl Pts',(320.,19.6571527384191,0.356472805300998));
#2729=CARTESIAN_POINT('Ctrl Pts',(320.,19.9515333752023,0.324707773855217));
#2730=CARTESIAN_POINT('Ctrl Pts',(320.,20.2459137651938,0.292935759729363));
#2731=CARTESIAN_POINT('Ctrl Pts',(320.,20.5402942250485,0.261160109755918));
#2732=CARTESIAN_POINT('Ctrl Pts',(320.,20.8346750491637,0.229384048960138));
#2733=CARTESIAN_POINT('Ctrl Pts',(320.,21.1290565080573,0.197610669222684));
#2734=CARTESIAN_POINT('Ctrl Pts',(320.,21.4234388469234,0.165842918370125));
#2735=CARTESIAN_POINT('Ctrl Pts',(320.,21.7178222843883,0.134083589716663));
#2736=CARTESIAN_POINT('Ctrl Pts',(320.,22.0122070114756,0.102335311829423));
#2737=CARTESIAN_POINT('Ctrl Pts',(320.,22.3065931908593,0.0706005390457855));
#2738=CARTESIAN_POINT('Ctrl Pts',(320.,22.6009809561206,0.0388815397737327));
#2739=CARTESIAN_POINT('Ctrl Pts',(320.,22.8953704109951,0.00718038225625153));
#2740=CARTESIAN_POINT('Ctrl Pts',(320.,23.1897616290073,-0.024501079112708));
#2741=CARTESIAN_POINT('Ctrl Pts',(320.,23.4841546534724,-0.0561612170149621));
#2742=CARTESIAN_POINT('Ctrl Pts',(320.,23.7785494979371,-0.0877986445719448));
#2743=CARTESIAN_POINT('Ctrl Pts',(320.,24.0729461470669,-0.119412227512164));
#2744=CARTESIAN_POINT('Ctrl Pts',(320.,24.3673445580317,-0.151001098271781));
#2745=CARTESIAN_POINT('Ctrl Pts',(320.,24.6617446633461,-0.182564657533952));
#2746=CARTESIAN_POINT('Ctrl Pts',(320.,24.9561463771062,-0.214102557292337));
#2747=CARTESIAN_POINT('Ctrl Pts',(320.,25.2505495997058,-0.245614685480472));
#2748=CARTESIAN_POINT('Ctrl Pts',(320.,25.5449542306287,-0.277101151116801));
#2749=CARTESIAN_POINT('Ctrl Pts',(320.,25.83936027129,-0.308562280090479));
#2750=CARTESIAN_POINT('Ctrl Pts',(320.,26.1337678011196,-0.339998597401603));
#2751=CARTESIAN_POINT('Ctrl Pts',(320.,26.4281769361708,-0.371410808712088));
#2752=CARTESIAN_POINT('Ctrl Pts',(320.,26.7225878034035,-0.402799781250254));
#2753=CARTESIAN_POINT('Ctrl Pts',(320.,27.0170005228959,-0.43416652001574));
#2754=CARTESIAN_POINT('Ctrl Pts',(320.,27.3114152018798,-0.465512145696444));
#2755=CARTESIAN_POINT('Ctrl Pts',(320.,27.6058319365417,-0.496837873735841));
#2756=CARTESIAN_POINT('Ctrl Pts',(320.,27.9002508201734,-0.528144994415874));
#2757=CARTESIAN_POINT('Ctrl Pts',(320.,28.1946719535817,-0.55943485344845));
#2758=CARTESIAN_POINT('Ctrl Pts',(320.,28.4890954544114,-0.590708832456071));
#2759=CARTESIAN_POINT('Ctrl Pts',(320.,28.7835214613782,-0.621968329680636));
#2760=CARTESIAN_POINT('Ctrl Pts',(320.,29.0779501300691,-0.653214742345335));
#2761=CARTESIAN_POINT('Ctrl Pts',(320.,29.3723816179036,-0.684449447997566));
#2762=CARTESIAN_POINT('Ctrl Pts',(320.,29.6668160571034,-0.715673784325384));
#2763=CARTESIAN_POINT('Ctrl Pts',(320.,29.9612535155367,-0.746889027472504));
#2764=CARTESIAN_POINT('Ctrl Pts',(320.,30.2556939480392,-0.778096368864059));
#2765=CARTESIAN_POINT('Ctrl Pts',(320.,30.5501371415593,-0.809296891149332));
#2766=CARTESIAN_POINT('Ctrl Pts',(320.,30.8445826629837,-0.840491543252178));
#2767=CARTESIAN_POINT('Ctrl Pts',(320.,31.1390298163773,-0.871681114232478));
#2768=CARTESIAN_POINT('Ctrl Pts',(320.,31.4334776293297,-0.902866208087954));
#2769=CARTESIAN_POINT('Ctrl Pts',(320.,31.7279248731845,-0.934047223348088));
#2770=CARTESIAN_POINT('Ctrl Pts',(320.,32.0223701618213,-0.965224336372686));
#2771=CARTESIAN_POINT('Ctrl Pts',(320.,32.2186647931197,-0.986006443662833));
#2772=CARTESIAN_POINT('Ctrl Pts',(320.,32.31681137739,-0.99639679259576));
#2773=CARTESIAN_POINT('Ctrl Pts',(320.,-60.6026846958286,-2.39606438691037));
#2774=CARTESIAN_POINT('Ctrl Pts',(320.,-60.6319703954427,-2.3681199474483));
#2775=CARTESIAN_POINT('Ctrl Pts',(320.,-60.6599109112083,-2.33855136921949));
#2776=CARTESIAN_POINT('Ctrl Pts',(320.,-60.6860540487407,-2.30753678163696));
#2777=CARTESIAN_POINT('Ctrl Pts',(318.914253453642,-61.7350104193754,-2.4965329248604));
#2778=CARTESIAN_POINT('Ctrl Pts',(318.914253453642,-61.7288536350023,-2.50964605618497));
#2779=CARTESIAN_POINT('Ctrl Pts',(318.9142079954,-61.7231701833337,-2.52174253165806));
#2780=CARTESIAN_POINT('Ctrl Pts',(318.914274913725,-61.7161541933537,-2.53669662517526));
#2781=CARTESIAN_POINT('Ctrl Pts',(318.914490984192,-61.7135765286214,-2.54218351418295));
#2782=CARTESIAN_POINT('Ctrl Pts',(318.914695403155,-61.7107859586162,-2.54801423305043));
#2783=CARTESIAN_POINT('Ctrl Pts',(318.915042024144,-61.7060008961447,-2.5579069886647));
#2784=CARTESIAN_POINT('Ctrl Pts',(318.915369413193,-61.7008758613835,-2.56821605349691));
#2785=CARTESIAN_POINT('Ctrl Pts',(318.91571818919,-61.6951468353957,-2.57953907075508));
#2786=CARTESIAN_POINT('Ctrl Pts',(318.916306441426,-61.6847688589811,-2.5996302865885));
#2787=CARTESIAN_POINT('Ctrl Pts',(318.917027264796,-61.6707493722947,-2.62573879344506));
#2788=CARTESIAN_POINT('Ctrl Pts',(318.917752281,-61.6557617465927,-2.65240215469607));
#2789=CARTESIAN_POINT('Ctrl Pts',(318.918326643348,-61.6436765483706,-2.67324791311616));
#2790=CARTESIAN_POINT('Ctrl Pts',(318.919765306644,-61.6131043397839,-2.72484970864471));
#2791=CARTESIAN_POINT('Ctrl Pts',(318.923600077127,-61.5318330518213,-2.85098493302301));
#2792=CARTESIAN_POINT('Ctrl Pts',(318.929730815815,-61.4068460965445,-3.00380853165453));
#2793=CARTESIAN_POINT('Ctrl Pts',(318.935497057173,-61.2791155823556,-3.13099521026098));
#2794=CARTESIAN_POINT('Ctrl Pts',(318.939520555197,-61.1836784145722,-3.21583550391771));
#2795=CARTESIAN_POINT('Ctrl Pts',(318.942568771324,-61.1052655611373,-3.27855694519653));
#2796=CARTESIAN_POINT('Ctrl Pts',(318.944545322639,-61.051089294759,-3.31904891968879));
#2797=CARTESIAN_POINT('Ctrl Pts',(318.94563214664,-61.0203520663046,-3.34132793277985));
#2798=CARTESIAN_POINT('Ctrl Pts',(318.954593215075,-60.7603591955015,-3.52472653870994));
#2799=CARTESIAN_POINT('Ctrl Pts',(318.964586759515,-60.3062362897263,-3.74988437638151));
#2800=CARTESIAN_POINT('Ctrl Pts',(318.973066488847,-59.6734206979029,-3.98300422107588));
#2801=CARTESIAN_POINT('Ctrl Pts',(318.978575097319,-59.0562977658916,-4.15905822457385));
#2802=CARTESIAN_POINT('Ctrl Pts',(318.982436837598,-58.4491851599014,-4.3030598677932));
#2803=CARTESIAN_POINT('Ctrl Pts',(318.985193757828,-57.8488066800723,-4.42414752154066));
#2804=CARTESIAN_POINT('Ctrl Pts',(318.987184249704,-57.2537770908579,-4.53070566260758));
#2805=CARTESIAN_POINT('Ctrl Pts',(318.990222136554,-56.0700918395685,-4.72110326631402));
#2806=CARTESIAN_POINT('Ctrl Pts',(318.991569214312,-54.3210286749658,-4.95870499596013));
#2807=CARTESIAN_POINT('Ctrl Pts',(318.995870511327,-51.962627649846,-5.22699141161216));
#2808=CARTESIAN_POINT('Ctrl Pts',(318.999255817583,-49.5994787489177,-5.40742996653087));
#2809=CARTESIAN_POINT('Ctrl Pts',(319.00075979427,-47.2513107103963,-5.5436554422151));
#2810=CARTESIAN_POINT('Ctrl Pts',(319.001910627912,-44.9046607748862,-5.65365537736865));
#2811=CARTESIAN_POINT('Ctrl Pts',(319.002651260283,-42.8207224783324,-5.73701551196714));
#2812=CARTESIAN_POINT('Ctrl Pts',(319.003279170323,-40.9973072099524,-5.80161122327085));
#2813=CARTESIAN_POINT('Ctrl Pts',(319.003786006717,-39.4346358143941,-5.85197914144534));
#2814=CARTESIAN_POINT('Ctrl Pts',(319.00429591304,-37.8719502496825,-5.89759355416496));
#2815=CARTESIAN_POINT('Ctrl Pts',(319.004811536532,-36.3092527726924,-5.93855816171935));
#2816=CARTESIAN_POINT('Ctrl Pts',(319.005344880229,-34.7464470710433,-5.97476679913133));
#2817=CARTESIAN_POINT('Ctrl Pts',(319.005896466751,-33.183525806401,-6.00603457703349));
#2818=CARTESIAN_POINT('Ctrl Pts',(319.006462526164,-31.620501255406,-6.03215273032021));
#2819=CARTESIAN_POINT('Ctrl Pts',(319.007030090074,-30.0574493800665,-6.05299556179124));
#2820=CARTESIAN_POINT('Ctrl Pts',(319.007579783237,-28.4944884152185,-6.06860202919796));
#2821=CARTESIAN_POINT('Ctrl Pts',(319.00809059075,-26.9317507979179,-6.07923549617316));
#2822=CARTESIAN_POINT('Ctrl Pts',(319.008547856435,-25.3693304510626,-6.08537050302294));
#2823=CARTESIAN_POINT('Ctrl Pts',(319.009017878233,-23.5468849022092,-6.08795569652435));
#2824=CARTESIAN_POINT('Ctrl Pts',(319.009485172371,-21.464501941649,-6.08531807390113));
#2825=CARTESIAN_POINT('Ctrl Pts',(319.009967501865,-19.1220511314637,-6.07615213968733));
#2826=CARTESIAN_POINT('Ctrl Pts',(319.010448931887,-16.7796280391577,-6.06144992079384));
#2827=CARTESIAN_POINT('Ctrl Pts',(319.010959991369,-14.4371407553677,-6.04133466169706));
#2828=CARTESIAN_POINT('Ctrl Pts',(319.011521040725,-12.0945305902271,-6.01552883833206));
#2829=CARTESIAN_POINT('Ctrl Pts',(319.01213869324,-9.75181138972177,-5.9835316995735));
#2830=CARTESIAN_POINT('Ctrl Pts',(319.012805874425,-7.40906164668495,-5.94483102164603));
#2831=CARTESIAN_POINT('Ctrl Pts',(319.013503931436,-5.06640598303505,-5.89907513340892));
#2832=CARTESIAN_POINT('Ctrl Pts',(319.014201809351,-2.72400534028942,-5.84621459671038));
#2833=CARTESIAN_POINT('Ctrl Pts',(319.014862086053,-0.382020352606244,-5.78659252141153));
#2834=CARTESIAN_POINT('Ctrl Pts',(319.015443458854,1.95940873611484,-5.72095728433912));
#2835=CARTESIAN_POINT('Ctrl Pts',(319.015915752617,4.30022139405931,-5.65039492050635));
#2836=CARTESIAN_POINT('Ctrl Pts',(319.016274440697,6.64046993260077,-5.57608504218363));
#2837=CARTESIAN_POINT('Ctrl Pts',(319.016536579813,8.98026219392857,-5.49907183616437));
#2838=CARTESIAN_POINT('Ctrl Pts',(319.016741762984,11.319754114623,-5.42007807018022));
#2839=CARTESIAN_POINT('Ctrl Pts',(319.016960114787,13.6592233921046,-5.33931065311999));
#2840=CARTESIAN_POINT('Ctrl Pts',(319.017286287106,15.9990019661575,-5.25624234461559));
#2841=CARTESIAN_POINT('Ctrl Pts',(319.017775328558,18.3392214471614,-5.1697550054247));
#2842=CARTESIAN_POINT('Ctrl Pts',(319.018432531524,20.6798058236554,-5.078579426986));
#2843=CARTESIAN_POINT('Ctrl Pts',(319.019212955416,23.0204243186167,-4.98169801318044));
#2844=CARTESIAN_POINT('Ctrl Pts',(319.020032986382,25.3607289263087,-4.87863829277521));
#2845=CARTESIAN_POINT('Ctrl Pts',(319.020775615203,27.7005172825106,-4.76972155981557));
#2846=CARTESIAN_POINT('Ctrl Pts',(319.021383233056,30.0398065222375,-4.65590347191597));
#2847=CARTESIAN_POINT('Ctrl Pts',(319.021708062173,31.5990315736645,-4.57743142814102));
#2848=CARTESIAN_POINT('Ctrl Pts',(319.021865366559,32.3785334300276,-4.53763933438413));
#2849=CARTESIAN_POINT('Ctrl Pts',(319.228643326523,-61.7595026880016,-2.50803236103683));
#2850=CARTESIAN_POINT('Ctrl Pts',(319.228643326523,-61.7533459036284,-2.5211454923614));
#2851=CARTESIAN_POINT('Ctrl Pts',(319.228605353568,-61.7476968635622,-2.53321239105275));
#2852=CARTESIAN_POINT('Ctrl Pts',(319.228661334654,-61.7406392314621,-2.54820247913695));
#2853=CARTESIAN_POINT('Ctrl Pts',(319.228842051637,-61.7379239161488,-2.55380702608685));
#2854=CARTESIAN_POINT('Ctrl Pts',(319.22901300268,-61.7350036248398,-2.5597454389039));
#2855=CARTESIAN_POINT('Ctrl Pts',(319.229302856303,-61.7299990234848,-2.5698178982027));
#2856=CARTESIAN_POINT('Ctrl Pts',(319.229576575243,-61.7246678947938,-2.5802881832919));
#2857=CARTESIAN_POINT('Ctrl Pts',(319.229868142416,-61.7187199751352,-2.59177832485586));
#2858=CARTESIAN_POINT('Ctrl Pts',(319.230359831136,-61.707974673417,-2.61214026232001));
#2859=CARTESIAN_POINT('Ctrl Pts',(319.230962162424,-61.6935094633094,-2.63855648584076));
#2860=CARTESIAN_POINT('Ctrl Pts',(319.231567791267,-61.6780798074975,-2.66550146624453));
#2861=CARTESIAN_POINT('Ctrl Pts',(319.232047435504,-61.6656451295361,-2.68655782268221));
#2862=CARTESIAN_POINT('Ctrl Pts',(319.23324864541,-61.634208228095,-2.73865772350689));
#2863=CARTESIAN_POINT('Ctrl Pts',(319.236448526964,-61.5506896871893,-2.86587567382507));
#2864=CARTESIAN_POINT('Ctrl Pts',(319.241551673904,-61.4224711869019,-3.01938192035183));
#2865=CARTESIAN_POINT('Ctrl Pts',(319.24633710323,-61.2919647773928,-3.14659748421441));
#2866=CARTESIAN_POINT('Ctrl Pts',(319.249670886267,-61.1947122257116,-3.23125665531938));
#2867=CARTESIAN_POINT('Ctrl Pts',(319.252192533587,-61.1150066582098,-3.29371336376652));
#2868=CARTESIAN_POINT('Ctrl Pts',(319.253825994708,-61.0600281511263,-3.33398854200383));
#2869=CARTESIAN_POINT('Ctrl Pts',(319.25472367735,-61.0288500097099,-3.35614304763849));
#2870=CARTESIAN_POINT('Ctrl Pts',(319.262123139131,-60.7654109950398,-3.53835315682971));
#2871=CARTESIAN_POINT('Ctrl Pts',(319.270332060749,-60.3090490784603,-3.76081046386885));
#2872=CARTESIAN_POINT('Ctrl Pts',(319.27727571002,-59.674624740106,-3.99160749874793));
#2873=CARTESIAN_POINT('Ctrl Pts',(319.281774675455,-59.0569071748119,-4.16589359246827));
#2874=CARTESIAN_POINT('Ctrl Pts',(319.284922956884,-58.4493244710764,-4.3087327494959));
#2875=CARTESIAN_POINT('Ctrl Pts',(319.28717028534,-57.8489004246145,-4.42886783072684));
#2876=CARTESIAN_POINT('Ctrl Pts',(319.28879096265,-57.2537869988165,-4.5347779860974));
#2877=CARTESIAN_POINT('Ctrl Pts',(319.291261429464,-56.0699679666009,-4.72419575886866));
#2878=CARTESIAN_POINT('Ctrl Pts',(319.292364488227,-54.3213405527224,-4.9612377485265));
#2879=CARTESIAN_POINT('Ctrl Pts',(319.295853511855,-51.9626523564305,-5.22824593382822));
#2880=CARTESIAN_POINT('Ctrl Pts',(319.298596664325,-49.59948427507,-5.40764475502322));
#2881=CARTESIAN_POINT('Ctrl Pts',(319.299813953499,-47.2512801884891,-5.54343009880995));
#2882=CARTESIAN_POINT('Ctrl Pts',(319.300745425702,-44.904633879938,-5.65308252146812));
#2883=CARTESIAN_POINT('Ctrl Pts',(319.301344590517,-42.820691927925,-5.73622555616862));
#2884=CARTESIAN_POINT('Ctrl Pts',(319.301852279427,-40.9972736212156,-5.80063252550121));
#2885=CARTESIAN_POINT('Ctrl Pts',(319.302262046514,-39.4346006975047,-5.85084989302252));
#2886=CARTESIAN_POINT('Ctrl Pts',(319.302674205639,-37.8719144763528,-5.89631221111226));
#2887=CARTESIAN_POINT('Ctrl Pts',(319.303090951125,-36.3092178101996,-5.93712378619079));
#2888=CARTESIAN_POINT('Ctrl Pts',(319.303521849847,-34.7464122701762,-5.97317332910155));
#2889=CARTESIAN_POINT('Ctrl Pts',(319.303967602144,-33.1834960963232,-6.00427856753681));
#2890=CARTESIAN_POINT('Ctrl Pts',(319.304424565017,-31.6204703951068,-6.03022650312249));
#2891=CARTESIAN_POINT('Ctrl Pts',(319.3048829292,-30.0574239817879,-6.0509013458799));
#2892=CARTESIAN_POINT('Ctrl Pts',(319.305326714901,-28.4944683877401,-6.0663447505506));
#2893=CARTESIAN_POINT('Ctrl Pts',(319.305739016554,-26.9317365527645,-6.07682672815367));
#2894=CARTESIAN_POINT('Ctrl Pts',(319.30610804757,-25.369322305137,-6.08282632956792));
#2895=CARTESIAN_POINT('Ctrl Pts',(319.306487237169,-23.5468822136443,-6.08527174196235));
#2896=CARTESIAN_POINT('Ctrl Pts',(319.306864370705,-21.464508870499,-6.08249716300097));
#2897=CARTESIAN_POINT('Ctrl Pts',(319.30725342522,-19.1220656594549,-6.07318867000229));
#2898=CARTESIAN_POINT('Ctrl Pts',(319.307641727396,-16.7796510714372,-6.05834462658921));
#2899=CARTESIAN_POINT('Ctrl Pts',(319.308053820951,-14.4371725966998,-6.03807863010074));
#2900=CARTESIAN_POINT('Ctrl Pts',(319.308506140389,-12.0945728032781,-6.01210750491726));
#2901=CARTESIAN_POINT('Ctrl Pts',(319.30900397371,-9.7518656714849,-5.97992844966335));
#2902=CARTESIAN_POINT('Ctrl Pts',(319.309541597704,-7.40912995718803,-5.94103145307944));
#2903=CARTESIAN_POINT('Ctrl Pts',(319.310103953128,-5.06648997512481,-5.89507033975209));
#2904=CARTESIAN_POINT('Ctrl Pts',(319.310666017011,-2.72410603555916,-5.84200486436452));
#2905=CARTESIAN_POINT('Ctrl Pts',(319.311197658799,-0.382137671529128,-5.78218908704511));
#2906=CARTESIAN_POINT('Ctrl Pts',(319.311665669516,1.95927606980329,-5.71638356139991));
#2907=CARTESIAN_POINT('Ctrl Pts',(319.312045799443,4.30007589507006,-5.6456830082689));
#2908=CARTESIAN_POINT('Ctrl Pts',(319.312334512854,6.64031383336123,-5.571268818386));
#2909=CARTESIAN_POINT('Ctrl Pts',(319.312545347136,8.98009985881327,-5.4941781479338));
#2910=CARTESIAN_POINT('Ctrl Pts',(319.31271055119,11.3195847628401,-5.41512547480978));
#2911=CARTESIAN_POINT('Ctrl Pts',(319.312886232333,13.6590477601309,-5.3342943736077));
#2912=CARTESIAN_POINT('Ctrl Pts',(319.313148667502,15.9988165943535,-5.25113121583047));
#2913=CARTESIAN_POINT('Ctrl Pts',(319.313542028375,18.339021982054,-5.16450121723396));
#2914=CARTESIAN_POINT('Ctrl Pts',(319.314070517918,20.6795871788322,-5.0731339327531));
#2915=CARTESIAN_POINT('Ctrl Pts',(319.314697927202,23.0201821980394,-4.976025154495));
#2916=CARTESIAN_POINT('Ctrl Pts',(319.315356931445,25.3604616057368,-4.87272648324139));
#2917=CARTESIAN_POINT('Ctrl Pts',(319.315953659973,27.7002254805999,-4.76359455798874));
#2918=CARTESIAN_POINT('Ctrl Pts',(319.316441641155,30.0394953046611,-4.64959939671282));
#2919=CARTESIAN_POINT('Ctrl Pts',(319.316702809025,31.5987068065804,-4.57103576832638));
#2920=CARTESIAN_POINT('Ctrl Pts',(319.316828967745,32.3782045738251,-4.53119669239508));
#2921=CARTESIAN_POINT('Ctrl Pts',(319.795382557761,-61.5479532863213,-2.40870718704342));
#2922=CARTESIAN_POINT('Ctrl Pts',(319.795382557761,-61.5417965019481,-2.42182031836799));
#2923=CARTESIAN_POINT('Ctrl Pts',(319.795370704986,-61.5360355714595,-2.43414017632737));
#2924=CARTESIAN_POINT('Ctrl Pts',(319.795388133093,-61.5291316194308,-2.44876721024643));
#2925=CARTESIAN_POINT('Ctrl Pts',(319.795444408833,-61.5269166763827,-2.45320381826705));
#2926=CARTESIAN_POINT('Ctrl Pts',(319.795497636948,-61.5244698583168,-2.45805743327455));
#2927=CARTESIAN_POINT('Ctrl Pts',(319.795587881568,-61.5202682679698,-2.46630648542077));
#2928=CARTESIAN_POINT('Ctrl Pts',(319.795673086177,-61.5156961231061,-2.47510129132532));
#2929=CARTESIAN_POINT('Ctrl Pts',(319.795763836959,-61.5105574384102,-2.48483173804036));
#2930=CARTESIAN_POINT('Ctrl Pts',(319.795916851607,-61.5011781008428,-2.50228568489246));
#2931=CARTESIAN_POINT('Ctrl Pts',(319.796104242213,-61.4883894098442,-2.52526554890185));
#2932=CARTESIAN_POINT('Ctrl Pts',(319.796292584252,-61.4746475743885,-2.54889828853365));
#2933=CARTESIAN_POINT('Ctrl Pts',(319.79644172089,-61.4635534593689,-2.56740423295842));
#2934=CARTESIAN_POINT('Ctrl Pts',(319.796815113416,-61.4354698419428,-2.61325514648882));
#2935=CARTESIAN_POINT('Ctrl Pts',(319.797809121559,-61.3608789218944,-2.72509866863974));
#2936=CARTESIAN_POINT('Ctrl Pts',(319.799390109883,-61.2468407255682,-2.85927846111618));
#2937=CARTESIAN_POINT('Ctrl Pts',(319.800868713297,-61.1297916466531,-2.97150832450972));
#2938=CARTESIAN_POINT('Ctrl Pts',(319.801897133056,-61.0419601745762,-3.04672220027873));
#2939=CARTESIAN_POINT('Ctrl Pts',(319.80267383696,-60.9694264137812,-3.10268688137629));
#2940=CARTESIAN_POINT('Ctrl Pts',(319.803176459067,-60.9191114487604,-3.13899279512941));
#2941=CARTESIAN_POINT('Ctrl Pts',(319.803452609872,-60.8905110527272,-3.15901486409256));
#2942=CARTESIAN_POINT('Ctrl Pts',(319.805727113939,-60.6482125711188,-3.32421711508354));
#2943=CARTESIAN_POINT('Ctrl Pts',(319.808231919951,-60.2151853142155,-3.53416502838642));
#2944=CARTESIAN_POINT('Ctrl Pts',(319.810345081961,-59.600914183607,-3.75582725910973));
#2945=CARTESIAN_POINT('Ctrl Pts',(319.811708856994,-58.9961728129361,-3.9257100938947));
#2946=CARTESIAN_POINT('Ctrl Pts',(319.812662883626,-58.3978084383089,-4.06564952563208));
#2947=CARTESIAN_POINT('Ctrl Pts',(319.813341104592,-57.803613480264,-4.18417534365048));
#2948=CARTESIAN_POINT('Ctrl Pts',(319.813830423277,-57.2129911107164,-4.28895006812618));
#2949=CARTESIAN_POINT('Ctrl Pts',(319.814576032795,-56.0358473308107,-4.47683360683757));
#2950=CARTESIAN_POINT('Ctrl Pts',(319.814904084785,-54.2891928227825,-4.71346541504571));
#2951=CARTESIAN_POINT('Ctrl Pts',(319.815956461655,-51.9394562240435,-4.97865898455557));
#2952=CARTESIAN_POINT('Ctrl Pts',(319.816781079858,-49.5832917874846,-5.15696865189171));
#2953=CARTESIAN_POINT('Ctrl Pts',(319.817146970551,-47.238283651129,-5.29229931560621));
#2954=CARTESIAN_POINT('Ctrl Pts',(319.817426668234,-44.8938446551833,-5.4016468196783));
#2955=CARTESIAN_POINT('Ctrl Pts',(319.817606517626,-42.8111831840994,-5.48460492022373));
#2956=CARTESIAN_POINT('Ctrl Pts',(319.817758988802,-40.9887721433752,-5.54886666875344));
#2957=CARTESIAN_POINT('Ctrl Pts',(319.817881987569,-39.4268679629238,-5.59896971882502));
#2958=CARTESIAN_POINT('Ctrl Pts',(319.818005694439,-37.8649337024602,-5.64432057813441));
#2959=CARTESIAN_POINT('Ctrl Pts',(319.818130726408,-36.3029870561819,-5.68502149627609));
#2960=CARTESIAN_POINT('Ctrl Pts',(319.818260026129,-34.7409616931711,-5.72096005068158));
#2961=CARTESIAN_POINT('Ctrl Pts',(319.818393645223,-33.1788547935292,-5.7519508319842));
#2962=CARTESIAN_POINT('Ctrl Pts',(319.81853080384,-31.6166779885034,-5.77778842832256));
#2963=CARTESIAN_POINT('Ctrl Pts',(319.81866820135,-30.0544835064021,-5.79835249863395));
#2964=CARTESIAN_POINT('Ctrl Pts',(319.818801228571,-28.4923580463301,-5.81369217242195));
#2965=CARTESIAN_POINT('Ctrl Pts',(319.818924797403,-26.9303963071547,-5.82408052161596));
#2966=CARTESIAN_POINT('Ctrl Pts',(319.819035370751,-25.3686635293795,-5.82999833869131));
#2967=CARTESIAN_POINT('Ctrl Pts',(319.819149009781,-23.5469093692201,-5.83236243914829));
#2968=CARTESIAN_POINT('Ctrl Pts',(319.819261899416,-21.4651817113503,-5.82950663180081));
#2969=CARTESIAN_POINT('Ctrl Pts',(319.819378412342,-19.1233616358576,-5.82011757310735));
#2970=CARTESIAN_POINT('Ctrl Pts',(319.819494657438,-16.7815297965095,-5.80519400139512));
#2971=CARTESIAN_POINT('Ctrl Pts',(319.819618019318,-14.4396460339821,-5.78484529286845));
#2972=CARTESIAN_POINT('Ctrl Pts',(319.81975339287,-12.0976869937548,-5.75878493463743));
#2973=CARTESIAN_POINT('Ctrl Pts',(319.819902360912,-9.75567988928136,-5.72650978751686));
#2974=CARTESIAN_POINT('Ctrl Pts',(319.820063197065,-7.41369442419964,-5.68751136169443));
#2975=CARTESIAN_POINT('Ctrl Pts',(319.820231390732,-5.0718299702888,-5.64144669196596));
#2976=CARTESIAN_POINT('Ctrl Pts',(319.820399452218,-2.73020753724519,-5.58828007177924));
#2977=CARTESIAN_POINT('Ctrl Pts',(319.820558377087,-0.388942684388479,-5.52837059582057));
#2978=CARTESIAN_POINT('Ctrl Pts',(319.820698241743,1.95186930268241,-5.46248381023495));
#2979=CARTESIAN_POINT('Ctrl Pts',(319.820811818606,4.29219517482688,-5.39171795051813));
#2980=CARTESIAN_POINT('Ctrl Pts',(319.820898034249,6.63208461463451,-5.31725379106539));
#2981=CARTESIAN_POINT('Ctrl Pts',(319.820961062,8.97161978811169,-5.24012830313227));
#2982=CARTESIAN_POINT('Ctrl Pts',(319.821010342833,11.3109120654035,-5.16104642742623));
#2983=CARTESIAN_POINT('Ctrl Pts',(319.821062805929,13.6501678755601,-5.08018568438156));
#2984=CARTESIAN_POINT('Ctrl Pts',(319.821141154172,15.9896333376777,-4.99697807441739));
#2985=CARTESIAN_POINT('Ctrl Pts',(319.821258603834,18.3293971750119,-4.91028233672407));
#2986=CARTESIAN_POINT('Ctrl Pts',(319.821416375997,20.6693875126175,-4.81882762400577));
#2987=CARTESIAN_POINT('Ctrl Pts',(319.82160362603,23.0093199004044,-4.72161623502221));
#2988=CARTESIAN_POINT('Ctrl Pts',(319.821800266807,25.3489213880713,-4.61821170618692));
#2989=CARTESIAN_POINT('Ctrl Pts',(319.821978214477,27.6880871663891,-4.50898406228591));
#2990=CARTESIAN_POINT('Ctrl Pts',(319.822123770042,30.0268743542987,-4.3949129488726));
#2991=CARTESIAN_POINT('Ctrl Pts',(319.822201471908,31.5858312438683,-4.31630557507438));
#2992=CARTESIAN_POINT('Ctrl Pts',(319.822239166194,32.3652012986582,-4.27644873281153));
#2993=CARTESIAN_POINT('Ctrl Pts',(320.,-61.047377617905,-2.17368045112547));
#2994=CARTESIAN_POINT('Ctrl Pts',(320.,-61.0412208335319,-2.18679358245004));
#2995=CARTESIAN_POINT('Ctrl Pts',(320.000000498128,-61.0351818995634,-2.19966956341169));
#2996=CARTESIAN_POINT('Ctrl Pts',(320.000000350825,-61.0286879457964,-2.21347748448882));
#2997=CARTESIAN_POINT('Ctrl Pts',(319.999999655627,-61.0277961616018,-2.21528839073845));
#2998=CARTESIAN_POINT('Ctrl Pts',(319.9999989995,-61.0266002270655,-2.21770674992689));
#2999=CARTESIAN_POINT('Ctrl Pts',(319.999997888436,-61.024519131996,-2.22186536067772));
#3000=CARTESIAN_POINT('Ctrl Pts',(319.999996845026,-61.0219483178109,-2.22691012013499));
#3001=CARTESIAN_POINT('Ctrl Pts',(319.999995732278,-61.0189413704653,-2.23270711839636));
#3002=CARTESIAN_POINT('Ctrl Pts',(319.999993871698,-61.0131564211188,-2.24367231277316));
#3003=CARTESIAN_POINT('Ctrl Pts',(319.999991641671,-61.004770911317,-2.25900915808033));
#3004=CARTESIAN_POINT('Ctrl Pts',(319.999989499338,-60.9954535703964,-2.27530299121218));
#3005=CARTESIAN_POINT('Ctrl Pts',(319.999987671874,-60.9878599945234,-2.28817984694201));
#3006=CARTESIAN_POINT('Ctrl Pts',(319.999983423415,-60.9685347145693,-2.32026003461054));
#3007=CARTESIAN_POINT('Ctrl Pts',(319.999972726749,-60.9171780611088,-2.39850706280722));
#3008=CARTESIAN_POINT('Ctrl Pts',(319.999959269939,-60.8395130519785,-2.49177077422881));
#3009=CARTESIAN_POINT('Ctrl Pts',(319.99994384983,-60.7560841331878,-2.57351630849094));
#3010=CARTESIAN_POINT('Ctrl Pts',(319.999933449464,-60.6915132492922,-2.62994499640587));
#3011=CARTESIAN_POINT('Ctrl Pts',(319.999925378958,-60.6364620892103,-2.67331768411912));
#3012=CARTESIAN_POINT('Ctrl Pts',(319.999920209631,-60.5974294377661,-2.70204689912512));
#3013=CARTESIAN_POINT('Ctrl Pts',(319.999916819443,-60.5750191602884,-2.71804091719885));
#3014=CARTESIAN_POINT('Ctrl Pts',(319.999896699647,-60.3836582181644,-2.85122182731455));
#3015=CARTESIAN_POINT('Ctrl Pts',(319.999912472702,-60.0059737280041,-3.04004261937992));
#3016=CARTESIAN_POINT('Ctrl Pts',(319.999917665923,-59.4380880566243,-3.24733480367431));
#3017=CARTESIAN_POINT('Ctrl Pts',(319.999932269175,-58.8629956824149,-3.41119719031021));
#3018=CARTESIAN_POINT('Ctrl Pts',(319.999933357897,-58.2851271352124,-3.54748822232156));
#3019=CARTESIAN_POINT('Ctrl Pts',(319.999949361143,-57.705239192114,-3.6641986168936));
#3020=CARTESIAN_POINT('Ctrl Pts',(319.999956010883,-57.1247008325707,-3.76780147709954));
#3021=CARTESIAN_POINT('Ctrl Pts',(319.999962379321,-55.9623266338345,-3.95440039524204));
#3022=CARTESIAN_POINT('Ctrl Pts',(320.000000031584,-54.2213607593,-4.19069710828582));
#3023=CARTESIAN_POINT('Ctrl Pts',(319.999994534616,-51.8906416243845,-4.45515476752038));
#3024=CARTESIAN_POINT('Ctrl Pts',(319.999999284538,-49.5494747693087,-4.63351018991621));
#3025=CARTESIAN_POINT('Ctrl Pts',(319.999998642604,-47.2111555716632,-4.76897661491994));
#3026=CARTESIAN_POINT('Ctrl Pts',(319.999999839145,-44.8713940915083,-4.87848858016535));
#3027=CARTESIAN_POINT('Ctrl Pts',(320.000000130158,-42.7914175484756,-4.96159181473058));
#3028=CARTESIAN_POINT('Ctrl Pts',(320.000000011181,-40.9711155380589,-5.02598785173456));
#3029=CARTESIAN_POINT('Ctrl Pts',(320.000000022057,-39.4108186347043,-5.0762094791175));
#3030=CARTESIAN_POINT('Ctrl Pts',(320.000000005113,-37.8504555235354,-5.1216849119105));
#3031=CARTESIAN_POINT('Ctrl Pts',(320.000000098076,-36.2900752980641,-5.16251754160863));
#3032=CARTESIAN_POINT('Ctrl Pts',(319.999999970302,-34.7296728162177,-5.19859687640883));
#3033=CARTESIAN_POINT('Ctrl Pts',(320.000000369896,-33.1692568936263,-5.22973857146458));
#3034=CARTESIAN_POINT('Ctrl Pts',(319.999999761261,-31.6088310798759,-5.25573613319416));
#3035=CARTESIAN_POINT('Ctrl Pts',(319.999999887913,-30.0484053707196,-5.27646664298477));
#3036=CARTESIAN_POINT('Ctrl Pts',(319.999999872206,-28.4879980505111,-5.29197320236012));
#3037=CARTESIAN_POINT('Ctrl Pts',(319.999999834853,-26.9276274846322,-5.30252179882529));
#3038=CARTESIAN_POINT('Ctrl Pts',(319.999999831908,-25.3673015236706,-5.30858725932676));
#3039=CARTESIAN_POINT('Ctrl Pts',(319.999999634139,-23.5469582750692,-5.3111067371541));
#3040=CARTESIAN_POINT('Ctrl Pts',(319.999999973974,-21.4665667370287,-5.30840932443077));
#3041=CARTESIAN_POINT('Ctrl Pts',(319.999999956634,-19.1260281890143,-5.29918678851507));
#3042=CARTESIAN_POINT('Ctrl Pts',(320.000000041024,-16.7853950730399,-5.28443191562736));
#3043=CARTESIAN_POINT('Ctrl Pts',(320.000000046125,-14.4447314821764,-5.26426470048703));
#3044=CARTESIAN_POINT('Ctrl Pts',(320.000000063128,-12.1040853406741,-5.23840652755996));
#3045=CARTESIAN_POINT('Ctrl Pts',(320.000000050788,-9.76350973585849,-5.20635758963628));
#3046=CARTESIAN_POINT('Ctrl Pts',(320.000000031128,-7.42305569608678,-5.16760772676939));
#3047=CARTESIAN_POINT('Ctrl Pts',(319.999999994671,-5.08277105244581,-5.12180757303044));
#3048=CARTESIAN_POINT('Ctrl Pts',(319.999999955144,-2.74269678477824,-5.06890957038781));
#3049=CARTESIAN_POINT('Ctrl Pts',(319.999999908927,-0.40285927374452,-5.00925760074648));
#3050=CARTESIAN_POINT('Ctrl Pts',(319.999999890629,1.93673381108951,-4.94359978704554));
#3051=CARTESIAN_POINT('Ctrl Pts',(319.999999882621,4.27610114076363,-4.87302109695319));
#3052=CARTESIAN_POINT('Ctrl Pts',(320.000000028576,6.61528489073377,-4.79869958900164));
#3053=CARTESIAN_POINT('Ctrl Pts',(319.999999794508,8.95431664397804,-4.72167842515705));
#3054=CARTESIAN_POINT('Ctrl Pts',(320.000000068548,11.2932173450648,-4.64267858658729));
#3055=CARTESIAN_POINT('Ctrl Pts',(320.00000008696,13.6320554917619,-4.56190537696108));
#3056=CARTESIAN_POINT('Ctrl Pts',(320.000000179847,15.9709091523809,-4.47882868899418));
#3057=CARTESIAN_POINT('Ctrl Pts',(320.000000174196,18.3097853789655,-4.39232942983843));
#3058=CARTESIAN_POINT('Ctrl Pts',(320.000000120004,20.6486227541409,-4.30113962718345));
#3059=CARTESIAN_POINT('Ctrl Pts',(320.000000056424,22.9872292822346,-4.20424446898851));
#3060=CARTESIAN_POINT('Ctrl Pts',(319.999999887443,25.3254787534622,-4.10117422592637));
#3061=CARTESIAN_POINT('Ctrl Pts',(319.99999997434,27.6634524989718,-3.99225108370219));
#3062=CARTESIAN_POINT('Ctrl Pts',(319.999999724598,30.001282668582,-3.87843019537712));
#3063=CARTESIAN_POINT('Ctrl Pts',(320.000000383133,31.5597281477534,-3.79995767684785));
#3064=CARTESIAN_POINT('Ctrl Pts',(320.,32.3388483340577,-3.76016619054604));
#3065=CARTESIAN_POINT('Ctrl Pts',(320.,-60.8331508968329,-2.07309824112859));
#3066=CARTESIAN_POINT('Ctrl Pts',(320.,-60.8269941124598,-2.08621137245316));
#3067=CARTESIAN_POINT('Ctrl Pts',(319.999999999981,-60.8208370185635,-2.09932446283821));
#3068=CARTESIAN_POINT('Ctrl Pts',(319.999999999977,-60.8145182558043,-2.11278233861814));
#3069=CARTESIAN_POINT('Ctrl Pts',(319.999999999977,-60.8141915060627,-2.11347145802085));
#3070=CARTESIAN_POINT('Ctrl Pts',(319.999999999977,-60.8135297449187,-2.114849388946));
#3071=CARTESIAN_POINT('Ctrl Pts',(319.999999999977,-60.8123541823477,-2.1172604115997));
#3072=CARTESIAN_POINT('Ctrl Pts',(319.999999999977,-60.8106380237079,-2.12070299407957));
#3073=CARTESIAN_POINT('Ctrl Pts',(319.999999999977,-60.8085414203318,-2.12481945403206));
#3074=CARTESIAN_POINT('Ctrl Pts',(319.999999999977,-60.8042914578573,-2.13301233873081));
#3075=CARTESIAN_POINT('Ctrl Pts',(319.999999999977,-60.7977864147607,-2.1450836162408));
#3076=CARTESIAN_POINT('Ctrl Pts',(319.999999999977,-60.7903588079782,-2.15824164460403));
#3077=CARTESIAN_POINT('Ctrl Pts',(319.999999999977,-60.7842601355706,-2.16871342235692));
#3078=CARTESIAN_POINT('Ctrl Pts',(319.999999999977,-60.7686756242998,-2.19490948235449));
#3079=CARTESIAN_POINT('Ctrl Pts',(319.999999999977,-60.7272435915752,-2.2587996884103));
#3080=CARTESIAN_POINT('Ctrl Pts',(319.999999999978,-60.6651216385076,-2.33457191010533));
#3081=CARTESIAN_POINT('Ctrl Pts',(319.999999999978,-60.59605547889,-2.40328631173903));
#3082=CARTESIAN_POINT('Ctrl Pts',(319.999999999978,-60.5414223889024,-2.4516838442196));
#3083=CARTESIAN_POINT('Ctrl Pts',(319.999999999978,-60.4938402766297,-2.48967277738262));
#3084=CARTESIAN_POINT('Ctrl Pts',(319.999999999978,-60.4596278817247,-2.51516234385515));
#3085=CARTESIAN_POINT('Ctrl Pts',(319.999999999978,-60.4398614350125,-2.52943455149524));
#3086=CARTESIAN_POINT('Ctrl Pts',(319.999999999979,-60.2702683509826,-2.64891989784971));
#3087=CARTESIAN_POINT('Ctrl Pts',(319.999999999985,-59.9162947412809,-2.82866217695813));
#3088=CARTESIAN_POINT('Ctrl Pts',(319.999999999988,-59.3682705713688,-3.0297822800577));
#3089=CARTESIAN_POINT('Ctrl Pts',(319.999999999991,-58.8058912140316,-3.19104319100327));
#3090=CARTESIAN_POINT('Ctrl Pts',(319.999999999992,-58.2367974440756,-3.32576342928485));
#3091=CARTESIAN_POINT('Ctrl Pts',(319.999999999995,-57.6630576614403,-3.44168001598563));
#3092=CARTESIAN_POINT('Ctrl Pts',(319.999999999996,-57.086845834202,-3.54477311212493));
#3093=CARTESIAN_POINT('Ctrl Pts',(319.999999999997,-55.9308038107004,-3.7308121811893));
#3094=CARTESIAN_POINT('Ctrl Pts',(320.,-54.19232704335,-3.96694672807215));
#3095=CARTESIAN_POINT('Ctrl Pts',(320.,-51.8697404083509,-4.23108833832683));
#3096=CARTESIAN_POINT('Ctrl Pts',(320.,-49.534999832935,-4.40945891492286));
#3097=CARTESIAN_POINT('Ctrl Pts',(320.,-47.1995423070705,-4.54498382575968));
#3098=CARTESIAN_POINT('Ctrl Pts',(320.,-44.8617845922613,-4.65456527937255));
#3099=CARTESIAN_POINT('Ctrl Pts',(320.,-42.7829573713284,-4.73773073178825));
#3100=CARTESIAN_POINT('Ctrl Pts',(320.,-40.9635580739142,-4.8021838401969));
#3101=CARTESIAN_POINT('Ctrl Pts',(320.,-39.4039491191089,-4.85245606808581));
#3102=CARTESIAN_POINT('Ctrl Pts',(320.,-37.8442585111706,-4.8979845934504));
#3103=CARTESIAN_POINT('Ctrl Pts',(320.,-36.2845488273525,-4.93887343604174));
#3104=CARTESIAN_POINT('Ctrl Pts',(320.,-34.7248408827297,-4.97501277250209));
#3105=CARTESIAN_POINT('Ctrl Pts',(320.,-33.1651490538276,-5.0062189799112));
#3106=CARTESIAN_POINT('Ctrl Pts',(320.,-31.6054722206533,-5.03228458628664));
#3107=CARTESIAN_POINT('Ctrl Pts',(320.,-30.0458036851133,-5.05308615636331));
#3108=CARTESIAN_POINT('Ctrl Pts',(320.,-28.4861317521323,-5.06866392512069));
#3109=CARTESIAN_POINT('Ctrl Pts',(320.,-26.9264422136085,-5.0792808974891));
#3110=CARTESIAN_POINT('Ctrl Pts',(320.,-25.3667183988873,-5.08540937168761));
#3111=CARTESIAN_POINT('Ctrl Pts',(320.,-23.5469789054086,-5.08799510167543));
#3112=CARTESIAN_POINT('Ctrl Pts',(320.,-21.4671595183681,-5.08536541858596));
#3113=CARTESIAN_POINT('Ctrl Pts',(320.,-19.1271694905416,-5.07621396322721));
#3114=CARTESIAN_POINT('Ctrl Pts',(320.,-16.7870495300173,-5.06153113797385));
#3115=CARTESIAN_POINT('Ctrl Pts',(320.,-14.4469082159287,-5.04144140819849));
#3116=CARTESIAN_POINT('Ctrl Pts',(320.,-12.1068240499132,-5.01566956183048));
#3117=CARTESIAN_POINT('Ctrl Pts',(320.,-9.76686116387815,-4.98371720090601));
#3118=CARTESIAN_POINT('Ctrl Pts',(320.,-7.4270626106225,-4.94507346085904));
#3119=CARTESIAN_POINT('Ctrl Pts',(320.,-5.08745415535591,-4.89938624001694));
#3120=CARTESIAN_POINT('Ctrl Pts',(320.,-2.74804253259232,-4.84660292461277));
#3121=CARTESIAN_POINT('Ctrl Pts',(320.,-0.408815950468137,-4.78706089851376));
#3122=CARTESIAN_POINT('Ctrl Pts',(320.,1.93025540606434,-4.72150085589761));
#3123=CARTESIAN_POINT('Ctrl Pts',(320.,4.26921244315215,-4.65100209103854));
#3124=CARTESIAN_POINT('Ctrl Pts',(320.,6.60809405256594,-4.57674155394251));
#3125=CARTESIAN_POINT('Ctrl Pts',(320.,8.94691043517623,-4.49976485583323));
#3126=CARTESIAN_POINT('Ctrl Pts',(320.,11.2856433913456,-4.42080015053622));
#3127=CARTESIAN_POINT('Ctrl Pts',(320.,13.6243027568179,-4.34006432878809));
#3128=CARTESIAN_POINT('Ctrl Pts',(320.,15.9628945021256,-4.25704358505429));
#3129=CARTESIAN_POINT('Ctrl Pts',(320.,18.3013908031919,-4.17062823066934));
#3130=CARTESIAN_POINT('Ctrl Pts',(320.,20.6397346876098,-4.07955153971322));
#3131=CARTESIAN_POINT('Ctrl Pts',(320.,22.9777737186848,-3.98279140830185));
#3132=CARTESIAN_POINT('Ctrl Pts',(320.,25.3154445318983,-3.87986386544872));
#3133=CARTESIAN_POINT('Ctrl Pts',(320.,27.652907993035,-3.77107079963102));
#3134=CARTESIAN_POINT('Ctrl Pts',(320.,29.9903286058716,-3.65735668439752));
#3135=CARTESIAN_POINT('Ctrl Pts',(320.,31.5485549148699,-3.57894200350448));
#3136=CARTESIAN_POINT('Ctrl Pts',(320.,32.3275682966881,-3.53917828810894));
#3137=CARTESIAN_POINT('',(318.914253453642,-61.716540066256,-2.53587231883411));
#3138=CARTESIAN_POINT('Ctrl Pts',(319.097713964684,-61.7340124958791,-2.49606438690132));
#3139=CARTESIAN_POINT('Ctrl Pts',(319.073746601549,-61.7317298898662,-2.50646299260909));
#3140=CARTESIAN_POINT('Ctrl Pts',(319.049069269915,-61.7293796678059,-2.51511310319448));
#3141=CARTESIAN_POINT('Ctrl Pts',(318.987839531928,-61.7235482641881,-2.53095463742929));
#3142=CARTESIAN_POINT('Ctrl Pts',(318.951282510799,-61.7200666431289,-2.53585965296432));
#3143=CARTESIAN_POINT('Ctrl Pts',(318.914253453641,-61.7165400662567,-2.53587231883266));
#3144=CARTESIAN_POINT('',(319.021710440977,31.6203131035665,-4.57616311957576));
#3145=CARTESIAN_POINT('Ctrl Pts',(318.914271256593,-61.716540807494,-2.53587258939374));
#3146=CARTESIAN_POINT('Ctrl Pts',(318.91427189301,-61.7164719642926,-2.53601932034977));
#3147=CARTESIAN_POINT('Ctrl Pts',(318.914272540566,-61.7164030050666,-2.53616630035531));
#3148=CARTESIAN_POINT('Ctrl Pts',(318.914274913725,-61.7161541933537,-2.53669662517526));
#3149=CARTESIAN_POINT('Ctrl Pts',(318.914490984192,-61.7135765286214,-2.54218351418295));
#3150=CARTESIAN_POINT('Ctrl Pts',(318.914695403155,-61.7107859586162,-2.54801423305043));
#3151=CARTESIAN_POINT('Ctrl Pts',(318.915042024144,-61.7060008961447,-2.5579069886647));
#3152=CARTESIAN_POINT('Ctrl Pts',(318.915369413193,-61.7008758613835,-2.56821605349691));
#3153=CARTESIAN_POINT('Ctrl Pts',(318.91571818919,-61.6951468353957,-2.57953907075508));
#3154=CARTESIAN_POINT('Ctrl Pts',(318.916306441426,-61.6847688589811,-2.5996302865885));
#3155=CARTESIAN_POINT('Ctrl Pts',(318.917027264796,-61.6707493722947,-2.62573879344506));
#3156=CARTESIAN_POINT('Ctrl Pts',(318.917752281,-61.6557617465927,-2.65240215469607));
#3157=CARTESIAN_POINT('Ctrl Pts',(318.918326643348,-61.6436765483706,-2.67324791311616));
#3158=CARTESIAN_POINT('Ctrl Pts',(318.919765306644,-61.6131043397839,-2.72484970864471));
#3159=CARTESIAN_POINT('Ctrl Pts',(318.923600077127,-61.5318330518213,-2.85098493302301));
#3160=CARTESIAN_POINT('Ctrl Pts',(318.929730815815,-61.4068460965445,-3.00380853165453));
#3161=CARTESIAN_POINT('Ctrl Pts',(318.935497057173,-61.2791155823556,-3.13099521026098));
#3162=CARTESIAN_POINT('Ctrl Pts',(318.939520555197,-61.1836784145722,-3.21583550391771));
#3163=CARTESIAN_POINT('Ctrl Pts',(318.942568771324,-61.1052655611373,-3.27855694519653));
#3164=CARTESIAN_POINT('Ctrl Pts',(318.944545322639,-61.051089294759,-3.31904891968879));
#3165=CARTESIAN_POINT('Ctrl Pts',(318.94563214664,-61.0203520663046,-3.34132793277985));
#3166=CARTESIAN_POINT('Ctrl Pts',(318.954593215075,-60.7603591955015,-3.52472653870994));
#3167=CARTESIAN_POINT('Ctrl Pts',(318.964586759515,-60.3062362897263,-3.74988437638151));
#3168=CARTESIAN_POINT('Ctrl Pts',(318.973066488847,-59.6734206979029,-3.98300422107588));
#3169=CARTESIAN_POINT('Ctrl Pts',(318.978575097319,-59.0562977658916,-4.15905822457385));
#3170=CARTESIAN_POINT('Ctrl Pts',(318.982436837598,-58.4491851599014,-4.3030598677932));
#3171=CARTESIAN_POINT('Ctrl Pts',(318.985193757828,-57.8488066800723,-4.42414752154066));
#3172=CARTESIAN_POINT('Ctrl Pts',(318.987184249704,-57.2537770908579,-4.53070566260758));
#3173=CARTESIAN_POINT('Ctrl Pts',(318.990222136554,-56.0700918395685,-4.72110326631402));
#3174=CARTESIAN_POINT('Ctrl Pts',(318.991569214312,-54.3210286749658,-4.95870499596013));
#3175=CARTESIAN_POINT('Ctrl Pts',(318.995870511327,-51.962627649846,-5.22699141161216));
#3176=CARTESIAN_POINT('Ctrl Pts',(318.999255817583,-49.5994787489177,-5.40742996653087));
#3177=CARTESIAN_POINT('Ctrl Pts',(319.00075979427,-47.2513107103963,-5.5436554422151));
#3178=CARTESIAN_POINT('Ctrl Pts',(319.001910627912,-44.9046607748862,-5.65365537736865));
#3179=CARTESIAN_POINT('Ctrl Pts',(319.002651260283,-42.8207224783324,-5.73701551196714));
#3180=CARTESIAN_POINT('Ctrl Pts',(319.003279170323,-40.9973072099524,-5.80161122327085));
#3181=CARTESIAN_POINT('Ctrl Pts',(319.003786006717,-39.4346358143941,-5.85197914144534));
#3182=CARTESIAN_POINT('Ctrl Pts',(319.00429591304,-37.8719502496825,-5.89759355416496));
#3183=CARTESIAN_POINT('Ctrl Pts',(319.004811536532,-36.3092527726924,-5.93855816171935));
#3184=CARTESIAN_POINT('Ctrl Pts',(319.005344880229,-34.7464470710433,-5.97476679913133));
#3185=CARTESIAN_POINT('Ctrl Pts',(319.005896466751,-33.183525806401,-6.00603457703349));
#3186=CARTESIAN_POINT('Ctrl Pts',(319.006462526164,-31.620501255406,-6.03215273032021));
#3187=CARTESIAN_POINT('Ctrl Pts',(319.007030090074,-30.0574493800665,-6.05299556179124));
#3188=CARTESIAN_POINT('Ctrl Pts',(319.007579783237,-28.4944884152185,-6.06860202919796));
#3189=CARTESIAN_POINT('Ctrl Pts',(319.00809059075,-26.9317507979179,-6.07923549617316));
#3190=CARTESIAN_POINT('Ctrl Pts',(319.008547856435,-25.3693304510626,-6.08537050302294));
#3191=CARTESIAN_POINT('Ctrl Pts',(319.009017878233,-23.5468849022092,-6.08795569652435));
#3192=CARTESIAN_POINT('Ctrl Pts',(319.009485172371,-21.464501941649,-6.08531807390113));
#3193=CARTESIAN_POINT('Ctrl Pts',(319.009967501865,-19.1220511314637,-6.07615213968733));
#3194=CARTESIAN_POINT('Ctrl Pts',(319.010448931887,-16.7796280391577,-6.06144992079384));
#3195=CARTESIAN_POINT('Ctrl Pts',(319.010959991369,-14.4371407553677,-6.04133466169706));
#3196=CARTESIAN_POINT('Ctrl Pts',(319.011521040725,-12.0945305902271,-6.01552883833206));
#3197=CARTESIAN_POINT('Ctrl Pts',(319.01213869324,-9.75181138972177,-5.9835316995735));
#3198=CARTESIAN_POINT('Ctrl Pts',(319.012805874425,-7.40906164668495,-5.94483102164603));
#3199=CARTESIAN_POINT('Ctrl Pts',(319.013503931436,-5.06640598303505,-5.89907513340892));
#3200=CARTESIAN_POINT('Ctrl Pts',(319.014201809351,-2.72400534028942,-5.84621459671038));
#3201=CARTESIAN_POINT('Ctrl Pts',(319.014862086053,-0.382020352606244,-5.78659252141153));
#3202=CARTESIAN_POINT('Ctrl Pts',(319.015443458854,1.95940873611484,-5.72095728433912));
#3203=CARTESIAN_POINT('Ctrl Pts',(319.015915752617,4.30022139405931,-5.65039492050635));
#3204=CARTESIAN_POINT('Ctrl Pts',(319.016274440697,6.64046993260077,-5.57608504218363));
#3205=CARTESIAN_POINT('Ctrl Pts',(319.016536579813,8.98026219392857,-5.49907183616437));
#3206=CARTESIAN_POINT('Ctrl Pts',(319.016741762984,11.319754114623,-5.42007807018022));
#3207=CARTESIAN_POINT('Ctrl Pts',(319.016960114787,13.6592233921046,-5.33931065311999));
#3208=CARTESIAN_POINT('Ctrl Pts',(319.017286287106,15.9990019661575,-5.25624234461559));
#3209=CARTESIAN_POINT('Ctrl Pts',(319.017775328558,18.3392214471614,-5.1697550054247));
#3210=CARTESIAN_POINT('Ctrl Pts',(319.018432531524,20.6798058236554,-5.078579426986));
#3211=CARTESIAN_POINT('Ctrl Pts',(319.019212955416,23.0204243186167,-4.98169801318044));
#3212=CARTESIAN_POINT('Ctrl Pts',(319.020032986382,25.3607289263087,-4.87863829277521));
#3213=CARTESIAN_POINT('Ctrl Pts',(319.020775615203,27.7005172825106,-4.76972155981557));
#3214=CARTESIAN_POINT('Ctrl Pts',(319.021317566093,29.7869929798033,-4.66820411157452));
#3215=CARTESIAN_POINT('Ctrl Pts',(319.021600637688,31.0934942007325,-4.60280535821204));
#3216=CARTESIAN_POINT('Ctrl Pts',(319.021710242534,31.6203131894936,-4.57616481893209));
#3217=CARTESIAN_POINT('Ctrl Pts',(319.02171044095,31.6203131034986,-4.57616311866705));
#3218=CARTESIAN_POINT('Ctrl Pts',(319.108937573295,31.5915696592194,-4.57571983380474));
#3219=CARTESIAN_POINT('Ctrl Pts',(319.197830562702,31.5742932301288,-4.56322421893307));
#3220=CARTESIAN_POINT('Ctrl Pts',(319.28573406422,31.5708921682264,-4.53715290212523));
#3221=CARTESIAN_POINT('Ctrl Pts',(319.368551104557,31.5676879058718,-4.51259017983984));
#3222=CARTESIAN_POINT('Ctrl Pts',(319.446392362504,31.5769640690637,-4.4771868209482));
#3223=CARTESIAN_POINT('Ctrl Pts',(319.517833027308,31.5972841504961,-4.43286052306776));
#3224=CARTESIAN_POINT('Ctrl Pts',(319.599680945316,31.6205643980073,-4.38207690837873));
#3225=CARTESIAN_POINT('Ctrl Pts',(319.670067521679,31.6574282266434,-4.32152203434417));
#3226=CARTESIAN_POINT('Ctrl Pts',(319.729250568486,31.7029346306456,-4.25606189163291));
#3227=CARTESIAN_POINT('Ctrl Pts',(319.811102357632,31.7658712448648,-4.1655287053949));
#3228=CARTESIAN_POINT('Ctrl Pts',(319.871386002936,31.8450703886792,-4.06592862223632));
#3229=CARTESIAN_POINT('Ctrl Pts',(319.913735491957,31.9303619362798,-3.96623655500447));
#3230=CARTESIAN_POINT('Ctrl Pts',(319.973854326108,32.0514408093253,-3.82471487446789));
#3231=CARTESIAN_POINT('Ctrl Pts',(320.,32.1886011074047,-3.67846798883566));
#3232=CARTESIAN_POINT('Ctrl Pts',(320.,32.3275682966879,-3.53917828810833));
#3233=CARTESIAN_POINT('Origin',(110.,-41.8199444992425,-2.18479688690133));
#3234=CARTESIAN_POINT('',(318.907856913364,-61.7159308719439,-2.25625426701824));
#3235=CARTESIAN_POINT('Ctrl Pts',(318.907857451704,-61.7159253036159,-2.2562308139971));
#3236=CARTESIAN_POINT('Ctrl Pts',(318.936671961008,-61.7186699857681,-2.25624258704917));
#3237=CARTESIAN_POINT('Ctrl Pts',(318.964629136311,-61.7212447170192,-2.26170705410964));
#3238=CARTESIAN_POINT('Ctrl Pts',(318.991611229892,-61.7236858126631,-2.27151830680159));
#3239=CARTESIAN_POINT('Ctrl Pts',(318.993754924613,-61.7238797547615,-2.27229779896906));
#3240=CARTESIAN_POINT('Ctrl Pts',(318.99589248296,-61.7240728457552,-2.27310475494871));
#3241=CARTESIAN_POINT('Ctrl Pts',(318.998023855013,-61.7242651029435,-2.27393864619922));
#3242=CARTESIAN_POINT('Ctrl Pts',(319.005013220309,-61.7248955680554,-2.27667320892425));
#3243=CARTESIAN_POINT('Ctrl Pts',(319.011897820502,-61.7255135750215,-2.27968226022579));
#3244=CARTESIAN_POINT('Ctrl Pts',(319.018673827744,-61.7261198056519,-2.28293692326973));
#3245=CARTESIAN_POINT('Ctrl Pts',(319.03537620435,-61.7276141211004,-2.29095943652135));
#3246=CARTESIAN_POINT('Ctrl Pts',(319.051418180785,-61.7290373802337,-2.3004750687795));
#3247=CARTESIAN_POINT('Ctrl Pts',(319.06674890723,-61.7303933386816,-2.31103574841568));
#3248=CARTESIAN_POINT('Ctrl Pts',(319.079121778817,-61.7314876834156,-2.31955888875652));
#3249=CARTESIAN_POINT('Ctrl Pts',(319.091031566498,-61.7325380924427,-2.32876252768731));
#3250=CARTESIAN_POINT('Ctrl Pts',(319.102455282267,-61.7335446009466,-2.33841258256638));
#3251=CARTESIAN_POINT('Ctrl Pts',(319.113440841212,-61.7345125047987,-2.34769250941645));
#3252=CARTESIAN_POINT('Ctrl Pts',(319.124162973481,-61.7354563906829,-2.3575437929682));
#3253=CARTESIAN_POINT('Ctrl Pts',(319.134608716825,-61.7363767644419,-2.36784887938179));
#3254=CARTESIAN_POINT('Ctrl Pts',(319.143917330965,-61.7371969458216,-2.37703214858007));
#3255=CARTESIAN_POINT('Ctrl Pts',(319.153006479836,-61.737998460105,-2.38657581306698));
#3256=CARTESIAN_POINT('Ctrl Pts',(319.161867954832,-61.7387812899506,-2.39639631008335));
#3257=CARTESIAN_POINT('',(110.,-41.8199444992425,-2.18479688690133));
#3258=CARTESIAN_POINT('',(110.,-41.8199444992425,-2.18479688690133));
#3259=CARTESIAN_POINT('',(110.,-41.8199444992425,-2.39606438690133));
#3260=CARTESIAN_POINT('Origin',(110.,-41.8199444992425,-2.18479688690133));
#3261=CARTESIAN_POINT('',(110.,-41.8199444992425,-2.60733188690133));
#3262=CARTESIAN_POINT('',(110.,-41.8199444992425,-2.39606438690133));
#3263=CARTESIAN_POINT('',(110.,-41.8199444992425,-2.60733188690133));
#3264=CARTESIAN_POINT('Ctrl Pts',(319.809568223236,-61.3291417179114,-2.39606438688896));
#3265=CARTESIAN_POINT('Ctrl Pts',(319.810292317843,-61.2856551675143,-2.47794887126212));
#3266=CARTESIAN_POINT('Ctrl Pts',(319.811310858471,-61.1964806749015,-2.61677992646212));
#3267=CARTESIAN_POINT('Ctrl Pts',(319.8129741806,-61.0737292302893,-2.75145510155525));
#3268=CARTESIAN_POINT('Ctrl Pts',(319.813799327831,-61.0038760843697,-2.8165119148884));
#3269=CARTESIAN_POINT('Ctrl Pts',(319.932330995493,-61.178770531651,-2.31827115291566));
#3270=CARTESIAN_POINT('Ctrl Pts',(319.932601642536,-61.1412181697834,-2.38907650728995));
#3271=CARTESIAN_POINT('Ctrl Pts',(319.932988747503,-61.0604146119734,-2.51545228648709));
#3272=CARTESIAN_POINT('Ctrl Pts',(319.93362158508,-60.9510245432423,-2.63572781894353));
#3273=CARTESIAN_POINT('Ctrl Pts',(319.933929209859,-60.8877447279107,-2.69480655645213));
#3274=CARTESIAN_POINT('Ctrl Pts',(320.,-60.9934987685971,-2.22242240708648));
#3275=CARTESIAN_POINT('Ctrl Pts',(319.999996586931,-60.9634303838483,-2.27964601193039));
#3276=CARTESIAN_POINT('Ctrl Pts',(319.9999987039,-60.8931440586929,-2.39083348945304));
#3277=CARTESIAN_POINT('Ctrl Pts',(320.000003799706,-60.8004576357929,-2.4937243220234));
#3278=CARTESIAN_POINT('Ctrl Pts',(320.,-60.7453873898313,-2.54561643773437));
#3279=CARTESIAN_POINT('Ctrl Pts',(320.,-60.8077563173195,-2.12633015477161));
#3280=CARTESIAN_POINT('Ctrl Pts',(320.,-60.7851978800865,-2.16993470485453));
#3281=CARTESIAN_POINT('Ctrl Pts',(320.,-60.7254584340097,-2.26589971313383));
#3282=CARTESIAN_POINT('Ctrl Pts',(320.,-60.6495189832021,-2.35137507009345));
#3283=CARTESIAN_POINT('Ctrl Pts',(320.,-60.6026846958286,-2.39606438691037));
#3284=CARTESIAN_POINT('Ctrl Pts',(320.,-60.6860839790981,-2.30756195680722));
#3285=CARTESIAN_POINT('Ctrl Pts',(320.,-60.6878056199136,-2.30782967785947));
#3286=CARTESIAN_POINT('Ctrl Pts',(319.999996670869,-60.6895273159637,-2.30809699449466));
#3287=CARTESIAN_POINT('Ctrl Pts',(319.999677827443,-60.7718153227989,-2.32085366991497));
#3288=CARTESIAN_POINT('Ctrl Pts',(319.992053071487,-60.8519417103815,-2.33234773093024));
#3289=CARTESIAN_POINT('Ctrl Pts',(319.960783850149,-61.0069842673669,-2.35359351234462));
#3290=CARTESIAN_POINT('Ctrl Pts',(319.937942698597,-61.0811594778661,-2.36323447307155));
#3291=CARTESIAN_POINT('Ctrl Pts',(319.898633390113,-61.1720914705209,-2.37538145986847));
#3292=CARTESIAN_POINT('Ctrl Pts',(319.889489665688,-61.1915523840801,-2.3780497832006));
#3293=CARTESIAN_POINT('Ctrl Pts',(319.877159420961,-61.2158049459053,-2.38138982351549));
#3294=CARTESIAN_POINT('Ctrl Pts',(319.8746110457,-61.2207227853652,-2.38206227504543));
#3295=CARTESIAN_POINT('Ctrl Pts',(319.860246129199,-61.247924600646,-2.3857554683712));
#3296=CARTESIAN_POINT('Ctrl Pts',(319.847673759191,-61.2698213867391,-2.38863005883545));
#3297=CARTESIAN_POINT('Ctrl Pts',(319.826341597862,-61.3040615281439,-2.39297847670911));
#3298=CARTESIAN_POINT('Ctrl Pts',(319.818090181071,-61.3166933369472,-2.39454918370443));
#3299=CARTESIAN_POINT('Ctrl Pts',(319.80956822324,-61.329141717907,-2.39606438688673));
#3300=CARTESIAN_POINT('Ctrl Pts',(320.248119593541,32.8982348232306,-2.88397674582023));
#3301=CARTESIAN_POINT('Ctrl Pts',(250.165414204803,55.9921446726109,-3.23958333681957));
#3302=CARTESIAN_POINT('Ctrl Pts',(180.082707275876,79.0860550295201,-3.59507155163995));
#3303=CARTESIAN_POINT('Ctrl Pts',(110.,102.179965500757,-3.95052426358681));
#3304=CARTESIAN_POINT('Ctrl Pts',(320.084034017099,32.3916206055059,-3.44679522349042));
#3305=CARTESIAN_POINT('Ctrl Pts',(250.001332032878,55.485540063506,-3.80258583724422));
#3306=CARTESIAN_POINT('Ctrl Pts',(179.918628548281,78.5794592105424,-4.15824245754748));
#3307=CARTESIAN_POINT('Ctrl Pts',(109.835924049288,101.673376747729,-4.51382980792838));
#3308=CARTESIAN_POINT('Ctrl Pts',(319.919948440656,31.8850063877811,-4.00961370116061));
#3309=CARTESIAN_POINT('Ctrl Pts',(249.837249860953,54.9789354544009,-4.36558833766887));
#3310=CARTESIAN_POINT('Ctrl Pts',(179.754549820686,78.0728633915645,-4.721413363455));
#3311=CARTESIAN_POINT('Ctrl Pts',(109.671848098576,101.166787994701,-5.07713535226994));
#3312=CARTESIAN_POINT('Ctrl Pts',(319.755862864214,31.3783921700564,-4.5724321788308));
#3313=CARTESIAN_POINT('Ctrl Pts',(249.673167689028,54.472330845296,-4.92859083809352));
#3314=CARTESIAN_POINT('Ctrl Pts',(179.590471093091,77.5662675725868,-5.28458426936253));
#3315=CARTESIAN_POINT('Ctrl Pts',(109.507772147863,100.660199241673,-5.6404408966115));
#3316=CARTESIAN_POINT('',(110.,100.497998348166,-5.63794152527734));
#3317=CARTESIAN_POINT('Ctrl Pts',(319.02171044095,31.6203131034986,-4.57616311866706));
#3318=CARTESIAN_POINT('Ctrl Pts',(249.347808672189,54.5795444731221,-4.93024315228329));
#3319=CARTESIAN_POINT('Ctrl Pts',(179.673905495999,77.5387739067212,-5.28415997793627));
#3320=CARTESIAN_POINT('Ctrl Pts',(109.999999999994,100.49799834815,-5.63794152510292));
#3321=CARTESIAN_POINT('',(110.,102.179965500757,-3.95052426358681));
#3322=CARTESIAN_POINT('Ctrl Pts',(110.,100.497998348166,-5.63794152527734));
#3323=CARTESIAN_POINT('Ctrl Pts',(110.,100.778325281912,-5.35670674459486));
#3324=CARTESIAN_POINT('Ctrl Pts',(110.000000000003,101.058652090203,-5.07547183886248));
#3325=CARTESIAN_POINT('Ctrl Pts',(110.000000000003,101.619307807675,-4.51299941824121));
#3326=CARTESIAN_POINT('Ctrl Pts',(110.,101.899636716855,-4.23176190335017));
#3327=CARTESIAN_POINT('Ctrl Pts',(110.,102.179965500757,-3.95052426358681));
#3328=CARTESIAN_POINT('Ctrl Pts',(110.,102.179965500757,-3.95052426358681));
#3329=CARTESIAN_POINT('Ctrl Pts',(180.000000742471,79.1133087894287,-3.59549103117688));
#3330=CARTESIAN_POINT('Ctrl Pts',(250.000001138812,56.0466521921584,-3.24042237963982));
#3331=CARTESIAN_POINT('Ctrl Pts',(320.000000000001,32.9799961007569,-2.88523572872728));
#3332=CARTESIAN_POINT('Ctrl Pts',(110.,-41.8199444992425,-2.60733188690133));
#3333=CARTESIAN_POINT('Ctrl Pts',(179.673903480326,-48.4555543545117,-2.58349977891466));
#3334=CARTESIAN_POINT('Ctrl Pts',(249.347806960652,-55.0911642097808,-2.55966767092799));
#3335=CARTESIAN_POINT('Ctrl Pts',(319.021710440978,-61.7267740650499,-2.53583556294133));
#3336=CARTESIAN_POINT('Ctrl Pts',(110.,-41.7332847001837,-2.79190572557241));
#3337=CARTESIAN_POINT('Ctrl Pts',(179.673903480326,-48.3848285189811,-2.73287839931476));
#3338=CARTESIAN_POINT('Ctrl Pts',(249.347806960652,-55.0380298897335,-2.67409469768699));
#3339=CARTESIAN_POINT('Ctrl Pts',(319.021710440978,-61.6895737085309,-2.61506737142934));
#3340=CARTESIAN_POINT('Ctrl Pts',(110.,-41.4841247401337,-3.17833860329026));
#3341=CARTESIAN_POINT('Ctrl Pts',(179.673903480326,-48.1796349030218,-3.06486511821085));
#3342=CARTESIAN_POINT('Ctrl Pts',(249.347806960652,-54.8751666012866,-2.95151964141273));
#3343=CARTESIAN_POINT('Ctrl Pts',(319.021710440978,-61.5706767641747,-2.83804615633332));
#3344=CARTESIAN_POINT('Ctrl Pts',(110.,-40.9092709551891,-3.75816688299432));
#3345=CARTESIAN_POINT('Ctrl Pts',(179.673903480326,-47.6600233049868,-3.6009223436063));
#3346=CARTESIAN_POINT('Ctrl Pts',(249.347806960652,-54.4121138945761,-3.44382176490002));
#3347=CARTESIAN_POINT('Ctrl Pts',(319.021710440978,-61.1628662443738,-3.286577225512));
#3348=CARTESIAN_POINT('Ctrl Pts',(110.,-40.1265901174358,-4.27209804292866));
#3349=CARTESIAN_POINT('Ctrl Pts',(179.673903480326,-46.8891772068735,-4.08978928635466));
#3350=CARTESIAN_POINT('Ctrl Pts',(249.347806960652,-53.6519626477787,-3.90749847863578));
#3351=CARTESIAN_POINT('Ctrl Pts',(319.021710440978,-60.4145497372163,-3.72518972206179));
#3352=CARTESIAN_POINT('Ctrl Pts',(110.,-39.0407416485166,-4.71464398639397));
#3353=CARTESIAN_POINT('Ctrl Pts',(179.673903480326,-45.8159919308343,-4.50712652244404));
#3354=CARTESIAN_POINT('Ctrl Pts',(249.347806960652,-52.5915787696132,-4.29974624850518));
#3355=CARTESIAN_POINT('Ctrl Pts',(319.021710440978,-59.3668290519309,-4.09222878455525));
#3356=CARTESIAN_POINT('Ctrl Pts',(110.,-37.5561292208352,-5.11203028224284));
#3357=CARTESIAN_POINT('Ctrl Pts',(179.673903480326,-44.4215607336876,-4.86628544685536));
#3358=CARTESIAN_POINT('Ctrl Pts',(249.347806960652,-51.2870839579558,-4.62065479379589));
#3359=CARTESIAN_POINT('Ctrl Pts',(319.021710440978,-58.1525154708082,-4.37490995840842));
#3360=CARTESIAN_POINT('Ctrl Pts',(110.,-35.6952203288893,-5.48321006129575));
#3361=CARTESIAN_POINT('Ctrl Pts',(179.673903480326,-42.7732603083288,-5.18496940119408));
#3362=CARTESIAN_POINT('Ctrl Pts',(249.347806960652,-49.8512336167291,-4.88687883904806));
#3363=CARTESIAN_POINT('Ctrl Pts',(319.021710440978,-56.9292735961685,-4.58863817894639));
#3364=CARTESIAN_POINT('Ctrl Pts',(110.,-33.6090423557639,-5.82798742093118));
#3365=CARTESIAN_POINT('Ctrl Pts',(179.673903480326,-41.0067014424617,-5.47043268454316));
#3366=CARTESIAN_POINT('Ctrl Pts',(249.347806960652,-48.4045533136912,-5.11296051376816));
#3367=CARTESIAN_POINT('Ctrl Pts',(319.021710440978,-55.802212400389,-4.75540577738015));
#3368=CARTESIAN_POINT('Ctrl Pts',(110.,-31.4981303210695,-6.13560129579171));
#3369=CARTESIAN_POINT('Ctrl Pts',(179.673903480326,-39.2633886165535,-5.7207674325091));
#3370=CARTESIAN_POINT('Ctrl Pts',(249.347806960652,-47.0281838791877,-5.30610009671052));
#3371=CARTESIAN_POINT('Ctrl Pts',(319.021710440978,-54.7934421746716,-4.89126623342792));
#3372=CARTESIAN_POINT('Ctrl Pts',(110.,-29.5454225551787,-6.39310069604248));
#3373=CARTESIAN_POINT('Ctrl Pts',(179.673903480326,-37.6522140858469,-5.93140554374249));
#3374=CARTESIAN_POINT('Ctrl Pts',(249.347806960652,-45.7593517343683,-5.46976748282986));
#3375=CARTESIAN_POINT('Ctrl Pts',(319.021710440978,-53.8661432650364,-5.00807233052987));
#3376=CARTESIAN_POINT('Ctrl Pts',(110.,-27.2558640566639,-6.66197718756824));
#3377=CARTESIAN_POINT('Ctrl Pts',(179.673903480326,-35.7210978239139,-6.15750154945944));
#3378=CARTESIAN_POINT('Ctrl Pts',(249.347806960652,-44.1855017189415,-5.65321308394501));
#3379=CARTESIAN_POINT('Ctrl Pts',(319.021710440978,-52.6507354861915,-5.1487374458362));
#3380=CARTESIAN_POINT('Ctrl Pts',(110.,-25.3085592808123,-6.83193650921233));
#3381=CARTESIAN_POINT('Ctrl Pts',(179.673903480326,-33.9747277808049,-6.31393471953237));
#3382=CARTESIAN_POINT('Ctrl Pts',(249.347806960652,-42.6412005664345,-5.79597986885734));
#3383=CARTESIAN_POINT('Ctrl Pts',(319.021710440978,-51.3073690664272,-5.27797807917738));
#3384=CARTESIAN_POINT('Ctrl Pts',(110.,-22.9637300325267,-6.97287489613998));
#3385=CARTESIAN_POINT('Ctrl Pts',(179.673903480326,-31.8387603198312,-6.44991411602586));
#3386=CARTESIAN_POINT('Ctrl Pts',(249.347806960652,-40.7151365421801,-5.92688059414417));
#3387=CARTESIAN_POINT('Ctrl Pts',(319.021710440978,-49.5901668294846,-5.40391981403004));
#3388=CARTESIAN_POINT('Ctrl Pts',(110.,-20.8508095027364,-7.08002074159918));
#3389=CARTESIAN_POINT('Ctrl Pts',(179.673903480326,-29.931035340688,-6.55202109500596));
#3390=CARTESIAN_POINT('Ctrl Pts',(249.347806960652,-39.0123246816052,-6.02397517290547));
#3391=CARTESIAN_POINT('Ctrl Pts',(319.021710440978,-48.0925505195569,-5.49597552631226));
#3392=CARTESIAN_POINT('Ctrl Pts',(110.,-18.3402086167162,-7.19523063393553));
#3393=CARTESIAN_POINT('Ctrl Pts',(179.673903480326,-27.6883538790403,-6.6585453053592));
#3394=CARTESIAN_POINT('Ctrl Pts',(249.347806960652,-37.036837080867,-6.1218930252556));
#3395=CARTESIAN_POINT('Ctrl Pts',(319.021710440978,-46.384982343191,-5.58520769667927));
#3396=CARTESIAN_POINT('Ctrl Pts',(110.,-14.5103624864464,-7.36002032922208));
#3397=CARTESIAN_POINT('Ctrl Pts',(179.673903480326,-24.2968667411383,-6.80625610360946));
#3398=CARTESIAN_POINT('Ctrl Pts',(249.347806960652,-34.0848061277861,-6.25239994342779));
#3399=CARTESIAN_POINT('Ctrl Pts',(319.021710440978,-43.871310382478,-5.69863571781517));
#3400=CARTESIAN_POINT('Ctrl Pts',(110.,-9.0289913069505,-7.57762070544178));
#3401=CARTESIAN_POINT('Ctrl Pts',(179.673903480326,-19.4851053717535,-6.99396705134219));
#3402=CARTESIAN_POINT('Ctrl Pts',(249.347806960652,-29.9417429410857,-6.41030322553157));
#3403=CARTESIAN_POINT('Ctrl Pts',(319.021710440978,-40.3978570058888,-5.82664957143197));
#3404=CARTESIAN_POINT('Ctrl Pts',(110.,-2.37020637268126,-7.7950534703323));
#3405=CARTESIAN_POINT('Ctrl Pts',(179.673903480326,-13.6351004693405,-7.17898245644741));
#3406=CARTESIAN_POINT('Ctrl Pts',(249.347806960652,-24.9010055837335,-6.56284681714118));
#3407=CARTESIAN_POINT('Ctrl Pts',(319.021710440978,-36.1658996803928,-5.9467758032563));
#3408=CARTESIAN_POINT('Ctrl Pts',(110.,3.67304021234325,-7.9249242667013));
#3409=CARTESIAN_POINT('Ctrl Pts',(179.673903480326,-8.28122455389532,-7.29249939987285));
#3410=CARTESIAN_POINT('Ctrl Pts',(249.347806960652,-20.235807600033,-6.66007744266836));
#3411=CARTESIAN_POINT('Ctrl Pts',(319.021710440978,-32.1900723662716,-6.02765257583991));
#3412=CARTESIAN_POINT('Ctrl Pts',(110.,9.75176905872291,-7.97983192689694));
#3413=CARTESIAN_POINT('Ctrl Pts',(179.673903480326,-2.85222666518183,-7.34565206551517));
#3414=CARTESIAN_POINT('Ctrl Pts',(249.347806960652,-15.4553796819266,-6.71159315681469));
#3415=CARTESIAN_POINT('Ctrl Pts',(319.021710440978,-28.0593754058314,-6.07741329543292));
#3416=CARTESIAN_POINT('Ctrl Pts',(110.,16.233313156154,-7.97318466678605));
#3417=CARTESIAN_POINT('Ctrl Pts',(179.673903480326,2.94595612211233,-7.34631691726518));
#3418=CARTESIAN_POINT('Ctrl Pts',(249.347806960652,-10.3441098365227,-6.71922498372858));
#3419=CARTESIAN_POINT('Ctrl Pts',(319.021710440978,-23.6314668705644,-6.09235723420771));
#3420=CARTESIAN_POINT('Ctrl Pts',(110.,22.537000869682,-7.94863353298228));
#3421=CARTESIAN_POINT('Ctrl Pts',(179.673903480326,8.54503243198182,-7.32546430312441));
#3422=CARTESIAN_POINT('Ctrl Pts',(249.347806960652,-5.44654353482298,-6.70238989983353));
#3423=CARTESIAN_POINT('Ctrl Pts',(319.021710440978,-19.4385119725232,-6.07922066997566));
#3424=CARTESIAN_POINT('Ctrl Pts',(110.,27.7489083957973,-7.91710438610614));
#3425=CARTESIAN_POINT('Ctrl Pts',(179.673903480326,13.1636358139215,-7.29660673224248));
#3426=CARTESIAN_POINT('Ctrl Pts',(249.347806960652,-1.42252469851816,-6.67608037361939));
#3427=CARTESIAN_POINT('Ctrl Pts',(319.021710440978,-16.0077972803939,-6.05558271975574));
#3428=CARTESIAN_POINT('Ctrl Pts',(110.,31.0248811768604,-7.88947841111325));
#3429=CARTESIAN_POINT('Ctrl Pts',(179.673903480326,16.0652199255947,-7.27133928472523));
#3430=CARTESIAN_POINT('Ctrl Pts',(249.347806960652,1.10520196650316,-6.65325778682481));
#3431=CARTESIAN_POINT('Ctrl Pts',(319.021710440978,-13.8544592847625,-6.03511866043679));
#3432=CARTESIAN_POINT('Ctrl Pts',(110.,33.6347686273695,-7.86141600446057));
#3433=CARTESIAN_POINT('Ctrl Pts',(179.673903480326,18.3780455965147,-7.24604084179866));
#3434=CARTESIAN_POINT('Ctrl Pts',(249.347806960652,3.12087904011115,-6.63065421533176));
#3435=CARTESIAN_POINT('Ctrl Pts',(319.021710440978,-12.1358439907436,-6.01527905266986));
#3436=CARTESIAN_POINT('Ctrl Pts',(110.,36.232295295165,-7.82889365742379));
#3437=CARTESIAN_POINT('Ctrl Pts',(179.673903480326,20.6810887408754,-7.2168612888285));
#3438=CARTESIAN_POINT('Ctrl Pts',(249.347806960652,5.12926419069697,-6.60492256575838));
#3439=CARTESIAN_POINT('Ctrl Pts',(319.021710440978,-10.4219423635926,-5.99289019716309));
#3440=CARTESIAN_POINT('Ctrl Pts',(110.,43.3088537697193,-7.72138508096727));
#3441=CARTESIAN_POINT('Ctrl Pts',(179.673903480326,26.9597888969798,-7.12161519677224));
#3442=CARTESIAN_POINT('Ctrl Pts',(249.347806960652,10.6104460073482,-6.52177547451539));
#3443=CARTESIAN_POINT('Ctrl Pts',(319.021710440978,-5.73861886539132,-5.92200559032036));
#3444=CARTESIAN_POINT('Ctrl Pts',(110.,53.2968472404542,-7.46738261550781));
#3445=CARTESIAN_POINT('Ctrl Pts',(179.673903480326,35.852541969874,-6.89858438969268));
#3446=CARTESIAN_POINT('Ctrl Pts',(249.347806960652,18.4082735101732,-6.32989011620569));
#3447=CARTESIAN_POINT('Ctrl Pts',(319.021710440978,0.963968239592991,-5.76109189039056));
#3448=CARTESIAN_POINT('Ctrl Pts',(110.,64.1726801474391,-7.11888697085453));
#3449=CARTESIAN_POINT('Ctrl Pts',(179.673903480326,45.5163931536154,-6.58799883655586));
#3450=CARTESIAN_POINT('Ctrl Pts',(249.347806960652,26.8576402545117,-6.05724049792961));
#3451=CARTESIAN_POINT('Ctrl Pts',(319.021710440978,8.20135326068799,-5.52635236363094));
#3452=CARTESIAN_POINT('Ctrl Pts',(110.,71.8553752728452,-6.85500019782761));
#3453=CARTESIAN_POINT('Ctrl Pts',(179.673903480326,52.3270755036219,-6.35446080490863));
#3454=CARTESIAN_POINT('Ctrl Pts',(249.347806960652,32.7971300802904,-5.85407560401715));
#3455=CARTESIAN_POINT('Ctrl Pts',(319.021710440978,13.2688303110671,-5.35353621109818));
#3456=CARTESIAN_POINT('Ctrl Pts',(110.,79.5105974167384,-6.57766509462214));
#3457=CARTESIAN_POINT('Ctrl Pts',(179.673903480326,59.1107699329027,-6.10990276742395));
#3458=CARTESIAN_POINT('Ctrl Pts',(249.347806960652,38.7087437815197,-5.64229509703557));
#3459=CARTESIAN_POINT('Ctrl Pts',(319.021710440978,18.308916297684,-5.17453276983737));
#3460=CARTESIAN_POINT('Ctrl Pts',(110.,89.0308759143163,-6.19689283691708));
#3461=CARTESIAN_POINT('Ctrl Pts',(179.673903480326,67.576352249181,-5.77146136828325));
#3462=CARTESIAN_POINT('Ctrl Pts',(249.347806960652,46.1247687804041,-5.34573767543369));
#3463=CARTESIAN_POINT('Ctrl Pts',(319.021710440978,24.6702451152688,-4.92030620679985));
#3464=CARTESIAN_POINT('Ctrl Pts',(110.,96.670667220413,-5.83453292533838));
#3465=CARTESIAN_POINT('Ctrl Pts',(179.673903480326,74.4064106424212,-5.44474211424976));
#3466=CARTESIAN_POINT('Ctrl Pts',(249.347806960652,52.1371769272323,-5.05537465214819));
#3467=CARTESIAN_POINT('Ctrl Pts',(319.021710440978,29.8729203492405,-4.66558384105957));
#3468=CARTESIAN_POINT('Ctrl Pts',(110.,100.497998348166,-5.63794152527734));
#3469=CARTESIAN_POINT('Ctrl Pts',(179.673903480326,77.8010656755916,-5.27068741855438));
#3470=CARTESIAN_POINT('Ctrl Pts',(249.347806960652,55.1041330030174,-4.90343331183141));
#3471=CARTESIAN_POINT('Ctrl Pts',(319.021710440978,32.4072003304431,-4.53617920510845));
#3472=CARTESIAN_POINT('',(110.,-25.7506959489917,-6.7860457938834));
#3473=CARTESIAN_POINT('Ctrl Pts',(110.,-41.8199444992425,-2.60733188690133));
#3474=CARTESIAN_POINT('Ctrl Pts',(110.,-41.7638082238665,-2.72689468242341));
#3475=CARTESIAN_POINT('Ctrl Pts',(110.,-41.625610955652,-2.97095657459805));
#3476=CARTESIAN_POINT('Ctrl Pts',(110.,-41.3401409956342,-3.35212146099299));
#3477=CARTESIAN_POINT('Ctrl Pts',(110.,-40.8255598207343,-3.85538756502489));
#3478=CARTESIAN_POINT('Ctrl Pts',(110.,-39.9414091958337,-4.39189830426165));
#3479=CARTESIAN_POINT('Ctrl Pts',(110.,-38.6671205422055,-4.84890253645495));
#3480=CARTESIAN_POINT('Ctrl Pts',(110.,-36.8968643370831,-5.2650980994062));
#3481=CARTESIAN_POINT('Ctrl Pts',(110.,-34.7306799897325,-5.65542730332615));
#3482=CARTESIAN_POINT('Ctrl Pts',(110.,-32.4110741312564,-6.0103390626441));
#3483=CARTESIAN_POINT('Ctrl Pts',(110.,-30.1955808415685,-6.31320142724655));
#3484=CARTESIAN_POINT('Ctrl Pts',(110.,-28.4569195479114,-6.52620691496627));
#3485=CARTESIAN_POINT('Ctrl Pts',(110.,-27.2581957081904,-6.65363666432368));
#3486=CARTESIAN_POINT('Ctrl Pts',(110.,-26.4257996879476,-6.73024442871492));
#3487=CARTESIAN_POINT('Ctrl Pts',(110.,-25.9207789661752,-6.77234574904689));
#3488=CARTESIAN_POINT('Ctrl Pts',(110.,-25.7506959489976,-6.78604579388292));
#3489=CARTESIAN_POINT('',(120.000002086162,-25.7506959489917,-6.80302792732062));
#3490=CARTESIAN_POINT('Ctrl Pts',(110.,-25.7506959489917,-6.7860457938834));
#3491=CARTESIAN_POINT('Ctrl Pts',(113.349519228227,-25.7506959489917,-6.79472381754987));
#3492=CARTESIAN_POINT('Ctrl Pts',(116.664767590857,-25.7506959489917,-6.80003170321689));
#3493=CARTESIAN_POINT('Ctrl Pts',(120.000002086162,-25.7506959489917,-6.80302792732061));
#3494=CARTESIAN_POINT('',(120.000002086162,53.4986140326787,-7.29188531774666));
#3495=CARTESIAN_POINT('Ctrl Pts',(120.000002086162,-25.7498414466702,-6.80321524090972));
#3496=CARTESIAN_POINT('Ctrl Pts',(120.000002086162,-25.260251210282,-6.83581903387897));
#3497=CARTESIAN_POINT('Ctrl Pts',(120.000002086162,-24.7425818460799,-6.8668403182681));
#3498=CARTESIAN_POINT('Ctrl Pts',(120.000002086162,-24.1796451188082,-6.89802495777297));
#3499=CARTESIAN_POINT('Ctrl Pts',(120.000002086162,-23.5430442010326,-6.93329032449637));
#3500=CARTESIAN_POINT('Ctrl Pts',(120.000002086162,-22.8485536831588,-6.96876459586282));
#3501=CARTESIAN_POINT('Ctrl Pts',(120.000002086162,-22.0892830305525,-7.00549569825803));
#3502=CARTESIAN_POINT('Ctrl Pts',(120.000002086162,-21.3300123779462,-7.04222680065324));
#3503=CARTESIAN_POINT('Ctrl Pts',(120.000002086162,-20.5059615906073,-7.08021473407721));
#3504=CARTESIAN_POINT('Ctrl Pts',(120.000002086162,-19.6230708199809,-7.1195009010711));
#3505=CARTESIAN_POINT('Ctrl Pts',(120.000002086162,-18.7401800493544,-7.158787068065));
#3506=CARTESIAN_POINT('Ctrl Pts',(120.000002086162,-17.7984492954403,-7.19937146862881));
#3507=CARTESIAN_POINT('Ctrl Pts',(120.000002086162,-16.8116107286881,-7.24064847006373));
#3508=CARTESIAN_POINT('Ctrl Pts',(120.000002086162,-14.8379335951836,-7.32320247293357));
#3509=CARTESIAN_POINT('Ctrl Pts',(120.000002086162,-12.6838252103265,-7.40852687928783));
#3510=CARTESIAN_POINT('Ctrl Pts',(120.000002086162,-10.5163208679059,-7.48665236175036));
#3511=CARTESIAN_POINT('Ctrl Pts',(120.000002086162,-8.34881652548536,-7.56477784421289));
#3512=CARTESIAN_POINT('Ctrl Pts',(120.000002086162,-6.16791622550132,-7.63570440278368));
#3513=CARTESIAN_POINT('Ctrl Pts',(120.000002086162,-4.08674795557373,-7.69242168967525));
#3514=CARTESIAN_POINT('Ctrl Pts',(120.000002086162,-2.00557968564614,-7.74913897656681));
#3515=CARTESIAN_POINT('Ctrl Pts',(120.000002086162,-0.0241434457750034,
-7.79164699177914));
#3516=CARTESIAN_POINT('Ctrl Pts',(120.000002086162,1.86439718636116,-7.821099483072));
#3517=CARTESIAN_POINT('Ctrl Pts',(120.000002086162,3.75293781849732,-7.85055197436486));
#3518=CARTESIAN_POINT('Ctrl Pts',(120.000002086162,5.54858284289849,-7.86694894173823));
#3519=CARTESIAN_POINT('Ctrl Pts',(120.000002086162,7.32078213786845,-7.87566408283372));
#3520=CARTESIAN_POINT('Ctrl Pts',(120.000002086162,9.68371453116171,-7.88728427096104));
#3521=CARTESIAN_POINT('Ctrl Pts',(120.000002086162,12.0049656276884,-7.88524787903877));
#3522=CARTESIAN_POINT('Ctrl Pts',(120.000002086162,14.4061068602252,-7.8794260470361));
#3523=CARTESIAN_POINT('Ctrl Pts',(120.000002086162,16.807248092762,-7.87360421503343));
#3524=CARTESIAN_POINT('Ctrl Pts',(120.000002086162,19.288279461309,-7.86399694295036));
#3525=CARTESIAN_POINT('Ctrl Pts',(120.000002086162,21.824204773554,-7.85041234292292));
#3526=CARTESIAN_POINT('Ctrl Pts',(120.000002086162,23.0921674296765,-7.84362004290919));
#3527=CARTESIAN_POINT('Ctrl Pts',(120.000002086162,24.3738535717235,-7.83583341090938));
#3528=CARTESIAN_POINT('Ctrl Pts',(120.000002086162,25.6591450192665,-7.82648271659587));
#3529=CARTESIAN_POINT('Ctrl Pts',(120.000002086162,26.9444364668094,-7.81713202228236));
#3530=CARTESIAN_POINT('Ctrl Pts',(120.000002086162,28.2333332198484,-7.80621726565516));
#3531=CARTESIAN_POINT('Ctrl Pts',(120.000002086162,29.5187157530583,-7.79335695815689));
#3532=CARTESIAN_POINT('Ctrl Pts',(120.000002086162,30.1614070196633,-7.78692680440775));
#3533=CARTESIAN_POINT('Ctrl Pts',(120.000002086162,30.8032197313109,-7.78001026294085));
#3534=CARTESIAN_POINT('Ctrl Pts',(120.000002086162,31.4435335280667,-7.77254675831285));
#3535=CARTESIAN_POINT('Ctrl Pts',(120.000002086162,32.0838473248225,-7.76508325368486));
#3536=CARTESIAN_POINT('Ctrl Pts',(120.000002086162,32.7226622066863,-7.75707278589578));
#3537=CARTESIAN_POINT('Ctrl Pts',(120.000002086162,33.3595099306132,-7.74852793826512));
#3538=CARTESIAN_POINT('Ctrl Pts',(120.000002086162,34.6332053784669,-7.73143824300381));
#3539=CARTESIAN_POINT('Ctrl Pts',(120.000002086162,35.8990321945725,-7.7122110283762));
#3540=CARTESIAN_POINT('Ctrl Pts',(120.000002086162,37.1574636554443,-7.69059035471354));
#3541=CARTESIAN_POINT('Ctrl Pts',(120.000002086162,42.1911894989314,-7.60410766006293));
#3542=CARTESIAN_POINT('Ctrl Pts',(120.000002086162,47.1065896586771,-7.47932962085159));
#3543=CARTESIAN_POINT('Ctrl Pts',(120.000002086163,52.0910023348598,-7.33360339645031));
#3544=CARTESIAN_POINT('Ctrl Pts',(120.000002086163,52.5591924016303,-7.31991520986442));
#3545=CARTESIAN_POINT('Ctrl Pts',(120.000002086163,53.0279913660127,-7.30604219738619));
#3546=CARTESIAN_POINT('Ctrl Pts',(120.000002086163,53.4973251208197,-7.29199612955287));
#3547=CARTESIAN_POINT('',(110.000001639128,53.4986140326787,-7.44692646071974));
#3548=CARTESIAN_POINT('Ctrl Pts',(120.000002086163,53.4973251207466,-7.29199612955506));
#3549=CARTESIAN_POINT('Ctrl Pts',(118.144193117325,53.4972218078054,-7.32103439345134));
#3550=CARTESIAN_POINT('Ctrl Pts',(116.287552753724,53.4971834356685,-7.34992599913998));
#3551=CARTESIAN_POINT('Ctrl Pts',(114.431008681001,53.497299507139,-7.37864968743903));
#3552=CARTESIAN_POINT('Ctrl Pts',(112.953789595702,53.4973918631428,-7.40150461513989));
#3553=CARTESIAN_POINT('Ctrl Pts',(111.476631473138,53.4975817507048,-7.42425329259996));
#3554=CARTESIAN_POINT('Ctrl Pts',(110.000001639128,53.4978044663366,-7.44688403359625));
#3555=CARTESIAN_POINT('Ctrl Pts',(110.,53.4986140334057,-7.44692648584384));
#3556=CARTESIAN_POINT('Ctrl Pts',(110.,53.6916661442051,-7.44138438925926));
#3557=CARTESIAN_POINT('Ctrl Pts',(110.,54.4993743906114,-7.41808952243545));
#3558=CARTESIAN_POINT('Ctrl Pts',(110.,55.9235803803131,-7.37624037454881));
#3559=CARTESIAN_POINT('Ctrl Pts',(110.,57.968406492526,-7.31437328018107));
#3560=CARTESIAN_POINT('Ctrl Pts',(110.,60.639690345073,-7.23071301293817));
#3561=CARTESIAN_POINT('Ctrl Pts',(110.,63.7454741924965,-7.13011508428198));
#3562=CARTESIAN_POINT('Ctrl Pts',(110.,66.8561417314385,-7.02642528362872));
#3563=CARTESIAN_POINT('Ctrl Pts',(110.,69.9664465164964,-6.91995433764127));
#3564=CARTESIAN_POINT('Ctrl Pts',(110.,73.072223151598,-6.81072740289073));
#3565=CARTESIAN_POINT('Ctrl Pts',(110.,76.1717609777668,-6.69843202113439));
#3566=CARTESIAN_POINT('Ctrl Pts',(110.,79.265248574906,-6.58251739467644));
#3567=CARTESIAN_POINT('Ctrl Pts',(110.,82.3541852828211,-6.46229635446275));
#3568=CARTESIAN_POINT('Ctrl Pts',(110.,85.4408089903359,-6.33704560323909));
#3569=CARTESIAN_POINT('Ctrl Pts',(110.,88.5275146634393,-6.20610776902554));
#3570=CARTESIAN_POINT('Ctrl Pts',(110.,91.6162866686905,-6.06899008151809));
#3571=CARTESIAN_POINT('Ctrl Pts',(110.,94.627499040962,-5.92921356431132));
#3572=CARTESIAN_POINT('Ctrl Pts',(110.,97.022794825376,-5.81328178967066));
#3573=CARTESIAN_POINT('Ctrl Pts',(110.,98.8003542636604,-5.72459341153035));
#3574=CARTESIAN_POINT('Ctrl Pts',(110.,99.958973154569,-5.66562862993076));
#3575=CARTESIAN_POINT('Ctrl Pts',(110.,100.497998348166,-5.63794152527734));
#3576=CARTESIAN_POINT('Ctrl Pts',(319.040028334157,32.4220043162154,-0.00275089083503835));
#3577=CARTESIAN_POINT('Ctrl Pts',(319.040029407043,32.3238619378905,0.00763896961241162));
#3578=CARTESIAN_POINT('Ctrl Pts',(319.040031543749,32.1275753860313,0.0284201354357111));
#3579=CARTESIAN_POINT('Ctrl Pts',(319.040035006388,31.8331421193323,0.0595958360206997));
#3580=CARTESIAN_POINT('Ctrl Pts',(319.040038978529,31.5387076083243,0.0907753428674761));
#3581=CARTESIAN_POINT('Ctrl Pts',(319.040043681716,31.2442739612704,0.121958746887155));
#3582=CARTESIAN_POINT('Ctrl Pts',(319.040049307978,30.9498430447056,0.153146371224399));
#3583=CARTESIAN_POINT('Ctrl Pts',(319.040056021339,30.6554163881185,0.18433875412278));
#3584=CARTESIAN_POINT('Ctrl Pts',(319.040063959076,30.3609951666402,0.215536628151102));
#3585=CARTESIAN_POINT('Ctrl Pts',(319.040073232576,30.0665802163793,0.246740894785056));
#3586=CARTESIAN_POINT('Ctrl Pts',(319.040083930058,29.7721720847524,0.277952597351182));
#3587=CARTESIAN_POINT('Ctrl Pts',(319.040096119114,29.4777710898381,0.309172895209332));
#3588=CARTESIAN_POINT('Ctrl Pts',(319.040109847136,29.1833773758381,0.340403039612054));
#3589=CARTESIAN_POINT('Ctrl Pts',(319.040125142086,28.8889909634852,0.371644350317601));
#3590=CARTESIAN_POINT('Ctrl Pts',(319.040142013074,28.5946117903374,0.402898193766141));
#3591=CARTESIAN_POINT('Ctrl Pts',(319.040160450666,28.3002397381469,0.434165962857126));
#3592=CARTESIAN_POINT('Ctrl Pts',(319.040180427646,28.0058746496705,0.465449058086838));
#3593=CARTESIAN_POINT('Ctrl Pts',(319.040201897586,27.7115163276956,0.496748870535976));
#3594=CARTESIAN_POINT('Ctrl Pts',(319.04022479265,27.4171645231118,0.528066763509972));
#3595=CARTESIAN_POINT('Ctrl Pts',(319.040249024096,27.1228189263994,0.559404052944603));
#3596=CARTESIAN_POINT('Ctrl Pts',(319.04027448222,26.8284791563114,0.5907619881316));
#3597=CARTESIAN_POINT('Ctrl Pts',(319.040301036235,26.5341447505166,0.622141731975521));
#3598=CARTESIAN_POINT('Ctrl Pts',(319.040328534448,26.2398151636139,0.653544340116531));
#3599=CARTESIAN_POINT('Ctrl Pts',(319.040356803329,25.9454897692382,0.684970739344079));
#3600=CARTESIAN_POINT('Ctrl Pts',(319.04038565014,25.651167885519,0.716421702924009));
#3601=CARTESIAN_POINT('Ctrl Pts',(319.040414869603,25.3568488216578,0.747897829045383));
#3602=CARTESIAN_POINT('Ctrl Pts',(319.040444242748,25.062531915063,0.779399522906109));
#3603=CARTESIAN_POINT('Ctrl Pts',(319.040473537143,24.7682165554111,0.81092697896041));
#3604=CARTESIAN_POINT('Ctrl Pts',(319.04050250598,24.473902078189,0.842480177156395));
#3605=CARTESIAN_POINT('Ctrl Pts',(319.040530888705,24.179587753308,0.874058867926711));
#3606=CARTESIAN_POINT('Ctrl Pts',(319.04055840893,23.8852727728438,0.905662557727448));
#3607=CARTESIAN_POINT('Ctrl Pts',(319.040584780511,23.5909562639776,0.93729048980174));
#3608=CARTESIAN_POINT('Ctrl Pts',(319.040609732718,23.2966373685801,0.968941635810405));
#3609=CARTESIAN_POINT('Ctrl Pts',(319.040633009775,23.0023152407423,1.00061471000962));
#3610=CARTESIAN_POINT('Ctrl Pts',(319.040654371422,22.7079890480781,1.03230818109996));
#3611=CARTESIAN_POINT('Ctrl Pts',(319.040673592917,22.4136579716705,1.06402028548273));
#3612=CARTESIAN_POINT('Ctrl Pts',(319.040690465322,22.1193212074216,1.09574904026191));
#3613=CARTESIAN_POINT('Ctrl Pts',(319.040704795912,21.8249779681589,1.1274922566549));
#3614=CARTESIAN_POINT('Ctrl Pts',(319.040716407839,21.530627483728,1.15924755424429));
#3615=CARTESIAN_POINT('Ctrl Pts',(319.040725135978,21.2362689882093,1.19101237424118));
#3616=CARTESIAN_POINT('Ctrl Pts',(319.040730827057,20.9419017213471,1.22278398882666));
#3617=CARTESIAN_POINT('Ctrl Pts',(319.040733340004,20.6475249310476,1.25455951115286));
#3618=CARTESIAN_POINT('Ctrl Pts',(319.040732546259,20.3531378759367,1.28633590558861));
#3619=CARTESIAN_POINT('Ctrl Pts',(319.040728330114,20.0587398282942,1.31810999839872));
#3620=CARTESIAN_POINT('Ctrl Pts',(319.040720588957,19.7643300768323,1.34987848889624));
#3621=CARTESIAN_POINT('Ctrl Pts',(319.040709233788,19.4699079305748,1.38163796073781));
#3622=CARTESIAN_POINT('Ctrl Pts',(319.040694191596,19.1754727293872,1.41338489421029));
#3623=CARTESIAN_POINT('Ctrl Pts',(319.040675405741,18.8810238480826,1.44511568102044));
#3624=CARTESIAN_POINT('Ctrl Pts',(319.040652836079,18.586560699729,1.47682663938198));
#3625=CARTESIAN_POINT('Ctrl Pts',(319.040626459097,18.2920827391316,1.50851402947753));
#3626=CARTESIAN_POINT('Ctrl Pts',(319.040596267963,17.9975894659863,1.54017406923299));
#3627=CARTESIAN_POINT('Ctrl Pts',(319.040562272565,17.7030804281655,1.57180295025938));
#3628=CARTESIAN_POINT('Ctrl Pts',(319.040524499281,17.4085552239884,1.60339685421999));
#3629=CARTESIAN_POINT('Ctrl Pts',(319.040482989121,17.1140134987889,1.63495196882858));
#3630=CARTESIAN_POINT('Ctrl Pts',(319.040437797427,16.819454946659,1.66646450216793));
#3631=CARTESIAN_POINT('Ctrl Pts',(319.040388993729,16.5248793126668,1.69793069708405));
#3632=CARTESIAN_POINT('Ctrl Pts',(319.04033666144,16.2302863945498,1.72934684554898));
#3633=CARTESIAN_POINT('Ctrl Pts',(319.040280897614,15.9356760444781,1.7607093028876));
#3634=CARTESIAN_POINT('Ctrl Pts',(319.040221812491,15.6410481700603,1.79201450202724));
#3635=CARTESIAN_POINT('Ctrl Pts',(319.04015952945,15.3464027366462,1.82325896717282));
#3636=CARTESIAN_POINT('Ctrl Pts',(319.040094187269,15.0517397779201,1.85443932815743));
#3637=CARTESIAN_POINT('Ctrl Pts',(319.040025939786,14.7570593974701,1.88555233725654));
#3638=CARTESIAN_POINT('Ctrl Pts',(319.039954955235,14.4623617691062,1.91659488556276));
#3639=CARTESIAN_POINT('Ctrl Pts',(319.039881415713,14.1676471374876,1.94756401892818));
#3640=CARTESIAN_POINT('Ctrl Pts',(319.039805516397,13.8729158177489,1.97845695363124));
#3641=CARTESIAN_POINT('Ctrl Pts',(319.03972746517,13.5781681964067,2.00927109113778));
#3642=CARTESIAN_POINT('Ctrl Pts',(319.039647480921,13.2834047274578,2.04000403340372));
#3643=CARTESIAN_POINT('Ctrl Pts',(319.039565785712,12.9886259056929,2.07065359503755));
#3644=CARTESIAN_POINT('Ctrl Pts',(319.039482604068,12.6938322646749,2.10121780752608));
#3645=CARTESIAN_POINT('Ctrl Pts',(319.039398162537,12.3990243757271,2.13169492371423));
#3646=CARTESIAN_POINT('Ctrl Pts',(319.03931268951,12.1042028476583,2.16208342130403));
#3647=CARTESIAN_POINT('Ctrl Pts',(319.039226414528,11.8093683246649,2.19238200678471));
#3648=CARTESIAN_POINT('Ctrl Pts',(319.039139568794,11.5145214883966,2.22258961772952));
#3649=CARTESIAN_POINT('Ctrl Pts',(319.039052382072,11.2196630470084,2.25270542780148));
#3650=CARTESIAN_POINT('Ctrl Pts',(319.038965063743,10.9247936646455,2.28272884405061));
#3651=CARTESIAN_POINT('Ctrl Pts',(319.038877802406,10.6299139569435,2.31265948478477));
#3652=CARTESIAN_POINT('Ctrl Pts',(319.038790766491,10.3350244904555,2.3424971590298));
#3653=CARTESIAN_POINT('Ctrl Pts',(319.038704104674,10.0401257813872,2.37224184560705));
#3654=CARTESIAN_POINT('Ctrl Pts',(319.038617946455,9.74521829501777,2.40189367285506));
#3655=CARTESIAN_POINT('Ctrl Pts',(319.038532402511,9.45030244437933,2.43145289872746));
#3656=CARTESIAN_POINT('Ctrl Pts',(319.038447565674,9.15537859129388,2.46091989082986));
#3657=CARTESIAN_POINT('Ctrl Pts',(319.038363514934,8.86044705909874,2.49029510814528));
#3658=CARTESIAN_POINT('Ctrl Pts',(319.038280316006,8.56550813293339,2.5195790868378));
#3659=CARTESIAN_POINT('Ctrl Pts',(319.038198021601,8.27056205905718,2.54877242611094));
#3660=CARTESIAN_POINT('Ctrl Pts',(319.038116671783,7.97560904441943,2.57787577440461));
#3661=CARTESIAN_POINT('Ctrl Pts',(319.038036294231,7.68064925603965,2.60688981587141));
#3662=CARTESIAN_POINT('Ctrl Pts',(319.03795690456,7.38568282057862,2.63581525688876));
#3663=CARTESIAN_POINT('Ctrl Pts',(319.037878506407,7.09070982311647,2.66465281321739));
#3664=CARTESIAN_POINT('Ctrl Pts',(319.037801089784,6.79573029922109,2.69340319641096));
#3665=CARTESIAN_POINT('Ctrl Pts',(319.037724631193,6.50074423356543,2.72206709866817));
#3666=CARTESIAN_POINT('Ctrl Pts',(319.037649093884,6.20575155914354,2.75064517773784));
#3667=CARTESIAN_POINT('Ctrl Pts',(319.037574428047,5.91075215621832,2.77913804200177));
#3668=CARTESIAN_POINT('Ctrl Pts',(319.037500570993,5.61574585135108,2.80754623563383));
#3669=CARTESIAN_POINT('Ctrl Pts',(319.037427447289,5.32073241617257,2.83587022393101));
#3670=CARTESIAN_POINT('Ctrl Pts',(319.037354969006,5.02571156667623,2.86411037846817));
#3671=CARTESIAN_POINT('Ctrl Pts',(319.037283037733,4.73068296946325,2.89226696288316));
#3672=CARTESIAN_POINT('Ctrl Pts',(319.037211544874,4.43564624156718,2.92034012079705));
#3673=CARTESIAN_POINT('Ctrl Pts',(319.03714037162,4.1406009490321,2.94832986369876));
#3674=CARTESIAN_POINT('Ctrl Pts',(319.037069389019,3.84554660582806,2.97623605879322));
#3675=CARTESIAN_POINT('Ctrl Pts',(319.036998457977,3.55048267254487,3.00405841687116));
#3676=CARTESIAN_POINT('Ctrl Pts',(319.036927429302,3.2554085552134,3.03179647995774));
#3677=CARTESIAN_POINT('Ctrl Pts',(319.036856143584,2.96032360350911,3.0594496093179));
#3678=CARTESIAN_POINT('Ctrl Pts',(319.036784427674,2.66522709530019,3.08701697238477));
#3679=CARTESIAN_POINT('Ctrl Pts',(319.036712094202,2.37011823276314,3.11449752557516));
#3680=CARTESIAN_POINT('Ctrl Pts',(319.036638941814,2.07499614137619,3.14188999699168));
#3681=CARTESIAN_POINT('Ctrl Pts',(319.036564755196,1.77985986810236,3.16919286917005));
#3682=CARTESIAN_POINT('Ctrl Pts',(319.036489305243,1.48470838006837,3.19640436160378));
#3683=CARTESIAN_POINT('Ctrl Pts',(319.036412349164,1.18954056316624,3.22352241376556));
#3684=CARTESIAN_POINT('Ctrl Pts',(319.036333631014,0.894355222177521,3.25054466705213));
#3685=CARTESIAN_POINT('Ctrl Pts',(319.036252892211,0.599151121917456,3.27746844972625));
#3686=CARTESIAN_POINT('Ctrl Pts',(319.036169873425,0.303926994842459,3.30429077425503));
#3687=CARTESIAN_POINT('Ctrl Pts',(319.036084314311,0.00868153995763541,
3.33100833477049));
#3688=CARTESIAN_POINT('Ctrl Pts',(319.035995953974,-0.28658657526183,3.35761750531803));
#3689=CARTESIAN_POINT('Ctrl Pts',(319.035904531231,-0.581878713807938,3.38411433772511));
#3690=CARTESIAN_POINT('Ctrl Pts',(319.035809784871,-0.877196267902238,3.41049456123188));
#3691=CARTESIAN_POINT('Ctrl Pts',(319.035711455171,-1.1725406528809,3.436753579651));
#3692=CARTESIAN_POINT('Ctrl Pts',(319.035609308283,-1.46791320564333,3.46288647701926));
#3693=CARTESIAN_POINT('Ctrl Pts',(319.035503139995,-1.76331516559656,3.48888805196461));
#3694=CARTESIAN_POINT('Ctrl Pts',(319.03539277495,-2.05874767431829,3.51475285236925));
#3695=CARTESIAN_POINT('Ctrl Pts',(319.035278067251,-2.35421177380445,3.54047521128865));
#3696=CARTESIAN_POINT('Ctrl Pts',(319.035158900268,-2.64970840359776,3.56604928272978));
#3697=CARTESIAN_POINT('Ctrl Pts',(319.035035186851,-2.94523839439881,3.59146907741226));
#3698=CARTESIAN_POINT('Ctrl Pts',(319.034906868725,-3.24080246568319,3.61672849944219));
#3699=CARTESIAN_POINT('Ctrl Pts',(319.034773911122,-3.53640124340264,3.64182138089875));
#3700=CARTESIAN_POINT('Ctrl Pts',(319.034636302057,-3.832035258935,3.66674151037493));
#3701=CARTESIAN_POINT('Ctrl Pts',(319.034494052267,-4.12770494525677,3.69148266168648));
#3702=CARTESIAN_POINT('Ctrl Pts',(319.03434719479,-4.42341063470958,3.71603862230728));
#3703=CARTESIAN_POINT('Ctrl Pts',(319.034195784654,-4.7191525564189,3.74040322152907));
#3704=CARTESIAN_POINT('Ctrl Pts',(319.034039898247,-5.01493083517641,3.76457035840865));
#3705=CARTESIAN_POINT('Ctrl Pts',(319.033879633195,-5.31074548835147,3.78853402875595));
#3706=CARTESIAN_POINT('Ctrl Pts',(319.033715110778,-5.60659641180781,3.81228835315988));
#3707=CARTESIAN_POINT('Ctrl Pts',(319.03354647527,-5.90248337894826,3.83582760776591));
#3708=CARTESIAN_POINT('Ctrl Pts',(319.033373892937,-6.19840604141259,3.85914625384454));
#3709=CARTESIAN_POINT('Ctrl Pts',(319.033197551093,-6.49436392980656,3.88223896647671));
#3710=CARTESIAN_POINT('Ctrl Pts',(319.033017656928,-6.79035645564775,3.90510066196487));
#3711=CARTESIAN_POINT('Ctrl Pts',(319.03283443658,-7.08638291249402,3.92772652410055));
#3712=CARTESIAN_POINT('Ctrl Pts',(319.032648133299,-7.38244248133266,3.95011202907649));
#3713=CARTESIAN_POINT('Ctrl Pts',(319.032459002709,-7.6785342491087,3.97225296790036));
#3714=CARTESIAN_POINT('Ctrl Pts',(319.032267311691,-7.97465721219495,3.99414546128619));
#3715=CARTESIAN_POINT('Ctrl Pts',(319.032073337413,-8.27081027895501,4.01578597789823));
#3716=CARTESIAN_POINT('Ctrl Pts',(319.031910028125,-8.51762860804824,4.03360711544331));
#3717=CARTESIAN_POINT('Ctrl Pts',(319.031778529669,-8.7150971062892,4.04773505271985));
#3718=CARTESIAN_POINT('Ctrl Pts',(319.031679518039,-8.86320523110231,4.05826621417505));
#3719=CARTESIAN_POINT('Ctrl Pts',(319.031580156435,-9.01131993934315,4.06873228735588));
#3720=CARTESIAN_POINT('Ctrl Pts',(319.031447259084,-9.208814760754,4.08259992376253));
#3721=CARTESIAN_POINT('Ctrl Pts',(319.031280455875,-9.45569886300114,4.09977048144918));
#3722=CARTESIAN_POINT('Ctrl Pts',(319.031079524421,-9.75198318692761,4.12011115158854));
#3723=CARTESIAN_POINT('Ctrl Pts',(319.030878161,-10.0482892861411,4.14018663958923));
#3724=CARTESIAN_POINT('Ctrl Pts',(319.030676712497,-10.3446154355705,4.15999620152109));
#3725=CARTESIAN_POINT('Ctrl Pts',(319.030475536338,-10.6409598121553,4.17953955797927));
#3726=CARTESIAN_POINT('Ctrl Pts',(319.030308422202,-10.8879270520643,4.19560400875895));
#3727=CARTESIAN_POINT('Ctrl Pts',(319.030175238413,-11.0855079950761,4.20832290650853));
#3728=CARTESIAN_POINT('Ctrl Pts',(319.030075652252,-11.233697016518,4.21779589205939));
#3729=CARTESIAN_POINT('Ctrl Pts',(319.029976415205,-11.3818890918632,4.22720284471606));
#3730=CARTESIAN_POINT('Ctrl Pts',(319.029844626281,-11.5794822510254,4.23965767763287));
#3731=CARTESIAN_POINT('Ctrl Pts',(319.029680992953,-11.8264800380729,4.25506218624683));
#3732=CARTESIAN_POINT('Ctrl Pts',(319.029486750914,-12.1228854667006,4.27328731351478));
#3733=CARTESIAN_POINT('Ctrl Pts',(319.029326930629,-12.3698950265438,4.28826021666894));
#3734=CARTESIAN_POINT('Ctrl Pts',(319.029200466847,-12.5675046818317,4.30011126375354));
#3735=CARTESIAN_POINT('Ctrl Pts',(319.029106354802,-12.7157126746836,4.30893634725406));
#3736=CARTESIAN_POINT('Ctrl Pts',(319.029013017857,-12.8639211666889,4.31769867603433));
#3737=CARTESIAN_POINT('Ctrl Pts',(319.028920494397,-13.01212990634,4.3263987325974));
#3738=CARTESIAN_POINT('Ctrl Pts',(319.028828822378,-13.1603386421739,4.33503701910985));
#3739=CARTESIAN_POINT('Ctrl Pts',(319.028738039035,-13.3085471230542,4.34361406721156));
#3740=CARTESIAN_POINT('Ctrl Pts',(319.028648180537,-13.4567551008966,4.35213042871058));
#3741=CARTESIAN_POINT('Ctrl Pts',(319.028529645147,-13.6543647574583,4.36340543793592));
#3742=CARTESIAN_POINT('Ctrl Pts',(319.028383945416,-13.9013744210443,4.37735042046315));
#3743=CARTESIAN_POINT('Ctrl Pts',(319.028213263289,-14.1977805039933,4.39385136954696));
#3744=CARTESIAN_POINT('Ctrl Pts',(319.028074628802,-14.4447797365113,4.40741236100411));
#3745=CARTESIAN_POINT('Ctrl Pts',(319.02796594289,-14.6423749555001,4.41815000182357));
#3746=CARTESIAN_POINT('Ctrl Pts',(319.027885550084,-14.7905691393782,4.42614835391123));
#3747=CARTESIAN_POINT('Ctrl Pts',(319.027806289036,-14.9387609453689,4.43409252613512));
#3748=CARTESIAN_POINT('Ctrl Pts',(319.027702125065,-15.1363466827094,4.44461345804352));
#3749=CARTESIAN_POINT('Ctrl Pts',(319.027574779493,-15.3833222601618,4.45763270812002));
#3750=CARTESIAN_POINT('Ctrl Pts',(319.027426551699,-15.6796816125005,4.47305042488294));
#3751=CARTESIAN_POINT('Ctrl Pts',(319.027306837924,-15.9266380331253,4.48573209602873));
#3752=CARTESIAN_POINT('Ctrl Pts',(319.027213332465,-16.1241974016303,4.49578038492716));
#3753=CARTESIAN_POINT('Ctrl Pts',(319.027144328305,-16.2723641004008,4.50326876955826));
#3754=CARTESIAN_POINT('Ctrl Pts',(319.027076440665,-16.4205280358382,4.51071001002652));
#3755=CARTESIAN_POINT('Ctrl Pts',(319.027009659051,-16.568689300032,4.51810478377186));
#3756=CARTESIAN_POINT('Ctrl Pts',(319.026943971862,-16.7168479984464,4.52545376044276));
#3757=CARTESIAN_POINT('Ctrl Pts',(319.02687936572,-16.8650042566372,4.53275759681375));
#3758=CARTESIAN_POINT('Ctrl Pts',(319.026815826096,-17.0131582125584,4.54001694088949));
#3759=CARTESIAN_POINT('Ctrl Pts',(319.026732506635,-17.2106939586584,4.54963758227984));
#3760=CARTESIAN_POINT('Ctrl Pts',(319.026630939345,-17.4576086826275,4.5615552862503));
#3761=CARTESIAN_POINT('Ctrl Pts',(319.026513030981,-17.7538998796837,4.57568833237091));
#3762=CARTESIAN_POINT('Ctrl Pts',(319.026417927861,-18.0008051781945,4.58732942603919));
#3763=CARTESIAN_POINT('Ctrl Pts',(319.026343628103,-18.1983278826189,4.59656249360286));
#3764=CARTESIAN_POINT('Ctrl Pts',(319.026288763665,-18.3464693769325,4.60344786055687));
#3765=CARTESIAN_POINT('Ctrl Pts',(319.026234727946,-18.4946105716841,4.61029425497417));
#3766=CARTESIAN_POINT('Ctrl Pts',(319.02616373877,-18.692132086858,4.61937137369062));
#3767=CARTESIAN_POINT('Ctrl Pts',(319.026076898059,-18.9390344400947,4.63062240243916));
#3768=CARTESIAN_POINT('Ctrl Pts',(319.025975407255,-19.2353199634455,4.64397384864552));
#3769=CARTESIAN_POINT('Ctrl Pts',(319.025876284431,-19.5316101456088,4.6571777488024));
#3770=CARTESIAN_POINT('Ctrl Pts',(319.025779143621,-19.827906910138,4.67023574401651));
#3771=CARTESIAN_POINT('Ctrl Pts',(319.025683566585,-20.1242120811089,4.68314880349046));
#3772=CARTESIAN_POINT('Ctrl Pts',(319.025604848653,-20.3711414611269,4.69378912405965));
#3773=CARTESIAN_POINT('Ctrl Pts',(319.025542191256,-20.5686907569846,4.70222878021177));
#3774=CARTESIAN_POINT('Ctrl Pts',(319.025495292633,-20.7168557883172,4.70852206190684));
#3775=CARTESIAN_POINT('Ctrl Pts',(319.02544842367,-20.8650240379828,4.71477870521506));
#3776=CARTESIAN_POINT('Ctrl Pts',(319.02538588012,-21.0625861761189,4.72307168921627));
#3777=CARTESIAN_POINT('Ctrl Pts',(319.025307431697,-21.3095475603863,4.73334494734965));
#3778=CARTESIAN_POINT('Ctrl Pts',(319.025212277101,-21.605915970623,4.74552095130118));
#3779=CARTESIAN_POINT('Ctrl Pts',(319.025131615808,-21.8529023863786,4.75553757318215));
#3780=CARTESIAN_POINT('Ctrl Pts',(319.02506593064,-22.0504993250455,4.76347022446395));
#3781=CARTESIAN_POINT('Ctrl Pts',(319.025015997982,-22.1987009668695,4.76937860679164));
#3782=CARTESIAN_POINT('Ctrl Pts',(319.024965304552,-22.3469066426215,4.7752450680716));
#3783=CARTESIAN_POINT('Ctrl Pts',(319.024913753476,-22.4951164964439,4.78106869284152));
#3784=CARTESIAN_POINT('Ctrl Pts',(319.024861245277,-22.6433307251261,4.7868485055043));
#3785=CARTESIAN_POINT('Ctrl Pts',(319.024807676334,-22.7915495802186,4.79258343396905));
#3786=CARTESIAN_POINT('Ctrl Pts',(319.024752940314,-22.9397733569675,4.79827234315171));
#3787=CARTESIAN_POINT('Ctrl Pts',(319.024678255124,-23.1374121025973,4.80579452472511));
#3788=CARTESIAN_POINT('Ctrl Pts',(319.024581422786,-23.3844747034561,4.81507584244742));
#3789=CARTESIAN_POINT('Ctrl Pts',(319.024458716315,-23.6809762746599,4.82600749510463));
#3790=CARTESIAN_POINT('Ctrl Pts',(319.024350207354,-23.9280867372545,4.83493455637874));
#3791=CARTESIAN_POINT('Ctrl Pts',(319.024259152068,-24.1257930779421,4.84195917236083));
#3792=CARTESIAN_POINT('Ctrl Pts',(319.024180777333,-24.290559072949,4.84774572991071));
#3793=CARTESIAN_POINT('Ctrl Pts',(319.024091189541,-24.4718163575436,4.85402161689888));
#3794=CARTESIAN_POINT('Ctrl Pts',(319.023988966099,-24.6695715123747,4.86075139489647));
#3795=CARTESIAN_POINT('Ctrl Pts',(319.023881973741,-24.8673482565978,4.8673589586949));
#3796=CARTESIAN_POINT('Ctrl Pts',(319.023769941479,-25.0651482691884,4.87383843178843));
#3797=CARTESIAN_POINT('Ctrl Pts',(319.023652605679,-25.2629732408797,4.880183647638));
#3798=CARTESIAN_POINT('Ctrl Pts',(319.023529711475,-25.4608248612482,4.8863881528463));
#3799=CARTESIAN_POINT('Ctrl Pts',(319.023401013393,-25.6587048079356,4.89244521978542));
#3800=CARTESIAN_POINT('Ctrl Pts',(319.02326627832,-25.8566147243429,4.89834785515698));
#3801=CARTESIAN_POINT('Ctrl Pts',(319.023125300775,-26.0545561300173,4.90408881984588));
#3802=CARTESIAN_POINT('Ctrl Pts',(319.022977904822,-26.2525304037112,4.90966066081632));
#3803=CARTESIAN_POINT('Ctrl Pts',(319.02282394467,-26.4505387735981,4.91505574371642));
#3804=CARTESIAN_POINT('Ctrl Pts',(319.022663305401,-26.6485823072525,4.92026628675385));
#3805=CARTESIAN_POINT('Ctrl Pts',(319.022495903386,-26.8466619036037,4.92528439524185));
#3806=CARTESIAN_POINT('Ctrl Pts',(319.022321686548,-27.0447782862118,4.93010209684227));
#3807=CARTESIAN_POINT('Ctrl Pts',(319.022140634412,-27.2429319980928,4.93471137708664));
#3808=CARTESIAN_POINT('Ctrl Pts',(319.021952757855,-27.4411233986658,4.93910421511315));
#3809=CARTESIAN_POINT('Ctrl Pts',(319.0217580988,-27.6393526614685,4.94327261905475));
#3810=CARTESIAN_POINT('Ctrl Pts',(319.021556729087,-27.8376197769615,4.94720866135964));
#3811=CARTESIAN_POINT('Ctrl Pts',(319.021348746128,-28.0359245735495,4.95090451118363));
#3812=CARTESIAN_POINT('Ctrl Pts',(319.021134271835,-28.2342667211522,4.95435246312775));
#3813=CARTESIAN_POINT('Ctrl Pts',(319.020913451577,-28.4326457348787,4.95754496526684));
#3814=CARTESIAN_POINT('Ctrl Pts',(319.020686452949,-28.6310609803407,4.96047464579968));
#3815=CARTESIAN_POINT('Ctrl Pts',(319.020453464383,-28.8295116801335,4.96313433835958));
#3816=CARTESIAN_POINT('Ctrl Pts',(319.020214693628,-29.0279969214908,4.96551710565865));
#3817=CARTESIAN_POINT('Ctrl Pts',(319.019970366112,-29.2265156650184,4.96761626139682));
#3818=CARTESIAN_POINT('Ctrl Pts',(319.019720723209,-29.425066754178,4.96942539019245));
#3819=CARTESIAN_POINT('Ctrl Pts',(319.019466020401,-29.6236489258426,4.97093836555643));
#3820=CARTESIAN_POINT('Ctrl Pts',(319.019206525558,-29.8222608203077,4.97214936555499));
#3821=CARTESIAN_POINT('Ctrl Pts',(319.018942518703,-30.020900983284,4.97305288740337));
#3822=CARTESIAN_POINT('Ctrl Pts',(319.018674290063,-30.2195678777105,4.97364376102156));
#3823=CARTESIAN_POINT('Ctrl Pts',(319.018402137929,-30.4182598969564,4.97391715994731));
#3824=CARTESIAN_POINT('Ctrl Pts',(319.018126366597,-30.6169753776768,4.97386860983718));
#3825=CARTESIAN_POINT('Ctrl Pts',(319.017847284332,-30.8157126127219,4.97349399446551));
#3826=CARTESIAN_POINT('Ctrl Pts',(319.017565201424,-31.0144698635934,4.9727895593552));
#3827=CARTESIAN_POINT('Ctrl Pts',(319.017280428306,-31.2132453726659,4.97175191306772));
#3828=CARTESIAN_POINT('Ctrl Pts',(319.016993273819,-31.4120373745549,4.97037802632317));
#3829=CARTESIAN_POINT('Ctrl Pts',(319.016704043506,-31.6108441073946,4.96866522897421));
#3830=CARTESIAN_POINT('Ctrl Pts',(319.016413038215,-31.8096638222878,4.96661120516987));
#3831=CARTESIAN_POINT('Ctrl Pts',(319.016120551486,-32.0084947998266,4.96421398606384));
#3832=CARTESIAN_POINT('Ctrl Pts',(319.015826867947,-32.2073353606243,4.96147193967705));
#3833=CARTESIAN_POINT('Ctrl Pts',(319.015532262584,-32.4061838707348,4.95838375959377));
#3834=CARTESIAN_POINT('Ctrl Pts',(319.015236999915,-32.6050387475376,4.95494845259577));
#3835=CARTESIAN_POINT('Ctrl Pts',(319.014941333394,-32.8038984641167,4.95116532544099));
#3836=CARTESIAN_POINT('Ctrl Pts',(319.01464550489,-33.0027615532109,4.94703397091574));
#3837=CARTESIAN_POINT('Ctrl Pts',(319.014349744313,-33.2016266100717,4.9425542533103));
#3838=CARTESIAN_POINT('Ctrl Pts',(319.014054269301,-33.4004922949,4.93772629346903));
#3839=CARTESIAN_POINT('Ctrl Pts',(319.013759285103,-33.5993573340551,4.93255045350586));
#3840=CARTESIAN_POINT('Ctrl Pts',(319.013464984366,-33.7982205215872,4.92702732137901));
#3841=CARTESIAN_POINT('Ctrl Pts',(319.013171547518,-33.99708071726,4.92115769532273));
#3842=CARTESIAN_POINT('Ctrl Pts',(319.012879144508,-34.1959368362931,4.91494257006605));
#3843=CARTESIAN_POINT('Ctrl Pts',(319.012587934602,-34.3947878506712,4.90838312372406));
#3844=CARTESIAN_POINT('Ctrl Pts',(319.012298066288,-34.5936327898031,4.90148070425064));
#3845=CARTESIAN_POINT('Ctrl Pts',(319.012009677207,-34.7924707407686,4.89423681584287));
#3846=CARTESIAN_POINT('Ctrl Pts',(319.011722894196,-34.9913008480206,4.88665310524332));
#3847=CARTESIAN_POINT('Ctrl Pts',(319.011437833362,-35.1901223125883,4.87873134808918));
#3848=CARTESIAN_POINT('Ctrl Pts',(319.011154600214,-35.3889343910492,4.87047343533566));
#3849=CARTESIAN_POINT('Ctrl Pts',(319.010873289878,-35.5877363938088,4.86188135982988));
#3850=CARTESIAN_POINT('Ctrl Pts',(319.010593987243,-35.7865276837786,4.85295720307004));
#3851=CARTESIAN_POINT('Ctrl Pts',(319.01031676737,-35.9853076733801,4.84370312219545));
#3852=CARTESIAN_POINT('Ctrl Pts',(319.010041695233,-36.184075825585,4.83412133716539));
#3853=CARTESIAN_POINT('Ctrl Pts',(319.00976882256,-36.3828316728373,4.82421411474298));
#3854=CARTESIAN_POINT('Ctrl Pts',(319.009498188486,-36.5815748118414,4.8139837508137));
#3855=CARTESIAN_POINT('Ctrl Pts',(319.009229820942,-36.7803048946901,4.80343255610009));
#3856=CARTESIAN_POINT('Ctrl Pts',(319.008934172052,-37.0011012616268,4.79135509334768));
#3857=CARTESIAN_POINT('Ctrl Pts',(319.008612226097,-37.2439578596566,4.7776189727243));
#3858=CARTESIAN_POINT('Ctrl Pts',(319.008265080836,-37.5088676337095,4.76207730851932));
#3859=CARTESIAN_POINT('Ctrl Pts',(319.007921972723,-37.7737523071658,4.74598407662368));
#3860=CARTESIAN_POINT('Ctrl Pts',(319.007582848316,-38.0386115500506,4.72934434107352));
#3861=CARTESIAN_POINT('Ctrl Pts',(319.007247634157,-38.303445088345,4.71216294972226));
#3862=CARTESIAN_POINT('Ctrl Pts',(319.006916237682,-38.568252695394,4.69444449805767));
#3863=CARTESIAN_POINT('Ctrl Pts',(319.006588541066,-38.8330342256617,4.67619328040631));
#3864=CARTESIAN_POINT('Ctrl Pts',(319.006264404203,-39.0977895891419,4.65741324372772));
#3865=CARTESIAN_POINT('Ctrl Pts',(319.005943667493,-39.3625187273678,4.63810794633399));
#3866=CARTESIAN_POINT('Ctrl Pts',(319.005626154092,-39.6272215931912,4.61828052074783));
#3867=CARTESIAN_POINT('Ctrl Pts',(319.005311671725,-39.8918981338659,4.59793363962812));
#3868=CARTESIAN_POINT('Ctrl Pts',(319.005000014053,-40.156548277503,4.5770694844024));
#3869=CARTESIAN_POINT('Ctrl Pts',(319.004690961707,-40.4211719219035,4.55568971469241));
#3870=CARTESIAN_POINT('Ctrl Pts',(319.00438428288,-40.6857689272224,4.53379544022421));
#3871=CARTESIAN_POINT('Ctrl Pts',(319.004079733955,-40.9503391081902,4.51138719104826));
#3872=CARTESIAN_POINT('Ctrl Pts',(319.003777059895,-41.2148822296696,4.48846489055898));
#3873=CARTESIAN_POINT('Ctrl Pts',(319.003475993402,-41.4793980105983,4.46502782505465));
#3874=CARTESIAN_POINT('Ctrl Pts',(319.00317625399,-41.7438861292642,4.44107461148199));
#3875=CARTESIAN_POINT('Ctrl Pts',(319.002877546665,-42.008346231564,4.41660316177146));
#3876=CARTESIAN_POINT('Ctrl Pts',(319.002579560399,-42.272777941173,4.39161064382242));
#3877=CARTESIAN_POINT('Ctrl Pts',(319.002281966181,-42.5371808729384,4.36609343737269));
#3878=CARTESIAN_POINT('Ctrl Pts',(319.001984414899,-42.8015546478681,4.34004708606376));
#3879=CARTESIAN_POINT('Ctrl Pts',(319.001686534495,-43.0658989131749,4.31346624093275));
#3880=CARTESIAN_POINT('Ctrl Pts',(319.00143147521,-43.2916674974606,4.2902998420825));
#3881=CARTESIAN_POINT('Ctrl Pts',(319.001219326983,-43.4788735749242,4.27078536583046));
#3882=CARTESIAN_POINT('Ctrl Pts',(319.000994107369,-43.6770790364351,4.24988975483112));
#3883=CARTESIAN_POINT('Ctrl Pts',(319.000711269561,-43.9248118995187,4.22332915165886));
#3884=CARTESIAN_POINT('Ctrl Pts',(319.00036905965,-44.2220529044843,4.1907367409338));
#3885=CARTESIAN_POINT('Ctrl Pts',(319.000080908891,-44.4697218266051,4.16296332757801));
#3886=CARTESIAN_POINT('Ctrl Pts',(318.999848182346,-44.667838026688,4.1403676091229));
#3887=CARTESIAN_POINT('Ctrl Pts',(318.999672420087,-44.8164157991846,4.12322976430788));
#3888=CARTESIAN_POINT('Ctrl Pts',(318.999495323404,-44.96498429737,4.10589822560023));
#3889=CARTESIAN_POINT('Ctrl Pts',(318.999316767423,-45.1135436582244,4.08837013090643));
#3890=CARTESIAN_POINT('Ctrl Pts',(318.999136621811,-45.2620940446419,4.07064247985324));
#3891=CARTESIAN_POINT('Ctrl Pts',(318.998954746924,-45.4106356646883,4.05271204567541));
#3892=CARTESIAN_POINT('Ctrl Pts',(318.998770997073,-45.5591687560727,4.03457545489));
#3893=CARTESIAN_POINT('Ctrl Pts',(318.998523286241,-45.757201906829,4.01011356760526));
#3894=CARTESIAN_POINT('Ctrl Pts',(318.998208159956,-46.0047235690095,3.97900226239142));
#3895=CARTESIAN_POINT('Ctrl Pts',(318.997819779839,-46.3017212317423,3.94078085208344));
#3896=CARTESIAN_POINT('Ctrl Pts',(318.997486240556,-46.5491992223145,3.90815830528009));
#3897=CARTESIAN_POINT('Ctrl Pts',(318.997212545133,-46.7471722527343,3.88157611259857));
#3898=CARTESIAN_POINT('Ctrl Pts',(318.997003580674,-46.8956481475114,3.86139143517672));
#3899=CARTESIAN_POINT('Ctrl Pts',(318.996790655451,-47.0441210026368,3.84095264803556));
#3900=CARTESIAN_POINT('Ctrl Pts',(318.99650108403,-47.2420820135254,3.81335320967934));
#3901=CARTESIAN_POINT('Ctrl Pts',(318.996127741382,-47.4895304403677,3.77818490358852));
#3902=CARTESIAN_POINT('Ctrl Pts',(318.995658935283,-47.7864723288165,3.73485189919663));
#3903=CARTESIAN_POINT('Ctrl Pts',(318.995166513182,-48.0834267493985,3.69031992804181));
#3904=CARTESIAN_POINT('Ctrl Pts',(318.994647490634,-48.3804021871801,3.64451352724037));
#3905=CARTESIAN_POINT('Ctrl Pts',(318.99409878212,-48.6774059394372,3.59734944964966));
#3906=CARTESIAN_POINT('Ctrl Pts',(318.993517468514,-48.9744419343591,3.54873712410642));
#3907=CARTESIAN_POINT('Ctrl Pts',(318.993003548674,-49.2219988096569,3.50693905528706));
#3908=CARTESIAN_POINT('Ctrl Pts',(318.992573385559,-49.4200595985512,3.47267604999591));
#3909=CARTESIAN_POINT('Ctrl Pts',(318.99224097361,-49.5686123654866,3.44655292428154));
#3910=CARTESIAN_POINT('Ctrl Pts',(318.991898525392,-49.7171714456514,3.41999030328299));
#3911=CARTESIAN_POINT('Ctrl Pts',(318.991545878126,-49.8657353513963,3.39297434392954));
#3912=CARTESIAN_POINT('Ctrl Pts',(318.991182961571,-50.0143017139966,3.36549134171966));
#3913=CARTESIAN_POINT('Ctrl Pts',(318.990809840304,-50.1628670002812,3.33752785103915));
#3914=CARTESIAN_POINT('Ctrl Pts',(318.990426756115,-50.31142611145,3.30907103982002));
#3915=CARTESIAN_POINT('Ctrl Pts',(318.990034106798,-50.4599725545844,3.28010889286472));
#3916=CARTESIAN_POINT('Ctrl Pts',(318.989632442976,-50.6084984415193,3.25063043800843));
#3917=CARTESIAN_POINT('Ctrl Pts',(318.989222495756,-50.756994279519,3.22062606804181));
#3918=CARTESIAN_POINT('Ctrl Pts',(318.988805190537,-50.9054488638168,3.19008779343165));
#3919=CARTESIAN_POINT('Ctrl Pts',(318.988381655862,-51.0538492381375,3.15900966265002));
#3920=CARTESIAN_POINT('Ctrl Pts',(318.987953223489,-51.2021807063305,3.12738786299668));
#3921=CARTESIAN_POINT('Ctrl Pts',(318.987521401841,-51.3504271073308,3.09522134712248));
#3922=CARTESIAN_POINT('Ctrl Pts',(318.987087846704,-51.4985710275918,3.06251130116821));
#3923=CARTESIAN_POINT('Ctrl Pts',(318.986509761451,-51.6959357257182,3.01817955641337));
#3924=CARTESIAN_POINT('Ctrl Pts',(318.98579161857,-51.9422942292581,2.96143340115841));
#3925=CARTESIAN_POINT('Ctrl Pts',(318.984949631604,-52.2372344676813,2.89129166518547));
#3926=CARTESIAN_POINT('Ctrl Pts',(318.984133571681,-52.5314004252324,2.81920786430798));
#3927=CARTESIAN_POINT('Ctrl Pts',(318.983338260312,-52.8247931063135,2.74526925080624));
#3928=CARTESIAN_POINT('Ctrl Pts',(318.982545945002,-53.1175002992603,2.66950830718984));
#3929=CARTESIAN_POINT('Ctrl Pts',(318.981728905785,-53.4097075119901,2.59186265969806));
#3930=CARTESIAN_POINT('Ctrl Pts',(318.980855254968,-53.7016544298821,2.51215603141163));
#3931=CARTESIAN_POINT('Ctrl Pts',(318.980067316838,-53.9448188696834,2.44382269532234));
#3932=CARTESIAN_POINT('Ctrl Pts',(318.979403045032,-54.1392529519989,2.38789713193002));
#3933=CARTESIAN_POINT('Ctrl Pts',(318.978889554561,-54.28501413301,2.34529865195439));
#3934=CARTESIAN_POINT('Ctrl Pts',(318.978362643248,-54.4306936521513,2.30202283387139));
#3935=CARTESIAN_POINT('Ctrl Pts',(318.977824469182,-54.57627142463,2.2580496296541));
#3936=CARTESIAN_POINT('Ctrl Pts',(318.97727711075,-54.721727841169,2.21336120472319));
#3937=CARTESIAN_POINT('Ctrl Pts',(318.976722537725,-54.8670439217902,2.16794204523238));
#3938=CARTESIAN_POINT('Ctrl Pts',(318.976162475479,-55.012202543488,2.12177846045777));
#3939=CARTESIAN_POINT('Ctrl Pts',(318.975598379815,-55.1571886694434,2.07485829928927));
#3940=CARTESIAN_POINT('Ctrl Pts',(318.975031401353,-55.3019897119629,2.02717052809271));
#3941=CARTESIAN_POINT('Ctrl Pts',(318.974462386126,-55.4465955627819,1.97870483626883));
#3942=CARTESIAN_POINT('Ctrl Pts',(318.973891887553,-55.590998532859,1.92945130679133));
#3943=CARTESIAN_POINT('Ctrl Pts',(318.973320134363,-55.7351936642613,1.87939979895942));
#3944=CARTESIAN_POINT('Ctrl Pts',(318.972747074878,-55.8791783622119,1.82853973721099));
#3945=CARTESIAN_POINT('Ctrl Pts',(318.972172351065,-56.0229525860528,1.77685931255888));
#3946=CARTESIAN_POINT('Ctrl Pts',(318.971595416864,-56.1665178173753,1.72434588561717));
#3947=CARTESIAN_POINT('Ctrl Pts',(318.970822035972,-56.3576651210096,1.65319696216309));
#3948=CARTESIAN_POINT('Ctrl Pts',(318.969845233844,-56.5960983338266,1.56210068905237));
#3949=CARTESIAN_POINT('Ctrl Pts',(318.968645955709,-56.8814774701726,1.44916454952759));
#3950=CARTESIAN_POINT('Ctrl Pts',(318.967406491257,-57.1661813451558,1.33239595799887));
#3951=CARTESIAN_POINT('Ctrl Pts',(318.966328813955,-57.4029133090803,1.23168177014253));
#3952=CARTESIAN_POINT('Ctrl Pts',(318.965432180437,-57.5920037182254,1.1489105512504));
#3953=CARTESIAN_POINT('Ctrl Pts',(318.964740332653,-57.7336761277827,1.08568644599564));
#3954=CARTESIAN_POINT('Ctrl Pts',(318.96402686177,-57.8752048263225,1.02126845471267));
#3955=CARTESIAN_POINT('Ctrl Pts',(318.963412214242,-57.9930254502913,0.966546719761896));
#3956=CARTESIAN_POINT('Ctrl Pts',(318.962907086916,-58.0872091759552,0.922115766994273));
#3957=CARTESIAN_POINT('Ctrl Pts',(318.962521174122,-58.157810027077,0.888457646157892));
#3958=CARTESIAN_POINT('Ctrl Pts',(318.962127830693,-58.2283733193824,0.854456462644899));
#3959=CARTESIAN_POINT('Ctrl Pts',(318.961726673889,-58.298898137546,0.820103465507084));
#3960=CARTESIAN_POINT('Ctrl Pts',(318.961317311717,-58.369383412193,0.785389645460494));
#3961=CARTESIAN_POINT('Ctrl Pts',(318.960899333315,-58.4398277995178,0.750305468611345));
#3962=CARTESIAN_POINT('Ctrl Pts',(318.960472315626,-58.5102297776358,0.714841074957578));
#3963=CARTESIAN_POINT('Ctrl Pts',(318.959890309316,-58.6040400638675,0.667034266269131));
#3964=CARTESIAN_POINT('Ctrl Pts',(318.959137942538,-58.7211873302056,0.606272167479908));
#3965=CARTESIAN_POINT('Ctrl Pts',(318.958191370105,-58.8615594418205,0.531658561522764));
#3966=CARTESIAN_POINT('Ctrl Pts',(318.95719669713,-59.0017023742695,0.455242597838069));
#3967=CARTESIAN_POINT('Ctrl Pts',(318.956323702105,-59.1182724254366,0.389965617750042));
#3968=CARTESIAN_POINT('Ctrl Pts',(318.95559615715,-59.2113811902847,0.33672214819237));
#3969=CARTESIAN_POINT('Ctrl Pts',(318.955035183425,-59.2811339628297,0.296261036229224));
#3970=CARTESIAN_POINT('Ctrl Pts',(318.954458132849,-59.3508025453881,0.255253305164748));
#3971=CARTESIAN_POINT('Ctrl Pts',(318.953864182618,-59.4203810301861,0.213679426534391));
#3972=CARTESIAN_POINT('Ctrl Pts',(318.953252455183,-59.4898632329114,0.171518725906663));
#3973=CARTESIAN_POINT('Ctrl Pts',(318.952622003826,-59.5592425693564,0.128749005923616));
#3974=CARTESIAN_POINT('Ctrl Pts',(318.951971810949,-59.6285121015178,0.0853465080239756));
#3975=CARTESIAN_POINT('Ctrl Pts',(318.951300778188,-59.697664503857,0.0412856505589872));
#3976=CARTESIAN_POINT('Ctrl Pts',(318.950607719627,-59.7666920584546,-0.00346114720222223));
#3977=CARTESIAN_POINT('Ctrl Pts',(318.949891351372,-59.8355866657356,-0.0489237598218536));
#3978=CARTESIAN_POINT('Ctrl Pts',(318.949150281793,-59.9043397954258,-0.0951346108398801));
#3979=CARTESIAN_POINT('Ctrl Pts',(318.948382997911,-59.9729425746671,-0.142129099477885));
#3980=CARTESIAN_POINT('Ctrl Pts',(318.9475878536,-60.0413856126447,-0.189945886592246));
#3981=CARTESIAN_POINT('Ctrl Pts',(318.946763049055,-60.109659346068,-0.238627643046134));
#3982=CARTESIAN_POINT('Ctrl Pts',(318.945906621189,-60.1777533158194,-0.288221108311828));
#3983=CARTESIAN_POINT('Ctrl Pts',(318.945016384837,-60.24565909697,-0.338779948643555));
#3984=CARTESIAN_POINT('Ctrl Pts',(318.944089854047,-60.3133735967006,-0.390368364590092));
#3985=CARTESIAN_POINT('Ctrl Pts',(318.943124226013,-60.3808967962445,-0.443060963327417));
#3986=CARTESIAN_POINT('Ctrl Pts',(318.942116339091,-60.4482312227892,-0.49694400607946));
#3987=CARTESIAN_POINT('Ctrl Pts',(318.941062627254,-60.5153814084093,-0.552117160312033));
#3988=CARTESIAN_POINT('Ctrl Pts',(318.940143042285,-60.5711914538825,-0.599265761279285));
#3989=CARTESIAN_POINT('Ctrl Pts',(318.939380268214,-60.6157542937298,-0.637754171902116));
#3990=CARTESIAN_POINT('Ctrl Pts',(318.938598606565,-60.6602618396534,-0.676781493520033));
#3991=CARTESIAN_POINT('Ctrl Pts',(318.937584571657,-60.7157954750251,-0.726625097925855));
#3992=CARTESIAN_POINT('Ctrl Pts',(318.936303151061,-60.7822838927595,-0.788314724146215));
#3993=CARTESIAN_POINT('Ctrl Pts',(318.934951170881,-60.8486275612347,-0.852094361467555));
#3994=CARTESIAN_POINT('Ctrl Pts',(318.933522237778,-60.9148266292045,-0.918210208178052));
#3995=CARTESIAN_POINT('Ctrl Pts',(318.932261840001,-60.9698605799111,-0.975488396329614));
#3996=CARTESIAN_POINT('Ctrl Pts',(318.931208645919,-61.0137886821385,-1.02277822046648));
#3997=CARTESIAN_POINT('Ctrl Pts',(318.930124679849,-61.0576377915529,-1.07110380867524));
#3998=CARTESIAN_POINT('Ctrl Pts',(318.928710577512,-61.1122746414504,-1.13356023554867));
#3999=CARTESIAN_POINT('Ctrl Pts',(318.926916945433,-61.1774166325243,-1.21214496352865));
#4000=CARTESIAN_POINT('Ctrl Pts',(318.925031136379,-61.241889581756,-1.29469224689938));
#4001=CARTESIAN_POINT('Ctrl Pts',(318.923066481404,-61.3053228694774,-1.38144581986671));
#4002=CARTESIAN_POINT('Ctrl Pts',(318.921381467891,-61.3569147685553,-1.45737085097319));
#4003=CARTESIAN_POINT('Ctrl Pts',(318.920021161078,-61.3971177504589,-1.52026979339731));
#4004=CARTESIAN_POINT('Ctrl Pts',(318.918660036622,-61.4364837882889,-1.58456347767157));
#4005=CARTESIAN_POINT('Ctrl Pts',(318.917308162369,-61.4744350988695,-1.65090136132594));
#4006=CARTESIAN_POINT('Ctrl Pts',(318.915983125184,-61.5108381045106,-1.71952296702095));
#4007=CARTESIAN_POINT('Ctrl Pts',(318.915170202593,-61.5329212818952,-1.7634363402778));
#4008=CARTESIAN_POINT('Ctrl Pts',(318.914651859756,-61.546920398306,-1.79248075792586));
#4009=CARTESIAN_POINT('Ctrl Pts',(318.914444524905,-61.5525104137821,-1.80429184616221));
#4010=CARTESIAN_POINT('Ctrl Pts',(318.914390355142,-61.5539701815522,-1.80739030653314));
#4011=CARTESIAN_POINT('Ctrl Pts',(318.914370673146,-61.5545005572031,-1.8085176419111));
#4012=CARTESIAN_POINT('Ctrl Pts',(318.914341163937,-61.5552956407661,-1.81020916178767));
#4013=CARTESIAN_POINT('Ctrl Pts',(318.914277309928,-61.5570157996475,-1.81387721289357));
#4014=CARTESIAN_POINT('Ctrl Pts',(318.914198964887,-61.5591253755316,-1.81840068452623));
#4015=CARTESIAN_POINT('Ctrl Pts',(318.914135517582,-61.5608331513214,-1.8220831168864));
#4016=CARTESIAN_POINT('Ctrl Pts',(318.914106274401,-61.5616201479087,-1.82378406705736));
#4017=CARTESIAN_POINT('Ctrl Pts',(318.914086790534,-61.5621444736429,-1.82491836037758));
#4018=CARTESIAN_POINT('Ctrl Pts',(318.913994315431,-61.5646328059998,-1.83030905201087));
#4019=CARTESIAN_POINT('Ctrl Pts',(318.913829688664,-61.5690603719242,-1.83998226445635));
#4020=CARTESIAN_POINT('Ctrl Pts',(318.91359955036,-61.5752458265002,-1.85370348439843));
#4021=CARTESIAN_POINT('Ctrl Pts',(318.91337190718,-61.5813620943242,-1.8674822578168));
#4022=CARTESIAN_POINT('Ctrl Pts',(318.913071901039,-61.5894217466741,-1.88592556112927));
#4023=CARTESIAN_POINT('Ctrl Pts',(318.912704131315,-61.5993048507327,-1.90908709385759));
#4024=CARTESIAN_POINT('Ctrl Pts',(318.912132943875,-61.6146737472417,-1.94629563470354));
#4025=CARTESIAN_POINT('Ctrl Pts',(318.91169298947,-61.6265478494667,-1.9765256664405));
#4026=CARTESIAN_POINT('Ctrl Pts',(318.911369352104,-61.6353000953448,-1.9996771546041));
#4027=CARTESIAN_POINT('Ctrl Pts',(318.911240834435,-61.6387756467813,-2.00895003110285));
#4028=CARTESIAN_POINT('Ctrl Pts',(318.911114152394,-61.6422029881247,-2.01821578459679));
#4029=CARTESIAN_POINT('Ctrl Pts',(318.910988848663,-61.6455919670235,-2.02749949900104));
#4030=CARTESIAN_POINT('Ctrl Pts',(318.910895595428,-61.6481134261429,-2.03446893273276));
#4031=CARTESIAN_POINT('Ctrl Pts',(318.910802944644,-61.6506171237032,-2.04145161249309));
#4032=CARTESIAN_POINT('Ctrl Pts',(318.910618776398,-61.6555898519188,-2.05544717814114));
#4033=CARTESIAN_POINT('Ctrl Pts',(318.910346208681,-61.6629290628091,-2.07658252534964));
#4034=CARTESIAN_POINT('Ctrl Pts',(318.910045328984,-61.6709379764309,-2.10055072037061));
#4035=CARTESIAN_POINT('Ctrl Pts',(318.909801468639,-61.6773065399704,-2.12021389335064));
#4036=CARTESIAN_POINT('Ctrl Pts',(318.909661806787,-61.6808861130634,-2.13151143849829));
#4037=CARTESIAN_POINT('Ctrl Pts',(318.909566987952,-61.6832772183998,-2.13916895862271));
#4038=CARTESIAN_POINT('Ctrl Pts',(318.909519160406,-61.6844742796213,-2.14302574157151));
#4039=CARTESIAN_POINT('Ctrl Pts',(318.909470902212,-61.6856730051579,-2.1469111265338));
#4040=CARTESIAN_POINT('Ctrl Pts',(318.90937332341,-61.6880753819173,-2.15474685353433));
#4041=CARTESIAN_POINT('Ctrl Pts',(318.909272958904,-61.6904910921473,-2.16274988960567));
#4042=CARTESIAN_POINT('Ctrl Pts',(318.909167957966,-61.6929354016543,-2.1709924594152));
#4043=CARTESIAN_POINT('Ctrl Pts',(318.909096490986,-61.6945745485782,-2.17656055821581));
#4044=CARTESIAN_POINT('Ctrl Pts',(318.909022582086,-61.6962301510516,-2.18224781343576));
#4045=CARTESIAN_POINT('Ctrl Pts',(318.908945372304,-61.6979097840421,-2.1880890173673));
#4046=CARTESIAN_POINT('Ctrl Pts',(318.908885523044,-61.699184162349,-2.19255889759539));
#4047=CARTESIAN_POINT('Ctrl Pts',(318.90882338042,-61.7004764110314,-2.19713232702877));
#4048=CARTESIAN_POINT('Ctrl Pts',(318.90875848446,-61.7017908158628,-2.20182860095241));
#4049=CARTESIAN_POINT('Ctrl Pts',(318.90869023503,-61.7031330478131,-2.2066731270224));
#4050=CARTESIAN_POINT('Ctrl Pts',(318.90861780797,-61.7045110104287,-2.2117011418045));
#4051=CARTESIAN_POINT('Ctrl Pts',(318.908553002083,-61.7056984987209,-2.2160858357615));
#4052=CARTESIAN_POINT('Ctrl Pts',(318.908497603983,-61.7066806913982,-2.21974881823436));
#4053=CARTESIAN_POINT('Ctrl Pts',(318.90845393079,-61.707436896936,-2.22258890808569));
#4054=CARTESIAN_POINT('Ctrl Pts',(318.908407761241,-61.7082163621142,-2.22553814054149));
#4055=CARTESIAN_POINT('Ctrl Pts',(318.908342037597,-61.7092950593505,-2.22965282588634));
#4056=CARTESIAN_POINT('Ctrl Pts',(318.908282471426,-61.7102304866872,-2.23326636358056));
#4057=CARTESIAN_POINT('Ctrl Pts',(318.908230472619,-61.7110106531253,-2.236318231649));
#4058=CARTESIAN_POINT('Ctrl Pts',(318.908208977481,-61.7113296019875,-2.2375696993845));
#4059=CARTESIAN_POINT('Ctrl Pts',(318.908169505715,-61.7119061281526,-2.23984170322428));
#4060=CARTESIAN_POINT('Ctrl Pts',(318.908119311339,-61.7126155830876,-2.24266308729258));
#4061=CARTESIAN_POINT('Ctrl Pts',(318.90806773446,-61.7133134745341,-2.24547164963975));
#4062=CARTESIAN_POINT('Ctrl Pts',(318.908034976102,-61.7137455836081,-2.24722274178833));
#4063=CARTESIAN_POINT('Ctrl Pts',(318.908008347426,-61.7140906144892,-2.2486277695636));
#4064=CARTESIAN_POINT('Ctrl Pts',(318.907979113917,-61.7144621984693,-2.25014899348787));
#4065=CARTESIAN_POINT('Ctrl Pts',(318.907946100951,-61.7148724478645,-2.25183875859375));
#4066=CARTESIAN_POINT('Ctrl Pts',(318.907917523674,-61.7152192598672,-2.25327691218016));
#4067=CARTESIAN_POINT('Ctrl Pts',(318.907895266043,-61.7154834540666,-2.25437873161343));
#4068=CARTESIAN_POINT('Ctrl Pts',(318.907883908152,-61.7156178827862,-2.25494052485508));
#4069=CARTESIAN_POINT('Ctrl Pts',(318.90787240101,-61.7157509979323,-2.25549851348066));
#4070=CARTESIAN_POINT('Ctrl Pts',(318.907865058646,-61.7158381952106,-2.25586442410527));
#4071=CARTESIAN_POINT('Ctrl Pts',(318.907857452546,-61.7159224875933,-2.25621906123678));
#4072=CARTESIAN_POINT('Ctrl Pts',(318.907856791993,-61.7181319376967,-2.26544027211727));
#4073=CARTESIAN_POINT('Ctrl Pts',(318.90785694493,-61.722529976503,-2.28379504443636));
#4074=CARTESIAN_POINT('Ctrl Pts',(318.907856895853,-61.731329725518,-2.32052005250992));
#4075=CARTESIAN_POINT('Ctrl Pts',(318.907856922393,-61.7401286924101,-2.35724176639088));
#4076=CARTESIAN_POINT('Ctrl Pts',(318.907856913364,-61.7467282168453,-2.38478431226877));
#4077=CARTESIAN_POINT('Ctrl Pts',(318.907856913364,-61.7489280271954,-2.39396502978667));
#4078=CARTESIAN_POINT('Ctrl Pts',(319.331367469888,32.4207756063463,-0.0143572071853722));
#4079=CARTESIAN_POINT('Ctrl Pts',(319.331368324628,32.3226331578062,-0.00396765471966817));
#4080=CARTESIAN_POINT('Ctrl Pts',(319.331370031511,32.1263464288782,0.016812935146028));
#4081=CARTESIAN_POINT('Ctrl Pts',(319.331372792859,31.8319129293943,0.0479876623675836));
#4082=CARTESIAN_POINT('Ctrl Pts',(319.331375962629,31.5374781450901,0.079166068585157));
#4083=CARTESIAN_POINT('Ctrl Pts',(319.331379714689,31.2430441945386,0.110348159486601));
#4084=CARTESIAN_POINT('Ctrl Pts',(319.331384203709,30.9486129181573,0.141534216761501));
#4085=CARTESIAN_POINT('Ctrl Pts',(319.331389559782,30.6541858407483,0.172724726765189));
#4086=CARTESIAN_POINT('Ctrl Pts',(319.331395892829,30.3597641241219,0.203920387231374));
#4087=CARTESIAN_POINT('Ctrl Pts',(319.331403291498,30.0653485981836,0.235122066948474));
#4088=CARTESIAN_POINT('Ctrl Pts',(319.331411826275,29.7709398027366,0.266330785703794));
#4089=CARTESIAN_POINT('Ctrl Pts',(319.331421551012,29.4765380511007,0.297547683649239));
#4090=CARTESIAN_POINT('Ctrl Pts',(319.331432503535,29.1821434832089,0.328773999216617));
#4091=CARTESIAN_POINT('Ctrl Pts',(319.331444706121,28.887756117215,0.360011044362337));
#4092=CARTESIAN_POINT('Ctrl Pts',(319.331458166023,28.5933758890991,0.391260183192925));
#4093=CARTESIAN_POINT('Ctrl Pts',(319.33147287569,28.2990026803753,0.422522811330221));
#4094=CARTESIAN_POINT('Ctrl Pts',(319.331488813384,28.0046363346748,0.453800337007276));
#4095=CARTESIAN_POINT('Ctrl Pts',(319.331505942039,27.7102766569776,0.485094164361126));
#4096=CARTESIAN_POINT('Ctrl Pts',(319.33152420751,27.4159234017919,0.51640567572883));
#4097=CARTESIAN_POINT('Ctrl Pts',(319.33154353897,27.121576264652,0.547736211886404));
#4098=CARTESIAN_POINT('Ctrl Pts',(319.331563848875,26.8272348708024,0.579087052797894));
#4099=CARTESIAN_POINT('Ctrl Pts',(319.331585032858,26.5328987658743,0.610459397897899));
#4100=CARTESIAN_POINT('Ctrl Pts',(319.331606969884,26.2385674138992,0.641854345161971));
#4101=CARTESIAN_POINT('Ctrl Pts',(319.331629521493,25.9442401994979,0.6732728697766));
#4102=CARTESIAN_POINT('Ctrl Pts',(319.331652533914,25.6499164531765,0.704715798728982));
#4103=CARTESIAN_POINT('Ctrl Pts',(319.331675843374,25.3555954974631,0.736183787397443));
#4104=CARTESIAN_POINT('Ctrl Pts',(319.331699275186,25.0612766841335,0.76767730195402));
#4105=CARTESIAN_POINT('Ctrl Pts',(319.331722643933,24.7669594182673,0.7991966015451));
#4106=CARTESIAN_POINT('Ctrl Pts',(319.331745752734,24.4726430518663,0.830741734781889));
#4107=CARTESIAN_POINT('Ctrl Pts',(319.331768393754,24.178326872434,0.862312524552211));
#4108=CARTESIAN_POINT('Ctrl Pts',(319.331790346535,23.8840100908723,0.893908554140188));
#4109=CARTESIAN_POINT('Ctrl Pts',(319.331811382843,23.5896918540097,0.925529146297229));
#4110=CARTESIAN_POINT('Ctrl Pts',(319.331831286751,23.2953713224439,0.957173347880061));
#4111=CARTESIAN_POINT('Ctrl Pts',(319.331849854263,23.0010476680879,0.988839944160027));
#4112=CARTESIAN_POINT('Ctrl Pts',(319.331866893765,22.7067200754209,1.02052747051985));
#4113=CARTESIAN_POINT('Ctrl Pts',(319.331882226025,22.4123877414192,1.05223422571551));
#4114=CARTESIAN_POINT('Ctrl Pts',(319.331895684417,22.1180498768701,1.08395828480127));
#4115=CARTESIAN_POINT('Ctrl Pts',(319.33190711525,21.8237057084354,1.1156975124341));
#4116=CARTESIAN_POINT('Ctrl Pts',(319.33191637749,21.5293544787497,1.14744957722136));
#4117=CARTESIAN_POINT('Ctrl Pts',(319.331923339456,21.2349954339162,1.17921196614401));
#4118=CARTESIAN_POINT('Ctrl Pts',(319.33192787891,20.9406278249122,1.2109819938659));
#4119=CARTESIAN_POINT('Ctrl Pts',(319.331929883344,20.6462509100516,1.24275681264069));
#4120=CARTESIAN_POINT('Ctrl Pts',(319.331929250219,20.3518639575068,1.27453342247716));
#4121=CARTESIAN_POINT('Ctrl Pts',(319.33192588724,20.057466248209,1.30630868172568));
#4122=CARTESIAN_POINT('Ctrl Pts',(319.331919712546,19.7630570785959,1.33807931816725));
#4123=CARTESIAN_POINT('Ctrl Pts',(319.331910655122,19.4686357644451,1.3698419401676));
#4124=CARTESIAN_POINT('Ctrl Pts',(319.331898656698,19.1742016512243,1.40159304830667));
#4125=CARTESIAN_POINT('Ctrl Pts',(319.331883672046,18.8797541181609,1.43332905006426));
#4126=CARTESIAN_POINT('Ctrl Pts',(319.331865669083,18.5852925815308,1.46504627487461));
#4127=CARTESIAN_POINT('Ctrl Pts',(319.331844628984,18.2908164981236,1.49674098954876));
#4128=CARTESIAN_POINT('Ctrl Pts',(319.331820546209,17.9963253683877,1.52840941404049));
#4129=CARTESIAN_POINT('Ctrl Pts',(319.331793428552,17.7018187397068,1.56004773737092));
#4130=CARTESIAN_POINT('Ctrl Pts',(319.33176329694,17.4072962086851,1.59165213406294));
#4131=CARTESIAN_POINT('Ctrl Pts',(319.331730183968,17.1127574178458,1.62321878065173));
#4132=CARTESIAN_POINT('Ctrl Pts',(319.331694133652,16.8182020573953,1.65474387008357));
#4133=CARTESIAN_POINT('Ctrl Pts',(319.331655201313,16.5236298674547,1.68622362615044));
#4134=CARTESIAN_POINT('Ctrl Pts',(319.331613453348,16.2290406397769,1.71765431793021));
#4135=CARTESIAN_POINT('Ctrl Pts',(319.331568967022,15.9344342195314,1.74903227407995));
#4136=CARTESIAN_POINT('Ctrl Pts',(319.331521830124,15.6398105063486,1.78035389720643));
#4137=CARTESIAN_POINT('Ctrl Pts',(319.331472140914,15.3451694566322,1.81161567755032));
#4138=CARTESIAN_POINT('Ctrl Pts',(319.331420009945,15.0505110939992,1.84281420670237));
#4139=CARTESIAN_POINT('Ctrl Pts',(319.331365559785,14.7558355108825,1.87394619450804));
#4140=CARTESIAN_POINT('Ctrl Pts',(319.33130892449,14.4611428689065,1.90500848561914));
#4141=CARTESIAN_POINT('Ctrl Pts',(319.331250249189,14.1664333995626,1.93599807557895));
#4142=CARTESIAN_POINT('Ctrl Pts',(319.331189689451,13.8717074039029,1.96691212670017));
#4143=CARTESIAN_POINT('Ctrl Pts',(319.331127411003,13.5769652534846,1.99774798292393));
#4144=CARTESIAN_POINT('Ctrl Pts',(319.331063588359,13.2822073866014,2.02850318558917));
#4145=CARTESIAN_POINT('Ctrl Pts',(319.33099839859,12.9874342821637,2.05917548776833));
#4146=CARTESIAN_POINT('Ctrl Pts',(319.330932020745,12.6926464577366,2.08976285868843));
#4147=CARTESIAN_POINT('Ctrl Pts',(319.330864635511,12.3978444685664,2.12026348832828));
#4148=CARTESIAN_POINT('Ctrl Pts',(319.330796425061,12.1030289073264,2.1506757909669));
#4149=CARTESIAN_POINT('Ctrl Pts',(319.33072757251,11.8082004020739,2.18099840930205));
#4150=CARTESIAN_POINT('Ctrl Pts',(319.330658262322,11.5133596182844,2.21123021660377));
#4151=CARTESIAN_POINT('Ctrl Pts',(319.330588677833,11.2185072481288,2.24137032258186));
#4152=CARTESIAN_POINT('Ctrl Pts',(319.330518986134,10.9236439412931,2.27141807596191));
#4153=CARTESIAN_POINT('Ctrl Pts',(319.330449337751,10.6287703004979,2.30137304247135));
#4154=CARTESIAN_POINT('Ctrl Pts',(319.330379867126,10.3338868808731,2.33123498413709));
#4155=CARTESIAN_POINT('Ctrl Pts',(319.330310692954,10.0389941886538,2.36100383825101));
#4156=CARTESIAN_POINT('Ctrl Pts',(319.330241918634,9.74409268054959,2.39067969693749));
#4157=CARTESIAN_POINT('Ctrl Pts',(319.330173632554,9.44918276238981,2.42026278715802));
#4158=CARTESIAN_POINT('Ctrl Pts',(319.330105908865,9.1542647900811,2.44975345048185));
#4159=CARTESIAN_POINT('Ctrl Pts',(319.330038810679,8.85933908204257,2.47915212369801));
#4160=CARTESIAN_POINT('Ctrl Pts',(319.329972390513,8.56440591944599,2.50845932446854));
#4161=CARTESIAN_POINT('Ctrl Pts',(319.329906690514,8.26946554550554,2.53767563711016));
#4162=CARTESIAN_POINT('Ctrl Pts',(319.329841742729,7.97451816501687,2.56680169870058));
#4163=CARTESIAN_POINT('Ctrl Pts',(319.329777569323,7.6795639437113,2.59583818548181));
#4164=CARTESIAN_POINT('Ctrl Pts',(319.329714182832,7.38460300779798,2.62478579928749));
#4165=CARTESIAN_POINT('Ctrl Pts',(319.329651586225,7.08963544272999,2.65364525468059));
#4166=CARTESIAN_POINT('Ctrl Pts',(319.329589771596,6.79466128538111,2.68241726582617));
#4167=CARTESIAN_POINT('Ctrl Pts',(319.329528720244,6.4996805226489,2.71110253131473));
#4168=CARTESIAN_POINT('Ctrl Pts',(319.32946840289,6.2046930906465,2.73970171899795));
#4169=CARTESIAN_POINT('Ctrl Pts',(319.329408779811,5.90969887363196,2.76821545102326));
#4170=CARTESIAN_POINT('Ctrl Pts',(319.32934980101,5.61469770301878,2.79664428894148));
#4171=CARTESIAN_POINT('Ctrl Pts',(319.329291406292,5.31968935613323,2.82498871900665));
#4172=CARTESIAN_POINT('Ctrl Pts',(319.329233525486,5.02467355548478,2.85324913726209));
#4173=CARTESIAN_POINT('Ctrl Pts',(319.329176080036,4.72964997486664,2.88142583476544));
#4174=CARTESIAN_POINT('Ctrl Pts',(319.329118983248,4.43461823915553,2.90951898542859));
#4175=CARTESIAN_POINT('Ctrl Pts',(319.329062140258,4.13957792288701,2.93752863391073));
#4176=CARTESIAN_POINT('Ctrl Pts',(319.329005448094,3.84452854916163,2.96545468345109));
#4177=CARTESIAN_POINT('Ctrl Pts',(319.328948795672,3.5494695883334,2.99329688373959));
#4178=CARTESIAN_POINT('Ctrl Pts',(319.328892063832,3.25440045682222,3.02105481855555));
#4179=CARTESIAN_POINT('Ctrl Pts',(319.32883512524,2.95932051532001,3.04872789381011));
#4180=CARTESIAN_POINT('Ctrl Pts',(319.328777841572,2.6642290535745,3.07631532546231));
#4181=CARTESIAN_POINT('Ctrl Pts',(319.328720063135,2.36912528652911,3.10381612247443));
#4182=CARTESIAN_POINT('Ctrl Pts',(319.328661629044,2.07400835328939,3.13122906945184));
#4183=CARTESIAN_POINT('Ctrl Pts',(319.328602367252,1.77887731529239,3.15855270938689));
#4184=CARTESIAN_POINT('Ctrl Pts',(319.32854209467,1.48373115496142,3.18578532614468));
#4185=CARTESIAN_POINT('Ctrl Pts',(319.328480617256,1.1885687742847,3.21292492745738));
#4186=CARTESIAN_POINT('Ctrl Pts',(319.328417730438,0.893388994886438,3.23996922672901));
#4187=CARTESIAN_POINT('Ctrl Pts',(319.328353227511,0.598190598429485,3.26691562503439));
#4188=CARTESIAN_POINT('Ctrl Pts',(319.328286901143,0.302972334078151,3.2937612079341));
#4189=CARTESIAN_POINT('Ctrl Pts',(319.328218543166,0.00773291740665882,
3.32050274301311));
#4190=CARTESIAN_POINT('Ctrl Pts',(319.328147944939,-0.287528967729324,3.34713667800515));
#4191=CARTESIAN_POINT('Ctrl Pts',(319.32807489756,-0.582814668168129,3.3736591385934));
#4192=CARTESIAN_POINT('Ctrl Pts',(319.327999192068,-0.878125560243028,3.40006592797368));
#4193=CARTESIAN_POINT('Ctrl Pts',(319.327920620655,-1.17346304379469,3.42635252359608));
#4194=CARTESIAN_POINT('Ctrl Pts',(319.327838996147,-1.46882844229781,3.45251407597634));
#4195=CARTESIAN_POINT('Ctrl Pts',(319.32775415502,-1.76422298405696,3.47854544200213));
#4196=CARTESIAN_POINT('Ctrl Pts',(319.327665956763,-2.05964780180815,3.50444121981239));
#4197=CARTESIAN_POINT('Ctrl Pts',(319.327574284382,-2.3551039309964,3.53019578453707));
#4198=CARTESIAN_POINT('Ctrl Pts',(319.327479044229,-2.6505923068744,3.55580332412538));
#4199=CARTESIAN_POINT('Ctrl Pts',(319.327380166193,-2.94611375810873,3.58125787503426));
#4200=CARTESIAN_POINT('Ctrl Pts',(319.327277603209,-3.24166900433022,3.60655335906392));
#4201=CARTESIAN_POINT('Ctrl Pts',(319.327171326978,-3.53725867344742,3.6316836194422));
#4202=CARTESIAN_POINT('Ctrl Pts',(319.327061327388,-3.83288330052168,3.65664244955687));
#4203=CARTESIAN_POINT('Ctrl Pts',(319.326947612471,-4.12854332390497,3.68142362167258));
#4204=CARTESIAN_POINT('Ctrl Pts',(319.32683020807,-4.42423908294459,3.70602091546986));
#4205=CARTESIAN_POINT('Ctrl Pts',(319.326709157598,-4.71997081534382,3.73042814627974));
#4206=CARTESIAN_POINT('Ctrl Pts',(319.326584521537,-5.01573865596213,3.75463919319304));
#4207=CARTESIAN_POINT('Ctrl Pts',(319.326456377347,-5.31154263367506,3.7786480260693));
#4208=CARTESIAN_POINT('Ctrl Pts',(319.326324821402,-5.60738265740222,3.80244873286223));
#4209=CARTESIAN_POINT('Ctrl Pts',(319.326189968475,-5.90325851505407,3.82603555056788));
#4210=CARTESIAN_POINT('Ctrl Pts',(319.326051950935,-6.19916987410959,3.8494028950546));
#4211=CARTESIAN_POINT('Ctrl Pts',(319.325910918008,-6.49511628222649,3.87254538999785));
#4212=CARTESIAN_POINT('Ctrl Pts',(319.325767034838,-6.79109716905434,3.8954578946028));
#4213=CARTESIAN_POINT('Ctrl Pts',(319.325620481764,-7.08711184724549,3.91813553011521));
#4214=CARTESIAN_POINT('Ctrl Pts',(319.325471452844,-7.38315951767039,3.94057370523479));
#4215=CARTESIAN_POINT('Ctrl Pts',(319.325320152084,-7.679239287591,3.96276813985416));
#4216=CARTESIAN_POINT('Ctrl Pts',(319.32516679254,-7.97535017401756,3.98471488025111));
#4217=CARTESIAN_POINT('Ctrl Pts',(319.325011595555,-8.27149110616313,4.00641031759519));
#4218=CARTESIAN_POINT('Ctrl Pts',(319.324880924179,-8.51829929225085,4.02427771696652));
#4219=CARTESIAN_POINT('Ctrl Pts',(319.324775700541,-8.71575966807763,4.03844291902587));
#4220=CARTESIAN_POINT('Ctrl Pts',(319.324696469694,-8.86386169968981,4.04900214610968));
#4221=CARTESIAN_POINT('Ctrl Pts',(319.324616955958,-9.01197031594736,4.05949639131304));
#4222=CARTESIAN_POINT('Ctrl Pts',(319.324510601567,-9.20945701980243,4.07340171776942));
#4223=CARTESIAN_POINT('Ctrl Pts',(319.324377105997,-9.45633099114887,4.09061959943193));
#4224=CARTESIAN_POINT('Ctrl Pts',(319.324216285389,-9.75260320468838,4.11101730531277));
#4225=CARTESIAN_POINT('Ctrl Pts',(319.324055107381,-10.0488972613709,4.13114998090338));
#4226=CARTESIAN_POINT('Ctrl Pts',(319.323893849586,-10.3452114573185,4.15101678375819));
#4227=CARTESIAN_POINT('Ctrl Pts',(319.323732798131,-10.641543990608,4.17061733275565));
#4228=CARTESIAN_POINT('Ctrl Pts',(319.323599005337,-10.8885014704317,4.18672931649594));
#4229=CARTESIAN_POINT('Ctrl Pts',(319.323492371673,-11.0860746813741,4.1994861104331));
#4230=CARTESIAN_POINT('Ctrl Pts',(319.323412635105,-11.234257944336,4.20898743932092));
#4231=CARTESIAN_POINT('Ctrl Pts',(319.323333175222,-11.3824443043014,4.21842264293066));
#4232=CARTESIAN_POINT('Ctrl Pts',(319.323227647034,-11.580029903607,4.23091500292704));
#4233=CARTESIAN_POINT('Ctrl Pts',(319.323096612878,-11.8270183604169,4.24636612344969));
#4234=CARTESIAN_POINT('Ctrl Pts',(319.32294105696,-12.1234128014901,4.26464660830919));
#4235=CARTESIAN_POINT('Ctrl Pts',(319.322813058307,-12.3704133922775,4.2796650806461));
#4236=CARTESIAN_POINT('Ctrl Pts',(319.322711769388,-12.5680159919794,4.2915521985609));
#4237=CARTESIAN_POINT('Ctrl Pts',(319.322636389455,-12.7162187546589,4.30040413148114));
#4238=CARTESIAN_POINT('Ctrl Pts',(319.32256162782,-12.8644220796679,4.30919309460364));
#4239=CARTESIAN_POINT('Ctrl Pts',(319.322487515295,-13.0126257170603,4.31791955930895));
#4240=CARTESIAN_POINT('Ctrl Pts',(319.322414082349,-13.160829416886,4.3265840167575));
#4241=CARTESIAN_POINT('Ctrl Pts',(319.322341358879,-13.3090329294453,4.3351869877797));
#4242=CARTESIAN_POINT('Ctrl Pts',(319.322269373927,-13.457236008006,4.34372901367306));
#4243=CARTESIAN_POINT('Ctrl Pts',(319.322174413079,-13.6548392257009,4.35503788490904));
#4244=CARTESIAN_POINT('Ctrl Pts',(319.322057684775,-13.9018410185545,4.36902450272843));
#4245=CARTESIAN_POINT('Ctrl Pts',(319.321920933143,-14.1982379467353,4.38557424608161));
#4246=CARTESIAN_POINT('Ctrl Pts',(319.321809851538,-14.4452297944815,4.39917488582811));
#4247=CARTESIAN_POINT('Ctrl Pts',(319.321722762547,-14.6428192524595,4.40994361878844));
#4248=CARTESIAN_POINT('Ctrl Pts',(319.321658342673,-14.7910091887983,4.4179649734521));
#4249=CARTESIAN_POINT('Ctrl Pts',(319.321594827865,-14.9391968202488,4.42593182862692));
#4250=CARTESIAN_POINT('Ctrl Pts',(319.321511355054,-15.1367770882992,4.43648257563579));
#4251=CARTESIAN_POINT('Ctrl Pts',(319.321409301131,-15.3837460094203,4.44953828596925));
#4252=CARTESIAN_POINT('Ctrl Pts',(319.32129050588,-15.6800976571854,4.46499845634185));
#4253=CARTESIAN_POINT('Ctrl Pts',(319.32119455777,-15.9270478875303,4.4777144257585));
#4254=CARTESIAN_POINT('Ctrl Pts',(319.32111961224,-16.1246024379609,4.48778951048017));
#4255=CARTESIAN_POINT('Ctrl Pts',(319.321064303348,-16.272765589128,4.49529767266195));
#4256=CARTESIAN_POINT('Ctrl Pts',(319.321009888039,-16.4209260417674,4.50275837360959));
#4257=CARTESIAN_POINT('Ctrl Pts',(319.320956357963,-16.569083886729,4.51017229360988));
#4258=CARTESIAN_POINT('Ctrl Pts',(319.320903703887,-16.7172392281891,4.51754010548049));
#4259=CARTESIAN_POINT('Ctrl Pts',(319.320851915147,-16.8653921903393,4.52486246967902));
#4260=CARTESIAN_POINT('Ctrl Pts',(319.320800980159,-17.0135429097198,4.53214003822827));
#4261=CARTESIAN_POINT('Ctrl Pts',(319.320734187628,-17.2110744177714,4.54178458056091));
#4262=CARTESIAN_POINT('Ctrl Pts',(319.320652764083,-17.4579839853726,4.55373142578486));
#4263=CARTESIAN_POINT('Ctrl Pts',(319.320558236286,-17.7542692076107,4.56789831005791));
#4264=CARTESIAN_POINT('Ctrl Pts',(319.32048198839,-18.0011696925296,4.57956670348415));
#4265=CARTESIAN_POINT('Ctrl Pts',(319.320422417569,-18.1986886375083,4.58882110263734));
#4266=CARTESIAN_POINT('Ctrl Pts',(319.320378428395,-18.3468273558442,4.5957222229703));
#4267=CARTESIAN_POINT('Ctrl Pts',(319.320335102819,-18.4949658160889,4.60258413444321));
#4268=CARTESIAN_POINT('Ctrl Pts',(319.320278182943,-18.6924837375212,4.61168164070228));
#4269=CARTESIAN_POINT('Ctrl Pts',(319.320208551131,-18.9393816908401,4.62295761316826));
#4270=CARTESIAN_POINT('Ctrl Pts',(319.320127169361,-19.2356620622466,4.63633821658173));
#4271=CARTESIAN_POINT('Ctrl Pts',(319.320047683511,-19.5319471993306,4.64957059871221));
#4272=CARTESIAN_POINT('Ctrl Pts',(319.319969784267,-19.8282390030808,4.66265651111248));
#4273=CARTESIAN_POINT('Ctrl Pts',(319.319893136382,-20.1245392737534,4.67559704282263));
#4274=CARTESIAN_POINT('Ctrl Pts',(319.319830006471,-20.3714645998049,4.68625999328578));
#4275=CARTESIAN_POINT('Ctrl Pts',(319.31977975545,-20.5690106571643,4.69471766432353));
#4276=CARTESIAN_POINT('Ctrl Pts',(319.319742142274,-20.7171732585469,4.701024431078));
#4277=CARTESIAN_POINT('Ctrl Pts',(319.31970455225,-20.865339073746,4.70729455195877));
#4278=CARTESIAN_POINT('Ctrl Pts',(319.319654389984,-21.0628979551473,4.71560552229613));
#4279=CARTESIAN_POINT('Ctrl Pts',(319.319591469818,-21.3098552393186,4.72590134335588));
#4280=CARTESIAN_POINT('Ctrl Pts',(319.319515147732,-21.606218652857,4.73810471961233));
#4281=CARTESIAN_POINT('Ctrl Pts',(319.31945044827,-21.8532008149827,4.74814454858392));
#4282=CARTESIAN_POINT('Ctrl Pts',(319.319397759946,-22.0507942804893,4.75609610075733));
#4283=CARTESIAN_POINT('Ctrl Pts',(319.319357706532,-22.1989932779782,4.76201885255152));
#4284=CARTESIAN_POINT('Ctrl Pts',(319.319317042127,-22.3471962655586,4.76789990365869));
#4285=CARTESIAN_POINT('Ctrl Pts',(319.319275688987,-22.4954033828423,4.77373836660479));
#4286=CARTESIAN_POINT('Ctrl Pts',(319.319233567271,-22.6436148220131,4.77953329454414));
#4287=CARTESIAN_POINT('Ctrl Pts',(319.319190593811,-22.7918308299009,4.785283645351));
#4288=CARTESIAN_POINT('Ctrl Pts',(319.319146683253,-22.9400516969565,4.79098831470107));
#4289=CARTESIAN_POINT('Ctrl Pts',(319.319086767787,-23.1376864731559,4.79853200303116));
#4290=CARTESIAN_POINT('Ctrl Pts',(319.319009082635,-23.3847439314335,4.80784121035724));
#4291=CARTESIAN_POINT('Ctrl Pts',(319.318910635343,-23.6812390020292,4.81880821466443));
#4292=CARTESIAN_POINT('Ctrl Pts',(319.318823574731,-23.9283437389011,4.82776654675177));
#4293=CARTESIAN_POINT('Ctrl Pts',(319.318750515124,-24.1260452947686,4.83481741022211));
#4294=CARTESIAN_POINT('Ctrl Pts',(319.318687628372,-24.2908071840851,4.84062656386883));
#4295=CARTESIAN_POINT('Ctrl Pts',(319.318615742265,-24.472059794421,4.84692828513257));
#4296=CARTESIAN_POINT('Ctrl Pts',(319.318533714226,-24.6698096437244,4.85368754853569));
#4297=CARTESIAN_POINT('Ctrl Pts',(319.318447856177,-24.867580867559,4.86032598144782));
#4298=CARTESIAN_POINT('Ctrl Pts',(319.318357950205,-25.0653751373344,4.86683778672725));
#4299=CARTESIAN_POINT('Ctrl Pts',(319.318263784233,-25.2631941372346,4.87321687520739));
#4300=CARTESIAN_POINT('Ctrl Pts',(319.318165153169,-25.461039551412,4.87945686846712));
#4301=CARTESIAN_POINT('Ctrl Pts',(319.318061859394,-25.6589130532689,4.88555111128145));
#4302=CARTESIAN_POINT('Ctrl Pts',(319.317953715144,-25.8568162833204,4.89149267932907));
#4303=CARTESIAN_POINT('Ctrl Pts',(319.317840554768,-26.0547507602948,4.89727439462656));
#4304=CARTESIAN_POINT('Ctrl Pts',(319.317722236267,-26.25271786426,4.902888856866));
#4305=CARTESIAN_POINT('Ctrl Pts',(319.317598641775,-26.4507188268362,4.90832847583393));
#4306=CARTESIAN_POINT('Ctrl Pts',(319.317469678147,-26.6487547211693,4.91358550506448));
#4307=CARTESIAN_POINT('Ctrl Pts',(319.317335277301,-26.8468264538488,4.91865207624807));
#4308=CARTESIAN_POINT('Ctrl Pts',(319.317195396434,-27.0449347581343,4.92352023438221));
#4309=CARTESIAN_POINT('Ctrl Pts',(319.317050018065,-27.2430801887052,4.92818197325767));
#4310=CARTESIAN_POINT('Ctrl Pts',(319.316899149844,-27.4412631185126,4.9326292712461));
#4311=CARTESIAN_POINT('Ctrl Pts',(319.316742824322,-27.6394837363844,4.93685412675264));
#4312=CARTESIAN_POINT('Ctrl Pts',(319.316581098037,-27.8377420496768,4.94084859384125));
#4313=CARTESIAN_POINT('Ctrl Pts',(319.316414048051,-28.0360379050061,4.9446048158588));
#4314=CARTESIAN_POINT('Ctrl Pts',(319.316241771087,-28.2343709916701,4.94811505446453));
#4315=CARTESIAN_POINT('Ctrl Pts',(319.316064382707,-28.4327408451676,4.95137171793271));
#4316=CARTESIAN_POINT('Ctrl Pts',(319.31588201633,-28.6311468523487,4.95436738814012));
#4317=CARTESIAN_POINT('Ctrl Pts',(319.315694822124,-28.8295882577236,4.95709484625451));
#4318=CARTESIAN_POINT('Ctrl Pts',(319.315502965804,-29.0280641709431,4.95954709679771));
#4319=CARTESIAN_POINT('Ctrl Pts',(319.315306627312,-29.2265735753537,4.96171739001212));
#4320=CARTESIAN_POINT('Ctrl Pts',(319.315105999447,-29.4251153373057,4.96359924227145));
#4321=CARTESIAN_POINT('Ctrl Pts',(319.314901286389,-29.6236882165325,4.96518645457587));
#4322=CARTESIAN_POINT('Ctrl Pts',(319.314692702331,-29.8222908759993,4.96647312869567));
#4323=CARTESIAN_POINT('Ctrl Pts',(319.314480471292,-30.0209218837879,4.96745368182202));
#4324=CARTESIAN_POINT('Ctrl Pts',(319.314264825564,-30.219579724748,4.96812286067494));
#4325=CARTESIAN_POINT('Ctrl Pts',(319.314046003998,-30.4182628135427,4.96847575303184));
#4326=CARTESIAN_POINT('Ctrl Pts',(319.313824250352,-30.6169695073621,4.96850779682048));
#4327=CARTESIAN_POINT('Ctrl Pts',(319.313599811663,-30.8156981187043,4.96821478670822));
#4328=CARTESIAN_POINT('Ctrl Pts',(319.313372936688,-31.0144469277203,4.96759287829726));
#4329=CARTESIAN_POINT('Ctrl Pts',(319.313143874389,-31.2132141943379,4.96663858996607));
#4330=CARTESIAN_POINT('Ctrl Pts',(319.312912872544,-31.4119981695532,4.96534880249768));
#4331=CARTESIAN_POINT('Ctrl Pts',(319.312680176381,-31.6107971066414,4.96372075655836));
#4332=CARTESIAN_POINT('Ctrl Pts',(319.312446027443,-31.8096092705656,4.96175204827657));
#4333=CARTESIAN_POINT('Ctrl Pts',(319.312210661492,-32.0084329544358,4.95944062272631));
#4334=CARTESIAN_POINT('Ctrl Pts',(319.311974307217,-32.2072664900227,4.95678476426962));
#4335=CARTESIAN_POINT('Ctrl Pts',(319.311737185644,-32.4061082531932,4.95378308547962));
#4336=CARTESIAN_POINT('Ctrl Pts',(319.311499509461,-32.6049566698131,4.95043451503079));
#4337=CARTESIAN_POINT('Ctrl Pts',(319.311261482547,-32.8038102201611,4.94673828466369));
#4338=CARTESIAN_POINT('Ctrl Pts',(319.311023299532,-33.0026674429176,4.94269391540774));
#4339=CARTESIAN_POINT('Ctrl Pts',(319.310785145506,-33.201526938073,4.93830120317845));
#4340=CARTESIAN_POINT('Ctrl Pts',(319.310547195754,-33.4003873694178,4.933560203934));
#4341=CARTESIAN_POINT('Ctrl Pts',(319.310309615655,-33.5992474658129,4.92847121844199));
#4342=CARTESIAN_POINT('Ctrl Pts',(319.310072560515,-33.798106022785,4.92303477692654));
#4343=CARTESIAN_POINT('Ctrl Pts',(319.309836175854,-33.9969619006207,4.9172516234047));
#4344=CARTESIAN_POINT('Ctrl Pts',(319.309600598816,-34.1958140142006,4.91112270140362));
#4345=CARTESIAN_POINT('Ctrl Pts',(319.309365957994,-34.3946613343614,4.90464914092168));
#4346=CARTESIAN_POINT('Ctrl Pts',(319.309132373348,-34.5935028886155,4.89783224492412));
#4347=CARTESIAN_POINT('Ctrl Pts',(319.308899956148,-34.792337761456,4.89067347577345));
#4348=CARTESIAN_POINT('Ctrl Pts',(319.308668808995,-34.9911650941207,4.88317444153496));
#4349=CARTESIAN_POINT('Ctrl Pts',(319.308439025888,-35.1899840838564,4.87533688230786));
#4350=CARTESIAN_POINT('Ctrl Pts',(319.308210692313,-35.3887939829517,4.86716265662301));
#4351=CARTESIAN_POINT('Ctrl Pts',(319.307983885421,-35.5875940970768,4.85865372795926));
#4352=CARTESIAN_POINT('Ctrl Pts',(319.307758674134,-35.7863837840197,4.84981215146855));
#4353=CARTESIAN_POINT('Ctrl Pts',(319.307535119476,-35.9851624507489,4.84064006084994));
#4354=CARTESIAN_POINT('Ctrl Pts',(319.307313274351,-36.1839295545037,4.83113965561446));
#4355=CARTESIAN_POINT('Ctrl Pts',(319.307093181005,-36.3826846217616,4.82131318600688));
#4356=CARTESIAN_POINT('Ctrl Pts',(319.30687487153,-36.5814272430984,4.8111629351407));
#4357=CARTESIAN_POINT('Ctrl Pts',(319.306658368991,-36.7801570643783,4.8006912043036));
#4358=CARTESIAN_POINT('Ctrl Pts',(319.306419834165,-37.0009534182751,4.78870130657109));
#4359=CARTESIAN_POINT('Ctrl Pts',(319.306160052915,-37.243810349276,4.77506056794176));
#4360=CARTESIAN_POINT('Ctrl Pts',(319.305879902232,-37.5087209049153,4.75962178460595));
#4361=CARTESIAN_POINT('Ctrl Pts',(319.30560297452,-37.7736067639821,4.74363026823197));
#4362=CARTESIAN_POINT('Ctrl Pts',(319.305329227854,-38.0384675826661,4.72709109637834));
#4363=CARTESIAN_POINT('Ctrl Pts',(319.305058604112,-38.303303073725,4.71000913647053));
#4364=CARTESIAN_POINT('Ctrl Pts',(319.304791029705,-38.5681129979965,4.69238900934313));
#4365=CARTESIAN_POINT('Ctrl Pts',(319.304526410593,-38.8328971983206,4.67423504227823));
#4366=CARTESIAN_POINT('Ctrl Pts',(319.304264634688,-39.097655574073,4.65555122190841));
#4367=CARTESIAN_POINT('Ctrl Pts',(319.304005574083,-39.3623880572726,4.63634115211234));
#4368=CARTESIAN_POINT('Ctrl Pts',(319.303749086879,-39.627094592444,4.61660801619601));
#4369=CARTESIAN_POINT('Ctrl Pts',(319.303495018628,-39.8917751197703,4.59635454227698));
#4370=CARTESIAN_POINT('Ctrl Pts',(319.303243203438,-40.1564295616118,4.57558297150363));
#4371=CARTESIAN_POINT('Ctrl Pts',(319.302993464808,-40.421057811398,4.55429502716338));
#4372=CARTESIAN_POINT('Ctrl Pts',(319.302745616093,-40.6856597263504,4.53249188641245));
#4373=CARTESIAN_POINT('Ctrl Pts',(319.302499461017,-40.9502351197621,4.51017415029469));
#4374=CARTESIAN_POINT('Ctrl Pts',(319.302254793975,-41.214783756612,4.48734181664101));
#4375=CARTESIAN_POINT('Ctrl Pts',(319.302011399361,-41.4793053575903,4.46399424986361));
#4376=CARTESIAN_POINT('Ctrl Pts',(319.301769050798,-41.7437996044684,4.44013014896801));
#4377=CARTESIAN_POINT('Ctrl Pts',(319.301527510085,-42.0082661484723,4.41574751226735));
#4378=CARTESIAN_POINT('Ctrl Pts',(319.301286525941,-42.2727046205858,4.39084359880824));
#4379=CARTESIAN_POINT('Ctrl Pts',(319.301045832431,-42.5371146451064,4.3654148848065));
#4380=CARTESIAN_POINT('Ctrl Pts',(319.300805147244,-42.8014958548199,4.33945701632409));
#4381=CARTESIAN_POINT('Ctrl Pts',(319.300564169378,-43.0658479112786,4.31296475359201));
#4382=CARTESIAN_POINT('Ctrl Pts',(319.300357810036,-43.29162346953,4.28987420333347));
#4383=CARTESIAN_POINT('Ctrl Pts',(319.30018615368,-43.4788355481339,4.27042281414568));
#4384=CARTESIAN_POINT('Ctrl Pts',(319.300003909468,-43.6770475354587,4.24959417626732));
#4385=CARTESIAN_POINT('Ctrl Pts',(319.299775020108,-43.9247888883381,4.22311767735033));
#4386=CARTESIAN_POINT('Ctrl Pts',(319.299498048436,-44.2220406531202,4.19062701869905));
#4387=CARTESIAN_POINT('Ctrl Pts',(319.299264800563,-44.4697190576469,4.16293927527167));
#4388=CARTESIAN_POINT('Ctrl Pts',(319.299076398418,-44.667843180814,4.14041274197416));
#4389=CARTESIAN_POINT('Ctrl Pts',(319.298934102099,-44.8164270721416,4.12332714416));
#4390=CARTESIAN_POINT('Ctrl Pts',(319.298790716088,-44.9650018739168,4.10604824489465));
#4391=CARTESIAN_POINT('Ctrl Pts',(319.298646139053,-45.1135677322413,4.08857321866211));
#4392=CARTESIAN_POINT('Ctrl Pts',(319.298500265221,-45.2621248197105,4.07089910325493));
#4393=CARTESIAN_POINT('Ctrl Pts',(319.29835298124,-45.4106733550802,4.05302271278496));
#4394=CARTESIAN_POINT('Ctrl Pts',(319.298204168835,-45.559213587385,4.03494071640454));
#4395=CARTESIAN_POINT('Ctrl Pts',(319.298003543013,-45.7572565770981,4.01055241765522));
#4396=CARTESIAN_POINT('Ctrl Pts',(319.297748289809,-46.0047911663962,3.97953470891102));
#4397=CARTESIAN_POINT('Ctrl Pts',(319.297433656212,-46.3018054687952,3.94142861474962));
#4398=CARTESIAN_POINT('Ctrl Pts',(319.297163410745,-46.5492983844827,3.90890506351163));
#4399=CARTESIAN_POINT('Ctrl Pts',(319.296941627655,-46.7472840750729,3.88240407772019));
#4400=CARTESIAN_POINT('Ctrl Pts',(319.296772284882,-46.8957698497362,3.86228138660364));
#4401=CARTESIAN_POINT('Ctrl Pts',(319.296599718872,-47.0442529950139,3.84190574484148));
#4402=CARTESIAN_POINT('Ctrl Pts',(319.296365015955,-47.2422283117846,3.81439215905198));
#4403=CARTESIAN_POINT('Ctrl Pts',(319.296062378446,-47.4896957935466,3.7793344950829));
#4404=CARTESIAN_POINT('Ctrl Pts',(319.295682292258,-47.7866626976843,3.73614033318614));
#4405=CARTESIAN_POINT('Ctrl Pts',(319.295282988251,-48.0836446018728,3.69175409018693));
#4406=CARTESIAN_POINT('Ctrl Pts',(319.29486203514,-48.3806503547461,3.64610115970703));
#4407=CARTESIAN_POINT('Ctrl Pts',(319.294416917157,-48.6776876646813,3.5990991741903));
#4408=CARTESIAN_POINT('Ctrl Pts',(319.293945250733,-48.9747609065105,3.55065838468277));
#4409=CARTESIAN_POINT('Ctrl Pts',(319.293528173569,-49.2223522993346,3.50901177701243));
#4410=CARTESIAN_POINT('Ctrl Pts',(319.293179007302,-49.4204430529421,3.47487541261972));
#4411=CARTESIAN_POINT('Ctrl Pts',(319.292909153403,-49.569019536382,3.44885007623227));
#4412=CARTESIAN_POINT('Ctrl Pts',(319.292631117111,-49.7176036427038,3.42238811687575));
#4413=CARTESIAN_POINT('Ctrl Pts',(319.292344763077,-49.8661939485242,3.39547572944507));
#4414=CARTESIAN_POINT('Ctrl Pts',(319.292050030986,-50.0147881439374,3.36809921960922));
#4415=CARTESIAN_POINT('Ctrl Pts',(319.291746969876,-50.1633827458895,3.34024511160929));
#4416=CARTESIAN_POINT('Ctrl Pts',(319.291435772699,-50.3119726917232,3.31190049078993));
#4417=CARTESIAN_POINT('Ctrl Pts',(319.291116759174,-50.4605515107269,3.28305321336801));
#4418=CARTESIAN_POINT('Ctrl Pts',(319.290790373319,-50.6091113214523,3.25369213382916));
#4419=CARTESIAN_POINT('Ctrl Pts',(319.290457206029,-50.7576426180652,3.22380741913328));
#4420=CARTESIAN_POINT('Ctrl Pts',(319.290118006427,-50.9061341597446,3.19339079777382));
#4421=CARTESIAN_POINT('Ctrl Pts',(319.289773689227,-51.0545729273814,3.16243597817656));
#4422=CARTESIAN_POINT('Ctrl Pts',(319.289425334882,-51.202944133888,3.13093874979822));
#4423=CARTESIAN_POINT('Ctrl Pts',(319.289074168281,-51.3512314968607,3.09889761850095));
#4424=CARTESIAN_POINT('Ctrl Pts',(319.288721534791,-51.4994174561007,3.0663132827766));
#4425=CARTESIAN_POINT('Ctrl Pts',(319.288251271078,-51.6968394104477,3.02214891460794));
#4426=CARTESIAN_POINT('Ctrl Pts',(319.287666929758,-51.9432712723552,2.96561023001031));
#4427=CARTESIAN_POINT('Ctrl Pts',(319.286981598989,-52.2383008517149,2.89571102561357));
#4428=CARTESIAN_POINT('Ctrl Pts',(319.286317164951,-52.5325564293959,2.82386160660239));
#4429=CARTESIAN_POINT('Ctrl Pts',(319.285669429635,-52.8260392354629,2.7501507646288));
#4430=CARTESIAN_POINT('Ctrl Pts',(319.285023944011,-53.1188389580782,2.67461606727489));
#4431=CARTESIAN_POINT('Ctrl Pts',(319.284358117793,-53.4111446297782,2.59720295582223));
#4432=CARTESIAN_POINT('Ctrl Pts',(319.28364593353,-53.7032006084942,2.51774397565021));
#4433=CARTESIAN_POINT('Ctrl Pts',(319.28300340119,-53.9464674260466,2.44963287743462));
#4434=CARTESIAN_POINT('Ctrl Pts',(319.282461561035,-54.1409907636523,2.39389381202861));
#4435=CARTESIAN_POINT('Ctrl Pts',(319.28204263194,-54.2868225092597,2.35143902600443));
#4436=CARTESIAN_POINT('Ctrl Pts',(319.281612669088,-54.4325761235414,2.30831013784475));
#4437=CARTESIAN_POINT('Ctrl Pts',(319.281173427484,-54.5782313634388,2.26448643729052));
#4438=CARTESIAN_POINT('Ctrl Pts',(319.280726598289,-54.7237684483876,2.21994945535393));
#4439=CARTESIAN_POINT('Ctrl Pts',(319.280273785309,-54.8691682158518,2.17468308000987));
#4440=CARTESIAN_POINT('Ctrl Pts',(319.279816394013,-55.0144133711921,2.12867309642347));
#4441=CARTESIAN_POINT('Ctrl Pts',(319.279355610801,-55.1594887235065,2.08190690966422));
#4442=CARTESIAN_POINT('Ctrl Pts',(319.278892373706,-55.3043815581501,2.0343731315467));
#4443=CARTESIAN_POINT('Ctrl Pts',(319.278427372603,-55.4490816719996,1.98606118453159));
#4444=CARTESIAN_POINT('Ctrl Pts',(319.277961058777,-55.5935813157459,1.93696096781388));
#4445=CARTESIAN_POINT('Ctrl Pts',(319.277493618382,-55.7378755176078,1.88706224642395));
#4446=CARTESIAN_POINT('Ctrl Pts',(319.277025008468,-55.8819617117768,1.83635442693228));
#4447=CARTESIAN_POINT('Ctrl Pts',(319.27655493534,-56.0258399424771,1.78482576216607));
#4448=CARTESIAN_POINT('Ctrl Pts',(319.276082951384,-56.1695118106522,1.73246372333511));
#4449=CARTESIAN_POINT('Ctrl Pts',(319.275450117457,-56.3608050656819,1.66151641352896));
#4450=CARTESIAN_POINT('Ctrl Pts',(319.274650566788,-56.5994282999663,1.57067221817232));
#4451=CARTESIAN_POINT('Ctrl Pts',(319.273668470066,-56.8850501660495,1.45804108152341));
#4452=CARTESIAN_POINT('Ctrl Pts',(319.272652995176,-57.1700148365631,1.34158273044889));
#4453=CARTESIAN_POINT('Ctrl Pts',(319.271769645917,-57.4069824228396,1.24113359903072));
#4454=CARTESIAN_POINT('Ctrl Pts',(319.271034412619,-57.5962746900167,1.15857966303196));
#4455=CARTESIAN_POINT('Ctrl Pts',(319.270466954435,-57.7381058877883,1.09552147448582));
#4456=CARTESIAN_POINT('Ctrl Pts',(319.269881604137,-57.8798015366017,1.03127270072249));
#4457=CARTESIAN_POINT('Ctrl Pts',(319.269377191421,-57.9977688244238,0.97669502587942));
#4458=CARTESIAN_POINT('Ctrl Pts',(319.268962566914,-58.0920749000477,0.932381331037163));
#4459=CARTESIAN_POINT('Ctrl Pts',(319.268645751106,-58.1627701613774,0.898812202676505));
#4460=CARTESIAN_POINT('Ctrl Pts',(319.268322787007,-58.2334306509579,0.864901104006165));
#4461=CARTESIAN_POINT('Ctrl Pts',(319.267993357459,-58.3040556047398,0.830639325881984));
#4462=CARTESIAN_POINT('Ctrl Pts',(319.267657137535,-58.3746441104385,0.796017899756006));
#4463=CARTESIAN_POINT('Ctrl Pts',(319.267313786472,-58.4451949928078,0.761027330789847));
#4464=CARTESIAN_POINT('Ctrl Pts',(319.266962953279,-58.5157069059508,0.72565779682516));
#4465=CARTESIAN_POINT('Ctrl Pts',(319.266484703898,-58.609668613336,0.677979184044752));
#4466=CARTESIAN_POINT('Ctrl Pts',(319.265866309925,-58.7270147236733,0.617380634471809));
#4467=CARTESIAN_POINT('Ctrl Pts',(319.265088016465,-58.8676425101758,0.542968817071081));
#4468=CARTESIAN_POINT('Ctrl Pts',(319.264269869045,-59.008060183816,0.466760361636926));
#4469=CARTESIAN_POINT('Ctrl Pts',(319.263551523785,-59.1248769779382,0.401661174181382));
#4470=CARTESIAN_POINT('Ctrl Pts',(319.262952673959,-59.2181951307217,0.348562871995687));
#4471=CARTESIAN_POINT('Ctrl Pts',(319.262490832199,-59.2881113149053,0.308212091014637));
#4472=CARTESIAN_POINT('Ctrl Pts',(319.262015650509,-59.3579500682897,0.26731612945388));
#4473=CARTESIAN_POINT('Ctrl Pts',(319.261526442129,-59.4277059106306,0.225855428944587));
#4474=CARTESIAN_POINT('Ctrl Pts',(319.261022474401,-59.4973731179626,0.183809275451278));
#4475=CARTESIAN_POINT('Ctrl Pts',(319.260502956613,-59.5669456093462,0.1411554178065));
#4476=CARTESIAN_POINT('Ctrl Pts',(319.259967038557,-59.6364169942609,0.097870028036997));
#4477=CARTESIAN_POINT('Ctrl Pts',(319.259413802188,-59.7057805458498,0.0539274357236525));
#4478=CARTESIAN_POINT('Ctrl Pts',(319.258842255896,-59.7750292010702,0.00929994858076648));
#4479=CARTESIAN_POINT('Ctrl Pts',(319.258251325716,-59.8441555788775,-0.0360424469427564));
#4480=CARTESIAN_POINT('Ctrl Pts',(319.257639847067,-59.9131519386134,-0.0821323462528052));
#4481=CARTESIAN_POINT('Ctrl Pts',(319.257006553286,-59.9820102778032,-0.129005359842203));
#4482=CARTESIAN_POINT('Ctrl Pts',(319.256350065606,-60.0507221665463,-0.176700407607232));
#4483=CARTESIAN_POINT('Ctrl Pts',(319.255668875889,-60.119279106899,-0.225260476602324));
#4484=CARTESIAN_POINT('Ctrl Pts',(319.254961338313,-60.1876718207573,-0.274732693123549));
#4485=CARTESIAN_POINT('Ctrl Pts',(319.254225620365,-60.2558932099214,-0.32517119106723));
#4486=CARTESIAN_POINT('Ctrl Pts',(319.253459637209,-60.3239416943146,-0.376640732637892));
#4487=CARTESIAN_POINT('Ctrl Pts',(319.252661037659,-60.3918189758442,-0.429216610254243));
#4488=CARTESIAN_POINT('Ctrl Pts',(319.251827168625,-60.4595295434811,-0.482985926076866));
#4489=CARTESIAN_POINT('Ctrl Pts',(319.250955036375,-60.5270801723593,-0.53804938960129));
#4490=CARTESIAN_POINT('Ctrl Pts',(319.250193597492,-60.5832462942286,-0.585111029111674));
#4491=CARTESIAN_POINT('Ctrl Pts',(319.249561790226,-60.6281088719037,-0.62353335768751));
#4492=CARTESIAN_POINT('Ctrl Pts',(319.248914191497,-60.6729266231211,-0.662497263372199));
#4493=CARTESIAN_POINT('Ctrl Pts',(319.248073785123,-60.7288686811424,-0.712267244648644));
#4494=CARTESIAN_POINT('Ctrl Pts',(319.247011257128,-60.7958840448444,-0.773880167342957));
#4495=CARTESIAN_POINT('Ctrl Pts',(319.245889644173,-60.8627957897268,-0.837598075329863));
#4496=CARTESIAN_POINT('Ctrl Pts',(319.244703543738,-60.9296088775003,-0.903671435664692));
#4497=CARTESIAN_POINT('Ctrl Pts',(319.243656733185,-60.985197212891,-0.960934817111705));
#4498=CARTESIAN_POINT('Ctrl Pts',(319.242781605614,-61.0295972364043,-1.00822868168146));
#4499=CARTESIAN_POINT('Ctrl Pts',(319.241880623803,-61.0739381355348,-1.0565703867846));
#4500=CARTESIAN_POINT('Ctrl Pts',(319.240704670788,-61.1292286509112,-1.11907242713254));
#4501=CARTESIAN_POINT('Ctrl Pts',(319.239212075409,-61.1952219282001,-1.19776387276419));
#4502=CARTESIAN_POINT('Ctrl Pts',(319.237641628084,-61.2606148118691,-1.28048341395639));
#4503=CARTESIAN_POINT('Ctrl Pts',(319.236004266532,-61.3250340318991,-1.36749005725395));
#4504=CARTESIAN_POINT('Ctrl Pts',(319.23459884237,-61.3774964373987,-1.44370697204341));
#4505=CARTESIAN_POINT('Ctrl Pts',(319.233463551462,-61.4184179651775,-1.50689577222333));
#4506=CARTESIAN_POINT('Ctrl Pts',(319.232327116811,-61.4585135830243,-1.57151891850349));
#4507=CARTESIAN_POINT('Ctrl Pts',(319.231197711396,-61.4972056666042,-1.63824859521167));
#4508=CARTESIAN_POINT('Ctrl Pts',(319.230090062866,-61.5343507403577,-1.70733026759312));
#4509=CARTESIAN_POINT('Ctrl Pts',(319.229410242684,-61.5568957870929,-1.75156059352723));
#4510=CARTESIAN_POINT('Ctrl Pts',(319.228976644253,-61.5711925814951,-1.78082549327111));
#4511=CARTESIAN_POINT('Ctrl Pts',(319.228803186535,-61.5769021888829,-1.79272800025633));
#4512=CARTESIAN_POINT('Ctrl Pts',(319.228757866325,-61.578393238456,-1.79585056260147));
#4513=CARTESIAN_POINT('Ctrl Pts',(319.228741399604,-61.5789349831022,-1.79698667785072));
#4514=CARTESIAN_POINT('Ctrl Pts',(319.228716710881,-61.5797471166227,-1.79869138579879));
#4515=CARTESIAN_POINT('Ctrl Pts',(319.228663286992,-61.5815041892713,-1.80238810136765));
#4516=CARTESIAN_POINT('Ctrl Pts',(319.228597736748,-61.5836591166858,-1.80694712238313));
#4517=CARTESIAN_POINT('Ctrl Pts',(319.228544649375,-61.5854036686349,-1.8106586547877));
#4518=CARTESIAN_POINT('Ctrl Pts',(319.228520180778,-61.5862076249452,-1.81237307753349));
#4519=CARTESIAN_POINT('Ctrl Pts',(319.228503877981,-61.5867432529033,-1.81351636321728));
#4520=CARTESIAN_POINT('Ctrl Pts',(319.228426500313,-61.5892852461536,-1.81894984973603));
#4521=CARTESIAN_POINT('Ctrl Pts',(319.228288743142,-61.593808530911,-1.82870047909466));
#4522=CARTESIAN_POINT('Ctrl Pts',(319.228096149032,-61.6001282654408,-1.84253306178492));
#4523=CARTESIAN_POINT('Ctrl Pts',(319.227905625505,-61.6063778220241,-1.85642517935261));
#4524=CARTESIAN_POINT('Ctrl Pts',(319.22765451574,-61.6146137440081,-1.87502217767813));
#4525=CARTESIAN_POINT('Ctrl Pts',(319.227346645099,-61.6247140595895,-1.89838033466521));
#4526=CARTESIAN_POINT('Ctrl Pts',(319.226868403932,-61.6404226083121,-1.9359120889108));
#4527=CARTESIAN_POINT('Ctrl Pts',(319.226499945724,-61.6525609851818,-1.96641312376056));
#4528=CARTESIAN_POINT('Ctrl Pts',(319.226228855823,-61.6615089568934,-1.98977666892641));
#4529=CARTESIAN_POINT('Ctrl Pts',(319.226121200781,-61.6650623494353,-1.9991349087846));
#4530=CARTESIAN_POINT('Ctrl Pts',(319.226015077205,-61.6685665966028,-2.00848657573709));
#4531=CARTESIAN_POINT('Ctrl Pts',(319.22591010233,-61.6720318122167,-2.01785702777855));
#4532=CARTESIAN_POINT('Ctrl Pts',(319.225831975234,-61.6746100916355,-2.0248919106578));
#4533=CARTESIAN_POINT('Ctrl Pts',(319.225754349975,-61.6771703237819,-2.03194051355866));
#4534=CARTESIAN_POINT('Ctrl Pts',(319.225600043233,-61.6822555905761,-2.04606893743782));
#4535=CARTESIAN_POINT('Ctrl Pts',(319.225371649136,-61.6897619479191,-2.06740776820792));
#4536=CARTESIAN_POINT('Ctrl Pts',(319.225119494924,-61.6979563434457,-2.0916133887578));
#4537=CARTESIAN_POINT('Ctrl Pts',(319.224915103754,-61.7044757865218,-2.11147751934076));
#4538=CARTESIAN_POINT('Ctrl Pts',(319.224798037679,-61.7081419688327,-2.12289361115026));
#4539=CARTESIAN_POINT('Ctrl Pts',(319.224718555722,-61.7105919543542,-2.13063318001598));
#4540=CARTESIAN_POINT('Ctrl Pts',(319.224678463465,-61.7118187312071,-2.13453167719093));
#4541=CARTESIAN_POINT('Ctrl Pts',(319.22463800944,-61.7130474553882,-2.1384594769978));
#4542=CARTESIAN_POINT('Ctrl Pts',(319.224556209161,-61.7155105212628,-2.14638166561204));
#4543=CARTESIAN_POINT('Ctrl Pts',(319.224472069587,-61.7179887296967,-2.15447537681589));
#4544=CARTESIAN_POINT('Ctrl Pts',(319.224384038416,-61.7204985033973,-2.16281494784586));
#4545=CARTESIAN_POINT('Ctrl Pts',(319.224324120304,-61.7221822283333,-2.16844966851354));
#4546=CARTESIAN_POINT('Ctrl Pts',(319.224262152889,-61.7238839634552,-2.17420675664242));
#4547=CARTESIAN_POINT('Ctrl Pts',(319.224197415657,-61.7256118232502,-2.18012201003251));
#4548=CARTESIAN_POINT('Ctrl Pts',(319.224147233318,-61.7269236020451,-2.18464987937298));
#4549=CARTESIAN_POINT('Ctrl Pts',(319.224095126766,-61.7282547027332,-2.18928416580596));
#4550=CARTESIAN_POINT('Ctrl Pts',(319.224040710152,-61.7296097007316,-2.19404471168612));
#4551=CARTESIAN_POINT('Ctrl Pts',(319.223983480053,-61.7309946451361,-2.19895764147746));
#4552=CARTESIAN_POINT('Ctrl Pts',(319.223922745116,-61.732417959078,-2.20405918062982));
#4553=CARTESIAN_POINT('Ctrl Pts',(319.223868399406,-61.7336460501845,-2.20851057934741));
#4554=CARTESIAN_POINT('Ctrl Pts',(319.223821941836,-61.7346629686104,-2.21223125550298));
#4555=CARTESIAN_POINT('Ctrl Pts',(319.223785316294,-61.735446559857,-2.21511720345415));
#4556=CARTESIAN_POINT('Ctrl Pts',(319.223746596546,-61.7362549868313,-2.21811533371449));
#4557=CARTESIAN_POINT('Ctrl Pts',(319.223691476831,-61.7373749290784,-2.22230028944448));
#4558=CARTESIAN_POINT('Ctrl Pts',(319.223641519679,-61.7383477611554,-2.22597843597805));
#4559=CARTESIAN_POINT('Ctrl Pts',(319.22359790788,-61.7391606027094,-2.22908755234418));
#4560=CARTESIAN_POINT('Ctrl Pts',(319.223579879616,-61.7394930609994,-2.23036277064296));
#4561=CARTESIAN_POINT('Ctrl Pts',(319.223546773792,-61.7400944005349,-2.23267860837067));
#4562=CARTESIAN_POINT('Ctrl Pts',(319.223504673842,-61.7408354249654,-2.2355563148084));
#4563=CARTESIAN_POINT('Ctrl Pts',(319.223461413219,-61.7415657773867,-2.2384235630976));
#4564=CARTESIAN_POINT('Ctrl Pts',(319.223433936405,-61.7420185119242,-2.24021223396047));
#4565=CARTESIAN_POINT('Ctrl Pts',(319.223411600775,-61.7423803135988,-2.24164798189203));
#4566=CARTESIAN_POINT('Ctrl Pts',(319.223387079987,-61.7427703146164,-2.24320313949105));
#4567=CARTESIAN_POINT('Ctrl Pts',(319.223359388677,-61.7432013695827,-2.24493149769527));
#4568=CARTESIAN_POINT('Ctrl Pts',(319.2233354177,-61.7435661988968,-2.24640332081281));
#4569=CARTESIAN_POINT('Ctrl Pts',(319.223316747503,-61.7438444308777,-2.24753153993975));
#4570=CARTESIAN_POINT('Ctrl Pts',(319.223307220213,-61.7439860238621,-2.24810683718835));
#4571=CARTESIAN_POINT('Ctrl Pts',(319.223297567667,-61.7441263987322,-2.2486785548186));
#4572=CARTESIAN_POINT('Ctrl Pts',(319.223291408653,-61.7442182285754,-2.24905323822731));
#4573=CARTESIAN_POINT('Ctrl Pts',(319.223285028379,-61.7443073205557,-2.24941698608896));
#4574=CARTESIAN_POINT('Ctrl Pts',(319.223284474283,-61.7465171874927,-2.25863898864101));
#4575=CARTESIAN_POINT('Ctrl Pts',(319.223284602572,-61.7509151297907,-2.27699357766677));
#4576=CARTESIAN_POINT('Ctrl Pts',(319.223284561404,-61.7597149097744,-2.31371864455741));
#4577=CARTESIAN_POINT('Ctrl Pts',(319.223284583667,-61.7685138599192,-2.35044032663122));
#4578=CARTESIAN_POINT('Ctrl Pts',(319.223284576093,-61.7751133900517,-2.37798288332958));
#4579=CARTESIAN_POINT('Ctrl Pts',(319.223284576093,-61.7773132004018,-2.38716360084748));
#4580=CARTESIAN_POINT('Ctrl Pts',(319.826557891464,32.3936167253638,-0.27089829336435));
#4581=CARTESIAN_POINT('Ctrl Pts',(319.826558145163,32.2954731588127,-0.260508777448046));
#4582=CARTESIAN_POINT('Ctrl Pts',(319.826558649336,32.0991843299638,-0.239728314824838));
#4583=CARTESIAN_POINT('Ctrl Pts',(319.826559467477,31.8047476527971,-0.208553775569748));
#4584=CARTESIAN_POINT('Ctrl Pts',(319.826560405508,31.5103095192327,-0.177375635028359));
#4585=CARTESIAN_POINT('Ctrl Pts',(319.826561516423,31.21587182636,-0.146193872708079));
#4586=CARTESIAN_POINT('Ctrl Pts',(319.826562845236,30.9214362624209,-0.115008233504924));
#4587=CARTESIAN_POINT('Ctrl Pts',(319.826564430864,30.6270041972281,-0.0838182331666488));
#4588=CARTESIAN_POINT('Ctrl Pts',(319.82656630563,30.3325766708656,-0.0526231858544621));
#4589=CARTESIAN_POINT('Ctrl Pts',(319.826568495888,30.0381544049134,-0.0214222265543929));
#4590=CARTESIAN_POINT('Ctrl Pts',(319.826571022439,29.7437378525164,0.00978565914193861));
#4591=CARTESIAN_POINT('Ctrl Pts',(319.826573901255,29.4493272546681,0.0410016092510765));
#4592=CARTESIAN_POINT('Ctrl Pts',(319.82657714351,29.1549226960227,0.0722268605963863));
#4593=CARTESIAN_POINT('Ctrl Pts',(319.826580755803,28.8605241545182,0.103462725394611));
#4594=CARTESIAN_POINT('Ctrl Pts',(319.826584740269,28.5661315414864,0.134710569074793));
#4595=CARTESIAN_POINT('Ctrl Pts',(319.826589094669,28.2717447288409,0.165971789998134));
#4596=CARTESIAN_POINT('Ctrl Pts',(319.826593812558,27.9773635654175,0.197247800272486));
#4597=CARTESIAN_POINT('Ctrl Pts',(319.826598882957,27.6829878774487,0.228540009227295));
#4598=CARTESIAN_POINT('Ctrl Pts',(319.826604289831,27.3886174588339,0.259849805767098));
#4599=CARTESIAN_POINT('Ctrl Pts',(319.826610012203,27.0942520623883,0.291178538578511));
#4600=CARTESIAN_POINT('Ctrl Pts',(319.826616024152,26.7998913887842,0.322527496834392));
#4601=CARTESIAN_POINT('Ctrl Pts',(319.826622294777,26.505535077535,0.353897890459764));
#4602=CARTESIAN_POINT('Ctrl Pts',(319.826628788242,26.2111827050624,0.385290829150682));
#4603=CARTESIAN_POINT('Ctrl Pts',(319.826635463556,25.9168337879003,0.416707301070354));
#4604=CARTESIAN_POINT('Ctrl Pts',(319.8266422752,25.622487805969,0.448148147231428));
#4605=CARTESIAN_POINT('Ctrl Pts',(319.826649174689,25.3281442432127,0.479614037633136));
#4606=CARTESIAN_POINT('Ctrl Pts',(319.82665611032,25.0338026259468,0.51110545371152));
#4607=CARTESIAN_POINT('Ctrl Pts',(319.826663027206,24.7394625468764,0.542622670479621));
#4608=CARTESIAN_POINT('Ctrl Pts',(319.826669867077,24.4451235596655,0.574165753049933));
#4609=CARTESIAN_POINT('Ctrl Pts',(319.82667656842,24.1507851671454,0.605734541381636));
#4610=CARTESIAN_POINT('Ctrl Pts',(319.826683065987,23.8564468111965,0.637328636506736));
#4611=CARTESIAN_POINT('Ctrl Pts',(319.826689292234,23.5621078802182,0.668947379202202));
#4612=CARTESIAN_POINT('Ctrl Pts',(319.826695183261,23.2677677652395,0.700589833083279));
#4613=CARTESIAN_POINT('Ctrl Pts',(319.8267006787,22.9734258577479,0.7322547989701));
#4614=CARTESIAN_POINT('Ctrl Pts',(319.826705721851,22.6790815503596,0.763940826577367));
#4615=CARTESIAN_POINT('Ctrl Pts',(319.826710259678,22.3847342366438,0.79564622780724));
#4616=CARTESIAN_POINT('Ctrl Pts',(319.826714242876,22.0903833120771,0.827369089687293));
#4617=CARTESIAN_POINT('Ctrl Pts',(319.826717625971,21.7960281756428,0.859107287683079));
#4618=CARTESIAN_POINT('Ctrl Pts',(319.82672036723,21.5016682301013,0.890858500097919));
#4619=CARTESIAN_POINT('Ctrl Pts',(319.826722427691,21.2073028730447,0.922620222773108));
#4620=CARTESIAN_POINT('Ctrl Pts',(319.826723771183,20.9129314981207,0.954389778414848));
#4621=CARTESIAN_POINT('Ctrl Pts',(319.826724364412,20.6185534971036,0.986164326506225));
#4622=CARTESIAN_POINT('Ctrl Pts',(319.826724177033,20.3241682620685,1.0179408734802));
#4623=CARTESIAN_POINT('Ctrl Pts',(319.826723181731,20.0297751878936,1.04971628331097));
#4624=CARTESIAN_POINT('Ctrl Pts',(319.826721354273,19.7353736747038,1.08148728861356));
#4625=CARTESIAN_POINT('Ctrl Pts',(319.826718673636,19.4409631311393,1.11325050179112));
#4626=CARTESIAN_POINT('Ctrl Pts',(319.826715122562,19.1465429824672,1.14500242655016));
#4627=CARTESIAN_POINT('Ctrl Pts',(319.82671068765,18.8521126741679,1.17673947258704));
#4628=CARTESIAN_POINT('Ctrl Pts',(319.826705359388,18.5576716749702,1.2084579706562));
#4629=CARTESIAN_POINT('Ctrl Pts',(319.826699132179,18.2632194800344,1.24015418800235));
#4630=CARTESIAN_POINT('Ctrl Pts',(319.826692004359,17.9687556139141,1.27182434414017));
#4631=CARTESIAN_POINT('Ctrl Pts',(319.826683978203,17.6742796336189,1.30346462678799));
#4632=CARTESIAN_POINT('Ctrl Pts',(319.82667505987,17.3797911309589,1.33507120832598));
#4633=CARTESIAN_POINT('Ctrl Pts',(319.826665258972,17.0852897307683,1.36664026241796));
#4634=CARTESIAN_POINT('Ctrl Pts',(319.826654588493,16.7907750927947,1.39816797842979));
#4635=CARTESIAN_POINT('Ctrl Pts',(319.826643064766,16.4962469139242,1.42965057587268));
#4636=CARTESIAN_POINT('Ctrl Pts',(319.826630707397,16.2017049300161,1.46108431885692));
#4637=CARTESIAN_POINT('Ctrl Pts',(319.826617539208,15.9071489177716,1.49246553039423));
#4638=CARTESIAN_POINT('Ctrl Pts',(319.826603586135,15.6125786960452,1.52379060678562));
#4639=CARTESIAN_POINT('Ctrl Pts',(319.826588877213,15.3179941280576,1.55505603129809));
#4640=CARTESIAN_POINT('Ctrl Pts',(319.826573445116,15.0233951295846,1.58625838774035));
#4641=CARTESIAN_POINT('Ctrl Pts',(319.826557326075,14.7287816707079,1.6173943773719));
#4642=CARTESIAN_POINT('Ctrl Pts',(319.826540559724,14.4341537766339,1.64846083547466));
#4643=CARTESIAN_POINT('Ctrl Pts',(319.826523188977,14.1395115287058,1.67945474744936));
#4644=CARTESIAN_POINT('Ctrl Pts',(319.826505259842,13.84485506467,1.71037326471728));
#4645=CARTESIAN_POINT('Ctrl Pts',(319.826486821338,13.5501845798208,1.74121371957892));
#4646=CARTESIAN_POINT('Ctrl Pts',(319.82646792509,13.2555003246815,1.7719736410576));
#4647=CARTESIAN_POINT('Ctrl Pts',(319.826448623486,12.9608025861536,1.80265076965856));
#4648=CARTESIAN_POINT('Ctrl Pts',(319.826428969504,12.6660916861904,1.83324306181307));
#4649=CARTESIAN_POINT('Ctrl Pts',(319.826409016613,12.3713679811952,1.86374869448401));
#4650=CARTESIAN_POINT('Ctrl Pts',(319.82638881873,12.076631861914,1.89416606871011));
#4651=CARTESIAN_POINT('Ctrl Pts',(319.826368430056,11.7818837520169,1.92449381375025));
#4652=CARTESIAN_POINT('Ctrl Pts',(319.826347905199,11.4871241096275,1.95473078919669));
#4653=CARTESIAN_POINT('Ctrl Pts',(319.826327298439,11.1923534195404,1.98487609100954));
#4654=CARTESIAN_POINT('Ctrl Pts',(319.826306659254,10.8975721422359,2.01492905518071));
#4655=CARTESIAN_POINT('Ctrl Pts',(319.82628603222,10.6027807099411,2.04488923575856));
#4656=CARTESIAN_POINT('Ctrl Pts',(319.826265457157,10.3079795255743,2.07475638412702));
#4657=CARTESIAN_POINT('Ctrl Pts',(319.826244969228,10.0131689611888,2.10453042796474));
#4658=CARTESIAN_POINT('Ctrl Pts',(319.826224599063,9.71834935693534,2.13421145079772));
#4659=CARTESIAN_POINT('Ctrl Pts',(319.826204372858,9.42352101950955,2.1637996720021));
#4660=CARTESIAN_POINT('Ctrl Pts',(319.82618431259,9.12868422230695,2.19329542653697));
#4661=CARTESIAN_POINT('Ctrl Pts',(319.82616443697,8.83383921407222,2.22269914534051));
#4662=CARTESIAN_POINT('Ctrl Pts',(319.826144761573,8.53898621869466,2.25201134096554));
#4663=CARTESIAN_POINT('Ctrl Pts',(319.826125298904,8.24412543430932,2.28123259335877));
#4664=CARTESIAN_POINT('Ctrl Pts',(319.826106058475,7.9492570325962,2.31036353596097));
#4665=CARTESIAN_POINT('Ctrl Pts',(319.826087046874,7.65438115795387,2.33940484210766));
#4666=CARTESIAN_POINT('Ctrl Pts',(319.826068267837,7.35949792681747,2.36835721145039));
#4667=CARTESIAN_POINT('Ctrl Pts',(319.826049722262,7.06460742642455,2.39722135710157));
#4668=CARTESIAN_POINT('Ctrl Pts',(319.826031407829,6.76970970871724,2.42599799261597));
#4669=CARTESIAN_POINT('Ctrl Pts',(319.826013319016,6.4748047889337,2.45468781681999));
#4670=CARTESIAN_POINT('Ctrl Pts',(319.825995447169,6.17989264463872,2.4832914986438));
#4671=CARTESIAN_POINT('Ctrl Pts',(319.825977780534,5.88497321456837,2.51180966215671));
#4672=CARTESIAN_POINT('Ctrl Pts',(319.825960304315,5.59004639753908,2.54024287167417));
#4673=CARTESIAN_POINT('Ctrl Pts',(319.825943000689,5.29511205117674,2.56859161706143));
#4674=CARTESIAN_POINT('Ctrl Pts',(319.825925848879,5.00016999102107,2.59685629881511));
#4675=CARTESIAN_POINT('Ctrl Pts',(319.825908825614,4.70521999467537,2.62503721317935));
#4676=CARTESIAN_POINT('Ctrl Pts',(319.825891905216,4.41026180137406,2.65313453997754));
#4677=CARTESIAN_POINT('Ctrl Pts',(319.825875059578,4.11529511064735,2.68114833051712));
#4678=CARTESIAN_POINT('Ctrl Pts',(319.825858258189,3.8203195812283,2.70907849542914));
#4679=CARTESIAN_POINT('Ctrl Pts',(319.825841468131,3.5253348297991,2.73692479255063));
#4680=CARTESIAN_POINT('Ctrl Pts',(319.825824654087,3.23034042982212,2.76468681457351));
#4681=CARTESIAN_POINT('Ctrl Pts',(319.825807778315,2.93533590993221,2.7923639771087));
#4682=CARTESIAN_POINT('Ctrl Pts',(319.825790799811,2.64032074241656,2.81995550682998));
#4683=CARTESIAN_POINT('Ctrl Pts',(319.825773674198,2.34529433995247,2.84746042448005));
#4684=CARTESIAN_POINT('Ctrl Pts',(319.825756353774,2.05025605442444,2.87487752752007));
#4685=CARTESIAN_POINT('Ctrl Pts',(319.825738787525,1.75520517515669,2.90220537289918));
#4686=CARTESIAN_POINT('Ctrl Pts',(319.825720921159,1.46014092749846,2.92944225956141));
#4687=CARTESIAN_POINT('Ctrl Pts',(319.825702697125,1.16506247136748,2.95658621146752));
#4688=CARTESIAN_POINT('Ctrl Pts',(319.825684054752,0.869968900867806,2.98363495940799));
#4689=CARTESIAN_POINT('Ctrl Pts',(319.825664932719,0.57485927369354,3.01058592240434));
#4690=CARTESIAN_POINT('Ctrl Pts',(319.825645269519,0.279732616573927,3.03743620444576));
#4691=CARTESIAN_POINT('Ctrl Pts',(319.825625003383,-0.0154120755852174,
3.06418259208304));
#4692=CARTESIAN_POINT('Ctrl Pts',(319.825604072395,-0.310575838361749,3.09082155256727));
#4693=CARTESIAN_POINT('Ctrl Pts',(319.825582414549,-0.605759737118578,3.11734923168086));
#4694=CARTESIAN_POINT('Ctrl Pts',(319.825559967811,-0.900964866134232,3.1437614533324));
#4695=CARTESIAN_POINT('Ctrl Pts',(319.82553667048,-1.19619234428133,3.17005371625958));
#4696=CARTESIAN_POINT('Ctrl Pts',(319.825512466959,-1.49144324130678,3.19622119136325));
#4697=CARTESIAN_POINT('Ctrl Pts',(319.825487308651,-1.7867185632199,3.22225875476885));
#4698=CARTESIAN_POINT('Ctrl Pts',(319.825461153772,-2.08201925121494,3.24816102273756));
#4699=CARTESIAN_POINT('Ctrl Pts',(319.825433967502,-2.3773461807706,3.27392238734057));
#4700=CARTESIAN_POINT('Ctrl Pts',(319.825405721934,-2.6727001586882,3.29953705226397));
#4701=CARTESIAN_POINT('Ctrl Pts',(319.82537639613,-2.96808191709624,3.32499906843642));
#4702=CARTESIAN_POINT('Ctrl Pts',(319.82534597598,-3.26349211048947,3.35030237084575));
#4703=CARTESIAN_POINT('Ctrl Pts',(319.82531445293,-3.55893132732493,3.3754408149057));
#4704=CARTESIAN_POINT('Ctrl Pts',(319.825281823815,-3.85440008821067,3.40040820517362));
#4705=CARTESIAN_POINT('Ctrl Pts',(319.825248090845,-4.14989884206276,3.42519832400192));
#4706=CARTESIAN_POINT('Ctrl Pts',(319.825213261512,-4.44542796344695,3.44980496002576));
#4707=CARTESIAN_POINT('Ctrl Pts',(319.825177348509,-4.74098774968271,3.47422193633231));
#4708=CARTESIAN_POINT('Ctrl Pts',(319.8251403696,-5.0365784190349,3.49844313851821));
#4709=CARTESIAN_POINT('Ctrl Pts',(319.825102347578,-5.33220010751433,3.52246254160732));
#4710=CARTESIAN_POINT('Ctrl Pts',(319.825063310854,-5.62785285768993,3.54627423710071));
#4711=CARTESIAN_POINT('Ctrl Pts',(319.825023293298,-5.92353661699461,3.56987246384566));
#4712=CARTESIAN_POINT('Ctrl Pts',(319.824982334006,-6.21925123729248,3.59325163780625));
#4713=CARTESIAN_POINT('Ctrl Pts',(319.824940477086,-6.51499647451948,3.61640638093248));
#4714=CARTESIAN_POINT('Ctrl Pts',(319.824897771375,-6.8107719892738,3.63933154883276));
#4715=CARTESIAN_POINT('Ctrl Pts',(319.824854270232,-7.106577346868,3.66202225721737));
#4716=CARTESIAN_POINT('Ctrl Pts',(319.824810031101,-7.40241202055176,3.68447390731315));
#4717=CARTESIAN_POINT('Ctrl Pts',(319.82476511439,-7.69827540437077,3.70668220982538));
#4718=CARTESIAN_POINT('Ctrl Pts',(319.824719583211,-7.9941668152959,3.72864320011221));
#4719=CARTESIAN_POINT('Ctrl Pts',(319.824673503153,-8.29008549460036,3.75035325665526));
#4720=CARTESIAN_POINT('Ctrl Pts',(319.824634702217,-8.53670642467806,3.76823313440728));
#4721=CARTESIAN_POINT('Ctrl Pts',(319.824603455864,-8.73401593500886,3.78240848846221));
#4722=CARTESIAN_POINT('Ctrl Pts',(319.824579927239,-8.88200432982501,3.79297541194576));
#4723=CARTESIAN_POINT('Ctrl Pts',(319.824556313721,-9.02999886438913,3.80347743367562));
#4724=CARTESIAN_POINT('Ctrl Pts',(319.824524728037,-9.22733292436537,3.8173932323856));
#4725=CARTESIAN_POINT('Ctrl Pts',(319.824485079582,-9.47401519771942,3.83462439225213));
#4726=CARTESIAN_POINT('Ctrl Pts',(319.82443731191,-9.77005631102708,3.85503831029116));
#4727=CARTESIAN_POINT('Ctrl Pts',(319.824389434439,-10.0661185864981,3.87518745155689));
#4728=CARTESIAN_POINT('Ctrl Pts',(319.824341529616,-10.3622007154663,3.89507094640653));
#4729=CARTESIAN_POINT('Ctrl Pts',(319.824293682444,-10.6583013040289,3.91468838407835));
#4730=CARTESIAN_POINT('Ctrl Pts',(319.824253930592,-10.90506594812,3.93081457893394));
#4731=CARTESIAN_POINT('Ctrl Pts',(319.824222246329,-11.1024853767771,3.94358280686687));
#4732=CARTESIAN_POINT('Ctrl Pts',(319.824198553156,-11.2505536011952,3.95309273922449));
#4733=CARTESIAN_POINT('Ctrl Pts',(319.824174941311,-11.3986252752542,3.96253656970248));
#4734=CARTESIAN_POINT('Ctrl Pts',(319.824143581979,-11.5960585010096,3.9750404572066));
#4735=CARTESIAN_POINT('Ctrl Pts',(319.824104640971,-11.842857636686,3.990506022446));
#4736=CARTESIAN_POINT('Ctrl Pts',(319.824058409111,-12.1390271315193,4.00880386011821));
#4737=CARTESIAN_POINT('Ctrl Pts',(319.824020364601,-12.3858424579295,4.02383677769463));
#4738=CARTESIAN_POINT('Ctrl Pts',(319.823990257292,-12.5832983481345,4.03573542355449));
#4739=CARTESIAN_POINT('Ctrl Pts',(319.823967850416,-12.7313918749801,4.04459598353409));
#4740=CARTESIAN_POINT('Ctrl Pts',(319.823945626542,-12.8794868054128,4.05339355003187));
#4741=CARTESIAN_POINT('Ctrl Pts',(319.823923594849,-13.027582933335,4.06212858962343));
#4742=CARTESIAN_POINT('Ctrl Pts',(319.823901764415,-13.1756800521157,4.07080158864779));
#4743=CARTESIAN_POINT('Ctrl Pts',(319.823880144149,-13.3237779544819,4.07941306309805));
#4744=CARTESIAN_POINT('Ctrl Pts',(319.823858742707,-13.4718764348254,4.08796354947639));
#4745=CARTESIAN_POINT('Ctrl Pts',(319.823830509475,-13.6693415857826,4.09928363810453));
#4746=CARTESIAN_POINT('Ctrl Pts',(319.823795802708,-13.9161735022566,4.11328414803552));
#4747=CARTESIAN_POINT('Ctrl Pts',(319.823755139752,-14.2123711378054,4.12985032236622));
#4748=CARTESIAN_POINT('Ctrl Pts',(319.82372210764,-14.4592008531307,4.14346443110826));
#4749=CARTESIAN_POINT('Ctrl Pts',(319.823696208962,-14.6566630342684,4.15424379263876));
#4750=CARTESIAN_POINT('Ctrl Pts',(319.823677051078,-14.8047587374326,4.16227304270063));
#4751=CARTESIAN_POINT('Ctrl Pts',(319.82365816178,-14.9528533692438,4.17024771459344));
#4752=CARTESIAN_POINT('Ctrl Pts',(319.823633336234,-15.150311288207,4.18080877594786));
#4753=CARTESIAN_POINT('Ctrl Pts',(319.823602983152,-15.3971303762938,4.19387717127249));
#4754=CARTESIAN_POINT('Ctrl Pts',(319.823567648813,-15.6933071752491,4.20935221665257));
#4755=CARTESIAN_POINT('Ctrl Pts',(319.823539108524,-15.940115782485,4.2220802833625));
#4756=CARTESIAN_POINT('Ctrl Pts',(319.823516814678,-16.1375594441645,4.23216486256997));
#4757=CARTESIAN_POINT('Ctrl Pts',(319.823500361656,-16.2856406197472,4.23968005321932));
#4758=CARTESIAN_POINT('Ctrl Pts',(319.823484174031,-16.4337202731319,4.24714768958824));
#4759=CARTESIAN_POINT('Ctrl Pts',(319.823468249341,-16.5817984777913,4.2545684515649));
#4760=CARTESIAN_POINT('Ctrl Pts',(319.823452584859,-16.7298753190503,4.26194301170786));
#4761=CARTESIAN_POINT('Ctrl Pts',(319.823437177432,-16.8779508998961,4.26927203043749));
#4762=CARTESIAN_POINT('Ctrl Pts',(319.823422023632,-17.0260253341302,4.27655615988468));
#4763=CARTESIAN_POINT('Ctrl Pts',(319.823402151539,-17.223456556374,4.2862093257185));
#4764=CARTESIAN_POINT('Ctrl Pts',(319.823377925567,-17.4702433778752,4.29816671826666));
#4765=CARTESIAN_POINT('Ctrl Pts',(319.823349799405,-17.766385243471,4.31234589442829));
#4766=CARTESIAN_POINT('Ctrl Pts',(319.823327111315,-18.0131693151724,4.32402423539238));
#4767=CARTESIAN_POINT('Ctrl Pts',(319.823309385042,-18.2105967999389,4.33328642218081));
#4768=CARTESIAN_POINT('Ctrl Pts',(319.823296295069,-18.3586677134244,4.3401933002643));
#4769=CARTESIAN_POINT('Ctrl Pts',(319.823283402297,-18.5067391133471,4.34706088881992));
#4770=CARTESIAN_POINT('Ctrl Pts',(319.823266463805,-18.7041685468476,4.3561658606023));
#4771=CARTESIAN_POINT('Ctrl Pts',(319.823245741806,-18.9509574985718,4.36745097715582));
#4772=CARTESIAN_POINT('Ctrl Pts',(319.823221522145,-19.2471091908784,4.38084227952962));
#4773=CARTESIAN_POINT('Ctrl Pts',(319.823197865821,-19.5432672733684,4.39408511786748));
#4774=CARTESIAN_POINT('Ctrl Pts',(319.823174680833,-19.8394330994512,4.40718127969691));
#4775=CARTESIAN_POINT('Ctrl Pts',(319.823151867452,-20.1356078769389,4.42013189454045));
#4776=CARTESIAN_POINT('Ctrl Pts',(319.823133076865,-20.3824285003301,4.43080314637938));
#4777=CARTESIAN_POINT('Ctrl Pts',(319.823118119274,-20.5798903800166,4.43926742259946));
#4778=CARTESIAN_POINT('Ctrl Pts',(319.823106923231,-20.7279895498581,4.44557913205566));
#4779=CARTESIAN_POINT('Ctrl Pts',(319.823095733881,-20.8760915437204,4.4518541913328));
#4780=CARTESIAN_POINT('Ctrl Pts',(319.82308080191,-21.0735646815824,4.46017175035152));
#4781=CARTESIAN_POINT('Ctrl Pts',(319.823062071751,-21.3204133273402,4.47047583380912));
#4782=CARTESIAN_POINT('Ctrl Pts',(319.823039351275,-21.6166432135363,4.48268923282001));
#4783=CARTESIAN_POINT('Ctrl Pts',(319.823020090061,-21.8635107372403,4.49273756334656));
#4784=CARTESIAN_POINT('Ctrl Pts',(319.823004404156,-22.0610099989412,4.50069604581674));
#4785=CARTESIAN_POINT('Ctrl Pts',(319.822992479582,-22.2091369696544,4.50662407073195));
#4786=CARTESIAN_POINT('Ctrl Pts',(319.822980372872,-22.3572664273833,4.51251048145489));
#4787=CARTESIAN_POINT('Ctrl Pts',(319.822968060872,-22.5053983758983,4.51835440238663));
#4788=CARTESIAN_POINT('Ctrl Pts',(319.822955519798,-22.6535328679585,4.5241548990006));
#4789=CARTESIAN_POINT('Ctrl Pts',(319.822942724871,-22.8016700052922,4.52991094220905));
#4790=CARTESIAN_POINT('Ctrl Pts',(319.822929650664,-22.9498099295221,4.53562144119596));
#4791=CARTESIAN_POINT('Ctrl Pts',(319.82291181068,-23.1473338123348,4.54317310450753));
#4792=CARTESIAN_POINT('Ctrl Pts',(319.822888678986,-23.3942466927472,4.55249269618399));
#4793=CARTESIAN_POINT('Ctrl Pts',(319.822859363788,-23.6905574105072,4.56347295353841));
#4794=CARTESIAN_POINT('Ctrl Pts',(319.822833438019,-23.9374983119556,4.5724431047184));
#4795=CARTESIAN_POINT('Ctrl Pts',(319.822811680762,-24.1350619828153,4.57950396036409));
#4796=CARTESIAN_POINT('Ctrl Pts',(319.822792952501,-24.2997049923192,4.58532175968389));
#4797=CARTESIAN_POINT('Ctrl Pts',(319.822771543471,-24.4808214913293,4.59163342706017));
#4798=CARTESIAN_POINT('Ctrl Pts',(319.822747113055,-24.6784157997207,4.59840412954932));
#4799=CARTESIAN_POINT('Ctrl Pts',(319.822721540929,-24.8760240408127,4.60505463666954));
#4800=CARTESIAN_POINT('Ctrl Pts',(319.822694762046,-25.0736475099487,4.61157919860156));
#4801=CARTESIAN_POINT('Ctrl Pts',(319.82266671308,-25.2712875263577,4.61797177445161));
#4802=CARTESIAN_POINT('Ctrl Pts',(319.822637332767,-25.4689454224916,4.62422603495861));
#4803=CARTESIAN_POINT('Ctrl Pts',(319.822606562047,-25.666622534344,4.63033537493702));
#4804=CARTESIAN_POINT('Ctrl Pts',(319.822574344779,-25.8643201835961,4.63629292070359));
#4805=CARTESIAN_POINT('Ctrl Pts',(319.822540631387,-26.0620396100439,4.64209154365509));
#4806=CARTESIAN_POINT('Ctrl Pts',(319.82250537932,-26.2597819574769,4.64772389130539));
#4807=CARTESIAN_POINT('Ctrl Pts',(319.8224685532,-26.4575482648342,4.65318241953659));
#4808=CARTESIAN_POINT('Ctrl Pts',(319.822430124994,-26.6553394572659,4.65845942603726));
#4809=CARTESIAN_POINT('Ctrl Pts',(319.822390074118,-26.8531563387047,4.6635470845033));
#4810=CARTESIAN_POINT('Ctrl Pts',(319.822348387504,-27.0509995854934,4.66843747956975));
#4811=CARTESIAN_POINT('Ctrl Pts',(319.822305059618,-27.2488697412333,4.67312264207415));
#4812=CARTESIAN_POINT('Ctrl Pts',(319.822260092399,-27.4467672132879,4.67759458463078));
#4813=CARTESIAN_POINT('Ctrl Pts',(319.822213495198,-27.6446922699464,4.68184533685131));
#4814=CARTESIAN_POINT('Ctrl Pts',(319.822165284506,-27.8426450414371,4.68586698082409));
#4815=CARTESIAN_POINT('Ctrl Pts',(319.822115482926,-28.0406255344792,4.68965168502529));
#4816=CARTESIAN_POINT('Ctrl Pts',(319.822064118919,-28.238633634099,4.69319173320124));
#4817=CARTESIAN_POINT('Ctrl Pts',(319.822011226559,-28.4366691056142,4.69647955250406));
#4818=CARTESIAN_POINT('Ctrl Pts',(319.821956845247,-28.6347315979294,4.69950774033816));
#4819=CARTESIAN_POINT('Ctrl Pts',(319.821901019382,-28.8328206477841,4.70226908992526));
#4820=CARTESIAN_POINT('Ctrl Pts',(319.821843798004,-29.0309356849658,4.70475661426855));
#4821=CARTESIAN_POINT('Ctrl Pts',(319.821785234408,-29.2290760384063,4.70696356844661));
#4822=CARTESIAN_POINT('Ctrl Pts',(319.821725385733,-29.4272409429245,4.70888346997577));
#4823=CARTESIAN_POINT('Ctrl Pts',(319.821664312529,-29.6254295468391,4.71051011729369));
#4824=CARTESIAN_POINT('Ctrl Pts',(319.821602078349,-29.8236409192629,4.71183760589139));
#4825=CARTESIAN_POINT('Ctrl Pts',(319.821538749697,-30.0218740515362,4.71286034273819));
#4826=CARTESIAN_POINT('Ctrl Pts',(319.821474395567,-30.2201278659829,4.71357306044269));
#4827=CARTESIAN_POINT('Ctrl Pts',(319.821409086934,-30.4184012257582,4.71397082890113));
#4828=CARTESIAN_POINT('Ctrl Pts',(319.821342896262,-30.6166929444978,4.71404906452907));
#4829=CARTESIAN_POINT('Ctrl Pts',(319.821275897022,-30.8150017960601,4.71380353702442));
#4830=CARTESIAN_POINT('Ctrl Pts',(319.821208163225,-31.0133265239731,4.71323037375667));
#4831=CARTESIAN_POINT('Ctrl Pts',(319.821139768974,-31.2116658507466,4.7123260618321));
#4832=CARTESIAN_POINT('Ctrl Pts',(319.821070788047,-31.4100184865793,4.71108744795543));
#4833=CARTESIAN_POINT('Ctrl Pts',(319.821001293493,-31.6083831380203,4.70951173617664));
#4834=CARTESIAN_POINT('Ctrl Pts',(319.820931357289,-31.8067585152901,4.70759648371569));
#4835=CARTESIAN_POINT('Ctrl Pts',(319.820861049719,-32.005143344854,4.7053395949538));
#4836=CARTESIAN_POINT('Ctrl Pts',(319.820790438982,-32.2035363775562,4.70273931214479));
#4837=CARTESIAN_POINT('Ctrl Pts',(319.820719591019,-32.4019363929536,4.69979420457414));
#4838=CARTESIAN_POINT('Ctrl Pts',(319.820648569309,-32.6003422039829,4.69650315672494));
#4839=CARTESIAN_POINT('Ctrl Pts',(319.820577434725,-32.7987526604912,4.69286535549246));
#4840=CARTESIAN_POINT('Ctrl Pts',(319.820506245406,-32.9971666524278,4.68888027666245));
#4841=CARTESIAN_POINT('Ctrl Pts',(319.820435056663,-33.1955831122018,4.68454767074516));
#4842=CARTESIAN_POINT('Ctrl Pts',(319.820363920902,-33.3940010166986,4.67986754836935));
#4843=CARTESIAN_POINT('Ctrl Pts',(319.82029288759,-33.5924193883571,4.67484016525694));
#4844=CARTESIAN_POINT('Ctrl Pts',(319.820222003206,-33.7908372964577,4.66946600709897));
#4845=CARTESIAN_POINT('Ctrl Pts',(319.82015131132,-33.9892538557672,4.66374577400627));
#4846=CARTESIAN_POINT('Ctrl Pts',(319.82008085302,-34.1876682189918,4.65768036603347));
#4847=CARTESIAN_POINT('Ctrl Pts',(319.820010666853,-34.3860795778137,4.65127087034947));
#4848=CARTESIAN_POINT('Ctrl Pts',(319.819940788797,-34.5844871634173,4.6445185479292));
#4849=CARTESIAN_POINT('Ctrl Pts',(319.81987125225,-34.782890246679,4.63742482016876));
#4850=CARTESIAN_POINT('Ctrl Pts',(319.819802088028,-34.9812881379258,4.62999125536064));
#4851=CARTESIAN_POINT('Ctrl Pts',(319.819733324387,-35.1796801862929,4.62221955517695));
#4852=CARTESIAN_POINT('Ctrl Pts',(319.819664987044,-35.3780657788821,4.61411154121237));
#4853=CARTESIAN_POINT('Ctrl Pts',(319.819597099236,-35.5764443393811,4.60566914161719));
#4854=CARTESIAN_POINT('Ctrl Pts',(319.819529681739,-35.7748153269453,4.59689437795543));
#4855=CARTESIAN_POINT('Ctrl Pts',(319.819462752978,-35.9731782338284,4.58778935213963));
#4856=CARTESIAN_POINT('Ctrl Pts',(319.819396328952,-36.1715325859599,4.57835623391935));
#4857=CARTESIAN_POINT('Ctrl Pts',(319.819330422473,-36.3698779569419,4.56859724674862));
#4858=CARTESIAN_POINT('Ctrl Pts',(319.819265043314,-36.5682139637943,4.55851464997076));
#4859=CARTESIAN_POINT('Ctrl Pts',(319.819200198553,-36.7665402602825,4.54811072393382));
#4860=CARTESIAN_POINT('Ctrl Pts',(319.819128747522,-36.9868916747239,4.53619631234877));
#4861=CARTESIAN_POINT('Ctrl Pts',(319.81905092301,-37.2292635270041,4.52263877568977));
#4862=CARTESIAN_POINT('Ctrl Pts',(319.818966984963,-37.4936502318869,4.5072909375995));
#4863=CARTESIAN_POINT('Ctrl Pts',(319.818884001511,-37.7580174180074,4.49139052538691));
#4864=CARTESIAN_POINT('Ctrl Pts',(319.818801960468,-38.022364553648,4.47494260399973));
#4865=CARTESIAN_POINT('Ctrl Pts',(319.818720844784,-38.2866911266472,4.45795203607167));
#4866=CARTESIAN_POINT('Ctrl Pts',(319.818640632759,-38.5509966368069,4.44042344558332));
#4867=CARTESIAN_POINT('Ctrl Pts',(319.818561296544,-38.8152806196122,4.42236117305203));
#4868=CARTESIAN_POINT('Ctrl Pts',(319.818482802862,-39.0795426256303,4.40376922800929));
#4869=CARTESIAN_POINT('Ctrl Pts',(319.81840511367,-39.3437822010065,4.3846512464755));
#4870=CARTESIAN_POINT('Ctrl Pts',(319.818328186708,-39.6079988709021,4.36501045281232));
#4871=CARTESIAN_POINT('Ctrl Pts',(319.818251975925,-39.8721921254339,4.34484962487423));
#4872=CARTESIAN_POINT('Ctrl Pts',(319.818176431814,-40.136361408253,4.32417106209464));
#4873=CARTESIAN_POINT('Ctrl Pts',(319.818101501658,-40.4005061069316,4.30297655455001));
#4874=CARTESIAN_POINT('Ctrl Pts',(319.818027129667,-40.6646255464117,4.28126735476683));
#4875=CARTESIAN_POINT('Ctrl Pts',(319.817953257136,-40.9287189820836,4.25904414781839));
#4876=CARTESIAN_POINT('Ctrl Pts',(319.817879822526,-41.1927855956104,4.2363070243835));
#4877=CARTESIAN_POINT('Ctrl Pts',(319.81780676127,-41.4568244970703,4.2130554511221));
#4878=CARTESIAN_POINT('Ctrl Pts',(319.817734005535,-41.7208347282294,4.18928823934287));
#4879=CARTESIAN_POINT('Ctrl Pts',(319.817661483904,-41.9848152681295,4.16500351055066));
#4880=CARTESIAN_POINT('Ctrl Pts',(319.817589121,-42.2487650402135,4.14019865883475));
#4881=CARTESIAN_POINT('Ctrl Pts',(319.817516837011,-42.512682921914,4.11487030848945));
#4882=CARTESIAN_POINT('Ctrl Pts',(319.817444547165,-42.776567755562,4.0890142680059));
#4883=CARTESIAN_POINT('Ctrl Pts',(319.817372161043,-43.0404183630224,4.06262547608756));
#4884=CARTESIAN_POINT('Ctrl Pts',(319.817310166619,-43.2657605051312,4.03962487762911));
#4885=CARTESIAN_POINT('Ctrl Pts',(319.817258592969,-43.4526093394193,4.02024921893855));
#4886=CARTESIAN_POINT('Ctrl Pts',(319.817203834635,-43.6504335582421,3.9995016885247));
#4887=CARTESIAN_POINT('Ctrl Pts',(319.817135054208,-43.8976838278104,3.97312840917836));
#4888=CARTESIAN_POINT('Ctrl Pts',(319.817051814189,-44.1943345347851,3.94076492687319));
#4889=CARTESIAN_POINT('Ctrl Pts',(319.816981705377,-44.4415008505166,3.9131862747189));
#4890=CARTESIAN_POINT('Ctrl Pts',(319.816925070364,-44.6392076577736,3.89074911693281));
#4891=CARTESIAN_POINT('Ctrl Pts',(319.816882292168,-44.7874744911034,3.87373166739303));
#4892=CARTESIAN_POINT('Ctrl Pts',(319.81683918342,-44.9357279099026,3.85652210030387));
#4893=CARTESIAN_POINT('Ctrl Pts',(319.816795713582,-45.0839677909803,3.83911766283907));
#4894=CARTESIAN_POINT('Ctrl Pts',(319.816751850773,-45.2321940270778,3.82151546912252));
#4895=CARTESIAN_POINT('Ctrl Pts',(319.816707560822,-45.3804065391454,3.80371241579706));
#4896=CARTESIAN_POINT('Ctrl Pts',(319.81666280807,-45.5286052667707,3.78570525855041));
#4897=CARTESIAN_POINT('Ctrl Pts',(319.816602468983,-45.7261851637153,3.76141887466854));
#4898=CARTESIAN_POINT('Ctrl Pts',(319.816525692142,-45.9731254990562,3.7305327954663));
#4899=CARTESIAN_POINT('Ctrl Pts',(319.816431040322,-46.2693990626527,3.69259231758527));
#4900=CARTESIAN_POINT('Ctrl Pts',(319.816349729377,-46.5162488584429,3.66021400911318));
#4901=CARTESIAN_POINT('Ctrl Pts',(319.816282991689,-46.7137026582308,3.63383414010054));
#4902=CARTESIAN_POINT('Ctrl Pts',(319.816232029918,-46.8617802922957,3.61380491442794));
#4903=CARTESIAN_POINT('Ctrl Pts',(319.816180093876,-47.0098455365788,3.59352553726226));
#4904=CARTESIAN_POINT('Ctrl Pts',(319.816109450968,-47.2072498617002,3.56614429040599));
#4905=CARTESIAN_POINT('Ctrl Pts',(319.816018348947,-47.4539762661734,3.53126001089299));
#4906=CARTESIAN_POINT('Ctrl Pts',(319.815903912335,-47.750005044493,3.48828838661826));
#4907=CARTESIAN_POINT('Ctrl Pts',(319.815783667059,-48.0459945179039,3.44414111422727));
#4908=CARTESIAN_POINT('Ctrl Pts',(319.815656877403,-48.3419478450194,3.39874574267305));
#4909=CARTESIAN_POINT('Ctrl Pts',(319.815522781407,-48.6378669850325,3.35202224346136));
#4910=CARTESIAN_POINT('Ctrl Pts',(319.815380656053,-48.93375107318,3.30388326623246));
#4911=CARTESIAN_POINT('Ctrl Pts',(319.81525495041,-49.1802884159008,3.26250966179969));
#4912=CARTESIAN_POINT('Ctrl Pts',(319.815149692938,-49.3774960032599,3.22860586355854));
#4913=CARTESIAN_POINT('Ctrl Pts',(319.81506833402,-49.5253897836972,3.20276233450022));
#4914=CARTESIAN_POINT('Ctrl Pts',(319.814984497082,-49.673270564381,3.17648985232987));
#4915=CARTESIAN_POINT('Ctrl Pts',(319.814898140299,-49.8211368254165,3.14977486157558));
#4916=CARTESIAN_POINT('Ctrl Pts',(319.814809244432,-49.9689863655218,3.12260386799488));
#4917=CARTESIAN_POINT('Ctrl Pts',(319.814717823188,-50.1168161048977,3.09496352164693));
#4918=CARTESIAN_POINT('Ctrl Pts',(319.814623933674,-50.2646217587293,3.06684092890832));
#4919=CARTESIAN_POINT('Ctrl Pts',(319.814527671259,-50.4123979708828,3.03822386733238));
#4920=CARTESIAN_POINT('Ctrl Pts',(319.814429168854,-50.5601383031502,3.00910100826074));
#4921=CARTESIAN_POINT('Ctrl Pts',(319.814328603772,-50.7078350721731,2.97946220797535));
#4922=CARTESIAN_POINT('Ctrl Pts',(319.814226201185,-50.855479262176,2.94929874191394));
#4923=CARTESIAN_POINT('Ctrl Pts',(319.814122236406,-51.0030604918197,2.91860370760503));
#4924=CARTESIAN_POINT('Ctrl Pts',(319.814017034964,-51.1505670208836,2.88737212150949));
#4925=CARTESIAN_POINT('Ctrl Pts',(319.813910966252,-51.2979859573043,2.85560155518322));
#4926=CARTESIAN_POINT('Ctrl Pts',(319.813804436263,-51.445303419221,2.8232916382234));
#4927=CARTESIAN_POINT('Ctrl Pts',(319.813662346114,-51.6415723260361,2.77949672066261));
#4928=CARTESIAN_POINT('Ctrl Pts',(319.813485741927,-51.886581937734,2.7234233843335));
#4929=CARTESIAN_POINT('Ctrl Pts',(319.813278545956,-52.1799626260135,2.65407858903631));
#4930=CARTESIAN_POINT('Ctrl Pts',(319.813077601869,-52.4726405262714,2.5827737481152));
#4931=CARTESIAN_POINT('Ctrl Pts',(319.812881645857,-52.7646061481119,2.50959983282475));
#4932=CARTESIAN_POINT('Ctrl Pts',(319.812686309675,-53.0559107931234,2.434606667174));
#4933=CARTESIAN_POINT('Ctrl Pts',(319.812484754705,-53.3466816101328,2.35776133927265));
#4934=CARTESIAN_POINT('Ctrl Pts',(319.812269095043,-53.6370885053158,2.27892426097544));
#4935=CARTESIAN_POINT('Ctrl Pts',(319.81207445688,-53.878849108381,2.21139199290768));
#4936=CARTESIAN_POINT('Ctrl Pts',(319.811910271918,-54.0720858253361,2.15615488000695));
#4937=CARTESIAN_POINT('Ctrl Pts',(319.811783305172,-54.2169138344625,2.11409567305467));
#4938=CARTESIAN_POINT('Ctrl Pts',(319.811652967388,-54.3616275269089,2.0713809310856));
#4939=CARTESIAN_POINT('Ctrl Pts',(319.811519788645,-54.506210157411,2.0279890330195));
#4940=CARTESIAN_POINT('Ctrl Pts',(319.811384280039,-54.6506455148727,1.98390053645174));
#4941=CARTESIAN_POINT('Ctrl Pts',(319.811246926602,-54.7949180553535,1.93909830266252));
#4942=CARTESIAN_POINT('Ctrl Pts',(319.811108153585,-54.9390138253088,1.89356715987116));
#4943=CARTESIAN_POINT('Ctrl Pts',(319.810968320122,-55.0829206279208,1.84729365962715));
#4944=CARTESIAN_POINT('Ctrl Pts',(319.81082771027,-55.2266282815834,1.80026571380524));
#4945=CARTESIAN_POINT('Ctrl Pts',(319.810686532981,-55.3701286242475,1.75247222206989));
#4946=CARTESIAN_POINT('Ctrl Pts',(319.810544924944,-55.5134154472159,1.70390274895058));
#4947=CARTESIAN_POINT('Ctrl Pts',(319.810402942414,-55.6564847140234,1.6545469746334));
#4948=CARTESIAN_POINT('Ctrl Pts',(319.810260572109,-55.7993342566177,1.60439444927686));
#4949=CARTESIAN_POINT('Ctrl Pts',(319.810117724489,-55.9419638888699,1.55343386505206));
#4950=CARTESIAN_POINT('Ctrl Pts',(319.8099742632,-56.0843746002584,1.50165331279311));
#4951=CARTESIAN_POINT('Ctrl Pts',(319.809781866401,-56.2739677327069,1.43150056144204));
#4952=CARTESIAN_POINT('Ctrl Pts',(319.809538699208,-56.51042735208,1.3416883255094));
#4953=CARTESIAN_POINT('Ctrl Pts',(319.809239872847,-56.793371489606,1.2303709760727));
#4954=CARTESIAN_POINT('Ctrl Pts',(319.808930739665,-57.0755520908119,1.11531931613146));
#4955=CARTESIAN_POINT('Ctrl Pts',(319.808661692168,-57.3100890382108,1.01613657323448));
#4956=CARTESIAN_POINT('Ctrl Pts',(319.808437666732,-57.4973552871982,0.934664543101979));
#4957=CARTESIAN_POINT('Ctrl Pts',(319.808264714818,-57.6376219142697,0.872455873465352));
#4958=CARTESIAN_POINT('Ctrl Pts',(319.80808625928,-57.7777033523508,0.809098679343107));
#4959=CARTESIAN_POINT('Ctrl Pts',(319.807932434203,-57.8942798373403,0.755302859775661));
#4960=CARTESIAN_POINT('Ctrl Pts',(319.807805961879,-57.9874430793284,0.71164055103434));
#4961=CARTESIAN_POINT('Ctrl Pts',(319.807709309079,-58.0572653634454,0.678573634177877));
#4962=CARTESIAN_POINT('Ctrl Pts',(319.8076107651,-58.1270362670153,0.645179145941572));
#4963=CARTESIAN_POINT('Ctrl Pts',(319.807510232231,-58.196754226555,0.61144916808183));
#4964=CARTESIAN_POINT('Ctrl Pts',(319.807407610334,-58.2664175108539,0.577375554636352));
#4965=CARTESIAN_POINT('Ctrl Pts',(319.807302794329,-58.3360240850512,0.542949695550159));
#4966=CARTESIAN_POINT('Ctrl Pts',(319.807195675943,-58.4055717176699,0.508162694011693));
#4967=CARTESIAN_POINT('Ctrl Pts',(319.807049628607,-58.4982198368108,0.46128589714584));
#4968=CARTESIAN_POINT('Ctrl Pts',(319.806860734074,-58.613869292864,0.401739282065204));
#4969=CARTESIAN_POINT('Ctrl Pts',(319.806622907753,-58.7523653183618,0.328678563316572));
#4970=CARTESIAN_POINT('Ctrl Pts',(319.806372804837,-58.8905462809829,0.253920703151266));
#4971=CARTESIAN_POINT('Ctrl Pts',(319.806153120016,-59.005403249566,0.190123518512344));
#4972=CARTESIAN_POINT('Ctrl Pts',(319.805969918546,-59.0970903510067,0.138129899247334));
#4973=CARTESIAN_POINT('Ctrl Pts',(319.805828599095,-59.1657500943786,0.0986412252811662));
#4974=CARTESIAN_POINT('Ctrl Pts',(319.805683164127,-59.234297653202,0.0586431080080388));
#4975=CARTESIAN_POINT('Ctrl Pts',(319.805533400455,-59.3027258166581,0.0181183643683332));
#4976=CARTESIAN_POINT('Ctrl Pts',(319.805379080586,-59.3710270124295,-0.0229511467004177));
#4977=CARTESIAN_POINT('Ctrl Pts',(319.805219958898,-59.4391931631906,-0.0645848431146781));
#4978=CARTESIAN_POINT('Ctrl Pts',(319.805055771189,-59.5072157300956,-0.106803447932666));
#4979=CARTESIAN_POINT('Ctrl Pts',(319.804886232064,-59.5750856650344,-0.149629208958985));
#4980=CARTESIAN_POINT('Ctrl Pts',(319.804711033131,-59.6427933962523,-0.193086042507304));
#4981=CARTESIAN_POINT('Ctrl Pts',(319.804529840243,-59.7103288242725,-0.237199780945924));
#4982=CARTESIAN_POINT('Ctrl Pts',(319.8043422909,-59.777681259503,-0.281998379246748));
#4983=CARTESIAN_POINT('Ctrl Pts',(319.804147990654,-59.8448394908719,-0.327512278329234));
#4984=CARTESIAN_POINT('Ctrl Pts',(319.803946509935,-59.9117915952076,-0.373774624753496));
#4985=CARTESIAN_POINT('Ctrl Pts',(319.803737378659,-59.9785252524529,-0.42082192567838));
#4986=CARTESIAN_POINT('Ctrl Pts',(319.803520083537,-60.0450270136832,-0.468694025269354));
#4987=CARTESIAN_POINT('Ctrl Pts',(319.803294052897,-60.1112851329334,-0.517436766202293));
#4988=CARTESIAN_POINT('Ctrl Pts',(319.803058636312,-60.1772927341288,-0.567105334906903));
#4989=CARTESIAN_POINT('Ctrl Pts',(319.802813100059,-60.2430455425828,-0.617763965338838));
#4990=CARTESIAN_POINT('Ctrl Pts',(319.802556615902,-60.3085413003558,-0.669486939316066));
#4991=CARTESIAN_POINT('Ctrl Pts',(319.80228824884,-60.3737791691851,-0.722360025538089));
#4992=CARTESIAN_POINT('Ctrl Pts',(319.802053839562,-60.4279293152749,-0.767461863674517));
#4993=CARTESIAN_POINT('Ctrl Pts',(319.80185926861,-60.4711211920719,-0.804225499775236));
#4994=CARTESIAN_POINT('Ctrl Pts',(319.801659786774,-60.5142278880591,-0.841466188576718));
#4995=CARTESIAN_POINT('Ctrl Pts',(319.801400819872,-60.5679521728526,-0.888953674032504));
#4996=CARTESIAN_POINT('Ctrl Pts',(319.801073238347,-60.6321682821561,-0.947593907050943));
#4997=CARTESIAN_POINT('Ctrl Pts',(319.800727252325,-60.6961301147284,-1.00807207312203));
#4998=CARTESIAN_POINT('Ctrl Pts',(319.800361162963,-60.7598290324683,-1.07059919888563));
#4999=CARTESIAN_POINT('Ctrl Pts',(319.800037868213,-60.8126736675035,-1.12461328288828));
#5000=CARTESIAN_POINT('Ctrl Pts',(319.799767462557,-60.8547830030891,-1.16910426725063));
#5001=CARTESIAN_POINT('Ctrl Pts',(319.79948897519,-60.8967675786122,-1.21449723687247));
#5002=CARTESIAN_POINT('Ctrl Pts',(319.799125311552,-60.9489865557837,-1.27302090885145));
#5003=CARTESIAN_POINT('Ctrl Pts',(319.798663389848,-61.0110877395242,-1.34640403359024));
#5004=CARTESIAN_POINT('Ctrl Pts',(319.798177000199,-61.072391889696,-1.42321835906703));
#5005=CARTESIAN_POINT('Ctrl Pts',(319.797669475933,-61.1325537845084,-1.50367200376945));
#5006=CARTESIAN_POINT('Ctrl Pts',(319.797233477678,-61.1813651358816,-1.57385563734256));
#5007=CARTESIAN_POINT('Ctrl Pts',(319.796881053458,-61.2193376896586,-1.6318690752562));
#5008=CARTESIAN_POINT('Ctrl Pts',(319.796528122876,-61.2564807537628,-1.69108934876091));
#5009=CARTESIAN_POINT('Ctrl Pts',(319.796177147578,-61.292236385764,-1.75208156713116));
#5010=CARTESIAN_POINT('Ctrl Pts',(319.795832715431,-61.3264959555727,-1.81508987630415));
#5011=CARTESIAN_POINT('Ctrl Pts',(319.79562123202,-61.3472667314441,-1.85538539626414));
#5012=CARTESIAN_POINT('Ctrl Pts',(319.795486303807,-61.3604298054019,-1.8820290368134));
#5013=CARTESIAN_POINT('Ctrl Pts',(319.795432320154,-61.3656854792264,-1.89286311168804));
#5014=CARTESIAN_POINT('Ctrl Pts',(319.795418215093,-61.3670579018471,-1.89570519660457));
#5015=CARTESIAN_POINT('Ctrl Pts',(319.795413090099,-61.367556540971,-1.89673925862853));
#5016=CARTESIAN_POINT('Ctrl Pts',(319.795405406085,-61.3683040434653,-1.89829081148376));
#5017=CARTESIAN_POINT('Ctrl Pts',(319.795388778408,-61.3699212448269,-1.90165532903793));
#5018=CARTESIAN_POINT('Ctrl Pts',(319.795368375747,-61.3719045050115,-1.90580441238762));
#5019=CARTESIAN_POINT('Ctrl Pts',(319.795351851573,-61.3735099885051,-1.90918202963094));
#5020=CARTESIAN_POINT('Ctrl Pts',(319.795344235267,-61.3742498388484,-1.91074217533423));
#5021=CARTESIAN_POINT('Ctrl Pts',(319.795339160686,-61.3747427525425,-1.91178257123419));
#5022=CARTESIAN_POINT('Ctrl Pts',(319.795315075075,-61.3770819972439,-1.91672700347327));
#5023=CARTESIAN_POINT('Ctrl Pts',(319.795272192536,-61.3812441643499,-1.92559933745649));
#5024=CARTESIAN_POINT('Ctrl Pts',(319.795212233883,-61.3870586142563,-1.93818450180319));
#5025=CARTESIAN_POINT('Ctrl Pts',(319.795152914094,-61.392807883078,-1.95082270848542));
#5026=CARTESIAN_POINT('Ctrl Pts',(319.795074723179,-61.400383826197,-1.96773995954192));
#5027=CARTESIAN_POINT('Ctrl Pts',(319.794978844263,-61.4096738142661,-1.98898694117864));
#5028=CARTESIAN_POINT('Ctrl Pts',(319.794829880007,-61.4241210304305,-2.02312587437988));
#5029=CARTESIAN_POINT('Ctrl Pts',(319.794715080001,-61.4352844006789,-2.05087151927139));
#5030=CARTESIAN_POINT('Ctrl Pts',(319.794630601675,-61.4435132950022,-2.07212497166203));
#5031=CARTESIAN_POINT('Ctrl Pts',(319.794597052322,-61.4467809862131,-2.08063771765882));
#5032=CARTESIAN_POINT('Ctrl Pts',(319.794563978199,-61.4500033682242,-2.08914433892559));
#5033=CARTESIAN_POINT('Ctrl Pts',(319.794531260122,-61.4531895676311,-2.09766734551036));
#5034=CARTESIAN_POINT('Ctrl Pts',(319.794506908864,-61.4555600892225,-2.10406561781786));
#5035=CARTESIAN_POINT('Ctrl Pts',(319.794482713069,-61.457913804203,-2.11047579151729));
#5036=CARTESIAN_POINT('Ctrl Pts',(319.794434613762,-61.4625883680075,-2.12332312288852));
#5037=CARTESIAN_POINT('Ctrl Pts',(319.794363413537,-61.4694862007334,-2.14272047351785));
#5038=CARTESIAN_POINT('Ctrl Pts',(319.794284794243,-61.4770080546838,-2.16469754864818));
#5039=CARTESIAN_POINT('Ctrl Pts',(319.794221059636,-61.4829823273301,-2.18269835846902));
#5040=CARTESIAN_POINT('Ctrl Pts',(319.794184552447,-61.4863363707526,-2.19302411715054));
#5041=CARTESIAN_POINT('Ctrl Pts',(319.794159764663,-61.4885745315451,-2.20001291863071));
#5042=CARTESIAN_POINT('Ctrl Pts',(319.794147260961,-61.4896944855832,-2.20353051535779));
#5043=CARTESIAN_POINT('Ctrl Pts',(319.79413464418,-61.4908154499077,-2.20707179866256));
#5044=CARTESIAN_POINT('Ctrl Pts',(319.794109131813,-61.4930606859254,-2.21420774472943));
#5045=CARTESIAN_POINT('Ctrl Pts',(319.794082888524,-61.4953150125331,-2.22148101639417));
#5046=CARTESIAN_POINT('Ctrl Pts',(319.794055429891,-61.4975908367559,-2.22894781816649));
#5047=CARTESIAN_POINT('Ctrl Pts',(319.794036739841,-61.4991154095656,-2.23398445072088));
#5048=CARTESIAN_POINT('Ctrl Pts',(319.794017409904,-61.5006526867813,-2.23911669371728));
#5049=CARTESIAN_POINT('Ctrl Pts',(319.793997215212,-61.5022089085302,-2.24437175452869));
#5050=CARTESIAN_POINT('Ctrl Pts',(319.793981560509,-61.5033877316412,-2.24838387262172));
#5051=CARTESIAN_POINT('Ctrl Pts',(319.793965305112,-61.5045808808183,-2.25247825449521));
#5052=CARTESIAN_POINT('Ctrl Pts',(319.793948328601,-61.5057919243738,-2.25667008093603));
#5053=CARTESIAN_POINT('Ctrl Pts',(319.793930473853,-61.5070255963554,-2.26097937259112));
#5054=CARTESIAN_POINT('Ctrl Pts',(319.793911525096,-61.5082885124615,-2.26543394019619));
#5055=CARTESIAN_POINT('Ctrl Pts',(319.793894569181,-61.5093732083935,-2.26930015876084));
#5056=CARTESIAN_POINT('Ctrl Pts',(319.793880073991,-61.5102676324921,-2.27251598208513));
#5057=CARTESIAN_POINT('Ctrl Pts',(319.793868646277,-61.5109546993872,-2.27500134431929));
#5058=CARTESIAN_POINT('Ctrl Pts',(319.793856564911,-61.5116611315391,-2.277573105063));
#5059=CARTESIAN_POINT('Ctrl Pts',(319.793839366063,-61.5126359492358,-2.28114652894055));
#5060=CARTESIAN_POINT('Ctrl Pts',(319.793823777592,-61.5134773410762,-2.28426405376893));
#5061=CARTESIAN_POINT('Ctrl Pts',(319.793810168688,-61.5141755046238,-2.28687787766559));
#5062=CARTESIAN_POINT('Ctrl Pts',(319.793804542993,-61.5144605633273,-2.28794775825735));
#5063=CARTESIAN_POINT('Ctrl Pts',(319.793794212258,-61.5149748771376,-2.28988499606456));
#5064=CARTESIAN_POINT('Ctrl Pts',(319.793781074614,-61.5156052708854,-2.29227720359495));
#5065=CARTESIAN_POINT('Ctrl Pts',(319.793767574403,-61.5162219839038,-2.29463989760546));
#5066=CARTESIAN_POINT('Ctrl Pts',(319.793758999662,-61.5166025535768,-2.29610596837413));
#5067=CARTESIAN_POINT('Ctrl Pts',(319.793752029264,-61.5169056996325,-2.29727826573259));
#5068=CARTESIAN_POINT('Ctrl Pts',(319.793744376844,-61.5172313134879,-2.29854273746893));
#5069=CARTESIAN_POINT('Ctrl Pts',(319.793735734855,-61.5175896636747,-2.29994091312581));
#5070=CARTESIAN_POINT('Ctrl Pts',(319.793728253811,-61.5178915621488,-2.30112507353422));
#5071=CARTESIAN_POINT('Ctrl Pts',(319.793722427003,-61.5181207823604,-2.30202800357447));
#5072=CARTESIAN_POINT('Ctrl Pts',(319.793719453605,-61.5182373654078,-2.30248810857859));
#5073=CARTESIAN_POINT('Ctrl Pts',(319.793716441096,-61.5183524021478,-2.30294278456039));
#5074=CARTESIAN_POINT('Ctrl Pts',(319.793714518895,-61.5184280645959,-2.3032426973799));
#5075=CARTESIAN_POINT('Ctrl Pts',(319.793712527631,-61.5185004086079,-2.30352882760127));
#5076=CARTESIAN_POINT('Ctrl Pts',(319.793712354699,-61.5207088210695,-2.3127440862671));
#5077=CARTESIAN_POINT('Ctrl Pts',(319.793712394738,-61.5251071001183,-2.33110023668443));
#5078=CARTESIAN_POINT('Ctrl Pts',(319.793712381889,-61.5339067720414,-2.36782480253947));
#5079=CARTESIAN_POINT('Ctrl Pts',(319.793712388838,-61.5427057806235,-2.40454675556376));
#5080=CARTESIAN_POINT('Ctrl Pts',(319.793712386474,-61.5493052908762,-2.43208922008754));
#5081=CARTESIAN_POINT('Ctrl Pts',(319.793712386474,-61.5515051012263,-2.44126993760544));
#5082=CARTESIAN_POINT('Ctrl Pts',(320.,32.3398333797087,-0.778932402782657));
#5083=CARTESIAN_POINT('Ctrl Pts',(319.999999997508,32.2416876991695,-0.768542302530876));
#5084=CARTESIAN_POINT('Ctrl Pts',(320.000000001733,32.0453948086219,-0.747760688840122));
#5085=CARTESIAN_POINT('Ctrl Pts',(319.999999999171,31.75095210046,-0.716584345596221));
#5086=CARTESIAN_POINT('Ctrl Pts',(320.000000000428,31.4565075879108,-0.68540419127862));
#5087=CARTESIAN_POINT('Ctrl Pts',(319.999999999775,31.1620628083154,-0.654220094543531));
#5088=CARTESIAN_POINT('Ctrl Pts',(320.000000000119,30.8676191290826,-0.623031700633752));
#5089=CARTESIAN_POINT('Ctrl Pts',(319.999999999937,30.5731776412285,-0.591838440961692));
#5090=CARTESIAN_POINT('Ctrl Pts',(320.000000000033,30.278739144123,-0.560639557600634));
#5091=CARTESIAN_POINT('Ctrl Pts',(319.999999999982,29.9843041572044,-0.529434126625058));
#5092=CARTESIAN_POINT('Ctrl Pts',(320.00000000001,29.6898729655698,-0.498221085880926));
#5093=CARTESIAN_POINT('Ctrl Pts',(319.999999999994,29.3954456730446,-0.466999259899023));
#5094=CARTESIAN_POINT('Ctrl Pts',(320.000000000003,29.1010222575005,-0.435767384326775));
#5095=CARTESIAN_POINT('Ctrl Pts',(319.999999999998,28.8066026197259,-0.404524129093667));
#5096=CARTESIAN_POINT('Ctrl Pts',(320.000000000001,28.5121866229149,-0.373268120287313));
#5097=CARTESIAN_POINT('Ctrl Pts',(320.,28.2177741197206,-0.341997960343346));
#5098=CARTESIAN_POINT('Ctrl Pts',(320.,27.923364967697,-0.310712246872609));
#5099=CARTESIAN_POINT('Ctrl Pts',(320.,27.6289590323747,-0.279409589959713));
#5100=CARTESIAN_POINT('Ctrl Pts',(320.,27.3345561813842,-0.248088630965201));
#5101=CARTESIAN_POINT('Ctrl Pts',(320.,27.0401562753023,-0.216748062125013));
#5102=CARTESIAN_POINT('Ctrl Pts',(320.,26.7457591570491,-0.185386645926198));
#5103=CARTESIAN_POINT('Ctrl Pts',(320.,26.4513646434772,-0.154003234968667));
#5104=CARTESIAN_POINT('Ctrl Pts',(320.,26.1569725235314,-0.122596792912631));
#5105=CARTESIAN_POINT('Ctrl Pts',(320.,25.8625825633859,-0.0911664163282143));
#5106=CARTESIAN_POINT('Ctrl Pts',(320.,25.5681945258771,-0.0597113590362107));
#5107=CARTESIAN_POINT('Ctrl Pts',(320.,25.2738082006926,-0.0282310526306215));
#5108=CARTESIAN_POINT('Ctrl Pts',(320.,24.9794234448503,0.00327487534144866));
#5109=CARTESIAN_POINT('Ctrl Pts',(320.,24.6850402066461,0.0348065835901204));
#5110=CARTESIAN_POINT('Ctrl Pts',(320.,24.3906584220352,0.0663640130890833));
#5111=CARTESIAN_POINT('Ctrl Pts',(320.,24.0962780021405,0.0979468721015763));
#5112=CARTESIAN_POINT('Ctrl Pts',(320.,23.8018988269174,0.129554621287795));
#5113=CARTESIAN_POINT('Ctrl Pts',(320.,23.5075207430249,0.1611864554538));
#5114=CARTESIAN_POINT('Ctrl Pts',(320.,23.2131435786569,0.192841299568717));
#5115=CARTESIAN_POINT('Ctrl Pts',(320.,22.9187671419208,0.224517822944935));
#5116=CARTESIAN_POINT('Ctrl Pts',(320.,22.6243912204173,0.2562144512625));
#5117=CARTESIAN_POINT('Ctrl Pts',(320.,22.3300155808791,0.287929379911697));
#5118=CARTESIAN_POINT('Ctrl Pts',(320.,22.0356399694553,0.319660587133301));
#5119=CARTESIAN_POINT('Ctrl Pts',(320.,21.7412641124474,0.351405847591376));
#5120=CARTESIAN_POINT('Ctrl Pts',(320.,21.446887716917,0.383162746657996));
#5121=CARTESIAN_POINT('Ctrl Pts',(320.,21.1525104685251,0.41492869301115));
#5122=CARTESIAN_POINT('Ctrl Pts',(320.,20.8581320324214,0.446700928070755));
#5123=CARTESIAN_POINT('Ctrl Pts',(320.,20.5637520545911,0.478476536136735));
#5124=CARTESIAN_POINT('Ctrl Pts',(320.,20.2693701633759,0.510252454761853));
#5125=CARTESIAN_POINT('Ctrl Pts',(320.,19.9749859712373,0.542025485565961));
#5126=CARTESIAN_POINT('Ctrl Pts',(320.,19.6805990766233,0.573792305502139));
#5127=CARTESIAN_POINT('Ctrl Pts',(320.,19.3862090661779,0.605549478314837));
#5128=CARTESIAN_POINT('Ctrl Pts',(320.,19.091815518592,0.637293467333039));
#5129=CARTESIAN_POINT('Ctrl Pts',(320.,18.7974180072715,0.669020650398208));
#5130=CARTESIAN_POINT('Ctrl Pts',(320.,18.503016102882,0.700727335035489));
#5131=CARTESIAN_POINT('Ctrl Pts',(320.,18.2086093759874,0.732409773997862));
#5132=CARTESIAN_POINT('Ctrl Pts',(320.,17.9141973996462,0.764064181094394));
#5133=CARTESIAN_POINT('Ctrl Pts',(320.,17.619779752051,0.795686747183325));
#5134=CARTESIAN_POINT('Ctrl Pts',(320.,17.325356018962,0.827273656525328));
#5135=CARTESIAN_POINT('Ctrl Pts',(320.,17.0309257948098,0.858821102456038));
#5136=CARTESIAN_POINT('Ctrl Pts',(320.,16.736488684796,0.890325301661134));
#5137=CARTESIAN_POINT('Ctrl Pts',(320.,16.4420443070744,0.921782508546516));
#5138=CARTESIAN_POINT('Ctrl Pts',(320.,16.1475922947786,0.953189029543681));
#5139=CARTESIAN_POINT('Ctrl Pts',(320.,15.853132298012,0.984541237279352));
#5140=CARTESIAN_POINT('Ctrl Pts',(320.,15.558663985631,1.01583558472303));
#5141=CARTESIAN_POINT('Ctrl Pts',(320.,15.264187047226,1.04706861882988));
#5142=CARTESIAN_POINT('Ctrl Pts',(320.,14.9697011969738,1.07823699529121));
#5143=CARTESIAN_POINT('Ctrl Pts',(320.,14.6752061756181,1.10933749524767));
#5144=CARTESIAN_POINT('Ctrl Pts',(320.,14.380701752083,1.14036704149724));
#5145=CARTESIAN_POINT('Ctrl Pts',(320.,14.0861877250736,1.1713227142889));
#5146=CARTESIAN_POINT('Ctrl Pts',(320.,13.7916639243815,1.20220176678961));
#5147=CARTESIAN_POINT('Ctrl Pts',(320.,13.49713021236,1.23300163971992));
#5148=CARTESIAN_POINT('Ctrl Pts',(320.,13.2025864843204,1.2637199762771));
#5149=CARTESIAN_POINT('Ctrl Pts',(320.,12.908032663528,1.29435463276003));
#5150=CARTESIAN_POINT('Ctrl Pts',(320.,12.6134687010618,1.3249036826117));
#5151=CARTESIAN_POINT('Ctrl Pts',(320.,12.3188945759008,1.35536542077256));
#5152=CARTESIAN_POINT('Ctrl Pts',(320.,12.0243102950733,1.38573836710351));
#5153=CARTESIAN_POINT('Ctrl Pts',(320.,11.7297158934162,1.41602127014953));
#5154=CARTESIAN_POINT('Ctrl Pts',(320.,11.4351114341208,1.44621310950121));
#5155=CARTESIAN_POINT('Ctrl Pts',(320.,11.1404970065639,1.47631310018655));
#5156=CARTESIAN_POINT('Ctrl Pts',(320.,10.8458727101704,1.50632068640444));
#5157=CARTESIAN_POINT('Ctrl Pts',(320.,10.5512386515574,1.53623551935995));
#5158=CARTESIAN_POINT('Ctrl Pts',(320.,10.2565949427047,1.56605743687761));
#5159=CARTESIAN_POINT('Ctrl Pts',(320.,9.96194169896172,1.59578644260263));
#5160=CARTESIAN_POINT('Ctrl Pts',(320.,9.66727903727943,1.62542268587594));
#5161=CARTESIAN_POINT('Ctrl Pts',(320.,9.37260707432779,1.65496644194545));
#5162=CARTESIAN_POINT('Ctrl Pts',(320.,9.07792592515626,1.68441809223239));
#5163=CARTESIAN_POINT('Ctrl Pts',(320.,8.78323570462385,1.71377810684821));
#5164=CARTESIAN_POINT('Ctrl Pts',(320.,8.48853652637281,1.74304703053895));
#5165=CARTESIAN_POINT('Ctrl Pts',(320.,8.1938285016026,1.77222546863424));
#5166=CARTESIAN_POINT('Ctrl Pts',(320.,7.89911173793909,1.80131407334269));
#5167=CARTESIAN_POINT('Ctrl Pts',(320.,7.60438633829268,1.83031353031316));
#5168=CARTESIAN_POINT('Ctrl Pts',(320.,7.30965239977513,1.85922454523844));
#5169=CARTESIAN_POINT('Ctrl Pts',(320.,7.01491001249235,1.88804783106026));
#5170=CARTESIAN_POINT('Ctrl Pts',(320.,6.72015925679352,1.91678409410584));
#5171=CARTESIAN_POINT('Ctrl Pts',(320.,6.42540020187053,1.945434018993));
#5172=CARTESIAN_POINT('Ctrl Pts',(320.,6.13063290450886,1.97399825361441));
#5173=CARTESIAN_POINT('Ctrl Pts',(320.,5.83585740779782,2.00247739428352));
#5174=CARTESIAN_POINT('Ctrl Pts',(320.,5.54107373987187,2.03087197095874));
#5175=CARTESIAN_POINT('Ctrl Pts',(320.,5.24628191261272,2.05918243262472));
#5176=CARTESIAN_POINT('Ctrl Pts',(320.,4.95148192045995,2.08740913252278));
#5177=CARTESIAN_POINT('Ctrl Pts',(320.,4.65667374082781,2.11555231433331));
#5178=CARTESIAN_POINT('Ctrl Pts',(320.,4.36185733324538,2.14361210017595));
#5179=CARTESIAN_POINT('Ctrl Pts',(320.,4.067032638215,2.17158847851739));
#5180=CARTESIAN_POINT('Ctrl Pts',(320.,3.77219957614145,2.19948129206039));
#5181=CARTESIAN_POINT('Ctrl Pts',(320.,3.47735804621198,2.22729022564677));
#5182=CARTESIAN_POINT('Ctrl Pts',(320.,3.18250792528592,2.25501479394978));
#5183=CARTESIAN_POINT('Ctrl Pts',(320.,2.88764906666958,2.28265432949603));
#5184=CARTESIAN_POINT('Ctrl Pts',(320.,2.59278129575661,2.31020796899776));
#5185=CARTESIAN_POINT('Ctrl Pts',(320.,2.29790440795618,2.33767463613871));
#5186=CARTESIAN_POINT('Ctrl Pts',(320.,2.00301816726102,2.36505302438633));
#5187=CARTESIAN_POINT('Ctrl Pts',(320.,1.70812230464293,2.39234157981954));
#5188=CARTESIAN_POINT('Ctrl Pts',(320.,1.41321651654913,2.41953848376772));
#5189=CARTESIAN_POINT('Ctrl Pts',(320.,1.11830046342516,2.4466416359496));
#5190=CARTESIAN_POINT('Ctrl Pts',(320.,0.823373768510565,2.4736486366241));
#5191=CARTESIAN_POINT('Ctrl Pts',(320.,0.528436026025528,2.50055677355464));
#5192=CARTESIAN_POINT('Ctrl Pts',(320.,0.233486802743747,2.527363019791));
#5193=CARTESIAN_POINT('Ctrl Pts',(320.,-0.0614743623826799,2.55406403119623));
#5194=CARTESIAN_POINT('Ctrl Pts',(320.,-0.35644795787694,2.58065614489956));
#5195=CARTESIAN_POINT('Ctrl Pts',(320.,-0.651434499630223,2.60713537734574));
#5196=CARTESIAN_POINT('Ctrl Pts',(320.,-0.946434530630358,2.63349742410918));
#5197=CARTESIAN_POINT('Ctrl Pts',(320.,-1.24144861981921,2.65973765748095));
#5198=CARTESIAN_POINT('Ctrl Pts',(320.,-1.53647733901954,2.68585113655723));
#5199=CARTESIAN_POINT('Ctrl Pts',(320.,-1.83152125648162,2.71183264224807));
#5200=CARTESIAN_POINT('Ctrl Pts',(320.,-2.12658093453185,2.73767671175648));
#5201=CARTESIAN_POINT('Ctrl Pts',(320.,-2.42165693031616,2.76337767453439));
#5202=CARTESIAN_POINT('Ctrl Pts',(320.,-2.71674979278064,2.78892968792639));
#5203=CARTESIAN_POINT('Ctrl Pts',(320.,-3.01186005751756,2.81432677284325));
#5204=CARTESIAN_POINT('Ctrl Pts',(320.,-3.30698824289181,2.83956285016933));
#5205=CARTESIAN_POINT('Ctrl Pts',(320.,-3.60213485061374,2.86463177425408));
#5206=CARTESIAN_POINT('Ctrl Pts',(320.,-3.89730036266828,2.88952736116022));
#5207=CARTESIAN_POINT('Ctrl Pts',(320.,-4.19248523759317,2.9142434171654));
#5208=CARTESIAN_POINT('Ctrl Pts',(320.,-4.48768990720485,2.93877376690845));
#5209=CARTESIAN_POINT('Ctrl Pts',(320.,-4.78291477330187,2.96311228125539));
#5210=CARTESIAN_POINT('Ctrl Pts',(320.,-5.07816020477705,2.98725290487931));
#5211=CARTESIAN_POINT('Ctrl Pts',(320.,-5.37342653441331,3.01118968294766));
#5212=CARTESIAN_POINT('Ctrl Pts',(320.,-5.66871405324227,3.03491678922774));
#5213=CARTESIAN_POINT('Ctrl Pts',(320.,-5.96402300774032,3.05842855640503));
#5214=CARTESIAN_POINT('Ctrl Pts',(320.,-6.2593535975662,3.08171950513212));
#5215=CARTESIAN_POINT('Ctrl Pts',(320.,-6.55470597345516,3.10478437219211));
#5216=CARTESIAN_POINT('Ctrl Pts',(320.,-6.8500802355662,3.12761813735384));
#5217=CARTESIAN_POINT('Ctrl Pts',(320.,-7.14547643180765,3.15021604911897));
#5218=CARTESIAN_POINT('Ctrl Pts',(320.,-7.4408945573064,3.17257364898695));
#5219=CARTESIAN_POINT('Ctrl Pts',(320.,-7.73633455700914,3.19468679281606));
#5220=CARTESIAN_POINT('Ctrl Pts',(320.,-8.03179632551287,3.21655166526981));
#5221=CARTESIAN_POINT('Ctrl Pts',(320.,-8.32727970644733,3.23816479761011));
#5222=CARTESIAN_POINT('Ctrl Pts',(320.,-8.57353369528757,3.25596336287998));
#5223=CARTESIAN_POINT('Ctrl Pts',(320.,-8.77054745992499,3.27007342045872));
#5224=CARTESIAN_POINT('Ctrl Pts',(320.,-8.91831303202901,3.2805912682605));
#5225=CARTESIAN_POINT('Ctrl Pts',(320.,-9.06608381358546,3.29104413090123));
#5226=CARTESIAN_POINT('Ctrl Pts',(320.,-9.26311840923044,3.30489429971402));
#5227=CARTESIAN_POINT('Ctrl Pts',(320.,-9.50942445313261,3.32204331423163));
#5228=CARTESIAN_POINT('Ctrl Pts',(320.,-9.80501176784012,3.34235865023358));
#5229=CARTESIAN_POINT('Ctrl Pts',(320.,-10.1006186681735,3.362409370785));
#5230=CARTESIAN_POINT('Ctrl Pts',(320.,-10.396244620364,3.38219477815377));
#5231=CARTESIAN_POINT('Ctrl Pts',(320.,-10.691889032238,3.40171463593216));
#5232=CARTESIAN_POINT('Ctrl Pts',(320.,-10.9382742176328,3.41776008403879));
#5233=CARTESIAN_POINT('Ctrl Pts',(320.,-11.1353909174054,3.43046414530293));
#5234=CARTESIAN_POINT('Ctrl Pts',(320.,-11.28323262295,3.43992619035527));
#5235=CARTESIAN_POINT('Ctrl Pts',(320.,-11.4310784136278,3.44932239325737));
#5236=CARTESIAN_POINT('Ctrl Pts',(320.,-11.628211449122,3.46176315186137));
#5237=CARTESIAN_POINT('Ctrl Pts',(320.,-11.8746374591489,3.47715056045794));
#5238=CARTESIAN_POINT('Ctrl Pts',(320.,-12.1703633885141,3.49535597579214));
#5239=CARTESIAN_POINT('Ctrl Pts',(320.,-12.4168132113512,3.51031313719106));
#5240=CARTESIAN_POINT('Ctrl Pts',(320.,-12.6139795532878,3.52215200599429));
#5241=CARTESIAN_POINT('Ctrl Pts',(320.,-12.7618574367351,3.53096816383397));
#5242=CARTESIAN_POINT('Ctrl Pts',(320.,-12.9097383314851,3.5397217753751));
#5243=CARTESIAN_POINT('Ctrl Pts',(320.,-13.057622119243,3.54841332310242));
#5244=CARTESIAN_POINT('Ctrl Pts',(320.,-13.2055086801895,3.55704330896275));
#5245=CARTESIAN_POINT('Ctrl Pts',(320.,-13.3533978921802,3.56561226407203));
#5246=CARTESIAN_POINT('Ctrl Pts',(320.,-13.5012896322144,3.57412073945136));
#5247=CARTESIAN_POINT('Ctrl Pts',(320.,-13.6984818267382,3.58538550783056));
#5248=CARTESIAN_POINT('Ctrl Pts',(320.,-13.94497777991,3.59931819903501));
#5249=CARTESIAN_POINT('Ctrl Pts',(320.,-14.2407810930708,3.61580519586654));
#5250=CARTESIAN_POINT('Ctrl Pts',(319.999999999999,-14.4872898655873,3.62935520521446));
#5251=CARTESIAN_POINT('Ctrl Pts',(320.,-14.6845000170707,3.64008443322177));
#5252=CARTESIAN_POINT('Ctrl Pts',(320.,-14.832409081373,3.64807665820995));
#5253=CARTESIAN_POINT('Ctrl Pts',(320.,-14.9803194771386,3.65601488186753));
#5254=CARTESIAN_POINT('Ctrl Pts',(320.,-15.1775349650327,3.66652811469171));
#5255=CARTESIAN_POINT('Ctrl Pts',(320.,-15.4240570670767,3.67953816572537));
#5256=CARTESIAN_POINT('Ctrl Pts',(320.,-15.7198871495987,3.69494548656606));
#5257=CARTESIAN_POINT('Ctrl Pts',(320.,-15.9664148087992,3.70761899852491));
#5258=CARTESIAN_POINT('Ctrl Pts',(320.000000000001,-16.1636384255594,3.71766104316372));
#5259=CARTESIAN_POINT('Ctrl Pts',(319.999999999999,-16.3115568978473,3.72514488124433));
#5260=CARTESIAN_POINT('Ctrl Pts',(320.,-16.4594761504431,3.73258170690972));
#5261=CARTESIAN_POINT('Ctrl Pts',(320.,-16.6073962234593,3.73997219267668));
#5262=CARTESIAN_POINT('Ctrl Pts',(320.,-16.7553171658964,3.74731700327165));
#5263=CARTESIAN_POINT('Ctrl Pts',(320.,-16.9032390396903,3.75461679054655));
#5264=CARTESIAN_POINT('Ctrl Pts',(320.,-17.0511619145057,3.76187219758592));
#5265=CARTESIAN_POINT('Ctrl Pts',(320.,-17.2483938551317,3.77148773247575));
#5266=CARTESIAN_POINT('Ctrl Pts',(320.,-17.4949366917365,3.78339930897289));
#5267=CARTESIAN_POINT('Ctrl Pts',(320.,-17.7907934944731,3.79752537232259));
#5268=CARTESIAN_POINT('Ctrl Pts',(320.,-18.0373459910842,3.80916092327875));
#5269=CARTESIAN_POINT('Ctrl Pts',(320.,-18.2345914866153,3.81838970318979));
#5270=CARTESIAN_POINT('Ctrl Pts',(320.,-18.3825274549135,3.82527192289555));
#5271=CARTESIAN_POINT('Ctrl Pts',(320.,-18.5304653658822,3.83211523379537));
#5272=CARTESIAN_POINT('Ctrl Pts',(320.,-18.7277186233305,3.84118831984666));
#5273=CARTESIAN_POINT('Ctrl Pts',(320.,-18.9742904945007,3.85243444356051));
#5274=CARTESIAN_POINT('Ctrl Pts',(320.,-19.2701858195843,3.86578018394653));
#5275=CARTESIAN_POINT('Ctrl Pts',(320.,-19.5660906741532,3.87897852221689));
#5276=CARTESIAN_POINT('Ctrl Pts',(320.,-19.8620053221533,3.8920310640436));
#5277=CARTESIAN_POINT('Ctrl Pts',(320.,-20.1579297912902,3.90493874456704));
#5278=CARTESIAN_POINT('Ctrl Pts',(320.,-20.4045414948535,3.91557461772212));
#5279=CARTESIAN_POINT('Ctrl Pts',(320.,-20.6018353612367,3.92401072174495));
#5280=CARTESIAN_POINT('Ctrl Pts',(320.,-20.7498079015598,3.93030133869322));
#5281=CARTESIAN_POINT('Ctrl Pts',(319.999999999999,-20.8977824635273,3.93655531310177));
#5282=CARTESIAN_POINT('Ctrl Pts',(320.,-21.0950843650423,3.94484472871789));
#5283=CARTESIAN_POINT('Ctrl Pts',(320.,-21.3417159906387,3.95511349992965));
#5284=CARTESIAN_POINT('Ctrl Pts',(320.,-21.6376790382583,3.96728405472491));
#5285=CARTESIAN_POINT('Ctrl Pts',(320.,-21.8843173863958,3.97729606596578));
#5286=CARTESIAN_POINT('Ctrl Pts',(320.,-22.081628271964,3.98522497962137));
#5287=CARTESIAN_POINT('Ctrl Pts',(320.,-22.2296111871688,3.99113053287481));
#5288=CARTESIAN_POINT('Ctrl Pts',(320.,-22.3775935568069,3.99699413811881));
#5289=CARTESIAN_POINT('Ctrl Pts',(320.,-22.5255751118993,4.00281487928209));
#5290=CARTESIAN_POINT('Ctrl Pts',(320.,-22.6735556251593,4.00859178050793));
#5291=CARTESIAN_POINT('Ctrl Pts',(320.,-22.8215349066953,4.01432377003949));
#5292=CARTESIAN_POINT('Ctrl Pts',(320.,-22.9695127989159,4.02000971351451));
#5293=CARTESIAN_POINT('Ctrl Pts',(320.,-23.1668146551035,4.02752790724469));
#5294=CARTESIAN_POINT('Ctrl Pts',(320.,-23.4134379912811,4.03680418179802));
#5295=CARTESIAN_POINT('Ctrl Pts',(320.000000000001,-23.7093793759635,4.04772971512462));
#5296=CARTESIAN_POINT('Ctrl Pts',(319.999999999999,-23.9559919294006,4.0566516543216));
#5297=CARTESIAN_POINT('Ctrl Pts',(320.000000000001,-24.15327918127,4.06367218878608));
#5298=CARTESIAN_POINT('Ctrl Pts',(319.999999999999,-24.3176838259766,4.0694553649581));
#5299=CARTESIAN_POINT('Ctrl Pts',(320.000000000001,-24.498527347678,4.07572757284007));
#5300=CARTESIAN_POINT('Ctrl Pts',(319.999999999999,-24.6958096281658,4.08245341733302));
#5301=CARTESIAN_POINT('Ctrl Pts',(320.000000000001,-24.8930908217211,4.08905716218316));
#5302=CARTESIAN_POINT('Ctrl Pts',(319.999999999999,-25.0903714570157,4.09553297070978));
#5303=CARTESIAN_POINT('Ctrl Pts',(320.,-25.2876521074116,4.10187472170949));
#5304=CARTESIAN_POINT('Ctrl Pts',(320.,-25.4849333845129,4.1080760129704));
#5305=CARTESIAN_POINT('Ctrl Pts',(320.,-25.6822159305122,4.1141301741088));
#5306=CARTESIAN_POINT('Ctrl Pts',(320.,-25.8795004088706,4.12003027539425));
#5307=CARTESIAN_POINT('Ctrl Pts',(320.,-26.0767874795636,4.12576914775781));
#5308=CARTESIAN_POINT('Ctrl Pts',(320.,-26.274077790541,4.13133941450731));
#5309=CARTESIAN_POINT('Ctrl Pts',(320.,-26.4713719708544,4.13673352366431));
#5310=CARTESIAN_POINT('Ctrl Pts',(320.,-26.6686706240088,4.14194378147798));
#5311=CARTESIAN_POINT('Ctrl Pts',(320.,-26.86597432197,4.14696238651851));
#5312=CARTESIAN_POINT('Ctrl Pts',(320.,-27.0632835997542,4.15178146437481));
#5313=CARTESIAN_POINT('Ctrl Pts',(320.,-27.2605989506482,4.15639310254228));
#5314=CARTESIAN_POINT('Ctrl Pts',(320.,-27.4579208222119,4.16078938544439));
#5315=CARTESIAN_POINT('Ctrl Pts',(320.,-27.6552496127767,4.16496242902892));
#5316=CARTESIAN_POINT('Ctrl Pts',(320.,-27.8525856693992,4.16890441524382));
#5317=CARTESIAN_POINT('Ctrl Pts',(320.,-28.0499292901949,4.17260762368433));
#5318=CARTESIAN_POINT('Ctrl Pts',(320.,-28.2472807231571,4.17606445949938));
#5319=CARTESIAN_POINT('Ctrl Pts',(320.,-28.4446401652993,4.17926748055168));
#5320=CARTESIAN_POINT('Ctrl Pts',(320.,-28.6420077624615,4.18220942319461));
#5321=CARTESIAN_POINT('Ctrl Pts',(320.,-28.8393836096618,4.18488322671179));
#5322=CARTESIAN_POINT('Ctrl Pts',(320.,-29.0367677519862,4.18728205610856));
#5323=CARTESIAN_POINT('Ctrl Pts',(320.,-29.2341601859752,4.18939932319994));
#5324=CARTESIAN_POINT('Ctrl Pts',(320.,-29.4315608614234,4.19122870576287));
#5325=CARTESIAN_POINT('Ctrl Pts',(320.,-29.6289696836371,4.19276416479071));
#5326=CARTESIAN_POINT('Ctrl Pts',(320.,-29.826386515777,4.19399995948904));
#5327=CARTESIAN_POINT('Ctrl Pts',(320.,-30.023811179606,4.19493066110716));
#5328=CARTESIAN_POINT('Ctrl Pts',(320.,-30.2212434585816,4.19555116593024));
#5329=CARTESIAN_POINT('Ctrl Pts',(320.,-30.4186831014035,4.19585670574788));
#5330=CARTESIAN_POINT('Ctrl Pts',(320.,-30.6161298256038,4.19584285600106));
#5331=CARTESIAN_POINT('Ctrl Pts',(320.,-30.8135833212483,4.19550554153387));
#5332=CARTESIAN_POINT('Ctrl Pts',(320.,-31.011043254607,4.19484104007435));
#5333=CARTESIAN_POINT('Ctrl Pts',(320.,-31.2085092718233,4.19384598348092));
#5334=CARTESIAN_POINT('Ctrl Pts',(320.,-31.4059810024201,4.19251735690584));
#5335=CARTESIAN_POINT('Ctrl Pts',(320.,-31.6034580627919,4.1908524959224));
#5336=CARTESIAN_POINT('Ctrl Pts',(320.,-31.8009400592784,4.18884908189176));
#5337=CARTESIAN_POINT('Ctrl Pts',(320.,-31.9984265927739,4.18650513519953));
#5338=CARTESIAN_POINT('Ctrl Pts',(320.,-32.1959172619395,4.18381900561061));
#5339=CARTESIAN_POINT('Ctrl Pts',(320.,-32.3934116652121,4.18078936138639));
#5340=CARTESIAN_POINT('Ctrl Pts',(320.,-32.5909094028421,4.17741517742149));
#5341=CARTESIAN_POINT('Ctrl Pts',(320.,-32.7884100785114,4.17369572253908));
#5342=CARTESIAN_POINT('Ctrl Pts',(319.999999999999,-32.9859133007668,4.16963054609723));
#5343=CARTESIAN_POINT('Ctrl Pts',(320.000000000001,-33.1834186841153,4.16521946402564));
#5344=CARTESIAN_POINT('Ctrl Pts',(319.999999999999,-33.3809258499288,4.16046254445909));
#5345=CARTESIAN_POINT('Ctrl Pts',(320.000000000001,-33.5784344269738,4.15536009301864));
#5346=CARTESIAN_POINT('Ctrl Pts',(320.,-33.7759440519173,4.14991263798851));
#5347=CARTESIAN_POINT('Ctrl Pts',(320.,-33.9734543689456,4.14412091522072));
#5348=CARTESIAN_POINT('Ctrl Pts',(319.999999999999,-34.1709650274743,4.13798585442577));
#5349=CARTESIAN_POINT('Ctrl Pts',(320.000000000001,-34.3684756823757,4.13150856660927));
#5350=CARTESIAN_POINT('Ctrl Pts',(319.999999999999,-34.5659859939651,4.1246903310658));
#5351=CARTESIAN_POINT('Ctrl Pts',(320.000000000001,-34.7634956278131,4.11753258231198));
#5352=CARTESIAN_POINT('Ctrl Pts',(320.,-34.9610042543461,4.11003689690108));
#5353=CARTESIAN_POINT('Ctrl Pts',(320.,-35.1585115482599,4.10220498025929));
#5354=CARTESIAN_POINT('Ctrl Pts',(320.,-35.3560171877934,4.09403865358548));
#5355=CARTESIAN_POINT('Ctrl Pts',(320.,-35.5535208537928,4.08553984085619));
#5356=CARTESIAN_POINT('Ctrl Pts',(320.,-35.7510222287587,4.07671055603476));
#5357=CARTESIAN_POINT('Ctrl Pts',(320.,-35.9485209955276,4.06755289039936));
#5358=CARTESIAN_POINT('Ctrl Pts',(320.,-36.1460168366553,4.05806900029036));
#5359=CARTESIAN_POINT('Ctrl Pts',(320.,-36.3435094379458,4.04826109274097));
#5360=CARTESIAN_POINT('Ctrl Pts',(320.,-36.54099848587,4.03813140819026));
#5361=CARTESIAN_POINT('Ctrl Pts',(320.,-36.7384836652047,4.02768220615601));
#5362=CARTESIAN_POINT('Ctrl Pts',(320.,-36.9579069880139,4.0157194761958));
#5363=CARTESIAN_POINT('Ctrl Pts',(320.,-37.1992662047719,4.00211130775597));
#5364=CARTESIAN_POINT('Ctrl Pts',(320.,-37.4625583401531,3.98671131797279));
#5365=CARTESIAN_POINT('Ctrl Pts',(320.,-37.7258408048576,3.97076177963197));
#5366=CARTESIAN_POINT('Ctrl Pts',(320.,-37.9891127075424,3.95426770113384));
#5367=CARTESIAN_POINT('Ctrl Pts',(320.,-38.2523730977927,3.9372338906008));
#5368=CARTESIAN_POINT('Ctrl Pts',(320.,-38.5156209601452,3.91966492042031));
#5369=CARTESIAN_POINT('Ctrl Pts',(320.,-38.778855216136,3.90156508259664));
#5370=CARTESIAN_POINT('Ctrl Pts',(320.,-39.0420747135527,3.88293834242203));
#5371=CARTESIAN_POINT('Ctrl Pts',(320.,-39.3052782158535,3.86378829700211));
#5372=CARTESIAN_POINT('Ctrl Pts',(320.,-39.5684643928682,3.84411813800472));
#5373=CARTESIAN_POINT('Ctrl Pts',(320.,-39.8316318123797,3.82393061759265));
#5374=CARTESIAN_POINT('Ctrl Pts',(320.,-40.0947789328528,3.80322801719818));
#5375=CARTESIAN_POINT('Ctrl Pts',(320.,-40.3579040967939,3.78201211723544));
#5376=CARTESIAN_POINT('Ctrl Pts',(320.,-40.6210055255765,3.76028416948889));
#5377=CARTESIAN_POINT('Ctrl Pts',(320.,-40.8840813140433,3.73804486784057));
#5378=CARTESIAN_POINT('Ctrl Pts',(320.,-41.1471294266345,3.71529432193964));
#5379=CARTESIAN_POINT('Ctrl Pts',(320.,-41.4101476954035,3.6920320282332));
#5380=CARTESIAN_POINT('Ctrl Pts',(320.,-41.6731338186872,3.66825683936556));
#5381=CARTESIAN_POINT('Ctrl Pts',(320.,-41.9360853606143,3.64396693056346));
#5382=CARTESIAN_POINT('Ctrl Pts',(319.999999999999,-42.1989997512799,3.61915976298528));
#5383=CARTESIAN_POINT('Ctrl Pts',(320.000000000001,-42.4618742876736,3.59383204246947));
#5384=CARTESIAN_POINT('Ctrl Pts',(320.,-42.7247061352474,3.56797967481603));
#5385=CARTESIAN_POINT('Ctrl Pts',(320.,-42.9874923302249,3.54159771336057));
#5386=CARTESIAN_POINT('Ctrl Pts',(320.,-43.2119139023806,3.51860576055012));
#5387=CARTESIAN_POINT('Ctrl Pts',(320.,-43.3979908398543,3.4992391783327));
#5388=CARTESIAN_POINT('Ctrl Pts',(320.,-43.5949907641535,3.47850275417112));
#5389=CARTESIAN_POINT('Ctrl Pts',(320.,-43.8411965841644,3.45214624265391));
#5390=CARTESIAN_POINT('Ctrl Pts',(320.,-44.1365680691308,3.41980779485776));
#5391=CARTESIAN_POINT('Ctrl Pts',(320.,-44.382643765453,3.39225438617429));
#5392=CARTESIAN_POINT('Ctrl Pts',(320.000000000001,-44.5794613308548,3.36984025209441));
#5393=CARTESIAN_POINT('Ctrl Pts',(320.,-44.7270523221643,3.35284154177788));
#5394=CARTESIAN_POINT('Ctrl Pts',(320.,-44.8746204391023,3.33565224436149));
#5395=CARTESIAN_POINT('Ctrl Pts',(320.,-45.022164975099,3.31826967194341));
#5396=CARTESIAN_POINT('Ctrl Pts',(320.,-45.1696852161068,3.30069100738649));
#5397=CARTESIAN_POINT('Ctrl Pts',(320.,-45.3171804364958,3.28291322254998));
#5398=CARTESIAN_POINT('Ctrl Pts',(320.,-45.4646499034792,3.26493315250499));
#5399=CARTESIAN_POINT('Ctrl Pts',(320.,-45.6612405264832,3.24068542767103));
#5400=CARTESIAN_POINT('Ctrl Pts',(320.,-45.9069106801604,3.20985266701835));
#5401=CARTESIAN_POINT('Ctrl Pts',(320.,-46.2015997086792,3.17198500113714));
#5402=CARTESIAN_POINT('Ctrl Pts',(320.,-46.4470726509012,3.1396755441603));
#5403=CARTESIAN_POINT('Ctrl Pts',(320.,-46.6433869744265,3.1133562373237));
#5404=CARTESIAN_POINT('Ctrl Pts',(320.,-46.790589850644,3.09337534078291));
#5405=CARTESIAN_POINT('Ctrl Pts',(320.,-46.9377590038169,3.07314737228899));
#5406=CARTESIAN_POINT('Ctrl Pts',(320.,-47.1339383849501,3.04583903662467));
#5407=CARTESIAN_POINT('Ctrl Pts',(320.,-47.3790738014297,3.01105458383791));
#5408=CARTESIAN_POINT('Ctrl Pts',(320.,-47.6730864278973,2.96821849513746));
#5409=CARTESIAN_POINT('Ctrl Pts',(320.,-47.9669406129323,2.92422464505211));
#5410=CARTESIAN_POINT('Ctrl Pts',(320.,-48.2606267815217,2.87900303596115));
#5411=CARTESIAN_POINT('Ctrl Pts',(320.,-48.5541339223345,2.83247641817152));
#5412=CARTESIAN_POINT('Ctrl Pts',(320.000000000001,-48.8474491777954,2.78456047669588));
#5413=CARTESIAN_POINT('Ctrl Pts',(319.999999999999,-49.091705960024,2.74339727002937));
#5414=CARTESIAN_POINT('Ctrl Pts',(320.,-49.2870002264575,2.70967828068031));
#5415=CARTESIAN_POINT('Ctrl Pts',(320.,-49.4334136566934,2.68398205532387));
#5416=CARTESIAN_POINT('Ctrl Pts',(320.,-49.5797679545346,2.65786601805894));
#5417=CARTESIAN_POINT('Ctrl Pts',(320.,-49.7260612451577,2.63131703998732));
#5418=CARTESIAN_POINT('Ctrl Pts',(320.,-49.8722914130909,2.60432201590562));
#5419=CARTESIAN_POINT('Ctrl Pts',(320.,-50.0184560994679,2.57686792550655));
#5420=CARTESIAN_POINT('Ctrl Pts',(320.,-50.16455255486,2.54894211067874));
#5421=CARTESIAN_POINT('Ctrl Pts',(320.,-50.3105776939402,2.52053248580263));
#5422=CARTESIAN_POINT('Ctrl Pts',(320.000000000001,-50.4565280716067,2.49162774758486));
#5423=CARTESIAN_POINT('Ctrl Pts',(320.,-50.6023998357028,2.46221763660443));
#5424=CARTESIAN_POINT('Ctrl Pts',(320.,-50.7481886959222,2.43229314941228));
#5425=CARTESIAN_POINT('Ctrl Pts',(320.,-50.8938899209901,2.4018469140314));
#5426=CARTESIAN_POINT('Ctrl Pts',(320.,-51.0394983409585,2.37087327736615));
#5427=CARTESIAN_POINT('Ctrl Pts',(320.,-51.1850084229372,2.33936892233512));
#5428=CARTESIAN_POINT('Ctrl Pts',(320.,-51.330414305287,2.30733240715926));
#5429=CARTESIAN_POINT('Ctrl Pts',(320.,-51.5241418756322,2.2639099144726));
#5430=CARTESIAN_POINT('Ctrl Pts',(320.,-51.7660102755137,2.20831346243925));
#5431=CARTESIAN_POINT('Ctrl Pts',(320.,-52.0557389036664,2.13954759481278));
#5432=CARTESIAN_POINT('Ctrl Pts',(320.,-52.3449125537379,2.06882031535233));
#5433=CARTESIAN_POINT('Ctrl Pts',(320.,-52.6334988371753,1.99622349895258));
#5434=CARTESIAN_POINT('Ctrl Pts',(320.,-52.9214644590409,1.92182042821848));
#5435=CARTESIAN_POINT('Ctrl Pts',(320.,-53.2087990812759,1.8456047004639));
#5436=CARTESIAN_POINT('Ctrl Pts',(320.000000000001,-53.4955061600214,1.76747376758543));
#5437=CARTESIAN_POINT('Ctrl Pts',(319.999999999999,-53.7338808027109,1.70061816633643));
#5438=CARTESIAN_POINT('Ctrl Pts',(320.000000000001,-53.9242208418954,1.64598251186405));
#5439=CARTESIAN_POINT('Ctrl Pts',(320.,-54.0667867945549,1.60440503890561));
#5440=CARTESIAN_POINT('Ctrl Pts',(320.,-54.2091544924729,1.5622029168924));
#5441=CARTESIAN_POINT('Ctrl Pts',(320.,-54.3513148599944,1.51935420042291));
#5442=CARTESIAN_POINT('Ctrl Pts',(320.,-54.4932595365162,1.47583892728476));
#5443=CARTESIAN_POINT('Ctrl Pts',(320.,-54.6349809582693,1.43163924295312));
#5444=CARTESIAN_POINT('Ctrl Pts',(320.,-54.7764725473024,1.38673922973558));
#5445=CARTESIAN_POINT('Ctrl Pts',(319.999999999999,-54.9177287169492,1.34112471830423));
#5446=CARTESIAN_POINT('Ctrl Pts',(320.000000000001,-55.0587448695259,1.29478300750637));
#5447=CARTESIAN_POINT('Ctrl Pts',(320.,-55.1995173242453,1.24770254460221));
#5448=CARTESIAN_POINT('Ctrl Pts',(320.,-55.3400432272399,1.19987263561241));
#5449=CARTESIAN_POINT('Ctrl Pts',(320.,-55.4803205233728,1.15128300916303));
#5450=CARTESIAN_POINT('Ctrl Pts',(320.,-55.620347802244,1.10192355736236));
#5451=CARTESIAN_POINT('Ctrl Pts',(320.,-55.7601241912862,1.05178373987307));
#5452=CARTESIAN_POINT('Ctrl Pts',(320.,-55.8996491159894,1.0008526738683));
#5453=CARTESIAN_POINT('Ctrl Pts',(320.,-56.0853466801719,0.931873094947847));
#5454=CARTESIAN_POINT('Ctrl Pts',(320.,-56.3168383139638,0.843607681101824));
#5455=CARTESIAN_POINT('Ctrl Pts',(320.,-56.593615625007,0.734297253721686));
#5456=CARTESIAN_POINT('Ctrl Pts',(320.000000000001,-56.869364013154,0.621433082372993));
#5457=CARTESIAN_POINT('Ctrl Pts',(319.999999999999,-57.0982660030381,0.524253357949264));
#5458=CARTESIAN_POINT('Ctrl Pts',(320.000000000001,-57.2808220418297,0.444514245134504));
#5459=CARTESIAN_POINT('Ctrl Pts',(320.,-57.4174441856054,0.383677391286545));
#5460=CARTESIAN_POINT('Ctrl Pts',(320.,-57.5537579003928,0.321771572677452));
#5461=CARTESIAN_POINT('Ctrl Pts',(320.,-57.6670812468582,0.269258775916709));
#5462=CARTESIAN_POINT('Ctrl Pts',(320.,-57.7575668854451,0.226671937837381));
#5463=CARTESIAN_POINT('Ctrl Pts',(320.,-57.825341508374,0.194437544207937));
#5464=CARTESIAN_POINT('Ctrl Pts',(320.,-57.8930233761608,0.161902907823788));
#5465=CARTESIAN_POINT('Ctrl Pts',(320.,-57.9606088913819,0.129061655373922));
#5466=CARTESIAN_POINT('Ctrl Pts',(320.,-58.0280942340457,0.0959072542872443));
#5467=CARTESIAN_POINT('Ctrl Pts',(320.,-58.0954751676952,0.0624328412824281));
#5468=CARTESIAN_POINT('Ctrl Pts',(320.,-58.1627471869909,0.028631353594055));
#5469=CARTESIAN_POINT('Ctrl Pts',(320.,-58.2522912978635,-0.0168833216679371));
#5470=CARTESIAN_POINT('Ctrl Pts',(320.,-58.3639235815535,-0.074631909019572));
#5471=CARTESIAN_POINT('Ctrl Pts',(320.,-58.4973579594997,-0.145363601192827));
#5472=CARTESIAN_POINT('Ctrl Pts',(320.,-58.6302122297923,-0.217599199665886));
#5473=CARTESIAN_POINT('Ctrl Pts',(320.,-58.7403871837498,-0.279112374169335));
#5474=CARTESIAN_POINT('Ctrl Pts',(320.,-58.8281678166489,-0.329154608465934));
#5475=CARTESIAN_POINT('Ctrl Pts',(320.000000000001,-58.893813122757,-0.367113354113196));
#5476=CARTESIAN_POINT('Ctrl Pts',(320.,-58.959257372245,-0.405510655409235));
#5477=CARTESIAN_POINT('Ctrl Pts',(320.,-59.0244887032449,-0.444358681487973));
#5478=CARTESIAN_POINT('Ctrl Pts',(320.,-59.0894945664672,-0.483670124686878));
#5479=CARTESIAN_POINT('Ctrl Pts',(320.,-59.1542614938205,-0.523458378211723));
#5480=CARTESIAN_POINT('Ctrl Pts',(320.,-59.2187751305484,-0.563737537303578));
#5481=CARTESIAN_POINT('Ctrl Pts',(320.,-59.2830201265564,-0.604522513927613));
#5482=CARTESIAN_POINT('Ctrl Pts',(320.,-59.3469800794353,-0.645829097985946));
#5483=CARTESIAN_POINT('Ctrl Pts',(320.,-59.4106374656135,-0.687674085639881));
#5484=CARTESIAN_POINT('Ctrl Pts',(320.,-59.4739735163207,-0.730075360141138));
#5485=CARTESIAN_POINT('Ctrl Pts',(320.,-59.5369682015855,-0.773052093819917));
#5486=CARTESIAN_POINT('Ctrl Pts',(320.,-59.5995999633708,-0.816624792100225));
#5487=CARTESIAN_POINT('Ctrl Pts',(320.,-59.6618459044775,-0.860815711613992));
#5488=CARTESIAN_POINT('Ctrl Pts',(320.,-59.72368098729,-0.905648604645878));
#5489=CARTESIAN_POINT('Ctrl Pts',(320.000000000001,-59.7850805246387,-0.951150925045564));
#5490=CARTESIAN_POINT('Ctrl Pts',(319.999999999999,-59.8460228909201,-0.997356567694495));
#5491=CARTESIAN_POINT('Ctrl Pts',(320.000000000001,-59.9064871317169,-1.0443050878426));
#5492=CARTESIAN_POINT('Ctrl Pts',(319.999999999999,-59.9664521101677,-1.09204204192571));
#5493=CARTESIAN_POINT('Ctrl Pts',(320.000000000001,-60.0258956100269,-1.1406195693578));
#5494=CARTESIAN_POINT('Ctrl Pts',(320.,-60.0749775470095,-1.18185109896924));
#5495=CARTESIAN_POINT('Ctrl Pts',(320.,-60.1139577165356,-1.21532094513569));
#5496=CARTESIAN_POINT('Ctrl Pts',(320.,-60.1527429642194,-1.24912708154369));
#5497=CARTESIAN_POINT('Ctrl Pts',(320.,-60.2008502591839,-1.29204027652657));
#5498=CARTESIAN_POINT('Ctrl Pts',(320.,-60.2579482239436,-1.34467668086456));
#5499=CARTESIAN_POINT('Ctrl Pts',(320.,-60.3143770406239,-1.39855878532734));
#5500=CARTESIAN_POINT('Ctrl Pts',(320.,-60.3700878479576,-1.45380510446715));
#5501=CARTESIAN_POINT('Ctrl Pts',(320.,-60.4158612283909,-1.50108954869346));
#5502=CARTESIAN_POINT('Ctrl Pts',(320.,-60.4520442054827,-1.53973465856238));
#5503=CARTESIAN_POINT('Ctrl Pts',(320.000000000001,-60.4879167641605,-1.57894872166951));
#5504=CARTESIAN_POINT('Ctrl Pts',(319.999999999999,-60.5321370536616,-1.62907792854133));
#5505=CARTESIAN_POINT('Ctrl Pts',(320.000000000001,-60.5840451840406,-1.69114871765039));
#5506=CARTESIAN_POINT('Ctrl Pts',(319.999999999999,-60.634577064649,-1.75524814108893));
#5507=CARTESIAN_POINT('Ctrl Pts',(320.000000000001,-60.6834520971189,-1.82144087428893));
#5508=CARTESIAN_POINT('Ctrl Pts',(319.999999999999,-60.7225211422924,-1.87835055453301));
#5509=CARTESIAN_POINT('Ctrl Pts',(320.000000000001,-60.7525859369921,-1.92488079557688));
#5510=CARTESIAN_POINT('Ctrl Pts',(319.999999999999,-60.7817860377266,-1.97204716045889));
#5511=CARTESIAN_POINT('Ctrl Pts',(320.000000000001,-60.8096037585827,-2.02013604190742));
#5512=CARTESIAN_POINT('Ctrl Pts',(319.999999999999,-60.8360273799638,-2.06937404450775));
#5513=CARTESIAN_POINT('Ctrl Pts',(320.000000000001,-60.8519657825158,-2.10070156623263));
#5514=CARTESIAN_POINT('Ctrl Pts',(320.,-60.8620346034709,-2.12134796310813));
#5515=CARTESIAN_POINT('Ctrl Pts',(320.,-60.8660503363257,-2.12973372475661));
#5516=CARTESIAN_POINT('Ctrl Pts',(320.,-60.8670986509849,-2.13193284057443));
#5517=CARTESIAN_POINT('Ctrl Pts',(320.,-60.8674795135002,-2.13273292955528));
#5518=CARTESIAN_POINT('Ctrl Pts',(320.000000000001,-60.8680504162936,-2.13393332125992));
#5519=CARTESIAN_POINT('Ctrl Pts',(319.999999999999,-60.8692853909845,-2.13653601383964));
#5520=CARTESIAN_POINT('Ctrl Pts',(320.000000000001,-60.8707994178525,-2.13974455655109));
#5521=CARTESIAN_POINT('Ctrl Pts',(319.999999999999,-60.8720246801031,-2.14235570209059));
#5522=CARTESIAN_POINT('Ctrl Pts',(320.,-60.8725892429158,-2.14356165079476));
#5523=CARTESIAN_POINT('Ctrl Pts',(320.,-60.8729653566057,-2.14436580916432));
#5524=CARTESIAN_POINT('Ctrl Pts',(320.000000000001,-60.8747501613793,-2.14818723096936));
#5525=CARTESIAN_POINT('Ctrl Pts',(319.999999999999,-60.8779244469012,-2.15504135950513));
#5526=CARTESIAN_POINT('Ctrl Pts',(320.000000000001,-60.8823557454719,-2.16475664530846));
#5527=CARTESIAN_POINT('Ctrl Pts',(319.999999999999,-60.8867346856785,-2.17450657727666));
#5528=CARTESIAN_POINT('Ctrl Pts',(320.000000000001,-60.8925017868718,-2.18755008966944));
#5529=CARTESIAN_POINT('Ctrl Pts',(319.999999999999,-60.8995688644337,-2.20391987070532));
#5530=CARTESIAN_POINT('Ctrl Pts',(320.000000000001,-60.9105520241416,-2.23020292963607));
#5531=CARTESIAN_POINT('Ctrl Pts',(319.999999999999,-60.9190332947301,-2.25154759993509));
#5532=CARTESIAN_POINT('Ctrl Pts',(320.,-60.9252820195488,-2.2678879725064));
#5533=CARTESIAN_POINT('Ctrl Pts',(320.,-60.9277627629688,-2.27443112021473));
#5534=CARTESIAN_POINT('Ctrl Pts',(320.,-60.9302084832986,-2.2809677150732));
#5535=CARTESIAN_POINT('Ctrl Pts',(320.,-60.932625595207,-2.28751366586872));
#5536=CARTESIAN_POINT('Ctrl Pts',(320.,-60.9344233105575,-2.29242603221215));
#5537=CARTESIAN_POINT('Ctrl Pts',(320.,-60.9362075032807,-2.29734534515529));
#5538=CARTESIAN_POINT('Ctrl Pts',(320.,-60.9397491775602,-2.30719964578444));
#5539=CARTESIAN_POINT('Ctrl Pts',(320.,-60.9449674225787,-2.3220558041592));
#5540=CARTESIAN_POINT('Ctrl Pts',(320.,-60.9506310843224,-2.33881069092512));
#5541=CARTESIAN_POINT('Ctrl Pts',(320.,-60.9550977506484,-2.35243910334177));
#5542=CARTESIAN_POINT('Ctrl Pts',(320.,-60.9575880459477,-2.3602039631932));
#5543=CARTESIAN_POINT('Ctrl Pts',(320.,-60.9592397813201,-2.36542837079186));
#5544=CARTESIAN_POINT('Ctrl Pts',(320.,-60.9600639453615,-2.36805059022916));
#5545=CARTESIAN_POINT('Ctrl Pts',(320.,-60.9608864685877,-2.37068308274529));
#5546=CARTESIAN_POINT('Ctrl Pts',(320.,-60.9625283014666,-2.37596993689456));
#5547=CARTESIAN_POINT('Ctrl Pts',(320.,-60.964162150223,-2.38131257013837));
#5548=CARTESIAN_POINT('Ctrl Pts',(320.,-60.9657892025134,-2.38672424846883));
#5549=CARTESIAN_POINT('Ctrl Pts',(320.,-60.9668723157742,-2.39035218392455));
#5550=CARTESIAN_POINT('Ctrl Pts',(320.,-60.967953243561,-2.39401213702026));
#5551=CARTESIAN_POINT('Ctrl Pts',(320.,-60.9690329903575,-2.39771096133079));
#5552=CARTESIAN_POINT('Ctrl Pts',(320.,-60.9698426151157,-2.40050697815168));
#5553=CARTESIAN_POINT('Ctrl Pts',(320.,-60.9706525769572,-2.40332793006885));
#5554=CARTESIAN_POINT('Ctrl Pts',(320.,-60.9714636316429,-2.40617794939327));
#5555=CARTESIAN_POINT('Ctrl Pts',(320.,-60.9722768408683,-2.40906258880293));
#5556=CARTESIAN_POINT('Ctrl Pts',(320.,-60.9730937732611,-2.41198971179135));
#5557=CARTESIAN_POINT('Ctrl Pts',(320.,-60.9737796128534,-2.41447386783839));
#5558=CARTESIAN_POINT('Ctrl Pts',(320.,-60.974333213218,-2.41649698304791));
#5559=CARTESIAN_POINT('Ctrl Pts',(320.,-60.9747516584675,-2.41803576886194));
#5560=CARTESIAN_POINT('Ctrl Pts',(320.,-60.9751741844434,-2.4195998083479));
#5561=CARTESIAN_POINT('Ctrl Pts',(320.,-60.9757449511454,-2.4217275405399));
#5562=CARTESIAN_POINT('Ctrl Pts',(320.,-60.9762202681653,-2.42351926059559));
#5563=CARTESIAN_POINT('Ctrl Pts',(320.,-60.9765989392227,-2.4249613584322));
#5564=CARTESIAN_POINT('Ctrl Pts',(320.,-60.9767519330105,-2.42554542511007));
#5565=CARTESIAN_POINT('Ctrl Pts',(320.,-60.9770237500545,-2.42658681723685));
#5566=CARTESIAN_POINT('Ctrl Pts',(320.,-60.9773458069781,-2.42782995672494));
#5567=CARTESIAN_POINT('Ctrl Pts',(320.,-60.9776457144138,-2.42899810358036));
#5568=CARTESIAN_POINT('Ctrl Pts',(320.,-60.9778250723679,-2.42970026948121));
#5569=CARTESIAN_POINT('Ctrl Pts',(320.,-60.9779646572645,-2.43024864747504));
#5570=CARTESIAN_POINT('Ctrl Pts',(320.,-60.9781107086155,-2.43082460613789));
#5571=CARTESIAN_POINT('Ctrl Pts',(320.,-60.9782662763823,-2.43144059681601));
#5572=CARTESIAN_POINT('Ctrl Pts',(320.,-60.9783926310934,-2.43194318461185));
#5573=CARTESIAN_POINT('Ctrl Pts',(320.,-60.9784851203265,-2.43231225064274));
#5574=CARTESIAN_POINT('Ctrl Pts',(320.,-60.9785319291522,-2.43249937246551));
#5575=CARTESIAN_POINT('Ctrl Pts',(320.,-60.9785762723896,-2.43267666222391));
#5576=CARTESIAN_POINT('Ctrl Pts',(320.,-60.9786068267579,-2.43279936492312));
#5577=CARTESIAN_POINT('Ctrl Pts',(320.,-60.9786324411363,-2.43290152768727));
#5578=CARTESIAN_POINT('Ctrl Pts',(320.,-60.9808367953353,-2.44210080196667));
#5579=CARTESIAN_POINT('Ctrl Pts',(320.000000000001,-60.985236013981,-2.46046065320063));
#5580=CARTESIAN_POINT('Ctrl Pts',(320.,-60.9940353843967,-2.49718403149906));
#5581=CARTESIAN_POINT('Ctrl Pts',(320.,-61.0028345560281,-2.53390662673128));
#5582=CARTESIAN_POINT('Ctrl Pts',(320.,-61.0094340108131,-2.5614488727825));
#5583=CARTESIAN_POINT('Ctrl Pts',(320.,-61.0116338211632,-2.5706295903004));
#5584=CARTESIAN_POINT('Ctrl Pts',(320.,32.31681137739,-0.99639679259576));
#5585=CARTESIAN_POINT('Ctrl Pts',(320.,32.2186647931197,-0.986006443662833));
#5586=CARTESIAN_POINT('Ctrl Pts',(320.,32.0223701618213,-0.965224336372686));
#5587=CARTESIAN_POINT('Ctrl Pts',(320.,31.7279248731845,-0.934047223348088));
#5588=CARTESIAN_POINT('Ctrl Pts',(320.,31.4334776293297,-0.902866208087954));
#5589=CARTESIAN_POINT('Ctrl Pts',(320.,31.1390298163773,-0.871681114232478));
#5590=CARTESIAN_POINT('Ctrl Pts',(320.,30.8445826629837,-0.840491543252178));
#5591=CARTESIAN_POINT('Ctrl Pts',(320.,30.5501371415593,-0.809296891149332));
#5592=CARTESIAN_POINT('Ctrl Pts',(320.,30.2556939480392,-0.778096368864059));
#5593=CARTESIAN_POINT('Ctrl Pts',(320.,29.9612535155367,-0.746889027472504));
#5594=CARTESIAN_POINT('Ctrl Pts',(320.,29.6668160571034,-0.715673784325384));
#5595=CARTESIAN_POINT('Ctrl Pts',(320.,29.3723816179036,-0.684449447997566));
#5596=CARTESIAN_POINT('Ctrl Pts',(320.,29.0779501300691,-0.653214742345335));
#5597=CARTESIAN_POINT('Ctrl Pts',(320.,28.7835214613782,-0.621968329680636));
#5598=CARTESIAN_POINT('Ctrl Pts',(320.,28.4890954544114,-0.590708832456071));
#5599=CARTESIAN_POINT('Ctrl Pts',(320.,28.1946719535817,-0.55943485344845));
#5600=CARTESIAN_POINT('Ctrl Pts',(320.,27.9002508201734,-0.528144994415874));
#5601=CARTESIAN_POINT('Ctrl Pts',(320.,27.6058319365417,-0.496837873735841));
#5602=CARTESIAN_POINT('Ctrl Pts',(320.,27.3114152018798,-0.465512145696444));
#5603=CARTESIAN_POINT('Ctrl Pts',(320.,27.0170005228959,-0.43416652001574));
#5604=CARTESIAN_POINT('Ctrl Pts',(320.,26.7225878034035,-0.402799781250254));
#5605=CARTESIAN_POINT('Ctrl Pts',(320.,26.4281769361708,-0.371410808712088));
#5606=CARTESIAN_POINT('Ctrl Pts',(320.,26.1337678011196,-0.339998597401603));
#5607=CARTESIAN_POINT('Ctrl Pts',(320.,25.83936027129,-0.308562280090479));
#5608=CARTESIAN_POINT('Ctrl Pts',(320.,25.5449542306287,-0.277101151116801));
#5609=CARTESIAN_POINT('Ctrl Pts',(320.,25.2505495997058,-0.245614685480472));
#5610=CARTESIAN_POINT('Ctrl Pts',(320.,24.9561463771062,-0.214102557292337));
#5611=CARTESIAN_POINT('Ctrl Pts',(320.,24.6617446633461,-0.182564657533952));
#5612=CARTESIAN_POINT('Ctrl Pts',(320.,24.3673445580317,-0.151001098271781));
#5613=CARTESIAN_POINT('Ctrl Pts',(320.,24.0729461470669,-0.119412227512164));
#5614=CARTESIAN_POINT('Ctrl Pts',(320.,23.7785494979371,-0.0877986445719448));
#5615=CARTESIAN_POINT('Ctrl Pts',(320.,23.4841546534724,-0.0561612170149621));
#5616=CARTESIAN_POINT('Ctrl Pts',(320.,23.1897616290073,-0.024501079112708));
#5617=CARTESIAN_POINT('Ctrl Pts',(320.,22.8953704109951,0.00718038225625153));
#5618=CARTESIAN_POINT('Ctrl Pts',(320.,22.6009809561206,0.0388815397737327));
#5619=CARTESIAN_POINT('Ctrl Pts',(320.,22.3065931908593,0.0706005390457855));
#5620=CARTESIAN_POINT('Ctrl Pts',(320.,22.0122070114756,0.102335311829423));
#5621=CARTESIAN_POINT('Ctrl Pts',(320.,21.7178222843883,0.134083589716663));
#5622=CARTESIAN_POINT('Ctrl Pts',(320.,21.4234388469234,0.165842918370125));
#5623=CARTESIAN_POINT('Ctrl Pts',(320.,21.1290565080573,0.197610669222684));
#5624=CARTESIAN_POINT('Ctrl Pts',(320.,20.8346750491637,0.229384048960138));
#5625=CARTESIAN_POINT('Ctrl Pts',(320.,20.5402942250485,0.261160109755918));
#5626=CARTESIAN_POINT('Ctrl Pts',(320.,20.2459137651938,0.292935759729363));
#5627=CARTESIAN_POINT('Ctrl Pts',(320.,19.9515333752023,0.324707773855217));
#5628=CARTESIAN_POINT('Ctrl Pts',(320.,19.6571527384191,0.356472805300998));
#5629=CARTESIAN_POINT('Ctrl Pts',(320.,19.3627715176865,0.388227397017967));
#5630=CARTESIAN_POINT('Ctrl Pts',(320.,19.0683893573714,0.419967995080391));
#5631=CARTESIAN_POINT('Ctrl Pts',(320.,18.77400588564,0.451690963716666));
#5632=CARTESIAN_POINT('Ctrl Pts',(320.,18.4796207167938,0.483392600524597));
#5633=CARTESIAN_POINT('Ctrl Pts',(320.,18.185233453673,0.515069152063358));
#5634=CARTESIAN_POINT('Ctrl Pts',(320.,17.8908436900987,0.546716829702587));
#5635=CARTESIAN_POINT('Ctrl Pts',(320.,17.5964510133293,0.578331825640793));
#5636=CARTESIAN_POINT('Ctrl Pts',(320.,17.3020550065331,0.609910329213873));
#5637=CARTESIAN_POINT('Ctrl Pts',(320.,17.0076552511237,0.64144854216198));
#5638=CARTESIAN_POINT('Ctrl Pts',(320.,16.7132513289505,0.672942692843402));
#5639=CARTESIAN_POINT('Ctrl Pts',(320.,16.4188428244617,0.704389050573484));
#5640=CARTESIAN_POINT('Ctrl Pts',(320.,16.1244293268138,0.73578393986661));
#5641=CARTESIAN_POINT('Ctrl Pts',(320.,15.8300104319147,0.767123754549128));
#5642=CARTESIAN_POINT('Ctrl Pts',(320.,15.5355857444076,0.798404971804215));
#5643=CARTESIAN_POINT('Ctrl Pts',(320.,15.2411548795533,0.829624165800261));
#5644=CARTESIAN_POINT('Ctrl Pts',(320.,14.9467174652268,0.860778022943408));
#5645=CARTESIAN_POINT('Ctrl Pts',(320.,14.6522731439952,0.891863358506904));
#5646=CARTESIAN_POINT('Ctrl Pts',(320.,14.3578215750724,0.922877132683796));
#5647=CARTESIAN_POINT('Ctrl Pts',(320.,14.0633624361705,0.953816466251147));
#5648=CARTESIAN_POINT('Ctrl Pts',(320.,13.7688954252515,0.984678655851291));
#5649=CARTESIAN_POINT('Ctrl Pts',(320.,13.4744202621427,1.01546118853207));
#5650=CARTESIAN_POINT('Ctrl Pts',(320.,13.1799366900966,1.04616175627664));
#5651=CARTESIAN_POINT('Ctrl Pts',(320.,12.8854444767131,1.07677826486174));
#5652=CARTESIAN_POINT('Ctrl Pts',(320.,12.5909434143083,1.10730883772869));
#5653=CARTESIAN_POINT('Ctrl Pts',(320.,12.2964333202938,1.13775182022882));
#5654=CARTESIAN_POINT('Ctrl Pts',(320.,12.0019140374375,1.1681057829947));
#5655=CARTESIAN_POINT('Ctrl Pts',(320.,11.7073854341258,1.19836952554105));
#5656=CARTESIAN_POINT('Ctrl Pts',(320.,11.4128474044896,1.22854207873243));
#5657=CARTESIAN_POINT('Ctrl Pts',(320.,11.1182998686369,1.25862270847301));
#5658=CARTESIAN_POINT('Ctrl Pts',(320.,10.8237427714343,1.2886109051969));
#5659=CARTESIAN_POINT('Ctrl Pts',(320.,10.5291760801139,1.31850636162251));
#5660=CARTESIAN_POINT('Ctrl Pts',(320.,10.2345997821124,1.34830895250861));
#5661=CARTESIAN_POINT('Ctrl Pts',(320.,9.94001388289121,1.37801871395902));
#5662=CARTESIAN_POINT('Ctrl Pts',(320.,9.64541840385611,1.40763582343549));
#5663=CARTESIAN_POINT('Ctrl Pts',(320.,9.35081338033225,1.43716058005796));
#5664=CARTESIAN_POINT('Ctrl Pts',(320.,9.056198859586,1.46659338509895));
#5665=CARTESIAN_POINT('Ctrl Pts',(320.,8.76157489916382,1.4959347254067));
#5666=CARTESIAN_POINT('Ctrl Pts',(320.,8.46694156551479,1.52518515948144));
#5667=CARTESIAN_POINT('Ctrl Pts',(320.,8.172298932624,1.554345303497));
#5668=CARTESIAN_POINT('Ctrl Pts',(320.,7.87764708069804,1.5834158176796));
#5669=CARTESIAN_POINT('Ctrl Pts',(320.,7.58298609488778,1.61239739293776));
#5670=CARTESIAN_POINT('Ctrl Pts',(320.,7.28831606403359,1.64129073754393));
#5671=CARTESIAN_POINT('Ctrl Pts',(320.,6.99363707946959,1.67009656436526));
#5672=CARTESIAN_POINT('Ctrl Pts',(320.,6.6989492337056,1.69881557663904));
#5673=CARTESIAN_POINT('Ctrl Pts',(320.,6.40425261902969,1.72744845291031));
#5674=CARTESIAN_POINT('Ctrl Pts',(320.,6.10954732613971,1.75599583208115));
#5675=CARTESIAN_POINT('Ctrl Pts',(320.,5.81483344279562,1.78445829860371));
#5676=CARTESIAN_POINT('Ctrl Pts',(320.,5.52011105248913,1.81283636775466));
#5677=CARTESIAN_POINT('Ctrl Pts',(320.,5.22538023313427,1.84113047104952));
#5678=CARTESIAN_POINT('Ctrl Pts',(320.,4.93064105575213,1.86934094153673));
#5679=CARTESIAN_POINT('Ctrl Pts',(320.,4.63589358328978,1.89746800043574));
#5680=CARTESIAN_POINT('Ctrl Pts',(320.,4.34113786957742,1.9255117452091));
#5681=CARTESIAN_POINT('Ctrl Pts',(320.,4.04637395826977,1.95347213747155));
#5682=CARTESIAN_POINT('Ctrl Pts',(320.,3.75160188178466,1.98134899090027));
#5683=CARTESIAN_POINT('Ctrl Pts',(320.,3.45682166024038,2.0091419591466));
#5684=CARTESIAN_POINT('Ctrl Pts',(320.,3.16203330037024,2.03685052354703));
#5685=CARTESIAN_POINT('Ctrl Pts',(320.,2.86723679446134,2.0644739811272));
#5686=CARTESIAN_POINT('Ctrl Pts',(320.,2.57243211905998,2.09201143015997));
#5687=CARTESIAN_POINT('Ctrl Pts',(320.,2.27761923340946,2.11946175285738));
#5688=CARTESIAN_POINT('Ctrl Pts',(320.,1.98279807791151,2.14682359825227));
#5689=CARTESIAN_POINT('Ctrl Pts',(320.,1.68796857259144,2.17409536505107));
#5690=CARTESIAN_POINT('Ctrl Pts',(320.,1.3931306155565,2.20127518432917));
#5691=CARTESIAN_POINT('Ctrl Pts',(320.,1.09828408150984,2.22836090271999));
#5692=CARTESIAN_POINT('Ctrl Pts',(320.,0.803428820194334,2.25535006471012));
#5693=CARTESIAN_POINT('Ctrl Pts',(320.,0.508564655496775,2.28223990198071));
#5694=CARTESIAN_POINT('Ctrl Pts',(320.,0.213691385363234,2.30902733163607));
#5695=CARTESIAN_POINT('Ctrl Pts',(320.,-0.0811912183691626,2.33570895370192));
#5696=CARTESIAN_POINT('Ctrl Pts',(320.,-0.376083410051173,2.3622810497127));
#5697=CARTESIAN_POINT('Ctrl Pts',(320.,-0.670985470367333,2.38873958085413));
#5698=CARTESIAN_POINT('Ctrl Pts',(320.,-0.965897706320614,2.41508018787126));
#5699=CARTESIAN_POINT('Ctrl Pts',(320.,-1.26082045145065,2.44129818903321));
#5700=CARTESIAN_POINT('Ctrl Pts',(320.,-1.55575406444065,2.46738859567145));
#5701=CARTESIAN_POINT('Ctrl Pts',(320.,-1.8506989261563,2.49334614802066));
#5702=CARTESIAN_POINT('Ctrl Pts',(320.,-2.14565543674915,2.51916534951321));
#5703=CARTESIAN_POINT('Ctrl Pts',(320.,-2.44062401710355,2.54484050285535));
#5704=CARTESIAN_POINT('Ctrl Pts',(320.,-2.73560510579267,2.57036574560214));
#5705=CARTESIAN_POINT('Ctrl Pts',(320.,-3.03059915428468,2.59573508585046));
#5706=CARTESIAN_POINT('Ctrl Pts',(320.,-3.32560662267849,2.62094243847148));
#5707=CARTESIAN_POINT('Ctrl Pts',(320.,-3.62062797555779,2.64598165737359));
#5708=CARTESIAN_POINT('Ctrl Pts',(320.,-3.91566367838116,2.67084656354989));
#5709=CARTESIAN_POINT('Ctrl Pts',(320.,-4.21071419381194,2.69553097351564));
#5710=CARTESIAN_POINT('Ctrl Pts',(320.,-4.50577997818052,2.72002872730865));
#5711=CARTESIAN_POINT('Ctrl Pts',(320.,-4.80086147801627,2.74433371622554));
#5712=CARTESIAN_POINT('Ctrl Pts',(320.,-5.09595912669746,2.76843991019743));
#5713=CARTESIAN_POINT('Ctrl Pts',(320.,-5.39107334124501,2.7923413843786));
#5714=CARTESIAN_POINT('Ctrl Pts',(320.,-5.68620451905524,2.81603234770291));
#5715=CARTESIAN_POINT('Ctrl Pts',(320.,-5.98135303462076,2.83950717296654));
#5716=CARTESIAN_POINT('Ctrl Pts',(320.,-6.27651923648483,2.86276042556848));
#5717=CARTESIAN_POINT('Ctrl Pts',(320.,-6.57170344438772,2.88578689137229));
#5718=CARTESIAN_POINT('Ctrl Pts',(320.,-6.86690594665386,2.90858160321168));
#5719=CARTESIAN_POINT('Ctrl Pts',(320.,-7.16212699777789,2.93113986634026));
#5720=CARTESIAN_POINT('Ctrl Pts',(320.,-7.45736681628754,2.95345728220472));
#5721=CARTESIAN_POINT('Ctrl Pts',(320.,-7.75262558295353,2.97552976869477));
#5722=CARTESIAN_POINT('Ctrl Pts',(320.,-8.04790343963624,2.99735357427809));
#5723=CARTESIAN_POINT('Ctrl Pts',(320.,-8.34320048781424,3.0189252955041));
#5724=CARTESIAN_POINT('Ctrl Pts',(320.,-8.58929740480243,3.03668912004888));
#5725=CARTESIAN_POINT('Ctrl Pts',(320.,-8.78618457342745,3.05077127988306));
#5726=CARTESIAN_POINT('Ctrl Pts',(320.,-8.9338547647472,3.06126816030614));
#5727=CARTESIAN_POINT('Ctrl Pts',(320.,-9.08152976733641,3.07170002000844));
#5728=CARTESIAN_POINT('Ctrl Pts',(320.,-9.27843617532584,3.08552214892653));
#5729=CARTESIAN_POINT('Ctrl Pts',(320.,-9.52458117185514,3.1026360676359));
#5730=CARTESIAN_POINT('Ctrl Pts',(320.,-9.81997423537899,3.12290928572597));
#5731=CARTESIAN_POINT('Ctrl Pts',(320.,-10.1153862098321,3.14291795760481));
#5732=CARTESIAN_POINT('Ctrl Pts',(320.,-10.4108168931462,3.16266145898819));
#5733=CARTESIAN_POINT('Ctrl Pts',(320.,-10.7062660363318,3.18213962795772));
#5734=CARTESIAN_POINT('Ctrl Pts',(320.,-10.9524887926788,3.19815057910319));
#5735=CARTESIAN_POINT('Ctrl Pts',(320.,-11.1494759080281,3.21082722697587));
#5736=CARTESIAN_POINT('Ctrl Pts',(320.,-11.2972206512149,3.22026881361307));
#5737=CARTESIAN_POINT('Ctrl Pts',(320.,-11.4449697515966,3.2296446691407));
#5738=CARTESIAN_POINT('Ctrl Pts',(320.,-11.6419742894823,3.2420584580249));
#5739=CARTESIAN_POINT('Ctrl Pts',(320.,-11.8882405817145,3.25741247699454));
#5740=CARTESIAN_POINT('Ctrl Pts',(320.,-12.1837766414053,3.27557840850098));
#5741=CARTESIAN_POINT('Ctrl Pts',(320.,-12.4300700093372,3.29050320628714));
#5742=CARTESIAN_POINT('Ctrl Pts',(320.,-12.627112409333,3.30231653802537));
#5743=CARTESIAN_POINT('Ctrl Pts',(320.,-12.7748979860577,3.31111372711566));
#5744=CARTESIAN_POINT('Ctrl Pts',(320.,-12.9226872623048,3.31984856101693));
#5745=CARTESIAN_POINT('Ctrl Pts',(320.,-13.0704801573632,3.32852152900847));
#5746=CARTESIAN_POINT('Ctrl Pts',(320.,-13.2182765885724,3.33713313970272));
#5747=CARTESIAN_POINT('Ctrl Pts',(320.,-13.3660764702268,3.34568393067405));
#5748=CARTESIAN_POINT('Ctrl Pts',(320.,-13.5138797146851,3.35417445914382));
#5749=CARTESIAN_POINT('Ctrl Pts',(320.,-13.7109550697375,3.36541559504817));
#5750=CARTESIAN_POINT('Ctrl Pts',(320.,-13.9573072133133,3.37931931466211));
#5751=CARTESIAN_POINT('Ctrl Pts',(320.,-14.2529417362964,3.39577248776971));
#5752=CARTESIAN_POINT('Ctrl Pts',(319.999999999999,-14.4993131289433,3.40929511477601));
#5753=CARTESIAN_POINT('Ctrl Pts',(320.,-14.6964153989492,3.42000292656727));
#5754=CARTESIAN_POINT('Ctrl Pts',(320.,-14.8442445723757,3.42797933510484));
#5755=CARTESIAN_POINT('Ctrl Pts',(320.,-14.9920761058173,3.43590198877668));
#5756=CARTESIAN_POINT('Ctrl Pts',(320.,-15.1891878210132,3.4463947902357));
#5757=CARTESIAN_POINT('Ctrl Pts',(320.,-15.435582798144,3.45937991790264));
#5758=CARTESIAN_POINT('Ctrl Pts',(320.,-15.7312644687429,3.47475830851429));
#5759=CARTESIAN_POINT('Ctrl Pts',(320.,-15.9776718682456,3.48740851617639));
#5760=CARTESIAN_POINT('Ctrl Pts',(320.000000000001,-16.1748012949044,3.49743239128112));
#5761=CARTESIAN_POINT('Ctrl Pts',(319.999999999999,-16.3226501221606,3.50490283648702));
#5762=CARTESIAN_POINT('Ctrl Pts',(320.,-16.4705007153305,3.51232650077771));
#5763=CARTESIAN_POINT('Ctrl Pts',(320.,-16.618353100246,3.51970405351883));
#5764=CARTESIAN_POINT('Ctrl Pts',(320.,-16.7662073103585,3.52703615608886));
#5765=CARTESIAN_POINT('Ctrl Pts',(320.,-16.9140633900311,3.53432345667732));
#5766=CARTESIAN_POINT('Ctrl Pts',(320.,-17.0619213900352,3.54156659450219));
#5767=CARTESIAN_POINT('Ctrl Pts',(320.,-17.2590680284489,3.55116605479067));
#5768=CARTESIAN_POINT('Ctrl Pts',(320.,-17.5055064277104,3.563058060352));
#5769=CARTESIAN_POINT('Ctrl Pts',(320.,-17.8012412098148,3.57716143592692));
#5770=CARTESIAN_POINT('Ctrl Pts',(320.,-18.0476945811891,3.58877870866497));
#5771=CARTESIAN_POINT('Ctrl Pts',(320.,-18.2448621766372,3.5979932184864));
#5772=CARTESIAN_POINT('Ctrl Pts',(320.,-18.3927403819673,3.60486490512333));
#5773=CARTESIAN_POINT('Ctrl Pts',(320.,-18.5406211533205,3.6116978455916));
#5774=CARTESIAN_POINT('Ctrl Pts',(320.,-18.7377989990676,3.62075731135854));
#5775=CARTESIAN_POINT('Ctrl Pts',(320.,-18.9842779495089,3.63198677893436));
#5776=CARTESIAN_POINT('Ctrl Pts',(320.,-19.2800635373737,3.6453130571232));
#5777=CARTESIAN_POINT('Ctrl Pts',(320.,-19.5758599985516,3.65849238680672));
#5778=CARTESIAN_POINT('Ctrl Pts',(320.,-19.8716671306461,3.67152629596794));
#5779=CARTESIAN_POINT('Ctrl Pts',(320.,-20.1674844562216,3.68441563670935));
#5780=CARTESIAN_POINT('Ctrl Pts',(320.,-20.4140067324758,3.69503639752712));
#5781=CARTESIAN_POINT('Ctrl Pts',(320.,-20.6112286814559,3.70346046752211));
#5782=CARTESIAN_POINT('Ctrl Pts',(320.,-20.7591470185493,3.70974207459613));
#5783=CARTESIAN_POINT('Ctrl Pts',(319.999999999999,-20.9070670338482,3.71598704238928));
#5784=CARTESIAN_POINT('Ctrl Pts',(320.,-21.1042956384086,3.72426443626028));
#5785=CARTESIAN_POINT('Ctrl Pts',(320.,-21.3508343695299,3.73451812347256));
#5786=CARTESIAN_POINT('Ctrl Pts',(320.,-21.6466831981926,3.74667037689978));
#5787=CARTESIAN_POINT('Ctrl Pts',(320.,-21.8932234488928,3.75666687396821));
#5788=CARTESIAN_POINT('Ctrl Pts',(320.,-22.0904537010453,3.76458315699519));
#5789=CARTESIAN_POINT('Ctrl Pts',(320.,-22.2383749540611,3.7704791112491));
#5790=CARTESIAN_POINT('Ctrl Pts',(320.,-22.3862943634453,3.77633297490843));
#5791=CARTESIAN_POINT('Ctrl Pts',(320.,-22.534211543471,3.78214381461645));
#5792=CARTESIAN_POINT('Ctrl Pts',(320.,-22.6821261469798,3.78791063686497));
#5793=CARTESIAN_POINT('Ctrl Pts',(320.,-22.8300378592547,3.79363235167411));
#5794=CARTESIAN_POINT('Ctrl Pts',(320.,-22.9779463946282,3.79930780608425));
#5795=CARTESIAN_POINT('Ctrl Pts',(320.,-23.1751532136509,3.80681170307254));
#5796=CARTESIAN_POINT('Ctrl Pts',(320.,-23.4216526122013,3.81606947451545));
#5797=CARTESIAN_POINT('Ctrl Pts',(320.000000000001,-23.7174359062133,3.82697163237153));
#5798=CARTESIAN_POINT('Ctrl Pts',(319.999999999999,-23.9639079124484,3.8358729778938));
#5799=CARTESIAN_POINT('Ctrl Pts',(320.000000000001,-24.1610768450389,3.84287628935094));
#5800=CARTESIAN_POINT('Ctrl Pts',(319.999999999999,-24.3253794593337,3.84864467647988));
#5801=CARTESIAN_POINT('Ctrl Pts',(320.000000000001,-24.5061061350133,3.85490002961302));
#5802=CARTESIAN_POINT('Ctrl Pts',(319.999999999999,-24.7032548541965,3.86160671359084));
#5803=CARTESIAN_POINT('Ctrl Pts',(320.000000000001,-24.9003960574555,3.86819048471256));
#5804=CARTESIAN_POINT('Ctrl Pts',(319.999999999999,-25.0975299453014,3.87464546922497));
#5805=CARTESIAN_POINT('Ctrl Pts',(320.,-25.2946567718414,3.88096551165372));
#5806=CARTESIAN_POINT('Ctrl Pts',(320.,-25.491776840135,3.88714417866242));
#5807=CARTESIAN_POINT('Ctrl Pts',(320.,-25.6888904954083,3.89317477205759));
#5808=CARTESIAN_POINT('Ctrl Pts',(320.,-25.8859981193875,3.89905033821106));
#5809=CARTESIAN_POINT('Ctrl Pts',(320.,-26.0831001238719,3.90476369081484));
#5810=CARTESIAN_POINT('Ctrl Pts',(320.,-26.2801969445839,3.9103074428857));
#5811=CARTESIAN_POINT('Ctrl Pts',(320.,-26.4772890351399,3.91567403913874));
#5812=CARTESIAN_POINT('Ctrl Pts',(320.,-26.6743768613815,3.92085578953342));
#5813=CARTESIAN_POINT('Ctrl Pts',(320.,-26.8714608959984,3.92584490332056));
#5814=CARTESIAN_POINT('Ctrl Pts',(320.,-27.0685416135295,3.93063352364002));
#5815=CARTESIAN_POINT('Ctrl Pts',(320.,-27.2656194857412,3.93521376224745));
#5816=CARTESIAN_POINT('Ctrl Pts',(320.,-27.4626949774165,3.93957773429949));
#5817=CARTESIAN_POINT('Ctrl Pts',(320.,-27.6597685425682,3.94371759268285));
#5818=CARTESIAN_POINT('Ctrl Pts',(320.,-27.8568406210821,3.94762556206108));
#5819=CARTESIAN_POINT('Ctrl Pts',(320.,-28.0539116358217,3.95129396955428));
#5820=CARTESIAN_POINT('Ctrl Pts',(320.,-28.2509819901633,3.95471527222828));
#5821=CARTESIAN_POINT('Ctrl Pts',(320.,-28.448052065922,3.95788208383743));
#5822=CARTESIAN_POINT('Ctrl Pts',(320.,-28.6451222216646,3.96078720014428));
#5823=CARTESIAN_POINT('Ctrl Pts',(320.,-28.8421927913931,3.96342362287779));
#5824=CARTESIAN_POINT('Ctrl Pts',(320.,-29.0392640835831,3.96578458202365));
#5825=CARTESIAN_POINT('Ctrl Pts',(320.,-29.2363363805557,3.96786355639651));
#5826=CARTESIAN_POINT('Ctrl Pts',(320.,-29.4334099381599,3.96965429227504));
#5827=CARTESIAN_POINT('Ctrl Pts',(320.,-29.6304849857382,3.97115082013098));
#5828=CARTESIAN_POINT('Ctrl Pts',(320.,-29.8275617263502,3.9723474691394));
#5829=CARTESIAN_POINT('Ctrl Pts',(320.,-30.0246403372256,3.97323888075611));
#5830=CARTESIAN_POINT('Ctrl Pts',(320.,-30.2217209704342,3.97382002121044));
#5831=CARTESIAN_POINT('Ctrl Pts',(320.,-30.4188037537341,3.97408619146954));
#5832=CARTESIAN_POINT('Ctrl Pts',(320.,-30.6158887915713,3.9740330349219));
#5833=CARTESIAN_POINT('Ctrl Pts',(320.,-30.812976166192,3.973656542697));
#5834=CARTESIAN_POINT('Ctrl Pts',(320.,-31.0100659388436,3.97295305675812));
#5835=CARTESIAN_POINT('Ctrl Pts',(320.,-31.2071581510261,3.97191927079906));
#5836=CARTESIAN_POINT('Ctrl Pts',(320.,-31.4042528257738,3.97055222910941));
#5837=CARTESIAN_POINT('Ctrl Pts',(320.,-31.6013499689327,3.96884932343718));
#5838=CARTESIAN_POINT('Ctrl Pts',(320.,-31.7984495704182,3.96680828816038));
#5839=CARTESIAN_POINT('Ctrl Pts',(320.,-31.9955516054143,3.96442719320135));
#5840=CARTESIAN_POINT('Ctrl Pts',(320.,-32.1926560354792,3.96170443422988));
#5841=CARTESIAN_POINT('Ctrl Pts',(320.,-32.38976280956,3.95863872176256));
#5842=CARTESIAN_POINT('Ctrl Pts',(320.,-32.5868718649043,3.95522906928769));
#5843=CARTESIAN_POINT('Ctrl Pts',(320.,-32.7839831278595,3.95147478059496));
#5844=CARTESIAN_POINT('Ctrl Pts',(319.999999999999,-32.9810965145548,3.94737543643729));
#5845=CARTESIAN_POINT('Ctrl Pts',(320.000000000001,-33.1782119314545,3.9429308806541));
#5846=CARTESIAN_POINT('Ctrl Pts',(319.999999999999,-33.3753292757884,3.93814120590764));
#5847=CARTESIAN_POINT('Ctrl Pts',(320.000000000001,-33.5724484358467,3.93300673909533));
#5848=CARTESIAN_POINT('Ctrl Pts',(320.,-33.7695692911509,3.92752802665551));
#5849=CARTESIAN_POINT('Ctrl Pts',(320.,-33.9666917124899,3.92170581966639));
#5850=CARTESIAN_POINT('Ctrl Pts',(319.999999999999,-34.1638155618805,3.91554106046403));
#5851=CARTESIAN_POINT('Ctrl Pts',(320.000000000001,-34.3609406924477,3.90903487019313));
#5852=CARTESIAN_POINT('Ctrl Pts',(319.999999999999,-34.5580669481812,3.90218853593016));
#5853=CARTESIAN_POINT('Ctrl Pts',(320.000000000001,-34.7551941635848,3.89500349775253));
#5854=CARTESIAN_POINT('Ctrl Pts',(320.,-34.9523221632103,3.88748133569856));
#5855=CARTESIAN_POINT('Ctrl Pts',(320.,-35.1494507610949,3.87962375675465));
#5856=CARTESIAN_POINT('Ctrl Pts',(320.,-35.3465797600838,3.87143258190798));
#5857=CARTESIAN_POINT('Ctrl Pts',(320.,-35.5437089510865,3.86290973331026));
#5858=CARTESIAN_POINT('Ctrl Pts',(320.,-35.7408381121923,3.85405722163749));
#5859=CARTESIAN_POINT('Ctrl Pts',(320.,-35.9379670078039,3.84487713358568));
#5860=CARTESIAN_POINT('Ctrl Pts',(320.,-36.1350953875085,3.83537161972954));
#5861=CARTESIAN_POINT('Ctrl Pts',(320.,-36.332222985127,3.82554288005268));
#5862=CARTESIAN_POINT('Ctrl Pts',(320.,-36.5293495168479,3.81539314688666));
#5863=CARTESIAN_POINT('Ctrl Pts',(320.,-36.7264746807138,3.80492467082177));
#5864=CARTESIAN_POINT('Ctrl Pts',(320.,-36.9455007615477,3.79294137530046));
#5865=CARTESIAN_POINT('Ctrl Pts',(320.,-37.1864265502928,3.7793116613953));
#5866=CARTESIAN_POINT('Ctrl Pts',(320.,-37.4492501888524,3.76388948543975));
#5867=CARTESIAN_POINT('Ctrl Pts',(320.,-37.7120683724448,3.74791905433536));
#5868=CARTESIAN_POINT('Ctrl Pts',(320.,-37.9748800557813,3.73140535229866));
#5869=CARTESIAN_POINT('Ctrl Pts',(320.,-38.2376841008484,3.71435316414764));
#5870=CARTESIAN_POINT('Ctrl Pts',(320.,-38.5004792716224,3.69676704022198));
#5871=CARTESIAN_POINT('Ctrl Pts',(320.,-38.7632642268406,3.6786512518064));
#5872=CARTESIAN_POINT('Ctrl Pts',(320.,-39.0260375134733,3.66000974531171));
#5873=CARTESIAN_POINT('Ctrl Pts',(320.,-39.2887975599596,3.64084610124867));
#5874=CARTESIAN_POINT('Ctrl Pts',(320.,-39.5515426700191,3.62116349735978));
#5875=CARTESIAN_POINT('Ctrl Pts',(320.,-39.8142710166478,3.60096467488549));
#5876=CARTESIAN_POINT('Ctrl Pts',(320.,-40.0769806366228,3.58025190763302));
#5877=CARTESIAN_POINT('Ctrl Pts',(320.,-40.3396694251355,3.55902697196565));
#5878=CARTESIAN_POINT('Ctrl Pts',(320.,-40.6023351312058,3.53729111943983));
#5879=CARTESIAN_POINT('Ctrl Pts',(320.,-40.8649753529362,3.51504504780206));
#5880=CARTESIAN_POINT('Ctrl Pts',(320.,-41.1275875337711,3.49228887491978));
#5881=CARTESIAN_POINT('Ctrl Pts',(320.,-41.3901689587453,3.46902211009274));
#5882=CARTESIAN_POINT('Ctrl Pts',(320.,-41.6527167511853,3.44524362376601));
#5883=CARTESIAN_POINT('Ctrl Pts',(320.,-41.9152278696153,3.4209516142741));
#5884=CARTESIAN_POINT('Ctrl Pts',(319.999999999999,-42.1776991049565,3.39614357160214));
#5885=CARTESIAN_POINT('Ctrl Pts',(320.000000000001,-42.440127077749,3.37081623661767));
#5886=CARTESIAN_POINT('Ctrl Pts',(320.,-42.7025082357223,3.34496555690511));
#5887=CARTESIAN_POINT('Ctrl Pts',(320.,-42.9648388508271,3.31858663500777));
#5888=CARTESIAN_POINT('Ctrl Pts',(320.,-43.1888664095489,3.29559848198117));
#5889=CARTESIAN_POINT('Ctrl Pts',(320.,-43.3746129674237,3.27623586722238));
#5890=CARTESIAN_POINT('Ctrl Pts',(320.,-43.5712600855289,3.25550428437164));
#5891=CARTESIAN_POINT('Ctrl Pts',(320.,-43.817018871103,3.22915505980889));
#5892=CARTESIAN_POINT('Ctrl Pts',(320.,-44.1118428372369,3.19682746029353));
#5893=CARTESIAN_POINT('Ctrl Pts',(320.,-44.3574517387784,3.16928496825944));
#5894=CARTESIAN_POINT('Ctrl Pts',(320.000000000001,-44.5538887010261,3.14688077915579));
#5895=CARTESIAN_POINT('Ctrl Pts',(320.,-44.7011904262687,3.12989015783134));
#5896=CARTESIAN_POINT('Ctrl Pts',(320.,-44.8484652283766,3.11270960496711));
#5897=CARTESIAN_POINT('Ctrl Pts',(320.,-44.9957121510929,3.09533646049759));
#5898=CARTESIAN_POINT('Ctrl Pts',(320.,-45.1429302206648,3.07776793675672));
#5899=CARTESIAN_POINT('Ctrl Pts',(320.,-45.2901184347272,3.06000103785069));
#5900=CARTESIAN_POINT('Ctrl Pts',(320.,-45.4372757727176,3.04203263288348));
#5901=CARTESIAN_POINT('Ctrl Pts',(320.,-45.6334429792931,3.01780155086241));
#5902=CARTESIAN_POINT('Ctrl Pts',(320.,-45.8785694863755,2.9869917336314));
#5903=CARTESIAN_POINT('Ctrl Pts',(320.,-46.1725803235085,2.94915538299899));
#5904=CARTESIAN_POINT('Ctrl Pts',(320.,-46.4174639639894,2.91687552476451));
#5905=CARTESIAN_POINT('Ctrl Pts',(320.,-46.6132905851064,2.8905822454669));
#5906=CARTESIAN_POINT('Ctrl Pts',(320.,-46.7601190601294,2.87062211543411));
#5907=CARTESIAN_POINT('Ctrl Pts',(320.,-46.9069046815707,2.85041623303882));
#5908=CARTESIAN_POINT('Ctrl Pts',(320.,-47.1025597805089,2.82313921649494));
#5909=CARTESIAN_POINT('Ctrl Pts',(320.,-47.3470142467241,2.7883976353992));
#5910=CARTESIAN_POINT('Ctrl Pts',(320.,-47.6401639519302,2.74561973904817));
#5911=CARTESIAN_POINT('Ctrl Pts',(320.,-47.9331042260501,2.70169174601828));
#5912=CARTESIAN_POINT('Ctrl Pts',(320.,-48.2258200442891,2.65654470989728));
#5913=CARTESIAN_POINT('Ctrl Pts',(320.,-48.5182948441969,2.61010257149316));
#5914=CARTESIAN_POINT('Ctrl Pts',(320.000000000001,-48.8105106356055,2.56228231605796));
#5915=CARTESIAN_POINT('Ctrl Pts',(319.999999999999,-49.0537913365434,2.52120935994872));
#5916=CARTESIAN_POINT('Ctrl Pts',(320.,-49.2482667017282,2.4875696363628));
#5917=CARTESIAN_POINT('Ctrl Pts',(320.,-49.39404654284,2.46193658641009));
#5918=CARTESIAN_POINT('Ctrl Pts',(320.,-49.5397475075369,2.43588764082131));
#5919=CARTESIAN_POINT('Ctrl Pts',(320.,-49.6853675691609,2.40940985332386));
#5920=CARTESIAN_POINT('Ctrl Pts',(320.,-49.8309046490423,2.38249028523819));
#5921=CARTESIAN_POINT('Ctrl Pts',(320.,-49.9763566969522,2.35511605730181));
#5922=CARTESIAN_POINT('Ctrl Pts',(320.,-50.1217216206823,2.3272746120945));
#5923=CARTESIAN_POINT('Ctrl Pts',(320.,-50.2669973068842,2.29895392238945));
#5924=CARTESIAN_POINT('Ctrl Pts',(320.000000000001,-50.4121815915718,2.27014269552057));
#5925=CARTESIAN_POINT('Ctrl Pts',(320.,-50.5572722624015,2.24083062224685));
#5926=CARTESIAN_POINT('Ctrl Pts',(320.,-50.7022670516146,2.21100857938169));
#5927=CARTESIAN_POINT('Ctrl Pts',(320.,-50.8471636461948,2.18066899354782));
#5928=CARTESIAN_POINT('Ctrl Pts',(320.,-50.9919596882846,2.14980592455023));
#5929=CARTESIAN_POINT('Ctrl Pts',(320.,-51.1366527947102,2.11841567437556));
#5930=CARTESIAN_POINT('Ctrl Pts',(320.,-51.2812405364591,2.08649634204559));
#5931=CARTESIAN_POINT('Ctrl Pts',(320.,-51.4738804370647,2.04323346943218));
#5932=CARTESIAN_POINT('Ctrl Pts',(320.,-51.7144044290747,1.98784139938682));
#5933=CARTESIAN_POINT('Ctrl Pts',(320.,-52.0025700163828,1.91932363490573));
#5934=CARTESIAN_POINT('Ctrl Pts',(320.,-52.2902438915023,1.84884386301741));
#5935=CARTESIAN_POINT('Ctrl Pts',(320.,-52.5773838652964,1.77649434739361));
#5936=CARTESIAN_POINT('Ctrl Pts',(320.,-52.8639204362381,1.70234413769884));
#5937=CARTESIAN_POINT('Ctrl Pts',(320.,-53.1497844236056,1.62639818767247));
#5938=CARTESIAN_POINT('Ctrl Pts',(320.000000000001,-53.4349080455157,1.54856981427277));
#5939=CARTESIAN_POINT('Ctrl Pts',(319.999999999999,-53.6718335594361,1.48200412233448));
#5940=CARTESIAN_POINT('Ctrl Pts',(320.000000000001,-53.8609338758487,1.42762614078255));
#5941=CARTESIAN_POINT('Ctrl Pts',(320.,-54.0025317125879,1.38625504182092));
#5942=CARTESIAN_POINT('Ctrl Pts',(320.,-54.1438953718468,1.34427251755957));
#5943=CARTESIAN_POINT('Ctrl Pts',(320.,-54.28501906051,1.30165648293069));
#5944=CARTESIAN_POINT('Ctrl Pts',(320.,-54.4258977779196,1.25838675242097));
#5945=CARTESIAN_POINT('Ctrl Pts',(320.,-54.5665273757435,1.21444516436227));
#5946=CARTESIAN_POINT('Ctrl Pts',(320.,-54.7069044327096,1.16981548112855));
#5947=CARTESIAN_POINT('Ctrl Pts',(319.999999999999,-54.8470261912288,1.12448322427691));
#5948=CARTESIAN_POINT('Ctrl Pts',(320.000000000001,-54.9868904434833,1.07843542981606));
#5949=CARTESIAN_POINT('Ctrl Pts',(320.,-55.1264954266312,1.03166035102929));
#5950=CARTESIAN_POINT('Ctrl Pts',(320.,-55.2658397226594,0.984147183057294));
#5951=CARTESIAN_POINT('Ctrl Pts',(320.,-55.4049221244568,0.935885675139485));
#5952=CARTESIAN_POINT('Ctrl Pts',(320.,-55.5437415459471,0.88686586572191));
#5953=CARTESIAN_POINT('Ctrl Pts',(320.,-55.6822968208556,0.837077543045019));
#5954=CARTESIAN_POINT('Ctrl Pts',(320.,-55.8205867054,0.786510263712564));
#5955=CARTESIAN_POINT('Ctrl Pts',(320.,-56.0046170720983,0.718033078238753));
#5956=CARTESIAN_POINT('Ctrl Pts',(320.,-56.2339825475823,0.630430049963949));
#5957=CARTESIAN_POINT('Ctrl Pts',(320.,-56.5081206383093,0.521979005354278));
#5958=CARTESIAN_POINT('Ctrl Pts',(320.000000000001,-56.7811162376257,0.410051508444183));
#5959=CARTESIAN_POINT('Ctrl Pts',(319.999999999999,-57.0076066480192,0.313729444539801));
#5960=CARTESIAN_POINT('Ctrl Pts',(320.000000000001,-57.1881468750997,0.234732323750106));
#5961=CARTESIAN_POINT('Ctrl Pts',(320.,-57.3232093055709,0.174482839409181));
#5962=CARTESIAN_POINT('Ctrl Pts',(320.,-57.4579105679005,0.113198447208981));
#5963=CARTESIAN_POINT('Ctrl Pts',(320.,-57.5698416889947,0.0612349872156969));
#5964=CARTESIAN_POINT('Ctrl Pts',(320.,-57.6591814123166,0.0191086162489002));
#5965=CARTESIAN_POINT('Ctrl Pts',(320.,-57.7260797129585,-0.0127693314785586));
#5966=CARTESIAN_POINT('Ctrl Pts',(320.,-57.7928675527214,-0.0449358235241839));
#5967=CARTESIAN_POINT('Ctrl Pts',(320.,-57.8595404637974,-0.0773965718916582));
#5968=CARTESIAN_POINT('Ctrl Pts',(320.,-57.9260937323464,-0.110157418544742));
#5969=CARTESIAN_POINT('Ctrl Pts',(320.,-57.9925221797876,-0.143224479069811));
#5970=CARTESIAN_POINT('Ctrl Pts',(320.,-58.0588203277364,-0.176604031184879));
#5971=CARTESIAN_POINT('Ctrl Pts',(320.,-58.1470360491322,-0.22153553465459));
#5972=CARTESIAN_POINT('Ctrl Pts',(320.,-58.2569491495755,-0.278514330858251));
#5973=CARTESIAN_POINT('Ctrl Pts',(320.,-58.3882173581983,-0.348248907770861));
#5974=CARTESIAN_POINT('Ctrl Pts',(320.,-58.5187920379324,-0.419404676225853));
#5975=CARTESIAN_POINT('Ctrl Pts',(320.,-58.6269633012095,-0.479940033816244));
#5976=CARTESIAN_POINT('Ctrl Pts',(320.,-58.713072146183,-0.529146861299479));
#5977=CARTESIAN_POINT('Ctrl Pts',(320.000000000001,-58.7774274146364,-0.566450634243693));
#5978=CARTESIAN_POINT('Ctrl Pts',(320.,-58.8415435956378,-0.604162620021507));
#5979=CARTESIAN_POINT('Ctrl Pts',(320.,-58.905406837086,-0.642292841764164));
#5980=CARTESIAN_POINT('Ctrl Pts',(320.,-58.9690024599959,-0.680851659717126));
#5981=CARTESIAN_POINT('Ctrl Pts',(320.,-59.0323146895185,-0.719849888480264));
#5982=CARTESIAN_POINT('Ctrl Pts',(320.,-59.0953266822211,-0.75929878656836));
#5983=CARTESIAN_POINT('Ctrl Pts',(320.,-59.1580203913437,-0.799210126198741));
#5984=CARTESIAN_POINT('Ctrl Pts',(320.,-59.2203764915949,-0.839596219175536));
#5985=CARTESIAN_POINT('Ctrl Pts',(320.,-59.2823742825916,-0.880469994187942));
#5986=CARTESIAN_POINT('Ctrl Pts',(320.,-59.3439915384449,-0.921845023838684));
#5987=CARTESIAN_POINT('Ctrl Pts',(320.,-59.4052044555442,-0.96373565757687));
#5988=CARTESIAN_POINT('Ctrl Pts',(320.,-59.4659873530668,-1.0061569905303));
#5989=CARTESIAN_POINT('Ctrl Pts',(320.,-59.5263128078364,-1.04912518025753));
#5990=CARTESIAN_POINT('Ctrl Pts',(320.,-59.5861508234301,-1.09265709192472));
#5991=CARTESIAN_POINT('Ctrl Pts',(320.000000000001,-59.6454711751365,-1.13677230922891));
#5992=CARTESIAN_POINT('Ctrl Pts',(319.999999999999,-59.7042459260269,-1.18149561459757));
#5993=CARTESIAN_POINT('Ctrl Pts',(320.000000000001,-59.7624469844339,-1.22685600121402));
#5994=CARTESIAN_POINT('Ctrl Pts',(319.999999999999,-59.8200451352258,-1.2728867315876));
#5995=CARTESIAN_POINT('Ctrl Pts',(320.000000000001,-59.8770090145608,-1.31962555249206));
#5996=CARTESIAN_POINT('Ctrl Pts',(320.,-59.9239220875244,-1.35920041786321));
#5997=CARTESIAN_POINT('Ctrl Pts',(320.,-59.9610999243239,-1.39126038514594));
#5998=CARTESIAN_POINT('Ctrl Pts',(320.,-59.9980358802547,-1.42359639723457));
#5999=CARTESIAN_POINT('Ctrl Pts',(320.,-60.0437394837391,-1.46455162819425));
#6000=CARTESIAN_POINT('Ctrl Pts',(320.,-60.0977913745251,-1.51461819810407));
#6001=CARTESIAN_POINT('Ctrl Pts',(320.,-60.1509965921583,-1.56567700058611));
#6002=CARTESIAN_POINT('Ctrl Pts',(320.,-60.203289064533,-1.61780695851769));
#6003=CARTESIAN_POINT('Ctrl Pts',(320.,-60.2460364696515,-1.66221098381609));
#6004=CARTESIAN_POINT('Ctrl Pts',(320.,-60.2796834101924,-1.69835396409852));
#6005=CARTESIAN_POINT('Ctrl Pts',(320.000000000001,-60.3129404898203,-1.73492336868723));
#6006=CARTESIAN_POINT('Ctrl Pts',(319.999999999999,-60.3537379589702,-1.78145965530486));
#6007=CARTESIAN_POINT('Ctrl Pts',(320.000000000001,-60.4012842690009,-1.83868869839807));
#6008=CARTESIAN_POINT('Ctrl Pts',(319.999999999999,-60.4472064914082,-1.8973461310125));
#6009=CARTESIAN_POINT('Ctrl Pts',(320.000000000001,-60.4912516841398,-1.95743525009952));
#6010=CARTESIAN_POINT('Ctrl Pts',(319.999999999999,-60.526151850974,-2.00866379613585));
#6011=CARTESIAN_POINT('Ctrl Pts',(320.000000000001,-60.5528328093554,-2.0502793740647));
#6012=CARTESIAN_POINT('Ctrl Pts',(319.999999999999,-60.5786340171274,-2.09228684745144));
#6013=CARTESIAN_POINT('Ctrl Pts',(320.000000000001,-60.6030550183726,-2.13485333977591));
#6014=CARTESIAN_POINT('Ctrl Pts',(319.999999999999,-60.6261255615533,-2.17819795406587));
#6015=CARTESIAN_POINT('Ctrl Pts',(320.000000000001,-60.6399961488312,-2.20568738946142));
#6016=CARTESIAN_POINT('Ctrl Pts',(320.,-60.6487409133972,-2.223767120729));
#6017=CARTESIAN_POINT('Ctrl Pts',(320.,-60.6522260655677,-2.23110506905248));
#6018=CARTESIAN_POINT('Ctrl Pts',(320.,-60.6531356918517,-2.23302901120259));
#6019=CARTESIAN_POINT('Ctrl Pts',(320.,-60.6534661568203,-2.2337289659564));
#6020=CARTESIAN_POINT('Ctrl Pts',(320.000000000001,-60.6539614912017,-2.23477907005912));
#6021=CARTESIAN_POINT('Ctrl Pts',(319.999999999999,-60.6550329080803,-2.23705572193908));
#6022=CARTESIAN_POINT('Ctrl Pts',(320.000000000001,-60.6563461463375,-2.23986173861049));
#6023=CARTESIAN_POINT('Ctrl Pts',(319.999999999999,-60.6574087089668,-2.24214485506786));
#6024=CARTESIAN_POINT('Ctrl Pts',(320.,-60.6578982648894,-2.24319921709983));
#6025=CARTESIAN_POINT('Ctrl Pts',(320.,-60.6582243989556,-2.24390227224563));
#6026=CARTESIAN_POINT('Ctrl Pts',(320.000000000001,-60.6597719546115,-2.24724307624897));
#6027=CARTESIAN_POINT('Ctrl Pts',(319.999999999999,-60.6625235180923,-2.25323346853272));
#6028=CARTESIAN_POINT('Ctrl Pts',(320.000000000001,-60.6663629559332,-2.26172052692915));
#6029=CARTESIAN_POINT('Ctrl Pts',(319.999999999999,-60.6701555225838,-2.27023435986865));
#6030=CARTESIAN_POINT('Ctrl Pts',(320.000000000001,-60.6751486074963,-2.28162002470928));
#6031=CARTESIAN_POINT('Ctrl Pts',(319.999999999999,-60.681264486442,-2.29590250914076));
#6032=CARTESIAN_POINT('Ctrl Pts',(320.000000000001,-60.6907653537525,-2.31882349511801));
#6033=CARTESIAN_POINT('Ctrl Pts',(319.999999999999,-60.698098937542,-2.33742875338321));
#6034=CARTESIAN_POINT('Ctrl Pts',(320.,-60.7035003363066,-2.35166648971047));
#6035=CARTESIAN_POINT('Ctrl Pts',(320.,-60.705644340239,-2.35736671465411));
#6036=CARTESIAN_POINT('Ctrl Pts',(320.,-60.7077577226401,-2.36306020411716));
#6037=CARTESIAN_POINT('Ctrl Pts',(320.,-60.7098457377288,-2.36876004175198));
#6038=CARTESIAN_POINT('Ctrl Pts',(320.,-60.7113983461377,-2.37303649077336));
#6039=CARTESIAN_POINT('Ctrl Pts',(320.,-60.7129388371905,-2.37731776619518));
#6040=CARTESIAN_POINT('Ctrl Pts',(320.,-60.7159957419548,-2.3858911523849));
#6041=CARTESIAN_POINT('Ctrl Pts',(320.,-60.720495282641,-2.39880383843391));
#6042=CARTESIAN_POINT('Ctrl Pts',(320.,-60.7253638147721,-2.41332381401887));
#6043=CARTESIAN_POINT('Ctrl Pts',(320.,-60.7291853692848,-2.42508099800406));
#6044=CARTESIAN_POINT('Ctrl Pts',(320.,-60.7313060628703,-2.43174988643002));
#6045=CARTESIAN_POINT('Ctrl Pts',(320.,-60.7327068642386,-2.43621919812218));
#6046=CARTESIAN_POINT('Ctrl Pts',(320.,-60.7334044584622,-2.43845822898482));
#6047=CARTESIAN_POINT('Ctrl Pts',(320.,-60.7340992774684,-2.44070179252517));
#6048=CARTESIAN_POINT('Ctrl Pts',(320.,-60.7354829116042,-2.44519730363592));
#6049=CARTESIAN_POINT('Ctrl Pts',(320.,-60.7368512553647,-2.4497136953913));
#6050=CARTESIAN_POINT('Ctrl Pts',(320.,-60.7382006956214,-2.45424585779903));
#6051=CARTESIAN_POINT('Ctrl Pts',(320.,-60.7390949066556,-2.45727092376026));
#6052=CARTESIAN_POINT('Ctrl Pts',(320.,-60.7399805608299,-2.46030079225264));
#6053=CARTESIAN_POINT('Ctrl Pts',(320.,-60.7408564222863,-2.46333360623628));
#6054=CARTESIAN_POINT('Ctrl Pts',(320.,-60.7415080657776,-2.4656091778723));
#6055=CARTESIAN_POINT('Ctrl Pts',(320.,-60.7421540604512,-2.46788515025133));
#6056=CARTESIAN_POINT('Ctrl Pts',(320.,-60.7427939585728,-2.47016092737822));
#6057=CARTESIAN_POINT('Ctrl Pts',(320.,-60.7434272504307,-2.47243587021894));
#6058=CARTESIAN_POINT('Ctrl Pts',(320.,-60.7440533450027,-2.47470930564585));
#6059=CARTESIAN_POINT('Ctrl Pts',(320.,-60.7445685127666,-2.47660199227536));
#6060=CARTESIAN_POINT('Ctrl Pts',(320.,-60.7449762736606,-2.47811467458427));
#6061=CARTESIAN_POINT('Ctrl Pts',(320.,-60.7452797749391,-2.47924836241181));
#6062=CARTESIAN_POINT('Ctrl Pts',(320.,-60.7455808166681,-2.4803811363778));
#6063=CARTESIAN_POINT('Ctrl Pts',(320.,-60.7459786888446,-2.48189016886684));
#6064=CARTESIAN_POINT('Ctrl Pts',(320.,-60.7462973614844,-2.48311449632805));
#6065=CARTESIAN_POINT('Ctrl Pts',(320.,-60.7465393208918,-2.48405514139588));
#6066=CARTESIAN_POINT('Ctrl Pts',(320.,-60.746635803769,-2.48443129880061));
#6067=CARTESIAN_POINT('Ctrl Pts',(320.,-60.7468038558417,-2.4850893042048));
#6068=CARTESIAN_POINT('Ctrl Pts',(320.,-60.746993974688,-2.48584068786492));
#6069=CARTESIAN_POINT('Ctrl Pts',(320.,-60.7471583202667,-2.48649761577199));
#6070=CARTESIAN_POINT('Ctrl Pts',(320.,-60.7472515792599,-2.48687286064942));
#6071=CARTESIAN_POINT('Ctrl Pts',(320.,-60.7473211759616,-2.48715422590039));
#6072=CARTESIAN_POINT('Ctrl Pts',(320.,-60.7473903921109,-2.48743552831111));
#6073=CARTESIAN_POINT('Ctrl Pts',(320.,-60.7474591888277,-2.48771677492847));
#6074=CARTESIAN_POINT('Ctrl Pts',(320.,-60.7475104279777,-2.48792767679909));
#6075=CARTESIAN_POINT('Ctrl Pts',(320.,-60.7475444097284,-2.48806827033189));
#6076=CARTESIAN_POINT('Ctrl Pts',(320.,-60.7475613620145,-2.48813856624879));
#6077=CARTESIAN_POINT('Ctrl Pts',(320.,-60.7475754553503,-2.48819714578295));
#6078=CARTESIAN_POINT('Ctrl Pts',(320.,-60.7475867078752,-2.48824400963088));
#6079=CARTESIAN_POINT('Ctrl Pts',(320.,-60.7475923265439,-2.48826744167729));
#6080=CARTESIAN_POINT('Ctrl Pts',(320.,-60.7497949442036,-2.49745987527833));
#6081=CARTESIAN_POINT('Ctrl Pts',(320.000000000001,-60.7541945649049,-2.51582131031387));
#6082=CARTESIAN_POINT('Ctrl Pts',(320.,-60.7629938063049,-2.55254418038554));
#6083=CARTESIAN_POINT('Ctrl Pts',(320.,-60.7717930477056,-2.58926705045707));
#6084=CARTESIAN_POINT('Ctrl Pts',(320.,-60.7783924787558,-2.61680920301077));
#6085=CARTESIAN_POINT('Ctrl Pts',(320.,-60.7805922891059,-2.62598992052867));
#6086=CARTESIAN_POINT('',(319.040037896382,31.6223777832526,0.081915244175333));
#6087=CARTESIAN_POINT('Ctrl Pts',(320.,32.31681137739,-0.99639679259576));
#6088=CARTESIAN_POINT('Ctrl Pts',(320.,32.2693430981331,-0.945999622733874));
#6089=CARTESIAN_POINT('Ctrl Pts',(319.99684069008,32.2232189326675,-0.895927694291608));
#6090=CARTESIAN_POINT('Ctrl Pts',(319.990705756873,32.1787211499597,-0.846514354326623));
#6091=CARTESIAN_POINT('Ctrl Pts',(319.984570823667,32.134223367252,-0.797101014361638));
#6092=CARTESIAN_POINT('Ctrl Pts',(319.975459832779,32.0913520954198,-0.7483450555653));
#6093=CARTESIAN_POINT('Ctrl Pts',(319.963499076159,32.0503898876857,-0.700577093133278));
#6094=CARTESIAN_POINT('Ctrl Pts',(319.95175451322,32.0101680821479,-0.653672548623694));
#6095=CARTESIAN_POINT('Ctrl Pts',(319.937261760171,31.9717870661575,-0.607719522485794));
#6096=CARTESIAN_POINT('Ctrl Pts',(319.920092298256,31.9355128307901,-0.563045286347604));
#6097=CARTESIAN_POINT('Ctrl Pts',(319.905974446582,31.9056857880388,-0.526311214969488));
#6098=CARTESIAN_POINT('Ctrl Pts',(319.890045869667,31.8772831848332,-0.490441731449614));
#6099=CARTESIAN_POINT('Ctrl Pts',(319.872324648479,31.85045128342,-0.455633961065693));
#6100=CARTESIAN_POINT('Ctrl Pts',(319.857657111846,31.8282430003266,-0.426824194414024));
#6101=CARTESIAN_POINT('Ctrl Pts',(319.84183748973,31.8072258643633,-0.398891747014104));
#6102=CARTESIAN_POINT('Ctrl Pts',(319.824898828265,31.7874478389752,-0.371925435418103));
#6103=CARTESIAN_POINT('Ctrl Pts',(319.814437942733,31.7752334346633,-0.355271728783012));
#6104=CARTESIAN_POINT('Ctrl Pts',(319.803550014944,31.7634916172018,-0.338986577483251));
#6105=CARTESIAN_POINT('Ctrl Pts',(319.792240611909,31.7522335691624,-0.323091979484593));
#6106=CARTESIAN_POINT('Ctrl Pts',(319.766246713531,31.7263577067699,-0.28655932043392));
#6107=CARTESIAN_POINT('Ctrl Pts',(319.738028850881,31.7030377674236,-0.25208732729605));
#6108=CARTESIAN_POINT('Ctrl Pts',(319.707813156658,31.6824258981169,-0.219788477600364));
#6109=CARTESIAN_POINT('Ctrl Pts',(319.690222671458,31.6704264127069,-0.200985254568376));
#6110=CARTESIAN_POINT('Ctrl Pts',(319.671954315818,31.6593446630719,-0.182919193264854));
#6111=CARTESIAN_POINT('Ctrl Pts',(319.653047566917,31.6492100086535,-0.165618706919241));
#6112=CARTESIAN_POINT('Ctrl Pts',(319.625763597902,31.6345848820076,-0.140652704785256));
#6113=CARTESIAN_POINT('Ctrl Pts',(319.596748459987,31.6217105208198,-0.116911819014063));
#6114=CARTESIAN_POINT('Ctrl Pts',(319.56602307619,31.610892750884,-0.0946676743883067));
#6115=CARTESIAN_POINT('Ctrl Pts',(319.53680882046,31.6006070177776,-0.0735175356665798));
#6116=CARTESIAN_POINT('Ctrl Pts',(319.5060481246,31.5921805604572,-0.0537204992019952));
#6117=CARTESIAN_POINT('Ctrl Pts',(319.47378102379,31.5858719110599,-0.0355511305984973));
#6118=CARTESIAN_POINT('Ctrl Pts',(319.457077541036,31.5826061569712,-0.026145521557447));
#6119=CARTESIAN_POINT('Ctrl Pts',(319.439970772094,31.5799078493645,-0.0171767753109025));
#6120=CARTESIAN_POINT('Ctrl Pts',(319.422469172491,31.5778123504932,-0.0086877149075537));
#6121=CARTESIAN_POINT('Ctrl Pts',(319.38303575349,31.5730909143454,0.0104392611062505));
#6122=CARTESIAN_POINT('Ctrl Pts',(319.342399645849,31.5715382895411,0.0267443675920439));
#6123=CARTESIAN_POINT('Ctrl Pts',(319.300784880683,31.5731987861763,0.040047094219435));
#6124=CARTESIAN_POINT('Ctrl Pts',(319.279416849947,31.5740514052646,0.0468776763534359));
#6125=CARTESIAN_POINT('Ctrl Pts',(319.25779060669,31.5757510936312,0.0529158881990854));
#6126=CARTESIAN_POINT('Ctrl Pts',(319.235935985405,31.5783032842097,0.0581319364625719));
#6127=CARTESIAN_POINT('Ctrl Pts',(319.195892813511,31.582979540307,0.0676890509278319));
#6128=CARTESIAN_POINT('Ctrl Pts',(319.155854021247,31.5904254129061,0.0743035111755387));
#6129=CARTESIAN_POINT('Ctrl Pts',(319.116055033483,31.6003548512001,0.0780910795807388));
#6130=CARTESIAN_POINT('Ctrl Pts',(319.090602016491,31.6067051172701,0.0805133784479423));
#6131=CARTESIAN_POINT('Ctrl Pts',(319.065245919778,31.6140711595916,0.0817791792902546));
#6132=CARTESIAN_POINT('Ctrl Pts',(319.040037896396,31.6223777832121,0.0819152440645126));
#6133=CARTESIAN_POINT('Ctrl Pts',(319.040037896396,31.6223777832121,0.081915244064511));
#6134=CARTESIAN_POINT('Ctrl Pts',(319.040038288447,31.5944877666613,0.0848687746215992));
#6135=CARTESIAN_POINT('Ctrl Pts',(319.040040100753,31.468453019746,0.0982159911826148));
#6136=CARTESIAN_POINT('Ctrl Pts',(319.040043681716,31.2442739612704,0.121958746887155));
#6137=CARTESIAN_POINT('Ctrl Pts',(319.040049307978,30.9498430447056,0.153146371224399));
#6138=CARTESIAN_POINT('Ctrl Pts',(319.040056021339,30.6554163881185,0.18433875412278));
#6139=CARTESIAN_POINT('Ctrl Pts',(319.040063959076,30.3609951666402,0.215536628151102));
#6140=CARTESIAN_POINT('Ctrl Pts',(319.040073232576,30.0665802163793,0.246740894785056));
#6141=CARTESIAN_POINT('Ctrl Pts',(319.040083930058,29.7721720847524,0.277952597351182));
#6142=CARTESIAN_POINT('Ctrl Pts',(319.040096119114,29.4777710898381,0.309172895209332));
#6143=CARTESIAN_POINT('Ctrl Pts',(319.040109847136,29.1833773758381,0.340403039612054));
#6144=CARTESIAN_POINT('Ctrl Pts',(319.040125142086,28.8889909634852,0.371644350317601));
#6145=CARTESIAN_POINT('Ctrl Pts',(319.040142013074,28.5946117903374,0.402898193766141));
#6146=CARTESIAN_POINT('Ctrl Pts',(319.040160450666,28.3002397381469,0.434165962857126));
#6147=CARTESIAN_POINT('Ctrl Pts',(319.040180427646,28.0058746496705,0.465449058086838));
#6148=CARTESIAN_POINT('Ctrl Pts',(319.040201897586,27.7115163276956,0.496748870535976));
#6149=CARTESIAN_POINT('Ctrl Pts',(319.04022479265,27.4171645231118,0.528066763509972));
#6150=CARTESIAN_POINT('Ctrl Pts',(319.040249024096,27.1228189263994,0.559404052944603));
#6151=CARTESIAN_POINT('Ctrl Pts',(319.04027448222,26.8284791563114,0.5907619881316));
#6152=CARTESIAN_POINT('Ctrl Pts',(319.040301036235,26.5341447505166,0.622141731975521));
#6153=CARTESIAN_POINT('Ctrl Pts',(319.040328534448,26.2398151636139,0.653544340116531));
#6154=CARTESIAN_POINT('Ctrl Pts',(319.040356803329,25.9454897692382,0.684970739344079));
#6155=CARTESIAN_POINT('Ctrl Pts',(319.04038565014,25.651167885519,0.716421702924009));
#6156=CARTESIAN_POINT('Ctrl Pts',(319.040414869603,25.3568488216578,0.747897829045383));
#6157=CARTESIAN_POINT('Ctrl Pts',(319.040444242748,25.062531915063,0.779399522906109));
#6158=CARTESIAN_POINT('Ctrl Pts',(319.040473537143,24.7682165554111,0.81092697896041));
#6159=CARTESIAN_POINT('Ctrl Pts',(319.04050250598,24.473902078189,0.842480177156395));
#6160=CARTESIAN_POINT('Ctrl Pts',(319.040530888705,24.179587753308,0.874058867926711));
#6161=CARTESIAN_POINT('Ctrl Pts',(319.04055840893,23.8852727728438,0.905662557727448));
#6162=CARTESIAN_POINT('Ctrl Pts',(319.040584780511,23.5909562639776,0.93729048980174));
#6163=CARTESIAN_POINT('Ctrl Pts',(319.040609732718,23.2966373685801,0.968941635810405));
#6164=CARTESIAN_POINT('Ctrl Pts',(319.040633009775,23.0023152407423,1.00061471000962));
#6165=CARTESIAN_POINT('Ctrl Pts',(319.040654371422,22.7079890480781,1.03230818109996));
#6166=CARTESIAN_POINT('Ctrl Pts',(319.040673592917,22.4136579716705,1.06402028548273));
#6167=CARTESIAN_POINT('Ctrl Pts',(319.040690465322,22.1193212074216,1.09574904026191));
#6168=CARTESIAN_POINT('Ctrl Pts',(319.040704795912,21.8249779681589,1.1274922566549));
#6169=CARTESIAN_POINT('Ctrl Pts',(319.040716407839,21.530627483728,1.15924755424429));
#6170=CARTESIAN_POINT('Ctrl Pts',(319.040725135978,21.2362689882093,1.19101237424118));
#6171=CARTESIAN_POINT('Ctrl Pts',(319.040730827057,20.9419017213471,1.22278398882666));
#6172=CARTESIAN_POINT('Ctrl Pts',(319.040733340004,20.6475249310476,1.25455951115286));
#6173=CARTESIAN_POINT('Ctrl Pts',(319.040732546259,20.3531378759367,1.28633590558861));
#6174=CARTESIAN_POINT('Ctrl Pts',(319.040728330114,20.0587398282942,1.31810999839872));
#6175=CARTESIAN_POINT('Ctrl Pts',(319.040720588957,19.7643300768323,1.34987848889624));
#6176=CARTESIAN_POINT('Ctrl Pts',(319.040709233788,19.4699079305748,1.38163796073781));
#6177=CARTESIAN_POINT('Ctrl Pts',(319.040694191596,19.1754727293872,1.41338489421029));
#6178=CARTESIAN_POINT('Ctrl Pts',(319.040675405741,18.8810238480826,1.44511568102044));
#6179=CARTESIAN_POINT('Ctrl Pts',(319.040652836079,18.586560699729,1.47682663938198));
#6180=CARTESIAN_POINT('Ctrl Pts',(319.040626459097,18.2920827391316,1.50851402947753));
#6181=CARTESIAN_POINT('Ctrl Pts',(319.040596267963,17.9975894659863,1.54017406923299));
#6182=CARTESIAN_POINT('Ctrl Pts',(319.040562272565,17.7030804281655,1.57180295025938));
#6183=CARTESIAN_POINT('Ctrl Pts',(319.040524499281,17.4085552239884,1.60339685421999));
#6184=CARTESIAN_POINT('Ctrl Pts',(319.040482989121,17.1140134987889,1.63495196882858));
#6185=CARTESIAN_POINT('Ctrl Pts',(319.040437797427,16.819454946659,1.66646450216793));
#6186=CARTESIAN_POINT('Ctrl Pts',(319.040388993729,16.5248793126668,1.69793069708405));
#6187=CARTESIAN_POINT('Ctrl Pts',(319.04033666144,16.2302863945498,1.72934684554898));
#6188=CARTESIAN_POINT('Ctrl Pts',(319.040280897614,15.9356760444781,1.7607093028876));
#6189=CARTESIAN_POINT('Ctrl Pts',(319.040221812491,15.6410481700603,1.79201450202724));
#6190=CARTESIAN_POINT('Ctrl Pts',(319.04015952945,15.3464027366462,1.82325896717282));
#6191=CARTESIAN_POINT('Ctrl Pts',(319.040094187269,15.0517397779201,1.85443932815743));
#6192=CARTESIAN_POINT('Ctrl Pts',(319.040025939786,14.7570593974701,1.88555233725654));
#6193=CARTESIAN_POINT('Ctrl Pts',(319.039954955235,14.4623617691062,1.91659488556276));
#6194=CARTESIAN_POINT('Ctrl Pts',(319.039881415713,14.1676471374876,1.94756401892818));
#6195=CARTESIAN_POINT('Ctrl Pts',(319.039805516397,13.8729158177489,1.97845695363124));
#6196=CARTESIAN_POINT('Ctrl Pts',(319.03972746517,13.5781681964067,2.00927109113778));
#6197=CARTESIAN_POINT('Ctrl Pts',(319.039647480921,13.2834047274578,2.04000403340372));
#6198=CARTESIAN_POINT('Ctrl Pts',(319.039565785712,12.9886259056929,2.07065359503755));
#6199=CARTESIAN_POINT('Ctrl Pts',(319.039482604068,12.6938322646749,2.10121780752608));
#6200=CARTESIAN_POINT('Ctrl Pts',(319.039398162537,12.3990243757271,2.13169492371423));
#6201=CARTESIAN_POINT('Ctrl Pts',(319.03931268951,12.1042028476583,2.16208342130403));
#6202=CARTESIAN_POINT('Ctrl Pts',(319.039226414528,11.8093683246649,2.19238200678471));
#6203=CARTESIAN_POINT('Ctrl Pts',(319.039139568794,11.5145214883966,2.22258961772952));
#6204=CARTESIAN_POINT('Ctrl Pts',(319.039052382072,11.2196630470084,2.25270542780148));
#6205=CARTESIAN_POINT('Ctrl Pts',(319.038965063743,10.9247936646455,2.28272884405061));
#6206=CARTESIAN_POINT('Ctrl Pts',(319.038877802406,10.6299139569435,2.31265948478477));
#6207=CARTESIAN_POINT('Ctrl Pts',(319.038790766491,10.3350244904555,2.3424971590298));
#6208=CARTESIAN_POINT('Ctrl Pts',(319.038704104674,10.0401257813872,2.37224184560705));
#6209=CARTESIAN_POINT('Ctrl Pts',(319.038617946455,9.74521829501777,2.40189367285506));
#6210=CARTESIAN_POINT('Ctrl Pts',(319.038532402511,9.45030244437933,2.43145289872746));
#6211=CARTESIAN_POINT('Ctrl Pts',(319.038447565674,9.15537859129388,2.46091989082986));
#6212=CARTESIAN_POINT('Ctrl Pts',(319.038363514934,8.86044705909874,2.49029510814528));
#6213=CARTESIAN_POINT('Ctrl Pts',(319.038280316006,8.56550813293339,2.5195790868378));
#6214=CARTESIAN_POINT('Ctrl Pts',(319.038198021601,8.27056205905718,2.54877242611094));
#6215=CARTESIAN_POINT('Ctrl Pts',(319.038116671783,7.97560904441943,2.57787577440461));
#6216=CARTESIAN_POINT('Ctrl Pts',(319.038036294231,7.68064925603965,2.60688981587141));
#6217=CARTESIAN_POINT('Ctrl Pts',(319.03795690456,7.38568282057862,2.63581525688876));
#6218=CARTESIAN_POINT('Ctrl Pts',(319.037878506407,7.09070982311647,2.66465281321739));
#6219=CARTESIAN_POINT('Ctrl Pts',(319.037801089784,6.79573029922109,2.69340319641096));
#6220=CARTESIAN_POINT('Ctrl Pts',(319.037724631193,6.50074423356543,2.72206709866817));
#6221=CARTESIAN_POINT('Ctrl Pts',(319.037649093884,6.20575155914354,2.75064517773784));
#6222=CARTESIAN_POINT('Ctrl Pts',(319.037574428047,5.91075215621832,2.77913804200177));
#6223=CARTESIAN_POINT('Ctrl Pts',(319.037500570993,5.61574585135108,2.80754623563383));
#6224=CARTESIAN_POINT('Ctrl Pts',(319.037427447289,5.32073241617257,2.83587022393101));
#6225=CARTESIAN_POINT('Ctrl Pts',(319.037354969006,5.02571156667623,2.86411037846817));
#6226=CARTESIAN_POINT('Ctrl Pts',(319.037283037733,4.73068296946325,2.89226696288316));
#6227=CARTESIAN_POINT('Ctrl Pts',(319.037211544874,4.43564624156718,2.92034012079705));
#6228=CARTESIAN_POINT('Ctrl Pts',(319.03714037162,4.1406009490321,2.94832986369876));
#6229=CARTESIAN_POINT('Ctrl Pts',(319.037069389019,3.84554660582806,2.97623605879322));
#6230=CARTESIAN_POINT('Ctrl Pts',(319.036998457977,3.55048267254487,3.00405841687116));
#6231=CARTESIAN_POINT('Ctrl Pts',(319.036927429302,3.2554085552134,3.03179647995774));
#6232=CARTESIAN_POINT('Ctrl Pts',(319.036856143584,2.96032360350911,3.0594496093179));
#6233=CARTESIAN_POINT('Ctrl Pts',(319.036784427674,2.66522709530019,3.08701697238477));
#6234=CARTESIAN_POINT('Ctrl Pts',(319.036712094202,2.37011823276314,3.11449752557516));
#6235=CARTESIAN_POINT('Ctrl Pts',(319.036638941814,2.07499614137619,3.14188999699168));
#6236=CARTESIAN_POINT('Ctrl Pts',(319.036564755196,1.77985986810236,3.16919286917005));
#6237=CARTESIAN_POINT('Ctrl Pts',(319.036489305243,1.48470838006837,3.19640436160378));
#6238=CARTESIAN_POINT('Ctrl Pts',(319.036412349164,1.18954056316624,3.22352241376556));
#6239=CARTESIAN_POINT('Ctrl Pts',(319.036333631014,0.894355222177521,3.25054466705213));
#6240=CARTESIAN_POINT('Ctrl Pts',(319.036252892211,0.599151121917456,3.27746844972625));
#6241=CARTESIAN_POINT('Ctrl Pts',(319.036169873425,0.303926994842459,3.30429077425503));
#6242=CARTESIAN_POINT('Ctrl Pts',(319.036084314311,0.00868153995763541,
3.33100833477049));
#6243=CARTESIAN_POINT('Ctrl Pts',(319.035995953974,-0.28658657526183,3.35761750531803));
#6244=CARTESIAN_POINT('Ctrl Pts',(319.035904531231,-0.581878713807938,3.38411433772511));
#6245=CARTESIAN_POINT('Ctrl Pts',(319.035809784871,-0.877196267902238,3.41049456123188));
#6246=CARTESIAN_POINT('Ctrl Pts',(319.035711455171,-1.1725406528809,3.436753579651));
#6247=CARTESIAN_POINT('Ctrl Pts',(319.035609308283,-1.46791320564333,3.46288647701926));
#6248=CARTESIAN_POINT('Ctrl Pts',(319.035503139995,-1.76331516559656,3.48888805196461));
#6249=CARTESIAN_POINT('Ctrl Pts',(319.03539277495,-2.05874767431829,3.51475285236925));
#6250=CARTESIAN_POINT('Ctrl Pts',(319.035278067251,-2.35421177380445,3.54047521128865));
#6251=CARTESIAN_POINT('Ctrl Pts',(319.035158900268,-2.64970840359776,3.56604928272978));
#6252=CARTESIAN_POINT('Ctrl Pts',(319.035035186851,-2.94523839439881,3.59146907741226));
#6253=CARTESIAN_POINT('Ctrl Pts',(319.034906868725,-3.24080246568319,3.61672849944219));
#6254=CARTESIAN_POINT('Ctrl Pts',(319.034773911122,-3.53640124340264,3.64182138089875));
#6255=CARTESIAN_POINT('Ctrl Pts',(319.034636302057,-3.832035258935,3.66674151037493));
#6256=CARTESIAN_POINT('Ctrl Pts',(319.034494052267,-4.12770494525677,3.69148266168648));
#6257=CARTESIAN_POINT('Ctrl Pts',(319.03434719479,-4.42341063470958,3.71603862230728));
#6258=CARTESIAN_POINT('Ctrl Pts',(319.034195784654,-4.7191525564189,3.74040322152907));
#6259=CARTESIAN_POINT('Ctrl Pts',(319.034039898247,-5.01493083517641,3.76457035840865));
#6260=CARTESIAN_POINT('Ctrl Pts',(319.033879633195,-5.31074548835147,3.78853402875595));
#6261=CARTESIAN_POINT('Ctrl Pts',(319.033715110778,-5.60659641180781,3.81228835315988));
#6262=CARTESIAN_POINT('Ctrl Pts',(319.03354647527,-5.90248337894826,3.83582760776591));
#6263=CARTESIAN_POINT('Ctrl Pts',(319.033373892937,-6.19840604141259,3.85914625384454));
#6264=CARTESIAN_POINT('Ctrl Pts',(319.033197551093,-6.49436392980656,3.88223896647671));
#6265=CARTESIAN_POINT('Ctrl Pts',(319.033017656928,-6.79035645564775,3.90510066196487));
#6266=CARTESIAN_POINT('Ctrl Pts',(319.03283443658,-7.08638291249402,3.92772652410055));
#6267=CARTESIAN_POINT('Ctrl Pts',(319.032648133299,-7.38244248133266,3.95011202907649));
#6268=CARTESIAN_POINT('Ctrl Pts',(319.032459002709,-7.6785342491087,3.97225296790036));
#6269=CARTESIAN_POINT('Ctrl Pts',(319.032267311691,-7.97465721219495,3.99414546128619));
#6270=CARTESIAN_POINT('Ctrl Pts',(319.032073337413,-8.27081027895501,4.01578597789823));
#6271=CARTESIAN_POINT('Ctrl Pts',(319.031910028125,-8.51762860804824,4.03360711544331));
#6272=CARTESIAN_POINT('Ctrl Pts',(319.031778529669,-8.7150971062892,4.04773505271985));
#6273=CARTESIAN_POINT('Ctrl Pts',(319.031679518039,-8.86320523110231,4.05826621417505));
#6274=CARTESIAN_POINT('Ctrl Pts',(319.031580156435,-9.01131993934315,4.06873228735588));
#6275=CARTESIAN_POINT('Ctrl Pts',(319.031447259084,-9.208814760754,4.08259992376253));
#6276=CARTESIAN_POINT('Ctrl Pts',(319.031280455875,-9.45569886300114,4.09977048144918));
#6277=CARTESIAN_POINT('Ctrl Pts',(319.031079524421,-9.75198318692761,4.12011115158854));
#6278=CARTESIAN_POINT('Ctrl Pts',(319.030878161,-10.0482892861411,4.14018663958923));
#6279=CARTESIAN_POINT('Ctrl Pts',(319.030676712497,-10.3446154355705,4.15999620152109));
#6280=CARTESIAN_POINT('Ctrl Pts',(319.030475536338,-10.6409598121553,4.17953955797927));
#6281=CARTESIAN_POINT('Ctrl Pts',(319.030308422202,-10.8879270520643,4.19560400875895));
#6282=CARTESIAN_POINT('Ctrl Pts',(319.030175238413,-11.0855079950761,4.20832290650853));
#6283=CARTESIAN_POINT('Ctrl Pts',(319.030075652252,-11.233697016518,4.21779589205939));
#6284=CARTESIAN_POINT('Ctrl Pts',(319.029976415205,-11.3818890918632,4.22720284471606));
#6285=CARTESIAN_POINT('Ctrl Pts',(319.029844626281,-11.5794822510254,4.23965767763287));
#6286=CARTESIAN_POINT('Ctrl Pts',(319.029680992953,-11.8264800380729,4.25506218624683));
#6287=CARTESIAN_POINT('Ctrl Pts',(319.029486750914,-12.1228854667006,4.27328731351478));
#6288=CARTESIAN_POINT('Ctrl Pts',(319.029326930629,-12.3698950265438,4.28826021666894));
#6289=CARTESIAN_POINT('Ctrl Pts',(319.029200466847,-12.5675046818317,4.30011126375354));
#6290=CARTESIAN_POINT('Ctrl Pts',(319.029106354802,-12.7157126746836,4.30893634725406));
#6291=CARTESIAN_POINT('Ctrl Pts',(319.029013017857,-12.8639211666889,4.31769867603433));
#6292=CARTESIAN_POINT('Ctrl Pts',(319.028920494397,-13.01212990634,4.3263987325974));
#6293=CARTESIAN_POINT('Ctrl Pts',(319.028828822378,-13.1603386421739,4.33503701910985));
#6294=CARTESIAN_POINT('Ctrl Pts',(319.028738039035,-13.3085471230542,4.34361406721156));
#6295=CARTESIAN_POINT('Ctrl Pts',(319.028648180537,-13.4567551008966,4.35213042871058));
#6296=CARTESIAN_POINT('Ctrl Pts',(319.028529645147,-13.6543647574583,4.36340543793592));
#6297=CARTESIAN_POINT('Ctrl Pts',(319.028383945416,-13.9013744210443,4.37735042046315));
#6298=CARTESIAN_POINT('Ctrl Pts',(319.028213263289,-14.1977805039933,4.39385136954696));
#6299=CARTESIAN_POINT('Ctrl Pts',(319.028074628802,-14.4447797365113,4.40741236100411));
#6300=CARTESIAN_POINT('Ctrl Pts',(319.02796594289,-14.6423749555001,4.41815000182357));
#6301=CARTESIAN_POINT('Ctrl Pts',(319.027885550084,-14.7905691393782,4.42614835391123));
#6302=CARTESIAN_POINT('Ctrl Pts',(319.027806289036,-14.9387609453689,4.43409252613512));
#6303=CARTESIAN_POINT('Ctrl Pts',(319.027702125065,-15.1363466827094,4.44461345804352));
#6304=CARTESIAN_POINT('Ctrl Pts',(319.027574779493,-15.3833222601618,4.45763270812002));
#6305=CARTESIAN_POINT('Ctrl Pts',(319.027426551699,-15.6796816125005,4.47305042488294));
#6306=CARTESIAN_POINT('Ctrl Pts',(319.027306837924,-15.9266380331253,4.48573209602873));
#6307=CARTESIAN_POINT('Ctrl Pts',(319.027213332465,-16.1241974016303,4.49578038492716));
#6308=CARTESIAN_POINT('Ctrl Pts',(319.027144328305,-16.2723641004008,4.50326876955826));
#6309=CARTESIAN_POINT('Ctrl Pts',(319.027076440665,-16.4205280358382,4.51071001002652));
#6310=CARTESIAN_POINT('Ctrl Pts',(319.027009659051,-16.568689300032,4.51810478377186));
#6311=CARTESIAN_POINT('Ctrl Pts',(319.026943971862,-16.7168479984464,4.52545376044276));
#6312=CARTESIAN_POINT('Ctrl Pts',(319.02687936572,-16.8650042566372,4.53275759681375));
#6313=CARTESIAN_POINT('Ctrl Pts',(319.026815826096,-17.0131582125584,4.54001694088949));
#6314=CARTESIAN_POINT('Ctrl Pts',(319.026732506635,-17.2106939586584,4.54963758227984));
#6315=CARTESIAN_POINT('Ctrl Pts',(319.026630939345,-17.4576086826275,4.5615552862503));
#6316=CARTESIAN_POINT('Ctrl Pts',(319.026513030981,-17.7538998796837,4.57568833237091));
#6317=CARTESIAN_POINT('Ctrl Pts',(319.026417927861,-18.0008051781945,4.58732942603919));
#6318=CARTESIAN_POINT('Ctrl Pts',(319.026343628103,-18.1983278826189,4.59656249360286));
#6319=CARTESIAN_POINT('Ctrl Pts',(319.026288763665,-18.3464693769325,4.60344786055687));
#6320=CARTESIAN_POINT('Ctrl Pts',(319.026234727946,-18.4946105716841,4.61029425497417));
#6321=CARTESIAN_POINT('Ctrl Pts',(319.02616373877,-18.692132086858,4.61937137369062));
#6322=CARTESIAN_POINT('Ctrl Pts',(319.026076898059,-18.9390344400947,4.63062240243916));
#6323=CARTESIAN_POINT('Ctrl Pts',(319.025975407255,-19.2353199634455,4.64397384864552));
#6324=CARTESIAN_POINT('Ctrl Pts',(319.025876284431,-19.5316101456088,4.6571777488024));
#6325=CARTESIAN_POINT('Ctrl Pts',(319.025779143621,-19.827906910138,4.67023574401651));
#6326=CARTESIAN_POINT('Ctrl Pts',(319.025683566585,-20.1242120811089,4.68314880349046));
#6327=CARTESIAN_POINT('Ctrl Pts',(319.025604848653,-20.3711414611269,4.69378912405965));
#6328=CARTESIAN_POINT('Ctrl Pts',(319.025542191256,-20.5686907569846,4.70222878021177));
#6329=CARTESIAN_POINT('Ctrl Pts',(319.025495292633,-20.7168557883172,4.70852206190684));
#6330=CARTESIAN_POINT('Ctrl Pts',(319.02544842367,-20.8650240379828,4.71477870521506));
#6331=CARTESIAN_POINT('Ctrl Pts',(319.02538588012,-21.0625861761189,4.72307168921627));
#6332=CARTESIAN_POINT('Ctrl Pts',(319.025307431697,-21.3095475603863,4.73334494734965));
#6333=CARTESIAN_POINT('Ctrl Pts',(319.025212277101,-21.605915970623,4.74552095130118));
#6334=CARTESIAN_POINT('Ctrl Pts',(319.025131615808,-21.8529023863786,4.75553757318215));
#6335=CARTESIAN_POINT('Ctrl Pts',(319.02506593064,-22.0504993250455,4.76347022446395));
#6336=CARTESIAN_POINT('Ctrl Pts',(319.025015997982,-22.1987009668695,4.76937860679164));
#6337=CARTESIAN_POINT('Ctrl Pts',(319.024965304552,-22.3469066426215,4.7752450680716));
#6338=CARTESIAN_POINT('Ctrl Pts',(319.024913753476,-22.4951164964439,4.78106869284152));
#6339=CARTESIAN_POINT('Ctrl Pts',(319.024861245277,-22.6433307251261,4.7868485055043));
#6340=CARTESIAN_POINT('Ctrl Pts',(319.024807676334,-22.7915495802186,4.79258343396905));
#6341=CARTESIAN_POINT('Ctrl Pts',(319.024752940314,-22.9397733569675,4.79827234315171));
#6342=CARTESIAN_POINT('Ctrl Pts',(319.024678255124,-23.1374121025973,4.80579452472511));
#6343=CARTESIAN_POINT('Ctrl Pts',(319.024581422786,-23.3844747034561,4.81507584244742));
#6344=CARTESIAN_POINT('Ctrl Pts',(319.024458716315,-23.6809762746599,4.82600749510463));
#6345=CARTESIAN_POINT('Ctrl Pts',(319.024350207354,-23.9280867372545,4.83493455637874));
#6346=CARTESIAN_POINT('Ctrl Pts',(319.024259152068,-24.1257930779421,4.84195917236083));
#6347=CARTESIAN_POINT('Ctrl Pts',(319.024180777333,-24.290559072949,4.84774572991071));
#6348=CARTESIAN_POINT('Ctrl Pts',(319.024091189541,-24.4718163575436,4.85402161689888));
#6349=CARTESIAN_POINT('Ctrl Pts',(319.023988966099,-24.6695715123747,4.86075139489647));
#6350=CARTESIAN_POINT('Ctrl Pts',(319.023881973741,-24.8673482565978,4.8673589586949));
#6351=CARTESIAN_POINT('Ctrl Pts',(319.023769941479,-25.0651482691884,4.87383843178843));
#6352=CARTESIAN_POINT('Ctrl Pts',(319.023652605679,-25.2629732408797,4.880183647638));
#6353=CARTESIAN_POINT('Ctrl Pts',(319.023529711475,-25.4608248612482,4.8863881528463));
#6354=CARTESIAN_POINT('Ctrl Pts',(319.023401013393,-25.6587048079356,4.89244521978542));
#6355=CARTESIAN_POINT('Ctrl Pts',(319.02326627832,-25.8566147243429,4.89834785515698));
#6356=CARTESIAN_POINT('Ctrl Pts',(319.023125300775,-26.0545561300173,4.90408881984588));
#6357=CARTESIAN_POINT('Ctrl Pts',(319.022977904822,-26.2525304037112,4.90966066081632));
#6358=CARTESIAN_POINT('Ctrl Pts',(319.02282394467,-26.4505387735981,4.91505574371642));
#6359=CARTESIAN_POINT('Ctrl Pts',(319.022663305401,-26.6485823072525,4.92026628675385));
#6360=CARTESIAN_POINT('Ctrl Pts',(319.022495903386,-26.8466619036037,4.92528439524185));
#6361=CARTESIAN_POINT('Ctrl Pts',(319.022321686548,-27.0447782862118,4.93010209684227));
#6362=CARTESIAN_POINT('Ctrl Pts',(319.022140634412,-27.2429319980928,4.93471137708664));
#6363=CARTESIAN_POINT('Ctrl Pts',(319.021952757855,-27.4411233986658,4.93910421511315));
#6364=CARTESIAN_POINT('Ctrl Pts',(319.0217580988,-27.6393526614685,4.94327261905475));
#6365=CARTESIAN_POINT('Ctrl Pts',(319.021556729087,-27.8376197769615,4.94720866135964));
#6366=CARTESIAN_POINT('Ctrl Pts',(319.021348746128,-28.0359245735495,4.95090451118363));
#6367=CARTESIAN_POINT('Ctrl Pts',(319.021134271835,-28.2342667211522,4.95435246312775));
#6368=CARTESIAN_POINT('Ctrl Pts',(319.020913451577,-28.4326457348787,4.95754496526684));
#6369=CARTESIAN_POINT('Ctrl Pts',(319.020686452949,-28.6310609803407,4.96047464579968));
#6370=CARTESIAN_POINT('Ctrl Pts',(319.020453464383,-28.8295116801335,4.96313433835958));
#6371=CARTESIAN_POINT('Ctrl Pts',(319.020214693628,-29.0279969214908,4.96551710565865));
#6372=CARTESIAN_POINT('Ctrl Pts',(319.019970366112,-29.2265156650184,4.96761626139682));
#6373=CARTESIAN_POINT('Ctrl Pts',(319.019720723209,-29.425066754178,4.96942539019245));
#6374=CARTESIAN_POINT('Ctrl Pts',(319.019466020401,-29.6236489258426,4.97093836555643));
#6375=CARTESIAN_POINT('Ctrl Pts',(319.019206525558,-29.8222608203077,4.97214936555499));
#6376=CARTESIAN_POINT('Ctrl Pts',(319.018942518703,-30.020900983284,4.97305288740337));
#6377=CARTESIAN_POINT('Ctrl Pts',(319.018674290063,-30.2195678777105,4.97364376102156));
#6378=CARTESIAN_POINT('Ctrl Pts',(319.018402137929,-30.4182598969564,4.97391715994731));
#6379=CARTESIAN_POINT('Ctrl Pts',(319.018126366597,-30.6169753776768,4.97386860983718));
#6380=CARTESIAN_POINT('Ctrl Pts',(319.017847284332,-30.8157126127219,4.97349399446551));
#6381=CARTESIAN_POINT('Ctrl Pts',(319.017565201424,-31.0144698635934,4.9727895593552));
#6382=CARTESIAN_POINT('Ctrl Pts',(319.017280428306,-31.2132453726659,4.97175191306772));
#6383=CARTESIAN_POINT('Ctrl Pts',(319.016993273819,-31.4120373745549,4.97037802632317));
#6384=CARTESIAN_POINT('Ctrl Pts',(319.016704043506,-31.6108441073946,4.96866522897421));
#6385=CARTESIAN_POINT('Ctrl Pts',(319.016413038215,-31.8096638222878,4.96661120516987));
#6386=CARTESIAN_POINT('Ctrl Pts',(319.016120551486,-32.0084947998266,4.96421398606384));
#6387=CARTESIAN_POINT('Ctrl Pts',(319.015826867947,-32.2073353606243,4.96147193967705));
#6388=CARTESIAN_POINT('Ctrl Pts',(319.015532262584,-32.4061838707348,4.95838375959377));
#6389=CARTESIAN_POINT('Ctrl Pts',(319.015236999915,-32.6050387475376,4.95494845259577));
#6390=CARTESIAN_POINT('Ctrl Pts',(319.014941333394,-32.8038984641167,4.95116532544099));
#6391=CARTESIAN_POINT('Ctrl Pts',(319.01464550489,-33.0027615532109,4.94703397091574));
#6392=CARTESIAN_POINT('Ctrl Pts',(319.014349744313,-33.2016266100717,4.9425542533103));
#6393=CARTESIAN_POINT('Ctrl Pts',(319.014054269301,-33.4004922949,4.93772629346903));
#6394=CARTESIAN_POINT('Ctrl Pts',(319.013759285103,-33.5993573340551,4.93255045350586));
#6395=CARTESIAN_POINT('Ctrl Pts',(319.013464984366,-33.7982205215872,4.92702732137901));
#6396=CARTESIAN_POINT('Ctrl Pts',(319.013171547518,-33.99708071726,4.92115769532273));
#6397=CARTESIAN_POINT('Ctrl Pts',(319.012879144508,-34.1959368362931,4.91494257006605));
#6398=CARTESIAN_POINT('Ctrl Pts',(319.012587934602,-34.3947878506712,4.90838312372406));
#6399=CARTESIAN_POINT('Ctrl Pts',(319.012298066288,-34.5936327898031,4.90148070425064));
#6400=CARTESIAN_POINT('Ctrl Pts',(319.012009677207,-34.7924707407686,4.89423681584287));
#6401=CARTESIAN_POINT('Ctrl Pts',(319.011722894196,-34.9913008480206,4.88665310524332));
#6402=CARTESIAN_POINT('Ctrl Pts',(319.011437833362,-35.1901223125883,4.87873134808918));
#6403=CARTESIAN_POINT('Ctrl Pts',(319.011154600214,-35.3889343910492,4.87047343533566));
#6404=CARTESIAN_POINT('Ctrl Pts',(319.010873289878,-35.5877363938088,4.86188135982988));
#6405=CARTESIAN_POINT('Ctrl Pts',(319.010593987243,-35.7865276837786,4.85295720307004));
#6406=CARTESIAN_POINT('Ctrl Pts',(319.01031676737,-35.9853076733801,4.84370312219545));
#6407=CARTESIAN_POINT('Ctrl Pts',(319.010041695233,-36.184075825585,4.83412133716539));
#6408=CARTESIAN_POINT('Ctrl Pts',(319.00976882256,-36.3828316728373,4.82421411474298));
#6409=CARTESIAN_POINT('Ctrl Pts',(319.009498188486,-36.5815748118414,4.8139837508137));
#6410=CARTESIAN_POINT('Ctrl Pts',(319.009229820942,-36.7803048946901,4.80343255610009));
#6411=CARTESIAN_POINT('Ctrl Pts',(319.008934172052,-37.0011012616268,4.79135509334768));
#6412=CARTESIAN_POINT('Ctrl Pts',(319.008612226097,-37.2439578596566,4.7776189727243));
#6413=CARTESIAN_POINT('Ctrl Pts',(319.008265080836,-37.5088676337095,4.76207730851932));
#6414=CARTESIAN_POINT('Ctrl Pts',(319.007921972723,-37.7737523071658,4.74598407662368));
#6415=CARTESIAN_POINT('Ctrl Pts',(319.007582848316,-38.0386115500506,4.72934434107352));
#6416=CARTESIAN_POINT('Ctrl Pts',(319.007247634157,-38.303445088345,4.71216294972226));
#6417=CARTESIAN_POINT('Ctrl Pts',(319.006916237682,-38.568252695394,4.69444449805767));
#6418=CARTESIAN_POINT('Ctrl Pts',(319.006588541066,-38.8330342256617,4.67619328040631));
#6419=CARTESIAN_POINT('Ctrl Pts',(319.006264404203,-39.0977895891419,4.65741324372772));
#6420=CARTESIAN_POINT('Ctrl Pts',(319.005943667493,-39.3625187273678,4.63810794633399));
#6421=CARTESIAN_POINT('Ctrl Pts',(319.005626154092,-39.6272215931912,4.61828052074783));
#6422=CARTESIAN_POINT('Ctrl Pts',(319.005311671725,-39.8918981338659,4.59793363962812));
#6423=CARTESIAN_POINT('Ctrl Pts',(319.005000014053,-40.156548277503,4.5770694844024));
#6424=CARTESIAN_POINT('Ctrl Pts',(319.004690961707,-40.4211719219035,4.55568971469241));
#6425=CARTESIAN_POINT('Ctrl Pts',(319.00438428288,-40.6857689272224,4.53379544022421));
#6426=CARTESIAN_POINT('Ctrl Pts',(319.004079733955,-40.9503391081902,4.51138719104826));
#6427=CARTESIAN_POINT('Ctrl Pts',(319.003777059895,-41.2148822296696,4.48846489055898));
#6428=CARTESIAN_POINT('Ctrl Pts',(319.003475993402,-41.4793980105983,4.46502782505465));
#6429=CARTESIAN_POINT('Ctrl Pts',(319.00317625399,-41.7438861292642,4.44107461148199));
#6430=CARTESIAN_POINT('Ctrl Pts',(319.002877546665,-42.008346231564,4.41660316177146));
#6431=CARTESIAN_POINT('Ctrl Pts',(319.002579560399,-42.272777941173,4.39161064382242));
#6432=CARTESIAN_POINT('Ctrl Pts',(319.002281966181,-42.5371808729384,4.36609343737269));
#6433=CARTESIAN_POINT('Ctrl Pts',(319.001984414899,-42.8015546478681,4.34004708606376));
#6434=CARTESIAN_POINT('Ctrl Pts',(319.001686534495,-43.0658989131749,4.31346624093275));
#6435=CARTESIAN_POINT('Ctrl Pts',(319.00143147521,-43.2916674974606,4.2902998420825));
#6436=CARTESIAN_POINT('Ctrl Pts',(319.001219326983,-43.4788735749242,4.27078536583046));
#6437=CARTESIAN_POINT('Ctrl Pts',(319.000994107369,-43.6770790364351,4.24988975483112));
#6438=CARTESIAN_POINT('Ctrl Pts',(319.000711269561,-43.9248118995187,4.22332915165886));
#6439=CARTESIAN_POINT('Ctrl Pts',(319.00036905965,-44.2220529044843,4.1907367409338));
#6440=CARTESIAN_POINT('Ctrl Pts',(319.000080908891,-44.4697218266051,4.16296332757801));
#6441=CARTESIAN_POINT('Ctrl Pts',(318.999848182346,-44.667838026688,4.1403676091229));
#6442=CARTESIAN_POINT('Ctrl Pts',(318.999672420087,-44.8164157991846,4.12322976430788));
#6443=CARTESIAN_POINT('Ctrl Pts',(318.999495323404,-44.96498429737,4.10589822560023));
#6444=CARTESIAN_POINT('Ctrl Pts',(318.999316767423,-45.1135436582244,4.08837013090643));
#6445=CARTESIAN_POINT('Ctrl Pts',(318.999136621811,-45.2620940446419,4.07064247985324));
#6446=CARTESIAN_POINT('Ctrl Pts',(318.998954746924,-45.4106356646883,4.05271204567541));
#6447=CARTESIAN_POINT('Ctrl Pts',(318.998770997073,-45.5591687560727,4.03457545489));
#6448=CARTESIAN_POINT('Ctrl Pts',(318.998523286241,-45.757201906829,4.01011356760526));
#6449=CARTESIAN_POINT('Ctrl Pts',(318.998208159956,-46.0047235690095,3.97900226239142));
#6450=CARTESIAN_POINT('Ctrl Pts',(318.997819779839,-46.3017212317423,3.94078085208344));
#6451=CARTESIAN_POINT('Ctrl Pts',(318.997486240556,-46.5491992223145,3.90815830528009));
#6452=CARTESIAN_POINT('Ctrl Pts',(318.997212545133,-46.7471722527343,3.88157611259857));
#6453=CARTESIAN_POINT('Ctrl Pts',(318.997003580674,-46.8956481475114,3.86139143517672));
#6454=CARTESIAN_POINT('Ctrl Pts',(318.996790655451,-47.0441210026368,3.84095264803556));
#6455=CARTESIAN_POINT('Ctrl Pts',(318.99650108403,-47.2420820135254,3.81335320967934));
#6456=CARTESIAN_POINT('Ctrl Pts',(318.996127741382,-47.4895304403677,3.77818490358852));
#6457=CARTESIAN_POINT('Ctrl Pts',(318.995658935283,-47.7864723288165,3.73485189919663));
#6458=CARTESIAN_POINT('Ctrl Pts',(318.995166513182,-48.0834267493985,3.69031992804181));
#6459=CARTESIAN_POINT('Ctrl Pts',(318.994647490634,-48.3804021871801,3.64451352724037));
#6460=CARTESIAN_POINT('Ctrl Pts',(318.99409878212,-48.6774059394372,3.59734944964966));
#6461=CARTESIAN_POINT('Ctrl Pts',(318.993517468514,-48.9744419343591,3.54873712410642));
#6462=CARTESIAN_POINT('Ctrl Pts',(318.993003548674,-49.2219988096569,3.50693905528706));
#6463=CARTESIAN_POINT('Ctrl Pts',(318.992573385559,-49.4200595985512,3.47267604999591));
#6464=CARTESIAN_POINT('Ctrl Pts',(318.99224097361,-49.5686123654866,3.44655292428154));
#6465=CARTESIAN_POINT('Ctrl Pts',(318.991898525392,-49.7171714456514,3.41999030328299));
#6466=CARTESIAN_POINT('Ctrl Pts',(318.991545878126,-49.8657353513963,3.39297434392954));
#6467=CARTESIAN_POINT('Ctrl Pts',(318.991182961571,-50.0143017139966,3.36549134171966));
#6468=CARTESIAN_POINT('Ctrl Pts',(318.990809840304,-50.1628670002812,3.33752785103915));
#6469=CARTESIAN_POINT('Ctrl Pts',(318.990426756115,-50.31142611145,3.30907103982002));
#6470=CARTESIAN_POINT('Ctrl Pts',(318.990034106798,-50.4599725545844,3.28010889286472));
#6471=CARTESIAN_POINT('Ctrl Pts',(318.989632442976,-50.6084984415193,3.25063043800843));
#6472=CARTESIAN_POINT('Ctrl Pts',(318.989222495756,-50.756994279519,3.22062606804181));
#6473=CARTESIAN_POINT('Ctrl Pts',(318.988805190537,-50.9054488638168,3.19008779343165));
#6474=CARTESIAN_POINT('Ctrl Pts',(318.988381655862,-51.0538492381375,3.15900966265002));
#6475=CARTESIAN_POINT('Ctrl Pts',(318.987953223489,-51.2021807063305,3.12738786299668));
#6476=CARTESIAN_POINT('Ctrl Pts',(318.987521401841,-51.3504271073308,3.09522134712248));
#6477=CARTESIAN_POINT('Ctrl Pts',(318.987087846704,-51.4985710275918,3.06251130116821));
#6478=CARTESIAN_POINT('Ctrl Pts',(318.986509761451,-51.6959357257182,3.01817955641337));
#6479=CARTESIAN_POINT('Ctrl Pts',(318.98579161857,-51.9422942292581,2.96143340115841));
#6480=CARTESIAN_POINT('Ctrl Pts',(318.984949631604,-52.2372344676813,2.89129166518547));
#6481=CARTESIAN_POINT('Ctrl Pts',(318.984133571681,-52.5314004252324,2.81920786430798));
#6482=CARTESIAN_POINT('Ctrl Pts',(318.983338260312,-52.8247931063135,2.74526925080624));
#6483=CARTESIAN_POINT('Ctrl Pts',(318.982545945002,-53.1175002992603,2.66950830718984));
#6484=CARTESIAN_POINT('Ctrl Pts',(318.981728905785,-53.4097075119901,2.59186265969806));
#6485=CARTESIAN_POINT('Ctrl Pts',(318.980855254968,-53.7016544298821,2.51215603141163));
#6486=CARTESIAN_POINT('Ctrl Pts',(318.980067316838,-53.9448188696834,2.44382269532234));
#6487=CARTESIAN_POINT('Ctrl Pts',(318.979403045032,-54.1392529519989,2.38789713193002));
#6488=CARTESIAN_POINT('Ctrl Pts',(318.978889554561,-54.28501413301,2.34529865195439));
#6489=CARTESIAN_POINT('Ctrl Pts',(318.978362643248,-54.4306936521513,2.30202283387139));
#6490=CARTESIAN_POINT('Ctrl Pts',(318.977824469182,-54.57627142463,2.2580496296541));
#6491=CARTESIAN_POINT('Ctrl Pts',(318.97727711075,-54.721727841169,2.21336120472319));
#6492=CARTESIAN_POINT('Ctrl Pts',(318.976722537725,-54.8670439217902,2.16794204523238));
#6493=CARTESIAN_POINT('Ctrl Pts',(318.976162475479,-55.012202543488,2.12177846045777));
#6494=CARTESIAN_POINT('Ctrl Pts',(318.975598379815,-55.1571886694434,2.07485829928927));
#6495=CARTESIAN_POINT('Ctrl Pts',(318.975031401353,-55.3019897119629,2.02717052809271));
#6496=CARTESIAN_POINT('Ctrl Pts',(318.974462386126,-55.4465955627819,1.97870483626883));
#6497=CARTESIAN_POINT('Ctrl Pts',(318.973891887553,-55.590998532859,1.92945130679133));
#6498=CARTESIAN_POINT('Ctrl Pts',(318.973320134363,-55.7351936642613,1.87939979895942));
#6499=CARTESIAN_POINT('Ctrl Pts',(318.972747074878,-55.8791783622119,1.82853973721099));
#6500=CARTESIAN_POINT('Ctrl Pts',(318.972172351065,-56.0229525860528,1.77685931255888));
#6501=CARTESIAN_POINT('Ctrl Pts',(318.971595416864,-56.1665178173753,1.72434588561717));
#6502=CARTESIAN_POINT('Ctrl Pts',(318.970822035972,-56.3576651210096,1.65319696216309));
#6503=CARTESIAN_POINT('Ctrl Pts',(318.969845233844,-56.5960983338266,1.56210068905237));
#6504=CARTESIAN_POINT('Ctrl Pts',(318.968645955709,-56.8814774701726,1.44916454952759));
#6505=CARTESIAN_POINT('Ctrl Pts',(318.967406491257,-57.1661813451558,1.33239595799887));
#6506=CARTESIAN_POINT('Ctrl Pts',(318.966328813955,-57.4029133090803,1.23168177014253));
#6507=CARTESIAN_POINT('Ctrl Pts',(318.965432180437,-57.5920037182254,1.1489105512504));
#6508=CARTESIAN_POINT('Ctrl Pts',(318.964740332653,-57.7336761277827,1.08568644599564));
#6509=CARTESIAN_POINT('Ctrl Pts',(318.96402686177,-57.8752048263225,1.02126845471267));
#6510=CARTESIAN_POINT('Ctrl Pts',(318.963412214242,-57.9930254502913,0.966546719761896));
#6511=CARTESIAN_POINT('Ctrl Pts',(318.962907086916,-58.0872091759552,0.922115766994273));
#6512=CARTESIAN_POINT('Ctrl Pts',(318.962521174122,-58.157810027077,0.888457646157892));
#6513=CARTESIAN_POINT('Ctrl Pts',(318.962127830693,-58.2283733193824,0.854456462644899));
#6514=CARTESIAN_POINT('Ctrl Pts',(318.961726673889,-58.298898137546,0.820103465507084));
#6515=CARTESIAN_POINT('Ctrl Pts',(318.961317311717,-58.369383412193,0.785389645460494));
#6516=CARTESIAN_POINT('Ctrl Pts',(318.960899333315,-58.4398277995178,0.750305468611345));
#6517=CARTESIAN_POINT('Ctrl Pts',(318.960472315626,-58.5102297776358,0.714841074957578));
#6518=CARTESIAN_POINT('Ctrl Pts',(318.959890309316,-58.6040400638675,0.667034266269131));
#6519=CARTESIAN_POINT('Ctrl Pts',(318.959137942538,-58.7211873302056,0.606272167479908));
#6520=CARTESIAN_POINT('Ctrl Pts',(318.958191370105,-58.8615594418205,0.531658561522764));
#6521=CARTESIAN_POINT('Ctrl Pts',(318.95719669713,-59.0017023742695,0.455242597838069));
#6522=CARTESIAN_POINT('Ctrl Pts',(318.956323702105,-59.1182724254366,0.389965617750042));
#6523=CARTESIAN_POINT('Ctrl Pts',(318.95559615715,-59.2113811902847,0.33672214819237));
#6524=CARTESIAN_POINT('Ctrl Pts',(318.955035183425,-59.2811339628297,0.296261036229224));
#6525=CARTESIAN_POINT('Ctrl Pts',(318.954458132849,-59.3508025453881,0.255253305164748));
#6526=CARTESIAN_POINT('Ctrl Pts',(318.953864182618,-59.4203810301861,0.213679426534391));
#6527=CARTESIAN_POINT('Ctrl Pts',(318.953252455183,-59.4898632329114,0.171518725906663));
#6528=CARTESIAN_POINT('Ctrl Pts',(318.952622003826,-59.5592425693564,0.128749005923616));
#6529=CARTESIAN_POINT('Ctrl Pts',(318.951971810949,-59.6285121015178,0.0853465080239756));
#6530=CARTESIAN_POINT('Ctrl Pts',(318.951300778188,-59.697664503857,0.0412856505589872));
#6531=CARTESIAN_POINT('Ctrl Pts',(318.950607719627,-59.7666920584546,-0.00346114720222223));
#6532=CARTESIAN_POINT('Ctrl Pts',(318.949891351372,-59.8355866657356,-0.0489237598218536));
#6533=CARTESIAN_POINT('Ctrl Pts',(318.949150281793,-59.9043397954258,-0.0951346108398801));
#6534=CARTESIAN_POINT('Ctrl Pts',(318.948382997911,-59.9729425746671,-0.142129099477885));
#6535=CARTESIAN_POINT('Ctrl Pts',(318.9475878536,-60.0413856126447,-0.189945886592246));
#6536=CARTESIAN_POINT('Ctrl Pts',(318.946763049055,-60.109659346068,-0.238627643046134));
#6537=CARTESIAN_POINT('Ctrl Pts',(318.945906621189,-60.1777533158194,-0.288221108311828));
#6538=CARTESIAN_POINT('Ctrl Pts',(318.945016384837,-60.24565909697,-0.338779948643555));
#6539=CARTESIAN_POINT('Ctrl Pts',(318.944089854047,-60.3133735967006,-0.390368364590092));
#6540=CARTESIAN_POINT('Ctrl Pts',(318.943124226013,-60.3808967962445,-0.443060963327417));
#6541=CARTESIAN_POINT('Ctrl Pts',(318.942116339091,-60.4482312227892,-0.49694400607946));
#6542=CARTESIAN_POINT('Ctrl Pts',(318.941062627254,-60.5153814084093,-0.552117160312033));
#6543=CARTESIAN_POINT('Ctrl Pts',(318.940143042285,-60.5711914538825,-0.599265761279285));
#6544=CARTESIAN_POINT('Ctrl Pts',(318.939380268214,-60.6157542937298,-0.637754171902116));
#6545=CARTESIAN_POINT('Ctrl Pts',(318.938598606565,-60.6602618396534,-0.676781493520033));
#6546=CARTESIAN_POINT('Ctrl Pts',(318.937584571657,-60.7157954750251,-0.726625097925855));
#6547=CARTESIAN_POINT('Ctrl Pts',(318.936303151061,-60.7822838927595,-0.788314724146215));
#6548=CARTESIAN_POINT('Ctrl Pts',(318.934951170881,-60.8486275612347,-0.852094361467555));
#6549=CARTESIAN_POINT('Ctrl Pts',(318.933522237778,-60.9148266292045,-0.918210208178052));
#6550=CARTESIAN_POINT('Ctrl Pts',(318.932261840001,-60.9698605799111,-0.975488396329614));
#6551=CARTESIAN_POINT('Ctrl Pts',(318.931208645919,-61.0137886821385,-1.02277822046648));
#6552=CARTESIAN_POINT('Ctrl Pts',(318.930124679849,-61.0576377915529,-1.07110380867524));
#6553=CARTESIAN_POINT('Ctrl Pts',(318.928710577512,-61.1122746414504,-1.13356023554867));
#6554=CARTESIAN_POINT('Ctrl Pts',(318.926916945433,-61.1774166325243,-1.21214496352865));
#6555=CARTESIAN_POINT('Ctrl Pts',(318.925031136379,-61.241889581756,-1.29469224689938));
#6556=CARTESIAN_POINT('Ctrl Pts',(318.923066481404,-61.3053228694774,-1.38144581986671));
#6557=CARTESIAN_POINT('Ctrl Pts',(318.921381467891,-61.3569147685553,-1.45737085097319));
#6558=CARTESIAN_POINT('Ctrl Pts',(318.920021161078,-61.3971177504589,-1.52026979339731));
#6559=CARTESIAN_POINT('Ctrl Pts',(318.918660036622,-61.4364837882889,-1.58456347767157));
#6560=CARTESIAN_POINT('Ctrl Pts',(318.917308162369,-61.4744350988695,-1.65090136132594));
#6561=CARTESIAN_POINT('Ctrl Pts',(318.915983125184,-61.5108381045106,-1.71952296702095));
#6562=CARTESIAN_POINT('Ctrl Pts',(318.915170202593,-61.5329212818952,-1.7634363402778));
#6563=CARTESIAN_POINT('Ctrl Pts',(318.914651859756,-61.546920398306,-1.79248075792586));
#6564=CARTESIAN_POINT('Ctrl Pts',(318.914444524905,-61.5525104137821,-1.80429184616221));
#6565=CARTESIAN_POINT('Ctrl Pts',(318.914390355142,-61.5539701815522,-1.80739030653314));
#6566=CARTESIAN_POINT('Ctrl Pts',(318.914370673146,-61.5545005572031,-1.8085176419111));
#6567=CARTESIAN_POINT('Ctrl Pts',(318.914341163937,-61.5552956407661,-1.81020916178767));
#6568=CARTESIAN_POINT('Ctrl Pts',(318.914277309928,-61.5570157996475,-1.81387721289357));
#6569=CARTESIAN_POINT('Ctrl Pts',(318.914198964887,-61.5591253755316,-1.81840068452623));
#6570=CARTESIAN_POINT('Ctrl Pts',(318.914135517582,-61.5608331513214,-1.8220831168864));
#6571=CARTESIAN_POINT('Ctrl Pts',(318.914106274401,-61.5616201479087,-1.82378406705736));
#6572=CARTESIAN_POINT('Ctrl Pts',(318.914086790534,-61.5621444736429,-1.82491836037758));
#6573=CARTESIAN_POINT('Ctrl Pts',(318.913994315431,-61.5646328059998,-1.83030905201087));
#6574=CARTESIAN_POINT('Ctrl Pts',(318.913829688664,-61.5690603719242,-1.83998226445635));
#6575=CARTESIAN_POINT('Ctrl Pts',(318.91359955036,-61.5752458265002,-1.85370348439843));
#6576=CARTESIAN_POINT('Ctrl Pts',(318.91337190718,-61.5813620943242,-1.8674822578168));
#6577=CARTESIAN_POINT('Ctrl Pts',(318.913071901039,-61.5894217466741,-1.88592556112927));
#6578=CARTESIAN_POINT('Ctrl Pts',(318.912704131315,-61.5993048507327,-1.90908709385759));
#6579=CARTESIAN_POINT('Ctrl Pts',(318.912132943875,-61.6146737472417,-1.94629563470354));
#6580=CARTESIAN_POINT('Ctrl Pts',(318.91169298947,-61.6265478494667,-1.9765256664405));
#6581=CARTESIAN_POINT('Ctrl Pts',(318.911369352104,-61.6353000953448,-1.9996771546041));
#6582=CARTESIAN_POINT('Ctrl Pts',(318.911240834435,-61.6387756467813,-2.00895003110285));
#6583=CARTESIAN_POINT('Ctrl Pts',(318.911114152394,-61.6422029881247,-2.01821578459679));
#6584=CARTESIAN_POINT('Ctrl Pts',(318.910988848663,-61.6455919670235,-2.02749949900104));
#6585=CARTESIAN_POINT('Ctrl Pts',(318.910895595428,-61.6481134261429,-2.03446893273276));
#6586=CARTESIAN_POINT('Ctrl Pts',(318.910802944644,-61.6506171237032,-2.04145161249309));
#6587=CARTESIAN_POINT('Ctrl Pts',(318.910618776398,-61.6555898519188,-2.05544717814114));
#6588=CARTESIAN_POINT('Ctrl Pts',(318.910346208681,-61.6629290628091,-2.07658252534964));
#6589=CARTESIAN_POINT('Ctrl Pts',(318.910045328984,-61.6709379764309,-2.10055072037061));
#6590=CARTESIAN_POINT('Ctrl Pts',(318.909801468639,-61.6773065399704,-2.12021389335064));
#6591=CARTESIAN_POINT('Ctrl Pts',(318.909661806787,-61.6808861130634,-2.13151143849829));
#6592=CARTESIAN_POINT('Ctrl Pts',(318.909566987952,-61.6832772183998,-2.13916895862271));
#6593=CARTESIAN_POINT('Ctrl Pts',(318.909519160406,-61.6844742796213,-2.14302574157151));
#6594=CARTESIAN_POINT('Ctrl Pts',(318.909470902212,-61.6856730051579,-2.1469111265338));
#6595=CARTESIAN_POINT('Ctrl Pts',(318.90937332341,-61.6880753819173,-2.15474685353433));
#6596=CARTESIAN_POINT('Ctrl Pts',(318.909272958904,-61.6904910921473,-2.16274988960567));
#6597=CARTESIAN_POINT('Ctrl Pts',(318.909167957966,-61.6929354016543,-2.1709924594152));
#6598=CARTESIAN_POINT('Ctrl Pts',(318.909096490986,-61.6945745485782,-2.17656055821581));
#6599=CARTESIAN_POINT('Ctrl Pts',(318.909022582086,-61.6962301510516,-2.18224781343576));
#6600=CARTESIAN_POINT('Ctrl Pts',(318.908945372304,-61.6979097840421,-2.1880890173673));
#6601=CARTESIAN_POINT('Ctrl Pts',(318.908885523044,-61.699184162349,-2.19255889759539));
#6602=CARTESIAN_POINT('Ctrl Pts',(318.90882338042,-61.7004764110314,-2.19713232702877));
#6603=CARTESIAN_POINT('Ctrl Pts',(318.90875848446,-61.7017908158628,-2.20182860095241));
#6604=CARTESIAN_POINT('Ctrl Pts',(318.90869023503,-61.7031330478131,-2.2066731270224));
#6605=CARTESIAN_POINT('Ctrl Pts',(318.90861780797,-61.7045110104287,-2.2117011418045));
#6606=CARTESIAN_POINT('Ctrl Pts',(318.908553002083,-61.7056984987209,-2.2160858357615));
#6607=CARTESIAN_POINT('Ctrl Pts',(318.908497603983,-61.7066806913982,-2.21974881823436));
#6608=CARTESIAN_POINT('Ctrl Pts',(318.90845393079,-61.707436896936,-2.22258890808569));
#6609=CARTESIAN_POINT('Ctrl Pts',(318.908407761241,-61.7082163621142,-2.22553814054149));
#6610=CARTESIAN_POINT('Ctrl Pts',(318.908342037597,-61.7092950593505,-2.22965282588634));
#6611=CARTESIAN_POINT('Ctrl Pts',(318.908282471426,-61.7102304866872,-2.23326636358056));
#6612=CARTESIAN_POINT('Ctrl Pts',(318.908230472619,-61.7110106531253,-2.236318231649));
#6613=CARTESIAN_POINT('Ctrl Pts',(318.908208977481,-61.7113296019875,-2.2375696993845));
#6614=CARTESIAN_POINT('Ctrl Pts',(318.908169505715,-61.7119061281526,-2.23984170322428));
#6615=CARTESIAN_POINT('Ctrl Pts',(318.908119311339,-61.7126155830876,-2.24266308729258));
#6616=CARTESIAN_POINT('Ctrl Pts',(318.90806773446,-61.7133134745341,-2.24547164963975));
#6617=CARTESIAN_POINT('Ctrl Pts',(318.908034976102,-61.7137455836081,-2.24722274178833));
#6618=CARTESIAN_POINT('Ctrl Pts',(318.908008347426,-61.7140906144892,-2.2486277695636));
#6619=CARTESIAN_POINT('Ctrl Pts',(318.907979113917,-61.7144621984693,-2.25014899348787));
#6620=CARTESIAN_POINT('Ctrl Pts',(318.907946100951,-61.7148724478645,-2.25183875859375));
#6621=CARTESIAN_POINT('Ctrl Pts',(318.907917523674,-61.7152192598672,-2.25327691218016));
#6622=CARTESIAN_POINT('Ctrl Pts',(318.907895266043,-61.7154834540666,-2.25437873161343));
#6623=CARTESIAN_POINT('Ctrl Pts',(318.907883908152,-61.7156178827862,-2.25494052485508));
#6624=CARTESIAN_POINT('Ctrl Pts',(318.90787240101,-61.7157509979323,-2.25549851348066));
#6625=CARTESIAN_POINT('Ctrl Pts',(318.907865058646,-61.7158381952106,-2.25586442410527));
#6626=CARTESIAN_POINT('Ctrl Pts',(318.907857452546,-61.7159224875933,-2.25621906123678));
#6627=CARTESIAN_POINT('Ctrl Pts',(318.907857451144,-61.715927175854,-2.25623862784302));
#6628=CARTESIAN_POINT('Ctrl Pts',(318.907857450585,-61.7159290480868,-2.25624644166647));
#6629=CARTESIAN_POINT('Ctrl Pts',(318.907857450026,-61.7159309203141,-2.25625425546684));
#6630=CARTESIAN_POINT('Ctrl Pts',(110.,100.50587436609,1.21055293632221));
#6631=CARTESIAN_POINT('Ctrl Pts',(179.680439950247,77.8177677205176,0.805411092589134));
#6632=CARTESIAN_POINT('Ctrl Pts',(249.360879900495,55.1296610749453,0.400269248856062));
#6633=CARTESIAN_POINT('Ctrl Pts',(319.041319850742,32.4415544293729,-0.00487259487701101));
#6634=CARTESIAN_POINT('Ctrl Pts',(110.,96.6407214935898,1.61809113079299));
#6635=CARTESIAN_POINT('Ctrl Pts',(179.680439950247,74.3905377049937,1.16723035864565));
#6636=CARTESIAN_POINT('Ctrl Pts',(249.360879900495,52.1372345511282,0.71642006685563));
#6637=CARTESIAN_POINT('Ctrl Pts',(319.041319850742,29.8870507625321,0.265559294708292));
#6638=CARTESIAN_POINT('Ctrl Pts',(110.,88.9343149862393,2.44645363826835));
#6639=CARTESIAN_POINT('Ctrl Pts',(179.680439950247,67.5044322945554,1.9043428836786));
#6640=CARTESIAN_POINT('Ctrl Pts',(249.360879900495,46.0743537428657,1.36232578696635));
#6641=CARTESIAN_POINT('Ctrl Pts',(319.041319850742,24.6444710511817,0.820215032376601));
#6642=CARTESIAN_POINT('Ctrl Pts',(110.,80.2964104068319,3.3927892174791));
#6643=CARTESIAN_POINT('Ctrl Pts',(179.680439950247,59.8243174135376,2.74418910356865));
#6644=CARTESIAN_POINT('Ctrl Pts',(249.360879900495,39.3537598922264,2.09550985393303));
#6645=CARTESIAN_POINT('Ctrl Pts',(319.041319850742,18.8816668989321,1.44690974002259));
#6646=CARTESIAN_POINT('Ctrl Pts',(110.,74.5036910444805,4.00642942231872));
#6647=CARTESIAN_POINT('Ctrl Pts',(179.680439950247,54.6915803022823,3.28870331320387));
#6648=CARTESIAN_POINT('Ctrl Pts',(249.360879900495,34.8778935416355,2.57105746958787));
#6649=CARTESIAN_POINT('Ctrl Pts',(319.041319850742,15.0657827994373,1.85333136047302));
#6650=CARTESIAN_POINT('Ctrl Pts',(110.,70.6328851780721,4.40947803363098));
#6651=CARTESIAN_POINT('Ctrl Pts',(179.680439950247,51.2611693358294,3.64654775245262));
#6652=CARTESIAN_POINT('Ctrl Pts',(249.360879900495,31.8895392469209,2.88364868164493));
#6653=CARTESIAN_POINT('Ctrl Pts',(319.041319850742,12.5178234046783,2.12071840046658));
#6654=CARTESIAN_POINT('Ctrl Pts',(110.,65.7761690736915,4.89968468264276));
#6655=CARTESIAN_POINT('Ctrl Pts',(179.680439950247,46.9572842905248,4.08213203708739));
#6656=CARTESIAN_POINT('Ctrl Pts',(249.360879900495,28.1375605475436,3.26464301904841));
#6657=CARTESIAN_POINT('Ctrl Pts',(319.041319850742,9.31867576437696,2.44709037349303));
#6658=CARTESIAN_POINT('Ctrl Pts',(110.,59.9520516219065,5.46665552166285));
#6659=CARTESIAN_POINT('Ctrl Pts',(179.680439950248,41.7878261693159,4.58603554708884));
#6660=CARTESIAN_POINT('Ctrl Pts',(249.360879900495,23.6234166911569,3.70544708944142));
#6661=CARTESIAN_POINT('Ctrl Pts',(319.041319850742,5.45919123856636,2.82482711486742));
#6662=CARTESIAN_POINT('Ctrl Pts',(110.,53.5263549603986,6.07551107963092));
#6663=CARTESIAN_POINT('Ctrl Pts',(179.680439950248,36.0769589764422,5.12617261816152));
#6664=CARTESIAN_POINT('Ctrl Pts',(249.360879900495,18.6273650250102,4.1769566990067));
#6665=CARTESIAN_POINT('Ctrl Pts',(319.041319850742,1.17796904105383,3.22761823753729));
#6666=CARTESIAN_POINT('Ctrl Pts',(110.,46.5532110326627,6.71836805851336));
#6667=CARTESIAN_POINT('Ctrl Pts',(179.680439950247,29.8745734237259,5.69422380812987));
#6668=CARTESIAN_POINT('Ctrl Pts',(249.360879900495,13.1951006893008,4.66986360531853));
#6669=CARTESIAN_POINT('Ctrl Pts',(319.041319850742,-3.48353691963594,3.64571935493504));
#6670=CARTESIAN_POINT('Ctrl Pts',(110.,40.1825997035935,7.23640712989433));
#6671=CARTESIAN_POINT('Ctrl Pts',(179.680439950247,24.2139313995416,6.15192522484184));
#6672=CARTESIAN_POINT('Ctrl Pts',(249.360879900495,8.24537777529738,5.06754469142794));
#6673=CARTESIAN_POINT('Ctrl Pts',(319.041319850742,-7.72329052875455,3.98306278637545));
#6674=CARTESIAN_POINT('Ctrl Pts',(110.,35.6234612008811,7.54059700948393));
#6675=CARTESIAN_POINT('Ctrl Pts',(179.680439950247,20.1705016667486,6.42284762970437));
#6676=CARTESIAN_POINT('Ctrl Pts',(249.360879900495,4.71740833577591,5.30509666303465));
#6677=CARTESIAN_POINT('Ctrl Pts',(319.041319850742,-10.7355511983566,4.18734728325509));
#6678=CARTESIAN_POINT('Ctrl Pts',(110.,32.9922678561549,7.69741372892614));
#6679=CARTESIAN_POINT('Ctrl Pts',(179.680439950247,17.8386933916005,6.56317796747921));
#6680=CARTESIAN_POINT('Ctrl Pts',(249.360879900494,2.6847665695117,5.42889125543623));
#6681=CARTESIAN_POINT('Ctrl Pts',(319.041319850742,-12.4688078950426,4.2946554939893));
#6682=CARTESIAN_POINT('Ctrl Pts',(110.,29.0270514803583,7.91683152261421));
#6683=CARTESIAN_POINT('Ctrl Pts',(179.680439950247,14.3253852360614,6.75995890479258));
#6684=CARTESIAN_POINT('Ctrl Pts',(249.360879900495,-0.375542609149413,5.60333458342127));
#6685=CARTESIAN_POINT('Ctrl Pts',(319.041319850742,-15.0772088534463,4.44646196559963));
#6686=CARTESIAN_POINT('Ctrl Pts',(110.,23.0250616305324,8.18826842945782));
#6687=CARTESIAN_POINT('Ctrl Pts',(179.680439950247,9.01129447943971,7.00535441171036));
#6688=CARTESIAN_POINT('Ctrl Pts',(249.360879900495,-5.00094701958531,5.82293284579086));
#6689=CARTESIAN_POINT('Ctrl Pts',(319.041319850742,-19.014714170678,4.64001882804341));
#6690=CARTESIAN_POINT('Ctrl Pts',(110.,16.6966164080978,8.46755856900714));
#6691=CARTESIAN_POINT('Ctrl Pts',(179.680439950247,3.38760750203612,7.2500797949669));
#6692=CARTESIAN_POINT('Ctrl Pts',(249.360879900495,-9.92253017152407,6.0323125469978));
#6693=CARTESIAN_POINT('Ctrl Pts',(319.041319850742,-23.2315390775858,4.81483377295757));
#6694=CARTESIAN_POINT('Ctrl Pts',(110.,11.876194929323,8.6699024277822));
#6695=CARTESIAN_POINT('Ctrl Pts',(179.680439950247,-0.915617807531777,7.42012109468472));
#6696=CARTESIAN_POINT('Ctrl Pts',(249.360879900495,-13.7069154391921,6.17054084831955));
#6697=CARTESIAN_POINT('Ctrl Pts',(319.041319850742,-26.498728176047,4.92075951522207));
#6698=CARTESIAN_POINT('Ctrl Pts',(110.,7.68204585269715,8.80191467798539));
#6699=CARTESIAN_POINT('Ctrl Pts',(179.680439950247,-4.66299048310866,7.52792810496194));
#6700=CARTESIAN_POINT('Ctrl Pts',(249.360879900495,-17.0083536551161,6.25389538569296));
#6701=CARTESIAN_POINT('Ctrl Pts',(319.041319850742,-29.3533899909219,4.97990881266952));
#6702=CARTESIAN_POINT('Ctrl Pts',(110.,2.69831399065571,8.82800512172308));
#6703=CARTESIAN_POINT('Ctrl Pts',(179.680439950248,-9.10589796689014,7.54385487481202));
#6704=CARTESIAN_POINT('Ctrl Pts',(249.360879900495,-20.9096846877053,6.25989631657221));
#6705=CARTESIAN_POINT('Ctrl Pts',(319.041319850742,-32.7138966452511,4.97574606966116));
#6706=CARTESIAN_POINT('Ctrl Pts',(110.,-3.57257595088527,8.57105303483135));
#6707=CARTESIAN_POINT('Ctrl Pts',(179.680439950247,-14.6507716890972,7.32293625589901));
#6708=CARTESIAN_POINT('Ctrl Pts',(249.360879900495,-25.7302115052858,6.07452967909505));
#6709=CARTESIAN_POINT('Ctrl Pts',(319.041319850742,-36.8084072434977,4.8264129001627));
#6710=CARTESIAN_POINT('Ctrl Pts',(110.,-10.4441854377112,8.00743258225401));
#6711=CARTESIAN_POINT('Ctrl Pts',(179.680439950248,-20.6855656156922,6.84340310006943));
#6712=CARTESIAN_POINT('Ctrl Pts',(249.360879900495,-30.9272926185122,5.67936424299642));
#6713=CARTESIAN_POINT('Ctrl Pts',(319.041319850743,-41.1686727964933,4.51533476081184));
#6714=CARTESIAN_POINT('Ctrl Pts',(110.,-17.0026893488867,7.29836139377321));
#6715=CARTESIAN_POINT('Ctrl Pts',(179.680439950248,-26.4548586911865,6.22635258360596));
#6716=CARTESIAN_POINT('Ctrl Pts',(249.360879900495,-35.9074247871213,5.1543878699718));
#6717=CARTESIAN_POINT('Ctrl Pts',(319.041319850743,-45.3595941294211,4.08237905980455));
#6718=CARTESIAN_POINT('Ctrl Pts',(110.,-22.1175306986203,6.65588551961792));
#6719=CARTESIAN_POINT('Ctrl Pts',(179.680439950247,-31.0222121230868,5.63643978565489));
#6720=CARTESIAN_POINT('Ctrl Pts',(249.360879900495,-39.9279129418401,4.61677081695768));
#6721=CARTESIAN_POINT('Ctrl Pts',(319.041319850743,-48.8325943663066,3.59732508299465));
#6722=CARTESIAN_POINT('Ctrl Pts',(110.,-24.4621528288114,6.28930332283947));
#6723=CARTESIAN_POINT('Ctrl Pts',(179.680439950248,-33.1685320727266,5.2807922439504));
#6724=CARTESIAN_POINT('Ctrl Pts',(249.360879900495,-41.8752135954731,4.27234454545989));
#6725=CARTESIAN_POINT('Ctrl Pts',(319.041319850743,-50.5815928393883,3.26383346657083));
#6726=CARTESIAN_POINT('Ctrl Pts',(110.,-25.9411835512817,5.99355777198723));
#6727=CARTESIAN_POINT('Ctrl Pts',(179.680439950248,-34.498844479285,5.00861995386201));
#6728=CARTESIAN_POINT('Ctrl Pts',(249.360879900495,-43.0558408991562,4.02392662193001));
#6729=CARTESIAN_POINT('Ctrl Pts',(319.041319850743,-51.6135018271595,3.03898880380479));
#6730=CARTESIAN_POINT('Ctrl Pts',(110.,-26.9085746260782,5.77835256868157));
#6731=CARTESIAN_POINT('Ctrl Pts',(179.680439950248,-35.3572077499588,4.81576753514019));
#6732=CARTESIAN_POINT('Ctrl Pts',(249.360879900495,-43.8048291587668,3.85358874606446));
#6733=CARTESIAN_POINT('Ctrl Pts',(319.041319850743,-52.2534622826473,2.89100371252308));
#6734=CARTESIAN_POINT('Ctrl Pts',(110.,-28.3074652392884,5.41436510713863));
#6735=CARTESIAN_POINT('Ctrl Pts',(179.680439950247,-36.5577391344889,4.50588107700247));
#6736=CARTESIAN_POINT('Ctrl Pts',(249.360879900495,-44.8087436325207,3.59724568619105));
#6737=CARTESIAN_POINT('Ctrl Pts',(319.041319850742,-53.0590175277212,2.6887616560549));
#6738=CARTESIAN_POINT('Ctrl Pts',(110.,-30.0804649232738,4.89600654549221));
#6739=CARTESIAN_POINT('Ctrl Pts',(179.680439950248,-38.0320668362777,4.08124122846874));
#6740=CARTESIAN_POINT('Ctrl Pts',(249.360879900495,-45.9824621346948,3.26697884417049));
#6741=CARTESIAN_POINT('Ctrl Pts',(319.041319850742,-53.9340640476988,2.45221352714702));
#6742=CARTESIAN_POINT('Ctrl Pts',(110.,-32.1050426718869,4.250959748748));
#6743=CARTESIAN_POINT('Ctrl Pts',(179.680439950247,-39.6975154516963,3.55782678177903));
#6744=CARTESIAN_POINT('Ctrl Pts',(249.360879900495,-47.2917265363808,2.8642540531172));
#6745=CARTESIAN_POINT('Ctrl Pts',(319.041319850742,-54.8841993161901,2.17112108614824));
#6746=CARTESIAN_POINT('Ctrl Pts',(110.,-34.2379435877878,3.50299285604298));
#6747=CARTESIAN_POINT('Ctrl Pts',(179.680439950248,-41.4809014940009,2.93820452633785));
#6748=CARTESIAN_POINT('Ctrl Pts',(249.360879900495,-48.7206002095379,2.37459745323518));
#6749=CARTESIAN_POINT('Ctrl Pts',(319.041319850742,-55.963558115751,1.80980912353006));
#6750=CARTESIAN_POINT('Ctrl Pts',(110.,-36.9901217272227,2.41111150183352));
#6751=CARTESIAN_POINT('Ctrl Pts',(179.680439950247,-43.8528758957849,2.0044551992816));
#6752=CARTESIAN_POINT('Ctrl Pts',(249.360879900495,-50.7190337251437,1.59684674717826));
#6753=CARTESIAN_POINT('Ctrl Pts',(319.041319850742,-57.5817878937059,1.19019044462634));
#6754=CARTESIAN_POINT('Ctrl Pts',(110.,-39.1370048019317,1.26372764224209));
#6755=CARTESIAN_POINT('Ctrl Pts',(179.680439950248,-45.8738798277495,0.953468341640764));
#6756=CARTESIAN_POINT('Ctrl Pts',(249.360879900494,-52.6138673101708,0.642438654029617));
#6757=CARTESIAN_POINT('Ctrl Pts',(319.041319850742,-59.3507423359886,0.332179353428291));
#6758=CARTESIAN_POINT('Ctrl Pts',(110.,-40.451865867604,0.113651121469913));
#6759=CARTESIAN_POINT('Ctrl Pts',(179.680439950247,-47.1934981138804,-0.136389577248727));
#6760=CARTESIAN_POINT('Ctrl Pts',(249.360879900495,-53.9348948539989,-0.386189321538658));
#6761=CARTESIAN_POINT('Ctrl Pts',(319.041319850742,-60.6765271002753,-0.636230020257299));
#6762=CARTESIAN_POINT('Ctrl Pts',(110.,-41.0348301123792,-0.605376220652934));
#6763=CARTESIAN_POINT('Ctrl Pts',(179.680439950247,-47.7624506507132,-0.810171277204321));
#6764=CARTESIAN_POINT('Ctrl Pts',(249.360879900495,-54.4934093805138,-1.01570736076006));
#6765=CARTESIAN_POINT('Ctrl Pts',(319.041319850742,-61.2210299188478,-1.22050241731145));
#6766=CARTESIAN_POINT('Ctrl Pts',(110.,-41.5525309439701,-1.43145889335908));
#6767=CARTESIAN_POINT('Ctrl Pts',(179.680439950247,-48.2409706128881,-1.56823642769795));
#6768=CARTESIAN_POINT('Ctrl Pts',(249.360879900495,-54.9279028261208,-1.70431762210551));
#6769=CARTESIAN_POINT('Ctrl Pts',(319.041319850742,-61.6163424950388,-1.84109515644439));
#6770=CARTESIAN_POINT('Ctrl Pts',(110.,-41.7542977398979,-1.91082583595134));
#6771=CARTESIAN_POINT('Ctrl Pts',(179.680439950247,-48.4017068408927,-1.98653699001638));
#6772=CARTESIAN_POINT('Ctrl Pts',(249.360879900495,-55.0530056632637,-2.06278639943023));
#6773=CARTESIAN_POINT('Ctrl Pts',(319.041319850742,-61.7004147642584,-2.13849755349527));
#6774=CARTESIAN_POINT('Ctrl Pts',(110.,-41.8199444992425,-2.18479688690133));
#6775=CARTESIAN_POINT('Ctrl Pts',(179.680439950247,-48.4561768754566,-2.20863123070154));
#6776=CARTESIAN_POINT('Ctrl Pts',(249.360879900495,-55.0924092516706,-2.23246557450175));
#6777=CARTESIAN_POINT('Ctrl Pts',(319.041319850742,-61.7286416278846,-2.25629991830196));
#6778=CARTESIAN_POINT('',(110.,100.50587436609,1.21055293632221));
#6779=CARTESIAN_POINT('Ctrl Pts',(110.000000000022,100.505874366149,1.21055293670949));
#6780=CARTESIAN_POINT('Ctrl Pts',(179.680010707852,77.5447047519386,0.834219947771049));
#6781=CARTESIAN_POINT('Ctrl Pts',(249.360025350839,54.5835448953403,0.458025894759546));
#6782=CARTESIAN_POINT('Ctrl Pts',(319.040037896469,31.6223777834877,0.0819152458728854));
#6783=CARTESIAN_POINT('',(110.000001639128,53.4986140326787,6.07535632008307));
#6784=CARTESIAN_POINT('Ctrl Pts',(110.,100.50587436609,1.21055293632221));
#6785=CARTESIAN_POINT('Ctrl Pts',(110.,100.504632234448,1.21068390554995));
#6786=CARTESIAN_POINT('Ctrl Pts',(110.,99.8790435957419,1.27664574296122));
#6787=CARTESIAN_POINT('Ctrl Pts',(110.,98.6295657399754,1.40873412376953));
#6788=CARTESIAN_POINT('Ctrl Pts',(110.,96.7573569224686,1.60762636071258));
#6789=CARTESIAN_POINT('Ctrl Pts',(110.,94.264336656034,1.87424928151265));
#6790=CARTESIAN_POINT('Ctrl Pts',(110.,91.1541843504107,2.20950258001972));
#6791=CARTESIAN_POINT('Ctrl Pts',(110.,88.0478432111185,2.54647569361345));
#6792=CARTESIAN_POINT('Ctrl Pts',(110.,84.9435902874551,2.88440021041939));
#6793=CARTESIAN_POINT('Ctrl Pts',(110.,81.8385930341262,3.22200030509178));
#6794=CARTESIAN_POINT('Ctrl Pts',(110.,78.7297122685368,3.55774342491119));
#6795=CARTESIAN_POINT('Ctrl Pts',(110.,75.6141653817531,3.89003251917996));
#6796=CARTESIAN_POINT('Ctrl Pts',(110.,72.4902708669812,4.21742739058636));
#6797=CARTESIAN_POINT('Ctrl Pts',(110.,69.35809848766,4.53883876886208));
#6798=CARTESIAN_POINT('Ctrl Pts',(110.,66.2203092195739,4.85377066689452));
#6799=CARTESIAN_POINT('Ctrl Pts',(110.,63.0824685870657,5.16243257832475));
#6800=CARTESIAN_POINT('Ctrl Pts',(110.,59.9511542420645,5.46531116995834));
#6801=CARTESIAN_POINT('Ctrl Pts',(110.,57.4086901678684,5.70785393367091));
#6802=CARTESIAN_POINT('Ctrl Pts',(110.,55.4977167965487,5.8883411253238));
#6803=CARTESIAN_POINT('Ctrl Pts',(110.,54.2115026032023,6.00886901751389));
#6804=CARTESIAN_POINT('Ctrl Pts',(110.,53.5457022965535,6.07096609159321));
#6805=CARTESIAN_POINT('Ctrl Pts',(110.,53.4986140383064,6.07535638016378));
#6806=CARTESIAN_POINT('',(120.000002086162,53.4986140326787,5.70415623754565));
#6807=CARTESIAN_POINT('Ctrl Pts',(110.000001639128,53.4986140326787,6.07535632008303));
#6808=CARTESIAN_POINT('Ctrl Pts',(113.315144735812,53.4986140326787,5.95278159851929));
#6809=CARTESIAN_POINT('Ctrl Pts',(116.681464771962,53.4986140326787,5.82780257839997));
#6810=CARTESIAN_POINT('Ctrl Pts',(120.000002086162,53.4986140326787,5.70415623754566));
#6811=CARTESIAN_POINT('',(120.000002086162,-25.7506959489917,6.12290817251453));
#6812=CARTESIAN_POINT('Ctrl Pts',(120.000002086162,53.4986140326787,5.70415623754565));
#6813=CARTESIAN_POINT('Ctrl Pts',(120.000002086162,43.6607907182861,6.6329132010918));
#6814=CARTESIAN_POINT('Ctrl Pts',(120.000002086162,38.2432848377911,7.09149041288966));
#6815=CARTESIAN_POINT('Ctrl Pts',(120.000002086162,31.7415969646253,7.47914698843416));
#6816=CARTESIAN_POINT('Ctrl Pts',(120.000002086162,29.3034640121881,7.62451820426335));
#6817=CARTESIAN_POINT('Ctrl Pts',(120.000002086162,26.7127041436122,7.75727514040217));
#6818=CARTESIAN_POINT('Ctrl Pts',(120.000002086162,23.679051575635,7.89713868982899));
#6819=CARTESIAN_POINT('Ctrl Pts',(120.000002086162,22.0409141248713,7.97266339583235));
#6820=CARTESIAN_POINT('Ctrl Pts',(120.000002086162,20.2736502306168,8.05061465350947));
#6821=CARTESIAN_POINT('Ctrl Pts',(120.000002086162,18.3316144738173,8.13577168906437));
#6822=CARTESIAN_POINT('Ctrl Pts',(120.000002086162,17.1940898069198,8.18565142385525));
#6823=CARTESIAN_POINT('Ctrl Pts',(120.000002086162,15.9758052687145,8.23897180292876));
#6824=CARTESIAN_POINT('Ctrl Pts',(120.000002086162,14.8868415123891,8.28611693116014));
#6825=CARTESIAN_POINT('Ctrl Pts',(120.000002086162,9.59877728824158,8.51505610796471));
#6826=CARTESIAN_POINT('Ctrl Pts',(120.000002086162,6.1996119619367,8.63885052728401));
#6827=CARTESIAN_POINT('Ctrl Pts',(120.000002086162,2.66870418890732,8.61886662170128));
#6828=CARTESIAN_POINT('Ctrl Pts',(120.000002086162,0.145538853633618,8.60458624365944));
#6829=CARTESIAN_POINT('Ctrl Pts',(120.000002086162,-2.53587413176972,8.5104314744008));
#6830=CARTESIAN_POINT('Ctrl Pts',(120.000002086162,-5.23807645212624,8.3427895662435));
#6831=CARTESIAN_POINT('Ctrl Pts',(120.000002086162,-11.9644451438911,7.92549243273047));
#6832=CARTESIAN_POINT('Ctrl Pts',(120.000002086162,-18.7452735971312,7.12635023958043));
#6833=CARTESIAN_POINT('Ctrl Pts',(120.000002086162,-22.9018889297657,6.55674751871394));
#6834=CARTESIAN_POINT('Ctrl Pts',(120.000002086162,-24.0857631078383,6.39451505334738));
#6835=CARTESIAN_POINT('Ctrl Pts',(120.000002086162,-25.0559049774664,6.24429528332694));
#6836=CARTESIAN_POINT('Ctrl Pts',(120.000002086162,-25.7506959489917,6.12290817251453));
#6837=CARTESIAN_POINT('',(110.,-25.7506959489917,6.03032651516015));
#6838=CARTESIAN_POINT('Ctrl Pts',(120.000002086162,-25.7506959489917,6.12290817251454));
#6839=CARTESIAN_POINT('Ctrl Pts',(116.663343468689,-25.7506959489917,6.09824188729861));
#6840=CARTESIAN_POINT('Ctrl Pts',(113.355651294152,-25.7506959489917,6.06836138239193));
#6841=CARTESIAN_POINT('Ctrl Pts',(110.,-25.7506959489917,6.03032651516015));
#6842=CARTESIAN_POINT('Ctrl Pts',(110.,-25.7506959489916,6.03032651516016));
#6843=CARTESIAN_POINT('Ctrl Pts',(110.,-26.0281413107876,5.97282545419931));
#6844=CARTESIAN_POINT('Ctrl Pts',(110.,-26.6167719685434,5.84457359592086));
#6845=CARTESIAN_POINT('Ctrl Pts',(110.,-27.5213648341793,5.62676653687024));
#6846=CARTESIAN_POINT('Ctrl Pts',(110.,-28.8377415026088,5.26931193197958));
#6847=CARTESIAN_POINT('Ctrl Pts',(110.,-30.8069465445996,4.67689150729612));
#6848=CARTESIAN_POINT('Ctrl Pts',(110.,-33.0834373002025,3.9270669396871));
#6849=CARTESIAN_POINT('Ctrl Pts',(110.,-35.3955657793193,3.07374700715996));
#6850=CARTESIAN_POINT('Ctrl Pts',(110.,-37.4818418700734,2.1647006007923));
#6851=CARTESIAN_POINT('Ctrl Pts',(110.,-39.1287420976128,1.24183596092483));
#6852=CARTESIAN_POINT('Ctrl Pts',(110.,-40.2976191560413,0.312922353046993));
#6853=CARTESIAN_POINT('Ctrl Pts',(110.,-41.0860838068934,-0.621424270304062));
#6854=CARTESIAN_POINT('Ctrl Pts',(110.,-41.5049790849635,-1.34261726651529));
#6855=CARTESIAN_POINT('Ctrl Pts',(110.,-41.7087284340071,-1.80640953271137));
#6856=CARTESIAN_POINT('Ctrl Pts',(110.,-41.7916669770985,-2.06678310316841));
#6857=CARTESIAN_POINT('Ctrl Pts',(110.,-41.8199444992425,-2.18479688690133));
#6858=CARTESIAN_POINT('Origin',(319.4,19.9999991804361,-2.00000004470348));
#6859=CARTESIAN_POINT('',(319.4,18.1999991812876,0.00171424101080196));
#6860=CARTESIAN_POINT('',(319.4,18.1999991812876,-3.9982857589892));
#6861=CARTESIAN_POINT('',(319.4,18.1999991812876,-0.700000044703484));
#6862=CARTESIAN_POINT('',(319.4,22.1999991812876,0.00171424101080196));
#6863=CARTESIAN_POINT('',(319.4,55.9999993294478,0.00171424101080189));
#6864=CARTESIAN_POINT('',(319.4,22.1999991812876,-3.9982857589892));
#6865=CARTESIAN_POINT('',(319.4,22.1999991812877,-2.70000004470348));
#6866=CARTESIAN_POINT('',(319.4,53.9999993294477,-3.9982857589892));
#6867=CARTESIAN_POINT('Origin',(110.,91.9999994784594,-3.40000004470348));
#6868=CARTESIAN_POINT('',(114.743416488233,90.4188606423167,0.586447336758708));
#6869=CARTESIAN_POINT('',(110.,91.9999994784594,0.599999955296517));
#6870=CARTESIAN_POINT('',(114.743416488233,90.4188606423167,-3.41355266324129));
#6871=CARTESIAN_POINT('',(114.743416488233,90.4188606423167,-2.28145363416825));
#6872=CARTESIAN_POINT('',(110.,91.9999994784594,-3.40000004470348));
#6873=CARTESIAN_POINT('Origin',(110.,91.9999994784594,0.599999955296517));
#6874=CARTESIAN_POINT('',(110.,87.9999994784594,0.599999955296517));
#6875=CARTESIAN_POINT('',(110.,87.9999994784594,0.599999955296517));
#6876=CARTESIAN_POINT('',(110.,92.9999994784594,0.599999955296517));
#6877=CARTESIAN_POINT('',(110.,67.1459290873283,0.599999955296517));
#6878=CARTESIAN_POINT('',(111.398939997228,92.2387636971959,0.596002983875866));
#6879=CARTESIAN_POINT('Origin',(319.4,-53.0000008195639,-1.40000004470348));
#6880=CARTESIAN_POINT('',(319.4,-54.9457151044267,-3.40000004470348));
#6881=CARTESIAN_POINT('',(319.4,-50.9457151044267,-3.40000004470348));
#6882=CARTESIAN_POINT('',(319.4,-44.5000006705522,-3.40000004470348));
#6883=CARTESIAN_POINT('',(319.4,-54.9457151044267,0.599999955296516));
#6884=CARTESIAN_POINT('',(319.4,-54.9457151044267,-0.400000044703484));
#6885=CARTESIAN_POINT('',(319.4,-50.9457151044267,0.599999955296516));
#6886=CARTESIAN_POINT('',(319.4,-42.5000006705523,0.599999955296516));
#6887=CARTESIAN_POINT('',(319.4,-50.9457151044267,-2.40000004470348));
#6888=CARTESIAN_POINT('Origin',(110.,-32.0000005215406,0.599999955296517));
#6889=CARTESIAN_POINT('',(110.,-36.0000005215406,0.599999955296517));
#6890=CARTESIAN_POINT('',(110.,-36.0000005215406,0.599999955296517));
#6891=CARTESIAN_POINT('',(110.,-32.0000005215406,0.599999955296517));
#6892=CARTESIAN_POINT('',(110.,5.14592908732832,0.599999955296517));
#6893=CARTESIAN_POINT('',(110.,-32.0000005215406,0.599999955296517));
#6894=CARTESIAN_POINT('Origin',(110.,-36.0000005215406,0.599999955296517));
#6895=CARTESIAN_POINT('',(110.,-36.0000005215406,-3.40000004470348));
#6896=CARTESIAN_POINT('',(110.,-36.0000005215406,-3.40000004470348));
#6897=CARTESIAN_POINT('',(110.,-36.0000005215406,-0.281453634168247));
#6898=CARTESIAN_POINT('Origin',(112.371708244117,91.709430060388,-2.28145363416825));
#6899=CARTESIAN_POINT('',(110.,92.9999994784594,-3.40000004470348));
#6900=CARTESIAN_POINT('',(112.234200824848,91.7842549763557,-3.40638347563162));
#6901=CARTESIAN_POINT('',(110.,92.9999994784594,-2.28145363416825));
#6902=CARTESIAN_POINT('Origin',(110.,-36.0000005215406,-3.40000004470348));
#6903=CARTESIAN_POINT('',(110.,-32.0000005215406,-3.40000004470348));
#6904=CARTESIAN_POINT('',(110.,-32.0000005215406,-3.40000004470348));
#6905=CARTESIAN_POINT('',(110.,3.14592908732832,-3.40000004470348));
#6906=CARTESIAN_POINT('Origin',(110.,-32.0000005215406,-3.40000004470348));
#6907=CARTESIAN_POINT('',(110.,-32.0000005215406,-2.28145363416825));
#6908=CARTESIAN_POINT('Origin',(110.,87.9999994784594,0.599999955296517));
#6909=CARTESIAN_POINT('',(110.,87.9999994784594,-3.40000004470348));
#6910=CARTESIAN_POINT('',(110.,87.9999994784594,-3.40000004470348));
#6911=CARTESIAN_POINT('',(110.,87.9999994784594,-0.281453634168248));
#6912=CARTESIAN_POINT('Origin',(110.,87.9999994784594,-3.40000004470348));
#6913=CARTESIAN_POINT('',(110.,65.1459290873283,-3.40000004470348));
#6914=CARTESIAN_POINT('Origin',(110.,74.9999998509884,-1.6));
#6915=CARTESIAN_POINT('',(110.,71.8249998509884,-1.6));
#6916=CARTESIAN_POINT('Origin',(110.,74.9999998509884,-1.6));
#6917=CARTESIAN_POINT('',(132.,71.8249998509884,-1.6));
#6918=CARTESIAN_POINT('',(110.,71.8249998509884,-1.6));
#6919=CARTESIAN_POINT('Origin',(132.,74.9999998509884,-1.6));
#6920=CARTESIAN_POINT('Origin',(132.,74.9999998509884,-1.6));
#6921=CARTESIAN_POINT('Origin',(302.,-14.0000001490116,0.));
#6922=CARTESIAN_POINT('Origin',(110.000001639128,-25.7506959489917,0.));
#6923=CARTESIAN_POINT('',(110.,-25.7506959489917,-0.581453611816505));
#6924=CARTESIAN_POINT('',(120.000002086162,-25.7506959489917,0.));
#6925=CARTESIAN_POINT('Origin',(120.000002086162,-25.7506959489917,0.));
#6926=CARTESIAN_POINT('',(120.000002086162,53.4986140326787,0.));
#6927=CARTESIAN_POINT('Origin',(120.000002086162,53.4986140326787,0.));
#6928=CARTESIAN_POINT('',(110.,53.4986140326787,-0.581453611816506));
#6929=CARTESIAN_POINT('Origin',(110.,42.2918586961973,-1.16290722363301));
#6930=CARTESIAN_POINT('Origin',(122.329548658531,98.09906972149,-2.85825840507742));
#6931=CARTESIAN_POINT('',(112.837122826481,101.245066392297,-2.85670152244802));
#6932=CARTESIAN_POINT('',(131.832550737273,94.9856233915034,-2.85981723226817));
#6933=CARTESIAN_POINT('',(173.036732304648,81.4078705171493,-2.86657571508491));
#6934=CARTESIAN_POINT('',(112.027696127207,98.7539071278395,-2.85655270030885));
#6935=CARTESIAN_POINT('',(112.355458140545,99.7626548956092,-2.85661296301579));
#6936=CARTESIAN_POINT('',(116.001496860555,90.9548839599675,-2.85716671715475));
#6937=CARTESIAN_POINT('',(115.138165642832,92.6492668997229,-2.85703331843978));
#6938=CARTESIAN_POINT('',(123.249803137405,88.5997664507541,-2.85835580906297));
#6939=CARTESIAN_POINT('',(121.289998879841,89.236545464406,-2.8580343012106));
#6940=CARTESIAN_POINT('',(131.048826194189,92.5735672312138,-2.85967313575749));
#6941=CARTESIAN_POINT('',(129.039424905315,91.5497261229306,-2.85933372940622));
#6942=CARTESIAN_POINT('',(132.303639176517,96.4354845473707,-2.85990384713932));
#6943=CARTESIAN_POINT('Origin',(132.303738742138,96.4354880406078,-2.25990385541058));
#6944=CARTESIAN_POINT('',(131.832728559296,94.9855647949391,-1.65981724489276));
#6945=CARTESIAN_POINT('',(131.832839903459,94.9855281044023,-0.908431149221872));
#6946=CARTESIAN_POINT('',(131.049025325432,92.573574217688,-1.65967315230001));
#6947=CARTESIAN_POINT('',(131.04892575981,92.5735707244509,-2.25967314402872));
#6948=CARTESIAN_POINT('',(132.30383830776,96.4354915338449,-1.65990386368185));
#6949=CARTESIAN_POINT('Origin',(122.329747789774,98.0990767079642,-1.65825842161995));
#6950=CARTESIAN_POINT('',(112.837300648503,101.245007795733,-1.65670153507261));
#6951=CARTESIAN_POINT('',(173.036909854304,81.4078120103363,-1.66657572766482));
#6952=CARTESIAN_POINT('',(123.250002268648,88.5997734372283,-1.6583558256055));
#6953=CARTESIAN_POINT('',(129.039624036558,91.5497331094048,-1.65933374594875));
#6954=CARTESIAN_POINT('',(116.001695991798,90.9548909464417,-1.65716673369727));
#6955=CARTESIAN_POINT('',(121.290198011084,89.2365524508802,-1.65803431775313));
#6956=CARTESIAN_POINT('',(112.02789525845,98.7539141143137,-1.65655271685138));
#6957=CARTESIAN_POINT('',(115.138364774075,92.6492738861971,-1.65703333498231));
#6958=CARTESIAN_POINT('',(112.355657271788,99.7626618820834,-1.65661297955831));
#6959=CARTESIAN_POINT('Origin',(112.355557706167,99.7626583888463,-2.25661297128705));
#6960=CARTESIAN_POINT('',(112.837412006149,101.244971100754,-0.905224462197941));
#6961=CARTESIAN_POINT('',(112.027795692828,98.7539106210766,-2.25655270858017));
#6962=CARTESIAN_POINT('Origin',(115.86055966135,91.2316876931296,-2.25714493295213));
#6963=CARTESIAN_POINT('',(116.001596426177,90.9548874532046,-2.25716672542624));
#6964=CARTESIAN_POINT('Origin',(122.954447326323,88.6957692166883,-2.25830734758387));
#6965=CARTESIAN_POINT('',(123.249902703026,88.5997699439912,-2.25835581733447));
#6966=CARTESIAN_POINT('Origin',(131.717180643587,92.9140635989255,-2.25978601842218));
#6967=CARTESIAN_POINT('Origin',(209.764700946146,69.2645216505557,-2.87277651628605));
#6968=CARTESIAN_POINT('',(200.278907039228,72.4309292884711,-2.87122085301002));
#6969=CARTESIAN_POINT('',(219.274334950021,66.1714862876772,-2.87433656283017));
#6970=CARTESIAN_POINT('',(216.757666781369,67.000788003204,-2.8739237683533));
#6971=CARTESIAN_POINT('',(199.462848414821,69.9193590569053,-2.87107081151735));
#6972=CARTESIAN_POINT('',(199.79061042816,70.928106824675,-2.87113107422428));
#6973=CARTESIAN_POINT('',(203.43664914817,62.1203358890333,-2.87168482836348));
#6974=CARTESIAN_POINT('',(202.573317930446,63.8147188287886,-2.87155142964849));
#6975=CARTESIAN_POINT('',(210.684955425019,59.7652183798198,-2.87287392027173));
#6976=CARTESIAN_POINT('',(208.725151167456,60.4019973934718,-2.87255241241936));
#6977=CARTESIAN_POINT('',(218.483978481804,63.7390191602796,-2.87419124696598));
#6978=CARTESIAN_POINT('',(216.47457719293,62.7151780519963,-2.87385184061494));
#6979=CARTESIAN_POINT('',(219.738791464131,67.6009364764365,-2.87442195834781));
#6980=CARTESIAN_POINT('Origin',(219.738891029753,67.6009399696735,-2.27442196661908));
#6981=CARTESIAN_POINT('',(219.274512772043,66.1714276911129,-1.67433657545476));
#6982=CARTESIAN_POINT('',(219.274624127765,66.1713909967675,-0.922872483082021));
#6983=CARTESIAN_POINT('',(218.484177613047,63.7390261467537,-1.67419126350851));
#6984=CARTESIAN_POINT('',(218.484078047425,63.7390226535167,-2.27419125523725));
#6985=CARTESIAN_POINT('',(219.738990595374,67.6009434629106,-1.67442197489034));
#6986=CARTESIAN_POINT('Origin',(209.764900077389,69.2645286370299,-1.67277653282857));
#6987=CARTESIAN_POINT('',(200.279084861251,72.4308706919068,-1.67122086563461));
#6988=CARTESIAN_POINT('',(216.757844331025,67.000729496391,-1.67392378093321));
#6989=CARTESIAN_POINT('',(210.685154556262,59.765225366294,-1.67287393681426));
#6990=CARTESIAN_POINT('',(216.474776324172,62.7151850384705,-1.67385185715747));
#6991=CARTESIAN_POINT('',(203.436848279413,62.1203428755074,-1.671684844906));
#6992=CARTESIAN_POINT('',(208.725350298698,60.402004379946,-1.67255242896188));
#6993=CARTESIAN_POINT('',(199.463047546064,69.9193660433795,-1.67107082805988));
#6994=CARTESIAN_POINT('',(202.573517061689,63.8147258152628,-1.67155144619101));
#6995=CARTESIAN_POINT('',(199.790809559403,70.9281138111492,-1.67113109076681));
#6996=CARTESIAN_POINT('Origin',(199.790709993782,70.9281103179121,-2.27113108249554));
#6997=CARTESIAN_POINT('',(200.279196230454,72.430833993119,-0.919665796058044));
#6998=CARTESIAN_POINT('',(199.462947980443,69.9193625501424,-2.27107081978862));
#6999=CARTESIAN_POINT('Origin',(203.295711948965,62.3971396221954,-2.27166304416063));
#7000=CARTESIAN_POINT('',(203.436748713791,62.1203393822703,-2.27168483663473));
#7001=CARTESIAN_POINT('Origin',(210.389599613938,59.8612211457541,-2.27282545879237));
#7002=CARTESIAN_POINT('',(210.685054990641,59.7652218730569,-2.272873928543));
#7003=CARTESIAN_POINT('Origin',(219.152332931202,64.0795155279912,-2.27430412963069));
#7004=CARTESIAN_POINT('Origin',(303.498582869413,38.3740434061945,-2.88834049583159));
#7005=CARTESIAN_POINT('',(294.013653614894,41.5431121706008,-2.88678499153156));
#7006=CARTESIAN_POINT('',(313.009081525686,35.2836691698068,-2.88990070135171));
#7007=CARTESIAN_POINT('',(263.625045581028,51.5568776279917,-2.88180052448429));
#7008=CARTESIAN_POINT('',(293.196730338089,39.028880812544,-2.88663479106289));
#7009=CARTESIAN_POINT('',(293.524492351427,40.0376285803138,-2.88669505376982));
#7010=CARTESIAN_POINT('',(297.170531071437,31.229857644672,-2.88724880790902));
#7011=CARTESIAN_POINT('',(296.307199853714,32.9242405844273,-2.88711540919403));
#7012=CARTESIAN_POINT('',(304.418837348287,28.8747401354586,-2.88843789981728));
#7013=CARTESIAN_POINT('',(302.459033090723,29.5115191491105,-2.8881163919649));
#7014=CARTESIAN_POINT('',(312.217860405071,32.8485409159183,-2.88975522651153));
#7015=CARTESIAN_POINT('',(310.208459116197,31.8246998076351,-2.88941582016049));
#7016=CARTESIAN_POINT('',(313.472673387399,36.7104582320752,-2.88998593789336));
#7017=CARTESIAN_POINT('Origin',(313.47277295302,36.7104617253123,-2.28998594616462));
#7018=CARTESIAN_POINT('',(313.009259347708,35.2836105732425,-1.6899007139763));
#7019=CARTESIAN_POINT('',(313.009370715725,35.2835738748455,-0.938353647928738));
#7020=CARTESIAN_POINT('',(312.218059536314,32.8485479023925,-1.68975524305405));
#7021=CARTESIAN_POINT('',(312.217959970692,32.8485444091554,-2.28975523478279));
#7022=CARTESIAN_POINT('',(313.472872518642,36.7104652185494,-1.68998595443588));
#7023=CARTESIAN_POINT('Origin',(303.498782000656,38.3740503926686,-1.68834051237412));
#7024=CARTESIAN_POINT('',(294.013831436916,41.5430535740365,-1.68678500415615));
#7025=CARTESIAN_POINT('',(263.625223130684,51.5568191211786,-1.6818005370642));
#7026=CARTESIAN_POINT('',(304.419036479529,28.8747471219327,-1.6884379163598));
#7027=CARTESIAN_POINT('',(310.20865824744,31.8247067941092,-1.68941583670301));
#7028=CARTESIAN_POINT('',(297.17073020268,31.2298646311462,-1.68724882445155));
#7029=CARTESIAN_POINT('',(302.459232221966,29.5115261355847,-1.68811640850743));
#7030=CARTESIAN_POINT('',(293.196929469331,39.0288877990181,-1.68663480760542));
#7031=CARTESIAN_POINT('',(296.307398984957,32.9242475709015,-1.68711542573656));
#7032=CARTESIAN_POINT('',(293.52469148267,40.0376355667879,-1.68669507031235));
#7033=CARTESIAN_POINT('Origin',(293.524591917049,40.0376320735508,-2.28669506204109));
#7034=CARTESIAN_POINT('',(294.013942818414,41.543016871197,-0.935146960904761));
#7035=CARTESIAN_POINT('',(293.19682990371,39.028884305781,-2.28663479933416));
#7036=CARTESIAN_POINT('Origin',(297.029593872232,31.5066613778341,-2.28722702370617));
#7037=CARTESIAN_POINT('',(297.170630637059,31.2298611379091,-2.28724881618027));
#7038=CARTESIAN_POINT('Origin',(304.123481537205,28.9707429013928,-2.28838943833792));
#7039=CARTESIAN_POINT('',(304.418936913908,28.8747436286956,-2.28843790808855));
#7040=CARTESIAN_POINT('Origin',(312.886214854469,33.1890372836299,-2.28986810917623));
#7041=CARTESIAN_POINT('Origin',(223.739048917818,64.700257383147,0.427944611579818));
#7042=CARTESIAN_POINT('',(110.,102.179965500757,-0.565473786486035));
#7043=CARTESIAN_POINT('',(110.,102.179965500757,-0.367481306026602));
#7044=CARTESIAN_POINT('Ctrl Pts',(319.999999999999,32.9799961007575,-1.70050090132714));
#7045=CARTESIAN_POINT('Ctrl Pts',(249.999998500488,56.0466530615485,-1.32227647845991));
#7046=CARTESIAN_POINT('Ctrl Pts',(179.999999010156,79.1133093602675,-0.943898714889032));
#7047=CARTESIAN_POINT('Ctrl Pts',(110.,102.179965500757,-0.565473786486034));
#7048=CARTESIAN_POINT('Origin',(110.,42.2918586961973,-1.16290722363301));
#7049=CARTESIAN_POINT('Ctrl Pts',(110.,102.179965500757,-0.565473786486035));
#7050=CARTESIAN_POINT('Ctrl Pts',(110.,101.900951213271,-0.269470765261884));
#7051=CARTESIAN_POINT('Ctrl Pts',(110.000000000004,101.621937044544,0.0265323679055674));
#7052=CARTESIAN_POINT('Ctrl Pts',(110.000000000004,101.063906666275,0.618541275464291));
#7053=CARTESIAN_POINT('Ctrl Pts',(110.,100.784890456734,0.914547049857437));
#7054=CARTESIAN_POINT('Ctrl Pts',(110.,100.50587436609,1.2105529363222));
#7055=CARTESIAN_POINT('Ctrl Pts',(110.,102.179965500757,-0.565473786486034));
#7056=CARTESIAN_POINT('Ctrl Pts',(180.084500352069,79.0854641684834,-0.944355535099256));
#7057=CARTESIAN_POINT('Ctrl Pts',(250.169001185474,55.9909626775981,-1.32319000494044));
#7058=CARTESIAN_POINT('Ctrl Pts',(320.253504034763,32.8964605224315,-1.70187063515924));
#7059=CARTESIAN_POINT('Ctrl Pts',(109.837018442921,101.67564130231,0.0274153649324267));
#7060=CARTESIAN_POINT('Ctrl Pts',(179.92152335348,78.5811528028774,-0.351345239043251));
#7061=CARTESIAN_POINT('Ctrl Pts',(250.006029916682,55.4866675015321,-0.730027428804282));
#7062=CARTESIAN_POINT('Ctrl Pts',(320.090537109495,32.3921792908692,-1.10857899863028));
#7063=CARTESIAN_POINT('Ctrl Pts',(109.674036885842,101.171317103864,0.620304516350888));
#7064=CARTESIAN_POINT('Ctrl Pts',(179.758546354892,78.0768414372714,0.241665057012755));
#7065=CARTESIAN_POINT('Ctrl Pts',(249.843058647889,54.9823723254662,-0.136864852668123));
#7066=CARTESIAN_POINT('Ctrl Pts',(319.927570184227,31.8878980593069,-0.515287362101323));
#7067=CARTESIAN_POINT('Ctrl Pts',(109.511055328762,100.666992905417,1.21319366776935));
#7068=CARTESIAN_POINT('Ctrl Pts',(179.595569356303,77.5725300716654,0.83467535306876));
#7069=CARTESIAN_POINT('Ctrl Pts',(249.680087379096,54.4780771494002,0.456297723468035));
#7070=CARTESIAN_POINT('Ctrl Pts',(319.764603258958,31.3836168277446,0.0780042744276376));
#7071=UNCERTAINTY_MEASURE_WITH_UNIT(LENGTH_MEASURE(0.01),#7075,
'DISTANCE_ACCURACY_VALUE',
'Maximum model space distance between geometric entities at asserted c
onnectivities');
#7072=UNCERTAINTY_MEASURE_WITH_UNIT(LENGTH_MEASURE(0.01),#7075,
'DISTANCE_ACCURACY_VALUE',
'Maximum model space distance between geometric entities at asserted c
onnectivities');
#7073=(
GEOMETRIC_REPRESENTATION_CONTEXT(3)
GLOBAL_UNCERTAINTY_ASSIGNED_CONTEXT((#7071))
GLOBAL_UNIT_ASSIGNED_CONTEXT((#7075,#7077,#7078))
REPRESENTATION_CONTEXT('','3D')
);
#7074=(
GEOMETRIC_REPRESENTATION_CONTEXT(3)
GLOBAL_UNCERTAINTY_ASSIGNED_CONTEXT((#7072))
GLOBAL_UNIT_ASSIGNED_CONTEXT((#7075,#7077,#7078))
REPRESENTATION_CONTEXT('','3D')
);
#7075=(
LENGTH_UNIT()
NAMED_UNIT(*)
SI_UNIT(.MILLI.,.METRE.)
);
#7076=(
LENGTH_UNIT()
NAMED_UNIT(*)
SI_UNIT($,.METRE.)
);
#7077=(
NAMED_UNIT(*)
PLANE_ANGLE_UNIT()
SI_UNIT($,.RADIAN.)
);
#7078=(
NAMED_UNIT(*)
SI_UNIT($,.STERADIAN.)
SOLID_ANGLE_UNIT()
);
#7079=SHAPE_DEFINITION_REPRESENTATION(#7080,#7081);
#7080=PRODUCT_DEFINITION_SHAPE('',$,#7083);
#7081=SHAPE_REPRESENTATION('',(#1373),#7073);
#7082=PRODUCT_DEFINITION_CONTEXT('part definition',#7087,'design');
#7083=PRODUCT_DEFINITION('Wing L 2','Wing L 2',#7084,#7082);
#7084=PRODUCT_DEFINITION_FORMATION('',$,#7089);
#7085=PRODUCT_RELATED_PRODUCT_CATEGORY('Wing L 2','Wing L 2',(#7089));
#7086=APPLICATION_PROTOCOL_DEFINITION('international standard',
'automotive_design',2009,#7087);
#7087=APPLICATION_CONTEXT(
'Core Data for Automotive Mechanical Design Process');
#7088=PRODUCT_CONTEXT('part definition',#7087,'mechanical');
#7089=PRODUCT('Wing L 2','Wing L 2',$,(#7088));
#7090=PRESENTATION_STYLE_ASSIGNMENT((#7092));
#7091=PRESENTATION_STYLE_ASSIGNMENT((#7093));
#7092=SURFACE_STYLE_USAGE(.BOTH.,#7094);
#7093=SURFACE_STYLE_USAGE(.BOTH.,#7095);
#7094=SURFACE_SIDE_STYLE('',(#7096));
#7095=SURFACE_SIDE_STYLE('',(#7097));
#7096=SURFACE_STYLE_FILL_AREA(#7098);
#7097=SURFACE_STYLE_FILL_AREA(#7099);
#7098=FILL_AREA_STYLE('Steel - Satin',(#7100));
#7099=FILL_AREA_STYLE('Paint - Enamel Glossy (Grey)',(#7101));
#7100=FILL_AREA_STYLE_COLOUR('Steel - Satin',#7102);
#7101=FILL_AREA_STYLE_COLOUR('Paint - Enamel Glossy (Grey)',#7103);
#7102=COLOUR_RGB('Steel - Satin',0.627450980392157,0.627450980392157,0.627450980392157);
#7103=COLOUR_RGB('Paint - Enamel Glossy (Grey)',0.701960784313725,0.701960784313725,
0.701960784313725);
ENDSEC;
END-ISO-10303-21;
