ISO-10303-21;
HEADER;
/* Generated by software containing ST-Developer
 * from STEP Tools, Inc. (www.steptools.com) 
 */

FILE_DESCRIPTION(
/* description */ (''),
/* implementation_level */ '2;1');

FILE_NAME(
/* name */ 'Canopy R.step',
/* time_stamp */ '2026-05-18T17:59:48+02:00',
/* author */ (''),
/* organization */ (''),
/* preprocessor_version */ 'ST-DEVELOPER v20.1',
/* originating_system */ 'Autodesk Translation Framework v15.8.0.0',
/* authorisation */ '');

FILE_SCHEMA (('AUTOMOTIVE_DESIGN { 1 0 10303 214 3 1 1 }'));
ENDSEC;

DATA;
#10=MECHANICAL_DESIGN_GEOMETRIC_PRESENTATION_REPRESENTATION('',(#13),#4380);
#11=SHAPE_REPRESENTATION_RELATIONSHIP('SRR','None',#4387,#12);
#12=ADVANCED_BREP_SHAPE_REPRESENTATION('',(#14),#4379);
#13=STYLED_ITEM('',(#4397),#14);
#14=MANIFOLD_SOLID_BREP('Canopy R',#2184);
#15=FACE_BOUND('',#750,.T.);
#16=FACE_BOUND('',#751,.T.);
#17=FACE_BOUND('',#752,.T.);
#18=FACE_BOUND('',#753,.T.);
#19=FACE_BOUND('',#754,.T.);
#20=FACE_BOUND('',#755,.T.);
#21=FACE_BOUND('',#756,.T.);
#22=FACE_BOUND('',#757,.T.);
#23=FACE_BOUND('',#823,.T.);
#24=FACE_BOUND('',#824,.T.);
#25=FACE_BOUND('',#825,.T.);
#26=FACE_BOUND('',#826,.T.);
#27=FACE_BOUND('',#827,.T.);
#28=FACE_BOUND('',#828,.T.);
#29=FACE_BOUND('',#829,.T.);
#30=FACE_BOUND('',#830,.T.);
#31=LINE('',#2835,#268);
#32=LINE('',#2837,#269);
#33=LINE('',#2838,#270);
#34=LINE('',#2841,#271);
#35=LINE('',#2843,#272);
#36=LINE('',#2844,#273);
#37=LINE('',#2846,#274);
#38=LINE('',#2847,#275);
#39=LINE('',#2850,#276);
#40=LINE('',#2852,#277);
#41=LINE('',#2853,#278);
#42=LINE('',#2863,#279);
#43=LINE('',#2871,#280);
#44=LINE('',#2873,#281);
#45=LINE('',#2875,#282);
#46=LINE('',#2885,#283);
#47=LINE('',#2887,#284);
#48=LINE('',#2889,#285);
#49=LINE('',#2891,#286);
#50=LINE('',#2900,#287);
#51=LINE('',#2903,#288);
#52=LINE('',#2905,#289);
#53=LINE('',#2907,#290);
#54=LINE('',#2920,#291);
#55=LINE('',#2922,#292);
#56=LINE('',#2924,#293);
#57=LINE('',#2926,#294);
#58=LINE('',#2927,#295);
#59=LINE('',#2930,#296);
#60=LINE('',#2943,#297);
#61=LINE('',#2944,#298);
#62=LINE('',#2947,#299);
#63=LINE('',#2949,#300);
#64=LINE('',#2951,#301);
#65=LINE('',#2952,#302);
#66=LINE('',#2955,#303);
#67=LINE('',#2957,#304);
#68=LINE('',#2959,#305);
#69=LINE('',#2972,#306);
#70=LINE('',#2985,#307);
#71=LINE('',#2986,#308);
#72=LINE('',#2989,#309);
#73=LINE('',#3002,#310);
#74=LINE('',#3003,#311);
#75=LINE('',#3013,#312);
#76=LINE('',#3014,#313);
#77=LINE('',#3066,#314);
#78=LINE('',#3067,#315);
#79=LINE('',#3069,#316);
#80=LINE('',#3072,#317);
#81=LINE('',#3074,#318);
#82=LINE('',#3075,#319);
#83=LINE('',#3078,#320);
#84=LINE('',#3079,#321);
#85=LINE('',#3082,#322);
#86=LINE('',#3084,#323);
#87=LINE('',#3094,#324);
#88=LINE('',#3095,#325);
#89=LINE('',#3104,#326);
#90=LINE('',#3158,#327);
#91=LINE('',#3164,#328);
#92=LINE('',#3167,#329);
#93=LINE('',#3168,#330);
#94=LINE('',#3171,#331);
#95=LINE('',#3173,#332);
#96=LINE('',#3174,#333);
#97=LINE('',#3177,#334);
#98=LINE('',#3178,#335);
#99=LINE('',#3182,#336);
#100=LINE('',#3183,#337);
#101=LINE('',#3184,#338);
#102=LINE('',#3186,#339);
#103=LINE('',#3188,#340);
#104=LINE('',#3191,#341);
#105=LINE('',#3193,#342);
#106=LINE('',#3194,#343);
#107=LINE('',#3197,#344);
#108=LINE('',#3198,#345);
#109=LINE('',#3201,#346);
#110=LINE('',#3202,#347);
#111=LINE('',#3205,#348);
#112=LINE('',#3207,#349);
#113=LINE('',#3217,#350);
#114=LINE('',#3218,#351);
#115=LINE('',#3227,#352);
#116=LINE('',#3281,#353);
#117=LINE('',#3287,#354);
#118=LINE('',#3290,#355);
#119=LINE('',#3291,#356);
#120=LINE('',#3294,#357);
#121=LINE('',#3296,#358);
#122=LINE('',#3303,#359);
#123=LINE('',#3304,#360);
#124=LINE('',#3313,#361);
#125=LINE('',#3367,#362);
#126=LINE('',#3373,#363);
#127=LINE('',#3376,#364);
#128=LINE('',#3377,#365);
#129=LINE('',#3387,#366);
#130=LINE('',#3388,#367);
#131=LINE('',#3440,#368);
#132=LINE('',#3441,#369);
#133=LINE('',#3443,#370);
#134=LINE('',#3446,#371);
#135=LINE('',#3448,#372);
#136=LINE('',#3449,#373);
#137=LINE('',#3452,#374);
#138=LINE('',#3453,#375);
#139=LINE('',#3456,#376);
#140=LINE('',#3458,#377);
#141=LINE('',#3459,#378);
#142=LINE('',#3462,#379);
#143=LINE('',#3463,#380);
#144=LINE('',#3466,#381);
#145=LINE('',#3467,#382);
#146=LINE('',#3469,#383);
#147=LINE('',#3472,#384);
#148=LINE('',#3474,#385);
#149=LINE('',#3475,#386);
#150=LINE('',#3478,#387);
#151=LINE('',#3479,#388);
#152=LINE('',#3482,#389);
#153=LINE('',#3484,#390);
#154=LINE('',#3485,#391);
#155=LINE('',#3504,#392);
#156=LINE('',#3550,#393);
#157=LINE('',#3551,#394);
#158=LINE('',#3555,#395);
#159=LINE('',#3556,#396);
#160=LINE('',#3557,#397);
#161=LINE('',#3559,#398);
#162=LINE('',#3562,#399);
#163=LINE('',#3621,#400);
#164=LINE('',#3622,#401);
#165=LINE('',#3624,#402);
#166=LINE('',#3627,#403);
#167=LINE('',#3629,#404);
#168=LINE('',#3630,#405);
#169=LINE('',#3646,#406);
#170=LINE('',#3656,#407);
#171=LINE('',#3657,#408);
#172=LINE('',#3660,#409);
#173=LINE('',#3661,#410);
#174=LINE('',#3664,#411);
#175=LINE('',#3665,#412);
#176=LINE('',#3668,#413);
#177=LINE('',#3670,#414);
#178=LINE('',#3672,#415);
#179=LINE('',#3673,#416);
#180=LINE('',#3676,#417);
#181=LINE('',#3684,#418);
#182=LINE('',#3686,#419);
#183=LINE('',#3738,#420);
#184=LINE('',#3742,#421);
#185=LINE('',#3744,#422);
#186=LINE('',#3746,#423);
#187=LINE('',#3756,#424);
#188=LINE('',#3758,#425);
#189=LINE('',#3760,#426);
#190=LINE('',#3762,#427);
#191=LINE('',#3771,#428);
#192=LINE('',#3774,#429);
#193=LINE('',#3776,#430);
#194=LINE('',#3778,#431);
#195=LINE('',#3789,#432);
#196=LINE('',#3791,#433);
#197=LINE('',#3793,#434);
#198=LINE('',#3795,#435);
#199=LINE('',#3796,#436);
#200=LINE('',#3799,#437);
#201=LINE('',#3810,#438);
#202=LINE('',#3811,#439);
#203=LINE('',#3814,#440);
#204=LINE('',#3816,#441);
#205=LINE('',#3818,#442);
#206=LINE('',#3819,#443);
#207=LINE('',#3822,#444);
#208=LINE('',#3824,#445);
#209=LINE('',#3826,#446);
#210=LINE('',#3837,#447);
#211=LINE('',#3848,#448);
#212=LINE('',#3849,#449);
#213=LINE('',#3852,#450);
#214=LINE('',#3863,#451);
#215=LINE('',#3864,#452);
#216=LINE('',#3867,#453);
#217=LINE('',#3868,#454);
#218=LINE('',#3880,#455);
#219=LINE('',#3925,#456);
#220=LINE('',#3928,#457);
#221=LINE('',#3935,#458);
#222=LINE('',#3976,#459);
#223=LINE('',#3977,#460);
#224=LINE('',#3980,#461);
#225=LINE('',#3982,#462);
#226=LINE('',#3984,#463);
#227=LINE('',#3985,#464);
#228=LINE('',#3987,#465);
#229=LINE('',#3989,#466);
#230=LINE('',#3991,#467);
#231=LINE('',#3993,#468);
#232=LINE('',#3995,#469);
#233=LINE('',#3999,#470);
#234=LINE('',#4006,#471);
#235=LINE('',#4047,#472);
#236=LINE('',#4048,#473);
#237=LINE('',#4051,#474);
#238=LINE('',#4054,#475);
#239=LINE('',#4061,#476);
#240=LINE('',#4099,#477);
#241=LINE('',#4100,#478);
#242=LINE('',#4103,#479);
#243=LINE('',#4106,#480);
#244=LINE('',#4107,#481);
#245=LINE('',#4131,#482);
#246=LINE('',#4176,#483);
#247=LINE('',#4179,#484);
#248=LINE('',#4180,#485);
#249=LINE('',#4181,#486);
#250=LINE('',#4183,#487);
#251=LINE('',#4185,#488);
#252=LINE('',#4186,#489);
#253=LINE('',#4189,#490);
#254=LINE('',#4193,#491);
#255=LINE('',#4194,#492);
#256=LINE('',#4195,#493);
#257=LINE('',#4208,#494);
#258=LINE('',#4278,#495);
#259=LINE('',#4279,#496);
#260=LINE('',#4281,#497);
#261=LINE('',#4283,#498);
#262=LINE('',#4331,#499);
#263=LINE('',#4333,#500);
#264=LINE('',#4335,#501);
#265=LINE('',#4337,#502);
#266=LINE('',#4360,#503);
#267=LINE('',#4375,#504);
#268=VECTOR('',#2309,10.);
#269=VECTOR('',#2310,10.);
#270=VECTOR('',#2311,10.);
#271=VECTOR('',#2314,10.);
#272=VECTOR('',#2315,10.);
#273=VECTOR('',#2316,10.);
#274=VECTOR('',#2319,10.);
#275=VECTOR('',#2320,10.);
#276=VECTOR('',#2323,10.);
#277=VECTOR('',#2324,10.);
#278=VECTOR('',#2325,10.);
#279=VECTOR('',#2326,10.);
#280=VECTOR('',#2329,10.);
#281=VECTOR('',#2330,10.);
#282=VECTOR('',#2331,10.);
#283=VECTOR('',#2332,10.);
#284=VECTOR('',#2333,10.);
#285=VECTOR('',#2334,10.);
#286=VECTOR('',#2335,10.);
#287=VECTOR('',#2336,10.);
#288=VECTOR('',#2337,10.);
#289=VECTOR('',#2338,10.);
#290=VECTOR('',#2339,10.);
#291=VECTOR('',#2340,10.);
#292=VECTOR('',#2341,10.);
#293=VECTOR('',#2342,10.);
#294=VECTOR('',#2343,10.);
#295=VECTOR('',#2344,10.);
#296=VECTOR('',#2345,10.);
#297=VECTOR('',#2346,10.);
#298=VECTOR('',#2347,10.);
#299=VECTOR('',#2348,10.);
#300=VECTOR('',#2349,10.);
#301=VECTOR('',#2350,10.);
#302=VECTOR('',#2351,10.);
#303=VECTOR('',#2352,10.);
#304=VECTOR('',#2353,10.);
#305=VECTOR('',#2354,10.);
#306=VECTOR('',#2355,10.);
#307=VECTOR('',#2356,10.);
#308=VECTOR('',#2357,10.);
#309=VECTOR('',#2358,10.);
#310=VECTOR('',#2359,10.);
#311=VECTOR('',#2360,10.);
#312=VECTOR('',#2363,10.);
#313=VECTOR('',#2364,10.);
#314=VECTOR('',#2367,10.);
#315=VECTOR('',#2368,10.);
#316=VECTOR('',#2371,10.);
#317=VECTOR('',#2374,10.);
#318=VECTOR('',#2375,10.);
#319=VECTOR('',#2376,10.);
#320=VECTOR('',#2379,10.);
#321=VECTOR('',#2380,10.);
#322=VECTOR('',#2383,10.);
#323=VECTOR('',#2384,10.);
#324=VECTOR('',#2387,10.);
#325=VECTOR('',#2388,10.);
#326=VECTOR('',#2391,10.);
#327=VECTOR('',#2392,10.);
#328=VECTOR('',#2393,10.);
#329=VECTOR('',#2396,10.);
#330=VECTOR('',#2397,10.);
#331=VECTOR('',#2400,10.);
#332=VECTOR('',#2401,10.);
#333=VECTOR('',#2402,10.);
#334=VECTOR('',#2405,10.);
#335=VECTOR('',#2406,10.);
#336=VECTOR('',#2409,10.);
#337=VECTOR('',#2410,10.);
#338=VECTOR('',#2411,10.);
#339=VECTOR('',#2414,10.);
#340=VECTOR('',#2417,10.);
#341=VECTOR('',#2420,10.);
#342=VECTOR('',#2421,10.);
#343=VECTOR('',#2422,10.);
#344=VECTOR('',#2425,10.);
#345=VECTOR('',#2426,10.);
#346=VECTOR('',#2429,10.);
#347=VECTOR('',#2430,10.);
#348=VECTOR('',#2433,10.);
#349=VECTOR('',#2434,10.);
#350=VECTOR('',#2437,10.);
#351=VECTOR('',#2438,10.);
#352=VECTOR('',#2441,10.);
#353=VECTOR('',#2442,10.);
#354=VECTOR('',#2443,10.);
#355=VECTOR('',#2446,10.);
#356=VECTOR('',#2447,10.);
#357=VECTOR('',#2450,10.);
#358=VECTOR('',#2451,10.);
#359=VECTOR('',#2454,10.);
#360=VECTOR('',#2455,10.);
#361=VECTOR('',#2458,10.);
#362=VECTOR('',#2459,10.);
#363=VECTOR('',#2460,10.);
#364=VECTOR('',#2463,10.);
#365=VECTOR('',#2464,10.);
#366=VECTOR('',#2467,10.);
#367=VECTOR('',#2468,10.);
#368=VECTOR('',#2471,10.);
#369=VECTOR('',#2472,10.);
#370=VECTOR('',#2475,10.);
#371=VECTOR('',#2478,10.);
#372=VECTOR('',#2479,10.);
#373=VECTOR('',#2480,10.);
#374=VECTOR('',#2483,10.);
#375=VECTOR('',#2484,10.);
#376=VECTOR('',#2487,10.);
#377=VECTOR('',#2488,10.);
#378=VECTOR('',#2489,10.);
#379=VECTOR('',#2492,10.);
#380=VECTOR('',#2493,10.);
#381=VECTOR('',#2496,10.);
#382=VECTOR('',#2497,10.);
#383=VECTOR('',#2500,10.);
#384=VECTOR('',#2503,10.);
#385=VECTOR('',#2504,10.);
#386=VECTOR('',#2505,10.);
#387=VECTOR('',#2508,10.);
#388=VECTOR('',#2509,10.);
#389=VECTOR('',#2512,10.);
#390=VECTOR('',#2513,10.);
#391=VECTOR('',#2514,10.);
#392=VECTOR('',#2517,10.);
#393=VECTOR('',#2520,10.);
#394=VECTOR('',#2521,10.);
#395=VECTOR('',#2524,10.);
#396=VECTOR('',#2525,10.);
#397=VECTOR('',#2526,10.);
#398=VECTOR('',#2529,10.);
#399=VECTOR('',#2532,10.);
#400=VECTOR('',#2535,10.);
#401=VECTOR('',#2536,10.);
#402=VECTOR('',#2539,10.);
#403=VECTOR('',#2542,10.);
#404=VECTOR('',#2543,10.);
#405=VECTOR('',#2544,10.);
#406=VECTOR('',#2545,10.);
#407=VECTOR('',#2548,10.);
#408=VECTOR('',#2549,10.);
#409=VECTOR('',#2552,10.);
#410=VECTOR('',#2553,10.);
#411=VECTOR('',#2556,10.);
#412=VECTOR('',#2557,10.);
#413=VECTOR('',#2560,10.);
#414=VECTOR('',#2561,10.);
#415=VECTOR('',#2562,10.);
#416=VECTOR('',#2563,10.);
#417=VECTOR('',#2566,10.);
#418=VECTOR('',#2569,10.);
#419=VECTOR('',#2570,10.);
#420=VECTOR('',#2573,10.);
#421=VECTOR('',#2576,10.);
#422=VECTOR('',#2577,10.);
#423=VECTOR('',#2578,10.);
#424=VECTOR('',#2579,10.);
#425=VECTOR('',#2580,10.);
#426=VECTOR('',#2581,10.);
#427=VECTOR('',#2582,10.);
#428=VECTOR('',#2583,10.);
#429=VECTOR('',#2584,10.);
#430=VECTOR('',#2585,10.);
#431=VECTOR('',#2586,10.);
#432=VECTOR('',#2587,10.);
#433=VECTOR('',#2588,10.);
#434=VECTOR('',#2589,10.);
#435=VECTOR('',#2590,10.);
#436=VECTOR('',#2591,10.);
#437=VECTOR('',#2592,10.);
#438=VECTOR('',#2593,10.);
#439=VECTOR('',#2594,10.);
#440=VECTOR('',#2595,10.);
#441=VECTOR('',#2596,10.);
#442=VECTOR('',#2597,10.);
#443=VECTOR('',#2598,10.);
#444=VECTOR('',#2599,10.);
#445=VECTOR('',#2600,10.);
#446=VECTOR('',#2601,10.);
#447=VECTOR('',#2602,10.);
#448=VECTOR('',#2603,10.);
#449=VECTOR('',#2604,10.);
#450=VECTOR('',#2605,10.);
#451=VECTOR('',#2606,10.);
#452=VECTOR('',#2607,10.);
#453=VECTOR('',#2610,10.);
#454=VECTOR('',#2611,10.);
#455=VECTOR('',#2614,10.);
#456=VECTOR('',#2619,10.);
#457=VECTOR('',#2622,10.);
#458=VECTOR('',#2623,10.);
#459=VECTOR('',#2626,10.);
#460=VECTOR('',#2627,10.);
#461=VECTOR('',#2632,10.);
#462=VECTOR('',#2635,10.);
#463=VECTOR('',#2636,10.);
#464=VECTOR('',#2637,10.);
#465=VECTOR('',#2640,10.);
#466=VECTOR('',#2643,10.);
#467=VECTOR('',#2646,10.);
#468=VECTOR('',#2649,10.);
#469=VECTOR('',#2652,10.);
#470=VECTOR('',#2657,10.);
#471=VECTOR('',#2658,10.);
#472=VECTOR('',#2661,10.);
#473=VECTOR('',#2662,10.);
#474=VECTOR('',#2667,10.);
#475=VECTOR('',#2670,10.);
#476=VECTOR('',#2671,10.);
#477=VECTOR('',#2674,10.);
#478=VECTOR('',#2675,10.);
#479=VECTOR('',#2680,10.);
#480=VECTOR('',#2683,10.);
#481=VECTOR('',#2684,10.);
#482=VECTOR('',#2687,10.);
#483=VECTOR('',#2692,10.);
#484=VECTOR('',#2695,10.);
#485=VECTOR('',#2696,10.);
#486=VECTOR('',#2697,10.);
#487=VECTOR('',#2700,10.);
#488=VECTOR('',#2703,10.);
#489=VECTOR('',#2704,10.);
#490=VECTOR('',#2709,10.);
#491=VECTOR('',#2712,10.);
#492=VECTOR('',#2713,10.);
#493=VECTOR('',#2714,10.);
#494=VECTOR('',#2717,10.);
#495=VECTOR('',#2720,10.);
#496=VECTOR('',#2721,10.);
#497=VECTOR('',#2724,10.);
#498=VECTOR('',#2727,10.);
#499=VECTOR('',#2732,10.);
#500=VECTOR('',#2735,10.);
#501=VECTOR('',#2738,10.);
#502=VECTOR('',#2741,10.);
#503=VECTOR('',#2754,10.);
#504=VECTOR('',#2755,10.);
#505=PLANE('',#2198);
#506=PLANE('',#2199);
#507=PLANE('',#2200);
#508=PLANE('',#2201);
#509=PLANE('',#2202);
#510=PLANE('',#2203);
#511=PLANE('',#2204);
#512=PLANE('',#2205);
#513=PLANE('',#2206);
#514=PLANE('',#2207);
#515=PLANE('',#2208);
#516=PLANE('',#2209);
#517=PLANE('',#2210);
#518=PLANE('',#2211);
#519=PLANE('',#2212);
#520=PLANE('',#2213);
#521=PLANE('',#2214);
#522=PLANE('',#2215);
#523=PLANE('',#2216);
#524=PLANE('',#2217);
#525=PLANE('',#2218);
#526=PLANE('',#2219);
#527=PLANE('',#2220);
#528=PLANE('',#2221);
#529=PLANE('',#2222);
#530=PLANE('',#2223);
#531=PLANE('',#2224);
#532=PLANE('',#2225);
#533=PLANE('',#2226);
#534=PLANE('',#2227);
#535=PLANE('',#2228);
#536=PLANE('',#2229);
#537=PLANE('',#2230);
#538=PLANE('',#2231);
#539=PLANE('',#2232);
#540=PLANE('',#2233);
#541=PLANE('',#2234);
#542=PLANE('',#2235);
#543=PLANE('',#2236);
#544=PLANE('',#2237);
#545=PLANE('',#2238);
#546=PLANE('',#2239);
#547=PLANE('',#2240);
#548=PLANE('',#2241);
#549=PLANE('',#2242);
#550=PLANE('',#2243);
#551=PLANE('',#2244);
#552=PLANE('',#2245);
#553=PLANE('',#2246);
#554=PLANE('',#2247);
#555=PLANE('',#2248);
#556=PLANE('',#2249);
#557=PLANE('',#2250);
#558=PLANE('',#2251);
#559=PLANE('',#2252);
#560=PLANE('',#2253);
#561=PLANE('',#2254);
#562=PLANE('',#2255);
#563=PLANE('',#2256);
#564=PLANE('',#2257);
#565=PLANE('',#2258);
#566=PLANE('',#2259);
#567=PLANE('',#2260);
#568=PLANE('',#2261);
#569=PLANE('',#2262);
#570=PLANE('',#2263);
#571=PLANE('',#2264);
#572=PLANE('',#2265);
#573=PLANE('',#2266);
#574=PLANE('',#2267);
#575=PLANE('',#2268);
#576=PLANE('',#2269);
#577=PLANE('',#2270);
#578=PLANE('',#2271);
#579=PLANE('',#2272);
#580=PLANE('',#2273);
#581=PLANE('',#2274);
#582=PLANE('',#2275);
#583=PLANE('',#2276);
#584=PLANE('',#2277);
#585=PLANE('',#2278);
#586=PLANE('',#2279);
#587=PLANE('',#2280);
#588=PLANE('',#2281);
#589=PLANE('',#2282);
#590=PLANE('',#2283);
#591=PLANE('',#2284);
#592=PLANE('',#2285);
#593=PLANE('',#2286);
#594=PLANE('',#2287);
#595=PLANE('',#2288);
#596=PLANE('',#2289);
#597=PLANE('',#2290);
#598=PLANE('',#2291);
#599=PLANE('',#2292);
#600=PLANE('',#2293);
#601=PLANE('',#2294);
#602=PLANE('',#2295);
#603=PLANE('',#2296);
#604=PLANE('',#2297);
#605=PLANE('',#2298);
#606=PLANE('',#2299);
#607=PLANE('',#2300);
#608=PLANE('',#2301);
#609=PLANE('',#2302);
#610=PLANE('',#2303);
#611=PLANE('',#2304);
#612=FACE_OUTER_BOUND('',#743,.T.);
#613=FACE_OUTER_BOUND('',#744,.T.);
#614=FACE_OUTER_BOUND('',#745,.T.);
#615=FACE_OUTER_BOUND('',#746,.T.);
#616=FACE_OUTER_BOUND('',#747,.T.);
#617=FACE_OUTER_BOUND('',#748,.T.);
#618=FACE_OUTER_BOUND('',#749,.T.);
#619=FACE_OUTER_BOUND('',#758,.T.);
#620=FACE_OUTER_BOUND('',#759,.T.);
#621=FACE_OUTER_BOUND('',#760,.T.);
#622=FACE_OUTER_BOUND('',#761,.T.);
#623=FACE_OUTER_BOUND('',#762,.T.);
#624=FACE_OUTER_BOUND('',#763,.T.);
#625=FACE_OUTER_BOUND('',#764,.T.);
#626=FACE_OUTER_BOUND('',#765,.T.);
#627=FACE_OUTER_BOUND('',#766,.T.);
#628=FACE_OUTER_BOUND('',#767,.T.);
#629=FACE_OUTER_BOUND('',#768,.T.);
#630=FACE_OUTER_BOUND('',#769,.T.);
#631=FACE_OUTER_BOUND('',#770,.T.);
#632=FACE_OUTER_BOUND('',#771,.T.);
#633=FACE_OUTER_BOUND('',#772,.T.);
#634=FACE_OUTER_BOUND('',#773,.T.);
#635=FACE_OUTER_BOUND('',#774,.T.);
#636=FACE_OUTER_BOUND('',#775,.T.);
#637=FACE_OUTER_BOUND('',#776,.T.);
#638=FACE_OUTER_BOUND('',#777,.T.);
#639=FACE_OUTER_BOUND('',#778,.T.);
#640=FACE_OUTER_BOUND('',#779,.T.);
#641=FACE_OUTER_BOUND('',#780,.T.);
#642=FACE_OUTER_BOUND('',#781,.T.);
#643=FACE_OUTER_BOUND('',#782,.T.);
#644=FACE_OUTER_BOUND('',#783,.T.);
#645=FACE_OUTER_BOUND('',#784,.T.);
#646=FACE_OUTER_BOUND('',#785,.T.);
#647=FACE_OUTER_BOUND('',#786,.T.);
#648=FACE_OUTER_BOUND('',#787,.T.);
#649=FACE_OUTER_BOUND('',#788,.T.);
#650=FACE_OUTER_BOUND('',#789,.T.);
#651=FACE_OUTER_BOUND('',#790,.T.);
#652=FACE_OUTER_BOUND('',#791,.T.);
#653=FACE_OUTER_BOUND('',#792,.T.);
#654=FACE_OUTER_BOUND('',#793,.T.);
#655=FACE_OUTER_BOUND('',#794,.T.);
#656=FACE_OUTER_BOUND('',#795,.T.);
#657=FACE_OUTER_BOUND('',#796,.T.);
#658=FACE_OUTER_BOUND('',#797,.T.);
#659=FACE_OUTER_BOUND('',#798,.T.);
#660=FACE_OUTER_BOUND('',#799,.T.);
#661=FACE_OUTER_BOUND('',#800,.T.);
#662=FACE_OUTER_BOUND('',#801,.T.);
#663=FACE_OUTER_BOUND('',#802,.T.);
#664=FACE_OUTER_BOUND('',#803,.T.);
#665=FACE_OUTER_BOUND('',#804,.T.);
#666=FACE_OUTER_BOUND('',#805,.T.);
#667=FACE_OUTER_BOUND('',#806,.T.);
#668=FACE_OUTER_BOUND('',#807,.T.);
#669=FACE_OUTER_BOUND('',#808,.T.);
#670=FACE_OUTER_BOUND('',#809,.T.);
#671=FACE_OUTER_BOUND('',#810,.T.);
#672=FACE_OUTER_BOUND('',#811,.T.);
#673=FACE_OUTER_BOUND('',#812,.T.);
#674=FACE_OUTER_BOUND('',#813,.T.);
#675=FACE_OUTER_BOUND('',#814,.T.);
#676=FACE_OUTER_BOUND('',#815,.T.);
#677=FACE_OUTER_BOUND('',#816,.T.);
#678=FACE_OUTER_BOUND('',#817,.T.);
#679=FACE_OUTER_BOUND('',#818,.T.);
#680=FACE_OUTER_BOUND('',#819,.T.);
#681=FACE_OUTER_BOUND('',#820,.T.);
#682=FACE_OUTER_BOUND('',#821,.T.);
#683=FACE_OUTER_BOUND('',#822,.T.);
#684=FACE_OUTER_BOUND('',#831,.T.);
#685=FACE_OUTER_BOUND('',#832,.T.);
#686=FACE_OUTER_BOUND('',#833,.T.);
#687=FACE_OUTER_BOUND('',#834,.T.);
#688=FACE_OUTER_BOUND('',#835,.T.);
#689=FACE_OUTER_BOUND('',#836,.T.);
#690=FACE_OUTER_BOUND('',#837,.T.);
#691=FACE_OUTER_BOUND('',#838,.T.);
#692=FACE_OUTER_BOUND('',#839,.T.);
#693=FACE_OUTER_BOUND('',#840,.T.);
#694=FACE_OUTER_BOUND('',#841,.T.);
#695=FACE_OUTER_BOUND('',#842,.T.);
#696=FACE_OUTER_BOUND('',#843,.T.);
#697=FACE_OUTER_BOUND('',#844,.T.);
#698=FACE_OUTER_BOUND('',#845,.T.);
#699=FACE_OUTER_BOUND('',#846,.T.);
#700=FACE_OUTER_BOUND('',#847,.T.);
#701=FACE_OUTER_BOUND('',#848,.T.);
#702=FACE_OUTER_BOUND('',#849,.T.);
#703=FACE_OUTER_BOUND('',#850,.T.);
#704=FACE_OUTER_BOUND('',#851,.T.);
#705=FACE_OUTER_BOUND('',#852,.T.);
#706=FACE_OUTER_BOUND('',#853,.T.);
#707=FACE_OUTER_BOUND('',#854,.T.);
#708=FACE_OUTER_BOUND('',#855,.T.);
#709=FACE_OUTER_BOUND('',#856,.T.);
#710=FACE_OUTER_BOUND('',#857,.T.);
#711=FACE_OUTER_BOUND('',#858,.T.);
#712=FACE_OUTER_BOUND('',#859,.T.);
#713=FACE_OUTER_BOUND('',#860,.T.);
#714=FACE_OUTER_BOUND('',#861,.T.);
#715=FACE_OUTER_BOUND('',#862,.T.);
#716=FACE_OUTER_BOUND('',#863,.T.);
#717=FACE_OUTER_BOUND('',#864,.T.);
#718=FACE_OUTER_BOUND('',#865,.T.);
#719=FACE_OUTER_BOUND('',#866,.T.);
#720=FACE_OUTER_BOUND('',#867,.T.);
#721=FACE_OUTER_BOUND('',#868,.T.);
#722=FACE_OUTER_BOUND('',#869,.T.);
#723=FACE_OUTER_BOUND('',#870,.T.);
#724=FACE_OUTER_BOUND('',#871,.T.);
#725=FACE_OUTER_BOUND('',#872,.T.);
#726=FACE_OUTER_BOUND('',#873,.T.);
#727=FACE_OUTER_BOUND('',#874,.T.);
#728=FACE_OUTER_BOUND('',#875,.T.);
#729=FACE_OUTER_BOUND('',#876,.T.);
#730=FACE_OUTER_BOUND('',#877,.T.);
#731=FACE_OUTER_BOUND('',#878,.T.);
#732=FACE_OUTER_BOUND('',#879,.T.);
#733=FACE_OUTER_BOUND('',#880,.T.);
#734=FACE_OUTER_BOUND('',#881,.T.);
#735=FACE_OUTER_BOUND('',#882,.T.);
#736=FACE_OUTER_BOUND('',#883,.T.);
#737=FACE_OUTER_BOUND('',#884,.T.);
#738=FACE_OUTER_BOUND('',#885,.T.);
#739=FACE_OUTER_BOUND('',#886,.T.);
#740=FACE_OUTER_BOUND('',#887,.T.);
#741=FACE_OUTER_BOUND('',#888,.T.);
#742=FACE_OUTER_BOUND('',#889,.T.);
#743=EDGE_LOOP('',(#1427,#1428,#1429,#1430));
#744=EDGE_LOOP('',(#1431,#1432,#1433,#1434));
#745=EDGE_LOOP('',(#1435,#1436,#1437,#1438));
#746=EDGE_LOOP('',(#1439,#1440,#1441,#1442));
#747=EDGE_LOOP('',(#1443,#1444,#1445,#1446));
#748=EDGE_LOOP('',(#1447,#1448,#1449,#1450));
#749=EDGE_LOOP('',(#1451,#1452,#1453,#1454,#1455,#1456,#1457,#1458,#1459,
#1460));
#750=EDGE_LOOP('',(#1461,#1462,#1463,#1464));
#751=EDGE_LOOP('',(#1465,#1466,#1467,#1468,#1469));
#752=EDGE_LOOP('',(#1470,#1471,#1472,#1473));
#753=EDGE_LOOP('',(#1474,#1475,#1476,#1477));
#754=EDGE_LOOP('',(#1478,#1479,#1480,#1481));
#755=EDGE_LOOP('',(#1482,#1483,#1484,#1485));
#756=EDGE_LOOP('',(#1486,#1487,#1488,#1489));
#757=EDGE_LOOP('',(#1490,#1491,#1492,#1493));
#758=EDGE_LOOP('',(#1494,#1495,#1496,#1497));
#759=EDGE_LOOP('',(#1498,#1499,#1500,#1501));
#760=EDGE_LOOP('',(#1502,#1503,#1504,#1505));
#761=EDGE_LOOP('',(#1506,#1507,#1508,#1509));
#762=EDGE_LOOP('',(#1510,#1511,#1512,#1513));
#763=EDGE_LOOP('',(#1514,#1515,#1516,#1517));
#764=EDGE_LOOP('',(#1518,#1519,#1520,#1521));
#765=EDGE_LOOP('',(#1522,#1523,#1524,#1525));
#766=EDGE_LOOP('',(#1526,#1527,#1528,#1529));
#767=EDGE_LOOP('',(#1530,#1531,#1532,#1533));
#768=EDGE_LOOP('',(#1534,#1535,#1536,#1537));
#769=EDGE_LOOP('',(#1538,#1539,#1540,#1541));
#770=EDGE_LOOP('',(#1542,#1543,#1544,#1545));
#771=EDGE_LOOP('',(#1546,#1547,#1548,#1549));
#772=EDGE_LOOP('',(#1550,#1551,#1552,#1553));
#773=EDGE_LOOP('',(#1554,#1555,#1556,#1557));
#774=EDGE_LOOP('',(#1558,#1559,#1560,#1561));
#775=EDGE_LOOP('',(#1562,#1563,#1564,#1565));
#776=EDGE_LOOP('',(#1566,#1567,#1568,#1569));
#777=EDGE_LOOP('',(#1570,#1571,#1572,#1573));
#778=EDGE_LOOP('',(#1574,#1575,#1576,#1577));
#779=EDGE_LOOP('',(#1578,#1579,#1580,#1581));
#780=EDGE_LOOP('',(#1582,#1583,#1584,#1585));
#781=EDGE_LOOP('',(#1586,#1587,#1588,#1589));
#782=EDGE_LOOP('',(#1590,#1591,#1592,#1593));
#783=EDGE_LOOP('',(#1594,#1595,#1596,#1597));
#784=EDGE_LOOP('',(#1598,#1599,#1600,#1601));
#785=EDGE_LOOP('',(#1602,#1603,#1604,#1605));
#786=EDGE_LOOP('',(#1606,#1607,#1608,#1609));
#787=EDGE_LOOP('',(#1610,#1611,#1612,#1613));
#788=EDGE_LOOP('',(#1614,#1615,#1616,#1617));
#789=EDGE_LOOP('',(#1618,#1619,#1620,#1621));
#790=EDGE_LOOP('',(#1622,#1623,#1624,#1625));
#791=EDGE_LOOP('',(#1626,#1627,#1628,#1629));
#792=EDGE_LOOP('',(#1630,#1631,#1632,#1633));
#793=EDGE_LOOP('',(#1634,#1635,#1636,#1637));
#794=EDGE_LOOP('',(#1638,#1639,#1640,#1641));
#795=EDGE_LOOP('',(#1642,#1643,#1644,#1645));
#796=EDGE_LOOP('',(#1646,#1647,#1648,#1649));
#797=EDGE_LOOP('',(#1650,#1651,#1652,#1653));
#798=EDGE_LOOP('',(#1654,#1655,#1656,#1657));
#799=EDGE_LOOP('',(#1658,#1659,#1660,#1661));
#800=EDGE_LOOP('',(#1662,#1663,#1664,#1665));
#801=EDGE_LOOP('',(#1666,#1667,#1668,#1669));
#802=EDGE_LOOP('',(#1670,#1671,#1672,#1673));
#803=EDGE_LOOP('',(#1674,#1675,#1676,#1677));
#804=EDGE_LOOP('',(#1678,#1679,#1680,#1681));
#805=EDGE_LOOP('',(#1682,#1683,#1684,#1685));
#806=EDGE_LOOP('',(#1686,#1687,#1688,#1689));
#807=EDGE_LOOP('',(#1690,#1691,#1692,#1693));
#808=EDGE_LOOP('',(#1694,#1695,#1696,#1697));
#809=EDGE_LOOP('',(#1698,#1699,#1700,#1701));
#810=EDGE_LOOP('',(#1702,#1703,#1704,#1705));
#811=EDGE_LOOP('',(#1706,#1707,#1708,#1709));
#812=EDGE_LOOP('',(#1710,#1711,#1712,#1713));
#813=EDGE_LOOP('',(#1714,#1715,#1716,#1717));
#814=EDGE_LOOP('',(#1718,#1719,#1720,#1721));
#815=EDGE_LOOP('',(#1722,#1723,#1724,#1725));
#816=EDGE_LOOP('',(#1726,#1727,#1728,#1729));
#817=EDGE_LOOP('',(#1730,#1731,#1732,#1733));
#818=EDGE_LOOP('',(#1734,#1735,#1736,#1737));
#819=EDGE_LOOP('',(#1738,#1739,#1740,#1741));
#820=EDGE_LOOP('',(#1742,#1743,#1744,#1745));
#821=EDGE_LOOP('',(#1746,#1747,#1748,#1749));
#822=EDGE_LOOP('',(#1750,#1751,#1752,#1753,#1754,#1755,#1756,#1757,#1758,
#1759));
#823=EDGE_LOOP('',(#1760,#1761,#1762,#1763));
#824=EDGE_LOOP('',(#1764,#1765,#1766,#1767,#1768));
#825=EDGE_LOOP('',(#1769,#1770,#1771,#1772));
#826=EDGE_LOOP('',(#1773,#1774,#1775,#1776));
#827=EDGE_LOOP('',(#1777,#1778,#1779,#1780));
#828=EDGE_LOOP('',(#1781,#1782,#1783,#1784));
#829=EDGE_LOOP('',(#1785,#1786,#1787,#1788));
#830=EDGE_LOOP('',(#1789,#1790,#1791,#1792));
#831=EDGE_LOOP('',(#1793,#1794,#1795,#1796));
#832=EDGE_LOOP('',(#1797,#1798,#1799,#1800));
#833=EDGE_LOOP('',(#1801,#1802,#1803,#1804));
#834=EDGE_LOOP('',(#1805,#1806,#1807,#1808));
#835=EDGE_LOOP('',(#1809,#1810,#1811,#1812));
#836=EDGE_LOOP('',(#1813,#1814,#1815,#1816));
#837=EDGE_LOOP('',(#1817,#1818,#1819,#1820));
#838=EDGE_LOOP('',(#1821,#1822,#1823,#1824));
#839=EDGE_LOOP('',(#1825,#1826,#1827,#1828));
#840=EDGE_LOOP('',(#1829,#1830,#1831,#1832));
#841=EDGE_LOOP('',(#1833,#1834,#1835,#1836));
#842=EDGE_LOOP('',(#1837,#1838,#1839,#1840));
#843=EDGE_LOOP('',(#1841,#1842,#1843,#1844));
#844=EDGE_LOOP('',(#1845,#1846,#1847,#1848));
#845=EDGE_LOOP('',(#1849,#1850,#1851,#1852));
#846=EDGE_LOOP('',(#1853,#1854,#1855,#1856));
#847=EDGE_LOOP('',(#1857,#1858,#1859,#1860));
#848=EDGE_LOOP('',(#1861,#1862,#1863,#1864));
#849=EDGE_LOOP('',(#1865,#1866,#1867,#1868));
#850=EDGE_LOOP('',(#1869,#1870,#1871,#1872));
#851=EDGE_LOOP('',(#1873,#1874,#1875,#1876));
#852=EDGE_LOOP('',(#1877,#1878,#1879,#1880));
#853=EDGE_LOOP('',(#1881,#1882,#1883,#1884));
#854=EDGE_LOOP('',(#1885,#1886,#1887,#1888));
#855=EDGE_LOOP('',(#1889,#1890,#1891,#1892));
#856=EDGE_LOOP('',(#1893,#1894,#1895,#1896));
#857=EDGE_LOOP('',(#1897,#1898,#1899,#1900));
#858=EDGE_LOOP('',(#1901,#1902,#1903,#1904));
#859=EDGE_LOOP('',(#1905,#1906,#1907,#1908));
#860=EDGE_LOOP('',(#1909,#1910,#1911,#1912));
#861=EDGE_LOOP('',(#1913,#1914,#1915,#1916));
#862=EDGE_LOOP('',(#1917,#1918,#1919,#1920));
#863=EDGE_LOOP('',(#1921,#1922,#1923,#1924));
#864=EDGE_LOOP('',(#1925,#1926,#1927,#1928));
#865=EDGE_LOOP('',(#1929,#1930,#1931,#1932));
#866=EDGE_LOOP('',(#1933,#1934,#1935,#1936));
#867=EDGE_LOOP('',(#1937,#1938,#1939,#1940));
#868=EDGE_LOOP('',(#1941,#1942,#1943,#1944));
#869=EDGE_LOOP('',(#1945,#1946,#1947,#1948));
#870=EDGE_LOOP('',(#1949,#1950,#1951,#1952));
#871=EDGE_LOOP('',(#1953,#1954,#1955,#1956));
#872=EDGE_LOOP('',(#1957,#1958,#1959,#1960));
#873=EDGE_LOOP('',(#1961,#1962,#1963,#1964));
#874=EDGE_LOOP('',(#1965,#1966,#1967,#1968));
#875=EDGE_LOOP('',(#1969,#1970,#1971,#1972));
#876=EDGE_LOOP('',(#1973,#1974,#1975,#1976));
#877=EDGE_LOOP('',(#1977,#1978,#1979,#1980));
#878=EDGE_LOOP('',(#1981,#1982,#1983,#1984));
#879=EDGE_LOOP('',(#1985,#1986,#1987,#1988));
#880=EDGE_LOOP('',(#1989,#1990,#1991,#1992));
#881=EDGE_LOOP('',(#1993,#1994,#1995,#1996));
#882=EDGE_LOOP('',(#1997,#1998,#1999,#2000));
#883=EDGE_LOOP('',(#2001,#2002,#2003,#2004));
#884=EDGE_LOOP('',(#2005,#2006,#2007,#2008));
#885=EDGE_LOOP('',(#2009,#2010,#2011,#2012));
#886=EDGE_LOOP('',(#2013,#2014,#2015,#2016));
#887=EDGE_LOOP('',(#2017,#2018,#2019,#2020));
#888=EDGE_LOOP('',(#2021,#2022,#2023,#2024));
#889=EDGE_LOOP('',(#2025,#2026,#2027,#2028));
#890=B_SPLINE_CURVE_WITH_KNOTS('',3,(#2801,#2802,#2803,#2804,#2805,#2806,
#2807,#2808,#2809,#2810),.UNSPECIFIED.,.F.,.F.,(4,3,3,4),(-0.821925811091749,
-0.82175763795124,-0.806403088068803,-0.805024564524179),.UNSPECIFIED.);
#891=B_SPLINE_CURVE_WITH_KNOTS('',3,(#2812,#2813,#2814,#2815,#2816,#2817,
#2818,#2819,#2820,#2821),.UNSPECIFIED.,.F.,.F.,(4,3,3,4),(-0.0211861841621767,
-0.0105930920810884,-0.0104475063795082,0.),.UNSPECIFIED.);
#892=B_SPLINE_CURVE_WITH_KNOTS('',3,(#2823,#2824,#2825,#2826),
 .UNSPECIFIED.,.F.,.F.,(4,4),(0.806403088068803,0.82175763795124),
 .UNSPECIFIED.);
#893=B_SPLINE_CURVE_WITH_KNOTS('',3,(#2827,#2828,#2829,#2830,#2831,#2832),
 .UNSPECIFIED.,.F.,.F.,(4,2,4),(0.,0.0145626617408825,0.0291260119778207),
 .UNSPECIFIED.);
#894=B_SPLINE_CURVE_WITH_KNOTS('',3,(#2864,#2865,#2866,#2867),
 .UNSPECIFIED.,.F.,.F.,(4,4),(-0.82175763795124,-0.806403088068803),
 .UNSPECIFIED.);
#895=B_SPLINE_CURVE_WITH_KNOTS('',3,(#2877,#2878,#2879,#2880,#2881,#2882,
#2883),.UNSPECIFIED.,.F.,.F.,(4,3,4),(0.603350298424028,0.62183157372464,
0.930913241040428),.UNSPECIFIED.);
#896=B_SPLINE_CURVE_WITH_KNOTS('',3,(#2893,#2894,#2895,#2896,#2897,#2898,
#2899),.UNSPECIFIED.,.F.,.F.,(4,3,4),(-0.930913284507585,-0.62183157372464,
-0.603350298424028),.UNSPECIFIED.);
#897=B_SPLINE_CURVE_WITH_KNOTS('',3,(#2908,#2909,#2910,#2911,#2912,#2913,
#2914,#2915,#2916,#2917),.UNSPECIFIED.,.F.,.F.,(4,3,3,4),(-0.885188583510929,
-0.885026535597521,-0.868965558112871,-0.867543611310839),.UNSPECIFIED.);
#898=B_SPLINE_CURVE_WITH_KNOTS('',3,(#2932,#2933,#2934,#2935,#2936,#2937,
#2938,#2939,#2940,#2941),.UNSPECIFIED.,.F.,.F.,(4,3,3,4),(0.867543611310839,
0.868965558112871,0.885026535597521,0.885188583510929),.UNSPECIFIED.);
#899=B_SPLINE_CURVE_WITH_KNOTS('',3,(#2960,#2961,#2962,#2963,#2964,#2965,
#2966,#2967,#2968,#2969),.UNSPECIFIED.,.F.,.F.,(4,3,3,4),(-0.85321608847304,
-0.85305145813703,-0.837310460952295,-0.835906404739624),.UNSPECIFIED.);
#900=B_SPLINE_CURVE_WITH_KNOTS('',3,(#2974,#2975,#2976,#2977,#2978,#2979,
#2980,#2981,#2982,#2983),.UNSPECIFIED.,.F.,.F.,(4,3,3,4),(0.805024564524179,
0.806403088068803,0.82175763795124,0.821925811091749),.UNSPECIFIED.);
#901=B_SPLINE_CURVE_WITH_KNOTS('',3,(#2991,#2992,#2993,#2994,#2995,#2996,
#2997,#2998,#2999,#3000),.UNSPECIFIED.,.F.,.F.,(4,3,3,4),(0.835906404739624,
0.837310460952295,0.85305145813703,0.85321608847304),.UNSPECIFIED.);
#902=B_SPLINE_CURVE_WITH_KNOTS('',3,(#3006,#3007,#3008,#3009,#3010,#3011),
 .UNSPECIFIED.,.F.,.F.,(4,2,4),(0.,0.0145377994953968,0.0290761946910823),
 .UNSPECIFIED.);
#903=B_SPLINE_CURVE_WITH_KNOTS('',3,(#3056,#3057,#3058,#3059),
 .UNSPECIFIED.,.F.,.F.,(4,4),(-0.0654608427258162,0.),.UNSPECIFIED.);
#904=B_SPLINE_CURVE_WITH_KNOTS('',3,(#3060,#3061,#3062,#3063),
 .UNSPECIFIED.,.F.,.F.,(4,4),(0.868965558112871,0.885026535597521),
 .UNSPECIFIED.);
#905=B_SPLINE_CURVE_WITH_KNOTS('',3,(#3085,#3086,#3087,#3088,#3089,#3090,
#3091),.UNSPECIFIED.,.F.,.F.,(4,3,4),(-0.0290957907478545,-0.0145475778930844,
0.),.UNSPECIFIED.);
#906=B_SPLINE_CURVE_WITH_KNOTS('',3,(#3098,#3099,#3100,#3101,#3102,#3103),
 .UNSPECIFIED.,.F.,.F.,(4,2,4),(0.,0.0322640454957279,0.0646305204569085),
 .UNSPECIFIED.);
#907=B_SPLINE_CURVE_WITH_KNOTS('',3,(#3145,#3146,#3147,#3148),
 .UNSPECIFIED.,.F.,.F.,(4,4),(-0.85305145813703,-0.837310460952295),
 .UNSPECIFIED.);
#908=B_SPLINE_CURVE_WITH_KNOTS('',3,(#3160,#3161,#3162,#3163),
 .UNSPECIFIED.,.F.,.F.,(4,4),(0.837310460952295,0.85305145813703),
 .UNSPECIFIED.);
#909=B_SPLINE_CURVE_WITH_KNOTS('',3,(#3208,#3209,#3210,#3211,#3212,#3213,
#3214),.UNSPECIFIED.,.F.,.F.,(4,3,4),(-0.0097086706592736,-0.00485422058029269,
0.),.UNSPECIFIED.);
#910=B_SPLINE_CURVE_WITH_KNOTS('',3,(#3221,#3222,#3223,#3224,#3225,#3226),
 .UNSPECIFIED.,.F.,.F.,(4,2,4),(0.,0.0317288797235312,0.0635585524865298),
 .UNSPECIFIED.);
#911=B_SPLINE_CURVE_WITH_KNOTS('',3,(#3268,#3269,#3270,#3271),
 .UNSPECIFIED.,.F.,.F.,(4,4),(-0.82175763795124,-0.806403088068803),
 .UNSPECIFIED.);
#912=B_SPLINE_CURVE_WITH_KNOTS('',3,(#3283,#3284,#3285,#3286),
 .UNSPECIFIED.,.F.,.F.,(4,4),(0.806403088068803,0.82175763795124),
 .UNSPECIFIED.);
#913=B_SPLINE_CURVE_WITH_KNOTS('',3,(#3297,#3298,#3299,#3300),
 .UNSPECIFIED.,.F.,.F.,(4,4),(-0.0290761946910859,0.),.UNSPECIFIED.);
#914=B_SPLINE_CURVE_WITH_KNOTS('',3,(#3307,#3308,#3309,#3310,#3311,#3312),
 .UNSPECIFIED.,.F.,.F.,(4,2,4),(0.,0.0326788693084381,0.0654608427258174),
 .UNSPECIFIED.);
#915=B_SPLINE_CURVE_WITH_KNOTS('',3,(#3354,#3355,#3356,#3357),
 .UNSPECIFIED.,.F.,.F.,(4,4),(-0.885026535597521,-0.868965558112871),
 .UNSPECIFIED.);
#916=B_SPLINE_CURVE_WITH_KNOTS('',3,(#3369,#3370,#3371,#3372),
 .UNSPECIFIED.,.F.,.F.,(4,4),(0.868965558112871,0.885026535597521),
 .UNSPECIFIED.);
#917=B_SPLINE_CURVE_WITH_KNOTS('',3,(#3380,#3381,#3382,#3383,#3384,#3385),
 .UNSPECIFIED.,.F.,.F.,(4,2,4),(0.,0.0145475778930886,0.0290957907478536),
 .UNSPECIFIED.);
#918=B_SPLINE_CURVE_WITH_KNOTS('',3,(#3430,#3431,#3432,#3433),
 .UNSPECIFIED.,.F.,.F.,(4,4),(-0.0646305204569087,0.),.UNSPECIFIED.);
#919=B_SPLINE_CURVE_WITH_KNOTS('',3,(#3434,#3435,#3436,#3437),
 .UNSPECIFIED.,.F.,.F.,(4,4),(0.837310460952295,0.85305145813703),
 .UNSPECIFIED.);
#920=B_SPLINE_CURVE_WITH_KNOTS('',3,(#3488,#3489,#3490,#3491,#3492,#3493,
#3494,#3495,#3496,#3497,#3498,#3499,#3500,#3501,#3502,#3503),
 .UNSPECIFIED.,.F.,.F.,(4,3,3,3,3,4),(-0.0604460649431009,-0.044370295902616,
-0.033277721926962,-0.0249582914452215,-0.0187187185839161,0.),
 .UNSPECIFIED.);
#921=B_SPLINE_CURVE_WITH_KNOTS('',3,(#3534,#3535,#3536,#3537,#3538,#3539,
#3540),.UNSPECIFIED.,.F.,.F.,(4,3,4),(0.,0.0143521384980955,0.0286942536882991),
 .UNSPECIFIED.);
#922=B_SPLINE_CURVE_WITH_KNOTS('',3,(#3541,#3542,#3543,#3544,#3545,#3546,
#3547),.UNSPECIFIED.,.F.,.F.,(4,3,4),(-0.931031773685664,-0.62183157372464,
-0.603142700425842),.UNSPECIFIED.);
#923=B_SPLINE_CURVE_WITH_KNOTS('',3,(#3563,#3564,#3565,#3566,#3567,#3568,
#3569,#3570,#3571,#3572),.UNSPECIFIED.,.F.,.F.,(4,3,3,4),(-0.0266727866405459,
-0.018025953930473,-0.00901297696523652,0.),.UNSPECIFIED.);
#924=B_SPLINE_CURVE_WITH_KNOTS('',3,(#3602,#3603,#3604,#3605,#3606,#3607,
#3608),.UNSPECIFIED.,.F.,.F.,(4,3,4),(0.603142700425842,0.62183157372464,
0.931031773685664),.UNSPECIFIED.);
#925=B_SPLINE_CURVE_WITH_KNOTS('',3,(#3609,#3610,#3611,#3612,#3613,#3614,
#3615,#3616,#3617,#3618),.UNSPECIFIED.,.F.,.F.,(4,3,3,4),(0.,0.0147423063239967,
0.0175091158132077,0.0176720659434278),.UNSPECIFIED.);
#926=B_SPLINE_CURVE_WITH_KNOTS('',3,(#3647,#3648,#3649,#3650,#3651,#3652,
#3653),.UNSPECIFIED.,.F.,.F.,(4,3,4),(0.603142700425842,0.62183157372464,
0.931031773685664),.UNSPECIFIED.);
#927=B_SPLINE_CURVE_WITH_KNOTS('',3,(#3677,#3678,#3679,#3680,#3681,#3682),
 .UNSPECIFIED.,.F.,.F.,(4,2,4),(-0.0291260119778208,-0.0145626617408819,
0.),.UNSPECIFIED.);
#928=B_SPLINE_CURVE_WITH_KNOTS('',3,(#3687,#3688,#3689,#3690,#3691,#3692,
#3693,#3694,#3695,#3696),.UNSPECIFIED.,.F.,.F.,(4,3,3,4),(0.,0.0256837119955281,
0.0593650704801255,0.0635585524865286),.UNSPECIFIED.);
#929=B_SPLINE_CURVE_WITH_KNOTS('',3,(#3729,#3730,#3731,#3732,#3733,#3734,
#3735,#3736),.UNSPECIFIED.,.F.,.F.,(4,2,2,4),(0.805024564524179,0.806403088068803,
0.82175763795124,0.821925811091749),.UNSPECIFIED.);
#930=B_SPLINE_CURVE_WITH_KNOTS('',3,(#3748,#3749,#3750,#3751,#3752,#3753,
#3754),.UNSPECIFIED.,.F.,.F.,(4,3,4),(-0.930913241040428,-0.62183157372464,
-0.603350298424028),.UNSPECIFIED.);
#931=B_SPLINE_CURVE_WITH_KNOTS('',3,(#3764,#3765,#3766,#3767,#3768,#3769,
#3770),.UNSPECIFIED.,.F.,.F.,(4,3,4),(0.603350298424028,0.62183157372464,
0.930913284507554),.UNSPECIFIED.);
#932=B_SPLINE_CURVE_WITH_KNOTS('',3,(#3779,#3780,#3781,#3782,#3783,#3784,
#3785,#3786),.UNSPECIFIED.,.F.,.F.,(4,2,2,4),(0.867543611310839,0.868965558112871,
0.885026535597521,0.885188583510929),.UNSPECIFIED.);
#933=B_SPLINE_CURVE_WITH_KNOTS('',3,(#3801,#3802,#3803,#3804,#3805,#3806,
#3807,#3808),.UNSPECIFIED.,.F.,.F.,(4,2,2,4),(-0.885188583510929,-0.885026535597521,
-0.868965558112871,-0.867543611310839),.UNSPECIFIED.);
#934=B_SPLINE_CURVE_WITH_KNOTS('',3,(#3827,#3828,#3829,#3830,#3831,#3832,
#3833,#3834),.UNSPECIFIED.,.F.,.F.,(4,2,2,4),(0.835906404739624,0.837310460952295,
0.85305145813703,0.85321608847304),.UNSPECIFIED.);
#935=B_SPLINE_CURVE_WITH_KNOTS('',3,(#3839,#3840,#3841,#3842,#3843,#3844,
#3845,#3846),.UNSPECIFIED.,.F.,.F.,(4,2,2,4),(-0.821925811091749,-0.82175763795124,
-0.806403088068803,-0.805024564524179),.UNSPECIFIED.);
#936=B_SPLINE_CURVE_WITH_KNOTS('',3,(#3854,#3855,#3856,#3857,#3858,#3859,
#3860,#3861),.UNSPECIFIED.,.F.,.F.,(4,2,2,4),(-0.85321608847304,-0.85305145813703,
-0.837310460952295,-0.835906404739624),.UNSPECIFIED.);
#937=B_SPLINE_CURVE_WITH_KNOTS('',3,(#3869,#3870,#3871,#3872,#3873,#3874,
#3875,#3876,#3877,#3878),.UNSPECIFIED.,.F.,.F.,(4,3,3,4),(0.,0.026260227447241,
0.0608297789488692,0.0654608427258138),.UNSPECIFIED.);
#938=B_SPLINE_CURVE_WITH_KNOTS('',3,(#3913,#3914,#3915,#3916),
 .UNSPECIFIED.,.F.,.F.,(4,4),(-0.885026535597521,-0.868965558112871),
 .UNSPECIFIED.);
#939=B_SPLINE_CURVE_WITH_KNOTS('',3,(#3917,#3918,#3919,#3920,#3921,#3922),
 .UNSPECIFIED.,.F.,.F.,(4,2,4),(-0.0290761946910869,-0.014537799495395,
0.),.UNSPECIFIED.);
#940=B_SPLINE_CURVE_WITH_KNOTS('',3,(#3929,#3930,#3931,#3932,#3933,#3934),
 .UNSPECIFIED.,.F.,.F.,(4,2,4),(0.,0.0322640454957288,0.0646305204569079),
 .UNSPECIFIED.);
#941=B_SPLINE_CURVE_WITH_KNOTS('',3,(#3968,#3969,#3970,#3971,#3972,#3973,
#3974),.UNSPECIFIED.,.F.,.F.,(4,3,4),(0.,0.0145475778930888,0.0290957907478533),
 .UNSPECIFIED.);
#942=B_SPLINE_CURVE_WITH_KNOTS('',3,(#4000,#4001,#4002,#4003,#4004,#4005),
 .UNSPECIFIED.,.F.,.F.,(4,2,4),(0.,0.0317288797235307,0.0635585524865286),
 .UNSPECIFIED.);
#943=B_SPLINE_CURVE_WITH_KNOTS('',3,(#4039,#4040,#4041,#4042,#4043,#4044,
#4045),.UNSPECIFIED.,.F.,.F.,(4,3,4),(0.,0.0145626617408825,0.0291260119778204),
 .UNSPECIFIED.);
#944=B_SPLINE_CURVE_WITH_KNOTS('',3,(#4055,#4056,#4057,#4058,#4059,#4060),
 .UNSPECIFIED.,.F.,.F.,(4,2,4),(0.,0.0326788693084387,0.0654608427258173),
 .UNSPECIFIED.);
#945=B_SPLINE_CURVE_WITH_KNOTS('',3,(#4094,#4095,#4096,#4097),
 .UNSPECIFIED.,.F.,.F.,(4,4),(0.,0.0290761946910869),.UNSPECIFIED.);
#946=B_SPLINE_CURVE_WITH_KNOTS('',3,(#4108,#4109,#4110,#4111,#4112,#4113,
#4114,#4115,#4116,#4117,#4118,#4119,#4120,#4121,#4122,#4123,#4124,#4125,
#4126,#4127,#4128,#4129),.UNSPECIFIED.,.F.,.F.,(4,3,3,3,3,3,3,4),(0.,0.016157630114227,
0.0282758526998972,0.0305480194347104,0.031613097591654,0.0321586736915037,
0.0325439612332785,0.0646305204569079),.UNSPECIFIED.);
#947=B_SPLINE_CURVE_WITH_KNOTS('',3,(#4164,#4165,#4166,#4167),
 .UNSPECIFIED.,.F.,.F.,(4,4),(-0.85305145813703,-0.837310460952295),
 .UNSPECIFIED.);
#948=B_SPLINE_CURVE_WITH_KNOTS('',3,(#4168,#4169,#4170,#4171,#4172,#4173),
 .UNSPECIFIED.,.F.,.F.,(4,2,4),(-0.0290957907478533,-0.0145475778930881,
0.),.UNSPECIFIED.);
#949=B_SPLINE_CURVE_WITH_KNOTS('',3,(#4198,#4199,#4200,#4201,#4202,#4203,
#4204,#4205,#4206,#4207),.UNSPECIFIED.,.F.,.F.,(4,3,3,4),(-0.088689125474995,
-0.0147816743818585,-0.000822135438970717,0.),.UNSPECIFIED.);
#950=B_SPLINE_CURVE_WITH_KNOTS('',3,(#4238,#4239,#4240,#4241,#4242,#4243,
#4244,#4245,#4246,#4247,#4248,#4249,#4250,#4251,#4252,#4253,#4254,#4255,
#4256,#4257,#4258,#4259,#4260,#4261,#4262,#4263,#4264,#4265,#4266,#4267,
#4268,#4269),.UNSPECIFIED.,.F.,.F.,(4,2,2,2,2,2,2,2,2,2,2,2,2,2,2,4),(0.,
0.014352138718672,0.0215156794074764,0.0250943205530151,0.026882853495068,
0.0277769070796496,0.0285032025506057,0.0303186780981162,0.0312264517471455,
0.0316814293042304,0.0319090378185109,0.0320225030206681,0.0320750072777074,
0.0321041484442111,0.0322847979876145,0.0349825752475707),.UNSPECIFIED.);
#951=B_SPLINE_CURVE_WITH_KNOTS('',3,(#4270,#4271,#4272,#4273,#4274,#4275,
#4276),.UNSPECIFIED.,.F.,.F.,(4,3,4),(-0.931031773685664,-0.62183157372464,
-0.603142700425843),.UNSPECIFIED.);
#952=B_SPLINE_CURVE_WITH_KNOTS('',3,(#4285,#4286,#4287,#4288,#4289,#4290,
#4291),.UNSPECIFIED.,.F.,.F.,(4,3,4),(-0.00897696468410123,-0.00538607154789785,
0.),.UNSPECIFIED.);
#953=B_SPLINE_CURVE_WITH_KNOTS('',3,(#4320,#4321,#4322,#4323,#4324,#4325,
#4326,#4327,#4328,#4329),.UNSPECIFIED.,.F.,.F.,(4,3,3,4),(0.,0.0147423063609128,
0.0175091159561145,0.0176720659993357),.UNSPECIFIED.);
#954=VERTEX_POINT('',#2799);
#955=VERTEX_POINT('',#2800);
#956=VERTEX_POINT('',#2811);
#957=VERTEX_POINT('',#2822);
#958=VERTEX_POINT('',#2834);
#959=VERTEX_POINT('',#2836);
#960=VERTEX_POINT('',#2840);
#961=VERTEX_POINT('',#2842);
#962=VERTEX_POINT('',#2849);
#963=VERTEX_POINT('',#2851);
#964=VERTEX_POINT('',#2862);
#965=VERTEX_POINT('',#2869);
#966=VERTEX_POINT('',#2870);
#967=VERTEX_POINT('',#2872);
#968=VERTEX_POINT('',#2874);
#969=VERTEX_POINT('',#2876);
#970=VERTEX_POINT('',#2884);
#971=VERTEX_POINT('',#2886);
#972=VERTEX_POINT('',#2888);
#973=VERTEX_POINT('',#2890);
#974=VERTEX_POINT('',#2892);
#975=VERTEX_POINT('',#2901);
#976=VERTEX_POINT('',#2902);
#977=VERTEX_POINT('',#2904);
#978=VERTEX_POINT('',#2906);
#979=VERTEX_POINT('',#2918);
#980=VERTEX_POINT('',#2919);
#981=VERTEX_POINT('',#2921);
#982=VERTEX_POINT('',#2923);
#983=VERTEX_POINT('',#2925);
#984=VERTEX_POINT('',#2928);
#985=VERTEX_POINT('',#2929);
#986=VERTEX_POINT('',#2931);
#987=VERTEX_POINT('',#2942);
#988=VERTEX_POINT('',#2945);
#989=VERTEX_POINT('',#2946);
#990=VERTEX_POINT('',#2948);
#991=VERTEX_POINT('',#2950);
#992=VERTEX_POINT('',#2953);
#993=VERTEX_POINT('',#2954);
#994=VERTEX_POINT('',#2956);
#995=VERTEX_POINT('',#2958);
#996=VERTEX_POINT('',#2970);
#997=VERTEX_POINT('',#2971);
#998=VERTEX_POINT('',#2973);
#999=VERTEX_POINT('',#2984);
#1000=VERTEX_POINT('',#2987);
#1001=VERTEX_POINT('',#2988);
#1002=VERTEX_POINT('',#2990);
#1003=VERTEX_POINT('',#3001);
#1004=VERTEX_POINT('',#3005);
#1005=VERTEX_POINT('',#3012);
#1006=VERTEX_POINT('',#3055);
#1007=VERTEX_POINT('',#3065);
#1008=VERTEX_POINT('',#3071);
#1009=VERTEX_POINT('',#3073);
#1010=VERTEX_POINT('',#3077);
#1011=VERTEX_POINT('',#3081);
#1012=VERTEX_POINT('',#3083);
#1013=VERTEX_POINT('',#3093);
#1014=VERTEX_POINT('',#3097);
#1015=VERTEX_POINT('',#3157);
#1016=VERTEX_POINT('',#3159);
#1017=VERTEX_POINT('',#3166);
#1018=VERTEX_POINT('',#3170);
#1019=VERTEX_POINT('',#3172);
#1020=VERTEX_POINT('',#3176);
#1021=VERTEX_POINT('',#3180);
#1022=VERTEX_POINT('',#3181);
#1023=VERTEX_POINT('',#3190);
#1024=VERTEX_POINT('',#3192);
#1025=VERTEX_POINT('',#3196);
#1026=VERTEX_POINT('',#3200);
#1027=VERTEX_POINT('',#3204);
#1028=VERTEX_POINT('',#3206);
#1029=VERTEX_POINT('',#3216);
#1030=VERTEX_POINT('',#3220);
#1031=VERTEX_POINT('',#3280);
#1032=VERTEX_POINT('',#3282);
#1033=VERTEX_POINT('',#3289);
#1034=VERTEX_POINT('',#3293);
#1035=VERTEX_POINT('',#3295);
#1036=VERTEX_POINT('',#3302);
#1037=VERTEX_POINT('',#3306);
#1038=VERTEX_POINT('',#3366);
#1039=VERTEX_POINT('',#3368);
#1040=VERTEX_POINT('',#3375);
#1041=VERTEX_POINT('',#3379);
#1042=VERTEX_POINT('',#3386);
#1043=VERTEX_POINT('',#3429);
#1044=VERTEX_POINT('',#3439);
#1045=VERTEX_POINT('',#3445);
#1046=VERTEX_POINT('',#3447);
#1047=VERTEX_POINT('',#3451);
#1048=VERTEX_POINT('',#3455);
#1049=VERTEX_POINT('',#3457);
#1050=VERTEX_POINT('',#3461);
#1051=VERTEX_POINT('',#3465);
#1052=VERTEX_POINT('',#3471);
#1053=VERTEX_POINT('',#3473);
#1054=VERTEX_POINT('',#3477);
#1055=VERTEX_POINT('',#3481);
#1056=VERTEX_POINT('',#3483);
#1057=VERTEX_POINT('',#3487);
#1058=VERTEX_POINT('',#3533);
#1059=VERTEX_POINT('',#3549);
#1060=VERTEX_POINT('',#3553);
#1061=VERTEX_POINT('',#3554);
#1062=VERTEX_POINT('',#3561);
#1063=VERTEX_POINT('',#3601);
#1064=VERTEX_POINT('',#3620);
#1065=VERTEX_POINT('',#3626);
#1066=VERTEX_POINT('',#3628);
#1067=VERTEX_POINT('',#3645);
#1068=VERTEX_POINT('',#3655);
#1069=VERTEX_POINT('',#3659);
#1070=VERTEX_POINT('',#3663);
#1071=VERTEX_POINT('',#3667);
#1072=VERTEX_POINT('',#3669);
#1073=VERTEX_POINT('',#3671);
#1074=VERTEX_POINT('',#3675);
#1075=VERTEX_POINT('',#3685);
#1076=VERTEX_POINT('',#3740);
#1077=VERTEX_POINT('',#3741);
#1078=VERTEX_POINT('',#3743);
#1079=VERTEX_POINT('',#3745);
#1080=VERTEX_POINT('',#3747);
#1081=VERTEX_POINT('',#3755);
#1082=VERTEX_POINT('',#3757);
#1083=VERTEX_POINT('',#3759);
#1084=VERTEX_POINT('',#3761);
#1085=VERTEX_POINT('',#3763);
#1086=VERTEX_POINT('',#3772);
#1087=VERTEX_POINT('',#3773);
#1088=VERTEX_POINT('',#3775);
#1089=VERTEX_POINT('',#3777);
#1090=VERTEX_POINT('',#3787);
#1091=VERTEX_POINT('',#3788);
#1092=VERTEX_POINT('',#3790);
#1093=VERTEX_POINT('',#3792);
#1094=VERTEX_POINT('',#3794);
#1095=VERTEX_POINT('',#3797);
#1096=VERTEX_POINT('',#3798);
#1097=VERTEX_POINT('',#3800);
#1098=VERTEX_POINT('',#3809);
#1099=VERTEX_POINT('',#3812);
#1100=VERTEX_POINT('',#3813);
#1101=VERTEX_POINT('',#3815);
#1102=VERTEX_POINT('',#3817);
#1103=VERTEX_POINT('',#3820);
#1104=VERTEX_POINT('',#3821);
#1105=VERTEX_POINT('',#3823);
#1106=VERTEX_POINT('',#3825);
#1107=VERTEX_POINT('',#3835);
#1108=VERTEX_POINT('',#3836);
#1109=VERTEX_POINT('',#3838);
#1110=VERTEX_POINT('',#3847);
#1111=VERTEX_POINT('',#3850);
#1112=VERTEX_POINT('',#3851);
#1113=VERTEX_POINT('',#3853);
#1114=VERTEX_POINT('',#3862);
#1115=VERTEX_POINT('',#3866);
#1116=VERTEX_POINT('',#3927);
#1117=VERTEX_POINT('',#3983);
#1118=VERTEX_POINT('',#3998);
#1119=VERTEX_POINT('',#4053);
#1120=VERTEX_POINT('',#4105);
#1121=VERTEX_POINT('',#4178);
#1122=VERTEX_POINT('',#4191);
#1123=VERTEX_POINT('',#4192);
#1124=VERTEX_POINT('',#4197);
#1125=VERTEX_POINT('',#4237);
#1126=EDGE_CURVE('',#954,#955,#890,.T.);
#1127=EDGE_CURVE('',#955,#956,#891,.T.);
#1128=EDGE_CURVE('',#956,#957,#892,.T.);
#1129=EDGE_CURVE('',#954,#957,#893,.T.);
#1130=EDGE_CURVE('',#955,#958,#31,.T.);
#1131=EDGE_CURVE('',#958,#959,#32,.T.);
#1132=EDGE_CURVE('',#959,#956,#33,.T.);
#1133=EDGE_CURVE('',#958,#960,#34,.T.);
#1134=EDGE_CURVE('',#960,#961,#35,.T.);
#1135=EDGE_CURVE('',#961,#959,#36,.T.);
#1136=EDGE_CURVE('',#957,#961,#37,.T.);
#1137=EDGE_CURVE('',#960,#954,#38,.T.);
#1138=EDGE_CURVE('',#962,#957,#39,.T.);
#1139=EDGE_CURVE('',#963,#962,#40,.T.);
#1140=EDGE_CURVE('',#963,#961,#41,.T.);
#1141=EDGE_CURVE('',#964,#956,#42,.T.);
#1142=EDGE_CURVE('',#962,#964,#894,.T.);
#1143=EDGE_CURVE('',#965,#966,#43,.T.);
#1144=EDGE_CURVE('',#967,#965,#44,.T.);
#1145=EDGE_CURVE('',#968,#967,#45,.T.);
#1146=EDGE_CURVE('',#969,#968,#895,.T.);
#1147=EDGE_CURVE('',#970,#969,#46,.T.);
#1148=EDGE_CURVE('',#971,#970,#47,.T.);
#1149=EDGE_CURVE('',#972,#971,#48,.T.);
#1150=EDGE_CURVE('',#973,#972,#49,.T.);
#1151=EDGE_CURVE('',#974,#973,#896,.T.);
#1152=EDGE_CURVE('',#966,#974,#50,.T.);
#1153=EDGE_CURVE('',#975,#976,#51,.T.);
#1154=EDGE_CURVE('',#977,#975,#52,.T.);
#1155=EDGE_CURVE('',#978,#977,#53,.T.);
#1156=EDGE_CURVE('',#976,#978,#897,.T.);
#1157=EDGE_CURVE('',#979,#980,#54,.T.);
#1158=EDGE_CURVE('',#981,#979,#55,.T.);
#1159=EDGE_CURVE('',#982,#981,#56,.T.);
#1160=EDGE_CURVE('',#983,#982,#57,.T.);
#1161=EDGE_CURVE('',#980,#983,#58,.T.);
#1162=EDGE_CURVE('',#984,#985,#59,.T.);
#1163=EDGE_CURVE('',#986,#984,#898,.T.);
#1164=EDGE_CURVE('',#987,#986,#60,.T.);
#1165=EDGE_CURVE('',#985,#987,#61,.T.);
#1166=EDGE_CURVE('',#988,#989,#62,.T.);
#1167=EDGE_CURVE('',#990,#988,#63,.T.);
#1168=EDGE_CURVE('',#991,#990,#64,.T.);
#1169=EDGE_CURVE('',#989,#991,#65,.T.);
#1170=EDGE_CURVE('',#992,#993,#66,.T.);
#1171=EDGE_CURVE('',#994,#992,#67,.T.);
#1172=EDGE_CURVE('',#995,#994,#68,.T.);
#1173=EDGE_CURVE('',#993,#995,#899,.T.);
#1174=EDGE_CURVE('',#996,#997,#69,.T.);
#1175=EDGE_CURVE('',#998,#996,#900,.T.);
#1176=EDGE_CURVE('',#999,#998,#70,.T.);
#1177=EDGE_CURVE('',#997,#999,#71,.T.);
#1178=EDGE_CURVE('',#1000,#1001,#72,.T.);
#1179=EDGE_CURVE('',#1002,#1000,#901,.T.);
#1180=EDGE_CURVE('',#1003,#1002,#73,.T.);
#1181=EDGE_CURVE('',#1001,#1003,#74,.T.);
#1182=EDGE_CURVE('',#976,#1004,#902,.T.);
#1183=EDGE_CURVE('',#1004,#1005,#75,.T.);
#1184=EDGE_CURVE('',#975,#1005,#76,.T.);
#1185=EDGE_CURVE('',#978,#1006,#903,.T.);
#1186=EDGE_CURVE('',#1006,#1004,#904,.T.);
#1187=EDGE_CURVE('',#977,#1007,#77,.T.);
#1188=EDGE_CURVE('',#1007,#1006,#78,.T.);
#1189=EDGE_CURVE('',#1005,#1007,#79,.T.);
#1190=EDGE_CURVE('',#1008,#1005,#80,.T.);
#1191=EDGE_CURVE('',#1009,#1008,#81,.T.);
#1192=EDGE_CURVE('',#1009,#1007,#82,.T.);
#1193=EDGE_CURVE('',#1010,#1004,#83,.T.);
#1194=EDGE_CURVE('',#1008,#1010,#84,.T.);
#1195=EDGE_CURVE('',#1001,#1011,#85,.T.);
#1196=EDGE_CURVE('',#1011,#1012,#86,.T.);
#1197=EDGE_CURVE('',#1000,#1012,#905,.T.);
#1198=EDGE_CURVE('',#1003,#1013,#87,.T.);
#1199=EDGE_CURVE('',#1013,#1011,#88,.T.);
#1200=EDGE_CURVE('',#1002,#1014,#906,.T.);
#1201=EDGE_CURVE('',#1014,#1013,#89,.T.);
#1202=EDGE_CURVE('',#1012,#1014,#907,.T.);
#1203=EDGE_CURVE('',#1015,#1012,#90,.T.);
#1204=EDGE_CURVE('',#1016,#1015,#908,.T.);
#1205=EDGE_CURVE('',#1016,#1014,#91,.T.);
#1206=EDGE_CURVE('',#1017,#1011,#92,.T.);
#1207=EDGE_CURVE('',#1015,#1017,#93,.T.);
#1208=EDGE_CURVE('',#982,#1018,#94,.T.);
#1209=EDGE_CURVE('',#1018,#1019,#95,.T.);
#1210=EDGE_CURVE('',#983,#1019,#96,.T.);
#1211=EDGE_CURVE('',#981,#1020,#97,.T.);
#1212=EDGE_CURVE('',#1020,#1018,#98,.T.);
#1213=EDGE_CURVE('',#1021,#1022,#99,.T.);
#1214=EDGE_CURVE('',#1022,#979,#100,.T.);
#1215=EDGE_CURVE('',#980,#1021,#101,.T.);
#1216=EDGE_CURVE('',#1022,#1020,#102,.T.);
#1217=EDGE_CURVE('',#1019,#1021,#103,.T.);
#1218=EDGE_CURVE('',#1023,#1020,#104,.T.);
#1219=EDGE_CURVE('',#1024,#1023,#105,.T.);
#1220=EDGE_CURVE('',#1024,#1018,#106,.T.);
#1221=EDGE_CURVE('',#1025,#1022,#107,.T.);
#1222=EDGE_CURVE('',#1023,#1025,#108,.T.);
#1223=EDGE_CURVE('',#1026,#1021,#109,.T.);
#1224=EDGE_CURVE('',#1025,#1026,#110,.T.);
#1225=EDGE_CURVE('',#997,#1027,#111,.T.);
#1226=EDGE_CURVE('',#1027,#1028,#112,.T.);
#1227=EDGE_CURVE('',#996,#1028,#909,.T.);
#1228=EDGE_CURVE('',#999,#1029,#113,.T.);
#1229=EDGE_CURVE('',#1029,#1027,#114,.T.);
#1230=EDGE_CURVE('',#998,#1030,#910,.T.);
#1231=EDGE_CURVE('',#1030,#1029,#115,.T.);
#1232=EDGE_CURVE('',#1028,#1030,#911,.T.);
#1233=EDGE_CURVE('',#1031,#1028,#116,.T.);
#1234=EDGE_CURVE('',#1032,#1031,#912,.T.);
#1235=EDGE_CURVE('',#1032,#1030,#117,.T.);
#1236=EDGE_CURVE('',#1033,#1027,#118,.T.);
#1237=EDGE_CURVE('',#1031,#1033,#119,.T.);
#1238=EDGE_CURVE('',#985,#1034,#120,.T.);
#1239=EDGE_CURVE('',#1034,#1035,#121,.T.);
#1240=EDGE_CURVE('',#984,#1035,#913,.T.);
#1241=EDGE_CURVE('',#987,#1036,#122,.T.);
#1242=EDGE_CURVE('',#1036,#1034,#123,.T.);
#1243=EDGE_CURVE('',#986,#1037,#914,.T.);
#1244=EDGE_CURVE('',#1037,#1036,#124,.T.);
#1245=EDGE_CURVE('',#1035,#1037,#915,.T.);
#1246=EDGE_CURVE('',#1038,#1035,#125,.T.);
#1247=EDGE_CURVE('',#1039,#1038,#916,.T.);
#1248=EDGE_CURVE('',#1039,#1037,#126,.T.);
#1249=EDGE_CURVE('',#1040,#1034,#127,.T.);
#1250=EDGE_CURVE('',#1038,#1040,#128,.T.);
#1251=EDGE_CURVE('',#993,#1041,#917,.T.);
#1252=EDGE_CURVE('',#1041,#1042,#129,.T.);
#1253=EDGE_CURVE('',#992,#1042,#130,.T.);
#1254=EDGE_CURVE('',#995,#1043,#918,.T.);
#1255=EDGE_CURVE('',#1043,#1041,#919,.T.);
#1256=EDGE_CURVE('',#994,#1044,#131,.T.);
#1257=EDGE_CURVE('',#1044,#1043,#132,.T.);
#1258=EDGE_CURVE('',#1042,#1044,#133,.T.);
#1259=EDGE_CURVE('',#1045,#1042,#134,.T.);
#1260=EDGE_CURVE('',#1046,#1045,#135,.T.);
#1261=EDGE_CURVE('',#1046,#1044,#136,.T.);
#1262=EDGE_CURVE('',#1047,#1041,#137,.T.);
#1263=EDGE_CURVE('',#1045,#1047,#138,.T.);
#1264=EDGE_CURVE('',#989,#1048,#139,.T.);
#1265=EDGE_CURVE('',#1048,#1049,#140,.T.);
#1266=EDGE_CURVE('',#988,#1049,#141,.T.);
#1267=EDGE_CURVE('',#991,#1050,#142,.T.);
#1268=EDGE_CURVE('',#1050,#1048,#143,.T.);
#1269=EDGE_CURVE('',#990,#1051,#144,.T.);
#1270=EDGE_CURVE('',#1051,#1050,#145,.T.);
#1271=EDGE_CURVE('',#1049,#1051,#146,.T.);
#1272=EDGE_CURVE('',#1052,#1049,#147,.T.);
#1273=EDGE_CURVE('',#1053,#1052,#148,.T.);
#1274=EDGE_CURVE('',#1053,#1051,#149,.T.);
#1275=EDGE_CURVE('',#1054,#1048,#150,.T.);
#1276=EDGE_CURVE('',#1052,#1054,#151,.T.);
#1277=EDGE_CURVE('',#1055,#971,#152,.T.);
#1278=EDGE_CURVE('',#970,#1056,#153,.T.);
#1279=EDGE_CURVE('',#1056,#1055,#154,.T.);
#1280=EDGE_CURVE('',#969,#1057,#920,.T.);
#1281=EDGE_CURVE('',#1057,#1056,#155,.T.);
#1282=EDGE_CURVE('',#968,#1058,#921,.T.);
#1283=EDGE_CURVE('',#1058,#1057,#922,.T.);
#1284=EDGE_CURVE('',#967,#1059,#156,.T.);
#1285=EDGE_CURVE('',#1059,#1058,#157,.T.);
#1286=EDGE_CURVE('',#1060,#1061,#158,.T.);
#1287=EDGE_CURVE('',#1061,#965,#159,.T.);
#1288=EDGE_CURVE('',#966,#1060,#160,.T.);
#1289=EDGE_CURVE('',#1061,#1059,#161,.T.);
#1290=EDGE_CURVE('',#1062,#1060,#162,.T.);
#1291=EDGE_CURVE('',#974,#1062,#923,.T.);
#1292=EDGE_CURVE('',#1063,#1062,#924,.T.);
#1293=EDGE_CURVE('',#973,#1063,#925,.T.);
#1294=EDGE_CURVE('',#1064,#1063,#163,.T.);
#1295=EDGE_CURVE('',#972,#1064,#164,.T.);
#1296=EDGE_CURVE('',#1055,#1064,#165,.T.);
#1297=EDGE_CURVE('',#1065,#1057,#166,.T.);
#1298=EDGE_CURVE('',#1066,#1065,#167,.T.);
#1299=EDGE_CURVE('',#1066,#1056,#168,.T.);
#1300=EDGE_CURVE('',#1067,#1058,#169,.T.);
#1301=EDGE_CURVE('',#1065,#1067,#926,.T.);
#1302=EDGE_CURVE('',#1068,#1059,#170,.T.);
#1303=EDGE_CURVE('',#1067,#1068,#171,.T.);
#1304=EDGE_CURVE('',#1069,#1061,#172,.T.);
#1305=EDGE_CURVE('',#1068,#1069,#173,.T.);
#1306=EDGE_CURVE('',#1070,#1060,#174,.T.);
#1307=EDGE_CURVE('',#1069,#1070,#175,.T.);
#1308=EDGE_CURVE('',#1071,#963,#176,.T.);
#1309=EDGE_CURVE('',#963,#1072,#177,.T.);
#1310=EDGE_CURVE('',#1072,#1073,#178,.T.);
#1311=EDGE_CURVE('',#1073,#1071,#179,.T.);
#1312=EDGE_CURVE('',#1074,#1072,#180,.T.);
#1313=EDGE_CURVE('',#1074,#962,#927,.T.);
#1314=EDGE_CURVE('',#964,#1071,#181,.T.);
#1315=EDGE_CURVE('',#1073,#1075,#182,.T.);
#1316=EDGE_CURVE('',#1075,#964,#928,.T.);
#1317=EDGE_CURVE('',#1075,#1074,#929,.T.);
#1318=EDGE_CURVE('',#1071,#959,#183,.T.);
#1319=EDGE_CURVE('',#1076,#1077,#184,.T.);
#1320=EDGE_CURVE('',#1078,#1076,#185,.T.);
#1321=EDGE_CURVE('',#1079,#1078,#186,.T.);
#1322=EDGE_CURVE('',#1080,#1079,#930,.T.);
#1323=EDGE_CURVE('',#1081,#1080,#187,.T.);
#1324=EDGE_CURVE('',#1082,#1081,#188,.T.);
#1325=EDGE_CURVE('',#1083,#1082,#189,.T.);
#1326=EDGE_CURVE('',#1084,#1083,#190,.T.);
#1327=EDGE_CURVE('',#1085,#1084,#931,.T.);
#1328=EDGE_CURVE('',#1077,#1085,#191,.T.);
#1329=EDGE_CURVE('',#1086,#1087,#192,.T.);
#1330=EDGE_CURVE('',#1088,#1086,#193,.T.);
#1331=EDGE_CURVE('',#1089,#1088,#194,.T.);
#1332=EDGE_CURVE('',#1087,#1089,#932,.T.);
#1333=EDGE_CURVE('',#1090,#1091,#195,.T.);
#1334=EDGE_CURVE('',#1092,#1090,#196,.T.);
#1335=EDGE_CURVE('',#1093,#1092,#197,.T.);
#1336=EDGE_CURVE('',#1094,#1093,#198,.T.);
#1337=EDGE_CURVE('',#1091,#1094,#199,.T.);
#1338=EDGE_CURVE('',#1095,#1096,#200,.T.);
#1339=EDGE_CURVE('',#1097,#1095,#933,.T.);
#1340=EDGE_CURVE('',#1098,#1097,#201,.T.);
#1341=EDGE_CURVE('',#1096,#1098,#202,.T.);
#1342=EDGE_CURVE('',#1099,#1100,#203,.T.);
#1343=EDGE_CURVE('',#1101,#1099,#204,.T.);
#1344=EDGE_CURVE('',#1102,#1101,#205,.T.);
#1345=EDGE_CURVE('',#1100,#1102,#206,.T.);
#1346=EDGE_CURVE('',#1103,#1104,#207,.T.);
#1347=EDGE_CURVE('',#1105,#1103,#208,.T.);
#1348=EDGE_CURVE('',#1106,#1105,#209,.T.);
#1349=EDGE_CURVE('',#1104,#1106,#934,.T.);
#1350=EDGE_CURVE('',#1107,#1108,#210,.T.);
#1351=EDGE_CURVE('',#1109,#1107,#935,.T.);
#1352=EDGE_CURVE('',#1110,#1109,#211,.T.);
#1353=EDGE_CURVE('',#1108,#1110,#212,.T.);
#1354=EDGE_CURVE('',#1111,#1112,#213,.T.);
#1355=EDGE_CURVE('',#1113,#1111,#936,.T.);
#1356=EDGE_CURVE('',#1114,#1113,#214,.T.);
#1357=EDGE_CURVE('',#1112,#1114,#215,.T.);
#1358=EDGE_CURVE('',#1115,#1009,#216,.T.);
#1359=EDGE_CURVE('',#1009,#1086,#217,.T.);
#1360=EDGE_CURVE('',#1087,#1115,#937,.T.);
#1361=EDGE_CURVE('',#1088,#1008,#218,.T.);
#1362=EDGE_CURVE('',#1010,#1115,#938,.T.);
#1363=EDGE_CURVE('',#1089,#1010,#939,.T.);
#1364=EDGE_CURVE('',#1115,#1006,#219,.T.);
#1365=EDGE_CURVE('',#1116,#1016,#220,.T.);
#1366=EDGE_CURVE('',#1016,#1111,#940,.T.);
#1367=EDGE_CURVE('',#1112,#1116,#221,.T.);
#1368=EDGE_CURVE('',#1113,#1015,#941,.T.);
#1369=EDGE_CURVE('',#1017,#1116,#222,.T.);
#1370=EDGE_CURVE('',#1114,#1017,#223,.T.);
#1371=EDGE_CURVE('',#1116,#1013,#224,.T.);
#1372=EDGE_CURVE('',#1091,#1026,#225,.T.);
#1373=EDGE_CURVE('',#1026,#1117,#226,.T.);
#1374=EDGE_CURVE('',#1090,#1117,#227,.T.);
#1375=EDGE_CURVE('',#1094,#1025,#228,.T.);
#1376=EDGE_CURVE('',#1093,#1023,#229,.T.);
#1377=EDGE_CURVE('',#1092,#1024,#230,.T.);
#1378=EDGE_CURVE('',#1117,#1024,#231,.T.);
#1379=EDGE_CURVE('',#1117,#1019,#232,.T.);
#1380=EDGE_CURVE('',#1118,#1032,#233,.T.);
#1381=EDGE_CURVE('',#1032,#1107,#942,.T.);
#1382=EDGE_CURVE('',#1108,#1118,#234,.T.);
#1383=EDGE_CURVE('',#1109,#1031,#943,.T.);
#1384=EDGE_CURVE('',#1033,#1118,#235,.T.);
#1385=EDGE_CURVE('',#1110,#1033,#236,.T.);
#1386=EDGE_CURVE('',#1118,#1029,#237,.T.);
#1387=EDGE_CURVE('',#1119,#1039,#238,.T.);
#1388=EDGE_CURVE('',#1039,#1095,#944,.T.);
#1389=EDGE_CURVE('',#1096,#1119,#239,.T.);
#1390=EDGE_CURVE('',#1097,#1038,#945,.T.);
#1391=EDGE_CURVE('',#1040,#1119,#240,.T.);
#1392=EDGE_CURVE('',#1098,#1040,#241,.T.);
#1393=EDGE_CURVE('',#1119,#1036,#242,.T.);
#1394=EDGE_CURVE('',#1120,#1046,#243,.T.);
#1395=EDGE_CURVE('',#1046,#1103,#244,.T.);
#1396=EDGE_CURVE('',#1104,#1120,#946,.T.);
#1397=EDGE_CURVE('',#1105,#1045,#245,.T.);
#1398=EDGE_CURVE('',#1047,#1120,#947,.T.);
#1399=EDGE_CURVE('',#1106,#1047,#948,.T.);
#1400=EDGE_CURVE('',#1120,#1043,#246,.T.);
#1401=EDGE_CURVE('',#1121,#1053,#247,.T.);
#1402=EDGE_CURVE('',#1053,#1099,#248,.T.);
#1403=EDGE_CURVE('',#1100,#1121,#249,.T.);
#1404=EDGE_CURVE('',#1101,#1052,#250,.T.);
#1405=EDGE_CURVE('',#1054,#1121,#251,.T.);
#1406=EDGE_CURVE('',#1102,#1054,#252,.T.);
#1407=EDGE_CURVE('',#1121,#1050,#253,.T.);
#1408=EDGE_CURVE('',#1122,#1123,#254,.T.);
#1409=EDGE_CURVE('',#1123,#1076,#255,.T.);
#1410=EDGE_CURVE('',#1077,#1122,#256,.T.);
#1411=EDGE_CURVE('',#1085,#1124,#949,.T.);
#1412=EDGE_CURVE('',#1124,#1122,#257,.T.);
#1413=EDGE_CURVE('',#1084,#1125,#950,.T.);
#1414=EDGE_CURVE('',#1125,#1124,#951,.T.);
#1415=EDGE_CURVE('',#1083,#1070,#258,.T.);
#1416=EDGE_CURVE('',#1070,#1125,#259,.T.);
#1417=EDGE_CURVE('',#1082,#1069,#260,.T.);
#1418=EDGE_CURVE('',#1081,#1068,#261,.T.);
#1419=EDGE_CURVE('',#1080,#1067,#952,.T.);
#1420=EDGE_CURVE('',#1079,#1065,#953,.T.);
#1421=EDGE_CURVE('',#1078,#1066,#262,.T.);
#1422=EDGE_CURVE('',#1123,#1066,#263,.T.);
#1423=EDGE_CURVE('',#1123,#1055,#264,.T.);
#1424=EDGE_CURVE('',#1122,#1064,#265,.T.);
#1425=EDGE_CURVE('',#1125,#1062,#266,.T.);
#1426=EDGE_CURVE('',#1124,#1063,#267,.T.);
#1427=ORIENTED_EDGE('',*,*,#1126,.T.);
#1428=ORIENTED_EDGE('',*,*,#1127,.T.);
#1429=ORIENTED_EDGE('',*,*,#1128,.T.);
#1430=ORIENTED_EDGE('',*,*,#1129,.F.);
#1431=ORIENTED_EDGE('',*,*,#1130,.T.);
#1432=ORIENTED_EDGE('',*,*,#1131,.T.);
#1433=ORIENTED_EDGE('',*,*,#1132,.T.);
#1434=ORIENTED_EDGE('',*,*,#1127,.F.);
#1435=ORIENTED_EDGE('',*,*,#1133,.T.);
#1436=ORIENTED_EDGE('',*,*,#1134,.T.);
#1437=ORIENTED_EDGE('',*,*,#1135,.T.);
#1438=ORIENTED_EDGE('',*,*,#1131,.F.);
#1439=ORIENTED_EDGE('',*,*,#1136,.T.);
#1440=ORIENTED_EDGE('',*,*,#1134,.F.);
#1441=ORIENTED_EDGE('',*,*,#1137,.T.);
#1442=ORIENTED_EDGE('',*,*,#1129,.T.);
#1443=ORIENTED_EDGE('',*,*,#1136,.F.);
#1444=ORIENTED_EDGE('',*,*,#1138,.F.);
#1445=ORIENTED_EDGE('',*,*,#1139,.F.);
#1446=ORIENTED_EDGE('',*,*,#1140,.T.);
#1447=ORIENTED_EDGE('',*,*,#1128,.F.);
#1448=ORIENTED_EDGE('',*,*,#1141,.F.);
#1449=ORIENTED_EDGE('',*,*,#1142,.F.);
#1450=ORIENTED_EDGE('',*,*,#1138,.T.);
#1451=ORIENTED_EDGE('',*,*,#1143,.F.);
#1452=ORIENTED_EDGE('',*,*,#1144,.F.);
#1453=ORIENTED_EDGE('',*,*,#1145,.F.);
#1454=ORIENTED_EDGE('',*,*,#1146,.F.);
#1455=ORIENTED_EDGE('',*,*,#1147,.F.);
#1456=ORIENTED_EDGE('',*,*,#1148,.F.);
#1457=ORIENTED_EDGE('',*,*,#1149,.F.);
#1458=ORIENTED_EDGE('',*,*,#1150,.F.);
#1459=ORIENTED_EDGE('',*,*,#1151,.F.);
#1460=ORIENTED_EDGE('',*,*,#1152,.F.);
#1461=ORIENTED_EDGE('',*,*,#1153,.F.);
#1462=ORIENTED_EDGE('',*,*,#1154,.F.);
#1463=ORIENTED_EDGE('',*,*,#1155,.F.);
#1464=ORIENTED_EDGE('',*,*,#1156,.F.);
#1465=ORIENTED_EDGE('',*,*,#1157,.F.);
#1466=ORIENTED_EDGE('',*,*,#1158,.F.);
#1467=ORIENTED_EDGE('',*,*,#1159,.F.);
#1468=ORIENTED_EDGE('',*,*,#1160,.F.);
#1469=ORIENTED_EDGE('',*,*,#1161,.F.);
#1470=ORIENTED_EDGE('',*,*,#1162,.F.);
#1471=ORIENTED_EDGE('',*,*,#1163,.F.);
#1472=ORIENTED_EDGE('',*,*,#1164,.F.);
#1473=ORIENTED_EDGE('',*,*,#1165,.F.);
#1474=ORIENTED_EDGE('',*,*,#1166,.F.);
#1475=ORIENTED_EDGE('',*,*,#1167,.F.);
#1476=ORIENTED_EDGE('',*,*,#1168,.F.);
#1477=ORIENTED_EDGE('',*,*,#1169,.F.);
#1478=ORIENTED_EDGE('',*,*,#1170,.F.);
#1479=ORIENTED_EDGE('',*,*,#1171,.F.);
#1480=ORIENTED_EDGE('',*,*,#1172,.F.);
#1481=ORIENTED_EDGE('',*,*,#1173,.F.);
#1482=ORIENTED_EDGE('',*,*,#1174,.F.);
#1483=ORIENTED_EDGE('',*,*,#1175,.F.);
#1484=ORIENTED_EDGE('',*,*,#1176,.F.);
#1485=ORIENTED_EDGE('',*,*,#1177,.F.);
#1486=ORIENTED_EDGE('',*,*,#1178,.F.);
#1487=ORIENTED_EDGE('',*,*,#1179,.F.);
#1488=ORIENTED_EDGE('',*,*,#1180,.F.);
#1489=ORIENTED_EDGE('',*,*,#1181,.F.);
#1490=ORIENTED_EDGE('',*,*,#1126,.F.);
#1491=ORIENTED_EDGE('',*,*,#1137,.F.);
#1492=ORIENTED_EDGE('',*,*,#1133,.F.);
#1493=ORIENTED_EDGE('',*,*,#1130,.F.);
#1494=ORIENTED_EDGE('',*,*,#1153,.T.);
#1495=ORIENTED_EDGE('',*,*,#1182,.T.);
#1496=ORIENTED_EDGE('',*,*,#1183,.T.);
#1497=ORIENTED_EDGE('',*,*,#1184,.F.);
#1498=ORIENTED_EDGE('',*,*,#1156,.T.);
#1499=ORIENTED_EDGE('',*,*,#1185,.T.);
#1500=ORIENTED_EDGE('',*,*,#1186,.T.);
#1501=ORIENTED_EDGE('',*,*,#1182,.F.);
#1502=ORIENTED_EDGE('',*,*,#1155,.T.);
#1503=ORIENTED_EDGE('',*,*,#1187,.T.);
#1504=ORIENTED_EDGE('',*,*,#1188,.T.);
#1505=ORIENTED_EDGE('',*,*,#1185,.F.);
#1506=ORIENTED_EDGE('',*,*,#1189,.T.);
#1507=ORIENTED_EDGE('',*,*,#1187,.F.);
#1508=ORIENTED_EDGE('',*,*,#1154,.T.);
#1509=ORIENTED_EDGE('',*,*,#1184,.T.);
#1510=ORIENTED_EDGE('',*,*,#1189,.F.);
#1511=ORIENTED_EDGE('',*,*,#1190,.F.);
#1512=ORIENTED_EDGE('',*,*,#1191,.F.);
#1513=ORIENTED_EDGE('',*,*,#1192,.T.);
#1514=ORIENTED_EDGE('',*,*,#1183,.F.);
#1515=ORIENTED_EDGE('',*,*,#1193,.F.);
#1516=ORIENTED_EDGE('',*,*,#1194,.F.);
#1517=ORIENTED_EDGE('',*,*,#1190,.T.);
#1518=ORIENTED_EDGE('',*,*,#1178,.T.);
#1519=ORIENTED_EDGE('',*,*,#1195,.T.);
#1520=ORIENTED_EDGE('',*,*,#1196,.T.);
#1521=ORIENTED_EDGE('',*,*,#1197,.F.);
#1522=ORIENTED_EDGE('',*,*,#1181,.T.);
#1523=ORIENTED_EDGE('',*,*,#1198,.T.);
#1524=ORIENTED_EDGE('',*,*,#1199,.T.);
#1525=ORIENTED_EDGE('',*,*,#1195,.F.);
#1526=ORIENTED_EDGE('',*,*,#1180,.T.);
#1527=ORIENTED_EDGE('',*,*,#1200,.T.);
#1528=ORIENTED_EDGE('',*,*,#1201,.T.);
#1529=ORIENTED_EDGE('',*,*,#1198,.F.);
#1530=ORIENTED_EDGE('',*,*,#1202,.T.);
#1531=ORIENTED_EDGE('',*,*,#1200,.F.);
#1532=ORIENTED_EDGE('',*,*,#1179,.T.);
#1533=ORIENTED_EDGE('',*,*,#1197,.T.);
#1534=ORIENTED_EDGE('',*,*,#1202,.F.);
#1535=ORIENTED_EDGE('',*,*,#1203,.F.);
#1536=ORIENTED_EDGE('',*,*,#1204,.F.);
#1537=ORIENTED_EDGE('',*,*,#1205,.T.);
#1538=ORIENTED_EDGE('',*,*,#1196,.F.);
#1539=ORIENTED_EDGE('',*,*,#1206,.F.);
#1540=ORIENTED_EDGE('',*,*,#1207,.F.);
#1541=ORIENTED_EDGE('',*,*,#1203,.T.);
#1542=ORIENTED_EDGE('',*,*,#1160,.T.);
#1543=ORIENTED_EDGE('',*,*,#1208,.T.);
#1544=ORIENTED_EDGE('',*,*,#1209,.T.);
#1545=ORIENTED_EDGE('',*,*,#1210,.F.);
#1546=ORIENTED_EDGE('',*,*,#1159,.T.);
#1547=ORIENTED_EDGE('',*,*,#1211,.T.);
#1548=ORIENTED_EDGE('',*,*,#1212,.T.);
#1549=ORIENTED_EDGE('',*,*,#1208,.F.);
#1550=ORIENTED_EDGE('',*,*,#1213,.T.);
#1551=ORIENTED_EDGE('',*,*,#1214,.T.);
#1552=ORIENTED_EDGE('',*,*,#1157,.T.);
#1553=ORIENTED_EDGE('',*,*,#1215,.T.);
#1554=ORIENTED_EDGE('',*,*,#1158,.T.);
#1555=ORIENTED_EDGE('',*,*,#1214,.F.);
#1556=ORIENTED_EDGE('',*,*,#1216,.T.);
#1557=ORIENTED_EDGE('',*,*,#1211,.F.);
#1558=ORIENTED_EDGE('',*,*,#1217,.T.);
#1559=ORIENTED_EDGE('',*,*,#1215,.F.);
#1560=ORIENTED_EDGE('',*,*,#1161,.T.);
#1561=ORIENTED_EDGE('',*,*,#1210,.T.);
#1562=ORIENTED_EDGE('',*,*,#1212,.F.);
#1563=ORIENTED_EDGE('',*,*,#1218,.F.);
#1564=ORIENTED_EDGE('',*,*,#1219,.F.);
#1565=ORIENTED_EDGE('',*,*,#1220,.T.);
#1566=ORIENTED_EDGE('',*,*,#1216,.F.);
#1567=ORIENTED_EDGE('',*,*,#1221,.F.);
#1568=ORIENTED_EDGE('',*,*,#1222,.F.);
#1569=ORIENTED_EDGE('',*,*,#1218,.T.);
#1570=ORIENTED_EDGE('',*,*,#1213,.F.);
#1571=ORIENTED_EDGE('',*,*,#1223,.F.);
#1572=ORIENTED_EDGE('',*,*,#1224,.F.);
#1573=ORIENTED_EDGE('',*,*,#1221,.T.);
#1574=ORIENTED_EDGE('',*,*,#1174,.T.);
#1575=ORIENTED_EDGE('',*,*,#1225,.T.);
#1576=ORIENTED_EDGE('',*,*,#1226,.T.);
#1577=ORIENTED_EDGE('',*,*,#1227,.F.);
#1578=ORIENTED_EDGE('',*,*,#1177,.T.);
#1579=ORIENTED_EDGE('',*,*,#1228,.T.);
#1580=ORIENTED_EDGE('',*,*,#1229,.T.);
#1581=ORIENTED_EDGE('',*,*,#1225,.F.);
#1582=ORIENTED_EDGE('',*,*,#1176,.T.);
#1583=ORIENTED_EDGE('',*,*,#1230,.T.);
#1584=ORIENTED_EDGE('',*,*,#1231,.T.);
#1585=ORIENTED_EDGE('',*,*,#1228,.F.);
#1586=ORIENTED_EDGE('',*,*,#1232,.T.);
#1587=ORIENTED_EDGE('',*,*,#1230,.F.);
#1588=ORIENTED_EDGE('',*,*,#1175,.T.);
#1589=ORIENTED_EDGE('',*,*,#1227,.T.);
#1590=ORIENTED_EDGE('',*,*,#1232,.F.);
#1591=ORIENTED_EDGE('',*,*,#1233,.F.);
#1592=ORIENTED_EDGE('',*,*,#1234,.F.);
#1593=ORIENTED_EDGE('',*,*,#1235,.T.);
#1594=ORIENTED_EDGE('',*,*,#1226,.F.);
#1595=ORIENTED_EDGE('',*,*,#1236,.F.);
#1596=ORIENTED_EDGE('',*,*,#1237,.F.);
#1597=ORIENTED_EDGE('',*,*,#1233,.T.);
#1598=ORIENTED_EDGE('',*,*,#1162,.T.);
#1599=ORIENTED_EDGE('',*,*,#1238,.T.);
#1600=ORIENTED_EDGE('',*,*,#1239,.T.);
#1601=ORIENTED_EDGE('',*,*,#1240,.F.);
#1602=ORIENTED_EDGE('',*,*,#1165,.T.);
#1603=ORIENTED_EDGE('',*,*,#1241,.T.);
#1604=ORIENTED_EDGE('',*,*,#1242,.T.);
#1605=ORIENTED_EDGE('',*,*,#1238,.F.);
#1606=ORIENTED_EDGE('',*,*,#1164,.T.);
#1607=ORIENTED_EDGE('',*,*,#1243,.T.);
#1608=ORIENTED_EDGE('',*,*,#1244,.T.);
#1609=ORIENTED_EDGE('',*,*,#1241,.F.);
#1610=ORIENTED_EDGE('',*,*,#1245,.T.);
#1611=ORIENTED_EDGE('',*,*,#1243,.F.);
#1612=ORIENTED_EDGE('',*,*,#1163,.T.);
#1613=ORIENTED_EDGE('',*,*,#1240,.T.);
#1614=ORIENTED_EDGE('',*,*,#1245,.F.);
#1615=ORIENTED_EDGE('',*,*,#1246,.F.);
#1616=ORIENTED_EDGE('',*,*,#1247,.F.);
#1617=ORIENTED_EDGE('',*,*,#1248,.T.);
#1618=ORIENTED_EDGE('',*,*,#1239,.F.);
#1619=ORIENTED_EDGE('',*,*,#1249,.F.);
#1620=ORIENTED_EDGE('',*,*,#1250,.F.);
#1621=ORIENTED_EDGE('',*,*,#1246,.T.);
#1622=ORIENTED_EDGE('',*,*,#1170,.T.);
#1623=ORIENTED_EDGE('',*,*,#1251,.T.);
#1624=ORIENTED_EDGE('',*,*,#1252,.T.);
#1625=ORIENTED_EDGE('',*,*,#1253,.F.);
#1626=ORIENTED_EDGE('',*,*,#1173,.T.);
#1627=ORIENTED_EDGE('',*,*,#1254,.T.);
#1628=ORIENTED_EDGE('',*,*,#1255,.T.);
#1629=ORIENTED_EDGE('',*,*,#1251,.F.);
#1630=ORIENTED_EDGE('',*,*,#1172,.T.);
#1631=ORIENTED_EDGE('',*,*,#1256,.T.);
#1632=ORIENTED_EDGE('',*,*,#1257,.T.);
#1633=ORIENTED_EDGE('',*,*,#1254,.F.);
#1634=ORIENTED_EDGE('',*,*,#1258,.T.);
#1635=ORIENTED_EDGE('',*,*,#1256,.F.);
#1636=ORIENTED_EDGE('',*,*,#1171,.T.);
#1637=ORIENTED_EDGE('',*,*,#1253,.T.);
#1638=ORIENTED_EDGE('',*,*,#1258,.F.);
#1639=ORIENTED_EDGE('',*,*,#1259,.F.);
#1640=ORIENTED_EDGE('',*,*,#1260,.F.);
#1641=ORIENTED_EDGE('',*,*,#1261,.T.);
#1642=ORIENTED_EDGE('',*,*,#1252,.F.);
#1643=ORIENTED_EDGE('',*,*,#1262,.F.);
#1644=ORIENTED_EDGE('',*,*,#1263,.F.);
#1645=ORIENTED_EDGE('',*,*,#1259,.T.);
#1646=ORIENTED_EDGE('',*,*,#1166,.T.);
#1647=ORIENTED_EDGE('',*,*,#1264,.T.);
#1648=ORIENTED_EDGE('',*,*,#1265,.T.);
#1649=ORIENTED_EDGE('',*,*,#1266,.F.);
#1650=ORIENTED_EDGE('',*,*,#1169,.T.);
#1651=ORIENTED_EDGE('',*,*,#1267,.T.);
#1652=ORIENTED_EDGE('',*,*,#1268,.T.);
#1653=ORIENTED_EDGE('',*,*,#1264,.F.);
#1654=ORIENTED_EDGE('',*,*,#1168,.T.);
#1655=ORIENTED_EDGE('',*,*,#1269,.T.);
#1656=ORIENTED_EDGE('',*,*,#1270,.T.);
#1657=ORIENTED_EDGE('',*,*,#1267,.F.);
#1658=ORIENTED_EDGE('',*,*,#1271,.T.);
#1659=ORIENTED_EDGE('',*,*,#1269,.F.);
#1660=ORIENTED_EDGE('',*,*,#1167,.T.);
#1661=ORIENTED_EDGE('',*,*,#1266,.T.);
#1662=ORIENTED_EDGE('',*,*,#1271,.F.);
#1663=ORIENTED_EDGE('',*,*,#1272,.F.);
#1664=ORIENTED_EDGE('',*,*,#1273,.F.);
#1665=ORIENTED_EDGE('',*,*,#1274,.T.);
#1666=ORIENTED_EDGE('',*,*,#1265,.F.);
#1667=ORIENTED_EDGE('',*,*,#1275,.F.);
#1668=ORIENTED_EDGE('',*,*,#1276,.F.);
#1669=ORIENTED_EDGE('',*,*,#1272,.T.);
#1670=ORIENTED_EDGE('',*,*,#1277,.T.);
#1671=ORIENTED_EDGE('',*,*,#1148,.T.);
#1672=ORIENTED_EDGE('',*,*,#1278,.T.);
#1673=ORIENTED_EDGE('',*,*,#1279,.T.);
#1674=ORIENTED_EDGE('',*,*,#1147,.T.);
#1675=ORIENTED_EDGE('',*,*,#1280,.T.);
#1676=ORIENTED_EDGE('',*,*,#1281,.T.);
#1677=ORIENTED_EDGE('',*,*,#1278,.F.);
#1678=ORIENTED_EDGE('',*,*,#1146,.T.);
#1679=ORIENTED_EDGE('',*,*,#1282,.T.);
#1680=ORIENTED_EDGE('',*,*,#1283,.T.);
#1681=ORIENTED_EDGE('',*,*,#1280,.F.);
#1682=ORIENTED_EDGE('',*,*,#1145,.T.);
#1683=ORIENTED_EDGE('',*,*,#1284,.T.);
#1684=ORIENTED_EDGE('',*,*,#1285,.T.);
#1685=ORIENTED_EDGE('',*,*,#1282,.F.);
#1686=ORIENTED_EDGE('',*,*,#1286,.T.);
#1687=ORIENTED_EDGE('',*,*,#1287,.T.);
#1688=ORIENTED_EDGE('',*,*,#1143,.T.);
#1689=ORIENTED_EDGE('',*,*,#1288,.T.);
#1690=ORIENTED_EDGE('',*,*,#1144,.T.);
#1691=ORIENTED_EDGE('',*,*,#1287,.F.);
#1692=ORIENTED_EDGE('',*,*,#1289,.T.);
#1693=ORIENTED_EDGE('',*,*,#1284,.F.);
#1694=ORIENTED_EDGE('',*,*,#1290,.T.);
#1695=ORIENTED_EDGE('',*,*,#1288,.F.);
#1696=ORIENTED_EDGE('',*,*,#1152,.T.);
#1697=ORIENTED_EDGE('',*,*,#1291,.T.);
#1698=ORIENTED_EDGE('',*,*,#1292,.T.);
#1699=ORIENTED_EDGE('',*,*,#1291,.F.);
#1700=ORIENTED_EDGE('',*,*,#1151,.T.);
#1701=ORIENTED_EDGE('',*,*,#1293,.T.);
#1702=ORIENTED_EDGE('',*,*,#1294,.T.);
#1703=ORIENTED_EDGE('',*,*,#1293,.F.);
#1704=ORIENTED_EDGE('',*,*,#1150,.T.);
#1705=ORIENTED_EDGE('',*,*,#1295,.T.);
#1706=ORIENTED_EDGE('',*,*,#1149,.T.);
#1707=ORIENTED_EDGE('',*,*,#1277,.F.);
#1708=ORIENTED_EDGE('',*,*,#1296,.T.);
#1709=ORIENTED_EDGE('',*,*,#1295,.F.);
#1710=ORIENTED_EDGE('',*,*,#1281,.F.);
#1711=ORIENTED_EDGE('',*,*,#1297,.F.);
#1712=ORIENTED_EDGE('',*,*,#1298,.F.);
#1713=ORIENTED_EDGE('',*,*,#1299,.T.);
#1714=ORIENTED_EDGE('',*,*,#1283,.F.);
#1715=ORIENTED_EDGE('',*,*,#1300,.F.);
#1716=ORIENTED_EDGE('',*,*,#1301,.F.);
#1717=ORIENTED_EDGE('',*,*,#1297,.T.);
#1718=ORIENTED_EDGE('',*,*,#1285,.F.);
#1719=ORIENTED_EDGE('',*,*,#1302,.F.);
#1720=ORIENTED_EDGE('',*,*,#1303,.F.);
#1721=ORIENTED_EDGE('',*,*,#1300,.T.);
#1722=ORIENTED_EDGE('',*,*,#1289,.F.);
#1723=ORIENTED_EDGE('',*,*,#1304,.F.);
#1724=ORIENTED_EDGE('',*,*,#1305,.F.);
#1725=ORIENTED_EDGE('',*,*,#1302,.T.);
#1726=ORIENTED_EDGE('',*,*,#1286,.F.);
#1727=ORIENTED_EDGE('',*,*,#1306,.F.);
#1728=ORIENTED_EDGE('',*,*,#1307,.F.);
#1729=ORIENTED_EDGE('',*,*,#1304,.T.);
#1730=ORIENTED_EDGE('',*,*,#1308,.T.);
#1731=ORIENTED_EDGE('',*,*,#1309,.T.);
#1732=ORIENTED_EDGE('',*,*,#1310,.T.);
#1733=ORIENTED_EDGE('',*,*,#1311,.T.);
#1734=ORIENTED_EDGE('',*,*,#1312,.T.);
#1735=ORIENTED_EDGE('',*,*,#1309,.F.);
#1736=ORIENTED_EDGE('',*,*,#1139,.T.);
#1737=ORIENTED_EDGE('',*,*,#1313,.F.);
#1738=ORIENTED_EDGE('',*,*,#1314,.T.);
#1739=ORIENTED_EDGE('',*,*,#1311,.F.);
#1740=ORIENTED_EDGE('',*,*,#1315,.T.);
#1741=ORIENTED_EDGE('',*,*,#1316,.T.);
#1742=ORIENTED_EDGE('',*,*,#1142,.T.);
#1743=ORIENTED_EDGE('',*,*,#1316,.F.);
#1744=ORIENTED_EDGE('',*,*,#1317,.T.);
#1745=ORIENTED_EDGE('',*,*,#1313,.T.);
#1746=ORIENTED_EDGE('',*,*,#1135,.F.);
#1747=ORIENTED_EDGE('',*,*,#1140,.F.);
#1748=ORIENTED_EDGE('',*,*,#1308,.F.);
#1749=ORIENTED_EDGE('',*,*,#1318,.T.);
#1750=ORIENTED_EDGE('',*,*,#1319,.F.);
#1751=ORIENTED_EDGE('',*,*,#1320,.F.);
#1752=ORIENTED_EDGE('',*,*,#1321,.F.);
#1753=ORIENTED_EDGE('',*,*,#1322,.F.);
#1754=ORIENTED_EDGE('',*,*,#1323,.F.);
#1755=ORIENTED_EDGE('',*,*,#1324,.F.);
#1756=ORIENTED_EDGE('',*,*,#1325,.F.);
#1757=ORIENTED_EDGE('',*,*,#1326,.F.);
#1758=ORIENTED_EDGE('',*,*,#1327,.F.);
#1759=ORIENTED_EDGE('',*,*,#1328,.F.);
#1760=ORIENTED_EDGE('',*,*,#1329,.F.);
#1761=ORIENTED_EDGE('',*,*,#1330,.F.);
#1762=ORIENTED_EDGE('',*,*,#1331,.F.);
#1763=ORIENTED_EDGE('',*,*,#1332,.F.);
#1764=ORIENTED_EDGE('',*,*,#1333,.F.);
#1765=ORIENTED_EDGE('',*,*,#1334,.F.);
#1766=ORIENTED_EDGE('',*,*,#1335,.F.);
#1767=ORIENTED_EDGE('',*,*,#1336,.F.);
#1768=ORIENTED_EDGE('',*,*,#1337,.F.);
#1769=ORIENTED_EDGE('',*,*,#1338,.F.);
#1770=ORIENTED_EDGE('',*,*,#1339,.F.);
#1771=ORIENTED_EDGE('',*,*,#1340,.F.);
#1772=ORIENTED_EDGE('',*,*,#1341,.F.);
#1773=ORIENTED_EDGE('',*,*,#1342,.F.);
#1774=ORIENTED_EDGE('',*,*,#1343,.F.);
#1775=ORIENTED_EDGE('',*,*,#1344,.F.);
#1776=ORIENTED_EDGE('',*,*,#1345,.F.);
#1777=ORIENTED_EDGE('',*,*,#1346,.F.);
#1778=ORIENTED_EDGE('',*,*,#1347,.F.);
#1779=ORIENTED_EDGE('',*,*,#1348,.F.);
#1780=ORIENTED_EDGE('',*,*,#1349,.F.);
#1781=ORIENTED_EDGE('',*,*,#1350,.F.);
#1782=ORIENTED_EDGE('',*,*,#1351,.F.);
#1783=ORIENTED_EDGE('',*,*,#1352,.F.);
#1784=ORIENTED_EDGE('',*,*,#1353,.F.);
#1785=ORIENTED_EDGE('',*,*,#1354,.F.);
#1786=ORIENTED_EDGE('',*,*,#1355,.F.);
#1787=ORIENTED_EDGE('',*,*,#1356,.F.);
#1788=ORIENTED_EDGE('',*,*,#1357,.F.);
#1789=ORIENTED_EDGE('',*,*,#1310,.F.);
#1790=ORIENTED_EDGE('',*,*,#1312,.F.);
#1791=ORIENTED_EDGE('',*,*,#1317,.F.);
#1792=ORIENTED_EDGE('',*,*,#1315,.F.);
#1793=ORIENTED_EDGE('',*,*,#1358,.T.);
#1794=ORIENTED_EDGE('',*,*,#1359,.T.);
#1795=ORIENTED_EDGE('',*,*,#1329,.T.);
#1796=ORIENTED_EDGE('',*,*,#1360,.T.);
#1797=ORIENTED_EDGE('',*,*,#1330,.T.);
#1798=ORIENTED_EDGE('',*,*,#1359,.F.);
#1799=ORIENTED_EDGE('',*,*,#1191,.T.);
#1800=ORIENTED_EDGE('',*,*,#1361,.F.);
#1801=ORIENTED_EDGE('',*,*,#1362,.T.);
#1802=ORIENTED_EDGE('',*,*,#1360,.F.);
#1803=ORIENTED_EDGE('',*,*,#1332,.T.);
#1804=ORIENTED_EDGE('',*,*,#1363,.T.);
#1805=ORIENTED_EDGE('',*,*,#1194,.T.);
#1806=ORIENTED_EDGE('',*,*,#1363,.F.);
#1807=ORIENTED_EDGE('',*,*,#1331,.T.);
#1808=ORIENTED_EDGE('',*,*,#1361,.T.);
#1809=ORIENTED_EDGE('',*,*,#1188,.F.);
#1810=ORIENTED_EDGE('',*,*,#1192,.F.);
#1811=ORIENTED_EDGE('',*,*,#1358,.F.);
#1812=ORIENTED_EDGE('',*,*,#1364,.T.);
#1813=ORIENTED_EDGE('',*,*,#1365,.T.);
#1814=ORIENTED_EDGE('',*,*,#1366,.T.);
#1815=ORIENTED_EDGE('',*,*,#1354,.T.);
#1816=ORIENTED_EDGE('',*,*,#1367,.T.);
#1817=ORIENTED_EDGE('',*,*,#1355,.T.);
#1818=ORIENTED_EDGE('',*,*,#1366,.F.);
#1819=ORIENTED_EDGE('',*,*,#1204,.T.);
#1820=ORIENTED_EDGE('',*,*,#1368,.F.);
#1821=ORIENTED_EDGE('',*,*,#1369,.T.);
#1822=ORIENTED_EDGE('',*,*,#1367,.F.);
#1823=ORIENTED_EDGE('',*,*,#1357,.T.);
#1824=ORIENTED_EDGE('',*,*,#1370,.T.);
#1825=ORIENTED_EDGE('',*,*,#1207,.T.);
#1826=ORIENTED_EDGE('',*,*,#1370,.F.);
#1827=ORIENTED_EDGE('',*,*,#1356,.T.);
#1828=ORIENTED_EDGE('',*,*,#1368,.T.);
#1829=ORIENTED_EDGE('',*,*,#1201,.F.);
#1830=ORIENTED_EDGE('',*,*,#1205,.F.);
#1831=ORIENTED_EDGE('',*,*,#1365,.F.);
#1832=ORIENTED_EDGE('',*,*,#1371,.T.);
#1833=ORIENTED_EDGE('',*,*,#1333,.T.);
#1834=ORIENTED_EDGE('',*,*,#1372,.T.);
#1835=ORIENTED_EDGE('',*,*,#1373,.T.);
#1836=ORIENTED_EDGE('',*,*,#1374,.F.);
#1837=ORIENTED_EDGE('',*,*,#1337,.T.);
#1838=ORIENTED_EDGE('',*,*,#1375,.T.);
#1839=ORIENTED_EDGE('',*,*,#1224,.T.);
#1840=ORIENTED_EDGE('',*,*,#1372,.F.);
#1841=ORIENTED_EDGE('',*,*,#1222,.T.);
#1842=ORIENTED_EDGE('',*,*,#1375,.F.);
#1843=ORIENTED_EDGE('',*,*,#1336,.T.);
#1844=ORIENTED_EDGE('',*,*,#1376,.T.);
#1845=ORIENTED_EDGE('',*,*,#1219,.T.);
#1846=ORIENTED_EDGE('',*,*,#1376,.F.);
#1847=ORIENTED_EDGE('',*,*,#1335,.T.);
#1848=ORIENTED_EDGE('',*,*,#1377,.T.);
#1849=ORIENTED_EDGE('',*,*,#1378,.T.);
#1850=ORIENTED_EDGE('',*,*,#1377,.F.);
#1851=ORIENTED_EDGE('',*,*,#1334,.T.);
#1852=ORIENTED_EDGE('',*,*,#1374,.T.);
#1853=ORIENTED_EDGE('',*,*,#1209,.F.);
#1854=ORIENTED_EDGE('',*,*,#1220,.F.);
#1855=ORIENTED_EDGE('',*,*,#1378,.F.);
#1856=ORIENTED_EDGE('',*,*,#1379,.T.);
#1857=ORIENTED_EDGE('',*,*,#1217,.F.);
#1858=ORIENTED_EDGE('',*,*,#1379,.F.);
#1859=ORIENTED_EDGE('',*,*,#1373,.F.);
#1860=ORIENTED_EDGE('',*,*,#1223,.T.);
#1861=ORIENTED_EDGE('',*,*,#1380,.T.);
#1862=ORIENTED_EDGE('',*,*,#1381,.T.);
#1863=ORIENTED_EDGE('',*,*,#1350,.T.);
#1864=ORIENTED_EDGE('',*,*,#1382,.T.);
#1865=ORIENTED_EDGE('',*,*,#1351,.T.);
#1866=ORIENTED_EDGE('',*,*,#1381,.F.);
#1867=ORIENTED_EDGE('',*,*,#1234,.T.);
#1868=ORIENTED_EDGE('',*,*,#1383,.F.);
#1869=ORIENTED_EDGE('',*,*,#1384,.T.);
#1870=ORIENTED_EDGE('',*,*,#1382,.F.);
#1871=ORIENTED_EDGE('',*,*,#1353,.T.);
#1872=ORIENTED_EDGE('',*,*,#1385,.T.);
#1873=ORIENTED_EDGE('',*,*,#1237,.T.);
#1874=ORIENTED_EDGE('',*,*,#1385,.F.);
#1875=ORIENTED_EDGE('',*,*,#1352,.T.);
#1876=ORIENTED_EDGE('',*,*,#1383,.T.);
#1877=ORIENTED_EDGE('',*,*,#1231,.F.);
#1878=ORIENTED_EDGE('',*,*,#1235,.F.);
#1879=ORIENTED_EDGE('',*,*,#1380,.F.);
#1880=ORIENTED_EDGE('',*,*,#1386,.T.);
#1881=ORIENTED_EDGE('',*,*,#1387,.T.);
#1882=ORIENTED_EDGE('',*,*,#1388,.T.);
#1883=ORIENTED_EDGE('',*,*,#1338,.T.);
#1884=ORIENTED_EDGE('',*,*,#1389,.T.);
#1885=ORIENTED_EDGE('',*,*,#1339,.T.);
#1886=ORIENTED_EDGE('',*,*,#1388,.F.);
#1887=ORIENTED_EDGE('',*,*,#1247,.T.);
#1888=ORIENTED_EDGE('',*,*,#1390,.F.);
#1889=ORIENTED_EDGE('',*,*,#1391,.T.);
#1890=ORIENTED_EDGE('',*,*,#1389,.F.);
#1891=ORIENTED_EDGE('',*,*,#1341,.T.);
#1892=ORIENTED_EDGE('',*,*,#1392,.T.);
#1893=ORIENTED_EDGE('',*,*,#1250,.T.);
#1894=ORIENTED_EDGE('',*,*,#1392,.F.);
#1895=ORIENTED_EDGE('',*,*,#1340,.T.);
#1896=ORIENTED_EDGE('',*,*,#1390,.T.);
#1897=ORIENTED_EDGE('',*,*,#1244,.F.);
#1898=ORIENTED_EDGE('',*,*,#1248,.F.);
#1899=ORIENTED_EDGE('',*,*,#1387,.F.);
#1900=ORIENTED_EDGE('',*,*,#1393,.T.);
#1901=ORIENTED_EDGE('',*,*,#1394,.T.);
#1902=ORIENTED_EDGE('',*,*,#1395,.T.);
#1903=ORIENTED_EDGE('',*,*,#1346,.T.);
#1904=ORIENTED_EDGE('',*,*,#1396,.T.);
#1905=ORIENTED_EDGE('',*,*,#1347,.T.);
#1906=ORIENTED_EDGE('',*,*,#1395,.F.);
#1907=ORIENTED_EDGE('',*,*,#1260,.T.);
#1908=ORIENTED_EDGE('',*,*,#1397,.F.);
#1909=ORIENTED_EDGE('',*,*,#1398,.T.);
#1910=ORIENTED_EDGE('',*,*,#1396,.F.);
#1911=ORIENTED_EDGE('',*,*,#1349,.T.);
#1912=ORIENTED_EDGE('',*,*,#1399,.T.);
#1913=ORIENTED_EDGE('',*,*,#1263,.T.);
#1914=ORIENTED_EDGE('',*,*,#1399,.F.);
#1915=ORIENTED_EDGE('',*,*,#1348,.T.);
#1916=ORIENTED_EDGE('',*,*,#1397,.T.);
#1917=ORIENTED_EDGE('',*,*,#1257,.F.);
#1918=ORIENTED_EDGE('',*,*,#1261,.F.);
#1919=ORIENTED_EDGE('',*,*,#1394,.F.);
#1920=ORIENTED_EDGE('',*,*,#1400,.T.);
#1921=ORIENTED_EDGE('',*,*,#1401,.T.);
#1922=ORIENTED_EDGE('',*,*,#1402,.T.);
#1923=ORIENTED_EDGE('',*,*,#1342,.T.);
#1924=ORIENTED_EDGE('',*,*,#1403,.T.);
#1925=ORIENTED_EDGE('',*,*,#1343,.T.);
#1926=ORIENTED_EDGE('',*,*,#1402,.F.);
#1927=ORIENTED_EDGE('',*,*,#1273,.T.);
#1928=ORIENTED_EDGE('',*,*,#1404,.F.);
#1929=ORIENTED_EDGE('',*,*,#1405,.T.);
#1930=ORIENTED_EDGE('',*,*,#1403,.F.);
#1931=ORIENTED_EDGE('',*,*,#1345,.T.);
#1932=ORIENTED_EDGE('',*,*,#1406,.T.);
#1933=ORIENTED_EDGE('',*,*,#1276,.T.);
#1934=ORIENTED_EDGE('',*,*,#1406,.F.);
#1935=ORIENTED_EDGE('',*,*,#1344,.T.);
#1936=ORIENTED_EDGE('',*,*,#1404,.T.);
#1937=ORIENTED_EDGE('',*,*,#1270,.F.);
#1938=ORIENTED_EDGE('',*,*,#1274,.F.);
#1939=ORIENTED_EDGE('',*,*,#1401,.F.);
#1940=ORIENTED_EDGE('',*,*,#1407,.T.);
#1941=ORIENTED_EDGE('',*,*,#1408,.T.);
#1942=ORIENTED_EDGE('',*,*,#1409,.T.);
#1943=ORIENTED_EDGE('',*,*,#1319,.T.);
#1944=ORIENTED_EDGE('',*,*,#1410,.T.);
#1945=ORIENTED_EDGE('',*,*,#1328,.T.);
#1946=ORIENTED_EDGE('',*,*,#1411,.T.);
#1947=ORIENTED_EDGE('',*,*,#1412,.T.);
#1948=ORIENTED_EDGE('',*,*,#1410,.F.);
#1949=ORIENTED_EDGE('',*,*,#1327,.T.);
#1950=ORIENTED_EDGE('',*,*,#1413,.T.);
#1951=ORIENTED_EDGE('',*,*,#1414,.T.);
#1952=ORIENTED_EDGE('',*,*,#1411,.F.);
#1953=ORIENTED_EDGE('',*,*,#1326,.T.);
#1954=ORIENTED_EDGE('',*,*,#1415,.T.);
#1955=ORIENTED_EDGE('',*,*,#1416,.T.);
#1956=ORIENTED_EDGE('',*,*,#1413,.F.);
#1957=ORIENTED_EDGE('',*,*,#1325,.T.);
#1958=ORIENTED_EDGE('',*,*,#1417,.T.);
#1959=ORIENTED_EDGE('',*,*,#1307,.T.);
#1960=ORIENTED_EDGE('',*,*,#1415,.F.);
#1961=ORIENTED_EDGE('',*,*,#1305,.T.);
#1962=ORIENTED_EDGE('',*,*,#1417,.F.);
#1963=ORIENTED_EDGE('',*,*,#1324,.T.);
#1964=ORIENTED_EDGE('',*,*,#1418,.T.);
#1965=ORIENTED_EDGE('',*,*,#1303,.T.);
#1966=ORIENTED_EDGE('',*,*,#1418,.F.);
#1967=ORIENTED_EDGE('',*,*,#1323,.T.);
#1968=ORIENTED_EDGE('',*,*,#1419,.T.);
#1969=ORIENTED_EDGE('',*,*,#1301,.T.);
#1970=ORIENTED_EDGE('',*,*,#1419,.F.);
#1971=ORIENTED_EDGE('',*,*,#1322,.T.);
#1972=ORIENTED_EDGE('',*,*,#1420,.T.);
#1973=ORIENTED_EDGE('',*,*,#1298,.T.);
#1974=ORIENTED_EDGE('',*,*,#1420,.F.);
#1975=ORIENTED_EDGE('',*,*,#1321,.T.);
#1976=ORIENTED_EDGE('',*,*,#1421,.T.);
#1977=ORIENTED_EDGE('',*,*,#1409,.F.);
#1978=ORIENTED_EDGE('',*,*,#1422,.T.);
#1979=ORIENTED_EDGE('',*,*,#1421,.F.);
#1980=ORIENTED_EDGE('',*,*,#1320,.T.);
#1981=ORIENTED_EDGE('',*,*,#1279,.F.);
#1982=ORIENTED_EDGE('',*,*,#1299,.F.);
#1983=ORIENTED_EDGE('',*,*,#1422,.F.);
#1984=ORIENTED_EDGE('',*,*,#1423,.T.);
#1985=ORIENTED_EDGE('',*,*,#1296,.F.);
#1986=ORIENTED_EDGE('',*,*,#1423,.F.);
#1987=ORIENTED_EDGE('',*,*,#1408,.F.);
#1988=ORIENTED_EDGE('',*,*,#1424,.T.);
#1989=ORIENTED_EDGE('',*,*,#1132,.F.);
#1990=ORIENTED_EDGE('',*,*,#1318,.F.);
#1991=ORIENTED_EDGE('',*,*,#1314,.F.);
#1992=ORIENTED_EDGE('',*,*,#1141,.T.);
#1993=ORIENTED_EDGE('',*,*,#1186,.F.);
#1994=ORIENTED_EDGE('',*,*,#1364,.F.);
#1995=ORIENTED_EDGE('',*,*,#1362,.F.);
#1996=ORIENTED_EDGE('',*,*,#1193,.T.);
#1997=ORIENTED_EDGE('',*,*,#1199,.F.);
#1998=ORIENTED_EDGE('',*,*,#1371,.F.);
#1999=ORIENTED_EDGE('',*,*,#1369,.F.);
#2000=ORIENTED_EDGE('',*,*,#1206,.T.);
#2001=ORIENTED_EDGE('',*,*,#1229,.F.);
#2002=ORIENTED_EDGE('',*,*,#1386,.F.);
#2003=ORIENTED_EDGE('',*,*,#1384,.F.);
#2004=ORIENTED_EDGE('',*,*,#1236,.T.);
#2005=ORIENTED_EDGE('',*,*,#1242,.F.);
#2006=ORIENTED_EDGE('',*,*,#1393,.F.);
#2007=ORIENTED_EDGE('',*,*,#1391,.F.);
#2008=ORIENTED_EDGE('',*,*,#1249,.T.);
#2009=ORIENTED_EDGE('',*,*,#1255,.F.);
#2010=ORIENTED_EDGE('',*,*,#1400,.F.);
#2011=ORIENTED_EDGE('',*,*,#1398,.F.);
#2012=ORIENTED_EDGE('',*,*,#1262,.T.);
#2013=ORIENTED_EDGE('',*,*,#1268,.F.);
#2014=ORIENTED_EDGE('',*,*,#1407,.F.);
#2015=ORIENTED_EDGE('',*,*,#1405,.F.);
#2016=ORIENTED_EDGE('',*,*,#1275,.T.);
#2017=ORIENTED_EDGE('',*,*,#1290,.F.);
#2018=ORIENTED_EDGE('',*,*,#1425,.F.);
#2019=ORIENTED_EDGE('',*,*,#1416,.F.);
#2020=ORIENTED_EDGE('',*,*,#1306,.T.);
#2021=ORIENTED_EDGE('',*,*,#1292,.F.);
#2022=ORIENTED_EDGE('',*,*,#1426,.F.);
#2023=ORIENTED_EDGE('',*,*,#1414,.F.);
#2024=ORIENTED_EDGE('',*,*,#1425,.T.);
#2025=ORIENTED_EDGE('',*,*,#1294,.F.);
#2026=ORIENTED_EDGE('',*,*,#1424,.F.);
#2027=ORIENTED_EDGE('',*,*,#1412,.F.);
#2028=ORIENTED_EDGE('',*,*,#1426,.T.);
#2029=B_SPLINE_SURFACE_WITH_KNOTS('',3,3,((#2759,#2760,#2761,#2762,#2763,
#2764,#2765,#2766,#2767,#2768),(#2769,#2770,#2771,#2772,#2773,#2774,#2775,
#2776,#2777,#2778),(#2779,#2780,#2781,#2782,#2783,#2784,#2785,#2786,#2787,
#2788),(#2789,#2790,#2791,#2792,#2793,#2794,#2795,#2796,#2797,#2798)),
 .UNSPECIFIED.,.F.,.F.,.F.,(4,4),(4,3,3,4),(0.,1.),(0.805024564524179,0.806403088068803,
0.82175763795124,0.821925811091749),.UNSPECIFIED.);
#2030=B_SPLINE_SURFACE_WITH_KNOTS('',3,1,((#2854,#2855),(#2856,#2857),(#2858,
#2859),(#2860,#2861)),.UNSPECIFIED.,.F.,.F.,.F.,(4,4),(2,2),(0.806403088068803,
0.82175763795124),(0.,0.18),.UNSPECIFIED.);
#2031=B_SPLINE_SURFACE_WITH_KNOTS('',3,3,((#3015,#3016,#3017,#3018,#3019,
#3020,#3021,#3022,#3023,#3024),(#3025,#3026,#3027,#3028,#3029,#3030,#3031,
#3032,#3033,#3034),(#3035,#3036,#3037,#3038,#3039,#3040,#3041,#3042,#3043,
#3044),(#3045,#3046,#3047,#3048,#3049,#3050,#3051,#3052,#3053,#3054)),
 .UNSPECIFIED.,.F.,.F.,.F.,(4,4),(4,3,3,4),(0.,1.),(0.867543611310839,0.868965558112871,
0.885026535597521,0.885188583510929),.UNSPECIFIED.);
#2032=B_SPLINE_SURFACE_WITH_KNOTS('',3,3,((#3105,#3106,#3107,#3108,#3109,
#3110,#3111,#3112,#3113,#3114),(#3115,#3116,#3117,#3118,#3119,#3120,#3121,
#3122,#3123,#3124),(#3125,#3126,#3127,#3128,#3129,#3130,#3131,#3132,#3133,
#3134),(#3135,#3136,#3137,#3138,#3139,#3140,#3141,#3142,#3143,#3144)),
 .UNSPECIFIED.,.F.,.F.,.F.,(4,4),(4,3,3,4),(0.,1.),(-0.85321608847304,-0.85305145813703,
-0.837310460952295,-0.835906404739624),.UNSPECIFIED.);
#2033=B_SPLINE_SURFACE_WITH_KNOTS('',3,1,((#3149,#3150),(#3151,#3152),(#3153,
#3154),(#3155,#3156)),.UNSPECIFIED.,.F.,.F.,.F.,(4,4),(2,2),(-0.85305145813703,
-0.837310460952295),(0.,0.18),.UNSPECIFIED.);
#2034=B_SPLINE_SURFACE_WITH_KNOTS('',3,3,((#3228,#3229,#3230,#3231,#3232,
#3233,#3234,#3235,#3236,#3237),(#3238,#3239,#3240,#3241,#3242,#3243,#3244,
#3245,#3246,#3247),(#3248,#3249,#3250,#3251,#3252,#3253,#3254,#3255,#3256,
#3257),(#3258,#3259,#3260,#3261,#3262,#3263,#3264,#3265,#3266,#3267)),
 .UNSPECIFIED.,.F.,.F.,.F.,(4,4),(4,3,3,4),(0.,1.),(-0.821925811091749,
-0.82175763795124,-0.806403088068803,-0.805024564524179),.UNSPECIFIED.);
#2035=B_SPLINE_SURFACE_WITH_KNOTS('',3,1,((#3272,#3273),(#3274,#3275),(#3276,
#3277),(#3278,#3279)),.UNSPECIFIED.,.F.,.F.,.F.,(4,4),(2,2),(-0.82175763795124,
-0.806403088068803),(0.,0.18),.UNSPECIFIED.);
#2036=B_SPLINE_SURFACE_WITH_KNOTS('',3,3,((#3314,#3315,#3316,#3317,#3318,
#3319,#3320,#3321,#3322,#3323),(#3324,#3325,#3326,#3327,#3328,#3329,#3330,
#3331,#3332,#3333),(#3334,#3335,#3336,#3337,#3338,#3339,#3340,#3341,#3342,
#3343),(#3344,#3345,#3346,#3347,#3348,#3349,#3350,#3351,#3352,#3353)),
 .UNSPECIFIED.,.F.,.F.,.F.,(4,4),(4,3,3,4),(0.,1.),(-0.885188583510929,
-0.885026535597521,-0.868965558112871,-0.867543611310839),.UNSPECIFIED.);
#2037=B_SPLINE_SURFACE_WITH_KNOTS('',3,1,((#3358,#3359),(#3360,#3361),(#3362,
#3363),(#3364,#3365)),.UNSPECIFIED.,.F.,.F.,.F.,(4,4),(2,2),(-0.885026535597521,
-0.868965558112871),(0.,0.18),.UNSPECIFIED.);
#2038=B_SPLINE_SURFACE_WITH_KNOTS('',3,3,((#3389,#3390,#3391,#3392,#3393,
#3394,#3395,#3396,#3397,#3398),(#3399,#3400,#3401,#3402,#3403,#3404,#3405,
#3406,#3407,#3408),(#3409,#3410,#3411,#3412,#3413,#3414,#3415,#3416,#3417,
#3418),(#3419,#3420,#3421,#3422,#3423,#3424,#3425,#3426,#3427,#3428)),
 .UNSPECIFIED.,.F.,.F.,.F.,(4,4),(4,3,3,4),(0.,1.),(0.835906404739624,0.837310460952295,
0.85305145813703,0.85321608847304),.UNSPECIFIED.);
#2039=B_SPLINE_SURFACE_WITH_KNOTS('',3,3,((#3505,#3506,#3507,#3508,#3509,
#3510,#3511),(#3512,#3513,#3514,#3515,#3516,#3517,#3518),(#3519,#3520,#3521,
#3522,#3523,#3524,#3525),(#3526,#3527,#3528,#3529,#3530,#3531,#3532)),
 .UNSPECIFIED.,.F.,.F.,.F.,(4,4),(4,3,4),(0.,1.),(-0.931031773685664,-0.62183157372464,
-0.603142693217082),.UNSPECIFIED.);
#2040=B_SPLINE_SURFACE_WITH_KNOTS('',3,3,((#3573,#3574,#3575,#3576,#3577,
#3578,#3579),(#3580,#3581,#3582,#3583,#3584,#3585,#3586),(#3587,#3588,#3589,
#3590,#3591,#3592,#3593),(#3594,#3595,#3596,#3597,#3598,#3599,#3600)),
 .UNSPECIFIED.,.F.,.F.,.F.,(4,4),(4,3,4),(0.,1.),(0.603142693217082,0.62183157372464,
0.931031774788898),.UNSPECIFIED.);
#2041=B_SPLINE_SURFACE_WITH_KNOTS('',3,1,((#3631,#3632),(#3633,#3634),(#3635,
#3636),(#3637,#3638),(#3639,#3640),(#3641,#3642),(#3643,#3644)),
 .UNSPECIFIED.,.F.,.F.,.F.,(4,3,4),(2,2),(-0.931031773685664,-0.62183157372464,
-0.603142700425842),(0.,0.18),.UNSPECIFIED.);
#2042=B_SPLINE_SURFACE_WITH_KNOTS('',3,3,((#3697,#3698,#3699,#3700,#3701,
#3702,#3703,#3704),(#3705,#3706,#3707,#3708,#3709,#3710,#3711,#3712),(#3713,
#3714,#3715,#3716,#3717,#3718,#3719,#3720),(#3721,#3722,#3723,#3724,#3725,
#3726,#3727,#3728)),.UNSPECIFIED.,.F.,.F.,.F.,(4,4),(4,2,2,4),(0.,1.),(0.805024564524179,
0.806403088068803,0.82175763795124,0.821925811091749),.UNSPECIFIED.);
#2043=B_SPLINE_SURFACE_WITH_KNOTS('',3,3,((#3881,#3882,#3883,#3884,#3885,
#3886,#3887,#3888),(#3889,#3890,#3891,#3892,#3893,#3894,#3895,#3896),(#3897,
#3898,#3899,#3900,#3901,#3902,#3903,#3904),(#3905,#3906,#3907,#3908,#3909,
#3910,#3911,#3912)),.UNSPECIFIED.,.F.,.F.,.F.,(4,4),(4,2,2,4),(0.,1.),(0.867543611310839,
0.868965558112871,0.885026535597521,0.885188583510929),.UNSPECIFIED.);
#2044=B_SPLINE_SURFACE_WITH_KNOTS('',3,3,((#3936,#3937,#3938,#3939,#3940,
#3941,#3942,#3943),(#3944,#3945,#3946,#3947,#3948,#3949,#3950,#3951),(#3952,
#3953,#3954,#3955,#3956,#3957,#3958,#3959),(#3960,#3961,#3962,#3963,#3964,
#3965,#3966,#3967)),.UNSPECIFIED.,.F.,.F.,.F.,(4,4),(4,2,2,4),(0.,1.),(-0.85321608847304,
-0.85305145813703,-0.837310460952295,-0.835906404739624),.UNSPECIFIED.);
#2045=B_SPLINE_SURFACE_WITH_KNOTS('',3,3,((#4007,#4008,#4009,#4010,#4011,
#4012,#4013,#4014),(#4015,#4016,#4017,#4018,#4019,#4020,#4021,#4022),(#4023,
#4024,#4025,#4026,#4027,#4028,#4029,#4030),(#4031,#4032,#4033,#4034,#4035,
#4036,#4037,#4038)),.UNSPECIFIED.,.F.,.F.,.F.,(4,4),(4,2,2,4),(0.,1.),(-0.821925811091749,
-0.82175763795124,-0.806403088068803,-0.805024564524179),.UNSPECIFIED.);
#2046=B_SPLINE_SURFACE_WITH_KNOTS('',3,3,((#4062,#4063,#4064,#4065,#4066,
#4067,#4068,#4069),(#4070,#4071,#4072,#4073,#4074,#4075,#4076,#4077),(#4078,
#4079,#4080,#4081,#4082,#4083,#4084,#4085),(#4086,#4087,#4088,#4089,#4090,
#4091,#4092,#4093)),.UNSPECIFIED.,.F.,.F.,.F.,(4,4),(4,2,2,4),(0.,1.),(-0.885188583510929,
-0.885026535597521,-0.868965558112871,-0.867543611310839),.UNSPECIFIED.);
#2047=B_SPLINE_SURFACE_WITH_KNOTS('',3,3,((#4132,#4133,#4134,#4135,#4136,
#4137,#4138,#4139),(#4140,#4141,#4142,#4143,#4144,#4145,#4146,#4147),(#4148,
#4149,#4150,#4151,#4152,#4153,#4154,#4155),(#4156,#4157,#4158,#4159,#4160,
#4161,#4162,#4163)),.UNSPECIFIED.,.F.,.F.,.F.,(4,4),(4,2,2,4),(0.,1.),(0.835906404739624,
0.837310460952295,0.85305145813703,0.85321608847304),.UNSPECIFIED.);
#2048=B_SPLINE_SURFACE_WITH_KNOTS('',3,3,((#4209,#4210,#4211,#4212,#4213,
#4214,#4215),(#4216,#4217,#4218,#4219,#4220,#4221,#4222),(#4223,#4224,#4225,
#4226,#4227,#4228,#4229),(#4230,#4231,#4232,#4233,#4234,#4235,#4236)),
 .UNSPECIFIED.,.F.,.F.,.F.,(4,4),(4,3,4),(0.,1.),(0.603142693217082,0.62183157372464,
0.931031776638992),.UNSPECIFIED.);
#2049=B_SPLINE_SURFACE_WITH_KNOTS('',3,3,((#4292,#4293,#4294,#4295,#4296,
#4297,#4298),(#4299,#4300,#4301,#4302,#4303,#4304,#4305),(#4306,#4307,#4308,
#4309,#4310,#4311,#4312),(#4313,#4314,#4315,#4316,#4317,#4318,#4319)),
 .UNSPECIFIED.,.F.,.F.,.F.,(4,4),(4,3,4),(0.,1.),(0.603142693217082,0.62183157372464,
0.931031773685664),.UNSPECIFIED.);
#2050=B_SPLINE_SURFACE_WITH_KNOTS('',3,1,((#4339,#4340),(#4341,#4342),(#4343,
#4344),(#4345,#4346)),.UNSPECIFIED.,.F.,.F.,.F.,(4,4),(2,2),(0.868965558112871,
0.885026535597521),(0.,0.18),.UNSPECIFIED.);
#2051=B_SPLINE_SURFACE_WITH_KNOTS('',3,1,((#4350,#4351),(#4352,#4353),(#4354,
#4355),(#4356,#4357)),.UNSPECIFIED.,.F.,.F.,.F.,(4,4),(2,2),(0.837310460952295,
0.85305145813703),(0.,0.18),.UNSPECIFIED.);
#2052=B_SPLINE_SURFACE_WITH_KNOTS('',3,1,((#4361,#4362),(#4363,#4364),(#4365,
#4366),(#4367,#4368),(#4369,#4370),(#4371,#4372),(#4373,#4374)),
 .UNSPECIFIED.,.F.,.F.,.F.,(4,3,4),(2,2),(0.603142700425842,0.62183157372464,
0.931031773685664),(0.,0.18),.UNSPECIFIED.);
#2053=ADVANCED_FACE('',(#612),#2029,.T.);
#2054=ADVANCED_FACE('',(#613),#505,.T.);
#2055=ADVANCED_FACE('',(#614),#506,.T.);
#2056=ADVANCED_FACE('',(#615),#507,.T.);
#2057=ADVANCED_FACE('',(#616),#508,.T.);
#2058=ADVANCED_FACE('',(#617),#2030,.T.);
#2059=ADVANCED_FACE('',(#618,#15,#16,#17,#18,#19,#20,#21,#22),#509,.T.);
#2060=ADVANCED_FACE('',(#619),#510,.T.);
#2061=ADVANCED_FACE('',(#620),#2031,.T.);
#2062=ADVANCED_FACE('',(#621),#511,.T.);
#2063=ADVANCED_FACE('',(#622),#512,.T.);
#2064=ADVANCED_FACE('',(#623),#513,.T.);
#2065=ADVANCED_FACE('',(#624),#514,.T.);
#2066=ADVANCED_FACE('',(#625),#515,.T.);
#2067=ADVANCED_FACE('',(#626),#516,.T.);
#2068=ADVANCED_FACE('',(#627),#517,.T.);
#2069=ADVANCED_FACE('',(#628),#2032,.T.);
#2070=ADVANCED_FACE('',(#629),#2033,.T.);
#2071=ADVANCED_FACE('',(#630),#518,.T.);
#2072=ADVANCED_FACE('',(#631),#519,.T.);
#2073=ADVANCED_FACE('',(#632),#520,.T.);
#2074=ADVANCED_FACE('',(#633),#521,.T.);
#2075=ADVANCED_FACE('',(#634),#522,.T.);
#2076=ADVANCED_FACE('',(#635),#523,.T.);
#2077=ADVANCED_FACE('',(#636),#524,.T.);
#2078=ADVANCED_FACE('',(#637),#525,.T.);
#2079=ADVANCED_FACE('',(#638),#526,.T.);
#2080=ADVANCED_FACE('',(#639),#527,.T.);
#2081=ADVANCED_FACE('',(#640),#528,.T.);
#2082=ADVANCED_FACE('',(#641),#529,.T.);
#2083=ADVANCED_FACE('',(#642),#2034,.T.);
#2084=ADVANCED_FACE('',(#643),#2035,.T.);
#2085=ADVANCED_FACE('',(#644),#530,.T.);
#2086=ADVANCED_FACE('',(#645),#531,.T.);
#2087=ADVANCED_FACE('',(#646),#532,.T.);
#2088=ADVANCED_FACE('',(#647),#533,.T.);
#2089=ADVANCED_FACE('',(#648),#2036,.T.);
#2090=ADVANCED_FACE('',(#649),#2037,.T.);
#2091=ADVANCED_FACE('',(#650),#534,.T.);
#2092=ADVANCED_FACE('',(#651),#535,.T.);
#2093=ADVANCED_FACE('',(#652),#2038,.T.);
#2094=ADVANCED_FACE('',(#653),#536,.T.);
#2095=ADVANCED_FACE('',(#654),#537,.T.);
#2096=ADVANCED_FACE('',(#655),#538,.T.);
#2097=ADVANCED_FACE('',(#656),#539,.T.);
#2098=ADVANCED_FACE('',(#657),#540,.T.);
#2099=ADVANCED_FACE('',(#658),#541,.T.);
#2100=ADVANCED_FACE('',(#659),#542,.T.);
#2101=ADVANCED_FACE('',(#660),#543,.T.);
#2102=ADVANCED_FACE('',(#661),#544,.T.);
#2103=ADVANCED_FACE('',(#662),#545,.T.);
#2104=ADVANCED_FACE('',(#663),#546,.T.);
#2105=ADVANCED_FACE('',(#664),#547,.T.);
#2106=ADVANCED_FACE('',(#665),#2039,.T.);
#2107=ADVANCED_FACE('',(#666),#548,.T.);
#2108=ADVANCED_FACE('',(#667),#549,.T.);
#2109=ADVANCED_FACE('',(#668),#550,.T.);
#2110=ADVANCED_FACE('',(#669),#551,.T.);
#2111=ADVANCED_FACE('',(#670),#2040,.T.);
#2112=ADVANCED_FACE('',(#671),#552,.T.);
#2113=ADVANCED_FACE('',(#672),#553,.T.);
#2114=ADVANCED_FACE('',(#673),#554,.T.);
#2115=ADVANCED_FACE('',(#674),#2041,.T.);
#2116=ADVANCED_FACE('',(#675),#555,.T.);
#2117=ADVANCED_FACE('',(#676),#556,.T.);
#2118=ADVANCED_FACE('',(#677),#557,.T.);
#2119=ADVANCED_FACE('',(#678),#558,.T.);
#2120=ADVANCED_FACE('',(#679),#559,.T.);
#2121=ADVANCED_FACE('',(#680),#560,.T.);
#2122=ADVANCED_FACE('',(#681),#2042,.T.);
#2123=ADVANCED_FACE('',(#682),#561,.T.);
#2124=ADVANCED_FACE('',(#683,#23,#24,#25,#26,#27,#28,#29,#30),#562,.F.);
#2125=ADVANCED_FACE('',(#684),#563,.T.);
#2126=ADVANCED_FACE('',(#685),#564,.T.);
#2127=ADVANCED_FACE('',(#686),#2043,.T.);
#2128=ADVANCED_FACE('',(#687),#565,.T.);
#2129=ADVANCED_FACE('',(#688),#566,.T.);
#2130=ADVANCED_FACE('',(#689),#567,.T.);
#2131=ADVANCED_FACE('',(#690),#2044,.T.);
#2132=ADVANCED_FACE('',(#691),#568,.T.);
#2133=ADVANCED_FACE('',(#692),#569,.T.);
#2134=ADVANCED_FACE('',(#693),#570,.T.);
#2135=ADVANCED_FACE('',(#694),#571,.T.);
#2136=ADVANCED_FACE('',(#695),#572,.T.);
#2137=ADVANCED_FACE('',(#696),#573,.T.);
#2138=ADVANCED_FACE('',(#697),#574,.T.);
#2139=ADVANCED_FACE('',(#698),#575,.T.);
#2140=ADVANCED_FACE('',(#699),#576,.T.);
#2141=ADVANCED_FACE('',(#700),#577,.T.);
#2142=ADVANCED_FACE('',(#701),#578,.T.);
#2143=ADVANCED_FACE('',(#702),#2045,.T.);
#2144=ADVANCED_FACE('',(#703),#579,.T.);
#2145=ADVANCED_FACE('',(#704),#580,.T.);
#2146=ADVANCED_FACE('',(#705),#581,.T.);
#2147=ADVANCED_FACE('',(#706),#582,.T.);
#2148=ADVANCED_FACE('',(#707),#2046,.T.);
#2149=ADVANCED_FACE('',(#708),#583,.T.);
#2150=ADVANCED_FACE('',(#709),#584,.T.);
#2151=ADVANCED_FACE('',(#710),#585,.T.);
#2152=ADVANCED_FACE('',(#711),#586,.T.);
#2153=ADVANCED_FACE('',(#712),#587,.T.);
#2154=ADVANCED_FACE('',(#713),#2047,.T.);
#2155=ADVANCED_FACE('',(#714),#588,.T.);
#2156=ADVANCED_FACE('',(#715),#589,.T.);
#2157=ADVANCED_FACE('',(#716),#590,.T.);
#2158=ADVANCED_FACE('',(#717),#591,.T.);
#2159=ADVANCED_FACE('',(#718),#592,.T.);
#2160=ADVANCED_FACE('',(#719),#593,.T.);
#2161=ADVANCED_FACE('',(#720),#594,.T.);
#2162=ADVANCED_FACE('',(#721),#595,.T.);
#2163=ADVANCED_FACE('',(#722),#596,.T.);
#2164=ADVANCED_FACE('',(#723),#2048,.T.);
#2165=ADVANCED_FACE('',(#724),#597,.T.);
#2166=ADVANCED_FACE('',(#725),#598,.T.);
#2167=ADVANCED_FACE('',(#726),#599,.T.);
#2168=ADVANCED_FACE('',(#727),#600,.T.);
#2169=ADVANCED_FACE('',(#728),#2049,.T.);
#2170=ADVANCED_FACE('',(#729),#601,.T.);
#2171=ADVANCED_FACE('',(#730),#602,.T.);
#2172=ADVANCED_FACE('',(#731),#603,.T.);
#2173=ADVANCED_FACE('',(#732),#604,.T.);
#2174=ADVANCED_FACE('',(#733),#605,.T.);
#2175=ADVANCED_FACE('',(#734),#2050,.T.);
#2176=ADVANCED_FACE('',(#735),#606,.T.);
#2177=ADVANCED_FACE('',(#736),#607,.T.);
#2178=ADVANCED_FACE('',(#737),#608,.T.);
#2179=ADVANCED_FACE('',(#738),#2051,.T.);
#2180=ADVANCED_FACE('',(#739),#609,.T.);
#2181=ADVANCED_FACE('',(#740),#610,.T.);
#2182=ADVANCED_FACE('',(#741),#2052,.T.);
#2183=ADVANCED_FACE('',(#742),#611,.T.);
#2184=CLOSED_SHELL('',(#2053,#2054,#2055,#2056,#2057,#2058,#2059,#2060,
#2061,#2062,#2063,#2064,#2065,#2066,#2067,#2068,#2069,#2070,#2071,#2072,
#2073,#2074,#2075,#2076,#2077,#2078,#2079,#2080,#2081,#2082,#2083,#2084,
#2085,#2086,#2087,#2088,#2089,#2090,#2091,#2092,#2093,#2094,#2095,#2096,
#2097,#2098,#2099,#2100,#2101,#2102,#2103,#2104,#2105,#2106,#2107,#2108,
#2109,#2110,#2111,#2112,#2113,#2114,#2115,#2116,#2117,#2118,#2119,#2120,
#2121,#2122,#2123,#2124,#2125,#2126,#2127,#2128,#2129,#2130,#2131,#2132,
#2133,#2134,#2135,#2136,#2137,#2138,#2139,#2140,#2141,#2142,#2143,#2144,
#2145,#2146,#2147,#2148,#2149,#2150,#2151,#2152,#2153,#2154,#2155,#2156,
#2157,#2158,#2159,#2160,#2161,#2162,#2163,#2164,#2165,#2166,#2167,#2168,
#2169,#2170,#2171,#2172,#2173,#2174,#2175,#2176,#2177,#2178,#2179,#2180,
#2181,#2182,#2183));
#2185=DERIVED_UNIT_ELEMENT(#2187,1.);
#2186=DERIVED_UNIT_ELEMENT(#4382,-3.);
#2187=(
MASS_UNIT()
NAMED_UNIT(*)
SI_UNIT(.KILO.,.GRAM.)
);
#2188=DERIVED_UNIT((#2185,#2186));
#2189=MEASURE_REPRESENTATION_ITEM('density measure',
POSITIVE_RATIO_MEASURE(7850.),#2188);
#2190=PROPERTY_DEFINITION_REPRESENTATION(#2195,#2192);
#2191=PROPERTY_DEFINITION_REPRESENTATION(#2196,#2193);
#2192=REPRESENTATION('material name',(#2194),#4379);
#2193=REPRESENTATION('density',(#2189),#4379);
#2194=DESCRIPTIVE_REPRESENTATION_ITEM('Acier','Acier');
#2195=PROPERTY_DEFINITION('material property','material name',#4389);
#2196=PROPERTY_DEFINITION('material property','density of part',#4389);
#2197=AXIS2_PLACEMENT_3D('',#2758,#2305,#2306);
#2198=AXIS2_PLACEMENT_3D('',#2833,#2307,#2308);
#2199=AXIS2_PLACEMENT_3D('',#2839,#2312,#2313);
#2200=AXIS2_PLACEMENT_3D('',#2845,#2317,#2318);
#2201=AXIS2_PLACEMENT_3D('',#2848,#2321,#2322);
#2202=AXIS2_PLACEMENT_3D('',#2868,#2327,#2328);
#2203=AXIS2_PLACEMENT_3D('',#3004,#2361,#2362);
#2204=AXIS2_PLACEMENT_3D('',#3064,#2365,#2366);
#2205=AXIS2_PLACEMENT_3D('',#3068,#2369,#2370);
#2206=AXIS2_PLACEMENT_3D('',#3070,#2372,#2373);
#2207=AXIS2_PLACEMENT_3D('',#3076,#2377,#2378);
#2208=AXIS2_PLACEMENT_3D('',#3080,#2381,#2382);
#2209=AXIS2_PLACEMENT_3D('',#3092,#2385,#2386);
#2210=AXIS2_PLACEMENT_3D('',#3096,#2389,#2390);
#2211=AXIS2_PLACEMENT_3D('',#3165,#2394,#2395);
#2212=AXIS2_PLACEMENT_3D('',#3169,#2398,#2399);
#2213=AXIS2_PLACEMENT_3D('',#3175,#2403,#2404);
#2214=AXIS2_PLACEMENT_3D('',#3179,#2407,#2408);
#2215=AXIS2_PLACEMENT_3D('',#3185,#2412,#2413);
#2216=AXIS2_PLACEMENT_3D('',#3187,#2415,#2416);
#2217=AXIS2_PLACEMENT_3D('',#3189,#2418,#2419);
#2218=AXIS2_PLACEMENT_3D('',#3195,#2423,#2424);
#2219=AXIS2_PLACEMENT_3D('',#3199,#2427,#2428);
#2220=AXIS2_PLACEMENT_3D('',#3203,#2431,#2432);
#2221=AXIS2_PLACEMENT_3D('',#3215,#2435,#2436);
#2222=AXIS2_PLACEMENT_3D('',#3219,#2439,#2440);
#2223=AXIS2_PLACEMENT_3D('',#3288,#2444,#2445);
#2224=AXIS2_PLACEMENT_3D('',#3292,#2448,#2449);
#2225=AXIS2_PLACEMENT_3D('',#3301,#2452,#2453);
#2226=AXIS2_PLACEMENT_3D('',#3305,#2456,#2457);
#2227=AXIS2_PLACEMENT_3D('',#3374,#2461,#2462);
#2228=AXIS2_PLACEMENT_3D('',#3378,#2465,#2466);
#2229=AXIS2_PLACEMENT_3D('',#3438,#2469,#2470);
#2230=AXIS2_PLACEMENT_3D('',#3442,#2473,#2474);
#2231=AXIS2_PLACEMENT_3D('',#3444,#2476,#2477);
#2232=AXIS2_PLACEMENT_3D('',#3450,#2481,#2482);
#2233=AXIS2_PLACEMENT_3D('',#3454,#2485,#2486);
#2234=AXIS2_PLACEMENT_3D('',#3460,#2490,#2491);
#2235=AXIS2_PLACEMENT_3D('',#3464,#2494,#2495);
#2236=AXIS2_PLACEMENT_3D('',#3468,#2498,#2499);
#2237=AXIS2_PLACEMENT_3D('',#3470,#2501,#2502);
#2238=AXIS2_PLACEMENT_3D('',#3476,#2506,#2507);
#2239=AXIS2_PLACEMENT_3D('',#3480,#2510,#2511);
#2240=AXIS2_PLACEMENT_3D('',#3486,#2515,#2516);
#2241=AXIS2_PLACEMENT_3D('',#3548,#2518,#2519);
#2242=AXIS2_PLACEMENT_3D('',#3552,#2522,#2523);
#2243=AXIS2_PLACEMENT_3D('',#3558,#2527,#2528);
#2244=AXIS2_PLACEMENT_3D('',#3560,#2530,#2531);
#2245=AXIS2_PLACEMENT_3D('',#3619,#2533,#2534);
#2246=AXIS2_PLACEMENT_3D('',#3623,#2537,#2538);
#2247=AXIS2_PLACEMENT_3D('',#3625,#2540,#2541);
#2248=AXIS2_PLACEMENT_3D('',#3654,#2546,#2547);
#2249=AXIS2_PLACEMENT_3D('',#3658,#2550,#2551);
#2250=AXIS2_PLACEMENT_3D('',#3662,#2554,#2555);
#2251=AXIS2_PLACEMENT_3D('',#3666,#2558,#2559);
#2252=AXIS2_PLACEMENT_3D('',#3674,#2564,#2565);
#2253=AXIS2_PLACEMENT_3D('',#3683,#2567,#2568);
#2254=AXIS2_PLACEMENT_3D('',#3737,#2571,#2572);
#2255=AXIS2_PLACEMENT_3D('',#3739,#2574,#2575);
#2256=AXIS2_PLACEMENT_3D('',#3865,#2608,#2609);
#2257=AXIS2_PLACEMENT_3D('',#3879,#2612,#2613);
#2258=AXIS2_PLACEMENT_3D('',#3923,#2615,#2616);
#2259=AXIS2_PLACEMENT_3D('',#3924,#2617,#2618);
#2260=AXIS2_PLACEMENT_3D('',#3926,#2620,#2621);
#2261=AXIS2_PLACEMENT_3D('',#3975,#2624,#2625);
#2262=AXIS2_PLACEMENT_3D('',#3978,#2628,#2629);
#2263=AXIS2_PLACEMENT_3D('',#3979,#2630,#2631);
#2264=AXIS2_PLACEMENT_3D('',#3981,#2633,#2634);
#2265=AXIS2_PLACEMENT_3D('',#3986,#2638,#2639);
#2266=AXIS2_PLACEMENT_3D('',#3988,#2641,#2642);
#2267=AXIS2_PLACEMENT_3D('',#3990,#2644,#2645);
#2268=AXIS2_PLACEMENT_3D('',#3992,#2647,#2648);
#2269=AXIS2_PLACEMENT_3D('',#3994,#2650,#2651);
#2270=AXIS2_PLACEMENT_3D('',#3996,#2653,#2654);
#2271=AXIS2_PLACEMENT_3D('',#3997,#2655,#2656);
#2272=AXIS2_PLACEMENT_3D('',#4046,#2659,#2660);
#2273=AXIS2_PLACEMENT_3D('',#4049,#2663,#2664);
#2274=AXIS2_PLACEMENT_3D('',#4050,#2665,#2666);
#2275=AXIS2_PLACEMENT_3D('',#4052,#2668,#2669);
#2276=AXIS2_PLACEMENT_3D('',#4098,#2672,#2673);
#2277=AXIS2_PLACEMENT_3D('',#4101,#2676,#2677);
#2278=AXIS2_PLACEMENT_3D('',#4102,#2678,#2679);
#2279=AXIS2_PLACEMENT_3D('',#4104,#2681,#2682);
#2280=AXIS2_PLACEMENT_3D('',#4130,#2685,#2686);
#2281=AXIS2_PLACEMENT_3D('',#4174,#2688,#2689);
#2282=AXIS2_PLACEMENT_3D('',#4175,#2690,#2691);
#2283=AXIS2_PLACEMENT_3D('',#4177,#2693,#2694);
#2284=AXIS2_PLACEMENT_3D('',#4182,#2698,#2699);
#2285=AXIS2_PLACEMENT_3D('',#4184,#2701,#2702);
#2286=AXIS2_PLACEMENT_3D('',#4187,#2705,#2706);
#2287=AXIS2_PLACEMENT_3D('',#4188,#2707,#2708);
#2288=AXIS2_PLACEMENT_3D('',#4190,#2710,#2711);
#2289=AXIS2_PLACEMENT_3D('',#4196,#2715,#2716);
#2290=AXIS2_PLACEMENT_3D('',#4277,#2718,#2719);
#2291=AXIS2_PLACEMENT_3D('',#4280,#2722,#2723);
#2292=AXIS2_PLACEMENT_3D('',#4282,#2725,#2726);
#2293=AXIS2_PLACEMENT_3D('',#4284,#2728,#2729);
#2294=AXIS2_PLACEMENT_3D('',#4330,#2730,#2731);
#2295=AXIS2_PLACEMENT_3D('',#4332,#2733,#2734);
#2296=AXIS2_PLACEMENT_3D('',#4334,#2736,#2737);
#2297=AXIS2_PLACEMENT_3D('',#4336,#2739,#2740);
#2298=AXIS2_PLACEMENT_3D('',#4338,#2742,#2743);
#2299=AXIS2_PLACEMENT_3D('',#4347,#2744,#2745);
#2300=AXIS2_PLACEMENT_3D('',#4348,#2746,#2747);
#2301=AXIS2_PLACEMENT_3D('',#4349,#2748,#2749);
#2302=AXIS2_PLACEMENT_3D('',#4358,#2750,#2751);
#2303=AXIS2_PLACEMENT_3D('',#4359,#2752,#2753);
#2304=AXIS2_PLACEMENT_3D('',#4376,#2756,#2757);
#2305=DIRECTION('axis',(0.,0.,1.));
#2306=DIRECTION('refdir',(1.,0.,0.));
#2307=DIRECTION('center_axis',(0.453271658496146,-0.54271982053742,0.707106781186536));
#2308=DIRECTION('ref_axis',(0.841880177106303,0.,-0.539664495214813));
#2309=DIRECTION('',(-0.767521730772699,-0.641022926884586,0.));
#2310=DIRECTION('',(0.671345075114117,-0.313993827029999,-0.671344670573228));
#2311=DIRECTION('',(0.767521730772699,0.641022926884586,0.));
#2312=DIRECTION('center_axis',(0.70710678118596,9.11015397790065E-7,0.707106781186549));
#2313=DIRECTION('ref_axis',(0.707106781186842,0.,-0.707106781186253));
#2314=DIRECTION('',(1.28837033108543E-6,-0.99999999999917,0.));
#2315=DIRECTION('',(0.391900246327485,0.832362633300636,-0.391901318718484));
#2316=DIRECTION('',(-1.28837033108543E-6,0.99999999999917,0.));
#2317=DIRECTION('center_axis',(-0.450490178429439,0.545030824026132,0.707106781186553));
#2318=DIRECTION('ref_axis',(0.8433841616201,0.,0.537311042068149));
#2319=DIRECTION('',(-0.770789983249145,-0.637089320050793,0.));
#2320=DIRECTION('',(0.770789983249145,0.637089320050793,0.));
#2321=DIRECTION('center_axis',(-0.637089320050793,0.770789983249146,0.));
#2322=DIRECTION('ref_axis',(-0.770789983249145,-0.637089320050793,0.));
#2323=DIRECTION('',(0.,0.,1.));
#2324=DIRECTION('',(0.770789983249145,0.637089320050793,0.));
#2325=DIRECTION('',(0.,0.,1.));
#2326=DIRECTION('',(0.,0.,1.));
#2327=DIRECTION('center_axis',(0.,0.,1.));
#2328=DIRECTION('ref_axis',(1.,0.,0.));
#2329=DIRECTION('',(-1.,1.56321325807109E-9,0.));
#2330=DIRECTION('',(-1.,2.09507465815486E-9,0.));
#2331=DIRECTION('',(-0.707106766807453,-0.707106795565642,0.));
#2332=DIRECTION('',(0.70710688682726,-0.70710667554582,0.));
#2333=DIRECTION('',(0.999999999999999,3.09306316114138E-8,0.));
#2334=DIRECTION('',(0.999999999999999,-3.09306316114138E-8,0.));
#2335=DIRECTION('',(0.70710688682726,0.70710667554582,0.));
#2336=DIRECTION('',(-0.707106781186548,0.707106781186547,0.));
#2337=DIRECTION('',(0.78937346531684,0.613913293758723,0.));
#2338=DIRECTION('',(-2.7824505133381E-6,-0.999999999996129,0.));
#2339=DIRECTION('',(-0.783766903490451,-0.621055103024676,0.));
#2340=DIRECTION('',(1.,-1.48759274876909E-8,0.));
#2341=DIRECTION('',(1.,1.48759277911787E-8,0.));
#2342=DIRECTION('',(-1.4875927388062E-8,-1.,0.));
#2343=DIRECTION('',(-1.,0.,0.));
#2344=DIRECTION('',(-1.48759272955434E-8,1.,0.));
#2345=DIRECTION('',(0.78937346531684,-0.613913293758723,0.));
#2346=DIRECTION('',(-0.783766903490451,0.621055103024676,0.));
#2347=DIRECTION('',(-2.7824505133381E-6,0.999999999996129,0.));
#2348=DIRECTION('',(1.,0.,0.));
#2349=DIRECTION('',(-1.4875927388062E-8,-1.,0.));
#2350=DIRECTION('',(-1.,0.,0.));
#2351=DIRECTION('',(-1.15363260611012E-8,1.,0.));
#2352=DIRECTION('',(0.778834086448535,0.627229994328935,0.));
#2353=DIRECTION('',(-3.55859477275057E-6,-0.999999999993668,0.));
#2354=DIRECTION('',(-0.774537519737081,-0.632527968171788,0.));
#2355=DIRECTION('',(0.770789983249145,-0.637089320050793,0.));
#2356=DIRECTION('',(-0.767521730772699,0.641022926884586,0.));
#2357=DIRECTION('',(1.2883703313075E-6,0.99999999999917,0.));
#2358=DIRECTION('',(0.778834086448535,-0.627229994328934,0.));
#2359=DIRECTION('',(-0.774537519737081,0.632527968171788,0.));
#2360=DIRECTION('',(-3.55859477275057E-6,0.999999999993668,0.));
#2361=DIRECTION('center_axis',(-0.434102253077354,0.558171330214251,0.707106781186561));
#2362=DIRECTION('ref_axis',(0.852217505558597,0.,0.523187655836301));
#2363=DIRECTION('',(-0.78937346531684,-0.613913293758723,0.));
#2364=DIRECTION('',(0.402254349511712,0.822426116802803,-0.402252061150184));
#2365=DIRECTION('center_axis',(0.439152274839255,-0.554206892327675,0.707106781186553));
#2366=DIRECTION('ref_axis',(0.849501034472044,0.,-0.527586952483595));
#2367=DIRECTION('',(0.669084392069884,-0.323497987738623,-0.669085292184438));
#2368=DIRECTION('',(0.783766903490451,0.621055103024676,0.));
#2369=DIRECTION('center_axis',(0.707106781183811,-1.96748962629736E-6,0.707106781186547));
#2370=DIRECTION('ref_axis',(0.707106781187916,0.,-0.707106781185179));
#2371=DIRECTION('',(2.7824505133381E-6,0.999999999996129,0.));
#2372=DIRECTION('center_axis',(0.999999999996129,-2.7824505133381E-6,0.));
#2373=DIRECTION('ref_axis',(2.7824505133381E-6,0.999999999996129,0.));
#2374=DIRECTION('',(0.,0.,1.));
#2375=DIRECTION('',(-2.7824505133381E-6,-0.999999999996129,0.));
#2376=DIRECTION('',(0.,0.,1.));
#2377=DIRECTION('center_axis',(-0.613913293758723,0.78937346531684,0.));
#2378=DIRECTION('ref_axis',(-0.78937346531684,-0.613913293758722,0.));
#2379=DIRECTION('',(0.,0.,1.));
#2380=DIRECTION('',(0.78937346531684,0.613913293758723,0.));
#2381=DIRECTION('center_axis',(0.443518582353584,0.550718863946983,0.707106781186556));
#2382=DIRECTION('ref_axis',(0.847148166162596,0.,-0.531356739457919));
#2383=DIRECTION('',(-0.396364295562732,0.828126214138476,-0.396361348594606));
#2384=DIRECTION('',(-0.778834086448535,0.627229994328934,0.));
#2385=DIRECTION('center_axis',(-0.707106781182071,-2.51630649530693E-6,
0.707106781186547));
#2386=DIRECTION('ref_axis',(0.707106781188785,0.,0.70710678118431));
#2387=DIRECTION('',(-0.670386562229292,-0.318060052221827,-0.6703876940719));
#2388=DIRECTION('',(3.55859477275057E-6,-0.999999999993668,0.));
#2389=DIRECTION('center_axis',(-0.447264815584419,-0.547680732489499,0.707106781186549));
#2390=DIRECTION('ref_axis',(0.845126598256303,0.,0.534566210042992));
#2391=DIRECTION('',(0.774537519737081,-0.632527968171788,0.));
#2392=DIRECTION('',(0.,0.,1.));
#2393=DIRECTION('',(0.,0.,1.));
#2394=DIRECTION('center_axis',(0.627229994328934,0.778834086448535,0.));
#2395=DIRECTION('ref_axis',(-0.778834086448535,0.627229994328934,0.));
#2396=DIRECTION('',(0.,0.,1.));
#2397=DIRECTION('',(0.778834086448535,-0.627229994328934,0.));
#2398=DIRECTION('center_axis',(0.,-0.707106781186555,0.70710678118654));
#2399=DIRECTION('ref_axis',(1.,0.,0.));
#2400=DIRECTION('',(0.577350263463881,-0.577350272052491,-0.577350272052504));
#2401=DIRECTION('',(1.,0.,0.));
#2402=DIRECTION('',(-0.577350263463881,-0.577350272052491,-0.577350272052504));
#2403=DIRECTION('center_axis',(0.707106781186549,-1.05188691325374E-8,0.707106781186546));
#2404=DIRECTION('ref_axis',(0.707106781186546,0.,-0.707106781186549));
#2405=DIRECTION('',(0.577350272052467,0.577350272052559,-0.577350263463851));
#2406=DIRECTION('',(1.4875927388062E-8,1.,0.));
#2407=DIRECTION('center_axis',(1.05188692029862E-8,0.707106781186587,0.707106781186508));
#2408=DIRECTION('ref_axis',(1.,0.,-1.48759274876925E-8));
#2409=DIRECTION('',(-1.,1.48759274876909E-8,0.));
#2410=DIRECTION('',(-1.05188677914173E-8,-0.707106781186508,0.707106781186587));
#2411=DIRECTION('',(-0.577350272052538,0.577350272052421,-0.577350263463918));
#2412=DIRECTION('center_axis',(-1.05188694175835E-8,0.707106781186524,0.707106781186571));
#2413=DIRECTION('ref_axis',(1.,0.,1.48759277911777E-8));
#2414=DIRECTION('',(-1.,-1.48759277911787E-8,0.));
#2415=DIRECTION('center_axis',(-0.707106781186547,-1.05188690671168E-8,
0.707106781186548));
#2416=DIRECTION('ref_axis',(0.707106781186548,0.,0.707106781186547));
#2417=DIRECTION('',(1.48759272955434E-8,-1.,0.));
#2418=DIRECTION('center_axis',(1.,-1.4875927388062E-8,0.));
#2419=DIRECTION('ref_axis',(1.4875927388062E-8,1.,0.));
#2420=DIRECTION('',(0.,0.,1.));
#2421=DIRECTION('',(-1.4875927388062E-8,-1.,0.));
#2422=DIRECTION('',(0.,0.,1.));
#2423=DIRECTION('center_axis',(-1.48759277911787E-8,1.,0.));
#2424=DIRECTION('ref_axis',(-1.,-1.48759277911787E-8,0.));
#2425=DIRECTION('',(0.,0.,1.));
#2426=DIRECTION('',(1.,1.48759277911787E-8,0.));
#2427=DIRECTION('center_axis',(1.48759274876909E-8,1.,0.));
#2428=DIRECTION('ref_axis',(-1.,1.48759274876909E-8,0.));
#2429=DIRECTION('',(0.,0.,1.));
#2430=DIRECTION('',(1.,-1.48759274876909E-8,0.));
#2431=DIRECTION('center_axis',(0.450490178429441,0.545030824026134,0.707106781186551));
#2432=DIRECTION('ref_axis',(0.843384161620099,0.,-0.537311042068152));
#2433=DIRECTION('',(-0.391900246327494,0.83236263330063,-0.39190131871849));
#2434=DIRECTION('',(-0.770789983249145,0.637089320050793,0.));
#2435=DIRECTION('center_axis',(-0.707106781185961,9.1101539794709E-7,0.707106781186548));
#2436=DIRECTION('ref_axis',(0.707106781186841,0.,0.707106781186254));
#2437=DIRECTION('',(-0.671345075114118,-0.313993827029998,-0.671344670573227));
#2438=DIRECTION('',(-1.2883703313075E-6,-0.99999999999917,0.));
#2439=DIRECTION('center_axis',(-0.453271658496145,-0.542719820537418,0.707106781186539));
#2440=DIRECTION('ref_axis',(0.841880177106305,0.,0.53966449521481));
#2441=DIRECTION('',(0.767521730772699,-0.641022926884586,0.));
#2442=DIRECTION('',(0.,0.,1.));
#2443=DIRECTION('',(0.,0.,1.));
#2444=DIRECTION('center_axis',(0.637089320050793,0.770789983249146,0.));
#2445=DIRECTION('ref_axis',(-0.770789983249145,0.637089320050793,0.));
#2446=DIRECTION('',(0.,0.,1.));
#2447=DIRECTION('',(0.770789983249145,-0.637089320050793,0.));
#2448=DIRECTION('center_axis',(0.434102253077351,0.558171330214247,0.707106781186566));
#2449=DIRECTION('ref_axis',(0.8522175055586,0.,-0.523187655836296));
#2450=DIRECTION('',(-0.4022543495117,0.822426116802815,-0.402252061150172));
#2451=DIRECTION('',(-0.78937346531684,0.613913293758723,0.));
#2452=DIRECTION('center_axis',(-0.707106781183811,-1.96748962629736E-6,
0.707106781186547));
#2453=DIRECTION('ref_axis',(0.707106781187916,0.,0.707106781185179));
#2454=DIRECTION('',(-0.669084392069879,-0.323497987738625,-0.669085292184443));
#2455=DIRECTION('',(2.7824505133381E-6,-0.999999999996129,0.));
#2456=DIRECTION('center_axis',(-0.439152274839255,-0.554206892327675,0.707106781186553));
#2457=DIRECTION('ref_axis',(0.849501034472044,0.,0.527586952483595));
#2458=DIRECTION('',(0.783766903490451,-0.621055103024676,0.));
#2459=DIRECTION('',(0.,0.,1.));
#2460=DIRECTION('',(0.,0.,1.));
#2461=DIRECTION('center_axis',(0.613913293758723,0.78937346531684,0.));
#2462=DIRECTION('ref_axis',(-0.78937346531684,0.613913293758722,0.));
#2463=DIRECTION('',(0.,0.,1.));
#2464=DIRECTION('',(0.78937346531684,-0.613913293758723,0.));
#2465=DIRECTION('center_axis',(-0.443518582353595,0.550718863946996,0.707106781186539));
#2466=DIRECTION('ref_axis',(0.847148166162584,0.,0.531356739457938));
#2467=DIRECTION('',(-0.778834086448535,-0.627229994328935,0.));
#2468=DIRECTION('',(0.396364295562748,0.828126214138463,-0.396361348594616));
#2469=DIRECTION('center_axis',(0.447264815584419,-0.547680732489499,0.707106781186549));
#2470=DIRECTION('ref_axis',(0.845126598256303,0.,-0.534566210042992));
#2471=DIRECTION('',(0.6703865622293,-0.318060052221825,-0.670387694071894));
#2472=DIRECTION('',(0.774537519737081,0.632527968171788,0.));
#2473=DIRECTION('center_axis',(0.70710678118207,-2.51630649530693E-6,0.707106781186548));
#2474=DIRECTION('ref_axis',(0.707106781188786,0.,-0.707106781184309));
#2475=DIRECTION('',(3.55859477275057E-6,0.999999999993668,0.));
#2476=DIRECTION('center_axis',(0.999999999993668,-3.55859477275057E-6,0.));
#2477=DIRECTION('ref_axis',(3.55859477275057E-6,0.999999999993668,0.));
#2478=DIRECTION('',(0.,0.,1.));
#2479=DIRECTION('',(-3.55859477275057E-6,-0.999999999993668,0.));
#2480=DIRECTION('',(0.,0.,1.));
#2481=DIRECTION('center_axis',(-0.627229994328935,0.778834086448535,0.));
#2482=DIRECTION('ref_axis',(-0.778834086448535,-0.627229994328935,0.));
#2483=DIRECTION('',(0.,0.,1.));
#2484=DIRECTION('',(0.778834086448535,0.627229994328935,0.));
#2485=DIRECTION('center_axis',(0.,0.70710678118654,0.707106781186555));
#2486=DIRECTION('ref_axis',(1.,0.,0.));
#2487=DIRECTION('',(-0.577350273629955,0.577350266969468,-0.577350266969455));
#2488=DIRECTION('',(-1.,0.,0.));
#2489=DIRECTION('',(0.57735027491537,0.57735026632676,-0.577350266326747));
#2490=DIRECTION('center_axis',(-0.707106781186547,-8.15741438778376E-9,
0.707106781186548));
#2491=DIRECTION('ref_axis',(0.707106781186548,0.,0.707106781186547));
#2492=DIRECTION('',(-0.577350264749297,-0.577350271409784,-0.577350271409797));
#2493=DIRECTION('',(1.15363260611012E-8,-1.,0.));
#2494=DIRECTION('center_axis',(0.,-0.707106781186555,0.70710678118654));
#2495=DIRECTION('ref_axis',(1.,0.,0.));
#2496=DIRECTION('',(0.577350263463878,-0.577350272052499,-0.577350272052499));
#2497=DIRECTION('',(1.,0.,0.));
#2498=DIRECTION('center_axis',(0.707106781186547,-1.05188691325373E-8,0.707106781186548));
#2499=DIRECTION('ref_axis',(0.707106781186548,0.,-0.707106781186547));
#2500=DIRECTION('',(1.4875927388062E-8,1.,0.));
#2501=DIRECTION('center_axis',(1.,-1.4875927388062E-8,0.));
#2502=DIRECTION('ref_axis',(1.4875927388062E-8,1.,0.));
#2503=DIRECTION('',(0.,0.,1.));
#2504=DIRECTION('',(-1.4875927388062E-8,-1.,0.));
#2505=DIRECTION('',(0.,0.,1.));
#2506=DIRECTION('center_axis',(0.,1.,0.));
#2507=DIRECTION('ref_axis',(-1.,0.,0.));
#2508=DIRECTION('',(0.,0.,1.));
#2509=DIRECTION('',(1.,0.,0.));
#2510=DIRECTION('center_axis',(-2.18712593588139E-8,0.707106781186555,0.70710678118654));
#2511=DIRECTION('ref_axis',(0.999999999999999,0.,3.09306316114145E-8));
#2512=DIRECTION('',(2.18712519242058E-8,-0.707106781186539,0.707106781186555));
#2513=DIRECTION('',(0.281084573353426,0.678598362222581,-0.678598353528472));
#2514=DIRECTION('',(-0.999999999999999,-3.09306316114138E-8,0.));
#2515=DIRECTION('center_axis',(0.499999925300733,0.500000074699272,0.707106781186536));
#2516=DIRECTION('ref_axis',(0.816496621588852,0.,-0.577350211686105));
#2517=DIRECTION('',(-0.70710688682726,0.70710667554582,0.));
#2518=DIRECTION('center_axis',(0.500000010167558,-0.499999989832448,0.707106781186543));
#2519=DIRECTION('ref_axis',(0.816496575393207,0.,-0.577350277016618));
#2520=DIRECTION('',(0.281084644504948,-0.678598343434015,-0.678598342845116));
#2521=DIRECTION('',(0.707106766807453,0.707106795565642,0.));
#2522=DIRECTION('center_axis',(-1.1053586952228E-9,-0.707106781186555,0.70710678118654));
#2523=DIRECTION('ref_axis',(1.,0.,1.56321325807113E-9));
#2524=DIRECTION('',(1.,-1.56321325807109E-9,0.));
#2525=DIRECTION('',(1.1053588292224E-9,0.70710678118654,0.707106781186555));
#2526=DIRECTION('',(-0.281084638203259,-0.67859834422499,-0.678598344664386));
#2527=DIRECTION('center_axis',(-1.48144149787341E-9,-0.707106781186555,
0.70710678118654));
#2528=DIRECTION('ref_axis',(1.,0.,2.09507465815491E-9));
#2529=DIRECTION('',(1.,-2.09507465815486E-9,0.));
#2530=DIRECTION('center_axis',(-0.500000000000011,-0.500000000000011,0.707106781186532));
#2531=DIRECTION('ref_axis',(0.816496580927714,0.,0.577350269189642));
#2532=DIRECTION('',(0.707106781186548,-0.707106781186547,0.));
#2533=DIRECTION('center_axis',(-0.499999925300729,0.500000074699268,0.707106781186542));
#2534=DIRECTION('ref_axis',(0.816496621588857,0.,0.577350211686099));
#2535=DIRECTION('',(-0.70710688682726,-0.70710667554582,0.));
#2536=DIRECTION('',(-0.281084573353423,0.678598362222589,-0.678598353528465));
#2537=DIRECTION('center_axis',(2.18712593588137E-8,0.707106781186547,0.707106781186548));
#2538=DIRECTION('ref_axis',(0.999999999999999,0.,-3.09306316114138E-8));
#2539=DIRECTION('',(-0.999999999999999,3.09306316114138E-8,0.));
#2540=DIRECTION('center_axis',(0.70710667554582,0.70710688682726,0.));
#2541=DIRECTION('ref_axis',(-0.70710688682726,0.70710667554582,0.));
#2542=DIRECTION('',(0.,0.,1.));
#2543=DIRECTION('',(0.70710688682726,-0.70710667554582,0.));
#2544=DIRECTION('',(0.,0.,1.));
#2545=DIRECTION('',(0.,0.,1.));
#2546=DIRECTION('center_axis',(0.707106795565642,-0.707106766807453,0.));
#2547=DIRECTION('ref_axis',(0.707106766807453,0.707106795565642,0.));
#2548=DIRECTION('',(0.,0.,1.));
#2549=DIRECTION('',(-0.707106766807453,-0.707106795565642,0.));
#2550=DIRECTION('center_axis',(-2.09507465815486E-9,-1.,0.));
#2551=DIRECTION('ref_axis',(1.,-2.09507465815486E-9,0.));
#2552=DIRECTION('',(0.,0.,1.));
#2553=DIRECTION('',(-1.,2.09507465815486E-9,0.));
#2554=DIRECTION('center_axis',(-1.56321325807109E-9,-1.,0.));
#2555=DIRECTION('ref_axis',(1.,-1.56321325807109E-9,0.));
#2556=DIRECTION('',(0.,0.,1.));
#2557=DIRECTION('',(-1.,1.56321325807109E-9,0.));
#2558=DIRECTION('center_axis',(0.70710678118596,9.11015397790065E-7,-0.707106781186549));
#2559=DIRECTION('ref_axis',(-0.707106781186842,0.,-0.707106781186253));
#2560=DIRECTION('',(1.28837033108543E-6,-0.99999999999917,0.));
#2561=DIRECTION('',(-0.391900246327491,-0.832362633300637,-0.391901318718477));
#2562=DIRECTION('',(-1.28837033108543E-6,0.99999999999917,0.));
#2563=DIRECTION('',(0.671345075114114,-0.31399382703,0.67134467057323));
#2564=DIRECTION('center_axis',(-0.45049017842943,0.545030824026121,-0.707106781186568));
#2565=DIRECTION('ref_axis',(-0.84338416162011,0.,0.537311042068134));
#2566=DIRECTION('',(-0.770789983249145,-0.637089320050793,0.));
#2567=DIRECTION('center_axis',(0.453271658496148,-0.542719820537422,-0.707106781186534));
#2568=DIRECTION('ref_axis',(-0.841880177106302,0.,-0.539664495214816));
#2569=DIRECTION('',(-0.767521730772699,-0.641022926884586,0.));
#2570=DIRECTION('',(0.767521730772699,0.641022926884586,0.));
#2571=DIRECTION('center_axis',(0.99999999999917,1.28837033108543E-6,0.));
#2572=DIRECTION('ref_axis',(-1.28837033108543E-6,0.99999999999917,0.));
#2573=DIRECTION('',(0.,0.,1.));
#2574=DIRECTION('center_axis',(0.,0.,1.));
#2575=DIRECTION('ref_axis',(1.,0.,0.));
#2576=DIRECTION('',(-0.999999999999999,3.09306316114138E-8,0.));
#2577=DIRECTION('',(-0.999999999999999,-3.09306316114138E-8,0.));
#2578=DIRECTION('',(-0.70710688682726,0.70710667554582,0.));
#2579=DIRECTION('',(0.707106766807453,0.707106795565642,0.));
#2580=DIRECTION('',(1.,-2.09507465815486E-9,0.));
#2581=DIRECTION('',(1.,-1.56321325807109E-9,0.));
#2582=DIRECTION('',(0.707106781186548,-0.707106781186547,0.));
#2583=DIRECTION('',(-0.70710688682726,-0.70710667554582,0.));
#2584=DIRECTION('',(0.783766903490451,0.621055103024676,0.));
#2585=DIRECTION('',(2.7824505133381E-6,0.999999999996129,0.));
#2586=DIRECTION('',(-0.78937346531684,-0.613913293758723,0.));
#2587=DIRECTION('',(1.48759272955434E-8,-1.,0.));
#2588=DIRECTION('',(1.,0.,0.));
#2589=DIRECTION('',(1.4875927388062E-8,1.,0.));
#2590=DIRECTION('',(-1.,-1.48759277911787E-8,0.));
#2591=DIRECTION('',(-1.,1.48759274876909E-8,0.));
#2592=DIRECTION('',(0.783766903490451,-0.621055103024676,0.));
#2593=DIRECTION('',(-0.78937346531684,0.613913293758723,0.));
#2594=DIRECTION('',(2.7824505133381E-6,-0.999999999996129,0.));
#2595=DIRECTION('',(1.,0.,0.));
#2596=DIRECTION('',(1.4875927388062E-8,1.,0.));
#2597=DIRECTION('',(-1.,0.,0.));
#2598=DIRECTION('',(1.15363260611012E-8,-1.,0.));
#2599=DIRECTION('',(0.774537519737081,0.632527968171788,0.));
#2600=DIRECTION('',(3.55859477275057E-6,0.999999999993668,0.));
#2601=DIRECTION('',(-0.778834086448535,-0.627229994328935,0.));
#2602=DIRECTION('',(0.767521730772699,-0.641022926884586,0.));
#2603=DIRECTION('',(-0.770789983249145,0.637089320050793,0.));
#2604=DIRECTION('',(-1.2883703313075E-6,-0.99999999999917,0.));
#2605=DIRECTION('',(0.774537519737081,-0.632527968171788,0.));
#2606=DIRECTION('',(-0.778834086448535,0.627229994328934,0.));
#2607=DIRECTION('',(3.55859477275057E-6,-0.999999999993668,0.));
#2608=DIRECTION('center_axis',(0.439152274839255,-0.554206892327675,-0.707106781186553));
#2609=DIRECTION('ref_axis',(-0.849501034472044,0.,-0.527586952483595));
#2610=DIRECTION('',(-0.783766903490451,-0.621055103024676,0.));
#2611=DIRECTION('',(-0.669084392069884,0.323497987738623,-0.669085292184438));
#2612=DIRECTION('center_axis',(0.707106781183811,-1.96748962629736E-6,-0.707106781186547));
#2613=DIRECTION('ref_axis',(-0.707106781187916,0.,-0.707106781185179));
#2614=DIRECTION('',(0.402254349511712,0.822426116802803,0.402252061150184));
#2615=DIRECTION('center_axis',(-0.434102253077354,0.558171330214251,-0.707106781186561));
#2616=DIRECTION('ref_axis',(-0.852217505558597,0.,0.523187655836301));
#2617=DIRECTION('center_axis',(0.621055103024676,-0.783766903490451,0.));
#2618=DIRECTION('ref_axis',(0.783766903490451,0.621055103024676,0.));
#2619=DIRECTION('',(0.,0.,1.));
#2620=DIRECTION('center_axis',(-0.447264815584419,-0.547680732489499,-0.707106781186549));
#2621=DIRECTION('ref_axis',(-0.845126598256303,0.,0.534566210042992));
#2622=DIRECTION('',(-0.774537519737081,0.632527968171788,0.));
#2623=DIRECTION('',(-0.670386562229293,-0.318060052221851,0.670387694071888));
#2624=DIRECTION('center_axis',(-0.707106781182071,-2.51630649530693E-6,
-0.707106781186547));
#2625=DIRECTION('ref_axis',(-0.707106781188785,0.,0.70710678118431));
#2626=DIRECTION('',(-3.55859477275057E-6,0.999999999993668,0.));
#2627=DIRECTION('',(-0.396364295562731,0.82812621413847,0.396361348594619));
#2628=DIRECTION('center_axis',(0.443518582353584,0.550718863946983,-0.707106781186556));
#2629=DIRECTION('ref_axis',(-0.847148166162596,0.,-0.531356739457919));
#2630=DIRECTION('center_axis',(-0.632527968171788,-0.774537519737081,0.));
#2631=DIRECTION('ref_axis',(0.774537519737081,-0.632527968171788,0.));
#2632=DIRECTION('',(0.,0.,1.));
#2633=DIRECTION('center_axis',(-0.707106781186547,-1.05188690671168E-8,
-0.707106781186548));
#2634=DIRECTION('ref_axis',(-0.707106781186548,0.,0.707106781186547));
#2635=DIRECTION('',(-0.577350272052521,0.577350272052455,0.577350263463901));
#2636=DIRECTION('',(-1.48759272955434E-8,1.,0.));
#2637=DIRECTION('',(-0.577350263463883,-0.577350272052491,0.577350272052504));
#2638=DIRECTION('center_axis',(1.05188692029862E-8,0.707106781186587,-0.707106781186508));
#2639=DIRECTION('ref_axis',(-1.,0.,-1.48759274876925E-8));
#2640=DIRECTION('',(1.05188677914173E-8,0.707106781186508,0.707106781186587));
#2641=DIRECTION('center_axis',(-1.05188694175835E-8,0.707106781186524,-0.707106781186571));
#2642=DIRECTION('ref_axis',(-1.,0.,1.48759277911777E-8));
#2643=DIRECTION('',(0.577350272052468,0.577350272052558,0.577350263463851));
#2644=DIRECTION('center_axis',(0.707106781186549,-1.05188691325374E-8,-0.707106781186546));
#2645=DIRECTION('ref_axis',(-0.707106781186546,0.,-0.707106781186549));
#2646=DIRECTION('',(0.577350263463881,-0.577350272052491,0.577350272052504));
#2647=DIRECTION('center_axis',(0.,-0.707106781186555,-0.70710678118654));
#2648=DIRECTION('ref_axis',(-1.,0.,0.));
#2649=DIRECTION('',(-1.,0.,0.));
#2650=DIRECTION('center_axis',(0.,-1.,0.));
#2651=DIRECTION('ref_axis',(1.,0.,0.));
#2652=DIRECTION('',(0.,0.,1.));
#2653=DIRECTION('center_axis',(-1.,-1.48759272955434E-8,0.));
#2654=DIRECTION('ref_axis',(1.48759272955434E-8,-1.,0.));
#2655=DIRECTION('center_axis',(-0.453271658496145,-0.542719820537418,-0.707106781186539));
#2656=DIRECTION('ref_axis',(-0.841880177106305,0.,0.53966449521481));
#2657=DIRECTION('',(-0.767521730772699,0.641022926884586,0.));
#2658=DIRECTION('',(-0.671345075114117,-0.313993827029999,0.671344670573228));
#2659=DIRECTION('center_axis',(-0.707106781185961,9.1101539794709E-7,-0.707106781186548));
#2660=DIRECTION('ref_axis',(-0.707106781186841,0.,0.707106781186254));
#2661=DIRECTION('',(1.2883703313075E-6,0.99999999999917,0.));
#2662=DIRECTION('',(-0.391900246327487,0.832362633300635,0.391901318718484));
#2663=DIRECTION('center_axis',(0.450490178429439,0.545030824026132,-0.707106781186553));
#2664=DIRECTION('ref_axis',(-0.8433841616201,0.,-0.537311042068149));
#2665=DIRECTION('center_axis',(-0.641022926884586,-0.767521730772699,0.));
#2666=DIRECTION('ref_axis',(0.767521730772699,-0.641022926884586,0.));
#2667=DIRECTION('',(0.,0.,1.));
#2668=DIRECTION('center_axis',(-0.439152274839255,-0.554206892327675,-0.707106781186553));
#2669=DIRECTION('ref_axis',(-0.849501034472044,0.,0.527586952483595));
#2670=DIRECTION('',(-0.783766903490451,0.621055103024676,0.));
#2671=DIRECTION('',(-0.669084392069885,-0.323497987738622,0.669085292184438));
#2672=DIRECTION('center_axis',(-0.707106781183811,-1.96748962629736E-6,
-0.707106781186547));
#2673=DIRECTION('ref_axis',(-0.707106781187916,0.,0.707106781185179));
#2674=DIRECTION('',(-2.7824505133381E-6,0.999999999996129,0.));
#2675=DIRECTION('',(-0.402254349511694,0.822426116802817,0.402252061150174));
#2676=DIRECTION('center_axis',(0.434102253077351,0.558171330214247,-0.707106781186566));
#2677=DIRECTION('ref_axis',(-0.8522175055586,0.,-0.523187655836296));
#2678=DIRECTION('center_axis',(-0.621055103024676,-0.783766903490451,0.));
#2679=DIRECTION('ref_axis',(0.783766903490451,-0.621055103024676,0.));
#2680=DIRECTION('',(0.,0.,1.));
#2681=DIRECTION('center_axis',(0.447264815584419,-0.547680732489499,-0.707106781186549));
#2682=DIRECTION('ref_axis',(-0.845126598256303,0.,-0.534566210042992));
#2683=DIRECTION('',(-0.774537519737081,-0.632527968171788,0.));
#2684=DIRECTION('',(-0.6703865622293,0.318060052221825,-0.670387694071894));
#2685=DIRECTION('center_axis',(0.70710678118207,-2.51630649530693E-6,-0.707106781186548));
#2686=DIRECTION('ref_axis',(-0.707106781188786,0.,-0.707106781184309));
#2687=DIRECTION('',(0.396364295562744,0.828126214138464,0.396361348594617));
#2688=DIRECTION('center_axis',(-0.443518582353595,0.550718863946996,-0.707106781186539));
#2689=DIRECTION('ref_axis',(-0.847148166162584,0.,0.531356739457938));
#2690=DIRECTION('center_axis',(0.632527968171788,-0.774537519737081,0.));
#2691=DIRECTION('ref_axis',(0.774537519737081,0.632527968171788,0.));
#2692=DIRECTION('',(0.,0.,1.));
#2693=DIRECTION('center_axis',(0.,-0.707106781186555,-0.70710678118654));
#2694=DIRECTION('ref_axis',(-1.,0.,0.));
#2695=DIRECTION('',(-1.,0.,0.));
#2696=DIRECTION('',(-0.577350263463878,0.577350272052499,-0.577350272052499));
#2697=DIRECTION('',(-0.5773502647493,-0.577350271409776,0.577350271409802));
#2698=DIRECTION('center_axis',(0.707106781186547,-1.05188691325373E-8,-0.707106781186548));
#2699=DIRECTION('ref_axis',(-0.707106781186548,0.,-0.707106781186547));
#2700=DIRECTION('',(0.577350274915369,0.577350266326761,0.577350266326748));
#2701=DIRECTION('center_axis',(-0.707106781186547,-8.15741438778376E-9,
-0.707106781186548));
#2702=DIRECTION('ref_axis',(-0.707106781186548,0.,0.707106781186547));
#2703=DIRECTION('',(-1.15363260611012E-8,1.,0.));
#2704=DIRECTION('',(-0.577350273629955,0.577350266969468,0.577350266969455));
#2705=DIRECTION('center_axis',(0.,0.70710678118654,-0.707106781186555));
#2706=DIRECTION('ref_axis',(-1.,0.,0.));
#2707=DIRECTION('center_axis',(0.,-1.,0.));
#2708=DIRECTION('ref_axis',(1.,0.,0.));
#2709=DIRECTION('',(0.,0.,1.));
#2710=DIRECTION('center_axis',(2.18712593588137E-8,0.707106781186547,-0.707106781186548));
#2711=DIRECTION('ref_axis',(-0.999999999999999,0.,-3.09306316114138E-8));
#2712=DIRECTION('',(0.999999999999999,-3.09306316114138E-8,0.));
#2713=DIRECTION('',(-2.18712593588136E-8,-0.707106781186547,-0.707106781186547));
#2714=DIRECTION('',(-0.28108457335342,0.678598362222597,0.678598353528458));
#2715=DIRECTION('center_axis',(-0.499999925300729,0.500000074699268,-0.707106781186542));
#2716=DIRECTION('ref_axis',(-0.816496621588857,0.,0.577350211686099));
#2717=DIRECTION('',(0.70710688682726,0.70710667554582,0.));
#2718=DIRECTION('center_axis',(-0.500000000000005,-0.500000000000006,-0.70710678118654));
#2719=DIRECTION('ref_axis',(-0.81649658092772,0.,0.577350269189634));
#2720=DIRECTION('',(-0.281084638203262,-0.678598344224997,0.678598344664378));
#2721=DIRECTION('',(-0.707106781186548,0.707106781186547,0.));
#2722=DIRECTION('center_axis',(-1.10535869522279E-9,-0.707106781186548,
-0.707106781186548));
#2723=DIRECTION('ref_axis',(-1.,0.,1.56321325807109E-9));
#2724=DIRECTION('',(-1.10535882922241E-9,-0.707106781186548,0.707106781186548));
#2725=DIRECTION('center_axis',(-1.48144149787341E-9,-0.707106781186555,
-0.70710678118654));
#2726=DIRECTION('ref_axis',(-1.,0.,2.09507465815491E-9));
#2727=DIRECTION('',(0.281084644504948,-0.678598343434015,0.678598342845116));
#2728=DIRECTION('center_axis',(0.500000010167558,-0.499999989832448,-0.707106781186543));
#2729=DIRECTION('ref_axis',(-0.816496575393207,0.,-0.577350277016618));
#2730=DIRECTION('center_axis',(0.499999925300728,0.500000074699267,-0.707106781186544));
#2731=DIRECTION('ref_axis',(-0.816496621588858,0.,-0.577350211686097));
#2732=DIRECTION('',(0.281084573353443,0.678598362222585,0.678598353528461));
#2733=DIRECTION('center_axis',(-2.18712593588137E-8,0.707106781186547,-0.707106781186548));
#2734=DIRECTION('ref_axis',(-0.999999999999999,0.,3.09306316114138E-8));
#2735=DIRECTION('',(0.999999999999999,3.09306316114138E-8,0.));
#2736=DIRECTION('center_axis',(-3.09306316114138E-8,1.,0.));
#2737=DIRECTION('ref_axis',(-0.999999999999999,-3.09306316114138E-8,0.));
#2738=DIRECTION('',(0.,0.,1.));
#2739=DIRECTION('center_axis',(3.09306316114138E-8,1.,0.));
#2740=DIRECTION('ref_axis',(-0.999999999999999,3.09306316114138E-8,0.));
#2741=DIRECTION('',(0.,0.,1.));
#2742=DIRECTION('center_axis',(0.641022926884586,-0.767521730772699,0.));
#2743=DIRECTION('ref_axis',(0.767521730772699,0.641022926884586,0.));
#2744=DIRECTION('center_axis',(-0.999999999993668,-3.55859477275057E-6,
0.));
#2745=DIRECTION('ref_axis',(3.55859477275057E-6,-0.999999999993668,0.));
#2746=DIRECTION('center_axis',(-0.99999999999917,1.2883703313075E-6,0.));
#2747=DIRECTION('ref_axis',(-1.2883703313075E-6,-0.99999999999917,0.));
#2748=DIRECTION('center_axis',(-0.999999999996129,-2.7824505133381E-6,0.));
#2749=DIRECTION('ref_axis',(2.7824505133381E-6,-0.999999999996129,0.));
#2750=DIRECTION('center_axis',(-1.,-1.15363260611012E-8,0.));
#2751=DIRECTION('ref_axis',(1.15363260611012E-8,-1.,0.));
#2752=DIRECTION('center_axis',(-0.707106781186547,-0.707106781186548,0.));
#2753=DIRECTION('ref_axis',(0.707106781186548,-0.707106781186547,0.));
#2754=DIRECTION('',(0.,0.,1.));
#2755=DIRECTION('',(0.,0.,1.));
#2756=DIRECTION('center_axis',(-0.70710667554582,0.70710688682726,0.));
#2757=DIRECTION('ref_axis',(-0.70710688682726,-0.70710667554582,0.));
#2758=CARTESIAN_POINT('',(0.,0.,0.));
#2759=CARTESIAN_POINT('Ctrl Pts',(21.33982843861,-54.4100371457551,33.8));
#2760=CARTESIAN_POINT('Ctrl Pts',(21.3022921828944,-54.5960145114568,33.8));
#2761=CARTESIAN_POINT('Ctrl Pts',(21.2647559271789,-54.7819918771585,33.8));
#2762=CARTESIAN_POINT('Ctrl Pts',(21.2272196714633,-54.9679692428601,33.8));
#2763=CARTESIAN_POINT('Ctrl Pts',(20.808968764075,-57.0402377863149,33.8));
#2764=CARTESIAN_POINT('Ctrl Pts',(20.3781648172816,-59.1111093225341,33.8));
#2765=CARTESIAN_POINT('Ctrl Pts',(19.9348058058168,-61.1805889864448,33.8));
#2766=CARTESIAN_POINT('Ctrl Pts',(19.9299516626423,-61.2032468107485,33.8));
#2767=CARTESIAN_POINT('Ctrl Pts',(19.9250975194679,-61.2259046350522,33.8));
#2768=CARTESIAN_POINT('Ctrl Pts',(19.9202433762934,-61.2485624593559,33.8));
#2769=CARTESIAN_POINT('Ctrl Pts',(21.2744795227542,-54.3968476180562,33.7333333333333));
#2770=CARTESIAN_POINT('Ctrl Pts',(21.2369432670386,-54.5828249837579,33.7333333333333));
#2771=CARTESIAN_POINT('Ctrl Pts',(21.1994070113231,-54.7688023494595,33.7333333333333));
#2772=CARTESIAN_POINT('Ctrl Pts',(21.1618707556075,-54.9547797151612,33.7333333333333));
#2773=CARTESIAN_POINT('Ctrl Pts',(20.743672177751,-57.0267889862092,33.7333333333333));
#2774=CARTESIAN_POINT('Ctrl Pts',(20.3129220505396,-59.0974018248243,33.7333333333333));
#2775=CARTESIAN_POINT('Ctrl Pts',(19.869618327013,-61.166623419802,33.7333333333333));
#2776=CARTESIAN_POINT('Ctrl Pts',(19.8647641838386,-61.1892812441057,33.7333333333333));
#2777=CARTESIAN_POINT('Ctrl Pts',(19.8599100406641,-61.2119390684094,33.7333333333333));
#2778=CARTESIAN_POINT('Ctrl Pts',(19.8550558974897,-61.2345968927131,33.7333333333333));
#2779=CARTESIAN_POINT('Ctrl Pts',(21.2091306068984,-54.3836580903573,33.6666666666667));
#2780=CARTESIAN_POINT('Ctrl Pts',(21.1715943511829,-54.5696354560589,33.6666666666667));
#2781=CARTESIAN_POINT('Ctrl Pts',(21.1340580954673,-54.7556128217606,33.6666666666667));
#2782=CARTESIAN_POINT('Ctrl Pts',(21.0965218397518,-54.9415901874623,33.6666666666667));
#2783=CARTESIAN_POINT('Ctrl Pts',(20.6783755915258,-57.0133401861646,33.6666666666667));
#2784=CARTESIAN_POINT('Ctrl Pts',(20.2476792838958,-59.0836943271763,33.6666666666667));
#2785=CARTESIAN_POINT('Ctrl Pts',(19.8044308482093,-61.1526578531592,33.6666666666667));
#2786=CARTESIAN_POINT('Ctrl Pts',(19.7995767050348,-61.1753156774628,33.6666666666667));
#2787=CARTESIAN_POINT('Ctrl Pts',(19.7947225618604,-61.1979735017666,33.6666666666666));
#2788=CARTESIAN_POINT('Ctrl Pts',(19.7898684186859,-61.2206313260702,33.6666666666667));
#2789=CARTESIAN_POINT('Ctrl Pts',(21.1437816910427,-54.3704685626583,33.6));
#2790=CARTESIAN_POINT('Ctrl Pts',(21.1062454353271,-54.55644592836,33.6));
#2791=CARTESIAN_POINT('Ctrl Pts',(21.0687091796116,-54.7424232940617,33.6));
#2792=CARTESIAN_POINT('Ctrl Pts',(21.031172923896,-54.9284006597633,33.6));
#2793=CARTESIAN_POINT('Ctrl Pts',(20.6130790052018,-56.9998913860589,33.6));
#2794=CARTESIAN_POINT('Ctrl Pts',(20.1824365171538,-59.0699868294665,33.6));
#2795=CARTESIAN_POINT('Ctrl Pts',(19.7392433694055,-61.1386922865163,33.6));
#2796=CARTESIAN_POINT('Ctrl Pts',(19.7343892262311,-61.16135011082,33.6));
#2797=CARTESIAN_POINT('Ctrl Pts',(19.7295350830566,-61.1840079351237,33.6));
#2798=CARTESIAN_POINT('Ctrl Pts',(19.7246809398822,-61.2066657594274,33.6));
#2799=CARTESIAN_POINT('',(19.9202433762934,-61.2485624593559,33.8));
#2800=CARTESIAN_POINT('',(21.33982843861,-54.4100371457551,33.8));
#2801=CARTESIAN_POINT('Ctrl Pts',(19.9202433762934,-61.2485624593559,33.8));
#2802=CARTESIAN_POINT('Ctrl Pts',(19.9250975194679,-61.2259046350522,33.8));
#2803=CARTESIAN_POINT('Ctrl Pts',(19.9299516626423,-61.2032468107485,33.8));
#2804=CARTESIAN_POINT('Ctrl Pts',(19.9348058058168,-61.1805889864448,33.8));
#2805=CARTESIAN_POINT('Ctrl Pts',(20.3781648172816,-59.1111093225341,33.8));
#2806=CARTESIAN_POINT('Ctrl Pts',(20.808968764075,-57.0402377863149,33.8));
#2807=CARTESIAN_POINT('Ctrl Pts',(21.2272196714633,-54.9679692428601,33.8));
#2808=CARTESIAN_POINT('Ctrl Pts',(21.2647559271789,-54.7819918771585,33.8));
#2809=CARTESIAN_POINT('Ctrl Pts',(21.3022921828944,-54.5960145114568,33.8));
#2810=CARTESIAN_POINT('Ctrl Pts',(21.33982843861,-54.4100371457551,33.8));
#2811=CARTESIAN_POINT('',(21.031172923896,-54.9284006597633,33.6));
#2812=CARTESIAN_POINT('Ctrl Pts',(21.3398284386099,-54.4100371457551,33.8));
#2813=CARTESIAN_POINT('Ctrl Pts',(21.2883858528243,-54.4964310647565,33.7666666666667));
#2814=CARTESIAN_POINT('Ctrl Pts',(21.2369432670386,-54.5828249837579,33.7333333333333));
#2815=CARTESIAN_POINT('Ctrl Pts',(21.185500681253,-54.6692189027592,33.7));
#2816=CARTESIAN_POINT('Ctrl Pts',(21.1847936823064,-54.670406253838,33.699541884779));
#2817=CARTESIAN_POINT('Ctrl Pts',(21.1840829065484,-54.6715999477848,33.6990813222917));
#2818=CARTESIAN_POINT('Ctrl Pts',(21.1833646384905,-54.6728062244808,33.698615905007));
#2819=CARTESIAN_POINT('Ctrl Pts',(21.1318203588279,-54.7593709306314,33.665216676932));
#2820=CARTESIAN_POINT('Ctrl Pts',(21.0480847861757,-54.8999984704558,33.6109584060374));
#2821=CARTESIAN_POINT('Ctrl Pts',(21.031172923896,-54.9284006597633,33.6));
#2822=CARTESIAN_POINT('',(19.7392433694055,-61.1386922865163,33.6));
#2823=CARTESIAN_POINT('Ctrl Pts',(21.031172923896,-54.9284006597633,33.6));
#2824=CARTESIAN_POINT('Ctrl Pts',(20.6130790052018,-56.9998913860589,33.6));
#2825=CARTESIAN_POINT('Ctrl Pts',(20.1824365171538,-59.0699868294665,33.6));
#2826=CARTESIAN_POINT('Ctrl Pts',(19.7392433694055,-61.1386922865163,33.6));
#2827=CARTESIAN_POINT('Ctrl Pts',(19.9202433762934,-61.2485624593559,33.8));
#2828=CARTESIAN_POINT('Ctrl Pts',(19.8900774215744,-61.2302511967442,33.7666674546176));
#2829=CARTESIAN_POINT('Ctrl Pts',(19.8599114668554,-61.2119399341324,33.7333349092352));
#2830=CARTESIAN_POINT('Ctrl Pts',(19.7995781312261,-61.1753165431859,33.6666682425686));
#2831=CARTESIAN_POINT('Ctrl Pts',(19.7694107503158,-61.1570044148511,33.6333341212843));
#2832=CARTESIAN_POINT('Ctrl Pts',(19.7392433694055,-61.1386922865163,33.6));
#2833=CARTESIAN_POINT('Origin',(10.7942911064718,-63.3478051999725,33.7));
#2834=CARTESIAN_POINT('',(4.30010278022944,-68.6413668617867,33.8));
#2835=CARTESIAN_POINT('',(10.7301888137834,-63.2710530268952,33.8));
#2836=CARTESIAN_POINT('',(4.50010290074604,-68.7349086267825,33.6));
#2837=CARTESIAN_POINT('',(4.30010278022944,-68.6413668617867,33.8));
#2838=CARTESIAN_POINT('',(10.8583933991603,-63.4245573730498,33.6));
#2839=CARTESIAN_POINT('Origin',(4.40008600031243,-55.6172256813115,33.7));
#2840=CARTESIAN_POINT('',(4.3001098892923,-74.159239088011,33.8));
#2841=CARTESIAN_POINT('',(4.30008600031252,-55.6172258101486,33.8));
#2842=CARTESIAN_POINT('',(4.50010934201627,-73.7344573414108,33.6));
#2843=CARTESIAN_POINT('',(4.3001098892923,-74.159239088011,33.8));
#2844=CARTESIAN_POINT('',(4.50008600031235,-55.6172255524745,33.6));
#2845=CARTESIAN_POINT('Origin',(19.7432729655367,-61.265098687038,33.7));
#2846=CARTESIAN_POINT('',(19.6795640335317,-61.1880196887131,33.6));
#2847=CARTESIAN_POINT('',(19.8069818975418,-61.3421776853629,33.8));
#2848=CARTESIAN_POINT('Origin',(19.7392433694055,-61.1386922865163,32.));
#2849=CARTESIAN_POINT('',(19.7392433694055,-61.1386922865163,32.2));
#2850=CARTESIAN_POINT('',(19.7392433694055,-61.1386922865163,32.));
#2851=CARTESIAN_POINT('',(4.50010934201627,-73.7344573414108,32.2));
#2852=CARTESIAN_POINT('',(19.6795640335317,-61.1880196887131,32.2));
#2853=CARTESIAN_POINT('',(4.50010934201627,-73.7344573414108,32.));
#2854=CARTESIAN_POINT('Ctrl Pts',(21.031172923896,-54.9284006597633,32.));
#2855=CARTESIAN_POINT('Ctrl Pts',(21.031172923896,-54.9284006597633,33.8));
#2856=CARTESIAN_POINT('Ctrl Pts',(20.6130790052018,-56.9998913860589,32.));
#2857=CARTESIAN_POINT('Ctrl Pts',(20.6130790052018,-56.9998913860589,33.8));
#2858=CARTESIAN_POINT('Ctrl Pts',(20.1824365171538,-59.0699868294665,32.));
#2859=CARTESIAN_POINT('Ctrl Pts',(20.1824365171538,-59.0699868294665,33.8));
#2860=CARTESIAN_POINT('Ctrl Pts',(19.7392433694055,-61.1386922865163,32.));
#2861=CARTESIAN_POINT('Ctrl Pts',(19.7392433694055,-61.1386922865163,33.8));
#2862=CARTESIAN_POINT('',(21.031172923896,-54.9284006597633,32.2));
#2863=CARTESIAN_POINT('',(21.031172923896,-54.9284006597633,32.));
#2864=CARTESIAN_POINT('Ctrl Pts',(19.7392433694055,-61.1386922865163,32.2));
#2865=CARTESIAN_POINT('Ctrl Pts',(20.1824365171538,-59.0699868294672,32.1999999999999));
#2866=CARTESIAN_POINT('Ctrl Pts',(20.6130790052019,-56.9998913860589,32.2));
#2867=CARTESIAN_POINT('Ctrl Pts',(21.031172923896,-54.9284006597633,32.2));
#2868=CARTESIAN_POINT('Origin',(0.,-37.4999995612853,33.8));
#2869=CARTESIAN_POINT('',(3.12639358845956E-10,-114.399999953209,33.8));
#2870=CARTESIAN_POINT('',(-5.7514718437559,-114.399999944219,33.8));
#2871=CARTESIAN_POINT('',(-2.91715733812923,-114.399999948649,33.8));
#2872=CARTESIAN_POINT('',(5.75147184167654,-114.399999943915,33.8));
#2873=CARTESIAN_POINT('',(-8.03461118618991E-8,-114.399999931866,33.8));
#2874=CARTESIAN_POINT('',(13.5377439212725,-106.61372754765,33.8));
#2875=CARTESIAN_POINT('',(23.5093147131785,-96.6421563501981,33.8));
#2876=CARTESIAN_POINT('',(36.3842476339465,27.7672292729302,33.8));
#2877=CARTESIAN_POINT('Ctrl Pts',(36.3842476445515,27.7672292725965,33.8));
#2878=CARTESIAN_POINT('Ctrl Pts',(36.3033222655401,25.201146384235,33.8));
#2879=CARTESIAN_POINT('Ctrl Pts',(36.1950094486432,22.6426771321368,33.8));
#2880=CARTESIAN_POINT('Ctrl Pts',(36.0533946785845,20.0885776556314,33.8));
#2881=CARTESIAN_POINT('Ctrl Pts',(33.6791844557085,-22.7315962912518,33.8));
#2882=CARTESIAN_POINT('Ctrl Pts',(26.1752392654216,-64.9623770272353,33.8));
#2883=CARTESIAN_POINT('Ctrl Pts',(13.537743921304,-106.613727547669,33.8));
#2884=CARTESIAN_POINT('',(24.7514726029618,39.4000008280762,33.8));
#2885=CARTESIAN_POINT('',(43.6355898264087,20.5158892471475,33.8));
#2886=CARTESIAN_POINT('',(-3.35061756118193E-9,39.4000000624975,33.8));
#2887=CARTESIAN_POINT('',(12.4171564614957,39.400000446568,33.8));
#2888=CARTESIAN_POINT('',(-24.7514726029618,39.4000008280762,33.8));
#2889=CARTESIAN_POINT('',(1.18142134558908E-6,39.4000000624975,33.8));
#2890=CARTESIAN_POINT('',(-36.3842476339465,27.7672292729302,33.8));
#2891=CARTESIAN_POINT('',(-37.7593133792939,26.3921639384483,33.8));
#2892=CARTESIAN_POINT('',(-13.5377437823038,-106.613728005671,33.8));
#2893=CARTESIAN_POINT('Ctrl Pts',(-13.5377437838299,-106.613728006134,33.8));
#2894=CARTESIAN_POINT('Ctrl Pts',(-26.1797553537941,-64.9475022494533,33.8));
#2895=CARTESIAN_POINT('Ctrl Pts',(-33.6791841218156,-22.7316023131917,33.8));
#2896=CARTESIAN_POINT('Ctrl Pts',(-36.0533946785845,20.0885776556314,33.8));
#2897=CARTESIAN_POINT('Ctrl Pts',(-36.1950094486432,22.6426771321368,33.8));
#2898=CARTESIAN_POINT('Ctrl Pts',(-36.3033222655401,25.2011463842349,33.8));
#2899=CARTESIAN_POINT('Ctrl Pts',(-36.3842476445514,27.7672292725965,33.8));
#2900=CARTESIAN_POINT('',(-27.4494482912167,-92.7020234967577,33.8));
#2901=CARTESIAN_POINT('',(4.29995913555705,-94.1434888944324,33.8));
#2902=CARTESIAN_POINT('',(13.7972243902459,-86.757254557475,33.8));
#2903=CARTESIAN_POINT('',(21.4072277043257,-80.8387857903669,33.8));
#2904=CARTESIAN_POINT('',(4.29997445462106,-88.6378872899211,33.8));
#2905=CARTESIAN_POINT('',(4.30003850828124,-65.617294518081,33.8));
#2906=CARTESIAN_POINT('',(15.6339322994606,-79.6568849974584,33.8));
#2907=CARTESIAN_POINT('',(15.4631533297024,-79.792209862779,33.8));
#2908=CARTESIAN_POINT('Ctrl Pts',(13.7972243902459,-86.757254557475,33.8));
#2909=CARTESIAN_POINT('Ctrl Pts',(13.8029936909509,-86.7355419234269,33.8));
#2910=CARTESIAN_POINT('Ctrl Pts',(13.8087629916559,-86.7138292893787,33.8));
#2911=CARTESIAN_POINT('Ctrl Pts',(13.8145322923609,-86.6921166553306,33.8));
#2912=CARTESIAN_POINT('Ctrl Pts',(14.3865523712231,-84.5393318941382,33.8));
#2913=CARTESIAN_POINT('Ctrl Pts',(14.9448264794575,-82.3850474359914,33.8));
#2914=CARTESIAN_POINT('Ctrl Pts',(15.4893569112857,-80.2292573851323,33.8));
#2915=CARTESIAN_POINT('Ctrl Pts',(15.537548707344,-80.038466589241,33.8));
#2916=CARTESIAN_POINT('Ctrl Pts',(15.5857405034023,-79.8476757933497,33.8));
#2917=CARTESIAN_POINT('Ctrl Pts',(15.6339322994606,-79.6568849974584,33.8));
#2918=CARTESIAN_POINT('',(-2.97518176761713E-9,-112.8,33.8));
#2919=CARTESIAN_POINT('',(3.70000007437964,-112.800000055041,33.8));
#2920=CARTESIAN_POINT('',(1.74999947413596,-112.800000026033,33.8));
#2921=CARTESIAN_POINT('',(-3.70000000297518,-112.800000055041,33.8));
#2922=CARTESIAN_POINT('',(5.61566278767919E-7,-112.8,33.8));
#2923=CARTESIAN_POINT('',(-3.69999981851368,-100.400000052066,33.8));
#2924=CARTESIAN_POINT('',(-3.69999944140892,-75.0499997776675,33.8));
#2925=CARTESIAN_POINT('',(3.69999988991814,-100.400000052066,33.8));
#2926=CARTESIAN_POINT('',(-1.74999991074443,-100.400000052066,33.8));
#2927=CARTESIAN_POINT('',(3.69999942355782,-69.0499997776675,33.8));
#2928=CARTESIAN_POINT('',(-13.7972243902459,-86.757254557475,33.8));
#2929=CARTESIAN_POINT('',(-4.29995913555706,-94.1434888944324,33.8));
#2930=CARTESIAN_POINT('',(-16.8465881283606,-84.3856965832238,33.8));
#2931=CARTESIAN_POINT('',(-15.6339322994606,-79.6568849974584,33.8));
#2932=CARTESIAN_POINT('Ctrl Pts',(-15.6339322994606,-79.6568849974584,33.8));
#2933=CARTESIAN_POINT('Ctrl Pts',(-15.5857405034023,-79.8476757933497,33.8));
#2934=CARTESIAN_POINT('Ctrl Pts',(-15.537548707344,-80.038466589241,33.8));
#2935=CARTESIAN_POINT('Ctrl Pts',(-15.4893569112857,-80.2292573851323,33.8));
#2936=CARTESIAN_POINT('Ctrl Pts',(-14.9448264794575,-82.3850474359914,33.8));
#2937=CARTESIAN_POINT('Ctrl Pts',(-14.3865523712231,-84.5393318941382,33.8));
#2938=CARTESIAN_POINT('Ctrl Pts',(-13.8145322923609,-86.6921166553306,33.8));
#2939=CARTESIAN_POINT('Ctrl Pts',(-13.8087629916559,-86.7138292893787,33.8));
#2940=CARTESIAN_POINT('Ctrl Pts',(-13.8029936909509,-86.7355419234269,33.8));
#2941=CARTESIAN_POINT('Ctrl Pts',(-13.7972243902459,-86.757254557475,33.8));
#2942=CARTESIAN_POINT('',(-4.29997445462107,-88.6378872899211,33.8));
#2943=CARTESIAN_POINT('',(-20.8608898097119,-75.5150558125593,33.8));
#2944=CARTESIAN_POINT('',(-4.30004546439667,-63.1172984197104,33.8));
#2945=CARTESIAN_POINT('',(-3.70000009589787,25.4,33.8));
#2946=CARTESIAN_POINT('',(3.69999999592856,25.4,33.8));
#2947=CARTESIAN_POINT('',(1.74999999681065,25.4,33.8));
#2948=CARTESIAN_POINT('',(-3.69999991143637,37.8,33.8));
#2949=CARTESIAN_POINT('',(-3.70000056225819,-5.94999975163462,33.8));
#2950=CARTESIAN_POINT('',(3.69999985287812,37.8,33.8));
#2951=CARTESIAN_POINT('',(-1.74999995720578,37.8,33.8));
#2952=CARTESIAN_POINT('',(3.70000028837442,0.0500002418531536,33.8));
#2953=CARTESIAN_POINT('',(4.29994424940521,-84.1524545344535,33.8));
#2954=CARTESIAN_POINT('',(17.0516294178643,-73.882950984129,33.8));
#2955=CARTESIAN_POINT('',(20.7401290882539,-70.9124368944204,33.8));
#2956=CARTESIAN_POINT('',(4.29996386739438,-78.6396073541606,33.8));
#2957=CARTESIAN_POINT('',(4.30002800147525,-60.6173022116653,33.8));
#2958=CARTESIAN_POINT('',(18.6774625432134,-66.8981877417248,33.8));
#2959=CARTESIAN_POINT('',(13.1244080305999,-71.4331033507232,33.8));
#2960=CARTESIAN_POINT('Ctrl Pts',(17.0516294178643,-73.882950984129,33.8));
#2961=CARTESIAN_POINT('Ctrl Pts',(17.056929912677,-73.8608309913699,33.8));
#2962=CARTESIAN_POINT('Ctrl Pts',(17.0622304074897,-73.8387109986108,33.8));
#2963=CARTESIAN_POINT('Ctrl Pts',(17.0675309023025,-73.8165910058517,33.8));
#2964=CARTESIAN_POINT('Ctrl Pts',(17.5745215907784,-71.7008205439815,33.8));
#2965=CARTESIAN_POINT('Ctrl Pts',(18.0683129627108,-69.5835982769176,33.8));
#2966=CARTESIAN_POINT('Ctrl Pts',(18.5489071886275,-67.4649186639977,33.8));
#2967=CARTESIAN_POINT('Ctrl Pts',(18.5917589734895,-67.2760083565734,33.8));
#2968=CARTESIAN_POINT('Ctrl Pts',(18.6346107583514,-67.087098049149,33.8));
#2969=CARTESIAN_POINT('Ctrl Pts',(18.6774625432134,-66.8981877417247,33.8));
#2970=CARTESIAN_POINT('',(-19.9202433762934,-61.2485624593559,33.8));
#2971=CARTESIAN_POINT('',(-4.30010988929231,-74.159239088011,33.8));
#2972=CARTESIAN_POINT('',(-12.1874148838472,-67.6400602128102,33.8));
#2973=CARTESIAN_POINT('',(-21.33982843861,-54.4100371457551,33.8));
#2974=CARTESIAN_POINT('Ctrl Pts',(-21.33982843861,-54.4100371457551,33.8));
#2975=CARTESIAN_POINT('Ctrl Pts',(-21.3022921828944,-54.5960145114568,33.8));
#2976=CARTESIAN_POINT('Ctrl Pts',(-21.2647559271788,-54.7819918771585,33.8));
#2977=CARTESIAN_POINT('Ctrl Pts',(-21.2272196714633,-54.9679692428601,33.8));
#2978=CARTESIAN_POINT('Ctrl Pts',(-20.808968764075,-57.0402377863149,33.8));
#2979=CARTESIAN_POINT('Ctrl Pts',(-20.3781648172816,-59.1111093225341,33.8));
#2980=CARTESIAN_POINT('Ctrl Pts',(-19.9348058058168,-61.1805889864448,33.8));
#2981=CARTESIAN_POINT('Ctrl Pts',(-19.9299516626423,-61.2032468107485,33.8));
#2982=CARTESIAN_POINT('Ctrl Pts',(-19.9250975194679,-61.2259046350522,33.8));
#2983=CARTESIAN_POINT('Ctrl Pts',(-19.9202433762934,-61.248562459356,33.8));
#2984=CARTESIAN_POINT('',(-4.30010278022943,-68.6413668617867,33.8));
#2985=CARTESIAN_POINT('',(-18.9957238253584,-56.3677990433856,33.8));
#2986=CARTESIAN_POINT('',(-4.3000827796774,-53.1174514528344,33.8));
#2987=CARTESIAN_POINT('',(-17.0516294178643,-73.882950984129,33.8));
#2988=CARTESIAN_POINT('',(-4.29994424940522,-84.1524545344535,33.8));
#2989=CARTESIAN_POINT('',(-14.5535835133735,-75.89473930435,33.8));
#2990=CARTESIAN_POINT('',(-18.6774625432134,-66.8981877417248,33.8));
#2991=CARTESIAN_POINT('Ctrl Pts',(-18.6774625432134,-66.8981877417248,33.8));
#2992=CARTESIAN_POINT('Ctrl Pts',(-18.6346107583514,-67.0870980491491,33.8));
#2993=CARTESIAN_POINT('Ctrl Pts',(-18.5917589734895,-67.2760083565734,33.8));
#2994=CARTESIAN_POINT('Ctrl Pts',(-18.5489071886275,-67.4649186639977,33.8));
#2995=CARTESIAN_POINT('Ctrl Pts',(-18.0683129627108,-69.5835982769176,33.8));
#2996=CARTESIAN_POINT('Ctrl Pts',(-17.5745215907784,-71.7008205439815,33.8));
#2997=CARTESIAN_POINT('Ctrl Pts',(-17.0675309023025,-73.8165910058517,33.8));
#2998=CARTESIAN_POINT('Ctrl Pts',(-17.0622304074897,-73.8387109986108,33.8));
#2999=CARTESIAN_POINT('Ctrl Pts',(-17.056929912677,-73.8608309913699,33.8));
#3000=CARTESIAN_POINT('Ctrl Pts',(-17.0516294178643,-73.882950984129,33.8));
#3001=CARTESIAN_POINT('',(-4.29996386739438,-78.6396073541606,33.8));
#3002=CARTESIAN_POINT('',(-20.0513573926719,-65.7761931378937,33.8));
#3003=CARTESIAN_POINT('',(-4.30003689813037,-58.1172549491409,33.8));
#3004=CARTESIAN_POINT('Origin',(21.3458363749498,-80.7598484438353,33.7));
#3005=CARTESIAN_POINT('',(13.6212394252622,-86.6407564807909,33.6));
#3006=CARTESIAN_POINT('Ctrl Pts',(13.7972243902459,-86.7572545574749,33.8));
#3007=CARTESIAN_POINT('Ctrl Pts',(13.7678941636657,-86.7378386091544,33.7666673495853));
#3008=CARTESIAN_POINT('Ctrl Pts',(13.7385639370855,-86.7184226608339,33.7333346991707));
#3009=CARTESIAN_POINT('Ctrl Pts',(13.679902282091,-86.6795899686059,33.666668032504));
#3010=CARTESIAN_POINT('Ctrl Pts',(13.6505708536766,-86.6601732246984,33.633334016252));
#3011=CARTESIAN_POINT('Ctrl Pts',(13.6212394252622,-86.6407564807909,33.6));
#3012=CARTESIAN_POINT('',(4.49996027333197,-93.7345780665046,33.6));
#3013=CARTESIAN_POINT('',(21.284445045574,-80.6809110973036,33.6));
#3014=CARTESIAN_POINT('',(4.29995913555705,-94.1434888944324,33.8));
#3015=CARTESIAN_POINT('Ctrl Pts',(15.6339322994606,-79.6568849974584,33.8));
#3016=CARTESIAN_POINT('Ctrl Pts',(15.5857405034023,-79.8476757933497,33.8));
#3017=CARTESIAN_POINT('Ctrl Pts',(15.537548707344,-80.038466589241,33.8));
#3018=CARTESIAN_POINT('Ctrl Pts',(15.4893569112857,-80.2292573851323,33.8));
#3019=CARTESIAN_POINT('Ctrl Pts',(14.9448264794575,-82.3850474359914,33.8));
#3020=CARTESIAN_POINT('Ctrl Pts',(14.3865523712231,-84.5393318941382,33.8));
#3021=CARTESIAN_POINT('Ctrl Pts',(13.8145322923609,-86.6921166553306,33.8));
#3022=CARTESIAN_POINT('Ctrl Pts',(13.8087629916559,-86.7138292893787,33.8));
#3023=CARTESIAN_POINT('Ctrl Pts',(13.8029936909509,-86.7355419234269,33.8));
#3024=CARTESIAN_POINT('Ctrl Pts',(13.7972243902459,-86.757254557475,33.8));
#3025=CARTESIAN_POINT('Ctrl Pts',(15.5692957108927,-79.6405584588556,33.7333333333333));
#3026=CARTESIAN_POINT('Ctrl Pts',(15.5211039148343,-79.831349254747,33.7333333333333));
#3027=CARTESIAN_POINT('Ctrl Pts',(15.472912118776,-80.0221400506382,33.7333333333333));
#3028=CARTESIAN_POINT('Ctrl Pts',(15.4247203227177,-80.2129308465295,33.7333333333333));
#3029=CARTESIAN_POINT('Ctrl Pts',(14.8802569244737,-82.3684555119978,33.7333333333333));
#3030=CARTESIAN_POINT('Ctrl Pts',(14.322051371431,-84.522475445178,33.7333333333333));
#3031=CARTESIAN_POINT('Ctrl Pts',(13.7501013366614,-86.6749965971507,33.7333333333333));
#3032=CARTESIAN_POINT('Ctrl Pts',(13.7443320359564,-86.6967092311988,33.7333333333333));
#3033=CARTESIAN_POINT('Ctrl Pts',(13.7385627352513,-86.718421865247,33.7333333333333));
#3034=CARTESIAN_POINT('Ctrl Pts',(13.7327934345463,-86.7401344992951,33.7333333333333));
#3035=CARTESIAN_POINT('Ctrl Pts',(15.5046591223247,-79.6242319202529,33.6666666666667));
#3036=CARTESIAN_POINT('Ctrl Pts',(15.4564673262664,-79.8150227161442,33.6666666666667));
#3037=CARTESIAN_POINT('Ctrl Pts',(15.4082755302081,-80.0058135120355,33.6666666666667));
#3038=CARTESIAN_POINT('Ctrl Pts',(15.3600837341498,-80.1966043079268,33.6666666666667));
#3039=CARTESIAN_POINT('Ctrl Pts',(14.8156873695873,-82.3518635881026,33.6666666666667));
#3040=CARTESIAN_POINT('Ctrl Pts',(14.2575503717356,-84.505618996317,33.6666666666667));
#3041=CARTESIAN_POINT('Ctrl Pts',(13.6856703809618,-86.6578765389708,33.6666666666667));
#3042=CARTESIAN_POINT('Ctrl Pts',(13.6799010802568,-86.679589173019,33.6666666666667));
#3043=CARTESIAN_POINT('Ctrl Pts',(13.6741317795517,-86.701301807067,33.6666666666667));
#3044=CARTESIAN_POINT('Ctrl Pts',(13.6683624788467,-86.7230144411152,33.6666666666667));
#3045=CARTESIAN_POINT('Ctrl Pts',(15.4400225337568,-79.6079053816501,33.6));
#3046=CARTESIAN_POINT('Ctrl Pts',(15.3918307376985,-79.7986961775414,33.6));
#3047=CARTESIAN_POINT('Ctrl Pts',(15.3436389416402,-79.9894869734327,33.6));
#3048=CARTESIAN_POINT('Ctrl Pts',(15.2954471455819,-80.1802777693241,33.6));
#3049=CARTESIAN_POINT('Ctrl Pts',(14.7511178146034,-82.335271664109,33.6));
#3050=CARTESIAN_POINT('Ctrl Pts',(14.1930493719435,-84.4887625473568,33.6));
#3051=CARTESIAN_POINT('Ctrl Pts',(13.6212394252622,-86.6407564807909,33.6));
#3052=CARTESIAN_POINT('Ctrl Pts',(13.6154701245572,-86.662469114839,33.6));
#3053=CARTESIAN_POINT('Ctrl Pts',(13.6097008238522,-86.6841817488871,33.6));
#3054=CARTESIAN_POINT('Ctrl Pts',(13.6039315231471,-86.7058943829353,33.6));
#3055=CARTESIAN_POINT('',(15.2954471455819,-80.1802777693241,33.6));
#3056=CARTESIAN_POINT('Ctrl Pts',(15.6339322994606,-79.6568849974584,33.8));
#3057=CARTESIAN_POINT('Ctrl Pts',(15.5211039148343,-79.831349254747,33.7333333333333));
#3058=CARTESIAN_POINT('Ctrl Pts',(15.4082755302081,-80.0058135120355,33.6666666666667));
#3059=CARTESIAN_POINT('Ctrl Pts',(15.2954471455819,-80.180277769324,33.6));
#3060=CARTESIAN_POINT('Ctrl Pts',(15.2954471455819,-80.1802777693241,33.6));
#3061=CARTESIAN_POINT('Ctrl Pts',(14.7511178146034,-82.335271664109,33.6));
#3062=CARTESIAN_POINT('Ctrl Pts',(14.1930493719435,-84.4887625473568,33.6));
#3063=CARTESIAN_POINT('Ctrl Pts',(13.6212394252622,-86.6407564807909,33.6));
#3064=CARTESIAN_POINT('Origin',(15.5252588400049,-79.8705865531281,33.7));
#3065=CARTESIAN_POINT('',(4.49997418556282,-88.7345858697636,33.6));
#3066=CARTESIAN_POINT('',(4.29997445462106,-88.6378872899211,33.8));
#3067=CARTESIAN_POINT('',(15.5873643503073,-79.9489632434771,33.6));
#3068=CARTESIAN_POINT('Origin',(4.40003850828085,-65.617294796326,33.7));
#3069=CARTESIAN_POINT('',(4.50003850828046,-65.617295074571,33.6));
#3070=CARTESIAN_POINT('Origin',(4.49996027333197,-93.7345780665046,32.));
#3071=CARTESIAN_POINT('',(4.49996027333197,-93.7345780665046,32.2));
#3072=CARTESIAN_POINT('',(4.49996027333197,-93.7345780665046,32.));
#3073=CARTESIAN_POINT('',(4.49997418556282,-88.7345858697636,32.2));
#3074=CARTESIAN_POINT('',(4.50003850828046,-65.617295074571,32.2));
#3075=CARTESIAN_POINT('',(4.49997418556282,-88.7345858697636,32.));
#3076=CARTESIAN_POINT('Origin',(13.6212394252622,-86.6407564807909,32.));
#3077=CARTESIAN_POINT('',(13.6212394252622,-86.6407564807909,32.2));
#3078=CARTESIAN_POINT('',(13.6212394252622,-86.6407564807909,32.));
#3079=CARTESIAN_POINT('',(21.284445045574,-80.6809110973036,32.2));
#3080=CARTESIAN_POINT('Origin',(-14.4908605139407,-75.8168558957052,33.7));
#3081=CARTESIAN_POINT('',(-4.49994573641607,-83.7345902714143,33.6));
#3082=CARTESIAN_POINT('',(-4.29994424940522,-84.1524545344535,33.8));
#3083=CARTESIAN_POINT('',(-16.8730368861768,-73.769985451555,33.6));
#3084=CARTESIAN_POINT('',(-14.4281375145078,-75.7389724870603,33.6));
#3085=CARTESIAN_POINT('Ctrl Pts',(-17.0516294178643,-73.882950984129,33.8));
#3086=CARTESIAN_POINT('Ctrl Pts',(-17.0218633463413,-73.8641229844894,33.7666659392285));
#3087=CARTESIAN_POINT('Ctrl Pts',(-16.9920972748182,-73.8452949848499,33.733331878457));
#3088=CARTESIAN_POINT('Ctrl Pts',(-16.9623312032951,-73.8264669852103,33.6999978176854));
#3089=CARTESIAN_POINT('Ctrl Pts',(-16.9325664309223,-73.8076398073252,33.6666652117903));
#3090=CARTESIAN_POINT('Ctrl Pts',(-16.9028016585496,-73.7888126294401,33.6333326058951));
#3091=CARTESIAN_POINT('Ctrl Pts',(-16.8730368861768,-73.769985451555,33.6));
#3092=CARTESIAN_POINT('Origin',(-4.40003689812974,-58.1172553050003,33.7));
#3093=CARTESIAN_POINT('',(-4.49996352972631,-78.7344957463654,33.6));
#3094=CARTESIAN_POINT('',(-4.29996386739438,-78.6396073541606,33.8));
#3095=CARTESIAN_POINT('',(-4.50003689812911,-58.1172556608598,33.6));
#3096=CARTESIAN_POINT('Origin',(-20.1146101894891,-65.8536468898674,33.7));
#3097=CARTESIAN_POINT('',(-18.3538622538704,-67.4206753207065,33.6));
#3098=CARTESIAN_POINT('Ctrl Pts',(-18.6774625432134,-66.8981877417248,33.8));
#3099=CARTESIAN_POINT('Ctrl Pts',(-18.6236146377967,-66.985130994438,33.7667194948892));
#3100=CARTESIAN_POINT('Ctrl Pts',(-18.5697667323799,-67.0720742471512,33.7334389897783));
#3101=CARTESIAN_POINT('Ctrl Pts',(-18.4618999692656,-67.2462367734785,33.6667723231117));
#3102=CARTESIAN_POINT('Ctrl Pts',(-18.407881111568,-67.3334560470925,33.6333861615558));
#3103=CARTESIAN_POINT('Ctrl Pts',(-18.3538622538704,-67.4206753207065,33.6));
#3104=CARTESIAN_POINT('',(-20.1778629863063,-65.9311006418411,33.6));
#3105=CARTESIAN_POINT('Ctrl Pts',(-17.0516294178643,-73.882950984129,33.8));
#3106=CARTESIAN_POINT('Ctrl Pts',(-17.056929912677,-73.8608309913699,33.8));
#3107=CARTESIAN_POINT('Ctrl Pts',(-17.0622304074897,-73.8387109986108,33.8));
#3108=CARTESIAN_POINT('Ctrl Pts',(-17.0675309023025,-73.8165910058517,33.8));
#3109=CARTESIAN_POINT('Ctrl Pts',(-17.5745215907784,-71.7008205439815,33.8));
#3110=CARTESIAN_POINT('Ctrl Pts',(-18.0683129627108,-69.5835982769176,33.8));
#3111=CARTESIAN_POINT('Ctrl Pts',(-18.5489071886275,-67.4649186639977,33.8));
#3112=CARTESIAN_POINT('Ctrl Pts',(-18.5917589734895,-67.2760083565734,33.8));
#3113=CARTESIAN_POINT('Ctrl Pts',(-18.6346107583514,-67.0870980491491,33.8));
#3114=CARTESIAN_POINT('Ctrl Pts',(-18.6774625432134,-66.8981877417248,33.8));
#3115=CARTESIAN_POINT('Ctrl Pts',(-16.9867980791558,-73.8674157993634,33.7333333333333));
#3116=CARTESIAN_POINT('Ctrl Pts',(-16.9920985739685,-73.8452958066043,33.7333333333333));
#3117=CARTESIAN_POINT('Ctrl Pts',(-16.9973990687812,-73.8231758138452,33.7333333333333));
#3118=CARTESIAN_POINT('Ctrl Pts',(-17.0026995635939,-73.8010558210862,33.7333333333333));
#3119=CARTESIAN_POINT('Ctrl Pts',(-17.5096275388615,-71.685547073431,33.7333333333333));
#3120=CARTESIAN_POINT('Ctrl Pts',(-18.0033576885395,-69.5685872926937,33.7333333333333));
#3121=CARTESIAN_POINT('Ctrl Pts',(-18.4838922103751,-67.4501708829007,33.7333333333333));
#3122=CARTESIAN_POINT('Ctrl Pts',(-18.5267439952371,-67.2612605754763,33.7333333333333));
#3123=CARTESIAN_POINT('Ctrl Pts',(-18.5695957800991,-67.072350268052,33.7333333333333));
#3124=CARTESIAN_POINT('Ctrl Pts',(-18.612447564961,-66.8834399606277,33.7333333333333));
#3125=CARTESIAN_POINT('Ctrl Pts',(-16.9219667404472,-73.8518806145978,33.6666666666667));
#3126=CARTESIAN_POINT('Ctrl Pts',(-16.9272672352599,-73.8297606218388,33.6666666666667));
#3127=CARTESIAN_POINT('Ctrl Pts',(-16.9325677300726,-73.8076406290797,33.6666666666667));
#3128=CARTESIAN_POINT('Ctrl Pts',(-16.9378682248853,-73.7855206363206,33.6666666666667));
#3129=CARTESIAN_POINT('Ctrl Pts',(-17.444733487044,-71.6702736029611,33.6666666666667));
#3130=CARTESIAN_POINT('Ctrl Pts',(-17.9384024144685,-69.5535763085494,33.6666666666667));
#3131=CARTESIAN_POINT('Ctrl Pts',(-18.4188772321227,-67.4354231018036,33.6666666666667));
#3132=CARTESIAN_POINT('Ctrl Pts',(-18.4617290169847,-67.2465127943793,33.6666666666667));
#3133=CARTESIAN_POINT('Ctrl Pts',(-18.5045808018467,-67.0576024869549,33.6666666666667));
#3134=CARTESIAN_POINT('Ctrl Pts',(-18.5474325867086,-66.8686921795306,33.6666666666667));
#3135=CARTESIAN_POINT('Ctrl Pts',(-16.8571354017387,-73.8363454298323,33.6));
#3136=CARTESIAN_POINT('Ctrl Pts',(-16.8624358965514,-73.8142254370732,33.6));
#3137=CARTESIAN_POINT('Ctrl Pts',(-16.8677363913641,-73.7921054443141,33.6));
#3138=CARTESIAN_POINT('Ctrl Pts',(-16.8730368861768,-73.769985451555,33.6));
#3139=CARTESIAN_POINT('Ctrl Pts',(-17.3798394351271,-71.6550001324106,33.6));
#3140=CARTESIAN_POINT('Ctrl Pts',(-17.8734471402972,-69.5385653243255,33.6));
#3141=CARTESIAN_POINT('Ctrl Pts',(-18.3538622538704,-67.4206753207065,33.6));
#3142=CARTESIAN_POINT('Ctrl Pts',(-18.3967140387323,-67.2317650132822,33.6));
#3143=CARTESIAN_POINT('Ctrl Pts',(-18.4395658235943,-67.0428547058578,33.6));
#3144=CARTESIAN_POINT('Ctrl Pts',(-18.4824176084563,-66.8539443984335,33.6));
#3145=CARTESIAN_POINT('Ctrl Pts',(-16.8730368861768,-73.769985451555,33.6));
#3146=CARTESIAN_POINT('Ctrl Pts',(-17.3798394351271,-71.6550001324106,33.6));
#3147=CARTESIAN_POINT('Ctrl Pts',(-17.8734471402972,-69.5385653243255,33.6));
#3148=CARTESIAN_POINT('Ctrl Pts',(-18.3538622538704,-67.4206753207065,33.6));
#3149=CARTESIAN_POINT('Ctrl Pts',(-16.8730368861768,-73.769985451555,32.));
#3150=CARTESIAN_POINT('Ctrl Pts',(-16.8730368861768,-73.769985451555,33.8));
#3151=CARTESIAN_POINT('Ctrl Pts',(-17.3798394351271,-71.6550001324106,32.));
#3152=CARTESIAN_POINT('Ctrl Pts',(-17.3798394351271,-71.6550001324106,33.8));
#3153=CARTESIAN_POINT('Ctrl Pts',(-17.8734471402972,-69.5385653243255,32.));
#3154=CARTESIAN_POINT('Ctrl Pts',(-17.8734471402972,-69.5385653243255,33.8));
#3155=CARTESIAN_POINT('Ctrl Pts',(-18.3538622538704,-67.4206753207065,32.));
#3156=CARTESIAN_POINT('Ctrl Pts',(-18.3538622538704,-67.4206753207065,33.8));
#3157=CARTESIAN_POINT('',(-16.8730368861768,-73.769985451555,32.2));
#3158=CARTESIAN_POINT('',(-16.8730368861768,-73.769985451555,32.));
#3159=CARTESIAN_POINT('',(-18.3538622538704,-67.4206753207065,32.2));
#3160=CARTESIAN_POINT('Ctrl Pts',(-18.3538622538704,-67.4206753207065,32.2));
#3161=CARTESIAN_POINT('Ctrl Pts',(-17.8734471402972,-69.5385653243255,32.2));
#3162=CARTESIAN_POINT('Ctrl Pts',(-17.3798394351271,-71.6550001324106,32.1999999999999));
#3163=CARTESIAN_POINT('Ctrl Pts',(-16.8730368861768,-73.769985451555,32.2));
#3164=CARTESIAN_POINT('',(-18.3538622538704,-67.4206753207065,32.));
#3165=CARTESIAN_POINT('Origin',(-4.49994573641607,-83.7345902714143,32.));
#3166=CARTESIAN_POINT('',(-4.49994573641607,-83.7345902714143,32.2));
#3167=CARTESIAN_POINT('',(-4.49994573641607,-83.7345902714143,32.));
#3168=CARTESIAN_POINT('',(-14.4281375145078,-75.7389724870603,32.2));
#3169=CARTESIAN_POINT('Origin',(-1.74999991074443,-100.500000052066,33.7));
#3170=CARTESIAN_POINT('',(-3.49999982148887,-100.600000052066,33.6));
#3171=CARTESIAN_POINT('',(-3.69999981851368,-100.400000052066,33.8));
#3172=CARTESIAN_POINT('',(3.49999989289333,-100.600000052066,33.6));
#3173=CARTESIAN_POINT('',(-1.74999991074443,-100.600000052066,33.6));
#3174=CARTESIAN_POINT('',(3.69999988991814,-100.400000052066,33.8));
#3175=CARTESIAN_POINT('Origin',(-3.59999944140892,-75.0499997791551,33.7));
#3176=CARTESIAN_POINT('',(-3.5,-112.600000052066,33.6));
#3177=CARTESIAN_POINT('',(-3.70000000297518,-112.800000055041,33.8));
#3178=CARTESIAN_POINT('',(-3.49999944140892,-75.0499997806427,33.6));
#3179=CARTESIAN_POINT('Origin',(1.74999947562355,-112.700000026033,33.7));
#3180=CARTESIAN_POINT('',(3.50000007140445,-112.600000052066,33.6));
#3181=CARTESIAN_POINT('',(3.33066907387547E-15,-112.6,33.6));
#3182=CARTESIAN_POINT('',(1.74999947711115,-112.600000026033,33.6));
#3183=CARTESIAN_POINT('',(3.33066907387547E-15,-112.6,33.6));
#3184=CARTESIAN_POINT('',(3.70000007437964,-112.800000055041,33.8));
#3185=CARTESIAN_POINT('Origin',(5.60078685988801E-7,-112.7,33.7));
#3186=CARTESIAN_POINT('',(5.58591093209683E-7,-112.6,33.6));
#3187=CARTESIAN_POINT('Origin',(3.59999942355782,-69.0499997791551,33.7));
#3188=CARTESIAN_POINT('',(3.49999942355782,-69.0499997806427,33.6));
#3189=CARTESIAN_POINT('Origin',(-3.5,-112.600000052066,32.));
#3190=CARTESIAN_POINT('',(-3.5,-112.600000052066,32.2));
#3191=CARTESIAN_POINT('',(-3.5,-112.600000052066,32.));
#3192=CARTESIAN_POINT('',(-3.49999982148887,-100.600000052066,32.2));
#3193=CARTESIAN_POINT('',(-3.49999944140892,-75.0499997806427,32.2));
#3194=CARTESIAN_POINT('',(-3.49999982148887,-100.600000052066,32.));
#3195=CARTESIAN_POINT('Origin',(2.77555756156289E-15,-112.6,32.));
#3196=CARTESIAN_POINT('',(3.33066907387547E-15,-112.6,32.2));
#3197=CARTESIAN_POINT('',(3.33066907387547E-15,-112.6,32.));
#3198=CARTESIAN_POINT('',(5.58591093209683E-7,-112.6,32.2));
#3199=CARTESIAN_POINT('Origin',(3.50000007140445,-112.600000052066,32.));
#3200=CARTESIAN_POINT('',(3.50000007140445,-112.600000052066,32.2));
#3201=CARTESIAN_POINT('',(3.50000007140445,-112.600000052066,32.));
#3202=CARTESIAN_POINT('',(1.74999947711115,-112.600000026033,32.2));
#3203=CARTESIAN_POINT('Origin',(-12.1237059518421,-67.5629812144852,33.7));
#3204=CARTESIAN_POINT('',(-4.50010934201627,-73.7344573414108,33.6));
#3205=CARTESIAN_POINT('',(-4.30010988929231,-74.159239088011,33.8));
#3206=CARTESIAN_POINT('',(-19.7392433694055,-61.1386922865163,33.6));
#3207=CARTESIAN_POINT('',(-12.059997019837,-67.4859022161603,33.6));
#3208=CARTESIAN_POINT('Ctrl Pts',(-19.9202433762934,-61.2485624593559,33.8));
#3209=CARTESIAN_POINT('Ctrl Pts',(-19.8900759953831,-61.2302503310211,33.7666658787157));
#3210=CARTESIAN_POINT('Ctrl Pts',(-19.8599086144728,-61.2119382026864,33.7333317574314));
#3211=CARTESIAN_POINT('Ctrl Pts',(-19.8297412335625,-61.1936260743515,33.6999976361472));
#3212=CARTESIAN_POINT('Ctrl Pts',(-19.7995752788435,-61.1753148117398,33.6666650907648));
#3213=CARTESIAN_POINT('Ctrl Pts',(-19.7492986876452,-61.1447960407203,33.6111108484608));
#3214=CARTESIAN_POINT('Ctrl Pts',(-19.7392433694055,-61.1386922865163,33.6));
#3215=CARTESIAN_POINT('Origin',(-4.40008277967732,-53.1174513239974,33.7));
#3216=CARTESIAN_POINT('',(-4.50010290074604,-68.7349086267825,33.6));
#3217=CARTESIAN_POINT('',(-4.30010278022944,-68.6413668617867,33.8));
#3218=CARTESIAN_POINT('',(-4.50008277967723,-53.1174511951603,33.6));
#3219=CARTESIAN_POINT('Origin',(-19.0598261180468,-56.4445512164629,33.7));
#3220=CARTESIAN_POINT('',(-21.031172923896,-54.9284006597633,33.6));
#3221=CARTESIAN_POINT('Ctrl Pts',(-21.33982843861,-54.4100371457551,33.8));
#3222=CARTESIAN_POINT('Ctrl Pts',(-21.2884674320041,-54.4962940587149,33.7667195276563));
#3223=CARTESIAN_POINT('Ctrl Pts',(-21.2371064253982,-54.5825509716746,33.7334390553125));
#3224=CARTESIAN_POINT('Ctrl Pts',(-21.1342212538269,-54.7553388096773,33.6667723886459));
#3225=CARTESIAN_POINT('Ctrl Pts',(-21.0826970888614,-54.8418697347203,33.6333861943229));
#3226=CARTESIAN_POINT('Ctrl Pts',(-21.031172923896,-54.9284006597633,33.6));
#3227=CARTESIAN_POINT('',(-19.1239284107353,-56.5213033895402,33.6));
#3228=CARTESIAN_POINT('Ctrl Pts',(-19.9202433762934,-61.248562459356,33.8));
#3229=CARTESIAN_POINT('Ctrl Pts',(-19.9250975194679,-61.2259046350522,33.8));
#3230=CARTESIAN_POINT('Ctrl Pts',(-19.9299516626423,-61.2032468107485,33.8));
#3231=CARTESIAN_POINT('Ctrl Pts',(-19.9348058058168,-61.1805889864448,33.8));
#3232=CARTESIAN_POINT('Ctrl Pts',(-20.3781648172816,-59.1111093225341,33.8));
#3233=CARTESIAN_POINT('Ctrl Pts',(-20.808968764075,-57.0402377863149,33.8));
#3234=CARTESIAN_POINT('Ctrl Pts',(-21.2272196714633,-54.9679692428601,33.8));
#3235=CARTESIAN_POINT('Ctrl Pts',(-21.2647559271788,-54.7819918771585,33.8));
#3236=CARTESIAN_POINT('Ctrl Pts',(-21.3022921828944,-54.5960145114568,33.8));
#3237=CARTESIAN_POINT('Ctrl Pts',(-21.33982843861,-54.4100371457551,33.8));
#3238=CARTESIAN_POINT('Ctrl Pts',(-19.8550558974897,-61.2345968927131,33.7333333333333));
#3239=CARTESIAN_POINT('Ctrl Pts',(-19.8599100406641,-61.2119390684094,33.7333333333333));
#3240=CARTESIAN_POINT('Ctrl Pts',(-19.8647641838386,-61.1892812441057,33.7333333333333));
#3241=CARTESIAN_POINT('Ctrl Pts',(-19.869618327013,-61.166623419802,33.7333333333333));
#3242=CARTESIAN_POINT('Ctrl Pts',(-20.3129220505396,-59.0974018248243,33.7333333333333));
#3243=CARTESIAN_POINT('Ctrl Pts',(-20.743672177751,-57.0267889862092,33.7333333333333));
#3244=CARTESIAN_POINT('Ctrl Pts',(-21.1618707556075,-54.9547797151612,33.7333333333333));
#3245=CARTESIAN_POINT('Ctrl Pts',(-21.1994070113231,-54.7688023494595,33.7333333333333));
#3246=CARTESIAN_POINT('Ctrl Pts',(-21.2369432670386,-54.5828249837579,33.7333333333333));
#3247=CARTESIAN_POINT('Ctrl Pts',(-21.2744795227542,-54.3968476180562,33.7333333333333));
#3248=CARTESIAN_POINT('Ctrl Pts',(-19.7898684186859,-61.2206313260703,33.6666666666667));
#3249=CARTESIAN_POINT('Ctrl Pts',(-19.7947225618604,-61.1979735017666,33.6666666666667));
#3250=CARTESIAN_POINT('Ctrl Pts',(-19.7995767050348,-61.1753156774629,33.6666666666667));
#3251=CARTESIAN_POINT('Ctrl Pts',(-19.8044308482093,-61.1526578531592,33.6666666666667));
#3252=CARTESIAN_POINT('Ctrl Pts',(-20.2476792838958,-59.0836943271763,33.6666666666667));
#3253=CARTESIAN_POINT('Ctrl Pts',(-20.6783755915258,-57.0133401861646,33.6666666666667));
#3254=CARTESIAN_POINT('Ctrl Pts',(-21.0965218397518,-54.9415901874623,33.6666666666667));
#3255=CARTESIAN_POINT('Ctrl Pts',(-21.1340580954673,-54.7556128217606,33.6666666666667));
#3256=CARTESIAN_POINT('Ctrl Pts',(-21.1715943511829,-54.5696354560589,33.6666666666667));
#3257=CARTESIAN_POINT('Ctrl Pts',(-21.2091306068984,-54.3836580903573,33.6666666666667));
#3258=CARTESIAN_POINT('Ctrl Pts',(-19.7246809398822,-61.2066657594275,33.6));
#3259=CARTESIAN_POINT('Ctrl Pts',(-19.7295350830566,-61.1840079351238,33.6));
#3260=CARTESIAN_POINT('Ctrl Pts',(-19.7343892262311,-61.16135011082,33.6));
#3261=CARTESIAN_POINT('Ctrl Pts',(-19.7392433694055,-61.1386922865163,33.6));
#3262=CARTESIAN_POINT('Ctrl Pts',(-20.1824365171538,-59.0699868294665,33.6));
#3263=CARTESIAN_POINT('Ctrl Pts',(-20.6130790052018,-56.9998913860589,33.6));
#3264=CARTESIAN_POINT('Ctrl Pts',(-21.031172923896,-54.9284006597633,33.6));
#3265=CARTESIAN_POINT('Ctrl Pts',(-21.0687091796116,-54.7424232940617,33.6));
#3266=CARTESIAN_POINT('Ctrl Pts',(-21.1062454353271,-54.55644592836,33.6));
#3267=CARTESIAN_POINT('Ctrl Pts',(-21.1437816910427,-54.3704685626583,33.6));
#3268=CARTESIAN_POINT('Ctrl Pts',(-19.7392433694055,-61.1386922865163,33.6));
#3269=CARTESIAN_POINT('Ctrl Pts',(-20.1824365171538,-59.0699868294665,33.6));
#3270=CARTESIAN_POINT('Ctrl Pts',(-20.6130790052018,-56.9998913860589,33.6));
#3271=CARTESIAN_POINT('Ctrl Pts',(-21.031172923896,-54.9284006597633,33.6));
#3272=CARTESIAN_POINT('Ctrl Pts',(-19.7392433694055,-61.1386922865163,32.));
#3273=CARTESIAN_POINT('Ctrl Pts',(-19.7392433694055,-61.1386922865163,33.8));
#3274=CARTESIAN_POINT('Ctrl Pts',(-20.1824365171538,-59.0699868294665,32.));
#3275=CARTESIAN_POINT('Ctrl Pts',(-20.1824365171538,-59.0699868294665,33.8));
#3276=CARTESIAN_POINT('Ctrl Pts',(-20.6130790052018,-56.9998913860589,32.));
#3277=CARTESIAN_POINT('Ctrl Pts',(-20.6130790052018,-56.9998913860589,33.8));
#3278=CARTESIAN_POINT('Ctrl Pts',(-21.031172923896,-54.9284006597633,32.));
#3279=CARTESIAN_POINT('Ctrl Pts',(-21.031172923896,-54.9284006597633,33.8));
#3280=CARTESIAN_POINT('',(-19.7392433694055,-61.1386922865163,32.2));
#3281=CARTESIAN_POINT('',(-19.7392433694055,-61.1386922865163,32.));
#3282=CARTESIAN_POINT('',(-21.031172923896,-54.9284006597633,32.2));
#3283=CARTESIAN_POINT('Ctrl Pts',(-21.031172923896,-54.9284006597633,32.2));
#3284=CARTESIAN_POINT('Ctrl Pts',(-20.6130790052018,-56.9998913860589,32.2));
#3285=CARTESIAN_POINT('Ctrl Pts',(-20.1824365171539,-59.0699868294669,32.2));
#3286=CARTESIAN_POINT('Ctrl Pts',(-19.7392433694055,-61.1386922865163,32.2));
#3287=CARTESIAN_POINT('',(-21.031172923896,-54.9284006597633,32.));
#3288=CARTESIAN_POINT('Origin',(-4.50010934201627,-73.7344573414108,32.));
#3289=CARTESIAN_POINT('',(-4.50010934201627,-73.7344573414108,32.2));
#3290=CARTESIAN_POINT('',(-4.50010934201627,-73.7344573414108,32.));
#3291=CARTESIAN_POINT('',(-12.059997019837,-67.4859022161603,32.2));
#3292=CARTESIAN_POINT('Origin',(-16.7851967989847,-84.3067592366921,33.7));
#3293=CARTESIAN_POINT('',(-4.49996027333197,-93.7345780665046,33.6));
#3294=CARTESIAN_POINT('',(-4.29995913555706,-94.1434888944324,33.8));
#3295=CARTESIAN_POINT('',(-13.6212394252622,-86.6407564807909,33.6));
#3296=CARTESIAN_POINT('',(-16.7238054696088,-84.2278218901605,33.6));
#3297=CARTESIAN_POINT('Ctrl Pts',(-13.7972243902459,-86.757254557475,33.8));
#3298=CARTESIAN_POINT('Ctrl Pts',(-13.7385627352513,-86.718421865247,33.7333333333333));
#3299=CARTESIAN_POINT('Ctrl Pts',(-13.6799010802568,-86.6795891730189,33.6666666666667));
#3300=CARTESIAN_POINT('Ctrl Pts',(-13.6212394252622,-86.6407564807909,33.6));
#3301=CARTESIAN_POINT('Origin',(-4.40004546439628,-63.1172986979555,33.7));
#3302=CARTESIAN_POINT('',(-4.49997418556283,-88.7345858697636,33.6));
#3303=CARTESIAN_POINT('',(-4.29997445462107,-88.6378872899211,33.8));
#3304=CARTESIAN_POINT('',(-4.5000454643959,-63.1172989762005,33.6));
#3305=CARTESIAN_POINT('Origin',(-20.9229953200144,-75.5934325029083,33.7));
#3306=CARTESIAN_POINT('',(-15.2954471455819,-80.1802777693241,33.6));
#3307=CARTESIAN_POINT('Ctrl Pts',(-15.6339322994606,-79.6568849974584,33.8));
#3308=CARTESIAN_POINT('Ctrl Pts',(-15.5776069623285,-79.743979731127,33.7667191683377));
#3309=CARTESIAN_POINT('Ctrl Pts',(-15.5212816251964,-79.8310744647956,33.7334383366754));
#3310=CARTESIAN_POINT('Ctrl Pts',(-15.4084532405702,-80.0055387220841,33.6667716700088));
#3311=CARTESIAN_POINT('Ctrl Pts',(-15.351950193076,-80.0929082457041,33.6333858350044));
#3312=CARTESIAN_POINT('Ctrl Pts',(-15.2954471455819,-80.1802777693241,33.6));
#3313=CARTESIAN_POINT('',(-20.9851008303169,-75.6718091932574,33.6));
#3314=CARTESIAN_POINT('Ctrl Pts',(-13.7972243902459,-86.757254557475,33.8));
#3315=CARTESIAN_POINT('Ctrl Pts',(-13.8029936909509,-86.7355419234269,33.8));
#3316=CARTESIAN_POINT('Ctrl Pts',(-13.8087629916559,-86.7138292893787,33.8));
#3317=CARTESIAN_POINT('Ctrl Pts',(-13.8145322923609,-86.6921166553306,33.8));
#3318=CARTESIAN_POINT('Ctrl Pts',(-14.3865523712231,-84.5393318941382,33.8));
#3319=CARTESIAN_POINT('Ctrl Pts',(-14.9448264794575,-82.3850474359914,33.8));
#3320=CARTESIAN_POINT('Ctrl Pts',(-15.4893569112857,-80.2292573851323,33.8));
#3321=CARTESIAN_POINT('Ctrl Pts',(-15.537548707344,-80.038466589241,33.8));
#3322=CARTESIAN_POINT('Ctrl Pts',(-15.5857405034023,-79.8476757933497,33.8));
#3323=CARTESIAN_POINT('Ctrl Pts',(-15.6339322994606,-79.6568849974584,33.8));
#3324=CARTESIAN_POINT('Ctrl Pts',(-13.7327934345463,-86.7401344992951,33.7333333333333));
#3325=CARTESIAN_POINT('Ctrl Pts',(-13.7385627352513,-86.7184218652469,33.7333333333333));
#3326=CARTESIAN_POINT('Ctrl Pts',(-13.7443320359563,-86.6967092311989,33.7333333333333));
#3327=CARTESIAN_POINT('Ctrl Pts',(-13.7501013366614,-86.6749965971507,33.7333333333333));
#3328=CARTESIAN_POINT('Ctrl Pts',(-14.322051371431,-84.522475445178,33.7333333333333));
#3329=CARTESIAN_POINT('Ctrl Pts',(-14.8802569244737,-82.3684555119978,33.7333333333333));
#3330=CARTESIAN_POINT('Ctrl Pts',(-15.4247203227177,-80.2129308465295,33.7333333333333));
#3331=CARTESIAN_POINT('Ctrl Pts',(-15.472912118776,-80.0221400506383,33.7333333333333));
#3332=CARTESIAN_POINT('Ctrl Pts',(-15.5211039148343,-79.831349254747,33.7333333333333));
#3333=CARTESIAN_POINT('Ctrl Pts',(-15.5692957108926,-79.6405584588557,33.7333333333333));
#3334=CARTESIAN_POINT('Ctrl Pts',(-13.6683624788467,-86.7230144411152,33.6666666666667));
#3335=CARTESIAN_POINT('Ctrl Pts',(-13.6741317795517,-86.7013018070671,33.6666666666667));
#3336=CARTESIAN_POINT('Ctrl Pts',(-13.6799010802568,-86.6795891730189,33.6666666666667));
#3337=CARTESIAN_POINT('Ctrl Pts',(-13.6856703809618,-86.6578765389708,33.6666666666667));
#3338=CARTESIAN_POINT('Ctrl Pts',(-14.2575503717356,-84.505618996317,33.6666666666667));
#3339=CARTESIAN_POINT('Ctrl Pts',(-14.8156873695873,-82.3518635881026,33.6666666666667));
#3340=CARTESIAN_POINT('Ctrl Pts',(-15.3600837341498,-80.1966043079268,33.6666666666667));
#3341=CARTESIAN_POINT('Ctrl Pts',(-15.4082755302081,-80.0058135120355,33.6666666666667));
#3342=CARTESIAN_POINT('Ctrl Pts',(-15.4564673262664,-79.8150227161443,33.6666666666667));
#3343=CARTESIAN_POINT('Ctrl Pts',(-15.5046591223247,-79.6242319202529,33.6666666666667));
#3344=CARTESIAN_POINT('Ctrl Pts',(-13.6039315231471,-86.7058943829353,33.6));
#3345=CARTESIAN_POINT('Ctrl Pts',(-13.6097008238522,-86.6841817488872,33.6));
#3346=CARTESIAN_POINT('Ctrl Pts',(-13.6154701245572,-86.662469114839,33.6));
#3347=CARTESIAN_POINT('Ctrl Pts',(-13.6212394252622,-86.6407564807909,33.6));
#3348=CARTESIAN_POINT('Ctrl Pts',(-14.1930493719435,-84.4887625473568,33.6));
#3349=CARTESIAN_POINT('Ctrl Pts',(-14.7511178146034,-82.335271664109,33.6));
#3350=CARTESIAN_POINT('Ctrl Pts',(-15.2954471455819,-80.1802777693241,33.6));
#3351=CARTESIAN_POINT('Ctrl Pts',(-15.3436389416402,-79.9894869734327,33.6));
#3352=CARTESIAN_POINT('Ctrl Pts',(-15.3918307376985,-79.7986961775415,33.6));
#3353=CARTESIAN_POINT('Ctrl Pts',(-15.4400225337568,-79.6079053816502,33.6));
#3354=CARTESIAN_POINT('Ctrl Pts',(-13.6212394252622,-86.6407564807909,33.6));
#3355=CARTESIAN_POINT('Ctrl Pts',(-14.1930493719435,-84.4887625473568,33.6));
#3356=CARTESIAN_POINT('Ctrl Pts',(-14.7511178146034,-82.335271664109,33.6));
#3357=CARTESIAN_POINT('Ctrl Pts',(-15.2954471455819,-80.1802777693241,33.6));
#3358=CARTESIAN_POINT('Ctrl Pts',(-13.6212394252622,-86.6407564807909,32.));
#3359=CARTESIAN_POINT('Ctrl Pts',(-13.6212394252622,-86.6407564807909,33.8));
#3360=CARTESIAN_POINT('Ctrl Pts',(-14.1930493719435,-84.4887625473568,32.));
#3361=CARTESIAN_POINT('Ctrl Pts',(-14.1930493719435,-84.4887625473568,33.8));
#3362=CARTESIAN_POINT('Ctrl Pts',(-14.7511178146034,-82.335271664109,32.));
#3363=CARTESIAN_POINT('Ctrl Pts',(-14.7511178146034,-82.335271664109,33.8));
#3364=CARTESIAN_POINT('Ctrl Pts',(-15.2954471455819,-80.1802777693241,32.));
#3365=CARTESIAN_POINT('Ctrl Pts',(-15.2954471455819,-80.1802777693241,33.8));
#3366=CARTESIAN_POINT('',(-13.6212394252622,-86.6407564807909,32.2));
#3367=CARTESIAN_POINT('',(-13.6212394252622,-86.6407564807909,32.));
#3368=CARTESIAN_POINT('',(-15.2954471455819,-80.1802777693241,32.2));
#3369=CARTESIAN_POINT('Ctrl Pts',(-15.2954471455819,-80.1802777693241,32.2));
#3370=CARTESIAN_POINT('Ctrl Pts',(-14.7511178146034,-82.3352716641091,32.2));
#3371=CARTESIAN_POINT('Ctrl Pts',(-14.1930493719434,-84.4887625473564,32.1999999999998));
#3372=CARTESIAN_POINT('Ctrl Pts',(-13.6212394252622,-86.6407564807909,32.2));
#3373=CARTESIAN_POINT('',(-15.2954471455819,-80.1802777693241,32.));
#3374=CARTESIAN_POINT('Origin',(-4.49996027333197,-93.7345780665046,32.));
#3375=CARTESIAN_POINT('',(-4.49996027333197,-93.7345780665046,32.2));
#3376=CARTESIAN_POINT('',(-4.49996027333197,-93.7345780665046,32.));
#3377=CARTESIAN_POINT('',(-16.7238054696088,-84.2278218901605,32.2));
#3378=CARTESIAN_POINT('Origin',(20.677406088821,-70.8345534857755,33.7));
#3379=CARTESIAN_POINT('',(16.8730368861768,-73.769985451555,33.6));
#3380=CARTESIAN_POINT('Ctrl Pts',(17.0516294178643,-73.882950984129,33.8));
#3381=CARTESIAN_POINT('Ctrl Pts',(17.0218646454915,-73.8641238062439,33.7666673941049));
#3382=CARTESIAN_POINT('Ctrl Pts',(16.9920998731188,-73.8452966283587,33.7333347882097));
#3383=CARTESIAN_POINT('Ctrl Pts',(16.9325690292229,-73.8076414508341,33.666668121543));
#3384=CARTESIAN_POINT('Ctrl Pts',(16.9028029576998,-73.7888134511946,33.6333340607715));
#3385=CARTESIAN_POINT('Ctrl Pts',(16.8730368861768,-73.769985451555,33.6));
#3386=CARTESIAN_POINT('',(4.49994573641607,-83.7345902714143,33.6));
#3387=CARTESIAN_POINT('',(20.6146830893881,-70.7566700771307,33.6));
#3388=CARTESIAN_POINT('',(4.29994424940521,-84.1524545344535,33.8));
#3389=CARTESIAN_POINT('Ctrl Pts',(18.6774625432134,-66.8981877417247,33.8));
#3390=CARTESIAN_POINT('Ctrl Pts',(18.6346107583514,-67.087098049149,33.8));
#3391=CARTESIAN_POINT('Ctrl Pts',(18.5917589734895,-67.2760083565734,33.8));
#3392=CARTESIAN_POINT('Ctrl Pts',(18.5489071886275,-67.4649186639977,33.8));
#3393=CARTESIAN_POINT('Ctrl Pts',(18.0683129627108,-69.5835982769176,33.8));
#3394=CARTESIAN_POINT('Ctrl Pts',(17.5745215907784,-71.7008205439815,33.8));
#3395=CARTESIAN_POINT('Ctrl Pts',(17.0675309023025,-73.8165910058517,33.8));
#3396=CARTESIAN_POINT('Ctrl Pts',(17.0622304074897,-73.8387109986108,33.8));
#3397=CARTESIAN_POINT('Ctrl Pts',(17.056929912677,-73.8608309913699,33.8));
#3398=CARTESIAN_POINT('Ctrl Pts',(17.0516294178643,-73.882950984129,33.8));
#3399=CARTESIAN_POINT('Ctrl Pts',(18.612447564961,-66.8834399606276,33.7333333333333));
#3400=CARTESIAN_POINT('Ctrl Pts',(18.5695957800991,-67.072350268052,33.7333333333333));
#3401=CARTESIAN_POINT('Ctrl Pts',(18.5267439952371,-67.2612605754763,33.7333333333333));
#3402=CARTESIAN_POINT('Ctrl Pts',(18.4838922103751,-67.4501708829007,33.7333333333333));
#3403=CARTESIAN_POINT('Ctrl Pts',(18.0033576885395,-69.5685872926937,33.7333333333333));
#3404=CARTESIAN_POINT('Ctrl Pts',(17.5096275388615,-71.685547073431,33.7333333333333));
#3405=CARTESIAN_POINT('Ctrl Pts',(17.0026995635939,-73.8010558210862,33.7333333333333));
#3406=CARTESIAN_POINT('Ctrl Pts',(16.9973990687812,-73.8231758138453,33.7333333333333));
#3407=CARTESIAN_POINT('Ctrl Pts',(16.9920985739685,-73.8452958066043,33.7333333333333));
#3408=CARTESIAN_POINT('Ctrl Pts',(16.9867980791558,-73.8674157993634,33.7333333333333));
#3409=CARTESIAN_POINT('Ctrl Pts',(18.5474325867087,-66.8686921795305,33.6666666666667));
#3410=CARTESIAN_POINT('Ctrl Pts',(18.5045808018467,-67.0576024869549,33.6666666666667));
#3411=CARTESIAN_POINT('Ctrl Pts',(18.4617290169847,-67.2465127943792,33.6666666666667));
#3412=CARTESIAN_POINT('Ctrl Pts',(18.4188772321227,-67.4354231018036,33.6666666666667));
#3413=CARTESIAN_POINT('Ctrl Pts',(17.9384024144685,-69.5535763085494,33.6666666666667));
#3414=CARTESIAN_POINT('Ctrl Pts',(17.444733487044,-71.6702736029611,33.6666666666667));
#3415=CARTESIAN_POINT('Ctrl Pts',(16.9378682248853,-73.7855206363206,33.6666666666667));
#3416=CARTESIAN_POINT('Ctrl Pts',(16.9325677300726,-73.8076406290797,33.6666666666667));
#3417=CARTESIAN_POINT('Ctrl Pts',(16.9272672352599,-73.8297606218388,33.6666666666667));
#3418=CARTESIAN_POINT('Ctrl Pts',(16.9219667404472,-73.8518806145978,33.6666666666667));
#3419=CARTESIAN_POINT('Ctrl Pts',(18.4824176084563,-66.8539443984335,33.6));
#3420=CARTESIAN_POINT('Ctrl Pts',(18.4395658235943,-67.0428547058578,33.6));
#3421=CARTESIAN_POINT('Ctrl Pts',(18.3967140387323,-67.2317650132821,33.6));
#3422=CARTESIAN_POINT('Ctrl Pts',(18.3538622538704,-67.4206753207065,33.6));
#3423=CARTESIAN_POINT('Ctrl Pts',(17.8734471402972,-69.5385653243255,33.6));
#3424=CARTESIAN_POINT('Ctrl Pts',(17.379839435127,-71.6550001324106,33.6));
#3425=CARTESIAN_POINT('Ctrl Pts',(16.8730368861768,-73.769985451555,33.6));
#3426=CARTESIAN_POINT('Ctrl Pts',(16.8677363913641,-73.7921054443141,33.6));
#3427=CARTESIAN_POINT('Ctrl Pts',(16.8624358965514,-73.8142254370732,33.6));
#3428=CARTESIAN_POINT('Ctrl Pts',(16.8571354017387,-73.8363454298323,33.6));
#3429=CARTESIAN_POINT('',(18.3538622538704,-67.4206753207065,33.6));
#3430=CARTESIAN_POINT('Ctrl Pts',(18.6774625432134,-66.8981877417248,33.8));
#3431=CARTESIAN_POINT('Ctrl Pts',(18.569595780099,-67.072350268052,33.7333333333333));
#3432=CARTESIAN_POINT('Ctrl Pts',(18.4617290169847,-67.2465127943792,33.6666666666667));
#3433=CARTESIAN_POINT('Ctrl Pts',(18.3538622538704,-67.4206753207065,33.6));
#3434=CARTESIAN_POINT('Ctrl Pts',(18.3538622538704,-67.4206753207065,33.6));
#3435=CARTESIAN_POINT('Ctrl Pts',(17.8734471402972,-69.5385653243255,33.6));
#3436=CARTESIAN_POINT('Ctrl Pts',(17.379839435127,-71.6550001324106,33.6));
#3437=CARTESIAN_POINT('Ctrl Pts',(16.8730368861768,-73.769985451555,33.6));
#3438=CARTESIAN_POINT('Origin',(13.1876608274171,-71.5105571026969,33.7));
#3439=CARTESIAN_POINT('',(4.49996352972631,-78.7344957463654,33.6));
#3440=CARTESIAN_POINT('',(4.29996386739438,-78.6396073541606,33.8));
#3441=CARTESIAN_POINT('',(13.2509136242342,-71.5880108546706,33.6));
#3442=CARTESIAN_POINT('Origin',(4.40002800147462,-60.6173025675248,33.7));
#3443=CARTESIAN_POINT('',(4.50002800147398,-60.6173029233843,33.6));
#3444=CARTESIAN_POINT('Origin',(4.49994573641607,-83.7345902714143,32.));
#3445=CARTESIAN_POINT('',(4.49994573641607,-83.7345902714143,32.2));
#3446=CARTESIAN_POINT('',(4.49994573641607,-83.7345902714143,32.));
#3447=CARTESIAN_POINT('',(4.49996352972631,-78.7344957463654,32.2));
#3448=CARTESIAN_POINT('',(4.50002800147398,-60.6173029233843,32.2));
#3449=CARTESIAN_POINT('',(4.49996352972631,-78.7344957463654,32.));
#3450=CARTESIAN_POINT('Origin',(16.8730368861768,-73.769985451555,32.));
#3451=CARTESIAN_POINT('',(16.8730368861768,-73.769985451555,32.2));
#3452=CARTESIAN_POINT('',(16.8730368861768,-73.769985451555,32.));
#3453=CARTESIAN_POINT('',(20.6146830893881,-70.7566700771307,32.2));
#3454=CARTESIAN_POINT('Origin',(1.74999999681065,25.5,33.7));
#3455=CARTESIAN_POINT('',(3.49999999362129,25.6,33.6));
#3456=CARTESIAN_POINT('',(3.69999999592856,25.4,33.8));
#3457=CARTESIAN_POINT('',(-3.50000009292268,25.6,33.6));
#3458=CARTESIAN_POINT('',(1.74999999681065,25.6,33.6));
#3459=CARTESIAN_POINT('',(-3.70000009589787,25.4,33.8));
#3460=CARTESIAN_POINT('Origin',(3.60000028837442,0.050000240699521,33.7));
#3461=CARTESIAN_POINT('',(3.49999985518538,37.6,33.6));
#3462=CARTESIAN_POINT('',(3.69999985287812,37.8,33.8));
#3463=CARTESIAN_POINT('',(3.50000028837442,0.0500002395458884,33.6));
#3464=CARTESIAN_POINT('Origin',(-1.74999995720578,37.7,33.7));
#3465=CARTESIAN_POINT('',(-3.49999991441156,37.6,33.6));
#3466=CARTESIAN_POINT('',(-3.69999991143637,37.8,33.8));
#3467=CARTESIAN_POINT('',(-1.74999995720578,37.6,33.6));
#3468=CARTESIAN_POINT('Origin',(-3.60000056225819,-5.94999975312222,33.7));
#3469=CARTESIAN_POINT('',(-3.50000056225819,-5.94999975460981,33.6));
#3470=CARTESIAN_POINT('Origin',(-3.50000009292268,25.6,32.));
#3471=CARTESIAN_POINT('',(-3.50000009292268,25.6,32.2));
#3472=CARTESIAN_POINT('',(-3.50000009292268,25.6,32.));
#3473=CARTESIAN_POINT('',(-3.49999991441156,37.6,32.2));
#3474=CARTESIAN_POINT('',(-3.50000056225819,-5.94999975460981,32.2));
#3475=CARTESIAN_POINT('',(-3.49999991441156,37.6,32.));
#3476=CARTESIAN_POINT('Origin',(3.49999999362129,25.6,32.));
#3477=CARTESIAN_POINT('',(3.49999999362129,25.6,32.2));
#3478=CARTESIAN_POINT('',(3.49999999362129,25.6,32.));
#3479=CARTESIAN_POINT('',(1.74999999681065,25.6,32.2));
#3480=CARTESIAN_POINT('Origin',(12.4171564584027,39.500000446568,33.7));
#3481=CARTESIAN_POINT('',(-9.53674178063997E-9,39.6000000624975,33.6));
#3482=CARTESIAN_POINT('',(-9.53674178063997E-9,39.6000000624975,33.6));
#3483=CARTESIAN_POINT('',(24.8343152953709,39.6000008306386,33.6));
#3484=CARTESIAN_POINT('',(24.7514726029618,39.4000008280762,33.8));
#3485=CARTESIAN_POINT('',(12.4171564553096,39.600000446568,33.6));
#3486=CARTESIAN_POINT('Origin',(43.7063004939633,20.5865999358302,33.7));
#3487=CARTESIAN_POINT('',(36.5868664961983,27.8474497546344,33.6));
#3488=CARTESIAN_POINT('Ctrl Pts',(36.3842461570151,27.7671821028615,33.7999999999629));
#3489=CARTESIAN_POINT('Ctrl Pts',(36.4180161391926,27.7805580240061,33.7666684206488));
#3490=CARTESIAN_POINT('Ctrl Pts',(36.4517858356059,27.7939448674718,33.7333365964363));
#3491=CARTESIAN_POINT('Ctrl Pts',(36.4855529746345,27.8073242004987,33.7000062222037));
#3492=CARTESIAN_POINT('Ctrl Pts',(36.50885291672,27.8165561844226,33.6770076557972));
#3493=CARTESIAN_POINT('Ctrl Pts',(36.5205025718435,27.8211718485957,33.6655083762556));
#3494=CARTESIAN_POINT('Ctrl Pts',(36.5264542557723,27.8235300858523,33.6596335524095));
#3495=CARTESIAN_POINT('Ctrl Pts',(36.5309180187189,27.8252987637947,33.6552274345249));
#3496=CARTESIAN_POINT('Ctrl Pts',(36.5321766286534,27.8257975567972,33.653985072969));
#3497=CARTESIAN_POINT('Ctrl Pts',(36.5327409601561,27.8260210312558,33.6534280233422));
#3498=CARTESIAN_POINT('Ctrl Pts',(36.5331642087832,27.8261886370997,33.6530102361221));
#3499=CARTESIAN_POINT('Ctrl Pts',(36.5331969233019,27.8262013703822,33.6529779368622));
#3500=CARTESIAN_POINT('Ctrl Pts',(36.5338983679926,27.8264787889169,33.6522855318314));
#3501=CARTESIAN_POINT('Ctrl Pts',(36.5360027020644,27.8273110445212,33.6502083167388));
#3502=CARTESIAN_POINT('Ctrl Pts',(36.5441260116879,27.8305243536104,33.642190149708));
#3503=CARTESIAN_POINT('Ctrl Pts',(36.5868664961983,27.8474497546344,33.6));
#3504=CARTESIAN_POINT('',(43.7770111615178,20.657310624513,33.6));
#3505=CARTESIAN_POINT('Ctrl Pts',(13.5232022392739,-106.661647100373,33.8));
#3506=CARTESIAN_POINT('Ctrl Pts',(26.1694829934788,-64.9947679017793,33.8));
#3507=CARTESIAN_POINT('Ctrl Pts',(33.678273947426,-22.7480178038296,33.8));
#3508=CARTESIAN_POINT('Ctrl Pts',(36.0533946785845,20.0885776556314,33.8));
#3509=CARTESIAN_POINT('Ctrl Pts',(36.1966002459863,22.6713680282874,33.8));
#3510=CARTESIAN_POINT('Ctrl Pts',(36.3057514781235,25.2586269017049,33.8));
#3511=CARTESIAN_POINT('Ctrl Pts',(36.3869644557412,27.8537086866617,33.8));
#3512=CARTESIAN_POINT('Ctrl Pts',(13.5869953812093,-106.681008905208,33.7333333333333));
#3513=CARTESIAN_POINT('Ctrl Pts',(26.2347885994148,-65.0091666129131,33.7333333333333));
#3514=CARTESIAN_POINT('Ctrl Pts',(33.7445482137962,-22.7570461977254,33.7333333333333));
#3515=CARTESIAN_POINT('Ctrl Pts',(36.1199591053814,20.0848869199801,33.7333333333333));
#3516=CARTESIAN_POINT('Ctrl Pts',(36.2631972690128,22.6682654505676,33.7333333333333));
#3517=CARTESIAN_POINT('Ctrl Pts',(36.3723704170874,25.2560593672269,33.7333333333333));
#3518=CARTESIAN_POINT('Ctrl Pts',(36.4535985005527,27.8516233769728,33.7333333333333));
#3519=CARTESIAN_POINT('Ctrl Pts',(13.6507885231447,-106.700370710042,33.6666666666667));
#3520=CARTESIAN_POINT('Ctrl Pts',(26.3000785139021,-65.0235565371419,33.6666666666667));
#3521=CARTESIAN_POINT('Ctrl Pts',(33.8108054221089,-22.7660688720361,33.6666666666667));
#3522=CARTESIAN_POINT('Ctrl Pts',(36.1865235321783,20.0811961843288,33.6666666666667));
#3523=CARTESIAN_POINT('Ctrl Pts',(36.3297943352728,22.6651628510365,33.6666666666667));
#3524=CARTESIAN_POINT('Ctrl Pts',(36.4390346735942,25.254938507116,33.6666666666667));
#3525=CARTESIAN_POINT('Ctrl Pts',(36.5202325453643,27.8495380672838,33.6666666666667));
#3526=CARTESIAN_POINT('Ctrl Pts',(13.7145816650802,-106.719732514877,33.6));
#3527=CARTESIAN_POINT('Ctrl Pts',(26.3653841198381,-65.0379552482757,33.6));
#3528=CARTESIAN_POINT('Ctrl Pts',(33.8770796884792,-22.775097265932,33.6));
#3529=CARTESIAN_POINT('Ctrl Pts',(36.2530879589751,20.0775054486775,33.6));
#3530=CARTESIAN_POINT('Ctrl Pts',(36.3963913582993,22.6620602733168,33.6));
#3531=CARTESIAN_POINT('Ctrl Pts',(36.5056536125581,25.252370972638,33.6));
#3532=CARTESIAN_POINT('Ctrl Pts',(36.5868665901758,27.8474527575948,33.6));
#3533=CARTESIAN_POINT('',(13.7145816650802,-106.719732514877,33.6));
#3534=CARTESIAN_POINT('Ctrl Pts',(13.5377439213044,-106.613727547667,33.8));
#3535=CARTESIAN_POINT('Ctrl Pts',(13.5671967941696,-106.631382106344,33.7666900188393));
#3536=CARTESIAN_POINT('Ctrl Pts',(13.5966494507663,-106.649036982158,33.7333799602868));
#3537=CARTESIAN_POINT('Ctrl Pts',(13.6261636262806,-106.666729184932,33.7000000090791));
#3538=CARTESIAN_POINT('Ctrl Pts',(13.6556571895588,-106.68440903175,33.6666433699046));
#3539=CARTESIAN_POINT('Ctrl Pts',(13.6851505625546,-106.702089214723,33.633286629524));
#3540=CARTESIAN_POINT('Ctrl Pts',(13.7145816650802,-106.719732514877,33.6));
#3541=CARTESIAN_POINT('Ctrl Pts',(13.7145816650802,-106.719732514877,33.6));
#3542=CARTESIAN_POINT('Ctrl Pts',(26.3653841198381,-65.0379552482757,33.6));
#3543=CARTESIAN_POINT('Ctrl Pts',(33.8770796884792,-22.775097265932,33.6));
#3544=CARTESIAN_POINT('Ctrl Pts',(36.2530879589751,20.0775054486775,33.6));
#3545=CARTESIAN_POINT('Ctrl Pts',(36.3963913030237,22.6620592763905,33.6));
#3546=CARTESIAN_POINT('Ctrl Pts',(36.5056535282678,25.252368974345,33.6));
#3547=CARTESIAN_POINT('Ctrl Pts',(36.5868664961983,27.8474497546344,33.6));
#3548=CARTESIAN_POINT('Origin',(23.580025392735,-96.7128670268788,33.7));
#3549=CARTESIAN_POINT('',(5.83431455636,-114.599999944089,33.6));
#3550=CARTESIAN_POINT('',(5.75147184167654,-114.399999943915,33.8));
#3551=CARTESIAN_POINT('',(23.6507360722916,-96.7835777035596,33.6));
#3552=CARTESIAN_POINT('Origin',(-2.91715733828555,-114.499999948649,33.7));
#3553=CARTESIAN_POINT('',(-5.83431455636001,-114.599999944089,33.6));
#3554=CARTESIAN_POINT('',(-3.33066907387547E-15,-114.599999953209,33.6));
#3555=CARTESIAN_POINT('',(-2.91715733844187,-114.599999948649,33.6));
#3556=CARTESIAN_POINT('',(-3.33066907387547E-15,-114.599999953209,33.6));
#3557=CARTESIAN_POINT('',(-5.7514718437559,-114.399999944219,33.8));
#3558=CARTESIAN_POINT('Origin',(-8.05556193277145E-8,-114.499999931866,
33.7));
#3559=CARTESIAN_POINT('',(-8.076512679353E-8,-114.599999931866,33.6));
#3560=CARTESIAN_POINT('Origin',(-27.5201589693354,-92.7727341748763,33.7));
#3561=CARTESIAN_POINT('',(-13.7145816650802,-106.719732514877,33.6));
#3562=CARTESIAN_POINT('',(-27.590869647454,-92.843444852995,33.6));
#3563=CARTESIAN_POINT('Ctrl Pts',(-13.5377489784723,-106.613710885349,33.8));
#3564=CARTESIAN_POINT('Ctrl Pts',(-13.5672404112362,-106.631391930981,33.7666454291263));
#3565=CARTESIAN_POINT('Ctrl Pts',(-13.5967305642529,-106.64907687786,33.7332907571254));
#3566=CARTESIAN_POINT('Ctrl Pts',(-13.6261594055371,-106.666722138017,33.7000060944438));
#3567=CARTESIAN_POINT('Ctrl Pts',(-13.6568343911072,-106.685114574725,33.6653120153395));
#3568=CARTESIAN_POINT('Ctrl Pts',(-13.6696922127818,-106.692823028,33.6507696935588));
#3569=CARTESIAN_POINT('Ctrl Pts',(-13.6795051455182,-106.698705693087,33.639671290639));
#3570=CARTESIAN_POINT('Ctrl Pts',(-13.6893180782545,-106.704588358173,33.6285728877192));
#3571=CARTESIAN_POINT('Ctrl Pts',(-13.6960862003926,-106.708644889411,33.6209184036604));
#3572=CARTESIAN_POINT('Ctrl Pts',(-13.7145816650802,-106.719732514877,33.6));
#3573=CARTESIAN_POINT('Ctrl Pts',(-36.3869644557412,27.8537086866618,33.8));
#3574=CARTESIAN_POINT('Ctrl Pts',(-36.3057514781235,25.2586269017049,33.8));
#3575=CARTESIAN_POINT('Ctrl Pts',(-36.1966002459863,22.6713680282874,33.8));
#3576=CARTESIAN_POINT('Ctrl Pts',(-36.0533946785845,20.0885776556314,33.8));
#3577=CARTESIAN_POINT('Ctrl Pts',(-33.6782739389515,-22.7480179566715,33.8));
#3578=CARTESIAN_POINT('Ctrl Pts',(-26.1740046037551,-64.9798701312151,33.8));
#3579=CARTESIAN_POINT('Ctrl Pts',(-13.5232021038588,-106.661647546538,33.8));
#3580=CARTESIAN_POINT('Ctrl Pts',(-36.4535985005527,27.8516233769728,33.7333333333333));
#3581=CARTESIAN_POINT('Ctrl Pts',(-36.3723704170873,25.2560593672269,33.7333333333333));
#3582=CARTESIAN_POINT('Ctrl Pts',(-36.2631972690128,22.6682654505676,33.7333333333333));
#3583=CARTESIAN_POINT('Ctrl Pts',(-36.1199591053814,20.0848869199801,33.7333333333333));
#3584=CARTESIAN_POINT('Ctrl Pts',(-33.744549020737,-22.7570466950756,33.7333333333333));
#3585=CARTESIAN_POINT('Ctrl Pts',(-26.2393096757014,-64.9942686149004,33.7333333333333));
#3586=CARTESIAN_POINT('Ctrl Pts',(-13.5869952457943,-106.681009351372,33.7333333333333));
#3587=CARTESIAN_POINT('Ctrl Pts',(-36.5202325453643,27.8495380672838,33.6666666666667));
#3588=CARTESIAN_POINT('Ctrl Pts',(-36.4390346735942,25.254938507116,33.6666666666667));
#3589=CARTESIAN_POINT('Ctrl Pts',(-36.3297943352728,22.6651628510365,33.6666666666667));
#3590=CARTESIAN_POINT('Ctrl Pts',(-36.1865235321783,20.0811961843288,33.6666666666667));
#3591=CARTESIAN_POINT('Ctrl Pts',(-33.810804598216,-22.7660686804269,33.6666666666667));
#3592=CARTESIAN_POINT('Ctrl Pts',(-26.3000789576151,-65.0235570620334,33.6666666666667));
#3593=CARTESIAN_POINT('Ctrl Pts',(-13.6507883877297,-106.700371156207,33.6666666666667));
#3594=CARTESIAN_POINT('Ctrl Pts',(-36.5868665901758,27.8474527575948,33.6));
#3595=CARTESIAN_POINT('Ctrl Pts',(-36.5056536125581,25.252370972638,33.6));
#3596=CARTESIAN_POINT('Ctrl Pts',(-36.3963913582993,22.6620602733168,33.6));
#3597=CARTESIAN_POINT('Ctrl Pts',(-36.2530879589751,20.0775054486775,33.6));
#3598=CARTESIAN_POINT('Ctrl Pts',(-33.8770796800015,-22.775097418831,33.6));
#3599=CARTESIAN_POINT('Ctrl Pts',(-26.3653840295614,-65.0379555457187,33.6));
#3600=CARTESIAN_POINT('Ctrl Pts',(-13.7145815296651,-106.719732961041,33.6));
#3601=CARTESIAN_POINT('',(-36.5868664961983,27.8474497546344,33.6));
#3602=CARTESIAN_POINT('Ctrl Pts',(-36.5868664961983,27.8474497546344,33.6));
#3603=CARTESIAN_POINT('Ctrl Pts',(-36.5056535282678,25.252368974345,33.6));
#3604=CARTESIAN_POINT('Ctrl Pts',(-36.3963913030237,22.6620592763905,33.6));
#3605=CARTESIAN_POINT('Ctrl Pts',(-36.2530879589751,20.0775054486775,33.6));
#3606=CARTESIAN_POINT('Ctrl Pts',(-33.8770796884792,-22.7750972659319,33.6));
#3607=CARTESIAN_POINT('Ctrl Pts',(-26.3653840831652,-65.037955244129,33.6));
#3608=CARTESIAN_POINT('Ctrl Pts',(-13.7145816650802,-106.719732514877,33.6));
#3609=CARTESIAN_POINT('Ctrl Pts',(-36.3842461570151,27.7671821028615,33.7999999999629));
#3610=CARTESIAN_POINT('Ctrl Pts',(-36.4179099462497,27.7805159621411,33.766773234992));
#3611=CARTESIAN_POINT('Ctrl Pts',(-36.4515739986284,27.7938609242721,33.7335456932288));
#3612=CARTESIAN_POINT('Ctrl Pts',(-36.4855592498714,27.8073266779048,33.7000000278522));
#3613=CARTESIAN_POINT('Ctrl Pts',(-36.4919375405924,27.8098539062849,33.6937042378146));
#3614=CARTESIAN_POINT('Ctrl Pts',(-36.5465192374793,27.8314720124235,33.6398276258016));
#3615=CARTESIAN_POINT('Ctrl Pts',(-36.5809978170531,27.8451257283456,33.6057931039433));
#3616=CARTESIAN_POINT('Ctrl Pts',(-36.5830284191069,27.8459298584443,33.6037886544897));
#3617=CARTESIAN_POINT('Ctrl Pts',(-36.5849892962201,27.8467063760135,33.6018530287856));
#3618=CARTESIAN_POINT('Ctrl Pts',(-36.5868664961983,27.8474497546344,33.6));
#3619=CARTESIAN_POINT('Origin',(-37.8300240468485,26.462874627131,33.7));
#3620=CARTESIAN_POINT('',(-24.8343152953709,39.6000008306386,33.6));
#3621=CARTESIAN_POINT('',(-37.9007347144031,26.5335853158137,33.6));
#3622=CARTESIAN_POINT('',(-24.7514726029618,39.4000008280762,33.8));
#3623=CARTESIAN_POINT('Origin',(1.18451440875022E-6,39.5000000624975,33.7));
#3624=CARTESIAN_POINT('',(1.18760747191137E-6,39.6000000624975,33.6));
#3625=CARTESIAN_POINT('Origin',(36.5868681896004,27.847451448037,32.));
#3626=CARTESIAN_POINT('',(36.5868664961983,27.8474497546344,32.2));
#3627=CARTESIAN_POINT('',(36.5868664961983,27.8474497546344,32.));
#3628=CARTESIAN_POINT('',(24.8343152953709,39.6000008306386,32.2));
#3629=CARTESIAN_POINT('',(43.7770111615178,20.657310624513,32.2));
#3630=CARTESIAN_POINT('',(24.8343152953709,39.6000008306386,32.));
#3631=CARTESIAN_POINT('Ctrl Pts',(13.7145816650802,-106.719732514877,32.));
#3632=CARTESIAN_POINT('Ctrl Pts',(13.7145816650802,-106.719732514877,33.8));
#3633=CARTESIAN_POINT('Ctrl Pts',(26.3653841198381,-65.0379552482757,32.));
#3634=CARTESIAN_POINT('Ctrl Pts',(26.3653841198381,-65.0379552482757,33.8));
#3635=CARTESIAN_POINT('Ctrl Pts',(33.8770796884792,-22.7750972659319,32.));
#3636=CARTESIAN_POINT('Ctrl Pts',(33.8770796884792,-22.7750972659319,33.8));
#3637=CARTESIAN_POINT('Ctrl Pts',(36.2530879589751,20.0775054486775,32.));
#3638=CARTESIAN_POINT('Ctrl Pts',(36.2530879589751,20.0775054486775,33.8));
#3639=CARTESIAN_POINT('Ctrl Pts',(36.3963913030237,22.6620592763905,32.));
#3640=CARTESIAN_POINT('Ctrl Pts',(36.3963913030237,22.6620592763905,33.8));
#3641=CARTESIAN_POINT('Ctrl Pts',(36.5056535499064,25.2523689706644,32.));
#3642=CARTESIAN_POINT('Ctrl Pts',(36.5056535499064,25.2523689706644,33.8));
#3643=CARTESIAN_POINT('Ctrl Pts',(36.5868664961983,27.8474497546344,32.));
#3644=CARTESIAN_POINT('Ctrl Pts',(36.5868664961983,27.8474497546344,33.8));
#3645=CARTESIAN_POINT('',(13.7145816650802,-106.719732514877,32.2));
#3646=CARTESIAN_POINT('',(13.7145816650802,-106.719732514877,32.));
#3647=CARTESIAN_POINT('Ctrl Pts',(36.5868664961983,27.8474497546344,32.2));
#3648=CARTESIAN_POINT('Ctrl Pts',(36.5056535282678,25.252368974345,32.2));
#3649=CARTESIAN_POINT('Ctrl Pts',(36.3963913030237,22.6620592763905,32.2));
#3650=CARTESIAN_POINT('Ctrl Pts',(36.2530879589751,20.0775054486775,32.2));
#3651=CARTESIAN_POINT('Ctrl Pts',(33.8770796884792,-22.775097265932,32.2));
#3652=CARTESIAN_POINT('Ctrl Pts',(26.3653841198381,-65.0379552482757,32.2));
#3653=CARTESIAN_POINT('Ctrl Pts',(13.7145816650802,-106.719732514877,32.2));
#3654=CARTESIAN_POINT('Origin',(5.83431455636,-114.599999944089,32.));
#3655=CARTESIAN_POINT('',(5.83431455636,-114.599999944089,32.2));
#3656=CARTESIAN_POINT('',(5.83431455636,-114.599999944089,32.));
#3657=CARTESIAN_POINT('',(23.6507360722916,-96.7835777035596,32.2));
#3658=CARTESIAN_POINT('Origin',(3.33307318879575E-15,-114.599999931866,
32.));
#3659=CARTESIAN_POINT('',(-3.33066907387547E-15,-114.599999953209,32.2));
#3660=CARTESIAN_POINT('',(-3.33066907387547E-15,-114.599999953209,32.));
#3661=CARTESIAN_POINT('',(-8.076512679353E-8,-114.599999931866,32.2));
#3662=CARTESIAN_POINT('Origin',(-5.83431455636001,-114.599999944089,32.));
#3663=CARTESIAN_POINT('',(-5.83431455636001,-114.599999944089,32.2));
#3664=CARTESIAN_POINT('',(-5.83431455636001,-114.599999944089,32.));
#3665=CARTESIAN_POINT('',(-2.91715733844187,-114.599999948649,32.2));
#3666=CARTESIAN_POINT('Origin',(4.40008600031243,-55.6172256813115,32.1));
#3667=CARTESIAN_POINT('',(4.50010290074604,-68.7349086267825,32.2));
#3668=CARTESIAN_POINT('',(4.50008600031235,-55.6172255524745,32.2));
#3669=CARTESIAN_POINT('',(4.3001098892923,-74.159239088011,32.));
#3670=CARTESIAN_POINT('',(4.50010934201627,-73.7344573414108,32.2));
#3671=CARTESIAN_POINT('',(4.30010278022944,-68.6413668617867,32.));
#3672=CARTESIAN_POINT('',(4.30008600031252,-55.6172258101486,32.));
#3673=CARTESIAN_POINT('',(4.30010278022944,-68.6413668617867,32.));
#3674=CARTESIAN_POINT('Origin',(19.7432729655367,-61.265098687038,32.1));
#3675=CARTESIAN_POINT('',(19.9202433762934,-61.2485624593559,32.));
#3676=CARTESIAN_POINT('',(19.8069818975418,-61.3421776853629,32.));
#3677=CARTESIAN_POINT('Ctrl Pts',(19.9202433762934,-61.2485624593559,32.));
#3678=CARTESIAN_POINT('Ctrl Pts',(19.8900759953831,-61.2302503310211,32.0333341212843));
#3679=CARTESIAN_POINT('Ctrl Pts',(19.8599086144728,-61.2119382026863,32.0666682425686));
#3680=CARTESIAN_POINT('Ctrl Pts',(19.7995752788436,-61.1753148117398,32.1333349092352));
#3681=CARTESIAN_POINT('Ctrl Pts',(19.7694093241245,-61.1570035491281,32.1666674546176));
#3682=CARTESIAN_POINT('Ctrl Pts',(19.7392433694055,-61.1386922865163,32.2));
#3683=CARTESIAN_POINT('Origin',(10.7942911064718,-63.3478051999725,32.1));
#3684=CARTESIAN_POINT('',(10.8583933991603,-63.4245573730498,32.2));
#3685=CARTESIAN_POINT('',(21.33982843861,-54.4100371457551,32.));
#3686=CARTESIAN_POINT('',(10.7301888137834,-63.2710530268952,32.));
#3687=CARTESIAN_POINT('Ctrl Pts',(21.3398284386099,-54.4100371457551,32.));
#3688=CARTESIAN_POINT('Ctrl Pts',(21.2982530248872,-54.4798598980674,32.026939686311));
#3689=CARTESIAN_POINT('Ctrl Pts',(21.2566788469368,-54.5496764864195,32.053879372622));
#3690=CARTESIAN_POINT('Ctrl Pts',(21.2151034364618,-54.6194992152718,32.080819058933));
#3691=CARTESIAN_POINT('Ctrl Pts',(21.1605818663478,-54.7110640311853,32.1161474893508));
#3692=CARTESIAN_POINT('Ctrl Pts',(21.1060591465191,-54.8026346045203,32.1514759197685));
#3693=CARTESIAN_POINT('Ctrl Pts',(21.0515374208515,-54.8942002066933,32.1868043501863));
#3694=CARTESIAN_POINT('Ctrl Pts',(21.0447492185392,-54.9056005397675,32.1912029001242));
#3695=CARTESIAN_POINT('Ctrl Pts',(21.0379610441737,-54.9170007338512,32.1956014500621));
#3696=CARTESIAN_POINT('Ctrl Pts',(21.031172923896,-54.9284006597633,32.2));
#3697=CARTESIAN_POINT('Ctrl Pts',(21.1437816910427,-54.3704685626583,32.2));
#3698=CARTESIAN_POINT('Ctrl Pts',(21.1062454353271,-54.55644592836,32.2));
#3699=CARTESIAN_POINT('Ctrl Pts',(21.0687091796115,-54.7424232940617,32.2));
#3700=CARTESIAN_POINT('Ctrl Pts',(20.6130790052019,-56.9998913860589,32.2));
#3701=CARTESIAN_POINT('Ctrl Pts',(20.1824365171538,-59.0699868294672,32.1999999999999));
#3702=CARTESIAN_POINT('Ctrl Pts',(19.7343892262311,-61.16135011082,32.2));
#3703=CARTESIAN_POINT('Ctrl Pts',(19.7295350830566,-61.1840079351237,32.2));
#3704=CARTESIAN_POINT('Ctrl Pts',(19.7246809398822,-61.2066657594274,32.2));
#3705=CARTESIAN_POINT('Ctrl Pts',(21.2091306068984,-54.3836580903573,32.1333333333333));
#3706=CARTESIAN_POINT('Ctrl Pts',(21.1715919974637,-54.5696471194485,32.1333333333333));
#3707=CARTESIAN_POINT('Ctrl Pts',(21.1340616276521,-54.7555953191459,32.1333333333333));
#3708=CARTESIAN_POINT('Ctrl Pts',(20.6783769513121,-57.0133334676786,32.1333333333333));
#3709=CARTESIAN_POINT('Ctrl Pts',(20.247678464495,-59.0836983468952,32.1333333333332));
#3710=CARTESIAN_POINT('Ctrl Pts',(19.7995762594946,-61.1753177472949,32.1333333333333));
#3711=CARTESIAN_POINT('Ctrl Pts',(19.7947228492263,-61.1979721703941,32.1333333333333));
#3712=CARTESIAN_POINT('Ctrl Pts',(19.7898684186859,-61.2206313260702,32.1333333333333));
#3713=CARTESIAN_POINT('Ctrl Pts',(21.2744795227542,-54.3968476180562,32.0666666666667));
#3714=CARTESIAN_POINT('Ctrl Pts',(21.2369456207578,-54.5828133203683,32.0666666666667));
#3715=CARTESIAN_POINT('Ctrl Pts',(21.1994108882463,-54.7687828910777,32.0666666666667));
#3716=CARTESIAN_POINT('Ctrl Pts',(20.743700580353,-57.0266506598412,32.0666666666667));
#3717=CARTESIAN_POINT('Ctrl Pts',(20.3127866492476,-59.0980342569566,32.0666666666667));
#3718=CARTESIAN_POINT('Ctrl Pts',(19.8647644079152,-61.1892802031712,32.0666666666667));
#3719=CARTESIAN_POINT('Ctrl Pts',(19.8599097532982,-61.2119403997818,32.0666666666667));
#3720=CARTESIAN_POINT('Ctrl Pts',(19.8550558974897,-61.2345968927131,32.0666666666667));
#3721=CARTESIAN_POINT('Ctrl Pts',(21.33982843861,-54.4100371457551,32.));
#3722=CARTESIAN_POINT('Ctrl Pts',(21.3022921828944,-54.5960145114568,32.));
#3723=CARTESIAN_POINT('Ctrl Pts',(21.2647633362869,-54.7819549161619,32.));
#3724=CARTESIAN_POINT('Ctrl Pts',(20.8089985264633,-57.0400927414609,32.));
#3725=CARTESIAN_POINT('Ctrl Pts',(20.3780285965888,-59.1117457743847,32.));
#3726=CARTESIAN_POINT('Ctrl Pts',(19.9299514411788,-61.2032478396462,32.));
#3727=CARTESIAN_POINT('Ctrl Pts',(19.9250975194679,-61.2259046350522,32.));
#3728=CARTESIAN_POINT('Ctrl Pts',(19.9202433762934,-61.2485624593559,32.));
#3729=CARTESIAN_POINT('Ctrl Pts',(21.33982843861,-54.4100371457551,32.));
#3730=CARTESIAN_POINT('Ctrl Pts',(21.3022921828944,-54.5960145114568,32.));
#3731=CARTESIAN_POINT('Ctrl Pts',(21.2647633362869,-54.7819549161619,32.));
#3732=CARTESIAN_POINT('Ctrl Pts',(20.8089985264633,-57.0400927414609,32.));
#3733=CARTESIAN_POINT('Ctrl Pts',(20.3780285965888,-59.1117457743847,32.));
#3734=CARTESIAN_POINT('Ctrl Pts',(19.9299514411788,-61.2032478396462,32.));
#3735=CARTESIAN_POINT('Ctrl Pts',(19.9250975194679,-61.2259046350522,32.));
#3736=CARTESIAN_POINT('Ctrl Pts',(19.9202433762934,-61.2485624593559,32.));
#3737=CARTESIAN_POINT('Origin',(4.50010934201627,-73.7344573414108,32.));
#3738=CARTESIAN_POINT('',(4.50010290074604,-68.7349086267825,32.));
#3739=CARTESIAN_POINT('Origin',(0.,-37.4999995612853,32.));
#3740=CARTESIAN_POINT('',(-1.57228681029227E-8,39.4000000624975,32.));
#3741=CARTESIAN_POINT('',(-24.7514726029618,39.4000008280762,32.));
#3742=CARTESIAN_POINT('',(1.18142134558908E-6,39.4000000624975,32.));
#3743=CARTESIAN_POINT('',(24.7514726029618,39.4000008280762,32.));
#3744=CARTESIAN_POINT('',(12.4171564614957,39.400000446568,32.));
#3745=CARTESIAN_POINT('',(36.3842476339465,27.7672292729302,32.));
#3746=CARTESIAN_POINT('',(43.6355898264087,20.5158892471475,32.));
#3747=CARTESIAN_POINT('',(13.5377439212725,-106.61372754765,32.));
#3748=CARTESIAN_POINT('Ctrl Pts',(13.537743921304,-106.613727547669,32.));
#3749=CARTESIAN_POINT('Ctrl Pts',(26.1752392654216,-64.9623770272353,32.));
#3750=CARTESIAN_POINT('Ctrl Pts',(33.6791844557085,-22.7315962912518,32.));
#3751=CARTESIAN_POINT('Ctrl Pts',(36.0533946785845,20.0885776556314,32.));
#3752=CARTESIAN_POINT('Ctrl Pts',(36.1950094486432,22.6426771321368,32.));
#3753=CARTESIAN_POINT('Ctrl Pts',(36.3033222655401,25.2011463842349,32.));
#3754=CARTESIAN_POINT('Ctrl Pts',(36.3842476445514,27.7672292725965,32.));
#3755=CARTESIAN_POINT('',(5.75147184167654,-114.399999943915,32.));
#3756=CARTESIAN_POINT('',(23.5093147131785,-96.6421563501981,32.));
#3757=CARTESIAN_POINT('',(3.12639358845956E-10,-114.399999953209,32.));
#3758=CARTESIAN_POINT('',(-8.03461118618991E-8,-114.399999931866,32.));
#3759=CARTESIAN_POINT('',(-5.7514718437559,-114.399999944219,32.));
#3760=CARTESIAN_POINT('',(-2.91715733812923,-114.399999948649,32.));
#3761=CARTESIAN_POINT('',(-13.5377437823038,-106.613728005671,32.));
#3762=CARTESIAN_POINT('',(-27.4494482912167,-92.7020234967577,32.));
#3763=CARTESIAN_POINT('',(-36.3842476339465,27.7672292729301,32.));
#3764=CARTESIAN_POINT('Ctrl Pts',(-36.3842476445514,27.7672292725965,32.));
#3765=CARTESIAN_POINT('Ctrl Pts',(-36.3033222655401,25.2011463842349,32.));
#3766=CARTESIAN_POINT('Ctrl Pts',(-36.1950094486432,22.6426771321368,32.));
#3767=CARTESIAN_POINT('Ctrl Pts',(-36.0533946785845,20.0885776556314,32.));
#3768=CARTESIAN_POINT('Ctrl Pts',(-33.6791841218158,-22.7316023131873,32.));
#3769=CARTESIAN_POINT('Ctrl Pts',(-26.1797552922545,-64.947502242867,32.));
#3770=CARTESIAN_POINT('Ctrl Pts',(-13.537743783763,-106.613728006113,32.));
#3771=CARTESIAN_POINT('',(-37.7593133792939,26.3921639384483,32.));
#3772=CARTESIAN_POINT('',(4.29997445462107,-88.6378872899211,32.));
#3773=CARTESIAN_POINT('',(15.6339322994606,-79.6568849974584,32.));
#3774=CARTESIAN_POINT('',(15.4631533297024,-79.792209862779,32.));
#3775=CARTESIAN_POINT('',(4.29995913555705,-94.1434888944324,32.));
#3776=CARTESIAN_POINT('',(4.30003850828124,-65.617294518081,32.));
#3777=CARTESIAN_POINT('',(13.7972243902459,-86.757254557475,32.));
#3778=CARTESIAN_POINT('',(21.4072277043257,-80.8387857903669,32.));
#3779=CARTESIAN_POINT('Ctrl Pts',(15.6339322994606,-79.6568849974584,32.));
#3780=CARTESIAN_POINT('Ctrl Pts',(15.5857405034023,-79.8476757933497,32.));
#3781=CARTESIAN_POINT('Ctrl Pts',(15.5375580849861,-80.0384292499347,32.));
#3782=CARTESIAN_POINT('Ctrl Pts',(14.9448645534895,-82.3848987897324,32.));
#3783=CARTESIAN_POINT('Ctrl Pts',(14.3863797549164,-84.5399820630508,32.));
#3784=CARTESIAN_POINT('Ctrl Pts',(13.8087627328874,-86.7138302593807,32.));
#3785=CARTESIAN_POINT('Ctrl Pts',(13.8029936909509,-86.7355419234269,32.));
#3786=CARTESIAN_POINT('Ctrl Pts',(13.7972243902459,-86.757254557475,32.));
#3787=CARTESIAN_POINT('',(3.69999988991814,-100.400000052066,32.));
#3788=CARTESIAN_POINT('',(3.70000007437964,-112.800000055041,32.));
#3789=CARTESIAN_POINT('',(3.69999942355782,-69.0499997776675,32.));
#3790=CARTESIAN_POINT('',(-3.69999981851368,-100.400000052066,32.));
#3791=CARTESIAN_POINT('',(-1.74999991074443,-100.400000052066,32.));
#3792=CARTESIAN_POINT('',(-3.70000000297518,-112.800000055041,32.));
#3793=CARTESIAN_POINT('',(-3.69999944140892,-75.0499997776675,32.));
#3794=CARTESIAN_POINT('',(-2.97518176761713E-9,-112.8,32.));
#3795=CARTESIAN_POINT('',(5.61566278767919E-7,-112.8,32.));
#3796=CARTESIAN_POINT('',(1.74999947413596,-112.800000026033,32.));
#3797=CARTESIAN_POINT('',(-15.6339322994605,-79.6568849974584,32.));
#3798=CARTESIAN_POINT('',(-4.29997445462107,-88.6378872899211,32.));
#3799=CARTESIAN_POINT('',(-20.8608898097119,-75.5150558125593,32.));
#3800=CARTESIAN_POINT('',(-13.7972243902459,-86.757254557475,32.));
#3801=CARTESIAN_POINT('Ctrl Pts',(-13.7972243902459,-86.757254557475,32.));
#3802=CARTESIAN_POINT('Ctrl Pts',(-13.8029936909509,-86.7355419234269,32.));
#3803=CARTESIAN_POINT('Ctrl Pts',(-13.8087618198137,-86.7138336833588,32.));
#3804=CARTESIAN_POINT('Ctrl Pts',(-14.3865090742566,-84.539496996454,31.9999999999998));
#3805=CARTESIAN_POINT('Ctrl Pts',(-14.9449895976662,-82.3844020707806,32.));
#3806=CARTESIAN_POINT('Ctrl Pts',(-15.5375505047741,-80.0384594319458,32.));
#3807=CARTESIAN_POINT('Ctrl Pts',(-15.5857405034023,-79.8476757933497,32.));
#3808=CARTESIAN_POINT('Ctrl Pts',(-15.6339322994606,-79.6568849974584,32.));
#3809=CARTESIAN_POINT('',(-4.29995913555705,-94.1434888944324,32.));
#3810=CARTESIAN_POINT('',(-16.8465881283606,-84.3856965832238,32.));
#3811=CARTESIAN_POINT('',(-4.30004546439667,-63.1172984197104,32.));
#3812=CARTESIAN_POINT('',(-3.69999991143637,37.8,32.));
#3813=CARTESIAN_POINT('',(3.69999985287811,37.8,32.));
#3814=CARTESIAN_POINT('',(-1.74999995720578,37.8,32.));
#3815=CARTESIAN_POINT('',(-3.70000009589787,25.4,32.));
#3816=CARTESIAN_POINT('',(-3.70000056225819,-5.94999975163462,32.));
#3817=CARTESIAN_POINT('',(3.69999999592856,25.4,32.));
#3818=CARTESIAN_POINT('',(1.74999999681065,25.4,32.));
#3819=CARTESIAN_POINT('',(3.70000028837442,0.0500002418531536,32.));
#3820=CARTESIAN_POINT('',(4.29996386739438,-78.6396073541606,32.));
#3821=CARTESIAN_POINT('',(18.6774625432134,-66.8981877417248,32.));
#3822=CARTESIAN_POINT('',(13.1244080305999,-71.4331033507232,32.));
#3823=CARTESIAN_POINT('',(4.29994424940522,-84.1524545344535,32.));
#3824=CARTESIAN_POINT('',(4.30002800147525,-60.6173022116653,32.));
#3825=CARTESIAN_POINT('',(17.0516294178643,-73.882950984129,32.));
#3826=CARTESIAN_POINT('',(20.7401290882539,-70.9124368944204,32.));
#3827=CARTESIAN_POINT('Ctrl Pts',(18.6774625432134,-66.8981877417247,32.));
#3828=CARTESIAN_POINT('Ctrl Pts',(18.6346107583514,-67.0870980491491,32.));
#3829=CARTESIAN_POINT('Ctrl Pts',(18.5917673802615,-67.2759710635066,32.));
#3830=CARTESIAN_POINT('Ctrl Pts',(18.0683468915614,-69.58345095164,32.));
#3831=CARTESIAN_POINT('Ctrl Pts',(17.5743670560912,-71.7014660176309,32.));
#3832=CARTESIAN_POINT('Ctrl Pts',(17.0622301674444,-73.8387119960588,32.));
#3833=CARTESIAN_POINT('Ctrl Pts',(17.056929912677,-73.8608309913699,32.));
#3834=CARTESIAN_POINT('Ctrl Pts',(17.0516294178643,-73.882950984129,32.));
#3835=CARTESIAN_POINT('',(-21.33982843861,-54.4100371457551,32.));
#3836=CARTESIAN_POINT('',(-4.30010278022944,-68.6413668617867,32.));
#3837=CARTESIAN_POINT('',(-18.9957238253584,-56.3677990433856,32.));
#3838=CARTESIAN_POINT('',(-19.9202433762934,-61.2485624593559,32.));
#3839=CARTESIAN_POINT('Ctrl Pts',(-19.9202433762934,-61.248562459356,32.));
#3840=CARTESIAN_POINT('Ctrl Pts',(-19.9250975194679,-61.2259046350522,32.));
#3841=CARTESIAN_POINT('Ctrl Pts',(-19.9299506582218,-61.2032514788372,32.));
#3842=CARTESIAN_POINT('Ctrl Pts',(-20.3781307691113,-59.1112707189471,32.));
#3843=CARTESIAN_POINT('Ctrl Pts',(-20.8090960982936,-57.0396073806022,32.));
#3844=CARTESIAN_POINT('Ctrl Pts',(-21.2647573434012,-54.7819848115938,32.));
#3845=CARTESIAN_POINT('Ctrl Pts',(-21.3022921828944,-54.5960145114568,32.));
#3846=CARTESIAN_POINT('Ctrl Pts',(-21.33982843861,-54.4100371457551,32.));
#3847=CARTESIAN_POINT('',(-4.3001098892923,-74.159239088011,32.));
#3848=CARTESIAN_POINT('',(-12.1874148838472,-67.6400602128102,32.));
#3849=CARTESIAN_POINT('',(-4.3000827796774,-53.1174514528344,32.));
#3850=CARTESIAN_POINT('',(-18.6774625432134,-66.8981877417248,32.));
#3851=CARTESIAN_POINT('',(-4.29996386739438,-78.6396073541606,32.));
#3852=CARTESIAN_POINT('',(-20.0513573926719,-65.7761931378937,32.));
#3853=CARTESIAN_POINT('',(-17.0516294178643,-73.882950984129,32.));
#3854=CARTESIAN_POINT('Ctrl Pts',(-17.0516294178643,-73.882950984129,32.));
#3855=CARTESIAN_POINT('Ctrl Pts',(-17.056929912677,-73.8608309913699,32.));
#3856=CARTESIAN_POINT('Ctrl Pts',(-17.0622293197199,-73.8387155200234,32.));
#3857=CARTESIAN_POINT('Ctrl Pts',(-17.5744828918919,-71.7009843518992,32.0000000000001));
#3858=CARTESIAN_POINT('Ctrl Pts',(-18.0684582414852,-69.582958272218,32.));
#3859=CARTESIAN_POINT('Ctrl Pts',(-18.5917605824843,-67.2760012184492,32.));
#3860=CARTESIAN_POINT('Ctrl Pts',(-18.6346107583514,-67.087098049149,32.));
#3861=CARTESIAN_POINT('Ctrl Pts',(-18.6774625432134,-66.8981877417247,32.));
#3862=CARTESIAN_POINT('',(-4.29994424940523,-84.1524545344535,32.));
#3863=CARTESIAN_POINT('',(-14.5535835133735,-75.89473930435,32.));
#3864=CARTESIAN_POINT('',(-4.30003689813037,-58.1172549491409,32.));
#3865=CARTESIAN_POINT('Origin',(15.5252588400049,-79.8705865531281,32.1));
#3866=CARTESIAN_POINT('',(15.2954471455819,-80.1802777693241,32.2));
#3867=CARTESIAN_POINT('',(15.5873643503073,-79.9489632434771,32.2));
#3868=CARTESIAN_POINT('',(4.49997418556282,-88.7345858697636,32.2));
#3869=CARTESIAN_POINT('Ctrl Pts',(15.6339322994606,-79.6568849974584,32.));
#3870=CARTESIAN_POINT('Ctrl Pts',(15.5886701409027,-79.7268729610568,32.0267439549648));
#3871=CARTESIAN_POINT('Ctrl Pts',(15.5434095365201,-79.7968547372257,32.0534879099296));
#3872=CARTESIAN_POINT('Ctrl Pts',(15.4981473924948,-79.8668426367929,32.0802318648943));
#3873=CARTESIAN_POINT('Ctrl Pts',(15.4385632924675,-79.9589762751418,32.115438206133));
#3874=CARTESIAN_POINT('Ctrl Pts',(15.3789777567546,-80.0511156490824,32.1506445473717));
#3875=CARTESIAN_POINT('Ctrl Pts',(15.3193934047565,-80.1432502989335,32.1858508886103));
#3876=CARTESIAN_POINT('Ctrl Pts',(15.3114112666545,-80.1555929941955,32.1905672590735));
#3877=CARTESIAN_POINT('Ctrl Pts',(15.3034291668931,-80.1679355371418,32.1952836295368));
#3878=CARTESIAN_POINT('Ctrl Pts',(15.2954471455819,-80.180277769324,32.2));
#3879=CARTESIAN_POINT('Origin',(4.40003850828085,-65.617294796326,32.1));
#3880=CARTESIAN_POINT('',(4.29995913555705,-94.1434888944324,32.));
#3881=CARTESIAN_POINT('Ctrl Pts',(15.4400225337568,-79.6079053816501,32.2));
#3882=CARTESIAN_POINT('Ctrl Pts',(15.3918307376985,-79.7986961775414,32.2));
#3883=CARTESIAN_POINT('Ctrl Pts',(15.3436389416402,-79.9894869734327,32.2));
#3884=CARTESIAN_POINT('Ctrl Pts',(14.7511178146034,-82.335271664109,32.2));
#3885=CARTESIAN_POINT('Ctrl Pts',(14.1930493719434,-84.4887625473576,32.2000000000001));
#3886=CARTESIAN_POINT('Ctrl Pts',(13.6154701245572,-86.662469114839,32.2));
#3887=CARTESIAN_POINT('Ctrl Pts',(13.6097008238522,-86.6841817488871,32.2));
#3888=CARTESIAN_POINT('Ctrl Pts',(13.6039315231471,-86.7058943829353,32.2));
#3889=CARTESIAN_POINT('Ctrl Pts',(15.5046591223247,-79.6242319202529,32.1333333333333));
#3890=CARTESIAN_POINT('Ctrl Pts',(15.4564643495308,-79.815034502297,32.1333333333333));
#3891=CARTESIAN_POINT('Ctrl Pts',(15.4082799967071,-80.0057958276196,32.1333333333333));
#3892=CARTESIAN_POINT('Ctrl Pts',(14.8156890773428,-82.3518568419604,32.1333333333333));
#3893=CARTESIAN_POINT('Ctrl Pts',(14.2575493530194,-84.5056229975837,32.1333333333334));
#3894=CARTESIAN_POINT('Ctrl Pts',(13.6799005625043,-86.6795911132618,32.1333333333333));
#3895=CARTESIAN_POINT('Ctrl Pts',(13.6741321123987,-86.7013005628748,32.1333333333333));
#3896=CARTESIAN_POINT('Ctrl Pts',(13.6683624788467,-86.7230144411152,32.1333333333333));
#3897=CARTESIAN_POINT('Ctrl Pts',(15.5692957108926,-79.6405584588557,32.0666666666667));
#3898=CARTESIAN_POINT('Ctrl Pts',(15.52110689157,-79.8313374685941,32.0666666666667));
#3899=CARTESIAN_POINT('Ctrl Pts',(15.4729170299193,-80.0221203957478,32.0666666666667));
#3900=CARTESIAN_POINT('Ctrl Pts',(14.8802932907502,-82.368313611881,32.0666666666667));
#3901=CARTESIAN_POINT('Ctrl Pts',(14.3218797738404,-84.5231216128247,32.0666666666667));
#3902=CARTESIAN_POINT('Ctrl Pts',(13.7443322949403,-86.6967082609578,32.0666666666667));
#3903=CARTESIAN_POINT('Ctrl Pts',(13.7385624024044,-86.7184231094392,32.0666666666667));
#3904=CARTESIAN_POINT('Ctrl Pts',(13.7327934345463,-86.7401344992951,32.0666666666667));
#3905=CARTESIAN_POINT('Ctrl Pts',(15.6339322994606,-79.6568849974584,32.));
#3906=CARTESIAN_POINT('Ctrl Pts',(15.5857405034023,-79.8476757933497,32.));
#3907=CARTESIAN_POINT('Ctrl Pts',(15.5375580849861,-80.0384292499347,32.));
#3908=CARTESIAN_POINT('Ctrl Pts',(14.9448645534895,-82.3848987897324,32.));
#3909=CARTESIAN_POINT('Ctrl Pts',(14.3863797549164,-84.5399820630508,32.));
#3910=CARTESIAN_POINT('Ctrl Pts',(13.8087627328874,-86.7138302593807,32.));
#3911=CARTESIAN_POINT('Ctrl Pts',(13.8029936909509,-86.7355419234269,32.));
#3912=CARTESIAN_POINT('Ctrl Pts',(13.7972243902459,-86.757254557475,32.));
#3913=CARTESIAN_POINT('Ctrl Pts',(13.6212394252622,-86.6407564807908,32.2));
#3914=CARTESIAN_POINT('Ctrl Pts',(14.1930493719434,-84.4887625473576,32.2000000000001));
#3915=CARTESIAN_POINT('Ctrl Pts',(14.7511178146034,-82.335271664109,32.2));
#3916=CARTESIAN_POINT('Ctrl Pts',(15.2954471455819,-80.180277769324,32.2));
#3917=CARTESIAN_POINT('Ctrl Pts',(13.7972243902459,-86.757254557475,32.));
#3918=CARTESIAN_POINT('Ctrl Pts',(13.7678929618315,-86.7378378135674,32.033334016252));
#3919=CARTESIAN_POINT('Ctrl Pts',(13.7385615334171,-86.7184210696598,32.066668032504));
#3920=CARTESIAN_POINT('Ctrl Pts',(13.6798998784226,-86.6795883774318,32.1333346991707));
#3921=CARTESIAN_POINT('Ctrl Pts',(13.6505696518424,-86.6601724291113,32.1666673495854));
#3922=CARTESIAN_POINT('Ctrl Pts',(13.6212394252622,-86.6407564807909,32.2));
#3923=CARTESIAN_POINT('Origin',(21.3458363749498,-80.7598484438353,32.1));
#3924=CARTESIAN_POINT('Origin',(4.49997418556282,-88.7345858697636,32.));
#3925=CARTESIAN_POINT('',(15.2954471455819,-80.1802777693241,32.));
#3926=CARTESIAN_POINT('Origin',(-20.1146101894891,-65.8536468898674,32.1));
#3927=CARTESIAN_POINT('',(-4.49996352972631,-78.7344957463654,32.2));
#3928=CARTESIAN_POINT('',(-20.1778629863063,-65.9311006418411,32.2));
#3929=CARTESIAN_POINT('Ctrl Pts',(-18.3538622538704,-67.4206753207065,32.2));
#3930=CARTESIAN_POINT('Ctrl Pts',(-18.4077101592871,-67.3337320679933,32.1667194948892));
#3931=CARTESIAN_POINT('Ctrl Pts',(-18.4615580647038,-67.24678881528,32.1334389897783));
#3932=CARTESIAN_POINT('Ctrl Pts',(-18.5694248278182,-67.0726262889528,32.0667723231117));
#3933=CARTESIAN_POINT('Ctrl Pts',(-18.6234436855158,-66.9854070153388,32.0333861615558));
#3934=CARTESIAN_POINT('Ctrl Pts',(-18.6774625432134,-66.8981877417248,32.));
#3935=CARTESIAN_POINT('',(-4.29996386739438,-78.6396073541606,32.));
#3936=CARTESIAN_POINT('Ctrl Pts',(-16.8571354017386,-73.8363454298323,32.2));
#3937=CARTESIAN_POINT('Ctrl Pts',(-16.8624358965514,-73.8142254370732,32.2));
#3938=CARTESIAN_POINT('Ctrl Pts',(-16.8677363913641,-73.7921054443141,32.2));
#3939=CARTESIAN_POINT('Ctrl Pts',(-17.3798394351271,-71.6550001324106,32.1999999999999));
#3940=CARTESIAN_POINT('Ctrl Pts',(-17.8734471402972,-69.5385653243255,32.2));
#3941=CARTESIAN_POINT('Ctrl Pts',(-18.3967140387323,-67.2317650132821,32.2));
#3942=CARTESIAN_POINT('Ctrl Pts',(-18.4395658235943,-67.0428547058578,32.2));
#3943=CARTESIAN_POINT('Ctrl Pts',(-18.4824176084563,-66.8539443984334,32.2));
#3944=CARTESIAN_POINT('Ctrl Pts',(-16.9219667404472,-73.8518806145979,32.1333333333333));
#3945=CARTESIAN_POINT('Ctrl Pts',(-16.9272675451719,-73.8297593377199,32.1333333333333));
#3946=CARTESIAN_POINT('Ctrl Pts',(-16.932567248675,-73.8076426290001,32.1333333333333));
#3947=CARTESIAN_POINT('Ctrl Pts',(-17.4447325665147,-71.6702776255087,32.1333333333333));
#3948=CARTESIAN_POINT('Ctrl Pts',(-17.9384039509774,-69.553569551512,32.1333333333333));
#3949=CARTESIAN_POINT('Ctrl Pts',(-18.4617330228043,-67.2464951330979,32.1333333333333));
#3950=CARTESIAN_POINT('Ctrl Pts',(-18.5045781323265,-67.0576142568704,32.1333333333333));
#3951=CARTESIAN_POINT('Ctrl Pts',(-18.5474325867087,-66.8686921795305,32.1333333333333));
#3952=CARTESIAN_POINT('Ctrl Pts',(-16.9867980791558,-73.8674157993635,32.0666666666667));
#3953=CARTESIAN_POINT('Ctrl Pts',(-16.9920982640565,-73.8452970907233,32.0666666666667));
#3954=CARTESIAN_POINT('Ctrl Pts',(-16.997398462409,-73.8231783353374,32.0666666666667));
#3955=CARTESIAN_POINT('Ctrl Pts',(-17.5095897605044,-71.6857068588012,32.0666666666667));
#3956=CARTESIAN_POINT('Ctrl Pts',(-18.003501430805,-69.5679540450316,32.0666666666667));
#3957=CARTESIAN_POINT('Ctrl Pts',(-18.5267415984123,-67.2612710986334,32.0666666666667));
#3958=CARTESIAN_POINT('Ctrl Pts',(-18.5695984496192,-67.0723384981364,32.0666666666667));
#3959=CARTESIAN_POINT('Ctrl Pts',(-18.612447564961,-66.8834399606276,32.0666666666667));
#3960=CARTESIAN_POINT('Ctrl Pts',(-17.0516294178643,-73.882950984129,32.));
#3961=CARTESIAN_POINT('Ctrl Pts',(-17.056929912677,-73.8608309913699,32.));
#3962=CARTESIAN_POINT('Ctrl Pts',(-17.0622293197199,-73.8387155200234,32.));
#3963=CARTESIAN_POINT('Ctrl Pts',(-17.5744828918919,-71.7009843518992,32.0000000000001));
#3964=CARTESIAN_POINT('Ctrl Pts',(-18.0684582414852,-69.582958272218,32.));
#3965=CARTESIAN_POINT('Ctrl Pts',(-18.5917605824843,-67.2760012184492,32.));
#3966=CARTESIAN_POINT('Ctrl Pts',(-18.6346107583514,-67.087098049149,32.));
#3967=CARTESIAN_POINT('Ctrl Pts',(-18.6774625432134,-66.8981877417247,32.));
#3968=CARTESIAN_POINT('Ctrl Pts',(-17.0516294178643,-73.882950984129,32.));
#3969=CARTESIAN_POINT('Ctrl Pts',(-17.0218646454915,-73.8641238062439,32.0333326058952));
#3970=CARTESIAN_POINT('Ctrl Pts',(-16.9920996608453,-73.8452975106608,32.0666652117903));
#3971=CARTESIAN_POINT('Ctrl Pts',(-16.9623349261783,-73.8264701759688,32.0999978176854));
#3972=CARTESIAN_POINT('Ctrl Pts',(-16.9325688923627,-73.8076420195156,32.1333318784569));
#3973=CARTESIAN_POINT('Ctrl Pts',(-16.902803039285,-73.7888131071854,32.1666659392285));
#3974=CARTESIAN_POINT('Ctrl Pts',(-16.8730368861768,-73.769985451555,32.2));
#3975=CARTESIAN_POINT('Origin',(-4.40003689812974,-58.1172553050003,32.1));
#3976=CARTESIAN_POINT('',(-4.50003689812911,-58.1172556608598,32.2));
#3977=CARTESIAN_POINT('',(-4.29994424940523,-84.1524545344535,32.));
#3978=CARTESIAN_POINT('Origin',(-14.4908605139407,-75.8168558957052,32.1));
#3979=CARTESIAN_POINT('Origin',(-18.3538622538704,-67.4206753207065,32.));
#3980=CARTESIAN_POINT('',(-4.49996352972631,-78.7344957463654,32.));
#3981=CARTESIAN_POINT('Origin',(3.59999942355782,-69.0499997791551,32.1));
#3982=CARTESIAN_POINT('',(3.70000007437964,-112.800000055041,32.));
#3983=CARTESIAN_POINT('',(3.49999989289333,-100.600000052066,32.2));
#3984=CARTESIAN_POINT('',(3.49999942355782,-69.0499997806427,32.2));
#3985=CARTESIAN_POINT('',(3.69999988991814,-100.400000052066,32.));
#3986=CARTESIAN_POINT('Origin',(1.74999947562355,-112.700000026033,32.1));
#3987=CARTESIAN_POINT('',(-2.97518176761713E-9,-112.8,32.));
#3988=CARTESIAN_POINT('Origin',(5.60078685988801E-7,-112.7,32.1));
#3989=CARTESIAN_POINT('',(-3.70000000297518,-112.800000055041,32.));
#3990=CARTESIAN_POINT('Origin',(-3.59999944140892,-75.0499997791551,32.1));
#3991=CARTESIAN_POINT('',(-3.69999981851368,-100.400000052066,32.));
#3992=CARTESIAN_POINT('Origin',(-1.74999991074443,-100.500000052066,32.1));
#3993=CARTESIAN_POINT('',(-1.74999991074443,-100.600000052066,32.2));
#3994=CARTESIAN_POINT('Origin',(-3.49999982148887,-100.600000052066,32.));
#3995=CARTESIAN_POINT('',(3.49999989289333,-100.600000052066,32.));
#3996=CARTESIAN_POINT('Origin',(3.49999989289333,-100.600000052066,32.));
#3997=CARTESIAN_POINT('Origin',(-19.0598261180468,-56.4445512164629,32.1));
#3998=CARTESIAN_POINT('',(-4.50010290074604,-68.7349086267825,32.2));
#3999=CARTESIAN_POINT('',(-19.1239284107353,-56.5213033895402,32.2));
#4000=CARTESIAN_POINT('Ctrl Pts',(-21.031172923896,-54.9284006597633,32.2));
#4001=CARTESIAN_POINT('Ctrl Pts',(-21.0825339305019,-54.8421437468036,32.1667195276563));
#4002=CARTESIAN_POINT('Ctrl Pts',(-21.1338949371078,-54.7558868338439,32.1334390553125));
#4003=CARTESIAN_POINT('Ctrl Pts',(-21.2367801086791,-54.5830989958411,32.0667723886459));
#4004=CARTESIAN_POINT('Ctrl Pts',(-21.2883042736445,-54.4965680707981,32.0333861943229));
#4005=CARTESIAN_POINT('Ctrl Pts',(-21.33982843861,-54.4100371457551,32.));
#4006=CARTESIAN_POINT('',(-4.30010278022944,-68.6413668617867,32.));
#4007=CARTESIAN_POINT('Ctrl Pts',(-19.7246809398822,-61.2066657594275,32.2));
#4008=CARTESIAN_POINT('Ctrl Pts',(-19.7295350830566,-61.1840079351238,32.2));
#4009=CARTESIAN_POINT('Ctrl Pts',(-19.7343892262311,-61.16135011082,32.2));
#4010=CARTESIAN_POINT('Ctrl Pts',(-20.1824365171539,-59.0699868294669,32.2));
#4011=CARTESIAN_POINT('Ctrl Pts',(-20.6130790052018,-56.9998913860589,32.2));
#4012=CARTESIAN_POINT('Ctrl Pts',(-21.0687091796116,-54.7424232940617,32.2));
#4013=CARTESIAN_POINT('Ctrl Pts',(-21.1062454353271,-54.55644592836,32.2));
#4014=CARTESIAN_POINT('Ctrl Pts',(-21.1437816910427,-54.3704685626583,32.2));
#4015=CARTESIAN_POINT('Ctrl Pts',(-19.7898684186859,-61.2206313260703,32.1333333333333));
#4016=CARTESIAN_POINT('Ctrl Pts',(-19.7947228492263,-61.1979721703942,32.1333333333333));
#4017=CARTESIAN_POINT('Ctrl Pts',(-19.7995762594946,-61.175317747295,32.1333333333333));
#4018=CARTESIAN_POINT('Ctrl Pts',(-20.2476784644951,-59.0836983468949,32.1333333333333));
#4019=CARTESIAN_POINT('Ctrl Pts',(-20.6783769513121,-57.0133334676787,32.1333333333333));
#4020=CARTESIAN_POINT('Ctrl Pts',(-21.1340616276521,-54.7555953191459,32.1333333333334));
#4021=CARTESIAN_POINT('Ctrl Pts',(-21.1715919974637,-54.5696471194485,32.1333333333333));
#4022=CARTESIAN_POINT('Ctrl Pts',(-21.2091306068984,-54.3836580903573,32.1333333333333));
#4023=CARTESIAN_POINT('Ctrl Pts',(-19.8550558974897,-61.2345968927131,32.0666666666667));
#4024=CARTESIAN_POINT('Ctrl Pts',(-19.8599097532982,-61.2119403997819,32.0666666666667));
#4025=CARTESIAN_POINT('Ctrl Pts',(-19.8647636249582,-61.1892838423622,32.0666666666667));
#4026=CARTESIAN_POINT('Ctrl Pts',(-20.3128888217701,-59.0975592015191,32.0666666666666));
#4027=CARTESIAN_POINT('Ctrl Pts',(-20.7437981521834,-57.0261652989825,32.0666666666667));
#4028=CARTESIAN_POINT('Ctrl Pts',(-21.1994048953607,-54.7688127865096,32.0666666666667));
#4029=CARTESIAN_POINT('Ctrl Pts',(-21.2369456207578,-54.5828133203683,32.0666666666667));
#4030=CARTESIAN_POINT('Ctrl Pts',(-21.2744795227542,-54.3968476180562,32.0666666666667));
#4031=CARTESIAN_POINT('Ctrl Pts',(-19.9202433762934,-61.248562459356,32.));
#4032=CARTESIAN_POINT('Ctrl Pts',(-19.9250975194679,-61.2259046350522,32.));
#4033=CARTESIAN_POINT('Ctrl Pts',(-19.9299506582218,-61.2032514788372,32.));
#4034=CARTESIAN_POINT('Ctrl Pts',(-20.3781307691113,-59.1112707189471,32.));
#4035=CARTESIAN_POINT('Ctrl Pts',(-20.8090960982936,-57.0396073806022,32.));
#4036=CARTESIAN_POINT('Ctrl Pts',(-21.2647573434012,-54.7819848115938,32.));
#4037=CARTESIAN_POINT('Ctrl Pts',(-21.3022921828944,-54.5960145114568,32.));
#4038=CARTESIAN_POINT('Ctrl Pts',(-21.33982843861,-54.4100371457551,32.));
#4039=CARTESIAN_POINT('Ctrl Pts',(-19.9202433762934,-61.2485624593559,32.));
#4040=CARTESIAN_POINT('Ctrl Pts',(-19.8900774215744,-61.2302511967442,32.0333325453824));
#4041=CARTESIAN_POINT('Ctrl Pts',(-19.8599112708808,-61.2119408448871,32.0666650907648));
#4042=CARTESIAN_POINT('Ctrl Pts',(-19.8297453509645,-61.1936294204443,32.0999976361472));
#4043=CARTESIAN_POINT('Ctrl Pts',(-19.7995780048585,-61.1753171302708,32.1333317574314));
#4044=CARTESIAN_POINT('Ctrl Pts',(-19.769410825017,-61.1570040623623,32.1666658787157));
#4045=CARTESIAN_POINT('Ctrl Pts',(-19.7392433694055,-61.1386922865163,32.2));
#4046=CARTESIAN_POINT('Origin',(-4.40008277967732,-53.1174513239974,32.1));
#4047=CARTESIAN_POINT('',(-4.50008277967723,-53.1174511951603,32.2));
#4048=CARTESIAN_POINT('',(-4.30010988929231,-74.159239088011,32.));
#4049=CARTESIAN_POINT('Origin',(-12.1237059518421,-67.5629812144852,32.1));
#4050=CARTESIAN_POINT('Origin',(-21.031172923896,-54.9284006597633,32.));
#4051=CARTESIAN_POINT('',(-4.50010290074604,-68.7349086267825,32.));
#4052=CARTESIAN_POINT('Origin',(-20.9229953200144,-75.5934325029083,32.1));
#4053=CARTESIAN_POINT('',(-4.49997418556283,-88.7345858697636,32.2));
#4054=CARTESIAN_POINT('',(-20.9851008303169,-75.6718091932574,32.2));
#4055=CARTESIAN_POINT('Ctrl Pts',(-15.2954471455819,-80.1802777693241,32.2));
#4056=CARTESIAN_POINT('Ctrl Pts',(-15.351772482714,-80.0931830356555,32.1667191683377));
#4057=CARTESIAN_POINT('Ctrl Pts',(-15.4080978198461,-80.0060883019869,32.1334383366754));
#4058=CARTESIAN_POINT('Ctrl Pts',(-15.5209262044723,-79.8316240446983,32.0667716700088));
#4059=CARTESIAN_POINT('Ctrl Pts',(-15.5774292519664,-79.7442545210784,32.0333858350044));
#4060=CARTESIAN_POINT('Ctrl Pts',(-15.6339322994606,-79.6568849974584,32.));
#4061=CARTESIAN_POINT('',(-4.29997445462107,-88.6378872899211,32.));
#4062=CARTESIAN_POINT('Ctrl Pts',(-13.6039315231471,-86.7058943829353,32.2));
#4063=CARTESIAN_POINT('Ctrl Pts',(-13.6097008238522,-86.6841817488872,32.2));
#4064=CARTESIAN_POINT('Ctrl Pts',(-13.6154701245572,-86.6624691148391,32.2));
#4065=CARTESIAN_POINT('Ctrl Pts',(-14.1930493719434,-84.4887625473564,32.1999999999998));
#4066=CARTESIAN_POINT('Ctrl Pts',(-14.7511178146034,-82.3352716641091,32.2));
#4067=CARTESIAN_POINT('Ctrl Pts',(-15.3436389416402,-79.9894869734328,32.2));
#4068=CARTESIAN_POINT('Ctrl Pts',(-15.3918307376985,-79.7986961775415,32.2));
#4069=CARTESIAN_POINT('Ctrl Pts',(-15.4400225337568,-79.6079053816502,32.2));
#4070=CARTESIAN_POINT('Ctrl Pts',(-13.6683624788467,-86.7230144411152,32.1333333333333));
#4071=CARTESIAN_POINT('Ctrl Pts',(-13.6741321123987,-86.7013005628749,32.1333333333333));
#4072=CARTESIAN_POINT('Ctrl Pts',(-13.6799005625043,-86.6795911132619,32.1333333333333));
#4073=CARTESIAN_POINT('Ctrl Pts',(-14.2575493530194,-84.5056229975825,32.1333333333332));
#4074=CARTESIAN_POINT('Ctrl Pts',(-14.8156890773428,-82.3518568419605,32.1333333333333));
#4075=CARTESIAN_POINT('Ctrl Pts',(-15.4082799967071,-80.0057958276196,32.1333333333333));
#4076=CARTESIAN_POINT('Ctrl Pts',(-15.4564643495308,-79.8150345022971,32.1333333333333));
#4077=CARTESIAN_POINT('Ctrl Pts',(-15.5046591223247,-79.6242319202529,32.1333333333333));
#4078=CARTESIAN_POINT('Ctrl Pts',(-13.7327934345463,-86.7401344992951,32.0666666666667));
#4079=CARTESIAN_POINT('Ctrl Pts',(-13.7385624024044,-86.7184231094391,32.0666666666667));
#4080=CARTESIAN_POINT('Ctrl Pts',(-13.7443313818666,-86.6967116849359,32.0666666666667));
#4081=CARTESIAN_POINT('Ctrl Pts',(-14.3220090931806,-84.5226365462279,32.0666666666665));
#4082=CARTESIAN_POINT('Ctrl Pts',(-14.8804183349268,-82.3678168929292,32.0666666666666));
#4083=CARTESIAN_POINT('Ctrl Pts',(-15.4729094497073,-80.0221505777589,32.0666666666667));
#4084=CARTESIAN_POINT('Ctrl Pts',(-15.52110689157,-79.8313374685941,32.0666666666667));
#4085=CARTESIAN_POINT('Ctrl Pts',(-15.5692957108926,-79.6405584588557,32.0666666666667));
#4086=CARTESIAN_POINT('Ctrl Pts',(-13.7972243902459,-86.757254557475,32.));
#4087=CARTESIAN_POINT('Ctrl Pts',(-13.8029936909509,-86.7355419234269,32.));
#4088=CARTESIAN_POINT('Ctrl Pts',(-13.8087618198137,-86.7138336833588,32.));
#4089=CARTESIAN_POINT('Ctrl Pts',(-14.3865090742566,-84.539496996454,31.9999999999998));
#4090=CARTESIAN_POINT('Ctrl Pts',(-14.9449895976662,-82.3844020707806,32.));
#4091=CARTESIAN_POINT('Ctrl Pts',(-15.5375505047741,-80.0384594319458,32.));
#4092=CARTESIAN_POINT('Ctrl Pts',(-15.5857405034023,-79.8476757933497,32.));
#4093=CARTESIAN_POINT('Ctrl Pts',(-15.6339322994606,-79.6568849974584,32.));
#4094=CARTESIAN_POINT('Ctrl Pts',(-13.7972243902459,-86.757254557475,32.));
#4095=CARTESIAN_POINT('Ctrl Pts',(-13.7385627352513,-86.718421865247,32.0666666666667));
#4096=CARTESIAN_POINT('Ctrl Pts',(-13.679901257154,-86.6795885007196,32.1333333333333));
#4097=CARTESIAN_POINT('Ctrl Pts',(-13.6212394252622,-86.6407564807909,32.2));
#4098=CARTESIAN_POINT('Origin',(-4.40004546439628,-63.1172986979555,32.1));
#4099=CARTESIAN_POINT('',(-4.5000454643959,-63.1172989762005,32.2));
#4100=CARTESIAN_POINT('',(-4.29995913555706,-94.1434888944324,32.));
#4101=CARTESIAN_POINT('Origin',(-16.7851967989847,-84.3067592366921,32.1));
#4102=CARTESIAN_POINT('Origin',(-15.2954471455819,-80.1802777693241,32.));
#4103=CARTESIAN_POINT('',(-4.49997418556283,-88.7345858697636,32.));
#4104=CARTESIAN_POINT('Origin',(13.1876608274171,-71.5105571026969,32.1));
#4105=CARTESIAN_POINT('',(18.3538622538704,-67.4206753207065,32.2));
#4106=CARTESIAN_POINT('',(13.2509136242342,-71.5880108546706,32.2));
#4107=CARTESIAN_POINT('',(4.49996352972631,-78.7344957463654,32.2));
#4108=CARTESIAN_POINT('Ctrl Pts',(18.6774625432134,-66.8981877417248,32.));
#4109=CARTESIAN_POINT('Ctrl Pts',(18.6504958524348,-66.9417283733066,32.0166666666667));
#4110=CARTESIAN_POINT('Ctrl Pts',(18.6235299389599,-66.9852655626991,32.0333333333333));
#4111=CARTESIAN_POINT('Ctrl Pts',(18.5965635764527,-67.0288047345599,32.05));
#4112=CARTESIAN_POINT('Ctrl Pts',(18.5763388045723,-67.0614591134555,32.0625));
#4113=CARTESIAN_POINT('Ctrl Pts',(18.5561138725387,-67.094114200532,32.075));
#4114=CARTESIAN_POINT('Ctrl Pts',(18.5358888116219,-67.1267698618187,32.0875));
#4115=CARTESIAN_POINT('Ctrl Pts',(18.5320966127,-67.13289279831,32.08984375));
#4116=CARTESIAN_POINT('Ctrl Pts',(18.528304409613,-67.1390157533559,32.0921875));
#4117=CARTESIAN_POINT('Ctrl Pts',(18.5245122028781,-67.1451387246736,32.09453125));
#4118=CARTESIAN_POINT('Ctrl Pts',(18.5227346059712,-67.1480088674788,32.0956298828125));
#4119=CARTESIAN_POINT('Ctrl Pts',(18.5209570082626,-67.1508790138595,32.096728515625));
#4120=CARTESIAN_POINT('Ctrl Pts',(18.5191794098047,-67.153749163585,32.0978271484375));
#4121=CARTESIAN_POINT('Ctrl Pts',(18.5182688519949,-67.1552193703327,32.0983899125888));
#4122=CARTESIAN_POINT('Ctrl Pts',(18.5173582939885,-67.1566895779582,32.09895267674));
#4123=CARTESIAN_POINT('Ctrl Pts',(18.5164477357922,-67.1581597864311,32.0995154408913));
#4124=CARTESIAN_POINT('Ctrl Pts',(18.5158046967567,-67.1591980522359,32.0999128666885));
#4125=CARTESIAN_POINT('Ctrl Pts',(18.5151609657034,-67.1602374356566,32.1003107201243));
#4126=CARTESIAN_POINT('Ctrl Pts',(18.5145106077223,-67.1612875193424,32.1007126692275));
#4127=CARTESIAN_POINT('Ctrl Pts',(18.4603491111417,-67.2487379783405,32.1341867951875));
#4128=CARTESIAN_POINT('Ctrl Pts',(18.371712635914,-67.3918544550359,32.1889675242537));
#4129=CARTESIAN_POINT('Ctrl Pts',(18.3538622538704,-67.4206753207065,32.2));
#4130=CARTESIAN_POINT('Origin',(4.40002800147462,-60.6173025675248,32.1));
#4131=CARTESIAN_POINT('',(4.29994424940522,-84.1524545344535,32.));
#4132=CARTESIAN_POINT('Ctrl Pts',(18.4824176084563,-66.8539443984335,32.2));
#4133=CARTESIAN_POINT('Ctrl Pts',(18.4395658235943,-67.0428547058578,32.2));
#4134=CARTESIAN_POINT('Ctrl Pts',(18.3967140387323,-67.2317650132821,32.2));
#4135=CARTESIAN_POINT('Ctrl Pts',(17.8734471402972,-69.5385653243255,32.2));
#4136=CARTESIAN_POINT('Ctrl Pts',(17.3798394351272,-71.6550001324109,32.2));
#4137=CARTESIAN_POINT('Ctrl Pts',(16.8677363913641,-73.7921054443141,32.2));
#4138=CARTESIAN_POINT('Ctrl Pts',(16.8624358965514,-73.8142254370732,32.2));
#4139=CARTESIAN_POINT('Ctrl Pts',(16.8571354017387,-73.8363454298323,32.2));
#4140=CARTESIAN_POINT('Ctrl Pts',(18.5474325867087,-66.8686921795306,32.1333333333333));
#4141=CARTESIAN_POINT('Ctrl Pts',(18.5045781323265,-67.0576142568704,32.1333333333333));
#4142=CARTESIAN_POINT('Ctrl Pts',(18.4617330228043,-67.2464951330979,32.1333333333333));
#4143=CARTESIAN_POINT('Ctrl Pts',(17.9384039509774,-69.5535695515119,32.1333333333333));
#4144=CARTESIAN_POINT('Ctrl Pts',(17.4447325665147,-71.6702776255089,32.1333333333333));
#4145=CARTESIAN_POINT('Ctrl Pts',(16.932567248675,-73.8076426290002,32.1333333333333));
#4146=CARTESIAN_POINT('Ctrl Pts',(16.9272675451719,-73.8297593377198,32.1333333333333));
#4147=CARTESIAN_POINT('Ctrl Pts',(16.9219667404472,-73.8518806145978,32.1333333333333));
#4148=CARTESIAN_POINT('Ctrl Pts',(18.612447564961,-66.8834399606276,32.0666666666667));
#4149=CARTESIAN_POINT('Ctrl Pts',(18.5695984496192,-67.0723384981365,32.0666666666667));
#4150=CARTESIAN_POINT('Ctrl Pts',(18.5267483961894,-67.2612409436909,32.0666666666667));
#4151=CARTESIAN_POINT('Ctrl Pts',(18.0033900808812,-69.5684467244536,32.0666666666667));
#4152=CARTESIAN_POINT('Ctrl Pts',(17.5094739247036,-71.6861885245329,32.0666666666667));
#4153=CARTESIAN_POINT('Ctrl Pts',(16.9973993101335,-73.8231748113728,32.0666666666667));
#4154=CARTESIAN_POINT('Ctrl Pts',(16.9920982640565,-73.8452970907232,32.0666666666667));
#4155=CARTESIAN_POINT('Ctrl Pts',(16.9867980791558,-73.8674157993634,32.0666666666667));
#4156=CARTESIAN_POINT('Ctrl Pts',(18.6774625432134,-66.8981877417247,32.));
#4157=CARTESIAN_POINT('Ctrl Pts',(18.6346107583514,-67.0870980491491,32.));
#4158=CARTESIAN_POINT('Ctrl Pts',(18.5917673802615,-67.2759710635066,32.));
#4159=CARTESIAN_POINT('Ctrl Pts',(18.0683468915614,-69.58345095164,32.));
#4160=CARTESIAN_POINT('Ctrl Pts',(17.5743670560912,-71.7014660176309,32.));
#4161=CARTESIAN_POINT('Ctrl Pts',(17.0622301674444,-73.8387119960588,32.));
#4162=CARTESIAN_POINT('Ctrl Pts',(17.056929912677,-73.8608309913699,32.));
#4163=CARTESIAN_POINT('Ctrl Pts',(17.0516294178643,-73.882950984129,32.));
#4164=CARTESIAN_POINT('Ctrl Pts',(16.8730368861768,-73.769985451555,32.2));
#4165=CARTESIAN_POINT('Ctrl Pts',(17.3798394351272,-71.6550001324109,32.2));
#4166=CARTESIAN_POINT('Ctrl Pts',(17.8734471402972,-69.5385653243255,32.2));
#4167=CARTESIAN_POINT('Ctrl Pts',(18.3538622538704,-67.4206753207065,32.2));
#4168=CARTESIAN_POINT('Ctrl Pts',(17.0516294178643,-73.882950984129,32.));
#4169=CARTESIAN_POINT('Ctrl Pts',(17.0218633463413,-73.8641229844894,32.0333340607715));
#4170=CARTESIAN_POINT('Ctrl Pts',(16.9920972748182,-73.8452949848499,32.066668121543));
#4171=CARTESIAN_POINT('Ctrl Pts',(16.9325664309224,-73.8076398073252,32.1333347882097));
#4172=CARTESIAN_POINT('Ctrl Pts',(16.9028016585496,-73.7888126294401,32.1666673941049));
#4173=CARTESIAN_POINT('Ctrl Pts',(16.8730368861768,-73.769985451555,32.2));
#4174=CARTESIAN_POINT('Origin',(20.677406088821,-70.8345534857755,32.1));
#4175=CARTESIAN_POINT('Origin',(4.49996352972631,-78.7344957463654,32.));
#4176=CARTESIAN_POINT('',(18.3538622538704,-67.4206753207065,32.));
#4177=CARTESIAN_POINT('Origin',(-1.74999995720578,37.7,32.1));
#4178=CARTESIAN_POINT('',(3.49999985518538,37.6,32.2));
#4179=CARTESIAN_POINT('',(-1.74999995720578,37.6,32.2));
#4180=CARTESIAN_POINT('',(-3.49999991441156,37.6,32.2));
#4181=CARTESIAN_POINT('',(3.69999985287811,37.8,32.));
#4182=CARTESIAN_POINT('Origin',(-3.60000056225819,-5.94999975312222,32.1));
#4183=CARTESIAN_POINT('',(-3.70000009589787,25.4,32.));
#4184=CARTESIAN_POINT('Origin',(3.60000028837442,0.050000240699521,32.1));
#4185=CARTESIAN_POINT('',(3.50000028837442,0.0500002395458884,32.2));
#4186=CARTESIAN_POINT('',(3.69999999592856,25.4,32.));
#4187=CARTESIAN_POINT('Origin',(1.74999999681065,25.5,32.1));
#4188=CARTESIAN_POINT('Origin',(-3.49999991441156,37.6,32.));
#4189=CARTESIAN_POINT('',(3.49999985518538,37.6,32.));
#4190=CARTESIAN_POINT('Origin',(1.18451440875022E-6,39.5000000624975,32.1));
#4191=CARTESIAN_POINT('',(-24.8343152953709,39.6000008306386,32.2));
#4192=CARTESIAN_POINT('',(-9.53674178063997E-9,39.6000000624975,32.2));
#4193=CARTESIAN_POINT('',(1.18760747191137E-6,39.6000000624975,32.2));
#4194=CARTESIAN_POINT('',(-9.53674178063997E-9,39.6000000624975,32.2));
#4195=CARTESIAN_POINT('',(-24.7514726029618,39.4000008280762,32.));
#4196=CARTESIAN_POINT('Origin',(-37.8300240468485,26.462874627131,32.1));
#4197=CARTESIAN_POINT('',(-36.5868664961983,27.8474497546344,32.2));
#4198=CARTESIAN_POINT('Ctrl Pts',(-36.3842461570151,27.7671821028615,32.0000000000371));
#4199=CARTESIAN_POINT('Ctrl Pts',(-36.418018250806,27.7805588603931,32.0333336635515));
#4200=CARTESIAN_POINT('Ctrl Pts',(-36.4517900588232,27.7939465413847,32.0666675720285));
#4201=CARTESIAN_POINT('Ctrl Pts',(-36.4855593065881,27.8073267093673,32.1000000278486));
#4202=CARTESIAN_POINT('Ctrl Pts',(-36.491937596223,27.8098539373159,32.1062958168143));
#4203=CARTESIAN_POINT('Ctrl Pts',(-36.5465193470272,27.8314720567769,32.1601724823041));
#4204=CARTESIAN_POINT('Ctrl Pts',(-36.580997869345,27.8451257491338,32.1942069476726));
#4205=CARTESIAN_POINT('Ctrl Pts',(-36.5830284532487,27.8459298719924,32.1962113792115));
#4206=CARTESIAN_POINT('Ctrl Pts',(-36.584989312841,27.8467063825954,32.1981469876213));
#4207=CARTESIAN_POINT('Ctrl Pts',(-36.5868664961983,27.8474497546344,32.2));
#4208=CARTESIAN_POINT('',(-37.9007347144031,26.5335853158137,32.2));
#4209=CARTESIAN_POINT('Ctrl Pts',(-36.5868665901758,27.8474527575948,32.2));
#4210=CARTESIAN_POINT('Ctrl Pts',(-36.5056536125581,25.252370972638,32.2));
#4211=CARTESIAN_POINT('Ctrl Pts',(-36.3963913582993,22.6620602733168,32.2));
#4212=CARTESIAN_POINT('Ctrl Pts',(-36.2530879589751,20.0775054486775,32.2));
#4213=CARTESIAN_POINT('Ctrl Pts',(-33.8770796657847,-22.7750976752388,32.2));
#4214=CARTESIAN_POINT('Ctrl Pts',(-26.3653838781697,-65.0379560445231,32.2));
#4215=CARTESIAN_POINT('Ctrl Pts',(-13.7145813025775,-106.719733709248,32.2));
#4216=CARTESIAN_POINT('Ctrl Pts',(-36.5202325453643,27.8495380672838,32.1333333333333));
#4217=CARTESIAN_POINT('Ctrl Pts',(-36.4390346735942,25.254938507116,32.1333333333333));
#4218=CARTESIAN_POINT('Ctrl Pts',(-36.3297943352728,22.6651628510365,32.1333333333333));
#4219=CARTESIAN_POINT('Ctrl Pts',(-36.1865235321783,20.0811961843288,32.1333333333333));
#4220=CARTESIAN_POINT('Ctrl Pts',(-33.8108045839795,-22.7660689368729,32.1333333333333));
#4221=CARTESIAN_POINT('Ctrl Pts',(-26.3000788062728,-65.0235575606495,32.1333333333333));
#4222=CARTESIAN_POINT('Ctrl Pts',(-13.6507881606421,-106.700371904413,32.1333333333333));
#4223=CARTESIAN_POINT('Ctrl Pts',(-36.4535985005527,27.8516233769728,32.0666666666667));
#4224=CARTESIAN_POINT('Ctrl Pts',(-36.3723704170873,25.2560593672269,32.0666666666667));
#4225=CARTESIAN_POINT('Ctrl Pts',(-36.2631972690128,22.6682654505676,32.0666666666667));
#4226=CARTESIAN_POINT('Ctrl Pts',(-36.1199591053814,20.0848869199801,32.0666666666667));
#4227=CARTESIAN_POINT('Ctrl Pts',(-33.7445490065452,-22.7570469513495,32.0666666666667));
#4228=CARTESIAN_POINT('Ctrl Pts',(-26.2393095242602,-64.994269113893,32.0666666666667));
#4229=CARTESIAN_POINT('Ctrl Pts',(-13.5869950187067,-106.681010099579,32.0666666666667));
#4230=CARTESIAN_POINT('Ctrl Pts',(-36.3869644557412,27.8537086866618,32.));
#4231=CARTESIAN_POINT('Ctrl Pts',(-36.3057514781235,25.2586269017049,32.));
#4232=CARTESIAN_POINT('Ctrl Pts',(-36.1966002459863,22.6713680282874,32.));
#4233=CARTESIAN_POINT('Ctrl Pts',(-36.0533946785845,20.0885776556314,32.));
#4234=CARTESIAN_POINT('Ctrl Pts',(-33.67827392474,-22.7480182129835,32.));
#4235=CARTESIAN_POINT('Ctrl Pts',(-26.1740044523634,-64.9798706300194,32.));
#4236=CARTESIAN_POINT('Ctrl Pts',(-13.5232018767713,-106.661648294744,32.));
#4237=CARTESIAN_POINT('',(-13.7145816650802,-106.719732514877,32.2));
#4238=CARTESIAN_POINT('Ctrl Pts',(-13.5377437823037,-106.61372800567,31.9999999999998));
#4239=CARTESIAN_POINT('Ctrl Pts',(-13.5671966524805,-106.631382563278,32.0333099816306));
#4240=CARTESIAN_POINT('Ctrl Pts',(-13.5966493117033,-106.649037441,32.0666200407274));
#4241=CARTESIAN_POINT('Ctrl Pts',(-13.6408948102518,-106.675560301151,32.1166608270575));
#4242=CARTESIAN_POINT('Ctrl Pts',(-13.6556260774089,-106.684391036487,32.1333216788331));
#4243=CARTESIAN_POINT('Ctrl Pts',(-13.6777395943817,-106.697647268659,32.1583318683023));
#4244=CARTESIAN_POINT('Ctrl Pts',(-13.6851064577828,-106.702063457665,32.1666637445667));
#4245=CARTESIAN_POINT('Ctrl Pts',(-13.6961609092848,-106.708690274868,32.1791662895678));
#4246=CARTESIAN_POINT('Ctrl Pts',(-13.6998446412845,-106.71089857041,32.1833325821979));
#4247=CARTESIAN_POINT('Ctrl Pts',(-13.7053712848934,-106.714211651048,32.1895832111568));
#4248=CARTESIAN_POINT('Ctrl Pts',(-13.7072132061405,-106.715315837191,32.191666423671));
#4249=CARTESIAN_POINT('Ctrl Pts',(-13.7105520149583,-106.717317373515,32.1954426179341));
#4250=CARTESIAN_POINT('Ctrl Pts',(-13.7116342845476,-106.717966170244,32.196666666349));
#4251=CARTESIAN_POINT('Ctrl Pts',(-13.7122789269761,-106.718352618631,32.1973957576567));
#4252=CARTESIAN_POINT('Ctrl Pts',(-13.7127393667265,-106.718628641836,32.1979165156066));
#4253=CARTESIAN_POINT('Ctrl Pts',(-13.7134303354861,-106.719042862127,32.1986980022787));
#4254=CARTESIAN_POINT('Ctrl Pts',(-13.7136606645746,-106.719180939283,32.1989585048322));
#4255=CARTESIAN_POINT('Ctrl Pts',(-13.7140060932052,-106.71938801609,32.1993491851739));
#4256=CARTESIAN_POINT('Ctrl Pts',(-13.7141214212625,-106.719457152711,32.1994796213986));
#4257=CARTESIAN_POINT('Ctrl Pts',(-13.7142935381518,-106.719560332991,32.1996742858943));
#4258=CARTESIAN_POINT('Ctrl Pts',(-13.7143509319319,-106.719594739299,32.1997391983586));
#4259=CARTESIAN_POINT('Ctrl Pts',(-13.7144377011434,-106.719646755533,32.1998373344885));
#4260=CARTESIAN_POINT('Ctrl Pts',(-13.7144665672295,-106.719664060118,32.1998699820827));
#4261=CARTESIAN_POINT('Ctrl Pts',(-13.714508420844,-106.71968915044,32.1999173185948));
#4262=CARTESIAN_POINT('Ctrl Pts',(-13.7145218606155,-106.719697207288,32.1999325190001));
#4263=CARTESIAN_POINT('Ctrl Pts',(-13.7145475066197,-106.719712581505,32.1999615246766));
#4264=CARTESIAN_POINT('Ctrl Pts',(-13.7145585001074,-106.71971917186,32.1999739583308));
#4265=CARTESIAN_POINT('Ctrl Pts',(-13.7145688602292,-106.719725382526,32.1999856756471));
#4266=CARTESIAN_POINT('Ctrl Pts',(-13.7145700127634,-106.719726073445,32.1999869791653));
#4267=CARTESIAN_POINT('Ctrl Pts',(-13.7145814777584,-106.719732946458,32.1999999460951));
#4268=CARTESIAN_POINT('Ctrl Pts',(-13.7145707283496,-106.719726502423,32.1999877884946));
#4269=CARTESIAN_POINT('Ctrl Pts',(-13.7145814738035,-106.719732944087,32.1999999416222));
#4270=CARTESIAN_POINT('Ctrl Pts',(-13.7145816650802,-106.719732514877,32.2));
#4271=CARTESIAN_POINT('Ctrl Pts',(-26.3653840216657,-65.0379552371753,32.2));
#4272=CARTESIAN_POINT('Ctrl Pts',(-33.8770796884792,-22.775097265932,32.2));
#4273=CARTESIAN_POINT('Ctrl Pts',(-36.2530879589751,20.0775054486775,32.2));
#4274=CARTESIAN_POINT('Ctrl Pts',(-36.3963913030237,22.6620592763905,32.2));
#4275=CARTESIAN_POINT('Ctrl Pts',(-36.5056535282678,25.252368974345,32.2));
#4276=CARTESIAN_POINT('Ctrl Pts',(-36.5868664961983,27.8474497546343,32.2));
#4277=CARTESIAN_POINT('Origin',(-27.5201589693354,-92.7727341748763,32.1));
#4278=CARTESIAN_POINT('',(-5.7514718437559,-114.399999944219,32.));
#4279=CARTESIAN_POINT('',(-27.590869647454,-92.843444852995,32.2));
#4280=CARTESIAN_POINT('Origin',(-2.91715733828555,-114.499999948649,32.1));
#4281=CARTESIAN_POINT('',(3.12639358845956E-10,-114.399999953209,32.));
#4282=CARTESIAN_POINT('Origin',(-8.05556193277145E-8,-114.499999931866,
32.1));
#4283=CARTESIAN_POINT('',(5.75147184167654,-114.399999943915,32.));
#4284=CARTESIAN_POINT('Origin',(23.580025392735,-96.7128670268788,32.1));
#4285=CARTESIAN_POINT('Ctrl Pts',(13.5377439213044,-106.613727547667,32.));
#4286=CARTESIAN_POINT('Ctrl Pts',(13.5672174530401,-106.631394489626,32.0333333454888));
#4287=CARTESIAN_POINT('Ctrl Pts',(13.5966907419524,-106.649061734729,32.0666667394252));
#4288=CARTESIAN_POINT('Ctrl Pts',(13.6261636421576,-106.666729195117,32.1000000090714));
#4289=CARTESIAN_POINT('Ctrl Pts',(13.6703707915237,-106.693229066349,32.1499974243189));
#4290=CARTESIAN_POINT('Ctrl Pts',(13.7035289466569,-106.713106652713,32.1874993557218));
#4291=CARTESIAN_POINT('Ctrl Pts',(13.7145816650802,-106.719732514877,32.2));
#4292=CARTESIAN_POINT('Ctrl Pts',(36.3869644557412,27.8537086866618,32.));
#4293=CARTESIAN_POINT('Ctrl Pts',(36.3057514781235,25.2586269017049,32.));
#4294=CARTESIAN_POINT('Ctrl Pts',(36.1966002459863,22.6713680282874,32.));
#4295=CARTESIAN_POINT('Ctrl Pts',(36.0533946785845,20.0885776556314,32.));
#4296=CARTESIAN_POINT('Ctrl Pts',(33.678273947426,-22.7480178038296,32.));
#4297=CARTESIAN_POINT('Ctrl Pts',(26.1694829934788,-64.9947679017793,32.));
#4298=CARTESIAN_POINT('Ctrl Pts',(13.5232022392739,-106.661647100373,32.));
#4299=CARTESIAN_POINT('Ctrl Pts',(36.4535985005527,27.8516233769728,32.0666666666667));
#4300=CARTESIAN_POINT('Ctrl Pts',(36.3723704170873,25.2560593672269,32.0666666666667));
#4301=CARTESIAN_POINT('Ctrl Pts',(36.2631972690128,22.6682654505676,32.0666666666667));
#4302=CARTESIAN_POINT('Ctrl Pts',(36.1199591053814,20.0848869199801,32.0666666666667));
#4303=CARTESIAN_POINT('Ctrl Pts',(33.7445482137962,-22.7570461977254,32.0666666666667));
#4304=CARTESIAN_POINT('Ctrl Pts',(26.2347885994148,-65.0091666129131,32.0666666666667));
#4305=CARTESIAN_POINT('Ctrl Pts',(13.5869953812093,-106.681008905208,32.0666666666667));
#4306=CARTESIAN_POINT('Ctrl Pts',(36.5202325453643,27.8495380672838,32.1333333333333));
#4307=CARTESIAN_POINT('Ctrl Pts',(36.4390346735942,25.254938507116,32.1333333333333));
#4308=CARTESIAN_POINT('Ctrl Pts',(36.3297943352728,22.6651628510365,32.1333333333333));
#4309=CARTESIAN_POINT('Ctrl Pts',(36.1865235321783,20.0811961843288,32.1333333333333));
#4310=CARTESIAN_POINT('Ctrl Pts',(33.8108054221089,-22.7660688720361,32.1333333333333));
#4311=CARTESIAN_POINT('Ctrl Pts',(26.3000785139021,-65.0235565371419,32.1333333333333));
#4312=CARTESIAN_POINT('Ctrl Pts',(13.6507885231447,-106.700370710042,32.1333333333333));
#4313=CARTESIAN_POINT('Ctrl Pts',(36.5868665901758,27.8474527575948,32.2));
#4314=CARTESIAN_POINT('Ctrl Pts',(36.5056536125581,25.252370972638,32.2));
#4315=CARTESIAN_POINT('Ctrl Pts',(36.3963913582993,22.6620602733168,32.2));
#4316=CARTESIAN_POINT('Ctrl Pts',(36.2530879589751,20.0775054486775,32.2));
#4317=CARTESIAN_POINT('Ctrl Pts',(33.8770796884792,-22.775097265932,32.2));
#4318=CARTESIAN_POINT('Ctrl Pts',(26.3653841198381,-65.0379552482757,32.2));
#4319=CARTESIAN_POINT('Ctrl Pts',(13.7145816650802,-106.719732514877,32.2));
#4320=CARTESIAN_POINT('Ctrl Pts',(36.3842461570151,27.7671821028615,32.0000000000371));
#4321=CARTESIAN_POINT('Ctrl Pts',(36.417909946334,27.7805159621745,32.0332267650913));
#4322=CARTESIAN_POINT('Ctrl Pts',(36.4515739987636,27.7938609243257,32.0664543069047));
#4323=CARTESIAN_POINT('Ctrl Pts',(36.4855592498714,27.8073266779048,32.0999999721478));
#4324=CARTESIAN_POINT('Ctrl Pts',(36.4919375407954,27.8098539063654,32.1062957623858));
#4325=CARTESIAN_POINT('Ctrl Pts',(36.5465192409535,27.8314720137992,32.1601723776278));
#4326=CARTESIAN_POINT('Ctrl Pts',(36.580997820345,27.8451257296493,32.1942068993062));
#4327=CARTESIAN_POINT('Ctrl Pts',(36.5830284212262,27.8459298592835,32.1962113476023));
#4328=CARTESIAN_POINT('Ctrl Pts',(36.5849892972345,27.8467063764152,32.1981469722157));
#4329=CARTESIAN_POINT('Ctrl Pts',(36.5868664961983,27.8474497546344,32.2));
#4330=CARTESIAN_POINT('Origin',(43.7063004939633,20.5865999358302,32.1));
#4331=CARTESIAN_POINT('',(24.7514726029618,39.4000008280762,32.));
#4332=CARTESIAN_POINT('Origin',(12.4171564584027,39.500000446568,32.1));
#4333=CARTESIAN_POINT('',(12.4171564553096,39.600000446568,32.2));
#4334=CARTESIAN_POINT('Origin',(24.8343152953709,39.6000008306386,32.));
#4335=CARTESIAN_POINT('',(-9.53674178063997E-9,39.6000000624975,32.));
#4336=CARTESIAN_POINT('Origin',(-9.53674178063997E-9,39.6000000624975,32.));
#4337=CARTESIAN_POINT('',(-24.8343152953709,39.6000008306386,32.));
#4338=CARTESIAN_POINT('Origin',(4.50010290074604,-68.7349086267825,32.));
#4339=CARTESIAN_POINT('Ctrl Pts',(15.2954471455819,-80.1802777693241,32.));
#4340=CARTESIAN_POINT('Ctrl Pts',(15.2954471455819,-80.1802777693241,33.8));
#4341=CARTESIAN_POINT('Ctrl Pts',(14.7511178146034,-82.335271664109,32.));
#4342=CARTESIAN_POINT('Ctrl Pts',(14.7511178146034,-82.335271664109,33.8));
#4343=CARTESIAN_POINT('Ctrl Pts',(14.1930493719435,-84.4887625473568,32.));
#4344=CARTESIAN_POINT('Ctrl Pts',(14.1930493719435,-84.4887625473568,33.8));
#4345=CARTESIAN_POINT('Ctrl Pts',(13.6212394252622,-86.6407564807909,32.));
#4346=CARTESIAN_POINT('Ctrl Pts',(13.6212394252622,-86.6407564807909,33.8));
#4347=CARTESIAN_POINT('Origin',(-4.49996352972631,-78.7344957463654,32.));
#4348=CARTESIAN_POINT('Origin',(-4.50010290074604,-68.7349086267825,32.));
#4349=CARTESIAN_POINT('Origin',(-4.49997418556283,-88.7345858697636,32.));
#4350=CARTESIAN_POINT('Ctrl Pts',(18.3538622538704,-67.4206753207065,32.));
#4351=CARTESIAN_POINT('Ctrl Pts',(18.3538622538704,-67.4206753207065,33.8));
#4352=CARTESIAN_POINT('Ctrl Pts',(17.8734471402972,-69.5385653243255,32.));
#4353=CARTESIAN_POINT('Ctrl Pts',(17.8734471402972,-69.5385653243255,33.8));
#4354=CARTESIAN_POINT('Ctrl Pts',(17.379839435127,-71.6550001324106,32.));
#4355=CARTESIAN_POINT('Ctrl Pts',(17.379839435127,-71.6550001324106,33.8));
#4356=CARTESIAN_POINT('Ctrl Pts',(16.8730368861768,-73.769985451555,32.));
#4357=CARTESIAN_POINT('Ctrl Pts',(16.8730368861768,-73.769985451555,33.8));
#4358=CARTESIAN_POINT('Origin',(3.49999985518538,37.6,32.));
#4359=CARTESIAN_POINT('Origin',(-13.7145818253263,-106.719732675123,32.));
#4360=CARTESIAN_POINT('',(-13.7145816650802,-106.719732514877,32.));
#4361=CARTESIAN_POINT('Ctrl Pts',(-36.5868664961983,27.8474497546344,32.));
#4362=CARTESIAN_POINT('Ctrl Pts',(-36.5868664961983,27.8474497546344,33.8));
#4363=CARTESIAN_POINT('Ctrl Pts',(-36.5056535499064,25.2523689706644,32.));
#4364=CARTESIAN_POINT('Ctrl Pts',(-36.5056535499064,25.2523689706644,33.8));
#4365=CARTESIAN_POINT('Ctrl Pts',(-36.3963913030237,22.6620592763905,32.));
#4366=CARTESIAN_POINT('Ctrl Pts',(-36.3963913030237,22.6620592763905,33.8));
#4367=CARTESIAN_POINT('Ctrl Pts',(-36.2530879589751,20.0775054486775,32.));
#4368=CARTESIAN_POINT('Ctrl Pts',(-36.2530879589751,20.0775054486775,33.8));
#4369=CARTESIAN_POINT('Ctrl Pts',(-33.8770796884792,-22.7750972659319,32.));
#4370=CARTESIAN_POINT('Ctrl Pts',(-33.8770796884792,-22.7750972659319,33.8));
#4371=CARTESIAN_POINT('Ctrl Pts',(-26.3653841198381,-65.0379552482757,32.));
#4372=CARTESIAN_POINT('Ctrl Pts',(-26.3653841198381,-65.0379552482757,33.8));
#4373=CARTESIAN_POINT('Ctrl Pts',(-13.7145816650802,-106.719732514877,32.));
#4374=CARTESIAN_POINT('Ctrl Pts',(-13.7145816650802,-106.719732514877,33.8));
#4375=CARTESIAN_POINT('',(-36.5868664961983,27.8474497546344,32.));
#4376=CARTESIAN_POINT('Origin',(-24.8343152953709,39.6000008306386,32.));
#4377=UNCERTAINTY_MEASURE_WITH_UNIT(LENGTH_MEASURE(0.01),#4381,
'DISTANCE_ACCURACY_VALUE',
'Maximum model space distance between geometric entities at asserted c
onnectivities');
#4378=UNCERTAINTY_MEASURE_WITH_UNIT(LENGTH_MEASURE(0.01),#4381,
'DISTANCE_ACCURACY_VALUE',
'Maximum model space distance between geometric entities at asserted c
onnectivities');
#4379=(
GEOMETRIC_REPRESENTATION_CONTEXT(3)
GLOBAL_UNCERTAINTY_ASSIGNED_CONTEXT((#4377))
GLOBAL_UNIT_ASSIGNED_CONTEXT((#4381,#4383,#4384))
REPRESENTATION_CONTEXT('','3D')
);
#4380=(
GEOMETRIC_REPRESENTATION_CONTEXT(3)
GLOBAL_UNCERTAINTY_ASSIGNED_CONTEXT((#4378))
GLOBAL_UNIT_ASSIGNED_CONTEXT((#4381,#4383,#4384))
REPRESENTATION_CONTEXT('','3D')
);
#4381=(
LENGTH_UNIT()
NAMED_UNIT(*)
SI_UNIT(.MILLI.,.METRE.)
);
#4382=(
LENGTH_UNIT()
NAMED_UNIT(*)
SI_UNIT($,.METRE.)
);
#4383=(
NAMED_UNIT(*)
PLANE_ANGLE_UNIT()
SI_UNIT($,.RADIAN.)
);
#4384=(
NAMED_UNIT(*)
SI_UNIT($,.STERADIAN.)
SOLID_ANGLE_UNIT()
);
#4385=SHAPE_DEFINITION_REPRESENTATION(#4386,#4387);
#4386=PRODUCT_DEFINITION_SHAPE('',$,#4389);
#4387=SHAPE_REPRESENTATION('',(#2197),#4379);
#4388=PRODUCT_DEFINITION_CONTEXT('part definition',#4393,'design');
#4389=PRODUCT_DEFINITION('Canopy R','Canopy R',#4390,#4388);
#4390=PRODUCT_DEFINITION_FORMATION('',$,#4395);
#4391=PRODUCT_RELATED_PRODUCT_CATEGORY('Canopy R','Canopy R',(#4395));
#4392=APPLICATION_PROTOCOL_DEFINITION('international standard',
'automotive_design',2009,#4393);
#4393=APPLICATION_CONTEXT(
'Core Data for Automotive Mechanical Design Process');
#4394=PRODUCT_CONTEXT('part definition',#4393,'mechanical');
#4395=PRODUCT('Canopy R','Canopy R',$,(#4394));
#4396=PRESENTATION_STYLE_ASSIGNMENT((#4398));
#4397=PRESENTATION_STYLE_ASSIGNMENT((#4399));
#4398=SURFACE_STYLE_USAGE(.BOTH.,#4400);
#4399=SURFACE_STYLE_USAGE(.BOTH.,#4401);
#4400=SURFACE_SIDE_STYLE('',(#4402));
#4401=SURFACE_SIDE_STYLE('',(#4403));
#4402=SURFACE_STYLE_FILL_AREA(#4404);
#4403=SURFACE_STYLE_FILL_AREA(#4405);
#4404=FILL_AREA_STYLE('Acier - Satin\X\E9',(#4406));
#4405=FILL_AREA_STYLE('Verre - Fen\X\EAtre',(#4407));
#4406=FILL_AREA_STYLE_COLOUR('Acier - Satin\X\E9',#4408);
#4407=FILL_AREA_STYLE_COLOUR('Verre - Fen\X\EAtre',#4409);
#4408=COLOUR_RGB('Acier - Satin\X\E9',0.627450980392157,0.627450980392157,
0.627450980392157);
#4409=COLOUR_RGB('Verre - Fen\X\EAtre',0.423529411764706,0.768627450980392,
0.854901960784314);
ENDSEC;
END-ISO-10303-21;
