ISO-10303-21;
HEADER;
/* Generated by software containing ST-Developer
 * from STEP Tools, Inc. (www.steptools.com) 
 */

FILE_DESCRIPTION(
/* description */ (''),
/* implementation_level */ '2;1');

FILE_NAME(
/* name */ 'Fuselage 1 SCM.step',
/* time_stamp */ '2026-05-18T18:00:13+02:00',
/* author */ (''),
/* organization */ (''),
/* preprocessor_version */ 'ST-DEVELOPER v20.1',
/* originating_system */ 'Autodesk Translation Framework v15.8.0.0',
/* authorisation */ '');

FILE_SCHEMA (('AUTOMOTIVE_DESIGN { 1 0 10303 214 3 1 1 }'));
ENDSEC;

DATA;
#10=MECHANICAL_DESIGN_GEOMETRIC_PRESENTATION_REPRESENTATION('',(#13),#6330);
#11=SHAPE_REPRESENTATION_RELATIONSHIP('SRR','None',#6337,#12);
#12=ADVANCED_BREP_SHAPE_REPRESENTATION('',(#14),#6329);
#13=STYLED_ITEM('',(#6347),#14);
#14=MANIFOLD_SOLID_BREP('Fuselage 1',#2426);
#15=(
BOUNDED_SURFACE()
B_SPLINE_SURFACE(5,1,((#5406,#5407),(#5408,#5409),(#5410,#5411),(#5412,
#5413),(#5414,#5415),(#5416,#5417),(#5418,#5419),(#5420,#5421),(#5422,#5423),
(#5424,#5425)),.UNSPECIFIED.,.F.,.F.,.F.)
B_SPLINE_SURFACE_WITH_KNOTS((6,1,1,1,1,6),(2,2),(0.577777716794278,0.6,
0.7,0.8,0.9,1.),(-1.5,1.5),.UNSPECIFIED.)
GEOMETRIC_REPRESENTATION_ITEM()
RATIONAL_B_SPLINE_SURFACE(((1.,1.),(1.,1.),(1.,1.),(1.,1.),(1.,1.),(1.,
1.),(1.,1.),(1.,1.),(1.,1.),(1.,1.)))
REPRESENTATION_ITEM('')
SURFACE()
);
#16=(
BOUNDED_SURFACE()
B_SPLINE_SURFACE(5,1,((#5440,#5441),(#5442,#5443),(#5444,#5445),(#5446,
#5447),(#5448,#5449),(#5450,#5451),(#5452,#5453),(#5454,#5455),(#5456,#5457),
(#5458,#5459),(#5460,#5461)),.UNSPECIFIED.,.F.,.F.,.F.)
B_SPLINE_SURFACE_WITH_KNOTS((6,1,1,1,1,1,6),(2,2),(0.,0.1,0.2,0.3,0.4,0.5,
0.577777716794277),(-1.5,1.5),.UNSPECIFIED.)
GEOMETRIC_REPRESENTATION_ITEM()
RATIONAL_B_SPLINE_SURFACE(((1.,1.),(1.,1.),(1.,1.),(1.,1.),(1.,1.),(1.,
1.),(1.,1.),(1.,1.),(1.,1.),(1.,1.),(1.,1.)))
REPRESENTATION_ITEM('')
SURFACE()
);
#17=(
BOUNDED_SURFACE()
B_SPLINE_SURFACE(5,1,((#5560,#5561),(#5562,#5563),(#5564,#5565),(#5566,
#5567),(#5568,#5569),(#5570,#5571),(#5572,#5573),(#5574,#5575),(#5576,#5577),
(#5578,#5579),(#5580,#5581),(#5582,#5583),(#5584,#5585),(#5586,#5587)),
 .UNSPECIFIED.,.F.,.F.,.F.)
B_SPLINE_SURFACE_WITH_KNOTS((6,1,1,1,1,1,1,1,1,6),(2,2),(0.,0.1,0.2,0.3,
0.4,0.5,0.6,0.7,0.8,0.889692054148278),(-1.6,1.6),.UNSPECIFIED.)
GEOMETRIC_REPRESENTATION_ITEM()
RATIONAL_B_SPLINE_SURFACE(((1.,1.),(1.,1.),(1.,1.),(1.,1.),(1.,1.),(1.,
1.),(1.,1.),(1.,1.),(1.,1.),(1.,1.),(1.,1.),(1.,1.),(1.,1.),(1.,1.)))
REPRESENTATION_ITEM('')
SURFACE()
);
#18=FACE_BOUND('',#382,.T.);
#19=FACE_BOUND('',#383,.T.);
#20=FACE_BOUND('',#385,.T.);
#21=FACE_BOUND('',#387,.T.);
#22=FACE_BOUND('',#388,.T.);
#23=FACE_BOUND('',#396,.T.);
#24=FACE_BOUND('',#397,.T.);
#25=FACE_BOUND('',#398,.T.);
#26=FACE_BOUND('',#410,.T.);
#27=B_SPLINE_SURFACE_WITH_KNOTS('',3,3,((#3154,#3155,#3156,#3157),(#3158,
#3159,#3160,#3161),(#3162,#3163,#3164,#3165),(#3166,#3167,#3168,#3169)),
 .UNSPECIFIED.,.F.,.F.,.F.,(4,4),(4,4),(0.,1.),(-3.15,-0.149999999999996),
 .UNSPECIFIED.);
#28=B_SPLINE_SURFACE_WITH_KNOTS('',3,3,((#3204,#3205,#3206,#3207,#3208),
(#3209,#3210,#3211,#3212,#3213),(#3214,#3215,#3216,#3217,#3218),(#3219,
#3220,#3221,#3222,#3223),(#3224,#3225,#3226,#3227,#3228)),.UNSPECIFIED.,
 .F.,.F.,.F.,(4,1,4),(4,1,4),(0.,0.571428571428571,1.),(0.,0.165394185586116,
0.385919766367603),.UNSPECIFIED.);
#29=B_SPLINE_SURFACE_WITH_KNOTS('',3,3,((#3245,#3246,#3247,#3248,#3249),
(#3250,#3251,#3252,#3253,#3254),(#3255,#3256,#3257,#3258,#3259),(#3260,
#3261,#3262,#3263,#3264),(#3265,#3266,#3267,#3268,#3269),(#3270,#3271,#3272,
#3273,#3274)),.UNSPECIFIED.,.F.,.F.,.F.,(4,1,1,4),(4,1,4),(0.,0.285714285714286,
0.571428571428571,1.),(0.,0.0135837750520821,0.0271675501041642),
 .UNSPECIFIED.);
#30=B_SPLINE_SURFACE_WITH_KNOTS('',3,3,((#3288,#3289,#3290,#3291,#3292,
#3293,#3294,#3295,#3296),(#3297,#3298,#3299,#3300,#3301,#3302,#3303,#3304,
#3305),(#3306,#3307,#3308,#3309,#3310,#3311,#3312,#3313,#3314),(#3315,#3316,
#3317,#3318,#3319,#3320,#3321,#3322,#3323),(#3324,#3325,#3326,#3327,#3328,
#3329,#3330,#3331,#3332),(#3333,#3334,#3335,#3336,#3337,#3338,#3339,#3340,
#3341)),.UNSPECIFIED.,.F.,.F.,.F.,(4,1,1,4),(4,1,1,1,1,1,4),(0.,0.285714285714286,
0.571428571428571,1.),(0.,0.0837270841135278,0.251181252340583,0.334908336454111,
0.418635420567639,0.502362504681167,0.586089588794694),.UNSPECIFIED.);
#31=B_SPLINE_SURFACE_WITH_KNOTS('',3,3,((#3381,#3382,#3383,#3384,#3385),
(#3386,#3387,#3388,#3389,#3390),(#3391,#3392,#3393,#3394,#3395),(#3396,
#3397,#3398,#3399,#3400),(#3401,#3402,#3403,#3404,#3405),(#3406,#3407,#3408,
#3409,#3410)),.UNSPECIFIED.,.F.,.F.,.F.,(4,1,1,4),(4,1,4),(0.,0.285714285714286,
0.571428571428571,1.),(0.135624162500001,0.14320020513473,0.153301595314368),
 .UNSPECIFIED.);
#32=B_SPLINE_SURFACE_WITH_KNOTS('',3,3,((#3426,#3427,#3428,#3429,#3430,
#3431,#3432),(#3433,#3434,#3435,#3436,#3437,#3438,#3439),(#3440,#3441,#3442,
#3443,#3444,#3445,#3446),(#3447,#3448,#3449,#3450,#3451,#3452,#3453),(#3454,
#3455,#3456,#3457,#3458,#3459,#3460),(#3461,#3462,#3463,#3464,#3465,#3466,
#3467)),.UNSPECIFIED.,.F.,.F.,.F.,(4,1,1,4),(4,1,1,1,4),(0.,0.285714285714286,
0.571428571428571,1.),(0.,0.142285135391825,0.28457027078365,0.426855406175475,
0.497997973871388),.UNSPECIFIED.);
#33=B_SPLINE_SURFACE_WITH_KNOTS('',3,3,((#3502,#3503,#3504,#3505,#3506),
(#3507,#3508,#3509,#3510,#3511),(#3512,#3513,#3514,#3515,#3516),(#3517,
#3518,#3519,#3520,#3521),(#3522,#3523,#3524,#3525,#3526),(#3527,#3528,#3529,
#3530,#3531)),.UNSPECIFIED.,.F.,.F.,.F.,(4,1,1,4),(4,1,4),(0.,0.285714285714286,
0.571428571428571,1.),(0.,0.0111882008260542,0.0223764016521084),
 .UNSPECIFIED.);
#34=B_SPLINE_SURFACE_WITH_KNOTS('',3,3,((#3545,#3546,#3547,#3548,#3549),
(#3550,#3551,#3552,#3553,#3554),(#3555,#3556,#3557,#3558,#3559),(#3560,
#3561,#3562,#3563,#3564),(#3565,#3566,#3567,#3568,#3569),(#3570,#3571,#3572,
#3573,#3574)),.UNSPECIFIED.,.F.,.F.,.F.,(4,1,1,4),(4,1,4),(0.,0.285714285714286,
0.571428571428571,1.),(0.,0.180887067778258,0.422069824815936),
 .UNSPECIFIED.);
#35=B_SPLINE_SURFACE_WITH_KNOTS('',3,3,((#3588,#3589,#3590,#3591),(#3592,
#3593,#3594,#3595),(#3596,#3597,#3598,#3599),(#3600,#3601,#3602,#3603),
(#3604,#3605,#3606,#3607)),.UNSPECIFIED.,.F.,.F.,.F.,(4,1,4),(4,4),(0.,
0.571428571428571,1.),(0.,0.508990389669494),.UNSPECIFIED.);
#36=B_SPLINE_SURFACE_WITH_KNOTS('',3,3,((#3626,#3627,#3628,#3629,#3630,
#3631,#3632,#3633,#3634,#3635,#3636,#3637,#3638,#3639,#3640,#3641),(#3642,
#3643,#3644,#3645,#3646,#3647,#3648,#3649,#3650,#3651,#3652,#3653,#3654,
#3655,#3656,#3657),(#3658,#3659,#3660,#3661,#3662,#3663,#3664,#3665,#3666,
#3667,#3668,#3669,#3670,#3671,#3672,#3673),(#3674,#3675,#3676,#3677,#3678,
#3679,#3680,#3681,#3682,#3683,#3684,#3685,#3686,#3687,#3688,#3689),(#3690,
#3691,#3692,#3693,#3694,#3695,#3696,#3697,#3698,#3699,#3700,#3701,#3702,
#3703,#3704,#3705)),.UNSPECIFIED.,.F.,.F.,.F.,(4,1,4),(4,1,1,1,1,1,1,1,
1,1,1,1,1,4),(0.,0.571428571428571,1.),(0.,0.0662798318520163,0.132559663704033,
0.198839495556049,0.265119327408065,0.397678991112098,0.463958822964114,
0.497098738890122,0.513668696853126,0.53023865481613,0.662798318520163,
0.795357982224195,0.828497898150204,0.927917645928228),.UNSPECIFIED.);
#37=B_SPLINE_SURFACE_WITH_KNOTS('',3,3,((#3815,#3816,#3817,#3818,#3819,
#3820,#3821,#3822,#3823,#3824,#3825,#3826),(#3827,#3828,#3829,#3830,#3831,
#3832,#3833,#3834,#3835,#3836,#3837,#3838),(#3839,#3840,#3841,#3842,#3843,
#3844,#3845,#3846,#3847,#3848,#3849,#3850),(#3851,#3852,#3853,#3854,#3855,
#3856,#3857,#3858,#3859,#3860,#3861,#3862),(#3863,#3864,#3865,#3866,#3867,
#3868,#3869,#3870,#3871,#3872,#3873,#3874)),.UNSPECIFIED.,.F.,.F.,.F.,(4,
1,4),(4,1,1,1,1,1,1,1,1,4),(0.,0.571428571428571,1.),(0.,0.132559627482135,
0.265119254964271,0.331399068705338,0.397678882446406,0.530238509928541,
0.596518323669609,0.662798137410676,0.795357764892812,0.927917392374947),
 .UNSPECIFIED.);
#38=B_SPLINE_SURFACE_WITH_KNOTS('',3,3,((#3891,#3892,#3893,#3894,#3895),
(#3896,#3897,#3898,#3899,#3900),(#3901,#3902,#3903,#3904,#3905),(#3906,
#3907,#3908,#3909,#3910),(#3911,#3912,#3913,#3914,#3915),(#3916,#3917,#3918,
#3919,#3920)),.UNSPECIFIED.,.F.,.F.,.F.,(4,1,1,4),(4,1,4),(0.,0.285714285714286,
0.571428571428571,1.),(0.,0.0111882013489246,0.0223764026978492),
 .UNSPECIFIED.);
#39=B_SPLINE_SURFACE_WITH_KNOTS('',3,3,((#3937,#3938,#3939,#3940,#3941,
#3942,#3943),(#3944,#3945,#3946,#3947,#3948,#3949,#3950),(#3951,#3952,#3953,
#3954,#3955,#3956,#3957),(#3958,#3959,#3960,#3961,#3962,#3963,#3964),(#3965,
#3966,#3967,#3968,#3969,#3970,#3971),(#3972,#3973,#3974,#3975,#3976,#3977,
#3978)),.UNSPECIFIED.,.F.,.F.,.F.,(4,1,1,4),(4,1,1,1,4),(0.,0.285714285714286,
0.571428571428571,1.),(0.,0.142285134828465,0.213427702242698,0.355712837071163,
0.497997971899628),.UNSPECIFIED.);
#40=B_SPLINE_SURFACE_WITH_KNOTS('',3,3,((#4035,#4036,#4037,#4038,#4039),
(#4040,#4041,#4042,#4043,#4044),(#4045,#4046,#4047,#4048,#4049),(#4050,
#4051,#4052,#4053,#4054),(#4055,#4056,#4057,#4058,#4059),(#4060,#4061,#4062,
#4063,#4064)),.UNSPECIFIED.,.F.,.F.,.F.,(4,1,1,4),(4,1,4),(0.,0.285714285714286,
0.571428571428571,1.),(0.271248548005901,0.278824636165693,0.288926087045415),
 .UNSPECIFIED.);
#41=B_SPLINE_SURFACE_WITH_KNOTS('',3,3,((#4078,#4079,#4080,#4081,#4082,
#4083,#4084,#4085,#4086),(#4087,#4088,#4089,#4090,#4091,#4092,#4093,#4094,
#4095),(#4096,#4097,#4098,#4099,#4100,#4101,#4102,#4103,#4104),(#4105,#4106,
#4107,#4108,#4109,#4110,#4111,#4112,#4113),(#4114,#4115,#4116,#4117,#4118,
#4119,#4120,#4121,#4122),(#4123,#4124,#4125,#4126,#4127,#4128,#4129,#4130,
#4131)),.UNSPECIFIED.,.F.,.F.,.F.,(4,1,1,4),(4,1,1,1,1,1,4),(0.,0.285714285714286,
0.571428571428571,1.),(0.,0.167454168051735,0.251181252077602,0.334908336103469,
0.418635420129337,0.502362504155204,0.586089588181071),.UNSPECIFIED.);
#42=B_SPLINE_SURFACE_WITH_KNOTS('',3,3,((#4187,#4188,#4189,#4190,#4191),
(#4192,#4193,#4194,#4195,#4196),(#4197,#4198,#4199,#4200,#4201),(#4202,
#4203,#4204,#4205,#4206),(#4207,#4208,#4209,#4210,#4211),(#4212,#4213,#4214,
#4215,#4216)),.UNSPECIFIED.,.F.,.F.,.F.,(4,1,1,4),(4,1,4),(0.,0.285714285714286,
0.571428571428571,1.),(0.,0.0135837841132056,0.0271675682264111),
 .UNSPECIFIED.);
#43=B_SPLINE_SURFACE_WITH_KNOTS('',3,3,((#4230,#4231,#4232,#4233,#4234),
(#4235,#4236,#4237,#4238,#4239),(#4240,#4241,#4242,#4243,#4244),(#4245,
#4246,#4247,#4248,#4249),(#4250,#4251,#4252,#4253,#4254)),.UNSPECIFIED.,
 .F.,.F.,.F.,(4,1,4),(4,1,4),(0.,0.571428571428571,1.),(0.,0.165394185499162,
0.385919766164711),.UNSPECIFIED.);
#44=B_SPLINE_SURFACE_WITH_KNOTS('',3,3,((#4268,#4269,#4270,#4271),(#4272,
#4273,#4274,#4275),(#4276,#4277,#4278,#4279),(#4280,#4281,#4282,#4283),
(#4284,#4285,#4286,#4287)),.UNSPECIFIED.,.F.,.F.,.F.,(4,1,4),(4,4),(0.,
0.571428571428571,1.),(5.80354182507598E-15,0.508989375338356),
 .UNSPECIFIED.);
#45=B_SPLINE_SURFACE_WITH_KNOTS('',3,3,((#4299,#4300,#4301,#4302,#4303),
(#4304,#4305,#4306,#4307,#4308),(#4309,#4310,#4311,#4312,#4313),(#4314,
#4315,#4316,#4317,#4318),(#4319,#4320,#4321,#4322,#4323),(#4324,#4325,#4326,
#4327,#4328)),.UNSPECIFIED.,.F.,.F.,.F.,(4,1,1,4),(4,1,4),(0.,0.285714285714286,
0.571428571428571,1.),(0.,0.180887217527966,0.422070174231922),
 .UNSPECIFIED.);
#46=B_SPLINE_SURFACE_WITH_KNOTS('',3,3,((#4349,#4350,#4351,#4352,#4353,
#4354,#4355,#4356,#4357,#4358,#4359,#4360,#4361,#4362,#4363),(#4364,#4365,
#4366,#4367,#4368,#4369,#4370,#4371,#4372,#4373,#4374,#4375,#4376,#4377,
#4378),(#4379,#4380,#4381,#4382,#4383,#4384,#4385,#4386,#4387,#4388,#4389,
#4390,#4391,#4392,#4393),(#4394,#4395,#4396,#4397,#4398,#4399,#4400,#4401,
#4402,#4403,#4404,#4405,#4406,#4407,#4408),(#4409,#4410,#4411,#4412,#4413,
#4414,#4415,#4416,#4417,#4418,#4419,#4420,#4421,#4422,#4423)),
 .UNSPECIFIED.,.F.,.F.,.F.,(4,1,4),(4,1,1,1,1,1,1,1,1,1,1,1,4),(0.,0.571428571428571,
1.),(0.,0.0922257812041528,0.122967708272204,0.184451562408306,0.245935416544408,
0.368903124816611,0.430386978952713,0.491870833088815,0.553354687224917,
0.614838541361019,0.737806249633223,0.799290103769325,0.860773957905427),
 .UNSPECIFIED.);
#47=B_SPLINE_SURFACE_WITH_KNOTS('',3,3,((#4531,#4532,#4533,#4534,#4535,
#4536,#4537,#4538,#4539,#4540,#4541,#4542,#4543,#4544),(#4545,#4546,#4547,
#4548,#4549,#4550,#4551,#4552,#4553,#4554,#4555,#4556,#4557,#4558),(#4559,
#4560,#4561,#4562,#4563,#4564,#4565,#4566,#4567,#4568,#4569,#4570,#4571,
#4572),(#4573,#4574,#4575,#4576,#4577,#4578,#4579,#4580,#4581,#4582,#4583,
#4584,#4585,#4586),(#4587,#4588,#4589,#4590,#4591,#4592,#4593,#4594,#4595,
#4596,#4597,#4598,#4599,#4600)),.UNSPECIFIED.,.F.,.F.,.F.,(4,1,4),(4,1,
1,1,1,1,1,1,1,1,1,4),(0.,0.571428571428571,1.),(2.30858784856849E-13,0.122967741794785,
0.245935483589338,0.307419354486615,0.368903225383892,0.430387096281169,
0.491870967178446,0.553354838075723,0.584096773524361,0.614838708972999,
0.737806450767553,0.860774192562107),.UNSPECIFIED.);
#48=B_SPLINE_SURFACE_WITH_KNOTS('',3,3,((#4619,#4620,#4621,#4622),(#4623,
#4624,#4625,#4626),(#4627,#4628,#4629,#4630),(#4631,#4632,#4633,#4634)),
 .UNSPECIFIED.,.F.,.F.,.F.,(4,4),(4,4),(0.,1.),(5.76918719383225E-13,0.198680947173025),
 .UNSPECIFIED.);
#49=B_SPLINE_SURFACE_WITH_KNOTS('',3,3,((#4641,#4642,#4643,#4644,#4645,
#4646,#4647,#4648,#4649,#4650,#4651,#4652),(#4653,#4654,#4655,#4656,#4657,
#4658,#4659,#4660,#4661,#4662,#4663,#4664),(#4665,#4666,#4667,#4668,#4669,
#4670,#4671,#4672,#4673,#4674,#4675,#4676),(#4677,#4678,#4679,#4680,#4681,
#4682,#4683,#4684,#4685,#4686,#4687,#4688),(#4689,#4690,#4691,#4692,#4693,
#4694,#4695,#4696,#4697,#4698,#4699,#4700)),.UNSPECIFIED.,.F.,.F.,.F.,(4,
1,4),(4,1,1,1,1,1,1,1,1,4),(0.,0.571428571428571,1.),(0.,0.00741708886493119,
0.0148341777298624,0.0296683554597248,0.0593367109194495,0.0890050663791743,
0.148341777298624,0.178010132758349,0.192844310488211,0.207678488218073),
 .UNSPECIFIED.);
#50=B_SPLINE_SURFACE_WITH_KNOTS('',3,3,((#4727,#4728,#4729,#4730),(#4731,
#4732,#4733,#4734),(#4735,#4736,#4737,#4738),(#4739,#4740,#4741,#4742)),
 .UNSPECIFIED.,.F.,.F.,.F.,(4,4),(4,4),(0.,1.),(0.,0.144963532942046),
 .UNSPECIFIED.);
#51=B_SPLINE_SURFACE_WITH_KNOTS('',3,3,((#4747,#4748,#4749,#4750,#4751),
(#4752,#4753,#4754,#4755,#4756),(#4757,#4758,#4759,#4760,#4761),(#4762,
#4763,#4764,#4765,#4766),(#4767,#4768,#4769,#4770,#4771)),.UNSPECIFIED.,
 .F.,.F.,.F.,(4,1,4),(4,1,4),(0.,0.5,1.),(0.,0.00753824406481813,0.0175892361512423),
 .UNSPECIFIED.);
#52=B_SPLINE_SURFACE_WITH_KNOTS('',3,3,((#4787,#4788,#4789,#4790),(#4791,
#4792,#4793,#4794),(#4795,#4796,#4797,#4798),(#4799,#4800,#4801,#4802)),
 .UNSPECIFIED.,.F.,.F.,.F.,(4,4),(4,4),(0.,1.),(2.0735062753833E-13,0.148649369282583),
 .UNSPECIFIED.);
#53=B_SPLINE_SURFACE_WITH_KNOTS('',3,3,((#4809,#4810,#4811,#4812,#4813,
#4814,#4815,#4816,#4817),(#4818,#4819,#4820,#4821,#4822,#4823,#4824,#4825,
#4826),(#4827,#4828,#4829,#4830,#4831,#4832,#4833,#4834,#4835),(#4836,#4837,
#4838,#4839,#4840,#4841,#4842,#4843,#4844)),.UNSPECIFIED.,.F.,.F.,.F.,(4,
4),(4,1,1,1,1,1,4),(0.,1.),(0.,0.0266443475584815,0.0532886951169629,0.0799330426754444,
0.133221737792407,0.159866085350889,0.18651043290937),.UNSPECIFIED.);
#54=B_SPLINE_SURFACE_WITH_KNOTS('',3,3,((#4865,#4866,#4867,#4868),(#4869,
#4870,#4871,#4872),(#4873,#4874,#4875,#4876),(#4877,#4878,#4879,#4880)),
 .UNSPECIFIED.,.F.,.F.,.F.,(4,4),(4,4),(0.,1.),(0.,0.197336905050831),
 .UNSPECIFIED.);
#55=B_SPLINE_SURFACE_WITH_KNOTS('',3,3,((#4885,#4886,#4887,#4888,#4889),
(#4890,#4891,#4892,#4893,#4894),(#4895,#4896,#4897,#4898,#4899),(#4900,
#4901,#4902,#4903,#4904),(#4905,#4906,#4907,#4908,#4909)),.UNSPECIFIED.,
 .F.,.F.,.F.,(4,1,4),(4,1,4),(0.,0.571428571428571,1.),(0.,0.0200809721244119,
0.0351417012177208),.UNSPECIFIED.);
#56=B_SPLINE_SURFACE_WITH_KNOTS('',3,3,((#4937,#4938,#4939,#4940),(#4941,
#4942,#4943,#4944),(#4945,#4946,#4947,#4948),(#4949,#4950,#4951,#4952)),
 .UNSPECIFIED.,.F.,.F.,.F.,(4,4),(4,4),(0.,1.),(0.,0.0960163098921659),
 .UNSPECIFIED.);
#57=B_SPLINE_SURFACE_WITH_KNOTS('',3,3,((#5029,#5030,#5031,#5032),(#5033,
#5034,#5035,#5036),(#5037,#5038,#5039,#5040),(#5041,#5042,#5043,#5044),
(#5045,#5046,#5047,#5048)),.UNSPECIFIED.,.F.,.F.,.F.,(4,1,4),(4,4),(0.,
0.5,1.),(3.91151591908638,4.02072559891727),.UNSPECIFIED.);
#58=B_SPLINE_SURFACE_WITH_KNOTS('',3,3,((#5092,#5093,#5094,#5095),(#5096,
#5097,#5098,#5099),(#5100,#5101,#5102,#5103),(#5104,#5105,#5106,#5107),
(#5108,#5109,#5110,#5111)),.UNSPECIFIED.,.F.,.F.,.F.,(4,1,4),(4,4),(0.,
0.5,1.),(0.000180832591030021,0.109390540145743),.UNSPECIFIED.);
#59=B_SPLINE_SURFACE_WITH_KNOTS('',3,3,((#5178,#5179,#5180,#5181),(#5182,
#5183,#5184,#5185),(#5186,#5187,#5188,#5189),(#5190,#5191,#5192,#5193)),
 .UNSPECIFIED.,.F.,.F.,.F.,(4,4),(4,4),(0.,1.),(-1.56,1.56),
 .UNSPECIFIED.);
#60=B_SPLINE_SURFACE_WITH_KNOTS('',3,3,((#5211,#5212,#5213,#5214,#5215),
(#5216,#5217,#5218,#5219,#5220),(#5221,#5222,#5223,#5224,#5225),(#5226,
#5227,#5228,#5229,#5230)),.UNSPECIFIED.,.F.,.F.,.F.,(4,4),(4,1,4),(0.,1.),
(-0.889692054150023,-0.513719204586705,-0.0124220718356143),
 .UNSPECIFIED.);
#61=B_SPLINE_SURFACE_WITH_KNOTS('',3,3,((#5250,#5251,#5252,#5253,#5254),
(#5255,#5256,#5257,#5258,#5259),(#5260,#5261,#5262,#5263,#5264),(#5265,
#5266,#5267,#5268,#5269)),.UNSPECIFIED.,.F.,.F.,.F.,(4,4),(4,1,4),(0.,1.),
(0.0124220718356104,0.513719204586705,0.889692054150026),.UNSPECIFIED.);
#62=B_SPLINE_SURFACE_WITH_KNOTS('',3,3,((#5728,#5729,#5730,#5731),(#5732,
#5733,#5734,#5735),(#5736,#5737,#5738,#5739),(#5740,#5741,#5742,#5743)),
 .UNSPECIFIED.,.F.,.F.,.F.,(4,4),(4,4),(0.,1.),(0.,0.0960163098921659),
 .UNSPECIFIED.);
#63=B_SPLINE_SURFACE_WITH_KNOTS('',3,3,((#5792,#5793,#5794,#5795,#5796),
(#5797,#5798,#5799,#5800,#5801),(#5802,#5803,#5804,#5805,#5806),(#5807,
#5808,#5809,#5810,#5811),(#5812,#5813,#5814,#5815,#5816),(#5817,#5818,#5819,
#5820,#5821)),.UNSPECIFIED.,.F.,.F.,.F.,(4,1,1,4),(4,1,4),(0.,0.285714285714286,
0.571428571428571,1.),(0.511081417831003,2.01521491517109,4.02072624495787),
 .UNSPECIFIED.);
#64=B_SPLINE_SURFACE_WITH_KNOTS('',3,3,((#5877,#5878,#5879,#5880,#5881,
#5882,#5883,#5884,#5885,#5886),(#5887,#5888,#5889,#5890,#5891,#5892,#5893,
#5894,#5895,#5896),(#5897,#5898,#5899,#5900,#5901,#5902,#5903,#5904,#5905,
#5906),(#5907,#5908,#5909,#5910,#5911,#5912,#5913,#5914,#5915,#5916),(#5917,
#5918,#5919,#5920,#5921,#5922,#5923,#5924,#5925,#5926)),.UNSPECIFIED.,.F.,
 .F.,.F.,(4,1,4),(4,1,1,1,1,1,1,4),(0.,0.5,1.),(-2.36881691333709E-15,0.174964403807442,
0.349928807614886,0.52489321142233,0.699857615229774,0.874822019037218,
1.04978642284466,1.22475082665211),.UNSPECIFIED.);
#65=B_SPLINE_SURFACE_WITH_KNOTS('',3,3,((#5947,#5948,#5949,#5950),(#5951,
#5952,#5953,#5954),(#5955,#5956,#5957,#5958),(#5959,#5960,#5961,#5962),
(#5963,#5964,#5965,#5966),(#5967,#5968,#5969,#5970)),.UNSPECIFIED.,.F.,
 .F.,.F.,(4,1,1,4),(4,4),(0.,0.285714285714286,0.571428571428571,1.),(0.888226677700155,
3.50951615845664),.UNSPECIFIED.);
#66=B_SPLINE_SURFACE_WITH_KNOTS('',3,3,((#5997,#5998,#5999,#6000),(#6001,
#6002,#6003,#6004),(#6005,#6006,#6007,#6008),(#6009,#6010,#6011,#6012)),
 .UNSPECIFIED.,.F.,.F.,.F.,(4,4),(4,4),(0.,1.),(0.,0.0960163098921659),
 .UNSPECIFIED.);
#67=B_SPLINE_SURFACE_WITH_KNOTS('',3,3,((#6043,#6044,#6045,#6046),(#6047,
#6048,#6049,#6050),(#6051,#6052,#6053,#6054),(#6055,#6056,#6057,#6058),
(#6059,#6060,#6061,#6062),(#6063,#6064,#6065,#6066)),.UNSPECIFIED.,.F.,
 .F.,.F.,(4,1,1,4),(4,4),(0.,0.285714285714286,0.571428571428571,1.),(0.511081406056383,
3.13268097603267),.UNSPECIFIED.);
#68=B_SPLINE_SURFACE_WITH_KNOTS('',3,3,((#6081,#6082,#6083,#6084,#6085,
#6086,#6087,#6088,#6089,#6090),(#6091,#6092,#6093,#6094,#6095,#6096,#6097,
#6098,#6099,#6100),(#6101,#6102,#6103,#6104,#6105,#6106,#6107,#6108,#6109,
#6110),(#6111,#6112,#6113,#6114,#6115,#6116,#6117,#6118,#6119,#6120),(#6121,
#6122,#6123,#6124,#6125,#6126,#6127,#6128,#6129,#6130)),.UNSPECIFIED.,.F.,
 .F.,.F.,(4,1,4),(4,1,1,1,1,1,1,4),(0.,0.5,1.),(-4.88498130835069E-15,0.174964403807439,
0.349928807614883,0.524893211422328,0.699857615229772,0.874822019037216,
1.04978642284466,1.2247508266521),.UNSPECIFIED.);
#69=B_SPLINE_SURFACE_WITH_KNOTS('',3,3,((#6172,#6173,#6174,#6175,#6176),
(#6177,#6178,#6179,#6180,#6181),(#6182,#6183,#6184,#6185,#6186),(#6187,
#6188,#6189,#6190,#6191),(#6192,#6193,#6194,#6195,#6196),(#6197,#6198,#6199,
#6200,#6201)),.UNSPECIFIED.,.F.,.F.,.F.,(4,1,1,4),(4,1,4),(0.,0.285714285714286,
0.571428571428571,1.),(0.000180832591005986,1.50418341701497,3.50952019624693),
 .UNSPECIFIED.);
#70=B_SPLINE_SURFACE_WITH_KNOTS('',3,3,((#6239,#6240,#6241,#6242),(#6243,
#6244,#6245,#6246),(#6247,#6248,#6249,#6250),(#6251,#6252,#6253,#6254)),
 .UNSPECIFIED.,.F.,.F.,.F.,(4,4),(4,4),(0.,1.),(0.,0.0960163098921659),
 .UNSPECIFIED.);
#71=B_SPLINE_SURFACE_WITH_KNOTS('',3,3,((#6255,#6256,#6257,#6258),(#6259,
#6260,#6261,#6262),(#6263,#6264,#6265,#6266),(#6267,#6268,#6269,#6270)),
 .UNSPECIFIED.,.F.,.F.,.F.,(4,4),(4,4),(0.,1.),(0.,0.0960163098921659),
 .UNSPECIFIED.);
#72=B_SPLINE_SURFACE_WITH_KNOTS('',3,3,((#6271,#6272,#6273,#6274),(#6275,
#6276,#6277,#6278),(#6279,#6280,#6281,#6282),(#6283,#6284,#6285,#6286)),
 .UNSPECIFIED.,.F.,.F.,.F.,(4,4),(4,4),(0.,1.),(0.,0.0960163098921659),
 .UNSPECIFIED.);
#73=B_SPLINE_SURFACE_WITH_KNOTS('',3,3,((#6291,#6292,#6293,#6294),(#6295,
#6296,#6297,#6298),(#6299,#6300,#6301,#6302),(#6303,#6304,#6305,#6306)),
 .UNSPECIFIED.,.F.,.F.,.F.,(4,4),(4,4),(0.,1.),(0.,0.0960163098921659),
 .UNSPECIFIED.);
#74=B_SPLINE_SURFACE_WITH_KNOTS('',3,3,((#6311,#6312,#6313,#6314),(#6315,
#6316,#6317,#6318),(#6319,#6320,#6321,#6322),(#6323,#6324,#6325,#6326)),
 .UNSPECIFIED.,.F.,.F.,.F.,(4,4),(4,4),(0.,1.),(0.,0.0960163098921659),
 .UNSPECIFIED.);
#75=ELLIPSE('',#2458,16.9705625377429,12.);
#76=ELLIPSE('',#2459,12.9887064836784,12.);
#77=ELLIPSE('',#2460,12.9887064836785,12.);
#78=ELLIPSE('',#2461,16.9705625377429,12.);
#79=ELLIPSE('',#2463,16.9705629592114,12.);
#80=ELLIPSE('',#2464,12.9887064035087,12.);
#81=ELLIPSE('',#2465,12.9887064035087,12.);
#82=ELLIPSE('',#2466,16.9705629592114,12.);
#83=ELLIPSE('',#2583,12.9887062565309,12.);
#84=ELLIPSE('',#2584,12.9887064703168,12.);
#85=ELLIPSE('',#2586,12.9887064703168,12.);
#86=ELLIPSE('',#2587,12.9887062565309,12.);
#87=CYLINDRICAL_SURFACE('',#2457,12.);
#88=CYLINDRICAL_SURFACE('',#2462,12.);
#89=CYLINDRICAL_SURFACE('',#2477,1.00000002235213);
#90=CYLINDRICAL_SURFACE('',#2479,2.00000001117587);
#91=CYLINDRICAL_SURFACE('',#2483,3.2);
#92=CYLINDRICAL_SURFACE('',#2484,3.2);
#93=CYLINDRICAL_SURFACE('',#2485,3.2);
#94=CYLINDRICAL_SURFACE('',#2498,1.00000002235213);
#95=CYLINDRICAL_SURFACE('',#2500,2.00000001117605);
#96=CYLINDRICAL_SURFACE('',#2504,3.2);
#97=CYLINDRICAL_SURFACE('',#2505,3.2);
#98=CYLINDRICAL_SURFACE('',#2507,3.2);
#99=CYLINDRICAL_SURFACE('',#2512,5.00000004470349);
#100=CYLINDRICAL_SURFACE('',#2514,2.00000001117606);
#101=CYLINDRICAL_SURFACE('',#2518,5.00000004470349);
#102=CYLINDRICAL_SURFACE('',#2520,2.00000001117586);
#103=CYLINDRICAL_SURFACE('',#2522,2.00000001117606);
#104=CYLINDRICAL_SURFACE('',#2524,1.00000002235214);
#105=CYLINDRICAL_SURFACE('',#2526,5.00000004470349);
#106=CYLINDRICAL_SURFACE('',#2528,2.00000001117587);
#107=CYLINDRICAL_SURFACE('',#2530,1.00000002235214);
#108=CYLINDRICAL_SURFACE('',#2532,2.00000001117586);
#109=CYLINDRICAL_SURFACE('',#2534,2.00000001117605);
#110=CYLINDRICAL_SURFACE('',#2536,5.00000004470349);
#111=CYLINDRICAL_SURFACE('',#2561,2.10000000000001);
#112=CYLINDRICAL_SURFACE('',#2566,2.10000000000001);
#113=CYLINDRICAL_SURFACE('',#2582,12.);
#114=CYLINDRICAL_SURFACE('',#2585,12.);
#115=CYLINDRICAL_SURFACE('',#2590,1.7);
#116=CYLINDRICAL_SURFACE('',#2593,1.7);
#117=CYLINDRICAL_SURFACE('',#2594,12.);
#118=CYLINDRICAL_SURFACE('',#2595,12.);
#119=CYLINDRICAL_SURFACE('',#2596,12.);
#120=CYLINDRICAL_SURFACE('',#2597,12.);
#121=PLANE('',#2443);
#122=PLANE('',#2450);
#123=PLANE('',#2451);
#124=PLANE('',#2455);
#125=PLANE('',#2456);
#126=PLANE('',#2467);
#127=PLANE('',#2468);
#128=PLANE('',#2538);
#129=PLANE('',#2539);
#130=PLANE('',#2540);
#131=PLANE('',#2541);
#132=PLANE('',#2542);
#133=PLANE('',#2543);
#134=PLANE('',#2544);
#135=PLANE('',#2545);
#136=PLANE('',#2546);
#137=PLANE('',#2547);
#138=PLANE('',#2548);
#139=PLANE('',#2549);
#140=PLANE('',#2550);
#141=PLANE('',#2551);
#142=PLANE('',#2552);
#143=PLANE('',#2553);
#144=PLANE('',#2554);
#145=PLANE('',#2557);
#146=PLANE('',#2558);
#147=PLANE('',#2560);
#148=PLANE('',#2562);
#149=PLANE('',#2563);
#150=PLANE('',#2565);
#151=PLANE('',#2567);
#152=PLANE('',#2568);
#153=PLANE('',#2569);
#154=PLANE('',#2570);
#155=PLANE('',#2571);
#156=PLANE('',#2572);
#157=PLANE('',#2573);
#158=PLANE('',#2574);
#159=PLANE('',#2575);
#160=PLANE('',#2576);
#161=PLANE('',#2577);
#162=PLANE('',#2578);
#163=PLANE('',#2579);
#164=PLANE('',#2580);
#165=PLANE('',#2581);
#166=FACE_OUTER_BOUND('',#302,.T.);
#167=FACE_OUTER_BOUND('',#303,.T.);
#168=FACE_OUTER_BOUND('',#304,.T.);
#169=FACE_OUTER_BOUND('',#305,.T.);
#170=FACE_OUTER_BOUND('',#306,.T.);
#171=FACE_OUTER_BOUND('',#307,.T.);
#172=FACE_OUTER_BOUND('',#308,.T.);
#173=FACE_OUTER_BOUND('',#309,.T.);
#174=FACE_OUTER_BOUND('',#310,.T.);
#175=FACE_OUTER_BOUND('',#311,.T.);
#176=FACE_OUTER_BOUND('',#312,.T.);
#177=FACE_OUTER_BOUND('',#313,.T.);
#178=FACE_OUTER_BOUND('',#314,.T.);
#179=FACE_OUTER_BOUND('',#315,.T.);
#180=FACE_OUTER_BOUND('',#316,.T.);
#181=FACE_OUTER_BOUND('',#317,.T.);
#182=FACE_OUTER_BOUND('',#318,.T.);
#183=FACE_OUTER_BOUND('',#319,.T.);
#184=FACE_OUTER_BOUND('',#320,.T.);
#185=FACE_OUTER_BOUND('',#321,.T.);
#186=FACE_OUTER_BOUND('',#322,.T.);
#187=FACE_OUTER_BOUND('',#323,.T.);
#188=FACE_OUTER_BOUND('',#324,.T.);
#189=FACE_OUTER_BOUND('',#325,.T.);
#190=FACE_OUTER_BOUND('',#326,.T.);
#191=FACE_OUTER_BOUND('',#327,.T.);
#192=FACE_OUTER_BOUND('',#328,.T.);
#193=FACE_OUTER_BOUND('',#329,.T.);
#194=FACE_OUTER_BOUND('',#330,.T.);
#195=FACE_OUTER_BOUND('',#331,.T.);
#196=FACE_OUTER_BOUND('',#332,.T.);
#197=FACE_OUTER_BOUND('',#333,.T.);
#198=FACE_OUTER_BOUND('',#334,.T.);
#199=FACE_OUTER_BOUND('',#335,.T.);
#200=FACE_OUTER_BOUND('',#336,.T.);
#201=FACE_OUTER_BOUND('',#337,.T.);
#202=FACE_OUTER_BOUND('',#338,.T.);
#203=FACE_OUTER_BOUND('',#339,.T.);
#204=FACE_OUTER_BOUND('',#340,.T.);
#205=FACE_OUTER_BOUND('',#341,.T.);
#206=FACE_OUTER_BOUND('',#342,.T.);
#207=FACE_OUTER_BOUND('',#343,.T.);
#208=FACE_OUTER_BOUND('',#344,.T.);
#209=FACE_OUTER_BOUND('',#345,.T.);
#210=FACE_OUTER_BOUND('',#346,.T.);
#211=FACE_OUTER_BOUND('',#347,.T.);
#212=FACE_OUTER_BOUND('',#348,.T.);
#213=FACE_OUTER_BOUND('',#349,.T.);
#214=FACE_OUTER_BOUND('',#350,.T.);
#215=FACE_OUTER_BOUND('',#351,.T.);
#216=FACE_OUTER_BOUND('',#352,.T.);
#217=FACE_OUTER_BOUND('',#353,.T.);
#218=FACE_OUTER_BOUND('',#354,.T.);
#219=FACE_OUTER_BOUND('',#355,.T.);
#220=FACE_OUTER_BOUND('',#356,.T.);
#221=FACE_OUTER_BOUND('',#357,.T.);
#222=FACE_OUTER_BOUND('',#358,.T.);
#223=FACE_OUTER_BOUND('',#359,.T.);
#224=FACE_OUTER_BOUND('',#360,.T.);
#225=FACE_OUTER_BOUND('',#361,.T.);
#226=FACE_OUTER_BOUND('',#362,.T.);
#227=FACE_OUTER_BOUND('',#363,.T.);
#228=FACE_OUTER_BOUND('',#364,.T.);
#229=FACE_OUTER_BOUND('',#365,.T.);
#230=FACE_OUTER_BOUND('',#366,.T.);
#231=FACE_OUTER_BOUND('',#367,.T.);
#232=FACE_OUTER_BOUND('',#368,.T.);
#233=FACE_OUTER_BOUND('',#369,.T.);
#234=FACE_OUTER_BOUND('',#370,.T.);
#235=FACE_OUTER_BOUND('',#371,.T.);
#236=FACE_OUTER_BOUND('',#372,.T.);
#237=FACE_OUTER_BOUND('',#373,.T.);
#238=FACE_OUTER_BOUND('',#374,.T.);
#239=FACE_OUTER_BOUND('',#375,.T.);
#240=FACE_OUTER_BOUND('',#376,.T.);
#241=FACE_OUTER_BOUND('',#377,.T.);
#242=FACE_OUTER_BOUND('',#378,.T.);
#243=FACE_OUTER_BOUND('',#379,.T.);
#244=FACE_OUTER_BOUND('',#380,.T.);
#245=FACE_OUTER_BOUND('',#381,.T.);
#246=FACE_OUTER_BOUND('',#384,.T.);
#247=FACE_OUTER_BOUND('',#386,.T.);
#248=FACE_OUTER_BOUND('',#389,.T.);
#249=FACE_OUTER_BOUND('',#390,.T.);
#250=FACE_OUTER_BOUND('',#391,.T.);
#251=FACE_OUTER_BOUND('',#392,.T.);
#252=FACE_OUTER_BOUND('',#393,.T.);
#253=FACE_OUTER_BOUND('',#394,.T.);
#254=FACE_OUTER_BOUND('',#395,.T.);
#255=FACE_OUTER_BOUND('',#399,.T.);
#256=FACE_OUTER_BOUND('',#400,.T.);
#257=FACE_OUTER_BOUND('',#401,.T.);
#258=FACE_OUTER_BOUND('',#402,.T.);
#259=FACE_OUTER_BOUND('',#403,.T.);
#260=FACE_OUTER_BOUND('',#404,.T.);
#261=FACE_OUTER_BOUND('',#405,.T.);
#262=FACE_OUTER_BOUND('',#406,.T.);
#263=FACE_OUTER_BOUND('',#407,.T.);
#264=FACE_OUTER_BOUND('',#408,.T.);
#265=FACE_OUTER_BOUND('',#409,.T.);
#266=FACE_OUTER_BOUND('',#411,.T.);
#267=FACE_OUTER_BOUND('',#412,.T.);
#268=FACE_OUTER_BOUND('',#413,.T.);
#269=FACE_OUTER_BOUND('',#414,.T.);
#270=FACE_OUTER_BOUND('',#415,.T.);
#271=FACE_OUTER_BOUND('',#416,.T.);
#272=FACE_OUTER_BOUND('',#417,.T.);
#273=FACE_OUTER_BOUND('',#418,.T.);
#274=FACE_OUTER_BOUND('',#419,.T.);
#275=FACE_OUTER_BOUND('',#420,.T.);
#276=FACE_OUTER_BOUND('',#421,.T.);
#277=FACE_OUTER_BOUND('',#422,.T.);
#278=FACE_OUTER_BOUND('',#423,.T.);
#279=FACE_OUTER_BOUND('',#424,.T.);
#280=FACE_OUTER_BOUND('',#425,.T.);
#281=FACE_OUTER_BOUND('',#426,.T.);
#282=FACE_OUTER_BOUND('',#427,.T.);
#283=FACE_OUTER_BOUND('',#428,.T.);
#284=FACE_OUTER_BOUND('',#429,.T.);
#285=FACE_OUTER_BOUND('',#430,.T.);
#286=FACE_OUTER_BOUND('',#431,.T.);
#287=FACE_OUTER_BOUND('',#432,.T.);
#288=FACE_OUTER_BOUND('',#433,.T.);
#289=FACE_OUTER_BOUND('',#434,.T.);
#290=FACE_OUTER_BOUND('',#435,.T.);
#291=FACE_OUTER_BOUND('',#436,.T.);
#292=FACE_OUTER_BOUND('',#437,.T.);
#293=FACE_OUTER_BOUND('',#438,.T.);
#294=FACE_OUTER_BOUND('',#439,.T.);
#295=FACE_OUTER_BOUND('',#440,.T.);
#296=FACE_OUTER_BOUND('',#441,.T.);
#297=FACE_OUTER_BOUND('',#442,.T.);
#298=FACE_OUTER_BOUND('',#443,.T.);
#299=FACE_OUTER_BOUND('',#444,.T.);
#300=FACE_OUTER_BOUND('',#445,.T.);
#301=FACE_OUTER_BOUND('',#446,.T.);
#302=EDGE_LOOP('',(#1542,#1543,#1544,#1545,#1546));
#303=EDGE_LOOP('',(#1547,#1548,#1549,#1550));
#304=EDGE_LOOP('',(#1551,#1552,#1553,#1554,#1555));
#305=EDGE_LOOP('',(#1556,#1557,#1558,#1559));
#306=EDGE_LOOP('',(#1560,#1561,#1562,#1563));
#307=EDGE_LOOP('',(#1564,#1565,#1566,#1567));
#308=EDGE_LOOP('',(#1568,#1569,#1570,#1571));
#309=EDGE_LOOP('',(#1572,#1573,#1574,#1575,#1576,#1577));
#310=EDGE_LOOP('',(#1578,#1579,#1580,#1581));
#311=EDGE_LOOP('',(#1582,#1583,#1584,#1585,#1586,#1587,#1588,#1589,#1590,
#1591));
#312=EDGE_LOOP('',(#1592,#1593,#1594,#1595,#1596,#1597,#1598,#1599,#1600,
#1601));
#313=EDGE_LOOP('',(#1602,#1603,#1604,#1605));
#314=EDGE_LOOP('',(#1606,#1607,#1608,#1609));
#315=EDGE_LOOP('',(#1610,#1611,#1612,#1613,#1614,#1615));
#316=EDGE_LOOP('',(#1616,#1617,#1618,#1619));
#317=EDGE_LOOP('',(#1620,#1621,#1622,#1623));
#318=EDGE_LOOP('',(#1624,#1625,#1626,#1627,#1628,#1629));
#319=EDGE_LOOP('',(#1630,#1631,#1632,#1633));
#320=EDGE_LOOP('',(#1634,#1635,#1636,#1637,#1638,#1639));
#321=EDGE_LOOP('',(#1640,#1641,#1642,#1643));
#322=EDGE_LOOP('',(#1644,#1645,#1646,#1647));
#323=EDGE_LOOP('',(#1648,#1649,#1650,#1651));
#324=EDGE_LOOP('',(#1652,#1653,#1654,#1655));
#325=EDGE_LOOP('',(#1656,#1657,#1658,#1659,#1660,#1661));
#326=EDGE_LOOP('',(#1662,#1663,#1664,#1665,#1666,#1667));
#327=EDGE_LOOP('',(#1668,#1669,#1670,#1671,#1672,#1673));
#328=EDGE_LOOP('',(#1674,#1675,#1676,#1677,#1678,#1679));
#329=EDGE_LOOP('',(#1680,#1681,#1682,#1683,#1684,#1685,#1686));
#330=EDGE_LOOP('',(#1687,#1688,#1689,#1690,#1691,#1692));
#331=EDGE_LOOP('',(#1693,#1694,#1695,#1696));
#332=EDGE_LOOP('',(#1697,#1698,#1699,#1700,#1701,#1702));
#333=EDGE_LOOP('',(#1703,#1704,#1705,#1706));
#334=EDGE_LOOP('',(#1707,#1708,#1709,#1710,#1711,#1712));
#335=EDGE_LOOP('',(#1713,#1714,#1715,#1716));
#336=EDGE_LOOP('',(#1717,#1718,#1719,#1720));
#337=EDGE_LOOP('',(#1721,#1722,#1723,#1724));
#338=EDGE_LOOP('',(#1725,#1726,#1727,#1728));
#339=EDGE_LOOP('',(#1729,#1730,#1731,#1732));
#340=EDGE_LOOP('',(#1733,#1734,#1735,#1736,#1737,#1738));
#341=EDGE_LOOP('',(#1739,#1740,#1741,#1742,#1743,#1744));
#342=EDGE_LOOP('',(#1745,#1746,#1747,#1748,#1749,#1750));
#343=EDGE_LOOP('',(#1751,#1752,#1753,#1754,#1755,#1756));
#344=EDGE_LOOP('',(#1757,#1758,#1759,#1760,#1761,#1762));
#345=EDGE_LOOP('',(#1763,#1764,#1765,#1766,#1767,#1768));
#346=EDGE_LOOP('',(#1769,#1770,#1771,#1772));
#347=EDGE_LOOP('',(#1773,#1774,#1775,#1776));
#348=EDGE_LOOP('',(#1777,#1778,#1779,#1780));
#349=EDGE_LOOP('',(#1781,#1782,#1783,#1784));
#350=EDGE_LOOP('',(#1785,#1786,#1787,#1788,#1789,#1790));
#351=EDGE_LOOP('',(#1791,#1792,#1793,#1794));
#352=EDGE_LOOP('',(#1795,#1796,#1797,#1798));
#353=EDGE_LOOP('',(#1799,#1800,#1801,#1802));
#354=EDGE_LOOP('',(#1803,#1804,#1805,#1806));
#355=EDGE_LOOP('',(#1807,#1808,#1809,#1810));
#356=EDGE_LOOP('',(#1811,#1812,#1813,#1814,#1815,#1816));
#357=EDGE_LOOP('',(#1817,#1818,#1819,#1820));
#358=EDGE_LOOP('',(#1821,#1822,#1823,#1824));
#359=EDGE_LOOP('',(#1825,#1826,#1827,#1828));
#360=EDGE_LOOP('',(#1829,#1830,#1831,#1832));
#361=EDGE_LOOP('',(#1833,#1834,#1835,#1836,#1837,#1838));
#362=EDGE_LOOP('',(#1839,#1840,#1841,#1842,#1843,#1844,#1845,#1846,#1847,
#1848,#1849,#1850,#1851,#1852,#1853,#1854,#1855));
#363=EDGE_LOOP('',(#1856,#1857,#1858,#1859));
#364=EDGE_LOOP('',(#1860,#1861,#1862,#1863));
#365=EDGE_LOOP('',(#1864,#1865,#1866,#1867));
#366=EDGE_LOOP('',(#1868,#1869,#1870,#1871,#1872,#1873));
#367=EDGE_LOOP('',(#1874,#1875,#1876,#1877));
#368=EDGE_LOOP('',(#1878,#1879,#1880,#1881));
#369=EDGE_LOOP('',(#1882,#1883,#1884));
#370=EDGE_LOOP('',(#1885,#1886,#1887));
#371=EDGE_LOOP('',(#1888,#1889,#1890,#1891));
#372=EDGE_LOOP('',(#1892,#1893,#1894,#1895));
#373=EDGE_LOOP('',(#1896,#1897,#1898,#1899));
#374=EDGE_LOOP('',(#1900,#1901,#1902,#1903));
#375=EDGE_LOOP('',(#1904,#1905,#1906,#1907));
#376=EDGE_LOOP('',(#1908,#1909,#1910));
#377=EDGE_LOOP('',(#1911,#1912,#1913,#1914,#1915,#1916,#1917,#1918));
#378=EDGE_LOOP('',(#1919,#1920,#1921,#1922));
#379=EDGE_LOOP('',(#1923,#1924,#1925,#1926));
#380=EDGE_LOOP('',(#1927,#1928,#1929,#1930));
#381=EDGE_LOOP('',(#1931,#1932,#1933,#1934));
#382=EDGE_LOOP('',(#1935,#1936,#1937,#1938));
#383=EDGE_LOOP('',(#1939,#1940,#1941,#1942));
#384=EDGE_LOOP('',(#1943,#1944,#1945,#1946,#1947,#1948,#1949,#1950,#1951,
#1952));
#385=EDGE_LOOP('',(#1953,#1954,#1955,#1956));
#386=EDGE_LOOP('',(#1957,#1958,#1959,#1960));
#387=EDGE_LOOP('',(#1961,#1962,#1963,#1964));
#388=EDGE_LOOP('',(#1965,#1966,#1967,#1968));
#389=EDGE_LOOP('',(#1969,#1970,#1971,#1972));
#390=EDGE_LOOP('',(#1973,#1974,#1975,#1976));
#391=EDGE_LOOP('',(#1977,#1978,#1979,#1980,#1981,#1982,#1983,#1984));
#392=EDGE_LOOP('',(#1985,#1986,#1987,#1988));
#393=EDGE_LOOP('',(#1989,#1990,#1991,#1992));
#394=EDGE_LOOP('',(#1993,#1994,#1995,#1996,#1997,#1998,#1999,#2000));
#395=EDGE_LOOP('',(#2001,#2002,#2003,#2004,#2005,#2006,#2007,#2008,#2009,
#2010,#2011,#2012,#2013,#2014,#2015,#2016));
#396=EDGE_LOOP('',(#2017,#2018,#2019,#2020,#2021,#2022,#2023,#2024,#2025,
#2026,#2027,#2028));
#397=EDGE_LOOP('',(#2029));
#398=EDGE_LOOP('',(#2030));
#399=EDGE_LOOP('',(#2031,#2032,#2033,#2034));
#400=EDGE_LOOP('',(#2035,#2036,#2037));
#401=EDGE_LOOP('',(#2038,#2039,#2040,#2041));
#402=EDGE_LOOP('',(#2042,#2043,#2044,#2045));
#403=EDGE_LOOP('',(#2046,#2047,#2048,#2049));
#404=EDGE_LOOP('',(#2050,#2051,#2052,#2053));
#405=EDGE_LOOP('',(#2054,#2055,#2056,#2057));
#406=EDGE_LOOP('',(#2058,#2059,#2060,#2061));
#407=EDGE_LOOP('',(#2062,#2063,#2064,#2065));
#408=EDGE_LOOP('',(#2066,#2067,#2068,#2069));
#409=EDGE_LOOP('',(#2070,#2071,#2072,#2073,#2074,#2075,#2076,#2077,#2078,
#2079,#2080,#2081));
#410=EDGE_LOOP('',(#2082,#2083,#2084,#2085,#2086,#2087,#2088,#2089,#2090,
#2091,#2092,#2093));
#411=EDGE_LOOP('',(#2094,#2095,#2096,#2097,#2098));
#412=EDGE_LOOP('',(#2099,#2100,#2101,#2102));
#413=EDGE_LOOP('',(#2103,#2104,#2105,#2106));
#414=EDGE_LOOP('',(#2107,#2108,#2109,#2110));
#415=EDGE_LOOP('',(#2111,#2112,#2113,#2114));
#416=EDGE_LOOP('',(#2115,#2116,#2117,#2118));
#417=EDGE_LOOP('',(#2119,#2120,#2121,#2122));
#418=EDGE_LOOP('',(#2123,#2124,#2125,#2126));
#419=EDGE_LOOP('',(#2127,#2128,#2129,#2130));
#420=EDGE_LOOP('',(#2131,#2132,#2133,#2134));
#421=EDGE_LOOP('',(#2135,#2136,#2137,#2138));
#422=EDGE_LOOP('',(#2139,#2140,#2141,#2142,#2143,#2144,#2145,#2146,#2147,
#2148));
#423=EDGE_LOOP('',(#2149,#2150,#2151,#2152,#2153,#2154));
#424=EDGE_LOOP('',(#2155,#2156,#2157,#2158,#2159));
#425=EDGE_LOOP('',(#2160,#2161,#2162,#2163,#2164,#2165));
#426=EDGE_LOOP('',(#2166,#2167,#2168,#2169,#2170,#2171));
#427=EDGE_LOOP('',(#2172,#2173,#2174,#2175));
#428=EDGE_LOOP('',(#2176,#2177,#2178,#2179,#2180,#2181,#2182,#2183));
#429=EDGE_LOOP('',(#2184,#2185,#2186,#2187,#2188,#2189,#2190,#2191,#2192,
#2193,#2194,#2195,#2196,#2197,#2198,#2199));
#430=EDGE_LOOP('',(#2200,#2201,#2202,#2203));
#431=EDGE_LOOP('',(#2204,#2205,#2206,#2207,#2208,#2209));
#432=EDGE_LOOP('',(#2210,#2211,#2212,#2213,#2214,#2215));
#433=EDGE_LOOP('',(#2216,#2217,#2218,#2219,#2220,#2221,#2222,#2223));
#434=EDGE_LOOP('',(#2224,#2225,#2226,#2227,#2228,#2229,#2230,#2231,#2232,
#2233));
#435=EDGE_LOOP('',(#2234,#2235,#2236,#2237));
#436=EDGE_LOOP('',(#2238,#2239,#2240,#2241,#2242,#2243,#2244,#2245,#2246,
#2247));
#437=EDGE_LOOP('',(#2248,#2249,#2250,#2251));
#438=EDGE_LOOP('',(#2252,#2253,#2254));
#439=EDGE_LOOP('',(#2255,#2256,#2257));
#440=EDGE_LOOP('',(#2258,#2259,#2260));
#441=EDGE_LOOP('',(#2261,#2262,#2263));
#442=EDGE_LOOP('',(#2264,#2265,#2266,#2267));
#443=EDGE_LOOP('',(#2268,#2269,#2270,#2271));
#444=EDGE_LOOP('',(#2272,#2273,#2274,#2275));
#445=EDGE_LOOP('',(#2276,#2277,#2278,#2279));
#446=EDGE_LOOP('',(#2280,#2281,#2282,#2283));
#447=B_SPLINE_CURVE_WITH_KNOTS('',3,(#3064,#3065,#3066,#3067),
 .UNSPECIFIED.,.F.,.F.,(4,4),(-0.22337017514692,0.),.UNSPECIFIED.);
#448=B_SPLINE_CURVE_WITH_KNOTS('',3,(#3083,#3084,#3085,#3086),
 .UNSPECIFIED.,.F.,.F.,(4,4),(-0.223432423137703,0.),.UNSPECIFIED.);
#449=B_SPLINE_CURVE_WITH_KNOTS('',3,(#3172,#3173,#3174,#3175,#3176,#3177),
 .UNSPECIFIED.,.F.,.F.,(4,2,4),(0.,0.0984201606368918,0.196840321273785),
 .UNSPECIFIED.);
#450=B_SPLINE_CURVE_WITH_KNOTS('',3,(#3179,#3180,#3181,#3182),
 .UNSPECIFIED.,.F.,.F.,(4,4),(0.149999999999996,3.15),.UNSPECIFIED.);
#451=B_SPLINE_CURVE_WITH_KNOTS('',3,(#3184,#3185,#3186,#3187,#3188,#3189),
 .UNSPECIFIED.,.F.,.F.,(4,2,4),(0.,0.0984201606368886,0.196840321273779),
 .UNSPECIFIED.);
#452=B_SPLINE_CURVE_WITH_KNOTS('',3,(#3190,#3191,#3192,#3193),
 .UNSPECIFIED.,.F.,.F.,(4,4),(-3.15,-0.149999999999996),.UNSPECIFIED.);
#453=B_SPLINE_CURVE_WITH_KNOTS('',3,(#3233,#3234,#3235,#3236,#3237),
 .UNSPECIFIED.,.F.,.F.,(4,1,4),(-0.385919766367603,-0.165394185586116,0.),
 .UNSPECIFIED.);
#454=B_SPLINE_CURVE_WITH_KNOTS('',3,(#3240,#3241,#3242,#3243,#3244),
 .UNSPECIFIED.,.F.,.F.,(4,1,4),(0.,0.165394185586116,0.385919766367603),
 .UNSPECIFIED.);
#455=B_SPLINE_CURVE_WITH_KNOTS('',3,(#3278,#3279,#3280,#3281,#3282),
 .UNSPECIFIED.,.F.,.F.,(4,1,4),(-0.0271675501041642,-0.0135837750520821,
0.),.UNSPECIFIED.);
#456=B_SPLINE_CURVE_WITH_KNOTS('',3,(#3283,#3284,#3285,#3286,#3287),
 .UNSPECIFIED.,.F.,.F.,(4,1,4),(1.8261542646776E-10,0.0135837750520821,
0.0271675501041642),.UNSPECIFIED.);
#457=B_SPLINE_CURVE_WITH_KNOTS('',3,(#3344,#3345,#3346,#3347,#3348,#3349,
#3350,#3351,#3352,#3353,#3354,#3355,#3356,#3357),.UNSPECIFIED.,.F.,.F.,
(4,2,2,2,2,2,4),(-0.0011393470652377,0.,0.0165125342084272,0.0514746780398434,
0.0824596982056838,0.122045929208989,0.12314973596977),.UNSPECIFIED.);
#458=B_SPLINE_CURVE_WITH_KNOTS('',3,(#3358,#3359,#3360,#3361,#3362,#3363,
#3364),.UNSPECIFIED.,.F.,.F.,(4,1,1,1,4),(-0.39480143925917,-0.334908336454111,
-0.251181252340583,-0.0837270841135278,0.),.UNSPECIFIED.);
#459=B_SPLINE_CURVE_WITH_KNOTS('',3,(#3366,#3367,#3368,#3369,#3370,#3371,
#3372,#3373,#3374),.UNSPECIFIED.,.F.,.F.,(4,1,1,1,1,1,4),(0.,0.0837270841135278,
0.251181252340583,0.334908336454111,0.418635420567639,0.502362504681167,
0.586089588794694),.UNSPECIFIED.);
#460=B_SPLINE_CURVE_WITH_KNOTS('',3,(#3377,#3378,#3379,#3380),
 .UNSPECIFIED.,.F.,.F.,(4,4),(-0.586089588794694,-0.530302201350903),
 .UNSPECIFIED.);
#461=B_SPLINE_CURVE_WITH_KNOTS('',3,(#3414,#3415,#3416,#3417,#3418),
 .UNSPECIFIED.,.F.,.F.,(4,1,4),(-0.153301595314368,-0.14320020513473,-0.135624274011107),
 .UNSPECIFIED.);
#462=B_SPLINE_CURVE_WITH_KNOTS('',3,(#3419,#3420,#3421,#3422,#3423,#3424,
#3425),.UNSPECIFIED.,.F.,.F.,(4,3,4),(0.135624058579368,0.143200144325001,
0.153301595314368),.UNSPECIFIED.);
#463=B_SPLINE_CURVE_WITH_KNOTS('',3,(#3470,#3471,#3472,#3473,#3474,#3475,
#3476,#3477,#3478,#3479,#3480,#3481),.UNSPECIFIED.,.F.,.F.,(4,2,2,2,2,4),
(-0.00105322799827114,0.,0.0425512379083927,0.0799465524086864,0.124975011057628,
0.126046033820891),.UNSPECIFIED.);
#464=B_SPLINE_CURVE_WITH_KNOTS('',3,(#3482,#3483,#3484,#3485),
 .UNSPECIFIED.,.F.,.F.,(4,4),(-0.0557866910738857,0.),.UNSPECIFIED.);
#465=B_SPLINE_CURVE_WITH_KNOTS('',3,(#3487,#3488,#3489,#3490,#3491,#3492,
#3493),.UNSPECIFIED.,.F.,.F.,(4,1,1,1,4),(0.,0.142285135391825,0.28457027078365,
0.426855406175475,0.497997973871388),.UNSPECIFIED.);
#466=B_SPLINE_CURVE_WITH_KNOTS('',3,(#3496,#3497,#3498,#3499,#3500,#3501),
 .UNSPECIFIED.,.F.,.F.,(4,1,1,4),(-0.497997973871388,-0.426855406175475,
-0.28457027078365,-0.191242355279698),.UNSPECIFIED.);
#467=B_SPLINE_CURVE_WITH_KNOTS('',3,(#3535,#3536,#3537,#3538,#3539),
 .UNSPECIFIED.,.F.,.F.,(4,1,4),(-0.0223764016521084,-0.0111882008260542,
0.),.UNSPECIFIED.);
#468=B_SPLINE_CURVE_WITH_KNOTS('',3,(#3540,#3541,#3542,#3543,#3544),
 .UNSPECIFIED.,.F.,.F.,(4,1,4),(0.,0.0111882008260542,0.0223764016521084),
 .UNSPECIFIED.);
#469=B_SPLINE_CURVE_WITH_KNOTS('',3,(#3578,#3579,#3580,#3581,#3582),
 .UNSPECIFIED.,.F.,.F.,(4,1,4),(-0.422069824815936,-0.180887067778258,0.),
 .UNSPECIFIED.);
#470=B_SPLINE_CURVE_WITH_KNOTS('',3,(#3583,#3584,#3585,#3586,#3587),
 .UNSPECIFIED.,.F.,.F.,(4,1,4),(0.,0.180887067778258,0.422069824815936),
 .UNSPECIFIED.);
#471=B_SPLINE_CURVE_WITH_KNOTS('',3,(#3608,#3609,#3610,#3611),
 .UNSPECIFIED.,.F.,.F.,(4,4),(-0.508990389669494,0.),.UNSPECIFIED.);
#472=B_SPLINE_CURVE_WITH_KNOTS('',3,(#3612,#3613,#3614,#3615),
 .UNSPECIFIED.,.F.,.F.,(4,4),(0.,0.508990389669494),.UNSPECIFIED.);
#473=B_SPLINE_CURVE_WITH_KNOTS('',3,(#3707,#3708,#3709,#3710),
 .UNSPECIFIED.,.F.,.F.,(4,4),(-0.0555239574572015,0.),.UNSPECIFIED.);
#474=B_SPLINE_CURVE_WITH_KNOTS('',3,(#3714,#3715,#3716,#3717,#3718,#3719,
#3720,#3721,#3722,#3723,#3724,#3725,#3726,#3727,#3728,#3729),
 .UNSPECIFIED.,.F.,.F.,(4,1,1,1,1,1,1,1,1,1,1,1,1,4),(0.,0.0662798318520163,
0.132559663704033,0.198839495556049,0.265119327408065,0.397678991112098,
0.463958822964114,0.497098738890122,0.513668696853126,0.53023865481613,
0.662798318520163,0.795357982224195,0.828497898150204,0.927917645928228),
 .UNSPECIFIED.);
#475=B_SPLINE_CURVE_WITH_KNOTS('',3,(#3732,#3733,#3734,#3735,#3736,#3737,
#3738,#3739,#3740,#3741,#3742,#3743,#3744,#3745),.UNSPECIFIED.,.F.,.F.,
(4,1,1,1,1,1,1,1,1,1,1,4),(-0.927917645928228,-0.828497898150204,-0.795357982224195,
-0.662798318520163,-0.53023865481613,-0.513668696853126,-0.497098738890122,
-0.463958822964114,-0.397678991112098,-0.265119327408065,-0.198839495556049,
-0.19104597214087),.UNSPECIFIED.);
#476=B_SPLINE_CURVE_WITH_KNOTS('',3,(#3748,#3749,#3750,#3751),
 .UNSPECIFIED.,.F.,.F.,(4,4),(-0.927917392374947,-0.87239368807434),
 .UNSPECIFIED.);
#477=B_SPLINE_CURVE_WITH_KNOTS('',3,(#3752,#3753,#3754,#3755,#3756),
 .UNSPECIFIED.,.F.,.F.,(4,1,4),(-0.0175892361512423,-0.00753824406481813,
0.),.UNSPECIFIED.);
#478=B_SPLINE_CURVE_WITH_KNOTS('',3,(#3759,#3760,#3761,#3762),
 .UNSPECIFIED.,.F.,.F.,(4,4),(0.01173835487714,0.109390540145743),
 .UNSPECIFIED.);
#479=B_SPLINE_CURVE_WITH_KNOTS('',3,(#3764,#3765,#3766,#3767,#3768,#3769,
#3770,#3771,#3772,#3773),.UNSPECIFIED.,.F.,.F.,(4,1,1,1,1,1,1,4),(0.0114191138064822,
0.174964403807442,0.349928807614886,0.52489321142233,0.699857615229774,
0.874822019037218,1.04978642284466,1.21333114215169),.UNSPECIFIED.);
#480=B_SPLINE_CURVE_WITH_KNOTS('',3,(#3775,#3776,#3777,#3778),
 .UNSPECIFIED.,.F.,.F.,(4,4),(3.65509730160719,4.00916867951095),
 .UNSPECIFIED.);
#481=B_SPLINE_CURVE_WITH_KNOTS('',3,(#3780,#3781,#3782,#3783),
 .UNSPECIFIED.,.F.,.F.,(4,4),(-0.144963532942046,0.),.UNSPECIFIED.);
#482=B_SPLINE_CURVE_WITH_KNOTS('',3,(#3784,#3785,#3786,#3787,#3788,#3789,
#3790,#3791,#3792,#3793,#3794),.UNSPECIFIED.,.F.,.F.,(4,1,1,1,1,1,1,1,4),
(-0.736845182691846,-0.662798137410676,-0.596518323669609,-0.530238509928541,
-0.397678882446406,-0.331399068705338,-0.265119254964271,-0.132559627482135,
0.),.UNSPECIFIED.);
#483=B_SPLINE_CURVE_WITH_KNOTS('',3,(#3797,#3798,#3799,#3800),
 .UNSPECIFIED.,.F.,.F.,(4,4),(-0.198680947173025,-5.76918719383225E-13),
 .UNSPECIFIED.);
#484=B_SPLINE_CURVE_WITH_KNOTS('',3,(#3802,#3803,#3804,#3805,#3806),
 .UNSPECIFIED.,.F.,.F.,(4,1,4),(0.51189714731884,2.01521491517109,3.45027868315424),
 .UNSPECIFIED.);
#485=B_SPLINE_CURVE_WITH_KNOTS('',3,(#3811,#3812,#3813,#3814),
 .UNSPECIFIED.,.F.,.F.,(4,4),(0.888226677700155,3.50900589277496),
 .UNSPECIFIED.);
#486=B_SPLINE_CURVE_WITH_KNOTS('',3,(#3878,#3879,#3880,#3881,#3882,#3883,
#3884,#3885,#3886,#3887,#3888,#3889),.UNSPECIFIED.,.F.,.F.,(4,1,1,1,1,1,
1,1,1,4),(0.,0.132559627482135,0.265119254964271,0.331399068705338,0.397678882446406,
0.530238509928541,0.596518323669609,0.662798137410676,0.795357764892812,
0.927917392374947),.UNSPECIFIED.);
#487=B_SPLINE_CURVE_WITH_KNOTS('',3,(#3925,#3926,#3927,#3928,#3929),
 .UNSPECIFIED.,.F.,.F.,(4,1,4),(-0.0223764026978492,-0.0111882013489246,
0.),.UNSPECIFIED.);
#488=B_SPLINE_CURVE_WITH_KNOTS('',3,(#3932,#3933,#3934,#3935,#3936),
 .UNSPECIFIED.,.F.,.F.,(4,1,4),(0.,0.0111882013489246,0.0223764026978492),
 .UNSPECIFIED.);
#489=B_SPLINE_CURVE_WITH_KNOTS('',3,(#3981,#3982,#3983,#3984,#3985,#3986,
#3987,#3988,#3989,#3990,#3991,#3992,#3993,#3994,#3995,#3996,#3997,#3998,
#3999,#4000,#4001,#4002,#4003,#4004,#4005,#4006,#4007,#4008,#4009,#4010,
#4011,#4012,#4013,#4014),.UNSPECIFIED.,.F.,.F.,(4,3,3,3,3,3,3,3,3,3,3,4),
(-0.00133911921099446,-3.03576608295941E-18,0.0113188071845057,0.0224130506621767,
0.0330510408417918,0.036323931707344,0.0471228666760753,0.0544419197964843,
0.0653793457682919,0.0712994005256392,0.0741307037161983,0.0754554650322186),
 .UNSPECIFIED.);
#490=B_SPLINE_CURVE_WITH_KNOTS('',3,(#4015,#4016,#4017,#4018,#4019,#4020),
 .UNSPECIFIED.,.F.,.F.,(4,1,1,4),(-0.334329772831991,-0.213427702242698,
-0.142285134828465,0.),.UNSPECIFIED.);
#491=B_SPLINE_CURVE_WITH_KNOTS('',3,(#4022,#4023,#4024,#4025,#4026,#4027,
#4028),.UNSPECIFIED.,.F.,.F.,(4,1,1,1,4),(0.,0.142285134828465,0.213427702242698,
0.355712837071163,0.497997971899628),.UNSPECIFIED.);
#492=B_SPLINE_CURVE_WITH_KNOTS('',3,(#4031,#4032,#4033,#4034),
 .UNSPECIFIED.,.F.,.F.,(4,4),(-0.497997971899628,-0.414591648265541),
 .UNSPECIFIED.);
#493=B_SPLINE_CURVE_WITH_KNOTS('',3,(#4068,#4069,#4070,#4071,#4072),
 .UNSPECIFIED.,.F.,.F.,(4,1,4),(-0.288926087045415,-0.278824636165693,-0.271248548005901),
 .UNSPECIFIED.);
#494=B_SPLINE_CURVE_WITH_KNOTS('',3,(#4073,#4074,#4075,#4076,#4077),
 .UNSPECIFIED.,.F.,.F.,(4,1,4),(0.271248656096981,0.278824636165693,0.288926087045415),
 .UNSPECIFIED.);
#495=B_SPLINE_CURVE_WITH_KNOTS('',3,(#4134,#4135,#4136,#4137,#4138,#4139,
#4140,#4141,#4142,#4143,#4144,#4145,#4146,#4147,#4148,#4149,#4150,#4151,
#4152,#4153,#4154,#4155,#4156,#4157,#4158,#4159,#4160,#4161),
 .UNSPECIFIED.,.F.,.F.,(4,3,3,3,3,3,3,3,3,4),(-0.00145299855902261,2.60208521396521E-18,
0.0130192915550154,0.0273118483764944,0.0410267891058808,0.0431412965974311,
0.0547456625030725,0.0667138760297791,0.0764675750444779,0.0779746232929378),
 .UNSPECIFIED.);
#496=B_SPLINE_CURVE_WITH_KNOTS('',3,(#4162,#4163,#4164,#4165),
 .UNSPECIFIED.,.F.,.F.,(4,4),(-0.0834167033944711,-1.09344819005258E-7),
 .UNSPECIFIED.);
#497=B_SPLINE_CURVE_WITH_KNOTS('',3,(#4167,#4168,#4169,#4170,#4171,#4172,
#4173,#4174,#4175),.UNSPECIFIED.,.F.,.F.,(4,1,1,1,1,1,4),(1.41158579227844E-8,
0.167454168051735,0.251181252077602,0.334908336103469,0.418635420129337,
0.502362504155204,0.586089588181071),.UNSPECIFIED.);
#498=B_SPLINE_CURVE_WITH_KNOTS('',3,(#4178,#4179,#4180,#4181,#4182,#4183,
#4184,#4185,#4186),.UNSPECIFIED.,.F.,.F.,(4,1,1,1,1,1,4),(-0.586089588181071,
-0.502362504155204,-0.418635420129337,-0.334908336103469,-0.251181252077602,
-0.167454168051735,-0.163667870781469),.UNSPECIFIED.);
#499=B_SPLINE_CURVE_WITH_KNOTS('',3,(#4220,#4221,#4222,#4223,#4224),
 .UNSPECIFIED.,.F.,.F.,(4,1,4),(-0.0271675682264111,-0.0135837841132056,
0.),.UNSPECIFIED.);
#500=B_SPLINE_CURVE_WITH_KNOTS('',3,(#4225,#4226,#4227,#4228,#4229),
 .UNSPECIFIED.,.F.,.F.,(4,1,4),(0.,0.0135837841132056,0.0271675682264111),
 .UNSPECIFIED.);
#501=B_SPLINE_CURVE_WITH_KNOTS('',3,(#4258,#4259,#4260,#4261,#4262),
 .UNSPECIFIED.,.F.,.F.,(4,1,4),(-0.385919766164711,-0.165394185499162,0.),
 .UNSPECIFIED.);
#502=B_SPLINE_CURVE_WITH_KNOTS('',3,(#4263,#4264,#4265,#4266,#4267),
 .UNSPECIFIED.,.F.,.F.,(4,1,4),(0.,0.165394185499162,0.385919766164711),
 .UNSPECIFIED.);
#503=B_SPLINE_CURVE_WITH_KNOTS('',3,(#4291,#4292,#4293,#4294),
 .UNSPECIFIED.,.F.,.F.,(4,4),(-0.508989375338356,-5.80354182507598E-15),
 .UNSPECIFIED.);
#504=B_SPLINE_CURVE_WITH_KNOTS('',3,(#4295,#4296,#4297,#4298),
 .UNSPECIFIED.,.F.,.F.,(4,4),(5.80354182507598E-15,0.508989375338356),
 .UNSPECIFIED.);
#505=B_SPLINE_CURVE_WITH_KNOTS('',3,(#4329,#4330,#4331,#4332,#4333),
 .UNSPECIFIED.,.F.,.F.,(4,1,4),(-0.422070174231922,-0.180887217527966,0.),
 .UNSPECIFIED.);
#506=B_SPLINE_CURVE_WITH_KNOTS('',3,(#4334,#4335,#4336,#4337,#4338),
 .UNSPECIFIED.,.F.,.F.,(4,1,4),(0.,0.180887217527966,0.422070174231922),
 .UNSPECIFIED.);
#507=B_SPLINE_CURVE_WITH_KNOTS('',3,(#4425,#4426,#4427,#4428),
 .UNSPECIFIED.,.F.,.F.,(4,4),(-0.074193965009307,0.),.UNSPECIFIED.);
#508=B_SPLINE_CURVE_WITH_KNOTS('',3,(#4432,#4433,#4434,#4435,#4436,#4437,
#4438,#4439,#4440,#4441,#4442,#4443,#4444,#4445,#4446),.UNSPECIFIED.,.F.,
 .F.,(4,1,1,1,1,1,1,1,1,1,1,1,4),(0.,0.0922257812041528,0.122967708272204,
0.184451562408306,0.245935416544408,0.368903124816611,0.430386978952713,
0.491870833088815,0.553354687224917,0.614838541361019,0.737806249633223,
0.799290103769325,0.860773957905427),.UNSPECIFIED.);
#509=B_SPLINE_CURVE_WITH_KNOTS('',3,(#4449,#4450,#4451,#4452,#4453,#4454,
#4455,#4456,#4457,#4458,#4459,#4460,#4461),.UNSPECIFIED.,.F.,.F.,(4,1,1,
1,1,1,1,1,1,1,4),(-0.860773957905427,-0.799290103769325,-0.737806249633223,
-0.614838541361019,-0.553354687224917,-0.491870833088815,-0.430386978952713,
-0.368903124816611,-0.245935416544408,-0.184451562408306,-0.154516204926351),
 .UNSPECIFIED.);
#510=B_SPLINE_CURVE_WITH_KNOTS('',3,(#4464,#4465,#4466,#4467),
 .UNSPECIFIED.,.F.,.F.,(4,4),(-0.860774192562107,-0.786579992964824),
 .UNSPECIFIED.);
#511=B_SPLINE_CURVE_WITH_KNOTS('',3,(#4468,#4469,#4470,#4471,#4472),
 .UNSPECIFIED.,.F.,.F.,(4,1,4),(-0.0351417012177208,-0.0200809721244119,
0.),.UNSPECIFIED.);
#512=B_SPLINE_CURVE_WITH_KNOTS('',3,(#4475,#4476,#4477,#4478),
 .UNSPECIFIED.,.F.,.F.,(4,4),(0.511897135689319,3.13268097603267),
 .UNSPECIFIED.);
#513=B_SPLINE_CURVE_WITH_KNOTS('',3,(#4482,#4483,#4484,#4485,#4486),
 .UNSPECIFIED.,.F.,.F.,(4,1,4),(0.561985903333319,1.50418341701497,3.50900993023003),
 .UNSPECIFIED.);
#514=B_SPLINE_CURVE_WITH_KNOTS('',3,(#4488,#4489,#4490,#4491),
 .UNSPECIFIED.,.F.,.F.,(4,4),(-0.197336905050831,0.),.UNSPECIFIED.);
#515=B_SPLINE_CURVE_WITH_KNOTS('',3,(#4492,#4493,#4494,#4495,#4496,#4497,
#4498,#4499,#4500,#4501,#4502,#4503,#4504),.UNSPECIFIED.,.F.,.F.,(4,1,1,
1,1,1,1,1,1,1,4),(-0.706233650177271,-0.614838708972999,-0.584096773524361,
-0.553354838075723,-0.491870967178446,-0.430387096281169,-0.368903225383892,
-0.307419354486615,-0.245935483589338,-0.122967741794785,-2.30858784856849E-13),
 .UNSPECIFIED.);
#516=B_SPLINE_CURVE_WITH_KNOTS('',3,(#4507,#4508,#4509,#4510),
 .UNSPECIFIED.,.F.,.F.,(4,4),(-0.148649369282583,-2.0735062753833E-13),
 .UNSPECIFIED.);
#517=B_SPLINE_CURVE_WITH_KNOTS('',3,(#4512,#4513,#4514,#4515),
 .UNSPECIFIED.,.F.,.F.,(4,4),(0.0117383926863421,0.378454096944038),
 .UNSPECIFIED.);
#518=B_SPLINE_CURVE_WITH_KNOTS('',3,(#4517,#4518,#4519,#4520,#4521,#4522,
#4523,#4524,#4525,#4526),.UNSPECIFIED.,.F.,.F.,(4,1,1,1,1,1,1,4),(0.0114191136347818,
0.174964403807439,0.349928807614883,0.524893211422328,0.699857615229772,
0.874822019037216,1.04978642284466,1.21333114197996),.UNSPECIFIED.);
#519=B_SPLINE_CURVE_WITH_KNOTS('',3,(#4527,#4528,#4529,#4530),
 .UNSPECIFIED.,.F.,.F.,(4,4),(3.91151591908638,4.00916807692583),
 .UNSPECIFIED.);
#520=B_SPLINE_CURVE_WITH_KNOTS('',3,(#4604,#4605,#4606,#4607,#4608,#4609,
#4610,#4611,#4612,#4613,#4614,#4615,#4616,#4617),.UNSPECIFIED.,.F.,.F.,
(4,1,1,1,1,1,1,1,1,1,1,4),(2.30858784856849E-13,0.122967741794785,0.245935483589338,
0.307419354486615,0.368903225383892,0.430387096281169,0.491870967178446,
0.553354838075723,0.584096773524361,0.614838708972999,0.737806450767553,
0.860774192562107),.UNSPECIFIED.);
#521=B_SPLINE_CURVE_WITH_KNOTS('',3,(#4637,#4638,#4639,#4640),
 .UNSPECIFIED.,.F.,.F.,(4,4),(5.76918719383225E-13,0.198680947173025),
 .UNSPECIFIED.);
#522=B_SPLINE_CURVE_WITH_KNOTS('',3,(#4703,#4704,#4705,#4706,#4707,#4708,
#4709,#4710,#4711,#4712,#4713,#4714),.UNSPECIFIED.,.F.,.F.,(4,1,1,1,1,1,
1,1,1,4),(-0.207678488218073,-0.192844310488211,-0.178010132758349,-0.148341777298624,
-0.0890050663791743,-0.0593367109194495,-0.0296683554597248,-0.0148341777298624,
-0.00741708886493119,0.),.UNSPECIFIED.);
#523=B_SPLINE_CURVE_WITH_KNOTS('',3,(#4715,#4716,#4717,#4718,#4719,#4720,
#4721,#4722,#4723,#4724,#4725,#4726),.UNSPECIFIED.,.F.,.F.,(4,1,1,1,1,1,
1,1,1,4),(0.,0.00741708886493119,0.0148341777298624,0.0296683554597248,
0.0593367109194495,0.0890050663791743,0.148341777298624,0.178010132758349,
0.192844310488211,0.207678488218073),.UNSPECIFIED.);
#524=B_SPLINE_CURVE_WITH_KNOTS('',3,(#4743,#4744,#4745,#4746),
 .UNSPECIFIED.,.F.,.F.,(4,4),(0.,0.144963532942046),.UNSPECIFIED.);
#525=B_SPLINE_CURVE_WITH_KNOTS('',3,(#4772,#4773,#4774,#4775,#4776),
 .UNSPECIFIED.,.F.,.F.,(4,1,4),(1.08172820483273E-7,0.00753824406481813,
0.0175892361512423),.UNSPECIFIED.);
#526=B_SPLINE_CURVE_WITH_KNOTS('',3,(#4805,#4806,#4807,#4808),
 .UNSPECIFIED.,.F.,.F.,(4,4),(2.0735062753833E-13,0.148649369282583),
 .UNSPECIFIED.);
#527=B_SPLINE_CURVE_WITH_KNOTS('',3,(#4847,#4848,#4849,#4850,#4851,#4852,
#4853,#4854,#4855),.UNSPECIFIED.,.F.,.F.,(4,1,1,1,1,1,4),(-0.18651043290937,
-0.159866085350889,-0.133221737792407,-0.0799330426754444,-0.0532886951169629,
-0.0266443475584815,0.),.UNSPECIFIED.);
#528=B_SPLINE_CURVE_WITH_KNOTS('',3,(#4856,#4857,#4858,#4859,#4860,#4861,
#4862,#4863,#4864),.UNSPECIFIED.,.F.,.F.,(4,1,1,1,1,1,4),(0.,0.0266443475584815,
0.0532886951169629,0.0799330426754444,0.133221737792407,0.159866085350889,
0.18651043290937),.UNSPECIFIED.);
#529=B_SPLINE_CURVE_WITH_KNOTS('',3,(#4881,#4882,#4883,#4884),
 .UNSPECIFIED.,.F.,.F.,(4,4),(0.,0.197336905050831),.UNSPECIFIED.);
#530=B_SPLINE_CURVE_WITH_KNOTS('',3,(#4910,#4911,#4912,#4913,#4914),
 .UNSPECIFIED.,.F.,.F.,(4,1,4),(0.,0.0200809721244119,0.0351416206881505),
 .UNSPECIFIED.);
#531=B_SPLINE_CURVE_WITH_KNOTS('',3,(#4954,#4955,#4956,#4957),
 .UNSPECIFIED.,.F.,.F.,(4,4),(-4.02072559891727,-3.91676258865817),
 .UNSPECIFIED.);
#532=B_SPLINE_CURVE_WITH_KNOTS('',3,(#4959,#4960,#4961,#4962),
 .UNSPECIFIED.,.F.,.F.,(4,4),(0.,0.00290635933201984),.UNSPECIFIED.);
#533=B_SPLINE_CURVE_WITH_KNOTS('',3,(#4966,#4967,#4968,#4969),
 .UNSPECIFIED.,.F.,.F.,(4,4),(0.,0.0960163098922473),.UNSPECIFIED.);
#534=B_SPLINE_CURVE_WITH_KNOTS('',3,(#4971,#4972,#4973,#4974,#4975,#4976),
 .UNSPECIFIED.,.F.,.F.,(4,2,4),(-3.01330900595481,-1.5066545029774,0.),
 .UNSPECIFIED.);
#535=B_SPLINE_CURVE_WITH_KNOTS('',3,(#4978,#4979,#4980,#4981),
 .UNSPECIFIED.,.F.,.F.,(4,4),(0.,0.0960163098921658),.UNSPECIFIED.);
#536=B_SPLINE_CURVE_WITH_KNOTS('',3,(#4985,#4986,#4987,#4988),
 .UNSPECIFIED.,.F.,.F.,(4,4),(0.435356738833604,0.43821304604581),
 .UNSPECIFIED.);
#537=B_SPLINE_CURVE_WITH_KNOTS('',3,(#4990,#4991,#4992,#4993,#4994),
 .UNSPECIFIED.,.F.,.F.,(4,1,4),(-3.37528201770945,-1.50418341701497,-0.000180832591005986),
 .UNSPECIFIED.);
#538=B_SPLINE_CURVE_WITH_KNOTS('',3,(#4996,#4997,#4998,#4999,#5000,#5001),
 .UNSPECIFIED.,.F.,.F.,(4,2,4),(-2.82188980280209,-2.0330070161128,-1.98377166992143),
 .UNSPECIFIED.);
#539=B_SPLINE_CURVE_WITH_KNOTS('',3,(#5003,#5004,#5005,#5006,#5007,#5008),
 .UNSPECIFIED.,.F.,.F.,(4,2,4),(-3.87973349713028,-3.3282035596368,-2.82188980280162),
 .UNSPECIFIED.);
#540=B_SPLINE_CURVE_WITH_KNOTS('',3,(#5010,#5011,#5012,#5013,#5014,#5015,
#5016,#5017),.UNSPECIFIED.,.F.,.F.,(4,2,2,4),(-4.94532928799263,-4.60938381342823,
-3.99748103246955,-3.87973349713028),.UNSPECIFIED.);
#541=B_SPLINE_CURVE_WITH_KNOTS('',3,(#5019,#5020,#5021,#5022,#5023,#5024),
 .UNSPECIFIED.,.F.,.F.,(4,2,4),(-5.75129426360903,-5.38137879331652,-4.94532928802208),
 .UNSPECIFIED.);
#542=B_SPLINE_CURVE_WITH_KNOTS('',3,(#5025,#5026,#5027,#5028),
 .UNSPECIFIED.,.F.,.F.,(4,4),(-3.12493021791919,-0.645624078205519),
 .UNSPECIFIED.);
#543=B_SPLINE_CURVE_WITH_KNOTS('',3,(#5049,#5050,#5051,#5052,#5053,#5054,
#5055,#5056,#5057,#5058,#5059,#5060,#5061,#5062,#5063,#5064,#5065,#5066,
#5067,#5068,#5069,#5070,#5071,#5072,#5073,#5074,#5075,#5076,#5077,#5078,
#5079),.UNSPECIFIED.,.F.,.F.,(4,3,3,3,3,3,3,3,3,3,4),(-0.10651096160525,
-0.106111412483954,-0.09273096687543,-0.0792344741108543,-0.0725988960021939,
-0.0591397391187043,-0.0530653867056919,-0.0389322462054595,-0.0255187740881912,
-0.0122499103035475,0.),.UNSPECIFIED.);
#544=B_SPLINE_CURVE_WITH_KNOTS('',3,(#5113,#5114,#5115,#5116),
 .UNSPECIFIED.,.F.,.F.,(4,4),(-0.104143867893551,-0.000180832591030021),
 .UNSPECIFIED.);
#545=B_SPLINE_CURVE_WITH_KNOTS('',3,(#5117,#5118,#5119,#5120,#5121,#5122,
#5123,#5124,#5125,#5126,#5127,#5128,#5129,#5130,#5131,#5132,#5133,#5134,
#5135,#5136,#5137,#5138,#5139,#5140,#5141,#5142,#5143,#5144,#5145,#5146,
#5147),.UNSPECIFIED.,.F.,.F.,(4,3,3,3,3,3,3,3,3,3,4),(-0.000399649328387274,
0.,0.0133838011857242,0.0268836786459397,0.0335209214055339,0.046983453839376,
0.0530593296984922,0.0671960147848434,0.0806128509959913,0.0938850426064597,
0.106138025182382),.UNSPECIFIED.);
#546=B_SPLINE_CURVE_WITH_KNOTS('',3,(#5153,#5154,#5155,#5156),
 .UNSPECIFIED.,.F.,.F.,(4,4),(-1.,0.),.UNSPECIFIED.);
#547=B_SPLINE_CURVE_WITH_KNOTS('',3,(#5157,#5158,#5159,#5160,#5161,#5162),
 .UNSPECIFIED.,.F.,.F.,(4,2,4),(-0.0578969428029861,-0.0289496680480867,
0.),.UNSPECIFIED.);
#548=B_SPLINE_CURVE_WITH_KNOTS('',3,(#5166,#5167,#5168,#5169,#5170,#5171),
 .UNSPECIFIED.,.F.,.F.,(4,2,4),(-0.0578969436794435,-0.0289457081266542,
0.),.UNSPECIFIED.);
#549=B_SPLINE_CURVE_WITH_KNOTS('',3,(#5173,#5174,#5175,#5176),
 .UNSPECIFIED.,.F.,.F.,(4,4),(0.,1.),.UNSPECIFIED.);
#550=B_SPLINE_CURVE_WITH_KNOTS('',3,(#5194,#5195,#5196,#5197),
 .UNSPECIFIED.,.F.,.F.,(4,4),(-1.56,1.56),.UNSPECIFIED.);
#551=B_SPLINE_CURVE_WITH_KNOTS('',3,(#5198,#5199,#5200,#5201),
 .UNSPECIFIED.,.F.,.F.,(4,4),(-1.56,1.56),.UNSPECIFIED.);
#552=B_SPLINE_CURVE_WITH_KNOTS('',3,(#5205,#5206,#5207,#5208),
 .UNSPECIFIED.,.F.,.F.,(4,4),(-0.111654356857031,-0.0501973754633749),
 .UNSPECIFIED.);
#553=B_SPLINE_CURVE_WITH_KNOTS('',3,(#5233,#5234,#5235,#5236,#5237,#5238,
#5239),.UNSPECIFIED.,.F.,.F.,(4,3,4),(0.,0.0555132023592604,0.111754811695865),
 .UNSPECIFIED.);
#554=B_SPLINE_CURVE_WITH_KNOTS('',3,(#5240,#5241,#5242,#5243,#5244),
 .UNSPECIFIED.,.F.,.F.,(4,1,4),(-0.889692054150023,-0.513719204586705,-0.0179764209285235),
 .UNSPECIFIED.);
#555=B_SPLINE_CURVE_WITH_KNOTS('',3,(#5245,#5246,#5247,#5248,#5249),
 .UNSPECIFIED.,.F.,.F.,(4,1,4),(0.0124220718356143,0.513719204586705,0.846569043632689),
 .UNSPECIFIED.);
#556=B_SPLINE_CURVE_WITH_KNOTS('',3,(#5272,#5273,#5274,#5275,#5276,#5277,
#5278),.UNSPECIFIED.,.F.,.F.,(4,3,4),(0.,0.0560598035594448,0.11175529776109),
 .UNSPECIFIED.);
#557=B_SPLINE_CURVE_WITH_KNOTS('',3,(#5279,#5280,#5281,#5282,#5283),
 .UNSPECIFIED.,.F.,.F.,(4,1,4),(-0.846569043632691,-0.513719204586705,-0.0124220718356104),
 .UNSPECIFIED.);
#558=B_SPLINE_CURVE_WITH_KNOTS('',3,(#5284,#5285,#5286,#5287,#5288),
 .UNSPECIFIED.,.F.,.F.,(4,1,4),(0.0179764209285221,0.513719204586705,0.889692054150026),
 .UNSPECIFIED.);
#559=B_SPLINE_CURVE_WITH_KNOTS('',3,(#5292,#5293,#5294,#5295),
 .UNSPECIFIED.,.F.,.F.,(4,4),(-0.337532335290927,-0.276075353897746),
 .UNSPECIFIED.);
#560=B_SPLINE_CURVE_WITH_KNOTS('',3,(#5299,#5300,#5301,#5302),
 .UNSPECIFIED.,.F.,.F.,(4,4),(-2.39569269198852,-0.32649967119403),
 .UNSPECIFIED.);
#561=B_SPLINE_CURVE_WITH_KNOTS('',3,(#5305,#5306,#5307,#5308),
 .UNSPECIFIED.,.F.,.F.,(4,4),(-0.150000000000006,-0.0899999999999966),
 .UNSPECIFIED.);
#562=B_SPLINE_CURVE_WITH_KNOTS('',3,(#5315,#5316,#5317,#5318),
 .UNSPECIFIED.,.F.,.F.,(4,4),(-3.21,-3.15),.UNSPECIFIED.);
#563=B_SPLINE_CURVE_WITH_KNOTS('',3,(#5402,#5403,#5404,#5405),
 .UNSPECIFIED.,.F.,.F.,(4,4),(-0.486218053690006,-0.286216961787905),
 .UNSPECIFIED.);
#564=B_SPLINE_CURVE_WITH_KNOTS('',3,(#5474,#5475,#5476,#5477),
 .UNSPECIFIED.,.F.,.F.,(4,4),(-0.558300389808398,-0.358299297920181),
 .UNSPECIFIED.);
#565=B_SPLINE_CURVE_WITH_KNOTS('',3,(#5484,#5485,#5486,#5487,#5488,#5489),
 .UNSPECIFIED.,.F.,.F.,(4,2,4),(-5.15027080342738,-3.1802709718105,-1.21027114019363),
 .UNSPECIFIED.);
#566=B_SPLINE_CURVE_WITH_KNOTS('',3,(#5497,#5498,#5499,#5500),
 .UNSPECIFIED.,.F.,.F.,(4,4),(-6.36054194362101,-5.57027080342739),
 .UNSPECIFIED.);
#567=B_SPLINE_CURVE_WITH_KNOTS('',3,(#5501,#5502,#5503,#5504,#5505,#5506),
 .UNSPECIFIED.,.F.,.F.,(4,2,4),(-0.83888336582211,-0.419441682911055,0.),
 .UNSPECIFIED.);
#568=B_SPLINE_CURVE_WITH_KNOTS('',3,(#5508,#5509,#5510,#5511,#5512,#5513),
 .UNSPECIFIED.,.F.,.F.,(4,2,4),(-1.18085676330898,-0.590428381654489,0.),
 .UNSPECIFIED.);
#569=B_SPLINE_CURVE_WITH_KNOTS('',3,(#5515,#5516,#5517,#5518,#5519,#5520),
 .UNSPECIFIED.,.F.,.F.,(4,2,4),(-5.93721116262275,-2.96860558131137,0.),
 .UNSPECIFIED.);
#570=B_SPLINE_CURVE_WITH_KNOTS('',3,(#5522,#5523,#5524,#5525,#5526,#5527),
 .UNSPECIFIED.,.F.,.F.,(4,2,4),(-1.18085676330898,-0.590428381654488,0.),
 .UNSPECIFIED.);
#571=B_SPLINE_CURVE_WITH_KNOTS('',3,(#5529,#5530,#5531,#5532,#5533,#5534),
 .UNSPECIFIED.,.F.,.F.,(4,2,4),(-3.01330900595481,-1.50665450297741,0.),
 .UNSPECIFIED.);
#572=B_SPLINE_CURVE_WITH_KNOTS('',3,(#5536,#5537,#5538,#5539,#5540,#5541),
 .UNSPECIFIED.,.F.,.F.,(4,2,4),(-0.838883365822108,-0.419441682911054,0.),
 .UNSPECIFIED.);
#573=B_SPLINE_CURVE_WITH_KNOTS('',3,(#5543,#5544,#5545,#5546),
 .UNSPECIFIED.,.F.,.F.,(4,4),(-0.790271140193623,0.),.UNSPECIFIED.);
#574=B_SPLINE_CURVE_WITH_KNOTS('',3,(#5590,#5591,#5592,#5593),
 .UNSPECIFIED.,.F.,.F.,(4,4),(-2.41682656707075,-0.347633541133171),
 .UNSPECIFIED.);
#575=B_SPLINE_CURVE_WITH_KNOTS('',3,(#5602,#5603,#5604,#5605),
 .UNSPECIFIED.,.F.,.F.,(4,4),(-0.273529036502852,-0.0506610610173596),
 .UNSPECIFIED.);
#576=B_SPLINE_CURVE_WITH_KNOTS('',3,(#5609,#5610,#5611,#5612,#5613,#5614,
#5615,#5616,#5617,#5618,#5619,#5620,#5621,#5622,#5623,#5624,#5625,#5626,
#5627,#5628,#5629,#5630,#5631,#5632,#5633,#5634,#5635,#5636,#5637,#5638,
#5639,#5640,#5641,#5642,#5643,#5644,#5645,#5646,#5647,#5648,#5649,#5650,
#5651,#5652,#5653,#5654),.UNSPECIFIED.,.F.,.F.,(4,3,3,3,3,3,3,3,3,3,3,3,
3,3,3,4),(-0.665854890543038,-0.619737676670929,-0.57271701313703,-0.513587282761296,
-0.494979599863603,-0.435201540301129,-0.416367178067459,-0.356533825029278,
-0.302743210384372,-0.244133260595366,-0.185603571432294,-0.170301103527979,
-0.109616417865673,-0.0860413387447605,-0.00785094743854765,-8.28509508407912E-7),
 .UNSPECIFIED.);
#577=B_SPLINE_CURVE_WITH_KNOTS('',3,(#5657,#5658,#5659,#5660),
 .UNSPECIFIED.,.F.,.F.,(4,4),(-0.222867975487103,0.),.UNSPECIFIED.);
#578=B_SPLINE_CURVE_WITH_KNOTS('',3,(#5669,#5670,#5671,#5672),
 .UNSPECIFIED.,.F.,.F.,(4,4),(-0.273529036506479,-0.0506610610175378),
 .UNSPECIFIED.);
#579=B_SPLINE_CURVE_WITH_KNOTS('',3,(#5676,#5677,#5678,#5679,#5680,#5681,
#5682,#5683,#5684,#5685,#5686,#5687,#5688,#5689,#5690,#5691,#5692,#5693,
#5694,#5695,#5696,#5697,#5698,#5699,#5700,#5701,#5702,#5703,#5704,#5705,
#5706,#5707,#5708,#5709,#5710,#5711,#5712,#5713,#5714,#5715,#5716,#5717,
#5718,#5719,#5720,#5721),.UNSPECIFIED.,.F.,.F.,(4,3,3,3,3,3,3,3,3,3,3,3,
3,3,3,4),(-0.665864621412344,-0.619898455587468,-0.572669226051568,-0.512340349170531,
-0.495249547345218,-0.436667801396607,-0.419670638746335,-0.361425256099609,
-0.307607179274556,-0.247341820886663,-0.187687110788751,-0.169760403520555,
-0.110374712433777,-0.0854295663404688,-0.0147599086932345,-7.94318714060443E-7),
 .UNSPECIFIED.);
#580=B_SPLINE_CURVE_WITH_KNOTS('',3,(#5724,#5725,#5726,#5727),
 .UNSPECIFIED.,.F.,.F.,(4,4),(-0.222867975486898,0.),.UNSPECIFIED.);
#581=B_SPLINE_CURVE_WITH_KNOTS('',3,(#5744,#5745,#5746,#5747),
 .UNSPECIFIED.,.F.,.F.,(4,4),(0.,0.0960163098921658),.UNSPECIFIED.);
#582=B_SPLINE_CURVE_WITH_KNOTS('',3,(#5748,#5749,#5750,#5751),
 .UNSPECIFIED.,.F.,.F.,(4,4),(0.,0.0960163098921658),.UNSPECIFIED.);
#583=B_SPLINE_CURVE_WITH_KNOTS('',3,(#5823,#5824,#5825,#5826,#5827,#5828,
#5829,#5830,#5831,#5832,#5833,#5834,#5835,#5836,#5837,#5838,#5839,#5840,
#5841,#5842,#5843,#5844,#5845,#5846,#5847,#5848,#5849,#5850,#5851,#5852,
#5853,#5854,#5855,#5856),.UNSPECIFIED.,.F.,.F.,(4,3,3,3,3,3,3,3,3,3,3,4),
(-0.106510961582266,-0.106111412460614,-0.0926784306628898,-0.0792259523616886,
-0.0759209286313683,-0.0725988959927973,-0.0590292091916551,-0.0454595223905129,
-0.038932246203076,-0.0255431224220784,-0.0122511255090534,0.),
 .UNSPECIFIED.);
#584=B_SPLINE_CURVE_WITH_KNOTS('',3,(#5858,#5859,#5860,#5861,#5862),
 .UNSPECIFIED.,.F.,.F.,(4,1,4),(-4.02072624495787,-2.01521491517109,-0.645626269761584),
 .UNSPECIFIED.);
#585=B_SPLINE_CURVE_WITH_KNOTS('',3,(#5863,#5864,#5865,#5866,#5867,#5868,
#5869,#5870,#5871,#5872,#5873,#5874,#5875,#5876),.UNSPECIFIED.,.F.,.F.,
(4,2,2,2,2,2,4),(0.,0.0241245056434942,0.0511353647330534,0.0889768034072722,
0.142307020803631,0.184389662006304,0.225452225365165),.UNSPECIFIED.);
#586=B_SPLINE_CURVE_WITH_KNOTS('',3,(#5929,#5930,#5931,#5932,#5933,#5934,
#5935,#5936,#5937,#5938),.UNSPECIFIED.,.F.,.F.,(4,1,1,1,1,1,1,4),(-1.22475082665211,
-1.04978642284466,-0.874822019037218,-0.699857615229774,-0.52489321142233,
-0.349928807614886,-0.174964403807442,2.36881691333709E-15),
 .UNSPECIFIED.);
#587=B_SPLINE_CURVE_WITH_KNOTS('',3,(#5939,#5940,#5941,#5942),
 .UNSPECIFIED.,.F.,.F.,(4,4),(0.,0.00290635935393964),.UNSPECIFIED.);
#588=B_SPLINE_CURVE_WITH_KNOTS('',3,(#5943,#5944,#5945,#5946),
 .UNSPECIFIED.,.F.,.F.,(4,4),(0.435356737136335,0.438213044518083),
 .UNSPECIFIED.);
#589=B_SPLINE_CURVE_WITH_KNOTS('',3,(#5972,#5973,#5974,#5975,#5976,#5977,
#5978,#5979,#5980,#5981,#5982,#5983,#5984,#5985),.UNSPECIFIED.,.F.,.F.,
(4,2,2,2,2,2,4),(0.,0.0689699270736549,0.143125491919546,0.199965016968689,
0.236819910774669,0.254146471839702,0.271229651649493),.UNSPECIFIED.);
#590=B_SPLINE_CURVE_WITH_KNOTS('',3,(#5986,#5987,#5988,#5989),
 .UNSPECIFIED.,.F.,.F.,(4,4),(-3.37527908578433,-0.895977439180169),
 .UNSPECIFIED.);
#591=B_SPLINE_CURVE_WITH_KNOTS('',3,(#6014,#6015,#6016,#6017),
 .UNSPECIFIED.,.F.,.F.,(4,4),(-3.12151080877973,-2.207700971248),
 .UNSPECIFIED.);
#592=B_SPLINE_CURVE_WITH_KNOTS('',3,(#6019,#6020,#6021,#6022,#6023,#6024,
#6025,#6026,#6027,#6028),.UNSPECIFIED.,.F.,.F.,(4,2,2,2,4),(-5.56845595414795,
-5.07041065006761,-4.37653011489404,-3.58024723218475,-3.12151080877974),
 .UNSPECIFIED.);
#593=B_SPLINE_CURVE_WITH_KNOTS('',3,(#6029,#6030,#6031,#6032,#6033,#6034),
 .UNSPECIFIED.,.F.,.F.,(4,2,4),(-6.49702217083228,-5.891488479602,-5.5684559541762),
 .UNSPECIFIED.);
#594=B_SPLINE_CURVE_WITH_KNOTS('',3,(#6035,#6036,#6037,#6038),
 .UNSPECIFIED.,.F.,.F.,(4,4),(0.,0.0960163098921658),.UNSPECIFIED.);
#595=B_SPLINE_CURVE_WITH_KNOTS('',3,(#6039,#6040,#6041,#6042),
 .UNSPECIFIED.,.F.,.F.,(4,4),(0.,0.0960163098922473),.UNSPECIFIED.);
#596=B_SPLINE_CURVE_WITH_KNOTS('',3,(#6067,#6068,#6069,#6070,#6071,#6072,
#6073,#6074,#6075,#6076,#6077,#6078,#6079,#6080),.UNSPECIFIED.,.F.,.F.,
(4,2,2,2,2,2,4),(0.,0.0241245056076363,0.0511353651377761,0.0889768052581446,
0.142307025192514,0.184389664650324,0.22545222558185),.UNSPECIFIED.);
#597=B_SPLINE_CURVE_WITH_KNOTS('',3,(#6131,#6132,#6133,#6134,#6135,#6136,
#6137,#6138,#6139,#6140,#6141,#6142,#6143,#6144,#6145,#6146,#6147,#6148,
#6149,#6150,#6151,#6152,#6153,#6154,#6155,#6156,#6157,#6158,#6159,#6160,
#6161),.UNSPECIFIED.,.F.,.F.,(4,3,3,3,3,3,3,3,3,3,4),(-0.00039964932782522,
0.,0.0131992361658612,0.0265588130579343,0.0335209213808183,0.0468689229499739,
0.0541431586984946,0.0671960147335625,0.0805337350403568,0.0937882645202548,
0.106138025106121),.UNSPECIFIED.);
#598=B_SPLINE_CURVE_WITH_KNOTS('',3,(#6162,#6163,#6164,#6165,#6166,#6167,
#6168,#6169,#6170,#6171),.UNSPECIFIED.,.F.,.F.,(4,1,1,1,1,1,1,4),(-1.2247508266521,
-1.04978642284466,-0.874822019037216,-0.699857615229772,-0.524893211422328,
-0.349928807614883,-0.174964403807439,4.88498130835069E-15),
 .UNSPECIFIED.);
#599=B_SPLINE_CURVE_WITH_KNOTS('',3,(#6202,#6203,#6204,#6205,#6206,#6207,
#6208,#6209,#6210,#6211,#6212,#6213,#6214,#6215),.UNSPECIFIED.,.F.,.F.,
(4,2,2,2,2,2,4),(0.,0.0689699270290773,0.143125491944631,0.199965017030762,
0.236819910784399,0.254146471823651,0.271229651605075),.UNSPECIFIED.);
#600=B_SPLINE_CURVE_WITH_KNOTS('',3,(#6287,#6288,#6289,#6290),
 .UNSPECIFIED.,.F.,.F.,(4,4),(0.,0.0960163098912151),.UNSPECIFIED.);
#601=B_SPLINE_CURVE_WITH_KNOTS('',3,(#6307,#6308,#6309,#6310),
 .UNSPECIFIED.,.F.,.F.,(4,4),(0.,0.0960163098912151),.UNSPECIFIED.);
#602=(
BOUNDED_CURVE()
B_SPLINE_CURVE(2,(#3061,#3062,#3063),.UNSPECIFIED.,.F.,.F.)
B_SPLINE_CURVE_WITH_KNOTS((3,3),(-1.70357255122434,-1.70072843555325),
 .UNSPECIFIED.)
CURVE()
GEOMETRIC_REPRESENTATION_ITEM()
RATIONAL_B_SPLINE_CURVE((1.60258111547949,1.60223745169358,1.60189325586774))
REPRESENTATION_ITEM('')
);
#603=(
BOUNDED_CURVE()
B_SPLINE_CURVE(2,(#3087,#3088,#3089),.UNSPECIFIED.,.F.,.F.)
B_SPLINE_CURVE_WITH_KNOTS((3,3),(-5.38065044097869,-5.37780632530759),
 .UNSPECIFIED.)
CURVE()
GEOMETRIC_REPRESENTATION_ITEM()
RATIONAL_B_SPLINE_CURVE((1.60189325586738,1.60223745169323,1.60258111547914))
REPRESENTATION_ITEM('')
);
#604=(
BOUNDED_CURVE()
B_SPLINE_CURVE(2,(#3093,#3094,#3095),.UNSPECIFIED.,.F.,.F.)
B_SPLINE_CURVE_WITH_KNOTS((3,3),(0.,0.247078830346434),.UNSPECIFIED.)
CURVE()
GEOMETRIC_REPRESENTATION_ITEM()
RATIONAL_B_SPLINE_CURVE((1.,1.0019946077851,1.))
REPRESENTATION_ITEM('')
);
#605=(
BOUNDED_CURVE()
B_SPLINE_CURVE(2,(#3110,#3111,#3112),.UNSPECIFIED.,.F.,.F.)
B_SPLINE_CURVE_WITH_KNOTS((3,3),(0.,0.24707883034643),.UNSPECIFIED.)
CURVE()
GEOMETRIC_REPRESENTATION_ITEM()
RATIONAL_B_SPLINE_CURVE((1.,1.00199460778601,1.))
REPRESENTATION_ITEM('')
);
#606=(
BOUNDED_CURVE()
B_SPLINE_CURVE(5,(#5379,#5380,#5381,#5382,#5383,#5384,#5385,#5386,#5387,
#5388,#5389),.UNSPECIFIED.,.F.,.F.)
B_SPLINE_CURVE_WITH_KNOTS((6,1,1,1,1,1,6),(-0.577777716794277,-0.5,-0.4,
-0.3,-0.2,-0.1,0.),.UNSPECIFIED.)
CURVE()
GEOMETRIC_REPRESENTATION_ITEM()
RATIONAL_B_SPLINE_CURVE((1.,1.,1.,1.,1.,1.,1.,1.,1.,1.,1.))
REPRESENTATION_ITEM('')
);
#607=(
BOUNDED_CURVE()
B_SPLINE_CURVE(5,(#5391,#5392,#5393,#5394,#5395,#5396,#5397,#5398,#5399,
#5400),.UNSPECIFIED.,.F.,.F.)
B_SPLINE_CURVE_WITH_KNOTS((6,1,1,1,1,6),(-1.,-0.9,-0.8,-0.7,-0.6,-0.577777716794278),
 .UNSPECIFIED.)
CURVE()
GEOMETRIC_REPRESENTATION_ITEM()
RATIONAL_B_SPLINE_CURVE((1.,1.,1.,1.,1.,1.,1.,1.,1.,1.))
REPRESENTATION_ITEM('')
);
#608=(
BOUNDED_CURVE()
B_SPLINE_CURVE(5,(#5430,#5431,#5432,#5433,#5434,#5435,#5436,#5437,#5438,
#5439),.UNSPECIFIED.,.F.,.F.)
B_SPLINE_CURVE_WITH_KNOTS((6,1,1,1,1,6),(0.577777716794278,0.6,0.7,0.8,
0.9,1.),.UNSPECIFIED.)
CURVE()
GEOMETRIC_REPRESENTATION_ITEM()
RATIONAL_B_SPLINE_CURVE((1.,1.,1.,1.,1.,1.,1.,1.,1.,1.))
REPRESENTATION_ITEM('')
);
#609=(
BOUNDED_CURVE()
B_SPLINE_CURVE(5,(#5462,#5463,#5464,#5465,#5466,#5467,#5468,#5469,#5470,
#5471,#5472),.UNSPECIFIED.,.F.,.F.)
B_SPLINE_CURVE_WITH_KNOTS((6,1,1,1,1,1,6),(0.,0.1,0.2,0.3,0.4,0.5,0.577777716794277),
 .UNSPECIFIED.)
CURVE()
GEOMETRIC_REPRESENTATION_ITEM()
RATIONAL_B_SPLINE_CURVE((1.,1.,1.,1.,1.,1.,1.,1.,1.,1.,1.))
REPRESENTATION_ITEM('')
);
#610=LINE('',#3057,#745);
#611=LINE('',#3071,#746);
#612=LINE('',#3073,#747);
#613=LINE('',#3075,#748);
#614=LINE('',#3076,#749);
#615=LINE('',#3099,#750);
#616=LINE('',#3100,#751);
#617=LINE('',#3103,#752);
#618=LINE('',#3105,#753);
#619=LINE('',#3106,#754);
#620=LINE('',#3117,#755);
#621=LINE('',#3119,#756);
#622=LINE('',#3120,#757);
#623=LINE('',#3123,#758);
#624=LINE('',#3125,#759);
#625=LINE('',#3126,#760);
#626=LINE('',#3129,#761);
#627=LINE('',#3135,#762);
#628=LINE('',#3140,#763);
#629=LINE('',#3146,#764);
#630=LINE('',#3151,#765);
#631=LINE('',#3153,#766);
#632=LINE('',#3196,#767);
#633=LINE('',#3198,#768);
#634=LINE('',#3200,#769);
#635=LINE('',#3202,#770);
#636=LINE('',#3203,#771);
#637=LINE('',#3618,#772);
#638=LINE('',#3621,#773);
#639=LINE('',#3624,#774);
#640=LINE('',#4341,#775);
#641=LINE('',#4344,#776);
#642=LINE('',#4347,#777);
#643=LINE('',#4779,#778);
#644=LINE('',#4782,#779);
#645=LINE('',#4785,#780);
#646=LINE('',#4917,#781);
#647=LINE('',#4920,#782);
#648=LINE('',#4923,#783);
#649=LINE('',#4928,#784);
#650=LINE('',#4933,#785);
#651=LINE('',#4964,#786);
#652=LINE('',#4983,#787);
#653=LINE('',#5082,#788);
#654=LINE('',#5089,#789);
#655=LINE('',#5151,#790);
#656=LINE('',#5177,#791);
#657=LINE('',#5209,#792);
#658=LINE('',#5210,#793);
#659=LINE('',#5296,#794);
#660=LINE('',#5297,#795);
#661=LINE('',#5310,#796);
#662=LINE('',#5312,#797);
#663=LINE('',#5314,#798);
#664=LINE('',#5322,#799);
#665=LINE('',#5324,#800);
#666=LINE('',#5326,#801);
#667=LINE('',#5327,#802);
#668=LINE('',#5330,#803);
#669=LINE('',#5332,#804);
#670=LINE('',#5333,#805);
#671=LINE('',#5336,#806);
#672=LINE('',#5338,#807);
#673=LINE('',#5339,#808);
#674=LINE('',#5342,#809);
#675=LINE('',#5344,#810);
#676=LINE('',#5345,#811);
#677=LINE('',#5347,#812);
#678=LINE('',#5349,#813);
#679=LINE('',#5351,#814);
#680=LINE('',#5352,#815);
#681=LINE('',#5355,#816);
#682=LINE('',#5357,#817);
#683=LINE('',#5359,#818);
#684=LINE('',#5360,#819);
#685=LINE('',#5363,#820);
#686=LINE('',#5364,#821);
#687=LINE('',#5367,#822);
#688=LINE('',#5369,#823);
#689=LINE('',#5370,#824);
#690=LINE('',#5373,#825);
#691=LINE('',#5375,#826);
#692=LINE('',#5376,#827);
#693=LINE('',#5401,#828);
#694=LINE('',#5427,#829);
#695=LINE('',#5429,#830);
#696=LINE('',#5478,#831);
#697=LINE('',#5482,#832);
#698=LINE('',#5491,#833);
#699=LINE('',#5493,#834);
#700=LINE('',#5495,#835);
#701=LINE('',#5548,#836);
#702=LINE('',#5549,#837);
#703=LINE('',#5551,#838);
#704=LINE('',#5552,#839);
#705=LINE('',#5554,#840);
#706=LINE('',#5555,#841);
#707=LINE('',#5588,#842);
#708=LINE('',#5598,#843);
#709=LINE('',#5599,#844);
#710=LINE('',#5606,#845);
#711=LINE('',#5655,#846);
#712=LINE('',#5663,#847);
#713=LINE('',#5665,#848);
#714=LINE('',#5673,#849);
#715=LINE('',#5722,#850);
#716=LINE('',#5754,#851);
#717=LINE('',#5755,#852);
#718=LINE('',#5757,#853);
#719=LINE('',#5760,#854);
#720=LINE('',#5761,#855);
#721=LINE('',#5763,#856);
#722=LINE('',#5766,#857);
#723=LINE('',#5768,#858);
#724=LINE('',#5769,#859);
#725=LINE('',#5772,#860);
#726=LINE('',#5773,#861);
#727=LINE('',#5776,#862);
#728=LINE('',#5777,#863);
#729=LINE('',#5779,#864);
#730=LINE('',#5782,#865);
#731=LINE('',#5785,#866);
#732=LINE('',#5786,#867);
#733=LINE('',#5788,#868);
#734=LINE('',#5789,#869);
#735=LINE('',#5992,#870);
#736=LINE('',#5996,#871);
#737=LINE('',#6222,#872);
#738=LINE('',#6224,#873);
#739=LINE('',#6228,#874);
#740=LINE('',#6230,#875);
#741=LINE('',#6232,#876);
#742=LINE('',#6234,#877);
#743=LINE('',#6236,#878);
#744=LINE('',#6238,#879);
#745=VECTOR('',#2604,10.);
#746=VECTOR('',#2609,10.);
#747=VECTOR('',#2610,10.);
#748=VECTOR('',#2611,10.);
#749=VECTOR('',#2612,10.);
#750=VECTOR('',#2627,10.);
#751=VECTOR('',#2628,10.);
#752=VECTOR('',#2631,10.);
#753=VECTOR('',#2632,10.);
#754=VECTOR('',#2633,10.);
#755=VECTOR('',#2642,10.);
#756=VECTOR('',#2643,10.);
#757=VECTOR('',#2644,10.);
#758=VECTOR('',#2647,12.);
#759=VECTOR('',#2648,12.);
#760=VECTOR('',#2649,12.);
#761=VECTOR('',#2652,12.);
#762=VECTOR('',#2657,10.);
#763=VECTOR('',#2664,10.);
#764=VECTOR('',#2669,10.);
#765=VECTOR('',#2674,12.);
#766=VECTOR('',#2677,12.);
#767=VECTOR('',#2680,10.);
#768=VECTOR('',#2681,10.);
#769=VECTOR('',#2682,10.);
#770=VECTOR('',#2683,10.);
#771=VECTOR('',#2684,10.);
#772=VECTOR('',#2703,10.);
#773=VECTOR('',#2706,10.);
#774=VECTOR('',#2709,10.);
#775=VECTOR('',#2748,10.);
#776=VECTOR('',#2751,10.);
#777=VECTOR('',#2754,10.);
#778=VECTOR('',#2779,10.);
#779=VECTOR('',#2782,10.);
#780=VECTOR('',#2785,10.);
#781=VECTOR('',#2794,10.);
#782=VECTOR('',#2797,10.);
#783=VECTOR('',#2800,10.);
#784=VECTOR('',#2807,10.);
#785=VECTOR('',#2814,10.);
#786=VECTOR('',#2821,10.);
#787=VECTOR('',#2822,10.);
#788=VECTOR('',#2825,10.);
#789=VECTOR('',#2836,10.);
#790=VECTOR('',#2843,10.);
#791=VECTOR('',#2846,10.);
#792=VECTOR('',#2849,10.);
#793=VECTOR('',#2850,10.);
#794=VECTOR('',#2853,10.);
#795=VECTOR('',#2854,10.);
#796=VECTOR('',#2859,10.);
#797=VECTOR('',#2860,10.);
#798=VECTOR('',#2861,10.);
#799=VECTOR('',#2864,10.);
#800=VECTOR('',#2865,10.);
#801=VECTOR('',#2866,10.);
#802=VECTOR('',#2867,10.);
#803=VECTOR('',#2870,10.);
#804=VECTOR('',#2871,10.);
#805=VECTOR('',#2872,10.);
#806=VECTOR('',#2875,10.);
#807=VECTOR('',#2876,10.);
#808=VECTOR('',#2877,10.);
#809=VECTOR('',#2880,10.);
#810=VECTOR('',#2881,10.);
#811=VECTOR('',#2882,10.);
#812=VECTOR('',#2885,10.);
#813=VECTOR('',#2886,10.);
#814=VECTOR('',#2887,10.);
#815=VECTOR('',#2888,10.);
#816=VECTOR('',#2889,10.);
#817=VECTOR('',#2890,10.);
#818=VECTOR('',#2891,10.);
#819=VECTOR('',#2892,10.);
#820=VECTOR('',#2895,10.);
#821=VECTOR('',#2896,10.);
#822=VECTOR('',#2899,10.);
#823=VECTOR('',#2900,10.);
#824=VECTOR('',#2901,10.);
#825=VECTOR('',#2904,10.);
#826=VECTOR('',#2905,10.);
#827=VECTOR('',#2906,10.);
#828=VECTOR('',#2909,10.);
#829=VECTOR('',#2910,10.);
#830=VECTOR('',#2911,10.);
#831=VECTOR('',#2914,10.);
#832=VECTOR('',#2917,10.);
#833=VECTOR('',#2918,10.);
#834=VECTOR('',#2919,10.);
#835=VECTOR('',#2920,10.);
#836=VECTOR('',#2921,10.);
#837=VECTOR('',#2922,10.);
#838=VECTOR('',#2923,10.);
#839=VECTOR('',#2924,10.);
#840=VECTOR('',#2925,10.);
#841=VECTOR('',#2926,10.);
#842=VECTOR('',#2931,10.);
#843=VECTOR('',#2938,10.);
#844=VECTOR('',#2939,10.);
#845=VECTOR('',#2942,10.);
#846=VECTOR('',#2945,10.);
#847=VECTOR('',#2950,10.);
#848=VECTOR('',#2951,10.);
#849=VECTOR('',#2956,10.);
#850=VECTOR('',#2959,10.);
#851=VECTOR('',#2964,10.);
#852=VECTOR('',#2965,10.);
#853=VECTOR('',#2968,10.);
#854=VECTOR('',#2971,10.);
#855=VECTOR('',#2972,10.);
#856=VECTOR('',#2975,10.);
#857=VECTOR('',#2978,10.);
#858=VECTOR('',#2979,10.);
#859=VECTOR('',#2980,10.);
#860=VECTOR('',#2983,10.);
#861=VECTOR('',#2984,10.);
#862=VECTOR('',#2987,10.);
#863=VECTOR('',#2988,10.);
#864=VECTOR('',#2991,10.);
#865=VECTOR('',#2996,10.);
#866=VECTOR('',#2999,10.);
#867=VECTOR('',#3000,10.);
#868=VECTOR('',#3003,10.);
#869=VECTOR('',#3004,10.);
#870=VECTOR('',#3011,10.);
#871=VECTOR('',#3016,10.);
#872=VECTOR('',#3027,2.45);
#873=VECTOR('',#3030,1.7);
#874=VECTOR('',#3035,2.45);
#875=VECTOR('',#3038,1.7);
#876=VECTOR('',#3041,10.);
#877=VECTOR('',#3044,10.);
#878=VECTOR('',#3047,10.);
#879=VECTOR('',#3050,10.);
#880=CIRCLE('',#2441,12.);
#881=CIRCLE('',#2442,11.);
#882=CIRCLE('',#2445,11.);
#883=CIRCLE('',#2446,12.);
#884=CIRCLE('',#2448,12.);
#885=CIRCLE('',#2449,11.);
#886=CIRCLE('',#2453,11.);
#887=CIRCLE('',#2454,12.);
#888=CIRCLE('',#2469,0.800000000000014);
#889=CIRCLE('',#2470,0.799999999999997);
#890=CIRCLE('',#2471,0.800000000000016);
#891=CIRCLE('',#2472,0.800000000000018);
#892=CIRCLE('',#2473,0.799999999999999);
#893=CIRCLE('',#2474,0.800000000000034);
#894=CIRCLE('',#2475,0.79999999999999);
#895=CIRCLE('',#2476,0.799999999999999);
#896=CIRCLE('',#2478,1.00000002235213);
#897=CIRCLE('',#2480,2.00000001117587);
#898=CIRCLE('',#2481,0.799999999999995);
#899=CIRCLE('',#2482,0.799999999999993);
#900=CIRCLE('',#2486,3.2);
#901=CIRCLE('',#2487,3.2);
#902=CIRCLE('',#2488,0.799999999999999);
#903=CIRCLE('',#2489,0.799999999999988);
#904=CIRCLE('',#2490,0.799999999999985);
#905=CIRCLE('',#2491,0.799999999999994);
#906=CIRCLE('',#2492,0.799999999999991);
#907=CIRCLE('',#2493,0.800000000000006);
#908=CIRCLE('',#2494,0.800000000000018);
#909=CIRCLE('',#2495,0.800000000000017);
#910=CIRCLE('',#2496,0.799999999999985);
#911=CIRCLE('',#2497,0.799999999999986);
#912=CIRCLE('',#2499,1.00000002235213);
#913=CIRCLE('',#2501,2.00000001117605);
#914=CIRCLE('',#2502,0.600000000000006);
#915=CIRCLE('',#2503,0.599999999999996);
#916=CIRCLE('',#2506,3.2);
#917=CIRCLE('',#2508,0.599999999999999);
#918=CIRCLE('',#2509,0.599999999999976);
#919=CIRCLE('',#2510,0.800000000000001);
#920=CIRCLE('',#2511,0.799999999999999);
#921=CIRCLE('',#2513,5.00000004470349);
#922=CIRCLE('',#2515,2.00000001117606);
#923=CIRCLE('',#2516,0.599999999999998);
#924=CIRCLE('',#2517,0.600000000000001);
#925=CIRCLE('',#2519,5.00000004470349);
#926=CIRCLE('',#2521,2.00000001117586);
#927=CIRCLE('',#2523,2.00000001117606);
#928=CIRCLE('',#2525,1.00000002235214);
#929=CIRCLE('',#2527,5.00000004470349);
#930=CIRCLE('',#2529,2.00000001117587);
#931=CIRCLE('',#2531,1.00000002235214);
#932=CIRCLE('',#2533,2.00000001117586);
#933=CIRCLE('',#2535,2.00000001117605);
#934=CIRCLE('',#2537,5.00000004470349);
#935=CIRCLE('',#2555,1.7);
#936=CIRCLE('',#2556,1.7);
#937=CIRCLE('',#2559,2.10000000000001);
#938=CIRCLE('',#2564,2.10000000000001);
#939=CIRCLE('',#2589,1.7);
#940=CIRCLE('',#2592,1.7);
#941=VERTEX_POINT('',#3053);
#942=VERTEX_POINT('',#3054);
#943=VERTEX_POINT('',#3056);
#944=VERTEX_POINT('',#3058);
#945=VERTEX_POINT('',#3060);
#946=VERTEX_POINT('',#3069);
#947=VERTEX_POINT('',#3070);
#948=VERTEX_POINT('',#3072);
#949=VERTEX_POINT('',#3074);
#950=VERTEX_POINT('',#3078);
#951=VERTEX_POINT('',#3080);
#952=VERTEX_POINT('',#3082);
#953=VERTEX_POINT('',#3091);
#954=VERTEX_POINT('',#3092);
#955=VERTEX_POINT('',#3102);
#956=VERTEX_POINT('',#3104);
#957=VERTEX_POINT('',#3108);
#958=VERTEX_POINT('',#3109);
#959=VERTEX_POINT('',#3116);
#960=VERTEX_POINT('',#3118);
#961=VERTEX_POINT('',#3122);
#962=VERTEX_POINT('',#3124);
#963=VERTEX_POINT('',#3128);
#964=VERTEX_POINT('',#3130);
#965=VERTEX_POINT('',#3132);
#966=VERTEX_POINT('',#3134);
#967=VERTEX_POINT('',#3136);
#968=VERTEX_POINT('',#3141);
#969=VERTEX_POINT('',#3143);
#970=VERTEX_POINT('',#3145);
#971=VERTEX_POINT('',#3147);
#972=VERTEX_POINT('',#3149);
#973=VERTEX_POINT('',#3170);
#974=VERTEX_POINT('',#3171);
#975=VERTEX_POINT('',#3178);
#976=VERTEX_POINT('',#3183);
#977=VERTEX_POINT('',#3195);
#978=VERTEX_POINT('',#3197);
#979=VERTEX_POINT('',#3199);
#980=VERTEX_POINT('',#3201);
#981=VERTEX_POINT('',#3229);
#982=VERTEX_POINT('',#3230);
#983=VERTEX_POINT('',#3232);
#984=VERTEX_POINT('',#3238);
#985=VERTEX_POINT('',#3275);
#986=VERTEX_POINT('',#3276);
#987=VERTEX_POINT('',#3342);
#988=VERTEX_POINT('',#3343);
#989=VERTEX_POINT('',#3365);
#990=VERTEX_POINT('',#3375);
#991=VERTEX_POINT('',#3411);
#992=VERTEX_POINT('',#3412);
#993=VERTEX_POINT('',#3468);
#994=VERTEX_POINT('',#3469);
#995=VERTEX_POINT('',#3486);
#996=VERTEX_POINT('',#3494);
#997=VERTEX_POINT('',#3532);
#998=VERTEX_POINT('',#3533);
#999=VERTEX_POINT('',#3575);
#1000=VERTEX_POINT('',#3576);
#1001=VERTEX_POINT('',#3617);
#1002=VERTEX_POINT('',#3619);
#1003=VERTEX_POINT('',#3623);
#1004=VERTEX_POINT('',#3706);
#1005=VERTEX_POINT('',#3711);
#1006=VERTEX_POINT('',#3713);
#1007=VERTEX_POINT('',#3730);
#1008=VERTEX_POINT('',#3747);
#1009=VERTEX_POINT('',#3758);
#1010=VERTEX_POINT('',#3763);
#1011=VERTEX_POINT('',#3774);
#1012=VERTEX_POINT('',#3779);
#1013=VERTEX_POINT('',#3796);
#1014=VERTEX_POINT('',#3801);
#1015=VERTEX_POINT('',#3807);
#1016=VERTEX_POINT('',#3809);
#1017=VERTEX_POINT('',#3875);
#1018=VERTEX_POINT('',#3877);
#1019=VERTEX_POINT('',#3921);
#1020=VERTEX_POINT('',#3922);
#1021=VERTEX_POINT('',#3924);
#1022=VERTEX_POINT('',#3930);
#1023=VERTEX_POINT('',#3979);
#1024=VERTEX_POINT('',#3980);
#1025=VERTEX_POINT('',#4021);
#1026=VERTEX_POINT('',#4029);
#1027=VERTEX_POINT('',#4065);
#1028=VERTEX_POINT('',#4066);
#1029=VERTEX_POINT('',#4132);
#1030=VERTEX_POINT('',#4133);
#1031=VERTEX_POINT('',#4166);
#1032=VERTEX_POINT('',#4176);
#1033=VERTEX_POINT('',#4217);
#1034=VERTEX_POINT('',#4218);
#1035=VERTEX_POINT('',#4255);
#1036=VERTEX_POINT('',#4256);
#1037=VERTEX_POINT('',#4288);
#1038=VERTEX_POINT('',#4289);
#1039=VERTEX_POINT('',#4340);
#1040=VERTEX_POINT('',#4342);
#1041=VERTEX_POINT('',#4346);
#1042=VERTEX_POINT('',#4424);
#1043=VERTEX_POINT('',#4429);
#1044=VERTEX_POINT('',#4431);
#1045=VERTEX_POINT('',#4447);
#1046=VERTEX_POINT('',#4463);
#1047=VERTEX_POINT('',#4474);
#1048=VERTEX_POINT('',#4479);
#1049=VERTEX_POINT('',#4481);
#1050=VERTEX_POINT('',#4487);
#1051=VERTEX_POINT('',#4506);
#1052=VERTEX_POINT('',#4511);
#1053=VERTEX_POINT('',#4516);
#1054=VERTEX_POINT('',#4601);
#1055=VERTEX_POINT('',#4603);
#1056=VERTEX_POINT('',#4635);
#1057=VERTEX_POINT('',#4701);
#1058=VERTEX_POINT('',#4778);
#1059=VERTEX_POINT('',#4780);
#1060=VERTEX_POINT('',#4784);
#1061=VERTEX_POINT('',#4803);
#1062=VERTEX_POINT('',#4845);
#1063=VERTEX_POINT('',#4916);
#1064=VERTEX_POINT('',#4918);
#1065=VERTEX_POINT('',#4922);
#1066=VERTEX_POINT('',#4926);
#1067=VERTEX_POINT('',#4932);
#1068=VERTEX_POINT('',#4953);
#1069=VERTEX_POINT('',#4958);
#1070=VERTEX_POINT('',#4963);
#1071=VERTEX_POINT('',#4965);
#1072=VERTEX_POINT('',#4970);
#1073=VERTEX_POINT('',#4977);
#1074=VERTEX_POINT('',#4982);
#1075=VERTEX_POINT('',#4984);
#1076=VERTEX_POINT('',#4989);
#1077=VERTEX_POINT('',#4995);
#1078=VERTEX_POINT('',#5002);
#1079=VERTEX_POINT('',#5009);
#1080=VERTEX_POINT('',#5018);
#1081=VERTEX_POINT('',#5081);
#1082=VERTEX_POINT('',#5087);
#1083=VERTEX_POINT('',#5112);
#1084=VERTEX_POINT('',#5149);
#1085=VERTEX_POINT('',#5150);
#1086=VERTEX_POINT('',#5152);
#1087=VERTEX_POINT('',#5164);
#1088=VERTEX_POINT('',#5165);
#1089=VERTEX_POINT('',#5172);
#1090=VERTEX_POINT('',#5203);
#1091=VERTEX_POINT('',#5204);
#1092=VERTEX_POINT('',#5231);
#1093=VERTEX_POINT('',#5232);
#1094=VERTEX_POINT('',#5270);
#1095=VERTEX_POINT('',#5271);
#1096=VERTEX_POINT('',#5290);
#1097=VERTEX_POINT('',#5291);
#1098=VERTEX_POINT('',#5304);
#1099=VERTEX_POINT('',#5309);
#1100=VERTEX_POINT('',#5311);
#1101=VERTEX_POINT('',#5313);
#1102=VERTEX_POINT('',#5320);
#1103=VERTEX_POINT('',#5321);
#1104=VERTEX_POINT('',#5323);
#1105=VERTEX_POINT('',#5325);
#1106=VERTEX_POINT('',#5329);
#1107=VERTEX_POINT('',#5331);
#1108=VERTEX_POINT('',#5335);
#1109=VERTEX_POINT('',#5337);
#1110=VERTEX_POINT('',#5341);
#1111=VERTEX_POINT('',#5343);
#1112=VERTEX_POINT('',#5348);
#1113=VERTEX_POINT('',#5350);
#1114=VERTEX_POINT('',#5353);
#1115=VERTEX_POINT('',#5354);
#1116=VERTEX_POINT('',#5356);
#1117=VERTEX_POINT('',#5358);
#1118=VERTEX_POINT('',#5362);
#1119=VERTEX_POINT('',#5366);
#1120=VERTEX_POINT('',#5368);
#1121=VERTEX_POINT('',#5372);
#1122=VERTEX_POINT('',#5374);
#1123=VERTEX_POINT('',#5378);
#1124=VERTEX_POINT('',#5390);
#1125=VERTEX_POINT('',#5426);
#1126=VERTEX_POINT('',#5428);
#1127=VERTEX_POINT('',#5480);
#1128=VERTEX_POINT('',#5481);
#1129=VERTEX_POINT('',#5483);
#1130=VERTEX_POINT('',#5490);
#1131=VERTEX_POINT('',#5492);
#1132=VERTEX_POINT('',#5494);
#1133=VERTEX_POINT('',#5496);
#1134=VERTEX_POINT('',#5507);
#1135=VERTEX_POINT('',#5514);
#1136=VERTEX_POINT('',#5521);
#1137=VERTEX_POINT('',#5528);
#1138=VERTEX_POINT('',#5535);
#1139=VERTEX_POINT('',#5542);
#1140=VERTEX_POINT('',#5547);
#1141=VERTEX_POINT('',#5550);
#1142=VERTEX_POINT('',#5553);
#1143=VERTEX_POINT('',#5556);
#1144=VERTEX_POINT('',#5558);
#1145=VERTEX_POINT('',#5595);
#1146=VERTEX_POINT('',#5596);
#1147=VERTEX_POINT('',#5601);
#1148=VERTEX_POINT('',#5608);
#1149=VERTEX_POINT('',#5662);
#1150=VERTEX_POINT('',#5664);
#1151=VERTEX_POINT('',#5668);
#1152=VERTEX_POINT('',#5675);
#1153=VERTEX_POINT('',#5753);
#1154=VERTEX_POINT('',#5759);
#1155=VERTEX_POINT('',#5765);
#1156=VERTEX_POINT('',#5767);
#1157=VERTEX_POINT('',#5771);
#1158=VERTEX_POINT('',#5775);
#1159=VERTEX_POINT('',#5784);
#1160=VERTEX_POINT('',#5822);
#1161=VERTEX_POINT('',#5857);
#1162=VERTEX_POINT('',#5927);
#1163=VERTEX_POINT('',#5928);
#1164=VERTEX_POINT('',#5971);
#1165=VERTEX_POINT('',#5991);
#1166=VERTEX_POINT('',#5994);
#1167=VERTEX_POINT('',#6013);
#1168=VERTEX_POINT('',#6018);
#1169=VERTEX_POINT('',#6220);
#1170=VERTEX_POINT('',#6226);
#1171=EDGE_CURVE('',#941,#942,#880,.T.);
#1172=EDGE_CURVE('',#942,#943,#610,.T.);
#1173=EDGE_CURVE('',#943,#944,#881,.T.);
#1174=EDGE_CURVE('',#944,#945,#602,.T.);
#1175=EDGE_CURVE('',#945,#941,#447,.T.);
#1176=EDGE_CURVE('',#946,#947,#611,.T.);
#1177=EDGE_CURVE('',#947,#948,#612,.T.);
#1178=EDGE_CURVE('',#948,#949,#613,.T.);
#1179=EDGE_CURVE('',#949,#946,#614,.T.);
#1180=EDGE_CURVE('',#950,#949,#882,.T.);
#1181=EDGE_CURVE('',#948,#951,#883,.T.);
#1182=EDGE_CURVE('',#951,#952,#448,.T.);
#1183=EDGE_CURVE('',#952,#950,#603,.T.);
#1184=EDGE_CURVE('',#953,#954,#604,.F.);
#1185=EDGE_CURVE('',#954,#947,#884,.T.);
#1186=EDGE_CURVE('',#946,#953,#885,.T.);
#1187=EDGE_CURVE('',#952,#945,#615,.T.);
#1188=EDGE_CURVE('',#951,#941,#616,.T.);
#1189=EDGE_CURVE('',#942,#955,#617,.T.);
#1190=EDGE_CURVE('',#955,#956,#618,.T.);
#1191=EDGE_CURVE('',#956,#943,#619,.T.);
#1192=EDGE_CURVE('',#957,#958,#605,.F.);
#1193=EDGE_CURVE('',#958,#956,#886,.T.);
#1194=EDGE_CURVE('',#955,#957,#887,.T.);
#1195=EDGE_CURVE('',#959,#958,#620,.F.);
#1196=EDGE_CURVE('',#960,#959,#621,.F.);
#1197=EDGE_CURVE('',#944,#960,#622,.F.);
#1198=EDGE_CURVE('',#961,#942,#623,.T.);
#1199=EDGE_CURVE('',#962,#961,#624,.T.);
#1200=EDGE_CURVE('',#955,#962,#625,.T.);
#1201=EDGE_CURVE('',#948,#963,#626,.T.);
#1202=EDGE_CURVE('',#963,#964,#75,.T.);
#1203=EDGE_CURVE('',#964,#965,#76,.T.);
#1204=EDGE_CURVE('',#965,#966,#627,.T.);
#1205=EDGE_CURVE('',#966,#967,#77,.T.);
#1206=EDGE_CURVE('',#967,#961,#78,.T.);
#1207=EDGE_CURVE('',#954,#957,#628,.T.);
#1208=EDGE_CURVE('',#962,#968,#79,.T.);
#1209=EDGE_CURVE('',#968,#969,#80,.T.);
#1210=EDGE_CURVE('',#969,#970,#629,.T.);
#1211=EDGE_CURVE('',#970,#971,#81,.T.);
#1212=EDGE_CURVE('',#971,#972,#82,.T.);
#1213=EDGE_CURVE('',#972,#947,#630,.T.);
#1214=EDGE_CURVE('',#963,#972,#631,.T.);
#1215=EDGE_CURVE('',#973,#974,#449,.T.);
#1216=EDGE_CURVE('',#973,#975,#450,.T.);
#1217=EDGE_CURVE('',#975,#976,#451,.F.);
#1218=EDGE_CURVE('',#976,#974,#452,.T.);
#1219=EDGE_CURVE('',#976,#977,#632,.T.);
#1220=EDGE_CURVE('',#977,#978,#633,.T.);
#1221=EDGE_CURVE('',#979,#978,#634,.T.);
#1222=EDGE_CURVE('',#979,#980,#635,.T.);
#1223=EDGE_CURVE('',#980,#974,#636,.T.);
#1224=EDGE_CURVE('',#981,#982,#888,.T.);
#1225=EDGE_CURVE('',#982,#983,#453,.T.);
#1226=EDGE_CURVE('',#983,#984,#889,.T.);
#1227=EDGE_CURVE('',#984,#981,#454,.T.);
#1228=EDGE_CURVE('',#985,#986,#890,.T.);
#1229=EDGE_CURVE('',#986,#982,#455,.T.);
#1230=EDGE_CURVE('',#981,#985,#456,.T.);
#1231=EDGE_CURVE('',#987,#988,#457,.T.);
#1232=EDGE_CURVE('',#988,#986,#458,.T.);
#1233=EDGE_CURVE('',#985,#989,#459,.T.);
#1234=EDGE_CURVE('',#989,#990,#891,.T.);
#1235=EDGE_CURVE('',#990,#987,#460,.T.);
#1236=EDGE_CURVE('',#991,#992,#892,.T.);
#1237=EDGE_CURVE('',#992,#990,#461,.T.);
#1238=EDGE_CURVE('',#989,#991,#462,.T.);
#1239=EDGE_CURVE('',#993,#994,#463,.T.);
#1240=EDGE_CURVE('',#994,#992,#464,.T.);
#1241=EDGE_CURVE('',#991,#995,#465,.T.);
#1242=EDGE_CURVE('',#995,#996,#893,.T.);
#1243=EDGE_CURVE('',#996,#993,#466,.T.);
#1244=EDGE_CURVE('',#997,#998,#894,.T.);
#1245=EDGE_CURVE('',#998,#996,#467,.T.);
#1246=EDGE_CURVE('',#995,#997,#468,.T.);
#1247=EDGE_CURVE('',#999,#1000,#895,.T.);
#1248=EDGE_CURVE('',#1000,#998,#469,.T.);
#1249=EDGE_CURVE('',#997,#999,#470,.T.);
#1250=EDGE_CURVE('',#983,#1000,#471,.T.);
#1251=EDGE_CURVE('',#999,#984,#472,.T.);
#1252=EDGE_CURVE('',#1001,#989,#637,.T.);
#1253=EDGE_CURVE('',#1002,#1001,#896,.T.);
#1254=EDGE_CURVE('',#1002,#991,#638,.T.);
#1255=EDGE_CURVE('',#1003,#984,#639,.T.);
#1256=EDGE_CURVE('',#1001,#1003,#897,.T.);
#1257=EDGE_CURVE('',#987,#1004,#473,.T.);
#1258=EDGE_CURVE('',#1004,#1005,#898,.T.);
#1259=EDGE_CURVE('',#1005,#1006,#474,.T.);
#1260=EDGE_CURVE('',#1006,#1007,#899,.T.);
#1261=EDGE_CURVE('',#1007,#988,#475,.T.);
#1262=EDGE_CURVE('',#1008,#994,#476,.T.);
#1263=EDGE_CURVE('',#1004,#1008,#477,.T.);
#1264=EDGE_CURVE('',#1009,#996,#478,.T.);
#1265=EDGE_CURVE('',#1010,#1009,#479,.T.);
#1266=EDGE_CURVE('',#1011,#1010,#480,.T.);
#1267=EDGE_CURVE('',#1012,#1011,#481,.T.);
#1268=EDGE_CURVE('',#993,#1012,#482,.T.);
#1269=EDGE_CURVE('',#1013,#1007,#483,.T.);
#1270=EDGE_CURVE('',#1014,#1013,#484,.T.);
#1271=EDGE_CURVE('',#1015,#1014,#900,.T.);
#1272=EDGE_CURVE('',#1016,#1015,#901,.T.);
#1273=EDGE_CURVE('',#986,#1016,#485,.T.);
#1274=EDGE_CURVE('',#1017,#1012,#902,.T.);
#1275=EDGE_CURVE('',#1017,#1018,#486,.T.);
#1276=EDGE_CURVE('',#1018,#1008,#903,.T.);
#1277=EDGE_CURVE('',#1019,#1020,#904,.T.);
#1278=EDGE_CURVE('',#1020,#1021,#487,.T.);
#1279=EDGE_CURVE('',#1021,#1022,#905,.T.);
#1280=EDGE_CURVE('',#1022,#1019,#488,.T.);
#1281=EDGE_CURVE('',#1023,#1024,#489,.T.);
#1282=EDGE_CURVE('',#1024,#1020,#490,.T.);
#1283=EDGE_CURVE('',#1019,#1025,#491,.T.);
#1284=EDGE_CURVE('',#1025,#1026,#906,.T.);
#1285=EDGE_CURVE('',#1026,#1023,#492,.T.);
#1286=EDGE_CURVE('',#1027,#1028,#907,.T.);
#1287=EDGE_CURVE('',#1028,#1026,#493,.T.);
#1288=EDGE_CURVE('',#1025,#1027,#494,.T.);
#1289=EDGE_CURVE('',#1029,#1030,#495,.T.);
#1290=EDGE_CURVE('',#1030,#1028,#496,.T.);
#1291=EDGE_CURVE('',#1027,#1031,#497,.T.);
#1292=EDGE_CURVE('',#1031,#1032,#908,.T.);
#1293=EDGE_CURVE('',#1032,#1029,#498,.T.);
#1294=EDGE_CURVE('',#1033,#1034,#909,.T.);
#1295=EDGE_CURVE('',#1034,#1032,#499,.T.);
#1296=EDGE_CURVE('',#1031,#1033,#500,.T.);
#1297=EDGE_CURVE('',#1035,#1036,#910,.T.);
#1298=EDGE_CURVE('',#1036,#1034,#501,.T.);
#1299=EDGE_CURVE('',#1033,#1035,#502,.T.);
#1300=EDGE_CURVE('',#1037,#1038,#911,.T.);
#1301=EDGE_CURVE('',#1038,#1036,#503,.T.);
#1302=EDGE_CURVE('',#1035,#1037,#504,.T.);
#1303=EDGE_CURVE('',#1021,#1038,#505,.T.);
#1304=EDGE_CURVE('',#1037,#1022,#506,.T.);
#1305=EDGE_CURVE('',#1039,#1025,#640,.T.);
#1306=EDGE_CURVE('',#1040,#1039,#912,.T.);
#1307=EDGE_CURVE('',#1040,#1027,#641,.T.);
#1308=EDGE_CURVE('',#1041,#1037,#642,.T.);
#1309=EDGE_CURVE('',#1039,#1041,#913,.T.);
#1310=EDGE_CURVE('',#1023,#1042,#507,.T.);
#1311=EDGE_CURVE('',#1042,#1043,#914,.T.);
#1312=EDGE_CURVE('',#1043,#1044,#508,.T.);
#1313=EDGE_CURVE('',#1044,#1045,#915,.T.);
#1314=EDGE_CURVE('',#1045,#1024,#509,.T.);
#1315=EDGE_CURVE('',#1046,#1030,#510,.T.);
#1316=EDGE_CURVE('',#1042,#1046,#511,.T.);
#1317=EDGE_CURVE('',#1047,#1032,#512,.T.);
#1318=EDGE_CURVE('',#1048,#1047,#916,.T.);
#1319=EDGE_CURVE('',#1049,#1048,#513,.T.);
#1320=EDGE_CURVE('',#1050,#1049,#514,.T.);
#1321=EDGE_CURVE('',#1029,#1050,#515,.T.);
#1322=EDGE_CURVE('',#1051,#1045,#516,.T.);
#1323=EDGE_CURVE('',#1052,#1051,#517,.T.);
#1324=EDGE_CURVE('',#1053,#1052,#518,.T.);
#1325=EDGE_CURVE('',#1020,#1053,#519,.T.);
#1326=EDGE_CURVE('',#1054,#1050,#917,.T.);
#1327=EDGE_CURVE('',#1054,#1055,#520,.T.);
#1328=EDGE_CURVE('',#1055,#1046,#918,.T.);
#1329=EDGE_CURVE('',#1056,#1013,#919,.T.);
#1330=EDGE_CURVE('',#1006,#1056,#521,.T.);
#1331=EDGE_CURVE('',#1057,#1011,#920,.T.);
#1332=EDGE_CURVE('',#1011,#1013,#522,.T.);
#1333=EDGE_CURVE('',#1056,#1057,#523,.T.);
#1334=EDGE_CURVE('',#1057,#1017,#524,.T.);
#1335=EDGE_CURVE('',#1018,#1005,#525,.T.);
#1336=EDGE_CURVE('',#1058,#1006,#643,.T.);
#1337=EDGE_CURVE('',#1059,#1058,#921,.T.);
#1338=EDGE_CURVE('',#1059,#1017,#644,.T.);
#1339=EDGE_CURVE('',#1060,#1005,#645,.T.);
#1340=EDGE_CURVE('',#1058,#1060,#922,.T.);
#1341=EDGE_CURVE('',#1061,#1051,#923,.T.);
#1342=EDGE_CURVE('',#1044,#1061,#526,.T.);
#1343=EDGE_CURVE('',#1062,#1049,#924,.T.);
#1344=EDGE_CURVE('',#1049,#1051,#527,.T.);
#1345=EDGE_CURVE('',#1061,#1062,#528,.T.);
#1346=EDGE_CURVE('',#1062,#1054,#529,.T.);
#1347=EDGE_CURVE('',#1055,#1043,#530,.T.);
#1348=EDGE_CURVE('',#1063,#1044,#646,.T.);
#1349=EDGE_CURVE('',#1064,#1063,#925,.T.);
#1350=EDGE_CURVE('',#1064,#1054,#647,.T.);
#1351=EDGE_CURVE('',#1065,#1043,#648,.T.);
#1352=EDGE_CURVE('',#1063,#1065,#926,.T.);
#1353=EDGE_CURVE('',#1066,#1064,#927,.T.);
#1354=EDGE_CURVE('',#1066,#1055,#649,.T.);
#1355=EDGE_CURVE('',#1065,#1066,#928,.T.);
#1356=EDGE_CURVE('',#1067,#1035,#650,.T.);
#1357=EDGE_CURVE('',#1041,#1067,#929,.T.);
#1358=EDGE_CURVE('',#1067,#1040,#930,.T.);
#1359=EDGE_CURVE('',#1068,#1021,#531,.T.);
#1360=EDGE_CURVE('',#1069,#1068,#532,.T.);
#1361=EDGE_CURVE('',#1070,#1069,#651,.T.);
#1362=EDGE_CURVE('',#1070,#1071,#533,.T.);
#1363=EDGE_CURVE('',#1071,#1072,#534,.T.);
#1364=EDGE_CURVE('',#1073,#1072,#535,.T.);
#1365=EDGE_CURVE('',#1074,#1073,#652,.T.);
#1366=EDGE_CURVE('',#1075,#1074,#536,.T.);
#1367=EDGE_CURVE('',#1076,#1075,#537,.T.);
#1368=EDGE_CURVE('',#1077,#1076,#538,.T.);
#1369=EDGE_CURVE('',#1078,#1077,#539,.T.);
#1370=EDGE_CURVE('',#1079,#1078,#540,.T.);
#1371=EDGE_CURVE('',#1080,#1079,#541,.T.);
#1372=EDGE_CURVE('',#1034,#1080,#542,.T.);
#1373=EDGE_CURVE('',#1053,#1068,#543,.T.);
#1374=EDGE_CURVE('',#1081,#1018,#653,.T.);
#1375=EDGE_CURVE('',#1060,#1081,#931,.T.);
#1376=EDGE_CURVE('',#1081,#1059,#932,.T.);
#1377=EDGE_CURVE('',#1082,#1002,#933,.T.);
#1378=EDGE_CURVE('',#1082,#999,#654,.T.);
#1379=EDGE_CURVE('',#1003,#1082,#934,.T.);
#1380=EDGE_CURVE('',#998,#1083,#544,.T.);
#1381=EDGE_CURVE('',#1009,#1083,#545,.T.);
#1382=EDGE_CURVE('',#1084,#1085,#655,.T.);
#1383=EDGE_CURVE('',#1086,#1084,#546,.F.);
#1384=EDGE_CURVE('',#1085,#1086,#547,.F.);
#1385=EDGE_CURVE('',#1087,#1088,#548,.F.);
#1386=EDGE_CURVE('',#1089,#1087,#549,.F.);
#1387=EDGE_CURVE('',#1088,#1089,#656,.T.);
#1388=EDGE_CURVE('',#1087,#1086,#550,.T.);
#1389=EDGE_CURVE('',#1084,#1089,#551,.T.);
#1390=EDGE_CURVE('',#1090,#1091,#552,.F.);
#1391=EDGE_CURVE('',#1091,#1088,#657,.T.);
#1392=EDGE_CURVE('',#1089,#1090,#658,.T.);
#1393=EDGE_CURVE('',#1092,#1093,#553,.F.);
#1394=EDGE_CURVE('',#1093,#1087,#554,.T.);
#1395=EDGE_CURVE('',#1088,#1092,#555,.T.);
#1396=EDGE_CURVE('',#1094,#1095,#556,.F.);
#1397=EDGE_CURVE('',#1095,#1085,#557,.T.);
#1398=EDGE_CURVE('',#1086,#1094,#558,.T.);
#1399=EDGE_CURVE('',#1096,#1097,#559,.F.);
#1400=EDGE_CURVE('',#1097,#1084,#659,.T.);
#1401=EDGE_CURVE('',#1085,#1096,#660,.T.);
#1402=EDGE_CURVE('',#1092,#1091,#560,.T.);
#1403=EDGE_CURVE('',#1098,#1097,#561,.T.);
#1404=EDGE_CURVE('',#1098,#1099,#661,.T.);
#1405=EDGE_CURVE('',#1099,#1100,#662,.T.);
#1406=EDGE_CURVE('',#1100,#1101,#663,.T.);
#1407=EDGE_CURVE('',#1090,#1101,#562,.T.);
#1408=EDGE_CURVE('',#1102,#1103,#664,.T.);
#1409=EDGE_CURVE('',#1103,#1104,#665,.F.);
#1410=EDGE_CURVE('',#1104,#1105,#666,.T.);
#1411=EDGE_CURVE('',#1105,#1102,#667,.T.);
#1412=EDGE_CURVE('',#1105,#1106,#668,.T.);
#1413=EDGE_CURVE('',#1106,#1107,#669,.T.);
#1414=EDGE_CURVE('',#1107,#1102,#670,.T.);
#1415=EDGE_CURVE('',#1106,#1108,#671,.T.);
#1416=EDGE_CURVE('',#1108,#1109,#672,.F.);
#1417=EDGE_CURVE('',#1109,#1107,#673,.T.);
#1418=EDGE_CURVE('',#1110,#1102,#674,.T.);
#1419=EDGE_CURVE('',#1110,#1111,#675,.T.);
#1420=EDGE_CURVE('',#1111,#1103,#676,.F.);
#1421=EDGE_CURVE('',#1110,#960,#677,.T.);
#1422=EDGE_CURVE('',#1112,#1107,#678,.F.);
#1423=EDGE_CURVE('',#1113,#1112,#679,.T.);
#1424=EDGE_CURVE('',#1113,#950,#680,.T.);
#1425=EDGE_CURVE('',#1114,#1115,#681,.F.);
#1426=EDGE_CURVE('',#1116,#1114,#682,.T.);
#1427=EDGE_CURVE('',#1117,#1116,#683,.F.);
#1428=EDGE_CURVE('',#1115,#1117,#684,.F.);
#1429=EDGE_CURVE('',#1118,#1109,#685,.T.);
#1430=EDGE_CURVE('',#1118,#1112,#686,.T.);
#1431=EDGE_CURVE('',#979,#1119,#687,.T.);
#1432=EDGE_CURVE('',#1120,#1119,#688,.T.);
#1433=EDGE_CURVE('',#1120,#980,#689,.T.);
#1434=EDGE_CURVE('',#978,#1121,#690,.T.);
#1435=EDGE_CURVE('',#977,#1122,#691,.T.);
#1436=EDGE_CURVE('',#1121,#1122,#692,.T.);
#1437=EDGE_CURVE('',#1123,#1100,#606,.T.);
#1438=EDGE_CURVE('',#1124,#1123,#607,.T.);
#1439=EDGE_CURVE('',#1122,#1124,#693,.T.);
#1440=EDGE_CURVE('',#975,#1101,#563,.T.);
#1441=EDGE_CURVE('',#1124,#1125,#694,.T.);
#1442=EDGE_CURVE('',#1123,#1126,#695,.T.);
#1443=EDGE_CURVE('',#1126,#1125,#608,.T.);
#1444=EDGE_CURVE('',#1099,#1126,#609,.T.);
#1445=EDGE_CURVE('',#1098,#973,#564,.T.);
#1446=EDGE_CURVE('',#1125,#1120,#696,.T.);
#1447=EDGE_CURVE('',#1127,#1128,#697,.T.);
#1448=EDGE_CURVE('',#1129,#1128,#565,.T.);
#1449=EDGE_CURVE('',#1129,#1130,#698,.T.);
#1450=EDGE_CURVE('',#1130,#1131,#699,.T.);
#1451=EDGE_CURVE('',#1131,#1132,#700,.T.);
#1452=EDGE_CURVE('',#1133,#1132,#566,.T.);
#1453=EDGE_CURVE('',#1072,#1133,#567,.T.);
#1454=EDGE_CURVE('',#1134,#1071,#568,.T.);
#1455=EDGE_CURVE('',#1135,#1134,#569,.T.);
#1456=EDGE_CURVE('',#1136,#1135,#570,.T.);
#1457=EDGE_CURVE('',#1137,#1136,#571,.T.);
#1458=EDGE_CURVE('',#1138,#1137,#572,.T.);
#1459=EDGE_CURVE('',#1139,#1138,#573,.T.);
#1460=EDGE_CURVE('',#1139,#1140,#701,.T.);
#1461=EDGE_CURVE('',#1140,#1127,#702,.T.);
#1462=EDGE_CURVE('',#1104,#1141,#703,.T.);
#1463=EDGE_CURVE('',#1141,#1121,#704,.T.);
#1464=EDGE_CURVE('',#1119,#1142,#705,.T.);
#1465=EDGE_CURVE('',#1142,#1108,#706,.T.);
#1466=EDGE_CURVE('',#1143,#1143,#935,.T.);
#1467=EDGE_CURVE('',#1144,#1144,#936,.T.);
#1468=EDGE_CURVE('',#1094,#1093,#707,.T.);
#1469=EDGE_CURVE('',#1096,#1095,#574,.T.);
#1470=EDGE_CURVE('',#1145,#1146,#937,.T.);
#1471=EDGE_CURVE('',#1127,#1145,#708,.T.);
#1472=EDGE_CURVE('',#1146,#1140,#709,.T.);
#1473=EDGE_CURVE('',#1128,#1147,#575,.T.);
#1474=EDGE_CURVE('',#1145,#1147,#710,.T.);
#1475=EDGE_CURVE('',#1147,#1148,#576,.T.);
#1476=EDGE_CURVE('',#1148,#1146,#711,.T.);
#1477=EDGE_CURVE('',#1148,#1139,#577,.T.);
#1478=EDGE_CURVE('',#1131,#1149,#712,.T.);
#1479=EDGE_CURVE('',#1150,#1130,#713,.T.);
#1480=EDGE_CURVE('',#1149,#1150,#938,.T.);
#1481=EDGE_CURVE('',#1132,#1151,#578,.T.);
#1482=EDGE_CURVE('',#1151,#1149,#714,.T.);
#1483=EDGE_CURVE('',#1151,#1152,#579,.T.);
#1484=EDGE_CURVE('',#1150,#1152,#715,.T.);
#1485=EDGE_CURVE('',#1152,#1129,#580,.T.);
#1486=EDGE_CURVE('',#970,#1138,#581,.T.);
#1487=EDGE_CURVE('',#969,#1133,#582,.T.);
#1488=EDGE_CURVE('',#1111,#1153,#716,.T.);
#1489=EDGE_CURVE('',#1141,#1153,#717,.T.);
#1490=EDGE_CURVE('',#1153,#978,#718,.T.);
#1491=EDGE_CURVE('',#1154,#1153,#719,.T.);
#1492=EDGE_CURVE('',#1154,#979,#720,.T.);
#1493=EDGE_CURVE('',#1154,#1142,#721,.T.);
#1494=EDGE_CURVE('',#1155,#1116,#722,.T.);
#1495=EDGE_CURVE('',#1114,#1156,#723,.T.);
#1496=EDGE_CURVE('',#1155,#1156,#724,.T.);
#1497=EDGE_CURVE('',#1157,#1115,#725,.F.);
#1498=EDGE_CURVE('',#1156,#1157,#726,.F.);
#1499=EDGE_CURVE('',#1158,#1157,#727,.T.);
#1500=EDGE_CURVE('',#1155,#1158,#728,.T.);
#1501=EDGE_CURVE('',#1117,#1158,#729,.F.);
#1502=EDGE_CURVE('',#959,#1111,#730,.T.);
#1503=EDGE_CURVE('',#1118,#1159,#731,.T.);
#1504=EDGE_CURVE('',#1159,#1113,#732,.T.);
#1505=EDGE_CURVE('',#953,#1159,#733,.T.);
#1506=EDGE_CURVE('',#1154,#1118,#734,.T.);
#1507=EDGE_CURVE('',#1010,#1160,#583,.T.);
#1508=EDGE_CURVE('',#1160,#1161,#584,.T.);
#1509=EDGE_CURVE('',#1161,#1014,#585,.F.);
#1510=EDGE_CURVE('',#1162,#1163,#586,.T.);
#1511=EDGE_CURVE('',#1163,#1160,#587,.T.);
#1512=EDGE_CURVE('',#1083,#1162,#588,.T.);
#1513=EDGE_CURVE('',#1016,#1164,#589,.F.);
#1514=EDGE_CURVE('',#1164,#982,#590,.T.);
#1515=EDGE_CURVE('',#1162,#1165,#735,.T.);
#1516=EDGE_CURVE('',#964,#1165,#83,.T.);
#1517=EDGE_CURVE('',#971,#1166,#84,.T.);
#1518=EDGE_CURVE('',#1166,#1163,#736,.T.);
#1519=EDGE_CURVE('',#1167,#1164,#591,.T.);
#1520=EDGE_CURVE('',#1168,#1167,#592,.T.);
#1521=EDGE_CURVE('',#1161,#1168,#593,.T.);
#1522=EDGE_CURVE('',#1166,#1137,#594,.T.);
#1523=EDGE_CURVE('',#1165,#1136,#595,.T.);
#1524=EDGE_CURVE('',#1080,#1047,#596,.F.);
#1525=EDGE_CURVE('',#1052,#1075,#597,.T.);
#1526=EDGE_CURVE('',#1074,#1069,#598,.T.);
#1527=EDGE_CURVE('',#1048,#1076,#599,.F.);
#1528=EDGE_CURVE('',#968,#1073,#85,.T.);
#1529=EDGE_CURVE('',#967,#1070,#86,.T.);
#1530=EDGE_CURVE('',#1169,#1169,#939,.T.);
#1531=EDGE_CURVE('',#1169,#1015,#737,.T.);
#1532=EDGE_CURVE('',#1143,#1169,#738,.T.);
#1533=EDGE_CURVE('',#1170,#1170,#940,.T.);
#1534=EDGE_CURVE('',#1170,#1078,#739,.T.);
#1535=EDGE_CURVE('',#1144,#1170,#740,.T.);
#1536=EDGE_CURVE('',#1165,#965,#741,.T.);
#1537=EDGE_CURVE('',#970,#1166,#742,.T.);
#1538=EDGE_CURVE('',#1073,#969,#743,.T.);
#1539=EDGE_CURVE('',#966,#1070,#744,.T.);
#1540=EDGE_CURVE('',#965,#1135,#600,.T.);
#1541=EDGE_CURVE('',#966,#1134,#601,.T.);
#1542=ORIENTED_EDGE('',*,*,#1171,.T.);
#1543=ORIENTED_EDGE('',*,*,#1172,.T.);
#1544=ORIENTED_EDGE('',*,*,#1173,.T.);
#1545=ORIENTED_EDGE('',*,*,#1174,.T.);
#1546=ORIENTED_EDGE('',*,*,#1175,.T.);
#1547=ORIENTED_EDGE('',*,*,#1176,.T.);
#1548=ORIENTED_EDGE('',*,*,#1177,.T.);
#1549=ORIENTED_EDGE('',*,*,#1178,.T.);
#1550=ORIENTED_EDGE('',*,*,#1179,.T.);
#1551=ORIENTED_EDGE('',*,*,#1180,.T.);
#1552=ORIENTED_EDGE('',*,*,#1178,.F.);
#1553=ORIENTED_EDGE('',*,*,#1181,.T.);
#1554=ORIENTED_EDGE('',*,*,#1182,.T.);
#1555=ORIENTED_EDGE('',*,*,#1183,.T.);
#1556=ORIENTED_EDGE('',*,*,#1184,.T.);
#1557=ORIENTED_EDGE('',*,*,#1185,.T.);
#1558=ORIENTED_EDGE('',*,*,#1176,.F.);
#1559=ORIENTED_EDGE('',*,*,#1186,.T.);
#1560=ORIENTED_EDGE('',*,*,#1187,.F.);
#1561=ORIENTED_EDGE('',*,*,#1182,.F.);
#1562=ORIENTED_EDGE('',*,*,#1188,.T.);
#1563=ORIENTED_EDGE('',*,*,#1175,.F.);
#1564=ORIENTED_EDGE('',*,*,#1172,.F.);
#1565=ORIENTED_EDGE('',*,*,#1189,.T.);
#1566=ORIENTED_EDGE('',*,*,#1190,.T.);
#1567=ORIENTED_EDGE('',*,*,#1191,.T.);
#1568=ORIENTED_EDGE('',*,*,#1192,.T.);
#1569=ORIENTED_EDGE('',*,*,#1193,.T.);
#1570=ORIENTED_EDGE('',*,*,#1190,.F.);
#1571=ORIENTED_EDGE('',*,*,#1194,.T.);
#1572=ORIENTED_EDGE('',*,*,#1173,.F.);
#1573=ORIENTED_EDGE('',*,*,#1191,.F.);
#1574=ORIENTED_EDGE('',*,*,#1193,.F.);
#1575=ORIENTED_EDGE('',*,*,#1195,.F.);
#1576=ORIENTED_EDGE('',*,*,#1196,.F.);
#1577=ORIENTED_EDGE('',*,*,#1197,.F.);
#1578=ORIENTED_EDGE('',*,*,#1189,.F.);
#1579=ORIENTED_EDGE('',*,*,#1198,.F.);
#1580=ORIENTED_EDGE('',*,*,#1199,.F.);
#1581=ORIENTED_EDGE('',*,*,#1200,.F.);
#1582=ORIENTED_EDGE('',*,*,#1171,.F.);
#1583=ORIENTED_EDGE('',*,*,#1188,.F.);
#1584=ORIENTED_EDGE('',*,*,#1181,.F.);
#1585=ORIENTED_EDGE('',*,*,#1201,.T.);
#1586=ORIENTED_EDGE('',*,*,#1202,.T.);
#1587=ORIENTED_EDGE('',*,*,#1203,.T.);
#1588=ORIENTED_EDGE('',*,*,#1204,.T.);
#1589=ORIENTED_EDGE('',*,*,#1205,.T.);
#1590=ORIENTED_EDGE('',*,*,#1206,.T.);
#1591=ORIENTED_EDGE('',*,*,#1198,.T.);
#1592=ORIENTED_EDGE('',*,*,#1207,.T.);
#1593=ORIENTED_EDGE('',*,*,#1194,.F.);
#1594=ORIENTED_EDGE('',*,*,#1200,.T.);
#1595=ORIENTED_EDGE('',*,*,#1208,.T.);
#1596=ORIENTED_EDGE('',*,*,#1209,.T.);
#1597=ORIENTED_EDGE('',*,*,#1210,.T.);
#1598=ORIENTED_EDGE('',*,*,#1211,.T.);
#1599=ORIENTED_EDGE('',*,*,#1212,.T.);
#1600=ORIENTED_EDGE('',*,*,#1213,.T.);
#1601=ORIENTED_EDGE('',*,*,#1185,.F.);
#1602=ORIENTED_EDGE('',*,*,#1177,.F.);
#1603=ORIENTED_EDGE('',*,*,#1213,.F.);
#1604=ORIENTED_EDGE('',*,*,#1214,.F.);
#1605=ORIENTED_EDGE('',*,*,#1201,.F.);
#1606=ORIENTED_EDGE('',*,*,#1215,.F.);
#1607=ORIENTED_EDGE('',*,*,#1216,.T.);
#1608=ORIENTED_EDGE('',*,*,#1217,.T.);
#1609=ORIENTED_EDGE('',*,*,#1218,.T.);
#1610=ORIENTED_EDGE('',*,*,#1218,.F.);
#1611=ORIENTED_EDGE('',*,*,#1219,.T.);
#1612=ORIENTED_EDGE('',*,*,#1220,.T.);
#1613=ORIENTED_EDGE('',*,*,#1221,.F.);
#1614=ORIENTED_EDGE('',*,*,#1222,.T.);
#1615=ORIENTED_EDGE('',*,*,#1223,.T.);
#1616=ORIENTED_EDGE('',*,*,#1224,.T.);
#1617=ORIENTED_EDGE('',*,*,#1225,.T.);
#1618=ORIENTED_EDGE('',*,*,#1226,.T.);
#1619=ORIENTED_EDGE('',*,*,#1227,.T.);
#1620=ORIENTED_EDGE('',*,*,#1228,.T.);
#1621=ORIENTED_EDGE('',*,*,#1229,.T.);
#1622=ORIENTED_EDGE('',*,*,#1224,.F.);
#1623=ORIENTED_EDGE('',*,*,#1230,.T.);
#1624=ORIENTED_EDGE('',*,*,#1231,.T.);
#1625=ORIENTED_EDGE('',*,*,#1232,.T.);
#1626=ORIENTED_EDGE('',*,*,#1228,.F.);
#1627=ORIENTED_EDGE('',*,*,#1233,.T.);
#1628=ORIENTED_EDGE('',*,*,#1234,.T.);
#1629=ORIENTED_EDGE('',*,*,#1235,.T.);
#1630=ORIENTED_EDGE('',*,*,#1236,.T.);
#1631=ORIENTED_EDGE('',*,*,#1237,.T.);
#1632=ORIENTED_EDGE('',*,*,#1234,.F.);
#1633=ORIENTED_EDGE('',*,*,#1238,.T.);
#1634=ORIENTED_EDGE('',*,*,#1239,.T.);
#1635=ORIENTED_EDGE('',*,*,#1240,.T.);
#1636=ORIENTED_EDGE('',*,*,#1236,.F.);
#1637=ORIENTED_EDGE('',*,*,#1241,.T.);
#1638=ORIENTED_EDGE('',*,*,#1242,.T.);
#1639=ORIENTED_EDGE('',*,*,#1243,.T.);
#1640=ORIENTED_EDGE('',*,*,#1244,.T.);
#1641=ORIENTED_EDGE('',*,*,#1245,.T.);
#1642=ORIENTED_EDGE('',*,*,#1242,.F.);
#1643=ORIENTED_EDGE('',*,*,#1246,.T.);
#1644=ORIENTED_EDGE('',*,*,#1247,.T.);
#1645=ORIENTED_EDGE('',*,*,#1248,.T.);
#1646=ORIENTED_EDGE('',*,*,#1244,.F.);
#1647=ORIENTED_EDGE('',*,*,#1249,.T.);
#1648=ORIENTED_EDGE('',*,*,#1226,.F.);
#1649=ORIENTED_EDGE('',*,*,#1250,.T.);
#1650=ORIENTED_EDGE('',*,*,#1247,.F.);
#1651=ORIENTED_EDGE('',*,*,#1251,.T.);
#1652=ORIENTED_EDGE('',*,*,#1238,.F.);
#1653=ORIENTED_EDGE('',*,*,#1252,.F.);
#1654=ORIENTED_EDGE('',*,*,#1253,.F.);
#1655=ORIENTED_EDGE('',*,*,#1254,.T.);
#1656=ORIENTED_EDGE('',*,*,#1233,.F.);
#1657=ORIENTED_EDGE('',*,*,#1230,.F.);
#1658=ORIENTED_EDGE('',*,*,#1227,.F.);
#1659=ORIENTED_EDGE('',*,*,#1255,.F.);
#1660=ORIENTED_EDGE('',*,*,#1256,.F.);
#1661=ORIENTED_EDGE('',*,*,#1252,.T.);
#1662=ORIENTED_EDGE('',*,*,#1231,.F.);
#1663=ORIENTED_EDGE('',*,*,#1257,.T.);
#1664=ORIENTED_EDGE('',*,*,#1258,.T.);
#1665=ORIENTED_EDGE('',*,*,#1259,.T.);
#1666=ORIENTED_EDGE('',*,*,#1260,.T.);
#1667=ORIENTED_EDGE('',*,*,#1261,.T.);
#1668=ORIENTED_EDGE('',*,*,#1235,.F.);
#1669=ORIENTED_EDGE('',*,*,#1237,.F.);
#1670=ORIENTED_EDGE('',*,*,#1240,.F.);
#1671=ORIENTED_EDGE('',*,*,#1262,.F.);
#1672=ORIENTED_EDGE('',*,*,#1263,.F.);
#1673=ORIENTED_EDGE('',*,*,#1257,.F.);
#1674=ORIENTED_EDGE('',*,*,#1243,.F.);
#1675=ORIENTED_EDGE('',*,*,#1264,.F.);
#1676=ORIENTED_EDGE('',*,*,#1265,.F.);
#1677=ORIENTED_EDGE('',*,*,#1266,.F.);
#1678=ORIENTED_EDGE('',*,*,#1267,.F.);
#1679=ORIENTED_EDGE('',*,*,#1268,.F.);
#1680=ORIENTED_EDGE('',*,*,#1232,.F.);
#1681=ORIENTED_EDGE('',*,*,#1261,.F.);
#1682=ORIENTED_EDGE('',*,*,#1269,.F.);
#1683=ORIENTED_EDGE('',*,*,#1270,.F.);
#1684=ORIENTED_EDGE('',*,*,#1271,.F.);
#1685=ORIENTED_EDGE('',*,*,#1272,.F.);
#1686=ORIENTED_EDGE('',*,*,#1273,.F.);
#1687=ORIENTED_EDGE('',*,*,#1239,.F.);
#1688=ORIENTED_EDGE('',*,*,#1268,.T.);
#1689=ORIENTED_EDGE('',*,*,#1274,.F.);
#1690=ORIENTED_EDGE('',*,*,#1275,.T.);
#1691=ORIENTED_EDGE('',*,*,#1276,.T.);
#1692=ORIENTED_EDGE('',*,*,#1262,.T.);
#1693=ORIENTED_EDGE('',*,*,#1277,.T.);
#1694=ORIENTED_EDGE('',*,*,#1278,.T.);
#1695=ORIENTED_EDGE('',*,*,#1279,.T.);
#1696=ORIENTED_EDGE('',*,*,#1280,.T.);
#1697=ORIENTED_EDGE('',*,*,#1281,.T.);
#1698=ORIENTED_EDGE('',*,*,#1282,.T.);
#1699=ORIENTED_EDGE('',*,*,#1277,.F.);
#1700=ORIENTED_EDGE('',*,*,#1283,.T.);
#1701=ORIENTED_EDGE('',*,*,#1284,.T.);
#1702=ORIENTED_EDGE('',*,*,#1285,.T.);
#1703=ORIENTED_EDGE('',*,*,#1286,.T.);
#1704=ORIENTED_EDGE('',*,*,#1287,.T.);
#1705=ORIENTED_EDGE('',*,*,#1284,.F.);
#1706=ORIENTED_EDGE('',*,*,#1288,.T.);
#1707=ORIENTED_EDGE('',*,*,#1289,.T.);
#1708=ORIENTED_EDGE('',*,*,#1290,.T.);
#1709=ORIENTED_EDGE('',*,*,#1286,.F.);
#1710=ORIENTED_EDGE('',*,*,#1291,.T.);
#1711=ORIENTED_EDGE('',*,*,#1292,.T.);
#1712=ORIENTED_EDGE('',*,*,#1293,.T.);
#1713=ORIENTED_EDGE('',*,*,#1294,.T.);
#1714=ORIENTED_EDGE('',*,*,#1295,.T.);
#1715=ORIENTED_EDGE('',*,*,#1292,.F.);
#1716=ORIENTED_EDGE('',*,*,#1296,.T.);
#1717=ORIENTED_EDGE('',*,*,#1297,.T.);
#1718=ORIENTED_EDGE('',*,*,#1298,.T.);
#1719=ORIENTED_EDGE('',*,*,#1294,.F.);
#1720=ORIENTED_EDGE('',*,*,#1299,.T.);
#1721=ORIENTED_EDGE('',*,*,#1300,.T.);
#1722=ORIENTED_EDGE('',*,*,#1301,.T.);
#1723=ORIENTED_EDGE('',*,*,#1297,.F.);
#1724=ORIENTED_EDGE('',*,*,#1302,.T.);
#1725=ORIENTED_EDGE('',*,*,#1279,.F.);
#1726=ORIENTED_EDGE('',*,*,#1303,.T.);
#1727=ORIENTED_EDGE('',*,*,#1300,.F.);
#1728=ORIENTED_EDGE('',*,*,#1304,.T.);
#1729=ORIENTED_EDGE('',*,*,#1288,.F.);
#1730=ORIENTED_EDGE('',*,*,#1305,.F.);
#1731=ORIENTED_EDGE('',*,*,#1306,.F.);
#1732=ORIENTED_EDGE('',*,*,#1307,.T.);
#1733=ORIENTED_EDGE('',*,*,#1283,.F.);
#1734=ORIENTED_EDGE('',*,*,#1280,.F.);
#1735=ORIENTED_EDGE('',*,*,#1304,.F.);
#1736=ORIENTED_EDGE('',*,*,#1308,.F.);
#1737=ORIENTED_EDGE('',*,*,#1309,.F.);
#1738=ORIENTED_EDGE('',*,*,#1305,.T.);
#1739=ORIENTED_EDGE('',*,*,#1281,.F.);
#1740=ORIENTED_EDGE('',*,*,#1310,.T.);
#1741=ORIENTED_EDGE('',*,*,#1311,.T.);
#1742=ORIENTED_EDGE('',*,*,#1312,.T.);
#1743=ORIENTED_EDGE('',*,*,#1313,.T.);
#1744=ORIENTED_EDGE('',*,*,#1314,.T.);
#1745=ORIENTED_EDGE('',*,*,#1285,.F.);
#1746=ORIENTED_EDGE('',*,*,#1287,.F.);
#1747=ORIENTED_EDGE('',*,*,#1290,.F.);
#1748=ORIENTED_EDGE('',*,*,#1315,.F.);
#1749=ORIENTED_EDGE('',*,*,#1316,.F.);
#1750=ORIENTED_EDGE('',*,*,#1310,.F.);
#1751=ORIENTED_EDGE('',*,*,#1293,.F.);
#1752=ORIENTED_EDGE('',*,*,#1317,.F.);
#1753=ORIENTED_EDGE('',*,*,#1318,.F.);
#1754=ORIENTED_EDGE('',*,*,#1319,.F.);
#1755=ORIENTED_EDGE('',*,*,#1320,.F.);
#1756=ORIENTED_EDGE('',*,*,#1321,.F.);
#1757=ORIENTED_EDGE('',*,*,#1282,.F.);
#1758=ORIENTED_EDGE('',*,*,#1314,.F.);
#1759=ORIENTED_EDGE('',*,*,#1322,.F.);
#1760=ORIENTED_EDGE('',*,*,#1323,.F.);
#1761=ORIENTED_EDGE('',*,*,#1324,.F.);
#1762=ORIENTED_EDGE('',*,*,#1325,.F.);
#1763=ORIENTED_EDGE('',*,*,#1289,.F.);
#1764=ORIENTED_EDGE('',*,*,#1321,.T.);
#1765=ORIENTED_EDGE('',*,*,#1326,.F.);
#1766=ORIENTED_EDGE('',*,*,#1327,.T.);
#1767=ORIENTED_EDGE('',*,*,#1328,.T.);
#1768=ORIENTED_EDGE('',*,*,#1315,.T.);
#1769=ORIENTED_EDGE('',*,*,#1329,.T.);
#1770=ORIENTED_EDGE('',*,*,#1269,.T.);
#1771=ORIENTED_EDGE('',*,*,#1260,.F.);
#1772=ORIENTED_EDGE('',*,*,#1330,.T.);
#1773=ORIENTED_EDGE('',*,*,#1331,.T.);
#1774=ORIENTED_EDGE('',*,*,#1332,.T.);
#1775=ORIENTED_EDGE('',*,*,#1329,.F.);
#1776=ORIENTED_EDGE('',*,*,#1333,.T.);
#1777=ORIENTED_EDGE('',*,*,#1274,.T.);
#1778=ORIENTED_EDGE('',*,*,#1267,.T.);
#1779=ORIENTED_EDGE('',*,*,#1331,.F.);
#1780=ORIENTED_EDGE('',*,*,#1334,.T.);
#1781=ORIENTED_EDGE('',*,*,#1258,.F.);
#1782=ORIENTED_EDGE('',*,*,#1263,.T.);
#1783=ORIENTED_EDGE('',*,*,#1276,.F.);
#1784=ORIENTED_EDGE('',*,*,#1335,.T.);
#1785=ORIENTED_EDGE('',*,*,#1334,.F.);
#1786=ORIENTED_EDGE('',*,*,#1333,.F.);
#1787=ORIENTED_EDGE('',*,*,#1330,.F.);
#1788=ORIENTED_EDGE('',*,*,#1336,.F.);
#1789=ORIENTED_EDGE('',*,*,#1337,.F.);
#1790=ORIENTED_EDGE('',*,*,#1338,.T.);
#1791=ORIENTED_EDGE('',*,*,#1259,.F.);
#1792=ORIENTED_EDGE('',*,*,#1339,.F.);
#1793=ORIENTED_EDGE('',*,*,#1340,.F.);
#1794=ORIENTED_EDGE('',*,*,#1336,.T.);
#1795=ORIENTED_EDGE('',*,*,#1341,.T.);
#1796=ORIENTED_EDGE('',*,*,#1322,.T.);
#1797=ORIENTED_EDGE('',*,*,#1313,.F.);
#1798=ORIENTED_EDGE('',*,*,#1342,.T.);
#1799=ORIENTED_EDGE('',*,*,#1343,.T.);
#1800=ORIENTED_EDGE('',*,*,#1344,.T.);
#1801=ORIENTED_EDGE('',*,*,#1341,.F.);
#1802=ORIENTED_EDGE('',*,*,#1345,.T.);
#1803=ORIENTED_EDGE('',*,*,#1326,.T.);
#1804=ORIENTED_EDGE('',*,*,#1320,.T.);
#1805=ORIENTED_EDGE('',*,*,#1343,.F.);
#1806=ORIENTED_EDGE('',*,*,#1346,.T.);
#1807=ORIENTED_EDGE('',*,*,#1311,.F.);
#1808=ORIENTED_EDGE('',*,*,#1316,.T.);
#1809=ORIENTED_EDGE('',*,*,#1328,.F.);
#1810=ORIENTED_EDGE('',*,*,#1347,.T.);
#1811=ORIENTED_EDGE('',*,*,#1346,.F.);
#1812=ORIENTED_EDGE('',*,*,#1345,.F.);
#1813=ORIENTED_EDGE('',*,*,#1342,.F.);
#1814=ORIENTED_EDGE('',*,*,#1348,.F.);
#1815=ORIENTED_EDGE('',*,*,#1349,.F.);
#1816=ORIENTED_EDGE('',*,*,#1350,.T.);
#1817=ORIENTED_EDGE('',*,*,#1312,.F.);
#1818=ORIENTED_EDGE('',*,*,#1351,.F.);
#1819=ORIENTED_EDGE('',*,*,#1352,.F.);
#1820=ORIENTED_EDGE('',*,*,#1348,.T.);
#1821=ORIENTED_EDGE('',*,*,#1327,.F.);
#1822=ORIENTED_EDGE('',*,*,#1350,.F.);
#1823=ORIENTED_EDGE('',*,*,#1353,.F.);
#1824=ORIENTED_EDGE('',*,*,#1354,.T.);
#1825=ORIENTED_EDGE('',*,*,#1347,.F.);
#1826=ORIENTED_EDGE('',*,*,#1354,.F.);
#1827=ORIENTED_EDGE('',*,*,#1355,.F.);
#1828=ORIENTED_EDGE('',*,*,#1351,.T.);
#1829=ORIENTED_EDGE('',*,*,#1302,.F.);
#1830=ORIENTED_EDGE('',*,*,#1356,.F.);
#1831=ORIENTED_EDGE('',*,*,#1357,.F.);
#1832=ORIENTED_EDGE('',*,*,#1308,.T.);
#1833=ORIENTED_EDGE('',*,*,#1291,.F.);
#1834=ORIENTED_EDGE('',*,*,#1307,.F.);
#1835=ORIENTED_EDGE('',*,*,#1358,.F.);
#1836=ORIENTED_EDGE('',*,*,#1356,.T.);
#1837=ORIENTED_EDGE('',*,*,#1299,.F.);
#1838=ORIENTED_EDGE('',*,*,#1296,.F.);
#1839=ORIENTED_EDGE('',*,*,#1303,.F.);
#1840=ORIENTED_EDGE('',*,*,#1359,.F.);
#1841=ORIENTED_EDGE('',*,*,#1360,.F.);
#1842=ORIENTED_EDGE('',*,*,#1361,.F.);
#1843=ORIENTED_EDGE('',*,*,#1362,.T.);
#1844=ORIENTED_EDGE('',*,*,#1363,.T.);
#1845=ORIENTED_EDGE('',*,*,#1364,.F.);
#1846=ORIENTED_EDGE('',*,*,#1365,.F.);
#1847=ORIENTED_EDGE('',*,*,#1366,.F.);
#1848=ORIENTED_EDGE('',*,*,#1367,.F.);
#1849=ORIENTED_EDGE('',*,*,#1368,.F.);
#1850=ORIENTED_EDGE('',*,*,#1369,.F.);
#1851=ORIENTED_EDGE('',*,*,#1370,.F.);
#1852=ORIENTED_EDGE('',*,*,#1371,.F.);
#1853=ORIENTED_EDGE('',*,*,#1372,.F.);
#1854=ORIENTED_EDGE('',*,*,#1298,.F.);
#1855=ORIENTED_EDGE('',*,*,#1301,.F.);
#1856=ORIENTED_EDGE('',*,*,#1278,.F.);
#1857=ORIENTED_EDGE('',*,*,#1325,.T.);
#1858=ORIENTED_EDGE('',*,*,#1373,.T.);
#1859=ORIENTED_EDGE('',*,*,#1359,.T.);
#1860=ORIENTED_EDGE('',*,*,#1335,.F.);
#1861=ORIENTED_EDGE('',*,*,#1374,.F.);
#1862=ORIENTED_EDGE('',*,*,#1375,.F.);
#1863=ORIENTED_EDGE('',*,*,#1339,.T.);
#1864=ORIENTED_EDGE('',*,*,#1275,.F.);
#1865=ORIENTED_EDGE('',*,*,#1338,.F.);
#1866=ORIENTED_EDGE('',*,*,#1376,.F.);
#1867=ORIENTED_EDGE('',*,*,#1374,.T.);
#1868=ORIENTED_EDGE('',*,*,#1241,.F.);
#1869=ORIENTED_EDGE('',*,*,#1254,.F.);
#1870=ORIENTED_EDGE('',*,*,#1377,.F.);
#1871=ORIENTED_EDGE('',*,*,#1378,.T.);
#1872=ORIENTED_EDGE('',*,*,#1249,.F.);
#1873=ORIENTED_EDGE('',*,*,#1246,.F.);
#1874=ORIENTED_EDGE('',*,*,#1251,.F.);
#1875=ORIENTED_EDGE('',*,*,#1378,.F.);
#1876=ORIENTED_EDGE('',*,*,#1379,.F.);
#1877=ORIENTED_EDGE('',*,*,#1255,.T.);
#1878=ORIENTED_EDGE('',*,*,#1245,.F.);
#1879=ORIENTED_EDGE('',*,*,#1380,.T.);
#1880=ORIENTED_EDGE('',*,*,#1381,.F.);
#1881=ORIENTED_EDGE('',*,*,#1264,.T.);
#1882=ORIENTED_EDGE('',*,*,#1382,.F.);
#1883=ORIENTED_EDGE('',*,*,#1383,.F.);
#1884=ORIENTED_EDGE('',*,*,#1384,.F.);
#1885=ORIENTED_EDGE('',*,*,#1385,.F.);
#1886=ORIENTED_EDGE('',*,*,#1386,.F.);
#1887=ORIENTED_EDGE('',*,*,#1387,.F.);
#1888=ORIENTED_EDGE('',*,*,#1386,.T.);
#1889=ORIENTED_EDGE('',*,*,#1388,.T.);
#1890=ORIENTED_EDGE('',*,*,#1383,.T.);
#1891=ORIENTED_EDGE('',*,*,#1389,.T.);
#1892=ORIENTED_EDGE('',*,*,#1390,.T.);
#1893=ORIENTED_EDGE('',*,*,#1391,.T.);
#1894=ORIENTED_EDGE('',*,*,#1387,.T.);
#1895=ORIENTED_EDGE('',*,*,#1392,.T.);
#1896=ORIENTED_EDGE('',*,*,#1393,.T.);
#1897=ORIENTED_EDGE('',*,*,#1394,.T.);
#1898=ORIENTED_EDGE('',*,*,#1385,.T.);
#1899=ORIENTED_EDGE('',*,*,#1395,.T.);
#1900=ORIENTED_EDGE('',*,*,#1396,.T.);
#1901=ORIENTED_EDGE('',*,*,#1397,.T.);
#1902=ORIENTED_EDGE('',*,*,#1384,.T.);
#1903=ORIENTED_EDGE('',*,*,#1398,.T.);
#1904=ORIENTED_EDGE('',*,*,#1399,.T.);
#1905=ORIENTED_EDGE('',*,*,#1400,.T.);
#1906=ORIENTED_EDGE('',*,*,#1382,.T.);
#1907=ORIENTED_EDGE('',*,*,#1401,.T.);
#1908=ORIENTED_EDGE('',*,*,#1395,.F.);
#1909=ORIENTED_EDGE('',*,*,#1391,.F.);
#1910=ORIENTED_EDGE('',*,*,#1402,.F.);
#1911=ORIENTED_EDGE('',*,*,#1392,.F.);
#1912=ORIENTED_EDGE('',*,*,#1389,.F.);
#1913=ORIENTED_EDGE('',*,*,#1400,.F.);
#1914=ORIENTED_EDGE('',*,*,#1403,.F.);
#1915=ORIENTED_EDGE('',*,*,#1404,.T.);
#1916=ORIENTED_EDGE('',*,*,#1405,.T.);
#1917=ORIENTED_EDGE('',*,*,#1406,.T.);
#1918=ORIENTED_EDGE('',*,*,#1407,.F.);
#1919=ORIENTED_EDGE('',*,*,#1408,.T.);
#1920=ORIENTED_EDGE('',*,*,#1409,.T.);
#1921=ORIENTED_EDGE('',*,*,#1410,.T.);
#1922=ORIENTED_EDGE('',*,*,#1411,.T.);
#1923=ORIENTED_EDGE('',*,*,#1412,.T.);
#1924=ORIENTED_EDGE('',*,*,#1413,.T.);
#1925=ORIENTED_EDGE('',*,*,#1414,.T.);
#1926=ORIENTED_EDGE('',*,*,#1411,.F.);
#1927=ORIENTED_EDGE('',*,*,#1415,.T.);
#1928=ORIENTED_EDGE('',*,*,#1416,.T.);
#1929=ORIENTED_EDGE('',*,*,#1417,.T.);
#1930=ORIENTED_EDGE('',*,*,#1413,.F.);
#1931=ORIENTED_EDGE('',*,*,#1408,.F.);
#1932=ORIENTED_EDGE('',*,*,#1418,.F.);
#1933=ORIENTED_EDGE('',*,*,#1419,.T.);
#1934=ORIENTED_EDGE('',*,*,#1420,.T.);
#1935=ORIENTED_EDGE('',*,*,#1352,.T.);
#1936=ORIENTED_EDGE('',*,*,#1355,.T.);
#1937=ORIENTED_EDGE('',*,*,#1353,.T.);
#1938=ORIENTED_EDGE('',*,*,#1349,.T.);
#1939=ORIENTED_EDGE('',*,*,#1358,.T.);
#1940=ORIENTED_EDGE('',*,*,#1306,.T.);
#1941=ORIENTED_EDGE('',*,*,#1309,.T.);
#1942=ORIENTED_EDGE('',*,*,#1357,.T.);
#1943=ORIENTED_EDGE('',*,*,#1187,.T.);
#1944=ORIENTED_EDGE('',*,*,#1174,.F.);
#1945=ORIENTED_EDGE('',*,*,#1197,.T.);
#1946=ORIENTED_EDGE('',*,*,#1421,.F.);
#1947=ORIENTED_EDGE('',*,*,#1418,.T.);
#1948=ORIENTED_EDGE('',*,*,#1414,.F.);
#1949=ORIENTED_EDGE('',*,*,#1422,.F.);
#1950=ORIENTED_EDGE('',*,*,#1423,.F.);
#1951=ORIENTED_EDGE('',*,*,#1424,.T.);
#1952=ORIENTED_EDGE('',*,*,#1183,.F.);
#1953=ORIENTED_EDGE('',*,*,#1425,.F.);
#1954=ORIENTED_EDGE('',*,*,#1426,.F.);
#1955=ORIENTED_EDGE('',*,*,#1427,.F.);
#1956=ORIENTED_EDGE('',*,*,#1428,.F.);
#1957=ORIENTED_EDGE('',*,*,#1417,.F.);
#1958=ORIENTED_EDGE('',*,*,#1429,.F.);
#1959=ORIENTED_EDGE('',*,*,#1430,.T.);
#1960=ORIENTED_EDGE('',*,*,#1422,.T.);
#1961=ORIENTED_EDGE('',*,*,#1376,.T.);
#1962=ORIENTED_EDGE('',*,*,#1337,.T.);
#1963=ORIENTED_EDGE('',*,*,#1340,.T.);
#1964=ORIENTED_EDGE('',*,*,#1375,.T.);
#1965=ORIENTED_EDGE('',*,*,#1256,.T.);
#1966=ORIENTED_EDGE('',*,*,#1379,.T.);
#1967=ORIENTED_EDGE('',*,*,#1377,.T.);
#1968=ORIENTED_EDGE('',*,*,#1253,.T.);
#1969=ORIENTED_EDGE('',*,*,#1431,.T.);
#1970=ORIENTED_EDGE('',*,*,#1432,.F.);
#1971=ORIENTED_EDGE('',*,*,#1433,.T.);
#1972=ORIENTED_EDGE('',*,*,#1222,.F.);
#1973=ORIENTED_EDGE('',*,*,#1434,.F.);
#1974=ORIENTED_EDGE('',*,*,#1220,.F.);
#1975=ORIENTED_EDGE('',*,*,#1435,.T.);
#1976=ORIENTED_EDGE('',*,*,#1436,.F.);
#1977=ORIENTED_EDGE('',*,*,#1437,.F.);
#1978=ORIENTED_EDGE('',*,*,#1438,.F.);
#1979=ORIENTED_EDGE('',*,*,#1439,.F.);
#1980=ORIENTED_EDGE('',*,*,#1435,.F.);
#1981=ORIENTED_EDGE('',*,*,#1219,.F.);
#1982=ORIENTED_EDGE('',*,*,#1217,.F.);
#1983=ORIENTED_EDGE('',*,*,#1440,.T.);
#1984=ORIENTED_EDGE('',*,*,#1406,.F.);
#1985=ORIENTED_EDGE('',*,*,#1441,.F.);
#1986=ORIENTED_EDGE('',*,*,#1438,.T.);
#1987=ORIENTED_EDGE('',*,*,#1442,.T.);
#1988=ORIENTED_EDGE('',*,*,#1443,.T.);
#1989=ORIENTED_EDGE('',*,*,#1442,.F.);
#1990=ORIENTED_EDGE('',*,*,#1437,.T.);
#1991=ORIENTED_EDGE('',*,*,#1405,.F.);
#1992=ORIENTED_EDGE('',*,*,#1444,.T.);
#1993=ORIENTED_EDGE('',*,*,#1444,.F.);
#1994=ORIENTED_EDGE('',*,*,#1404,.F.);
#1995=ORIENTED_EDGE('',*,*,#1445,.T.);
#1996=ORIENTED_EDGE('',*,*,#1215,.T.);
#1997=ORIENTED_EDGE('',*,*,#1223,.F.);
#1998=ORIENTED_EDGE('',*,*,#1433,.F.);
#1999=ORIENTED_EDGE('',*,*,#1446,.F.);
#2000=ORIENTED_EDGE('',*,*,#1443,.F.);
#2001=ORIENTED_EDGE('',*,*,#1447,.T.);
#2002=ORIENTED_EDGE('',*,*,#1448,.F.);
#2003=ORIENTED_EDGE('',*,*,#1449,.T.);
#2004=ORIENTED_EDGE('',*,*,#1450,.T.);
#2005=ORIENTED_EDGE('',*,*,#1451,.T.);
#2006=ORIENTED_EDGE('',*,*,#1452,.F.);
#2007=ORIENTED_EDGE('',*,*,#1453,.F.);
#2008=ORIENTED_EDGE('',*,*,#1363,.F.);
#2009=ORIENTED_EDGE('',*,*,#1454,.F.);
#2010=ORIENTED_EDGE('',*,*,#1455,.F.);
#2011=ORIENTED_EDGE('',*,*,#1456,.F.);
#2012=ORIENTED_EDGE('',*,*,#1457,.F.);
#2013=ORIENTED_EDGE('',*,*,#1458,.F.);
#2014=ORIENTED_EDGE('',*,*,#1459,.F.);
#2015=ORIENTED_EDGE('',*,*,#1460,.T.);
#2016=ORIENTED_EDGE('',*,*,#1461,.T.);
#2017=ORIENTED_EDGE('',*,*,#1462,.T.);
#2018=ORIENTED_EDGE('',*,*,#1463,.T.);
#2019=ORIENTED_EDGE('',*,*,#1436,.T.);
#2020=ORIENTED_EDGE('',*,*,#1439,.T.);
#2021=ORIENTED_EDGE('',*,*,#1441,.T.);
#2022=ORIENTED_EDGE('',*,*,#1446,.T.);
#2023=ORIENTED_EDGE('',*,*,#1432,.T.);
#2024=ORIENTED_EDGE('',*,*,#1464,.T.);
#2025=ORIENTED_EDGE('',*,*,#1465,.T.);
#2026=ORIENTED_EDGE('',*,*,#1415,.F.);
#2027=ORIENTED_EDGE('',*,*,#1412,.F.);
#2028=ORIENTED_EDGE('',*,*,#1410,.F.);
#2029=ORIENTED_EDGE('',*,*,#1466,.T.);
#2030=ORIENTED_EDGE('',*,*,#1467,.T.);
#2031=ORIENTED_EDGE('',*,*,#1394,.F.);
#2032=ORIENTED_EDGE('',*,*,#1468,.F.);
#2033=ORIENTED_EDGE('',*,*,#1398,.F.);
#2034=ORIENTED_EDGE('',*,*,#1388,.F.);
#2035=ORIENTED_EDGE('',*,*,#1397,.F.);
#2036=ORIENTED_EDGE('',*,*,#1469,.F.);
#2037=ORIENTED_EDGE('',*,*,#1401,.F.);
#2038=ORIENTED_EDGE('',*,*,#1470,.F.);
#2039=ORIENTED_EDGE('',*,*,#1471,.F.);
#2040=ORIENTED_EDGE('',*,*,#1461,.F.);
#2041=ORIENTED_EDGE('',*,*,#1472,.F.);
#2042=ORIENTED_EDGE('',*,*,#1473,.F.);
#2043=ORIENTED_EDGE('',*,*,#1447,.F.);
#2044=ORIENTED_EDGE('',*,*,#1471,.T.);
#2045=ORIENTED_EDGE('',*,*,#1474,.T.);
#2046=ORIENTED_EDGE('',*,*,#1475,.F.);
#2047=ORIENTED_EDGE('',*,*,#1474,.F.);
#2048=ORIENTED_EDGE('',*,*,#1470,.T.);
#2049=ORIENTED_EDGE('',*,*,#1476,.F.);
#2050=ORIENTED_EDGE('',*,*,#1477,.F.);
#2051=ORIENTED_EDGE('',*,*,#1476,.T.);
#2052=ORIENTED_EDGE('',*,*,#1472,.T.);
#2053=ORIENTED_EDGE('',*,*,#1460,.F.);
#2054=ORIENTED_EDGE('',*,*,#1478,.F.);
#2055=ORIENTED_EDGE('',*,*,#1450,.F.);
#2056=ORIENTED_EDGE('',*,*,#1479,.F.);
#2057=ORIENTED_EDGE('',*,*,#1480,.F.);
#2058=ORIENTED_EDGE('',*,*,#1481,.F.);
#2059=ORIENTED_EDGE('',*,*,#1451,.F.);
#2060=ORIENTED_EDGE('',*,*,#1478,.T.);
#2061=ORIENTED_EDGE('',*,*,#1482,.F.);
#2062=ORIENTED_EDGE('',*,*,#1483,.F.);
#2063=ORIENTED_EDGE('',*,*,#1482,.T.);
#2064=ORIENTED_EDGE('',*,*,#1480,.T.);
#2065=ORIENTED_EDGE('',*,*,#1484,.T.);
#2066=ORIENTED_EDGE('',*,*,#1485,.F.);
#2067=ORIENTED_EDGE('',*,*,#1484,.F.);
#2068=ORIENTED_EDGE('',*,*,#1479,.T.);
#2069=ORIENTED_EDGE('',*,*,#1449,.F.);
#2070=ORIENTED_EDGE('',*,*,#1473,.T.);
#2071=ORIENTED_EDGE('',*,*,#1475,.T.);
#2072=ORIENTED_EDGE('',*,*,#1477,.T.);
#2073=ORIENTED_EDGE('',*,*,#1459,.T.);
#2074=ORIENTED_EDGE('',*,*,#1486,.F.);
#2075=ORIENTED_EDGE('',*,*,#1210,.F.);
#2076=ORIENTED_EDGE('',*,*,#1487,.T.);
#2077=ORIENTED_EDGE('',*,*,#1452,.T.);
#2078=ORIENTED_EDGE('',*,*,#1481,.T.);
#2079=ORIENTED_EDGE('',*,*,#1483,.T.);
#2080=ORIENTED_EDGE('',*,*,#1485,.T.);
#2081=ORIENTED_EDGE('',*,*,#1448,.T.);
#2082=ORIENTED_EDGE('',*,*,#1445,.F.);
#2083=ORIENTED_EDGE('',*,*,#1403,.T.);
#2084=ORIENTED_EDGE('',*,*,#1399,.F.);
#2085=ORIENTED_EDGE('',*,*,#1469,.T.);
#2086=ORIENTED_EDGE('',*,*,#1396,.F.);
#2087=ORIENTED_EDGE('',*,*,#1468,.T.);
#2088=ORIENTED_EDGE('',*,*,#1393,.F.);
#2089=ORIENTED_EDGE('',*,*,#1402,.T.);
#2090=ORIENTED_EDGE('',*,*,#1390,.F.);
#2091=ORIENTED_EDGE('',*,*,#1407,.T.);
#2092=ORIENTED_EDGE('',*,*,#1440,.F.);
#2093=ORIENTED_EDGE('',*,*,#1216,.F.);
#2094=ORIENTED_EDGE('',*,*,#1462,.F.);
#2095=ORIENTED_EDGE('',*,*,#1409,.F.);
#2096=ORIENTED_EDGE('',*,*,#1420,.F.);
#2097=ORIENTED_EDGE('',*,*,#1488,.T.);
#2098=ORIENTED_EDGE('',*,*,#1489,.F.);
#2099=ORIENTED_EDGE('',*,*,#1490,.T.);
#2100=ORIENTED_EDGE('',*,*,#1434,.T.);
#2101=ORIENTED_EDGE('',*,*,#1463,.F.);
#2102=ORIENTED_EDGE('',*,*,#1489,.T.);
#2103=ORIENTED_EDGE('',*,*,#1221,.T.);
#2104=ORIENTED_EDGE('',*,*,#1490,.F.);
#2105=ORIENTED_EDGE('',*,*,#1491,.F.);
#2106=ORIENTED_EDGE('',*,*,#1492,.T.);
#2107=ORIENTED_EDGE('',*,*,#1493,.T.);
#2108=ORIENTED_EDGE('',*,*,#1464,.F.);
#2109=ORIENTED_EDGE('',*,*,#1431,.F.);
#2110=ORIENTED_EDGE('',*,*,#1492,.F.);
#2111=ORIENTED_EDGE('',*,*,#1494,.T.);
#2112=ORIENTED_EDGE('',*,*,#1426,.T.);
#2113=ORIENTED_EDGE('',*,*,#1495,.T.);
#2114=ORIENTED_EDGE('',*,*,#1496,.F.);
#2115=ORIENTED_EDGE('',*,*,#1495,.F.);
#2116=ORIENTED_EDGE('',*,*,#1425,.T.);
#2117=ORIENTED_EDGE('',*,*,#1497,.F.);
#2118=ORIENTED_EDGE('',*,*,#1498,.F.);
#2119=ORIENTED_EDGE('',*,*,#1496,.T.);
#2120=ORIENTED_EDGE('',*,*,#1498,.T.);
#2121=ORIENTED_EDGE('',*,*,#1499,.F.);
#2122=ORIENTED_EDGE('',*,*,#1500,.F.);
#2123=ORIENTED_EDGE('',*,*,#1494,.F.);
#2124=ORIENTED_EDGE('',*,*,#1500,.T.);
#2125=ORIENTED_EDGE('',*,*,#1501,.F.);
#2126=ORIENTED_EDGE('',*,*,#1427,.T.);
#2127=ORIENTED_EDGE('',*,*,#1497,.T.);
#2128=ORIENTED_EDGE('',*,*,#1428,.T.);
#2129=ORIENTED_EDGE('',*,*,#1501,.T.);
#2130=ORIENTED_EDGE('',*,*,#1499,.T.);
#2131=ORIENTED_EDGE('',*,*,#1419,.F.);
#2132=ORIENTED_EDGE('',*,*,#1421,.T.);
#2133=ORIENTED_EDGE('',*,*,#1196,.T.);
#2134=ORIENTED_EDGE('',*,*,#1502,.T.);
#2135=ORIENTED_EDGE('',*,*,#1430,.F.);
#2136=ORIENTED_EDGE('',*,*,#1503,.T.);
#2137=ORIENTED_EDGE('',*,*,#1504,.T.);
#2138=ORIENTED_EDGE('',*,*,#1423,.T.);
#2139=ORIENTED_EDGE('',*,*,#1207,.F.);
#2140=ORIENTED_EDGE('',*,*,#1184,.F.);
#2141=ORIENTED_EDGE('',*,*,#1505,.T.);
#2142=ORIENTED_EDGE('',*,*,#1503,.F.);
#2143=ORIENTED_EDGE('',*,*,#1506,.F.);
#2144=ORIENTED_EDGE('',*,*,#1491,.T.);
#2145=ORIENTED_EDGE('',*,*,#1488,.F.);
#2146=ORIENTED_EDGE('',*,*,#1502,.F.);
#2147=ORIENTED_EDGE('',*,*,#1195,.T.);
#2148=ORIENTED_EDGE('',*,*,#1192,.F.);
#2149=ORIENTED_EDGE('',*,*,#1180,.F.);
#2150=ORIENTED_EDGE('',*,*,#1424,.F.);
#2151=ORIENTED_EDGE('',*,*,#1504,.F.);
#2152=ORIENTED_EDGE('',*,*,#1505,.F.);
#2153=ORIENTED_EDGE('',*,*,#1186,.F.);
#2154=ORIENTED_EDGE('',*,*,#1179,.F.);
#2155=ORIENTED_EDGE('',*,*,#1465,.F.);
#2156=ORIENTED_EDGE('',*,*,#1493,.F.);
#2157=ORIENTED_EDGE('',*,*,#1506,.T.);
#2158=ORIENTED_EDGE('',*,*,#1429,.T.);
#2159=ORIENTED_EDGE('',*,*,#1416,.F.);
#2160=ORIENTED_EDGE('',*,*,#1332,.F.);
#2161=ORIENTED_EDGE('',*,*,#1266,.T.);
#2162=ORIENTED_EDGE('',*,*,#1507,.T.);
#2163=ORIENTED_EDGE('',*,*,#1508,.T.);
#2164=ORIENTED_EDGE('',*,*,#1509,.T.);
#2165=ORIENTED_EDGE('',*,*,#1270,.T.);
#2166=ORIENTED_EDGE('',*,*,#1510,.T.);
#2167=ORIENTED_EDGE('',*,*,#1511,.T.);
#2168=ORIENTED_EDGE('',*,*,#1507,.F.);
#2169=ORIENTED_EDGE('',*,*,#1265,.T.);
#2170=ORIENTED_EDGE('',*,*,#1381,.T.);
#2171=ORIENTED_EDGE('',*,*,#1512,.T.);
#2172=ORIENTED_EDGE('',*,*,#1229,.F.);
#2173=ORIENTED_EDGE('',*,*,#1273,.T.);
#2174=ORIENTED_EDGE('',*,*,#1513,.T.);
#2175=ORIENTED_EDGE('',*,*,#1514,.T.);
#2176=ORIENTED_EDGE('',*,*,#1510,.F.);
#2177=ORIENTED_EDGE('',*,*,#1515,.T.);
#2178=ORIENTED_EDGE('',*,*,#1516,.F.);
#2179=ORIENTED_EDGE('',*,*,#1202,.F.);
#2180=ORIENTED_EDGE('',*,*,#1214,.T.);
#2181=ORIENTED_EDGE('',*,*,#1212,.F.);
#2182=ORIENTED_EDGE('',*,*,#1517,.T.);
#2183=ORIENTED_EDGE('',*,*,#1518,.T.);
#2184=ORIENTED_EDGE('',*,*,#1225,.F.);
#2185=ORIENTED_EDGE('',*,*,#1514,.F.);
#2186=ORIENTED_EDGE('',*,*,#1519,.F.);
#2187=ORIENTED_EDGE('',*,*,#1520,.F.);
#2188=ORIENTED_EDGE('',*,*,#1521,.F.);
#2189=ORIENTED_EDGE('',*,*,#1508,.F.);
#2190=ORIENTED_EDGE('',*,*,#1511,.F.);
#2191=ORIENTED_EDGE('',*,*,#1518,.F.);
#2192=ORIENTED_EDGE('',*,*,#1522,.T.);
#2193=ORIENTED_EDGE('',*,*,#1457,.T.);
#2194=ORIENTED_EDGE('',*,*,#1523,.F.);
#2195=ORIENTED_EDGE('',*,*,#1515,.F.);
#2196=ORIENTED_EDGE('',*,*,#1512,.F.);
#2197=ORIENTED_EDGE('',*,*,#1380,.F.);
#2198=ORIENTED_EDGE('',*,*,#1248,.F.);
#2199=ORIENTED_EDGE('',*,*,#1250,.F.);
#2200=ORIENTED_EDGE('',*,*,#1295,.F.);
#2201=ORIENTED_EDGE('',*,*,#1372,.T.);
#2202=ORIENTED_EDGE('',*,*,#1524,.T.);
#2203=ORIENTED_EDGE('',*,*,#1317,.T.);
#2204=ORIENTED_EDGE('',*,*,#1324,.T.);
#2205=ORIENTED_EDGE('',*,*,#1525,.T.);
#2206=ORIENTED_EDGE('',*,*,#1366,.T.);
#2207=ORIENTED_EDGE('',*,*,#1526,.T.);
#2208=ORIENTED_EDGE('',*,*,#1360,.T.);
#2209=ORIENTED_EDGE('',*,*,#1373,.F.);
#2210=ORIENTED_EDGE('',*,*,#1344,.F.);
#2211=ORIENTED_EDGE('',*,*,#1319,.T.);
#2212=ORIENTED_EDGE('',*,*,#1527,.T.);
#2213=ORIENTED_EDGE('',*,*,#1367,.T.);
#2214=ORIENTED_EDGE('',*,*,#1525,.F.);
#2215=ORIENTED_EDGE('',*,*,#1323,.T.);
#2216=ORIENTED_EDGE('',*,*,#1526,.F.);
#2217=ORIENTED_EDGE('',*,*,#1365,.T.);
#2218=ORIENTED_EDGE('',*,*,#1528,.F.);
#2219=ORIENTED_EDGE('',*,*,#1208,.F.);
#2220=ORIENTED_EDGE('',*,*,#1199,.T.);
#2221=ORIENTED_EDGE('',*,*,#1206,.F.);
#2222=ORIENTED_EDGE('',*,*,#1529,.T.);
#2223=ORIENTED_EDGE('',*,*,#1361,.T.);
#2224=ORIENTED_EDGE('',*,*,#1530,.T.);
#2225=ORIENTED_EDGE('',*,*,#1531,.T.);
#2226=ORIENTED_EDGE('',*,*,#1271,.T.);
#2227=ORIENTED_EDGE('',*,*,#1509,.F.);
#2228=ORIENTED_EDGE('',*,*,#1521,.T.);
#2229=ORIENTED_EDGE('',*,*,#1520,.T.);
#2230=ORIENTED_EDGE('',*,*,#1519,.T.);
#2231=ORIENTED_EDGE('',*,*,#1513,.F.);
#2232=ORIENTED_EDGE('',*,*,#1272,.T.);
#2233=ORIENTED_EDGE('',*,*,#1531,.F.);
#2234=ORIENTED_EDGE('',*,*,#1466,.F.);
#2235=ORIENTED_EDGE('',*,*,#1532,.T.);
#2236=ORIENTED_EDGE('',*,*,#1530,.F.);
#2237=ORIENTED_EDGE('',*,*,#1532,.F.);
#2238=ORIENTED_EDGE('',*,*,#1533,.T.);
#2239=ORIENTED_EDGE('',*,*,#1534,.T.);
#2240=ORIENTED_EDGE('',*,*,#1369,.T.);
#2241=ORIENTED_EDGE('',*,*,#1368,.T.);
#2242=ORIENTED_EDGE('',*,*,#1527,.F.);
#2243=ORIENTED_EDGE('',*,*,#1318,.T.);
#2244=ORIENTED_EDGE('',*,*,#1524,.F.);
#2245=ORIENTED_EDGE('',*,*,#1371,.T.);
#2246=ORIENTED_EDGE('',*,*,#1370,.T.);
#2247=ORIENTED_EDGE('',*,*,#1534,.F.);
#2248=ORIENTED_EDGE('',*,*,#1467,.F.);
#2249=ORIENTED_EDGE('',*,*,#1535,.T.);
#2250=ORIENTED_EDGE('',*,*,#1533,.F.);
#2251=ORIENTED_EDGE('',*,*,#1535,.F.);
#2252=ORIENTED_EDGE('',*,*,#1203,.F.);
#2253=ORIENTED_EDGE('',*,*,#1516,.T.);
#2254=ORIENTED_EDGE('',*,*,#1536,.T.);
#2255=ORIENTED_EDGE('',*,*,#1211,.F.);
#2256=ORIENTED_EDGE('',*,*,#1537,.T.);
#2257=ORIENTED_EDGE('',*,*,#1517,.F.);
#2258=ORIENTED_EDGE('',*,*,#1209,.F.);
#2259=ORIENTED_EDGE('',*,*,#1528,.T.);
#2260=ORIENTED_EDGE('',*,*,#1538,.T.);
#2261=ORIENTED_EDGE('',*,*,#1205,.F.);
#2262=ORIENTED_EDGE('',*,*,#1539,.T.);
#2263=ORIENTED_EDGE('',*,*,#1529,.F.);
#2264=ORIENTED_EDGE('',*,*,#1453,.T.);
#2265=ORIENTED_EDGE('',*,*,#1487,.F.);
#2266=ORIENTED_EDGE('',*,*,#1538,.F.);
#2267=ORIENTED_EDGE('',*,*,#1364,.T.);
#2268=ORIENTED_EDGE('',*,*,#1458,.T.);
#2269=ORIENTED_EDGE('',*,*,#1522,.F.);
#2270=ORIENTED_EDGE('',*,*,#1537,.F.);
#2271=ORIENTED_EDGE('',*,*,#1486,.T.);
#2272=ORIENTED_EDGE('',*,*,#1456,.T.);
#2273=ORIENTED_EDGE('',*,*,#1540,.F.);
#2274=ORIENTED_EDGE('',*,*,#1536,.F.);
#2275=ORIENTED_EDGE('',*,*,#1523,.T.);
#2276=ORIENTED_EDGE('',*,*,#1455,.T.);
#2277=ORIENTED_EDGE('',*,*,#1541,.F.);
#2278=ORIENTED_EDGE('',*,*,#1204,.F.);
#2279=ORIENTED_EDGE('',*,*,#1540,.T.);
#2280=ORIENTED_EDGE('',*,*,#1454,.T.);
#2281=ORIENTED_EDGE('',*,*,#1362,.F.);
#2282=ORIENTED_EDGE('',*,*,#1539,.F.);
#2283=ORIENTED_EDGE('',*,*,#1541,.T.);
#2284=CONICAL_SURFACE('',#2440,11.5,0.463647609000875);
#2285=CONICAL_SURFACE('',#2444,11.5,0.463647609000742);
#2286=CONICAL_SURFACE('',#2447,11.5,0.463647609000726);
#2287=CONICAL_SURFACE('',#2452,11.5,0.463647609000873);
#2288=CONICAL_SURFACE('',#2588,2.45,0.785398163397453);
#2289=CONICAL_SURFACE('',#2591,2.45,0.785398163397453);
#2290=ADVANCED_FACE('',(#166),#2284,.T.);
#2291=ADVANCED_FACE('',(#167),#121,.T.);
#2292=ADVANCED_FACE('',(#168),#2285,.T.);
#2293=ADVANCED_FACE('',(#169),#2286,.T.);
#2294=ADVANCED_FACE('',(#170),#122,.T.);
#2295=ADVANCED_FACE('',(#171),#123,.T.);
#2296=ADVANCED_FACE('',(#172),#2287,.T.);
#2297=ADVANCED_FACE('',(#173),#124,.T.);
#2298=ADVANCED_FACE('',(#174),#125,.T.);
#2299=ADVANCED_FACE('',(#175),#87,.T.);
#2300=ADVANCED_FACE('',(#176),#88,.T.);
#2301=ADVANCED_FACE('',(#177),#126,.T.);
#2302=ADVANCED_FACE('',(#178),#27,.T.);
#2303=ADVANCED_FACE('',(#179),#127,.F.);
#2304=ADVANCED_FACE('',(#180),#28,.F.);
#2305=ADVANCED_FACE('',(#181),#29,.F.);
#2306=ADVANCED_FACE('',(#182),#30,.F.);
#2307=ADVANCED_FACE('',(#183),#31,.F.);
#2308=ADVANCED_FACE('',(#184),#32,.F.);
#2309=ADVANCED_FACE('',(#185),#33,.F.);
#2310=ADVANCED_FACE('',(#186),#34,.F.);
#2311=ADVANCED_FACE('',(#187),#35,.F.);
#2312=ADVANCED_FACE('',(#188),#89,.T.);
#2313=ADVANCED_FACE('',(#189),#90,.F.);
#2314=ADVANCED_FACE('',(#190),#36,.F.);
#2315=ADVANCED_FACE('',(#191),#91,.F.);
#2316=ADVANCED_FACE('',(#192),#92,.F.);
#2317=ADVANCED_FACE('',(#193),#93,.F.);
#2318=ADVANCED_FACE('',(#194),#37,.F.);
#2319=ADVANCED_FACE('',(#195),#38,.F.);
#2320=ADVANCED_FACE('',(#196),#39,.F.);
#2321=ADVANCED_FACE('',(#197),#40,.F.);
#2322=ADVANCED_FACE('',(#198),#41,.F.);
#2323=ADVANCED_FACE('',(#199),#42,.F.);
#2324=ADVANCED_FACE('',(#200),#43,.F.);
#2325=ADVANCED_FACE('',(#201),#44,.F.);
#2326=ADVANCED_FACE('',(#202),#45,.F.);
#2327=ADVANCED_FACE('',(#203),#94,.T.);
#2328=ADVANCED_FACE('',(#204),#95,.F.);
#2329=ADVANCED_FACE('',(#205),#46,.F.);
#2330=ADVANCED_FACE('',(#206),#96,.F.);
#2331=ADVANCED_FACE('',(#207),#97,.F.);
#2332=ADVANCED_FACE('',(#208),#98,.F.);
#2333=ADVANCED_FACE('',(#209),#47,.F.);
#2334=ADVANCED_FACE('',(#210),#48,.F.);
#2335=ADVANCED_FACE('',(#211),#49,.F.);
#2336=ADVANCED_FACE('',(#212),#50,.F.);
#2337=ADVANCED_FACE('',(#213),#51,.F.);
#2338=ADVANCED_FACE('',(#214),#99,.F.);
#2339=ADVANCED_FACE('',(#215),#100,.F.);
#2340=ADVANCED_FACE('',(#216),#52,.F.);
#2341=ADVANCED_FACE('',(#217),#53,.F.);
#2342=ADVANCED_FACE('',(#218),#54,.F.);
#2343=ADVANCED_FACE('',(#219),#55,.F.);
#2344=ADVANCED_FACE('',(#220),#101,.F.);
#2345=ADVANCED_FACE('',(#221),#102,.F.);
#2346=ADVANCED_FACE('',(#222),#103,.F.);
#2347=ADVANCED_FACE('',(#223),#104,.T.);
#2348=ADVANCED_FACE('',(#224),#105,.F.);
#2349=ADVANCED_FACE('',(#225),#106,.F.);
#2350=ADVANCED_FACE('',(#226),#56,.F.);
#2351=ADVANCED_FACE('',(#227),#57,.F.);
#2352=ADVANCED_FACE('',(#228),#107,.T.);
#2353=ADVANCED_FACE('',(#229),#108,.F.);
#2354=ADVANCED_FACE('',(#230),#109,.F.);
#2355=ADVANCED_FACE('',(#231),#110,.F.);
#2356=ADVANCED_FACE('',(#232),#58,.F.);
#2357=ADVANCED_FACE('',(#233),#128,.T.);
#2358=ADVANCED_FACE('',(#234),#129,.T.);
#2359=ADVANCED_FACE('',(#235),#59,.T.);
#2360=ADVANCED_FACE('',(#236),#130,.T.);
#2361=ADVANCED_FACE('',(#237),#60,.T.);
#2362=ADVANCED_FACE('',(#238),#61,.T.);
#2363=ADVANCED_FACE('',(#239),#131,.T.);
#2364=ADVANCED_FACE('',(#240),#132,.F.);
#2365=ADVANCED_FACE('',(#241),#133,.T.);
#2366=ADVANCED_FACE('',(#242),#134,.T.);
#2367=ADVANCED_FACE('',(#243),#135,.T.);
#2368=ADVANCED_FACE('',(#244),#136,.T.);
#2369=ADVANCED_FACE('',(#245,#18,#19),#137,.F.);
#2370=ADVANCED_FACE('',(#246,#20),#138,.F.);
#2371=ADVANCED_FACE('',(#247,#21,#22),#139,.F.);
#2372=ADVANCED_FACE('',(#248),#140,.F.);
#2373=ADVANCED_FACE('',(#249),#141,.F.);
#2374=ADVANCED_FACE('',(#250),#142,.T.);
#2375=ADVANCED_FACE('',(#251),#15,.F.);
#2376=ADVANCED_FACE('',(#252),#16,.F.);
#2377=ADVANCED_FACE('',(#253),#143,.F.);
#2378=ADVANCED_FACE('',(#254,#23,#24,#25),#144,.F.);
#2379=ADVANCED_FACE('',(#255),#17,.T.);
#2380=ADVANCED_FACE('',(#256),#145,.T.);
#2381=ADVANCED_FACE('',(#257),#146,.T.);
#2382=ADVANCED_FACE('',(#258),#147,.F.);
#2383=ADVANCED_FACE('',(#259),#111,.F.);
#2384=ADVANCED_FACE('',(#260),#148,.F.);
#2385=ADVANCED_FACE('',(#261),#149,.T.);
#2386=ADVANCED_FACE('',(#262),#150,.F.);
#2387=ADVANCED_FACE('',(#263),#112,.F.);
#2388=ADVANCED_FACE('',(#264),#151,.F.);
#2389=ADVANCED_FACE('',(#265,#26),#62,.F.);
#2390=ADVANCED_FACE('',(#266),#152,.F.);
#2391=ADVANCED_FACE('',(#267),#153,.F.);
#2392=ADVANCED_FACE('',(#268),#154,.F.);
#2393=ADVANCED_FACE('',(#269),#155,.F.);
#2394=ADVANCED_FACE('',(#270),#156,.F.);
#2395=ADVANCED_FACE('',(#271),#157,.T.);
#2396=ADVANCED_FACE('',(#272),#158,.T.);
#2397=ADVANCED_FACE('',(#273),#159,.T.);
#2398=ADVANCED_FACE('',(#274),#160,.T.);
#2399=ADVANCED_FACE('',(#275),#161,.F.);
#2400=ADVANCED_FACE('',(#276),#162,.F.);
#2401=ADVANCED_FACE('',(#277),#163,.F.);
#2402=ADVANCED_FACE('',(#278),#164,.F.);
#2403=ADVANCED_FACE('',(#279),#165,.F.);
#2404=ADVANCED_FACE('',(#280),#63,.F.);
#2405=ADVANCED_FACE('',(#281),#64,.F.);
#2406=ADVANCED_FACE('',(#282),#65,.F.);
#2407=ADVANCED_FACE('',(#283),#113,.T.);
#2408=ADVANCED_FACE('',(#284),#66,.F.);
#2409=ADVANCED_FACE('',(#285),#67,.F.);
#2410=ADVANCED_FACE('',(#286),#68,.F.);
#2411=ADVANCED_FACE('',(#287),#69,.F.);
#2412=ADVANCED_FACE('',(#288),#114,.T.);
#2413=ADVANCED_FACE('',(#289),#2288,.F.);
#2414=ADVANCED_FACE('',(#290),#115,.F.);
#2415=ADVANCED_FACE('',(#291),#2289,.F.);
#2416=ADVANCED_FACE('',(#292),#116,.F.);
#2417=ADVANCED_FACE('',(#293),#117,.T.);
#2418=ADVANCED_FACE('',(#294),#118,.T.);
#2419=ADVANCED_FACE('',(#295),#119,.T.);
#2420=ADVANCED_FACE('',(#296),#120,.T.);
#2421=ADVANCED_FACE('',(#297),#70,.F.);
#2422=ADVANCED_FACE('',(#298),#71,.F.);
#2423=ADVANCED_FACE('',(#299),#72,.F.);
#2424=ADVANCED_FACE('',(#300),#73,.F.);
#2425=ADVANCED_FACE('',(#301),#74,.F.);
#2426=CLOSED_SHELL('',(#2290,#2291,#2292,#2293,#2294,#2295,#2296,#2297,
#2298,#2299,#2300,#2301,#2302,#2303,#2304,#2305,#2306,#2307,#2308,#2309,
#2310,#2311,#2312,#2313,#2314,#2315,#2316,#2317,#2318,#2319,#2320,#2321,
#2322,#2323,#2324,#2325,#2326,#2327,#2328,#2329,#2330,#2331,#2332,#2333,
#2334,#2335,#2336,#2337,#2338,#2339,#2340,#2341,#2342,#2343,#2344,#2345,
#2346,#2347,#2348,#2349,#2350,#2351,#2352,#2353,#2354,#2355,#2356,#2357,
#2358,#2359,#2360,#2361,#2362,#2363,#2364,#2365,#2366,#2367,#2368,#2369,
#2370,#2371,#2372,#2373,#2374,#2375,#2376,#2377,#2378,#2379,#2380,#2381,
#2382,#2383,#2384,#2385,#2386,#2387,#2388,#2389,#2390,#2391,#2392,#2393,
#2394,#2395,#2396,#2397,#2398,#2399,#2400,#2401,#2402,#2403,#2404,#2405,
#2406,#2407,#2408,#2409,#2410,#2411,#2412,#2413,#2414,#2415,#2416,#2417,
#2418,#2419,#2420,#2421,#2422,#2423,#2424,#2425));
#2427=DERIVED_UNIT_ELEMENT(#2429,1.);
#2428=DERIVED_UNIT_ELEMENT(#6332,-3.);
#2429=(
MASS_UNIT()
NAMED_UNIT(*)
SI_UNIT(.KILO.,.GRAM.)
);
#2430=DERIVED_UNIT((#2427,#2428));
#2431=MEASURE_REPRESENTATION_ITEM('density measure',
POSITIVE_RATIO_MEASURE(7850.),#2430);
#2432=PROPERTY_DEFINITION_REPRESENTATION(#2437,#2434);
#2433=PROPERTY_DEFINITION_REPRESENTATION(#2438,#2435);
#2434=REPRESENTATION('material name',(#2436),#6329);
#2435=REPRESENTATION('density',(#2431),#6329);
#2436=DESCRIPTIVE_REPRESENTATION_ITEM('Acier','Acier');
#2437=PROPERTY_DEFINITION('material property','material name',#6339);
#2438=PROPERTY_DEFINITION('material property','density of part',#6339);
#2439=AXIS2_PLACEMENT_3D('',#3051,#2598,#2599);
#2440=AXIS2_PLACEMENT_3D('',#3052,#2600,#2601);
#2441=AXIS2_PLACEMENT_3D('',#3055,#2602,#2603);
#2442=AXIS2_PLACEMENT_3D('',#3059,#2605,#2606);
#2443=AXIS2_PLACEMENT_3D('',#3068,#2607,#2608);
#2444=AXIS2_PLACEMENT_3D('',#3077,#2613,#2614);
#2445=AXIS2_PLACEMENT_3D('',#3079,#2615,#2616);
#2446=AXIS2_PLACEMENT_3D('',#3081,#2617,#2618);
#2447=AXIS2_PLACEMENT_3D('',#3090,#2619,#2620);
#2448=AXIS2_PLACEMENT_3D('',#3096,#2621,#2622);
#2449=AXIS2_PLACEMENT_3D('',#3097,#2623,#2624);
#2450=AXIS2_PLACEMENT_3D('',#3098,#2625,#2626);
#2451=AXIS2_PLACEMENT_3D('',#3101,#2629,#2630);
#2452=AXIS2_PLACEMENT_3D('',#3107,#2634,#2635);
#2453=AXIS2_PLACEMENT_3D('',#3113,#2636,#2637);
#2454=AXIS2_PLACEMENT_3D('',#3114,#2638,#2639);
#2455=AXIS2_PLACEMENT_3D('',#3115,#2640,#2641);
#2456=AXIS2_PLACEMENT_3D('',#3121,#2645,#2646);
#2457=AXIS2_PLACEMENT_3D('',#3127,#2650,#2651);
#2458=AXIS2_PLACEMENT_3D('',#3131,#2653,#2654);
#2459=AXIS2_PLACEMENT_3D('',#3133,#2655,#2656);
#2460=AXIS2_PLACEMENT_3D('',#3137,#2658,#2659);
#2461=AXIS2_PLACEMENT_3D('',#3138,#2660,#2661);
#2462=AXIS2_PLACEMENT_3D('',#3139,#2662,#2663);
#2463=AXIS2_PLACEMENT_3D('',#3142,#2665,#2666);
#2464=AXIS2_PLACEMENT_3D('',#3144,#2667,#2668);
#2465=AXIS2_PLACEMENT_3D('',#3148,#2670,#2671);
#2466=AXIS2_PLACEMENT_3D('',#3150,#2672,#2673);
#2467=AXIS2_PLACEMENT_3D('',#3152,#2675,#2676);
#2468=AXIS2_PLACEMENT_3D('',#3194,#2678,#2679);
#2469=AXIS2_PLACEMENT_3D('',#3231,#2685,#2686);
#2470=AXIS2_PLACEMENT_3D('',#3239,#2687,#2688);
#2471=AXIS2_PLACEMENT_3D('',#3277,#2689,#2690);
#2472=AXIS2_PLACEMENT_3D('',#3376,#2691,#2692);
#2473=AXIS2_PLACEMENT_3D('',#3413,#2693,#2694);
#2474=AXIS2_PLACEMENT_3D('',#3495,#2695,#2696);
#2475=AXIS2_PLACEMENT_3D('',#3534,#2697,#2698);
#2476=AXIS2_PLACEMENT_3D('',#3577,#2699,#2700);
#2477=AXIS2_PLACEMENT_3D('',#3616,#2701,#2702);
#2478=AXIS2_PLACEMENT_3D('',#3620,#2704,#2705);
#2479=AXIS2_PLACEMENT_3D('',#3622,#2707,#2708);
#2480=AXIS2_PLACEMENT_3D('',#3625,#2710,#2711);
#2481=AXIS2_PLACEMENT_3D('',#3712,#2712,#2713);
#2482=AXIS2_PLACEMENT_3D('',#3731,#2714,#2715);
#2483=AXIS2_PLACEMENT_3D('',#3746,#2716,#2717);
#2484=AXIS2_PLACEMENT_3D('',#3757,#2718,#2719);
#2485=AXIS2_PLACEMENT_3D('',#3795,#2720,#2721);
#2486=AXIS2_PLACEMENT_3D('',#3808,#2722,#2723);
#2487=AXIS2_PLACEMENT_3D('',#3810,#2724,#2725);
#2488=AXIS2_PLACEMENT_3D('',#3876,#2726,#2727);
#2489=AXIS2_PLACEMENT_3D('',#3890,#2728,#2729);
#2490=AXIS2_PLACEMENT_3D('',#3923,#2730,#2731);
#2491=AXIS2_PLACEMENT_3D('',#3931,#2732,#2733);
#2492=AXIS2_PLACEMENT_3D('',#4030,#2734,#2735);
#2493=AXIS2_PLACEMENT_3D('',#4067,#2736,#2737);
#2494=AXIS2_PLACEMENT_3D('',#4177,#2738,#2739);
#2495=AXIS2_PLACEMENT_3D('',#4219,#2740,#2741);
#2496=AXIS2_PLACEMENT_3D('',#4257,#2742,#2743);
#2497=AXIS2_PLACEMENT_3D('',#4290,#2744,#2745);
#2498=AXIS2_PLACEMENT_3D('',#4339,#2746,#2747);
#2499=AXIS2_PLACEMENT_3D('',#4343,#2749,#2750);
#2500=AXIS2_PLACEMENT_3D('',#4345,#2752,#2753);
#2501=AXIS2_PLACEMENT_3D('',#4348,#2755,#2756);
#2502=AXIS2_PLACEMENT_3D('',#4430,#2757,#2758);
#2503=AXIS2_PLACEMENT_3D('',#4448,#2759,#2760);
#2504=AXIS2_PLACEMENT_3D('',#4462,#2761,#2762);
#2505=AXIS2_PLACEMENT_3D('',#4473,#2763,#2764);
#2506=AXIS2_PLACEMENT_3D('',#4480,#2765,#2766);
#2507=AXIS2_PLACEMENT_3D('',#4505,#2767,#2768);
#2508=AXIS2_PLACEMENT_3D('',#4602,#2769,#2770);
#2509=AXIS2_PLACEMENT_3D('',#4618,#2771,#2772);
#2510=AXIS2_PLACEMENT_3D('',#4636,#2773,#2774);
#2511=AXIS2_PLACEMENT_3D('',#4702,#2775,#2776);
#2512=AXIS2_PLACEMENT_3D('',#4777,#2777,#2778);
#2513=AXIS2_PLACEMENT_3D('',#4781,#2780,#2781);
#2514=AXIS2_PLACEMENT_3D('',#4783,#2783,#2784);
#2515=AXIS2_PLACEMENT_3D('',#4786,#2786,#2787);
#2516=AXIS2_PLACEMENT_3D('',#4804,#2788,#2789);
#2517=AXIS2_PLACEMENT_3D('',#4846,#2790,#2791);
#2518=AXIS2_PLACEMENT_3D('',#4915,#2792,#2793);
#2519=AXIS2_PLACEMENT_3D('',#4919,#2795,#2796);
#2520=AXIS2_PLACEMENT_3D('',#4921,#2798,#2799);
#2521=AXIS2_PLACEMENT_3D('',#4924,#2801,#2802);
#2522=AXIS2_PLACEMENT_3D('',#4925,#2803,#2804);
#2523=AXIS2_PLACEMENT_3D('',#4927,#2805,#2806);
#2524=AXIS2_PLACEMENT_3D('',#4929,#2808,#2809);
#2525=AXIS2_PLACEMENT_3D('',#4930,#2810,#2811);
#2526=AXIS2_PLACEMENT_3D('',#4931,#2812,#2813);
#2527=AXIS2_PLACEMENT_3D('',#4934,#2815,#2816);
#2528=AXIS2_PLACEMENT_3D('',#4935,#2817,#2818);
#2529=AXIS2_PLACEMENT_3D('',#4936,#2819,#2820);
#2530=AXIS2_PLACEMENT_3D('',#5080,#2823,#2824);
#2531=AXIS2_PLACEMENT_3D('',#5083,#2826,#2827);
#2532=AXIS2_PLACEMENT_3D('',#5084,#2828,#2829);
#2533=AXIS2_PLACEMENT_3D('',#5085,#2830,#2831);
#2534=AXIS2_PLACEMENT_3D('',#5086,#2832,#2833);
#2535=AXIS2_PLACEMENT_3D('',#5088,#2834,#2835);
#2536=AXIS2_PLACEMENT_3D('',#5090,#2837,#2838);
#2537=AXIS2_PLACEMENT_3D('',#5091,#2839,#2840);
#2538=AXIS2_PLACEMENT_3D('',#5148,#2841,#2842);
#2539=AXIS2_PLACEMENT_3D('',#5163,#2844,#2845);
#2540=AXIS2_PLACEMENT_3D('',#5202,#2847,#2848);
#2541=AXIS2_PLACEMENT_3D('',#5289,#2851,#2852);
#2542=AXIS2_PLACEMENT_3D('',#5298,#2855,#2856);
#2543=AXIS2_PLACEMENT_3D('',#5303,#2857,#2858);
#2544=AXIS2_PLACEMENT_3D('',#5319,#2862,#2863);
#2545=AXIS2_PLACEMENT_3D('',#5328,#2868,#2869);
#2546=AXIS2_PLACEMENT_3D('',#5334,#2873,#2874);
#2547=AXIS2_PLACEMENT_3D('',#5340,#2878,#2879);
#2548=AXIS2_PLACEMENT_3D('',#5346,#2883,#2884);
#2549=AXIS2_PLACEMENT_3D('',#5361,#2893,#2894);
#2550=AXIS2_PLACEMENT_3D('',#5365,#2897,#2898);
#2551=AXIS2_PLACEMENT_3D('',#5371,#2902,#2903);
#2552=AXIS2_PLACEMENT_3D('',#5377,#2907,#2908);
#2553=AXIS2_PLACEMENT_3D('',#5473,#2912,#2913);
#2554=AXIS2_PLACEMENT_3D('',#5479,#2915,#2916);
#2555=AXIS2_PLACEMENT_3D('',#5557,#2927,#2928);
#2556=AXIS2_PLACEMENT_3D('',#5559,#2929,#2930);
#2557=AXIS2_PLACEMENT_3D('',#5589,#2932,#2933);
#2558=AXIS2_PLACEMENT_3D('',#5594,#2934,#2935);
#2559=AXIS2_PLACEMENT_3D('',#5597,#2936,#2937);
#2560=AXIS2_PLACEMENT_3D('',#5600,#2940,#2941);
#2561=AXIS2_PLACEMENT_3D('',#5607,#2943,#2944);
#2562=AXIS2_PLACEMENT_3D('',#5656,#2946,#2947);
#2563=AXIS2_PLACEMENT_3D('',#5661,#2948,#2949);
#2564=AXIS2_PLACEMENT_3D('',#5666,#2952,#2953);
#2565=AXIS2_PLACEMENT_3D('',#5667,#2954,#2955);
#2566=AXIS2_PLACEMENT_3D('',#5674,#2957,#2958);
#2567=AXIS2_PLACEMENT_3D('',#5723,#2960,#2961);
#2568=AXIS2_PLACEMENT_3D('',#5752,#2962,#2963);
#2569=AXIS2_PLACEMENT_3D('',#5756,#2966,#2967);
#2570=AXIS2_PLACEMENT_3D('',#5758,#2969,#2970);
#2571=AXIS2_PLACEMENT_3D('',#5762,#2973,#2974);
#2572=AXIS2_PLACEMENT_3D('',#5764,#2976,#2977);
#2573=AXIS2_PLACEMENT_3D('',#5770,#2981,#2982);
#2574=AXIS2_PLACEMENT_3D('',#5774,#2985,#2986);
#2575=AXIS2_PLACEMENT_3D('',#5778,#2989,#2990);
#2576=AXIS2_PLACEMENT_3D('',#5780,#2992,#2993);
#2577=AXIS2_PLACEMENT_3D('',#5781,#2994,#2995);
#2578=AXIS2_PLACEMENT_3D('',#5783,#2997,#2998);
#2579=AXIS2_PLACEMENT_3D('',#5787,#3001,#3002);
#2580=AXIS2_PLACEMENT_3D('',#5790,#3005,#3006);
#2581=AXIS2_PLACEMENT_3D('',#5791,#3007,#3008);
#2582=AXIS2_PLACEMENT_3D('',#5990,#3009,#3010);
#2583=AXIS2_PLACEMENT_3D('',#5993,#3012,#3013);
#2584=AXIS2_PLACEMENT_3D('',#5995,#3014,#3015);
#2585=AXIS2_PLACEMENT_3D('',#6216,#3017,#3018);
#2586=AXIS2_PLACEMENT_3D('',#6217,#3019,#3020);
#2587=AXIS2_PLACEMENT_3D('',#6218,#3021,#3022);
#2588=AXIS2_PLACEMENT_3D('',#6219,#3023,#3024);
#2589=AXIS2_PLACEMENT_3D('',#6221,#3025,#3026);
#2590=AXIS2_PLACEMENT_3D('',#6223,#3028,#3029);
#2591=AXIS2_PLACEMENT_3D('',#6225,#3031,#3032);
#2592=AXIS2_PLACEMENT_3D('',#6227,#3033,#3034);
#2593=AXIS2_PLACEMENT_3D('',#6229,#3036,#3037);
#2594=AXIS2_PLACEMENT_3D('',#6231,#3039,#3040);
#2595=AXIS2_PLACEMENT_3D('',#6233,#3042,#3043);
#2596=AXIS2_PLACEMENT_3D('',#6235,#3045,#3046);
#2597=AXIS2_PLACEMENT_3D('',#6237,#3048,#3049);
#2598=DIRECTION('axis',(0.,0.,1.));
#2599=DIRECTION('refdir',(1.,0.,0.));
#2600=DIRECTION('center_axis',(-1.,1.77635683940041E-14,0.));
#2601=DIRECTION('ref_axis',(2.1172677138096E-15,0.333333333333332,-0.942809041582064));
#2602=DIRECTION('center_axis',(1.,-1.32810429320784E-14,-4.43734259186819E-31));
#2603=DIRECTION('ref_axis',(0.,0.333333333333332,-0.942809041582064));
#2604=DIRECTION('',(0.894427190999896,-0.447213595499997,0.));
#2605=DIRECTION('center_axis',(-1.,1.32810429320784E-14,4.43734259186819E-31));
#2606=DIRECTION('ref_axis',(4.4270143106928E-15,0.333333333333332,-0.942809041582064));
#2607=DIRECTION('center_axis',(-0.447213595499961,0.894427190999914,1.98443993497449E-31));
#2608=DIRECTION('ref_axis',(0.,-2.21867129593412E-31,1.));
#2609=DIRECTION('',(0.894427190999914,0.447213595499961,0.));
#2610=DIRECTION('',(-4.43734259186819E-31,0.,-1.));
#2611=DIRECTION('',(-0.894427190999914,-0.447213595499961,0.));
#2612=DIRECTION('',(4.43734259186819E-31,0.,1.));
#2613=DIRECTION('center_axis',(1.,-1.7763568394001E-14,0.));
#2614=DIRECTION('ref_axis',(2.1172677138096E-15,0.333333333333332,-0.942809041582064));
#2615=DIRECTION('center_axis',(1.,-1.32810429320784E-14,-4.43734259186819E-31));
#2616=DIRECTION('ref_axis',(4.4270143106928E-15,0.333333333333332,-0.942809041582064));
#2617=DIRECTION('center_axis',(-1.,1.32810429320784E-14,4.43734259186819E-31));
#2618=DIRECTION('ref_axis',(0.,0.333333333333332,-0.942809041582064));
#2619=DIRECTION('center_axis',(1.,-1.77635683940009E-14,0.));
#2620=DIRECTION('ref_axis',(2.13609940722507E-15,0.333333333333332,0.942809041582064));
#2621=DIRECTION('center_axis',(-1.,1.32810429320784E-14,4.43734259186819E-31));
#2622=DIRECTION('ref_axis',(3.60940790463135E-17,0.333333333333332,0.942809041582064));
#2623=DIRECTION('center_axis',(1.,-1.32810429320784E-14,-4.43734259186819E-31));
#2624=DIRECTION('ref_axis',(4.4270143106928E-15,0.333333333333332,0.942809041582064));
#2625=DIRECTION('center_axis',(2.72805714274108E-17,0.938062022462097,0.346467375108133));
#2626=DIRECTION('ref_axis',(0.,-0.346467375108133,0.938062022462097));
#2627=DIRECTION('',(-1.,-8.23406734891242E-47,7.87392216046215E-17));
#2628=DIRECTION('',(-1.,0.,0.));
#2629=DIRECTION('center_axis',(0.447213595499965,0.894427190999912,-1.98443993497451E-31));
#2630=DIRECTION('ref_axis',(0.,2.21867129593414E-31,1.));
#2631=DIRECTION('',(4.43734259186819E-31,0.,1.));
#2632=DIRECTION('',(0.894427190999912,-0.447213595499965,0.));
#2633=DIRECTION('',(-4.43734259186819E-31,0.,-1.));
#2634=DIRECTION('center_axis',(-1.,1.77635683940041E-14,0.));
#2635=DIRECTION('ref_axis',(2.13609940722507E-15,0.333333333333332,0.942809041582064));
#2636=DIRECTION('center_axis',(-1.,1.32810429320784E-14,4.43734259186819E-31));
#2637=DIRECTION('ref_axis',(4.4270143106928E-15,0.333333333333332,0.942809041582064));
#2638=DIRECTION('center_axis',(1.,-1.32810429320784E-14,-4.43734259186819E-31));
#2639=DIRECTION('ref_axis',(3.60940790463135E-17,0.333333333333332,0.942809041582064));
#2640=DIRECTION('center_axis',(1.,-1.32810429320784E-14,-4.43734259186819E-31));
#2641=DIRECTION('ref_axis',(-1.32810429320784E-14,-1.,5.89325374669417E-45));
#2642=DIRECTION('',(-1.32810429320714E-14,-0.999999999999468,1.03188132836221E-6));
#2643=DIRECTION('',(4.09317159086168E-30,3.4160764883082E-16,-1.));
#2644=DIRECTION('',(1.32810429320784E-14,1.,-5.89325374669417E-45));
#2645=DIRECTION('center_axis',(0.,1.,0.));
#2646=DIRECTION('ref_axis',(0.,0.,1.));
#2647=DIRECTION('',(1.,0.,0.));
#2648=DIRECTION('',(2.48352685835193E-8,0.,-1.));
#2649=DIRECTION('',(-1.,0.,3.82835520814973E-17));
#2650=DIRECTION('center_axis',(1.,0.,0.));
#2651=DIRECTION('ref_axis',(0.,0.333333333333332,-0.942809041582064));
#2652=DIRECTION('',(1.,0.,0.));
#2653=DIRECTION('center_axis',(-0.707106789967141,0.,-0.707106772405954));
#2654=DIRECTION('ref_axis',(0.707106772405954,-3.2710259962096E-17,-0.707106789967141));
#2655=DIRECTION('center_axis',(-0.923879526808859,0.,-0.382683446131968));
#2656=DIRECTION('ref_axis',(0.382683446131968,2.56428080660747E-16,-0.923879526808859));
#2657=DIRECTION('',(-1.,0.,0.));
#2658=DIRECTION('center_axis',(0.923879526808858,0.,-0.38268344613197));
#2659=DIRECTION('ref_axis',(-0.38268344613197,2.13690067217289E-16,-0.923879526808858));
#2660=DIRECTION('center_axis',(0.707106789967141,0.,-0.707106772405954));
#2661=DIRECTION('ref_axis',(-0.707106772405954,0.,-0.70710678996714));
#2662=DIRECTION('center_axis',(-1.,0.,3.82835520814973E-17));
#2663=DIRECTION('ref_axis',(3.60940790463135E-17,0.333333333333332,0.942809041582064));
#2664=DIRECTION('',(-1.,0.,3.82835520814973E-17));
#2665=DIRECTION('center_axis',(0.707106772405954,0.,0.707106789967141));
#2666=DIRECTION('ref_axis',(-0.707106789967141,-3.27102591497279E-17,0.707106772405954));
#2667=DIRECTION('center_axis',(0.923879532511286,0.,0.382683432365091));
#2668=DIRECTION('ref_axis',(-0.382683432365091,-4.27380137072482E-17,0.923879532511286));
#2669=DIRECTION('',(1.,0.,-3.82835520814973E-17));
#2670=DIRECTION('center_axis',(-0.923879532511286,0.,0.382683432365091));
#2671=DIRECTION('ref_axis',(0.382683432365091,-4.27380137072482E-17,0.923879532511286));
#2672=DIRECTION('center_axis',(-0.707106772405954,0.,0.707106789967141));
#2673=DIRECTION('ref_axis',(0.707106789967141,3.27102591497279E-17,0.707106772405954));
#2674=DIRECTION('',(-1.,0.,3.82835520814973E-17));
#2675=DIRECTION('center_axis',(0.,1.,0.));
#2676=DIRECTION('ref_axis',(0.,0.,1.));
#2677=DIRECTION('',(2.48352685835193E-8,0.,1.));
#2678=DIRECTION('center_axis',(0.,0.935512005059592,0.353294902863575));
#2679=DIRECTION('ref_axis',(-1.0729617423051E-17,-0.353294902863575,0.935512005059591));
#2680=DIRECTION('',(1.0729617423051E-17,0.353294902863575,-0.935512005059591));
#2681=DIRECTION('',(1.,0.,0.));
#2682=DIRECTION('',(-1.,-1.67575671021626E-31,4.43734259186819E-31));
#2683=DIRECTION('',(1.,0.,0.));
#2684=DIRECTION('',(-1.0729617423051E-17,-0.353294902863575,0.935512005059591));
#2685=DIRECTION('center_axis',(0.0257530092428979,-0.239228368026864,-0.970621744268146));
#2686=DIRECTION('ref_axis',(1.11022302462514E-14,0.970943771113469,-0.239307737726875));
#2687=DIRECTION('center_axis',(0.0977789593168915,-0.901964902118058,0.42059314124468));
#2688=DIRECTION('ref_axis',(0.994175293258313,0.107775165389557,-2.15220202770539E-8));
#2689=DIRECTION('center_axis',(0.959842330926623,-0.0866719869400359,-0.266815791214113));
#2690=DIRECTION('ref_axis',(1.11022302462513E-14,0.951079266343216,-0.308946968154811));
#2691=DIRECTION('center_axis',(-0.265099824186476,-0.873880796496908,0.407497775123043));
#2692=DIRECTION('ref_axis',(-1.11022302462513E-14,-0.422618659907749,-0.906307601368199));
#2693=DIRECTION('center_axis',(0.265099957018723,-0.873880587407955,-0.40749813710028));
#2694=DIRECTION('ref_axis',(5.55111512312579E-15,0.422619051323725,-0.90630741884762));
#2695=DIRECTION('center_axis',(-0.862247284448687,-0.214804986517551,0.458681194543727));
#2696=DIRECTION('ref_axis',(-1.11022302462511E-14,-0.905612014543295,-0.424107155227113));
#2697=DIRECTION('center_axis',(0.0403560332951726,-0.361855874022461,0.931360143560009));
#2698=DIRECTION('ref_axis',(-1.66533453693776E-14,-0.932119482138617,-0.362150895370475));
#2699=DIRECTION('center_axis',(-0.0999360114520903,0.901770688917608,0.420502578142048));
#2700=DIRECTION('ref_axis',(-1.11022302462516E-14,-0.422618261740749,0.906307787036627));
#2701=DIRECTION('center_axis',(1.,-1.3475810505795E-14,0.));
#2702=DIRECTION('ref_axis',(5.69513425177973E-15,0.4226190513239,-0.906307418847538));
#2703=DIRECTION('',(1.,-1.3475810505795E-14,0.));
#2704=DIRECTION('center_axis',(-1.,1.32810429320784E-14,4.43734259186819E-31));
#2705=DIRECTION('ref_axis',(5.69513425177973E-15,0.4226190513239,-0.906307418847538));
#2706=DIRECTION('',(1.,-1.3475810505795E-14,0.));
#2707=DIRECTION('center_axis',(1.,-1.3475810505795E-14,0.));
#2708=DIRECTION('ref_axis',(-1.22132307471028E-14,-0.906307694208872,0.422618460810454));
#2709=DIRECTION('',(1.,-1.3475810505795E-14,0.));
#2710=DIRECTION('center_axis',(1.,-1.32810429320784E-14,-4.43734259186819E-31));
#2711=DIRECTION('ref_axis',(-5.69512361150626E-15,-0.422618261740708,-0.906307787036646));
#2712=DIRECTION('center_axis',(0.2108972287913,-0.885923146589757,-0.413113225671431));
#2713=DIRECTION('ref_axis',(0.890652593434432,0.,0.454684459607452));
#2714=DIRECTION('center_axis',(-0.509778725527292,-0.779701625316196,-0.363580838987771));
#2715=DIRECTION('ref_axis',(-1.66533453693775E-14,0.42261826176642,-0.906307787024656));
#2716=DIRECTION('center_axis',(0.,1.,0.));
#2717=DIRECTION('ref_axis',(1.,0.,0.));
#2718=DIRECTION('center_axis',(0.,1.,0.));
#2719=DIRECTION('ref_axis',(-0.999303026037959,0.,0.0373291059547116));
#2720=DIRECTION('center_axis',(0.,1.,0.));
#2721=DIRECTION('ref_axis',(-1.,0.,1.33638947571386E-8));
#2722=DIRECTION('center_axis',(0.,1.,0.));
#2723=DIRECTION('ref_axis',(1.,0.,0.));
#2724=DIRECTION('center_axis',(0.,1.,0.));
#2725=DIRECTION('ref_axis',(1.,0.,0.));
#2726=DIRECTION('center_axis',(0.509778725515831,-0.779701625332665,0.363580838968523));
#2727=DIRECTION('ref_axis',(-5.55111512312579E-15,-0.422618261740704,-0.906307787036648));
#2728=DIRECTION('center_axis',(0.210896992751215,0.885923558131835,-0.413112463616777));
#2729=DIRECTION('ref_axis',(5.55111512312587E-15,0.422617861693737,0.906307973581505));
#2730=DIRECTION('center_axis',(-0.862247284448802,0.214804986517473,-0.458681194543547));
#2731=DIRECTION('ref_axis',(-1.11022302462518E-14,-0.905612014543306,-0.424107155227089));
#2732=DIRECTION('center_axis',(-0.0403560332952055,-0.361855874022483,0.931360143559999));
#2733=DIRECTION('ref_axis',(-0.993838494318663,0.11083793218214,-2.42034919883951E-8));
#2734=DIRECTION('center_axis',(0.265099195278306,0.873881309717182,0.407497083658003));
#2735=DIRECTION('ref_axis',(5.55111512312584E-15,0.422617866998425,-0.906307971107891));
#2736=DIRECTION('center_axis',(-0.265099055961039,0.87388152495224,-0.407496712717679));
#2737=DIRECTION('ref_axis',(-1.11022302462515E-14,-0.422617465505489,-0.9063081583268));
#2738=DIRECTION('center_axis',(0.959842330926561,0.0866719869400825,0.266815791214321));
#2739=DIRECTION('ref_axis',(1.11022302462513E-14,0.951079266343214,-0.308946968154816));
#2740=DIRECTION('center_axis',(0.0257530091676112,0.239228367324153,0.97062174444334));
#2741=DIRECTION('ref_axis',(1.6653345369377E-14,0.970943771286838,-0.239307737023467));
#2742=DIRECTION('center_axis',(-0.0977789593169332,-0.901964902118071,0.420593141244642));
#2743=DIRECTION('ref_axis',(5.55111512312589E-15,0.422618261740667,0.906307787036665));
#2744=DIRECTION('center_axis',(-0.0999360114520921,-0.901770688917625,-0.420502578142013));
#2745=DIRECTION('ref_axis',(-1.11022302462518E-14,-0.422618261740711,0.906307787036644));
#2746=DIRECTION('center_axis',(-1.,1.27897692436818E-14,0.));
#2747=DIRECTION('ref_axis',(5.4052001444164E-15,0.4226190513239,-0.906307418847538));
#2748=DIRECTION('',(-1.,1.27897692436818E-14,0.));
#2749=DIRECTION('center_axis',(1.,-1.32810429320784E-14,-4.43734259186819E-31));
#2750=DIRECTION('ref_axis',(5.4052001444164E-15,0.4226190513239,-0.906307418847538));
#2751=DIRECTION('',(-1.,1.27897692436818E-14,0.));
#2752=DIRECTION('center_axis',(-1.,1.27897692436818E-14,0.));
#2753=DIRECTION('ref_axis',(-5.40518499653437E-15,-0.422617866948972,0.906307971130951));
#2754=DIRECTION('',(-1.,1.27897692436818E-14,0.));
#2755=DIRECTION('center_axis',(-1.,1.32810429320784E-14,4.43734259186819E-31));
#2756=DIRECTION('ref_axis',(-5.40518499653437E-15,-0.422617866948972,0.906307971130951));
#2757=DIRECTION('center_axis',(-0.197822435639721,0.888397398593203,-0.414266033039637));
#2758=DIRECTION('ref_axis',(-0.902392484967994,0.,0.430915076405187));
#2759=DIRECTION('center_axis',(0.503181862274548,0.783213556875045,-0.365218479550336));
#2760=DIRECTION('ref_axis',(-7.40148683083443E-15,-0.422618261748952,-0.906307787032802));
#2761=DIRECTION('center_axis',(0.,1.,0.));
#2762=DIRECTION('ref_axis',(1.,0.,0.));
#2763=DIRECTION('center_axis',(0.,1.,0.));
#2764=DIRECTION('ref_axis',(1.,0.,0.));
#2765=DIRECTION('center_axis',(0.,1.,0.));
#2766=DIRECTION('ref_axis',(1.,0.,0.));
#2767=DIRECTION('center_axis',(0.,1.,0.));
#2768=DIRECTION('ref_axis',(1.,0.,0.));
#2769=DIRECTION('center_axis',(-0.503181862275055,0.783213556870057,0.365218479560333));
#2770=DIRECTION('ref_axis',(7.40148683083439E-15,0.422618261760673,-0.906307787027336));
#2771=DIRECTION('center_axis',(-0.197822657636724,-0.888396991581272,-0.414266799870433));
#2772=DIRECTION('ref_axis',(-7.40148683083467E-15,-0.422618663299936,0.906307599786394));
#2773=DIRECTION('center_axis',(-0.337354266803452,-0.932938303210235,-0.125770509550979));
#2774=DIRECTION('ref_axis',(0.,0.133602591933446,-0.9910349879942));
#2775=DIRECTION('center_axis',(0.442676558267478,-0.875305527674528,0.194621936026946));
#2776=DIRECTION('ref_axis',(-5.55111512312579E-15,-0.217046929153053,-0.976161170373637));
#2777=DIRECTION('center_axis',(1.,-1.3475810505795E-14,0.));
#2778=DIRECTION('ref_axis',(-5.69512361150618E-15,-0.422618261740702,0.906307787036649));
#2779=DIRECTION('',(1.,-1.3475810505795E-14,0.));
#2780=DIRECTION('center_axis',(1.,-1.32810429320784E-14,-4.43734259186819E-31));
#2781=DIRECTION('ref_axis',(-5.69512361150618E-15,-0.422618261740702,0.906307787036649));
#2782=DIRECTION('',(1.,-1.3475810505795E-14,0.));
#2783=DIRECTION('center_axis',(1.,-1.3475810505795E-14,0.));
#2784=DIRECTION('ref_axis',(-1.2213230736277E-14,-0.906307693405523,-0.422618462533242));
#2785=DIRECTION('',(1.,-1.3475810505795E-14,0.));
#2786=DIRECTION('center_axis',(1.,-1.32810429320784E-14,-4.43734259186819E-31));
#2787=DIRECTION('ref_axis',(5.69512902284372E-15,0.42261866330004,-0.906307599786346));
#2788=DIRECTION('center_axis',(0.421524605468496,0.888053403846304,-0.183516099843097));
#2789=DIRECTION('ref_axis',(-5.18104078158408E-14,-0.202373915619999,-0.979308326461401));
#2790=DIRECTION('center_axis',(-0.311416885272185,0.943049915743629,0.11694605586896));
#2791=DIRECTION('ref_axis',(-7.40148683083436E-15,0.123065695191412,-0.992398526131037));
#2792=DIRECTION('center_axis',(-1.,1.27897692436818E-14,0.));
#2793=DIRECTION('ref_axis',(-5.4051900458295E-15,-0.422618261740702,0.906307787036649));
#2794=DIRECTION('',(-1.,1.27897692436818E-14,0.));
#2795=DIRECTION('center_axis',(-1.,1.32810429320784E-14,4.43734259186819E-31));
#2796=DIRECTION('ref_axis',(-5.4051900458295E-15,-0.422618261740702,0.906307787036649));
#2797=DIRECTION('',(-1.,1.27897692436818E-14,0.));
#2798=DIRECTION('center_axis',(-1.,1.27897692436818E-14,0.));
#2799=DIRECTION('ref_axis',(5.40519004582939E-15,0.422618261740694,0.906307787036653));
#2800=DIRECTION('',(-1.,1.27897692436818E-14,0.));
#2801=DIRECTION('center_axis',(-1.,1.32810429320784E-14,4.43734259186819E-31));
#2802=DIRECTION('ref_axis',(5.40519004582939E-15,0.422618261740694,0.906307787036653));
#2803=DIRECTION('center_axis',(-1.,1.27897692436818E-14,0.));
#2804=DIRECTION('ref_axis',(-1.15914662624301E-14,-0.906307693405522,-0.422618462533244));
#2805=DIRECTION('center_axis',(-1.,1.32810429320784E-14,4.43734259186819E-31));
#2806=DIRECTION('ref_axis',(5.40519518168076E-15,0.42261866330004,-0.906307599786346));
#2807=DIRECTION('',(-1.,1.27897692436818E-14,0.));
#2808=DIRECTION('center_axis',(-1.,1.27897692436818E-14,0.));
#2809=DIRECTION('ref_axis',(-5.40517977412385E-15,-0.422617458621783,0.906308161536718));
#2810=DIRECTION('center_axis',(1.,-1.32810429320784E-14,-4.43734259186819E-31));
#2811=DIRECTION('ref_axis',(-5.40517977412385E-15,-0.422617458621783,0.906308161536718));
#2812=DIRECTION('center_axis',(-1.,1.27897692436818E-14,0.));
#2813=DIRECTION('ref_axis',(5.40519004582951E-15,0.422618261740703,-0.906307787036648));
#2814=DIRECTION('',(-1.,1.27897692436818E-14,0.));
#2815=DIRECTION('center_axis',(-1.,1.32810429320784E-14,4.43734259186819E-31));
#2816=DIRECTION('ref_axis',(5.40519004582951E-15,0.422618261740703,-0.906307787036648));
#2817=DIRECTION('center_axis',(-1.,1.27897692436818E-14,0.));
#2818=DIRECTION('ref_axis',(-1.15914662727704E-14,-0.906307694214003,0.422618460799451));
#2819=DIRECTION('center_axis',(-1.,1.32810429320784E-14,4.43734259186819E-31));
#2820=DIRECTION('ref_axis',(-5.40519004582958E-15,-0.422618261740708,-0.906307787036646));
#2821=DIRECTION('',(-2.48352685835193E-8,0.,1.));
#2822=DIRECTION('',(-2.48352685835193E-8,0.,1.));
#2823=DIRECTION('center_axis',(1.,-1.3475810505795E-14,0.));
#2824=DIRECTION('ref_axis',(-5.69511278882781E-15,-0.422617458621783,0.906308161536718));
#2825=DIRECTION('',(1.,-1.3475810505795E-14,0.));
#2826=DIRECTION('center_axis',(-1.,1.32810429320784E-14,4.43734259186819E-31));
#2827=DIRECTION('ref_axis',(-5.69511278882781E-15,-0.422617458621783,0.906308161536718));
#2828=DIRECTION('center_axis',(1.,-1.3475810505795E-14,0.));
#2829=DIRECTION('ref_axis',(5.69512361150606E-15,0.422618261740694,0.906307787036653));
#2830=DIRECTION('center_axis',(1.,-1.32810429320784E-14,-4.43734259186819E-31));
#2831=DIRECTION('ref_axis',(5.69512361150606E-15,0.422618261740694,0.906307787036653));
#2832=DIRECTION('center_axis',(1.,-1.3475810505795E-14,0.));
#2833=DIRECTION('ref_axis',(-5.69511829136763E-15,-0.422617866948972,0.906307971130951));
#2834=DIRECTION('center_axis',(1.,-1.32810429320784E-14,-4.43734259186819E-31));
#2835=DIRECTION('ref_axis',(-5.69511829136763E-15,-0.422617866948972,0.906307971130951));
#2836=DIRECTION('',(1.,-1.3475810505795E-14,0.));
#2837=DIRECTION('center_axis',(1.,-1.3475810505795E-14,0.));
#2838=DIRECTION('ref_axis',(5.69512361150618E-15,0.422618261740703,-0.906307787036648));
#2839=DIRECTION('center_axis',(1.,-1.32810429320784E-14,-4.43734259186819E-31));
#2840=DIRECTION('ref_axis',(5.69512361150618E-15,0.422618261740703,-0.906307787036648));
#2841=DIRECTION('center_axis',(0.54307042303782,0.478037868244635,0.690329133200713));
#2842=DIRECTION('ref_axis',(0.785948199169945,0.,-0.618292348506368));
#2843=DIRECTION('',(0.690667920477557,-0.721864907357949,-0.0434612373076024));
#2844=DIRECTION('center_axis',(-0.543070423037917,0.478037868244584,0.690329133200673));
#2845=DIRECTION('ref_axis',(0.785948199169874,0.,0.618292348506459));
#2846=DIRECTION('',(0.690667920477481,0.721864907358022,0.0434612373075839));
#2847=DIRECTION('center_axis',(-0.707106781186602,0.661506882659013,0.24981722157345));
#2848=DIRECTION('ref_axis',(0.333116680656445,0.,0.942885611868392));
#2849=DIRECTION('',(-1.08544171256911E-14,-0.353294902863575,0.935512005059591));
#2850=DIRECTION('',(1.08544171256911E-14,0.353294902863575,-0.935512005059591));
#2851=DIRECTION('center_axis',(0.707106781186526,0.661506882659078,0.249817221573491));
#2852=DIRECTION('ref_axis',(0.333116680656526,0.,-0.942885611868364));
#2853=DIRECTION('',(-1.08544171256911E-14,-0.353294902863575,0.935512005059591));
#2854=DIRECTION('',(1.08544171256911E-14,0.353294902863575,-0.935512005059591));
#2855=DIRECTION('center_axis',(1.,-1.44269448685684E-15,1.10578169613508E-14));
#2856=DIRECTION('ref_axis',(1.44269448685684E-15,1.,0.));
#2857=DIRECTION('center_axis',(-1.84510742075768E-15,0.935512005059592,
0.353294902863575));
#2858=DIRECTION('ref_axis',(-1.0729617423051E-17,-0.353294902863575,0.935512005059591));
#2859=DIRECTION('',(0.,-0.353294902863575,0.935512005059591));
#2860=DIRECTION('',(-1.,0.,0.));
#2861=DIRECTION('',(0.,0.353294902863575,-0.935512005059591));
#2862=DIRECTION('center_axis',(0.707106781186542,-0.707106781186553,-3.13767503715786E-31));
#2863=DIRECTION('ref_axis',(-4.43734259186819E-31,0.,-1.));
#2864=DIRECTION('',(4.43734259186819E-31,0.,1.));
#2865=DIRECTION('',(0.707106781186553,0.707106781186542,-1.7445471763153E-15));
#2866=DIRECTION('',(-4.43734259186819E-31,0.,-1.));
#2867=DIRECTION('',(0.577350269189632,0.577350269189622,0.577350269189624));
#2868=DIRECTION('center_axis',(5.5677037541978E-17,-0.707106781186549,0.707106781186546));
#2869=DIRECTION('ref_axis',(1.,0.,-7.87392216046215E-17));
#2870=DIRECTION('',(1.,0.,-7.87392216046215E-17));
#2871=DIRECTION('',(-0.577350269189621,0.577350269189627,0.577350269189629));
#2872=DIRECTION('',(-1.,0.,7.87392216046215E-17));
#2873=DIRECTION('center_axis',(-0.707106781186551,-0.707106781186544,3.13767503715791E-31));
#2874=DIRECTION('ref_axis',(4.43734259186819E-31,0.,1.));
#2875=DIRECTION('',(4.43734259186819E-31,0.,1.));
#2876=DIRECTION('',(0.707106781186544,-0.707106781186551,-1.37034180699568E-12));
#2877=DIRECTION('',(-4.43734259186819E-31,0.,-1.));
#2878=DIRECTION('center_axis',(-1.,1.32810429320784E-14,4.43734259186819E-31));
#2879=DIRECTION('ref_axis',(4.43734259186819E-31,0.,1.));
#2880=DIRECTION('',(-1.32810429320784E-14,-1.,5.89325374669417E-45));
#2881=DIRECTION('',(-4.09317159086168E-30,-3.4160764883082E-16,1.));
#2882=DIRECTION('',(1.32810429320784E-14,1.,-5.89325374669417E-45));
#2883=DIRECTION('center_axis',(-7.87392216046215E-17,1.04573898256941E-30,
-1.));
#2884=DIRECTION('ref_axis',(-1.,1.32810429320784E-14,7.87392216046215E-17));
#2885=DIRECTION('',(-1.,1.32810429320784E-14,7.87392216046215E-17));
#2886=DIRECTION('',(1.32810429320784E-14,1.,-5.89325374669417E-45));
#2887=DIRECTION('',(-1.,1.32810429320784E-14,7.87392216046215E-17));
#2888=DIRECTION('',(1.32810429320784E-14,1.,-5.89325374669417E-45));
#2889=DIRECTION('',(-1.32810429320784E-14,-1.,5.89325374669417E-45));
#2890=DIRECTION('',(1.,-1.33597821536831E-14,-7.87392216046215E-17));
#2891=DIRECTION('',(1.32810429320784E-14,1.,-5.89325374669417E-45));
#2892=DIRECTION('',(1.,-1.32810429320784E-14,-7.87392216046215E-17));
#2893=DIRECTION('center_axis',(1.,-1.32810429320784E-14,-4.43734259186819E-31));
#2894=DIRECTION('ref_axis',(-4.43734259186819E-31,0.,-1.));
#2895=DIRECTION('',(-1.32810429320784E-14,-1.,5.89325374669417E-45));
#2896=DIRECTION('',(4.09317159086168E-30,3.4160764883082E-16,-1.));
#2897=DIRECTION('center_axis',(0.,0.,-1.));
#2898=DIRECTION('ref_axis',(0.,1.,0.));
#2899=DIRECTION('',(-1.32810429320784E-14,-1.,5.89325374669417E-45));
#2900=DIRECTION('',(-1.,0.,0.));
#2901=DIRECTION('',(0.,1.,0.));
#2902=DIRECTION('center_axis',(0.,0.,-1.));
#2903=DIRECTION('ref_axis',(0.,1.,0.));
#2904=DIRECTION('',(-1.32810429320784E-14,-1.,5.89325374669417E-45));
#2905=DIRECTION('',(0.,-1.,0.));
#2906=DIRECTION('',(-1.,0.,0.));
#2907=DIRECTION('center_axis',(1.,0.,0.));
#2908=DIRECTION('ref_axis',(0.,1.,0.));
#2909=DIRECTION('',(0.,0.,1.));
#2910=DIRECTION('',(1.,0.,0.));
#2911=DIRECTION('',(1.,0.,0.));
#2912=DIRECTION('center_axis',(1.,0.,0.));
#2913=DIRECTION('ref_axis',(0.,1.,0.));
#2914=DIRECTION('',(0.,0.,-1.));
#2915=DIRECTION('center_axis',(0.,1.,0.));
#2916=DIRECTION('ref_axis',(0.,0.,1.));
#2917=DIRECTION('',(0.,0.,1.));
#2918=DIRECTION('',(0.,0.,-1.));
#2919=DIRECTION('',(-1.,0.,0.));
#2920=DIRECTION('',(0.,0.,1.));
#2921=DIRECTION('',(0.,0.,-1.));
#2922=DIRECTION('',(-1.,0.,0.));
#2923=DIRECTION('',(1.,0.,-2.46716227694479E-15));
#2924=DIRECTION('',(4.43734259186819E-31,0.,1.));
#2925=DIRECTION('',(-4.43734259186819E-31,0.,-1.));
#2926=DIRECTION('',(1.,0.,-1.93795596854014E-12));
#2927=DIRECTION('center_axis',(0.,1.,0.));
#2928=DIRECTION('ref_axis',(1.,0.,0.));
#2929=DIRECTION('center_axis',(0.,1.,0.));
#2930=DIRECTION('ref_axis',(1.,0.,0.));
#2931=DIRECTION('',(-1.,2.22044604925031E-15,-1.11022302462516E-14));
#2932=DIRECTION('center_axis',(1.,-1.44269448685684E-15,1.10578169613508E-14));
#2933=DIRECTION('ref_axis',(1.44269448685684E-15,1.,0.));
#2934=DIRECTION('center_axis',(0.,0.,1.));
#2935=DIRECTION('ref_axis',(1.,0.,0.));
#2936=DIRECTION('center_axis',(0.,0.,-1.));
#2937=DIRECTION('ref_axis',(1.,0.,0.));
#2938=DIRECTION('',(0.,1.,0.));
#2939=DIRECTION('',(0.,-1.,0.));
#2940=DIRECTION('center_axis',(-1.,0.,0.));
#2941=DIRECTION('ref_axis',(0.,-1.,0.));
#2942=DIRECTION('',(0.,0.,1.));
#2943=DIRECTION('center_axis',(0.,0.,1.));
#2944=DIRECTION('ref_axis',(1.,0.,0.));
#2945=DIRECTION('',(0.,0.,-1.));
#2946=DIRECTION('center_axis',(1.,0.,0.));
#2947=DIRECTION('ref_axis',(0.,1.,0.));
#2948=DIRECTION('center_axis',(0.,0.,1.));
#2949=DIRECTION('ref_axis',(1.,0.,0.));
#2950=DIRECTION('',(0.,1.,0.));
#2951=DIRECTION('',(0.,-1.,0.));
#2952=DIRECTION('center_axis',(0.,0.,-1.));
#2953=DIRECTION('ref_axis',(1.,0.,0.));
#2954=DIRECTION('center_axis',(-1.,0.,0.));
#2955=DIRECTION('ref_axis',(0.,-1.,0.));
#2956=DIRECTION('',(0.,0.,-1.));
#2957=DIRECTION('center_axis',(0.,0.,1.));
#2958=DIRECTION('ref_axis',(1.,0.,0.));
#2959=DIRECTION('',(0.,0.,1.));
#2960=DIRECTION('center_axis',(1.,0.,0.));
#2961=DIRECTION('ref_axis',(0.,1.,0.));
#2962=DIRECTION('center_axis',(2.46716227694479E-15,-3.27664881205082E-29,
1.));
#2963=DIRECTION('ref_axis',(1.,-1.32810429320784E-14,-2.46716227694479E-15));
#2964=DIRECTION('',(1.,-1.32810429320784E-14,-2.46716227694479E-15));
#2965=DIRECTION('',(1.32810429320784E-14,1.,-5.89325374669417E-45));
#2966=DIRECTION('center_axis',(-1.,1.32810429320784E-14,4.43734259186819E-31));
#2967=DIRECTION('ref_axis',(4.43734259186819E-31,0.,1.));
#2968=DIRECTION('',(-1.32810429320784E-14,-1.,5.89325374669417E-45));
#2969=DIRECTION('center_axis',(4.43734259186819E-31,0.,1.));
#2970=DIRECTION('ref_axis',(1.,-1.32810429320784E-14,-4.43734259186819E-31));
#2971=DIRECTION('',(-1.,1.32810429320784E-14,4.43734259186819E-31));
#2972=DIRECTION('',(-1.32810429320784E-14,-1.,5.89325374669417E-45));
#2973=DIRECTION('center_axis',(1.,-1.32810429320784E-14,-4.43734259186819E-31));
#2974=DIRECTION('ref_axis',(-4.43734259186819E-31,0.,-1.));
#2975=DIRECTION('',(-1.32810429320784E-14,-1.,5.89325374669417E-45));
#2976=DIRECTION('center_axis',(9.39111551850234E-15,0.707106781186548,-0.707106781186548));
#2977=DIRECTION('ref_axis',(9.39111551850234E-15,0.707106781186548,0.707106781186548));
#2978=DIRECTION('',(-9.39111551850234E-15,-0.707106781186548,-0.707106781186548));
#2979=DIRECTION('',(-2.70048640081436E-9,0.707106781186548,0.707106781186548));
#2980=DIRECTION('',(1.,-1.32810429320784E-14,-4.43734259186819E-31));
#2981=DIRECTION('center_axis',(1.,-1.32810429320784E-14,3.8190777740787E-9));
#2982=DIRECTION('ref_axis',(3.8190777740787E-9,-5.07213358784858E-23,-1.));
#2983=DIRECTION('',(-3.8190777740787E-9,5.07213358784858E-23,1.));
#2984=DIRECTION('',(-1.32810429320784E-14,-1.,5.89325374669417E-45));
#2985=DIRECTION('center_axis',(4.43734259186819E-31,0.,1.));
#2986=DIRECTION('ref_axis',(1.,-1.32810429320784E-14,-4.43734259186819E-31));
#2987=DIRECTION('',(1.,-1.32810429320784E-14,-4.43734259186819E-31));
#2988=DIRECTION('',(1.32810429320784E-14,1.,-5.89325374669417E-45));
#2989=DIRECTION('center_axis',(-1.,1.32810429320784E-14,4.43734259186819E-31));
#2990=DIRECTION('ref_axis',(4.43734259186819E-31,0.,1.));
#2991=DIRECTION('',(-4.43734259186819E-31,0.,-1.));
#2992=DIRECTION('center_axis',(1.32810429320784E-14,1.,-5.89325374669417E-45));
#2993=DIRECTION('ref_axis',(4.43734259186819E-31,0.,1.));
#2994=DIRECTION('center_axis',(-1.32810429320784E-14,-1.,-3.4160764883082E-16));
#2995=DIRECTION('ref_axis',(4.09317159086168E-30,3.4160764883082E-16,-1.));
#2996=DIRECTION('',(1.,-1.32810429320784E-14,-4.43734259186819E-31));
#2997=DIRECTION('center_axis',(-1.32810429320784E-14,-1.,-3.4160764883082E-16));
#2998=DIRECTION('ref_axis',(4.09317159086168E-30,3.4160764883082E-16,-1.));
#2999=DIRECTION('',(1.,-1.32810429320784E-14,-4.43734259186819E-31));
#3000=DIRECTION('',(4.09317159086168E-30,3.4160764883082E-16,-1.));
#3001=DIRECTION('center_axis',(1.37044602232323E-20,1.03188132836221E-6,
0.999999999999468));
#3002=DIRECTION('ref_axis',(-1.32810429320714E-14,-0.999999999999468,1.03188132836221E-6));
#3003=DIRECTION('',(-1.32810429320714E-14,-0.999999999999468,1.03188132836221E-6));
#3004=DIRECTION('',(1.,-1.32810429320784E-14,-1.93795596854014E-12));
#3005=DIRECTION('center_axis',(1.,-1.32810429320784E-14,-4.43734259186819E-31));
#3006=DIRECTION('ref_axis',(-1.32810429320784E-14,-1.,5.89325374669417E-45));
#3007=DIRECTION('center_axis',(1.93795596854014E-12,-2.57380764186592E-26,
1.));
#3008=DIRECTION('ref_axis',(1.,-1.32810429320784E-14,-1.93795596854014E-12));
#3009=DIRECTION('center_axis',(2.48352685835193E-8,0.,1.));
#3010=DIRECTION('ref_axis',(0.942809041582064,0.333333333333332,-2.34149157933109E-8));
#3011=DIRECTION('',(-2.48352685835193E-8,0.,-1.));
#3012=DIRECTION('center_axis',(-0.38268343007061,0.,-0.923879533461692));
#3013=DIRECTION('ref_axis',(-0.923879533461692,0.,0.38268343007061));
#3014=DIRECTION('center_axis',(0.382683420892691,-1.70952055708294E-16,
-0.92387953726331));
#3015=DIRECTION('ref_axis',(-0.92387953726331,4.12714756911002E-16,-0.382683420892691));
#3016=DIRECTION('',(-2.48352685835193E-8,0.,-1.));
#3017=DIRECTION('center_axis',(2.48352685835193E-8,0.,-1.));
#3018=DIRECTION('ref_axis',(-0.942809041582064,0.333333333333332,-2.34149157933109E-8));
#3019=DIRECTION('center_axis',(0.382683420892691,-4.27380139270734E-17,
0.92387953726331));
#3020=DIRECTION('ref_axis',(0.92387953726331,1.03178689227751E-16,-0.382683420892691));
#3021=DIRECTION('center_axis',(-0.382683430070609,1.70952055004853E-16,
0.923879533461692));
#3022=DIRECTION('ref_axis',(0.923879533461692,-4.1271480159842E-16,0.382683430070609));
#3023=DIRECTION('center_axis',(0.,1.,0.));
#3024=DIRECTION('ref_axis',(1.,0.,0.));
#3025=DIRECTION('center_axis',(0.,-1.,0.));
#3026=DIRECTION('ref_axis',(1.,0.,0.));
#3027=DIRECTION('',(-0.707106781186551,0.707106781186544,-8.65956056235497E-17));
#3028=DIRECTION('center_axis',(0.,1.,0.));
#3029=DIRECTION('ref_axis',(1.,0.,0.));
#3030=DIRECTION('',(0.,1.,0.));
#3031=DIRECTION('center_axis',(0.,1.,0.));
#3032=DIRECTION('ref_axis',(1.,0.,0.));
#3033=DIRECTION('center_axis',(0.,-1.,0.));
#3034=DIRECTION('ref_axis',(1.,0.,0.));
#3035=DIRECTION('',(-0.707106781186551,0.707106781186544,-8.65956056235497E-17));
#3036=DIRECTION('center_axis',(0.,1.,0.));
#3037=DIRECTION('ref_axis',(1.,0.,0.));
#3038=DIRECTION('',(0.,1.,0.));
#3039=DIRECTION('center_axis',(0.707106760113122,0.,0.707106802259972));
#3040=DIRECTION('ref_axis',(0.666666686534882,0.333333333333332,-0.666666646798451));
#3041=DIRECTION('',(-0.707106760113122,0.,-0.707106802259972));
#3042=DIRECTION('center_axis',(-0.707106781186547,0.,0.707106781186548));
#3043=DIRECTION('ref_axis',(0.666666666666668,0.333333333333332,0.666666666666666));
#3044=DIRECTION('',(0.707106781186547,0.,-0.707106781186548));
#3045=DIRECTION('center_axis',(-0.707106781186547,0.,-0.707106781186548));
#3046=DIRECTION('ref_axis',(-0.666666666666668,0.333333333333332,0.666666666666666));
#3047=DIRECTION('',(0.707106781186547,0.,0.707106781186548));
#3048=DIRECTION('center_axis',(0.707106760113122,0.,-0.707106802259972));
#3049=DIRECTION('ref_axis',(-0.666666686534883,0.333333333333332,-0.666666646798451));
#3050=DIRECTION('',(-0.707106760113122,0.,0.707106802259972));
#3051=CARTESIAN_POINT('',(0.,0.,0.));
#3052=CARTESIAN_POINT('Origin',(-15.4499999999961,276.,-12.6862915010152));
#3053=CARTESIAN_POINT('',(-16.449999999996,283.214999090193,-22.2750238535483));
#3054=CARTESIAN_POINT('',(-16.4499999999958,288.,-12.6862915010152));
#3055=CARTESIAN_POINT('Origin',(-16.449999999996,276.,-12.6862915010152));
#3056=CARTESIAN_POINT('',(-14.449999999996,287.,-12.6862915010152));
#3057=CARTESIAN_POINT('',(-16.4499999999958,288.,-12.6862915010152));
#3058=CARTESIAN_POINT('',(-14.4499999999961,282.841346545623,-21.3000001937151));
#3059=CARTESIAN_POINT('Origin',(-14.4499999999962,276.,-12.6862915010152));
#3060=CARTESIAN_POINT('',(-14.466844415811,282.85488016415,-21.3000001937151));
#3061=CARTESIAN_POINT('Ctrl Pts',(-14.4499999999961,282.841346545623,-21.3000001937151));
#3062=CARTESIAN_POINT('Ctrl Pts',(-14.4584138856882,282.848110765356,-21.3000001937151));
#3063=CARTESIAN_POINT('Ctrl Pts',(-14.466844415811,282.85488016415,-21.3000001937151));
#3064=CARTESIAN_POINT('Ctrl Pts',(-14.466844415811,282.85488016415,-21.3000001937151));
#3065=CARTESIAN_POINT('Ctrl Pts',(-15.1258706536257,282.975086787453,-21.6254601829383));
#3066=CARTESIAN_POINT('Ctrl Pts',(-15.7899444732122,283.095627582554,-21.9518249438534));
#3067=CARTESIAN_POINT('Ctrl Pts',(-16.449999999996,283.214999090193,-22.2750238535484));
#3068=CARTESIAN_POINT('Origin',(15.450000000004,287.5,-8.0000053913));
#3069=CARTESIAN_POINT('',(14.450000000004,287.,-3.31370839467664));
#3070=CARTESIAN_POINT('',(16.450000000004,288.,-3.31370839467664));
#3071=CARTESIAN_POINT('',(14.450000000004,287.,-3.31370839467664));
#3072=CARTESIAN_POINT('',(16.450000000004,288.,-12.6862915010152));
#3073=CARTESIAN_POINT('',(16.450000000004,288.,-8.0000053913));
#3074=CARTESIAN_POINT('',(14.450000000004,287.,-12.6862915010152));
#3075=CARTESIAN_POINT('',(16.450000000004,288.,-12.6862915010152));
#3076=CARTESIAN_POINT('',(14.450000000004,287.,-8.0000053913));
#3077=CARTESIAN_POINT('Origin',(15.4500000000039,276.,-12.6862915010152));
#3078=CARTESIAN_POINT('',(14.4500000000039,282.841346545623,-21.3000001937151));
#3079=CARTESIAN_POINT('Origin',(14.4500000000038,276.,-12.6862915010152));
#3080=CARTESIAN_POINT('',(16.450000000004,283.214999090193,-22.2750238535483));
#3081=CARTESIAN_POINT('Origin',(16.450000000004,276.,-12.6862915010152));
#3082=CARTESIAN_POINT('',(14.4668444158189,282.85488016415,-21.3000001937151));
#3083=CARTESIAN_POINT('Ctrl Pts',(16.450000000004,283.214999090193,-22.2750238535482));
#3084=CARTESIAN_POINT('Ctrl Pts',(15.7899444732074,283.095627582552,-21.9518249438471));
#3085=CARTESIAN_POINT('Ctrl Pts',(15.1258706536286,282.975086787452,-21.6254601829359));
#3086=CARTESIAN_POINT('Ctrl Pts',(14.4668444158189,282.85488016415,-21.3000001937151));
#3087=CARTESIAN_POINT('Ctrl Pts',(14.4668444158189,282.85488016415,-21.3000001937151));
#3088=CARTESIAN_POINT('Ctrl Pts',(14.458413885696,282.848110765356,-21.3000001937151));
#3089=CARTESIAN_POINT('Ctrl Pts',(14.4500000000039,282.841346545623,-21.3000001937151));
#3090=CARTESIAN_POINT('Origin',(15.4500000000039,276.,-3.31370839467664));
#3091=CARTESIAN_POINT('',(14.4500000000039,283.202961030856,4.99997625101263));
#3092=CARTESIAN_POINT('',(16.4500000000041,284.653477480136,4.99997475425179));
#3093=CARTESIAN_POINT('Ctrl Pts',(16.4500000000042,284.653477480136,4.99997475425179));
#3094=CARTESIAN_POINT('Ctrl Pts',(15.3585218274111,283.896686289207,4.99997553517049));
#3095=CARTESIAN_POINT('Ctrl Pts',(14.4500000000038,283.202961030856,4.99997625101263));
#3096=CARTESIAN_POINT('Origin',(16.450000000004,276.,-3.31370839467664));
#3097=CARTESIAN_POINT('Origin',(14.4500000000038,276.,-3.31370839467664));
#3098=CARTESIAN_POINT('Origin',(1.95440857710774E-17,283.034939627171,-21.7875120236317));
#3099=CARTESIAN_POINT('',(3.90881715421549E-17,282.85488016415,-21.3000001937151));
#3100=CARTESIAN_POINT('',(0.,283.214999090193,-22.2750238535483));
#3101=CARTESIAN_POINT('Origin',(-15.449999999996,287.5,-8.0000053913));
#3102=CARTESIAN_POINT('',(-16.449999999996,288.,-3.31370839467664));
#3103=CARTESIAN_POINT('',(-16.449999999996,288.,-8.0000053913));
#3104=CARTESIAN_POINT('',(-14.449999999996,287.,-3.31370839467664));
#3105=CARTESIAN_POINT('',(-16.449999999996,288.,-3.31370839467664));
#3106=CARTESIAN_POINT('',(-14.449999999996,287.,-8.0000053913));
#3107=CARTESIAN_POINT('Origin',(-15.4499999999961,276.,-3.31370839467664));
#3108=CARTESIAN_POINT('',(-16.4499999999959,284.653477480136,4.99997475425179));
#3109=CARTESIAN_POINT('',(-14.4499999999961,283.202961030856,4.99997625101263));
#3110=CARTESIAN_POINT('Ctrl Pts',(-14.449999999996,283.202961030856,4.99997625101263));
#3111=CARTESIAN_POINT('Ctrl Pts',(-15.3585218274029,283.896686289207,4.99997553517049));
#3112=CARTESIAN_POINT('Ctrl Pts',(-16.4499999999961,284.653477480136,4.99997475425179));
#3113=CARTESIAN_POINT('Origin',(-14.4499999999962,276.,-3.31370839467664));
#3114=CARTESIAN_POINT('Origin',(-16.449999999996,276.,-3.31370839467664));
#3115=CARTESIAN_POINT('Origin',(-14.4499999999961,283.493532734208,-8.00001083475406));
#3116=CARTESIAN_POINT('',(-14.4499999999961,281.,4.99997852420698));
#3117=CARTESIAN_POINT('',(-14.4499999999961,282.74678075969,4.99997672173653));
#3118=CARTESIAN_POINT('',(-14.4499999999961,281.,-21.3000001937151));
#3119=CARTESIAN_POINT('',(-14.4499999999961,281.,-1.50001615528068));
#3120=CARTESIAN_POINT('',(-14.4499999999963,270.246766255345,-21.3000001937151));
#3121=CARTESIAN_POINT('Origin',(0.,288.,-7.99999994784594));
#3122=CARTESIAN_POINT('',(-22.6862916578179,288.,-12.6862915010152));
#3123=CARTESIAN_POINT('',(-6.12323399573677E-16,288.,-12.6862915010152));
#3124=CARTESIAN_POINT('',(-22.6862918905885,288.,-3.31370839467664));
#3125=CARTESIAN_POINT('',(-22.6862920473911,288.,3.00000021144023));
#3126=CARTESIAN_POINT('',(-4.33128948555762E-16,288.,-3.31370839467664));
#3127=CARTESIAN_POINT('Origin',(-6.12323399573677E-16,276.,-12.6862915010152));
#3128=CARTESIAN_POINT('',(22.6862916578179,288.,-12.6862915010152));
#3129=CARTESIAN_POINT('',(-6.12323399573677E-16,288.,-12.6862915010152));
#3130=CARTESIAN_POINT('',(25.4644664135471,287.673977241851,-15.4644663257412));
#3131=CARTESIAN_POINT('Origin',(22.6862916578179,276.,-12.6862915010152));
#3132=CARTESIAN_POINT('',(29.000000372529,280.,-24.));
#3133=CARTESIAN_POINT('Origin',(24.3137086740014,276.,-12.6862915010152));
#3134=CARTESIAN_POINT('',(-29.000000372529,280.,-24.));
#3135=CARTESIAN_POINT('',(-6.12323399573677E-16,280.,-24.));
#3136=CARTESIAN_POINT('',(-25.4644664135471,287.673977241851,-15.4644663257412));
#3137=CARTESIAN_POINT('Origin',(-24.3137086740013,276.,-12.6862915010152));
#3138=CARTESIAN_POINT('Origin',(-22.6862916578179,276.,-12.6862915010152));
#3139=CARTESIAN_POINT('Origin',(-4.33128948555762E-16,276.,-3.31370839467664));
#3140=CARTESIAN_POINT('',(-1.14851626734496E-16,284.653477480136,4.99997475425179));
#3141=CARTESIAN_POINT('',(-25.4644664057561,287.67397733194,-0.535533948505714));
#3142=CARTESIAN_POINT('Origin',(-22.6862918905885,276.,-3.31370839467664));
#3143=CARTESIAN_POINT('',(-29.000000372529,280.,8.00000010430813));
#3144=CARTESIAN_POINT('Origin',(-24.3137088715138,276.,-3.31370839467664));
#3145=CARTESIAN_POINT('',(29.000000372529,280.,8.00000010430813));
#3146=CARTESIAN_POINT('',(0.,280.,8.00000010430813));
#3147=CARTESIAN_POINT('',(25.4644664057561,287.67397733194,-0.535533948505719));
#3148=CARTESIAN_POINT('Origin',(24.3137088715138,276.,-3.31370839467664));
#3149=CARTESIAN_POINT('',(22.6862918905885,288.,-3.31370839467664));
#3150=CARTESIAN_POINT('Origin',(22.6862918905885,276.,-3.31370839467664));
#3151=CARTESIAN_POINT('',(-4.33128948555762E-16,288.,-3.31370839467664));
#3152=CARTESIAN_POINT('Origin',(0.,288.,-7.99999994784594));
#3153=CARTESIAN_POINT('',(22.6862920473911,288.,3.00000021144023));
#3154=CARTESIAN_POINT('Ctrl Pts',(-15.,266.246576819618,10.6054847839332));
#3155=CARTESIAN_POINT('Ctrl Pts',(-4.99999999999999,266.246576819618,10.6054847839332));
#3156=CARTESIAN_POINT('Ctrl Pts',(5.00000000000001,266.246576819618,10.6054847839332));
#3157=CARTESIAN_POINT('Ctrl Pts',(15.,266.246576819618,10.6054847839332));
#3158=CARTESIAN_POINT('Ctrl Pts',(-15.,265.826295009403,10.1016241321274));
#3159=CARTESIAN_POINT('Ctrl Pts',(-5.,265.826295009403,10.1016241321274));
#3160=CARTESIAN_POINT('Ctrl Pts',(5.00000000000001,265.826295009403,10.1016241321274));
#3161=CARTESIAN_POINT('Ctrl Pts',(15.,265.826295009403,10.1016241321274));
#3162=CARTESIAN_POINT('Ctrl Pts',(-15.,265.406013199189,9.59776348032171));
#3163=CARTESIAN_POINT('Ctrl Pts',(-4.99999999999997,265.406013199189,9.59776348032171));
#3164=CARTESIAN_POINT('Ctrl Pts',(5.00000000000002,265.406013199189,9.59776348032169));
#3165=CARTESIAN_POINT('Ctrl Pts',(15.,265.406013199189,9.59776348032169));
#3166=CARTESIAN_POINT('Ctrl Pts',(-15.,264.985731388975,9.09390282851598));
#3167=CARTESIAN_POINT('Ctrl Pts',(-4.99999999999998,264.985731388975,9.09390282851598));
#3168=CARTESIAN_POINT('Ctrl Pts',(5.00000000000002,264.985731388975,9.09390282851596));
#3169=CARTESIAN_POINT('Ctrl Pts',(15.,264.985731388975,9.09390282851595));
#3170=CARTESIAN_POINT('',(15.,266.246576819618,10.6054847839332));
#3171=CARTESIAN_POINT('',(15.,264.985731388975,9.09390282851595));
#3172=CARTESIAN_POINT('Ctrl Pts',(15.,266.246576819618,10.6054847839332));
#3173=CARTESIAN_POINT('Ctrl Pts',(15.,266.036435914511,10.3535544580303));
#3174=CARTESIAN_POINT('Ctrl Pts',(15.,265.826295009403,10.1016241321274));
#3175=CARTESIAN_POINT('Ctrl Pts',(15.,265.406013199189,9.59776348032168));
#3176=CARTESIAN_POINT('Ctrl Pts',(15.,265.195872294082,9.34583315441883));
#3177=CARTESIAN_POINT('Ctrl Pts',(15.,264.985731388975,9.09390282851596));
#3178=CARTESIAN_POINT('',(-15.,266.246576819618,10.6054847839332));
#3179=CARTESIAN_POINT('Ctrl Pts',(15.,266.246576819618,10.6054847839332));
#3180=CARTESIAN_POINT('Ctrl Pts',(5.00000000000001,266.246576819618,10.6054847839332));
#3181=CARTESIAN_POINT('Ctrl Pts',(-4.99999999999999,266.246576819618,10.6054847839332));
#3182=CARTESIAN_POINT('Ctrl Pts',(-15.,266.246576819618,10.6054847839332));
#3183=CARTESIAN_POINT('',(-15.,264.985731388975,9.09390282851598));
#3184=CARTESIAN_POINT('Ctrl Pts',(-15.,264.985731388975,9.09390282851598));
#3185=CARTESIAN_POINT('Ctrl Pts',(-15.,265.195872294082,9.34583315441884));
#3186=CARTESIAN_POINT('Ctrl Pts',(-15.,265.406013199189,9.59776348032172));
#3187=CARTESIAN_POINT('Ctrl Pts',(-15.,265.826295009403,10.1016241321274));
#3188=CARTESIAN_POINT('Ctrl Pts',(-15.,266.03643591451,10.3535544580303));
#3189=CARTESIAN_POINT('Ctrl Pts',(-15.,266.246576819618,10.6054847839332));
#3190=CARTESIAN_POINT('Ctrl Pts',(-15.,264.985731388975,9.09390282851598));
#3191=CARTESIAN_POINT('Ctrl Pts',(-4.99999999999998,264.985731388975,9.09390282851598));
#3192=CARTESIAN_POINT('Ctrl Pts',(5.00000000000002,264.985731388975,9.09390282851596));
#3193=CARTESIAN_POINT('Ctrl Pts',(15.,264.985731388975,9.09390282851595));
#3194=CARTESIAN_POINT('Origin',(1.37630953467341E-16,266.531788442088,5.00000019371509));
#3195=CARTESIAN_POINT('',(-15.,266.531788442088,5.0000001937151));
#3196=CARTESIAN_POINT('',(-15.,262.000003904104,17.0000002086163));
#3197=CARTESIAN_POINT('',(-12.2999999999963,266.531788442088,5.0000001937151));
#3198=CARTESIAN_POINT('',(0.,266.531788442088,5.0000001937151));
#3199=CARTESIAN_POINT('',(12.3000000000037,266.531788442088,5.0000001937151));
#3200=CARTESIAN_POINT('',(-6.14999999999822,266.531788442088,5.0000001937151));
#3201=CARTESIAN_POINT('',(15.,266.531788442088,5.0000001937151));
#3202=CARTESIAN_POINT('',(0.,266.531788442088,5.0000001937151));
#3203=CARTESIAN_POINT('',(15.,262.000003904104,17.0000002086163));
#3204=CARTESIAN_POINT('Ctrl Pts',(34.0164282877617,272.886908672403,-12.5315389756984));
#3205=CARTESIAN_POINT('Ctrl Pts',(34.0703351922406,272.5317187899,-12.365911213388));
#3206=CARTESIAN_POINT('Ctrl Pts',(34.178307184306,271.81716756502,-11.7279128775996));
#3207=CARTESIAN_POINT('Ctrl Pts',(34.2012163922442,271.664648183523,-10.7499434472147));
#3208=CARTESIAN_POINT('Ctrl Pts',(34.18228573451,271.79025764753,-10.2403079133681));
#3209=CARTESIAN_POINT('Ctrl Pts',(34.2477310158248,272.907504912711,-12.5411431602832));
#3210=CARTESIAN_POINT('Ctrl Pts',(34.2988998770685,272.548604698626,-12.3788393411554));
#3211=CARTESIAN_POINT('Ctrl Pts',(34.401765614924,271.820561568412,-11.7416570384713));
#3212=CARTESIAN_POINT('Ctrl Pts',(34.4237620884055,271.663165638856,-10.7494810172674));
#3213=CARTESIAN_POINT('Ctrl Pts',(34.4057066624373,271.791635023937,-10.2347194812687));
#3214=CARTESIAN_POINT('Ctrl Pts',(34.6485014668976,272.8633577085,-12.7289877507176));
#3215=CARTESIAN_POINT('Ctrl Pts',(34.6952882860185,272.465604258953,-12.5513965715021));
#3216=CARTESIAN_POINT('Ctrl Pts',(34.7897877044632,271.656918389453,-11.8504716285218));
#3217=CARTESIAN_POINT('Ctrl Pts',(34.8100238862933,271.48219513883,-10.753224534689));
#3218=CARTESIAN_POINT('Ctrl Pts',(34.7933788880003,271.625165156096,-10.1834038771092));
#3219=CARTESIAN_POINT('Ctrl Pts',(34.8038670360979,272.707921727485,-13.0984404779102));
#3220=CARTESIAN_POINT('Ctrl Pts',(34.854554430473,272.240195268586,-12.8828083977957));
#3221=CARTESIAN_POINT('Ctrl Pts',(34.9564181577929,271.296754794422,-12.0472429952413));
#3222=CARTESIAN_POINT('Ctrl Pts',(34.9781597395509,271.094798995508,-10.7596534141523));
#3223=CARTESIAN_POINT('Ctrl Pts',(34.9602764206969,271.260890508173,-10.089193188158));
#3224=CARTESIAN_POINT('Ctrl Pts',(34.8117685223683,272.635034195322,-13.2565852225453));
#3225=CARTESIAN_POINT('Ctrl Pts',(34.865696300435,272.137575811566,-13.0247063555246));
#3226=CARTESIAN_POINT('Ctrl Pts',(34.9737101032691,271.136816717178,-12.131508686539));
#3227=CARTESIAN_POINT('Ctrl Pts',(34.9966281831927,270.923206891275,-10.7623514861223));
#3228=CARTESIAN_POINT('Ctrl Pts',(34.9776901945875,271.099128239477,-10.0488617399295));
#3229=CARTESIAN_POINT('',(34.18228573451,271.79025764753,-10.2403079133681));
#3230=CARTESIAN_POINT('',(34.9776901942104,271.09912824298,-10.0488617408031));
#3231=CARTESIAN_POINT('Origin',(34.18228573451,271.013502630639,-10.0488617231866));
#3232=CARTESIAN_POINT('',(34.8117685223683,272.635034195322,-13.2565852225453));
#3233=CARTESIAN_POINT('Ctrl Pts',(34.9776901945875,271.099128239477,-10.0488617399295));
#3234=CARTESIAN_POINT('Ctrl Pts',(34.9966281831927,270.923206891275,-10.7623514861223));
#3235=CARTESIAN_POINT('Ctrl Pts',(34.9737101032691,271.136816717178,-12.131508686539));
#3236=CARTESIAN_POINT('Ctrl Pts',(34.865696300435,272.137575811566,-13.0247063555246));
#3237=CARTESIAN_POINT('Ctrl Pts',(34.8117685223683,272.635034195322,-13.2565852225453));
#3238=CARTESIAN_POINT('',(34.0164282877617,272.886908672403,-12.5315389756984));
#3239=CARTESIAN_POINT('Origin',(34.0164282877617,272.548814063011,-13.2565852053277));
#3240=CARTESIAN_POINT('Ctrl Pts',(34.0164282877617,272.886908672403,-12.5315389756984));
#3241=CARTESIAN_POINT('Ctrl Pts',(34.0703351922406,272.5317187899,-12.365911213388));
#3242=CARTESIAN_POINT('Ctrl Pts',(34.178307184306,271.81716756502,-11.7279128775996));
#3243=CARTESIAN_POINT('Ctrl Pts',(34.2012163922442,271.664648183523,-10.7499434472147));
#3244=CARTESIAN_POINT('Ctrl Pts',(34.18228573451,271.79025764753,-10.2403079133681));
#3245=CARTESIAN_POINT('Ctrl Pts',(34.1822857345571,271.790257647218,-10.2403079146341));
#3246=CARTESIAN_POINT('Ctrl Pts',(34.181119657569,271.797994848013,-10.2089157540206));
#3247=CARTESIAN_POINT('Ctrl Pts',(34.1493930324251,271.81498305367,-10.1473827077241));
#3248=CARTESIAN_POINT('Ctrl Pts',(34.0721668377808,271.827183484016,-10.1096588938625));
#3249=CARTESIAN_POINT('Ctrl Pts',(34.0287058967516,271.829986657292,-10.1010294517339));
#3250=CARTESIAN_POINT('Ctrl Pts',(34.293996198537,271.790946335443,-10.2375136984882));
#3251=CARTESIAN_POINT('Ctrl Pts',(34.2967243254678,271.804461871196,-10.1829332452955));
#3252=CARTESIAN_POINT('Ctrl Pts',(34.2607101208573,271.836251370803,-10.0723697877624));
#3253=CARTESIAN_POINT('Ctrl Pts',(34.1423623326324,271.864987580354,-9.99120346923506));
#3254=CARTESIAN_POINT('Ctrl Pts',(34.0687410935181,271.872305227795,-9.97075364670978));
#3255=CARTESIAN_POINT('Ctrl Pts',(34.5170951799771,271.746030745271,-10.2205240176684));
#3256=CARTESIAN_POINT('Ctrl Pts',(34.5275717512481,271.767458543978,-10.1179238038001));
#3257=CARTESIAN_POINT('Ctrl Pts',(34.482885902569,271.819038853886,-9.90516633641417));
#3258=CARTESIAN_POINT('Ctrl Pts',(34.2823638922922,271.869643186402,-9.73246889832973));
#3259=CARTESIAN_POINT('Ctrl Pts',(34.1485453703881,271.882105158344,-9.6868493720359));
#3260=CARTESIAN_POINT('Ctrl Pts',(34.8408184304195,271.519988027618,-10.1562222659206));
#3261=CARTESIAN_POINT('Ctrl Pts',(34.8572094864673,271.541438752936,-9.97859812217632));
#3262=CARTESIAN_POINT('Ctrl Pts',(34.783134193897,271.589395800059,-9.61040318667118));
#3263=CARTESIAN_POINT('Ctrl Pts',(34.4616874699601,271.629715509017,-9.31852730987964));
#3264=CARTESIAN_POINT('Ctrl Pts',(34.2498065810316,271.635184398719,-9.24236327632852));
#3265=CARTESIAN_POINT('Ctrl Pts',(34.960276420785,271.260890507767,-10.0891931890649));
#3266=CARTESIAN_POINT('Ctrl Pts',(34.9690182353806,271.272686719332,-9.87858963006746));
#3267=CARTESIAN_POINT('Ctrl Pts',(34.8536231173429,271.291406403684,-9.45505489345681));
#3268=CARTESIAN_POINT('Ctrl Pts',(34.4853866453524,271.291465693026,-9.1604112105718));
#3269=CARTESIAN_POINT('Ctrl Pts',(34.2608401520447,271.282379134814,-9.08806648018359));
#3270=CARTESIAN_POINT('Ctrl Pts',(34.977690194637,271.099128239017,-10.0488617409202));
#3271=CARTESIAN_POINT('Ctrl Pts',(34.9770744502293,271.104848132158,-9.83055467288167));
#3272=CARTESIAN_POINT('Ctrl Pts',(34.8311015247443,271.10617047935,-9.40332119964398));
#3273=CARTESIAN_POINT('Ctrl Pts',(34.4564526476235,271.084944648895,-9.14244260123764));
#3274=CARTESIAN_POINT('Ctrl Pts',(34.2429648068082,271.069123244218,-9.08309751368896));
#3275=CARTESIAN_POINT('',(34.0287058967516,271.829986657292,-10.1010294517339));
#3276=CARTESIAN_POINT('',(34.2429648068081,271.069123244218,-9.08309751368896));
#3277=CARTESIAN_POINT('Origin',(34.0287058967516,271.069123244218,-9.85387187721007));
#3278=CARTESIAN_POINT('Ctrl Pts',(34.2429648068082,271.069123244218,-9.08309751368896));
#3279=CARTESIAN_POINT('Ctrl Pts',(34.4564526476235,271.084944648895,-9.14244260123764));
#3280=CARTESIAN_POINT('Ctrl Pts',(34.8311015247443,271.10617047935,-9.40332119964398));
#3281=CARTESIAN_POINT('Ctrl Pts',(34.9770744502293,271.104848132158,-9.83055467288167));
#3282=CARTESIAN_POINT('Ctrl Pts',(34.977690194637,271.099128239017,-10.0488617409202));
#3283=CARTESIAN_POINT('Ctrl Pts',(34.18228573451,271.79025764753,-10.2403079133681));
#3284=CARTESIAN_POINT('Ctrl Pts',(34.1811196571425,271.797994848241,-10.2089157531934));
#3285=CARTESIAN_POINT('Ctrl Pts',(34.149393031906,271.814983053752,-10.1473827074705));
#3286=CARTESIAN_POINT('Ctrl Pts',(34.0721668377808,271.827183484016,-10.1096588938625));
#3287=CARTESIAN_POINT('Ctrl Pts',(34.0287058967516,271.829986657292,-10.1010294517339));
#3288=CARTESIAN_POINT('Ctrl Pts',(34.0287058967511,271.829986657292,-10.1010294517338));
#3289=CARTESIAN_POINT('Ctrl Pts',(33.7608232314938,271.847264735274,-10.047839670235));
#3290=CARTESIAN_POINT('Ctrl Pts',(32.9805529207379,271.920306149061,-9.83404988604402));
#3291=CARTESIAN_POINT('Ctrl Pts',(32.1529972443055,272.22211700427,-9.32384121956579));
#3292=CARTESIAN_POINT('Ctrl Pts',(31.7291460627344,272.844454346708,-8.89453614068164));
#3293=CARTESIAN_POINT('Ctrl Pts',(31.586096438366,273.413683262754,-8.71437624994991));
#3294=CARTESIAN_POINT('Ctrl Pts',(31.5829489507753,274.020964519746,-8.70927252555327));
#3295=CARTESIAN_POINT('Ctrl Pts',(31.673090173936,274.403174213016,-8.82507341540015));
#3296=CARTESIAN_POINT('Ctrl Pts',(31.747076958192,274.577382525091,-8.90630817860541));
#3297=CARTESIAN_POINT('Ctrl Pts',(34.0687410935177,271.872305227795,-9.97075364670969));
#3298=CARTESIAN_POINT('Ctrl Pts',(33.8115817210451,271.892777369325,-9.92016270130482));
#3299=CARTESIAN_POINT('Ctrl Pts',(33.0645687752667,271.979880748478,-9.71561629365345));
#3300=CARTESIAN_POINT('Ctrl Pts',(32.288243809889,272.293067234467,-9.25888697099596));
#3301=CARTESIAN_POINT('Ctrl Pts',(31.8841583219327,272.884531372247,-8.8793053708635));
#3302=CARTESIAN_POINT('Ctrl Pts',(31.7439451752828,273.427178078521,-8.71466095514846));
#3303=CARTESIAN_POINT('Ctrl Pts',(31.7409651130352,274.008833693425,-8.71030631722749));
#3304=CARTESIAN_POINT('Ctrl Pts',(31.8291821123139,274.373315276659,-8.8156230279288));
#3305=CARTESIAN_POINT('Ctrl Pts',(31.9004514797345,274.539165074761,-8.88848706840174));
#3306=CARTESIAN_POINT('Ctrl Pts',(34.1485708201014,271.882182004444,-9.68678278186798));
#3307=CARTESIAN_POINT('Ctrl Pts',(33.9128024787382,271.907990033862,-9.63874156072773));
#3308=CARTESIAN_POINT('Ctrl Pts',(33.2320558545577,272.018506585102,-9.44216842327922));
#3309=CARTESIAN_POINT('Ctrl Pts',(32.5576987593318,272.359162689466,-9.06115240608714));
#3310=CARTESIAN_POINT('Ctrl Pts',(32.1929803515265,272.920770567911,-8.75913028744707));
#3311=CARTESIAN_POINT('Ctrl Pts',(32.0584108902398,273.438664527171,-8.61880554099455));
#3312=CARTESIAN_POINT('Ctrl Pts',(32.0557385506219,273.998380306553,-8.61572773251349));
#3313=CARTESIAN_POINT('Ctrl Pts',(32.140061971402,274.34640830767,-8.70459491789876));
#3314=CARTESIAN_POINT('Ctrl Pts',(32.205908587653,274.504360038108,-8.76440989415105));
#3315=CARTESIAN_POINT('Ctrl Pts',(34.2497792739155,271.635101649603,-9.24243463078319));
#3316=CARTESIAN_POINT('Ctrl Pts',(34.0402223746988,271.664003644477,-9.19142536779967));
#3317=CARTESIAN_POINT('Ctrl Pts',(33.4387696064461,271.787837290365,-8.98174820783436));
#3318=CARTESIAN_POINT('Ctrl Pts',(32.8681478472781,272.173983351284,-8.59650952189829));
#3319=CARTESIAN_POINT('Ctrl Pts',(32.5484114677455,272.811386459026,-8.30706647535708));
#3320=CARTESIAN_POINT('Ctrl Pts',(32.4244100939287,273.39906384544,-8.17099826435824));
#3321=CARTESIAN_POINT('Ctrl Pts',(32.4221366720311,274.034228847466,-8.16828250795486));
#3322=CARTESIAN_POINT('Ctrl Pts',(32.4998060526236,274.429159352812,-8.25409247423583));
#3323=CARTESIAN_POINT('Ctrl Pts',(32.5587040866272,274.608408737392,-8.31176402409988));
#3324=CARTESIAN_POINT('Ctrl Pts',(34.2608401520444,271.282379134814,-9.08806648018349));
#3325=CARTESIAN_POINT('Ctrl Pts',(34.0526712049448,271.308413275741,-9.0314583309001));
#3326=CARTESIAN_POINT('Ctrl Pts',(33.4505036650459,271.419262136861,-8.80172426737601));
#3327=CARTESIAN_POINT('Ctrl Pts',(32.844039067504,271.828753071964,-8.30683848930751));
#3328=CARTESIAN_POINT('Ctrl Pts',(32.5200317243217,272.611448163309,-7.91041069634202));
#3329=CARTESIAN_POINT('Ctrl Pts',(32.4027959301232,273.329172414836,-7.73870574572926));
#3330=CARTESIAN_POINT('Ctrl Pts',(32.4002194590609,274.097998747997,-7.73426200609961));
#3331=CARTESIAN_POINT('Ctrl Pts',(32.4733887859134,274.580101659492,-7.84372942703684));
#3332=CARTESIAN_POINT('Ctrl Pts',(32.5313636162567,274.799485063125,-7.91978647821223));
#3333=CARTESIAN_POINT('Ctrl Pts',(34.2429648068079,271.069123244218,-9.08309751368886));
#3334=CARTESIAN_POINT('Ctrl Pts',(34.0286586746021,271.093312553354,-9.02352495850536));
#3335=CARTESIAN_POINT('Ctrl Pts',(33.4044424259973,271.195570532492,-8.78408040059363));
#3336=CARTESIAN_POINT('Ctrl Pts',(32.7423978848513,271.618105729109,-8.21264669505026));
#3337=CARTESIAN_POINT('Ctrl Pts',(32.4033169395944,272.489378007132,-7.73182500746762));
#3338=CARTESIAN_POINT('Ctrl Pts',(32.2888772400996,273.286298488324,-7.53004593017015));
#3339=CARTESIAN_POINT('Ctrl Pts',(32.2863592500271,274.136492246755,-7.52432975885513));
#3340=CARTESIAN_POINT('Ctrl Pts',(32.3584722285555,274.671585816478,-7.65402675527634));
#3341=CARTESIAN_POINT('Ctrl Pts',(32.4176616559606,274.915477452996,-7.74500968992138));
#3342=CARTESIAN_POINT('',(32.3287191273945,274.401066461863,-7.600000011921));
#3343=CARTESIAN_POINT('',(32.3287191273945,273.063223939352,-7.60000001192101));
#3344=CARTESIAN_POINT('Ctrl Pts',(32.3287191273944,274.401066461863,-7.60000001192091));
#3345=CARTESIAN_POINT('Ctrl Pts',(32.3287191273944,274.397268638312,-7.60000001192091));
#3346=CARTESIAN_POINT('Ctrl Pts',(32.3287177959363,274.393470665439,-7.60000098607568));
#3347=CARTESIAN_POINT('Ctrl Pts',(32.3286775292143,274.334631082357,-7.60003046690941));
#3348=CARTESIAN_POINT('Ctrl Pts',(32.3283705667032,274.278616725895,-7.60025574131072));
#3349=CARTESIAN_POINT('Ctrl Pts',(32.327161594769,274.108396777841,-7.60114867519362));
#3350=CARTESIAN_POINT('Ctrl Pts',(32.3258547905235,273.981671116637,-7.60212167701536));
#3351=CARTESIAN_POINT('Ctrl Pts',(32.3249386652892,273.726582121305,-7.60280565744138));
#3352=CARTESIAN_POINT('Ctrl Pts',(32.3251761839314,273.62196807183,-7.60262759045585));
#3353=CARTESIAN_POINT('Ctrl Pts',(32.3270101890554,273.343250273184,-7.60126099466391));
#3354=CARTESIAN_POINT('Ctrl Pts',(32.3286219871792,273.210820065478,-7.6000711313906));
#3355=CARTESIAN_POINT('Ctrl Pts',(32.3287177959401,273.070819725692,-7.60000098607343));
#3356=CARTESIAN_POINT('Ctrl Pts',(32.3287191273945,273.067021757827,-7.60000001192099));
#3357=CARTESIAN_POINT('Ctrl Pts',(32.3287191273945,273.063223939352,-7.60000001192099));
#3358=CARTESIAN_POINT('Ctrl Pts',(32.3288197269168,273.063246531318,-7.60005682042869));
#3359=CARTESIAN_POINT('Ctrl Pts',(32.3506306440384,272.871360196051,-7.63774345187125));
#3360=CARTESIAN_POINT('Ctrl Pts',(32.4274478674682,272.4273733183,-7.76604301241753));
#3361=CARTESIAN_POINT('Ctrl Pts',(32.7423978848513,271.618105729109,-8.21264669505026));
#3362=CARTESIAN_POINT('Ctrl Pts',(33.4044424259973,271.195570532492,-8.78408040059363));
#3363=CARTESIAN_POINT('Ctrl Pts',(34.0286586746021,271.093312553354,-9.02352495850536));
#3364=CARTESIAN_POINT('Ctrl Pts',(34.2429648068079,271.069123244218,-9.08309751368886));
#3365=CARTESIAN_POINT('',(31.747076958192,274.577382525069,-8.90630817859514));
#3366=CARTESIAN_POINT('Ctrl Pts',(34.0287058967511,271.829986657292,-10.1010294517338));
#3367=CARTESIAN_POINT('Ctrl Pts',(33.7608232314938,271.847264735274,-10.047839670235));
#3368=CARTESIAN_POINT('Ctrl Pts',(32.9805529207379,271.920306149061,-9.83404988604402));
#3369=CARTESIAN_POINT('Ctrl Pts',(32.1529972443055,272.22211700427,-9.32384121956579));
#3370=CARTESIAN_POINT('Ctrl Pts',(31.7291460627344,272.844454346708,-8.89453614068164));
#3371=CARTESIAN_POINT('Ctrl Pts',(31.586096438366,273.413683262754,-8.71437624994991));
#3372=CARTESIAN_POINT('Ctrl Pts',(31.5829489507753,274.020964519746,-8.70927252555327));
#3373=CARTESIAN_POINT('Ctrl Pts',(31.673090173936,274.403174213016,-8.82507341540015));
#3374=CARTESIAN_POINT('Ctrl Pts',(31.747076958192,274.577382525091,-8.90630817860541));
#3375=CARTESIAN_POINT('',(32.4176616559606,274.915477452996,-7.74500968992138));
#3376=CARTESIAN_POINT('Origin',(31.747076958192,274.915477452996,-8.18126209750056));
#3377=CARTESIAN_POINT('Ctrl Pts',(32.4176616559606,274.915477452996,-7.74500968992138));
#3378=CARTESIAN_POINT('Ctrl Pts',(32.3782237183543,274.752972364412,-7.68438772655605));
#3379=CARTESIAN_POINT('Ctrl Pts',(32.3490557917859,274.57996542634,-7.63536830796971));
#3380=CARTESIAN_POINT('Ctrl Pts',(32.3287720065299,274.401109577425,-7.60009382719741));
#3381=CARTESIAN_POINT('Ctrl Pts',(31.7470766625766,274.577382430394,-8.9063081344474));
#3382=CARTESIAN_POINT('Ctrl Pts',(31.753771336407,274.687725141162,-8.95776168150906));
#3383=CARTESIAN_POINT('Ctrl Pts',(31.7637745790779,274.976328877601,-9.03351670912936));
#3384=CARTESIAN_POINT('Ctrl Pts',(31.7560038297969,275.275479155769,-8.97492005969088));
#3385=CARTESIAN_POINT('Ctrl Pts',(31.747076572105,275.422619060769,-8.90630743910554));
#3386=CARTESIAN_POINT('Ctrl Pts',(31.9004512302942,274.539165057713,-8.88848711690891));
#3387=CARTESIAN_POINT('Ctrl Pts',(31.9124623991151,274.65576689614,-8.94854693257463));
#3388=CARTESIAN_POINT('Ctrl Pts',(31.9322844954725,274.972885266552,-9.04136368072585));
#3389=CARTESIAN_POINT('Ctrl Pts',(31.9164677912448,275.305350235872,-8.96857524890376));
#3390=CARTESIAN_POINT('Ctrl Pts',(31.9004510680627,275.460836517627,-8.88848630576247));
#3391=CARTESIAN_POINT('Ctrl Pts',(32.2060120381844,274.504275380812,-8.76452428745413));
#3392=CARTESIAN_POINT('Ctrl Pts',(32.2285838231704,274.623927833705,-8.83358425343269));
#3393=CARTESIAN_POINT('Ctrl Pts',(32.2679085169285,274.968753572536,-8.94668440203393));
#3394=CARTESIAN_POINT('Ctrl Pts',(32.2361108785822,275.33617209857,-8.85661384294365));
#3395=CARTESIAN_POINT('Ctrl Pts',(32.2060117337987,275.495726235929,-8.76452335420512));
#3396=CARTESIAN_POINT('Ctrl Pts',(32.5587097637395,274.608405312423,-8.3117671819252));
#3397=CARTESIAN_POINT('Ctrl Pts',(32.5874824577202,274.699576365639,-8.36537553069546));
#3398=CARTESIAN_POINT('Ctrl Pts',(32.6380373313817,274.974118907775,-8.4568180941359));
#3399=CARTESIAN_POINT('Ctrl Pts',(32.5970773389362,275.270021202741,-8.3832524156494));
#3400=CARTESIAN_POINT('Ctrl Pts',(32.5587093749599,275.391595919295,-8.3117664579604));
#3401=CARTESIAN_POINT('Ctrl Pts',(32.531363454644,274.799484365787,-7.91978628160884));
#3402=CARTESIAN_POINT('Ctrl Pts',(32.5478695107875,274.847658788941,-7.94363986613658));
#3403=CARTESIAN_POINT('Ctrl Pts',(32.5758110169251,274.987336497378,-7.98330698192561));
#3404=CARTESIAN_POINT('Ctrl Pts',(32.5533738227011,275.136276664892,-7.9515943743205));
#3405=CARTESIAN_POINT('Ctrl Pts',(32.5313632345844,275.200516284312,-7.91978595920351));
#3406=CARTESIAN_POINT('Ctrl Pts',(32.4176614194683,274.915476478521,-7.74500932639758));
#3407=CARTESIAN_POINT('Ctrl Pts',(32.4230171585326,274.937545022648,-7.75324189466351));
#3408=CARTESIAN_POINT('Ctrl Pts',(32.4310197526693,274.995265775096,-7.76536270016646));
#3409=CARTESIAN_POINT('Ctrl Pts',(32.4248031532445,275.055095836079,-7.75598723541807));
#3410=CARTESIAN_POINT('Ctrl Pts',(32.417661347091,275.08452381971,-7.74500921514288));
#3411=CARTESIAN_POINT('',(31.747076572105,275.422619060769,-8.90630743910553));
#3412=CARTESIAN_POINT('',(32.417661347091,275.08452381971,-7.74500921514287));
#3413=CARTESIAN_POINT('Origin',(31.747076572105,275.08452381971,-8.18126150402743));
#3414=CARTESIAN_POINT('Ctrl Pts',(32.417661347091,275.08452381971,-7.74500921514288));
#3415=CARTESIAN_POINT('Ctrl Pts',(32.4248031532445,275.055095836079,-7.75598723541807));
#3416=CARTESIAN_POINT('Ctrl Pts',(32.4310197134543,274.995266152511,-7.76536264102504));
#3417=CARTESIAN_POINT('Ctrl Pts',(32.4230172594944,274.937545750865,-7.75324204758128));
#3418=CARTESIAN_POINT('Ctrl Pts',(32.417661655959,274.915477452998,-7.74500968991895));
#3419=CARTESIAN_POINT('Ctrl Pts',(31.7470766691945,274.577382539472,-8.90630818531081));
#3420=CARTESIAN_POINT('Ctrl Pts',(31.7537713392323,274.687725222674,-8.9577617029051));
#3421=CARTESIAN_POINT('Ctrl Pts',(31.7580584407457,274.811412498173,-8.99022812448451));
#3422=CARTESIAN_POINT('Ctrl Pts',(31.759080933644,274.937036892305,-8.99801772368301));
#3423=CARTESIAN_POINT('Ctrl Pts',(31.7604442579575,275.104536139673,-9.00840385937));
#3424=CARTESIAN_POINT('Ctrl Pts',(31.7560038297969,275.275479155769,-8.97492005969093));
#3425=CARTESIAN_POINT('Ctrl Pts',(31.747076572105,275.422619060769,-8.90630743910568));
#3426=CARTESIAN_POINT('Ctrl Pts',(31.7470762846911,275.422619060726,-8.90630743912594));
#3427=CARTESIAN_POINT('Ctrl Pts',(31.6213440350573,275.718667443274,-8.76825796815188));
#3428=CARTESIAN_POINT('Ctrl Pts',(31.5316905224545,276.408034270098,-8.63185008850735));
#3429=CARTESIAN_POINT('Ctrl Pts',(31.7699890423126,277.402175842812,-8.97492786311398));
#3430=CARTESIAN_POINT('Ctrl Pts',(32.4365723253829,277.90341087154,-9.52666465200422));
#3431=CARTESIAN_POINT('Ctrl Pts',(33.0169490308903,278.042693652124,-9.79301441443134));
#3432=CARTESIAN_POINT('Ctrl Pts',(33.221423983572,278.079078838598,-9.87070907630219));
#3433=CARTESIAN_POINT('Ctrl Pts',(31.9004508309537,275.460836435289,-8.88848640495912));
#3434=CARTESIAN_POINT('Ctrl Pts',(31.779336519023,275.742680418109,-8.76466204179433));
#3435=CARTESIAN_POINT('Ctrl Pts',(31.6897120670166,276.404399465574,-8.63964450966695));
#3436=CARTESIAN_POINT('Ctrl Pts',(31.9263136553755,277.348319985306,-8.95266154423579));
#3437=CARTESIAN_POINT('Ctrl Pts',(32.5534797073068,277.833741087805,-9.43792738810694));
#3438=CARTESIAN_POINT('Ctrl Pts',(33.1022881751427,277.984787391039,-9.68238559491546));
#3439=CARTESIAN_POINT('Ctrl Pts',(33.2968500460696,278.02462103614,-9.75442327545201));
#3440=CARTESIAN_POINT('Ctrl Pts',(32.2059075108988,275.495641222002,-8.76440927784919));
#3441=CARTESIAN_POINT('Ctrl Pts',(32.0940085416208,275.764063284478,-8.66276034203308));
#3442=CARTESIAN_POINT('Ctrl Pts',(32.0045429753226,276.403041050205,-8.55590632553055));
#3443=CARTESIAN_POINT('Ctrl Pts',(32.2377421245414,277.297626813989,-8.82079217201428));
#3444=CARTESIAN_POINT('Ctrl Pts',(32.7864381572034,277.773521479934,-9.2052152121108));
#3445=CARTESIAN_POINT('Ctrl Pts',(33.2723817775669,277.947206819387,-9.42139162084273));
#3446=CARTESIAN_POINT('Ctrl Pts',(33.4471828747487,277.993461246695,-9.48641404245366));
#3447=CARTESIAN_POINT('Ctrl Pts',(32.5587028094504,275.391592679558,-8.31176351989571));
#3448=CARTESIAN_POINT('Ctrl Pts',(32.458612167613,275.696207826065,-8.21375710019277));
#3449=CARTESIAN_POINT('Ctrl Pts',(32.3733953327635,276.421285574142,-8.11096001885447));
#3450=CARTESIAN_POINT('Ctrl Pts',(32.5927849638077,277.436414725343,-8.36522080321218));
#3451=CARTESIAN_POINT('Ctrl Pts',(33.0604415481736,277.976535130517,-8.73937517722879));
#3452=CARTESIAN_POINT('Ctrl Pts',(33.4789521537656,278.172893775799,-8.96359070387429));
#3453=CARTESIAN_POINT('Ctrl Pts',(33.6315305291442,278.225060477924,-9.03140970257394));
#3454=CARTESIAN_POINT('Ctrl Pts',(32.5313630882027,275.200516934792,-7.91978578457464));
#3455=CARTESIAN_POINT('Ctrl Pts',(32.4328413444445,275.573335551076,-7.79053525597185));
#3456=CARTESIAN_POINT('Ctrl Pts',(32.3564722132875,276.447877727288,-7.66145276287311));
#3457=CARTESIAN_POINT('Ctrl Pts',(32.5578244631154,277.697005960449,-7.98552528269852));
#3458=CARTESIAN_POINT('Ctrl Pts',(33.0503401534784,278.337886052223,-8.49893364305739));
#3459=CARTESIAN_POINT('Ctrl Pts',(33.4842499054293,278.533909495132,-8.7681203250616));
#3460=CARTESIAN_POINT('Ctrl Pts',(33.6395014347996,278.585402994413,-8.84767367381465));
#3461=CARTESIAN_POINT('Ctrl Pts',(32.4176611171599,275.084524767149,-7.74500886170444));
#3462=CARTESIAN_POINT('Ctrl Pts',(32.3170753174527,275.498992502055,-7.59039345446015));
#3463=CARTESIAN_POINT('Ctrl Pts',(32.2453525073705,276.464106058068,-7.43761662950223));
#3464=CARTESIAN_POINT('Ctrl Pts',(32.4359913232569,277.855904257645,-7.82186373644816));
#3465=CARTESIAN_POINT('Ctrl Pts',(32.9692579497133,278.557633296744,-8.43980893901874));
#3466=CARTESIAN_POINT('Ctrl Pts',(33.4335593141191,278.752629189251,-8.7381206724608));
#3467=CARTESIAN_POINT('Ctrl Pts',(33.5971392762646,278.803568450233,-8.82513869361729));
#3468=CARTESIAN_POINT('',(32.3287191273944,276.936776060646,-7.60000001192085));
#3469=CARTESIAN_POINT('',(32.3287191273944,275.598933538135,-7.60000001192085));
#3470=CARTESIAN_POINT('Ctrl Pts',(32.3287191273945,276.936776060645,-7.60000001192105));
#3471=CARTESIAN_POINT('Ctrl Pts',(32.3287191273945,276.933265300651,-7.60000001192106));
#3472=CARTESIAN_POINT('Ctrl Pts',(32.3287179896073,276.929754424533,-7.60000084436995));
#3473=CARTESIAN_POINT('Ctrl Pts',(32.3286258693883,276.784406249683,-7.60006828573879));
#3474=CARTESIAN_POINT('Ctrl Pts',(32.3268748016603,276.645565650238,-7.60136159166869));
#3475=CARTESIAN_POINT('Ctrl Pts',(32.3249689810963,276.3372257316,-7.60278227165847));
#3476=CARTESIAN_POINT('Ctrl Pts',(32.324919636452,276.218364433571,-7.60281931964929));
#3477=CARTESIAN_POINT('Ctrl Pts',(32.3267201740922,275.902590354742,-7.60147658051313));
#3478=CARTESIAN_POINT('Ctrl Pts',(32.3286222194589,275.757064473784,-7.60007095783068));
#3479=CARTESIAN_POINT('Ctrl Pts',(32.3287179896436,275.605955065414,-7.60000084434628));
#3480=CARTESIAN_POINT('Ctrl Pts',(32.3287191273921,275.602444242855,-7.60000001191688));
#3481=CARTESIAN_POINT('Ctrl Pts',(32.3287191273921,275.598933538155,-7.6000000119169));
#3482=CARTESIAN_POINT('Ctrl Pts',(32.3282928584276,275.598769936252,-7.60066871473213));
#3483=CARTESIAN_POINT('Ctrl Pts',(32.3487361171488,275.419998009504,-7.6357920335722));
#3484=CARTESIAN_POINT('Ctrl Pts',(32.3782237653997,275.247027922687,-7.68438775792261));
#3485=CARTESIAN_POINT('Ctrl Pts',(32.4176611171599,275.084524767149,-7.74500886170444));
#3486=CARTESIAN_POINT('',(33.221423983572,278.079078838598,-9.87070907630219));
#3487=CARTESIAN_POINT('Ctrl Pts',(31.7470762846911,275.422619060726,-8.90630743912594));
#3488=CARTESIAN_POINT('Ctrl Pts',(31.6213440350573,275.718667443274,-8.76825796815188));
#3489=CARTESIAN_POINT('Ctrl Pts',(31.5316905224545,276.408034270098,-8.63185008850735));
#3490=CARTESIAN_POINT('Ctrl Pts',(31.7699890423126,277.402175842812,-8.97492786311398));
#3491=CARTESIAN_POINT('Ctrl Pts',(32.4365723253829,277.90341087154,-9.52666465200422));
#3492=CARTESIAN_POINT('Ctrl Pts',(33.0169490308903,278.042693652124,-9.79301441443134));
#3493=CARTESIAN_POINT('Ctrl Pts',(33.221423983572,278.079078838598,-9.87070907630219));
#3494=CARTESIAN_POINT('',(33.5971392762647,278.803568450233,-8.82513869361738));
#3495=CARTESIAN_POINT('Origin',(33.221423983572,278.803568450233,-9.53142335212049));
#3496=CARTESIAN_POINT('Ctrl Pts',(33.5971392762646,278.803568450233,-8.82513869361729));
#3497=CARTESIAN_POINT('Ctrl Pts',(33.4335593141191,278.752629189251,-8.7381206724608));
#3498=CARTESIAN_POINT('Ctrl Pts',(32.9692579497133,278.557633296744,-8.43980893901874));
#3499=CARTESIAN_POINT('Ctrl Pts',(32.509385501555,277.95248413656,-7.90691233714026));
#3500=CARTESIAN_POINT('Ctrl Pts',(32.3614936125986,277.236450170649,-7.6608895734663));
#3501=CARTESIAN_POINT('Ctrl Pts',(32.3280238429151,276.936633497593,-7.60110417120411));
#3502=CARTESIAN_POINT('Ctrl Pts',(33.2214239835723,278.079078838598,-9.87070907630229));
#3503=CARTESIAN_POINT('Ctrl Pts',(33.2535806361727,278.084800937007,-9.88292768898772));
#3504=CARTESIAN_POINT('Ctrl Pts',(33.3059147002102,278.101862414505,-9.9200360665272));
#3505=CARTESIAN_POINT('Ctrl Pts',(33.3219633133814,278.122454449811,-9.96981149112654));
#3506=CARTESIAN_POINT('Ctrl Pts',(33.3204582753645,278.132093774085,-9.9946215967079));
#3507=CARTESIAN_POINT('Ctrl Pts',(33.2968500460699,278.02462103614,-9.75442327545211));
#3508=CARTESIAN_POINT('Ctrl Pts',(33.3535793146675,278.038109814473,-9.78115839175588));
#3509=CARTESIAN_POINT('Ctrl Pts',(33.4385328637009,278.077146871985,-9.86098054530719));
#3510=CARTESIAN_POINT('Ctrl Pts',(33.4544222861157,278.116656660799,-9.95474923251097));
#3511=CARTESIAN_POINT('Ctrl Pts',(33.4479197041848,278.133958138281,-9.99942017710778));
#3512=CARTESIAN_POINT('Ctrl Pts',(33.4471271072961,277.993553441268,-9.48647570070597));
#3513=CARTESIAN_POINT('Ctrl Pts',(33.5528880978809,278.020908581587,-9.54354962889431));
#3514=CARTESIAN_POINT('Ctrl Pts',(33.7030074126896,278.097319682348,-9.71317784316286));
#3515=CARTESIAN_POINT('Ctrl Pts',(33.7186986446718,278.166799605101,-9.89978859166964));
#3516=CARTESIAN_POINT('Ctrl Pts',(33.7022593927579,278.195831465866,-9.98640149021721));
#3517=CARTESIAN_POINT('Ctrl Pts',(33.6315904413762,278.224961010522,-9.03134365873886));
#3518=CARTESIAN_POINT('Ctrl Pts',(33.799090035753,278.26332544495,-9.12714876840328));
#3519=CARTESIAN_POINT('Ctrl Pts',(34.0410991056979,278.363214833435,-9.41477604318072));
#3520=CARTESIAN_POINT('Ctrl Pts',(34.0726015457614,278.44804479391,-9.7389304437613));
#3521=CARTESIAN_POINT('Ctrl Pts',(34.0489281809261,278.482269715053,-9.89013455580447));
#3522=CARTESIAN_POINT('Ctrl Pts',(33.6395014347998,278.585402994413,-8.84767367381478));
#3523=CARTESIAN_POINT('Ctrl Pts',(33.8135247503522,278.618054370365,-8.9446374474422));
#3524=CARTESIAN_POINT('Ctrl Pts',(34.0838811952756,278.696111627408,-9.23771616531213));
#3525=CARTESIAN_POINT('Ctrl Pts',(34.148961455648,278.76261428761,-9.59950764692855));
#3526=CARTESIAN_POINT('Ctrl Pts',(34.1352819316934,278.789343849913,-9.77457057621775));
#3527=CARTESIAN_POINT('Ctrl Pts',(33.5971392762648,278.803568450233,-8.82513869361744));
#3528=CARTESIAN_POINT('Ctrl Pts',(33.7594210181262,278.830183798563,-8.91146611331718));
#3529=CARTESIAN_POINT('Ctrl Pts',(34.0276669249446,278.89064036625,-9.1747230893346));
#3530=CARTESIAN_POINT('Ctrl Pts',(34.1179638400311,278.944628162401,-9.52851202347741));
#3531=CARTESIAN_POINT('Ctrl Pts',(34.1155290708189,278.966459705547,-9.70490089977369));
#3532=CARTESIAN_POINT('',(33.3204582753645,278.132093774085,-9.9946215967079));
#3533=CARTESIAN_POINT('',(34.1155290708195,278.966459705542,-9.70490089977432));
#3534=CARTESIAN_POINT('Origin',(33.3204582753645,278.877789359796,-9.70490088041153));
#3535=CARTESIAN_POINT('Ctrl Pts',(34.1155290708189,278.966459705547,-9.70490089977369));
#3536=CARTESIAN_POINT('Ctrl Pts',(34.1179638400311,278.944628162401,-9.52851202347741));
#3537=CARTESIAN_POINT('Ctrl Pts',(34.0276669249446,278.89064036625,-9.1747230893346));
#3538=CARTESIAN_POINT('Ctrl Pts',(33.7594210181262,278.830183798563,-8.91146611331718));
#3539=CARTESIAN_POINT('Ctrl Pts',(33.5971392762648,278.803568450233,-8.82513869361744));
#3540=CARTESIAN_POINT('Ctrl Pts',(33.2214239835723,278.079078838598,-9.87070907630229));
#3541=CARTESIAN_POINT('Ctrl Pts',(33.2535806361727,278.084800937007,-9.88292768898772));
#3542=CARTESIAN_POINT('Ctrl Pts',(33.3059147002102,278.101862414505,-9.9200360665272));
#3543=CARTESIAN_POINT('Ctrl Pts',(33.3219633133814,278.122454449811,-9.96981149112654));
#3544=CARTESIAN_POINT('Ctrl Pts',(33.3204582753645,278.132093774085,-9.9946215967079));
#3545=CARTESIAN_POINT('Ctrl Pts',(33.3204582753645,278.132093774085,-9.99462159670774));
#3546=CARTESIAN_POINT('Ctrl Pts',(33.2961253269301,278.28793912674,-10.3957430388103));
#3547=CARTESIAN_POINT('Ctrl Pts',(33.288162526085,278.338939107336,-11.4561263693043));
#3548=CARTESIAN_POINT('Ctrl Pts',(33.3987159242077,277.630928330729,-12.2900676154612));
#3549=CARTESIAN_POINT('Ctrl Pts',(33.4790587334389,277.113091327595,-12.5315389756985));
#3550=CARTESIAN_POINT('Ctrl Pts',(33.4479197041848,278.133958138281,-9.99942017710769));
#3551=CARTESIAN_POINT('Ctrl Pts',(33.424371496724,278.287735629502,-10.3982870773105));
#3552=CARTESIAN_POINT('Ctrl Pts',(33.4166647339997,278.338073009337,-11.4495874896815));
#3553=CARTESIAN_POINT('Ctrl Pts',(33.5236656930777,277.63932255421,-12.2822603271813));
#3554=CARTESIAN_POINT('Ctrl Pts',(33.6016695412005,277.124252403814,-12.5263344803843));
#3555=CARTESIAN_POINT('Ctrl Pts',(33.7022201980776,278.195791368017,-9.98641537088488));
#3556=CARTESIAN_POINT('Ctrl Pts',(33.6802313285546,278.350952073042,-10.393110995115));
#3557=CARTESIAN_POINT('Ctrl Pts',(33.6730430824114,278.401818092354,-11.4605144021779));
#3558=CARTESIAN_POINT('Ctrl Pts',(33.7730038882679,277.696649069741,-12.3142140274695));
#3559=CARTESIAN_POINT('Ctrl Pts',(33.8463591647137,277.171086886823,-12.5686187847246));
#3560=CARTESIAN_POINT('Ctrl Pts',(34.0488662719635,278.482292655175,-9.89012296048563));
#3561=CARTESIAN_POINT('Ctrl Pts',(34.0279808440463,278.658170885706,-10.3502273024982));
#3562=CARTESIAN_POINT('Ctrl Pts',(34.0211329998417,278.715848487802,-11.5583058431849));
#3563=CARTESIAN_POINT('Ctrl Pts',(34.1160559681814,277.916543208545,-12.5234908355542));
#3564=CARTESIAN_POINT('Ctrl Pts',(34.1860683338037,277.321551143603,-12.8105556535328));
#3565=CARTESIAN_POINT('Ctrl Pts',(34.1352819316934,278.789343849913,-9.77457057621807));
#3566=CARTESIAN_POINT('Ctrl Pts',(34.1127583872987,278.991689605153,-10.2979262708473));
#3567=CARTESIAN_POINT('Ctrl Pts',(34.1054376694155,279.057905072891,-11.6784036704185));
#3568=CARTESIAN_POINT('Ctrl Pts',(34.2078924249511,278.138436369762,-12.769971342615));
#3569=CARTESIAN_POINT('Ctrl Pts',(34.2827523003175,277.462050664953,-13.0888800830589));
#3570=CARTESIAN_POINT('Ctrl Pts',(34.1155290708189,278.966459705547,-9.70490089977398));
#3571=CARTESIAN_POINT('Ctrl Pts',(34.0911867038716,279.184727650875,-10.2664709179005));
#3572=CARTESIAN_POINT('Ctrl Pts',(34.0832208208306,279.256155260795,-11.7510075782481));
#3573=CARTESIAN_POINT('Ctrl Pts',(34.1938170105324,278.264556508592,-12.9185253206418));
#3574=CARTESIAN_POINT('Ctrl Pts',(34.2741909206059,277.539304067535,-13.2565852241785));
#3575=CARTESIAN_POINT('',(33.4790587334389,277.113091327595,-12.5315389756985));
#3576=CARTESIAN_POINT('',(34.2741909206059,277.539304067535,-13.2565852241785));
#3577=CARTESIAN_POINT('Origin',(33.4790587334389,277.451185936988,-13.2565852053278));
#3578=CARTESIAN_POINT('Ctrl Pts',(34.2741909206059,277.539304067535,-13.2565852241785));
#3579=CARTESIAN_POINT('Ctrl Pts',(34.1938170105324,278.264556508592,-12.9185253206418));
#3580=CARTESIAN_POINT('Ctrl Pts',(34.0832208208306,279.256155260795,-11.7510075782481));
#3581=CARTESIAN_POINT('Ctrl Pts',(34.0911867038716,279.184727650875,-10.2664709179005));
#3582=CARTESIAN_POINT('Ctrl Pts',(34.1155290708189,278.966459705547,-9.70490089977398));
#3583=CARTESIAN_POINT('Ctrl Pts',(33.3204582753645,278.132093774085,-9.99462159670774));
#3584=CARTESIAN_POINT('Ctrl Pts',(33.2961253269301,278.28793912674,-10.3957430388103));
#3585=CARTESIAN_POINT('Ctrl Pts',(33.288162526085,278.338939107336,-11.4561263693043));
#3586=CARTESIAN_POINT('Ctrl Pts',(33.3987159242077,277.630928330729,-12.2900676154612));
#3587=CARTESIAN_POINT('Ctrl Pts',(33.4790587334389,277.113091327595,-12.5315389756985));
#3588=CARTESIAN_POINT('Ctrl Pts',(33.4790587334389,277.113091327595,-12.5315389756984));
#3589=CARTESIAN_POINT('Ctrl Pts',(33.6486136314757,275.794147031875,-13.1465728014727));
#3590=CARTESIAN_POINT('Ctrl Pts',(33.850533119081,274.20613702747,-13.1467052605214));
#3591=CARTESIAN_POINT('Ctrl Pts',(34.0164282877617,272.886908672403,-12.5315389756984));
#3592=CARTESIAN_POINT('Ctrl Pts',(33.7242803489621,277.135413480033,-12.52112998507));
#3593=CARTESIAN_POINT('Ctrl Pts',(33.8889517502058,275.822800154923,-13.1413807714997));
#3594=CARTESIAN_POINT('Ctrl Pts',(34.0858706104943,274.232316581493,-13.1514053496203));
#3595=CARTESIAN_POINT('Ctrl Pts',(34.2477310158248,272.907504912711,-12.5411431602833));
#3596=CARTESIAN_POINT('Ctrl Pts',(34.1480513741388,277.264399969314,-12.6970296183174));
#3597=CARTESIAN_POINT('Ctrl Pts',(34.3049970961119,275.900296043324,-13.3455141354806));
#3598=CARTESIAN_POINT('Ctrl Pts',(34.493096889498,274.246033528377,-13.3619799214313));
#3599=CARTESIAN_POINT('Ctrl Pts',(34.6485011234094,272.86335754985,-12.7289880110897));
#3600=CARTESIAN_POINT('Ctrl Pts',(34.2827523003175,277.462050664953,-13.0888800830588));
#3601=CARTESIAN_POINT('Ctrl Pts',(34.4467505700905,275.981070479399,-13.7828582116912));
#3602=CARTESIAN_POINT('Ctrl Pts',(34.6426944882264,274.194634607376,-13.7879116742336));
#3603=CARTESIAN_POINT('Ctrl Pts',(34.8038670360979,272.707921727485,-13.0984404779102));
#3604=CARTESIAN_POINT('Ctrl Pts',(34.2741909206059,277.539304067535,-13.2565852241785));
#3605=CARTESIAN_POINT('Ctrl Pts',(34.4438114536409,276.008736430293,-13.9700244606572));
#3606=CARTESIAN_POINT('Ctrl Pts',(34.6458091165107,274.165931643106,-13.9701781125414));
#3607=CARTESIAN_POINT('Ctrl Pts',(34.8117685223683,272.635034195322,-13.2565852225453));
#3608=CARTESIAN_POINT('Ctrl Pts',(34.8117685223683,272.635034195322,-13.2565852225453));
#3609=CARTESIAN_POINT('Ctrl Pts',(34.6458091165107,274.165931643106,-13.9701781125414));
#3610=CARTESIAN_POINT('Ctrl Pts',(34.4438114536409,276.008736430293,-13.9700244606572));
#3611=CARTESIAN_POINT('Ctrl Pts',(34.2741909206059,277.539304067535,-13.2565852241785));
#3612=CARTESIAN_POINT('Ctrl Pts',(33.4790587334389,277.113091327595,-12.5315389756984));
#3613=CARTESIAN_POINT('Ctrl Pts',(33.6486136314757,275.794147031875,-13.1465728014727));
#3614=CARTESIAN_POINT('Ctrl Pts',(33.850533119081,274.20613702747,-13.1467052605214));
#3615=CARTESIAN_POINT('Ctrl Pts',(34.0164282877617,272.886908672403,-12.5315389756984));
#3616=CARTESIAN_POINT('Origin',(12.9500000000038,275.,-8.));
#3617=CARTESIAN_POINT('',(14.3500000000038,274.577382525048,-8.90630817858471));
#3618=CARTESIAN_POINT('',(12.9500000000038,274.577382525048,-8.90630817858471));
#3619=CARTESIAN_POINT('',(14.3500000000038,275.42261906077,-8.90630743910544));
#3620=CARTESIAN_POINT('Origin',(14.3500000000038,274.999999999999,-8.));
#3621=CARTESIAN_POINT('',(12.9500000000038,275.42261906077,-8.90630743910544));
#3622=CARTESIAN_POINT('Origin',(12.9500000000038,273.732145200608,-10.7189233914963));
#3623=CARTESIAN_POINT('',(14.3500000000038,272.886908672403,-12.5315389756984));
#3624=CARTESIAN_POINT('',(12.9500000000038,272.886908672404,-12.5315389756984));
#3625=CARTESIAN_POINT('Origin',(14.3500000000038,273.732145200608,-10.7189233914963));
#3626=CARTESIAN_POINT('Ctrl Pts',(31.5373900732971,274.577382531931,-7.09369181820536));
#3627=CARTESIAN_POINT('Ctrl Pts',(31.5839841828383,274.437575776494,-7.15888485434123));
#3628=CARTESIAN_POINT('Ctrl Pts',(31.6634224448035,274.140516561532,-7.2578738690349));
#3629=CARTESIAN_POINT('Ctrl Pts',(31.6994900374228,273.664778752013,-7.29888344839945));
#3630=CARTESIAN_POINT('Ctrl Pts',(31.6366433453041,273.194321070698,-7.22645487984651));
#3631=CARTESIAN_POINT('Ctrl Pts',(31.4560035751503,272.618005892447,-6.99168159245092));
#3632=CARTESIAN_POINT('Ctrl Pts',(31.2194396300713,272.151323912016,-6.57477692752173));
#3633=CARTESIAN_POINT('Ctrl Pts',(31.1115123602436,271.889849213593,-6.08864665497087));
#3634=CARTESIAN_POINT('Ctrl Pts',(31.0973131951873,271.804129171874,-5.82548760207857));
#3635=CARTESIAN_POINT('Ctrl Pts',(31.1023135017887,271.768811395431,-5.67172533533174));
#3636=CARTESIAN_POINT('Ctrl Pts',(31.1356413129659,271.702399689143,-5.28254201182777));
#3637=CARTESIAN_POINT('Ctrl Pts',(31.3805063497696,271.777437176017,-4.61473301448864));
#3638=CARTESIAN_POINT('Ctrl Pts',(31.8798007318295,272.108135103299,-4.07527592255546));
#3639=CARTESIAN_POINT('Ctrl Pts',(32.3594430092715,272.482612008186,-3.70126455528066));
#3640=CARTESIAN_POINT('Ctrl Pts',(32.6084211009072,272.702342626983,-3.5545255847226));
#3641=CARTESIAN_POINT('Ctrl Pts',(32.7773613419556,272.886908672352,-3.46846102432546));
#3642=CARTESIAN_POINT('Ctrl Pts',(31.7080993172032,274.610762284011,-7.07812656617754));
#3643=CARTESIAN_POINT('Ctrl Pts',(31.7496306501442,274.467848411566,-7.14801699553558));
#3644=CARTESIAN_POINT('Ctrl Pts',(31.8212388072652,274.160373828514,-7.2557468095952));
#3645=CARTESIAN_POINT('Ctrl Pts',(31.8539535382786,273.661482554909,-7.30089935284916));
#3646=CARTESIAN_POINT('Ctrl Pts',(31.7970900644732,273.169659811968,-7.22132504832607));
#3647=CARTESIAN_POINT('Ctrl Pts',(31.634671120159,272.575913677076,-6.96725103985778));
#3648=CARTESIAN_POINT('Ctrl Pts',(31.4301515448082,272.12187315167,-6.5320652871715));
#3649=CARTESIAN_POINT('Ctrl Pts',(31.3459342509867,271.884480598935,-6.06648462039321));
#3650=CARTESIAN_POINT('Ctrl Pts',(31.3377506080418,271.806601136434,-5.82295276196347));
#3651=CARTESIAN_POINT('Ctrl Pts',(31.3440580752054,271.773822534401,-5.68184053873489));
#3652=CARTESIAN_POINT('Ctrl Pts',(31.3773480417922,271.710846569927,-5.32722001081659));
#3653=CARTESIAN_POINT('Ctrl Pts',(31.5873294055005,271.752426505031,-4.71259807416652));
#3654=CARTESIAN_POINT('Ctrl Pts',(32.0367879313755,272.048413054732,-4.15379018932963));
#3655=CARTESIAN_POINT('Ctrl Pts',(32.4811985641111,272.417328563863,-3.75229402621589));
#3656=CARTESIAN_POINT('Ctrl Pts',(32.7149255151147,272.641995934768,-3.58920590933224));
#3657=CARTESIAN_POINT('Ctrl Pts',(32.8744879040256,272.834748056885,-3.49278391877345));
#3658=CARTESIAN_POINT('Ctrl Pts',(32.0058927540651,274.712896081301,-7.14512728840462));
#3659=CARTESIAN_POINT('Ctrl Pts',(32.0388243633773,274.553980785829,-7.21973585684925));
#3660=CARTESIAN_POINT('Ctrl Pts',(32.0970676060105,274.211101360172,-7.33580659667887));
#3661=CARTESIAN_POINT('Ctrl Pts',(32.1240597510446,273.652995382189,-7.38487763026571));
#3662=CARTESIAN_POINT('Ctrl Pts',(32.0774376931111,273.103123117248,-7.29890356995972));
#3663=CARTESIAN_POINT('Ctrl Pts',(31.9461421203345,272.441545584207,-7.02657203878172));
#3664=CARTESIAN_POINT('Ctrl Pts',(31.7954129057922,271.944429903272,-6.56875495527623));
#3665=CARTESIAN_POINT('Ctrl Pts',(31.749942708836,271.69271179279,-6.1082725752478));
#3666=CARTESIAN_POINT('Ctrl Pts',(31.7514375040749,271.610274885548,-5.87420739244253));
#3667=CARTESIAN_POINT('Ctrl Pts',(31.7597854570724,271.575249866365,-5.73940446258884));
#3668=CARTESIAN_POINT('Ctrl Pts',(31.7927069873527,271.507320032979,-5.4028740856897));
#3669=CARTESIAN_POINT('Ctrl Pts',(31.9453028783494,271.538107032122,-4.81037988590553));
#3670=CARTESIAN_POINT('Ctrl Pts',(32.3102744824709,271.853013371763,-4.21681247165815));
#3671=CARTESIAN_POINT('Ctrl Pts',(32.6939895670227,272.259801799942,-3.78270780623041));
#3672=CARTESIAN_POINT('Ctrl Pts',(32.9011205120406,272.50994243345,-3.60322998915275));
#3673=CARTESIAN_POINT('Ctrl Pts',(33.0443648992416,272.72555575698,-3.49680576000508));
#3674=CARTESIAN_POINT('Ctrl Pts',(32.1971522393963,274.854725734284,-7.35164228650378));
#3675=CARTESIAN_POINT('Ctrl Pts',(32.2314120920656,274.670027048669,-7.42533500575386));
#3676=CARTESIAN_POINT('Ctrl Pts',(32.2907706459014,274.276034413488,-7.53832681646187));
#3677=CARTESIAN_POINT('Ctrl Pts',(32.3179776700893,273.642374248745,-7.58551242497454));
#3678=CARTESIAN_POINT('Ctrl Pts',(32.2707522770284,273.016349739451,-7.50240828019698));
#3679=CARTESIAN_POINT('Ctrl Pts',(32.1363063225752,272.253055080094,-7.23550813743069));
#3680=CARTESIAN_POINT('Ctrl Pts',(31.9697311161844,271.646466033233,-6.77202623234974));
#3681=CARTESIAN_POINT('Ctrl Pts',(31.9038076315858,271.314584351154,-6.25869449018243));
#3682=CARTESIAN_POINT('Ctrl Pts',(31.8984688036741,271.205807487469,-5.98613539868431));
#3683=CARTESIAN_POINT('Ctrl Pts',(31.9043363009188,271.160674331124,-5.82754696006201));
#3684=CARTESIAN_POINT('Ctrl Pts',(31.9332590545557,271.075188104117,-5.42770664450275));
#3685=CARTESIAN_POINT('Ctrl Pts',(32.105818085082,271.158087604488,-4.73551852671949));
#3686=CARTESIAN_POINT('Ctrl Pts',(32.4798229922497,271.576794236384,-4.13282940154151));
#3687=CARTESIAN_POINT('Ctrl Pts',(32.8541913543426,272.065879391873,-3.70553033622544));
#3688=CARTESIAN_POINT('Ctrl Pts',(33.0523553342845,272.35626786148,-3.53412872615241));
#3689=CARTESIAN_POINT('Ctrl Pts',(33.1881392885924,272.601832362782,-3.4330669594578));
#3690=CARTESIAN_POINT('Ctrl Pts',(32.2499121480447,274.915477462571,-7.45499033034848));
#3691=CARTESIAN_POINT('Ctrl Pts',(32.2871874356776,274.719748005272,-7.52800653070418));
#3692=CARTESIAN_POINT('Ctrl Pts',(32.3507380452498,274.303865104988,-7.63887422698399));
#3693=CARTESIAN_POINT('Ctrl Pts',(32.3795921193452,273.637832172725,-7.68480495579896));
#3694=CARTESIAN_POINT('Ctrl Pts',(32.3293147656503,272.979191419937,-7.60368495914916));
#3695=CARTESIAN_POINT('Ctrl Pts',(32.1848029495273,272.172350171673,-7.34073887768589));
#3696=CARTESIAN_POINT('Ctrl Pts',(31.9955517934641,271.518995400113,-6.87380565371071));
#3697=CARTESIAN_POINT('Ctrl Pts',(31.9092099776019,271.152930822905,-6.32933974932299));
#3698=CARTESIAN_POINT('Ctrl Pts',(31.8978506455569,271.03292276469,-6.03460161055423));
#3699=CARTESIAN_POINT('Ctrl Pts',(31.9018508908379,270.983477877749,-5.86238787207276));
#3700=CARTESIAN_POINT('Ctrl Pts',(31.9285131397797,270.890501489094,-5.42650255044421));
#3701=CARTESIAN_POINT('Ctrl Pts',(32.1244051692227,270.99555397055,-4.67855647461859));
#3702=CARTESIAN_POINT('Ctrl Pts',(32.5238406748707,271.458531068006,-4.07436453261802));
#3703=CARTESIAN_POINT('Ctrl Pts',(32.9075544968243,271.98279873401,-3.65547180193902));
#3704=CARTESIAN_POINT('Ctrl Pts',(33.1067369701329,272.290421599835,-3.49112415517633));
#3705=CARTESIAN_POINT('Ctrl Pts',(33.2418891629715,272.548814062939,-3.39473184768552));
#3706=CARTESIAN_POINT('',(32.2499121480447,274.915477462571,-7.45499033034848));
#3707=CARTESIAN_POINT('Ctrl Pts',(32.3287320389688,274.400911297712,-7.60001755500245));
#3708=CARTESIAN_POINT('Ctrl Pts',(32.3085049230828,274.578974327918,-7.56498577079496));
#3709=CARTESIAN_POINT('Ctrl Pts',(32.2811384114027,274.751510932232,-7.51615748012774));
#3710=CARTESIAN_POINT('Ctrl Pts',(32.2499121480447,274.915477462571,-7.45499033034848));
#3711=CARTESIAN_POINT('',(31.5373900732971,274.577382531931,-7.09369181820536));
#3712=CARTESIAN_POINT('Origin',(31.5373900732971,274.915477462571,-7.81873789803444));
#3713=CARTESIAN_POINT('',(32.7773613419556,272.886908672352,-3.46846102432546));
#3714=CARTESIAN_POINT('Ctrl Pts',(31.5373900732971,274.577382531931,-7.09369181820536));
#3715=CARTESIAN_POINT('Ctrl Pts',(31.5839841828383,274.437575776494,-7.15888485434123));
#3716=CARTESIAN_POINT('Ctrl Pts',(31.6634224448035,274.140516561532,-7.2578738690349));
#3717=CARTESIAN_POINT('Ctrl Pts',(31.6994900374228,273.664778752013,-7.29888344839945));
#3718=CARTESIAN_POINT('Ctrl Pts',(31.6366433453041,273.194321070698,-7.22645487984651));
#3719=CARTESIAN_POINT('Ctrl Pts',(31.4560035751503,272.618005892447,-6.99168159245092));
#3720=CARTESIAN_POINT('Ctrl Pts',(31.2194396300713,272.151323912016,-6.57477692752173));
#3721=CARTESIAN_POINT('Ctrl Pts',(31.1115123602436,271.889849213593,-6.08864665497087));
#3722=CARTESIAN_POINT('Ctrl Pts',(31.0973131951873,271.804129171874,-5.82548760207857));
#3723=CARTESIAN_POINT('Ctrl Pts',(31.1023135017887,271.768811395431,-5.67172533533174));
#3724=CARTESIAN_POINT('Ctrl Pts',(31.1356413129659,271.702399689143,-5.28254201182777));
#3725=CARTESIAN_POINT('Ctrl Pts',(31.3805063497696,271.777437176017,-4.61473301448864));
#3726=CARTESIAN_POINT('Ctrl Pts',(31.8798007318295,272.108135103299,-4.07527592255546));
#3727=CARTESIAN_POINT('Ctrl Pts',(32.3594430092715,272.482612008186,-3.70126455528066));
#3728=CARTESIAN_POINT('Ctrl Pts',(32.6084211009072,272.702342626983,-3.5545255847226));
#3729=CARTESIAN_POINT('Ctrl Pts',(32.7773613419556,272.886908672352,-3.46846102432546));
#3730=CARTESIAN_POINT('',(33.2418891629715,272.548814062939,-3.39473184768552));
#3731=CARTESIAN_POINT('Origin',(32.7773613419556,272.548814062939,-2.74341479470574));
#3732=CARTESIAN_POINT('Ctrl Pts',(33.2418891629715,272.548814062939,-3.39473184768552));
#3733=CARTESIAN_POINT('Ctrl Pts',(33.1067369701329,272.290421599835,-3.49112415517633));
#3734=CARTESIAN_POINT('Ctrl Pts',(32.9075544968243,271.98279873401,-3.65547180193902));
#3735=CARTESIAN_POINT('Ctrl Pts',(32.5238406748707,271.458531068006,-4.07436453261802));
#3736=CARTESIAN_POINT('Ctrl Pts',(32.1244051692227,270.99555397055,-4.67855647461859));
#3737=CARTESIAN_POINT('Ctrl Pts',(31.9285131397797,270.890501489094,-5.42650255044421));
#3738=CARTESIAN_POINT('Ctrl Pts',(31.9018508908379,270.983477877749,-5.86238787207276));
#3739=CARTESIAN_POINT('Ctrl Pts',(31.8978506455569,271.03292276469,-6.03460161055423));
#3740=CARTESIAN_POINT('Ctrl Pts',(31.9092099776019,271.152930822905,-6.32933974932299));
#3741=CARTESIAN_POINT('Ctrl Pts',(31.9955517934641,271.518995400113,-6.87380565371071));
#3742=CARTESIAN_POINT('Ctrl Pts',(32.1848029495273,272.172350171673,-7.34073887768589));
#3743=CARTESIAN_POINT('Ctrl Pts',(32.2974349222108,272.801199243482,-7.54567807684047));
#3744=CARTESIAN_POINT('Ctrl Pts',(32.3257151820912,273.037766620534,-7.59497832437266));
#3745=CARTESIAN_POINT('Ctrl Pts',(32.3285510534173,273.062767533623,-7.59989489602681));
#3746=CARTESIAN_POINT('Origin',(35.1000004470349,245.,-6.00000005960464));
#3747=CARTESIAN_POINT('',(32.2499125754929,275.084524781925,-7.45499116764948));
#3748=CARTESIAN_POINT('Ctrl Pts',(32.2499125754929,275.084524781925,-7.45499116764948));
#3749=CARTESIAN_POINT('Ctrl Pts',(32.2811386615286,275.248490640841,-7.51615792571012));
#3750=CARTESIAN_POINT('Ctrl Pts',(32.3079151759976,275.421926889037,-7.56467922613836));
#3751=CARTESIAN_POINT('Ctrl Pts',(32.3279976148491,275.600471026005,-7.59956438172288));
#3752=CARTESIAN_POINT('Ctrl Pts',(32.2499121480459,274.915477462573,-7.45499033035094));
#3753=CARTESIAN_POINT('Ctrl Pts',(32.2442596213532,274.945158928492,-7.44391795377871));
#3754=CARTESIAN_POINT('Ctrl Pts',(32.2396599253987,275.004660802631,-7.43471787305659));
#3755=CARTESIAN_POINT('Ctrl Pts',(32.245673069966,275.062263838032,-7.44668667477879));
#3756=CARTESIAN_POINT('Ctrl Pts',(32.2499125754942,275.084524781923,-7.45499116765204));
#3757=CARTESIAN_POINT('Origin',(35.1000004470349,245.,-6.00000005960464));
#3758=CARTESIAN_POINT('',(33.5146721609846,279.772244334201,-8.77970044371963));
#3759=CARTESIAN_POINT('Ctrl Pts',(33.5146721606589,279.772244337622,-8.77970045785542));
#3760=CARTESIAN_POINT('Ctrl Pts',(33.5422151997323,279.449407908551,-8.79540896961206));
#3761=CARTESIAN_POINT('Ctrl Pts',(33.5697044448408,279.126513732123,-8.81054445658517));
#3762=CARTESIAN_POINT('Ctrl Pts',(33.5971392762648,278.803568450233,-8.82513869361745));
#3763=CARTESIAN_POINT('',(33.5146722986134,279.772244335784,-3.22029959699674));
#3764=CARTESIAN_POINT('Ctrl Pts',(33.5146621656666,279.772242008155,-3.22029299971279));
#3765=CARTESIAN_POINT('Ctrl Pts',(33.3747511277962,280.274904519561,-3.29997842307493));
#3766=CARTESIAN_POINT('Ctrl Pts',(33.0298633713124,281.27427846933,-3.52416494500608));
#3767=CARTESIAN_POINT('Ctrl Pts',(32.4036604015804,282.548383083624,-4.16942399278215));
#3768=CARTESIAN_POINT('Ctrl Pts',(31.8792772434221,283.349772899001,-5.29533074508644));
#3769=CARTESIAN_POINT('Ctrl Pts',(31.8819614226285,283.347915420292,-6.70105623730873));
#3770=CARTESIAN_POINT('Ctrl Pts',(32.4043771652851,282.548623590132,-7.83122529640671));
#3771=CARTESIAN_POINT('Ctrl Pts',(33.0311642520392,281.273760721434,-8.47564185807709));
#3772=CARTESIAN_POINT('Ctrl Pts',(33.3748338152423,280.274874023679,-8.70000790454777));
#3773=CARTESIAN_POINT('Ctrl Pts',(33.5146686620266,279.772243992662,-8.77970494080359));
#3774=CARTESIAN_POINT('',(33.8121004297891,276.25887219879,-3.070612146477));
#3775=CARTESIAN_POINT('Ctrl Pts',(33.8120922037985,276.258929987244,-3.06905535387701));
#3776=CARTESIAN_POINT('Ctrl Pts',(33.7136808321503,277.430564875301,-3.11306667848057));
#3777=CARTESIAN_POINT('Ctrl Pts',(33.6145379480067,278.601701647979,-3.1632905145639));
#3778=CARTESIAN_POINT('Ctrl Pts',(33.5146722834692,279.772244456246,-3.22029709696392));
#3779=CARTESIAN_POINT('',(33.241889163009,277.451185936988,-3.39473184765877));
#3780=CARTESIAN_POINT('Ctrl Pts',(33.241889163009,277.451185936988,-3.39473184765876));
#3781=CARTESIAN_POINT('Ctrl Pts',(33.4389540298609,277.074424929491,-3.254182613187));
#3782=CARTESIAN_POINT('Ctrl Pts',(33.6409752088903,276.681830137774,-3.14584703563562));
#3783=CARTESIAN_POINT('Ctrl Pts',(33.8121004297891,276.25887219879,-3.070612146477));
#3784=CARTESIAN_POINT('Ctrl Pts',(32.3287450762913,276.936675742622,-7.59947570332436));
#3785=CARTESIAN_POINT('Ctrl Pts',(32.3017055676806,277.174289185311,-7.55267440041037));
#3786=CARTESIAN_POINT('Ctrl Pts',(32.227672605193,277.608115191977,-7.417879554724));
#3787=CARTESIAN_POINT('Ctrl Pts',(32.0913386660309,278.153943180841,-7.10664487177662));
#3788=CARTESIAN_POINT('Ctrl Pts',(31.9323271161089,278.731167277323,-6.58876706974897));
#3789=CARTESIAN_POINT('Ctrl Pts',(31.8662490079983,279.065968219502,-5.91076219036314));
#3790=CARTESIAN_POINT('Ctrl Pts',(31.9858168996165,279.080375526752,-5.20477858022489));
#3791=CARTESIAN_POINT('Ctrl Pts',(32.2145505623011,278.901170553007,-4.54445442928608));
#3792=CARTESIAN_POINT('Ctrl Pts',(32.6548401109956,278.388515914901,-3.87330305832351));
#3793=CARTESIAN_POINT('Ctrl Pts',(33.0616862884681,277.795709126993,-3.52325488918783));
#3794=CARTESIAN_POINT('Ctrl Pts',(33.241889163009,277.451185936988,-3.39473184765878));
#3795=CARTESIAN_POINT('Origin',(35.1000004470349,245.,-6.00000005960464));
#3796=CARTESIAN_POINT('',(33.9821530141649,274.225104960802,-3.00159763217331));
#3797=CARTESIAN_POINT('Ctrl Pts',(33.9821530141318,274.225104960813,-3.00159763218567));
#3798=CARTESIAN_POINT('Ctrl Pts',(33.803417373431,273.60724807503,-3.068232842756));
#3799=CARTESIAN_POINT('Ctrl Pts',(33.5119780163969,273.06518692105,-3.20210095311859));
#3800=CARTESIAN_POINT('Ctrl Pts',(33.2418891629736,272.548814062943,-3.39473184768397));
#3801=CARTESIAN_POINT('',(36.2544828220007,245.,-3.01551175406663));
#3802=CARTESIAN_POINT('Ctrl Pts',(36.2544828220356,244.999999999562,-3.01551175396635));
#3803=CARTESIAN_POINT('Ctrl Pts',(35.8941527112955,249.985345429234,-2.87612599198806));
#3804=CARTESIAN_POINT('Ctrl Pts',(35.1624399950056,259.731693200943,-2.73946942942454));
#3805=CARTESIAN_POINT('Ctrl Pts',(34.3775621521577,269.474308842413,-2.8487824688506));
#3806=CARTESIAN_POINT('Ctrl Pts',(33.9821393700761,274.225192033908,-2.99880424164937));
#3807=CARTESIAN_POINT('',(31.9000004470349,245.,-6.00000005960464));
#3808=CARTESIAN_POINT('Origin',(35.1000004470349,245.,-6.00000005960464));
#3809=CARTESIAN_POINT('',(36.254482742232,245.,-8.98448839599942));
#3810=CARTESIAN_POINT('Origin',(35.1000004470349,245.,-6.00000005960464));
#3811=CARTESIAN_POINT('Ctrl Pts',(34.2429648068082,271.069123244218,-9.08309751368897));
#3812=CARTESIAN_POINT('Ctrl Pts',(34.9552844686184,262.387407485188,-9.28110725762258));
#3813=CARTESIAN_POINT('Ctrl Pts',(35.626307824687,253.691110209432,-9.22749234703566));
#3814=CARTESIAN_POINT('Ctrl Pts',(36.2544827422207,245.000000000054,-8.98448839851227));
#3815=CARTESIAN_POINT('Ctrl Pts',(32.7773613420025,277.113091327595,-3.46846102430164));
#3816=CARTESIAN_POINT('Ctrl Pts',(32.5521077488268,277.359179320848,-3.58321374013558));
#3817=CARTESIAN_POINT('Ctrl Pts',(32.043550026986,277.782612741459,-3.89575674879153));
#3818=CARTESIAN_POINT('Ctrl Pts',(31.493188091118,278.148794626405,-4.49499904525053));
#3819=CARTESIAN_POINT('Ctrl Pts',(31.2072710127622,278.276798179284,-5.08457418095863));
#3820=CARTESIAN_POINT('Ctrl Pts',(31.0578111482393,278.266507245518,-5.71491669101702));
#3821=CARTESIAN_POINT('Ctrl Pts',(31.1404087833776,278.027363715009,-6.3202781914352));
#3822=CARTESIAN_POINT('Ctrl Pts',(31.3391732207801,277.615060788292,-6.78266908684098));
#3823=CARTESIAN_POINT('Ctrl Pts',(31.5578541562356,277.114767480648,-7.13925722486716));
#3824=CARTESIAN_POINT('Ctrl Pts',(31.7535498196916,276.338574163028,-7.35613997822406));
#3825=CARTESIAN_POINT('Ctrl Pts',(31.6305786969281,275.70223263564,-7.22407836192097));
#3826=CARTESIAN_POINT('Ctrl Pts',(31.5373906076074,275.42261907128,-7.09369256579549));
#3827=CARTESIAN_POINT('Ctrl Pts',(32.8744879040698,277.16525194306,-3.49278391874676));
#3828=CARTESIAN_POINT('Ctrl Pts',(32.661738110327,277.42225470233,-3.62134653768898));
#3829=CARTESIAN_POINT('Ctrl Pts',(32.184640740087,277.852817080823,-3.96870399814019));
#3830=CARTESIAN_POINT('Ctrl Pts',(31.6882521014553,278.182783910554,-4.58749723037477));
#3831=CARTESIAN_POINT('Ctrl Pts',(31.4387886965251,278.278100743951,-5.14639364464891));
#3832=CARTESIAN_POINT('Ctrl Pts',(31.3066082780277,278.254893978306,-5.71832933388104));
#3833=CARTESIAN_POINT('Ctrl Pts',(31.3653352132458,278.04593980766,-6.28191142374437));
#3834=CARTESIAN_POINT('Ctrl Pts',(31.5331338503546,277.652219677984,-6.7495741492687));
#3835=CARTESIAN_POINT('Ctrl Pts',(31.7251472745964,277.153414484997,-7.12451393567501));
#3836=CARTESIAN_POINT('Ctrl Pts',(31.9031189353985,276.342927774555,-7.36472529578021));
#3837=CARTESIAN_POINT('Ctrl Pts',(31.7911623497898,275.675067183752,-7.21790794233053));
#3838=CARTESIAN_POINT('Ctrl Pts',(31.7080997938544,275.389239355806,-7.07812736678034));
#3839=CARTESIAN_POINT('Ctrl Pts',(33.0443648931839,277.274444246552,-3.49680574372041));
#3840=CARTESIAN_POINT('Ctrl Pts',(32.853372429108,277.561928599377,-3.63870467713659));
#3841=CARTESIAN_POINT('Ctrl Pts',(32.43118994864,278.041282359352,-4.02096933812026));
#3842=CARTESIAN_POINT('Ctrl Pts',(32.0262889880236,278.393809064002,-4.67629388976141));
#3843=CARTESIAN_POINT('Ctrl Pts',(31.8372638746439,278.4850842633,-5.22985209758734));
#3844=CARTESIAN_POINT('Ctrl Pts',(31.733719262266,278.453777878346,-5.77189382200025));
#3845=CARTESIAN_POINT('Ctrl Pts',(31.7539412308554,278.236691894879,-6.31600251300971));
#3846=CARTESIAN_POINT('Ctrl Pts',(31.870227201817,277.808998818887,-6.79791026516788));
#3847=CARTESIAN_POINT('Ctrl Pts',(32.0172394695989,277.258387905829,-7.19364180979242));
#3848=CARTESIAN_POINT('Ctrl Pts',(32.1647688394319,276.352217901484,-7.45442283244517));
#3849=CARTESIAN_POINT('Ctrl Pts',(32.0717562161211,275.604936410627,-7.29434506318966));
#3850=CARTESIAN_POINT('Ctrl Pts',(32.005893074349,275.287105718569,-7.14512822108901));
#3851=CARTESIAN_POINT('Ctrl Pts',(33.1881392886301,277.398167637148,-3.43306695942976));
#3852=CARTESIAN_POINT('Ctrl Pts',(33.0070940656935,277.725586882758,-3.56781594486249));
#3853=CARTESIAN_POINT('Ctrl Pts',(32.6029513049555,278.284382402612,-3.9328465823956));
#3854=CARTESIAN_POINT('Ctrl Pts',(32.1896572683389,278.749164377131,-4.60095312458404));
#3855=CARTESIAN_POINT('Ctrl Pts',(31.983739931622,278.902120275161,-5.22346033381116));
#3856=CARTESIAN_POINT('Ctrl Pts',(31.8737916689471,278.882685433157,-5.870404753971));
#3857=CARTESIAN_POINT('Ctrl Pts',(31.9179572724938,278.583063663223,-6.49905303881637));
#3858=CARTESIAN_POINT('Ctrl Pts',(32.0534237837088,278.05057057157,-7.00343615661219));
#3859=CARTESIAN_POINT('Ctrl Pts',(32.2108111690745,277.395021515945,-7.40167351363398));
#3860=CARTESIAN_POINT('Ctrl Pts',(32.35887988861,276.36247587182,-7.65183827450754));
#3861=CARTESIAN_POINT('Ctrl Pts',(32.2656722491747,275.51467383748,-7.49902826635766));
#3862=CARTESIAN_POINT('Ctrl Pts',(32.197152632543,275.145276383572,-7.35164313158706));
#3863=CARTESIAN_POINT('Ctrl Pts',(33.241889163009,277.451185936988,-3.39473184765878));
#3864=CARTESIAN_POINT('Ctrl Pts',(33.0616862884681,277.795709126993,-3.52325488918783));
#3865=CARTESIAN_POINT('Ctrl Pts',(32.6548401109956,278.388515914901,-3.87330305832351));
#3866=CARTESIAN_POINT('Ctrl Pts',(32.2145505623011,278.901170553007,-4.54445442928608));
#3867=CARTESIAN_POINT('Ctrl Pts',(31.9858168996165,279.080375526752,-5.20477858022489));
#3868=CARTESIAN_POINT('Ctrl Pts',(31.8662490079983,279.065968219502,-5.91076219036314));
#3869=CARTESIAN_POINT('Ctrl Pts',(31.9323271161089,278.731167277323,-6.58876706974897));
#3870=CARTESIAN_POINT('Ctrl Pts',(32.0913386660309,278.153943180841,-7.10664487177662));
#3871=CARTESIAN_POINT('Ctrl Pts',(32.2662834143954,277.453532551258,-7.50602358572833));
#3872=CARTESIAN_POINT('Ctrl Pts',(32.4228399451601,276.366861908325,-7.74893226910017));
#3873=CARTESIAN_POINT('Ctrl Pts',(32.3244630469494,275.475983771404,-7.60102325907678));
#3874=CARTESIAN_POINT('Ctrl Pts',(32.2499125754929,275.084524781925,-7.45499116764948));
#3875=CARTESIAN_POINT('',(32.7773613420025,277.113091327595,-3.46846102430162));
#3876=CARTESIAN_POINT('Origin',(32.7773613420025,277.451185936988,-2.7434147946723));
#3877=CARTESIAN_POINT('',(31.5373906076074,275.42261907128,-7.0936925657955));
#3878=CARTESIAN_POINT('Ctrl Pts',(32.7773613420025,277.113091327595,-3.46846102430164));
#3879=CARTESIAN_POINT('Ctrl Pts',(32.5521077488268,277.359179320848,-3.58321374013558));
#3880=CARTESIAN_POINT('Ctrl Pts',(32.043550026986,277.782612741459,-3.89575674879153));
#3881=CARTESIAN_POINT('Ctrl Pts',(31.493188091118,278.148794626405,-4.49499904525053));
#3882=CARTESIAN_POINT('Ctrl Pts',(31.2072710127622,278.276798179284,-5.08457418095863));
#3883=CARTESIAN_POINT('Ctrl Pts',(31.0578111482393,278.266507245518,-5.71491669101702));
#3884=CARTESIAN_POINT('Ctrl Pts',(31.1404087833776,278.027363715009,-6.3202781914352));
#3885=CARTESIAN_POINT('Ctrl Pts',(31.3391732207801,277.615060788292,-6.78266908684098));
#3886=CARTESIAN_POINT('Ctrl Pts',(31.5578541562356,277.114767480648,-7.13925722486716));
#3887=CARTESIAN_POINT('Ctrl Pts',(31.7535498196916,276.338574163028,-7.35613997822406));
#3888=CARTESIAN_POINT('Ctrl Pts',(31.6305786969281,275.70223263564,-7.22407836192097));
#3889=CARTESIAN_POINT('Ctrl Pts',(31.5373906076074,275.42261907128,-7.09369256579549));
#3890=CARTESIAN_POINT('Origin',(31.5373906076074,275.084524781925,-7.81873894466069));
#3891=CARTESIAN_POINT('Ctrl Pts',(-33.3204582753644,278.132093774086,-9.99462159670788));
#3892=CARTESIAN_POINT('Ctrl Pts',(-33.3219633134517,278.122454449362,-9.96981148996704));
#3893=CARTESIAN_POINT('Ctrl Pts',(-33.3059141231197,278.101861815715,-9.92003464649367));
#3894=CARTESIAN_POINT('Ctrl Pts',(-33.2535806376755,278.084800937275,-9.88292768955872));
#3895=CARTESIAN_POINT('Ctrl Pts',(-33.2214239835722,278.079078838599,-9.87070907630226));
#3896=CARTESIAN_POINT('Ctrl Pts',(-33.4479197041848,278.133958138282,-9.99942017710775));
#3897=CARTESIAN_POINT('Ctrl Pts',(-33.4544222864196,278.116656659991,-9.95474923042328));
#3898=CARTESIAN_POINT('Ctrl Pts',(-33.4385322152101,278.077145678599,-9.86097780056881));
#3899=CARTESIAN_POINT('Ctrl Pts',(-33.3535793173186,278.038109815104,-9.78115839300529));
#3900=CARTESIAN_POINT('Ctrl Pts',(-33.2968500460698,278.024621036141,-9.75442327545208));
#3901=CARTESIAN_POINT('Ctrl Pts',(-33.7022593927578,278.195831465867,-9.98640149021718));
#3902=CARTESIAN_POINT('Ctrl Pts',(-33.71869864544,278.166799603745,-9.89978858762182));
#3903=CARTESIAN_POINT('Ctrl Pts',(-33.7030066183475,278.097317538413,-9.71317229515555));
#3904=CARTESIAN_POINT('Ctrl Pts',(-33.5528881028235,278.020908582867,-9.5435496315616));
#3905=CARTESIAN_POINT('Ctrl Pts',(-33.447127107296,277.993553441269,-9.48647570070596));
#3906=CARTESIAN_POINT('Ctrl Pts',(-34.048928180926,278.482269715054,-9.89013455580444));
#3907=CARTESIAN_POINT('Ctrl Pts',(-34.0726015468677,278.448044792311,-9.73893043669485));
#3908=CARTESIAN_POINT('Ctrl Pts',(-34.0410976451817,278.363212204684,-9.41476646387983));
#3909=CARTESIAN_POINT('Ctrl Pts',(-33.7990900435809,278.263325446744,-9.12714877288064));
#3910=CARTESIAN_POINT('Ctrl Pts',(-33.6315904413761,278.224961010523,-9.03134365873885));
#3911=CARTESIAN_POINT('Ctrl Pts',(-34.1352819316933,278.789343849914,-9.77457057621772));
#3912=CARTESIAN_POINT('Ctrl Pts',(-34.1489614562872,278.762614286362,-9.59950763874707));
#3913=CARTESIAN_POINT('Ctrl Pts',(-34.0838787167531,278.696109593293,-9.23770564025815));
#3914=CARTESIAN_POINT('Ctrl Pts',(-33.8135247584849,278.618054371892,-8.94463745197371));
#3915=CARTESIAN_POINT('Ctrl Pts',(-33.6395014347997,278.585402994413,-8.84767367381477));
#3916=CARTESIAN_POINT('Ctrl Pts',(-34.1155290708188,278.966459705548,-9.70490089977364));
#3917=CARTESIAN_POINT('Ctrl Pts',(-34.1179638401448,278.944628161381,-9.52851201523396));
#3918=CARTESIAN_POINT('Ctrl Pts',(-34.0276637515019,278.890638757297,-9.17471299560267));
#3919=CARTESIAN_POINT('Ctrl Pts',(-33.7594210257102,278.830183799808,-8.9114661173516));
#3920=CARTESIAN_POINT('Ctrl Pts',(-33.5971392762647,278.803568450234,-8.82513869361742));
#3921=CARTESIAN_POINT('',(-33.2214239835722,278.079078838599,-9.87070907630226));
#3922=CARTESIAN_POINT('',(-33.5971392762647,278.803568450234,-8.8251386936174));
#3923=CARTESIAN_POINT('Origin',(-33.2214239835722,278.803568450234,-9.5314233521206));
#3924=CARTESIAN_POINT('',(-34.1155290708194,278.966459705543,-9.70490089977427));
#3925=CARTESIAN_POINT('Ctrl Pts',(-33.5971392762647,278.803568450234,-8.82513869361742));
#3926=CARTESIAN_POINT('Ctrl Pts',(-33.7594210257102,278.830183799808,-8.9114661173516));
#3927=CARTESIAN_POINT('Ctrl Pts',(-34.0276637515019,278.890638757297,-9.17471299560267));
#3928=CARTESIAN_POINT('Ctrl Pts',(-34.1179638401448,278.944628161381,-9.52851201523396));
#3929=CARTESIAN_POINT('Ctrl Pts',(-34.1155290708188,278.966459705548,-9.70490089977364));
#3930=CARTESIAN_POINT('',(-33.3204582753644,278.132093774086,-9.99462159670788));
#3931=CARTESIAN_POINT('Origin',(-33.3204582753644,278.877789359797,-9.70490088041148));
#3932=CARTESIAN_POINT('Ctrl Pts',(-33.3204582753644,278.132093774086,-9.99462159670788));
#3933=CARTESIAN_POINT('Ctrl Pts',(-33.3219633134517,278.122454449362,-9.96981148996704));
#3934=CARTESIAN_POINT('Ctrl Pts',(-33.3059141231197,278.101861815715,-9.92003464649367));
#3935=CARTESIAN_POINT('Ctrl Pts',(-33.2535806376755,278.084800937275,-9.88292768955872));
#3936=CARTESIAN_POINT('Ctrl Pts',(-33.2214239835722,278.079078838599,-9.87070907630226));
#3937=CARTESIAN_POINT('Ctrl Pts',(-33.2214239835722,278.079078838599,-9.87070907630226));
#3938=CARTESIAN_POINT('Ctrl Pts',(-32.812474079828,278.006308465939,-9.71531975317581));
#3939=CARTESIAN_POINT('Ctrl Pts',(-32.2760942488524,277.82311591056,-9.40486721171168));
#3940=CARTESIAN_POINT('Ctrl Pts',(-31.7328118282071,277.233434267215,-8.91584119599501));
#3941=CARTESIAN_POINT('Ctrl Pts',(-31.5300410078789,276.409527494388,-8.63262598238853));
#3942=CARTESIAN_POINT('Ctrl Pts',(-31.6213440355551,275.718667442103,-8.76825796869842));
#3943=CARTESIAN_POINT('Ctrl Pts',(-31.7470762846911,275.422619060726,-8.90630743912594));
#3944=CARTESIAN_POINT('Ctrl Pts',(-33.2968500460698,278.024621036141,-9.75442327545208));
#3945=CARTESIAN_POINT('Ctrl Pts',(-32.9077263057567,277.944953746254,-9.6103479149495));
#3946=CARTESIAN_POINT('Ctrl Pts',(-32.4036562620646,277.753504691575,-9.33102450308263));
#3947=CARTESIAN_POINT('Ctrl Pts',(-31.8890669635329,277.189028748711,-8.8993274218078));
#3948=CARTESIAN_POINT('Ctrl Pts',(-31.688476443022,276.405058438084,-8.64025709024665));
#3949=CARTESIAN_POINT('Ctrl Pts',(-31.7793365195026,275.742680416994,-8.76466204228466));
#3950=CARTESIAN_POINT('Ctrl Pts',(-31.9004508309537,275.460836435289,-8.88848640495912));
#3951=CARTESIAN_POINT('Ctrl Pts',(-33.4471828747489,277.993461246696,-9.48641404245373));
#3952=CARTESIAN_POINT('Ctrl Pts',(-33.0975806817699,277.900952392447,-9.35636919974697));
#3953=CARTESIAN_POINT('Ctrl Pts',(-32.657803463877,277.690841055228,-9.12050207203597));
#3954=CARTESIAN_POINT('Ctrl Pts',(-32.2003727221823,277.148156115328,-8.77687606844333));
#3955=CARTESIAN_POINT('Ctrl Pts',(-32.0041259879648,276.40239545161,-8.55613923858524));
#3956=CARTESIAN_POINT('Ctrl Pts',(-32.094008542064,275.764063283415,-8.66276034243578));
#3957=CARTESIAN_POINT('Ctrl Pts',(-32.2059075108988,275.495641222003,-8.76440927784919));
#3958=CARTESIAN_POINT('Ctrl Pts',(-33.6315305291443,278.225060477925,-9.03140970257404));
#3959=CARTESIAN_POINT('Ctrl Pts',(-33.3263737795959,278.120727074089,-8.89577170571214));
#3960=CARTESIAN_POINT('Ctrl Pts',(-32.9527808697568,277.882665278525,-8.65600458787948));
#3961=CARTESIAN_POINT('Ctrl Pts',(-32.557116821097,277.266782824406,-8.32381197283066));
#3962=CARTESIAN_POINT('Ctrl Pts',(-32.3735711409382,276.420535810918,-8.11086453841666));
#3963=CARTESIAN_POINT('Ctrl Pts',(-32.4586121680095,275.696207824859,-8.21375710058125));
#3964=CARTESIAN_POINT('Ctrl Pts',(-32.5587028094503,275.391592679559,-8.31176351989571));
#3965=CARTESIAN_POINT('Ctrl Pts',(-33.6395014347997,278.585402994413,-8.84767367381477));
#3966=CARTESIAN_POINT('Ctrl Pts',(-33.3289983772891,278.48241599626,-8.68856697693899));
#3967=CARTESIAN_POINT('Ctrl Pts',(-32.9340007833115,278.232291936227,-8.38479185434321));
#3968=CARTESIAN_POINT('Ctrl Pts',(-32.5257766493335,277.48606362366,-7.9308908308786));
#3969=CARTESIAN_POINT('Ctrl Pts',(-32.3558582893605,276.448857587303,-7.66179612956041));
#3970=CARTESIAN_POINT('Ctrl Pts',(-32.4328413448349,275.5733355496,-7.79053525648402));
#3971=CARTESIAN_POINT('Ctrl Pts',(-32.5313630882027,275.200516934793,-7.91978578457464));
#3972=CARTESIAN_POINT('Ctrl Pts',(-33.5971392762647,278.803568450234,-8.82513869361741));
#3973=CARTESIAN_POINT('Ctrl Pts',(-33.2699793532697,278.701689928673,-8.65110265199383));
#3974=CARTESIAN_POINT('Ctrl Pts',(-32.8408754884891,278.445220351552,-8.30339580610915));
#3975=CARTESIAN_POINT('Ctrl Pts',(-32.4062495519729,277.619666052187,-7.75568666938096));
#3976=CARTESIAN_POINT('Ctrl Pts',(-32.2440328957102,276.46619657207,-7.43848563064798));
#3977=CARTESIAN_POINT('Ctrl Pts',(-32.3170753178511,275.498992500414,-7.59039345507267));
#3978=CARTESIAN_POINT('Ctrl Pts',(-32.4176611171599,275.08452476715,-7.74500886170444));
#3979=CARTESIAN_POINT('',(-32.3049244007474,275.868322433957,-7.55805971682894));
#3980=CARTESIAN_POINT('',(-32.3049244007474,276.667387164826,-7.55805971682895));
#3981=CARTESIAN_POINT('Ctrl Pts',(-32.3041240150182,275.868502089859,-7.55877888074432));
#3982=CARTESIAN_POINT('Ctrl Pts',(-32.3041631275831,275.872966769919,-7.5588416244952));
#3983=CARTESIAN_POINT('Ctrl Pts',(-32.3042008514741,275.877431725698,-7.55890365956769));
#3984=CARTESIAN_POINT('Ctrl Pts',(-32.3042372673005,275.881896347124,-7.55896492378442));
#3985=CARTESIAN_POINT('Ctrl Pts',(-32.3045450694097,275.919633233171,-7.55948275509529));
#3986=CARTESIAN_POINT('Ctrl Pts',(-32.3047821082156,275.957516341607,-7.55998433428758));
#3987=CARTESIAN_POINT('Ctrl Pts',(-32.3049619058045,275.995845372831,-7.56039150510671));
#3988=CARTESIAN_POINT('Ctrl Pts',(-32.305138136232,276.033413960911,-7.56079059770815));
#3989=CARTESIAN_POINT('Ctrl Pts',(-32.3052596632873,276.071411015212,-7.56109874635187));
#3990=CARTESIAN_POINT('Ctrl Pts',(-32.3053489833654,276.110131638202,-7.56128911372753));
#3991=CARTESIAN_POINT('Ctrl Pts',(-32.305434630135,276.147259866725,-7.56147165220137));
#3992=CARTESIAN_POINT('Ctrl Pts',(-32.3054909275428,276.185053471373,-7.56154569793245));
#3993=CARTESIAN_POINT('Ctrl Pts',(-32.3055427850609,276.223783405594,-7.56153397078003));
#3994=CARTESIAN_POINT('Ctrl Pts',(-32.3055587395782,276.235699081939,-7.56153036279682));
#3995=CARTESIAN_POINT('Ctrl Pts',(-32.3055742964018,276.24770346065,-7.56151899207689));
#3996=CARTESIAN_POINT('Ctrl Pts',(-32.3055902245831,276.259804626495,-7.56150151728279));
#3997=CARTESIAN_POINT('Ctrl Pts',(-32.305642779771,276.299732539881,-7.56144385903114));
#3998=CARTESIAN_POINT('Ctrl Pts',(-32.3056962561496,276.338605495328,-7.56131916461256));
#3999=CARTESIAN_POINT('Ctrl Pts',(-32.3057125200421,276.376738544178,-7.56110642384613));
#4000=CARTESIAN_POINT('Ctrl Pts',(-32.3057235430081,276.402583482682,-7.56096223731526));
#4001=CARTESIAN_POINT('Ctrl Pts',(-32.3057176041486,276.428088359966,-7.5607787540306));
#4002=CARTESIAN_POINT('Ctrl Pts',(-32.3056845336769,276.453348759966,-7.56056259168949));
#4003=CARTESIAN_POINT('Ctrl Pts',(-32.3056351139186,276.491097325316,-7.56023956361947));
#4004=CARTESIAN_POINT('Ctrl Pts',(-32.3055248175542,276.528300524196,-7.55984106596717));
#4005=CARTESIAN_POINT('Ctrl Pts',(-32.3053424522193,276.565270292311,-7.55940031864423));
#4006=CARTESIAN_POINT('Ctrl Pts',(-32.3052437440981,276.585280763895,-7.55916175718629));
#4007=CARTESIAN_POINT('Ctrl Pts',(-32.3051240315557,276.605222644984,-7.55891172362087));
#4008=CARTESIAN_POINT('Ctrl Pts',(-32.3049825999019,276.625143925437,-7.55866152742662));
#4009=CARTESIAN_POINT('Ctrl Pts',(-32.3049149593295,276.63467140233,-7.55854186953288));
#4010=CARTESIAN_POINT('Ctrl Pts',(-32.30484091374,276.644201351451,-7.55841958213735));
#4011=CARTESIAN_POINT('Ctrl Pts',(-32.3047597434067,276.653728437878,-7.55829506639837));
#4012=CARTESIAN_POINT('Ctrl Pts',(-32.3047217639639,276.65818614329,-7.55823680572364));
#4013=CARTESIAN_POINT('Ctrl Pts',(-32.304682216045,276.662644177432,-7.55817804551424));
#4014=CARTESIAN_POINT('Ctrl Pts',(-32.3046410220856,276.667101918418,-7.55811883143348));
#4015=CARTESIAN_POINT('Ctrl Pts',(-32.3046410220856,276.667101918418,-7.55811883143349));
#4016=CARTESIAN_POINT('Ctrl Pts',(-32.330062940775,277.064287097279,-7.60489030959369));
#4017=CARTESIAN_POINT('Ctrl Pts',(-32.4323763412028,277.669292826305,-7.78861126032761));
#4018=CARTESIAN_POINT('Ctrl Pts',(-32.8408754884891,278.445220351552,-8.30339580610915));
#4019=CARTESIAN_POINT('Ctrl Pts',(-33.2699793532697,278.701689928673,-8.65110265199383));
#4020=CARTESIAN_POINT('Ctrl Pts',(-33.5971392762647,278.803568450234,-8.82513869361741));
#4021=CARTESIAN_POINT('',(-31.7470762846911,275.422619060748,-8.90630743911569));
#4022=CARTESIAN_POINT('Ctrl Pts',(-33.2214239835722,278.079078838599,-9.87070907630226));
#4023=CARTESIAN_POINT('Ctrl Pts',(-32.812474079828,278.006308465939,-9.71531975317581));
#4024=CARTESIAN_POINT('Ctrl Pts',(-32.2760942488524,277.82311591056,-9.40486721171168));
#4025=CARTESIAN_POINT('Ctrl Pts',(-31.7328118282071,277.233434267215,-8.91584119599501));
#4026=CARTESIAN_POINT('Ctrl Pts',(-31.5300410078789,276.409527494388,-8.63262598238853));
#4027=CARTESIAN_POINT('Ctrl Pts',(-31.6213440355551,275.718667442103,-8.76825796869842));
#4028=CARTESIAN_POINT('Ctrl Pts',(-31.7470762846911,275.422619060726,-8.90630743912594));
#4029=CARTESIAN_POINT('',(-32.4176611171599,275.08452476715,-7.74500886170444));
#4030=CARTESIAN_POINT('Origin',(-31.7470762846911,275.08452476715,-8.18126106222939));
#4031=CARTESIAN_POINT('Ctrl Pts',(-32.4176611171599,275.08452476715,-7.74500886170444));
#4032=CARTESIAN_POINT('Ctrl Pts',(-32.3586985857594,275.327482191607,-7.65437463867129));
#4033=CARTESIAN_POINT('Ctrl Pts',(-32.321749951728,275.594195570535,-7.59077010727688));
#4034=CARTESIAN_POINT('Ctrl Pts',(-32.3041240150182,275.868502089859,-7.55877888074434));
#4035=CARTESIAN_POINT('Ctrl Pts',(-31.7470762846891,275.422623797955,-8.90630523009981));
#4036=CARTESIAN_POINT('Ctrl Pts',(-31.7537710881479,275.312280888604,-8.95775979295431));
#4037=CARTESIAN_POINT('Ctrl Pts',(-31.7637746182774,275.0236759871,-9.03351700662611));
#4038=CARTESIAN_POINT('Ctrl Pts',(-31.7560039493412,274.724523472556,-8.97492097185675));
#4039=CARTESIAN_POINT('Ctrl Pts',(-31.7470766683194,274.577382525048,-8.90630817858472));
#4040=CARTESIAN_POINT('Ctrl Pts',(-31.900450552676,275.460841522223,-8.88848372886293));
#4041=CARTESIAN_POINT('Ctrl Pts',(-31.9124619251951,275.344239633286,-8.94854466084691));
#4042=CARTESIAN_POINT('Ctrl Pts',(-31.932284571605,275.027120240138,-9.04136404262064));
#4043=CARTESIAN_POINT('Ctrl Pts',(-31.9164680154341,274.694652595207,-8.96857633666428));
#4044=CARTESIAN_POINT('Ctrl Pts',(-31.900451240592,274.53916515771,-8.88848716839702));
#4045=CARTESIAN_POINT('Ctrl Pts',(-32.2060107668092,275.495731372043,-8.76452038940486));
#4046=CARTESIAN_POINT('Ctrl Pts',(-32.2285829026481,275.376079116031,-8.83358153935135));
#4047=CARTESIAN_POINT('Ctrl Pts',(-32.2679086673305,275.031252664466,-8.94668483620343));
#4048=CARTESIAN_POINT('Ctrl Pts',(-32.2361113102153,274.663830891218,-8.85661512812038));
#4049=CARTESIAN_POINT('Ctrl Pts',(-32.2060120575054,274.504275483437,-8.7645243466928));
#4050=CARTESIAN_POINT('Ctrl Pts',(-32.5587081398633,275.391599832254,-8.31176415802771));
#4051=CARTESIAN_POINT('Ctrl Pts',(-32.587481274323,275.300429078337,-8.36537336994797));
#4052=CARTESIAN_POINT('Ctrl Pts',(-32.6380375226043,275.025886206154,-8.45681844312015));
#4053=CARTESIAN_POINT('Ctrl Pts',(-32.5970778922647,274.729981125865,-8.38325343175447));
#4054=CARTESIAN_POINT('Ctrl Pts',(-32.5587097884174,274.608405390608,-8.31176722787942));
#4055=CARTESIAN_POINT('Ctrl Pts',(-32.5313625354864,275.20051834957,-7.91978493496744));
#4056=CARTESIAN_POINT('Ctrl Pts',(-32.5478688605095,275.152344018578,-7.94363891975595));
#4057=CARTESIAN_POINT('Ctrl Pts',(-32.5758111304473,275.012666047447,-7.98330713343387));
#4058=CARTESIAN_POINT('Ctrl Pts',(-32.5533741314724,274.863724542348,-7.95159482123588));
#4059=CARTESIAN_POINT('Ctrl Pts',(-32.5313634686124,274.799484407054,-7.91978630207376));
#4060=CARTESIAN_POINT('Ctrl Pts',(-32.4176611171582,275.084524767148,-7.74500886170194));
#4061=CARTESIAN_POINT('Ctrl Pts',(-32.4230169599253,275.062456183305,-7.75324159249473));
#4062=CARTESIAN_POINT('Ctrl Pts',(-32.4310197840289,275.004735197843,-7.76536274776595));
#4063=CARTESIAN_POINT('Ctrl Pts',(-32.42480324888,274.944904689585,-7.7559873813646));
#4064=CARTESIAN_POINT('Ctrl Pts',(-32.4176614240625,274.915476497453,-7.74500933345955));
#4065=CARTESIAN_POINT('',(-31.7470766683194,274.577382525048,-8.90630817858471));
#4066=CARTESIAN_POINT('',(-32.4176614240625,274.915476497453,-7.74500933345957));
#4067=CARTESIAN_POINT('Origin',(-31.7470766683194,274.915476497453,-8.18126165192327));
#4068=CARTESIAN_POINT('Ctrl Pts',(-32.4176614240625,274.915476497453,-7.74500933345955));
#4069=CARTESIAN_POINT('Ctrl Pts',(-32.42480324888,274.944904689585,-7.7559873813646));
#4070=CARTESIAN_POINT('Ctrl Pts',(-32.4310197840289,275.004735197843,-7.76536274776595));
#4071=CARTESIAN_POINT('Ctrl Pts',(-32.4230169599253,275.062456183305,-7.75324159249473));
#4072=CARTESIAN_POINT('Ctrl Pts',(-32.4176611171582,275.084524767148,-7.74500886170194));
#4073=CARTESIAN_POINT('Ctrl Pts',(-31.7470765712399,275.422619075028,-8.9063074324567));
#4074=CARTESIAN_POINT('Ctrl Pts',(-31.7537712104824,275.312277359196,-8.9577607193994));
#4075=CARTESIAN_POINT('Ctrl Pts',(-31.7637745707629,275.023674157902,-9.0335166483348));
#4076=CARTESIAN_POINT('Ctrl Pts',(-31.7560039493412,274.724523472556,-8.97492097185675));
#4077=CARTESIAN_POINT('Ctrl Pts',(-31.7470766683194,274.577382525048,-8.90630817858472));
#4078=CARTESIAN_POINT('Ctrl Pts',(-31.747076958192,274.577382525092,-8.90630817860541));
#4079=CARTESIAN_POINT('Ctrl Pts',(-31.599103389835,274.228965901306,-8.74383865236505));
#4080=CARTESIAN_POINT('Ctrl Pts',(-31.5395000437872,273.604154837,-8.65258000219799));
#4081=CARTESIAN_POINT('Ctrl Pts',(-31.7269595646743,272.843613388004,-8.89713578368725));
#4082=CARTESIAN_POINT('Ctrl Pts',(-32.0475803353385,272.379304177201,-9.21521790562727));
#4083=CARTESIAN_POINT('Ctrl Pts',(-32.5647997042308,272.068688106445,-9.58274989822073));
#4084=CARTESIAN_POINT('Ctrl Pts',(-33.242233952066,271.898981072299,-9.90183021478184));
#4085=CARTESIAN_POINT('Ctrl Pts',(-33.7608232317745,271.847264735257,-10.0478396702908));
#4086=CARTESIAN_POINT('Ctrl Pts',(-34.0287058967514,271.829986657293,-10.1010294517339));
#4087=CARTESIAN_POINT('Ctrl Pts',(-31.9004514797345,274.539165074762,-8.88848706840174));
#4088=CARTESIAN_POINT('Ctrl Pts',(-31.7579127450425,274.207465478904,-8.74275898760835));
#4089=CARTESIAN_POINT('Ctrl Pts',(-31.6982355903042,273.608820030709,-8.6584494455096));
#4090=CARTESIAN_POINT('Ctrl Pts',(-31.8822854110446,272.883508207036,-8.88170217168247));
#4091=CARTESIAN_POINT('Ctrl Pts',(-32.1879469493548,272.441939291077,-9.16355202980584));
#4092=CARTESIAN_POINT('Ctrl Pts',(-32.6743159435216,272.134506942033,-9.48964506161139));
#4093=CARTESIAN_POINT('Ctrl Pts',(-33.3154240688139,271.952945248506,-9.78202309681972));
#4094=CARTESIAN_POINT('Ctrl Pts',(-33.8115817213146,271.892777369304,-9.92016270135785));
#4095=CARTESIAN_POINT('Ctrl Pts',(-34.068741093518,271.872305227795,-9.97075364670975));
#4096=CARTESIAN_POINT('Ctrl Pts',(-32.205908587653,274.504360038109,-8.76440989415105));
#4097=CARTESIAN_POINT('Ctrl Pts',(-32.0742153552887,274.188456577562,-8.64477994177131));
#4098=CARTESIAN_POINT('Ctrl Pts',(-32.0144791311296,273.61217770073,-8.5714235340178));
#4099=CARTESIAN_POINT('Ctrl Pts',(-32.1917440805948,272.919427203381,-8.76108813788348));
#4100=CARTESIAN_POINT('Ctrl Pts',(-32.4676448012259,272.499798752284,-8.98662163725327));
#4101=CARTESIAN_POINT('Ctrl Pts',(-32.8925935646676,272.187686318602,-9.25152283651252));
#4102=CARTESIAN_POINT('Ctrl Pts',(-33.4613367571569,271.982447534823,-9.50890047173833));
#4103=CARTESIAN_POINT('Ctrl Pts',(-33.9128024789852,271.907990033836,-9.63874156077806));
#4104=CARTESIAN_POINT('Ctrl Pts',(-34.1485708201016,271.882182004444,-9.68678278186804));
#4105=CARTESIAN_POINT('Ctrl Pts',(-32.5587040866272,274.608408737393,-8.31176402409987));
#4106=CARTESIAN_POINT('Ctrl Pts',(-32.4409080187428,274.249909968607,-8.19642092449178));
#4107=CARTESIAN_POINT('Ctrl Pts',(-32.3838263046425,273.595982355996,-8.12534642610445));
#4108=CARTESIAN_POINT('Ctrl Pts',(-32.5476586126637,272.809845625274,-8.3087279477649));
#4109=CARTESIAN_POINT('Ctrl Pts',(-32.7894046159628,272.333660296648,-8.5256284420865));
#4110=CARTESIAN_POINT('Ctrl Pts',(-33.151108179343,271.979545473785,-8.78798769837096));
#4111=CARTESIAN_POINT('Ctrl Pts',(-33.6418071289519,271.747526294227,-9.05398082113215));
#4112=CARTESIAN_POINT('Ctrl Pts',(-34.0402223749182,271.664003644448,-9.1914253678531));
#4113=CARTESIAN_POINT('Ctrl Pts',(-34.2497792739158,271.635101649604,-9.24243463078326));
#4114=CARTESIAN_POINT('Ctrl Pts',(-32.5313636162567,274.799485063126,-7.91978647821223));
#4115=CARTESIAN_POINT('Ctrl Pts',(-32.415413955691,274.360718256317,-7.76767237601997));
#4116=CARTESIAN_POINT('Ctrl Pts',(-32.3645982702684,273.569401274264,-7.68032412189764));
#4117=CARTESIAN_POINT('Ctrl Pts',(-32.5189158742797,272.610107389353,-7.91269992273704));
#4118=CARTESIAN_POINT('Ctrl Pts',(-32.7641654541268,272.025812223145,-8.20769404938068));
#4119=CARTESIAN_POINT('Ctrl Pts',(-33.1456761193266,271.621213691607,-8.55620833323778));
#4120=CARTESIAN_POINT('Ctrl Pts',(-33.6530161084835,271.385299600661,-8.87716323253175));
#4121=CARTESIAN_POINT('Ctrl Pts',(-34.0526712051628,271.308413275715,-9.0314583309594));
#4122=CARTESIAN_POINT('Ctrl Pts',(-34.2608401520446,271.282379134815,-9.08806648018357));
#4123=CARTESIAN_POINT('Ctrl Pts',(-32.4176616559606,274.915477452996,-7.74500968992137));
#4124=CARTESIAN_POINT('Ctrl Pts',(-32.299282801274,274.427694180471,-7.5630438208212));
#4125=CARTESIAN_POINT('Ctrl Pts',(-32.2516001244365,273.552958691842,-7.46083413279844));
#4126=CARTESIAN_POINT('Ctrl Pts',(-32.401567741146,272.488200664948,-7.73473660762884));
#4127=CARTESIAN_POINT('Ctrl Pts',(-32.6580643576775,271.838167770862,-8.09098858363315));
#4128=CARTESIAN_POINT('Ctrl Pts',(-33.0718398527914,271.403305272498,-8.50262441468072));
#4129=CARTESIAN_POINT('Ctrl Pts',(-33.6137872510597,271.165715425073,-8.85999436865873));
#4130=CARTESIAN_POINT('Ctrl Pts',(-34.0286586748265,271.093312553329,-9.02352495856777));
#4131=CARTESIAN_POINT('Ctrl Pts',(-34.2429648068081,271.069123244218,-9.08309751368894));
#4132=CARTESIAN_POINT('',(-32.3049244007475,273.332612835174,-7.5580597168291));
#4133=CARTESIAN_POINT('',(-32.3049244007475,274.131677566044,-7.5580597168291));
#4134=CARTESIAN_POINT('Ctrl Pts',(-32.3043246162078,273.332543527437,-7.55904854354259));
#4135=CARTESIAN_POINT('Ctrl Pts',(-32.304361154132,273.337386550097,-7.55913168486554));
#4136=CARTESIAN_POINT('Ctrl Pts',(-32.3043955530577,273.342229914129,-7.55921461725631));
#4137=CARTESIAN_POINT('Ctrl Pts',(-32.3044279454842,273.34707287315,-7.55929722661585));
#4138=CARTESIAN_POINT('Ctrl Pts',(-32.3047181910885,273.390467200754,-7.56003743061012));
#4139=CARTESIAN_POINT('Ctrl Pts',(-32.3048508436385,273.434015666279,-7.5607536237835));
#4140=CARTESIAN_POINT('Ctrl Pts',(-32.3049061370105,273.477688835498,-7.56138017844908));
#4141=CARTESIAN_POINT('Ctrl Pts',(-32.3049668379832,273.52563316872,-7.56206800912879));
#4142=CARTESIAN_POINT('Ctrl Pts',(-32.3049342687367,273.573961717224,-7.56264892993862));
#4143=CARTESIAN_POINT('Ctrl Pts',(-32.3048752681227,273.62268906317,-7.56306064876152));
#4144=CARTESIAN_POINT('Ctrl Pts',(-32.3048186519459,273.669447153404,-7.56345572847495));
#4145=CARTESIAN_POINT('Ctrl Pts',(-32.3047378249948,273.716572599371,-7.56369474106377));
#4146=CARTESIAN_POINT('Ctrl Pts',(-32.3046507646874,273.764093264414,-7.56374401018284));
#4147=CARTESIAN_POINT('Ctrl Pts',(-32.3046373421232,273.771419785485,-7.56375160627264));
#4148=CARTESIAN_POINT('Ctrl Pts',(-32.3046236868837,273.778755728744,-7.5637547398848));
#4149=CARTESIAN_POINT('Ctrl Pts',(-32.3046097705874,273.786101226532,-7.56375334226315));
#4150=CARTESIAN_POINT('Ctrl Pts',(-32.3045333982902,273.826413140508,-7.56374567214943));
#4151=CARTESIAN_POINT('Ctrl Pts',(-32.3044668926549,273.865785857265,-7.56362892165444));
#4152=CARTESIAN_POINT('Ctrl Pts',(-32.3043759863024,273.904512886707,-7.56338371797288));
#4153=CARTESIAN_POINT('Ctrl Pts',(-32.3042822296382,273.944454177888,-7.56313082608354));
#4154=CARTESIAN_POINT('Ctrl Pts',(-32.3041622855869,273.983708764129,-7.56274152030167));
#4155=CARTESIAN_POINT('Ctrl Pts',(-32.3039852948985,274.022587264338,-7.56224898427617));
#4156=CARTESIAN_POINT('Ctrl Pts',(-32.3038410533289,274.054271958828,-7.56184758367148));
#4157=CARTESIAN_POINT('Ctrl Pts',(-32.3036589977893,274.085706661855,-7.56137869238601));
#4158=CARTESIAN_POINT('Ctrl Pts',(-32.3034272385568,274.117053530059,-7.56088458856065));
#4159=CARTESIAN_POINT('Ctrl Pts',(-32.3033914293376,274.121896948208,-7.56080824436513));
#4160=CARTESIAN_POINT('Ctrl Pts',(-32.3033541593569,274.126740743474,-7.56073082292886));
#4161=CARTESIAN_POINT('Ctrl Pts',(-32.3033153225503,274.131584164167,-7.56065241322726));
#4162=CARTESIAN_POINT('Ctrl Pts',(-32.3033090602839,274.13148819697,-7.56064145512902));
#4163=CARTESIAN_POINT('Ctrl Pts',(-32.3212090151473,274.405835078693,-7.59196426740116));
#4164=CARTESIAN_POINT('Ctrl Pts',(-32.3586915486198,274.67248923657,-7.65436387022553));
#4165=CARTESIAN_POINT('Ctrl Pts',(-32.4176614240623,274.915476497453,-7.74500933345935));
#4166=CARTESIAN_POINT('',(-34.0287058967514,271.829986657293,-10.1010294517339));
#4167=CARTESIAN_POINT('Ctrl Pts',(-31.7470769207709,274.577382436981,-8.90630813751841));
#4168=CARTESIAN_POINT('Ctrl Pts',(-31.5991033831358,274.22896583108,-8.74383864210797));
#4169=CARTESIAN_POINT('Ctrl Pts',(-31.5395000516883,273.604154804944,-8.65258001250563));
#4170=CARTESIAN_POINT('Ctrl Pts',(-31.7269595646743,272.843613388004,-8.89713578368725));
#4171=CARTESIAN_POINT('Ctrl Pts',(-32.0475803353385,272.379304177201,-9.21521790562727));
#4172=CARTESIAN_POINT('Ctrl Pts',(-32.5647997042308,272.068688106445,-9.58274989822073));
#4173=CARTESIAN_POINT('Ctrl Pts',(-33.242233952066,271.898981072299,-9.90183021478184));
#4174=CARTESIAN_POINT('Ctrl Pts',(-33.7608232317745,271.847264735257,-10.0478396702908));
#4175=CARTESIAN_POINT('Ctrl Pts',(-34.0287058967514,271.829986657293,-10.1010294517339));
#4176=CARTESIAN_POINT('',(-34.2429648068081,271.069123244219,-9.08309751368896));
#4177=CARTESIAN_POINT('Origin',(-34.0287058967515,271.069123244218,-9.85387187721004));
#4178=CARTESIAN_POINT('Ctrl Pts',(-34.2429648068081,271.069123244218,-9.08309751368894));
#4179=CARTESIAN_POINT('Ctrl Pts',(-34.0286586748265,271.093312553329,-9.02352495856777));
#4180=CARTESIAN_POINT('Ctrl Pts',(-33.6137872510597,271.165715425073,-8.85999436865873));
#4181=CARTESIAN_POINT('Ctrl Pts',(-33.0718398527914,271.403305272498,-8.50262441468072));
#4182=CARTESIAN_POINT('Ctrl Pts',(-32.6580643576775,271.838167770862,-8.09098858363315));
#4183=CARTESIAN_POINT('Ctrl Pts',(-32.401567741146,272.488200664948,-7.73473660762884));
#4184=CARTESIAN_POINT('Ctrl Pts',(-32.3248884778964,273.032617271898,-7.59468877308251));
#4185=CARTESIAN_POINT('Ctrl Pts',(-32.3051423685632,273.320090101065,-7.56045983290436));
#4186=CARTESIAN_POINT('Ctrl Pts',(-32.3043246162078,273.332543527437,-7.55904854354257));
#4187=CARTESIAN_POINT('Ctrl Pts',(-34.0287058967515,271.829986657293,-10.1010294517339));
#4188=CARTESIAN_POINT('Ctrl Pts',(-34.0721668667716,271.827183482148,-10.1096588996187));
#4189=CARTESIAN_POINT('Ctrl Pts',(-34.1493944964593,271.814982417438,-10.1473847776836));
#4190=CARTESIAN_POINT('Ctrl Pts',(-34.1811196568395,271.797994853138,-10.2089157332197));
#4191=CARTESIAN_POINT('Ctrl Pts',(-34.1822857345622,271.790257647184,-10.2403079147749));
#4192=CARTESIAN_POINT('Ctrl Pts',(-34.068741093518,271.872305227795,-9.97075364670976));
#4193=CARTESIAN_POINT('Ctrl Pts',(-34.1423623817417,271.864987575473,-9.9912034828762));
#4194=CARTESIAN_POINT('Ctrl Pts',(-34.260711674807,271.836250072864,-10.0723737181851));
#4195=CARTESIAN_POINT('Ctrl Pts',(-34.2967243273376,271.804461880145,-10.1829332091345));
#4196=CARTESIAN_POINT('Ctrl Pts',(-34.2939961985246,271.790946335383,-10.2375136987329));
#4197=CARTESIAN_POINT('Ctrl Pts',(-34.1485453703881,271.882105158345,-9.68684937203589));
#4198=CARTESIAN_POINT('Ctrl Pts',(-34.2823639815565,271.86964317809,-9.73246892876046));
#4199=CARTESIAN_POINT('Ctrl Pts',(-34.4828876429986,271.819036652217,-9.90517417437272));
#4200=CARTESIAN_POINT('Ctrl Pts',(-34.5275717582902,271.767458558164,-10.1179237358313));
#4201=CARTESIAN_POINT('Ctrl Pts',(-34.5170951799301,271.746030745176,-10.2205240181282));
#4202=CARTESIAN_POINT('Ctrl Pts',(-34.2498065810315,271.63518439872,-9.24236327632853));
#4203=CARTESIAN_POINT('Ctrl Pts',(-34.4616876112962,271.62971550537,-9.31852736068526));
#4204=CARTESIAN_POINT('Ctrl Pts',(-34.7831371968505,271.589393727215,-9.61041665931995));
#4205=CARTESIAN_POINT('Ctrl Pts',(-34.8572094974904,271.541438767143,-9.97859800450627));
#4206=CARTESIAN_POINT('Ctrl Pts',(-34.8408184303459,271.519988027523,-10.156222266717));
#4207=CARTESIAN_POINT('Ctrl Pts',(-34.2608401520446,271.282379134815,-9.0880664801836));
#4208=CARTESIAN_POINT('Ctrl Pts',(-34.4853867951372,271.291465699088,-9.16041125882973));
#4209=CARTESIAN_POINT('Ctrl Pts',(-34.8536283261387,271.291405639599,-9.4550697896814));
#4210=CARTESIAN_POINT('Ctrl Pts',(-34.9690182413714,271.272686727157,-9.87858949053299));
#4211=CARTESIAN_POINT('Ctrl Pts',(-34.9602764207462,271.260890507715,-10.0891931900085));
#4212=CARTESIAN_POINT('Ctrl Pts',(-34.2429648068081,271.069123244219,-9.08309751368898));
#4213=CARTESIAN_POINT('Ctrl Pts',(-34.4564527900316,271.08494465945,-9.14244264082409));
#4214=CARTESIAN_POINT('Ctrl Pts',(-34.8311083620632,271.10617051034,-9.4033355556929));
#4215=CARTESIAN_POINT('Ctrl Pts',(-34.9770744500341,271.104848135964,-9.83055452822749));
#4216=CARTESIAN_POINT('Ctrl Pts',(-34.9776901946397,271.099128238992,-10.048861741899));
#4217=CARTESIAN_POINT('',(-34.1822857345622,271.790257647184,-10.2403079147749));
#4218=CARTESIAN_POINT('',(-34.9776901946397,271.099128238992,-10.048861741899));
#4219=CARTESIAN_POINT('Origin',(-34.1822857345622,271.013502630154,-10.0488617251561));
#4220=CARTESIAN_POINT('Ctrl Pts',(-34.9776901946397,271.099128238992,-10.048861741899));
#4221=CARTESIAN_POINT('Ctrl Pts',(-34.9770744500341,271.104848135964,-9.83055452822749));
#4222=CARTESIAN_POINT('Ctrl Pts',(-34.8311083620632,271.10617051034,-9.4033355556929));
#4223=CARTESIAN_POINT('Ctrl Pts',(-34.4564527900316,271.08494465945,-9.14244264082409));
#4224=CARTESIAN_POINT('Ctrl Pts',(-34.2429648068081,271.069123244219,-9.08309751368898));
#4225=CARTESIAN_POINT('Ctrl Pts',(-34.0287058967515,271.829986657293,-10.1010294517339));
#4226=CARTESIAN_POINT('Ctrl Pts',(-34.0721668667716,271.827183482148,-10.1096588996187));
#4227=CARTESIAN_POINT('Ctrl Pts',(-34.1493944964593,271.814982417438,-10.1473847776836));
#4228=CARTESIAN_POINT('Ctrl Pts',(-34.1811196568395,271.797994853138,-10.2089157332197));
#4229=CARTESIAN_POINT('Ctrl Pts',(-34.1822857345622,271.790257647184,-10.2403079147749));
#4230=CARTESIAN_POINT('Ctrl Pts',(-34.1822857345622,271.790257647184,-10.2403079147749));
#4231=CARTESIAN_POINT('Ctrl Pts',(-34.1964837278136,271.696050549505,-10.6225345650279));
#4232=CARTESIAN_POINT('Ctrl Pts',(-34.1887906867548,271.747301573739,-11.5829015626441));
#4233=CARTESIAN_POINT('Ctrl Pts',(-34.0883041603624,272.413322162649,-12.3107019594007));
#4234=CARTESIAN_POINT('Ctrl Pts',(-34.0164282877616,272.886908672404,-12.5315389756984));
#4235=CARTESIAN_POINT('Ctrl Pts',(-34.4057066624871,271.791635023583,-10.234719482691));
#4236=CARTESIAN_POINT('Ctrl Pts',(-34.4192482319163,271.695282985105,-10.6207906345591));
#4237=CARTESIAN_POINT('Ctrl Pts',(-34.4118417225018,271.748298770242,-11.5942260598236));
#4238=CARTESIAN_POINT('Ctrl Pts',(-34.3159561641137,272.428971294183,-12.3247380682266));
#4239=CARTESIAN_POINT('Ctrl Pts',(-34.2477310158246,272.907504912712,-12.5411431602833));
#4240=CARTESIAN_POINT('Ctrl Pts',(-34.7933788880461,271.625165155702,-10.1834038786818));
#4241=CARTESIAN_POINT('Ctrl Pts',(-34.8058626367227,271.517937643124,-10.6107693717226));
#4242=CARTESIAN_POINT('Ctrl Pts',(-34.7990716382642,271.576635028494,-11.6881598939047));
#4243=CARTESIAN_POINT('Ctrl Pts',(-34.7108838923591,272.33301977605,-12.4921995118882));
#4244=CARTESIAN_POINT('Ctrl Pts',(-34.6485014668974,272.8633577085,-12.7289877507176));
#4245=CARTESIAN_POINT('Ctrl Pts',(-34.9602764207462,271.260890507715,-10.0891931900085));
#4246=CARTESIAN_POINT('Ctrl Pts',(-34.9736889098402,271.136321873648,-10.5920383593317));
#4247=CARTESIAN_POINT('Ctrl Pts',(-34.9663767720195,271.204170277579,-11.85647503798));
#4248=CARTESIAN_POINT('Ctrl Pts',(-34.8714502285623,272.084286449282,-12.8109310379088));
#4249=CARTESIAN_POINT('Ctrl Pts',(-34.8038670360978,272.707921727486,-13.0984404779102));
#4250=CARTESIAN_POINT('Ctrl Pts',(-34.9776901946397,271.099128238992,-10.048861741899));
#4251=CARTESIAN_POINT('Ctrl Pts',(-34.9918936860444,270.967187228297,-10.5839790513589));
#4252=CARTESIAN_POINT('Ctrl Pts',(-34.9841976656813,271.038966449588,-11.9284928458963));
#4253=CARTESIAN_POINT('Ctrl Pts',(-34.8836722264193,271.971756350665,-12.9474134000137));
#4254=CARTESIAN_POINT('Ctrl Pts',(-34.8117685223682,272.635034195323,-13.2565852225453));
#4255=CARTESIAN_POINT('',(-34.0164282877616,272.886908672404,-12.5315389756984));
#4256=CARTESIAN_POINT('',(-34.8117685223682,272.635034195323,-13.2565852225453));
#4257=CARTESIAN_POINT('Origin',(-34.0164282877616,272.548814063012,-13.2565852053277));
#4258=CARTESIAN_POINT('Ctrl Pts',(-34.8117685223682,272.635034195323,-13.2565852225453));
#4259=CARTESIAN_POINT('Ctrl Pts',(-34.8836722264193,271.971756350665,-12.9474134000137));
#4260=CARTESIAN_POINT('Ctrl Pts',(-34.9841976656813,271.038966449588,-11.9284928458963));
#4261=CARTESIAN_POINT('Ctrl Pts',(-34.9918936860444,270.967187228297,-10.5839790513589));
#4262=CARTESIAN_POINT('Ctrl Pts',(-34.9776901946397,271.099128238992,-10.048861741899));
#4263=CARTESIAN_POINT('Ctrl Pts',(-34.1822857345622,271.790257647184,-10.2403079147749));
#4264=CARTESIAN_POINT('Ctrl Pts',(-34.1964837278136,271.696050549505,-10.6225345650279));
#4265=CARTESIAN_POINT('Ctrl Pts',(-34.1887906867548,271.747301573739,-11.5829015626441));
#4266=CARTESIAN_POINT('Ctrl Pts',(-34.0883041603624,272.413322162649,-12.3107019594007));
#4267=CARTESIAN_POINT('Ctrl Pts',(-34.0164282877616,272.886908672404,-12.5315389756984));
#4268=CARTESIAN_POINT('Ctrl Pts',(-34.0164282877616,272.886908672404,-12.5315389756984));
#4269=CARTESIAN_POINT('Ctrl Pts',(-33.8505334496817,274.206134398474,-13.1467040345999));
#4270=CARTESIAN_POINT('Ctrl Pts',(-33.6486132935816,275.794149660307,-13.1465715758151));
#4271=CARTESIAN_POINT('Ctrl Pts',(-33.4790587334389,277.113091327596,-12.5315389756984));
#4272=CARTESIAN_POINT('Ctrl Pts',(-34.2477310158246,272.907504912712,-12.5411431602832));
#4273=CARTESIAN_POINT('Ctrl Pts',(-34.0858709330543,274.23231394137,-13.1514041334718));
#4274=CARTESIAN_POINT('Ctrl Pts',(-33.8889514220436,275.822802770739,-13.1413795354455));
#4275=CARTESIAN_POINT('Ctrl Pts',(-33.724280348962,277.135413480034,-12.52112998507));
#4276=CARTESIAN_POINT('Ctrl Pts',(-34.6485011234093,272.863357549851,-12.7289880110897));
#4277=CARTESIAN_POINT('Ctrl Pts',(-34.493097199192,274.246030772941,-13.3619786599863));
#4278=CARTESIAN_POINT('Ctrl Pts',(-34.3049967833457,275.900298761752,-13.3455128431614));
#4279=CARTESIAN_POINT('Ctrl Pts',(-34.1480513741387,277.264399969315,-12.6970296183173));
#4280=CARTESIAN_POINT('Ctrl Pts',(-34.8038670360978,272.707921727486,-13.0984404779102));
#4281=CARTESIAN_POINT('Ctrl Pts',(-34.6426948094158,274.194631644612,-13.787910300235));
#4282=CARTESIAN_POINT('Ctrl Pts',(-34.4467502432698,275.981073430741,-13.782856828711));
#4283=CARTESIAN_POINT('Ctrl Pts',(-34.2827523003174,277.462050664954,-13.0888800830588));
#4284=CARTESIAN_POINT('Ctrl Pts',(-34.8117685223682,272.635034195323,-13.2565852225453));
#4285=CARTESIAN_POINT('Ctrl Pts',(-34.6458094472394,274.16592859229,-13.9701766904724));
#4286=CARTESIAN_POINT('Ctrl Pts',(-34.443811115616,276.008739480455,-13.9700230388943));
#4287=CARTESIAN_POINT('Ctrl Pts',(-34.2741909206058,277.539304067536,-13.2565852241784));
#4288=CARTESIAN_POINT('',(-33.4790587334389,277.113091327596,-12.5315389756984));
#4289=CARTESIAN_POINT('',(-34.2741909206058,277.539304067536,-13.2565852241784));
#4290=CARTESIAN_POINT('Origin',(-33.4790587334389,277.451185936989,-13.2565852053277));
#4291=CARTESIAN_POINT('Ctrl Pts',(-34.2741909206058,277.539304067536,-13.2565852241784));
#4292=CARTESIAN_POINT('Ctrl Pts',(-34.443811115616,276.008739480455,-13.9700230388943));
#4293=CARTESIAN_POINT('Ctrl Pts',(-34.6458094472394,274.16592859229,-13.9701766904724));
#4294=CARTESIAN_POINT('Ctrl Pts',(-34.8117685223682,272.635034195323,-13.2565852225453));
#4295=CARTESIAN_POINT('Ctrl Pts',(-34.0164282877616,272.886908672404,-12.5315389756984));
#4296=CARTESIAN_POINT('Ctrl Pts',(-33.8505334496817,274.206134398474,-13.1467040345999));
#4297=CARTESIAN_POINT('Ctrl Pts',(-33.6486132935816,275.794149660307,-13.1465715758151));
#4298=CARTESIAN_POINT('Ctrl Pts',(-33.4790587334389,277.113091327596,-12.5315389756984));
#4299=CARTESIAN_POINT('Ctrl Pts',(-33.4790587334388,277.113091327596,-12.5315389756985));
#4300=CARTESIAN_POINT('Ctrl Pts',(-33.4188015766308,277.50146940147,-12.3504353055916));
#4301=CARTESIAN_POINT('Ctrl Pts',(-33.2988911047797,278.270615201247,-11.624948883902));
#4302=CARTESIAN_POINT('Ctrl Pts',(-33.2880143172594,278.33988774965,-10.5294506289425));
#4303=CARTESIAN_POINT('Ctrl Pts',(-33.3204582753645,278.132093774086,-9.99462159670767));
#4304=CARTESIAN_POINT('Ctrl Pts',(-33.6016695412004,277.124252403815,-12.5263344803843));
#4305=CARTESIAN_POINT('Ctrl Pts',(-33.543166606676,277.510555336418,-12.343278713937));
#4306=CARTESIAN_POINT('Ctrl Pts',(-33.4270200918712,278.271114193487,-11.6170686794058));
#4307=CARTESIAN_POINT('Ctrl Pts',(-33.4165220682441,278.338994962986,-10.5312431509876));
#4308=CARTESIAN_POINT('Ctrl Pts',(-33.4479197041848,278.133958138282,-9.99942017710762));
#4309=CARTESIAN_POINT('Ctrl Pts',(-33.8463591647136,277.171086886824,-12.5686187847246));
#4310=CARTESIAN_POINT('Ctrl Pts',(-33.7913426618331,277.565258850332,-12.3778150588241));
#4311=CARTESIAN_POINT('Ctrl Pts',(-33.6826654471497,278.334950866778,-11.6306535635124));
#4312=CARTESIAN_POINT('Ctrl Pts',(-33.6729016811084,278.40267247932,-10.5286766521094));
#4313=CARTESIAN_POINT('Ctrl Pts',(-33.7022201980775,278.195791368018,-9.98641537088481));
#4314=CARTESIAN_POINT('Ctrl Pts',(-34.1860683338035,277.321551143604,-12.8105556535328));
#4315=CARTESIAN_POINT('Ctrl Pts',(-34.1335590161163,277.767795561739,-12.5952568618111));
#4316=CARTESIAN_POINT('Ctrl Pts',(-34.0302187855792,278.639980278102,-11.7508397538408));
#4317=CARTESIAN_POINT('Ctrl Pts',(-34.0210190116866,278.716797156688,-10.5035959243736));
#4318=CARTESIAN_POINT('Ctrl Pts',(-34.0488662719633,278.482292655176,-9.89012296048554));
#4319=CARTESIAN_POINT('Ctrl Pts',(-34.2827523003174,277.462050664954,-13.0888800830589));
#4320=CARTESIAN_POINT('Ctrl Pts',(-34.2266073473123,277.969340363527,-12.8496983297163));
#4321=CARTESIAN_POINT('Ctrl Pts',(-34.1153599407786,278.969624451744,-11.8983394392083));
#4322=CARTESIAN_POINT('Ctrl Pts',(-34.1052505143051,279.059138413587,-10.4723787467462));
#4323=CARTESIAN_POINT('Ctrl Pts',(-34.1352819316933,278.789343849914,-9.77457057621797));
#4324=CARTESIAN_POINT('Ctrl Pts',(-34.2741909206058,277.539304067536,-13.2565852241785));
#4325=CARTESIAN_POINT('Ctrl Pts',(-34.2139104381467,278.083243848636,-13.0030400866255));
#4326=CARTESIAN_POINT('Ctrl Pts',(-34.0939535518749,279.160464771114,-11.9873590982715));
#4327=CARTESIAN_POINT('Ctrl Pts',(-34.0830725546862,279.257483873579,-10.4536615438134));
#4328=CARTESIAN_POINT('Ctrl Pts',(-34.1155290708188,278.966459705548,-9.70490089977388));
#4329=CARTESIAN_POINT('Ctrl Pts',(-34.1155290708188,278.966459705548,-9.70490089977388));
#4330=CARTESIAN_POINT('Ctrl Pts',(-34.0830725546862,279.257483873579,-10.4536615438134));
#4331=CARTESIAN_POINT('Ctrl Pts',(-34.0939535518749,279.160464771114,-11.9873590982715));
#4332=CARTESIAN_POINT('Ctrl Pts',(-34.2139104381467,278.083243848636,-13.0030400866255));
#4333=CARTESIAN_POINT('Ctrl Pts',(-34.2741909206058,277.539304067536,-13.2565852241785));
#4334=CARTESIAN_POINT('Ctrl Pts',(-33.4790587334388,277.113091327596,-12.5315389756985));
#4335=CARTESIAN_POINT('Ctrl Pts',(-33.4188015766308,277.50146940147,-12.3504353055916));
#4336=CARTESIAN_POINT('Ctrl Pts',(-33.2988911047797,278.270615201247,-11.624948883902));
#4337=CARTESIAN_POINT('Ctrl Pts',(-33.2880143172594,278.33988774965,-10.5294506289425));
#4338=CARTESIAN_POINT('Ctrl Pts',(-33.3204582753645,278.132093774086,-9.99462159670767));
#4339=CARTESIAN_POINT('Origin',(-12.9499999999962,275.,-8.));
#4340=CARTESIAN_POINT('',(-14.3499999999962,275.42261906077,-8.90630743910544));
#4341=CARTESIAN_POINT('',(-12.9499999999962,275.42261906077,-8.90630743910544));
#4342=CARTESIAN_POINT('',(-14.3499999999962,274.577382525048,-8.90630817858471));
#4343=CARTESIAN_POINT('Origin',(-14.3499999999962,275.,-8.));
#4344=CARTESIAN_POINT('',(-12.9499999999962,274.577382525048,-8.90630817858471));
#4345=CARTESIAN_POINT('Origin',(-12.9499999999962,276.267854799391,-10.7189233914963));
#4346=CARTESIAN_POINT('',(-14.3499999999962,277.113091327596,-12.5315389756984));
#4347=CARTESIAN_POINT('',(-12.9499999999962,277.113091327596,-12.5315389756984));
#4348=CARTESIAN_POINT('Origin',(-14.3499999999962,276.267854799391,-10.7189233914963));
#4349=CARTESIAN_POINT('Ctrl Pts',(-31.6709090041565,275.422619071281,-7.09369256579548));
#4350=CARTESIAN_POINT('Ctrl Pts',(-31.7317234330451,275.632704056436,-7.1916566903408));
#4351=CARTESIAN_POINT('Ctrl Pts',(-31.7931792797541,275.939390441883,-7.27428841503455));
#4352=CARTESIAN_POINT('Ctrl Pts',(-31.8022230890847,276.413501687914,-7.28662643533494));
#4353=CARTESIAN_POINT('Ctrl Pts',(-31.7571801888331,276.805087411165,-7.22646427645097));
#4354=CARTESIAN_POINT('Ctrl Pts',(-31.5999762594077,277.382365234779,-6.99148382632877));
#4355=CARTESIAN_POINT('Ctrl Pts',(-31.3941597956422,277.849844509946,-6.57273958742732));
#4356=CARTESIAN_POINT('Ctrl Pts',(-31.2925787615476,278.148011043255,-6.01612264860978));
#4357=CARTESIAN_POINT('Ctrl Pts',(-31.3004834799989,278.267996900141,-5.55373809180035));
#4358=CARTESIAN_POINT('Ctrl Pts',(-31.4098683797626,278.275891440761,-5.08368669056496));
#4359=CARTESIAN_POINT('Ctrl Pts',(-31.680410656424,278.147671575867,-4.49581370893583));
#4360=CARTESIAN_POINT('Ctrl Pts',(-32.0908030945491,277.856820002523,-4.01674767729732));
#4361=CARTESIAN_POINT('Ctrl Pts',(-32.5421810438644,277.465161266076,-3.66300574460672));
#4362=CARTESIAN_POINT('Ctrl Pts',(-32.7647497807388,277.236565656194,-3.52603804931281));
#4363=CARTESIAN_POINT('Ctrl Pts',(-32.8678749814846,277.113091327602,-3.46846102430452));
#4364=CARTESIAN_POINT('Ctrl Pts',(-31.801933345201,275.398654379238,-7.08251765924884));
#4365=CARTESIAN_POINT('Ctrl Pts',(-31.8572270309158,275.612012682687,-7.18552003601144));
#4366=CARTESIAN_POINT('Ctrl Pts',(-31.9138512028016,275.927918817811,-7.2739293584592));
#4367=CARTESIAN_POINT('Ctrl Pts',(-31.9221552750353,276.418458307616,-7.28708289330251));
#4368=CARTESIAN_POINT('Ctrl Pts',(-31.8807039004733,276.822875522431,-7.2226445615463));
#4369=CARTESIAN_POINT('Ctrl Pts',(-31.7367528583004,277.412501113046,-6.9737213699957));
#4370=CARTESIAN_POINT('Ctrl Pts',(-31.554032442448,277.870662415494,-6.54227963535027));
#4371=CARTESIAN_POINT('Ctrl Pts',(-31.4715411728333,278.148830158174,-6.00399915105072));
#4372=CARTESIAN_POINT('Ctrl Pts',(-31.4836343786928,278.261402786708,-5.57064109462215));
#4373=CARTESIAN_POINT('Ctrl Pts',(-31.5830305980458,278.27683415038,-5.13124604653151));
#4374=CARTESIAN_POINT('Ctrl Pts',(-31.8262616558904,278.173286060446,-4.56561478795611));
#4375=CARTESIAN_POINT('Ctrl Pts',(-32.2048681951826,277.903844067752,-4.07435832179478));
#4376=CARTESIAN_POINT('Ctrl Pts',(-32.631110235749,277.513424253716,-3.69788977343038));
#4377=CARTESIAN_POINT('Ctrl Pts',(-32.8431374402684,277.279616902116,-3.54938100085104));
#4378=CARTESIAN_POINT('Ctrl Pts',(-32.9416890198207,277.152043812776,-3.48662486644536));
#4379=CARTESIAN_POINT('Ctrl Pts',(-32.0304370967931,275.322516249348,-7.13668031330756));
#4380=CARTESIAN_POINT('Ctrl Pts',(-32.0763745115073,275.553798942025,-7.24488739412135));
#4381=CARTESIAN_POINT('Ctrl Pts',(-32.1247346866737,275.897600676391,-7.33875218529314));
#4382=CARTESIAN_POINT('Ctrl Pts',(-32.1317795632145,276.432188396402,-7.3527018528099));
#4383=CARTESIAN_POINT('Ctrl Pts',(-32.0964542803759,276.872629951784,-7.28438504245105));
#4384=CARTESIAN_POINT('Ctrl Pts',(-31.9750742636667,277.513001357658,-7.02184335485924));
#4385=CARTESIAN_POINT('Ctrl Pts',(-31.8310261078423,278.00349664721,-6.57393529842462));
#4386=CARTESIAN_POINT('Ctrl Pts',(-31.7796563556231,278.29414730792,-6.0400004739493));
#4387=CARTESIAN_POINT('Ctrl Pts',(-31.7983128084873,278.411835628578,-5.62100208851706));
#4388=CARTESIAN_POINT('Ctrl Pts',(-31.8811618180748,278.432031215347,-5.19590304236097));
#4389=CARTESIAN_POINT('Ctrl Pts',(-32.0790691023577,278.33152200768,-4.63296358319046));
#4390=CARTESIAN_POINT('Ctrl Pts',(-32.4036898535564,278.048643060758,-4.11907403802682));
#4391=CARTESIAN_POINT('Ctrl Pts',(-32.7865394629418,277.627108439863,-3.71685218304008));
#4392=CARTESIAN_POINT('Ctrl Pts',(-32.9801939014464,277.372922995451,-3.55680081527966));
#4393=CARTESIAN_POINT('Ctrl Pts',(-33.0707892267984,277.233883761773,-3.4889870826694));
#4394=CARTESIAN_POINT('Ctrl Pts',(-32.17396663662,275.21507036888,-7.29856005288099));
#4395=CARTESIAN_POINT('Ctrl Pts',(-32.2216969719294,275.475648468489,-7.40624505115596));
#4396=CARTESIAN_POINT('Ctrl Pts',(-32.2708088382954,275.857879861353,-7.4981000986934));
#4397=CARTESIAN_POINT('Ctrl Pts',(-32.2780066848586,276.449709086375,-7.51178736917047));
#4398=CARTESIAN_POINT('Ctrl Pts',(-32.2420616261857,276.938193112198,-7.44491849791427));
#4399=CARTESIAN_POINT('Ctrl Pts',(-32.1175087593735,277.65565945278,-7.18541450457247));
#4400=CARTESIAN_POINT('Ctrl Pts',(-31.9610629652362,278.228292436051,-6.73093164429068));
#4401=CARTESIAN_POINT('Ctrl Pts',(-31.8923846256163,278.586920782527,-6.14938084465452));
#4402=CARTESIAN_POINT('Ctrl Pts',(-31.904296908739,278.731453158811,-5.67482148247846));
#4403=CARTESIAN_POINT('Ctrl Pts',(-31.9908614538589,278.744671077304,-5.19230770871464));
#4404=CARTESIAN_POINT('Ctrl Pts',(-32.2015178568587,278.597740232292,-4.57708847586903));
#4405=CARTESIAN_POINT('Ctrl Pts',(-32.531201997761,278.248104294043,-4.05473651979882));
#4406=CARTESIAN_POINT('Ctrl Pts',(-32.9056222959859,277.765194665806,-3.65975535564191));
#4407=CARTESIAN_POINT('Ctrl Pts',(-33.0926390943565,277.480908344582,-3.50500902032983));
#4408=CARTESIAN_POINT('Ctrl Pts',(-33.1797105017355,277.326831993293,-3.4397258703865));
#4409=CARTESIAN_POINT('Ctrl Pts',(-32.2123444951373,275.169048354265,-7.37892830410126));
#4410=CARTESIAN_POINT('Ctrl Pts',(-32.2635566457802,275.442158834614,-7.48617324030722));
#4411=CARTESIAN_POINT('Ctrl Pts',(-32.3153089377458,275.840851135181,-7.57663323353957));
#4412=CARTESIAN_POINT('Ctrl Pts',(-32.3229247771821,276.457195754226,-7.59014011890361));
#4413=CARTESIAN_POINT('Ctrl Pts',(-32.2849939138123,276.966257193796,-7.52427838715769));
#4414=CARTESIAN_POINT('Ctrl Pts',(-32.1526116574541,277.716718363527,-7.26703663156612));
#4415=CARTESIAN_POINT('Ctrl Pts',(-31.9792925300726,278.324441420461,-6.80862188641256));
#4416=CARTESIAN_POINT('Ctrl Pts',(-31.8937506066246,278.712057913262,-6.19927281733483));
#4417=CARTESIAN_POINT('Ctrl Pts',(-31.9004072116362,278.868039527013,-5.69308340842784));
#4418=CARTESIAN_POINT('Ctrl Pts',(-31.9925208114372,278.878302429805,-5.17850082247577));
#4419=CARTESIAN_POINT('Ctrl Pts',(-32.2203458865204,278.711616605658,-4.53493461183809));
#4420=CARTESIAN_POINT('Ctrl Pts',(-32.5659395186258,278.333509560799,-4.01048337787855));
#4421=CARTESIAN_POINT('Ctrl Pts',(-32.9460472654176,277.824353204075,-3.623229052064));
#4422=CARTESIAN_POINT('Ctrl Pts',(-33.133473570154,277.527178911611,-3.47328547004086));
#4423=CARTESIAN_POINT('Ctrl Pts',(-33.2203158444662,277.366662284649,-3.41025377958675));
#4424=CARTESIAN_POINT('',(-32.2123444951373,275.169048354265,-7.37892830410125));
#4425=CARTESIAN_POINT('Ctrl Pts',(-32.3046561526046,275.868574041982,-7.55791831749804));
#4426=CARTESIAN_POINT('Ctrl Pts',(-32.2867191542911,275.625241097883,-7.52598222082262));
#4427=CARTESIAN_POINT('Ctrl Pts',(-32.2535437396787,275.388760772616,-7.46520490637451));
#4428=CARTESIAN_POINT('Ctrl Pts',(-32.2123444951373,275.169048354265,-7.37892830410126));
#4429=CARTESIAN_POINT('',(-31.6709090041565,275.422619071281,-7.09369256579549));
#4430=CARTESIAN_POINT('Origin',(-31.6709090041565,275.169048354265,-7.63747734994437));
#4431=CARTESIAN_POINT('',(-32.8678749814846,277.113091327599,-3.46846102430308));
#4432=CARTESIAN_POINT('Ctrl Pts',(-31.6709090041565,275.422619071281,-7.09369256579548));
#4433=CARTESIAN_POINT('Ctrl Pts',(-31.7317234330451,275.632704056436,-7.1916566903408));
#4434=CARTESIAN_POINT('Ctrl Pts',(-31.7931792797541,275.939390441883,-7.27428841503455));
#4435=CARTESIAN_POINT('Ctrl Pts',(-31.8022230890847,276.413501687914,-7.28662643533494));
#4436=CARTESIAN_POINT('Ctrl Pts',(-31.7571801888331,276.805087411165,-7.22646427645097));
#4437=CARTESIAN_POINT('Ctrl Pts',(-31.5999762594077,277.382365234779,-6.99148382632877));
#4438=CARTESIAN_POINT('Ctrl Pts',(-31.3941597956422,277.849844509946,-6.57273958742732));
#4439=CARTESIAN_POINT('Ctrl Pts',(-31.2925787615476,278.148011043255,-6.01612264860978));
#4440=CARTESIAN_POINT('Ctrl Pts',(-31.3004834799989,278.267996900141,-5.55373809180035));
#4441=CARTESIAN_POINT('Ctrl Pts',(-31.4098683797626,278.275891440761,-5.08368669056496));
#4442=CARTESIAN_POINT('Ctrl Pts',(-31.680410656424,278.147671575867,-4.49581370893583));
#4443=CARTESIAN_POINT('Ctrl Pts',(-32.0908030945491,277.856820002523,-4.01674767729732));
#4444=CARTESIAN_POINT('Ctrl Pts',(-32.5421810438644,277.465161266076,-3.66300574460672));
#4445=CARTESIAN_POINT('Ctrl Pts',(-32.7647497807388,277.236565656194,-3.52603804931281));
#4446=CARTESIAN_POINT('Ctrl Pts',(-32.8678749814846,277.113091327602,-3.46846102430452));
#4447=CARTESIAN_POINT('',(-33.2203158444662,277.366662284649,-3.41025377958676));
#4448=CARTESIAN_POINT('Origin',(-32.8678749814846,277.366662284649,-2.9246763520834));
#4449=CARTESIAN_POINT('Ctrl Pts',(-33.2203158444662,277.366662284649,-3.41025377958675));
#4450=CARTESIAN_POINT('Ctrl Pts',(-33.133473570154,277.527178911611,-3.47328547004086));
#4451=CARTESIAN_POINT('Ctrl Pts',(-32.9460472654176,277.824353204075,-3.623229052064));
#4452=CARTESIAN_POINT('Ctrl Pts',(-32.5659395186258,278.333509560799,-4.01048337787855));
#4453=CARTESIAN_POINT('Ctrl Pts',(-32.2203458865204,278.711616605658,-4.53493461183809));
#4454=CARTESIAN_POINT('Ctrl Pts',(-31.9925208114372,278.878302429805,-5.17850082247577));
#4455=CARTESIAN_POINT('Ctrl Pts',(-31.9004072116362,278.868039527013,-5.69308340842784));
#4456=CARTESIAN_POINT('Ctrl Pts',(-31.8937506066246,278.712057913262,-6.19927281733483));
#4457=CARTESIAN_POINT('Ctrl Pts',(-31.9792925300726,278.324441420461,-6.80862188641256));
#4458=CARTESIAN_POINT('Ctrl Pts',(-32.1526116574541,277.716718363527,-7.26703663156612));
#4459=CARTESIAN_POINT('Ctrl Pts',(-32.2680119710304,277.062526051836,-7.49127951786258));
#4460=CARTESIAN_POINT('Ctrl Pts',(-32.2974086789582,276.765867527848,-7.54493386965852));
#4461=CARTESIAN_POINT('Ctrl Pts',(-32.3045818503193,276.667612274532,-7.55782054206152));
#4462=CARTESIAN_POINT('Origin',(-35.1000004470349,245.,-6.00000005960464));
#4463=CARTESIAN_POINT('',(-32.212344104324,274.830953729912,-7.37892748568677));
#4464=CARTESIAN_POINT('Ctrl Pts',(-32.2123441043239,274.830953729912,-7.37892748568677));
#4465=CARTESIAN_POINT('Ctrl Pts',(-32.2535435253641,274.611240717529,-7.46520452045481));
#4466=CARTESIAN_POINT('Ctrl Pts',(-32.2861311836406,274.373825517142,-7.52568478409535));
#4467=CARTESIAN_POINT('Ctrl Pts',(-32.304152351381,274.130339919324,-7.55760228092698));
#4468=CARTESIAN_POINT('Ctrl Pts',(-32.2123444951378,275.169048354264,-7.37892830410236));
#4469=CARTESIAN_POINT('Ctrl Pts',(-32.2039813500551,275.124448727013,-7.36141478534539));
#4470=CARTESIAN_POINT('Ctrl Pts',(-32.1923926937263,275.009303566302,-7.3362834516803));
#4471=CARTESIAN_POINT('Ctrl Pts',(-32.201193384121,274.890420089387,-7.35557640330871));
#4472=CARTESIAN_POINT('Ctrl Pts',(-32.2123441043244,274.830953729913,-7.37892748568776));
#4473=CARTESIAN_POINT('Origin',(-35.1000004470349,245.,-6.00000005960464));
#4474=CARTESIAN_POINT('',(-36.254482742232,245.,-8.98448839599942));
#4475=CARTESIAN_POINT('Ctrl Pts',(-36.2544827422021,245.000000000155,-8.98448840242227));
#4476=CARTESIAN_POINT('Ctrl Pts',(-35.6263072256978,253.691118291448,-9.22749772290178));
#4477=CARTESIAN_POINT('Ctrl Pts',(-34.955286083709,262.387387800546,-9.28110770658349));
#4478=CARTESIAN_POINT('Ctrl Pts',(-34.2429648068081,271.069123244219,-9.08309751368896));
#4479=CARTESIAN_POINT('',(-36.2544828220007,245.,-3.01551175406664));
#4480=CARTESIAN_POINT('Origin',(-35.1000004470349,245.,-6.00000005960464));
#4481=CARTESIAN_POINT('',(-33.9750163235437,274.310832101427,-3.00426797513969));
#4482=CARTESIAN_POINT('Ctrl Pts',(-33.975008977452,274.31087928208,-3.00275006196779));
#4483=CARTESIAN_POINT('Ctrl Pts',(-34.234734257375,271.19159640452,-2.90453773074598));
#4484=CARTESIAN_POINT('Ctrl Pts',(-35.0308030431682,261.425144045814,-2.72819015512238));
#4485=CARTESIAN_POINT('Ctrl Pts',(-35.7739460635475,251.648463705601,-2.82962338701024));
#4486=CARTESIAN_POINT('Ctrl Pts',(-36.2544828220003,244.99999999996,-3.01551175273118));
#4487=CARTESIAN_POINT('',(-33.2203158444338,272.633337715292,-3.41025377961033));
#4488=CARTESIAN_POINT('Ctrl Pts',(-33.2203158444338,272.633337715292,-3.41025377961034));
#4489=CARTESIAN_POINT('Ctrl Pts',(-33.4990424447923,273.148527512985,-3.20794898123048));
#4490=CARTESIAN_POINT('Ctrl Pts',(-33.8025137429958,273.690503595822,-3.06904768804658));
#4491=CARTESIAN_POINT('Ctrl Pts',(-33.9750163235437,274.310832101427,-3.00426797513968));
#4492=CARTESIAN_POINT('Ctrl Pts',(-32.3049377872391,273.332648680066,-7.55778016982391));
#4493=CARTESIAN_POINT('Ctrl Pts',(-32.2827064492538,273.033088889527,-7.51830494991733));
#4494=CARTESIAN_POINT('Ctrl Pts',(-32.2221212271865,272.645097881221,-7.40700276467435));
#4495=CARTESIAN_POINT('Ctrl Pts',(-32.1265974152362,272.224300578931,-7.18455820222792));
#4496=CARTESIAN_POINT('Ctrl Pts',(-32.0487531699491,271.91157490347,-6.97434384935352));
#4497=CARTESIAN_POINT('Ctrl Pts',(-31.9587821186426,271.577475556083,-6.65603482922719));
#4498=CARTESIAN_POINT('Ctrl Pts',(-31.8945059868604,271.286999996622,-6.19921743704083));
#4499=CARTESIAN_POINT('Ctrl Pts',(-31.9013699921951,271.131159640921,-5.69274477043518));
#4500=CARTESIAN_POINT('Ctrl Pts',(-31.993236901172,271.12098423063,-5.17821637921397));
#4501=CARTESIAN_POINT('Ctrl Pts',(-32.221356293683,271.287337958844,-4.53445489617591));
#4502=CARTESIAN_POINT('Ctrl Pts',(-32.6516666081871,271.761276047229,-3.87978204481486));
#4503=CARTESIAN_POINT('Ctrl Pts',(-33.0466312484564,272.312304373855,-3.53631719489154));
#4504=CARTESIAN_POINT('Ctrl Pts',(-33.220315844433,272.63333771529,-3.4102537796109));
#4505=CARTESIAN_POINT('Origin',(-35.1000004470349,245.,-6.00000005960464));
#4506=CARTESIAN_POINT('',(-33.8226455856927,276.133293936837,-3.06599860115144));
#4507=CARTESIAN_POINT('Ctrl Pts',(-33.8226455850233,276.133293936518,-3.06599860144288));
#4508=CARTESIAN_POINT('Ctrl Pts',(-33.6467596432212,276.573322531047,-3.14257278387736));
#4509=CARTESIAN_POINT('Ctrl Pts',(-33.4302742064616,276.978581613834,-3.2578622100851));
#4510=CARTESIAN_POINT('Ctrl Pts',(-33.2203158444672,277.366662284647,-3.41025377958609));
#4511=CARTESIAN_POINT('',(-33.5146722986134,279.772244335784,-3.22029959699671));
#4512=CARTESIAN_POINT('Ctrl Pts',(-33.5146722881655,279.772244419726,-3.220297854606));
#4513=CARTESIAN_POINT('Ctrl Pts',(-33.618104473484,278.559898192473,-3.16127141565439));
#4514=CARTESIAN_POINT('Ctrl Pts',(-33.720764389439,277.346885140898,-3.10977086435793));
#4515=CARTESIAN_POINT('Ctrl Pts',(-33.8226404261997,276.133330198933,-3.06500385788142));
#4516=CARTESIAN_POINT('',(-33.5146721609846,279.772244334201,-8.77970044371961));
#4517=CARTESIAN_POINT('Ctrl Pts',(-33.5146620280377,279.772242006572,-8.77970704100286));
#4518=CARTESIAN_POINT('Ctrl Pts',(-33.3747509940345,280.274904518547,-8.70002161066771));
#4519=CARTESIAN_POINT('Ctrl Pts',(-33.0298632485458,281.274278468904,-8.47583507159421));
#4520=CARTESIAN_POINT('Ctrl Pts',(-32.4036603106547,282.548383083624,-7.8305759924986));
#4521=CARTESIAN_POINT('Ctrl Pts',(-31.8792772084208,283.349772899001,-6.70466921414787));
#4522=CARTESIAN_POINT('Ctrl Pts',(-31.8819614574503,283.347915420292,-5.29894372205896));
#4523=CARTESIAN_POINT('Ctrl Pts',(-32.404377256243,282.548623590133,-4.16877468890957));
#4524=CARTESIAN_POINT('Ctrl Pts',(-33.031164374796,281.273760721861,-3.52435815858751));
#4525=CARTESIAN_POINT('Ctrl Pts',(-33.3748339490045,280.274874024692,-3.2999921291992));
#4526=CARTESIAN_POINT('Ctrl Pts',(-33.5146687996556,279.772243994246,-3.22029509991247));
#4527=CARTESIAN_POINT('Ctrl Pts',(-33.5971392762647,278.803568450234,-8.82513869361741));
#4528=CARTESIAN_POINT('Ctrl Pts',(-33.5697044381578,279.12651381079,-8.81054445303012));
#4529=CARTESIAN_POINT('Ctrl Pts',(-33.5422151934107,279.449407982653,-8.79540896600849));
#4530=CARTESIAN_POINT('Ctrl Pts',(-33.5146721606629,279.772244337576,-8.77970045785798));
#4531=CARTESIAN_POINT('Ctrl Pts',(-32.8678749814451,272.88690867235,-3.46846102432654));
#4532=CARTESIAN_POINT('Ctrl Pts',(-32.6616245237229,272.639959947851,-3.58361510574101));
#4533=CARTESIAN_POINT('Ctrl Pts',(-32.1926040134031,272.216092003746,-3.89735703636402));
#4534=CARTESIAN_POINT('Ctrl Pts',(-31.6816105149295,271.85152424298,-4.49537550712844));
#4535=CARTESIAN_POINT('Ctrl Pts',(-31.4107187363227,271.723559836497,-5.08342686258504));
#4536=CARTESIAN_POINT('Ctrl Pts',(-31.3016267819126,271.731387075192,-5.55342875901818));
#4537=CARTESIAN_POINT('Ctrl Pts',(-31.2934757755776,271.85126427204,-6.01607206084103));
#4538=CARTESIAN_POINT('Ctrl Pts',(-31.369803682069,272.074707010375,-6.43335717924171));
#4539=CARTESIAN_POINT('Ctrl Pts',(-31.4766443054955,272.331706508696,-6.72412022684741));
#4540=CARTESIAN_POINT('Ctrl Pts',(-31.5690843467739,272.572264720899,-6.91614295327838));
#4541=CARTESIAN_POINT('Ctrl Pts',(-31.7059455710042,272.96280402886,-7.16130160138016));
#4542=CARTESIAN_POINT('Ctrl Pts',(-31.8579844703265,273.662233363008,-7.35609138505011));
#4543=CARTESIAN_POINT('Ctrl Pts',(-31.7519945583503,274.297269270361,-7.22431092832388));
#4544=CARTESIAN_POINT('Ctrl Pts',(-31.6709085400657,274.577382531932,-7.09369181820536));
#4545=CARTESIAN_POINT('Ctrl Pts',(-32.941689019783,272.847956187175,-3.48662486646936));
#4546=CARTESIAN_POINT('Ctrl Pts',(-32.7445858069418,272.592809938945,-3.61213716950267));
#4547=CARTESIAN_POINT('Ctrl Pts',(-32.2987126740056,272.163628611881,-3.9519614721509));
#4548=CARTESIAN_POINT('Ctrl Pts',(-31.8273924488285,271.825775720843,-4.56536441288949));
#4549=CARTESIAN_POINT('Ctrl Pts',(-31.5837943153488,271.722384716295,-5.13107750604502));
#4550=CARTESIAN_POINT('Ctrl Pts',(-31.48467887,271.737740851974,-5.57041321181403));
#4551=CARTESIAN_POINT('Ctrl Pts',(-31.472311269182,271.850079106726,-6.00398392427673));
#4552=CARTESIAN_POINT('Ctrl Pts',(-31.5344846855348,272.058877362186,-6.40753105111194));
#4553=CARTESIAN_POINT('Ctrl Pts',(-31.6274526575061,272.307173364182,-6.69976491484544));
#4554=CARTESIAN_POINT('Ctrl Pts',(-31.7098210458144,272.545513465765,-6.89696137797189));
#4555=CARTESIAN_POINT('Ctrl Pts',(-31.8332132374154,272.93740270602,-7.15226036210813));
#4556=CARTESIAN_POINT('Ctrl Pts',(-31.9737232286327,273.659214495485,-7.36195773442351));
#4557=CARTESIAN_POINT('Ctrl Pts',(-31.8756579359222,274.316869585517,-7.21985365824244));
#4558=CARTESIAN_POINT('Ctrl Pts',(-31.8019329229301,274.601347249728,-7.08251687384449));
#4559=CARTESIAN_POINT('Ctrl Pts',(-33.0707892315161,272.766116240942,-3.48898709518091));
#4560=CARTESIAN_POINT('Ctrl Pts',(-32.889598531414,272.488037697785,-3.62461459738129));
#4561=CARTESIAN_POINT('Ctrl Pts',(-32.4841453278798,272.022264255969,-3.99086263711378));
#4562=CARTESIAN_POINT('Ctrl Pts',(-32.0800798957329,271.667427415605,-4.63286741741227));
#4563=CARTESIAN_POINT('Ctrl Pts',(-31.8817518702013,271.567061324869,-5.19584964647301));
#4564=CARTESIAN_POINT('Ctrl Pts',(-31.7991631780345,271.587172607052,-5.62086160640798));
#4565=CARTESIAN_POINT('Ctrl Pts',(-31.7801942569329,271.704567276123,-6.0400534205054));
#4566=CARTESIAN_POINT('Ctrl Pts',(-31.8192836815679,271.92292214049,-6.44032234743419));
#4567=CARTESIAN_POINT('Ctrl Pts',(-31.8892325912756,272.187009374226,-6.73861909452996));
#4568=CARTESIAN_POINT('Ctrl Pts',(-31.9547142704236,272.443137299294,-6.94283458022494));
#4569=CARTESIAN_POINT('Ctrl Pts',(-32.0553882223087,272.866258470353,-7.20948259984674));
#4570=CARTESIAN_POINT('Ctrl Pts',(-32.1761453696209,273.652400040872,-7.43258240277979));
#4571=CARTESIAN_POINT('Ctrl Pts',(-32.0916867543297,274.369108660932,-7.28095582455362));
#4572=CARTESIAN_POINT('Ctrl Pts',(-32.0304367933238,274.677485497412,-7.13667942626744));
#4573=CARTESIAN_POINT('Ctrl Pts',(-33.1797105017022,272.673168006648,-3.43972587041151));
#4574=CARTESIAN_POINT('Ctrl Pts',(-33.0055676394673,272.365015220071,-3.57029220589821));
#4575=CARTESIAN_POINT('Ctrl Pts',(-32.612899847135,271.839544426928,-3.92451245911901));
#4576=CARTESIAN_POINT('Ctrl Pts',(-32.2025220054038,271.401214025519,-4.5767515351759));
#4577=CARTESIAN_POINT('Ctrl Pts',(-31.9915202872676,271.254559108384,-5.19211158983925));
#4578=CARTESIAN_POINT('Ctrl Pts',(-31.9052058454902,271.267690664849,-5.67456459637952));
#4579=CARTESIAN_POINT('Ctrl Pts',(-31.8930401065311,271.412036377448,-6.14936412207816));
#4580=CARTESIAN_POINT('Ctrl Pts',(-31.944858442995,271.680951533227,-6.58535943446303));
#4581=CARTESIAN_POINT('Ctrl Pts',(-32.0239774875375,271.99410506595,-6.8962283654865));
#4582=CARTESIAN_POINT('Ctrl Pts',(-32.094602972842,272.289887517552,-7.10425806112743));
#4583=CARTESIAN_POINT('Ctrl Pts',(-32.2008025319936,272.772254547816,-7.37212160837967));
#4584=CARTESIAN_POINT('Ctrl Pts',(-32.3227957575409,273.644597101406,-7.58938793939906));
#4585=CARTESIAN_POINT('Ctrl Pts',(-32.2376068032041,274.437494226762,-7.44213952747177));
#4586=CARTESIAN_POINT('Ctrl Pts',(-32.1739662721636,274.784931619543,-7.29855923108469));
#4587=CARTESIAN_POINT('Ctrl Pts',(-33.220315844433,272.63333771529,-3.4102537796109));
#4588=CARTESIAN_POINT('Ctrl Pts',(-33.0466312484564,272.312304373855,-3.53631719489154));
#4589=CARTESIAN_POINT('Ctrl Pts',(-32.6516666081871,271.761276047229,-3.87978204481486));
#4590=CARTESIAN_POINT('Ctrl Pts',(-32.221356293683,271.287337958844,-4.53445489617591));
#4591=CARTESIAN_POINT('Ctrl Pts',(-31.993236901172,271.12098423063,-5.17821637921397));
#4592=CARTESIAN_POINT('Ctrl Pts',(-31.9013699921951,271.131159640921,-5.69274477043518));
#4593=CARTESIAN_POINT('Ctrl Pts',(-31.8945059868604,271.286999996622,-6.19921743704083));
#4594=CARTESIAN_POINT('Ctrl Pts',(-31.9587821186426,271.577475556083,-6.65603482922719));
#4595=CARTESIAN_POINT('Ctrl Pts',(-32.0487531699491,271.91157490347,-6.97434384935352));
#4596=CARTESIAN_POINT('Ctrl Pts',(-32.1265974152362,272.224300578931,-7.18455820222792));
#4597=CARTESIAN_POINT('Ctrl Pts',(-32.2418489724828,272.732001678625,-7.45294240611956));
#4598=CARTESIAN_POINT('Ctrl Pts',(-32.3698817298068,273.641259811844,-7.66618595849382));
#4599=CARTESIAN_POINT('Ctrl Pts',(-32.2806270670899,274.466806490339,-7.52192103763209));
#4600=CARTESIAN_POINT('Ctrl Pts',(-32.2123441043239,274.830953729912,-7.37892748568677));
#4601=CARTESIAN_POINT('',(-32.8678749814461,272.886908672348,-3.4684610243278));
#4602=CARTESIAN_POINT('Origin',(-32.8678749814461,272.633337715292,-2.9246763521114));
#4603=CARTESIAN_POINT('',(-31.6709085400657,274.577382531932,-7.09369181820536));
#4604=CARTESIAN_POINT('Ctrl Pts',(-32.8678749814451,272.88690867235,-3.46846102432654));
#4605=CARTESIAN_POINT('Ctrl Pts',(-32.6616245237229,272.639959947851,-3.58361510574101));
#4606=CARTESIAN_POINT('Ctrl Pts',(-32.1926040134031,272.216092003746,-3.89735703636402));
#4607=CARTESIAN_POINT('Ctrl Pts',(-31.6816105149295,271.85152424298,-4.49537550712844));
#4608=CARTESIAN_POINT('Ctrl Pts',(-31.4107187363227,271.723559836497,-5.08342686258504));
#4609=CARTESIAN_POINT('Ctrl Pts',(-31.3016267819126,271.731387075192,-5.55342875901818));
#4610=CARTESIAN_POINT('Ctrl Pts',(-31.2934757755776,271.85126427204,-6.01607206084103));
#4611=CARTESIAN_POINT('Ctrl Pts',(-31.369803682069,272.074707010375,-6.43335717924171));
#4612=CARTESIAN_POINT('Ctrl Pts',(-31.4766443054955,272.331706508696,-6.72412022684741));
#4613=CARTESIAN_POINT('Ctrl Pts',(-31.5690843467739,272.572264720899,-6.91614295327838));
#4614=CARTESIAN_POINT('Ctrl Pts',(-31.7059455710042,272.96280402886,-7.16130160138016));
#4615=CARTESIAN_POINT('Ctrl Pts',(-31.8579844703265,273.662233363008,-7.35609138505011));
#4616=CARTESIAN_POINT('Ctrl Pts',(-31.7519945583503,274.297269270361,-7.22431092832388));
#4617=CARTESIAN_POINT('Ctrl Pts',(-31.6709085400657,274.577382531932,-7.09369181820536));
#4618=CARTESIAN_POINT('Origin',(-31.6709085400657,274.830953729912,-7.63747637807717));
#4619=CARTESIAN_POINT('Ctrl Pts',(32.7773613419583,272.886908672345,-3.46846102432878));
#4620=CARTESIAN_POINT('Ctrl Pts',(33.1149724087376,273.332057688504,-3.26088462906693));
#4621=CARTESIAN_POINT('Ctrl Pts',(33.47927160503,273.799351787339,-3.11663019961907));
#4622=CARTESIAN_POINT('Ctrl Pts',(33.702691155906,274.331987034359,-3.04482501572628));
#4623=CARTESIAN_POINT('Ctrl Pts',(32.9473328255802,272.795627595281,-3.51102608960985));
#4624=CARTESIAN_POINT('Ctrl Pts',(33.2543650065498,273.251966663778,-3.28678939972989));
#4625=CARTESIAN_POINT('Ctrl Pts',(33.5910979643384,273.739285204863,-3.12848515621225));
#4626=CARTESIAN_POINT('Ctrl Pts',(33.7981274755705,274.298092869216,-3.04939432798002));
#4627=CARTESIAN_POINT('Ctrl Pts',(33.116472789422,272.672523429239,-3.48418044181952));
#4628=CARTESIAN_POINT('Ctrl Pts',(33.3937625439145,273.158552350431,-3.26620467128083));
#4629=CARTESIAN_POINT('Ctrl Pts',(33.7028485170516,273.673285731834,-3.11179411785082));
#4630=CARTESIAN_POINT('Ctrl Pts',(33.8935307965834,274.261605225293,-3.0346372660516));
#4631=CARTESIAN_POINT('Ctrl Pts',(33.2418891629736,272.548814062943,-3.39473184768397));
#4632=CARTESIAN_POINT('Ctrl Pts',(33.5119780163969,273.06518692105,-3.20210095311859));
#4633=CARTESIAN_POINT('Ctrl Pts',(33.803417373431,273.60724807503,-3.068232842756));
#4634=CARTESIAN_POINT('Ctrl Pts',(33.9821530141318,274.225104960813,-3.00159763218567));
#4635=CARTESIAN_POINT('',(33.702691155906,274.331987034359,-3.04482501572628));
#4636=CARTESIAN_POINT('Origin',(33.702691155906,274.225104960813,-2.25199702533092));
#4637=CARTESIAN_POINT('Ctrl Pts',(32.7773613419583,272.886908672345,-3.46846102432878));
#4638=CARTESIAN_POINT('Ctrl Pts',(33.1149724087376,273.332057688504,-3.26088462906693));
#4639=CARTESIAN_POINT('Ctrl Pts',(33.47927160503,273.799351787339,-3.11663019961907));
#4640=CARTESIAN_POINT('Ctrl Pts',(33.702691155906,274.331987034359,-3.04482501572628));
#4641=CARTESIAN_POINT('Ctrl Pts',(33.7026911559686,274.331987034509,-3.04482501570617));
#4642=CARTESIAN_POINT('Ctrl Pts',(33.711031777887,274.351871190569,-3.04214440924961));
#4643=CARTESIAN_POINT('Ctrl Pts',(33.7225101768571,274.393054917591,-3.03684093169775));
#4644=CARTESIAN_POINT('Ctrl Pts',(33.7359623504016,274.477113814914,-3.02710376919293));
#4645=CARTESIAN_POINT('Ctrl Pts',(33.7442314640544,274.625302363683,-3.01277923262076));
#4646=CARTESIAN_POINT('Ctrl Pts',(33.7359286601149,274.83867729004,-3.00044286419925));
#4647=CARTESIAN_POINT('Ctrl Pts',(33.7037581023522,275.178017558524,-2.99812376874926));
#4648=CARTESIAN_POINT('Ctrl Pts',(33.6564548570948,275.516974643534,-3.02180527665456));
#4649=CARTESIAN_POINT('Ctrl Pts',(33.595056527946,275.807032428418,-3.06435355008671));
#4650=CARTESIAN_POINT('Ctrl Pts',(33.5453354868068,275.9690920199,-3.09430538925694));
#4651=CARTESIAN_POINT('Ctrl Pts',(33.5120145679516,276.047923052647,-3.11089796543448));
#4652=CARTESIAN_POINT('Ctrl Pts',(33.4901254254776,276.085234655467,-3.119194104494));
#4653=CARTESIAN_POINT('Ctrl Pts',(33.7572261957743,274.312618940145,-3.04743605127858));
#4654=CARTESIAN_POINT('Ctrl Pts',(33.7742784506562,274.334370988968,-3.04442940324576));
#4655=CARTESIAN_POINT('Ctrl Pts',(33.7996451746768,274.378920416295,-3.03856805760273));
#4656=CARTESIAN_POINT('Ctrl Pts',(33.8344457811797,274.468845063837,-3.02799144869538));
#4657=CARTESIAN_POINT('Ctrl Pts',(33.8695549592928,274.625546798169,-3.0127986376553));
#4658=CARTESIAN_POINT('Ctrl Pts',(33.8844795390592,274.84766111764,-3.00036737303512));
#4659=CARTESIAN_POINT('Ctrl Pts',(33.8697717313653,275.195718321851,-2.99916675822659));
#4660=CARTESIAN_POINT('Ctrl Pts',(33.8150690390395,275.538996515814,-3.02444946276255));
#4661=CARTESIAN_POINT('Ctrl Pts',(33.7227352869218,275.833760906484,-3.06886989621922));
#4662=CARTESIAN_POINT('Ctrl Pts',(33.6438487373119,275.998513793321,-3.100166542028));
#4663=CARTESIAN_POINT('Ctrl Pts',(33.5897742313208,276.078421094342,-3.11744842468158));
#4664=CARTESIAN_POINT('Ctrl Pts',(33.5537258798164,276.115884630736,-3.12600904777641));
#4665=CARTESIAN_POINT('Ctrl Pts',(33.8526588317062,274.27724851089,-3.04104487629717));
#4666=CARTESIAN_POINT('Ctrl Pts',(33.8849522806637,274.301925088785,-3.03457386185691));
#4667=CARTESIAN_POINT('Ctrl Pts',(33.9346098041783,274.351723515735,-3.02173669775532));
#4668=CARTESIAN_POINT('Ctrl Pts',(34.006716147097,274.450950944044,-2.99775984696354));
#4669=CARTESIAN_POINT('Ctrl Pts',(34.0886199362021,274.621771394482,-2.96113240205255));
#4670=CARTESIAN_POINT('Ctrl Pts',(34.1437889843872,274.860522519577,-2.92520895876627));
#4671=CARTESIAN_POINT('Ctrl Pts',(34.1590242372992,275.229590771864,-2.90469738146942));
#4672=CARTESIAN_POINT('Ctrl Pts',(34.0917058922897,275.587287947205,-2.94227191965838));
#4673=CARTESIAN_POINT('Ctrl Pts',(33.9458744679052,275.889874972452,-3.0211100785307));
#4674=CARTESIAN_POINT('Ctrl Pts',(33.8161625993413,276.056819494386,-3.07647331291355));
#4675=CARTESIAN_POINT('Ctrl Pts',(33.7258290561925,276.136563496634,-3.10682013821135));
#4676=CARTESIAN_POINT('Ctrl Pts',(33.6650170233935,276.173123507161,-3.1217159832524));
#4677=CARTESIAN_POINT('Ctrl Pts',(33.9441720638054,274.240747931474,-3.01575747525115));
#4678=CARTESIAN_POINT('Ctrl Pts',(33.9900644929185,274.268007223062,-3.00101235750828));
#4679=CARTESIAN_POINT('Ctrl Pts',(34.0599847342749,274.322315039923,-2.97148083229947));
#4680=CARTESIAN_POINT('Ctrl Pts',(34.1596461752134,274.42935721204,-2.91572431707303));
#4681=CARTESIAN_POINT('Ctrl Pts',(34.2686721671841,274.611942288058,-2.82933288918716));
#4682=CARTESIAN_POINT('Ctrl Pts',(34.3364714506929,274.865672590664,-2.7408509697441));
#4683=CARTESIAN_POINT('Ctrl Pts',(34.3536835403631,275.257851492355,-2.67784882188249));
#4684=CARTESIAN_POINT('Ctrl Pts',(34.2868484248933,275.637431952894,-2.73596592242508));
#4685=CARTESIAN_POINT('Ctrl Pts',(34.1258956352111,275.95086407172,-2.88642849251756));
#4686=CARTESIAN_POINT('Ctrl Pts',(33.9677326197258,276.119649659758,-2.99660200404299));
#4687=CARTESIAN_POINT('Ctrl Pts',(33.8511260376689,276.19822729084,-3.05845939939447));
#4688=CARTESIAN_POINT('Ctrl Pts',(33.7694748875375,276.233147934877,-3.08935238786153));
#4689=CARTESIAN_POINT('Ctrl Pts',(33.9821530141818,274.225104960986,-3.00159763216702));
#4690=CARTESIAN_POINT('Ctrl Pts',(34.0333586571943,274.253447837012,-2.98250743397836));
#4691=CARTESIAN_POINT('Ctrl Pts',(34.1107120065657,274.309615486895,-2.94428528275462));
#4692=CARTESIAN_POINT('Ctrl Pts',(34.2192163416218,274.419793295326,-2.8722994957569));
#4693=CARTESIAN_POINT('Ctrl Pts',(34.3340812156521,274.606930747694,-2.76132204141118));
#4694=CARTESIAN_POINT('Ctrl Pts',(34.3996313442864,274.866335865777,-2.64840024036577));
#4695=CARTESIAN_POINT('Ctrl Pts',(34.4105032045763,275.267651292192,-2.56696732681706));
#4696=CARTESIAN_POINT('Ctrl Pts',(34.3471237684836,275.657000872828,-2.63327561378127));
#4697=CARTESIAN_POINT('Ctrl Pts',(34.1901279709546,275.976160889706,-2.8162914718207));
#4698=CARTESIAN_POINT('Ctrl Pts',(34.0263092578945,276.146304250314,-2.95334934700866));
#4699=CARTESIAN_POINT('Ctrl Pts',(33.9014673304204,276.224593531566,-3.0313221527044));
#4700=CARTESIAN_POINT('Ctrl Pts',(33.8121004297891,276.25887219879,-3.07061214647701));
#4701=CARTESIAN_POINT('',(33.4901254254776,276.085234655467,-3.119194104494));
#4702=CARTESIAN_POINT('Origin',(33.4901254254776,276.25887219879,-2.33826516819509));
#4703=CARTESIAN_POINT('Ctrl Pts',(33.8121004297891,276.25887219879,-3.07061214647701));
#4704=CARTESIAN_POINT('Ctrl Pts',(33.9014673304204,276.224593531566,-3.0313221527044));
#4705=CARTESIAN_POINT('Ctrl Pts',(34.0263092578945,276.146304250314,-2.95334934700866));
#4706=CARTESIAN_POINT('Ctrl Pts',(34.1901279709546,275.976160889706,-2.8162914718207));
#4707=CARTESIAN_POINT('Ctrl Pts',(34.3471237684836,275.657000872828,-2.63327561378127));
#4708=CARTESIAN_POINT('Ctrl Pts',(34.4105032045763,275.267651292192,-2.56696732681706));
#4709=CARTESIAN_POINT('Ctrl Pts',(34.3996313442864,274.866335865777,-2.64840024036577));
#4710=CARTESIAN_POINT('Ctrl Pts',(34.3340812156521,274.606930747694,-2.76132204141118));
#4711=CARTESIAN_POINT('Ctrl Pts',(34.2192163416218,274.419793295326,-2.8722994957569));
#4712=CARTESIAN_POINT('Ctrl Pts',(34.1107120065657,274.309615486895,-2.94428528275462));
#4713=CARTESIAN_POINT('Ctrl Pts',(34.0333586571943,274.253447837012,-2.98250743397836));
#4714=CARTESIAN_POINT('Ctrl Pts',(33.9821530141818,274.225104960986,-3.00159763216702));
#4715=CARTESIAN_POINT('Ctrl Pts',(33.7026911559686,274.331987034509,-3.04482501570617));
#4716=CARTESIAN_POINT('Ctrl Pts',(33.711031777887,274.351871190569,-3.04214440924961));
#4717=CARTESIAN_POINT('Ctrl Pts',(33.7225101768571,274.393054917591,-3.03684093169775));
#4718=CARTESIAN_POINT('Ctrl Pts',(33.7359623504016,274.477113814914,-3.02710376919293));
#4719=CARTESIAN_POINT('Ctrl Pts',(33.7442314640544,274.625302363683,-3.01277923262076));
#4720=CARTESIAN_POINT('Ctrl Pts',(33.7359286601149,274.83867729004,-3.00044286419925));
#4721=CARTESIAN_POINT('Ctrl Pts',(33.7037581023522,275.178017558524,-2.99812376874926));
#4722=CARTESIAN_POINT('Ctrl Pts',(33.6564548570948,275.516974643534,-3.02180527665456));
#4723=CARTESIAN_POINT('Ctrl Pts',(33.595056527946,275.807032428418,-3.06435355008671));
#4724=CARTESIAN_POINT('Ctrl Pts',(33.5453354868068,275.9690920199,-3.09430538925694));
#4725=CARTESIAN_POINT('Ctrl Pts',(33.5120145679516,276.047923052647,-3.11089796543448));
#4726=CARTESIAN_POINT('Ctrl Pts',(33.4901254254776,276.085234655467,-3.119194104494));
#4727=CARTESIAN_POINT('Ctrl Pts',(33.4901254254776,276.085234655467,-3.119194104494));
#4728=CARTESIAN_POINT('Ctrl Pts',(33.2762188993541,276.449853568835,-3.20026618342872));
#4729=CARTESIAN_POINT('Ctrl Pts',(33.0236924255674,276.788297355215,-3.3170071076582));
#4730=CARTESIAN_POINT('Ctrl Pts',(32.7773613420025,277.113091327595,-3.46846102430161));
#4731=CARTESIAN_POINT('Ctrl Pts',(33.6014262205704,276.138872112187,-3.13112025523822));
#4732=CARTESIAN_POINT('Ctrl Pts',(33.4038008179387,276.51993948181,-3.22013561002885));
#4733=CARTESIAN_POINT('Ctrl Pts',(33.1713526438958,276.871413837011,-3.34741632607791));
#4734=CARTESIAN_POINT('Ctrl Pts',(32.9473328256204,277.204372404658,-3.51102608958057));
#4735=CARTESIAN_POINT('Ctrl Pts',(33.712640831202,276.198848916327,-3.11433937637424));
#4736=CARTESIAN_POINT('Ctrl Pts',(33.5312111830852,276.600833155966,-3.20112446507559));
#4737=CARTESIAN_POINT('Ctrl Pts',(33.318791648071,276.972855402782,-3.3251388314005));
#4738=CARTESIAN_POINT('Ctrl Pts',(33.1164727894583,277.327476570696,-3.48418044179105));
#4739=CARTESIAN_POINT('Ctrl Pts',(33.8121004297891,276.25887219879,-3.070612146477));
#4740=CARTESIAN_POINT('Ctrl Pts',(33.6409752088903,276.681830137774,-3.14584703563562));
#4741=CARTESIAN_POINT('Ctrl Pts',(33.4389540298609,277.074424929491,-3.254182613187));
#4742=CARTESIAN_POINT('Ctrl Pts',(33.241889163009,277.451185936988,-3.39473184765876));
#4743=CARTESIAN_POINT('Ctrl Pts',(33.4901254254776,276.085234655467,-3.119194104494));
#4744=CARTESIAN_POINT('Ctrl Pts',(33.2762188993541,276.449853568835,-3.20026618342872));
#4745=CARTESIAN_POINT('Ctrl Pts',(33.0236924255674,276.788297355215,-3.3170071076582));
#4746=CARTESIAN_POINT('Ctrl Pts',(32.7773613420025,277.113091327595,-3.46846102430161));
#4747=CARTESIAN_POINT('Ctrl Pts',(31.5373906076091,275.422623871833,-7.09369480435092));
#4748=CARTESIAN_POINT('Ctrl Pts',(31.5320912256987,275.31131916233,-7.04179172853365));
#4749=CARTESIAN_POINT('Ctrl Pts',(31.5245747949897,275.023304011072,-6.96698672445811));
#4750=CARTESIAN_POINT('Ctrl Pts',(31.5303244149328,274.725794666978,-7.02448722383035));
#4751=CARTESIAN_POINT('Ctrl Pts',(31.5373900732987,274.577387350652,-7.09368957121946));
#4752=CARTESIAN_POINT('Ctrl Pts',(31.6867612332371,275.393416279119,-7.08007486045244));
#4753=CARTESIAN_POINT('Ctrl Pts',(31.6802141793738,275.288520332506,-7.03557126678972));
#4754=CARTESIAN_POINT('Ctrl Pts',(31.6710478264159,275.02123054537,-6.97199691583445));
#4755=CARTESIAN_POINT('Ctrl Pts',(31.6780314013641,274.74645638419,-7.02073377536858));
#4756=CARTESIAN_POINT('Ctrl Pts',(31.6867605737241,274.606594290754,-7.08007037194354));
#4757=CARTESIAN_POINT('Ctrl Pts',(31.9850407532109,275.296939435292,-7.13469286287468));
#4758=CARTESIAN_POINT('Ctrl Pts',(31.9760606217189,275.216676751323,-7.10617313726034));
#4759=CARTESIAN_POINT('Ctrl Pts',(31.963669158068,275.015679821454,-7.06581141877818));
#4760=CARTESIAN_POINT('Ctrl Pts',(31.973066666135,274.81008607258,-7.09666468288112));
#4761=CARTESIAN_POINT('Ctrl Pts',(31.9850398475482,274.703068657792,-7.13468998758964));
#4762=CARTESIAN_POINT('Ctrl Pts',(32.1883594626386,275.155402698479,-7.3344187604152));
#4763=CARTESIAN_POINT('Ctrl Pts',(32.1814256231699,275.113769718504,-7.32005263827233));
#4764=CARTESIAN_POINT('Ctrl Pts',(32.1717640384627,275.008326241983,-7.29952752518725));
#4765=CARTESIAN_POINT('Ctrl Pts',(32.1791138960425,274.900112443118,-7.31526297370509));
#4766=CARTESIAN_POINT('Ctrl Pts',(32.1883587667903,274.844601498169,-7.33441730989359));
#4767=CARTESIAN_POINT('Ctrl Pts',(32.2499125754942,275.084524781923,-7.45499116765204));
#4768=CARTESIAN_POINT('Ctrl Pts',(32.245673069966,275.062263838032,-7.44668667477879));
#4769=CARTESIAN_POINT('Ctrl Pts',(32.2396599253987,275.004660802631,-7.43471787305659));
#4770=CARTESIAN_POINT('Ctrl Pts',(32.2442596213532,274.945158928492,-7.44391795377871));
#4771=CARTESIAN_POINT('Ctrl Pts',(32.2499121480459,274.915477462573,-7.45499033035094));
#4772=CARTESIAN_POINT('Ctrl Pts',(31.537390379474,275.422619080201,-7.09369256995605));
#4773=CARTESIAN_POINT('Ctrl Pts',(31.532091133248,275.311315619776,-7.04179080844545));
#4774=CARTESIAN_POINT('Ctrl Pts',(31.5245748303495,275.023302181406,-6.96698707808297));
#4775=CARTESIAN_POINT('Ctrl Pts',(31.5303244149328,274.725794666978,-7.02448722383035));
#4776=CARTESIAN_POINT('Ctrl Pts',(31.5373900732987,274.577387350652,-7.09368957121946));
#4777=CARTESIAN_POINT('Origin',(12.9500000000038,275.,-8.));
#4778=CARTESIAN_POINT('',(14.3500000000038,272.886908672352,-3.46846102432546));
#4779=CARTESIAN_POINT('',(12.9500000000038,272.886908672352,-3.46846102432546));
#4780=CARTESIAN_POINT('',(14.3500000000038,277.113091327595,-3.46846102430164));
#4781=CARTESIAN_POINT('Origin',(14.3500000000038,274.999999999999,-8.));
#4782=CARTESIAN_POINT('',(12.9500000000038,277.113091327595,-3.46846102430164));
#4783=CARTESIAN_POINT('Origin',(12.9500000000038,273.732145200608,-5.28107660850371));
#4784=CARTESIAN_POINT('',(14.3500000000038,274.577382531931,-7.09369181820535));
#4785=CARTESIAN_POINT('',(12.9500000000038,274.577382531931,-7.09369181820535));
#4786=CARTESIAN_POINT('Origin',(14.3500000000038,273.732145200608,-5.28107660850371));
#4787=CARTESIAN_POINT('Ctrl Pts',(-32.8678749814857,277.113091327602,-3.46846102430429));
#4788=CARTESIAN_POINT('Ctrl Pts',(-33.1172005363542,276.76659072833,-3.30688514130805));
#4789=CARTESIAN_POINT('Ctrl Pts',(-33.3742769925062,276.404752261209,-3.18464746831443));
#4790=CARTESIAN_POINT('Ctrl Pts',(-33.5831415483961,276.011869587147,-3.1034583239144));
#4791=CARTESIAN_POINT('Ctrl Pts',(-32.9970495485737,277.181258176656,-3.50024774805045));
#4792=CARTESIAN_POINT('Ctrl Pts',(-33.2284355889829,276.828326298789,-3.32901242782201));
#4793=CARTESIAN_POINT('Ctrl Pts',(-33.4694486786214,276.455883893576,-3.1984210356185));
#4794=CARTESIAN_POINT('Ctrl Pts',(-33.665809208922,276.049501681511,-3.11123499044907));
#4795=CARTESIAN_POINT('Ctrl Pts',(-33.125570044762,277.273724938151,-3.47902199145216));
#4796=CARTESIAN_POINT('Ctrl Pts',(-33.3395245443039,276.903415496374,-3.31164421764824));
#4797=CARTESIAN_POINT('Ctrl Pts',(-33.5645000977675,276.51456845027,-3.18374180623483));
#4798=CARTESIAN_POINT('Ctrl Pts',(-33.7484179811394,276.091382881344,-3.09831453313839));
#4799=CARTESIAN_POINT('Ctrl Pts',(-33.2203158444672,277.366662284647,-3.41025377958609));
#4800=CARTESIAN_POINT('Ctrl Pts',(-33.4302742064616,276.978581613834,-3.2578622100851));
#4801=CARTESIAN_POINT('Ctrl Pts',(-33.6467596432212,276.573322531047,-3.14257278387736));
#4802=CARTESIAN_POINT('Ctrl Pts',(-33.8226455850233,276.133293936518,-3.06599860144288));
#4803=CARTESIAN_POINT('',(-33.5831415483961,276.011869587147,-3.1034583239144));
#4804=CARTESIAN_POINT('Origin',(-33.5831415483961,276.133293936518,-2.51587332803756));
#4805=CARTESIAN_POINT('Ctrl Pts',(-32.8678749814857,277.113091327602,-3.46846102430429));
#4806=CARTESIAN_POINT('Ctrl Pts',(-33.1172005363542,276.76659072833,-3.30688514130805));
#4807=CARTESIAN_POINT('Ctrl Pts',(-33.3742769925062,276.404752261209,-3.18464746831443));
#4808=CARTESIAN_POINT('Ctrl Pts',(-33.5831415483961,276.011869587147,-3.1034583239144));
#4809=CARTESIAN_POINT('Ctrl Pts',(-33.5831415504864,276.011869583215,-3.10345832310186));
#4810=CARTESIAN_POINT('Ctrl Pts',(-33.6205790440756,275.941448143999,-3.08890574353654));
#4811=CARTESIAN_POINT('Ctrl Pts',(-33.6765403727777,275.79277056566,-3.06147783431287));
#4812=CARTESIAN_POINT('Ctrl Pts',(-33.735176558498,275.562842107117,-3.02998947917102));
#4813=CARTESIAN_POINT('Ctrl Pts',(-33.7904404803582,275.250823489856,-3.00199285834375));
#4814=CARTESIAN_POINT('Ctrl Pts',(-33.8210378532099,274.933707078624,-2.99606974151924));
#4815=CARTESIAN_POINT('Ctrl Pts',(-33.8154256861534,274.616836522934,-3.01282711553627));
#4816=CARTESIAN_POINT('Ctrl Pts',(-33.7917401328116,274.459454107066,-3.0287336602158));
#4817=CARTESIAN_POINT('Ctrl Pts',(-33.7640818003891,274.384671518542,-3.03800732498113));
#4818=CARTESIAN_POINT('Ctrl Pts',(-33.665809210886,276.049501677444,-3.11123498957707));
#4819=CARTESIAN_POINT('Ctrl Pts',(-33.7187747718157,275.977591138875,-3.09585507662337));
#4820=CARTESIAN_POINT('Ctrl Pts',(-33.7963695409129,275.82507442661,-3.06673763578641));
#4821=CARTESIAN_POINT('Ctrl Pts',(-33.8737202868229,275.588925649333,-3.03318195827779));
#4822=CARTESIAN_POINT('Ctrl Pts',(-33.9399682874985,275.268011863573,-3.003091310988));
#4823=CARTESIAN_POINT('Ctrl Pts',(-33.9643135627492,274.94038430531,-2.99598591413338));
#4824=CARTESIAN_POINT('Ctrl Pts',(-33.9310997213737,274.608603821428,-3.01338268406395));
#4825=CARTESIAN_POINT('Ctrl Pts',(-33.883139117652,274.441673871409,-3.03061196402862));
#4826=CARTESIAN_POINT('Ctrl Pts',(-33.836104848355,274.361248050646,-3.04091203038367));
#4827=CARTESIAN_POINT('Ctrl Pts',(-33.7484179829778,276.091382877109,-3.09831453228449));
#4828=CARTESIAN_POINT('Ctrl Pts',(-33.816859612338,276.018953057854,-3.07582338314361));
#4829=CARTESIAN_POINT('Ctrl Pts',(-33.9159119627189,275.863748248815,-3.03322377927827));
#4830=CARTESIAN_POINT('Ctrl Pts',(-34.0116588695609,275.620836970017,-2.98512194743267));
#4831=CARTESIAN_POINT('Ctrl Pts',(-34.0886123967142,275.288190654159,-2.94478566212678));
#4832=CARTESIAN_POINT('Ctrl Pts',(-34.1069499919285,274.945884930103,-2.94292905313865));
#4833=CARTESIAN_POINT('Ctrl Pts',(-34.0465854676601,274.59753448805,-2.9802824056763));
#4834=CARTESIAN_POINT('Ctrl Pts',(-33.9744813885449,274.421539758162,-3.01161195524803));
#4835=CARTESIAN_POINT('Ctrl Pts',(-33.9081033084607,274.336044379631,-3.02939574942017));
#4836=CARTESIAN_POINT('Ctrl Pts',(-33.8226455867802,276.133293932114,-3.06599860067798));
#4837=CARTESIAN_POINT('Ctrl Pts',(-33.9025713567913,276.060161367359,-3.03120189992283));
#4838=CARTESIAN_POINT('Ctrl Pts',(-34.0140821114666,275.901690968202,-2.96664568295815));
#4839=CARTESIAN_POINT('Ctrl Pts',(-34.1174185503589,275.651133264848,-2.89674598203183));
#4840=CARTESIAN_POINT('Ctrl Pts',(-34.1975147184947,275.305985283062,-2.84237001061069));
#4841=CARTESIAN_POINT('Ctrl Pts',(-34.2157417870499,274.949361031863,-2.84911557177922));
#4842=CARTESIAN_POINT('Ctrl Pts',(-34.1443952460603,274.585689807759,-2.91825477433922));
#4843=CARTESIAN_POINT('Ctrl Pts',(-34.0571664749896,274.401229125589,-2.97341821504319));
#4844=CARTESIAN_POINT('Ctrl Pts',(-33.9750163235436,274.310832101427,-3.00426797513969));
#4845=CARTESIAN_POINT('',(-33.7640818003891,274.384671518542,-3.03800732498113));
#4846=CARTESIAN_POINT('Origin',(-33.7640818003891,274.310832101427,-2.4425682093025));
#4847=CARTESIAN_POINT('Ctrl Pts',(-33.9750163235436,274.310832101427,-3.00426797513969));
#4848=CARTESIAN_POINT('Ctrl Pts',(-34.0571664749896,274.401229125589,-2.97341821504319));
#4849=CARTESIAN_POINT('Ctrl Pts',(-34.1443952460603,274.585689807759,-2.91825477433922));
#4850=CARTESIAN_POINT('Ctrl Pts',(-34.2157417870499,274.949361031863,-2.84911557177922));
#4851=CARTESIAN_POINT('Ctrl Pts',(-34.1975147184947,275.305985283062,-2.84237001061069));
#4852=CARTESIAN_POINT('Ctrl Pts',(-34.1174185503589,275.651133264848,-2.89674598203183));
#4853=CARTESIAN_POINT('Ctrl Pts',(-34.0140821114666,275.901690968202,-2.96664568295815));
#4854=CARTESIAN_POINT('Ctrl Pts',(-33.9025713567913,276.060161367359,-3.03120189992283));
#4855=CARTESIAN_POINT('Ctrl Pts',(-33.8226455867802,276.133293932114,-3.06599860067798));
#4856=CARTESIAN_POINT('Ctrl Pts',(-33.5831415504864,276.011869583215,-3.10345832310186));
#4857=CARTESIAN_POINT('Ctrl Pts',(-33.6205790440756,275.941448143999,-3.08890574353654));
#4858=CARTESIAN_POINT('Ctrl Pts',(-33.6765403727777,275.79277056566,-3.06147783431287));
#4859=CARTESIAN_POINT('Ctrl Pts',(-33.735176558498,275.562842107117,-3.02998947917102));
#4860=CARTESIAN_POINT('Ctrl Pts',(-33.7904404803582,275.250823489856,-3.00199285834375));
#4861=CARTESIAN_POINT('Ctrl Pts',(-33.8210378532099,274.933707078624,-2.99606974151924));
#4862=CARTESIAN_POINT('Ctrl Pts',(-33.8154256861534,274.616836522934,-3.01282711553627));
#4863=CARTESIAN_POINT('Ctrl Pts',(-33.7917401328116,274.459454107066,-3.0287336602158));
#4864=CARTESIAN_POINT('Ctrl Pts',(-33.7640818003891,274.384671518542,-3.03800732498113));
#4865=CARTESIAN_POINT('Ctrl Pts',(-33.7640818003891,274.384671518542,-3.03800732498113));
#4866=CARTESIAN_POINT('Ctrl Pts',(-33.5592349859885,273.830806780864,-3.10669117243704));
#4867=CARTESIAN_POINT('Ctrl Pts',(-33.1988628193717,273.346899563581,-3.25396374905663));
#4868=CARTESIAN_POINT('Ctrl Pts',(-32.8678749814461,272.886908672343,-3.46846102432999));
#4869=CARTESIAN_POINT('Ctrl Pts',(-33.836104848355,274.361248050646,-3.04091203038367));
#4870=CARTESIAN_POINT('Ctrl Pts',(-33.6431261782092,273.786869132603,-3.11482894265934));
#4871=CARTESIAN_POINT('Ctrl Pts',(-33.3042220936117,273.287270447444,-3.2729272535928));
#4872=CARTESIAN_POINT('Ctrl Pts',(-32.9970495485369,272.818741823288,-3.50024774807765));
#4873=CARTESIAN_POINT('Ctrl Pts',(-33.9081033084607,274.336044379631,-3.02939574942017));
#4874=CARTESIAN_POINT('Ctrl Pts',(-33.7269618249819,273.738699757908,-3.10185257464708));
#4875=CARTESIAN_POINT('Ctrl Pts',(-33.4096016485283,273.217872971043,-3.25682251618291));
#4876=CARTESIAN_POINT('Ctrl Pts',(-33.125570044728,272.726275061791,-3.47902199147874));
#4877=CARTESIAN_POINT('Ctrl Pts',(-33.9750163235437,274.310832101427,-3.00426797513968));
#4878=CARTESIAN_POINT('Ctrl Pts',(-33.8025137429958,273.690503595822,-3.06904768804658));
#4879=CARTESIAN_POINT('Ctrl Pts',(-33.4990424447923,273.148527512985,-3.20794898123048));
#4880=CARTESIAN_POINT('Ctrl Pts',(-33.2203158444338,272.633337715292,-3.41025377961034));
#4881=CARTESIAN_POINT('Ctrl Pts',(-33.7640818003891,274.384671518542,-3.03800732498113));
#4882=CARTESIAN_POINT('Ctrl Pts',(-33.5592349859885,273.830806780864,-3.10669117243704));
#4883=CARTESIAN_POINT('Ctrl Pts',(-33.1988628193717,273.346899563581,-3.25396374905663));
#4884=CARTESIAN_POINT('Ctrl Pts',(-32.8678749814461,272.886908672343,-3.46846102432999));
#4885=CARTESIAN_POINT('Ctrl Pts',(-31.6709085400662,274.577384338951,-7.09369097558278));
#4886=CARTESIAN_POINT('Ctrl Pts',(-31.6576670598247,274.726050232652,-7.02436745209425));
#4887=CARTESIAN_POINT('Ctrl Pts',(-31.647216239981,275.023258914976,-6.9670915038678));
#4888=CARTESIAN_POINT('Ctrl Pts',(-31.6609777693715,275.311121807102,-7.04170014818455));
#4889=CARTESIAN_POINT('Ctrl Pts',(-31.6709090041571,275.42262087149,-7.09369340525106));
#4890=CARTESIAN_POINT('Ctrl Pts',(-31.8019328858271,274.601348916316,-7.08251619365728));
#4891=CARTESIAN_POINT('Ctrl Pts',(-31.7877550131539,274.742850743414,-7.02138231719227));
#4892=CARTESIAN_POINT('Ctrl Pts',(-31.7766693744544,275.021585564393,-6.97112521065914));
#4893=CARTESIAN_POINT('Ctrl Pts',(-31.7912998426518,275.292529970621,-7.03666738366895));
#4894=CARTESIAN_POINT('Ctrl Pts',(-31.8019333821656,275.398656039546,-7.08251833688006));
#4895=CARTESIAN_POINT('Ctrl Pts',(-32.0304366872947,274.677486636936,-7.13667906528363));
#4896=CARTESIAN_POINT('Ctrl Pts',(-32.0147423756419,274.792590476805,-7.09210644944042));
#4897=CARTESIAN_POINT('Ctrl Pts',(-32.0026241092831,275.017341869167,-7.05545138008761));
#4898=CARTESIAN_POINT('Ctrl Pts',(-32.0186663519698,275.236189740926,-7.10325076753269));
#4899=CARTESIAN_POINT('Ctrl Pts',(-32.030437237491,275.322517398032,-7.13668062733777));
#4900=CARTESIAN_POINT('Ctrl Pts',(-32.1739662235635,274.784931960543,-7.29855912930951));
#4901=CARTESIAN_POINT('Ctrl Pts',(-32.1607883017613,274.861073559137,-7.26932039292606));
#4902=CARTESIAN_POINT('Ctrl Pts',(-32.150504646552,275.011719321312,-7.24515882740763));
#4903=CARTESIAN_POINT('Ctrl Pts',(-32.1640831179064,275.157964676195,-7.2766308428145));
#4904=CARTESIAN_POINT('Ctrl Pts',(-32.1739666850384,275.215070708593,-7.2985601542755));
#4905=CARTESIAN_POINT('Ctrl Pts',(-32.2123441043244,274.830953729913,-7.37892748568776));
#4906=CARTESIAN_POINT('Ctrl Pts',(-32.201193384121,274.890420089387,-7.35557640330871));
#4907=CARTESIAN_POINT('Ctrl Pts',(-32.1923926937263,275.009303566302,-7.3362834516803));
#4908=CARTESIAN_POINT('Ctrl Pts',(-32.2039813500551,275.124448727013,-7.36141478534539));
#4909=CARTESIAN_POINT('Ctrl Pts',(-32.2123444951378,275.169048354264,-7.37892830410236));
#4910=CARTESIAN_POINT('Ctrl Pts',(-31.6709085400662,274.577384338951,-7.09369097558278));
#4911=CARTESIAN_POINT('Ctrl Pts',(-31.6576670598247,274.726050232652,-7.02436745209425));
#4912=CARTESIAN_POINT('Ctrl Pts',(-31.6472162639297,275.023258233902,-6.96709163511948));
#4913=CARTESIAN_POINT('Ctrl Pts',(-31.6609777063006,275.311120487788,-7.04169980624379));
#4914=CARTESIAN_POINT('Ctrl Pts',(-31.6709088448508,275.422619082936,-7.09369257123047));
#4915=CARTESIAN_POINT('Origin',(-12.9499999999962,275.,-8.));
#4916=CARTESIAN_POINT('',(-14.3499999999962,277.113091327596,-3.46846102430164));
#4917=CARTESIAN_POINT('',(-12.9499999999962,277.113091327596,-3.46846102430164));
#4918=CARTESIAN_POINT('',(-14.3499999999962,272.886908672352,-3.46846102432546));
#4919=CARTESIAN_POINT('Origin',(-14.3499999999962,275.,-8.));
#4920=CARTESIAN_POINT('',(-12.9499999999962,272.886908672352,-3.46846102432546));
#4921=CARTESIAN_POINT('Origin',(-12.9499999999962,276.267854799391,-5.28107660850371));
#4922=CARTESIAN_POINT('',(-14.3499999999962,275.422619071281,-7.09369256579568));
#4923=CARTESIAN_POINT('',(-12.9499999999962,275.422619071281,-7.09369256579568));
#4924=CARTESIAN_POINT('Origin',(-14.3499999999962,276.267854799391,-5.28107660850371));
#4925=CARTESIAN_POINT('Origin',(-12.9499999999962,273.732145200608,-5.28107660850371));
#4926=CARTESIAN_POINT('',(-14.3499999999962,274.577382531932,-7.09369181820535));
#4927=CARTESIAN_POINT('Origin',(-14.3499999999962,273.732145200608,-5.28107660850371));
#4928=CARTESIAN_POINT('',(-12.9499999999962,274.577382531932,-7.09369181820535));
#4929=CARTESIAN_POINT('Origin',(-12.9499999999962,275.,-8.));
#4930=CARTESIAN_POINT('Origin',(-14.3499999999962,275.,-8.));
#4931=CARTESIAN_POINT('Origin',(-12.9499999999962,275.,-8.));
#4932=CARTESIAN_POINT('',(-14.3499999999962,272.886908672404,-12.5315389756984));
#4933=CARTESIAN_POINT('',(-12.9499999999962,272.886908672404,-12.5315389756984));
#4934=CARTESIAN_POINT('Origin',(-14.3499999999962,275.,-8.));
#4935=CARTESIAN_POINT('Origin',(-12.9499999999962,273.732145200608,-10.7189233914963));
#4936=CARTESIAN_POINT('Origin',(-14.3499999999962,273.732145200608,-10.7189233914963));
#4937=CARTESIAN_POINT('Ctrl Pts',(-34.,280.,-19.0000000745058));
#4938=CARTESIAN_POINT('Ctrl Pts',(-35.4927936015931,266.675572045176,-19.5703532106783));
#4939=CARTESIAN_POINT('Ctrl Pts',(-36.8553604536278,253.342238711843,-20.0909504831165));
#4940=CARTESIAN_POINT('Ctrl Pts',(-38.0877005561039,240.,-20.5617918918204));
#4941=CARTESIAN_POINT('Ctrl Pts',(-34.0000001821253,280.,-11.6666667395168));
#4942=CARTESIAN_POINT('Ctrl Pts',(-35.4927937621705,266.675572045176,-11.246974687853));
#4943=CARTESIAN_POINT('Ctrl Pts',(-36.855360594537,253.342238711843,-10.8638952875599));
#4944=CARTESIAN_POINT('Ctrl Pts',(-38.0877006792247,240.,-10.5174285386377));
#4945=CARTESIAN_POINT('Ctrl Pts',(-34.0000003642506,280.,-4.33333340452777));
#4946=CARTESIAN_POINT('Ctrl Pts',(-35.4927939227479,266.675572045176,-2.92359616502762));
#4947=CARTESIAN_POINT('Ctrl Pts',(-36.8553607354462,253.342238711843,-1.63684009200337));
#4948=CARTESIAN_POINT('Ctrl Pts',(-38.0877008023455,240.,-0.473065185455035));
#4949=CARTESIAN_POINT('Ctrl Pts',(-34.0000005463759,280.,2.99999993046124));
#4950=CARTESIAN_POINT('Ctrl Pts',(-35.4927940833252,266.675572045176,5.39978235779771));
#4951=CARTESIAN_POINT('Ctrl Pts',(-36.8553608763554,253.342238711843,7.59021510355318));
#4952=CARTESIAN_POINT('Ctrl Pts',(-38.0877009254663,240.,9.57129816772766));
#4953=CARTESIAN_POINT('',(-34.0002012525013,279.998205721098,-9.64100472241885));
#4954=CARTESIAN_POINT('Ctrl Pts',(-34.0002012525013,279.998205721098,-9.64100472241885));
#4955=CARTESIAN_POINT('Ctrl Pts',(-34.0387241308102,279.654354173539,-9.66314470977671));
#4956=CARTESIAN_POINT('Ctrl Pts',(-34.0771670636393,279.310436167916,-9.68442666242737));
#4957=CARTESIAN_POINT('Ctrl Pts',(-34.1155290707238,278.966459706307,-9.70490090397072));
#4958=CARTESIAN_POINT('',(-34.0000002317197,280.,-9.66973172715038));
#4959=CARTESIAN_POINT('Ctrl Pts',(-34.0000002317197,280.,-9.66973172715039));
#4960=CARTESIAN_POINT('Ctrl Pts',(-34.0000002319603,280.,-9.6600438573643));
#4961=CARTESIAN_POINT('Ctrl Pts',(-34.0000673729151,279.999400715435,-9.65046606037699));
#4962=CARTESIAN_POINT('Ctrl Pts',(-34.0002012525013,279.998205721098,-9.64100472241885));
#4963=CARTESIAN_POINT('',(-34.,280.,-19.0000000745058));
#4964=CARTESIAN_POINT('',(-34.0000005463759,280.,2.99999993046124));
#4965=CARTESIAN_POINT('',(-38.0877005561039,240.,-20.5617918918204));
#4966=CARTESIAN_POINT('Ctrl Pts',(-34.,280.,-19.0000000745058));
#4967=CARTESIAN_POINT('Ctrl Pts',(-35.4927936015944,266.675572045165,-19.5703532106788));
#4968=CARTESIAN_POINT('Ctrl Pts',(-36.8553604536301,253.34223871182,-20.0909504831174));
#4969=CARTESIAN_POINT('Ctrl Pts',(-38.087700556107,239.999999999966,-20.5617918918216));
#4970=CARTESIAN_POINT('',(-38.0877009254663,240.,9.57129816772767));
#4971=CARTESIAN_POINT('Ctrl Pts',(-38.0877005561039,240.,-20.5617918918204));
#4972=CARTESIAN_POINT('Ctrl Pts',(-38.0877006176643,240.,-15.5396102152291));
#4973=CARTESIAN_POINT('Ctrl Pts',(-38.0877006792247,240.,-10.5174285386377));
#4974=CARTESIAN_POINT('Ctrl Pts',(-38.0877008023455,240.,-0.473065185455037));
#4975=CARTESIAN_POINT('Ctrl Pts',(-38.0877008639059,240.,4.54911649113631));
#4976=CARTESIAN_POINT('Ctrl Pts',(-38.0877009254663,240.,9.57129816772766));
#4977=CARTESIAN_POINT('',(-34.0000005463759,280.,2.99999993046124));
#4978=CARTESIAN_POINT('Ctrl Pts',(-34.0000005463759,280.,2.99999993046124));
#4979=CARTESIAN_POINT('Ctrl Pts',(-35.4927940833252,266.675572045176,5.39978235779771));
#4980=CARTESIAN_POINT('Ctrl Pts',(-36.8553608763554,253.342238711843,7.59021510355318));
#4981=CARTESIAN_POINT('Ctrl Pts',(-38.0877009254663,240.,9.57129816772766));
#4982=CARTESIAN_POINT('',(-34.0000004139973,280.,-2.33026833742132));
#4983=CARTESIAN_POINT('',(-34.0000005463759,280.,2.99999993046124));
#4984=CARTESIAN_POINT('',(-34.000201433346,279.998205721096,-2.35899534238197));
#4985=CARTESIAN_POINT('Ctrl Pts',(-34.000201433346,279.998205721096,-2.35899534238197));
#4986=CARTESIAN_POINT('Ctrl Pts',(-34.0000675001023,279.999401198608,-2.34953016969596));
#4987=CARTESIAN_POINT('Ctrl Pts',(-34.0000004137568,280.,-2.33995225548657));
#4988=CARTESIAN_POINT('Ctrl Pts',(-34.0000004139973,280.,-2.33026833742131));
#4989=CARTESIAN_POINT('',(-37.4840799446873,246.425537386735,-2.0361936737001));
#4990=CARTESIAN_POINT('Ctrl Pts',(-37.4840800158557,246.425533897141,-2.03608914587338));
#4991=CARTESIAN_POINT('Ctrl Pts',(-36.8910731208463,252.633813981895,-1.82754915850046));
#4992=CARTESIAN_POINT('Ctrl Pts',(-35.7698644156595,263.835522993465,-1.69402687332793));
#4993=CARTESIAN_POINT('Ctrl Pts',(-34.5575006911288,275.023805544759,-2.03870262729828));
#4994=CARTESIAN_POINT('Ctrl Pts',(-34.000201433346,279.998205721096,-2.35899534238197));
#4995=CARTESIAN_POINT('',(-37.6197459255911,245.,-4.02746800072815));
#4996=CARTESIAN_POINT('Ctrl Pts',(-37.6197459255911,245.,-4.02746800072815));
#4997=CARTESIAN_POINT('Ctrl Pts',(-37.589995040491,245.313767332523,-3.48044514376991));
#4998=CARTESIAN_POINT('Ctrl Pts',(-37.5486045213911,245.74967087099,-2.87277437374103));
#4999=CARTESIAN_POINT('Ctrl Pts',(-37.4910393209317,246.35266789686,-2.125674193156));
#5000=CARTESIAN_POINT('Ctrl Pts',(-37.4875928001216,246.38876061903,-2.0812229266997));
#5001=CARTESIAN_POINT('Ctrl Pts',(-37.4840799446874,246.425537386734,-2.03619367369903));
#5002=CARTESIAN_POINT('',(-37.6785737310551,244.37857328402,-6.00000005960471));
#5003=CARTESIAN_POINT('Ctrl Pts',(-37.6785737310551,244.37857328402,-6.00000005960477));
#5004=CARTESIAN_POINT('Ctrl Pts',(-37.6785737349462,244.378573287911,-5.67741694662793));
#5005=CARTESIAN_POINT('Ctrl Pts',(-37.6733572654206,244.43379076887,-5.35423694172083));
#5006=CARTESIAN_POINT('Ctrl Pts',(-37.6531163863457,244.647764758436,-4.70477997529678));
#5007=CARTESIAN_POINT('Ctrl Pts',(-37.6388403749292,244.798620632136,-4.37855336151269));
#5008=CARTESIAN_POINT('Ctrl Pts',(-37.6197459255911,245.,-4.02746800072813));
#5009=CARTESIAN_POINT('',(-37.6197458729542,245.,-7.97253218572035));
#5010=CARTESIAN_POINT('Ctrl Pts',(-37.6197458729542,245.,-7.97253218572035));
#5011=CARTESIAN_POINT('Ctrl Pts',(-37.6324895653818,244.86559887659,-7.73821688636647));
#5012=CARTESIAN_POINT('Ctrl Pts',(-37.6429192548036,244.755467762987,-7.51814439781963));
#5013=CARTESIAN_POINT('Ctrl Pts',(-37.666533058973,244.505995083207,-6.92526207987366));
#5014=CARTESIAN_POINT('Ctrl Pts',(-37.6753857279534,244.412302801089,-6.56503174331813));
#5015=CARTESIAN_POINT('Ctrl Pts',(-37.6783355016722,244.381093907999,-6.13771103994267));
#5016=CARTESIAN_POINT('Ctrl Pts',(-37.6785737302244,244.37857328319,-6.06886915249157));
#5017=CARTESIAN_POINT('Ctrl Pts',(-37.6785737310551,244.37857328402,-6.00000005960477));
#5018=CARTESIAN_POINT('',(-37.4840798363217,246.425537386684,-9.96380651062729));
#5019=CARTESIAN_POINT('Ctrl Pts',(-37.4840798363219,246.425537386683,-9.96380651062852));
#5020=CARTESIAN_POINT('Ctrl Pts',(-37.5121578873398,246.131582910792,-9.60389042023229));
#5021=CARTESIAN_POINT('Ctrl Pts',(-37.5366459204011,245.874559880456,-9.27256470827354));
#5022=CARTESIAN_POINT('Ctrl Pts',(-37.5827649487756,245.389803331605,-8.60479055663748));
#5023=CARTESIAN_POINT('Ctrl Pts',(-37.6032048530588,245.174449569379,-8.27666805924632));
#5024=CARTESIAN_POINT('Ctrl Pts',(-37.6197458729542,245.,-7.97253218572034));
#5025=CARTESIAN_POINT('Ctrl Pts',(-34.9776901896836,271.09912826461,-10.0488626227977));
#5026=CARTESIAN_POINT('Ctrl Pts',(-35.8622667080436,262.882001480769,-10.2928741914621));
#5027=CARTESIAN_POINT('Ctrl Pts',(-36.698302722711,254.65191049581,-10.2415439315222));
#5028=CARTESIAN_POINT('Ctrl Pts',(-37.484079893854,246.425530510452,-9.96401226702185));
#5029=CARTESIAN_POINT('Ctrl Pts',(-33.5971392762647,278.803568450234,-8.82513869361741));
#5030=CARTESIAN_POINT('Ctrl Pts',(-33.5664574157493,279.164735681041,-8.80881716650345));
#5031=CARTESIAN_POINT('Ctrl Pts',(-33.5357075079981,279.525838889349,-8.79181869401167));
#5032=CARTESIAN_POINT('Ctrl Pts',(-33.5048904183291,279.886868803946,-8.7740988315164));
#5033=CARTESIAN_POINT('Ctrl Pts',(-33.7555574248662,278.826230439303,-8.90941083566811));
#5034=CARTESIAN_POINT('Ctrl Pts',(-33.7223632658083,279.187337028518,-8.89398201266517));
#5035=CARTESIAN_POINT('Ctrl Pts',(-33.6890952917094,279.548381378542,-8.87776683077728));
#5036=CARTESIAN_POINT('Ctrl Pts',(-33.6557106132522,279.909352275009,-8.86082061946754));
#5037=CARTESIAN_POINT('Ctrl Pts',(-34.0246333488415,278.871498300159,-9.16679086559483));
#5038=CARTESIAN_POINT('Ctrl Pts',(-33.986458298277,279.232487161331,-9.15076994706544));
#5039=CARTESIAN_POINT('Ctrl Pts',(-33.9481772964857,279.593413935883,-9.13392499687189));
#5040=CARTESIAN_POINT('Ctrl Pts',(-33.9098011039515,279.954270057167,-9.11619638043248));
#5041=CARTESIAN_POINT('Ctrl Pts',(-34.1225158555667,278.903803672858,-9.52744428602306));
#5042=CARTESIAN_POINT('Ctrl Pts',(-34.0822306996924,279.264956177928,-9.50783368230996));
#5043=CARTESIAN_POINT('Ctrl Pts',(-34.0419104868029,279.626051065884,-9.48734549403894));
#5044=CARTESIAN_POINT('Ctrl Pts',(-34.0014490517308,279.987068022829,-9.46594101730703));
#5045=CARTESIAN_POINT('Ctrl Pts',(-34.1213364634511,278.914381194753,-9.70799454092601));
#5046=CARTESIAN_POINT('Ctrl Pts',(-34.08104703559,279.275723188189,-9.68657253675358));
#5047=CARTESIAN_POINT('Ctrl Pts',(-34.0406682531758,279.637001122225,-9.66426204177489));
#5048=CARTESIAN_POINT('Ctrl Pts',(-34.0002012525013,279.998205721098,-9.64100472241885));
#5049=CARTESIAN_POINT('Ctrl Pts',(-33.5146721606629,279.772244337576,-8.77970045785797));
#5050=CARTESIAN_POINT('Ctrl Pts',(-33.5157892344238,279.772592126528,-8.7803375170874));
#5051=CARTESIAN_POINT('Ctrl Pts',(-33.5169049742923,279.772939892906,-8.78097690248652));
#5052=CARTESIAN_POINT('Ctrl Pts',(-33.5180193753784,279.773287634694,-8.78161860806227));
#5053=CARTESIAN_POINT('Ctrl Pts',(-33.5553394001881,279.784933111632,-8.80310859789184));
#5054=CARTESIAN_POINT('Ctrl Pts',(-33.5910634249784,279.796519980348,-8.82714112241855));
#5055=CARTESIAN_POINT('Ctrl Pts',(-33.6250195091548,279.80797564452,-8.85347589226537));
#5056=CARTESIAN_POINT('Ctrl Pts',(-33.6592700907727,279.819530662426,-8.88003906071978));
#5057=CARTESIAN_POINT('Ctrl Pts',(-33.6917227927332,279.830952335198,-8.90894533789111));
#5058=CARTESIAN_POINT('Ctrl Pts',(-33.7221708783281,279.84216530767,-8.93999068521343));
#5059=CARTESIAN_POINT('Ctrl Pts',(-33.7371407415177,279.847678188384,-8.95525419334559));
#5060=CARTESIAN_POINT('Ctrl Pts',(-33.7516255041261,279.853140595071,-8.97103533688471));
#5061=CARTESIAN_POINT('Ctrl Pts',(-33.765596957086,279.858543331489,-8.98731273606852));
#5062=CARTESIAN_POINT('Ctrl Pts',(-33.7939357053004,279.869501875849,-9.02032870930893));
#5063=CARTESIAN_POINT('Ctrl Pts',(-33.8200148594591,279.880157023143,-9.05520920512248));
#5064=CARTESIAN_POINT('Ctrl Pts',(-33.8436393611601,279.890441667868,-9.09173958436955));
#5065=CARTESIAN_POINT('Ctrl Pts',(-33.8543015111116,279.895083307537,-9.10822638211243));
#5066=CARTESIAN_POINT('Ctrl Pts',(-33.8644631799291,279.899649453421,-9.12504973134337));
#5067=CARTESIAN_POINT('Ctrl Pts',(-33.8741036555857,279.904133747415,-9.14219200498871));
#5068=CARTESIAN_POINT('Ctrl Pts',(-33.8965340625953,279.914567313457,-9.18207677713396));
#5069=CARTESIAN_POINT('Ctrl Pts',(-33.9161471402874,279.924558184443,-9.22368692232714));
#5070=CARTESIAN_POINT('Ctrl Pts',(-33.9328340324196,279.934036991072,-9.26670479846907));
#5071=CARTESIAN_POINT('Ctrl Pts',(-33.9486712175332,279.943033130919,-9.3075321773637));
#5072=CARTESIAN_POINT('Ctrl Pts',(-33.9617771770317,279.95151412715,-9.3493824565436));
#5073=CARTESIAN_POINT('Ctrl Pts',(-33.9721055977417,279.959434593833,-9.39196230920811));
#5074=CARTESIAN_POINT('Ctrl Pts',(-33.9823226695269,279.967269671328,-9.4340831158148));
#5075=CARTESIAN_POINT('Ctrl Pts',(-33.9898219855662,279.974556333719,-9.47691895616182));
#5076=CARTESIAN_POINT('Ctrl Pts',(-33.9945112978233,279.981246148676,-9.52020068256918));
#5077=CARTESIAN_POINT('Ctrl Pts',(-33.9988405045638,279.98742223387,-9.56015868310924));
#5078=CARTESIAN_POINT('Ctrl Pts',(-34.0007744262235,279.993089636025,-9.60049751516822));
#5079=CARTESIAN_POINT('Ctrl Pts',(-34.0002012525013,279.998205721098,-9.64100472241885));
#5080=CARTESIAN_POINT('Origin',(12.9500000000038,275.,-8.));
#5081=CARTESIAN_POINT('',(14.3500000000038,275.42261907128,-7.09369256579568));
#5082=CARTESIAN_POINT('',(12.9500000000038,275.42261907128,-7.09369256579568));
#5083=CARTESIAN_POINT('Origin',(14.3500000000038,274.999999999999,-8.));
#5084=CARTESIAN_POINT('Origin',(12.9500000000038,276.267854799391,-5.28107660850371));
#5085=CARTESIAN_POINT('Origin',(14.3500000000038,276.267854799391,-5.28107660850371));
#5086=CARTESIAN_POINT('Origin',(12.9500000000038,276.267854799391,-10.7189233914963));
#5087=CARTESIAN_POINT('',(14.3500000000038,277.113091327595,-12.5315389756984));
#5088=CARTESIAN_POINT('Origin',(14.3500000000038,276.267854799391,-10.7189233914963));
#5089=CARTESIAN_POINT('',(12.9500000000038,277.113091327596,-12.5315389756984));
#5090=CARTESIAN_POINT('Origin',(12.9500000000038,275.,-8.));
#5091=CARTESIAN_POINT('Origin',(14.3500000000038,274.999999999999,-8.));
#5092=CARTESIAN_POINT('Ctrl Pts',(33.5048904183291,279.886868803946,-8.7740988315164));
#5093=CARTESIAN_POINT('Ctrl Pts',(33.5357075157977,279.525838797974,-8.79181869849647));
#5094=CARTESIAN_POINT('Ctrl Pts',(33.5664574240524,279.164735583302,-8.80881717092039));
#5095=CARTESIAN_POINT('Ctrl Pts',(33.5971392762648,278.803568450233,-8.82513869361745));
#5096=CARTESIAN_POINT('Ctrl Pts',(33.6557106132522,279.909352275009,-8.86082061946754));
#5097=CARTESIAN_POINT('Ctrl Pts',(33.6890953001588,279.548381287182,-8.87776683506627));
#5098=CARTESIAN_POINT('Ctrl Pts',(33.7223632747913,279.187336930795,-8.89398201684053));
#5099=CARTESIAN_POINT('Ctrl Pts',(33.7555574248663,278.826230439303,-8.90941083566815));
#5100=CARTESIAN_POINT('Ctrl Pts',(33.9098011039515,279.954270057167,-9.11619638043248));
#5101=CARTESIAN_POINT('Ctrl Pts',(33.9481773061985,279.593413844552,-9.1339250013589));
#5102=CARTESIAN_POINT('Ctrl Pts',(33.986458308608,279.23248706364,-9.15076995140103));
#5103=CARTESIAN_POINT('Ctrl Pts',(34.0246333488416,278.871498300158,-9.16679086559487));
#5104=CARTESIAN_POINT('Ctrl Pts',(34.0014490517308,279.987068022829,-9.46594101730702));
#5105=CARTESIAN_POINT('Ctrl Pts',(34.0419104970434,279.626050974513,-9.48734549945629));
#5106=CARTESIAN_POINT('Ctrl Pts',(34.0822307105944,279.264956080193,-9.50783368761699));
#5107=CARTESIAN_POINT('Ctrl Pts',(34.1225158555668,278.903803672857,-9.52744428602311));
#5108=CARTESIAN_POINT('Ctrl Pts',(34.0002012525013,279.998205721098,-9.64100472241885));
#5109=CARTESIAN_POINT('Ctrl Pts',(34.0406682634178,279.637001030806,-9.66426204766119));
#5110=CARTESIAN_POINT('Ctrl Pts',(34.0810470464932,279.275723090403,-9.68657254255081));
#5111=CARTESIAN_POINT('Ctrl Pts',(34.1213364634512,278.914381194752,-9.70799454092606));
#5112=CARTESIAN_POINT('',(34.0002012525013,279.998205721098,-9.64100472241885));
#5113=CARTESIAN_POINT('Ctrl Pts',(34.1155290707227,278.966459706317,-9.70490090397004));
#5114=CARTESIAN_POINT('Ctrl Pts',(34.0771670734595,279.31043607986,-9.68442666766728));
#5115=CARTESIAN_POINT('Ctrl Pts',(34.0387241400604,279.654354090972,-9.66314471509303));
#5116=CARTESIAN_POINT('Ctrl Pts',(34.0002012525013,279.998205721098,-9.64100472241885));
#5117=CARTESIAN_POINT('Ctrl Pts',(33.5146721606589,279.772244337622,-8.77970045785542));
#5118=CARTESIAN_POINT('Ctrl Pts',(33.5157892344213,279.772592126574,-8.78033751708564));
#5119=CARTESIAN_POINT('Ctrl Pts',(33.5169049742868,279.772939892952,-8.7809769024831));
#5120=CARTESIAN_POINT('Ctrl Pts',(33.5180193753744,279.77328763474,-8.78161860805967));
#5121=CARTESIAN_POINT('Ctrl Pts',(33.5553393995507,279.784933111469,-8.80310859752435));
#5122=CARTESIAN_POINT('Ctrl Pts',(33.5910634237515,279.79651997998,-8.82714112159372));
#5123=CARTESIAN_POINT('Ctrl Pts',(33.6250195073986,279.807975643954,-8.85347589090338));
#5124=CARTESIAN_POINT('Ctrl Pts',(33.659270088523,279.819530661675,-8.88003905884723));
#5125=CARTESIAN_POINT('Ctrl Pts',(33.691722790047,279.830952334267,-8.90894533543227));
#5126=CARTESIAN_POINT('Ctrl Pts',(33.7221708752792,279.84216530657,-8.93999068210534));
#5127=CARTESIAN_POINT('Ctrl Pts',(33.73714073955,279.847678187664,-8.95525419120253));
#5128=CARTESIAN_POINT('Ctrl Pts',(33.7516255031759,279.853140594724,-8.97103533577855));
#5129=CARTESIAN_POINT('Ctrl Pts',(33.7655969570843,279.858543331508,-8.9873127360674));
#5130=CARTESIAN_POINT('Ctrl Pts',(33.793935705297,279.869501875865,-9.02032870930576));
#5131=CARTESIAN_POINT('Ctrl Pts',(33.8200148594543,279.880157023155,-9.05520920511699));
#5132=CARTESIAN_POINT('Ctrl Pts',(33.8436393611542,279.890441667877,-9.0917395843615));
#5133=CARTESIAN_POINT('Ctrl Pts',(33.8543015111076,279.895083307546,-9.10822638210678));
#5134=CARTESIAN_POINT('Ctrl Pts',(33.8644631799267,279.89964945343,-9.12504973134022));
#5135=CARTESIAN_POINT('Ctrl Pts',(33.8741036555848,279.904133747424,-9.14219200498815));
#5136=CARTESIAN_POINT('Ctrl Pts',(33.8965340625947,279.914567313464,-9.18207677713359));
#5137=CARTESIAN_POINT('Ctrl Pts',(33.9161471402869,279.924558184448,-9.2236869223269));
#5138=CARTESIAN_POINT('Ctrl Pts',(33.9328340324192,279.934036991076,-9.26670479846897));
#5139=CARTESIAN_POINT('Ctrl Pts',(33.9486712175333,279.943033130923,-9.30753217736467));
#5140=CARTESIAN_POINT('Ctrl Pts',(33.9617771770321,279.951514127153,-9.34938245654567));
#5141=CARTESIAN_POINT('Ctrl Pts',(33.9721055977422,279.959434593835,-9.39196230921129));
#5142=CARTESIAN_POINT('Ctrl Pts',(33.9823226695274,279.96726967133,-9.43408311581801));
#5143=CARTESIAN_POINT('Ctrl Pts',(33.9898219855666,279.97455633372,-9.47691895616503));
#5144=CARTESIAN_POINT('Ctrl Pts',(33.9945112978236,279.981246148677,-9.52020068257239));
#5145=CARTESIAN_POINT('Ctrl Pts',(33.9988405045639,279.987422233871,-9.56015868311141));
#5146=CARTESIAN_POINT('Ctrl Pts',(34.0007744262235,279.993089636025,-9.60049751516932));
#5147=CARTESIAN_POINT('Ctrl Pts',(34.0002012525013,279.998205721098,-9.64100472241885));
#5148=CARTESIAN_POINT('Origin',(15.6,262.14132186525,16.6257954065926));
#5149=CARTESIAN_POINT('',(15.6,262.14132186525,16.6257954065926));
#5150=CARTESIAN_POINT('',(16.,261.72325414503,16.600624851529));
#5151=CARTESIAN_POINT('',(15.6,262.14132186525,16.6257954065926));
#5152=CARTESIAN_POINT('',(15.6,261.600004425295,17.0006459272994));
#5153=CARTESIAN_POINT('Ctrl Pts',(15.6,262.14132186525,16.6257954065926));
#5154=CARTESIAN_POINT('Ctrl Pts',(15.6,261.960882718598,16.7507455801615));
#5155=CARTESIAN_POINT('Ctrl Pts',(15.6,261.780443571947,16.8756957537305));
#5156=CARTESIAN_POINT('Ctrl Pts',(15.6,261.600004425295,17.0006459272994));
#5157=CARTESIAN_POINT('Ctrl Pts',(15.6,261.600004425295,17.0006459272994));
#5158=CARTESIAN_POINT('Ctrl Pts',(15.6666728606481,261.620528848953,16.9339827833635));
#5159=CARTESIAN_POINT('Ctrl Pts',(15.7333417045321,261.641061534249,16.867317078345));
#5160=CARTESIAN_POINT('Ctrl Pts',(15.8666747157392,261.68214462038,16.7339770796557));
#5161=CARTESIAN_POINT('Ctrl Pts',(15.9333399296608,261.702695345281,16.6673017382348));
#5162=CARTESIAN_POINT('Ctrl Pts',(16.,261.72325414503,16.600624851529));
#5163=CARTESIAN_POINT('Origin',(-15.6,261.600004425295,17.0006459272991));
#5164=CARTESIAN_POINT('',(-15.6,261.600004425295,17.0006459272991));
#5165=CARTESIAN_POINT('',(-16.,261.72325414503,16.6006248515286));
#5166=CARTESIAN_POINT('Ctrl Pts',(-16.,261.72325414503,16.6006248515286));
#5167=CARTESIAN_POINT('Ctrl Pts',(-15.9333363213988,261.702694232448,16.6673053474067));
#5168=CARTESIAN_POINT('Ctrl Pts',(-15.8666674986301,261.682142395579,16.7339842978609));
#5169=CARTESIAN_POINT('Ctrl Pts',(-15.7333344864232,261.641059311214,16.8673242961137));
#5170=CARTESIAN_POINT('Ctrl Pts',(-15.6666692514804,261.620527737915,16.9339863920049));
#5171=CARTESIAN_POINT('Ctrl Pts',(-15.6,261.600004425296,17.0006459272991));
#5172=CARTESIAN_POINT('',(-15.6,262.14132186525,16.6257954065922));
#5173=CARTESIAN_POINT('Ctrl Pts',(-15.6,261.600004425295,17.0006459272991));
#5174=CARTESIAN_POINT('Ctrl Pts',(-15.6,261.780443571947,16.8756957537301));
#5175=CARTESIAN_POINT('Ctrl Pts',(-15.6,261.960882718598,16.7507455801612));
#5176=CARTESIAN_POINT('Ctrl Pts',(-15.6,262.14132186525,16.6257954065922));
#5177=CARTESIAN_POINT('',(-16.,261.72325414503,16.6006248515287));
#5178=CARTESIAN_POINT('Ctrl Pts',(15.6,261.600004425295,17.0006459272994));
#5179=CARTESIAN_POINT('Ctrl Pts',(5.19999999999996,261.600004425295,17.0006459272993));
#5180=CARTESIAN_POINT('Ctrl Pts',(-5.20000000000003,261.600004425295,17.0006459272992));
#5181=CARTESIAN_POINT('Ctrl Pts',(-15.6,261.600004425295,17.0006459272991));
#5182=CARTESIAN_POINT('Ctrl Pts',(15.6,261.780443571947,16.8756957537305));
#5183=CARTESIAN_POINT('Ctrl Pts',(5.19999999999998,261.780443571947,16.8756957537304));
#5184=CARTESIAN_POINT('Ctrl Pts',(-5.20000000000004,261.780443571947,16.8756957537303));
#5185=CARTESIAN_POINT('Ctrl Pts',(-15.6,261.780443571947,16.8756957537301));
#5186=CARTESIAN_POINT('Ctrl Pts',(15.6,261.960882718598,16.7507455801615));
#5187=CARTESIAN_POINT('Ctrl Pts',(5.19999999999995,261.960882718598,16.7507455801614));
#5188=CARTESIAN_POINT('Ctrl Pts',(-5.20000000000002,261.960882718598,16.7507455801613));
#5189=CARTESIAN_POINT('Ctrl Pts',(-15.6,261.960882718598,16.7507455801612));
#5190=CARTESIAN_POINT('Ctrl Pts',(15.6,262.14132186525,16.6257954065926));
#5191=CARTESIAN_POINT('Ctrl Pts',(5.19999999999997,262.14132186525,16.6257954065925));
#5192=CARTESIAN_POINT('Ctrl Pts',(-5.20000000000003,262.14132186525,16.6257954065924));
#5193=CARTESIAN_POINT('Ctrl Pts',(-15.6,262.14132186525,16.6257954065922));
#5194=CARTESIAN_POINT('Ctrl Pts',(-15.6,261.600004425295,17.0006459272991));
#5195=CARTESIAN_POINT('Ctrl Pts',(-5.20000000000003,261.600004425295,17.0006459272992));
#5196=CARTESIAN_POINT('Ctrl Pts',(5.19999999999996,261.600004425295,17.0006459272993));
#5197=CARTESIAN_POINT('Ctrl Pts',(15.6,261.600004425295,17.0006459272994));
#5198=CARTESIAN_POINT('Ctrl Pts',(15.6,262.14132186525,16.6257954065926));
#5199=CARTESIAN_POINT('Ctrl Pts',(5.19999999999997,262.14132186525,16.6257954065925));
#5200=CARTESIAN_POINT('Ctrl Pts',(-5.20000000000003,262.14132186525,16.6257954065924));
#5201=CARTESIAN_POINT('Ctrl Pts',(-15.6,262.14132186525,16.6257954065922));
#5202=CARTESIAN_POINT('Origin',(-15.7999999999999,264.036880167046,11.0403269165954));
#5203=CARTESIAN_POINT('',(-15.6,264.279141583247,10.9649268386352));
#5204=CARTESIAN_POINT('',(-16.,263.820075497267,11.0483184593795));
#5205=CARTESIAN_POINT('Ctrl Pts',(-15.9999999999998,263.820075497267,11.0483184593799));
#5206=CARTESIAN_POINT('Ctrl Pts',(-15.8666578817097,263.973095392017,11.0205517687697));
#5207=CARTESIAN_POINT('Ctrl Pts',(-15.7333245478409,264.126117420764,10.9927545631414));
#5208=CARTESIAN_POINT('Ctrl Pts',(-15.5999999999998,264.279141583248,10.9649268386351));
#5209=CARTESIAN_POINT('',(-15.9999999999999,263.849777766034,10.9696679360226));
#5210=CARTESIAN_POINT('',(-15.6,264.223982568058,11.1109858971681));
#5211=CARTESIAN_POINT('Ctrl Pts',(-16.,242.49503633876,14.349414581931));
#5212=CARTESIAN_POINT('Ctrl Pts',(-16.,245.215007619454,15.0045114338012));
#5213=CARTESIAN_POINT('Ctrl Pts',(-16.,251.578935366829,16.2452675651168));
#5214=CARTESIAN_POINT('Ctrl Pts',(-16.,258.020861480619,16.6036492716336));
#5215=CARTESIAN_POINT('Ctrl Pts',(-16.,261.72325414503,16.6006248515286));
#5216=CARTESIAN_POINT('Ctrl Pts',(-15.8666666666667,242.463816144169,14.4790412660184));
#5217=CARTESIAN_POINT('Ctrl Pts',(-15.8666666666667,245.187595748975,15.1350553412263));
#5218=CARTESIAN_POINT('Ctrl Pts',(-15.8666666666667,251.562915377874,16.3780457866111));
#5219=CARTESIAN_POINT('Ctrl Pts',(-15.8666666666667,258.015794798891,16.7369867883375));
#5220=CARTESIAN_POINT('Ctrl Pts',(-15.8666666666667,261.723363062672,16.7339581403755));
#5221=CARTESIAN_POINT('Ctrl Pts',(-15.7333333333333,242.432595949578,14.6086679501059));
#5222=CARTESIAN_POINT('Ctrl Pts',(-15.7333333333333,245.160183878497,15.2655992486515));
#5223=CARTESIAN_POINT('Ctrl Pts',(-15.7333333333333,251.546895388919,16.5108240081053));
#5224=CARTESIAN_POINT('Ctrl Pts',(-15.7333333333333,258.010728117163,16.8703243050414));
#5225=CARTESIAN_POINT('Ctrl Pts',(-15.7333333333333,261.723471980314,16.8672914292224));
#5226=CARTESIAN_POINT('Ctrl Pts',(-15.6,242.401375754988,14.7382946341933));
#5227=CARTESIAN_POINT('Ctrl Pts',(-15.6,245.132772008018,15.3961431560766));
#5228=CARTESIAN_POINT('Ctrl Pts',(-15.6,251.530875399964,16.6436022295996));
#5229=CARTESIAN_POINT('Ctrl Pts',(-15.6,258.005661435435,17.0036618217453));
#5230=CARTESIAN_POINT('Ctrl Pts',(-15.6,261.723580897956,17.0006247180693));
#5231=CARTESIAN_POINT('',(-16.,243.43126813688,14.5698600527109));
#5232=CARTESIAN_POINT('',(-15.6,242.401375754988,14.7382946341933));
#5233=CARTESIAN_POINT('Ctrl Pts',(-15.6,242.401375755032,14.7382946342039));
#5234=CARTESIAN_POINT('Ctrl Pts',(-15.6668753462851,242.571662407546,14.710520025637));
#5235=CARTESIAN_POINT('Ctrl Pts',(-15.7334461446097,242.742091157062,14.6826897141699));
#5236=CARTESIAN_POINT('Ctrl Pts',(-15.7996820225762,242.912600772142,14.6548084298727));
#5237=CARTESIAN_POINT('Ctrl Pts',(-15.8667870032715,243.085347699934,14.6265613060786));
#5238=CARTESIAN_POINT('Ctrl Pts',(-15.9335702036965,243.25823422486,14.5982526102038));
#5239=CARTESIAN_POINT('Ctrl Pts',(-16.,243.431200963966,14.5698881494888));
#5240=CARTESIAN_POINT('Ctrl Pts',(-15.6,242.401375754988,14.7382946341933));
#5241=CARTESIAN_POINT('Ctrl Pts',(-15.6,245.132772008018,15.3961431560766));
#5242=CARTESIAN_POINT('Ctrl Pts',(-15.6,251.490366434095,16.6357040644815));
#5243=CARTESIAN_POINT('Ctrl Pts',(-15.6,257.923675560333,16.9990668846844));
#5244=CARTESIAN_POINT('Ctrl Pts',(-15.6,261.600004424054,17.0006486659557));
#5245=CARTESIAN_POINT('Ctrl Pts',(-16.,261.72325414503,16.6006248515286));
#5246=CARTESIAN_POINT('Ctrl Pts',(-16.,258.020861480619,16.6036492716336));
#5247=CARTESIAN_POINT('Ctrl Pts',(-16.,251.895594152786,16.2628841465694));
#5248=CARTESIAN_POINT('Ctrl Pts',(-16.,245.840845496683,15.1243603598287));
#5249=CARTESIAN_POINT('Ctrl Pts',(-16.,243.431258618909,14.5699014162219));
#5250=CARTESIAN_POINT('Ctrl Pts',(16.,261.72325414503,16.600624851529));
#5251=CARTESIAN_POINT('Ctrl Pts',(16.,258.020861480618,16.603649271634));
#5252=CARTESIAN_POINT('Ctrl Pts',(16.,251.578935366829,16.2452675651172));
#5253=CARTESIAN_POINT('Ctrl Pts',(16.,245.215007619454,15.0045114338015));
#5254=CARTESIAN_POINT('Ctrl Pts',(16.,242.495036338759,14.3494145819313));
#5255=CARTESIAN_POINT('Ctrl Pts',(15.8666666666667,261.723363062672,16.7339581403759));
#5256=CARTESIAN_POINT('Ctrl Pts',(15.8666666666667,258.01579479889,16.7369867883379));
#5257=CARTESIAN_POINT('Ctrl Pts',(15.8666666666667,251.562915377874,16.3780457866115));
#5258=CARTESIAN_POINT('Ctrl Pts',(15.8666666666667,245.187595748975,15.1350553412266));
#5259=CARTESIAN_POINT('Ctrl Pts',(15.8666666666667,242.463816144169,14.4790412660187));
#5260=CARTESIAN_POINT('Ctrl Pts',(15.7333333333333,261.723471980314,16.8672914292227));
#5261=CARTESIAN_POINT('Ctrl Pts',(15.7333333333333,258.010728117163,16.8703243050417));
#5262=CARTESIAN_POINT('Ctrl Pts',(15.7333333333333,251.546895388919,16.5108240081057));
#5263=CARTESIAN_POINT('Ctrl Pts',(15.7333333333333,245.160183878496,15.2655992486518));
#5264=CARTESIAN_POINT('Ctrl Pts',(15.7333333333333,242.432595949578,14.6086679501062));
#5265=CARTESIAN_POINT('Ctrl Pts',(15.6,261.723580897956,17.0006247180696));
#5266=CARTESIAN_POINT('Ctrl Pts',(15.6,258.005661435435,17.0036618217456));
#5267=CARTESIAN_POINT('Ctrl Pts',(15.6,251.530875399964,16.6436022296));
#5268=CARTESIAN_POINT('Ctrl Pts',(15.6,245.132772008018,15.3961431560769));
#5269=CARTESIAN_POINT('Ctrl Pts',(15.6,242.401375754988,14.7382946341936));
#5270=CARTESIAN_POINT('',(15.6,242.401375754988,14.7382946341936));
#5271=CARTESIAN_POINT('',(16.,243.43126813688,14.5698600527113));
#5272=CARTESIAN_POINT('Ctrl Pts',(16.,243.431200963965,14.569888149489));
#5273=CARTESIAN_POINT('Ctrl Pts',(15.9337852321694,243.258794105753,14.5981607964847));
#5274=CARTESIAN_POINT('Ctrl Pts',(15.867219379412,243.086467035738,14.6263780247892));
#5275=CARTESIAN_POINT('Ctrl Pts',(15.8003337589425,242.914278553681,14.654534082229));
#5276=CARTESIAN_POINT('Ctrl Pts',(15.7338828003143,242.743209052986,14.6825071651568));
#5277=CARTESIAN_POINT('Ctrl Pts',(15.6670946564013,242.572220843316,14.7104289419574));
#5278=CARTESIAN_POINT('Ctrl Pts',(15.6,242.401375755031,14.738294634204));
#5279=CARTESIAN_POINT('Ctrl Pts',(16.,243.431258618909,14.5699014162222));
#5280=CARTESIAN_POINT('Ctrl Pts',(16.,245.840845496683,15.124360359829));
#5281=CARTESIAN_POINT('Ctrl Pts',(16.,251.895594152787,16.2628841465698));
#5282=CARTESIAN_POINT('Ctrl Pts',(16.,258.020861480618,16.603649271634));
#5283=CARTESIAN_POINT('Ctrl Pts',(16.,261.72325414503,16.600624851529));
#5284=CARTESIAN_POINT('Ctrl Pts',(15.6,261.600004424054,17.000648665956));
#5285=CARTESIAN_POINT('Ctrl Pts',(15.6,257.923675560332,16.9990668846847));
#5286=CARTESIAN_POINT('Ctrl Pts',(15.6,251.490366434095,16.6357040644819));
#5287=CARTESIAN_POINT('Ctrl Pts',(15.6,245.132772008018,15.3961431560769));
#5288=CARTESIAN_POINT('Ctrl Pts',(15.6,242.401375754988,14.7382946341936));
#5289=CARTESIAN_POINT('Origin',(15.8000000000001,264.036880167046,11.0403269165957));
#5290=CARTESIAN_POINT('',(16.,263.820075497267,11.0483184593794));
#5291=CARTESIAN_POINT('',(15.6,264.279141583247,10.9649268386352));
#5292=CARTESIAN_POINT('Ctrl Pts',(15.6000000000001,264.279141583247,10.9649268386352));
#5293=CARTESIAN_POINT('Ctrl Pts',(15.7333245478413,264.126117420764,10.9927545631415));
#5294=CARTESIAN_POINT('Ctrl Pts',(15.86665788171,263.973095392017,11.0205517687698));
#5295=CARTESIAN_POINT('Ctrl Pts',(16.,263.820075497267,11.0483184593799));
#5296=CARTESIAN_POINT('',(15.6,264.223982568058,11.1109858971684));
#5297=CARTESIAN_POINT('',(16.0000000000001,263.849777766034,10.969667936023));
#5298=CARTESIAN_POINT('Origin',(-16.,253.340258669138,13.983287212625));
#5299=CARTESIAN_POINT('Ctrl Pts',(-16.,243.43126813688,14.5698600527109));
#5300=CARTESIAN_POINT('Ctrl Pts',(-16.,250.237489220975,13.4537309538829));
#5301=CARTESIAN_POINT('Ctrl Pts',(-16.,257.033757438051,12.2797504521822));
#5302=CARTESIAN_POINT('Ctrl Pts',(-16.,263.820075497112,11.0483184594076));
#5303=CARTESIAN_POINT('Origin',(1.37630953467341E-16,266.531788442088,5.00000019371509));
#5304=CARTESIAN_POINT('',(15.,264.279141583247,10.9649268386352));
#5305=CARTESIAN_POINT('Ctrl Pts',(14.9999999999999,264.279141583247,10.9649268386352));
#5306=CARTESIAN_POINT('Ctrl Pts',(15.2,264.279141583247,10.9649268386352));
#5307=CARTESIAN_POINT('Ctrl Pts',(15.4,264.279141583247,10.9649268386352));
#5308=CARTESIAN_POINT('Ctrl Pts',(15.6,264.279141583247,10.9649268386352));
#5309=CARTESIAN_POINT('',(15.,262.329009128866,16.1288063844285));
#5310=CARTESIAN_POINT('',(15.,264.48364595941,10.4234067163902));
#5311=CARTESIAN_POINT('',(-15.,262.329009128866,16.1288063844285));
#5312=CARTESIAN_POINT('',(0.,262.329009128866,16.1288063844285));
#5313=CARTESIAN_POINT('',(-15.,264.279141583247,10.9649268386352));
#5314=CARTESIAN_POINT('',(-15.,264.48364595941,10.4234067163902));
#5315=CARTESIAN_POINT('Ctrl Pts',(-15.6,264.279141583247,10.9649268386352));
#5316=CARTESIAN_POINT('Ctrl Pts',(-15.4,264.279141583247,10.9649268386352));
#5317=CARTESIAN_POINT('Ctrl Pts',(-15.2,264.279141583247,10.9649268386352));
#5318=CARTESIAN_POINT('Ctrl Pts',(-15.,264.279141583247,10.9649268386352));
#5319=CARTESIAN_POINT('Origin',(-15.3499999999966,241.,-12.827839616551));
#5320=CARTESIAN_POINT('',(-14.3499999999966,242.,-21.3000001937151));
#5321=CARTESIAN_POINT('',(-14.3499999999966,242.,4.99998664779486));
#5322=CARTESIAN_POINT('',(-14.3499999999966,242.,-12.827839616551));
#5323=CARTESIAN_POINT('',(-16.3499999999967,240.,4.99998664779486));
#5324=CARTESIAN_POINT('',(-11.037500055876,245.312499944121,4.99998664779485));
#5325=CARTESIAN_POINT('',(-16.3499999999967,240.,-23.3000001937151));
#5326=CARTESIAN_POINT('',(-16.3499999999967,240.,-12.827839616551));
#5327=CARTESIAN_POINT('',(-16.3499999999967,240.,-23.3000001937151));
#5328=CARTESIAN_POINT('Origin',(7.05000000000178,241.,-22.3000001937151));
#5329=CARTESIAN_POINT('',(16.3500000000033,240.,-23.3000001937151));
#5330=CARTESIAN_POINT('',(7.05000000000178,240.,-23.3000001937151));
#5331=CARTESIAN_POINT('',(14.3500000000034,242.,-21.3000001937151));
#5332=CARTESIAN_POINT('',(16.3500000000033,240.,-23.3000001937151));
#5333=CARTESIAN_POINT('',(7.05000000000178,242.,-21.3000001937151));
#5334=CARTESIAN_POINT('Origin',(15.3500000000033,241.,0.172153804203954));
#5335=CARTESIAN_POINT('',(16.3500000000033,240.,4.99998664779049));
#5336=CARTESIAN_POINT('',(16.3500000000033,240.,0.172153804203954));
#5337=CARTESIAN_POINT('',(14.3500000000034,242.,4.99998664779437));
#5338=CARTESIAN_POINT('',(10.5875000558852,245.762499944118,4.99998664780166));
#5339=CARTESIAN_POINT('',(14.3500000000034,242.,0.172153804203954));
#5340=CARTESIAN_POINT('Origin',(-14.3499999999964,256.999999776482,-21.0000001937151));
#5341=CARTESIAN_POINT('',(-14.3499999999961,281.,-21.3000001937151));
#5342=CARTESIAN_POINT('',(-14.3499999999964,256.999999776482,-21.3000001937151));
#5343=CARTESIAN_POINT('',(-14.3499999999961,281.,4.99997852420698));
#5344=CARTESIAN_POINT('',(-14.3499999999961,281.,-8.00001083476119));
#5345=CARTESIAN_POINT('',(-14.3499999999964,256.999999776482,4.99998664779486));
#5346=CARTESIAN_POINT('Origin',(14.1000000000036,256.999999776482,-21.3000001937151));
#5347=CARTESIAN_POINT('',(7.05000000000388,281.,-21.3000001937151));
#5348=CARTESIAN_POINT('',(14.3500000000039,281.,-21.3000001937151));
#5349=CARTESIAN_POINT('',(14.3500000000036,256.999999776482,-21.3000001937151));
#5350=CARTESIAN_POINT('',(14.4500000000039,281.,-21.3000001937151));
#5351=CARTESIAN_POINT('',(7.05000000000388,281.,-21.3000001937151));
#5352=CARTESIAN_POINT('',(14.4500000000037,270.246766255345,-21.3000001937151));
#5353=CARTESIAN_POINT('',(9.60000010349415,259.699999776482,-21.3000001937151));
#5354=CARTESIAN_POINT('',(9.60000010349423,265.999999776482,-21.3000001937151));
#5355=CARTESIAN_POINT('',(9.60000010349414,258.499999776482,-21.3000001937151));
#5356=CARTESIAN_POINT('',(-9.60000011612262,259.699999776482,-21.3000001937151));
#5357=CARTESIAN_POINT('',(5.54999996924937,259.699999776482,-21.3000001937151));
#5358=CARTESIAN_POINT('',(-9.60000011612254,265.999999776482,-21.3000001937151));
#5359=CARTESIAN_POINT('',(-9.60000011612264,258.499999776482,-21.3000001937151));
#5360=CARTESIAN_POINT('',(7.04999999655833,265.999999776482,-21.3000001937151));
#5361=CARTESIAN_POINT('Origin',(14.3500000000036,256.999999776482,4.99998664779485));
#5362=CARTESIAN_POINT('',(14.3500000000039,280.999999999999,4.99998664779437));
#5363=CARTESIAN_POINT('',(14.3500000000036,256.999999776482,4.99998664779437));
#5364=CARTESIAN_POINT('',(14.3500000000039,280.999999999999,4.99998258599378));
#5365=CARTESIAN_POINT('Origin',(0.,240.,5.0000001937151));
#5366=CARTESIAN_POINT('',(12.3000000000033,240.,5.0000001937151));
#5367=CARTESIAN_POINT('',(12.3000000000036,256.999999776482,5.0000001937151));
#5368=CARTESIAN_POINT('',(15.,240.,5.0000001937151));
#5369=CARTESIAN_POINT('',(0.,240.,5.0000001937151));
#5370=CARTESIAN_POINT('',(15.,240.,5.0000001937151));
#5371=CARTESIAN_POINT('Origin',(0.,240.,5.0000001937151));
#5372=CARTESIAN_POINT('',(-12.2999999999967,240.,5.0000001937151));
#5373=CARTESIAN_POINT('',(-12.2999999999964,256.999999776482,5.0000001937151));
#5374=CARTESIAN_POINT('',(-15.,240.,5.0000001937151));
#5375=CARTESIAN_POINT('',(-15.,240.,5.0000001937151));
#5376=CARTESIAN_POINT('',(0.,240.,5.0000001937151));
#5377=CARTESIAN_POINT('Origin',(-15.,256.352021147876,13.5493939790009));
#5378=CARTESIAN_POINT('',(-15.,248.424900712501,13.7402961657864));
#5379=CARTESIAN_POINT('Ctrl Pts',(-15.,248.424900712501,13.7402961657865));
#5380=CARTESIAN_POINT('Ctrl Pts',(-15.,248.779787430256,13.8886035344488));
#5381=CARTESIAN_POINT('Ctrl Pts',(-15.,249.599886953058,14.2131705099385));
#5382=CARTESIAN_POINT('Ctrl Pts',(-15.,250.912044403212,14.6683998181541));
#5383=CARTESIAN_POINT('Ctrl Pts',(-15.,252.753944183087,15.176675234475));
#5384=CARTESIAN_POINT('Ctrl Pts',(-15.,255.139224261085,15.6421452014556));
#5385=CARTESIAN_POINT('Ctrl Pts',(-15.,257.632541402497,15.9568885985498));
#5386=CARTESIAN_POINT('Ctrl Pts',(-15.,259.57294145183,16.0901165464114));
#5387=CARTESIAN_POINT('Ctrl Pts',(-15.,260.974550422408,16.1314216435786));
#5388=CARTESIAN_POINT('Ctrl Pts',(-15.,261.882013732726,16.1338611193739));
#5389=CARTESIAN_POINT('Ctrl Pts',(-15.,262.329009128866,16.1288063844285));
#5390=CARTESIAN_POINT('',(-15.,240.,8.0000001937151));
#5391=CARTESIAN_POINT('Ctrl Pts',(-15.,240.,8.0000001937151));
#5392=CARTESIAN_POINT('Ctrl Pts',(-15.,240.343109907155,8.34642549574072));
#5393=CARTESIAN_POINT('Ctrl Pts',(-15.,241.042130347141,9.02261554071702));
#5394=CARTESIAN_POINT('Ctrl Pts',(-15.,242.129061925422,9.98692027128831));
#5395=CARTESIAN_POINT('Ctrl Pts',(-15.,243.656378119622,11.1710430462741));
#5396=CARTESIAN_POINT('Ctrl Pts',(-15.,245.383576628292,12.268602897474));
#5397=CARTESIAN_POINT('Ctrl Pts',(-15.,246.774523551169,13.0048838201771));
#5398=CARTESIAN_POINT('Ctrl Pts',(-15.,247.767578327649,13.4620349506218));
#5399=CARTESIAN_POINT('Ctrl Pts',(-15.,248.323504149669,13.697922482375));
#5400=CARTESIAN_POINT('Ctrl Pts',(-15.,248.424900712501,13.7402961657865));
#5401=CARTESIAN_POINT('',(-15.,240.,4.44685746980696));
#5402=CARTESIAN_POINT('Ctrl Pts',(-15.,266.246576819618,10.6054847839332));
#5403=CARTESIAN_POINT('Ctrl Pts',(-15.,265.590863068402,10.7258343026483));
#5404=CARTESIAN_POINT('Ctrl Pts',(-15.,264.935051323497,10.8456484498079));
#5405=CARTESIAN_POINT('Ctrl Pts',(-15.,264.279141583247,10.9649268386352));
#5406=CARTESIAN_POINT('Ctrl Pts',(-15.,248.424900712501,13.7402961657865));
#5407=CARTESIAN_POINT('Ctrl Pts',(15.,248.424900712501,13.7402961657865));
#5408=CARTESIAN_POINT('Ctrl Pts',(-15.,248.323504149669,13.697922482375));
#5409=CARTESIAN_POINT('Ctrl Pts',(15.,248.323504149669,13.697922482375));
#5410=CARTESIAN_POINT('Ctrl Pts',(-15.,247.767578327649,13.4620349506218));
#5411=CARTESIAN_POINT('Ctrl Pts',(15.,247.767578327649,13.4620349506218));
#5412=CARTESIAN_POINT('Ctrl Pts',(-15.,246.774523551169,13.0048838201771));
#5413=CARTESIAN_POINT('Ctrl Pts',(15.,246.774523551169,13.0048838201771));
#5414=CARTESIAN_POINT('Ctrl Pts',(-15.,245.383576628292,12.268602897474));
#5415=CARTESIAN_POINT('Ctrl Pts',(15.,245.383576628292,12.268602897474));
#5416=CARTESIAN_POINT('Ctrl Pts',(-15.,243.656378119622,11.1710430462741));
#5417=CARTESIAN_POINT('Ctrl Pts',(15.,243.656378119622,11.1710430462741));
#5418=CARTESIAN_POINT('Ctrl Pts',(-15.,242.129061925422,9.98692027128831));
#5419=CARTESIAN_POINT('Ctrl Pts',(15.,242.129061925422,9.98692027128831));
#5420=CARTESIAN_POINT('Ctrl Pts',(-15.,241.042130347141,9.02261554071702));
#5421=CARTESIAN_POINT('Ctrl Pts',(15.,241.042130347141,9.02261554071702));
#5422=CARTESIAN_POINT('Ctrl Pts',(-15.,240.343109907155,8.34642549574072));
#5423=CARTESIAN_POINT('Ctrl Pts',(15.,240.343109907155,8.34642549574072));
#5424=CARTESIAN_POINT('Ctrl Pts',(-15.,240.,8.0000001937151));
#5425=CARTESIAN_POINT('Ctrl Pts',(15.,240.,8.0000001937151));
#5426=CARTESIAN_POINT('',(15.,240.,8.0000001937151));
#5427=CARTESIAN_POINT('',(0.,240.,8.0000001937151));
#5428=CARTESIAN_POINT('',(15.,248.424900712501,13.7402961657864));
#5429=CARTESIAN_POINT('',(1.49023283985362E-15,248.424900712501,13.7402961657864));
#5430=CARTESIAN_POINT('Ctrl Pts',(15.,248.424900712501,13.7402961657865));
#5431=CARTESIAN_POINT('Ctrl Pts',(15.,248.323504149669,13.697922482375));
#5432=CARTESIAN_POINT('Ctrl Pts',(15.,247.767578327649,13.4620349506218));
#5433=CARTESIAN_POINT('Ctrl Pts',(15.,246.774523551169,13.0048838201771));
#5434=CARTESIAN_POINT('Ctrl Pts',(15.,245.383576628292,12.268602897474));
#5435=CARTESIAN_POINT('Ctrl Pts',(15.,243.656378119622,11.1710430462741));
#5436=CARTESIAN_POINT('Ctrl Pts',(15.,242.129061925422,9.98692027128831));
#5437=CARTESIAN_POINT('Ctrl Pts',(15.,241.042130347141,9.02261554071702));
#5438=CARTESIAN_POINT('Ctrl Pts',(15.,240.343109907155,8.34642549574072));
#5439=CARTESIAN_POINT('Ctrl Pts',(15.,240.,8.0000001937151));
#5440=CARTESIAN_POINT('Ctrl Pts',(-15.,262.329009128866,16.1288063844285));
#5441=CARTESIAN_POINT('Ctrl Pts',(15.,262.329009128866,16.1288063844285));
#5442=CARTESIAN_POINT('Ctrl Pts',(-15.,261.882013732726,16.1338611193739));
#5443=CARTESIAN_POINT('Ctrl Pts',(15.,261.882013732726,16.1338611193739));
#5444=CARTESIAN_POINT('Ctrl Pts',(-15.,260.974550422408,16.1314216435786));
#5445=CARTESIAN_POINT('Ctrl Pts',(15.,260.974550422408,16.1314216435786));
#5446=CARTESIAN_POINT('Ctrl Pts',(-15.,259.57294145183,16.0901165464114));
#5447=CARTESIAN_POINT('Ctrl Pts',(15.,259.57294145183,16.0901165464114));
#5448=CARTESIAN_POINT('Ctrl Pts',(-15.,257.632541402497,15.9568885985498));
#5449=CARTESIAN_POINT('Ctrl Pts',(15.,257.632541402497,15.9568885985498));
#5450=CARTESIAN_POINT('Ctrl Pts',(-15.,255.139224261085,15.6421452014556));
#5451=CARTESIAN_POINT('Ctrl Pts',(15.,255.139224261085,15.6421452014556));
#5452=CARTESIAN_POINT('Ctrl Pts',(-15.,252.753944183087,15.176675234475));
#5453=CARTESIAN_POINT('Ctrl Pts',(15.,252.753944183087,15.176675234475));
#5454=CARTESIAN_POINT('Ctrl Pts',(-15.,250.912044403212,14.6683998181541));
#5455=CARTESIAN_POINT('Ctrl Pts',(15.,250.912044403212,14.6683998181541));
#5456=CARTESIAN_POINT('Ctrl Pts',(-15.,249.599886953058,14.2131705099385));
#5457=CARTESIAN_POINT('Ctrl Pts',(15.,249.599886953058,14.2131705099385));
#5458=CARTESIAN_POINT('Ctrl Pts',(-15.,248.779787430256,13.8886035344488));
#5459=CARTESIAN_POINT('Ctrl Pts',(15.,248.779787430256,13.8886035344488));
#5460=CARTESIAN_POINT('Ctrl Pts',(-15.,248.424900712501,13.7402961657865));
#5461=CARTESIAN_POINT('Ctrl Pts',(15.,248.424900712501,13.7402961657865));
#5462=CARTESIAN_POINT('Ctrl Pts',(15.,262.329009128866,16.1288063844285));
#5463=CARTESIAN_POINT('Ctrl Pts',(15.,261.882013732726,16.1338611193739));
#5464=CARTESIAN_POINT('Ctrl Pts',(15.,260.974550422408,16.1314216435786));
#5465=CARTESIAN_POINT('Ctrl Pts',(15.,259.57294145183,16.0901165464114));
#5466=CARTESIAN_POINT('Ctrl Pts',(15.,257.632541402497,15.9568885985498));
#5467=CARTESIAN_POINT('Ctrl Pts',(15.,255.139224261085,15.6421452014556));
#5468=CARTESIAN_POINT('Ctrl Pts',(15.,252.753944183087,15.176675234475));
#5469=CARTESIAN_POINT('Ctrl Pts',(15.,250.912044403212,14.6683998181541));
#5470=CARTESIAN_POINT('Ctrl Pts',(15.,249.599886953058,14.2131705099385));
#5471=CARTESIAN_POINT('Ctrl Pts',(15.,248.779787430256,13.8886035344488));
#5472=CARTESIAN_POINT('Ctrl Pts',(15.,248.424900712501,13.7402961657865));
#5473=CARTESIAN_POINT('Origin',(15.,256.352021147876,13.5493939790009));
#5474=CARTESIAN_POINT('Ctrl Pts',(15.,264.279141583247,10.9649268386352));
#5475=CARTESIAN_POINT('Ctrl Pts',(15.,264.935051323506,10.8456484498063));
#5476=CARTESIAN_POINT('Ctrl Pts',(15.,265.59086306839,10.7258343026504));
#5477=CARTESIAN_POINT('Ctrl Pts',(15.,266.246576819618,10.6054847839332));
#5478=CARTESIAN_POINT('',(15.,240.,4.44685746980696));
#5479=CARTESIAN_POINT('Origin',(0.,240.,-4.65567903938695));
#5480=CARTESIAN_POINT('',(19.6999983161688,240.,-25.));
#5481=CARTESIAN_POINT('',(19.6999983161688,240.,15.1275033177104));
#5482=CARTESIAN_POINT('',(19.6999983161688,240.,-2.32783951969347));
#5483=CARTESIAN_POINT('',(-19.6999983161688,240.,15.1275033177104));
#5484=CARTESIAN_POINT('Ctrl Pts',(-19.6999983161688,240.,15.1275033177104));
#5485=CARTESIAN_POINT('Ctrl Pts',(-13.1333322107792,240.,15.1275033177104));
#5486=CARTESIAN_POINT('Ctrl Pts',(-6.56666610538959,240.,15.1275033177104));
#5487=CARTESIAN_POINT('Ctrl Pts',(6.5666661053896,240.,15.1275033177104));
#5488=CARTESIAN_POINT('Ctrl Pts',(13.1333322107792,240.,15.1275033177104));
#5489=CARTESIAN_POINT('Ctrl Pts',(19.6999983161688,240.,15.1275033177104));
#5490=CARTESIAN_POINT('',(-19.6999983161688,240.,-25.));
#5491=CARTESIAN_POINT('',(-19.6999983161688,240.,-2.32783951969347));
#5492=CARTESIAN_POINT('',(-23.8999983161688,240.,-25.));
#5493=CARTESIAN_POINT('',(-10.8999991580844,240.,-25.));
#5494=CARTESIAN_POINT('',(-23.8999983161688,240.,15.1275033177104));
#5495=CARTESIAN_POINT('',(-23.8999983161688,240.,-2.32783951969347));
#5496=CARTESIAN_POINT('',(-31.8027097181051,240.,15.1275033177104));
#5497=CARTESIAN_POINT('Ctrl Pts',(-31.802709718105,240.,15.1275033177104));
#5498=CARTESIAN_POINT('Ctrl Pts',(-29.1684725841263,240.,15.1275033177104));
#5499=CARTESIAN_POINT('Ctrl Pts',(-26.5342354501476,240.,15.1275033177104));
#5500=CARTESIAN_POINT('Ctrl Pts',(-23.8999983161688,240.,15.1275033177104));
#5501=CARTESIAN_POINT('Ctrl Pts',(-38.0877009254663,240.,9.57129816772767));
#5502=CARTESIAN_POINT('Ctrl Pts',(-37.0402023909061,240.,10.4973323593915));
#5503=CARTESIAN_POINT('Ctrl Pts',(-35.9927038563459,240.,11.4233665510552));
#5504=CARTESIAN_POINT('Ctrl Pts',(-33.8977067872255,240.,13.2754349343828));
#5505=CARTESIAN_POINT('Ctrl Pts',(-32.8502082526653,240.,14.2014691260466));
#5506=CARTESIAN_POINT('Ctrl Pts',(-31.802709718105,240.,15.1275033177104));
#5507=CARTESIAN_POINT('',(-29.6860558131137,240.,-28.859661206159));
#5508=CARTESIAN_POINT('Ctrl Pts',(-29.6860558131137,240.,-28.859661206159));
#5509=CARTESIAN_POINT('Ctrl Pts',(-31.0863299369454,240.,-27.4766829871026));
#5510=CARTESIAN_POINT('Ctrl Pts',(-32.4866040607771,240.,-26.0937047680462));
#5511=CARTESIAN_POINT('Ctrl Pts',(-35.2871523084405,240.,-23.3277483299333));
#5512=CARTESIAN_POINT('Ctrl Pts',(-36.6874264322722,240.,-21.9447701108769));
#5513=CARTESIAN_POINT('Ctrl Pts',(-38.0877005561039,240.,-20.5617918918204));
#5514=CARTESIAN_POINT('',(29.6860558131137,240.,-28.859661206159));
#5515=CARTESIAN_POINT('Ctrl Pts',(29.6860558131137,240.,-28.859661206159));
#5516=CARTESIAN_POINT('Ctrl Pts',(19.7907038754092,240.,-28.859661206159));
#5517=CARTESIAN_POINT('Ctrl Pts',(9.89535193770458,240.,-28.859661206159));
#5518=CARTESIAN_POINT('Ctrl Pts',(-9.89535193770457,240.,-28.859661206159));
#5519=CARTESIAN_POINT('Ctrl Pts',(-19.7907038754091,240.,-28.859661206159));
#5520=CARTESIAN_POINT('Ctrl Pts',(-29.6860558131137,240.,-28.859661206159));
#5521=CARTESIAN_POINT('',(38.0877005561039,240.,-20.5617918918204));
#5522=CARTESIAN_POINT('Ctrl Pts',(38.0877005561039,240.,-20.5617918918204));
#5523=CARTESIAN_POINT('Ctrl Pts',(36.6874264322722,240.,-21.9447701108769));
#5524=CARTESIAN_POINT('Ctrl Pts',(35.2871523084405,240.,-23.3277483299333));
#5525=CARTESIAN_POINT('Ctrl Pts',(32.4866040607771,240.,-26.0937047680462));
#5526=CARTESIAN_POINT('Ctrl Pts',(31.0863299369454,240.,-27.4766829871026));
#5527=CARTESIAN_POINT('Ctrl Pts',(29.6860558131137,240.,-28.859661206159));
#5528=CARTESIAN_POINT('',(38.0877009254663,240.,9.57129816772767));
#5529=CARTESIAN_POINT('Ctrl Pts',(38.0877009254663,240.,9.57129816772767));
#5530=CARTESIAN_POINT('Ctrl Pts',(38.0877008639059,240.,4.54911649113632));
#5531=CARTESIAN_POINT('Ctrl Pts',(38.0877008023455,240.,-0.473065185455035));
#5532=CARTESIAN_POINT('Ctrl Pts',(38.0877006792247,240.,-10.5174285386377));
#5533=CARTESIAN_POINT('Ctrl Pts',(38.0877006176643,240.,-15.5396102152291));
#5534=CARTESIAN_POINT('Ctrl Pts',(38.0877005561039,240.,-20.5617918918204));
#5535=CARTESIAN_POINT('',(31.8027097181051,240.,15.1275033177104));
#5536=CARTESIAN_POINT('Ctrl Pts',(31.8027097181051,240.,15.1275033177104));
#5537=CARTESIAN_POINT('Ctrl Pts',(32.8502082526653,240.,14.2014691260466));
#5538=CARTESIAN_POINT('Ctrl Pts',(33.8977067872255,240.,13.2754349343828));
#5539=CARTESIAN_POINT('Ctrl Pts',(35.9927038563459,240.,11.4233665510552));
#5540=CARTESIAN_POINT('Ctrl Pts',(37.0402023909061,240.,10.4973323593915));
#5541=CARTESIAN_POINT('Ctrl Pts',(38.0877009254663,240.,9.57129816772767));
#5542=CARTESIAN_POINT('',(23.8999983161688,240.,15.1275033177104));
#5543=CARTESIAN_POINT('Ctrl Pts',(23.8999983161688,240.,15.1275033177104));
#5544=CARTESIAN_POINT('Ctrl Pts',(26.5342354501476,240.,15.1275033177104));
#5545=CARTESIAN_POINT('Ctrl Pts',(29.1684725841263,240.,15.1275033177104));
#5546=CARTESIAN_POINT('Ctrl Pts',(31.802709718105,240.,15.1275033177104));
#5547=CARTESIAN_POINT('',(23.8999983161688,240.,-25.));
#5548=CARTESIAN_POINT('',(23.8999983161688,240.,-2.32783951969347));
#5549=CARTESIAN_POINT('',(10.8999991580844,240.,-25.));
#5550=CARTESIAN_POINT('',(-12.2999999999967,240.,4.99998664779485));
#5551=CARTESIAN_POINT('',(-7.04999999999821,240.,4.99998664779484));
#5552=CARTESIAN_POINT('',(-12.2999999999967,240.,0.172153804203954));
#5553=CARTESIAN_POINT('',(12.3000000000033,240.,4.99998664779834));
#5554=CARTESIAN_POINT('',(12.3000000000033,240.,0.172160577164074));
#5555=CARTESIAN_POINT('',(6.15000000001114,240.,4.99998664781026));
#5556=CARTESIAN_POINT('',(33.4000004470349,240.,-6.00000005960464));
#5557=CARTESIAN_POINT('Origin',(35.1000004470349,240.,-6.00000005960464));
#5558=CARTESIAN_POINT('',(-36.8000004470349,240.,-6.00000005960464));
#5559=CARTESIAN_POINT('Origin',(-35.1000004470349,240.,-6.00000005960464));
#5560=CARTESIAN_POINT('Ctrl Pts',(-16.,262.000003904104,17.0000002086161));
#5561=CARTESIAN_POINT('Ctrl Pts',(16.,262.000003904104,17.0000002086164));
#5562=CARTESIAN_POINT('Ctrl Pts',(-16.,261.554897063469,17.0016475866224));
#5563=CARTESIAN_POINT('Ctrl Pts',(16.,261.554897063469,17.0016475866227));
#5564=CARTESIAN_POINT('Ctrl Pts',(-16.,260.665129881986,16.9997752845739));
#5565=CARTESIAN_POINT('Ctrl Pts',(16.,260.665129881986,16.9997752845743));
#5566=CARTESIAN_POINT('Ctrl Pts',(-16.,259.331818570731,16.9814661016361));
#5567=CARTESIAN_POINT('Ctrl Pts',(16.,259.331818570731,16.9814661016365));
#5568=CARTESIAN_POINT('Ctrl Pts',(-16.,257.556793482859,16.9255385248287));
#5569=CARTESIAN_POINT('Ctrl Pts',(16.,257.556793482859,16.9255385248291));
#5570=CARTESIAN_POINT('Ctrl Pts',(-16.,255.34285858475,16.7995440343059));
#5571=CARTESIAN_POINT('Ctrl Pts',(16.,255.34285858475,16.7995440343063));
#5572=CARTESIAN_POINT('Ctrl Pts',(-16.,253.134201477091,16.6124730309088));
#5573=CARTESIAN_POINT('Ctrl Pts',(16.,253.134201477091,16.6124730309092));
#5574=CARTESIAN_POINT('Ctrl Pts',(-16.,250.931250059308,16.3593737063629));
#5575=CARTESIAN_POINT('Ctrl Pts',(16.,250.931250059308,16.3593737063633));
#5576=CARTESIAN_POINT('Ctrl Pts',(-16.,248.734232798365,16.0376021574629));
#5577=CARTESIAN_POINT('Ctrl Pts',(16.,248.734232798364,16.0376021574632));
#5578=CARTESIAN_POINT('Ctrl Pts',(-16.,246.588084807719,15.6579390229334));
#5579=CARTESIAN_POINT('Ctrl Pts',(16.,246.588084807719,15.6579390229338));
#5580=CARTESIAN_POINT('Ctrl Pts',(-16.,244.884196336318,15.3095787497258));
#5581=CARTESIAN_POINT('Ctrl Pts',(16.,244.884196336318,15.3095787497261));
#5582=CARTESIAN_POINT('Ctrl Pts',(-16.,243.619579618073,15.0270968553861));
#5583=CARTESIAN_POINT('Ctrl Pts',(16.,243.619579618073,15.0270968553864));
#5584=CARTESIAN_POINT('Ctrl Pts',(-16.,242.792336763373,14.8324564099496));
#5585=CARTESIAN_POINT('Ctrl Pts',(16.,242.792336763373,14.83245640995));
#5586=CARTESIAN_POINT('Ctrl Pts',(-16.,242.401375755026,14.7382946342024));
#5587=CARTESIAN_POINT('Ctrl Pts',(16.,242.401375755026,14.7382946342028));
#5588=CARTESIAN_POINT('',(1.55739849829555E-15,242.401375754988,14.7382946341935));
#5589=CARTESIAN_POINT('Origin',(16.,253.340258669138,13.9832872126254));
#5590=CARTESIAN_POINT('Ctrl Pts',(16.,263.820075497267,11.0483184593794));
#5591=CARTESIAN_POINT('Ctrl Pts',(16.,257.033757438154,12.2797504521637));
#5592=CARTESIAN_POINT('Ctrl Pts',(16.,250.237489221027,13.4537309538748));
#5593=CARTESIAN_POINT('Ctrl Pts',(16.,243.43126813688,14.5698600527113));
#5594=CARTESIAN_POINT('Origin',(21.7999983161688,242.150000052154,-25.));
#5595=CARTESIAN_POINT('',(19.6999983161688,242.200000104308,-25.));
#5596=CARTESIAN_POINT('',(23.8999983161688,242.200000104308,-25.));
#5597=CARTESIAN_POINT('Origin',(21.7999983161688,242.200000104308,-25.));
#5598=CARTESIAN_POINT('',(19.6999983161688,242.200000104308,-25.));
#5599=CARTESIAN_POINT('',(23.8999983161688,242.200000104308,-25.));
#5600=CARTESIAN_POINT('Origin',(19.6999983161688,242.200000104308,0.));
#5601=CARTESIAN_POINT('',(19.6999983161688,242.200000104308,14.7711226593712));
#5602=CARTESIAN_POINT('Ctrl Pts',(19.6999983161688,240.,15.1275033177104));
#5603=CARTESIAN_POINT('Ctrl Pts',(19.6999983161688,240.733442476467,15.0093825446687));
#5604=CARTESIAN_POINT('Ctrl Pts',(19.6999983161688,241.466775843146,14.8905888373441));
#5605=CARTESIAN_POINT('Ctrl Pts',(19.6999983161688,242.200000104308,14.7711226593712));
#5606=CARTESIAN_POINT('',(19.6999983161688,242.200000104308,0.));
#5607=CARTESIAN_POINT('Origin',(21.7999983161688,242.200000104308,0.));
#5608=CARTESIAN_POINT('',(23.8999983161688,242.200000104308,14.7711226593712));
#5609=CARTESIAN_POINT('Ctrl Pts',(19.6999983161688,242.200000104308,14.7711226593712));
#5610=CARTESIAN_POINT('Ctrl Pts',(19.6999983161692,242.35171220222,14.746403803968));
#5611=CARTESIAN_POINT('Ctrl Pts',(19.7164387160409,242.503018950065,14.7217211026813));
#5612=CARTESIAN_POINT('Ctrl Pts',(19.7490571976789,242.651265578727,14.6975096233744));
#5613=CARTESIAN_POINT('Ctrl Pts',(19.7823146848798,242.802416402055,14.6728238341308));
#5614=CARTESIAN_POINT('Ctrl Pts',(19.8322076222762,242.94955486436,14.6487636968957));
#5615=CARTESIAN_POINT('Ctrl Pts',(19.8979061608816,243.089969448047,14.6257786093254));
#5616=CARTESIAN_POINT('Ctrl Pts',(19.9805238140974,243.266544507824,14.5968742526332));
#5617=CARTESIAN_POINT('Ctrl Pts',(20.0873395410731,243.430775553293,14.56995009589));
#5618=CARTESIAN_POINT('Ctrl Pts',(20.2152709993364,243.577910612347,14.5458034466141));
#5619=CARTESIAN_POINT('Ctrl Pts',(20.255530070245,243.62421291247,14.5382046770964));
#5620=CARTESIAN_POINT('Ctrl Pts',(20.2978806433055,243.668822174896,14.530881000928));
#5621=CARTESIAN_POINT('Ctrl Pts',(20.3422277409076,243.7115903099,14.5238573365316));
#5622=CARTESIAN_POINT('Ctrl Pts',(20.484694885068,243.848984962187,14.501293483152));
#5623=CARTESIAN_POINT('Ctrl Pts',(20.6458845914558,243.965558808574,14.4821249960034));
#5624=CARTESIAN_POINT('Ctrl Pts',(20.8209954507226,244.057835732227,14.4669433206623));
#5625=CARTESIAN_POINT('Ctrl Pts',(20.8761678898854,244.08690955996,14.4621600076076));
#5626=CARTESIAN_POINT('Ctrl Pts',(20.9327226782718,244.113571429997,14.4577724367949));
#5627=CARTESIAN_POINT('Ctrl Pts',(20.9905106851931,244.137712615315,14.4537990059873));
#5628=CARTESIAN_POINT('Ctrl Pts',(21.1740927028156,244.214404782853,14.4411761369283));
#5629=CARTESIAN_POINT('Ctrl Pts',(21.3678107201614,244.264689093459,14.4328930831317));
#5630=CARTESIAN_POINT('Ctrl Pts',(21.5658839325571,244.286909411264,14.4292329723813));
#5631=CARTESIAN_POINT('Ctrl Pts',(21.7439531748517,244.306885636757,14.4259425064967));
#5632=CARTESIAN_POINT('Ctrl Pts',(21.923838525203,244.303987830412,14.4264199882881));
#5633=CARTESIAN_POINT('Ctrl Pts',(22.1011534343701,244.278294018744,14.4306520603108));
#5634=CARTESIAN_POINT('Ctrl Pts',(22.2943547575326,244.250298186726,14.4352633020745));
#5635=CARTESIAN_POINT('Ctrl Pts',(22.4825154465325,244.195528315015,14.444284336732));
#5636=CARTESIAN_POINT('Ctrl Pts',(22.6602567449555,244.115712879153,14.4574197655699));
#5637=CARTESIAN_POINT('Ctrl Pts',(22.8377546439571,244.036006742767,14.4705372067156));
#5638=CARTESIAN_POINT('Ctrl Pts',(23.002783356194,243.932261120926,14.4876031105609));
#5639=CARTESIAN_POINT('Ctrl Pts',(23.1509012180626,243.807811959871,14.5080512213814));
#5640=CARTESIAN_POINT('Ctrl Pts',(23.189626331073,243.775274980434,14.5133973382668));
#5641=CARTESIAN_POINT('Ctrl Pts',(23.2271952271542,243.741322809002,14.5189746252029));
#5642=CARTESIAN_POINT('Ctrl Pts',(23.2635279358562,243.706015061836,14.5247729271297));
#5643=CARTESIAN_POINT('Ctrl Pts',(23.4076118196211,243.565995847182,14.5477671351233));
#5644=CARTESIAN_POINT('Ctrl Pts',(23.5303174595378,243.406554002974,14.5739254890323));
#5645=CARTESIAN_POINT('Ctrl Pts',(23.6284300470243,243.232874824464,14.6023770520853));
#5646=CARTESIAN_POINT('Ctrl Pts',(23.6665452978081,243.16540310025,14.6134300524061));
#5647=CARTESIAN_POINT('Ctrl Pts',(23.7009483743143,243.09578267277,14.6248291881809));
#5648=CARTESIAN_POINT('Ctrl Pts',(23.7314487355146,243.024317565975,14.6365236130599));
#5649=CARTESIAN_POINT('Ctrl Pts',(23.8326078945149,242.787292500806,14.6753099794894));
#5650=CARTESIAN_POINT('Ctrl Pts',(23.8891036734344,242.534076721759,14.7166710993417));
#5651=CARTESIAN_POINT('Ctrl Pts',(23.8985713197627,242.277400726878,14.7585090062914));
#5652=CARTESIAN_POINT('Ctrl Pts',(23.8995218476782,242.251631101578,14.7627094270824));
#5653=CARTESIAN_POINT('Ctrl Pts',(23.8999983161616,242.225826599518,14.7669146798531));
#5654=CARTESIAN_POINT('Ctrl Pts',(23.8999983161688,242.200000104307,14.7711226593713));
#5655=CARTESIAN_POINT('',(23.8999983161688,242.200000104308,0.));
#5656=CARTESIAN_POINT('Origin',(23.8999983161688,240.,0.));
#5657=CARTESIAN_POINT('Ctrl Pts',(23.8999983161688,242.200000104308,14.7711226593712));
#5658=CARTESIAN_POINT('Ctrl Pts',(23.8999983161688,241.466775843145,14.8905888373444));
#5659=CARTESIAN_POINT('Ctrl Pts',(23.8999983161688,240.733442476466,15.0093825446688));
#5660=CARTESIAN_POINT('Ctrl Pts',(23.8999983161688,240.,15.1275033177104));
#5661=CARTESIAN_POINT('Origin',(-21.7999983161688,242.150000052154,-25.));
#5662=CARTESIAN_POINT('',(-23.8999983161688,242.200000104308,-25.));
#5663=CARTESIAN_POINT('',(-23.8999983161688,242.200000104308,-25.));
#5664=CARTESIAN_POINT('',(-19.6999983161688,242.200000104308,-25.));
#5665=CARTESIAN_POINT('',(-19.6999983161688,242.200000104308,-25.));
#5666=CARTESIAN_POINT('Origin',(-21.7999983161688,242.200000104308,-25.));
#5667=CARTESIAN_POINT('Origin',(-23.8999983161688,242.200000104308,0.));
#5668=CARTESIAN_POINT('',(-23.8999983161688,242.200000104308,14.7711226593712));
#5669=CARTESIAN_POINT('Ctrl Pts',(-23.8999983161688,240.,15.1275033177104));
#5670=CARTESIAN_POINT('Ctrl Pts',(-23.8999983161688,240.733442476463,15.0093825446692));
#5671=CARTESIAN_POINT('Ctrl Pts',(-23.8999983161688,241.46677584314,14.8905888373452));
#5672=CARTESIAN_POINT('Ctrl Pts',(-23.8999983161688,242.200000104308,14.7711226593712));
#5673=CARTESIAN_POINT('',(-23.8999983161688,242.200000104308,0.));
#5674=CARTESIAN_POINT('Origin',(-21.7999983161688,242.200000104308,0.));
#5675=CARTESIAN_POINT('',(-19.6999983161688,242.200000104308,14.7711226593712));
#5676=CARTESIAN_POINT('Ctrl Pts',(-23.8999983161688,242.200000104308,14.7711226593712));
#5677=CARTESIAN_POINT('Ctrl Pts',(-23.8999983161687,242.351209802997,14.7464856612089));
#5678=CARTESIAN_POINT('Ctrl Pts',(-23.8836666217713,242.502018158771,14.7218843640908));
#5679=CARTESIAN_POINT('Ctrl Pts',(-23.8512621056099,242.649796575924,14.6977495384023));
#5680=CARTESIAN_POINT('Ctrl Pts',(-23.8179671743421,242.801635665805,14.6729515331348));
#5681=CARTESIAN_POINT('Ctrl Pts',(-23.7678878076833,242.949436908721,14.6487830638182));
#5682=CARTESIAN_POINT('Ctrl Pts',(-23.7018642661086,243.090452746766,14.6256994959091));
#5683=CARTESIAN_POINT('Ctrl Pts',(-23.6175282278109,243.270581180265,14.5962133971512));
#5684=CARTESIAN_POINT('Ctrl Pts',(-23.5080058625232,243.437859207023,14.5687887379006));
#5685=CARTESIAN_POINT('Ctrl Pts',(-23.3765668197443,243.587238518404,14.5442725867555));
#5686=CARTESIAN_POINT('Ctrl Pts',(-23.3393309428578,243.629556763655,14.5373273110865));
#5687=CARTESIAN_POINT('Ctrl Pts',(-23.3003358192521,243.670438541042,14.5306154879099));
#5688=CARTESIAN_POINT('Ctrl Pts',(-23.2596550070195,243.709769074996,14.5241564302852));
#5689=CARTESIAN_POINT('Ctrl Pts',(-23.1202143282529,243.844581436152,14.5020168679225));
#5690=CARTESIAN_POINT('Ctrl Pts',(-22.9627325552308,243.959458693404,14.4831280563972));
#5691=CARTESIAN_POINT('Ctrl Pts',(-22.7917002532737,244.051088164232,14.4680534312319));
#5692=CARTESIAN_POINT('Ctrl Pts',(-22.742076197047,244.077673937564,14.463679613899));
#5693=CARTESIAN_POINT('Ctrl Pts',(-22.6913110695154,244.102302624312,14.4596268667138));
#5694=CARTESIAN_POINT('Ctrl Pts',(-22.6395137443639,244.124893308055,14.455908883011));
#5695=CARTESIAN_POINT('Ctrl Pts',(-22.4620161769402,244.202306406106,14.4431682045873));
#5696=CARTESIAN_POINT('Ctrl Pts',(-22.2744945601397,244.254870497156,14.4345102451297));
#5697=CARTESIAN_POINT('Ctrl Pts',(-22.0822470958282,244.280945953287,14.4302152525892));
#5698=CARTESIAN_POINT('Ctrl Pts',(-21.9046126064732,244.30503938074,14.4262467279096));
#5699=CARTESIAN_POINT('Ctrl Pts',(-21.7246184098544,244.306289585564,14.4260407269469));
#5700=CARTESIAN_POINT('Ctrl Pts',(-21.546658318023,244.284662869683,14.4296030185282));
#5701=CARTESIAN_POINT('Ctrl Pts',(-21.3473790173556,244.260445323085,14.4335920644305));
#5702=CARTESIAN_POINT('Ctrl Pts',(-21.1527939847627,244.207803456523,14.4422632477813));
#5703=CARTESIAN_POINT('Ctrl Pts',(-20.9687889523691,244.12849459316,14.4553161765266));
#5704=CARTESIAN_POINT('Ctrl Pts',(-20.786648380113,244.049989339418,14.4682368444037));
#5705=CARTESIAN_POINT('Ctrl Pts',(-20.6171419864948,243.946337198343,14.4852887917198));
#5706=CARTESIAN_POINT('Ctrl Pts',(-20.4649929576964,243.821036050044,14.505878310174));
#5707=CARTESIAN_POINT('Ctrl Pts',(-20.4192709837578,243.783382074319,14.512065621612));
#5708=CARTESIAN_POINT('Ctrl Pts',(-20.3751168167334,243.743773084785,14.5185723623423));
#5709=CARTESIAN_POINT('Ctrl Pts',(-20.3326595691622,243.702304002171,14.5253823581471));
#5710=CARTESIAN_POINT('Ctrl Pts',(-20.1920117105826,243.564929631465,14.5479417886725));
#5711=CARTESIAN_POINT('Ctrl Pts',(-20.0718832458557,243.409008535693,14.5735224287116));
#5712=CARTESIAN_POINT('Ctrl Pts',(-19.9752725891874,243.23940743379,14.6013068828224));
#5713=CARTESIAN_POINT('Ctrl Pts',(-19.9346909793643,243.168165958157,14.6129778300528));
#5714=CARTESIAN_POINT('Ctrl Pts',(-19.8982596110723,243.094510720477,14.6250376726242));
#5715=CARTESIAN_POINT('Ctrl Pts',(-19.8662034081855,243.018802433236,14.6374260867011));
#5716=CARTESIAN_POINT('Ctrl Pts',(-19.7753881098901,242.804320677132,14.6725224929652));
#5717=CARTESIAN_POINT('Ctrl Pts',(-19.7210886634415,242.57670353726,14.7097075426603));
#5718=CARTESIAN_POINT('Ctrl Pts',(-19.7050353343635,242.345353141655,14.7474308606982));
#5719=CARTESIAN_POINT('Ctrl Pts',(-19.7016826519274,242.297036409085,14.7553092456239));
#5720=CARTESIAN_POINT('Ctrl Pts',(-19.6999983161933,242.248556846369,14.7632111803108));
#5721=CARTESIAN_POINT('Ctrl Pts',(-19.6999983161688,242.200000104307,14.7711226593713));
#5722=CARTESIAN_POINT('',(-19.6999983161688,242.200000104308,0.));
#5723=CARTESIAN_POINT('Origin',(-19.6999983161688,240.,0.));
#5724=CARTESIAN_POINT('Ctrl Pts',(-19.6999983161688,242.200000104308,14.7711226593712));
#5725=CARTESIAN_POINT('Ctrl Pts',(-19.6999983161688,241.466775843143,14.8905888373446));
#5726=CARTESIAN_POINT('Ctrl Pts',(-19.6999983161688,240.733442476465,15.0093825446689));
#5727=CARTESIAN_POINT('Ctrl Pts',(-19.6999983161688,240.,15.1275033177104));
#5728=CARTESIAN_POINT('Ctrl Pts',(-29.000000372529,280.,8.00000010430813));
#5729=CARTESIAN_POINT('Ctrl Pts',(-30.0235260737827,266.675572045176,10.6029038753326));
#5730=CARTESIAN_POINT('Ctrl Pts',(-30.957762522308,253.342238711843,12.9787382798));
#5731=CARTESIAN_POINT('Ctrl Pts',(-31.802709718105,240.,15.1275033177104));
#5732=CARTESIAN_POINT('Ctrl Pts',(-9.66666679084301,280.,8.00000010430813));
#5733=CARTESIAN_POINT('Ctrl Pts',(-10.0078420245942,266.675572045176,10.6029038753326));
#5734=CARTESIAN_POINT('Ctrl Pts',(-10.3192541741027,253.342238711843,12.9787382798));
#5735=CARTESIAN_POINT('Ctrl Pts',(-10.6009032393683,240.,15.1275033177104));
#5736=CARTESIAN_POINT('Ctrl Pts',(9.66666679084301,280.,8.00000010430813));
#5737=CARTESIAN_POINT('Ctrl Pts',(10.0078420245942,266.675572045176,10.6029038753326));
#5738=CARTESIAN_POINT('Ctrl Pts',(10.3192541741027,253.342238711843,12.9787382798));
#5739=CARTESIAN_POINT('Ctrl Pts',(10.6009032393684,240.,15.1275033177104));
#5740=CARTESIAN_POINT('Ctrl Pts',(29.000000372529,280.,8.00000010430813));
#5741=CARTESIAN_POINT('Ctrl Pts',(30.0235260737827,266.675572045176,10.6029038753326));
#5742=CARTESIAN_POINT('Ctrl Pts',(30.957762522308,253.342238711843,12.9787382798));
#5743=CARTESIAN_POINT('Ctrl Pts',(31.802709718105,240.,15.1275033177104));
#5744=CARTESIAN_POINT('Ctrl Pts',(29.000000372529,280.,8.00000010430813));
#5745=CARTESIAN_POINT('Ctrl Pts',(30.0235260737827,266.675572045176,10.6029038753326));
#5746=CARTESIAN_POINT('Ctrl Pts',(30.957762522308,253.342238711843,12.9787382798));
#5747=CARTESIAN_POINT('Ctrl Pts',(31.8027097181051,240.,15.1275033177104));
#5748=CARTESIAN_POINT('Ctrl Pts',(-29.000000372529,280.,8.00000010430813));
#5749=CARTESIAN_POINT('Ctrl Pts',(-30.0235260737827,266.675572045176,10.6029038753326));
#5750=CARTESIAN_POINT('Ctrl Pts',(-30.957762522308,253.342238711843,12.9787382798));
#5751=CARTESIAN_POINT('Ctrl Pts',(-31.802709718105,240.,15.1275033177104));
#5752=CARTESIAN_POINT('Origin',(-14.0999999999964,256.999999776482,4.99998664779486));
#5753=CARTESIAN_POINT('',(-12.2999999999961,280.999999776482,4.99998664779485));
#5754=CARTESIAN_POINT('',(-12.2999999999961,280.999999776482,4.99998664779485));
#5755=CARTESIAN_POINT('',(-12.2999999999964,256.999999776482,4.99998664779485));
#5756=CARTESIAN_POINT('Origin',(-12.2999999999964,256.999999776482,4.99998664779485));
#5757=CARTESIAN_POINT('',(-12.2999999999964,256.999999776482,5.0000001937151));
#5758=CARTESIAN_POINT('Origin',(-12.2999999999964,256.999999776482,5.0000001937151));
#5759=CARTESIAN_POINT('',(12.3000000000039,280.999999776482,4.99997852420722));
#5760=CARTESIAN_POINT('',(3.88092335748677E-12,280.999999776482,4.99997852420722));
#5761=CARTESIAN_POINT('',(12.3000000000036,256.999999776482,5.0000001937151));
#5762=CARTESIAN_POINT('Origin',(12.3000000000036,256.999999776482,5.0000001937151));
#5763=CARTESIAN_POINT('',(12.3000000000036,256.999999776482,4.99998664779834));
#5764=CARTESIAN_POINT('Origin',(-3.00000006150484,260.999999776482,-20.0000001937151));
#5765=CARTESIAN_POINT('',(-9.60000011612259,261.999999776482,-19.0000001937151));
#5766=CARTESIAN_POINT('',(-9.60000011612261,260.499999776482,-20.5000001937151));
#5767=CARTESIAN_POINT('',(9.6000000947103,261.999999776482,-19.0000001937151));
#5768=CARTESIAN_POINT('',(9.60000009852937,260.999999791949,-20.0000001782478));
#5769=CARTESIAN_POINT('',(-3.00000006150483,261.999999776482,-19.0000001937151));
#5770=CARTESIAN_POINT('Origin',(9.60000009471027,259.999999776482,-19.0000001799664));
#5771=CARTESIAN_POINT('',(9.60000009471035,265.999999776482,-19.0000001937151));
#5772=CARTESIAN_POINT('',(9.60000009661989,265.999999776482,-19.5000001685092));
#5773=CARTESIAN_POINT('',(9.60000009471027,259.999999776482,-19.0000001937151));
#5774=CARTESIAN_POINT('Origin',(-6.00000011612262,259.999999776482,-19.0000001937151));
#5775=CARTESIAN_POINT('',(-9.60000011612254,265.999999776482,-19.0000001937151));
#5776=CARTESIAN_POINT('',(12.3000000000037,265.999999776482,-19.0000001937151));
#5777=CARTESIAN_POINT('',(-9.60000011612262,259.999999776482,-19.0000001937151));
#5778=CARTESIAN_POINT('Origin',(-9.60000011612262,259.999999776482,-21.0000001937151));
#5779=CARTESIAN_POINT('',(-9.60000011612254,265.999999776482,-20.5000001937151));
#5780=CARTESIAN_POINT('Origin',(-6.88701408402567E-9,265.999999776482,-20.0000001937151));
#5781=CARTESIAN_POINT('Origin',(3.88092336045531E-12,281.,4.99997852419269));
#5782=CARTESIAN_POINT('',(3.88092336045531E-12,281.,4.99997852420698));
#5783=CARTESIAN_POINT('Origin',(3.88092336045531E-12,281.,4.99997852419269));
#5784=CARTESIAN_POINT('',(14.4500000000039,280.999999999999,4.99997852420698));
#5785=CARTESIAN_POINT('',(3.88092336045531E-12,281.,4.99997852420698));
#5786=CARTESIAN_POINT('',(14.4500000000039,280.999999999999,-1.50001615528068));
#5787=CARTESIAN_POINT('Origin',(3.89420460752671E-12,282.000015370729,4.9999774923098));
#5788=CARTESIAN_POINT('',(14.4500000000039,282.74678075969,4.99997672173653));
#5789=CARTESIAN_POINT('',(12.3000000000039,280.999999776482,4.99998664779834));
#5790=CARTESIAN_POINT('Origin',(14.4500000000039,283.493532734207,-8.00001083475406));
#5791=CARTESIAN_POINT('Origin',(12.3000000000036,256.999999776482,4.99998664779834));
#5792=CARTESIAN_POINT('Ctrl Pts',(36.2550693760469,244.991884564009,-3.01573871561498));
#5793=CARTESIAN_POINT('Ctrl Pts',(35.8945589714168,249.979934025982,-2.87620188590251));
#5794=CARTESIAN_POINT('Ctrl Pts',(35.0206084927053,261.621112089306,-2.71289577848139));
#5795=CARTESIAN_POINT('Ctrl Pts',(34.0708112919112,273.256965800685,-2.90049616279086));
#5796=CARTESIAN_POINT('Ctrl Pts',(33.5048905558275,279.886868807319,-3.22590120863117));
#5797=CARTESIAN_POINT('Ctrl Pts',(36.4263457749742,245.010565994883,-3.08203185280032));
#5798=CARTESIAN_POINT('Ctrl Pts',(36.0632949488733,249.997066769542,-2.91763911176513));
#5799=CARTESIAN_POINT('Ctrl Pts',(35.1715241186987,261.635886485719,-2.70382885831972));
#5800=CARTESIAN_POINT('Ctrl Pts',(34.1838766064688,273.270430658716,-2.85891230066419));
#5801=CARTESIAN_POINT('Ctrl Pts',(33.5910735268284,279.899716504679,-3.17634590549231));
#5802=CARTESIAN_POINT('Ctrl Pts',(36.805654195848,245.047803601017,-3.11624403959939));
#5803=CARTESIAN_POINT('Ctrl Pts',(36.4208869826204,250.031231390085,-2.91030363393747));
#5804=CARTESIAN_POINT('Ctrl Pts',(35.4658653337658,261.665389304279,-2.61930216429315));
#5805=CARTESIAN_POINT('Ctrl Pts',(34.3941985602829,273.297344024756,-2.73603803849026));
#5806=CARTESIAN_POINT('Ctrl Pts',(33.748198318239,279.925401928605,-3.05088378050282));
#5807=CARTESIAN_POINT('Ctrl Pts',(37.4061097583923,245.093778994505,-2.81707760725473));
#5808=CARTESIAN_POINT('Ctrl Pts',(36.9603238113542,250.075757343309,-2.58962920048446));
#5809=CARTESIAN_POINT('Ctrl Pts',(35.8682145213123,261.707785284008,-2.27301898850698));
#5810=CARTESIAN_POINT('Ctrl Pts',(34.6655369833231,273.33871622175,-2.40933889909614));
#5811=CARTESIAN_POINT('Ctrl Pts',(33.9457833801822,279.966344629327,-2.75894418065014));
#5812=CARTESIAN_POINT('Ctrl Pts',(37.6106040615416,245.096390969489,-2.35988128356469));
#5813=CARTESIAN_POINT('Ctrl Pts',(37.1369194873745,250.082807110671,-2.15944773766154));
#5814=CARTESIAN_POINT('Ctrl Pts',(35.9901770114542,261.722431263404,-1.90615450883538));
#5815=CARTESIAN_POINT('Ctrl Pts',(34.7442155294333,273.358491579398,-2.11111029012861));
#5816=CARTESIAN_POINT('Ctrl Pts',(34.0012709680249,279.988659122865,-2.50904994678947));
#5817=CARTESIAN_POINT('Ctrl Pts',(37.6115592786233,245.086321327441,-2.08315705892054));
#5818=CARTESIAN_POINT('Ctrl Pts',(37.138160022554,250.076788544823,-1.90001497104842));
#5819=CARTESIAN_POINT('Ctrl Pts',(35.9905441814431,261.723607577072,-1.68567570803982));
#5820=CARTESIAN_POINT('Ctrl Pts',(34.743331789065,273.365094836943,-1.93190121661321));
#5821=CARTESIAN_POINT('Ctrl Pts',(34.000201433346,279.998205721096,-2.35899534238197));
#5822=CARTESIAN_POINT('',(34.000201433346,279.998205721096,-2.35899534238197));
#5823=CARTESIAN_POINT('Ctrl Pts',(33.5146722467646,279.772244886467,-3.22029711791609));
#5824=CARTESIAN_POINT('Ctrl Pts',(33.5157893121337,279.77259267342,-3.21966004371244));
#5825=CARTESIAN_POINT('Ctrl Pts',(33.5169050683599,279.77294043834,-3.21902067848083));
#5826=CARTESIAN_POINT('Ctrl Pts',(33.5180195099049,279.773288179195,-3.2183790272783));
#5827=CARTESIAN_POINT('Ctrl Pts',(33.5554874260567,279.784979348866,-3.19680648849157));
#5828=CARTESIAN_POINT('Ctrl Pts',(33.5913739648161,279.796612041229,-3.17271000265221));
#5829=CARTESIAN_POINT('Ctrl Pts',(33.6254799304928,279.808112220866,-3.14629745808678));
#5830=CARTESIAN_POINT('Ctrl Pts',(33.6596353972475,279.819629091756,-3.11984657860252));
#5831=CARTESIAN_POINT('Ctrl Pts',(33.6920060125126,279.831013209988,-3.09107221415002));
#5832=CARTESIAN_POINT('Ctrl Pts',(33.7223618226124,279.842189374871,-3.06014131532008));
#5833=CARTESIAN_POINT('Ctrl Pts',(33.7298196805986,279.844935150729,-3.05254216872834));
#5834=CARTESIAN_POINT('Ctrl Pts',(33.7371557489128,279.847668364823,-3.04481268556358));
#5835=CARTESIAN_POINT('Ctrl Pts',(33.744366244901,279.850387878575,-3.0369550299728));
#5836=CARTESIAN_POINT('Ctrl Pts',(33.7516138488421,279.853121387978,-3.0290569358999));
#5837=CARTESIAN_POINT('Ctrl Pts',(33.7587345849325,279.855841055785,-3.02102934546302));
#5838=CARTESIAN_POINT('Ctrl Pts',(33.7657254654262,279.858545753099,-3.01287551052116));
#5839=CARTESIAN_POINT('Ctrl Pts',(33.7942814939439,279.869593776835,-2.97956909892704));
#5840=CARTESIAN_POINT('Ctrl Pts',(33.8205215579374,279.880333218214,-2.94433698606802));
#5841=CARTESIAN_POINT('Ctrl Pts',(33.8442892983979,279.890697453659,-2.9074416542478));
#5842=CARTESIAN_POINT('Ctrl Pts',(33.8680570388584,279.901061689105,-2.87054632242759));
#5843=CARTESIAN_POINT('Ctrl Pts',(33.8893531881082,279.911050863563,-2.83198677848764));
#5844=CARTESIAN_POINT('Ctrl Pts',(33.9079765506394,279.920595063437,-2.79199530292205));
#5845=CARTESIAN_POINT('Ctrl Pts',(33.9169347405049,279.925186004221,-2.7727586462486));
#5846=CARTESIAN_POINT('Ctrl Pts',(33.9252737472782,279.929673922888,-2.75319030678906));
#5847=CARTESIAN_POINT('Ctrl Pts',(33.9329827776902,279.934051991374,-2.73332126693555));
#5848=CARTESIAN_POINT('Ctrl Pts',(33.9487959836054,279.943032536888,-2.69256475129735));
#5849=CARTESIAN_POINT('Ctrl Pts',(33.961866966712,279.951497521938,-2.65078819308043));
#5850=CARTESIAN_POINT('Ctrl Pts',(33.9721635995826,279.959403304347,-2.60828431793544));
#5851=CARTESIAN_POINT('Ctrl Pts',(33.9823855390141,279.967251736933,-2.56608877277059));
#5852=CARTESIAN_POINT('Ctrl Pts',(33.9898734396986,279.97454914287,-2.52317532050078));
#5853=CARTESIAN_POINT('Ctrl Pts',(33.9945479879622,279.981248278394,-2.4798154607972));
#5854=CARTESIAN_POINT('Ctrl Pts',(33.9988564810991,279.987422817151,-2.43985103056452));
#5855=CARTESIAN_POINT('Ctrl Pts',(34.0007746618941,279.993089128536,-2.39950656802828));
#5856=CARTESIAN_POINT('Ctrl Pts',(34.000201433346,279.998205721096,-2.35899534238197));
#5857=CARTESIAN_POINT('',(37.4840799446873,246.425537386735,-2.0361936737001));
#5858=CARTESIAN_POINT('Ctrl Pts',(34.000201433346,279.998205721096,-2.35899534238197));
#5859=CARTESIAN_POINT('Ctrl Pts',(34.743331789065,273.365094836943,-1.93190121661321));
#5860=CARTESIAN_POINT('Ctrl Pts',(35.942731364214,262.169892673366,-1.69511494654523));
#5861=CARTESIAN_POINT('Ctrl Pts',(37.0500242342186,250.969759696622,-1.88425811957798));
#5862=CARTESIAN_POINT('Ctrl Pts',(37.4840800468105,246.425537514055,-2.03619718987075));
#5863=CARTESIAN_POINT('Ctrl Pts',(36.2544828220007,245.,-3.01551175406663));
#5864=CARTESIAN_POINT('Ctrl Pts',(36.3294820980111,245.,-3.04452354216057));
#5865=CARTESIAN_POINT('Ctrl Pts',(36.4057233682514,245.012653155846,-3.06375155450857));
#5866=CARTESIAN_POINT('Ctrl Pts',(36.5672179291247,245.063232632606,-3.08407165999942));
#5867=CARTESIAN_POINT('Ctrl Pts',(36.6488642102808,245.102814176598,-3.08223950072721));
#5868=CARTESIAN_POINT('Ctrl Pts',(36.8316222517244,245.215432097144,-3.05483931637294));
#5869=CARTESIAN_POINT('Ctrl Pts',(36.9277782100868,245.295545099766,-3.02003708037848));
#5870=CARTESIAN_POINT('Ctrl Pts',(37.1289903162832,245.496895489978,-2.9089746959269));
#5871=CARTESIAN_POINT('Ctrl Pts',(37.2330350323171,245.632941906414,-2.81541072344176));
#5872=CARTESIAN_POINT('Ctrl Pts',(37.3782699173338,245.889882979722,-2.60343821987451));
#5873=CARTESIAN_POINT('Ctrl Pts',(37.4256834407952,246.003856063048,-2.49785766175708));
#5874=CARTESIAN_POINT('Ctrl Pts',(37.4827557743237,246.221802826534,-2.27492994659364));
#5875=CARTESIAN_POINT('Ctrl Pts',(37.4935117139088,246.326794357824,-2.15709404391763));
#5876=CARTESIAN_POINT('Ctrl Pts',(37.4840799446875,246.425537386733,-2.03619367370019));
#5877=CARTESIAN_POINT('Ctrl Pts',(33.5435744854199,279.666666666667,-3.20401396772026));
#5878=CARTESIAN_POINT('Ctrl Pts',(33.3979423531305,280.20729836777,-3.28508219341652));
#5879=CARTESIAN_POINT('Ctrl Pts',(33.0437894544596,281.245943747755,-3.50981507509943));
#5880=CARTESIAN_POINT('Ctrl Pts',(32.4036604015804,282.548383083624,-4.16942399278215));
#5881=CARTESIAN_POINT('Ctrl Pts',(31.8792772434221,283.349772899001,-5.29533074508644));
#5882=CARTESIAN_POINT('Ctrl Pts',(31.8819614226285,283.347915420292,-6.70105623730873));
#5883=CARTESIAN_POINT('Ctrl Pts',(32.4043771652851,282.548623590132,-7.83122529640671));
#5884=CARTESIAN_POINT('Ctrl Pts',(33.0451040374505,281.245407688652,-8.48997372415251));
#5885=CARTESIAN_POINT('Ctrl Pts',(33.3979422182791,280.20729836777,-8.71491784125062));
#5886=CARTESIAN_POINT('Ctrl Pts',(33.5435743465418,279.666666666667,-8.79598607418051));
#5887=CARTESIAN_POINT('Ctrl Pts',(33.6913113490816,279.735085211116,-3.12177411296627));
#5888=CARTESIAN_POINT('Ctrl Pts',(33.5320871986269,280.284749411148,-3.20024676016419));
#5889=CARTESIAN_POINT('Ctrl Pts',(33.1450853757999,281.339497171966,-3.42167989595752));
#5890=CARTESIAN_POINT('Ctrl Pts',(32.4468887996682,282.659687537153,-4.09478976954756));
#5891=CARTESIAN_POINT('Ctrl Pts',(31.8773008783827,283.471464305923,-5.26456781690602));
#5892=CARTESIAN_POINT('Ctrl Pts',(31.8801927646972,283.469586636391,-6.73160524603913));
#5893=CARTESIAN_POINT('Ctrl Pts',(32.4476146759988,282.659917625939,-7.90587922891536));
#5894=CARTESIAN_POINT('Ctrl Pts',(33.1464774296092,281.338948423743,-8.57812058112333));
#5895=CARTESIAN_POINT('Ctrl Pts',(33.5320870595616,280.284749411148,-8.79975328116599));
#5896=CARTESIAN_POINT('Ctrl Pts',(33.6913112061186,279.735085211116,-8.87822593627267));
#5897=CARTESIAN_POINT('Ctrl Pts',(33.9364886181088,279.871746914943,-2.86783225519539));
#5898=CARTESIAN_POINT('Ctrl Pts',(33.7492109049731,280.439479639818,-2.95042995043545));
#5899=CARTESIAN_POINT('Ctrl Pts',(33.2956800045987,281.526472709842,-3.18575046040953));
#5900=CARTESIAN_POINT('Ctrl Pts',(32.4851158151865,282.88224793127,-3.915551297761));
#5901=CARTESIAN_POINT('Ctrl Pts',(31.8293598116704,283.714836223306,-5.19437009343555));
#5902=CARTESIAN_POINT('Ctrl Pts',(31.832635292334,283.712917144841,-6.80139559711489));
#5903=CARTESIAN_POINT('Ctrl Pts',(32.4859041231582,282.882457317126,-8.08520759625195));
#5904=CARTESIAN_POINT('Ctrl Pts',(33.2972406672493,281.525898748504,-8.8140052616646));
#5905=CARTESIAN_POINT('Ctrl Pts',(33.7492107534993,280.439479639818,-9.04957010167938));
#5906=CARTESIAN_POINT('Ctrl Pts',(33.9364884625324,279.871746914943,-9.13216780622164));
#5907=CARTESIAN_POINT('Ctrl Pts',(34.0110929515837,279.96862555321,-2.50960955275595));
#5908=CARTESIAN_POINT('Ctrl Pts',(33.8066397575762,280.551905948005,-2.60803432073648));
#5909=CARTESIAN_POINT('Ctrl Pts',(33.3109202976095,281.67020520954,-2.8830665367301));
#5910=CARTESIAN_POINT('Ctrl Pts',(32.4216166779935,283.067820412191,-3.70343026069534));
#5911=CARTESIAN_POINT('Ctrl Pts',(31.6984267404347,283.926641993896,-5.11487279962158));
#5912=CARTESIAN_POINT('Ctrl Pts',(31.7020875059363,283.92466093747,-6.88055666575367));
#5913=CARTESIAN_POINT('Ctrl Pts',(32.4225513960628,283.068051995109,-8.29738741493864));
#5914=CARTESIAN_POINT('Ctrl Pts',(33.3126878193364,281.669620032198,-9.11667121365264));
#5915=CARTESIAN_POINT('Ctrl Pts',(33.8066395890954,280.551905948005,-9.39196573423087));
#5916=CARTESIAN_POINT('Ctrl Pts',(34.0110927782141,279.968625553211,-9.49039051236672));
#5917=CARTESIAN_POINT('Ctrl Pts',(34.0000004139973,280.,-2.33026833742131));
#5918=CARTESIAN_POINT('Ctrl Pts',(33.7914816793688,280.589780037567,-2.43667038321603));
#5919=CARTESIAN_POINT('Ctrl Pts',(33.284399120574,281.722847724823,-2.73163228937544));
#5920=CARTESIAN_POINT('Ctrl Pts',(32.3678507059062,283.143690636681,-3.59736899193711));
#5921=CARTESIAN_POINT('Ctrl Pts',(31.6170293691523,284.017934071637,-5.07512160278262));
#5922=CARTESIAN_POINT('Ctrl Pts',(31.6208726299088,284.015907731227,-6.92013631133239));
#5923=CARTESIAN_POINT('Ctrl Pts',(32.3688769920616,283.143953007417,-8.40348320294645));
#5924=CARTESIAN_POINT('Ctrl Pts',(33.2862813791595,281.722262933074,-9.26809051626152));
#5925=CARTESIAN_POINT('Ctrl Pts',(33.7914815023762,280.589780037567,-9.56332967099841));
#5926=CARTESIAN_POINT('Ctrl Pts',(34.0000002317197,280.,-9.66973172715038));
#5927=CARTESIAN_POINT('',(34.0000002317197,280.,-9.66973172715038));
#5928=CARTESIAN_POINT('',(34.0000004139972,280.,-2.33026833742132));
#5929=CARTESIAN_POINT('Ctrl Pts',(34.0000002317197,280.,-9.66973172715038));
#5930=CARTESIAN_POINT('Ctrl Pts',(33.7914815023762,280.589780037567,-9.56332967099841));
#5931=CARTESIAN_POINT('Ctrl Pts',(33.2862813791595,281.722262933074,-9.26809051626152));
#5932=CARTESIAN_POINT('Ctrl Pts',(32.3688769920616,283.143953007417,-8.40348320294645));
#5933=CARTESIAN_POINT('Ctrl Pts',(31.6208726299088,284.015907731227,-6.92013631133239));
#5934=CARTESIAN_POINT('Ctrl Pts',(31.6170293691523,284.017934071637,-5.07512160278262));
#5935=CARTESIAN_POINT('Ctrl Pts',(32.3678507059062,283.143690636681,-3.59736899193711));
#5936=CARTESIAN_POINT('Ctrl Pts',(33.284399120574,281.722847724823,-2.73163228937544));
#5937=CARTESIAN_POINT('Ctrl Pts',(33.7914816793688,280.589780037567,-2.43667038321603));
#5938=CARTESIAN_POINT('Ctrl Pts',(34.0000004139973,280.,-2.33026833742131));
#5939=CARTESIAN_POINT('Ctrl Pts',(34.0000004139973,280.,-2.33026833742131));
#5940=CARTESIAN_POINT('Ctrl Pts',(34.0000004137567,280.,-2.33995601358642));
#5941=CARTESIAN_POINT('Ctrl Pts',(34.0000638328845,279.9993995532,-2.34953335211476));
#5942=CARTESIAN_POINT('Ctrl Pts',(34.0001913719142,279.998202551853,-2.35899358780098));
#5943=CARTESIAN_POINT('Ctrl Pts',(34.0001912006227,279.998202548859,-9.64100647559173));
#5944=CARTESIAN_POINT('Ctrl Pts',(34.0000636058359,279.999400036716,-9.65047053445114));
#5945=CARTESIAN_POINT('Ctrl Pts',(34.0000002319602,280.,-9.66004797985612));
#5946=CARTESIAN_POINT('Ctrl Pts',(34.0000002317197,280.,-9.66973172715038));
#5947=CARTESIAN_POINT('Ctrl Pts',(34.2429648068082,271.069123244218,-9.08309751368897));
#5948=CARTESIAN_POINT('Ctrl Pts',(34.955423157248,262.385717155234,-9.28114581011734));
#5949=CARTESIAN_POINT('Ctrl Pts',(35.6265691196002,253.687723870929,-9.22747145985216));
#5950=CARTESIAN_POINT('Ctrl Pts',(36.2548496542945,244.994923523485,-8.98434643837703));
#5951=CARTESIAN_POINT('Ctrl Pts',(34.3616280550519,271.082889326629,-9.11608337756273));
#5952=CARTESIAN_POINT('Ctrl Pts',(35.1028098706409,262.400500128074,-9.29251473556703));
#5953=CARTESIAN_POINT('Ctrl Pts',(35.7934129822784,253.703705844758,-9.20450822974121));
#5954=CARTESIAN_POINT('Ctrl Pts',(36.4261244810699,245.013604012841,-8.91806840867779));
#5955=CARTESIAN_POINT('Ctrl Pts',(34.5862352494708,271.110398013,-9.22702717214384));
#5956=CARTESIAN_POINT('Ctrl Pts',(35.3906600934886,262.430029076373,-9.37931832463599));
#5957=CARTESIAN_POINT('Ctrl Pts',(36.1348585662032,253.735587059941,-9.24272139491878));
#5958=CARTESIAN_POINT('Ctrl Pts',(36.8054198102854,245.05083976182,-8.88388149248577));
#5959=CARTESIAN_POINT('Ctrl Pts',(34.8825349757297,271.152023062073,-9.55163048000058));
#5960=CARTESIAN_POINT('Ctrl Pts',(35.7847305167446,262.472435416135,-9.7242030401394));
#5961=CARTESIAN_POINT('Ctrl Pts',(36.628939780133,253.779036017686,-9.57937588944854));
#5962=CARTESIAN_POINT('Ctrl Pts',(37.4058381066812,245.096814265471,-9.18306105589826));
#5963=CARTESIAN_POINT('Ctrl Pts',(34.9699848611402,271.170694012387,-9.86075341287307));
#5964=CARTESIAN_POINT('Ctrl Pts',(35.9054387681019,262.487285210283,-10.0876725782135));
#5965=CARTESIAN_POINT('Ctrl Pts',(36.7848007191625,253.789383612061,-9.98947632607281));
#5966=CARTESIAN_POINT('Ctrl Pts',(37.6103157590953,245.099428980129,-9.64024085635014));
#5967=CARTESIAN_POINT('Ctrl Pts',(34.9693927294109,271.176192544638,-10.0465654890483));
#5968=CARTESIAN_POINT('Ctrl Pts',(35.904947003259,262.488582761045,-10.3065038748064));
#5969=CARTESIAN_POINT('Ctrl Pts',(36.7862528517971,253.786375592746,-10.2360562876941));
#5970=CARTESIAN_POINT('Ctrl Pts',(37.6112707539245,245.089361761686,-9.91695469504641));
#5971=CARTESIAN_POINT('',(37.4840798363216,246.425537386686,-9.96380651062733));
#5972=CARTESIAN_POINT('Ctrl Pts',(37.484079836322,246.425537386682,-9.96380651062718));
#5973=CARTESIAN_POINT('Ctrl Pts',(37.4979454385987,246.280375749659,-9.78607147626769));
#5974=CARTESIAN_POINT('Ctrl Pts',(37.4682927222007,246.12135090466,-9.61470719910237));
#5975=CARTESIAN_POINT('Ctrl Pts',(37.3328539556759,245.78612234058,-9.30219786079802));
#5976=CARTESIAN_POINT('Ctrl Pts',(37.2241358272033,245.615364379782,-9.16996503475868));
#5977=CARTESIAN_POINT('Ctrl Pts',(36.9907034917623,245.350095301375,-9.00508701343694));
#5978=CARTESIAN_POINT('Ctrl Pts',(36.8764712179686,245.248324769142,-8.95700428633148));
#5979=CARTESIAN_POINT('Ctrl Pts',(36.6781226264556,245.118427834097,-8.91979191222875));
#5980=CARTESIAN_POINT('Ctrl Pts',(36.5937013902214,245.074481839673,-8.91515441739346));
#5981=CARTESIAN_POINT('Ctrl Pts',(36.4631802107238,245.029758321136,-8.92824780835033));
#5982=CARTESIAN_POINT('Ctrl Pts',(36.4209581280584,245.018622122539,-8.93537921662471));
#5983=CARTESIAN_POINT('Ctrl Pts',(36.3366386027151,245.003732153582,-8.95574459415894));
#5984=CARTESIAN_POINT('Ctrl Pts',(36.2952365270106,245.,-8.96872370949839));
#5985=CARTESIAN_POINT('Ctrl Pts',(36.254482742232,245.,-8.98448839599942));
#5986=CARTESIAN_POINT('Ctrl Pts',(37.4840798910461,246.425530541867,-9.96401131934063));
#5987=CARTESIAN_POINT('Ctrl Pts',(36.6983031620132,254.651905745538,-10.2415375394903));
#5988=CARTESIAN_POINT('Ctrl Pts',(35.8622646867239,262.882020240183,-10.2928735853078));
#5989=CARTESIAN_POINT('Ctrl Pts',(34.9776901892433,271.099128268618,-10.0488626224487));
#5990=CARTESIAN_POINT('Origin',(22.6862920473911,276.,3.00000021144023));
#5991=CARTESIAN_POINT('',(34.,280.,-19.0000000745058));
#5992=CARTESIAN_POINT('',(34.0000005463759,280.,2.99999993046124));
#5993=CARTESIAN_POINT('Origin',(22.6862916174005,276.,-14.3137086546177));
#5994=CARTESIAN_POINT('',(34.0000005463759,280.,2.99999993046124));
#5995=CARTESIAN_POINT('Origin',(22.6862919310058,276.,-1.68629145416869));
#5996=CARTESIAN_POINT('',(34.0000005463759,280.,2.99999993046124));
#5997=CARTESIAN_POINT('Ctrl Pts',(34.0000005463759,280.,2.99999993046124));
#5998=CARTESIAN_POINT('Ctrl Pts',(35.4927940833252,266.675572045176,5.39978235779771));
#5999=CARTESIAN_POINT('Ctrl Pts',(36.8553608763554,253.342238711843,7.59021510355319));
#6000=CARTESIAN_POINT('Ctrl Pts',(38.0877009254663,240.,9.57129816772767));
#6001=CARTESIAN_POINT('Ctrl Pts',(34.0000003642506,280.,-4.33333340452778));
#6002=CARTESIAN_POINT('Ctrl Pts',(35.4927939227479,266.675572045176,-2.92359616502762));
#6003=CARTESIAN_POINT('Ctrl Pts',(36.8553607354462,253.342238711843,-1.63684009200337));
#6004=CARTESIAN_POINT('Ctrl Pts',(38.0877008023455,240.,-0.473065185455034));
#6005=CARTESIAN_POINT('Ctrl Pts',(34.0000001821253,280.,-11.6666667395168));
#6006=CARTESIAN_POINT('Ctrl Pts',(35.4927937621705,266.675572045176,-11.2469746878529));
#6007=CARTESIAN_POINT('Ctrl Pts',(36.855360594537,253.342238711843,-10.8638952875599));
#6008=CARTESIAN_POINT('Ctrl Pts',(38.0877006792247,240.,-10.5174285386377));
#6009=CARTESIAN_POINT('Ctrl Pts',(34.,280.,-19.0000000745058));
#6010=CARTESIAN_POINT('Ctrl Pts',(35.4927936015931,266.675572045176,-19.5703532106783));
#6011=CARTESIAN_POINT('Ctrl Pts',(36.8553604536278,253.342238711843,-20.0909504831165));
#6012=CARTESIAN_POINT('Ctrl Pts',(38.0877005561039,240.,-20.5617918918204));
#6013=CARTESIAN_POINT('',(37.6197458729542,245.,-7.97253218572035));
#6014=CARTESIAN_POINT('Ctrl Pts',(37.6197458729542,245.,-7.97253218572034));
#6015=CARTESIAN_POINT('Ctrl Pts',(37.5891773495854,245.322390382936,-8.53458849276527));
#6016=CARTESIAN_POINT('Ctrl Pts',(37.5451975614717,245.785684255402,-9.18037418921105));
#6017=CARTESIAN_POINT('Ctrl Pts',(37.4840798363218,246.425537386683,-9.9638065106292));
#6018=CARTESIAN_POINT('',(37.6197459255911,245.,-4.02746800072814));
#6019=CARTESIAN_POINT('Ctrl Pts',(37.6197459255911,245.,-4.02746800072814));
#6020=CARTESIAN_POINT('Ctrl Pts',(37.6362990172629,244.825423028544,-4.33182598763784));
#6021=CARTESIAN_POINT('Ctrl Pts',(37.6489814524138,244.691446404977,-4.61275099335214));
#6022=CARTESIAN_POINT('Ctrl Pts',(37.6712482394732,244.456114128469,-5.24992300558498));
#6023=CARTESIAN_POINT('Ctrl Pts',(37.6779642402811,244.385022063443,-5.60089056719515));
#6024=CARTESIAN_POINT('Ctrl Pts',(37.6791883714684,244.372070026035,-6.35371644678895));
#6025=CARTESIAN_POINT('Ctrl Pts',(37.6717540856442,244.450786360008,-6.75431844566551));
#6026=CARTESIAN_POINT('Ctrl Pts',(37.6470536863395,244.711807159007,-7.42933433747403));
#6027=CARTESIAN_POINT('Ctrl Pts',(37.6350914016442,244.838158657158,-7.69037753006194));
#6028=CARTESIAN_POINT('Ctrl Pts',(37.6197458729542,245.,-7.97253218572034));
#6029=CARTESIAN_POINT('Ctrl Pts',(37.4840799446874,246.425537386734,-2.03619367369906));
#6030=CARTESIAN_POINT('Ctrl Pts',(37.5233198801002,246.014726860528,-2.53918760913031));
#6031=CARTESIAN_POINT('Ctrl Pts',(37.5559910510093,245.671424244347,-2.99199305907586));
#6032=CARTESIAN_POINT('Ctrl Pts',(37.5966432222712,245.243556137701,-3.62280511986577));
#6033=CARTESIAN_POINT('Ctrl Pts',(37.6090095789928,245.113230743282,-3.83006120191405));
#6034=CARTESIAN_POINT('Ctrl Pts',(37.6197459255911,245.,-4.02746800072814));
#6035=CARTESIAN_POINT('Ctrl Pts',(34.0000005463759,280.,2.99999993046124));
#6036=CARTESIAN_POINT('Ctrl Pts',(35.4927940833252,266.675572045176,5.39978235779771));
#6037=CARTESIAN_POINT('Ctrl Pts',(36.8553608763554,253.342238711843,7.59021510355318));
#6038=CARTESIAN_POINT('Ctrl Pts',(38.0877009254663,240.,9.57129816772766));
#6039=CARTESIAN_POINT('Ctrl Pts',(34.,280.,-19.0000000745058));
#6040=CARTESIAN_POINT('Ctrl Pts',(35.4927936015944,266.675572045165,-19.5703532106788));
#6041=CARTESIAN_POINT('Ctrl Pts',(36.8553604536301,253.34223871182,-20.0909504831174));
#6042=CARTESIAN_POINT('Ctrl Pts',(38.087700556107,239.999999999966,-20.5617918918216));
#6043=CARTESIAN_POINT('Ctrl Pts',(-36.2550692963052,244.99188456387,-8.9842614344586));
#6044=CARTESIAN_POINT('Ctrl Pts',(-35.6267249378177,253.685704791509,-9.22746432587399));
#6045=CARTESIAN_POINT('Ctrl Pts',(-34.9555077966045,262.384685575067,-9.28116933806163));
#6046=CARTESIAN_POINT('Ctrl Pts',(-34.2429648068081,271.069123244219,-9.08309751368896));
#6047=CARTESIAN_POINT('Ctrl Pts',(-36.4263456969656,245.010565995091,-8.91796830186472));
#6048=CARTESIAN_POINT('Ctrl Pts',(-35.7935735612062,253.701686969422,-9.20449330326));
#6049=CARTESIAN_POINT('Ctrl Pts',(-35.1028979223171,262.399468668712,-9.29253569544014));
#6050=CARTESIAN_POINT('Ctrl Pts',(-34.3616280550519,271.082889326629,-9.11608337756273));
#6051=CARTESIAN_POINT('Ctrl Pts',(-36.8056541546605,245.047803606567,-8.88375609150246));
#6052=CARTESIAN_POINT('Ctrl Pts',(-36.1350318780607,253.733568582665,-9.24269575764135));
#6053=CARTESIAN_POINT('Ctrl Pts',(-35.3907556583749,262.428997857017,-9.37933641667624));
#6054=CARTESIAN_POINT('Ctrl Pts',(-34.5862352494708,271.110398013,-9.22702717214384));
#6055=CARTESIAN_POINT('Ctrl Pts',(-37.4061097336363,245.09377900346,-9.18292253377808));
#6056=CARTESIAN_POINT('Ctrl Pts',(-36.6291360831691,253.777017706994,-9.57934913627271));
#6057=CARTESIAN_POINT('Ctrl Pts',(-35.7848376966941,262.471404289595,-9.72422354159108));
#6058=CARTESIAN_POINT('Ctrl Pts',(-34.8825349757297,271.152023062073,-9.55163048000057));
#6059=CARTESIAN_POINT('Ctrl Pts',(-37.6106039640737,245.096390971292,-9.64011890274871));
#6060=CARTESIAN_POINT('Ctrl Pts',(-36.7850049634498,253.787364435719,-9.98946049777515));
#6061=CARTESIAN_POINT('Ctrl Pts',(-35.9055498991129,262.486253629794,-10.0876995359889));
#6062=CARTESIAN_POINT('Ctrl Pts',(-34.9699848611402,271.170694012387,-9.86075341287307));
#6063=CARTESIAN_POINT('Ctrl Pts',(-37.6115591737958,245.086321329058,-9.9168431274028));
#6064=CARTESIAN_POINT('Ctrl Pts',(-36.7864574622895,253.784355535152,-10.2360469243472));
#6065=CARTESIAN_POINT('Ctrl Pts',(-35.9050581461934,262.487550681484,-10.3065347552329));
#6066=CARTESIAN_POINT('Ctrl Pts',(-34.9693927294109,271.176192544638,-10.0465654890483));
#6067=CARTESIAN_POINT('Ctrl Pts',(-36.254482742232,245.,-8.98448839599941));
#6068=CARTESIAN_POINT('Ctrl Pts',(-36.3294820189062,245.,-8.95547660995316));
#6069=CARTESIAN_POINT('Ctrl Pts',(-36.4057232895449,245.012653155805,-8.93624859965331));
#6070=CARTESIAN_POINT('Ctrl Pts',(-36.5672178522485,245.063232632916,-8.91592849827645));
#6071=CARTESIAN_POINT('Ctrl Pts',(-36.6488641346164,245.102814177749,-8.91776065996383));
#6072=CARTESIAN_POINT('Ctrl Pts',(-36.8316221801779,245.215432102156,-8.94516085079419));
#6073=CARTESIAN_POINT('Ctrl Pts',(-36.9277781405866,245.295545108597,-8.97996309181624));
#6074=CARTESIAN_POINT('Ctrl Pts',(-37.1289902497515,245.496895508958,-9.09102548966498));
#6075=CARTESIAN_POINT('Ctrl Pts',(-37.2330349655763,245.632941932777,-9.18458947219794));
#6076=CARTESIAN_POINT('Ctrl Pts',(-37.378269838269,245.889883008563,-9.39656198709407));
#6077=CARTESIAN_POINT('Ctrl Pts',(-37.4256833539969,246.003856086854,-9.50214254367744));
#6078=CARTESIAN_POINT('Ctrl Pts',(-37.4827556740996,246.221802838823,-9.72507025131252));
#6079=CARTESIAN_POINT('Ctrl Pts',(-37.4935116084768,246.326794363574,-9.84290614766012));
#6080=CARTESIAN_POINT('Ctrl Pts',(-37.484079836322,246.425537386682,-9.96380651062721));
#6081=CARTESIAN_POINT('Ctrl Pts',(-33.5435743465418,279.666666666667,-8.79598607418051));
#6082=CARTESIAN_POINT('Ctrl Pts',(-33.3979422182791,280.20729836777,-8.71491784125062));
#6083=CARTESIAN_POINT('Ctrl Pts',(-33.0437893307708,281.245943747755,-8.49018494197681));
#6084=CARTESIAN_POINT('Ctrl Pts',(-32.4036603106547,282.548383083624,-7.8305759924986));
#6085=CARTESIAN_POINT('Ctrl Pts',(-31.8792772084208,283.349772899001,-6.70466921414787));
#6086=CARTESIAN_POINT('Ctrl Pts',(-31.8819614574503,283.347915420292,-5.29894372205896));
#6087=CARTESIAN_POINT('Ctrl Pts',(-32.404377256243,282.548623590133,-4.16877468890957));
#6088=CARTESIAN_POINT('Ctrl Pts',(-33.0451041611288,281.245407688652,-3.51002629298896));
#6089=CARTESIAN_POINT('Ctrl Pts',(-33.3979423531306,280.20729836777,-3.28508219341651));
#6090=CARTESIAN_POINT('Ctrl Pts',(-33.5435744854199,279.666666666667,-3.20401396772026));
#6091=CARTESIAN_POINT('Ctrl Pts',(-33.6913112061186,279.735085211116,-8.87822593627267));
#6092=CARTESIAN_POINT('Ctrl Pts',(-33.5320870595616,280.284749411148,-8.79975328116601));
#6093=CARTESIAN_POINT('Ctrl Pts',(-33.1450852477334,281.339497171965,-8.57832012615015));
#6094=CARTESIAN_POINT('Ctrl Pts',(-32.4468887050355,282.659687537152,-7.90521021788037));
#6095=CARTESIAN_POINT('Ctrl Pts',(-31.8773008418534,283.471464305923,-6.73543214223013));
#6096=CARTESIAN_POINT('Ctrl Pts',(-31.8801928010364,283.469586636391,-5.26839471324073));
#6097=CARTESIAN_POINT('Ctrl Pts',(-32.4476147706648,282.659917625939,-4.09412075854855));
#6098=CARTESIAN_POINT('Ctrl Pts',(-33.1464775576658,281.338948423743,-3.42187944105343));
#6099=CARTESIAN_POINT('Ctrl Pts',(-33.5320871986269,280.284749411148,-3.20024676016419));
#6100=CARTESIAN_POINT('Ctrl Pts',(-33.6913113490817,279.735085211116,-3.12177411296627));
#6101=CARTESIAN_POINT('Ctrl Pts',(-33.9364884625324,279.871746914943,-9.13216780622165));
#6102=CARTESIAN_POINT('Ctrl Pts',(-33.7492107534994,280.439479639818,-9.04957010167942));
#6103=CARTESIAN_POINT('Ctrl Pts',(-33.2956798648135,281.526472709842,-8.81424956917826));
#6104=CARTESIAN_POINT('Ctrl Pts',(-32.4851157116508,282.88224793127,-8.08444869156571));
#6105=CARTESIAN_POINT('Ctrl Pts',(-31.8293597716543,283.714836223306,-6.80562986331933));
#6106=CARTESIAN_POINT('Ctrl Pts',(-31.8326353321397,283.712917144841,-5.19860435980282));
#6107=CARTESIAN_POINT('Ctrl Pts',(-32.4859042267315,282.882457317126,-3.91479239311382));
#6108=CARTESIAN_POINT('Ctrl Pts',(-33.2972408070224,281.525898748504,-3.18599476800066));
#6109=CARTESIAN_POINT('Ctrl Pts',(-33.7492109049731,280.439479639818,-2.95042995043547));
#6110=CARTESIAN_POINT('Ctrl Pts',(-33.9364886181088,279.871746914943,-2.86783225519538));
#6111=CARTESIAN_POINT('Ctrl Pts',(-34.0110927782141,279.96862555321,-9.49039051236673));
#6112=CARTESIAN_POINT('Ctrl Pts',(-33.8066395890956,280.551905948005,-9.39196573423094));
#6113=CARTESIAN_POINT('Ctrl Pts',(-33.3109201427898,281.670205209539,-9.1169334936147));
#6114=CARTESIAN_POINT('Ctrl Pts',(-32.4216165639217,283.06782041219,-8.29656972547736));
#6115=CARTESIAN_POINT('Ctrl Pts',(-31.6984266964699,283.926641993896,-6.88512715062979));
#6116=CARTESIAN_POINT('Ctrl Pts',(-31.7020875496739,283.92466093747,-5.1194432846797));
#6117=CARTESIAN_POINT('Ctrl Pts',(-32.4225515101752,283.068051995109,-3.70261257128037));
#6118=CARTESIAN_POINT('Ctrl Pts',(-33.312687974143,281.669620032198,-2.8833288167799));
#6119=CARTESIAN_POINT('Ctrl Pts',(-33.8066397575762,280.551905948005,-2.60803432073651));
#6120=CARTESIAN_POINT('Ctrl Pts',(-34.0110929515837,279.96862555321,-2.50960955275594));
#6121=CARTESIAN_POINT('Ctrl Pts',(-34.0000002317197,280.,-9.6697317271504));
#6122=CARTESIAN_POINT('Ctrl Pts',(-33.7914815023764,280.589780037566,-9.56332967099849));
#6123=CARTESIAN_POINT('Ctrl Pts',(-33.2843989582325,281.722847724823,-9.26836773965204));
#6124=CARTESIAN_POINT('Ctrl Pts',(-32.3678505865663,283.143690636681,-8.40263099156501));
#6125=CARTESIAN_POINT('Ctrl Pts',(-31.617029323213,284.017934071637,-6.9248783434257));
#6126=CARTESIAN_POINT('Ctrl Pts',(-31.6208726756124,284.015907731228,-5.07986363506702));
#6127=CARTESIAN_POINT('Ctrl Pts',(-32.3688771114439,283.143953007417,-3.59651678060652));
#6128=CARTESIAN_POINT('Ctrl Pts',(-33.2862815414873,281.722262933074,-2.73190951285941));
#6129=CARTESIAN_POINT('Ctrl Pts',(-33.7914816793687,280.589780037567,-2.43667038321606));
#6130=CARTESIAN_POINT('Ctrl Pts',(-34.0000004139973,280.,-2.3302683374213));
#6131=CARTESIAN_POINT('Ctrl Pts',(-33.5146641591581,279.772260674262,-3.22029774470789));
#6132=CARTESIAN_POINT('Ctrl Pts',(-33.5157812035944,279.772608414291,-3.21966056809421));
#6133=CARTESIAN_POINT('Ctrl Pts',(-33.5168969112825,279.7729561285,-3.21902106189025));
#6134=CARTESIAN_POINT('Ctrl Pts',(-33.5180112774367,279.773303814984,-3.21837923222641));
#6135=CARTESIAN_POINT('Ctrl Pts',(-33.5548154980886,279.784786871977,-3.197181495307));
#6136=CARTESIAN_POINT('Ctrl Pts',(-33.5900635197433,279.796211625779,-3.17350795500638));
#6137=CARTESIAN_POINT('Ctrl Pts',(-33.6235952477385,279.807508446285,-3.14759243063211));
#6138=CARTESIAN_POINT('Ctrl Pts',(-33.6575343100332,279.81894249749,-3.12136209152567));
#6139=CARTESIAN_POINT('Ctrl Pts',(-33.6897158515537,279.830245910211,-3.09283426269604));
#6140=CARTESIAN_POINT('Ctrl Pts',(-33.7199412404666,279.841348732579,-3.06220999626525));
#6141=CARTESIAN_POINT('Ctrl Pts',(-33.735692669828,279.847134773009,-3.04625069890707));
#6142=CARTESIAN_POINT('Ctrl Pts',(-33.7509122473147,279.852866334994,-3.02972144020916));
#6143=CARTESIAN_POINT('Ctrl Pts',(-33.7655673915743,279.858533166128,-3.01264727956662));
#6144=CARTESIAN_POINT('Ctrl Pts',(-33.7936647551173,279.869397816225,-2.97991209182191));
#6145=CARTESIAN_POINT('Ctrl Pts',(-33.8195424646505,279.879967153757,-2.94534773855838));
#6146=CARTESIAN_POINT('Ctrl Pts',(-33.8430121684026,279.890169260451,-2.90916230408591));
#6147=CARTESIAN_POINT('Ctrl Pts',(-33.8558024094851,279.895729083683,-2.88944239473082));
#6148=CARTESIAN_POINT('Ctrl Pts',(-33.867876865385,279.901179809387,-2.8692403894708));
#6149=CARTESIAN_POINT('Ctrl Pts',(-33.8791998486525,279.906509117812,-2.84858607507164));
#6150=CARTESIAN_POINT('Ctrl Pts',(-33.8995177590953,279.916072004972,-2.81152406585506));
#6151=CARTESIAN_POINT('Ctrl Pts',(-33.9174186080113,279.925244652245,-2.77300623990205));
#6152=CARTESIAN_POINT('Ctrl Pts',(-33.9328197378805,279.933985403667,-2.73328653054823));
#6153=CARTESIAN_POINT('Ctrl Pts',(-33.9485569805232,279.942916912405,-2.69269998208671));
#6154=CARTESIAN_POINT('Ctrl Pts',(-33.9615909010145,279.951343497904,-2.651100640516));
#6155=CARTESIAN_POINT('Ctrl Pts',(-33.9718825670135,279.959225159849,-2.60877937933998));
#6156=CARTESIAN_POINT('Ctrl Pts',(-33.9821100412176,279.967057661821,-2.56672208686562));
#6157=CARTESIAN_POINT('Ctrl Pts',(-33.9896295152958,279.974352321628,-2.52395077438045));
#6158=CARTESIAN_POINT('Ctrl Pts',(-33.9943568050016,279.981056589294,-2.48073479531377));
#6159=CARTESIAN_POINT('Ctrl Pts',(-33.9987614046652,279.987303216208,-2.44046878694534));
#6160=CARTESIAN_POINT('Ctrl Pts',(-34.0007417166048,279.99303738644,-2.39981591817091));
#6161=CARTESIAN_POINT('Ctrl Pts',(-34.0001913814673,279.998202548857,-2.35899358920857));
#6162=CARTESIAN_POINT('Ctrl Pts',(-34.0000004139973,280.,-2.3302683374213));
#6163=CARTESIAN_POINT('Ctrl Pts',(-33.7914816793687,280.589780037567,-2.43667038321606));
#6164=CARTESIAN_POINT('Ctrl Pts',(-33.2862815414873,281.722262933074,-2.73190951285941));
#6165=CARTESIAN_POINT('Ctrl Pts',(-32.3688771114439,283.143953007417,-3.59651678060652));
#6166=CARTESIAN_POINT('Ctrl Pts',(-31.6208726756124,284.015907731228,-5.07986363506702));
#6167=CARTESIAN_POINT('Ctrl Pts',(-31.617029323213,284.017934071637,-6.9248783434257));
#6168=CARTESIAN_POINT('Ctrl Pts',(-32.3678505865663,283.143690636681,-8.40263099156501));
#6169=CARTESIAN_POINT('Ctrl Pts',(-33.2843989582325,281.722847724823,-9.26836773965204));
#6170=CARTESIAN_POINT('Ctrl Pts',(-33.7914815023764,280.589780037566,-9.56332967099849));
#6171=CARTESIAN_POINT('Ctrl Pts',(-34.0000002317197,280.,-9.6697317271504));
#6172=CARTESIAN_POINT('Ctrl Pts',(-33.5048905558275,279.886868807319,-3.22590120863116));
#6173=CARTESIAN_POINT('Ctrl Pts',(-33.9292941665214,274.914874329722,-2.98186866557869));
#6174=CARTESIAN_POINT('Ctrl Pts',(-34.8892737722298,263.287227980744,-2.70881375756487));
#6175=CARTESIAN_POINT('Ctrl Pts',(-35.7742034067436,251.64507811516,-2.82965852089568));
#6176=CARTESIAN_POINT('Ctrl Pts',(-36.2548497340408,244.994923523647,-3.01565371169162));
#6177=CARTESIAN_POINT('Ctrl Pts',(-33.5910735268284,279.899716504679,-3.1763459054923));
#6178=CARTESIAN_POINT('Ctrl Pts',(-34.0356371404024,274.9281848573,-2.93829142285058));
#6179=CARTESIAN_POINT('Ctrl Pts',(-35.0356108907622,263.301834989799,-2.69352466641982));
#6180=CARTESIAN_POINT('Ctrl Pts',(-35.9420884621952,251.661694189387,-2.86279992507954));
#6181=CARTESIAN_POINT('Ctrl Pts',(-36.4261245590834,245.013604012657,-3.08193174598239));
#6182=CARTESIAN_POINT('Ctrl Pts',(-33.748198318239,279.925401928605,-3.05088378050282));
#6183=CARTESIAN_POINT('Ctrl Pts',(-34.232656331087,274.954791157655,-2.81477002604594));
#6184=CARTESIAN_POINT('Ctrl Pts',(-35.31880087547,263.331011909202,-2.60071506648777));
#6185=CARTESIAN_POINT('Ctrl Pts',(-36.2924279940335,251.694833614655,-2.84159940386028));
#6186=CARTESIAN_POINT('Ctrl Pts',(-36.8054198514822,245.050839756295,-3.11611863861628));
#6187=CARTESIAN_POINT('Ctrl Pts',(-33.9457833801822,279.966344629327,-2.75894418065014));
#6188=CARTESIAN_POINT('Ctrl Pts',(-34.4855515994859,274.996055952545,-2.49676304052096));
#6189=CARTESIAN_POINT('Ctrl Pts',(-35.7023010647845,263.373269695154,-2.25399970115757));
#6190=CARTESIAN_POINT('Ctrl Pts',(-36.811496421898,251.738876025032,-2.51375082792016));
#6191=CARTESIAN_POINT('Ctrl Pts',(-37.4058381314508,245.096814256541,-2.8169390851358));
#6192=CARTESIAN_POINT('Ctrl Pts',(-34.0012709680249,279.988659122865,-2.50904994678947));
#6193=CARTESIAN_POINT('Ctrl Pts',(-34.5584308922028,275.016466259911,-2.21062118043274));
#6194=CARTESIAN_POINT('Ctrl Pts',(-35.8182393741767,263.388647994015,-1.89576414105734));
#6195=CARTESIAN_POINT('Ctrl Pts',(-36.9787814538631,251.747406544108,-2.09258766485585));
#6196=CARTESIAN_POINT('Ctrl Pts',(-37.6103158565692,245.099428978349,-2.35975932995808));
#6197=CARTESIAN_POINT('Ctrl Pts',(-34.000201433346,279.998205721096,-2.35899534238197));
#6198=CARTESIAN_POINT('Ctrl Pts',(-34.5575006911288,275.023805544759,-2.03870262729828));
#6199=CARTESIAN_POINT('Ctrl Pts',(-35.8180838583309,263.390530506345,-1.68031805606253));
#6200=CARTESIAN_POINT('Ctrl Pts',(-36.9801167759918,251.742739744933,-1.83892680485276));
#6201=CARTESIAN_POINT('Ctrl Pts',(-37.6112708587582,245.089361760092,-2.08304549127182));
#6202=CARTESIAN_POINT('Ctrl Pts',(-37.4840799446875,246.425537386733,-2.03619367370017));
#6203=CARTESIAN_POINT('Ctrl Pts',(-37.4979455418366,246.280375749715,-2.21392870827116));
#6204=CARTESIAN_POINT('Ctrl Pts',(-37.4682928205052,246.121350904749,-2.38529298441036));
#6205=CARTESIAN_POINT('Ctrl Pts',(-37.3328540449776,245.78612234055,-2.69780231883332));
#6206=CARTESIAN_POINT('Ctrl Pts',(-37.2241359125523,245.615364379558,-2.83003514190368));
#6207=CARTESIAN_POINT('Ctrl Pts',(-36.9907035720524,245.350095300968,-2.99491315676425));
#6208=CARTESIAN_POINT('Ctrl Pts',(-36.876471296729,245.248324768703,-3.042995880699));
#6209=CARTESIAN_POINT('Ctrl Pts',(-36.6781227040416,245.118427833796,-3.08020824925542));
#6210=CARTESIAN_POINT('Ctrl Pts',(-36.5937014677406,245.074481839482,-3.08484574175273));
#6211=CARTESIAN_POINT('Ctrl Pts',(-36.4631802887255,245.029758321059,-3.07175234725554));
#6212=CARTESIAN_POINT('Ctrl Pts',(-36.4209582062977,245.018622122491,-3.06462093784659));
#6213=CARTESIAN_POINT('Ctrl Pts',(-36.336638681605,245.003732153573,-3.04425555806717));
#6214=CARTESIAN_POINT('Ctrl Pts',(-36.2952366063032,245.,-3.03127644163569));
#6215=CARTESIAN_POINT('Ctrl Pts',(-36.2544828220007,245.,-3.01551175406664));
#6216=CARTESIAN_POINT('Origin',(-22.6862920473911,276.,3.00000021144023));
#6217=CARTESIAN_POINT('Origin',(-22.6862919310058,276.,-1.68629145416868));
#6218=CARTESIAN_POINT('Origin',(-22.6862916174005,276.,-14.3137086546177));
#6219=CARTESIAN_POINT('Origin',(35.1000004470349,244.25,-6.00000005960464));
#6220=CARTESIAN_POINT('',(33.4000004470349,243.5,-6.00000005960464));
#6221=CARTESIAN_POINT('Origin',(35.1000004470349,243.5,-6.00000005960464));
#6222=CARTESIAN_POINT('',(32.6500004470349,244.25,-6.00000005960464));
#6223=CARTESIAN_POINT('Origin',(35.1000004470349,240.,-6.00000005960464));
#6224=CARTESIAN_POINT('',(33.4000004470349,240.,-6.00000005960464));
#6225=CARTESIAN_POINT('Origin',(-35.1000004470349,244.25,-6.00000005960464));
#6226=CARTESIAN_POINT('',(-36.8000004470349,243.5,-6.00000005960464));
#6227=CARTESIAN_POINT('Origin',(-35.1000004470349,243.5,-6.00000005960464));
#6228=CARTESIAN_POINT('',(-37.5500004470349,244.25,-6.00000005960464));
#6229=CARTESIAN_POINT('Origin',(-35.1000004470349,240.,-6.00000005960464));
#6230=CARTESIAN_POINT('',(-36.8000004470349,240.,-6.00000005960464));
#6231=CARTESIAN_POINT('Origin',(25.9999997615814,276.,-11.0000003129244));
#6232=CARTESIAN_POINT('',(34.,280.,-19.0000000745058));
#6233=CARTESIAN_POINT('Origin',(21.000000372529,276.,1.04308131021469E-7));
#6234=CARTESIAN_POINT('',(29.000000372529,280.,8.00000010430813));
#6235=CARTESIAN_POINT('Origin',(-21.000000372529,276.,1.04308133241915E-7));
#6236=CARTESIAN_POINT('',(-29.000000372529,280.,8.00000010430813));
#6237=CARTESIAN_POINT('Origin',(-25.9999997615814,276.,-11.0000003129244));
#6238=CARTESIAN_POINT('',(-34.,280.,-19.0000000745058));
#6239=CARTESIAN_POINT('Ctrl Pts',(-34.0000005463759,280.,2.99999993046124));
#6240=CARTESIAN_POINT('Ctrl Pts',(-35.4927940833252,266.675572045176,5.39978235779771));
#6241=CARTESIAN_POINT('Ctrl Pts',(-36.8553608763554,253.342238711843,7.59021510355319));
#6242=CARTESIAN_POINT('Ctrl Pts',(-38.0877009254663,240.,9.57129816772767));
#6243=CARTESIAN_POINT('Ctrl Pts',(-32.3333338217603,280.,4.66666665507687));
#6244=CARTESIAN_POINT('Ctrl Pts',(-33.669704746811,266.675572045176,7.13415619697599));
#6245=CARTESIAN_POINT('Ctrl Pts',(-34.8894947583396,253.342238711843,9.38638949563546));
#6246=CARTESIAN_POINT('Ctrl Pts',(-35.9927038563459,240.,11.4233665510552));
#6247=CARTESIAN_POINT('Ctrl Pts',(-30.6666670971447,280.,6.3333333796925));
#6248=CARTESIAN_POINT('Ctrl Pts',(-31.8466154102969,266.675572045176,8.86853003615428));
#6249=CARTESIAN_POINT('Ctrl Pts',(-32.9236286403238,253.342238711843,11.1825638877177));
#6250=CARTESIAN_POINT('Ctrl Pts',(-33.8977067872255,240.,13.2754349343828));
#6251=CARTESIAN_POINT('Ctrl Pts',(-29.000000372529,280.,8.00000010430813));
#6252=CARTESIAN_POINT('Ctrl Pts',(-30.0235260737827,266.675572045176,10.6029038753326));
#6253=CARTESIAN_POINT('Ctrl Pts',(-30.957762522308,253.342238711843,12.9787382798));
#6254=CARTESIAN_POINT('Ctrl Pts',(-31.802709718105,240.,15.1275033177104));
#6255=CARTESIAN_POINT('Ctrl Pts',(29.000000372529,280.,8.00000010430813));
#6256=CARTESIAN_POINT('Ctrl Pts',(30.0235260737827,266.675572045176,10.6029038753326));
#6257=CARTESIAN_POINT('Ctrl Pts',(30.957762522308,253.342238711843,12.9787382798));
#6258=CARTESIAN_POINT('Ctrl Pts',(31.8027097181051,240.,15.1275033177104));
#6259=CARTESIAN_POINT('Ctrl Pts',(30.6666670971447,280.,6.3333333796925));
#6260=CARTESIAN_POINT('Ctrl Pts',(31.8466154102969,266.675572045176,8.86853003615427));
#6261=CARTESIAN_POINT('Ctrl Pts',(32.9236286403238,253.342238711843,11.1825638877177));
#6262=CARTESIAN_POINT('Ctrl Pts',(33.8977067872255,240.,13.2754349343828));
#6263=CARTESIAN_POINT('Ctrl Pts',(32.3333338217603,280.,4.66666665507687));
#6264=CARTESIAN_POINT('Ctrl Pts',(33.669704746811,266.675572045176,7.13415619697599));
#6265=CARTESIAN_POINT('Ctrl Pts',(34.8894947583396,253.342238711843,9.38638949563545));
#6266=CARTESIAN_POINT('Ctrl Pts',(35.9927038563459,240.,11.4233665510552));
#6267=CARTESIAN_POINT('Ctrl Pts',(34.0000005463759,280.,2.99999993046124));
#6268=CARTESIAN_POINT('Ctrl Pts',(35.4927940833252,266.675572045176,5.39978235779771));
#6269=CARTESIAN_POINT('Ctrl Pts',(36.8553608763554,253.342238711843,7.59021510355319));
#6270=CARTESIAN_POINT('Ctrl Pts',(38.0877009254663,240.,9.57129816772767));
#6271=CARTESIAN_POINT('Ctrl Pts',(34.,280.,-19.0000000745058));
#6272=CARTESIAN_POINT('Ctrl Pts',(35.4927936015931,266.675572045176,-19.5703532106783));
#6273=CARTESIAN_POINT('Ctrl Pts',(36.8553604536278,253.342238711843,-20.0909504831165));
#6274=CARTESIAN_POINT('Ctrl Pts',(38.0877005561039,240.,-20.5617918918204));
#6275=CARTESIAN_POINT('Ctrl Pts',(32.3333334575097,280.,-20.6666667163372));
#6276=CARTESIAN_POINT('Ctrl Pts',(33.4120430695311,266.675572045176,-21.6384711701056));
#6277=CARTESIAN_POINT('Ctrl Pts',(34.3966493531747,253.342238711843,-22.5254983746377));
#6278=CARTESIAN_POINT('Ctrl Pts',(35.2871523084405,240.,-23.3277483299333));
#6279=CARTESIAN_POINT('Ctrl Pts',(30.6666669150194,280.,-22.3333333581686));
#6280=CARTESIAN_POINT('Ctrl Pts',(31.3312925374691,266.675572045176,-23.706589129533));
#6281=CARTESIAN_POINT('Ctrl Pts',(31.9379382527217,253.342238711843,-24.9600462661588));
#6282=CARTESIAN_POINT('Ctrl Pts',(32.4866040607771,240.,-26.0937047680462));
#6283=CARTESIAN_POINT('Ctrl Pts',(29.000000372529,280.,-24.));
#6284=CARTESIAN_POINT('Ctrl Pts',(29.2505420054071,266.675572045176,-25.7747070889603));
#6285=CARTESIAN_POINT('Ctrl Pts',(29.4792271522687,253.342238711843,-27.39459415768));
#6286=CARTESIAN_POINT('Ctrl Pts',(29.6860558131137,240.,-28.859661206159));
#6287=CARTESIAN_POINT('Ctrl Pts',(29.000000372529,280.,-24.));
#6288=CARTESIAN_POINT('Ctrl Pts',(29.2505420054047,266.675572045308,-25.7747070889427));
#6289=CARTESIAN_POINT('Ctrl Pts',(29.4792271522642,253.342238712107,-27.3945941576479));
#6290=CARTESIAN_POINT('Ctrl Pts',(29.6860558131076,240.000000000396,-28.8596612061155));
#6291=CARTESIAN_POINT('Ctrl Pts',(29.000000372529,280.,-24.));
#6292=CARTESIAN_POINT('Ctrl Pts',(29.2505420054071,266.675572045176,-25.7747070889603));
#6293=CARTESIAN_POINT('Ctrl Pts',(29.4792271522687,253.342238711843,-27.39459415768));
#6294=CARTESIAN_POINT('Ctrl Pts',(29.6860558131137,240.,-28.859661206159));
#6295=CARTESIAN_POINT('Ctrl Pts',(9.66666679084301,280.,-24.));
#6296=CARTESIAN_POINT('Ctrl Pts',(9.75018066846905,266.675572045176,-25.7747070889603));
#6297=CARTESIAN_POINT('Ctrl Pts',(9.82640905075623,253.342238711843,-27.39459415768));
#6298=CARTESIAN_POINT('Ctrl Pts',(9.89535193770458,240.,-28.859661206159));
#6299=CARTESIAN_POINT('Ctrl Pts',(-9.66666679084301,280.,-24.));
#6300=CARTESIAN_POINT('Ctrl Pts',(-9.75018066846904,266.675572045176,-25.7747070889603));
#6301=CARTESIAN_POINT('Ctrl Pts',(-9.82640905075623,253.342238711843,-27.39459415768));
#6302=CARTESIAN_POINT('Ctrl Pts',(-9.89535193770458,240.,-28.859661206159));
#6303=CARTESIAN_POINT('Ctrl Pts',(-29.000000372529,280.,-24.));
#6304=CARTESIAN_POINT('Ctrl Pts',(-29.2505420054071,266.675572045176,-25.7747070889603));
#6305=CARTESIAN_POINT('Ctrl Pts',(-29.4792271522687,253.342238711843,-27.39459415768));
#6306=CARTESIAN_POINT('Ctrl Pts',(-29.6860558131137,240.,-28.859661206159));
#6307=CARTESIAN_POINT('Ctrl Pts',(-29.000000372529,280.,-24.));
#6308=CARTESIAN_POINT('Ctrl Pts',(-29.2505420054047,266.675572045308,-25.7747070889427));
#6309=CARTESIAN_POINT('Ctrl Pts',(-29.4792271522642,253.342238712107,-27.3945941576479));
#6310=CARTESIAN_POINT('Ctrl Pts',(-29.6860558131076,240.000000000396,-28.8596612061155));
#6311=CARTESIAN_POINT('Ctrl Pts',(-29.000000372529,280.,-24.));
#6312=CARTESIAN_POINT('Ctrl Pts',(-29.2505420054071,266.675572045176,-25.7747070889603));
#6313=CARTESIAN_POINT('Ctrl Pts',(-29.4792271522687,253.342238711843,-27.39459415768));
#6314=CARTESIAN_POINT('Ctrl Pts',(-29.6860558131137,240.,-28.859661206159));
#6315=CARTESIAN_POINT('Ctrl Pts',(-30.6666669150194,280.,-22.3333333581686));
#6316=CARTESIAN_POINT('Ctrl Pts',(-31.3312925374691,266.675572045176,-23.706589129533));
#6317=CARTESIAN_POINT('Ctrl Pts',(-31.9379382527217,253.342238711843,-24.9600462661588));
#6318=CARTESIAN_POINT('Ctrl Pts',(-32.4866040607771,240.,-26.0937047680462));
#6319=CARTESIAN_POINT('Ctrl Pts',(-32.3333334575097,280.,-20.6666667163372));
#6320=CARTESIAN_POINT('Ctrl Pts',(-33.4120430695311,266.675572045176,-21.6384711701056));
#6321=CARTESIAN_POINT('Ctrl Pts',(-34.3966493531747,253.342238711843,-22.5254983746377));
#6322=CARTESIAN_POINT('Ctrl Pts',(-35.2871523084405,240.,-23.3277483299333));
#6323=CARTESIAN_POINT('Ctrl Pts',(-34.,280.,-19.0000000745058));
#6324=CARTESIAN_POINT('Ctrl Pts',(-35.4927936015931,266.675572045176,-19.5703532106783));
#6325=CARTESIAN_POINT('Ctrl Pts',(-36.8553604536278,253.342238711843,-20.0909504831165));
#6326=CARTESIAN_POINT('Ctrl Pts',(-38.0877005561039,240.,-20.5617918918204));
#6327=UNCERTAINTY_MEASURE_WITH_UNIT(LENGTH_MEASURE(0.01),#6331,
'DISTANCE_ACCURACY_VALUE',
'Maximum model space distance between geometric entities at asserted c
onnectivities');
#6328=UNCERTAINTY_MEASURE_WITH_UNIT(LENGTH_MEASURE(0.01),#6331,
'DISTANCE_ACCURACY_VALUE',
'Maximum model space distance between geometric entities at asserted c
onnectivities');
#6329=(
GEOMETRIC_REPRESENTATION_CONTEXT(3)
GLOBAL_UNCERTAINTY_ASSIGNED_CONTEXT((#6327))
GLOBAL_UNIT_ASSIGNED_CONTEXT((#6331,#6333,#6334))
REPRESENTATION_CONTEXT('','3D')
);
#6330=(
GEOMETRIC_REPRESENTATION_CONTEXT(3)
GLOBAL_UNCERTAINTY_ASSIGNED_CONTEXT((#6328))
GLOBAL_UNIT_ASSIGNED_CONTEXT((#6331,#6333,#6334))
REPRESENTATION_CONTEXT('','3D')
);
#6331=(
LENGTH_UNIT()
NAMED_UNIT(*)
SI_UNIT(.MILLI.,.METRE.)
);
#6332=(
LENGTH_UNIT()
NAMED_UNIT(*)
SI_UNIT($,.METRE.)
);
#6333=(
NAMED_UNIT(*)
PLANE_ANGLE_UNIT()
SI_UNIT($,.RADIAN.)
);
#6334=(
NAMED_UNIT(*)
SI_UNIT($,.STERADIAN.)
SOLID_ANGLE_UNIT()
);
#6335=SHAPE_DEFINITION_REPRESENTATION(#6336,#6337);
#6336=PRODUCT_DEFINITION_SHAPE('',$,#6339);
#6337=SHAPE_REPRESENTATION('',(#2439),#6329);
#6338=PRODUCT_DEFINITION_CONTEXT('part definition',#6343,'design');
#6339=PRODUCT_DEFINITION('Fuselage 1','Fuselage 1',#6340,#6338);
#6340=PRODUCT_DEFINITION_FORMATION('',$,#6345);
#6341=PRODUCT_RELATED_PRODUCT_CATEGORY('Fuselage 1','Fuselage 1',(#6345));
#6342=APPLICATION_PROTOCOL_DEFINITION('international standard',
'automotive_design',2009,#6343);
#6343=APPLICATION_CONTEXT(
'Core Data for Automotive Mechanical Design Process');
#6344=PRODUCT_CONTEXT('part definition',#6343,'mechanical');
#6345=PRODUCT('Fuselage 1','Fuselage 1',$,(#6344));
#6346=PRESENTATION_STYLE_ASSIGNMENT((#6348));
#6347=PRESENTATION_STYLE_ASSIGNMENT((#6349));
#6348=SURFACE_STYLE_USAGE(.BOTH.,#6350);
#6349=SURFACE_STYLE_USAGE(.BOTH.,#6351);
#6350=SURFACE_SIDE_STYLE('',(#6352));
#6351=SURFACE_SIDE_STYLE('',(#6353));
#6352=SURFACE_STYLE_FILL_AREA(#6354);
#6353=SURFACE_STYLE_FILL_AREA(#6355);
#6354=FILL_AREA_STYLE('Acier - Satin\X\E9',(#6356));
#6355=FILL_AREA_STYLE('Peinture - Brillant \X\E9maill\X\E9 (gris)',(#6357));
#6356=FILL_AREA_STYLE_COLOUR('Acier - Satin\X\E9',#6358);
#6357=FILL_AREA_STYLE_COLOUR('Peinture - Brillant \X\E9maill\X\E9 (gri
s)',#6359);
#6358=COLOUR_RGB('Acier - Satin\X\E9',0.627450980392157,0.627450980392157,
0.627450980392157);
#6359=COLOUR_RGB('Peinture - Brillant \X\E9maill\X\E9 (gris)',0.701960784313725,
0.701960784313725,0.701960784313725);
ENDSEC;
END-ISO-10303-21;
