ISO-10303-21;
HEADER;
/* Generated by software containing ST-Developer
 * from STEP Tools, Inc. (www.steptools.com) 
 */

FILE_DESCRIPTION(
/* description */ (''),
/* implementation_level */ '2;1');

FILE_NAME(
/* name */ 'Motor mount 4mm.step',
/* time_stamp */ '2026-03-30T08:31:10+02:00',
/* author */ (''),
/* organization */ (''),
/* preprocessor_version */ 'ST-DEVELOPER v20.1',
/* originating_system */ 'Autodesk Translation Framework v14.24.0.0',
/* authorisation */ '');

FILE_SCHEMA (('AUTOMOTIVE_DESIGN { 1 0 10303 214 3 1 1 }'));
ENDSEC;

DATA;
#10=MECHANICAL_DESIGN_GEOMETRIC_PRESENTATION_REPRESENTATION('',(#13),#3653);
#11=SHAPE_REPRESENTATION_RELATIONSHIP('SRR','None',#3660,#12);
#12=ADVANCED_BREP_SHAPE_REPRESENTATION('',(#14),#3652);
#13=STYLED_ITEM('',(#3670),#14);
#14=MANIFOLD_SOLID_BREP('Motor mount 4mm',#2062);
#15=CONICAL_SURFACE('',#2156,3.4,0.785398163397448);
#16=FACE_BOUND('',#315,.T.);
#17=FACE_BOUND('',#335,.T.);
#18=FACE_BOUND('',#346,.T.);
#19=FACE_BOUND('',#347,.T.);
#20=FACE_BOUND('',#348,.T.);
#21=FACE_BOUND('',#349,.T.);
#22=FACE_BOUND('',#350,.T.);
#23=FACE_BOUND('',#351,.T.);
#24=FACE_BOUND('',#352,.T.);
#25=FACE_BOUND('',#353,.T.);
#26=FACE_BOUND('',#354,.T.);
#27=FACE_BOUND('',#355,.T.);
#28=FACE_BOUND('',#356,.T.);
#29=FACE_BOUND('',#377,.T.);
#30=FACE_BOUND('',#378,.T.);
#31=FACE_BOUND('',#379,.T.);
#32=FACE_BOUND('',#380,.T.);
#33=FACE_BOUND('',#381,.T.);
#34=B_SPLINE_CURVE_WITH_KNOTS('',3,(#2663,#2664,#2665,#2666,#2667),
 .UNSPECIFIED.,.F.,.F.,(4,1,4),(0.,0.0154295702990064,0.0374123818113212),
 .UNSPECIFIED.);
#35=B_SPLINE_CURVE_WITH_KNOTS('',3,(#2670,#2671,#2672,#2673,#2674),
 .UNSPECIFIED.,.F.,.F.,(4,1,4),(0.,0.0154295702990064,0.0374123818113212),
 .UNSPECIFIED.);
#36=B_SPLINE_CURVE_WITH_KNOTS('',3,(#2686,#2687,#2688,#2689,#2690),
 .UNSPECIFIED.,.F.,.F.,(4,1,4),(0.,0.0132562663712632,0.026240397752957),
 .UNSPECIFIED.);
#37=B_SPLINE_CURVE_WITH_KNOTS('',3,(#2693,#2694,#2695,#2696,#2697),
 .UNSPECIFIED.,.F.,.F.,(4,1,4),(0.,0.0132562663712632,0.026240397752957),
 .UNSPECIFIED.);
#38=B_SPLINE_CURVE_WITH_KNOTS('',3,(#2709,#2710,#2711,#2712,#2713),
 .UNSPECIFIED.,.F.,.F.,(4,1,4),(0.,0.0133738621965251,0.0268737360376891),
 .UNSPECIFIED.);
#39=B_SPLINE_CURVE_WITH_KNOTS('',3,(#2716,#2717,#2718,#2719,#2720),
 .UNSPECIFIED.,.F.,.F.,(4,1,4),(0.,0.0133738621965251,0.0268737360376891),
 .UNSPECIFIED.);
#40=B_SPLINE_CURVE_WITH_KNOTS('',3,(#2732,#2733,#2734,#2735,#2736),
 .UNSPECIFIED.,.F.,.F.,(4,1,4),(0.,0.0229355653132646,0.0393331973461518),
 .UNSPECIFIED.);
#41=B_SPLINE_CURVE_WITH_KNOTS('',3,(#2739,#2740,#2741,#2742,#2743),
 .UNSPECIFIED.,.F.,.F.,(4,1,4),(0.,0.0229355653132646,0.0393331973461518),
 .UNSPECIFIED.);
#42=B_SPLINE_CURVE_WITH_KNOTS('',3,(#2785,#2786,#2787,#2788,#2789),
 .UNSPECIFIED.,.F.,.F.,(4,1,4),(0.,0.0394817255200799,0.0887812115292614),
 .UNSPECIFIED.);
#43=B_SPLINE_CURVE_WITH_KNOTS('',3,(#2792,#2793,#2794,#2795,#2796),
 .UNSPECIFIED.,.F.,.F.,(4,1,4),(0.,0.0394817255200799,0.0887812115292614),
 .UNSPECIFIED.);
#44=B_SPLINE_CURVE_WITH_KNOTS('',3,(#2808,#2809,#2810,#2811,#2812),
 .UNSPECIFIED.,.F.,.F.,(4,1,4),(0.,0.0410395596859918,0.0778179014233801),
 .UNSPECIFIED.);
#45=B_SPLINE_CURVE_WITH_KNOTS('',3,(#2815,#2816,#2817,#2818,#2819),
 .UNSPECIFIED.,.F.,.F.,(4,1,4),(0.,0.0410395596859918,0.0778179014233801),
 .UNSPECIFIED.);
#46=B_SPLINE_CURVE_WITH_KNOTS('',3,(#2831,#2832,#2833,#2834,#2835),
 .UNSPECIFIED.,.F.,.F.,(4,1,4),(0.,0.0345675671771492,0.0742032778951683),
 .UNSPECIFIED.);
#47=B_SPLINE_CURVE_WITH_KNOTS('',3,(#2838,#2839,#2840,#2841,#2842),
 .UNSPECIFIED.,.F.,.F.,(4,1,4),(0.,0.0345675671771492,0.0742032778951683),
 .UNSPECIFIED.);
#48=B_SPLINE_CURVE_WITH_KNOTS('',3,(#2854,#2855,#2856,#2857,#2858),
 .UNSPECIFIED.,.F.,.F.,(4,1,4),(0.,0.0444278642653953,0.0805881606415026),
 .UNSPECIFIED.);
#49=B_SPLINE_CURVE_WITH_KNOTS('',3,(#2861,#2862,#2863,#2864,#2865),
 .UNSPECIFIED.,.F.,.F.,(4,1,4),(0.,0.0444278642653953,0.0805881606415026),
 .UNSPECIFIED.);
#50=B_SPLINE_CURVE_WITH_KNOTS('',3,(#2888,#2889,#2890,#2891,#2892),
 .UNSPECIFIED.,.F.,.F.,(4,1,4),(0.,0.0257554441900547,0.0504860835564466),
 .UNSPECIFIED.);
#51=B_SPLINE_CURVE_WITH_KNOTS('',3,(#2896,#2897,#2898,#2899,#2900),
 .UNSPECIFIED.,.F.,.F.,(4,1,4),(0.,0.0257554441900547,0.0504860835564466),
 .UNSPECIFIED.);
#52=B_SPLINE_CURVE_WITH_KNOTS('',3,(#2913,#2914,#2915,#2916,#2917),
 .UNSPECIFIED.,.F.,.F.,(4,1,4),(0.,0.024901871471762,0.0515725044888585),
 .UNSPECIFIED.);
#53=B_SPLINE_CURVE_WITH_KNOTS('',3,(#2920,#2921,#2922,#2923,#2924),
 .UNSPECIFIED.,.F.,.F.,(4,1,4),(0.,0.024901871471762,0.0515725044888585),
 .UNSPECIFIED.);
#54=B_SPLINE_CURVE_WITH_KNOTS('',3,(#2936,#2937,#2938,#2939,#2940),
 .UNSPECIFIED.,.F.,.F.,(4,1,4),(0.,0.03690395452326,0.0652175660156018),
 .UNSPECIFIED.);
#55=B_SPLINE_CURVE_WITH_KNOTS('',3,(#2943,#2944,#2945,#2946,#2947),
 .UNSPECIFIED.,.F.,.F.,(4,1,4),(0.,0.03690395452326,0.0652175660156018),
 .UNSPECIFIED.);
#56=B_SPLINE_CURVE_WITH_KNOTS('',3,(#2959,#2960,#2961,#2962,#2963),
 .UNSPECIFIED.,.F.,.F.,(4,1,4),(0.,0.0298116542261395,0.072623688959888),
 .UNSPECIFIED.);
#57=B_SPLINE_CURVE_WITH_KNOTS('',3,(#2966,#2967,#2968,#2969,#2970),
 .UNSPECIFIED.,.F.,.F.,(4,1,4),(0.,0.0298116542261395,0.072623688959888),
 .UNSPECIFIED.);
#58=B_SPLINE_CURVE_WITH_KNOTS('',3,(#2982,#2983,#2984,#2985,#2986),
 .UNSPECIFIED.,.F.,.F.,(4,1,4),(0.,0.0269426870083692,0.0514897627807473),
 .UNSPECIFIED.);
#59=B_SPLINE_CURVE_WITH_KNOTS('',3,(#2989,#2990,#2991,#2992,#2993),
 .UNSPECIFIED.,.F.,.F.,(4,1,4),(0.,0.0269426870083692,0.0514897627807473),
 .UNSPECIFIED.);
#60=B_SPLINE_CURVE_WITH_KNOTS('',3,(#3005,#3006,#3007,#3008,#3009),
 .UNSPECIFIED.,.F.,.F.,(4,1,4),(0.,0.02487382377731,0.0513575927262205),
 .UNSPECIFIED.);
#61=B_SPLINE_CURVE_WITH_KNOTS('',3,(#3012,#3013,#3014,#3015,#3016),
 .UNSPECIFIED.,.F.,.F.,(4,1,4),(0.,0.02487382377731,0.0513575927262205),
 .UNSPECIFIED.);
#62=B_SPLINE_CURVE_WITH_KNOTS('',3,(#3028,#3029,#3030,#3031,#3032),
 .UNSPECIFIED.,.F.,.F.,(4,1,4),(0.,0.0392623316288839,0.0684020038266683),
 .UNSPECIFIED.);
#63=B_SPLINE_CURVE_WITH_KNOTS('',3,(#3035,#3036,#3037,#3038,#3039),
 .UNSPECIFIED.,.F.,.F.,(4,1,4),(0.,0.0392623316288839,0.0684020038266683),
 .UNSPECIFIED.);
#64=B_SPLINE_CURVE_WITH_KNOTS('',3,(#3050,#3051,#3052,#3053,#3054),
 .UNSPECIFIED.,.F.,.F.,(4,1,4),(0.,0.0292651763004607,0.0688354129391969),
 .UNSPECIFIED.);
#65=B_SPLINE_CURVE_WITH_KNOTS('',3,(#3055,#3056,#3057,#3058,#3059),
 .UNSPECIFIED.,.F.,.F.,(4,1,4),(0.,0.0292651763004607,0.0688354129391969),
 .UNSPECIFIED.);
#66=B_SPLINE_CURVE_WITH_KNOTS('',3,(#3072,#3073,#3074,#3075,#3076),
 .UNSPECIFIED.,.F.,.F.,(4,1,4),(0.,0.036635277970379,0.0751634173859087),
 .UNSPECIFIED.);
#67=B_SPLINE_CURVE_WITH_KNOTS('',3,(#3080,#3081,#3082,#3083,#3084),
 .UNSPECIFIED.,.F.,.F.,(4,1,4),(0.,0.036635277970379,0.0751634173859087),
 .UNSPECIFIED.);
#68=B_SPLINE_CURVE_WITH_KNOTS('',3,(#3097,#3098,#3099,#3100,#3101),
 .UNSPECIFIED.,.F.,.F.,(4,1,4),(0.,0.0465519431789426,0.0860851340696289),
 .UNSPECIFIED.);
#69=B_SPLINE_CURVE_WITH_KNOTS('',3,(#3104,#3105,#3106,#3107,#3108),
 .UNSPECIFIED.,.F.,.F.,(4,1,4),(0.,0.0465519431789426,0.0860851340696289),
 .UNSPECIFIED.);
#70=B_SPLINE_CURVE_WITH_KNOTS('',3,(#3120,#3121,#3122,#3123,#3124),
 .UNSPECIFIED.,.F.,.F.,(4,1,4),(0.,0.0401151508457293,0.0861671236157328),
 .UNSPECIFIED.);
#71=B_SPLINE_CURVE_WITH_KNOTS('',3,(#3127,#3128,#3129,#3130,#3131),
 .UNSPECIFIED.,.F.,.F.,(4,1,4),(0.,0.0401151508457293,0.0861671236157328),
 .UNSPECIFIED.);
#72=B_SPLINE_CURVE_WITH_KNOTS('',3,(#3143,#3144,#3145,#3146,#3147),
 .UNSPECIFIED.,.F.,.F.,(4,1,4),(0.,0.0369326339825228,0.0740242349534329),
 .UNSPECIFIED.);
#73=B_SPLINE_CURVE_WITH_KNOTS('',3,(#3150,#3151,#3152,#3153,#3154),
 .UNSPECIFIED.,.F.,.F.,(4,1,4),(0.,0.0369326339825228,0.0740242349534329),
 .UNSPECIFIED.);
#74=B_SPLINE_CURVE_WITH_KNOTS('',3,(#3166,#3167,#3168,#3169,#3170),
 .UNSPECIFIED.,.F.,.F.,(4,1,4),(0.,0.0480640008146034,0.0886897075081244),
 .UNSPECIFIED.);
#75=B_SPLINE_CURVE_WITH_KNOTS('',3,(#3173,#3174,#3175,#3176,#3177),
 .UNSPECIFIED.,.F.,.F.,(4,1,4),(0.,0.0480640008146034,0.0886897075081244),
 .UNSPECIFIED.);
#76=B_SPLINE_CURVE_WITH_KNOTS('',3,(#3189,#3190,#3191,#3192,#3193),
 .UNSPECIFIED.,.F.,.F.,(4,1,4),(0.,0.0570384647278837,0.122214805852254),
 .UNSPECIFIED.);
#77=B_SPLINE_CURVE_WITH_KNOTS('',3,(#3196,#3197,#3198,#3199,#3200),
 .UNSPECIFIED.,.F.,.F.,(4,1,4),(0.,0.0570384647278837,0.122214805852254),
 .UNSPECIFIED.);
#78=B_SPLINE_CURVE_WITH_KNOTS('',3,(#3212,#3213,#3214,#3215,#3216),
 .UNSPECIFIED.,.F.,.F.,(4,1,4),(0.,0.0670606736291736,0.124694426734025),
 .UNSPECIFIED.);
#79=B_SPLINE_CURVE_WITH_KNOTS('',3,(#3219,#3220,#3221,#3222,#3223),
 .UNSPECIFIED.,.F.,.F.,(4,1,4),(0.,0.0670606736291736,0.124694426734025),
 .UNSPECIFIED.);
#80=B_SPLINE_CURVE_WITH_KNOTS('',3,(#3235,#3236,#3237,#3238,#3239),
 .UNSPECIFIED.,.F.,.F.,(4,1,4),(0.,0.0577865758151827,0.123610520743036),
 .UNSPECIFIED.);
#81=B_SPLINE_CURVE_WITH_KNOTS('',3,(#3242,#3243,#3244,#3245,#3246),
 .UNSPECIFIED.,.F.,.F.,(4,1,4),(0.,0.0577865758151827,0.123610520743036),
 .UNSPECIFIED.);
#82=B_SPLINE_CURVE_WITH_KNOTS('',3,(#3258,#3259,#3260,#3261,#3262),
 .UNSPECIFIED.,.F.,.F.,(4,1,4),(0.,0.0661272436217386,0.1240005410491),
 .UNSPECIFIED.);
#83=B_SPLINE_CURVE_WITH_KNOTS('',3,(#3265,#3266,#3267,#3268,#3269),
 .UNSPECIFIED.,.F.,.F.,(4,1,4),(0.,0.0661272436217386,0.1240005410491),
 .UNSPECIFIED.);
#84=B_SPLINE_CURVE_WITH_KNOTS('',3,(#3280,#3281,#3282,#3283,#3284),
 .UNSPECIFIED.,.F.,.F.,(4,1,4),(0.,0.0423331297321208,0.0908016968103081),
 .UNSPECIFIED.);
#85=B_SPLINE_CURVE_WITH_KNOTS('',3,(#3285,#3286,#3287,#3288,#3289),
 .UNSPECIFIED.,.F.,.F.,(4,1,4),(0.,0.0423331297321208,0.0908016968103081),
 .UNSPECIFIED.);
#86=B_SPLINE_SURFACE_WITH_KNOTS('',3,1,((#2652,#2653),(#2654,#2655),(#2656,
#2657),(#2658,#2659),(#2660,#2661)),.UNSPECIFIED.,.F.,.F.,.F.,(4,1,4),(2,
2),(0.,0.0154295702990064,0.0374123818113212),(0.,0.0199999999999996),
 .UNSPECIFIED.);
#87=B_SPLINE_SURFACE_WITH_KNOTS('',3,1,((#2675,#2676),(#2677,#2678),(#2679,
#2680),(#2681,#2682),(#2683,#2684)),.UNSPECIFIED.,.F.,.F.,.F.,(4,1,4),(2,
2),(0.,0.0132562663712632,0.026240397752957),(0.,0.0199999999999996),
 .UNSPECIFIED.);
#88=B_SPLINE_SURFACE_WITH_KNOTS('',3,1,((#2698,#2699),(#2700,#2701),(#2702,
#2703),(#2704,#2705),(#2706,#2707)),.UNSPECIFIED.,.F.,.F.,.F.,(4,1,4),(2,
2),(0.,0.0133738621965251,0.0268737360376891),(0.,0.0199999999999996),
 .UNSPECIFIED.);
#89=B_SPLINE_SURFACE_WITH_KNOTS('',3,1,((#2721,#2722),(#2723,#2724),(#2725,
#2726),(#2727,#2728),(#2729,#2730)),.UNSPECIFIED.,.F.,.F.,.F.,(4,1,4),(2,
2),(0.,0.0229355653132646,0.0393331973461518),(0.,0.0199999999999996),
 .UNSPECIFIED.);
#90=B_SPLINE_SURFACE_WITH_KNOTS('',3,1,((#2774,#2775),(#2776,#2777),(#2778,
#2779),(#2780,#2781),(#2782,#2783)),.UNSPECIFIED.,.F.,.F.,.F.,(4,1,4),(2,
2),(0.,0.0394817255200799,0.0887812115292614),(0.,0.0199999999999996),
 .UNSPECIFIED.);
#91=B_SPLINE_SURFACE_WITH_KNOTS('',3,1,((#2797,#2798),(#2799,#2800),(#2801,
#2802),(#2803,#2804),(#2805,#2806)),.UNSPECIFIED.,.F.,.F.,.F.,(4,1,4),(2,
2),(0.,0.0410395596859918,0.0778179014233801),(0.,0.0199999999999996),
 .UNSPECIFIED.);
#92=B_SPLINE_SURFACE_WITH_KNOTS('',3,1,((#2820,#2821),(#2822,#2823),(#2824,
#2825),(#2826,#2827),(#2828,#2829)),.UNSPECIFIED.,.F.,.F.,.F.,(4,1,4),(2,
2),(0.,0.0345675671771492,0.0742032778951683),(0.,0.0199999999999996),
 .UNSPECIFIED.);
#93=B_SPLINE_SURFACE_WITH_KNOTS('',3,1,((#2843,#2844),(#2845,#2846),(#2847,
#2848),(#2849,#2850),(#2851,#2852)),.UNSPECIFIED.,.F.,.F.,.F.,(4,1,4),(2,
2),(0.,0.0444278642653953,0.0805881606415026),(0.,0.0199999999999996),
 .UNSPECIFIED.);
#94=B_SPLINE_SURFACE_WITH_KNOTS('',3,1,((#2876,#2877),(#2878,#2879),(#2880,
#2881),(#2882,#2883),(#2884,#2885)),.UNSPECIFIED.,.F.,.F.,.F.,(4,1,4),(2,
2),(0.,0.0257554441900547,0.0504860835564466),(0.,0.0199999999999996),
 .UNSPECIFIED.);
#95=B_SPLINE_SURFACE_WITH_KNOTS('',3,1,((#2902,#2903),(#2904,#2905),(#2906,
#2907),(#2908,#2909),(#2910,#2911)),.UNSPECIFIED.,.F.,.F.,.F.,(4,1,4),(2,
2),(0.,0.024901871471762,0.0515725044888585),(0.,0.0199999999999996),
 .UNSPECIFIED.);
#96=B_SPLINE_SURFACE_WITH_KNOTS('',3,1,((#2925,#2926),(#2927,#2928),(#2929,
#2930),(#2931,#2932),(#2933,#2934)),.UNSPECIFIED.,.F.,.F.,.F.,(4,1,4),(2,
2),(0.,0.03690395452326,0.0652175660156018),(0.,0.0199999999999996),
 .UNSPECIFIED.);
#97=B_SPLINE_SURFACE_WITH_KNOTS('',3,1,((#2948,#2949),(#2950,#2951),(#2952,
#2953),(#2954,#2955),(#2956,#2957)),.UNSPECIFIED.,.F.,.F.,.F.,(4,1,4),(2,
2),(0.,0.0298116542261395,0.072623688959888),(0.,0.0199999999999996),
 .UNSPECIFIED.);
#98=B_SPLINE_SURFACE_WITH_KNOTS('',3,1,((#2971,#2972),(#2973,#2974),(#2975,
#2976),(#2977,#2978),(#2979,#2980)),.UNSPECIFIED.,.F.,.F.,.F.,(4,1,4),(2,
2),(0.,0.0269426870083692,0.0514897627807473),(0.,0.0199999999999996),
 .UNSPECIFIED.);
#99=B_SPLINE_SURFACE_WITH_KNOTS('',3,1,((#2994,#2995),(#2996,#2997),(#2998,
#2999),(#3000,#3001),(#3002,#3003)),.UNSPECIFIED.,.F.,.F.,.F.,(4,1,4),(2,
2),(0.,0.02487382377731,0.0513575927262205),(0.,0.0199999999999996),
 .UNSPECIFIED.);
#100=B_SPLINE_SURFACE_WITH_KNOTS('',3,1,((#3017,#3018),(#3019,#3020),(#3021,
#3022),(#3023,#3024),(#3025,#3026)),.UNSPECIFIED.,.F.,.F.,.F.,(4,1,4),(2,
2),(0.,0.0392623316288839,0.0684020038266683),(0.,0.0199999999999996),
 .UNSPECIFIED.);
#101=B_SPLINE_SURFACE_WITH_KNOTS('',3,1,((#3040,#3041),(#3042,#3043),(#3044,
#3045),(#3046,#3047),(#3048,#3049)),.UNSPECIFIED.,.F.,.F.,.F.,(4,1,4),(2,
2),(0.,0.0292651763004607,0.0688354129391969),(0.,0.0199999999999996),
 .UNSPECIFIED.);
#102=B_SPLINE_SURFACE_WITH_KNOTS('',3,1,((#3060,#3061),(#3062,#3063),(#3064,
#3065),(#3066,#3067),(#3068,#3069)),.UNSPECIFIED.,.F.,.F.,.F.,(4,1,4),(2,
2),(0.,0.036635277970379,0.0751634173859087),(0.,0.0199999999999996),
 .UNSPECIFIED.);
#103=B_SPLINE_SURFACE_WITH_KNOTS('',3,1,((#3086,#3087),(#3088,#3089),(#3090,
#3091),(#3092,#3093),(#3094,#3095)),.UNSPECIFIED.,.F.,.F.,.F.,(4,1,4),(2,
2),(0.,0.0465519431789426,0.0860851340696289),(0.,0.0199999999999996),
 .UNSPECIFIED.);
#104=B_SPLINE_SURFACE_WITH_KNOTS('',3,1,((#3109,#3110),(#3111,#3112),(#3113,
#3114),(#3115,#3116),(#3117,#3118)),.UNSPECIFIED.,.F.,.F.,.F.,(4,1,4),(2,
2),(0.,0.0401151508457293,0.0861671236157328),(0.,0.0199999999999996),
 .UNSPECIFIED.);
#105=B_SPLINE_SURFACE_WITH_KNOTS('',3,1,((#3132,#3133),(#3134,#3135),(#3136,
#3137),(#3138,#3139),(#3140,#3141)),.UNSPECIFIED.,.F.,.F.,.F.,(4,1,4),(2,
2),(0.,0.0369326339825228,0.0740242349534329),(0.,0.0199999999999996),
 .UNSPECIFIED.);
#106=B_SPLINE_SURFACE_WITH_KNOTS('',3,1,((#3155,#3156),(#3157,#3158),(#3159,
#3160),(#3161,#3162),(#3163,#3164)),.UNSPECIFIED.,.F.,.F.,.F.,(4,1,4),(2,
2),(0.,0.0480640008146034,0.0886897075081244),(0.,0.0199999999999996),
 .UNSPECIFIED.);
#107=B_SPLINE_SURFACE_WITH_KNOTS('',3,1,((#3178,#3179),(#3180,#3181),(#3182,
#3183),(#3184,#3185),(#3186,#3187)),.UNSPECIFIED.,.F.,.F.,.F.,(4,1,4),(2,
2),(0.,0.0570384647278837,0.122214805852254),(0.,0.0199999999999996),
 .UNSPECIFIED.);
#108=B_SPLINE_SURFACE_WITH_KNOTS('',3,1,((#3201,#3202),(#3203,#3204),(#3205,
#3206),(#3207,#3208),(#3209,#3210)),.UNSPECIFIED.,.F.,.F.,.F.,(4,1,4),(2,
2),(0.,0.0670606736291736,0.124694426734025),(0.,0.0199999999999996),
 .UNSPECIFIED.);
#109=B_SPLINE_SURFACE_WITH_KNOTS('',3,1,((#3224,#3225),(#3226,#3227),(#3228,
#3229),(#3230,#3231),(#3232,#3233)),.UNSPECIFIED.,.F.,.F.,.F.,(4,1,4),(2,
2),(0.,0.0577865758151827,0.123610520743036),(0.,0.0199999999999996),
 .UNSPECIFIED.);
#110=B_SPLINE_SURFACE_WITH_KNOTS('',3,1,((#3247,#3248),(#3249,#3250),(#3251,
#3252),(#3253,#3254),(#3255,#3256)),.UNSPECIFIED.,.F.,.F.,.F.,(4,1,4),(2,
2),(0.,0.0661272436217386,0.1240005410491),(0.,0.0199999999999996),
 .UNSPECIFIED.);
#111=B_SPLINE_SURFACE_WITH_KNOTS('',3,1,((#3270,#3271),(#3272,#3273),(#3274,
#3275),(#3276,#3277),(#3278,#3279)),.UNSPECIFIED.,.F.,.F.,.F.,(4,1,4),(2,
2),(0.,0.0423331297321208,0.0908016968103081),(0.,0.0199999999999996),
 .UNSPECIFIED.);
#112=PLANE('',#2079);
#113=PLANE('',#2081);
#114=PLANE('',#2084);
#115=PLANE('',#2085);
#116=PLANE('',#2086);
#117=PLANE('',#2087);
#118=PLANE('',#2088);
#119=PLANE('',#2089);
#120=PLANE('',#2090);
#121=PLANE('',#2091);
#122=PLANE('',#2092);
#123=PLANE('',#2093);
#124=PLANE('',#2094);
#125=PLANE('',#2095);
#126=PLANE('',#2096);
#127=PLANE('',#2097);
#128=PLANE('',#2098);
#129=PLANE('',#2099);
#130=PLANE('',#2100);
#131=PLANE('',#2101);
#132=PLANE('',#2102);
#133=PLANE('',#2103);
#134=PLANE('',#2113);
#135=PLANE('',#2114);
#136=PLANE('',#2115);
#137=PLANE('',#2116);
#138=PLANE('',#2117);
#139=PLANE('',#2118);
#140=PLANE('',#2119);
#141=PLANE('',#2120);
#142=PLANE('',#2121);
#143=PLANE('',#2122);
#144=PLANE('',#2123);
#145=PLANE('',#2124);
#146=PLANE('',#2125);
#147=PLANE('',#2126);
#148=PLANE('',#2127);
#149=PLANE('',#2128);
#150=PLANE('',#2129);
#151=PLANE('',#2130);
#152=PLANE('',#2131);
#153=PLANE('',#2132);
#154=PLANE('',#2142);
#155=PLANE('',#2143);
#156=PLANE('',#2144);
#157=PLANE('',#2145);
#158=PLANE('',#2146);
#159=PLANE('',#2147);
#160=PLANE('',#2148);
#161=PLANE('',#2149);
#162=PLANE('',#2150);
#163=PLANE('',#2151);
#164=PLANE('',#2152);
#165=PLANE('',#2153);
#166=PLANE('',#2154);
#167=PLANE('',#2155);
#168=PLANE('',#2159);
#169=PLANE('',#2160);
#170=PLANE('',#2161);
#171=PLANE('',#2162);
#172=PLANE('',#2163);
#173=PLANE('',#2164);
#174=PLANE('',#2165);
#175=PLANE('',#2167);
#176=PLANE('',#2169);
#177=PLANE('',#2171);
#178=PLANE('',#2173);
#179=PLANE('',#2175);
#180=PLANE('',#2177);
#181=PLANE('',#2179);
#182=PLANE('',#2181);
#183=PLANE('',#2182);
#184=FACE_OUTER_BOUND('',#294,.T.);
#185=FACE_OUTER_BOUND('',#295,.T.);
#186=FACE_OUTER_BOUND('',#296,.T.);
#187=FACE_OUTER_BOUND('',#297,.T.);
#188=FACE_OUTER_BOUND('',#298,.T.);
#189=FACE_OUTER_BOUND('',#299,.T.);
#190=FACE_OUTER_BOUND('',#300,.T.);
#191=FACE_OUTER_BOUND('',#301,.T.);
#192=FACE_OUTER_BOUND('',#302,.T.);
#193=FACE_OUTER_BOUND('',#303,.T.);
#194=FACE_OUTER_BOUND('',#304,.T.);
#195=FACE_OUTER_BOUND('',#305,.T.);
#196=FACE_OUTER_BOUND('',#306,.T.);
#197=FACE_OUTER_BOUND('',#307,.T.);
#198=FACE_OUTER_BOUND('',#308,.T.);
#199=FACE_OUTER_BOUND('',#309,.T.);
#200=FACE_OUTER_BOUND('',#310,.T.);
#201=FACE_OUTER_BOUND('',#311,.T.);
#202=FACE_OUTER_BOUND('',#312,.T.);
#203=FACE_OUTER_BOUND('',#313,.T.);
#204=FACE_OUTER_BOUND('',#314,.T.);
#205=FACE_OUTER_BOUND('',#316,.T.);
#206=FACE_OUTER_BOUND('',#317,.T.);
#207=FACE_OUTER_BOUND('',#318,.T.);
#208=FACE_OUTER_BOUND('',#319,.T.);
#209=FACE_OUTER_BOUND('',#320,.T.);
#210=FACE_OUTER_BOUND('',#321,.T.);
#211=FACE_OUTER_BOUND('',#322,.T.);
#212=FACE_OUTER_BOUND('',#323,.T.);
#213=FACE_OUTER_BOUND('',#324,.T.);
#214=FACE_OUTER_BOUND('',#325,.T.);
#215=FACE_OUTER_BOUND('',#326,.T.);
#216=FACE_OUTER_BOUND('',#327,.T.);
#217=FACE_OUTER_BOUND('',#328,.T.);
#218=FACE_OUTER_BOUND('',#329,.T.);
#219=FACE_OUTER_BOUND('',#330,.T.);
#220=FACE_OUTER_BOUND('',#331,.T.);
#221=FACE_OUTER_BOUND('',#332,.T.);
#222=FACE_OUTER_BOUND('',#333,.T.);
#223=FACE_OUTER_BOUND('',#334,.T.);
#224=FACE_OUTER_BOUND('',#336,.T.);
#225=FACE_OUTER_BOUND('',#337,.T.);
#226=FACE_OUTER_BOUND('',#338,.T.);
#227=FACE_OUTER_BOUND('',#339,.T.);
#228=FACE_OUTER_BOUND('',#340,.T.);
#229=FACE_OUTER_BOUND('',#341,.T.);
#230=FACE_OUTER_BOUND('',#342,.T.);
#231=FACE_OUTER_BOUND('',#343,.T.);
#232=FACE_OUTER_BOUND('',#344,.T.);
#233=FACE_OUTER_BOUND('',#345,.T.);
#234=FACE_OUTER_BOUND('',#357,.T.);
#235=FACE_OUTER_BOUND('',#358,.T.);
#236=FACE_OUTER_BOUND('',#359,.T.);
#237=FACE_OUTER_BOUND('',#360,.T.);
#238=FACE_OUTER_BOUND('',#361,.T.);
#239=FACE_OUTER_BOUND('',#362,.T.);
#240=FACE_OUTER_BOUND('',#363,.T.);
#241=FACE_OUTER_BOUND('',#364,.T.);
#242=FACE_OUTER_BOUND('',#365,.T.);
#243=FACE_OUTER_BOUND('',#366,.T.);
#244=FACE_OUTER_BOUND('',#367,.T.);
#245=FACE_OUTER_BOUND('',#368,.T.);
#246=FACE_OUTER_BOUND('',#369,.T.);
#247=FACE_OUTER_BOUND('',#370,.T.);
#248=FACE_OUTER_BOUND('',#371,.T.);
#249=FACE_OUTER_BOUND('',#372,.T.);
#250=FACE_OUTER_BOUND('',#373,.T.);
#251=FACE_OUTER_BOUND('',#374,.T.);
#252=FACE_OUTER_BOUND('',#375,.T.);
#253=FACE_OUTER_BOUND('',#376,.T.);
#254=FACE_OUTER_BOUND('',#382,.T.);
#255=FACE_OUTER_BOUND('',#383,.T.);
#256=FACE_OUTER_BOUND('',#384,.T.);
#257=FACE_OUTER_BOUND('',#385,.T.);
#258=FACE_OUTER_BOUND('',#386,.T.);
#259=FACE_OUTER_BOUND('',#387,.T.);
#260=FACE_OUTER_BOUND('',#388,.T.);
#261=FACE_OUTER_BOUND('',#389,.T.);
#262=FACE_OUTER_BOUND('',#390,.T.);
#263=FACE_OUTER_BOUND('',#391,.T.);
#264=FACE_OUTER_BOUND('',#392,.T.);
#265=FACE_OUTER_BOUND('',#393,.T.);
#266=FACE_OUTER_BOUND('',#394,.T.);
#267=FACE_OUTER_BOUND('',#395,.T.);
#268=FACE_OUTER_BOUND('',#396,.T.);
#269=FACE_OUTER_BOUND('',#397,.T.);
#270=FACE_OUTER_BOUND('',#398,.T.);
#271=FACE_OUTER_BOUND('',#399,.T.);
#272=FACE_OUTER_BOUND('',#400,.T.);
#273=FACE_OUTER_BOUND('',#401,.T.);
#274=FACE_OUTER_BOUND('',#402,.T.);
#275=FACE_OUTER_BOUND('',#403,.T.);
#276=FACE_OUTER_BOUND('',#404,.T.);
#277=FACE_OUTER_BOUND('',#405,.T.);
#278=FACE_OUTER_BOUND('',#406,.T.);
#279=FACE_OUTER_BOUND('',#407,.T.);
#280=FACE_OUTER_BOUND('',#408,.T.);
#281=FACE_OUTER_BOUND('',#409,.T.);
#282=FACE_OUTER_BOUND('',#410,.T.);
#283=FACE_OUTER_BOUND('',#411,.T.);
#284=FACE_OUTER_BOUND('',#412,.T.);
#285=FACE_OUTER_BOUND('',#413,.T.);
#286=FACE_OUTER_BOUND('',#414,.T.);
#287=FACE_OUTER_BOUND('',#415,.T.);
#288=FACE_OUTER_BOUND('',#416,.T.);
#289=FACE_OUTER_BOUND('',#417,.T.);
#290=FACE_OUTER_BOUND('',#418,.T.);
#291=FACE_OUTER_BOUND('',#419,.T.);
#292=FACE_OUTER_BOUND('',#420,.T.);
#293=FACE_OUTER_BOUND('',#421,.T.);
#294=EDGE_LOOP('',(#1359,#1360,#1361,#1362));
#295=EDGE_LOOP('',(#1363,#1364,#1365,#1366,#1367,#1368));
#296=EDGE_LOOP('',(#1369,#1370,#1371,#1372));
#297=EDGE_LOOP('',(#1373,#1374,#1375,#1376));
#298=EDGE_LOOP('',(#1377,#1378,#1379,#1380));
#299=EDGE_LOOP('',(#1381,#1382,#1383,#1384));
#300=EDGE_LOOP('',(#1385,#1386,#1387,#1388));
#301=EDGE_LOOP('',(#1389,#1390,#1391,#1392));
#302=EDGE_LOOP('',(#1393,#1394,#1395,#1396));
#303=EDGE_LOOP('',(#1397,#1398,#1399,#1400));
#304=EDGE_LOOP('',(#1401,#1402,#1403,#1404));
#305=EDGE_LOOP('',(#1405,#1406,#1407,#1408));
#306=EDGE_LOOP('',(#1409,#1410,#1411,#1412));
#307=EDGE_LOOP('',(#1413,#1414,#1415,#1416));
#308=EDGE_LOOP('',(#1417,#1418,#1419,#1420));
#309=EDGE_LOOP('',(#1421,#1422,#1423,#1424));
#310=EDGE_LOOP('',(#1425,#1426,#1427,#1428));
#311=EDGE_LOOP('',(#1429,#1430,#1431,#1432));
#312=EDGE_LOOP('',(#1433,#1434,#1435,#1436));
#313=EDGE_LOOP('',(#1437,#1438,#1439,#1440));
#314=EDGE_LOOP('',(#1441,#1442,#1443,#1444,#1445,#1446,#1447,#1448,#1449));
#315=EDGE_LOOP('',(#1450,#1451,#1452,#1453,#1454,#1455,#1456));
#316=EDGE_LOOP('',(#1457,#1458,#1459,#1460));
#317=EDGE_LOOP('',(#1461,#1462,#1463,#1464));
#318=EDGE_LOOP('',(#1465,#1466,#1467,#1468));
#319=EDGE_LOOP('',(#1469,#1470,#1471,#1472));
#320=EDGE_LOOP('',(#1473,#1474,#1475,#1476));
#321=EDGE_LOOP('',(#1477,#1478,#1479,#1480));
#322=EDGE_LOOP('',(#1481,#1482,#1483,#1484));
#323=EDGE_LOOP('',(#1485,#1486,#1487,#1488));
#324=EDGE_LOOP('',(#1489,#1490,#1491,#1492));
#325=EDGE_LOOP('',(#1493,#1494,#1495,#1496));
#326=EDGE_LOOP('',(#1497,#1498,#1499,#1500));
#327=EDGE_LOOP('',(#1501,#1502,#1503,#1504));
#328=EDGE_LOOP('',(#1505,#1506,#1507,#1508));
#329=EDGE_LOOP('',(#1509,#1510,#1511,#1512));
#330=EDGE_LOOP('',(#1513,#1514,#1515,#1516));
#331=EDGE_LOOP('',(#1517,#1518,#1519,#1520));
#332=EDGE_LOOP('',(#1521,#1522,#1523,#1524));
#333=EDGE_LOOP('',(#1525,#1526,#1527,#1528));
#334=EDGE_LOOP('',(#1529,#1530,#1531,#1532,#1533,#1534,#1535,#1536,#1537,
#1538));
#335=EDGE_LOOP('',(#1539,#1540,#1541,#1542,#1543,#1544,#1545,#1546));
#336=EDGE_LOOP('',(#1547,#1548,#1549,#1550));
#337=EDGE_LOOP('',(#1551,#1552,#1553,#1554));
#338=EDGE_LOOP('',(#1555,#1556,#1557,#1558));
#339=EDGE_LOOP('',(#1559,#1560,#1561,#1562));
#340=EDGE_LOOP('',(#1563,#1564,#1565,#1566));
#341=EDGE_LOOP('',(#1567,#1568,#1569,#1570));
#342=EDGE_LOOP('',(#1571,#1572,#1573,#1574));
#343=EDGE_LOOP('',(#1575,#1576,#1577,#1578));
#344=EDGE_LOOP('',(#1579,#1580,#1581,#1582,#1583,#1584,#1585,#1586));
#345=EDGE_LOOP('',(#1587,#1588,#1589,#1590,#1591,#1592,#1593,#1594,#1595,
#1596,#1597,#1598));
#346=EDGE_LOOP('',(#1599,#1600,#1601,#1602,#1603,#1604,#1605,#1606,#1607));
#347=EDGE_LOOP('',(#1608,#1609,#1610,#1611,#1612,#1613,#1614,#1615,#1616,
#1617));
#348=EDGE_LOOP('',(#1618,#1619,#1620,#1621,#1622,#1623,#1624,#1625));
#349=EDGE_LOOP('',(#1626,#1627,#1628,#1629));
#350=EDGE_LOOP('',(#1630,#1631,#1632,#1633));
#351=EDGE_LOOP('',(#1634,#1635,#1636,#1637,#1638,#1639));
#352=EDGE_LOOP('',(#1640,#1641,#1642,#1643));
#353=EDGE_LOOP('',(#1644,#1645,#1646,#1647));
#354=EDGE_LOOP('',(#1648));
#355=EDGE_LOOP('',(#1649,#1650,#1651,#1652));
#356=EDGE_LOOP('',(#1653,#1654,#1655,#1656));
#357=EDGE_LOOP('',(#1657,#1658,#1659,#1660,#1661,#1662,#1663,#1664));
#358=EDGE_LOOP('',(#1665,#1666,#1667,#1668));
#359=EDGE_LOOP('',(#1669,#1670,#1671,#1672));
#360=EDGE_LOOP('',(#1673,#1674,#1675,#1676));
#361=EDGE_LOOP('',(#1677,#1678,#1679,#1680));
#362=EDGE_LOOP('',(#1681,#1682,#1683,#1684));
#363=EDGE_LOOP('',(#1685,#1686,#1687,#1688));
#364=EDGE_LOOP('',(#1689,#1690,#1691,#1692));
#365=EDGE_LOOP('',(#1693,#1694,#1695,#1696));
#366=EDGE_LOOP('',(#1697,#1698,#1699,#1700));
#367=EDGE_LOOP('',(#1701,#1702,#1703,#1704));
#368=EDGE_LOOP('',(#1705,#1706,#1707,#1708));
#369=EDGE_LOOP('',(#1709,#1710,#1711,#1712));
#370=EDGE_LOOP('',(#1713,#1714,#1715,#1716));
#371=EDGE_LOOP('',(#1717,#1718,#1719,#1720));
#372=EDGE_LOOP('',(#1721,#1722,#1723,#1724));
#373=EDGE_LOOP('',(#1725,#1726,#1727,#1728));
#374=EDGE_LOOP('',(#1729,#1730,#1731,#1732));
#375=EDGE_LOOP('',(#1733,#1734,#1735,#1736));
#376=EDGE_LOOP('',(#1737,#1738,#1739,#1740,#1741,#1742,#1743,#1744));
#377=EDGE_LOOP('',(#1745));
#378=EDGE_LOOP('',(#1746,#1747,#1748,#1749));
#379=EDGE_LOOP('',(#1750,#1751,#1752,#1753));
#380=EDGE_LOOP('',(#1754,#1755,#1756,#1757));
#381=EDGE_LOOP('',(#1758,#1759,#1760,#1761));
#382=EDGE_LOOP('',(#1762,#1763,#1764,#1765,#1766,#1767));
#383=EDGE_LOOP('',(#1768,#1769,#1770,#1771));
#384=EDGE_LOOP('',(#1772,#1773,#1774,#1775));
#385=EDGE_LOOP('',(#1776,#1777,#1778,#1779,#1780,#1781));
#386=EDGE_LOOP('',(#1782,#1783,#1784,#1785));
#387=EDGE_LOOP('',(#1786,#1787,#1788,#1789));
#388=EDGE_LOOP('',(#1790,#1791,#1792,#1793,#1794,#1795));
#389=EDGE_LOOP('',(#1796,#1797,#1798,#1799));
#390=EDGE_LOOP('',(#1800,#1801,#1802,#1803,#1804,#1805));
#391=EDGE_LOOP('',(#1806,#1807,#1808,#1809,#1810,#1811));
#392=EDGE_LOOP('',(#1812,#1813,#1814,#1815));
#393=EDGE_LOOP('',(#1816,#1817,#1818,#1819));
#394=EDGE_LOOP('',(#1820,#1821,#1822,#1823));
#395=EDGE_LOOP('',(#1824,#1825,#1826,#1827,#1828,#1829));
#396=EDGE_LOOP('',(#1830,#1831,#1832,#1833));
#397=EDGE_LOOP('',(#1834,#1835,#1836,#1837));
#398=EDGE_LOOP('',(#1838,#1839,#1840,#1841));
#399=EDGE_LOOP('',(#1842,#1843,#1844,#1845));
#400=EDGE_LOOP('',(#1846,#1847,#1848,#1849));
#401=EDGE_LOOP('',(#1850,#1851,#1852,#1853,#1854,#1855));
#402=EDGE_LOOP('',(#1856,#1857,#1858,#1859));
#403=EDGE_LOOP('',(#1860,#1861,#1862,#1863,#1864,#1865));
#404=EDGE_LOOP('',(#1866,#1867,#1868,#1869));
#405=EDGE_LOOP('',(#1870,#1871,#1872,#1873));
#406=EDGE_LOOP('',(#1874,#1875,#1876,#1877));
#407=EDGE_LOOP('',(#1878,#1879,#1880,#1881));
#408=EDGE_LOOP('',(#1882,#1883,#1884,#1885));
#409=EDGE_LOOP('',(#1886,#1887,#1888,#1889));
#410=EDGE_LOOP('',(#1890,#1891,#1892,#1893));
#411=EDGE_LOOP('',(#1894,#1895,#1896,#1897));
#412=EDGE_LOOP('',(#1898,#1899,#1900,#1901));
#413=EDGE_LOOP('',(#1902,#1903,#1904,#1905));
#414=EDGE_LOOP('',(#1906,#1907,#1908,#1909));
#415=EDGE_LOOP('',(#1910,#1911,#1912,#1913));
#416=EDGE_LOOP('',(#1914,#1915,#1916,#1917));
#417=EDGE_LOOP('',(#1918,#1919,#1920,#1921));
#418=EDGE_LOOP('',(#1922,#1923,#1924,#1925));
#419=EDGE_LOOP('',(#1926,#1927,#1928,#1929));
#420=EDGE_LOOP('',(#1930,#1931,#1932,#1933));
#421=EDGE_LOOP('',(#1934,#1935,#1936,#1937,#1938,#1939,#1940));
#422=LINE('',#2621,#638);
#423=LINE('',#2624,#639);
#424=LINE('',#2627,#640);
#425=LINE('',#2631,#641);
#426=LINE('',#2633,#642);
#427=LINE('',#2634,#643);
#428=LINE('',#2637,#644);
#429=LINE('',#2638,#645);
#430=LINE('',#2642,#646);
#431=LINE('',#2646,#647);
#432=LINE('',#2648,#648);
#433=LINE('',#2650,#649);
#434=LINE('',#2651,#650);
#435=LINE('',#2669,#651);
#436=LINE('',#2692,#652);
#437=LINE('',#2715,#653);
#438=LINE('',#2738,#654);
#439=LINE('',#2746,#655);
#440=LINE('',#2748,#656);
#441=LINE('',#2749,#657);
#442=LINE('',#2751,#658);
#443=LINE('',#2752,#659);
#444=LINE('',#2756,#660);
#445=LINE('',#2758,#661);
#446=LINE('',#2760,#662);
#447=LINE('',#2761,#663);
#448=LINE('',#2764,#664);
#449=LINE('',#2766,#665);
#450=LINE('',#2767,#666);
#451=LINE('',#2770,#667);
#452=LINE('',#2772,#668);
#453=LINE('',#2773,#669);
#454=LINE('',#2791,#670);
#455=LINE('',#2814,#671);
#456=LINE('',#2837,#672);
#457=LINE('',#2860,#673);
#458=LINE('',#2868,#674);
#459=LINE('',#2870,#675);
#460=LINE('',#2871,#676);
#461=LINE('',#2873,#677);
#462=LINE('',#2874,#678);
#463=LINE('',#2894,#679);
#464=LINE('',#2901,#680);
#465=LINE('',#2919,#681);
#466=LINE('',#2942,#682);
#467=LINE('',#2965,#683);
#468=LINE('',#2988,#684);
#469=LINE('',#3011,#685);
#470=LINE('',#3034,#686);
#471=LINE('',#3078,#687);
#472=LINE('',#3085,#688);
#473=LINE('',#3103,#689);
#474=LINE('',#3126,#690);
#475=LINE('',#3149,#691);
#476=LINE('',#3172,#692);
#477=LINE('',#3195,#693);
#478=LINE('',#3218,#694);
#479=LINE('',#3241,#695);
#480=LINE('',#3264,#696);
#481=LINE('',#3294,#697);
#482=LINE('',#3296,#698);
#483=LINE('',#3298,#699);
#484=LINE('',#3299,#700);
#485=LINE('',#3302,#701);
#486=LINE('',#3304,#702);
#487=LINE('',#3305,#703);
#488=LINE('',#3308,#704);
#489=LINE('',#3310,#705);
#490=LINE('',#3311,#706);
#491=LINE('',#3314,#707);
#492=LINE('',#3316,#708);
#493=LINE('',#3317,#709);
#494=LINE('',#3320,#710);
#495=LINE('',#3322,#711);
#496=LINE('',#3323,#712);
#497=LINE('',#3326,#713);
#498=LINE('',#3328,#714);
#499=LINE('',#3329,#715);
#500=LINE('',#3332,#716);
#501=LINE('',#3334,#717);
#502=LINE('',#3335,#718);
#503=LINE('',#3337,#719);
#504=LINE('',#3338,#720);
#505=LINE('',#3342,#721);
#506=LINE('',#3344,#722);
#507=LINE('',#3346,#723);
#508=LINE('',#3348,#724);
#509=LINE('',#3350,#725);
#510=LINE('',#3352,#726);
#511=LINE('',#3354,#727);
#512=LINE('',#3356,#728);
#513=LINE('',#3358,#729);
#514=LINE('',#3360,#730);
#515=LINE('',#3361,#731);
#516=LINE('',#3364,#732);
#517=LINE('',#3366,#733);
#518=LINE('',#3368,#734);
#519=LINE('',#3369,#735);
#520=LINE('',#3372,#736);
#521=LINE('',#3374,#737);
#522=LINE('',#3376,#738);
#523=LINE('',#3377,#739);
#524=LINE('',#3380,#740);
#525=LINE('',#3382,#741);
#526=LINE('',#3384,#742);
#527=LINE('',#3386,#743);
#528=LINE('',#3388,#744);
#529=LINE('',#3389,#745);
#530=LINE('',#3394,#746);
#531=LINE('',#3397,#747);
#532=LINE('',#3402,#748);
#533=LINE('',#3405,#749);
#534=LINE('',#3412,#750);
#535=LINE('',#3415,#751);
#536=LINE('',#3420,#752);
#537=LINE('',#3423,#753);
#538=LINE('',#3427,#754);
#539=LINE('',#3429,#755);
#540=LINE('',#3430,#756);
#541=LINE('',#3433,#757);
#542=LINE('',#3435,#758);
#543=LINE('',#3436,#759);
#544=LINE('',#3439,#760);
#545=LINE('',#3441,#761);
#546=LINE('',#3442,#762);
#547=LINE('',#3445,#763);
#548=LINE('',#3447,#764);
#549=LINE('',#3448,#765);
#550=LINE('',#3451,#766);
#551=LINE('',#3453,#767);
#552=LINE('',#3454,#768);
#553=LINE('',#3457,#769);
#554=LINE('',#3459,#770);
#555=LINE('',#3460,#771);
#556=LINE('',#3464,#772);
#557=LINE('',#3466,#773);
#558=LINE('',#3468,#774);
#559=LINE('',#3469,#775);
#560=LINE('',#3472,#776);
#561=LINE('',#3474,#777);
#562=LINE('',#3475,#778);
#563=LINE('',#3478,#779);
#564=LINE('',#3480,#780);
#565=LINE('',#3481,#781);
#566=LINE('',#3484,#782);
#567=LINE('',#3486,#783);
#568=LINE('',#3487,#784);
#569=LINE('',#3490,#785);
#570=LINE('',#3492,#786);
#571=LINE('',#3493,#787);
#572=LINE('',#3496,#788);
#573=LINE('',#3498,#789);
#574=LINE('',#3499,#790);
#575=LINE('',#3502,#791);
#576=LINE('',#3504,#792);
#577=LINE('',#3505,#793);
#578=LINE('',#3507,#794);
#579=LINE('',#3508,#795);
#580=LINE('',#3510,#796);
#581=LINE('',#3511,#797);
#582=LINE('',#3513,#798);
#583=LINE('',#3515,#799);
#584=LINE('',#3517,#800);
#585=LINE('',#3525,#801);
#586=LINE('',#3528,#802);
#587=LINE('',#3533,#803);
#588=LINE('',#3536,#804);
#589=LINE('',#3541,#805);
#590=LINE('',#3544,#806);
#591=LINE('',#3549,#807);
#592=LINE('',#3552,#808);
#593=LINE('',#3554,#809);
#594=LINE('',#3555,#810);
#595=LINE('',#3558,#811);
#596=LINE('',#3560,#812);
#597=LINE('',#3561,#813);
#598=LINE('',#3564,#814);
#599=LINE('',#3566,#815);
#600=LINE('',#3567,#816);
#601=LINE('',#3569,#817);
#602=LINE('',#3572,#818);
#603=LINE('',#3574,#819);
#604=LINE('',#3575,#820);
#605=LINE('',#3578,#821);
#606=LINE('',#3580,#822);
#607=LINE('',#3581,#823);
#608=LINE('',#3583,#824);
#609=LINE('',#3585,#825);
#610=LINE('',#3588,#826);
#611=LINE('',#3591,#827);
#612=LINE('',#3593,#828);
#613=LINE('',#3597,#829);
#614=LINE('',#3600,#830);
#615=LINE('',#3602,#831);
#616=LINE('',#3604,#832);
#617=LINE('',#3608,#833);
#618=LINE('',#3609,#834);
#619=LINE('',#3612,#835);
#620=LINE('',#3613,#836);
#621=LINE('',#3615,#837);
#622=LINE('',#3618,#838);
#623=LINE('',#3619,#839);
#624=LINE('',#3621,#840);
#625=LINE('',#3623,#841);
#626=LINE('',#3626,#842);
#627=LINE('',#3627,#843);
#628=LINE('',#3629,#844);
#629=LINE('',#3631,#845);
#630=LINE('',#3634,#846);
#631=LINE('',#3635,#847);
#632=LINE('',#3637,#848);
#633=LINE('',#3639,#849);
#634=LINE('',#3642,#850);
#635=LINE('',#3643,#851);
#636=LINE('',#3645,#852);
#637=LINE('',#3647,#853);
#638=VECTOR('',#2189,10.);
#639=VECTOR('',#2192,10.);
#640=VECTOR('',#2195,10.);
#641=VECTOR('',#2198,10.);
#642=VECTOR('',#2199,10.);
#643=VECTOR('',#2200,10.);
#644=VECTOR('',#2203,10.);
#645=VECTOR('',#2204,10.);
#646=VECTOR('',#2209,10.);
#647=VECTOR('',#2212,10.);
#648=VECTOR('',#2213,10.);
#649=VECTOR('',#2214,10.);
#650=VECTOR('',#2215,10.);
#651=VECTOR('',#2216,10.);
#652=VECTOR('',#2217,10.);
#653=VECTOR('',#2218,10.);
#654=VECTOR('',#2219,10.);
#655=VECTOR('',#2222,10.);
#656=VECTOR('',#2223,10.);
#657=VECTOR('',#2224,10.);
#658=VECTOR('',#2227,10.);
#659=VECTOR('',#2228,10.);
#660=VECTOR('',#2231,10.);
#661=VECTOR('',#2232,10.);
#662=VECTOR('',#2233,10.);
#663=VECTOR('',#2234,10.);
#664=VECTOR('',#2237,10.);
#665=VECTOR('',#2238,10.);
#666=VECTOR('',#2239,10.);
#667=VECTOR('',#2242,10.);
#668=VECTOR('',#2243,10.);
#669=VECTOR('',#2244,10.);
#670=VECTOR('',#2245,10.);
#671=VECTOR('',#2246,10.);
#672=VECTOR('',#2247,10.);
#673=VECTOR('',#2248,10.);
#674=VECTOR('',#2251,10.);
#675=VECTOR('',#2252,10.);
#676=VECTOR('',#2253,10.);
#677=VECTOR('',#2256,10.);
#678=VECTOR('',#2257,10.);
#679=VECTOR('',#2260,10.);
#680=VECTOR('',#2261,10.);
#681=VECTOR('',#2262,10.);
#682=VECTOR('',#2263,10.);
#683=VECTOR('',#2264,10.);
#684=VECTOR('',#2265,10.);
#685=VECTOR('',#2266,10.);
#686=VECTOR('',#2267,10.);
#687=VECTOR('',#2268,10.);
#688=VECTOR('',#2269,10.);
#689=VECTOR('',#2270,10.);
#690=VECTOR('',#2271,10.);
#691=VECTOR('',#2272,10.);
#692=VECTOR('',#2273,10.);
#693=VECTOR('',#2274,10.);
#694=VECTOR('',#2275,10.);
#695=VECTOR('',#2276,10.);
#696=VECTOR('',#2277,10.);
#697=VECTOR('',#2282,10.);
#698=VECTOR('',#2283,10.);
#699=VECTOR('',#2284,10.);
#700=VECTOR('',#2285,10.);
#701=VECTOR('',#2288,10.);
#702=VECTOR('',#2289,10.);
#703=VECTOR('',#2290,10.);
#704=VECTOR('',#2293,10.);
#705=VECTOR('',#2294,10.);
#706=VECTOR('',#2295,10.);
#707=VECTOR('',#2298,10.);
#708=VECTOR('',#2299,10.);
#709=VECTOR('',#2300,10.);
#710=VECTOR('',#2303,10.);
#711=VECTOR('',#2304,10.);
#712=VECTOR('',#2305,10.);
#713=VECTOR('',#2308,10.);
#714=VECTOR('',#2309,10.);
#715=VECTOR('',#2310,10.);
#716=VECTOR('',#2313,10.);
#717=VECTOR('',#2314,10.);
#718=VECTOR('',#2315,10.);
#719=VECTOR('',#2318,10.);
#720=VECTOR('',#2319,10.);
#721=VECTOR('',#2324,10.);
#722=VECTOR('',#2325,10.);
#723=VECTOR('',#2326,10.);
#724=VECTOR('',#2327,10.);
#725=VECTOR('',#2328,10.);
#726=VECTOR('',#2329,10.);
#727=VECTOR('',#2330,10.);
#728=VECTOR('',#2331,10.);
#729=VECTOR('',#2332,10.);
#730=VECTOR('',#2333,10.);
#731=VECTOR('',#2334,10.);
#732=VECTOR('',#2335,10.);
#733=VECTOR('',#2336,10.);
#734=VECTOR('',#2337,10.);
#735=VECTOR('',#2338,10.);
#736=VECTOR('',#2339,10.);
#737=VECTOR('',#2340,10.);
#738=VECTOR('',#2341,10.);
#739=VECTOR('',#2342,10.);
#740=VECTOR('',#2343,10.);
#741=VECTOR('',#2344,10.);
#742=VECTOR('',#2345,10.);
#743=VECTOR('',#2346,10.);
#744=VECTOR('',#2347,10.);
#745=VECTOR('',#2348,10.);
#746=VECTOR('',#2351,10.);
#747=VECTOR('',#2354,10.);
#748=VECTOR('',#2357,10.);
#749=VECTOR('',#2360,10.);
#750=VECTOR('',#2365,10.);
#751=VECTOR('',#2368,10.);
#752=VECTOR('',#2371,10.);
#753=VECTOR('',#2374,10.);
#754=VECTOR('',#2379,10.);
#755=VECTOR('',#2380,10.);
#756=VECTOR('',#2381,10.);
#757=VECTOR('',#2384,10.);
#758=VECTOR('',#2385,10.);
#759=VECTOR('',#2386,10.);
#760=VECTOR('',#2389,10.);
#761=VECTOR('',#2390,10.);
#762=VECTOR('',#2391,10.);
#763=VECTOR('',#2394,10.);
#764=VECTOR('',#2395,10.);
#765=VECTOR('',#2396,10.);
#766=VECTOR('',#2399,10.);
#767=VECTOR('',#2400,10.);
#768=VECTOR('',#2401,10.);
#769=VECTOR('',#2404,10.);
#770=VECTOR('',#2405,10.);
#771=VECTOR('',#2406,10.);
#772=VECTOR('',#2409,10.);
#773=VECTOR('',#2410,10.);
#774=VECTOR('',#2411,10.);
#775=VECTOR('',#2412,10.);
#776=VECTOR('',#2415,10.);
#777=VECTOR('',#2416,10.);
#778=VECTOR('',#2417,10.);
#779=VECTOR('',#2420,10.);
#780=VECTOR('',#2421,10.);
#781=VECTOR('',#2422,10.);
#782=VECTOR('',#2425,10.);
#783=VECTOR('',#2426,10.);
#784=VECTOR('',#2427,10.);
#785=VECTOR('',#2430,10.);
#786=VECTOR('',#2431,10.);
#787=VECTOR('',#2432,10.);
#788=VECTOR('',#2435,10.);
#789=VECTOR('',#2436,10.);
#790=VECTOR('',#2437,10.);
#791=VECTOR('',#2440,10.);
#792=VECTOR('',#2441,10.);
#793=VECTOR('',#2442,10.);
#794=VECTOR('',#2445,10.);
#795=VECTOR('',#2446,10.);
#796=VECTOR('',#2449,10.);
#797=VECTOR('',#2450,10.);
#798=VECTOR('',#2453,10.);
#799=VECTOR('',#2456,10.);
#800=VECTOR('',#2459,10.);
#801=VECTOR('',#2466,10.);
#802=VECTOR('',#2469,10.);
#803=VECTOR('',#2472,10.);
#804=VECTOR('',#2475,10.);
#805=VECTOR('',#2478,10.);
#806=VECTOR('',#2481,10.);
#807=VECTOR('',#2484,10.);
#808=VECTOR('',#2487,10.);
#809=VECTOR('',#2490,10.);
#810=VECTOR('',#2491,10.);
#811=VECTOR('',#2494,10.);
#812=VECTOR('',#2495,10.);
#813=VECTOR('',#2496,10.);
#814=VECTOR('',#2499,10.);
#815=VECTOR('',#2500,10.);
#816=VECTOR('',#2501,10.);
#817=VECTOR('',#2504,10.);
#818=VECTOR('',#2507,10.);
#819=VECTOR('',#2508,10.);
#820=VECTOR('',#2509,10.);
#821=VECTOR('',#2512,10.);
#822=VECTOR('',#2513,10.);
#823=VECTOR('',#2514,10.);
#824=VECTOR('',#2517,10.);
#825=VECTOR('',#2520,10.);
#826=VECTOR('',#2525,10.);
#827=VECTOR('',#2530,10.);
#828=VECTOR('',#2533,10.);
#829=VECTOR('',#2538,3.4);
#830=VECTOR('',#2543,3.);
#831=VECTOR('',#2546,10.);
#832=VECTOR('',#2549,10.);
#833=VECTOR('',#2554,10.);
#834=VECTOR('',#2555,10.);
#835=VECTOR('',#2558,10.);
#836=VECTOR('',#2559,10.);
#837=VECTOR('',#2562,10.);
#838=VECTOR('',#2567,10.);
#839=VECTOR('',#2568,10.);
#840=VECTOR('',#2571,10.);
#841=VECTOR('',#2574,10.);
#842=VECTOR('',#2579,10.);
#843=VECTOR('',#2580,10.);
#844=VECTOR('',#2583,10.);
#845=VECTOR('',#2586,10.);
#846=VECTOR('',#2591,10.);
#847=VECTOR('',#2592,10.);
#848=VECTOR('',#2595,10.);
#849=VECTOR('',#2598,10.);
#850=VECTOR('',#2603,10.);
#851=VECTOR('',#2604,10.);
#852=VECTOR('',#2607,10.);
#853=VECTOR('',#2610,10.);
#854=CIRCLE('',#2077,0.400000000067523);
#855=CIRCLE('',#2078,0.400000000067523);
#856=CIRCLE('',#2080,0.400000000364483);
#857=CIRCLE('',#2083,0.400000000008613);
#858=CIRCLE('',#2104,1.6);
#859=CIRCLE('',#2105,1.6);
#860=CIRCLE('',#2106,1.6);
#861=CIRCLE('',#2107,1.6);
#862=CIRCLE('',#2108,3.);
#863=CIRCLE('',#2109,1.6);
#864=CIRCLE('',#2110,1.6);
#865=CIRCLE('',#2111,1.6);
#866=CIRCLE('',#2112,1.6);
#867=CIRCLE('',#2133,3.8);
#868=CIRCLE('',#2134,1.6);
#869=CIRCLE('',#2135,1.6);
#870=CIRCLE('',#2136,1.6);
#871=CIRCLE('',#2137,1.6);
#872=CIRCLE('',#2138,1.6);
#873=CIRCLE('',#2139,1.6);
#874=CIRCLE('',#2140,1.6);
#875=CIRCLE('',#2141,1.6);
#876=CIRCLE('',#2157,3.);
#877=VERTEX_POINT('',#2617);
#878=VERTEX_POINT('',#2618);
#879=VERTEX_POINT('',#2620);
#880=VERTEX_POINT('',#2622);
#881=VERTEX_POINT('',#2626);
#882=VERTEX_POINT('',#2628);
#883=VERTEX_POINT('',#2630);
#884=VERTEX_POINT('',#2632);
#885=VERTEX_POINT('',#2636);
#886=VERTEX_POINT('',#2640);
#887=VERTEX_POINT('',#2644);
#888=VERTEX_POINT('',#2645);
#889=VERTEX_POINT('',#2647);
#890=VERTEX_POINT('',#2649);
#891=VERTEX_POINT('',#2662);
#892=VERTEX_POINT('',#2668);
#893=VERTEX_POINT('',#2685);
#894=VERTEX_POINT('',#2691);
#895=VERTEX_POINT('',#2708);
#896=VERTEX_POINT('',#2714);
#897=VERTEX_POINT('',#2731);
#898=VERTEX_POINT('',#2737);
#899=VERTEX_POINT('',#2745);
#900=VERTEX_POINT('',#2747);
#901=VERTEX_POINT('',#2754);
#902=VERTEX_POINT('',#2755);
#903=VERTEX_POINT('',#2757);
#904=VERTEX_POINT('',#2759);
#905=VERTEX_POINT('',#2763);
#906=VERTEX_POINT('',#2765);
#907=VERTEX_POINT('',#2769);
#908=VERTEX_POINT('',#2771);
#909=VERTEX_POINT('',#2784);
#910=VERTEX_POINT('',#2790);
#911=VERTEX_POINT('',#2807);
#912=VERTEX_POINT('',#2813);
#913=VERTEX_POINT('',#2830);
#914=VERTEX_POINT('',#2836);
#915=VERTEX_POINT('',#2853);
#916=VERTEX_POINT('',#2859);
#917=VERTEX_POINT('',#2867);
#918=VERTEX_POINT('',#2869);
#919=VERTEX_POINT('',#2886);
#920=VERTEX_POINT('',#2887);
#921=VERTEX_POINT('',#2893);
#922=VERTEX_POINT('',#2895);
#923=VERTEX_POINT('',#2912);
#924=VERTEX_POINT('',#2918);
#925=VERTEX_POINT('',#2935);
#926=VERTEX_POINT('',#2941);
#927=VERTEX_POINT('',#2958);
#928=VERTEX_POINT('',#2964);
#929=VERTEX_POINT('',#2981);
#930=VERTEX_POINT('',#2987);
#931=VERTEX_POINT('',#3004);
#932=VERTEX_POINT('',#3010);
#933=VERTEX_POINT('',#3027);
#934=VERTEX_POINT('',#3033);
#935=VERTEX_POINT('',#3070);
#936=VERTEX_POINT('',#3071);
#937=VERTEX_POINT('',#3077);
#938=VERTEX_POINT('',#3079);
#939=VERTEX_POINT('',#3096);
#940=VERTEX_POINT('',#3102);
#941=VERTEX_POINT('',#3119);
#942=VERTEX_POINT('',#3125);
#943=VERTEX_POINT('',#3142);
#944=VERTEX_POINT('',#3148);
#945=VERTEX_POINT('',#3165);
#946=VERTEX_POINT('',#3171);
#947=VERTEX_POINT('',#3188);
#948=VERTEX_POINT('',#3194);
#949=VERTEX_POINT('',#3211);
#950=VERTEX_POINT('',#3217);
#951=VERTEX_POINT('',#3234);
#952=VERTEX_POINT('',#3240);
#953=VERTEX_POINT('',#3257);
#954=VERTEX_POINT('',#3263);
#955=VERTEX_POINT('',#3292);
#956=VERTEX_POINT('',#3293);
#957=VERTEX_POINT('',#3295);
#958=VERTEX_POINT('',#3297);
#959=VERTEX_POINT('',#3301);
#960=VERTEX_POINT('',#3303);
#961=VERTEX_POINT('',#3307);
#962=VERTEX_POINT('',#3309);
#963=VERTEX_POINT('',#3313);
#964=VERTEX_POINT('',#3315);
#965=VERTEX_POINT('',#3319);
#966=VERTEX_POINT('',#3321);
#967=VERTEX_POINT('',#3325);
#968=VERTEX_POINT('',#3327);
#969=VERTEX_POINT('',#3331);
#970=VERTEX_POINT('',#3333);
#971=VERTEX_POINT('',#3341);
#972=VERTEX_POINT('',#3343);
#973=VERTEX_POINT('',#3345);
#974=VERTEX_POINT('',#3347);
#975=VERTEX_POINT('',#3349);
#976=VERTEX_POINT('',#3351);
#977=VERTEX_POINT('',#3353);
#978=VERTEX_POINT('',#3355);
#979=VERTEX_POINT('',#3357);
#980=VERTEX_POINT('',#3359);
#981=VERTEX_POINT('',#3362);
#982=VERTEX_POINT('',#3363);
#983=VERTEX_POINT('',#3365);
#984=VERTEX_POINT('',#3367);
#985=VERTEX_POINT('',#3370);
#986=VERTEX_POINT('',#3371);
#987=VERTEX_POINT('',#3373);
#988=VERTEX_POINT('',#3375);
#989=VERTEX_POINT('',#3378);
#990=VERTEX_POINT('',#3379);
#991=VERTEX_POINT('',#3381);
#992=VERTEX_POINT('',#3383);
#993=VERTEX_POINT('',#3385);
#994=VERTEX_POINT('',#3387);
#995=VERTEX_POINT('',#3390);
#996=VERTEX_POINT('',#3391);
#997=VERTEX_POINT('',#3393);
#998=VERTEX_POINT('',#3395);
#999=VERTEX_POINT('',#3398);
#1000=VERTEX_POINT('',#3399);
#1001=VERTEX_POINT('',#3401);
#1002=VERTEX_POINT('',#3403);
#1003=VERTEX_POINT('',#3406);
#1004=VERTEX_POINT('',#3408);
#1005=VERTEX_POINT('',#3409);
#1006=VERTEX_POINT('',#3411);
#1007=VERTEX_POINT('',#3413);
#1008=VERTEX_POINT('',#3416);
#1009=VERTEX_POINT('',#3417);
#1010=VERTEX_POINT('',#3419);
#1011=VERTEX_POINT('',#3421);
#1012=VERTEX_POINT('',#3426);
#1013=VERTEX_POINT('',#3428);
#1014=VERTEX_POINT('',#3432);
#1015=VERTEX_POINT('',#3434);
#1016=VERTEX_POINT('',#3438);
#1017=VERTEX_POINT('',#3440);
#1018=VERTEX_POINT('',#3444);
#1019=VERTEX_POINT('',#3446);
#1020=VERTEX_POINT('',#3450);
#1021=VERTEX_POINT('',#3452);
#1022=VERTEX_POINT('',#3456);
#1023=VERTEX_POINT('',#3458);
#1024=VERTEX_POINT('',#3462);
#1025=VERTEX_POINT('',#3463);
#1026=VERTEX_POINT('',#3465);
#1027=VERTEX_POINT('',#3467);
#1028=VERTEX_POINT('',#3471);
#1029=VERTEX_POINT('',#3473);
#1030=VERTEX_POINT('',#3477);
#1031=VERTEX_POINT('',#3479);
#1032=VERTEX_POINT('',#3483);
#1033=VERTEX_POINT('',#3485);
#1034=VERTEX_POINT('',#3489);
#1035=VERTEX_POINT('',#3491);
#1036=VERTEX_POINT('',#3495);
#1037=VERTEX_POINT('',#3497);
#1038=VERTEX_POINT('',#3501);
#1039=VERTEX_POINT('',#3503);
#1040=VERTEX_POINT('',#3519);
#1041=VERTEX_POINT('',#3521);
#1042=VERTEX_POINT('',#3522);
#1043=VERTEX_POINT('',#3524);
#1044=VERTEX_POINT('',#3526);
#1045=VERTEX_POINT('',#3529);
#1046=VERTEX_POINT('',#3530);
#1047=VERTEX_POINT('',#3532);
#1048=VERTEX_POINT('',#3534);
#1049=VERTEX_POINT('',#3537);
#1050=VERTEX_POINT('',#3538);
#1051=VERTEX_POINT('',#3540);
#1052=VERTEX_POINT('',#3542);
#1053=VERTEX_POINT('',#3545);
#1054=VERTEX_POINT('',#3546);
#1055=VERTEX_POINT('',#3548);
#1056=VERTEX_POINT('',#3550);
#1057=VERTEX_POINT('',#3557);
#1058=VERTEX_POINT('',#3559);
#1059=VERTEX_POINT('',#3563);
#1060=VERTEX_POINT('',#3565);
#1061=VERTEX_POINT('',#3571);
#1062=VERTEX_POINT('',#3573);
#1063=VERTEX_POINT('',#3577);
#1064=VERTEX_POINT('',#3579);
#1065=VERTEX_POINT('',#3596);
#1066=VERTEX_POINT('',#3607);
#1067=VERTEX_POINT('',#3611);
#1068=EDGE_CURVE('',#877,#878,#854,.T.);
#1069=EDGE_CURVE('',#878,#879,#422,.T.);
#1070=EDGE_CURVE('',#879,#880,#855,.T.);
#1071=EDGE_CURVE('',#880,#877,#423,.T.);
#1072=EDGE_CURVE('',#881,#879,#424,.F.);
#1073=EDGE_CURVE('',#882,#881,#856,.T.);
#1074=EDGE_CURVE('',#883,#882,#425,.F.);
#1075=EDGE_CURVE('',#884,#883,#426,.T.);
#1076=EDGE_CURVE('',#884,#880,#427,.T.);
#1077=EDGE_CURVE('',#878,#885,#428,.F.);
#1078=EDGE_CURVE('',#881,#885,#429,.T.);
#1079=EDGE_CURVE('',#885,#886,#857,.T.);
#1080=EDGE_CURVE('',#886,#882,#430,.T.);
#1081=EDGE_CURVE('',#887,#888,#431,.T.);
#1082=EDGE_CURVE('',#887,#889,#432,.T.);
#1083=EDGE_CURVE('',#889,#890,#433,.T.);
#1084=EDGE_CURVE('',#888,#890,#434,.T.);
#1085=EDGE_CURVE('',#891,#887,#34,.T.);
#1086=EDGE_CURVE('',#891,#892,#435,.T.);
#1087=EDGE_CURVE('',#892,#889,#35,.T.);
#1088=EDGE_CURVE('',#893,#891,#36,.T.);
#1089=EDGE_CURVE('',#893,#894,#436,.T.);
#1090=EDGE_CURVE('',#894,#892,#37,.T.);
#1091=EDGE_CURVE('',#895,#893,#38,.T.);
#1092=EDGE_CURVE('',#895,#896,#437,.T.);
#1093=EDGE_CURVE('',#896,#894,#39,.T.);
#1094=EDGE_CURVE('',#897,#895,#40,.T.);
#1095=EDGE_CURVE('',#897,#898,#438,.T.);
#1096=EDGE_CURVE('',#898,#896,#41,.T.);
#1097=EDGE_CURVE('',#899,#897,#439,.T.);
#1098=EDGE_CURVE('',#899,#900,#440,.T.);
#1099=EDGE_CURVE('',#900,#898,#441,.T.);
#1100=EDGE_CURVE('',#888,#899,#442,.T.);
#1101=EDGE_CURVE('',#890,#900,#443,.T.);
#1102=EDGE_CURVE('',#901,#902,#444,.T.);
#1103=EDGE_CURVE('',#901,#903,#445,.T.);
#1104=EDGE_CURVE('',#903,#904,#446,.T.);
#1105=EDGE_CURVE('',#902,#904,#447,.T.);
#1106=EDGE_CURVE('',#905,#901,#448,.T.);
#1107=EDGE_CURVE('',#905,#906,#449,.T.);
#1108=EDGE_CURVE('',#906,#903,#450,.T.);
#1109=EDGE_CURVE('',#907,#905,#451,.T.);
#1110=EDGE_CURVE('',#907,#908,#452,.T.);
#1111=EDGE_CURVE('',#908,#906,#453,.T.);
#1112=EDGE_CURVE('',#909,#907,#42,.T.);
#1113=EDGE_CURVE('',#909,#910,#454,.T.);
#1114=EDGE_CURVE('',#910,#908,#43,.T.);
#1115=EDGE_CURVE('',#911,#909,#44,.T.);
#1116=EDGE_CURVE('',#911,#912,#455,.T.);
#1117=EDGE_CURVE('',#912,#910,#45,.T.);
#1118=EDGE_CURVE('',#913,#911,#46,.T.);
#1119=EDGE_CURVE('',#913,#914,#456,.T.);
#1120=EDGE_CURVE('',#914,#912,#47,.T.);
#1121=EDGE_CURVE('',#915,#913,#48,.T.);
#1122=EDGE_CURVE('',#915,#916,#457,.T.);
#1123=EDGE_CURVE('',#916,#914,#49,.T.);
#1124=EDGE_CURVE('',#917,#915,#458,.T.);
#1125=EDGE_CURVE('',#917,#918,#459,.T.);
#1126=EDGE_CURVE('',#918,#916,#460,.T.);
#1127=EDGE_CURVE('',#902,#917,#461,.T.);
#1128=EDGE_CURVE('',#904,#918,#462,.T.);
#1129=EDGE_CURVE('',#919,#920,#50,.T.);
#1130=EDGE_CURVE('',#919,#921,#463,.T.);
#1131=EDGE_CURVE('',#921,#922,#51,.T.);
#1132=EDGE_CURVE('',#920,#922,#464,.T.);
#1133=EDGE_CURVE('',#923,#919,#52,.T.);
#1134=EDGE_CURVE('',#923,#924,#465,.T.);
#1135=EDGE_CURVE('',#924,#921,#53,.T.);
#1136=EDGE_CURVE('',#925,#923,#54,.T.);
#1137=EDGE_CURVE('',#925,#926,#466,.T.);
#1138=EDGE_CURVE('',#926,#924,#55,.T.);
#1139=EDGE_CURVE('',#927,#925,#56,.T.);
#1140=EDGE_CURVE('',#927,#928,#467,.T.);
#1141=EDGE_CURVE('',#928,#926,#57,.T.);
#1142=EDGE_CURVE('',#929,#927,#58,.T.);
#1143=EDGE_CURVE('',#929,#930,#468,.T.);
#1144=EDGE_CURVE('',#930,#928,#59,.T.);
#1145=EDGE_CURVE('',#931,#929,#60,.T.);
#1146=EDGE_CURVE('',#931,#932,#469,.T.);
#1147=EDGE_CURVE('',#932,#930,#61,.T.);
#1148=EDGE_CURVE('',#933,#931,#62,.T.);
#1149=EDGE_CURVE('',#933,#934,#470,.T.);
#1150=EDGE_CURVE('',#934,#932,#63,.T.);
#1151=EDGE_CURVE('',#920,#933,#64,.T.);
#1152=EDGE_CURVE('',#922,#934,#65,.T.);
#1153=EDGE_CURVE('',#935,#936,#66,.T.);
#1154=EDGE_CURVE('',#935,#937,#471,.T.);
#1155=EDGE_CURVE('',#937,#938,#67,.T.);
#1156=EDGE_CURVE('',#936,#938,#472,.T.);
#1157=EDGE_CURVE('',#939,#935,#68,.T.);
#1158=EDGE_CURVE('',#939,#940,#473,.T.);
#1159=EDGE_CURVE('',#940,#937,#69,.T.);
#1160=EDGE_CURVE('',#941,#939,#70,.T.);
#1161=EDGE_CURVE('',#941,#942,#474,.T.);
#1162=EDGE_CURVE('',#942,#940,#71,.T.);
#1163=EDGE_CURVE('',#943,#941,#72,.T.);
#1164=EDGE_CURVE('',#943,#944,#475,.T.);
#1165=EDGE_CURVE('',#944,#942,#73,.T.);
#1166=EDGE_CURVE('',#945,#943,#74,.T.);
#1167=EDGE_CURVE('',#945,#946,#476,.T.);
#1168=EDGE_CURVE('',#946,#944,#75,.T.);
#1169=EDGE_CURVE('',#947,#945,#76,.T.);
#1170=EDGE_CURVE('',#947,#948,#477,.T.);
#1171=EDGE_CURVE('',#948,#946,#77,.T.);
#1172=EDGE_CURVE('',#949,#947,#78,.T.);
#1173=EDGE_CURVE('',#949,#950,#478,.T.);
#1174=EDGE_CURVE('',#950,#948,#79,.T.);
#1175=EDGE_CURVE('',#951,#949,#80,.T.);
#1176=EDGE_CURVE('',#951,#952,#479,.T.);
#1177=EDGE_CURVE('',#952,#950,#81,.T.);
#1178=EDGE_CURVE('',#953,#951,#82,.T.);
#1179=EDGE_CURVE('',#953,#954,#480,.T.);
#1180=EDGE_CURVE('',#954,#952,#83,.T.);
#1181=EDGE_CURVE('',#936,#953,#84,.T.);
#1182=EDGE_CURVE('',#938,#954,#85,.T.);
#1183=EDGE_CURVE('',#955,#956,#481,.T.);
#1184=EDGE_CURVE('',#955,#957,#482,.T.);
#1185=EDGE_CURVE('',#957,#958,#483,.T.);
#1186=EDGE_CURVE('',#956,#958,#484,.T.);
#1187=EDGE_CURVE('',#959,#955,#485,.T.);
#1188=EDGE_CURVE('',#959,#960,#486,.T.);
#1189=EDGE_CURVE('',#960,#957,#487,.T.);
#1190=EDGE_CURVE('',#961,#959,#488,.T.);
#1191=EDGE_CURVE('',#961,#962,#489,.T.);
#1192=EDGE_CURVE('',#962,#960,#490,.T.);
#1193=EDGE_CURVE('',#963,#961,#491,.T.);
#1194=EDGE_CURVE('',#963,#964,#492,.T.);
#1195=EDGE_CURVE('',#964,#962,#493,.T.);
#1196=EDGE_CURVE('',#965,#963,#494,.T.);
#1197=EDGE_CURVE('',#965,#966,#495,.T.);
#1198=EDGE_CURVE('',#966,#964,#496,.T.);
#1199=EDGE_CURVE('',#967,#965,#497,.T.);
#1200=EDGE_CURVE('',#967,#968,#498,.T.);
#1201=EDGE_CURVE('',#968,#966,#499,.T.);
#1202=EDGE_CURVE('',#969,#967,#500,.T.);
#1203=EDGE_CURVE('',#969,#970,#501,.T.);
#1204=EDGE_CURVE('',#970,#968,#502,.T.);
#1205=EDGE_CURVE('',#956,#969,#503,.T.);
#1206=EDGE_CURVE('',#958,#970,#504,.T.);
#1207=EDGE_CURVE('',#883,#971,#505,.T.);
#1208=EDGE_CURVE('',#971,#972,#506,.T.);
#1209=EDGE_CURVE('',#972,#973,#507,.T.);
#1210=EDGE_CURVE('',#973,#974,#508,.T.);
#1211=EDGE_CURVE('',#974,#975,#509,.T.);
#1212=EDGE_CURVE('',#975,#976,#510,.T.);
#1213=EDGE_CURVE('',#976,#977,#511,.T.);
#1214=EDGE_CURVE('',#977,#978,#512,.T.);
#1215=EDGE_CURVE('',#978,#979,#513,.T.);
#1216=EDGE_CURVE('',#979,#980,#514,.T.);
#1217=EDGE_CURVE('',#980,#884,#515,.T.);
#1218=EDGE_CURVE('',#981,#982,#516,.T.);
#1219=EDGE_CURVE('',#982,#983,#517,.T.);
#1220=EDGE_CURVE('',#983,#984,#518,.T.);
#1221=EDGE_CURVE('',#981,#984,#519,.T.);
#1222=EDGE_CURVE('',#985,#986,#520,.T.);
#1223=EDGE_CURVE('',#986,#987,#521,.T.);
#1224=EDGE_CURVE('',#987,#988,#522,.T.);
#1225=EDGE_CURVE('',#985,#988,#523,.T.);
#1226=EDGE_CURVE('',#989,#990,#524,.T.);
#1227=EDGE_CURVE('',#990,#991,#525,.T.);
#1228=EDGE_CURVE('',#991,#992,#526,.T.);
#1229=EDGE_CURVE('',#992,#993,#527,.T.);
#1230=EDGE_CURVE('',#993,#994,#528,.T.);
#1231=EDGE_CURVE('',#989,#994,#529,.T.);
#1232=EDGE_CURVE('',#995,#996,#858,.T.);
#1233=EDGE_CURVE('',#996,#997,#530,.T.);
#1234=EDGE_CURVE('',#997,#998,#859,.T.);
#1235=EDGE_CURVE('',#998,#995,#531,.T.);
#1236=EDGE_CURVE('',#999,#1000,#860,.T.);
#1237=EDGE_CURVE('',#1000,#1001,#532,.T.);
#1238=EDGE_CURVE('',#1001,#1002,#861,.T.);
#1239=EDGE_CURVE('',#1002,#999,#533,.T.);
#1240=EDGE_CURVE('',#1003,#1003,#862,.T.);
#1241=EDGE_CURVE('',#1004,#1005,#863,.T.);
#1242=EDGE_CURVE('',#1005,#1006,#534,.T.);
#1243=EDGE_CURVE('',#1006,#1007,#864,.T.);
#1244=EDGE_CURVE('',#1007,#1004,#535,.T.);
#1245=EDGE_CURVE('',#1008,#1009,#865,.T.);
#1246=EDGE_CURVE('',#1009,#1010,#536,.T.);
#1247=EDGE_CURVE('',#1010,#1011,#866,.T.);
#1248=EDGE_CURVE('',#1011,#1008,#537,.T.);
#1249=EDGE_CURVE('',#984,#1012,#538,.T.);
#1250=EDGE_CURVE('',#1012,#1013,#539,.T.);
#1251=EDGE_CURVE('',#1013,#981,#540,.T.);
#1252=EDGE_CURVE('',#1012,#1014,#541,.T.);
#1253=EDGE_CURVE('',#1015,#1014,#542,.T.);
#1254=EDGE_CURVE('',#1013,#1015,#543,.T.);
#1255=EDGE_CURVE('',#988,#1016,#544,.T.);
#1256=EDGE_CURVE('',#1016,#1017,#545,.T.);
#1257=EDGE_CURVE('',#1017,#985,#546,.T.);
#1258=EDGE_CURVE('',#1016,#1018,#547,.T.);
#1259=EDGE_CURVE('',#1019,#1018,#548,.T.);
#1260=EDGE_CURVE('',#1017,#1019,#549,.T.);
#1261=EDGE_CURVE('',#994,#1020,#550,.T.);
#1262=EDGE_CURVE('',#1020,#1021,#551,.T.);
#1263=EDGE_CURVE('',#1021,#989,#552,.T.);
#1264=EDGE_CURVE('',#1020,#1022,#553,.F.);
#1265=EDGE_CURVE('',#1023,#1022,#554,.T.);
#1266=EDGE_CURVE('',#1021,#1023,#555,.T.);
#1267=EDGE_CURVE('',#1024,#1025,#556,.T.);
#1268=EDGE_CURVE('',#1025,#1026,#557,.T.);
#1269=EDGE_CURVE('',#1026,#1027,#558,.T.);
#1270=EDGE_CURVE('',#1027,#1024,#559,.T.);
#1271=EDGE_CURVE('',#1027,#1028,#560,.T.);
#1272=EDGE_CURVE('',#1028,#1029,#561,.T.);
#1273=EDGE_CURVE('',#1029,#1024,#562,.T.);
#1274=EDGE_CURVE('',#1028,#1030,#563,.T.);
#1275=EDGE_CURVE('',#1030,#1031,#564,.T.);
#1276=EDGE_CURVE('',#1031,#1029,#565,.T.);
#1277=EDGE_CURVE('',#1030,#1032,#566,.T.);
#1278=EDGE_CURVE('',#1032,#1033,#567,.T.);
#1279=EDGE_CURVE('',#1033,#1031,#568,.T.);
#1280=EDGE_CURVE('',#1034,#1033,#569,.T.);
#1281=EDGE_CURVE('',#1032,#1035,#570,.T.);
#1282=EDGE_CURVE('',#1035,#1034,#571,.T.);
#1283=EDGE_CURVE('',#1036,#1034,#572,.T.);
#1284=EDGE_CURVE('',#1035,#1037,#573,.T.);
#1285=EDGE_CURVE('',#1037,#1036,#574,.T.);
#1286=EDGE_CURVE('',#1038,#1036,#575,.T.);
#1287=EDGE_CURVE('',#1037,#1039,#576,.T.);
#1288=EDGE_CURVE('',#1039,#1038,#577,.T.);
#1289=EDGE_CURVE('',#1025,#1038,#578,.T.);
#1290=EDGE_CURVE('',#1039,#1026,#579,.T.);
#1291=EDGE_CURVE('',#1036,#972,#580,.T.);
#1292=EDGE_CURVE('',#1034,#971,#581,.T.);
#1293=EDGE_CURVE('',#1038,#973,#582,.T.);
#1294=EDGE_CURVE('',#1025,#974,#583,.T.);
#1295=EDGE_CURVE('',#1024,#975,#584,.T.);
#1296=EDGE_CURVE('',#1040,#1040,#867,.T.);
#1297=EDGE_CURVE('',#1041,#1042,#868,.T.);
#1298=EDGE_CURVE('',#1042,#1043,#585,.T.);
#1299=EDGE_CURVE('',#1043,#1044,#869,.T.);
#1300=EDGE_CURVE('',#1044,#1041,#586,.T.);
#1301=EDGE_CURVE('',#1045,#1046,#870,.T.);
#1302=EDGE_CURVE('',#1046,#1047,#587,.T.);
#1303=EDGE_CURVE('',#1047,#1048,#871,.T.);
#1304=EDGE_CURVE('',#1048,#1045,#588,.T.);
#1305=EDGE_CURVE('',#1049,#1050,#872,.T.);
#1306=EDGE_CURVE('',#1050,#1051,#589,.T.);
#1307=EDGE_CURVE('',#1051,#1052,#873,.T.);
#1308=EDGE_CURVE('',#1052,#1049,#590,.T.);
#1309=EDGE_CURVE('',#1053,#1054,#874,.T.);
#1310=EDGE_CURVE('',#1054,#1055,#591,.T.);
#1311=EDGE_CURVE('',#1055,#1056,#875,.T.);
#1312=EDGE_CURVE('',#1056,#1053,#592,.T.);
#1313=EDGE_CURVE('',#979,#883,#593,.T.);
#1314=EDGE_CURVE('',#1033,#978,#594,.T.);
#1315=EDGE_CURVE('',#1014,#1057,#595,.T.);
#1316=EDGE_CURVE('',#1057,#1058,#596,.T.);
#1317=EDGE_CURVE('',#1058,#1015,#597,.T.);
#1318=EDGE_CURVE('',#1057,#1059,#598,.T.);
#1319=EDGE_CURVE('',#1059,#1060,#599,.F.);
#1320=EDGE_CURVE('',#1060,#1058,#600,.T.);
#1321=EDGE_CURVE('',#983,#1059,#601,.F.);
#1322=EDGE_CURVE('',#1018,#1061,#602,.T.);
#1323=EDGE_CURVE('',#1061,#1062,#603,.T.);
#1324=EDGE_CURVE('',#1062,#1019,#604,.T.);
#1325=EDGE_CURVE('',#1061,#1063,#605,.T.);
#1326=EDGE_CURVE('',#1063,#1064,#606,.F.);
#1327=EDGE_CURVE('',#1064,#1062,#607,.T.);
#1328=EDGE_CURVE('',#987,#1063,#608,.F.);
#1329=EDGE_CURVE('',#982,#1060,#609,.T.);
#1330=EDGE_CURVE('',#986,#1064,#610,.T.);
#1331=EDGE_CURVE('',#980,#877,#611,.F.);
#1332=EDGE_CURVE('',#979,#886,#612,.T.);
#1333=EDGE_CURVE('',#1040,#1065,#613,.T.);
#1334=EDGE_CURVE('',#1065,#1065,#876,.T.);
#1335=EDGE_CURVE('',#1065,#1003,#614,.T.);
#1336=EDGE_CURVE('',#1029,#976,#615,.T.);
#1337=EDGE_CURVE('',#1031,#977,#616,.T.);
#1338=EDGE_CURVE('',#1066,#1023,#617,.T.);
#1339=EDGE_CURVE('',#991,#1066,#618,.F.);
#1340=EDGE_CURVE('',#1067,#1066,#619,.T.);
#1341=EDGE_CURVE('',#992,#1067,#620,.T.);
#1342=EDGE_CURVE('',#1022,#1067,#621,.T.);
#1343=EDGE_CURVE('',#995,#1054,#622,.T.);
#1344=EDGE_CURVE('',#996,#1053,#623,.T.);
#1345=EDGE_CURVE('',#998,#1055,#624,.T.);
#1346=EDGE_CURVE('',#997,#1056,#625,.T.);
#1347=EDGE_CURVE('',#999,#1050,#626,.T.);
#1348=EDGE_CURVE('',#1000,#1049,#627,.T.);
#1349=EDGE_CURVE('',#1002,#1051,#628,.T.);
#1350=EDGE_CURVE('',#1001,#1052,#629,.T.);
#1351=EDGE_CURVE('',#1004,#1046,#630,.T.);
#1352=EDGE_CURVE('',#1005,#1045,#631,.T.);
#1353=EDGE_CURVE('',#1007,#1047,#632,.T.);
#1354=EDGE_CURVE('',#1006,#1048,#633,.T.);
#1355=EDGE_CURVE('',#1008,#1042,#634,.T.);
#1356=EDGE_CURVE('',#1009,#1041,#635,.T.);
#1357=EDGE_CURVE('',#1011,#1043,#636,.T.);
#1358=EDGE_CURVE('',#1010,#1044,#637,.T.);
#1359=ORIENTED_EDGE('',*,*,#1068,.T.);
#1360=ORIENTED_EDGE('',*,*,#1069,.T.);
#1361=ORIENTED_EDGE('',*,*,#1070,.T.);
#1362=ORIENTED_EDGE('',*,*,#1071,.T.);
#1363=ORIENTED_EDGE('',*,*,#1070,.F.);
#1364=ORIENTED_EDGE('',*,*,#1072,.F.);
#1365=ORIENTED_EDGE('',*,*,#1073,.F.);
#1366=ORIENTED_EDGE('',*,*,#1074,.F.);
#1367=ORIENTED_EDGE('',*,*,#1075,.F.);
#1368=ORIENTED_EDGE('',*,*,#1076,.T.);
#1369=ORIENTED_EDGE('',*,*,#1069,.F.);
#1370=ORIENTED_EDGE('',*,*,#1077,.T.);
#1371=ORIENTED_EDGE('',*,*,#1078,.F.);
#1372=ORIENTED_EDGE('',*,*,#1072,.T.);
#1373=ORIENTED_EDGE('',*,*,#1073,.T.);
#1374=ORIENTED_EDGE('',*,*,#1078,.T.);
#1375=ORIENTED_EDGE('',*,*,#1079,.T.);
#1376=ORIENTED_EDGE('',*,*,#1080,.T.);
#1377=ORIENTED_EDGE('',*,*,#1081,.F.);
#1378=ORIENTED_EDGE('',*,*,#1082,.T.);
#1379=ORIENTED_EDGE('',*,*,#1083,.T.);
#1380=ORIENTED_EDGE('',*,*,#1084,.F.);
#1381=ORIENTED_EDGE('',*,*,#1085,.F.);
#1382=ORIENTED_EDGE('',*,*,#1086,.T.);
#1383=ORIENTED_EDGE('',*,*,#1087,.T.);
#1384=ORIENTED_EDGE('',*,*,#1082,.F.);
#1385=ORIENTED_EDGE('',*,*,#1088,.F.);
#1386=ORIENTED_EDGE('',*,*,#1089,.T.);
#1387=ORIENTED_EDGE('',*,*,#1090,.T.);
#1388=ORIENTED_EDGE('',*,*,#1086,.F.);
#1389=ORIENTED_EDGE('',*,*,#1091,.F.);
#1390=ORIENTED_EDGE('',*,*,#1092,.T.);
#1391=ORIENTED_EDGE('',*,*,#1093,.T.);
#1392=ORIENTED_EDGE('',*,*,#1089,.F.);
#1393=ORIENTED_EDGE('',*,*,#1094,.F.);
#1394=ORIENTED_EDGE('',*,*,#1095,.T.);
#1395=ORIENTED_EDGE('',*,*,#1096,.T.);
#1396=ORIENTED_EDGE('',*,*,#1092,.F.);
#1397=ORIENTED_EDGE('',*,*,#1097,.F.);
#1398=ORIENTED_EDGE('',*,*,#1098,.T.);
#1399=ORIENTED_EDGE('',*,*,#1099,.T.);
#1400=ORIENTED_EDGE('',*,*,#1095,.F.);
#1401=ORIENTED_EDGE('',*,*,#1100,.F.);
#1402=ORIENTED_EDGE('',*,*,#1084,.T.);
#1403=ORIENTED_EDGE('',*,*,#1101,.T.);
#1404=ORIENTED_EDGE('',*,*,#1098,.F.);
#1405=ORIENTED_EDGE('',*,*,#1102,.F.);
#1406=ORIENTED_EDGE('',*,*,#1103,.T.);
#1407=ORIENTED_EDGE('',*,*,#1104,.T.);
#1408=ORIENTED_EDGE('',*,*,#1105,.F.);
#1409=ORIENTED_EDGE('',*,*,#1106,.F.);
#1410=ORIENTED_EDGE('',*,*,#1107,.T.);
#1411=ORIENTED_EDGE('',*,*,#1108,.T.);
#1412=ORIENTED_EDGE('',*,*,#1103,.F.);
#1413=ORIENTED_EDGE('',*,*,#1109,.F.);
#1414=ORIENTED_EDGE('',*,*,#1110,.T.);
#1415=ORIENTED_EDGE('',*,*,#1111,.T.);
#1416=ORIENTED_EDGE('',*,*,#1107,.F.);
#1417=ORIENTED_EDGE('',*,*,#1112,.F.);
#1418=ORIENTED_EDGE('',*,*,#1113,.T.);
#1419=ORIENTED_EDGE('',*,*,#1114,.T.);
#1420=ORIENTED_EDGE('',*,*,#1110,.F.);
#1421=ORIENTED_EDGE('',*,*,#1115,.F.);
#1422=ORIENTED_EDGE('',*,*,#1116,.T.);
#1423=ORIENTED_EDGE('',*,*,#1117,.T.);
#1424=ORIENTED_EDGE('',*,*,#1113,.F.);
#1425=ORIENTED_EDGE('',*,*,#1118,.F.);
#1426=ORIENTED_EDGE('',*,*,#1119,.T.);
#1427=ORIENTED_EDGE('',*,*,#1120,.T.);
#1428=ORIENTED_EDGE('',*,*,#1116,.F.);
#1429=ORIENTED_EDGE('',*,*,#1121,.F.);
#1430=ORIENTED_EDGE('',*,*,#1122,.T.);
#1431=ORIENTED_EDGE('',*,*,#1123,.T.);
#1432=ORIENTED_EDGE('',*,*,#1119,.F.);
#1433=ORIENTED_EDGE('',*,*,#1124,.F.);
#1434=ORIENTED_EDGE('',*,*,#1125,.T.);
#1435=ORIENTED_EDGE('',*,*,#1126,.T.);
#1436=ORIENTED_EDGE('',*,*,#1122,.F.);
#1437=ORIENTED_EDGE('',*,*,#1127,.F.);
#1438=ORIENTED_EDGE('',*,*,#1105,.T.);
#1439=ORIENTED_EDGE('',*,*,#1128,.T.);
#1440=ORIENTED_EDGE('',*,*,#1125,.F.);
#1441=ORIENTED_EDGE('',*,*,#1128,.F.);
#1442=ORIENTED_EDGE('',*,*,#1104,.F.);
#1443=ORIENTED_EDGE('',*,*,#1108,.F.);
#1444=ORIENTED_EDGE('',*,*,#1111,.F.);
#1445=ORIENTED_EDGE('',*,*,#1114,.F.);
#1446=ORIENTED_EDGE('',*,*,#1117,.F.);
#1447=ORIENTED_EDGE('',*,*,#1120,.F.);
#1448=ORIENTED_EDGE('',*,*,#1123,.F.);
#1449=ORIENTED_EDGE('',*,*,#1126,.F.);
#1450=ORIENTED_EDGE('',*,*,#1101,.F.);
#1451=ORIENTED_EDGE('',*,*,#1083,.F.);
#1452=ORIENTED_EDGE('',*,*,#1087,.F.);
#1453=ORIENTED_EDGE('',*,*,#1090,.F.);
#1454=ORIENTED_EDGE('',*,*,#1093,.F.);
#1455=ORIENTED_EDGE('',*,*,#1096,.F.);
#1456=ORIENTED_EDGE('',*,*,#1099,.F.);
#1457=ORIENTED_EDGE('',*,*,#1129,.F.);
#1458=ORIENTED_EDGE('',*,*,#1130,.T.);
#1459=ORIENTED_EDGE('',*,*,#1131,.T.);
#1460=ORIENTED_EDGE('',*,*,#1132,.F.);
#1461=ORIENTED_EDGE('',*,*,#1133,.F.);
#1462=ORIENTED_EDGE('',*,*,#1134,.T.);
#1463=ORIENTED_EDGE('',*,*,#1135,.T.);
#1464=ORIENTED_EDGE('',*,*,#1130,.F.);
#1465=ORIENTED_EDGE('',*,*,#1136,.F.);
#1466=ORIENTED_EDGE('',*,*,#1137,.T.);
#1467=ORIENTED_EDGE('',*,*,#1138,.T.);
#1468=ORIENTED_EDGE('',*,*,#1134,.F.);
#1469=ORIENTED_EDGE('',*,*,#1139,.F.);
#1470=ORIENTED_EDGE('',*,*,#1140,.T.);
#1471=ORIENTED_EDGE('',*,*,#1141,.T.);
#1472=ORIENTED_EDGE('',*,*,#1137,.F.);
#1473=ORIENTED_EDGE('',*,*,#1142,.F.);
#1474=ORIENTED_EDGE('',*,*,#1143,.T.);
#1475=ORIENTED_EDGE('',*,*,#1144,.T.);
#1476=ORIENTED_EDGE('',*,*,#1140,.F.);
#1477=ORIENTED_EDGE('',*,*,#1145,.F.);
#1478=ORIENTED_EDGE('',*,*,#1146,.T.);
#1479=ORIENTED_EDGE('',*,*,#1147,.T.);
#1480=ORIENTED_EDGE('',*,*,#1143,.F.);
#1481=ORIENTED_EDGE('',*,*,#1148,.F.);
#1482=ORIENTED_EDGE('',*,*,#1149,.T.);
#1483=ORIENTED_EDGE('',*,*,#1150,.T.);
#1484=ORIENTED_EDGE('',*,*,#1146,.F.);
#1485=ORIENTED_EDGE('',*,*,#1151,.F.);
#1486=ORIENTED_EDGE('',*,*,#1132,.T.);
#1487=ORIENTED_EDGE('',*,*,#1152,.T.);
#1488=ORIENTED_EDGE('',*,*,#1149,.F.);
#1489=ORIENTED_EDGE('',*,*,#1153,.F.);
#1490=ORIENTED_EDGE('',*,*,#1154,.T.);
#1491=ORIENTED_EDGE('',*,*,#1155,.T.);
#1492=ORIENTED_EDGE('',*,*,#1156,.F.);
#1493=ORIENTED_EDGE('',*,*,#1157,.F.);
#1494=ORIENTED_EDGE('',*,*,#1158,.T.);
#1495=ORIENTED_EDGE('',*,*,#1159,.T.);
#1496=ORIENTED_EDGE('',*,*,#1154,.F.);
#1497=ORIENTED_EDGE('',*,*,#1160,.F.);
#1498=ORIENTED_EDGE('',*,*,#1161,.T.);
#1499=ORIENTED_EDGE('',*,*,#1162,.T.);
#1500=ORIENTED_EDGE('',*,*,#1158,.F.);
#1501=ORIENTED_EDGE('',*,*,#1163,.F.);
#1502=ORIENTED_EDGE('',*,*,#1164,.T.);
#1503=ORIENTED_EDGE('',*,*,#1165,.T.);
#1504=ORIENTED_EDGE('',*,*,#1161,.F.);
#1505=ORIENTED_EDGE('',*,*,#1166,.F.);
#1506=ORIENTED_EDGE('',*,*,#1167,.T.);
#1507=ORIENTED_EDGE('',*,*,#1168,.T.);
#1508=ORIENTED_EDGE('',*,*,#1164,.F.);
#1509=ORIENTED_EDGE('',*,*,#1169,.F.);
#1510=ORIENTED_EDGE('',*,*,#1170,.T.);
#1511=ORIENTED_EDGE('',*,*,#1171,.T.);
#1512=ORIENTED_EDGE('',*,*,#1167,.F.);
#1513=ORIENTED_EDGE('',*,*,#1172,.F.);
#1514=ORIENTED_EDGE('',*,*,#1173,.T.);
#1515=ORIENTED_EDGE('',*,*,#1174,.T.);
#1516=ORIENTED_EDGE('',*,*,#1170,.F.);
#1517=ORIENTED_EDGE('',*,*,#1175,.F.);
#1518=ORIENTED_EDGE('',*,*,#1176,.T.);
#1519=ORIENTED_EDGE('',*,*,#1177,.T.);
#1520=ORIENTED_EDGE('',*,*,#1173,.F.);
#1521=ORIENTED_EDGE('',*,*,#1178,.F.);
#1522=ORIENTED_EDGE('',*,*,#1179,.T.);
#1523=ORIENTED_EDGE('',*,*,#1180,.T.);
#1524=ORIENTED_EDGE('',*,*,#1176,.F.);
#1525=ORIENTED_EDGE('',*,*,#1181,.F.);
#1526=ORIENTED_EDGE('',*,*,#1156,.T.);
#1527=ORIENTED_EDGE('',*,*,#1182,.T.);
#1528=ORIENTED_EDGE('',*,*,#1179,.F.);
#1529=ORIENTED_EDGE('',*,*,#1182,.F.);
#1530=ORIENTED_EDGE('',*,*,#1155,.F.);
#1531=ORIENTED_EDGE('',*,*,#1159,.F.);
#1532=ORIENTED_EDGE('',*,*,#1162,.F.);
#1533=ORIENTED_EDGE('',*,*,#1165,.F.);
#1534=ORIENTED_EDGE('',*,*,#1168,.F.);
#1535=ORIENTED_EDGE('',*,*,#1171,.F.);
#1536=ORIENTED_EDGE('',*,*,#1174,.F.);
#1537=ORIENTED_EDGE('',*,*,#1177,.F.);
#1538=ORIENTED_EDGE('',*,*,#1180,.F.);
#1539=ORIENTED_EDGE('',*,*,#1152,.F.);
#1540=ORIENTED_EDGE('',*,*,#1131,.F.);
#1541=ORIENTED_EDGE('',*,*,#1135,.F.);
#1542=ORIENTED_EDGE('',*,*,#1138,.F.);
#1543=ORIENTED_EDGE('',*,*,#1141,.F.);
#1544=ORIENTED_EDGE('',*,*,#1144,.F.);
#1545=ORIENTED_EDGE('',*,*,#1147,.F.);
#1546=ORIENTED_EDGE('',*,*,#1150,.F.);
#1547=ORIENTED_EDGE('',*,*,#1183,.F.);
#1548=ORIENTED_EDGE('',*,*,#1184,.T.);
#1549=ORIENTED_EDGE('',*,*,#1185,.T.);
#1550=ORIENTED_EDGE('',*,*,#1186,.F.);
#1551=ORIENTED_EDGE('',*,*,#1187,.F.);
#1552=ORIENTED_EDGE('',*,*,#1188,.T.);
#1553=ORIENTED_EDGE('',*,*,#1189,.T.);
#1554=ORIENTED_EDGE('',*,*,#1184,.F.);
#1555=ORIENTED_EDGE('',*,*,#1190,.F.);
#1556=ORIENTED_EDGE('',*,*,#1191,.T.);
#1557=ORIENTED_EDGE('',*,*,#1192,.T.);
#1558=ORIENTED_EDGE('',*,*,#1188,.F.);
#1559=ORIENTED_EDGE('',*,*,#1193,.F.);
#1560=ORIENTED_EDGE('',*,*,#1194,.T.);
#1561=ORIENTED_EDGE('',*,*,#1195,.T.);
#1562=ORIENTED_EDGE('',*,*,#1191,.F.);
#1563=ORIENTED_EDGE('',*,*,#1196,.F.);
#1564=ORIENTED_EDGE('',*,*,#1197,.T.);
#1565=ORIENTED_EDGE('',*,*,#1198,.T.);
#1566=ORIENTED_EDGE('',*,*,#1194,.F.);
#1567=ORIENTED_EDGE('',*,*,#1199,.F.);
#1568=ORIENTED_EDGE('',*,*,#1200,.T.);
#1569=ORIENTED_EDGE('',*,*,#1201,.T.);
#1570=ORIENTED_EDGE('',*,*,#1197,.F.);
#1571=ORIENTED_EDGE('',*,*,#1202,.F.);
#1572=ORIENTED_EDGE('',*,*,#1203,.T.);
#1573=ORIENTED_EDGE('',*,*,#1204,.T.);
#1574=ORIENTED_EDGE('',*,*,#1200,.F.);
#1575=ORIENTED_EDGE('',*,*,#1205,.F.);
#1576=ORIENTED_EDGE('',*,*,#1186,.T.);
#1577=ORIENTED_EDGE('',*,*,#1206,.T.);
#1578=ORIENTED_EDGE('',*,*,#1203,.F.);
#1579=ORIENTED_EDGE('',*,*,#1206,.F.);
#1580=ORIENTED_EDGE('',*,*,#1185,.F.);
#1581=ORIENTED_EDGE('',*,*,#1189,.F.);
#1582=ORIENTED_EDGE('',*,*,#1192,.F.);
#1583=ORIENTED_EDGE('',*,*,#1195,.F.);
#1584=ORIENTED_EDGE('',*,*,#1198,.F.);
#1585=ORIENTED_EDGE('',*,*,#1201,.F.);
#1586=ORIENTED_EDGE('',*,*,#1204,.F.);
#1587=ORIENTED_EDGE('',*,*,#1207,.T.);
#1588=ORIENTED_EDGE('',*,*,#1208,.T.);
#1589=ORIENTED_EDGE('',*,*,#1209,.T.);
#1590=ORIENTED_EDGE('',*,*,#1210,.T.);
#1591=ORIENTED_EDGE('',*,*,#1211,.T.);
#1592=ORIENTED_EDGE('',*,*,#1212,.T.);
#1593=ORIENTED_EDGE('',*,*,#1213,.T.);
#1594=ORIENTED_EDGE('',*,*,#1214,.T.);
#1595=ORIENTED_EDGE('',*,*,#1215,.T.);
#1596=ORIENTED_EDGE('',*,*,#1216,.T.);
#1597=ORIENTED_EDGE('',*,*,#1217,.T.);
#1598=ORIENTED_EDGE('',*,*,#1075,.T.);
#1599=ORIENTED_EDGE('',*,*,#1102,.T.);
#1600=ORIENTED_EDGE('',*,*,#1127,.T.);
#1601=ORIENTED_EDGE('',*,*,#1124,.T.);
#1602=ORIENTED_EDGE('',*,*,#1121,.T.);
#1603=ORIENTED_EDGE('',*,*,#1118,.T.);
#1604=ORIENTED_EDGE('',*,*,#1115,.T.);
#1605=ORIENTED_EDGE('',*,*,#1112,.T.);
#1606=ORIENTED_EDGE('',*,*,#1109,.T.);
#1607=ORIENTED_EDGE('',*,*,#1106,.T.);
#1608=ORIENTED_EDGE('',*,*,#1153,.T.);
#1609=ORIENTED_EDGE('',*,*,#1181,.T.);
#1610=ORIENTED_EDGE('',*,*,#1178,.T.);
#1611=ORIENTED_EDGE('',*,*,#1175,.T.);
#1612=ORIENTED_EDGE('',*,*,#1172,.T.);
#1613=ORIENTED_EDGE('',*,*,#1169,.T.);
#1614=ORIENTED_EDGE('',*,*,#1166,.T.);
#1615=ORIENTED_EDGE('',*,*,#1163,.T.);
#1616=ORIENTED_EDGE('',*,*,#1160,.T.);
#1617=ORIENTED_EDGE('',*,*,#1157,.T.);
#1618=ORIENTED_EDGE('',*,*,#1183,.T.);
#1619=ORIENTED_EDGE('',*,*,#1205,.T.);
#1620=ORIENTED_EDGE('',*,*,#1202,.T.);
#1621=ORIENTED_EDGE('',*,*,#1199,.T.);
#1622=ORIENTED_EDGE('',*,*,#1196,.T.);
#1623=ORIENTED_EDGE('',*,*,#1193,.T.);
#1624=ORIENTED_EDGE('',*,*,#1190,.T.);
#1625=ORIENTED_EDGE('',*,*,#1187,.T.);
#1626=ORIENTED_EDGE('',*,*,#1218,.T.);
#1627=ORIENTED_EDGE('',*,*,#1219,.T.);
#1628=ORIENTED_EDGE('',*,*,#1220,.T.);
#1629=ORIENTED_EDGE('',*,*,#1221,.F.);
#1630=ORIENTED_EDGE('',*,*,#1222,.T.);
#1631=ORIENTED_EDGE('',*,*,#1223,.T.);
#1632=ORIENTED_EDGE('',*,*,#1224,.T.);
#1633=ORIENTED_EDGE('',*,*,#1225,.F.);
#1634=ORIENTED_EDGE('',*,*,#1226,.T.);
#1635=ORIENTED_EDGE('',*,*,#1227,.T.);
#1636=ORIENTED_EDGE('',*,*,#1228,.T.);
#1637=ORIENTED_EDGE('',*,*,#1229,.T.);
#1638=ORIENTED_EDGE('',*,*,#1230,.T.);
#1639=ORIENTED_EDGE('',*,*,#1231,.F.);
#1640=ORIENTED_EDGE('',*,*,#1232,.T.);
#1641=ORIENTED_EDGE('',*,*,#1233,.T.);
#1642=ORIENTED_EDGE('',*,*,#1234,.T.);
#1643=ORIENTED_EDGE('',*,*,#1235,.T.);
#1644=ORIENTED_EDGE('',*,*,#1236,.T.);
#1645=ORIENTED_EDGE('',*,*,#1237,.T.);
#1646=ORIENTED_EDGE('',*,*,#1238,.T.);
#1647=ORIENTED_EDGE('',*,*,#1239,.T.);
#1648=ORIENTED_EDGE('',*,*,#1240,.T.);
#1649=ORIENTED_EDGE('',*,*,#1241,.T.);
#1650=ORIENTED_EDGE('',*,*,#1242,.T.);
#1651=ORIENTED_EDGE('',*,*,#1243,.T.);
#1652=ORIENTED_EDGE('',*,*,#1244,.T.);
#1653=ORIENTED_EDGE('',*,*,#1245,.T.);
#1654=ORIENTED_EDGE('',*,*,#1246,.T.);
#1655=ORIENTED_EDGE('',*,*,#1247,.T.);
#1656=ORIENTED_EDGE('',*,*,#1248,.T.);
#1657=ORIENTED_EDGE('',*,*,#1129,.T.);
#1658=ORIENTED_EDGE('',*,*,#1151,.T.);
#1659=ORIENTED_EDGE('',*,*,#1148,.T.);
#1660=ORIENTED_EDGE('',*,*,#1145,.T.);
#1661=ORIENTED_EDGE('',*,*,#1142,.T.);
#1662=ORIENTED_EDGE('',*,*,#1139,.T.);
#1663=ORIENTED_EDGE('',*,*,#1136,.T.);
#1664=ORIENTED_EDGE('',*,*,#1133,.T.);
#1665=ORIENTED_EDGE('',*,*,#1249,.T.);
#1666=ORIENTED_EDGE('',*,*,#1250,.T.);
#1667=ORIENTED_EDGE('',*,*,#1251,.T.);
#1668=ORIENTED_EDGE('',*,*,#1221,.T.);
#1669=ORIENTED_EDGE('',*,*,#1250,.F.);
#1670=ORIENTED_EDGE('',*,*,#1252,.T.);
#1671=ORIENTED_EDGE('',*,*,#1253,.F.);
#1672=ORIENTED_EDGE('',*,*,#1254,.F.);
#1673=ORIENTED_EDGE('',*,*,#1255,.T.);
#1674=ORIENTED_EDGE('',*,*,#1256,.T.);
#1675=ORIENTED_EDGE('',*,*,#1257,.T.);
#1676=ORIENTED_EDGE('',*,*,#1225,.T.);
#1677=ORIENTED_EDGE('',*,*,#1256,.F.);
#1678=ORIENTED_EDGE('',*,*,#1258,.T.);
#1679=ORIENTED_EDGE('',*,*,#1259,.F.);
#1680=ORIENTED_EDGE('',*,*,#1260,.F.);
#1681=ORIENTED_EDGE('',*,*,#1261,.T.);
#1682=ORIENTED_EDGE('',*,*,#1262,.T.);
#1683=ORIENTED_EDGE('',*,*,#1263,.T.);
#1684=ORIENTED_EDGE('',*,*,#1231,.T.);
#1685=ORIENTED_EDGE('',*,*,#1262,.F.);
#1686=ORIENTED_EDGE('',*,*,#1264,.T.);
#1687=ORIENTED_EDGE('',*,*,#1265,.F.);
#1688=ORIENTED_EDGE('',*,*,#1266,.F.);
#1689=ORIENTED_EDGE('',*,*,#1267,.T.);
#1690=ORIENTED_EDGE('',*,*,#1268,.T.);
#1691=ORIENTED_EDGE('',*,*,#1269,.T.);
#1692=ORIENTED_EDGE('',*,*,#1270,.T.);
#1693=ORIENTED_EDGE('',*,*,#1271,.T.);
#1694=ORIENTED_EDGE('',*,*,#1272,.T.);
#1695=ORIENTED_EDGE('',*,*,#1273,.T.);
#1696=ORIENTED_EDGE('',*,*,#1270,.F.);
#1697=ORIENTED_EDGE('',*,*,#1274,.T.);
#1698=ORIENTED_EDGE('',*,*,#1275,.T.);
#1699=ORIENTED_EDGE('',*,*,#1276,.T.);
#1700=ORIENTED_EDGE('',*,*,#1272,.F.);
#1701=ORIENTED_EDGE('',*,*,#1277,.T.);
#1702=ORIENTED_EDGE('',*,*,#1278,.T.);
#1703=ORIENTED_EDGE('',*,*,#1279,.T.);
#1704=ORIENTED_EDGE('',*,*,#1275,.F.);
#1705=ORIENTED_EDGE('',*,*,#1280,.T.);
#1706=ORIENTED_EDGE('',*,*,#1278,.F.);
#1707=ORIENTED_EDGE('',*,*,#1281,.T.);
#1708=ORIENTED_EDGE('',*,*,#1282,.T.);
#1709=ORIENTED_EDGE('',*,*,#1283,.T.);
#1710=ORIENTED_EDGE('',*,*,#1282,.F.);
#1711=ORIENTED_EDGE('',*,*,#1284,.T.);
#1712=ORIENTED_EDGE('',*,*,#1285,.T.);
#1713=ORIENTED_EDGE('',*,*,#1286,.T.);
#1714=ORIENTED_EDGE('',*,*,#1285,.F.);
#1715=ORIENTED_EDGE('',*,*,#1287,.T.);
#1716=ORIENTED_EDGE('',*,*,#1288,.T.);
#1717=ORIENTED_EDGE('',*,*,#1289,.T.);
#1718=ORIENTED_EDGE('',*,*,#1288,.F.);
#1719=ORIENTED_EDGE('',*,*,#1290,.T.);
#1720=ORIENTED_EDGE('',*,*,#1268,.F.);
#1721=ORIENTED_EDGE('',*,*,#1283,.F.);
#1722=ORIENTED_EDGE('',*,*,#1291,.T.);
#1723=ORIENTED_EDGE('',*,*,#1208,.F.);
#1724=ORIENTED_EDGE('',*,*,#1292,.F.);
#1725=ORIENTED_EDGE('',*,*,#1286,.F.);
#1726=ORIENTED_EDGE('',*,*,#1293,.T.);
#1727=ORIENTED_EDGE('',*,*,#1209,.F.);
#1728=ORIENTED_EDGE('',*,*,#1291,.F.);
#1729=ORIENTED_EDGE('',*,*,#1289,.F.);
#1730=ORIENTED_EDGE('',*,*,#1294,.T.);
#1731=ORIENTED_EDGE('',*,*,#1210,.F.);
#1732=ORIENTED_EDGE('',*,*,#1293,.F.);
#1733=ORIENTED_EDGE('',*,*,#1267,.F.);
#1734=ORIENTED_EDGE('',*,*,#1295,.T.);
#1735=ORIENTED_EDGE('',*,*,#1211,.F.);
#1736=ORIENTED_EDGE('',*,*,#1294,.F.);
#1737=ORIENTED_EDGE('',*,*,#1269,.F.);
#1738=ORIENTED_EDGE('',*,*,#1290,.F.);
#1739=ORIENTED_EDGE('',*,*,#1287,.F.);
#1740=ORIENTED_EDGE('',*,*,#1284,.F.);
#1741=ORIENTED_EDGE('',*,*,#1281,.F.);
#1742=ORIENTED_EDGE('',*,*,#1277,.F.);
#1743=ORIENTED_EDGE('',*,*,#1274,.F.);
#1744=ORIENTED_EDGE('',*,*,#1271,.F.);
#1745=ORIENTED_EDGE('',*,*,#1296,.F.);
#1746=ORIENTED_EDGE('',*,*,#1297,.T.);
#1747=ORIENTED_EDGE('',*,*,#1298,.T.);
#1748=ORIENTED_EDGE('',*,*,#1299,.T.);
#1749=ORIENTED_EDGE('',*,*,#1300,.T.);
#1750=ORIENTED_EDGE('',*,*,#1301,.T.);
#1751=ORIENTED_EDGE('',*,*,#1302,.T.);
#1752=ORIENTED_EDGE('',*,*,#1303,.T.);
#1753=ORIENTED_EDGE('',*,*,#1304,.T.);
#1754=ORIENTED_EDGE('',*,*,#1305,.T.);
#1755=ORIENTED_EDGE('',*,*,#1306,.T.);
#1756=ORIENTED_EDGE('',*,*,#1307,.T.);
#1757=ORIENTED_EDGE('',*,*,#1308,.T.);
#1758=ORIENTED_EDGE('',*,*,#1309,.T.);
#1759=ORIENTED_EDGE('',*,*,#1310,.T.);
#1760=ORIENTED_EDGE('',*,*,#1311,.T.);
#1761=ORIENTED_EDGE('',*,*,#1312,.T.);
#1762=ORIENTED_EDGE('',*,*,#1280,.F.);
#1763=ORIENTED_EDGE('',*,*,#1292,.T.);
#1764=ORIENTED_EDGE('',*,*,#1207,.F.);
#1765=ORIENTED_EDGE('',*,*,#1313,.F.);
#1766=ORIENTED_EDGE('',*,*,#1215,.F.);
#1767=ORIENTED_EDGE('',*,*,#1314,.F.);
#1768=ORIENTED_EDGE('',*,*,#1315,.T.);
#1769=ORIENTED_EDGE('',*,*,#1316,.T.);
#1770=ORIENTED_EDGE('',*,*,#1317,.T.);
#1771=ORIENTED_EDGE('',*,*,#1253,.T.);
#1772=ORIENTED_EDGE('',*,*,#1316,.F.);
#1773=ORIENTED_EDGE('',*,*,#1318,.T.);
#1774=ORIENTED_EDGE('',*,*,#1319,.T.);
#1775=ORIENTED_EDGE('',*,*,#1320,.T.);
#1776=ORIENTED_EDGE('',*,*,#1315,.F.);
#1777=ORIENTED_EDGE('',*,*,#1252,.F.);
#1778=ORIENTED_EDGE('',*,*,#1249,.F.);
#1779=ORIENTED_EDGE('',*,*,#1220,.F.);
#1780=ORIENTED_EDGE('',*,*,#1321,.T.);
#1781=ORIENTED_EDGE('',*,*,#1318,.F.);
#1782=ORIENTED_EDGE('',*,*,#1322,.T.);
#1783=ORIENTED_EDGE('',*,*,#1323,.T.);
#1784=ORIENTED_EDGE('',*,*,#1324,.T.);
#1785=ORIENTED_EDGE('',*,*,#1259,.T.);
#1786=ORIENTED_EDGE('',*,*,#1323,.F.);
#1787=ORIENTED_EDGE('',*,*,#1325,.T.);
#1788=ORIENTED_EDGE('',*,*,#1326,.T.);
#1789=ORIENTED_EDGE('',*,*,#1327,.T.);
#1790=ORIENTED_EDGE('',*,*,#1322,.F.);
#1791=ORIENTED_EDGE('',*,*,#1258,.F.);
#1792=ORIENTED_EDGE('',*,*,#1255,.F.);
#1793=ORIENTED_EDGE('',*,*,#1224,.F.);
#1794=ORIENTED_EDGE('',*,*,#1328,.T.);
#1795=ORIENTED_EDGE('',*,*,#1325,.F.);
#1796=ORIENTED_EDGE('',*,*,#1219,.F.);
#1797=ORIENTED_EDGE('',*,*,#1329,.T.);
#1798=ORIENTED_EDGE('',*,*,#1319,.F.);
#1799=ORIENTED_EDGE('',*,*,#1321,.F.);
#1800=ORIENTED_EDGE('',*,*,#1317,.F.);
#1801=ORIENTED_EDGE('',*,*,#1320,.F.);
#1802=ORIENTED_EDGE('',*,*,#1329,.F.);
#1803=ORIENTED_EDGE('',*,*,#1218,.F.);
#1804=ORIENTED_EDGE('',*,*,#1251,.F.);
#1805=ORIENTED_EDGE('',*,*,#1254,.T.);
#1806=ORIENTED_EDGE('',*,*,#1324,.F.);
#1807=ORIENTED_EDGE('',*,*,#1327,.F.);
#1808=ORIENTED_EDGE('',*,*,#1330,.F.);
#1809=ORIENTED_EDGE('',*,*,#1222,.F.);
#1810=ORIENTED_EDGE('',*,*,#1257,.F.);
#1811=ORIENTED_EDGE('',*,*,#1260,.T.);
#1812=ORIENTED_EDGE('',*,*,#1223,.F.);
#1813=ORIENTED_EDGE('',*,*,#1330,.T.);
#1814=ORIENTED_EDGE('',*,*,#1326,.F.);
#1815=ORIENTED_EDGE('',*,*,#1328,.F.);
#1816=ORIENTED_EDGE('',*,*,#1071,.F.);
#1817=ORIENTED_EDGE('',*,*,#1076,.F.);
#1818=ORIENTED_EDGE('',*,*,#1217,.F.);
#1819=ORIENTED_EDGE('',*,*,#1331,.T.);
#1820=ORIENTED_EDGE('',*,*,#1080,.F.);
#1821=ORIENTED_EDGE('',*,*,#1332,.F.);
#1822=ORIENTED_EDGE('',*,*,#1313,.T.);
#1823=ORIENTED_EDGE('',*,*,#1074,.T.);
#1824=ORIENTED_EDGE('',*,*,#1068,.F.);
#1825=ORIENTED_EDGE('',*,*,#1331,.F.);
#1826=ORIENTED_EDGE('',*,*,#1216,.F.);
#1827=ORIENTED_EDGE('',*,*,#1332,.T.);
#1828=ORIENTED_EDGE('',*,*,#1079,.F.);
#1829=ORIENTED_EDGE('',*,*,#1077,.F.);
#1830=ORIENTED_EDGE('',*,*,#1296,.T.);
#1831=ORIENTED_EDGE('',*,*,#1333,.T.);
#1832=ORIENTED_EDGE('',*,*,#1334,.T.);
#1833=ORIENTED_EDGE('',*,*,#1333,.F.);
#1834=ORIENTED_EDGE('',*,*,#1334,.F.);
#1835=ORIENTED_EDGE('',*,*,#1335,.T.);
#1836=ORIENTED_EDGE('',*,*,#1240,.F.);
#1837=ORIENTED_EDGE('',*,*,#1335,.F.);
#1838=ORIENTED_EDGE('',*,*,#1273,.F.);
#1839=ORIENTED_EDGE('',*,*,#1336,.T.);
#1840=ORIENTED_EDGE('',*,*,#1212,.F.);
#1841=ORIENTED_EDGE('',*,*,#1295,.F.);
#1842=ORIENTED_EDGE('',*,*,#1276,.F.);
#1843=ORIENTED_EDGE('',*,*,#1337,.T.);
#1844=ORIENTED_EDGE('',*,*,#1213,.F.);
#1845=ORIENTED_EDGE('',*,*,#1336,.F.);
#1846=ORIENTED_EDGE('',*,*,#1279,.F.);
#1847=ORIENTED_EDGE('',*,*,#1314,.T.);
#1848=ORIENTED_EDGE('',*,*,#1214,.F.);
#1849=ORIENTED_EDGE('',*,*,#1337,.F.);
#1850=ORIENTED_EDGE('',*,*,#1227,.F.);
#1851=ORIENTED_EDGE('',*,*,#1226,.F.);
#1852=ORIENTED_EDGE('',*,*,#1263,.F.);
#1853=ORIENTED_EDGE('',*,*,#1266,.T.);
#1854=ORIENTED_EDGE('',*,*,#1338,.F.);
#1855=ORIENTED_EDGE('',*,*,#1339,.F.);
#1856=ORIENTED_EDGE('',*,*,#1228,.F.);
#1857=ORIENTED_EDGE('',*,*,#1339,.T.);
#1858=ORIENTED_EDGE('',*,*,#1340,.F.);
#1859=ORIENTED_EDGE('',*,*,#1341,.F.);
#1860=ORIENTED_EDGE('',*,*,#1229,.F.);
#1861=ORIENTED_EDGE('',*,*,#1341,.T.);
#1862=ORIENTED_EDGE('',*,*,#1342,.F.);
#1863=ORIENTED_EDGE('',*,*,#1264,.F.);
#1864=ORIENTED_EDGE('',*,*,#1261,.F.);
#1865=ORIENTED_EDGE('',*,*,#1230,.F.);
#1866=ORIENTED_EDGE('',*,*,#1342,.T.);
#1867=ORIENTED_EDGE('',*,*,#1340,.T.);
#1868=ORIENTED_EDGE('',*,*,#1338,.T.);
#1869=ORIENTED_EDGE('',*,*,#1265,.T.);
#1870=ORIENTED_EDGE('',*,*,#1232,.F.);
#1871=ORIENTED_EDGE('',*,*,#1343,.T.);
#1872=ORIENTED_EDGE('',*,*,#1309,.F.);
#1873=ORIENTED_EDGE('',*,*,#1344,.F.);
#1874=ORIENTED_EDGE('',*,*,#1235,.F.);
#1875=ORIENTED_EDGE('',*,*,#1345,.T.);
#1876=ORIENTED_EDGE('',*,*,#1310,.F.);
#1877=ORIENTED_EDGE('',*,*,#1343,.F.);
#1878=ORIENTED_EDGE('',*,*,#1234,.F.);
#1879=ORIENTED_EDGE('',*,*,#1346,.T.);
#1880=ORIENTED_EDGE('',*,*,#1311,.F.);
#1881=ORIENTED_EDGE('',*,*,#1345,.F.);
#1882=ORIENTED_EDGE('',*,*,#1233,.F.);
#1883=ORIENTED_EDGE('',*,*,#1344,.T.);
#1884=ORIENTED_EDGE('',*,*,#1312,.F.);
#1885=ORIENTED_EDGE('',*,*,#1346,.F.);
#1886=ORIENTED_EDGE('',*,*,#1236,.F.);
#1887=ORIENTED_EDGE('',*,*,#1347,.T.);
#1888=ORIENTED_EDGE('',*,*,#1305,.F.);
#1889=ORIENTED_EDGE('',*,*,#1348,.F.);
#1890=ORIENTED_EDGE('',*,*,#1239,.F.);
#1891=ORIENTED_EDGE('',*,*,#1349,.T.);
#1892=ORIENTED_EDGE('',*,*,#1306,.F.);
#1893=ORIENTED_EDGE('',*,*,#1347,.F.);
#1894=ORIENTED_EDGE('',*,*,#1238,.F.);
#1895=ORIENTED_EDGE('',*,*,#1350,.T.);
#1896=ORIENTED_EDGE('',*,*,#1307,.F.);
#1897=ORIENTED_EDGE('',*,*,#1349,.F.);
#1898=ORIENTED_EDGE('',*,*,#1237,.F.);
#1899=ORIENTED_EDGE('',*,*,#1348,.T.);
#1900=ORIENTED_EDGE('',*,*,#1308,.F.);
#1901=ORIENTED_EDGE('',*,*,#1350,.F.);
#1902=ORIENTED_EDGE('',*,*,#1241,.F.);
#1903=ORIENTED_EDGE('',*,*,#1351,.T.);
#1904=ORIENTED_EDGE('',*,*,#1301,.F.);
#1905=ORIENTED_EDGE('',*,*,#1352,.F.);
#1906=ORIENTED_EDGE('',*,*,#1244,.F.);
#1907=ORIENTED_EDGE('',*,*,#1353,.T.);
#1908=ORIENTED_EDGE('',*,*,#1302,.F.);
#1909=ORIENTED_EDGE('',*,*,#1351,.F.);
#1910=ORIENTED_EDGE('',*,*,#1243,.F.);
#1911=ORIENTED_EDGE('',*,*,#1354,.T.);
#1912=ORIENTED_EDGE('',*,*,#1303,.F.);
#1913=ORIENTED_EDGE('',*,*,#1353,.F.);
#1914=ORIENTED_EDGE('',*,*,#1242,.F.);
#1915=ORIENTED_EDGE('',*,*,#1352,.T.);
#1916=ORIENTED_EDGE('',*,*,#1304,.F.);
#1917=ORIENTED_EDGE('',*,*,#1354,.F.);
#1918=ORIENTED_EDGE('',*,*,#1245,.F.);
#1919=ORIENTED_EDGE('',*,*,#1355,.T.);
#1920=ORIENTED_EDGE('',*,*,#1297,.F.);
#1921=ORIENTED_EDGE('',*,*,#1356,.F.);
#1922=ORIENTED_EDGE('',*,*,#1248,.F.);
#1923=ORIENTED_EDGE('',*,*,#1357,.T.);
#1924=ORIENTED_EDGE('',*,*,#1298,.F.);
#1925=ORIENTED_EDGE('',*,*,#1355,.F.);
#1926=ORIENTED_EDGE('',*,*,#1247,.F.);
#1927=ORIENTED_EDGE('',*,*,#1358,.T.);
#1928=ORIENTED_EDGE('',*,*,#1299,.F.);
#1929=ORIENTED_EDGE('',*,*,#1357,.F.);
#1930=ORIENTED_EDGE('',*,*,#1246,.F.);
#1931=ORIENTED_EDGE('',*,*,#1356,.T.);
#1932=ORIENTED_EDGE('',*,*,#1300,.F.);
#1933=ORIENTED_EDGE('',*,*,#1358,.F.);
#1934=ORIENTED_EDGE('',*,*,#1081,.T.);
#1935=ORIENTED_EDGE('',*,*,#1100,.T.);
#1936=ORIENTED_EDGE('',*,*,#1097,.T.);
#1937=ORIENTED_EDGE('',*,*,#1094,.T.);
#1938=ORIENTED_EDGE('',*,*,#1091,.T.);
#1939=ORIENTED_EDGE('',*,*,#1088,.T.);
#1940=ORIENTED_EDGE('',*,*,#1085,.T.);
#1941=CYLINDRICAL_SURFACE('',#2076,0.4);
#1942=CYLINDRICAL_SURFACE('',#2082,0.4);
#1943=CYLINDRICAL_SURFACE('',#2158,3.);
#1944=CYLINDRICAL_SURFACE('',#2166,1.6);
#1945=CYLINDRICAL_SURFACE('',#2168,1.6);
#1946=CYLINDRICAL_SURFACE('',#2170,1.6);
#1947=CYLINDRICAL_SURFACE('',#2172,1.6);
#1948=CYLINDRICAL_SURFACE('',#2174,1.6);
#1949=CYLINDRICAL_SURFACE('',#2176,1.6);
#1950=CYLINDRICAL_SURFACE('',#2178,1.6);
#1951=CYLINDRICAL_SURFACE('',#2180,1.6);
#1952=ADVANCED_FACE('',(#184),#1941,.T.);
#1953=ADVANCED_FACE('',(#185),#112,.T.);
#1954=ADVANCED_FACE('',(#186),#113,.T.);
#1955=ADVANCED_FACE('',(#187),#1942,.T.);
#1956=ADVANCED_FACE('',(#188),#114,.F.);
#1957=ADVANCED_FACE('',(#189),#86,.F.);
#1958=ADVANCED_FACE('',(#190),#87,.F.);
#1959=ADVANCED_FACE('',(#191),#88,.F.);
#1960=ADVANCED_FACE('',(#192),#89,.F.);
#1961=ADVANCED_FACE('',(#193),#115,.F.);
#1962=ADVANCED_FACE('',(#194),#116,.F.);
#1963=ADVANCED_FACE('',(#195),#117,.F.);
#1964=ADVANCED_FACE('',(#196),#118,.F.);
#1965=ADVANCED_FACE('',(#197),#119,.F.);
#1966=ADVANCED_FACE('',(#198),#90,.F.);
#1967=ADVANCED_FACE('',(#199),#91,.F.);
#1968=ADVANCED_FACE('',(#200),#92,.F.);
#1969=ADVANCED_FACE('',(#201),#93,.F.);
#1970=ADVANCED_FACE('',(#202),#120,.F.);
#1971=ADVANCED_FACE('',(#203),#121,.F.);
#1972=ADVANCED_FACE('',(#204,#16),#122,.T.);
#1973=ADVANCED_FACE('',(#205),#94,.F.);
#1974=ADVANCED_FACE('',(#206),#95,.F.);
#1975=ADVANCED_FACE('',(#207),#96,.F.);
#1976=ADVANCED_FACE('',(#208),#97,.F.);
#1977=ADVANCED_FACE('',(#209),#98,.F.);
#1978=ADVANCED_FACE('',(#210),#99,.F.);
#1979=ADVANCED_FACE('',(#211),#100,.F.);
#1980=ADVANCED_FACE('',(#212),#101,.F.);
#1981=ADVANCED_FACE('',(#213),#102,.F.);
#1982=ADVANCED_FACE('',(#214),#103,.F.);
#1983=ADVANCED_FACE('',(#215),#104,.F.);
#1984=ADVANCED_FACE('',(#216),#105,.F.);
#1985=ADVANCED_FACE('',(#217),#106,.F.);
#1986=ADVANCED_FACE('',(#218),#107,.F.);
#1987=ADVANCED_FACE('',(#219),#108,.F.);
#1988=ADVANCED_FACE('',(#220),#109,.F.);
#1989=ADVANCED_FACE('',(#221),#110,.F.);
#1990=ADVANCED_FACE('',(#222),#111,.F.);
#1991=ADVANCED_FACE('',(#223,#17),#123,.T.);
#1992=ADVANCED_FACE('',(#224),#124,.F.);
#1993=ADVANCED_FACE('',(#225),#125,.F.);
#1994=ADVANCED_FACE('',(#226),#126,.F.);
#1995=ADVANCED_FACE('',(#227),#127,.F.);
#1996=ADVANCED_FACE('',(#228),#128,.F.);
#1997=ADVANCED_FACE('',(#229),#129,.F.);
#1998=ADVANCED_FACE('',(#230),#130,.F.);
#1999=ADVANCED_FACE('',(#231),#131,.F.);
#2000=ADVANCED_FACE('',(#232),#132,.F.);
#2001=ADVANCED_FACE('',(#233,#18,#19,#20,#21,#22,#23,#24,#25,#26,#27,#28),
#133,.T.);
#2002=ADVANCED_FACE('',(#234),#134,.T.);
#2003=ADVANCED_FACE('',(#235),#135,.T.);
#2004=ADVANCED_FACE('',(#236),#136,.T.);
#2005=ADVANCED_FACE('',(#237),#137,.T.);
#2006=ADVANCED_FACE('',(#238),#138,.T.);
#2007=ADVANCED_FACE('',(#239),#139,.T.);
#2008=ADVANCED_FACE('',(#240),#140,.T.);
#2009=ADVANCED_FACE('',(#241),#141,.T.);
#2010=ADVANCED_FACE('',(#242),#142,.T.);
#2011=ADVANCED_FACE('',(#243),#143,.T.);
#2012=ADVANCED_FACE('',(#244),#144,.T.);
#2013=ADVANCED_FACE('',(#245),#145,.T.);
#2014=ADVANCED_FACE('',(#246),#146,.T.);
#2015=ADVANCED_FACE('',(#247),#147,.T.);
#2016=ADVANCED_FACE('',(#248),#148,.T.);
#2017=ADVANCED_FACE('',(#249),#149,.T.);
#2018=ADVANCED_FACE('',(#250),#150,.T.);
#2019=ADVANCED_FACE('',(#251),#151,.T.);
#2020=ADVANCED_FACE('',(#252),#152,.T.);
#2021=ADVANCED_FACE('',(#253,#29,#30,#31,#32,#33),#153,.F.);
#2022=ADVANCED_FACE('',(#254),#154,.T.);
#2023=ADVANCED_FACE('',(#255),#155,.T.);
#2024=ADVANCED_FACE('',(#256),#156,.T.);
#2025=ADVANCED_FACE('',(#257),#157,.T.);
#2026=ADVANCED_FACE('',(#258),#158,.T.);
#2027=ADVANCED_FACE('',(#259),#159,.T.);
#2028=ADVANCED_FACE('',(#260),#160,.T.);
#2029=ADVANCED_FACE('',(#261),#161,.T.);
#2030=ADVANCED_FACE('',(#262),#162,.T.);
#2031=ADVANCED_FACE('',(#263),#163,.T.);
#2032=ADVANCED_FACE('',(#264),#164,.T.);
#2033=ADVANCED_FACE('',(#265),#165,.T.);
#2034=ADVANCED_FACE('',(#266),#166,.T.);
#2035=ADVANCED_FACE('',(#267),#167,.T.);
#2036=ADVANCED_FACE('',(#268),#15,.F.);
#2037=ADVANCED_FACE('',(#269),#1943,.F.);
#2038=ADVANCED_FACE('',(#270),#168,.T.);
#2039=ADVANCED_FACE('',(#271),#169,.T.);
#2040=ADVANCED_FACE('',(#272),#170,.T.);
#2041=ADVANCED_FACE('',(#273),#171,.T.);
#2042=ADVANCED_FACE('',(#274),#172,.T.);
#2043=ADVANCED_FACE('',(#275),#173,.T.);
#2044=ADVANCED_FACE('',(#276),#174,.T.);
#2045=ADVANCED_FACE('',(#277),#1944,.F.);
#2046=ADVANCED_FACE('',(#278),#175,.T.);
#2047=ADVANCED_FACE('',(#279),#1945,.F.);
#2048=ADVANCED_FACE('',(#280),#176,.T.);
#2049=ADVANCED_FACE('',(#281),#1946,.F.);
#2050=ADVANCED_FACE('',(#282),#177,.T.);
#2051=ADVANCED_FACE('',(#283),#1947,.F.);
#2052=ADVANCED_FACE('',(#284),#178,.T.);
#2053=ADVANCED_FACE('',(#285),#1948,.F.);
#2054=ADVANCED_FACE('',(#286),#179,.T.);
#2055=ADVANCED_FACE('',(#287),#1949,.F.);
#2056=ADVANCED_FACE('',(#288),#180,.T.);
#2057=ADVANCED_FACE('',(#289),#1950,.F.);
#2058=ADVANCED_FACE('',(#290),#181,.T.);
#2059=ADVANCED_FACE('',(#291),#1951,.F.);
#2060=ADVANCED_FACE('',(#292),#182,.T.);
#2061=ADVANCED_FACE('',(#293),#183,.T.);
#2062=CLOSED_SHELL('',(#1952,#1953,#1954,#1955,#1956,#1957,#1958,#1959,
#1960,#1961,#1962,#1963,#1964,#1965,#1966,#1967,#1968,#1969,#1970,#1971,
#1972,#1973,#1974,#1975,#1976,#1977,#1978,#1979,#1980,#1981,#1982,#1983,
#1984,#1985,#1986,#1987,#1988,#1989,#1990,#1991,#1992,#1993,#1994,#1995,
#1996,#1997,#1998,#1999,#2000,#2001,#2002,#2003,#2004,#2005,#2006,#2007,
#2008,#2009,#2010,#2011,#2012,#2013,#2014,#2015,#2016,#2017,#2018,#2019,
#2020,#2021,#2022,#2023,#2024,#2025,#2026,#2027,#2028,#2029,#2030,#2031,
#2032,#2033,#2034,#2035,#2036,#2037,#2038,#2039,#2040,#2041,#2042,#2043,
#2044,#2045,#2046,#2047,#2048,#2049,#2050,#2051,#2052,#2053,#2054,#2055,
#2056,#2057,#2058,#2059,#2060,#2061));
#2063=DERIVED_UNIT_ELEMENT(#2065,1.);
#2064=DERIVED_UNIT_ELEMENT(#3655,-3.);
#2065=(
MASS_UNIT()
NAMED_UNIT(*)
SI_UNIT(.KILO.,.GRAM.)
);
#2066=DERIVED_UNIT((#2063,#2064));
#2067=MEASURE_REPRESENTATION_ITEM('density measure',
POSITIVE_RATIO_MEASURE(7850.),#2066);
#2068=PROPERTY_DEFINITION_REPRESENTATION(#2073,#2070);
#2069=PROPERTY_DEFINITION_REPRESENTATION(#2074,#2071);
#2070=REPRESENTATION('material name',(#2072),#3652);
#2071=REPRESENTATION('density',(#2067),#3652);
#2072=DESCRIPTIVE_REPRESENTATION_ITEM('Acier','Acier');
#2073=PROPERTY_DEFINITION('material property','material name',#3662);
#2074=PROPERTY_DEFINITION('material property','density of part',#3662);
#2075=AXIS2_PLACEMENT_3D('',#2615,#2183,#2184);
#2076=AXIS2_PLACEMENT_3D('',#2616,#2185,#2186);
#2077=AXIS2_PLACEMENT_3D('',#2619,#2187,#2188);
#2078=AXIS2_PLACEMENT_3D('',#2623,#2190,#2191);
#2079=AXIS2_PLACEMENT_3D('',#2625,#2193,#2194);
#2080=AXIS2_PLACEMENT_3D('',#2629,#2196,#2197);
#2081=AXIS2_PLACEMENT_3D('',#2635,#2201,#2202);
#2082=AXIS2_PLACEMENT_3D('',#2639,#2205,#2206);
#2083=AXIS2_PLACEMENT_3D('',#2641,#2207,#2208);
#2084=AXIS2_PLACEMENT_3D('',#2643,#2210,#2211);
#2085=AXIS2_PLACEMENT_3D('',#2744,#2220,#2221);
#2086=AXIS2_PLACEMENT_3D('',#2750,#2225,#2226);
#2087=AXIS2_PLACEMENT_3D('',#2753,#2229,#2230);
#2088=AXIS2_PLACEMENT_3D('',#2762,#2235,#2236);
#2089=AXIS2_PLACEMENT_3D('',#2768,#2240,#2241);
#2090=AXIS2_PLACEMENT_3D('',#2866,#2249,#2250);
#2091=AXIS2_PLACEMENT_3D('',#2872,#2254,#2255);
#2092=AXIS2_PLACEMENT_3D('',#2875,#2258,#2259);
#2093=AXIS2_PLACEMENT_3D('',#3290,#2278,#2279);
#2094=AXIS2_PLACEMENT_3D('',#3291,#2280,#2281);
#2095=AXIS2_PLACEMENT_3D('',#3300,#2286,#2287);
#2096=AXIS2_PLACEMENT_3D('',#3306,#2291,#2292);
#2097=AXIS2_PLACEMENT_3D('',#3312,#2296,#2297);
#2098=AXIS2_PLACEMENT_3D('',#3318,#2301,#2302);
#2099=AXIS2_PLACEMENT_3D('',#3324,#2306,#2307);
#2100=AXIS2_PLACEMENT_3D('',#3330,#2311,#2312);
#2101=AXIS2_PLACEMENT_3D('',#3336,#2316,#2317);
#2102=AXIS2_PLACEMENT_3D('',#3339,#2320,#2321);
#2103=AXIS2_PLACEMENT_3D('',#3340,#2322,#2323);
#2104=AXIS2_PLACEMENT_3D('',#3392,#2349,#2350);
#2105=AXIS2_PLACEMENT_3D('',#3396,#2352,#2353);
#2106=AXIS2_PLACEMENT_3D('',#3400,#2355,#2356);
#2107=AXIS2_PLACEMENT_3D('',#3404,#2358,#2359);
#2108=AXIS2_PLACEMENT_3D('',#3407,#2361,#2362);
#2109=AXIS2_PLACEMENT_3D('',#3410,#2363,#2364);
#2110=AXIS2_PLACEMENT_3D('',#3414,#2366,#2367);
#2111=AXIS2_PLACEMENT_3D('',#3418,#2369,#2370);
#2112=AXIS2_PLACEMENT_3D('',#3422,#2372,#2373);
#2113=AXIS2_PLACEMENT_3D('',#3424,#2375,#2376);
#2114=AXIS2_PLACEMENT_3D('',#3425,#2377,#2378);
#2115=AXIS2_PLACEMENT_3D('',#3431,#2382,#2383);
#2116=AXIS2_PLACEMENT_3D('',#3437,#2387,#2388);
#2117=AXIS2_PLACEMENT_3D('',#3443,#2392,#2393);
#2118=AXIS2_PLACEMENT_3D('',#3449,#2397,#2398);
#2119=AXIS2_PLACEMENT_3D('',#3455,#2402,#2403);
#2120=AXIS2_PLACEMENT_3D('',#3461,#2407,#2408);
#2121=AXIS2_PLACEMENT_3D('',#3470,#2413,#2414);
#2122=AXIS2_PLACEMENT_3D('',#3476,#2418,#2419);
#2123=AXIS2_PLACEMENT_3D('',#3482,#2423,#2424);
#2124=AXIS2_PLACEMENT_3D('',#3488,#2428,#2429);
#2125=AXIS2_PLACEMENT_3D('',#3494,#2433,#2434);
#2126=AXIS2_PLACEMENT_3D('',#3500,#2438,#2439);
#2127=AXIS2_PLACEMENT_3D('',#3506,#2443,#2444);
#2128=AXIS2_PLACEMENT_3D('',#3509,#2447,#2448);
#2129=AXIS2_PLACEMENT_3D('',#3512,#2451,#2452);
#2130=AXIS2_PLACEMENT_3D('',#3514,#2454,#2455);
#2131=AXIS2_PLACEMENT_3D('',#3516,#2457,#2458);
#2132=AXIS2_PLACEMENT_3D('',#3518,#2460,#2461);
#2133=AXIS2_PLACEMENT_3D('',#3520,#2462,#2463);
#2134=AXIS2_PLACEMENT_3D('',#3523,#2464,#2465);
#2135=AXIS2_PLACEMENT_3D('',#3527,#2467,#2468);
#2136=AXIS2_PLACEMENT_3D('',#3531,#2470,#2471);
#2137=AXIS2_PLACEMENT_3D('',#3535,#2473,#2474);
#2138=AXIS2_PLACEMENT_3D('',#3539,#2476,#2477);
#2139=AXIS2_PLACEMENT_3D('',#3543,#2479,#2480);
#2140=AXIS2_PLACEMENT_3D('',#3547,#2482,#2483);
#2141=AXIS2_PLACEMENT_3D('',#3551,#2485,#2486);
#2142=AXIS2_PLACEMENT_3D('',#3553,#2488,#2489);
#2143=AXIS2_PLACEMENT_3D('',#3556,#2492,#2493);
#2144=AXIS2_PLACEMENT_3D('',#3562,#2497,#2498);
#2145=AXIS2_PLACEMENT_3D('',#3568,#2502,#2503);
#2146=AXIS2_PLACEMENT_3D('',#3570,#2505,#2506);
#2147=AXIS2_PLACEMENT_3D('',#3576,#2510,#2511);
#2148=AXIS2_PLACEMENT_3D('',#3582,#2515,#2516);
#2149=AXIS2_PLACEMENT_3D('',#3584,#2518,#2519);
#2150=AXIS2_PLACEMENT_3D('',#3586,#2521,#2522);
#2151=AXIS2_PLACEMENT_3D('',#3587,#2523,#2524);
#2152=AXIS2_PLACEMENT_3D('',#3589,#2526,#2527);
#2153=AXIS2_PLACEMENT_3D('',#3590,#2528,#2529);
#2154=AXIS2_PLACEMENT_3D('',#3592,#2531,#2532);
#2155=AXIS2_PLACEMENT_3D('',#3594,#2534,#2535);
#2156=AXIS2_PLACEMENT_3D('',#3595,#2536,#2537);
#2157=AXIS2_PLACEMENT_3D('',#3598,#2539,#2540);
#2158=AXIS2_PLACEMENT_3D('',#3599,#2541,#2542);
#2159=AXIS2_PLACEMENT_3D('',#3601,#2544,#2545);
#2160=AXIS2_PLACEMENT_3D('',#3603,#2547,#2548);
#2161=AXIS2_PLACEMENT_3D('',#3605,#2550,#2551);
#2162=AXIS2_PLACEMENT_3D('',#3606,#2552,#2553);
#2163=AXIS2_PLACEMENT_3D('',#3610,#2556,#2557);
#2164=AXIS2_PLACEMENT_3D('',#3614,#2560,#2561);
#2165=AXIS2_PLACEMENT_3D('',#3616,#2563,#2564);
#2166=AXIS2_PLACEMENT_3D('',#3617,#2565,#2566);
#2167=AXIS2_PLACEMENT_3D('',#3620,#2569,#2570);
#2168=AXIS2_PLACEMENT_3D('',#3622,#2572,#2573);
#2169=AXIS2_PLACEMENT_3D('',#3624,#2575,#2576);
#2170=AXIS2_PLACEMENT_3D('',#3625,#2577,#2578);
#2171=AXIS2_PLACEMENT_3D('',#3628,#2581,#2582);
#2172=AXIS2_PLACEMENT_3D('',#3630,#2584,#2585);
#2173=AXIS2_PLACEMENT_3D('',#3632,#2587,#2588);
#2174=AXIS2_PLACEMENT_3D('',#3633,#2589,#2590);
#2175=AXIS2_PLACEMENT_3D('',#3636,#2593,#2594);
#2176=AXIS2_PLACEMENT_3D('',#3638,#2596,#2597);
#2177=AXIS2_PLACEMENT_3D('',#3640,#2599,#2600);
#2178=AXIS2_PLACEMENT_3D('',#3641,#2601,#2602);
#2179=AXIS2_PLACEMENT_3D('',#3644,#2605,#2606);
#2180=AXIS2_PLACEMENT_3D('',#3646,#2608,#2609);
#2181=AXIS2_PLACEMENT_3D('',#3648,#2611,#2612);
#2182=AXIS2_PLACEMENT_3D('',#3649,#2613,#2614);
#2183=DIRECTION('axis',(0.,0.,1.));
#2184=DIRECTION('refdir',(1.,0.,0.));
#2185=DIRECTION('center_axis',(-1.,0.,6.23866534908114E-15));
#2186=DIRECTION('ref_axis',(-3.92523114670948E-15,0.70710678118654,-0.707106781186555));
#2187=DIRECTION('center_axis',(0.999999999662388,0.,2.59850728424957E-5));
#2188=DIRECTION('ref_axis',(1.8374221219657E-5,0.707106781067176,-0.707106781067191));
#2189=DIRECTION('',(1.,0.,-6.23866534908114E-15));
#2190=DIRECTION('center_axis',(-0.999999999662388,0.,2.59850728413111E-5));
#2191=DIRECTION('ref_axis',(-1.83742212188193E-5,0.707106781067176,-0.707106781067191));
#2192=DIRECTION('',(-1.,0.,6.23866534908114E-15));
#2193=DIRECTION('center_axis',(0.999999999662388,0.,-2.59850728413111E-5));
#2194=DIRECTION('ref_axis',(-2.59850728413111E-5,0.,-0.999999999662388));
#2195=DIRECTION('',(2.59850728413111E-5,0.,0.999999999662388));
#2196=DIRECTION('center_axis',(-0.999999999662388,0.,2.59850728413111E-5));
#2197=DIRECTION('ref_axis',(2.59850728413111E-5,-1.18828557996134E-14,0.999999999662388));
#2198=DIRECTION('',(0.,-1.,0.));
#2199=DIRECTION('',(2.59850728413111E-5,0.,0.999999999662388));
#2200=DIRECTION('',(0.,1.,0.));
#2201=DIRECTION('center_axis',(0.,1.,0.));
#2202=DIRECTION('ref_axis',(0.,0.,1.));
#2203=DIRECTION('',(2.59850728424957E-5,0.,-0.999999999662388));
#2204=DIRECTION('',(-0.999999999860477,0.,-1.67046896845426E-5));
#2205=DIRECTION('center_axis',(0.999999999860477,0.,1.67046896845426E-5));
#2206=DIRECTION('ref_axis',(-1.18119993533773E-5,0.707106781186539,0.707106781087898));
#2207=DIRECTION('center_axis',(0.999999999662388,0.,2.59850728424957E-5));
#2208=DIRECTION('ref_axis',(-1.83742212169509E-5,0.707106781171314,0.707106780963053));
#2209=DIRECTION('',(0.999999999860477,0.,1.67046896845426E-5));
#2210=DIRECTION('center_axis',(0.,0.,-1.));
#2211=DIRECTION('ref_axis',(1.,0.,0.));
#2212=DIRECTION('',(1.,0.,0.));
#2213=DIRECTION('',(0.,-1.,0.));
#2214=DIRECTION('',(1.,0.,0.));
#2215=DIRECTION('',(0.,-1.,0.));
#2216=DIRECTION('',(0.,-1.,0.));
#2217=DIRECTION('',(0.,-1.,0.));
#2218=DIRECTION('',(0.,-1.,0.));
#2219=DIRECTION('',(0.,-1.,0.));
#2220=DIRECTION('center_axis',(0.,0.,1.));
#2221=DIRECTION('ref_axis',(-1.,0.,0.));
#2222=DIRECTION('',(-1.,0.,0.));
#2223=DIRECTION('',(0.,-1.,0.));
#2224=DIRECTION('',(-1.,0.,0.));
#2225=DIRECTION('center_axis',(-1.,0.,0.));
#2226=DIRECTION('ref_axis',(0.,0.,-1.));
#2227=DIRECTION('',(0.,0.,-1.));
#2228=DIRECTION('',(0.,0.,-1.));
#2229=DIRECTION('center_axis',(0.,0.,-1.));
#2230=DIRECTION('ref_axis',(1.,0.,0.));
#2231=DIRECTION('',(1.,0.,0.));
#2232=DIRECTION('',(0.,-1.,0.));
#2233=DIRECTION('',(1.,0.,0.));
#2234=DIRECTION('',(0.,-1.,0.));
#2235=DIRECTION('center_axis',(-1.,0.,0.));
#2236=DIRECTION('ref_axis',(0.,0.,-1.));
#2237=DIRECTION('',(0.,0.,-1.));
#2238=DIRECTION('',(0.,-1.,0.));
#2239=DIRECTION('',(0.,0.,-1.));
#2240=DIRECTION('center_axis',(0.,0.,-1.));
#2241=DIRECTION('ref_axis',(1.,0.,0.));
#2242=DIRECTION('',(1.,0.,0.));
#2243=DIRECTION('',(0.,-1.,0.));
#2244=DIRECTION('',(1.,0.,0.));
#2245=DIRECTION('',(0.,-1.,0.));
#2246=DIRECTION('',(0.,-1.,0.));
#2247=DIRECTION('',(0.,-1.,0.));
#2248=DIRECTION('',(0.,-1.,0.));
#2249=DIRECTION('center_axis',(0.,0.,1.));
#2250=DIRECTION('ref_axis',(-1.,0.,0.));
#2251=DIRECTION('',(-1.,0.,0.));
#2252=DIRECTION('',(0.,-1.,0.));
#2253=DIRECTION('',(-1.,0.,0.));
#2254=DIRECTION('center_axis',(1.,0.,0.));
#2255=DIRECTION('ref_axis',(0.,0.,1.));
#2256=DIRECTION('',(0.,0.,1.));
#2257=DIRECTION('',(0.,0.,1.));
#2258=DIRECTION('center_axis',(0.,1.,0.));
#2259=DIRECTION('ref_axis',(-1.,0.,0.));
#2260=DIRECTION('',(0.,-1.,0.));
#2261=DIRECTION('',(0.,-1.,0.));
#2262=DIRECTION('',(0.,-1.,0.));
#2263=DIRECTION('',(0.,-1.,0.));
#2264=DIRECTION('',(0.,-1.,0.));
#2265=DIRECTION('',(0.,-1.,0.));
#2266=DIRECTION('',(0.,-1.,0.));
#2267=DIRECTION('',(0.,-1.,0.));
#2268=DIRECTION('',(0.,-1.,0.));
#2269=DIRECTION('',(0.,-1.,0.));
#2270=DIRECTION('',(0.,-1.,0.));
#2271=DIRECTION('',(0.,-1.,0.));
#2272=DIRECTION('',(0.,-1.,0.));
#2273=DIRECTION('',(0.,-1.,0.));
#2274=DIRECTION('',(0.,-1.,0.));
#2275=DIRECTION('',(0.,-1.,0.));
#2276=DIRECTION('',(0.,-1.,0.));
#2277=DIRECTION('',(0.,-1.,0.));
#2278=DIRECTION('center_axis',(0.,1.,0.));
#2279=DIRECTION('ref_axis',(-1.,0.,0.));
#2280=DIRECTION('center_axis',(0.,0.,-1.));
#2281=DIRECTION('ref_axis',(1.,0.,0.));
#2282=DIRECTION('',(1.,0.,0.));
#2283=DIRECTION('',(0.,-1.,0.));
#2284=DIRECTION('',(1.,0.,0.));
#2285=DIRECTION('',(0.,-1.,0.));
#2286=DIRECTION('center_axis',(1.,0.,0.));
#2287=DIRECTION('ref_axis',(0.,0.,1.));
#2288=DIRECTION('',(0.,0.,1.));
#2289=DIRECTION('',(0.,-1.,0.));
#2290=DIRECTION('',(0.,0.,1.));
#2291=DIRECTION('center_axis',(0.,0.,-1.));
#2292=DIRECTION('ref_axis',(1.,0.,0.));
#2293=DIRECTION('',(1.,0.,0.));
#2294=DIRECTION('',(0.,-1.,0.));
#2295=DIRECTION('',(1.,0.,0.));
#2296=DIRECTION('center_axis',(-1.,0.,0.));
#2297=DIRECTION('ref_axis',(0.,0.,-1.));
#2298=DIRECTION('',(0.,0.,-1.));
#2299=DIRECTION('',(0.,-1.,0.));
#2300=DIRECTION('',(0.,0.,-1.));
#2301=DIRECTION('center_axis',(0.,0.,-1.));
#2302=DIRECTION('ref_axis',(1.,0.,0.));
#2303=DIRECTION('',(1.,0.,0.));
#2304=DIRECTION('',(0.,-1.,0.));
#2305=DIRECTION('',(1.,0.,0.));
#2306=DIRECTION('center_axis',(-1.,0.,0.));
#2307=DIRECTION('ref_axis',(0.,0.,-1.));
#2308=DIRECTION('',(0.,0.,-1.));
#2309=DIRECTION('',(0.,-1.,0.));
#2310=DIRECTION('',(0.,0.,-1.));
#2311=DIRECTION('center_axis',(0.,0.,1.));
#2312=DIRECTION('ref_axis',(-1.,0.,0.));
#2313=DIRECTION('',(-1.,0.,0.));
#2314=DIRECTION('',(0.,-1.,0.));
#2315=DIRECTION('',(-1.,0.,0.));
#2316=DIRECTION('center_axis',(1.,0.,0.));
#2317=DIRECTION('ref_axis',(0.,0.,1.));
#2318=DIRECTION('',(0.,0.,1.));
#2319=DIRECTION('',(0.,0.,1.));
#2320=DIRECTION('center_axis',(0.,-1.,0.));
#2321=DIRECTION('ref_axis',(0.,0.,-1.));
#2322=DIRECTION('center_axis',(0.,1.,0.));
#2323=DIRECTION('ref_axis',(0.,0.,1.));
#2324=DIRECTION('',(0.999999999860477,0.,1.67046896845426E-5));
#2325=DIRECTION('',(0.707118593087244,0.,-0.707094969088536));
#2326=DIRECTION('',(1.67046896853084E-5,0.,-0.999999999860477));
#2327=DIRECTION('',(-0.707094969088535,0.,-0.707118593087244));
#2328=DIRECTION('',(-0.999999999860477,0.,-1.67046896853084E-5));
#2329=DIRECTION('',(-0.707118593087244,0.,0.707094969088536));
#2330=DIRECTION('',(-1.67046896853084E-5,0.,0.999999999860477));
#2331=DIRECTION('',(0.707094969088536,0.,0.707118593087244));
#2332=DIRECTION('',(0.999999999860477,0.,1.67046896845426E-5));
#2333=DIRECTION('',(2.59850728424957E-5,0.,-0.999999999662388));
#2334=DIRECTION('',(1.,0.,-6.23866534908114E-15));
#2335=DIRECTION('',(-0.923825583280025,0.,0.38281365137273));
#2336=DIRECTION('',(-6.93185038786793E-15,0.,-1.));
#2337=DIRECTION('',(0.923894443701347,0.,0.382647431583929));
#2338=DIRECTION('',(2.59850728426219E-5,0.,-0.999999999662388));
#2339=DIRECTION('',(0.923864623589375,0.,-0.382719423703662));
#2340=DIRECTION('',(6.46972702867673E-15,0.,1.));
#2341=DIRECTION('',(-0.923933450114313,0.,-0.382553237811238));
#2342=DIRECTION('',(-2.59850728426219E-5,0.,0.999999999662388));
#2343=DIRECTION('',(1.67046896852953E-5,0.,-0.999999999860477));
#2344=DIRECTION('',(1.67046896852953E-5,0.,-0.999999999860477));
#2345=DIRECTION('',(0.999999999860477,0.,1.67046896857722E-5));
#2346=DIRECTION('',(1.67046896852953E-5,0.,0.999999999860477));
#2347=DIRECTION('',(1.67046896852953E-5,0.,0.999999999860477));
#2348=DIRECTION('',(1.,0.,-6.46972702867674E-15));
#2349=DIRECTION('center_axis',(0.,-1.,0.));
#2350=DIRECTION('ref_axis',(0.707106781186547,0.,-0.707106781186548));
#2351=DIRECTION('',(0.707106845048658,0.,0.707106717324431));
#2352=DIRECTION('center_axis',(0.,-1.,0.));
#2353=DIRECTION('ref_axis',(-0.707106717324433,0.,0.707106845048656));
#2354=DIRECTION('',(-0.707106845048657,0.,-0.707106717324433));
#2355=DIRECTION('center_axis',(0.,-1.,0.));
#2356=DIRECTION('ref_axis',(0.707106781186549,0.,0.707106781186547));
#2357=DIRECTION('',(-0.707106717324431,0.,0.707106845048658));
#2358=DIRECTION('center_axis',(0.,-1.,0.));
#2359=DIRECTION('ref_axis',(-0.707106845048656,0.,-0.707106717324434));
#2360=DIRECTION('',(0.707106717324433,0.,-0.707106845048656));
#2361=DIRECTION('center_axis',(0.,-1.,0.));
#2362=DIRECTION('ref_axis',(1.,0.,0.));
#2363=DIRECTION('center_axis',(0.,-1.,0.));
#2364=DIRECTION('ref_axis',(-0.707106781186546,0.,0.707106781186549));
#2365=DIRECTION('',(-0.707106845048658,0.,-0.707106717324431));
#2366=DIRECTION('center_axis',(0.,-1.,0.));
#2367=DIRECTION('ref_axis',(0.707106717324433,0.,-0.707106845048656));
#2368=DIRECTION('',(0.707106845048657,0.,0.707106717324432));
#2369=DIRECTION('center_axis',(0.,-1.,0.));
#2370=DIRECTION('ref_axis',(-0.707106781186549,0.,-0.707106781186547));
#2371=DIRECTION('',(0.707106717324431,0.,-0.707106845048658));
#2372=DIRECTION('center_axis',(0.,-1.,0.));
#2373=DIRECTION('ref_axis',(0.707106845048656,0.,0.707106717324433));
#2374=DIRECTION('',(-0.707106717324433,0.,0.707106845048657));
#2375=DIRECTION('center_axis',(0.,1.,0.));
#2376=DIRECTION('ref_axis',(0.,0.,1.));
#2377=DIRECTION('center_axis',(0.707106780947812,0.707106781186555,1.83742212166441E-5));
#2378=DIRECTION('ref_axis',(2.59850728426219E-5,0.,-0.999999999662388));
#2379=DIRECTION('',(-0.678600890285336,0.678608193283408,-0.281054713023244));
#2380=DIRECTION('',(-2.59850728426219E-5,0.,0.999999999662388));
#2381=DIRECTION('',(0.678580329763075,-0.678573022811076,-0.28118924014207));
#2382=DIRECTION('center_axis',(0.999999999662388,0.,2.59850728426219E-5));
#2383=DIRECTION('ref_axis',(2.59850728426219E-5,0.,-0.999999999662388));
#2384=DIRECTION('',(0.,1.,0.));
#2385=DIRECTION('',(2.59850728426219E-5,0.,-0.999999999662388));
#2386=DIRECTION('',(0.,1.,0.));
#2387=DIRECTION('center_axis',(-0.707106780947812,0.707106781186555,-1.83742212166441E-5));
#2388=DIRECTION('ref_axis',(-2.59850728426219E-5,0.,0.999999999662388));
#2389=DIRECTION('',(0.678616347342403,0.678623648400736,0.280980065041862));
#2390=DIRECTION('',(2.59850728426219E-5,0.,-0.999999999662388));
#2391=DIRECTION('',(-0.678595800363859,-0.678588495352522,0.281114556193261));
#2392=DIRECTION('center_axis',(-0.999999999662388,0.,-2.59850728426219E-5));
#2393=DIRECTION('ref_axis',(-2.59850728426219E-5,0.,0.999999999662388));
#2394=DIRECTION('',(0.,1.,0.));
#2395=DIRECTION('',(-2.59850728426219E-5,0.,0.999999999662388));
#2396=DIRECTION('',(0.,1.,0.));
#2397=DIRECTION('center_axis',(4.5747878544032E-15,0.70710678118655,0.707106781186545));
#2398=DIRECTION('ref_axis',(1.,0.,-6.46972702867674E-15));
#2399=DIRECTION('',(-1.18119993549133E-5,0.707106781137216,-0.707106781137221));
#2400=DIRECTION('',(-1.,0.,6.46972702867674E-15));
#2401=DIRECTION('',(-1.18119993549133E-5,-0.707106781137216,0.707106781137221));
#2402=DIRECTION('center_axis',(6.46972702867674E-15,0.,1.));
#2403=DIRECTION('ref_axis',(1.,0.,-6.46972702867674E-15));
#2404=DIRECTION('',(0.,-1.,0.));
#2405=DIRECTION('',(1.,0.,-6.46972702867674E-15));
#2406=DIRECTION('',(0.,1.,0.));
#2407=DIRECTION('center_axis',(1.10552064517947E-5,-0.749678175815866,-0.661802563143402));
#2408=DIRECTION('ref_axis',(-0.999999999860477,0.,-1.67046896853084E-5));
#2409=DIRECTION('',(0.999999999860477,-4.20246027204008E-22,1.67046896853084E-5));
#2410=DIRECTION('',(-0.296569748429095,-0.632031315244612,0.715948881462126));
#2411=DIRECTION('',(-0.999999999860477,0.,-1.67046896853084E-5));
#2412=DIRECTION('',(-0.296545828855802,0.63203131524461,-0.715958789273792));
#2413=DIRECTION('center_axis',(-0.467957262993886,-0.74967817581587,-0.467972897416784));
#2414=DIRECTION('ref_axis',(-0.707118593087244,0.,0.707094969088536));
#2415=DIRECTION('',(-0.707118593087244,0.,0.707094969088536));
#2416=DIRECTION('',(-0.715948881462126,0.632031315244608,-0.296569748429104));
#2417=DIRECTION('',(0.707118593087244,0.,-0.707094969088536));
#2418=DIRECTION('center_axis',(-0.661802563143401,-0.749678175815868,-1.10552064517947E-5));
#2419=DIRECTION('ref_axis',(-1.67046896853084E-5,0.,0.999999999860477));
#2420=DIRECTION('',(-1.67046896853084E-5,0.,0.999999999860477));
#2421=DIRECTION('',(-0.715958789273795,0.63203131524461,0.296545828855794));
#2422=DIRECTION('',(1.67046896853084E-5,-4.20246027204008E-22,-0.999999999860477));
#2423=DIRECTION('center_axis',(-0.467972897416788,-0.749678175815866,0.467957262993889));
#2424=DIRECTION('ref_axis',(0.707094969088535,0.,0.707118593087244));
#2425=DIRECTION('',(0.707094969088536,0.,0.707118593087244));
#2426=DIRECTION('',(-0.296569748429097,0.632031315244611,0.715948881462126));
#2427=DIRECTION('',(-0.707094969088536,0.,-0.707118593087244));
#2428=DIRECTION('center_axis',(-1.10552064512879E-5,-0.749678175815866,
0.661802563143402));
#2429=DIRECTION('ref_axis',(0.999999999860477,0.,1.67046896845426E-5));
#2430=DIRECTION('',(-0.999999999860477,0.,-1.67046896845426E-5));
#2431=DIRECTION('',(0.999999999860477,0.,1.67046896845426E-5));
#2432=DIRECTION('',(0.296545828855801,0.63203131524461,0.715958789273792));
#2433=DIRECTION('center_axis',(0.467957262993886,-0.74967817581587,0.467972897416784));
#2434=DIRECTION('ref_axis',(0.707118593087244,0.,-0.707094969088536));
#2435=DIRECTION('',(-0.707118593087244,6.88531090971048E-18,0.707094969088536));
#2436=DIRECTION('',(0.707118593087244,0.,-0.707094969088536));
#2437=DIRECTION('',(0.715948881462126,0.632031315244608,0.296569748429104));
#2438=DIRECTION('center_axis',(0.661802563143401,-0.749678175815868,1.10552064517947E-5));
#2439=DIRECTION('ref_axis',(1.67046896853084E-5,0.,-0.999999999860477));
#2440=DIRECTION('',(-1.67046896853084E-5,-4.20246027204008E-22,0.999999999860477));
#2441=DIRECTION('',(1.67046896853084E-5,0.,-0.999999999860477));
#2442=DIRECTION('',(0.715958789273791,0.632031315244612,-0.2965458288558));
#2443=DIRECTION('center_axis',(0.467972897416786,-0.749678175815868,-0.467957262993887));
#2444=DIRECTION('ref_axis',(-0.707094969088535,0.,-0.707118593087244));
#2445=DIRECTION('',(0.707094969088535,-6.8853109097105E-18,0.707118593087244));
#2446=DIRECTION('',(-0.707094969088535,0.,-0.707118593087244));
#2447=DIRECTION('center_axis',(0.701634694562089,-0.124034734589209,0.701658136133366));
#2448=DIRECTION('ref_axis',(0.707118593087244,0.,-0.707094969088536));
#2449=DIRECTION('',(0.123870500861641,0.990970863865033,0.0513112656916219));
#2450=DIRECTION('',(0.0513071272264302,0.990970863865033,0.123872215070051));
#2451=DIRECTION('center_axis',(0.992277876575222,-0.124034734589208,1.65756940120986E-5));
#2452=DIRECTION('ref_axis',(1.67046896853084E-5,0.,-0.999999999860477));
#2453=DIRECTION('',(0.123872215070052,0.990970863865033,-0.0513071272264302));
#2454=DIRECTION('center_axis',(0.701658136133366,-0.124034734589209,-0.701634694562088));
#2455=DIRECTION('ref_axis',(-0.707094969088535,0.,-0.707118593087244));
#2456=DIRECTION('',(0.0513112656916227,0.990970863865033,-0.123870500861641));
#2457=DIRECTION('center_axis',(1.65756940120985E-5,-0.124034734589208,-0.992277876575222));
#2458=DIRECTION('ref_axis',(-0.999999999860477,0.,-1.67046896853084E-5));
#2459=DIRECTION('',(-0.0513071272264294,0.990970863865033,-0.123872215070051));
#2460=DIRECTION('center_axis',(0.,1.,0.));
#2461=DIRECTION('ref_axis',(1.,0.,0.));
#2462=DIRECTION('center_axis',(0.,-1.,0.));
#2463=DIRECTION('ref_axis',(1.,0.,0.));
#2464=DIRECTION('center_axis',(0.,1.,0.));
#2465=DIRECTION('ref_axis',(-0.707106781186549,0.,-0.707106781186547));
#2466=DIRECTION('',(0.707106717324433,0.,-0.707106845048657));
#2467=DIRECTION('center_axis',(0.,1.,0.));
#2468=DIRECTION('ref_axis',(0.707106845048656,0.,0.707106717324433));
#2469=DIRECTION('',(-0.707106717324431,0.,0.707106845048658));
#2470=DIRECTION('center_axis',(0.,1.,0.));
#2471=DIRECTION('ref_axis',(-0.707106781186546,0.,0.707106781186549));
#2472=DIRECTION('',(-0.707106845048657,0.,-0.707106717324432));
#2473=DIRECTION('center_axis',(0.,1.,0.));
#2474=DIRECTION('ref_axis',(0.707106717324433,0.,-0.707106845048656));
#2475=DIRECTION('',(0.707106845048658,0.,0.707106717324431));
#2476=DIRECTION('center_axis',(0.,1.,0.));
#2477=DIRECTION('ref_axis',(0.707106781186549,0.,0.707106781186547));
#2478=DIRECTION('',(-0.707106717324433,0.,0.707106845048656));
#2479=DIRECTION('center_axis',(0.,1.,0.));
#2480=DIRECTION('ref_axis',(-0.707106845048656,0.,-0.707106717324434));
#2481=DIRECTION('',(0.707106717324431,0.,-0.707106845048658));
#2482=DIRECTION('center_axis',(0.,1.,0.));
#2483=DIRECTION('ref_axis',(0.707106781186547,0.,-0.707106781186548));
#2484=DIRECTION('',(0.707106845048657,0.,0.707106717324433));
#2485=DIRECTION('center_axis',(0.,1.,0.));
#2486=DIRECTION('ref_axis',(-0.707106717324433,0.,0.707106845048656));
#2487=DIRECTION('',(-0.707106845048658,0.,-0.707106717324431));
#2488=DIRECTION('center_axis',(-1.65756940113387E-5,-0.124034734589208,
0.992277876575222));
#2489=DIRECTION('ref_axis',(0.999999999860477,0.,1.67046896845426E-5));
#2490=DIRECTION('',(0.999999999860477,0.,1.67046896845426E-5));
#2491=DIRECTION('',(-0.0513112656916216,0.990970863865033,0.123870500861641));
#2492=DIRECTION('center_axis',(0.707106780947812,0.707106781186556,1.83742212166441E-5));
#2493=DIRECTION('ref_axis',(2.59850728426219E-5,0.,-0.999999999662388));
#2494=DIRECTION('',(-0.678600890285337,0.678608193283408,-0.281054713023244));
#2495=DIRECTION('',(-2.59850728426219E-5,0.,0.999999999662388));
#2496=DIRECTION('',(0.678580329763076,-0.678573022811076,-0.28118924014207));
#2497=DIRECTION('center_axis',(0.,1.,0.));
#2498=DIRECTION('ref_axis',(0.,0.,1.));
#2499=DIRECTION('',(-0.923894443701347,0.,-0.382647431583929));
#2500=DIRECTION('',(-6.93185038786793E-15,0.,-1.));
#2501=DIRECTION('',(0.923825583280025,0.,-0.38281365137273));
#2502=DIRECTION('center_axis',(0.382647431583929,0.,-0.923894443701347));
#2503=DIRECTION('ref_axis',(-0.923894443701347,0.,-0.382647431583929));
#2504=DIRECTION('',(0.,-1.,0.));
#2505=DIRECTION('center_axis',(-0.707106780947812,0.707106781186556,-1.83742212166441E-5));
#2506=DIRECTION('ref_axis',(-2.59850728426218E-5,0.,0.999999999662388));
#2507=DIRECTION('',(0.678616347342403,0.678623648400736,0.280980065041862));
#2508=DIRECTION('',(2.59850728426219E-5,0.,-0.999999999662388));
#2509=DIRECTION('',(-0.678595800363859,-0.678588495352522,0.281114556193261));
#2510=DIRECTION('center_axis',(0.,1.,0.));
#2511=DIRECTION('ref_axis',(0.,0.,1.));
#2512=DIRECTION('',(0.923933450114313,0.,0.382553237811238));
#2513=DIRECTION('',(6.46972702867674E-15,0.,1.));
#2514=DIRECTION('',(-0.923864623589375,0.,0.382719423703662));
#2515=DIRECTION('center_axis',(-0.382553237811238,0.,0.923933450114313));
#2516=DIRECTION('ref_axis',(0.923933450114313,0.,0.382553237811238));
#2517=DIRECTION('',(0.,-1.,0.));
#2518=DIRECTION('center_axis',(-1.,0.,6.93185038786793E-15));
#2519=DIRECTION('ref_axis',(6.93185038786793E-15,0.,1.));
#2520=DIRECTION('',(0.,1.,0.));
#2521=DIRECTION('center_axis',(0.38281365137273,0.,0.923825583280025));
#2522=DIRECTION('ref_axis',(0.923825583280025,0.,-0.38281365137273));
#2523=DIRECTION('center_axis',(-0.382719423703662,0.,-0.923864623589375));
#2524=DIRECTION('ref_axis',(-0.923864623589375,0.,0.382719423703662));
#2525=DIRECTION('',(0.,1.,0.));
#2526=DIRECTION('center_axis',(1.,0.,-6.46972702867674E-15));
#2527=DIRECTION('ref_axis',(-6.46972702867673E-15,0.,-1.));
#2528=DIRECTION('center_axis',(-6.23866534908114E-15,0.,-1.));
#2529=DIRECTION('ref_axis',(-1.,0.,6.23866534908114E-15));
#2530=DIRECTION('',(0.,-1.,0.));
#2531=DIRECTION('center_axis',(-1.67046896845426E-5,0.,0.999999999860477));
#2532=DIRECTION('ref_axis',(0.999999999860477,0.,1.67046896845426E-5));
#2533=DIRECTION('',(0.,1.,0.));
#2534=DIRECTION('center_axis',(-0.999999999662388,0.,-2.59850728424957E-5));
#2535=DIRECTION('ref_axis',(-2.59850728424957E-5,0.,0.999999999662388));
#2536=DIRECTION('center_axis',(0.,-1.,0.));
#2537=DIRECTION('ref_axis',(1.,0.,0.));
#2538=DIRECTION('',(0.707106781186547,0.707106781186548,8.65956056235493E-17));
#2539=DIRECTION('center_axis',(0.,1.,0.));
#2540=DIRECTION('ref_axis',(1.,0.,0.));
#2541=DIRECTION('center_axis',(0.,-1.,0.));
#2542=DIRECTION('ref_axis',(1.,0.,0.));
#2543=DIRECTION('',(0.,1.,0.));
#2544=DIRECTION('center_axis',(-0.701634694562088,-0.124034734589208,-0.701658136133366));
#2545=DIRECTION('ref_axis',(-0.707118593087244,0.,0.707094969088536));
#2546=DIRECTION('',(-0.123870500861641,0.990970863865033,-0.0513112656916213));
#2547=DIRECTION('center_axis',(-0.992277876575222,-0.124034734589208,-1.65756940120985E-5));
#2548=DIRECTION('ref_axis',(-1.67046896853084E-5,0.,0.999999999860477));
#2549=DIRECTION('',(-0.123872215070051,0.990970863865033,0.0513071272264297));
#2550=DIRECTION('center_axis',(-0.701658136133366,-0.124034734589208,0.701634694562089));
#2551=DIRECTION('ref_axis',(0.707094969088536,0.,0.707118593087244));
#2552=DIRECTION('center_axis',(-0.999999999860477,0.,-1.67046896852953E-5));
#2553=DIRECTION('ref_axis',(-1.67046896852953E-5,0.,0.999999999860477));
#2554=DIRECTION('',(-1.67046896852953E-5,0.,0.999999999860477));
#2555=DIRECTION('',(0.,-1.,0.));
#2556=DIRECTION('center_axis',(1.67046896857722E-5,0.,-0.999999999860477));
#2557=DIRECTION('ref_axis',(-0.999999999860477,0.,-1.67046896857722E-5));
#2558=DIRECTION('',(-0.999999999860477,0.,-1.67046896857722E-5));
#2559=DIRECTION('',(0.,1.,0.));
#2560=DIRECTION('center_axis',(0.999999999860477,0.,-1.67046896852953E-5));
#2561=DIRECTION('ref_axis',(-1.67046896852953E-5,0.,-0.999999999860477));
#2562=DIRECTION('',(-1.67046896852953E-5,0.,-0.999999999860477));
#2563=DIRECTION('center_axis',(0.,1.,0.));
#2564=DIRECTION('ref_axis',(0.,0.,1.));
#2565=DIRECTION('center_axis',(0.,-1.,0.));
#2566=DIRECTION('ref_axis',(0.707106781186547,0.,-0.707106781186548));
#2567=DIRECTION('',(0.,-1.,0.));
#2568=DIRECTION('',(0.,-1.,0.));
#2569=DIRECTION('center_axis',(0.707106717324433,0.,-0.707106845048657));
#2570=DIRECTION('ref_axis',(0.707106845048657,0.,0.707106717324433));
#2571=DIRECTION('',(0.,-1.,0.));
#2572=DIRECTION('center_axis',(0.,-1.,0.));
#2573=DIRECTION('ref_axis',(-0.707106717324433,0.,0.707106845048656));
#2574=DIRECTION('',(0.,-1.,0.));
#2575=DIRECTION('center_axis',(-0.707106717324431,0.,0.707106845048658));
#2576=DIRECTION('ref_axis',(-0.707106845048658,0.,-0.707106717324431));
#2577=DIRECTION('center_axis',(0.,-1.,0.));
#2578=DIRECTION('ref_axis',(0.707106781186549,0.,0.707106781186547));
#2579=DIRECTION('',(0.,-1.,0.));
#2580=DIRECTION('',(0.,-1.,0.));
#2581=DIRECTION('center_axis',(0.707106845048656,0.,0.707106717324433));
#2582=DIRECTION('ref_axis',(-0.707106717324433,0.,0.707106845048656));
#2583=DIRECTION('',(0.,-1.,0.));
#2584=DIRECTION('center_axis',(0.,-1.,0.));
#2585=DIRECTION('ref_axis',(-0.707106845048656,0.,-0.707106717324434));
#2586=DIRECTION('',(0.,-1.,0.));
#2587=DIRECTION('center_axis',(-0.707106845048658,0.,-0.707106717324431));
#2588=DIRECTION('ref_axis',(0.707106717324431,0.,-0.707106845048658));
#2589=DIRECTION('center_axis',(0.,-1.,0.));
#2590=DIRECTION('ref_axis',(-0.707106781186546,0.,0.707106781186549));
#2591=DIRECTION('',(0.,-1.,0.));
#2592=DIRECTION('',(0.,-1.,0.));
#2593=DIRECTION('center_axis',(-0.707106717324432,0.,0.707106845048657));
#2594=DIRECTION('ref_axis',(-0.707106845048657,0.,-0.707106717324432));
#2595=DIRECTION('',(0.,-1.,0.));
#2596=DIRECTION('center_axis',(0.,-1.,0.));
#2597=DIRECTION('ref_axis',(0.707106717324433,0.,-0.707106845048656));
#2598=DIRECTION('',(0.,-1.,0.));
#2599=DIRECTION('center_axis',(0.707106717324431,0.,-0.707106845048659));
#2600=DIRECTION('ref_axis',(0.707106845048658,0.,0.707106717324431));
#2601=DIRECTION('center_axis',(0.,-1.,0.));
#2602=DIRECTION('ref_axis',(-0.707106781186549,0.,-0.707106781186547));
#2603=DIRECTION('',(0.,-1.,0.));
#2604=DIRECTION('',(0.,-1.,0.));
#2605=DIRECTION('center_axis',(-0.707106845048657,0.,-0.707106717324433));
#2606=DIRECTION('ref_axis',(0.707106717324433,0.,-0.707106845048657));
#2607=DIRECTION('',(0.,-1.,0.));
#2608=DIRECTION('center_axis',(0.,-1.,0.));
#2609=DIRECTION('ref_axis',(0.707106845048656,0.,0.707106717324433));
#2610=DIRECTION('',(0.,-1.,0.));
#2611=DIRECTION('center_axis',(0.707106845048658,0.,0.707106717324431));
#2612=DIRECTION('ref_axis',(-0.707106717324431,0.,0.707106845048658));
#2613=DIRECTION('center_axis',(0.,1.,0.));
#2614=DIRECTION('ref_axis',(0.,0.,1.));
#2615=CARTESIAN_POINT('',(0.,0.,0.));
#2616=CARTESIAN_POINT('Origin',(1.8637609470565,-133.4,12.));
#2617=CARTESIAN_POINT('',(-3.528223489394,-133.4,11.6));
#2618=CARTESIAN_POINT('',(-3.52823388342314,-133.,12.));
#2619=CARTESIAN_POINT('Origin',(-3.52823388342314,-133.4,12.));
#2620=CARTESIAN_POINT('',(3.52776615211197,-133.,12.));
#2621=CARTESIAN_POINT('',(1.8637609470565,-133.,12.));
#2622=CARTESIAN_POINT('',(3.52775575808282,-133.4,11.6));
#2623=CARTESIAN_POINT('Origin',(3.52776615211197,-133.4,12.));
#2624=CARTESIAN_POINT('',(1.8637609470565,-133.4,11.6));
#2625=CARTESIAN_POINT('Origin',(3.5278181240109,-135.,14.0000674710129));
#2626=CARTESIAN_POINT('',(3.5278077297599,-133.,13.6000589328309));
#2627=CARTESIAN_POINT('',(3.52780253130402,-133.,13.4000034660672));
#2628=CARTESIAN_POINT('',(3.52781812378905,-133.4,14.0000589330604));
#2629=CARTESIAN_POINT('Origin',(3.5278077297599,-133.4,13.6000589328309));
#2630=CARTESIAN_POINT('',(3.52781812378904,-135.,14.0000589330604));
#2631=CARTESIAN_POINT('',(3.52781812378905,-135.,14.0000589330604));
#2632=CARTESIAN_POINT('',(3.52775575808282,-135.,11.6));
#2633=CARTESIAN_POINT('',(3.52755063325393,-135.,3.70605142101641));
#2634=CARTESIAN_POINT('',(3.52775575808282,-135.,11.6));
#2635=CARTESIAN_POINT('Origin',(-0.000233864037342824,-133.,12.8000311369991));
#2636=CARTESIAN_POINT('',(-3.52827545800822,-133.,13.5999410631509));
#2637=CARTESIAN_POINT('',(-3.52823907971868,-133.,12.199972329068));
#2638=CARTESIAN_POINT('',(-1.86426319870556,-133.,13.5999688599593));
#2639=CARTESIAN_POINT('Origin',(-1.86426319870556,-133.4,13.5999688599593));
#2640=CARTESIAN_POINT('',(-3.52828585203736,-133.4,13.999941063033));
#2641=CARTESIAN_POINT('Origin',(-3.52827545800822,-133.4,13.5999410631509));
#2642=CARTESIAN_POINT('',(-1.86426988058143,-133.4,13.9999688599035));
#2643=CARTESIAN_POINT('Origin',(-3.4598095477289,-135.,10.5915561893026));
#2644=CARTESIAN_POINT('',(-3.4598095477289,-135.,10.5915561893026));
#2645=CARTESIAN_POINT('',(-3.19582594043673,-135.,10.5915561893026));
#2646=CARTESIAN_POINT('',(-1.72990477386445,-135.,10.5915561893026));
#2647=CARTESIAN_POINT('',(-3.4598095477289,-135.2,10.5915561893026));
#2648=CARTESIAN_POINT('',(-3.4598095477289,-135.,10.5915561893026));
#2649=CARTESIAN_POINT('',(-3.19582594043673,-135.2,10.5915561893026));
#2650=CARTESIAN_POINT('',(-3.4598095477289,-135.2,10.5915561893026));
#2651=CARTESIAN_POINT('',(-3.19582594043673,-135.,10.5915561893026));
#2652=CARTESIAN_POINT('Ctrl Pts',(-3.81383431560457,-135.,10.4933296718637));
#2653=CARTESIAN_POINT('Ctrl Pts',(-3.81383431560457,-135.2,10.4933296718637));
#2654=CARTESIAN_POINT('Ctrl Pts',(-3.76986404683145,-135.,10.5217653428711));
#2655=CARTESIAN_POINT('Ctrl Pts',(-3.76986404683145,-135.2,10.5217653428711));
#2656=CARTESIAN_POINT('Ctrl Pts',(-3.6632484735,-135.,10.5907138722321));
#2657=CARTESIAN_POINT('Ctrl Pts',(-3.6632484735,-135.2,10.5907138722321));
#2658=CARTESIAN_POINT('Ctrl Pts',(-3.53510452210714,-135.,10.5912444385302));
#2659=CARTESIAN_POINT('Ctrl Pts',(-3.53510452210714,-135.2,10.5912444385302));
#2660=CARTESIAN_POINT('Ctrl Pts',(-3.4598095477289,-135.,10.5915561893026));
#2661=CARTESIAN_POINT('Ctrl Pts',(-3.4598095477289,-135.2,10.5915561893026));
#2662=CARTESIAN_POINT('',(-3.81383431560457,-135.,10.4933296718637));
#2663=CARTESIAN_POINT('Ctrl Pts',(-3.81383431560457,-135.,10.4933296718637));
#2664=CARTESIAN_POINT('Ctrl Pts',(-3.76986404683145,-135.,10.5217653428711));
#2665=CARTESIAN_POINT('Ctrl Pts',(-3.6632484735,-135.,10.5907138722321));
#2666=CARTESIAN_POINT('Ctrl Pts',(-3.53510452210714,-135.,10.5912444385302));
#2667=CARTESIAN_POINT('Ctrl Pts',(-3.4598095477289,-135.,10.5915561893026));
#2668=CARTESIAN_POINT('',(-3.81383431560457,-135.2,10.4933296718637));
#2669=CARTESIAN_POINT('',(-3.81383431560457,-135.,10.4933296718637));
#2670=CARTESIAN_POINT('Ctrl Pts',(-3.81383431560457,-135.2,10.4933296718637));
#2671=CARTESIAN_POINT('Ctrl Pts',(-3.76986404683145,-135.2,10.5217653428711));
#2672=CARTESIAN_POINT('Ctrl Pts',(-3.6632484735,-135.2,10.5907138722321));
#2673=CARTESIAN_POINT('Ctrl Pts',(-3.53510452210714,-135.2,10.5912444385302));
#2674=CARTESIAN_POINT('Ctrl Pts',(-3.4598095477289,-135.2,10.5915561893026));
#2675=CARTESIAN_POINT('Ctrl Pts',(-3.90796793109835,-135.,10.2539028801958));
#2676=CARTESIAN_POINT('Ctrl Pts',(-3.90796793109835,-135.2,10.2539028801958));
#2677=CARTESIAN_POINT('Ctrl Pts',(-3.9042108121693,-135.,10.2990054104973));
#2678=CARTESIAN_POINT('Ctrl Pts',(-3.9042108121693,-135.2,10.2990054104973));
#2679=CARTESIAN_POINT('Ctrl Pts',(-3.896773703383,-135.,10.3882845711319));
#2680=CARTESIAN_POINT('Ctrl Pts',(-3.896773703383,-135.2,10.3882845711319));
#2681=CARTESIAN_POINT('Ctrl Pts',(-3.84128897041854,-135.,10.4585575683103));
#2682=CARTESIAN_POINT('Ctrl Pts',(-3.84128897041854,-135.2,10.4585575683103));
#2683=CARTESIAN_POINT('Ctrl Pts',(-3.81383431560457,-135.,10.4933296718637));
#2684=CARTESIAN_POINT('Ctrl Pts',(-3.81383431560457,-135.2,10.4933296718637));
#2685=CARTESIAN_POINT('',(-3.90796793109835,-135.,10.2539028801958));
#2686=CARTESIAN_POINT('Ctrl Pts',(-3.90796793109835,-135.,10.2539028801958));
#2687=CARTESIAN_POINT('Ctrl Pts',(-3.9042108121693,-135.,10.2990054104973));
#2688=CARTESIAN_POINT('Ctrl Pts',(-3.896773703383,-135.,10.3882845711319));
#2689=CARTESIAN_POINT('Ctrl Pts',(-3.84128897041854,-135.,10.4585575683103));
#2690=CARTESIAN_POINT('Ctrl Pts',(-3.81383431560457,-135.,10.4933296718637));
#2691=CARTESIAN_POINT('',(-3.90796793109835,-135.2,10.2539028801958));
#2692=CARTESIAN_POINT('',(-3.90796793109835,-135.,10.2539028801958));
#2693=CARTESIAN_POINT('Ctrl Pts',(-3.90796793109835,-135.2,10.2539028801958));
#2694=CARTESIAN_POINT('Ctrl Pts',(-3.9042108121693,-135.2,10.2990054104973));
#2695=CARTESIAN_POINT('Ctrl Pts',(-3.896773703383,-135.2,10.3882845711319));
#2696=CARTESIAN_POINT('Ctrl Pts',(-3.84128897041854,-135.2,10.4585575683103));
#2697=CARTESIAN_POINT('Ctrl Pts',(-3.81383431560457,-135.2,10.4933296718637));
#2698=CARTESIAN_POINT('Ctrl Pts',(-3.7995095313257,-135.,10.0154989042322));
#2699=CARTESIAN_POINT('Ctrl Pts',(-3.7995095313257,-135.2,10.0154989042322));
#2700=CARTESIAN_POINT('Ctrl Pts',(-3.83114325628624,-135.,10.0488225742944));
#2701=CARTESIAN_POINT('Ctrl Pts',(-3.83114325628624,-135.2,10.0488225742944));
#2702=CARTESIAN_POINT('Ctrl Pts',(-3.89470876653198,-135.,10.1157838977997));
#2703=CARTESIAN_POINT('Ctrl Pts',(-3.89470876653198,-135.2,10.1157838977997));
#2704=CARTESIAN_POINT('Ctrl Pts',(-3.90353441501142,-135.,10.2077195232205));
#2705=CARTESIAN_POINT('Ctrl Pts',(-3.90353441501142,-135.2,10.2077195232205));
#2706=CARTESIAN_POINT('Ctrl Pts',(-3.90796793109835,-135.,10.2539028801958));
#2707=CARTESIAN_POINT('Ctrl Pts',(-3.90796793109835,-135.2,10.2539028801958));
#2708=CARTESIAN_POINT('',(-3.7995095313257,-135.,10.0154989042322));
#2709=CARTESIAN_POINT('Ctrl Pts',(-3.7995095313257,-135.,10.0154989042322));
#2710=CARTESIAN_POINT('Ctrl Pts',(-3.83114325628624,-135.,10.0488225742944));
#2711=CARTESIAN_POINT('Ctrl Pts',(-3.89470876653198,-135.,10.1157838977997));
#2712=CARTESIAN_POINT('Ctrl Pts',(-3.90353441501142,-135.,10.2077195232205));
#2713=CARTESIAN_POINT('Ctrl Pts',(-3.90796793109835,-135.,10.2539028801958));
#2714=CARTESIAN_POINT('',(-3.7995095313257,-135.2,10.0154989042322));
#2715=CARTESIAN_POINT('',(-3.7995095313257,-135.,10.0154989042322));
#2716=CARTESIAN_POINT('Ctrl Pts',(-3.7995095313257,-135.2,10.0154989042322));
#2717=CARTESIAN_POINT('Ctrl Pts',(-3.83114325628624,-135.2,10.0488225742944));
#2718=CARTESIAN_POINT('Ctrl Pts',(-3.89470876653198,-135.2,10.1157838977997));
#2719=CARTESIAN_POINT('Ctrl Pts',(-3.90353441501142,-135.2,10.2077195232205));
#2720=CARTESIAN_POINT('Ctrl Pts',(-3.90796793109835,-135.2,10.2539028801958));
#2721=CARTESIAN_POINT('Ctrl Pts',(-3.4229750693506,-135.,9.92238840246599));
#2722=CARTESIAN_POINT('Ctrl Pts',(-3.4229750693506,-135.2,9.92238840246599));
#2723=CARTESIAN_POINT('Ctrl Pts',(-3.50103945056171,-135.,9.92291724373576));
#2724=CARTESIAN_POINT('Ctrl Pts',(-3.50103945056171,-135.2,9.92291724373576));
#2725=CARTESIAN_POINT('Ctrl Pts',(-3.63491544925384,-135.,9.92382417660375));
#2726=CARTESIAN_POINT('Ctrl Pts',(-3.63491544925384,-135.2,9.92382417660375));
#2727=CARTESIAN_POINT('Ctrl Pts',(-3.75108116191729,-135.,9.98852553119763));
#2728=CARTESIAN_POINT('Ctrl Pts',(-3.75108116191729,-135.2,9.98852553119763));
#2729=CARTESIAN_POINT('Ctrl Pts',(-3.7995095313257,-135.,10.0154989042322));
#2730=CARTESIAN_POINT('Ctrl Pts',(-3.7995095313257,-135.2,10.0154989042322));
#2731=CARTESIAN_POINT('',(-3.4229750693506,-135.,9.92238840246599));
#2732=CARTESIAN_POINT('Ctrl Pts',(-3.4229750693506,-135.,9.92238840246599));
#2733=CARTESIAN_POINT('Ctrl Pts',(-3.50103945056171,-135.,9.92291724373576));
#2734=CARTESIAN_POINT('Ctrl Pts',(-3.63491544925384,-135.,9.92382417660375));
#2735=CARTESIAN_POINT('Ctrl Pts',(-3.75108116191729,-135.,9.98852553119763));
#2736=CARTESIAN_POINT('Ctrl Pts',(-3.7995095313257,-135.,10.0154989042322));
#2737=CARTESIAN_POINT('',(-3.4229750693506,-135.2,9.92238840246599));
#2738=CARTESIAN_POINT('',(-3.4229750693506,-135.,9.92238840246599));
#2739=CARTESIAN_POINT('Ctrl Pts',(-3.4229750693506,-135.2,9.92238840246599));
#2740=CARTESIAN_POINT('Ctrl Pts',(-3.50103945056171,-135.2,9.92291724373576));
#2741=CARTESIAN_POINT('Ctrl Pts',(-3.63491544925384,-135.2,9.92382417660375));
#2742=CARTESIAN_POINT('Ctrl Pts',(-3.75108116191729,-135.2,9.98852553119763));
#2743=CARTESIAN_POINT('Ctrl Pts',(-3.7995095313257,-135.2,10.0154989042322));
#2744=CARTESIAN_POINT('Origin',(-3.19582594043673,-135.,9.92238840246599));
#2745=CARTESIAN_POINT('',(-3.19582594043673,-135.,9.92238840246599));
#2746=CARTESIAN_POINT('',(-1.59791297021836,-135.,9.92238840246599));
#2747=CARTESIAN_POINT('',(-3.19582594043673,-135.2,9.92238840246599));
#2748=CARTESIAN_POINT('',(-3.19582594043673,-135.,9.92238840246599));
#2749=CARTESIAN_POINT('',(-3.19582594043673,-135.2,9.92238840246599));
#2750=CARTESIAN_POINT('Origin',(-3.19582594043673,-135.,10.5915561893026));
#2751=CARTESIAN_POINT('',(-3.19582594043673,-135.,2.001841608516));
#2752=CARTESIAN_POINT('',(-3.19582594043673,-135.2,10.5915561893026));
#2753=CARTESIAN_POINT('Origin',(-3.19582594043673,-135.,8.20137879038256));
#2754=CARTESIAN_POINT('',(-3.19582594043673,-135.,8.20137879038256));
#2755=CARTESIAN_POINT('',(-2.26472092277468,-135.,8.20137879038256));
#2756=CARTESIAN_POINT('',(-1.59791297021836,-135.,8.20137879038256));
#2757=CARTESIAN_POINT('',(-3.19582594043673,-135.2,8.20137879038256));
#2758=CARTESIAN_POINT('',(-3.19582594043673,-135.,8.20137879038256));
#2759=CARTESIAN_POINT('',(-2.26472092277468,-135.2,8.20137879038256));
#2760=CARTESIAN_POINT('',(-3.19582594043673,-135.2,8.20137879038256));
#2761=CARTESIAN_POINT('',(-2.26472092277468,-135.,8.20137879038256));
#2762=CARTESIAN_POINT('Origin',(-3.19582594043673,-135.,9.31461205864351));
#2763=CARTESIAN_POINT('',(-3.19582594043673,-135.,9.31461205864351));
#2764=CARTESIAN_POINT('',(-3.19582594043673,-135.,1.36336954318645));
#2765=CARTESIAN_POINT('',(-3.19582594043673,-135.2,9.31461205864351));
#2766=CARTESIAN_POINT('',(-3.19582594043673,-135.,9.31461205864351));
#2767=CARTESIAN_POINT('',(-3.19582594043673,-135.2,9.31461205864351));
#2768=CARTESIAN_POINT('Origin',(-3.70332968837679,-135.,9.31461205864351));
#2769=CARTESIAN_POINT('',(-3.70332968837679,-135.,9.31461205864351));
#2770=CARTESIAN_POINT('',(-1.85166484418839,-135.,9.31461205864351));
#2771=CARTESIAN_POINT('',(-3.70332968837679,-135.2,9.31461205864351));
#2772=CARTESIAN_POINT('',(-3.70332968837679,-135.,9.31461205864351));
#2773=CARTESIAN_POINT('',(-3.70332968837679,-135.2,9.31461205864351));
#2774=CARTESIAN_POINT('Ctrl Pts',(-4.53723145133913,-135.,9.57041016006868));
#2775=CARTESIAN_POINT('Ctrl Pts',(-4.53723145133913,-135.2,9.57041016006868));
#2776=CARTESIAN_POINT('Ctrl Pts',(-4.42564717015897,-135.,9.49603709907352));
#2777=CARTESIAN_POINT('Ctrl Pts',(-4.42564717015897,-135.2,9.49603709907352));
#2778=CARTESIAN_POINT('Ctrl Pts',(-4.17473139734761,-135.,9.32879692977211));
#2779=CARTESIAN_POINT('Ctrl Pts',(-4.17473139734761,-135.2,9.32879692977211));
#2780=CARTESIAN_POINT('Ctrl Pts',(-3.87163606552006,-135.,9.31967653809801));
#2781=CARTESIAN_POINT('Ctrl Pts',(-3.87163606552006,-135.2,9.31967653809801));
#2782=CARTESIAN_POINT('Ctrl Pts',(-3.70332968837679,-135.,9.31461205864351));
#2783=CARTESIAN_POINT('Ctrl Pts',(-3.70332968837679,-135.2,9.31461205864351));
#2784=CARTESIAN_POINT('',(-4.53723145133913,-135.,9.57041016006868));
#2785=CARTESIAN_POINT('Ctrl Pts',(-4.53723145133913,-135.,9.57041016006868));
#2786=CARTESIAN_POINT('Ctrl Pts',(-4.42564717015897,-135.,9.49603709907352));
#2787=CARTESIAN_POINT('Ctrl Pts',(-4.17473139734761,-135.,9.32879692977211));
#2788=CARTESIAN_POINT('Ctrl Pts',(-3.87163606552006,-135.,9.31967653809801));
#2789=CARTESIAN_POINT('Ctrl Pts',(-3.70332968837679,-135.,9.31461205864351));
#2790=CARTESIAN_POINT('',(-4.53723145133913,-135.2,9.57041016006868));
#2791=CARTESIAN_POINT('',(-4.53723145133913,-135.,9.57041016006868));
#2792=CARTESIAN_POINT('Ctrl Pts',(-4.53723145133913,-135.2,9.57041016006868));
#2793=CARTESIAN_POINT('Ctrl Pts',(-4.42564717015897,-135.2,9.49603709907352));
#2794=CARTESIAN_POINT('Ctrl Pts',(-4.17473139734761,-135.2,9.32879692977211));
#2795=CARTESIAN_POINT('Ctrl Pts',(-3.87163606552006,-135.2,9.31967653809801));
#2796=CARTESIAN_POINT('Ctrl Pts',(-3.70332968837679,-135.2,9.31461205864351));
#2797=CARTESIAN_POINT('Ctrl Pts',(-4.81042338020266,-135.,10.2805056252519));
#2798=CARTESIAN_POINT('Ctrl Pts',(-4.81042338020266,-135.2,10.2805056252519));
#2799=CARTESIAN_POINT('Ctrl Pts',(-4.80175031947591,-135.,10.1400014272065));
#2800=CARTESIAN_POINT('Ctrl Pts',(-4.80175031947591,-135.2,10.1400014272065));
#2801=CARTESIAN_POINT('Ctrl Pts',(-4.78530473892297,-135.,9.87358185748582));
#2802=CARTESIAN_POINT('Ctrl Pts',(-4.78530473892297,-135.2,9.87358185748582));
#2803=CARTESIAN_POINT('Ctrl Pts',(-4.61684771008398,-135.,9.66770961758291));
#2804=CARTESIAN_POINT('Ctrl Pts',(-4.61684771008398,-135.2,9.66770961758291));
#2805=CARTESIAN_POINT('Ctrl Pts',(-4.53723145133913,-135.,9.57041016006868));
#2806=CARTESIAN_POINT('Ctrl Pts',(-4.53723145133913,-135.2,9.57041016006868));
#2807=CARTESIAN_POINT('',(-4.81042338020266,-135.,10.2805056252519));
#2808=CARTESIAN_POINT('Ctrl Pts',(-4.81042338020266,-135.,10.2805056252519));
#2809=CARTESIAN_POINT('Ctrl Pts',(-4.80175031947591,-135.,10.1400014272065));
#2810=CARTESIAN_POINT('Ctrl Pts',(-4.78530473892297,-135.,9.87358185748582));
#2811=CARTESIAN_POINT('Ctrl Pts',(-4.61684771008398,-135.,9.66770961758291));
#2812=CARTESIAN_POINT('Ctrl Pts',(-4.53723145133913,-135.,9.57041016006868));
#2813=CARTESIAN_POINT('',(-4.81042338020266,-135.2,10.2805056252519));
#2814=CARTESIAN_POINT('',(-4.81042338020266,-135.,10.2805056252519));
#2815=CARTESIAN_POINT('Ctrl Pts',(-4.81042338020266,-135.2,10.2805056252519));
#2816=CARTESIAN_POINT('Ctrl Pts',(-4.80175031947591,-135.2,10.1400014272065));
#2817=CARTESIAN_POINT('Ctrl Pts',(-4.78530473892297,-135.2,9.87358185748582));
#2818=CARTESIAN_POINT('Ctrl Pts',(-4.61684771008398,-135.2,9.66770961758291));
#2819=CARTESIAN_POINT('Ctrl Pts',(-4.53723145133913,-135.2,9.57041016006868));
#2820=CARTESIAN_POINT('Ctrl Pts',(-4.559741741485,-135.,10.9619518199007));
#2821=CARTESIAN_POINT('Ctrl Pts',(-4.559741741485,-135.2,10.9619518199007));
#2822=CARTESIAN_POINT('Ctrl Pts',(-4.63276585483309,-135.,10.8692394189125));
#2823=CARTESIAN_POINT('Ctrl Pts',(-4.63276585483309,-135.2,10.8692394189125));
#2824=CARTESIAN_POINT('Ctrl Pts',(-4.78952055348016,-135.,10.6702215354843));
#2825=CARTESIAN_POINT('Ctrl Pts',(-4.78952055348016,-135.2,10.6702215354843));
#2826=CARTESIAN_POINT('Ctrl Pts',(-4.80314557140222,-135.,10.4161943490218));
#2827=CARTESIAN_POINT('Ctrl Pts',(-4.80314557140222,-135.2,10.4161943490218));
#2828=CARTESIAN_POINT('Ctrl Pts',(-4.81042338020266,-135.,10.2805056252519));
#2829=CARTESIAN_POINT('Ctrl Pts',(-4.81042338020266,-135.2,10.2805056252519));
#2830=CARTESIAN_POINT('',(-4.559741741485,-135.,10.9619518199007));
#2831=CARTESIAN_POINT('Ctrl Pts',(-4.559741741485,-135.,10.9619518199007));
#2832=CARTESIAN_POINT('Ctrl Pts',(-4.63276585483309,-135.,10.8692394189125));
#2833=CARTESIAN_POINT('Ctrl Pts',(-4.78952055348016,-135.,10.6702215354843));
#2834=CARTESIAN_POINT('Ctrl Pts',(-4.80314557140222,-135.,10.4161943490218));
#2835=CARTESIAN_POINT('Ctrl Pts',(-4.81042338020266,-135.,10.2805056252519));
#2836=CARTESIAN_POINT('',(-4.559741741485,-135.2,10.9619518199007));
#2837=CARTESIAN_POINT('',(-4.559741741485,-135.,10.9619518199007));
#2838=CARTESIAN_POINT('Ctrl Pts',(-4.559741741485,-135.2,10.9619518199007));
#2839=CARTESIAN_POINT('Ctrl Pts',(-4.63276585483309,-135.2,10.8692394189125));
#2840=CARTESIAN_POINT('Ctrl Pts',(-4.78952055348016,-135.2,10.6702215354843));
#2841=CARTESIAN_POINT('Ctrl Pts',(-4.80314557140222,-135.2,10.4161943490218));
#2842=CARTESIAN_POINT('Ctrl Pts',(-4.81042338020266,-135.2,10.2805056252519));
#2843=CARTESIAN_POINT('Ctrl Pts',(-3.80564880973757,-135.,11.2013789095918));
#2844=CARTESIAN_POINT('Ctrl Pts',(-3.80564880973757,-135.2,11.2013789095918));
#2845=CARTESIAN_POINT('Ctrl Pts',(-3.95740844315069,-135.,11.1961985967291));
#2846=CARTESIAN_POINT('Ctrl Pts',(-3.95740844315069,-135.2,11.1961985967291));
#2847=CARTESIAN_POINT('Ctrl Pts',(-4.23268680547157,-135.,11.1868019738651));
#2848=CARTESIAN_POINT('Ctrl Pts',(-4.23268680547157,-135.2,11.1868019738651));
#2849=CARTESIAN_POINT('Ctrl Pts',(-4.45844358543545,-135.,11.031594266707));
#2850=CARTESIAN_POINT('Ctrl Pts',(-4.45844358543545,-135.2,11.031594266707));
#2851=CARTESIAN_POINT('Ctrl Pts',(-4.559741741485,-135.,10.9619518199007));
#2852=CARTESIAN_POINT('Ctrl Pts',(-4.559741741485,-135.2,10.9619518199007));
#2853=CARTESIAN_POINT('',(-3.80564880973757,-135.,11.2013789095918));
#2854=CARTESIAN_POINT('Ctrl Pts',(-3.80564880973757,-135.,11.2013789095918));
#2855=CARTESIAN_POINT('Ctrl Pts',(-3.95740844315069,-135.,11.1961985967291));
#2856=CARTESIAN_POINT('Ctrl Pts',(-4.23268680547157,-135.,11.1868019738651));
#2857=CARTESIAN_POINT('Ctrl Pts',(-4.45844358543545,-135.,11.031594266707));
#2858=CARTESIAN_POINT('Ctrl Pts',(-4.559741741485,-135.,10.9619518199007));
#2859=CARTESIAN_POINT('',(-3.80564880973757,-135.2,11.2013789095918));
#2860=CARTESIAN_POINT('',(-3.80564880973757,-135.,11.2013789095918));
#2861=CARTESIAN_POINT('Ctrl Pts',(-3.80564880973757,-135.2,11.2013789095918));
#2862=CARTESIAN_POINT('Ctrl Pts',(-3.95740844315069,-135.2,11.1961985967291));
#2863=CARTESIAN_POINT('Ctrl Pts',(-4.23268680547157,-135.2,11.1868019738651));
#2864=CARTESIAN_POINT('Ctrl Pts',(-4.45844358543545,-135.2,11.031594266707));
#2865=CARTESIAN_POINT('Ctrl Pts',(-4.559741741485,-135.2,10.9619518199007));
#2866=CARTESIAN_POINT('Origin',(-2.26472092277468,-135.,11.2013789095918));
#2867=CARTESIAN_POINT('',(-2.26472092277468,-135.,11.2013789095918));
#2868=CARTESIAN_POINT('',(-1.13236046138734,-135.,11.2013789095918));
#2869=CARTESIAN_POINT('',(-2.26472092277468,-135.2,11.2013789095918));
#2870=CARTESIAN_POINT('',(-2.26472092277468,-135.,11.2013789095918));
#2871=CARTESIAN_POINT('',(-2.26472092277468,-135.2,11.2013789095918));
#2872=CARTESIAN_POINT('Origin',(-2.26472092277468,-135.,8.20137879038256));
#2873=CARTESIAN_POINT('',(-2.26472092277468,-135.,0.806752909055969));
#2874=CARTESIAN_POINT('',(-2.26472092277468,-135.2,8.20137879038256));
#2875=CARTESIAN_POINT('Origin',(-0.24698550297976,-135.2,9.7013788499872));
#2876=CARTESIAN_POINT('Ctrl Pts',(-0.208104378051167,-135.,10.550628510956));
#2877=CARTESIAN_POINT('Ctrl Pts',(-0.208104378051167,-135.2,10.550628510956));
#2878=CARTESIAN_POINT('Ctrl Pts',(-0.119859506469154,-135.,10.5430501652738));
#2879=CARTESIAN_POINT('Ctrl Pts',(-0.119859506469154,-135.2,10.5430501652738));
#2880=CARTESIAN_POINT('Ctrl Pts',(0.0531189879898047,-135.,10.5281950150186));
#2881=CARTESIAN_POINT('Ctrl Pts',(0.0531189879898047,-135.2,10.5281950150186));
#2882=CARTESIAN_POINT('Ctrl Pts',(0.179964755047942,-135.,10.4100182233656));
#2883=CARTESIAN_POINT('Ctrl Pts',(0.179964755047942,-135.2,10.4100182233656));
#2884=CARTESIAN_POINT('Ctrl Pts',(0.242100232773418,-135.,10.3521292486231));
#2885=CARTESIAN_POINT('Ctrl Pts',(0.242100232773418,-135.2,10.3521292486231));
#2886=CARTESIAN_POINT('',(-0.208104378051167,-135.,10.550628510956));
#2887=CARTESIAN_POINT('',(0.242100232773418,-135.,10.3521292486231));
#2888=CARTESIAN_POINT('Ctrl Pts',(-0.208104378051167,-135.,10.550628510956));
#2889=CARTESIAN_POINT('Ctrl Pts',(-0.119859506469154,-135.,10.5430501652738));
#2890=CARTESIAN_POINT('Ctrl Pts',(0.0531189879898047,-135.,10.5281950150186));
#2891=CARTESIAN_POINT('Ctrl Pts',(0.179964755047942,-135.,10.4100182233656));
#2892=CARTESIAN_POINT('Ctrl Pts',(0.242100232773418,-135.,10.3521292486231));
#2893=CARTESIAN_POINT('',(-0.208104378051167,-135.2,10.550628510956));
#2894=CARTESIAN_POINT('',(-0.208104378051167,-135.,10.550628510956));
#2895=CARTESIAN_POINT('',(0.242100232773418,-135.2,10.3521292486231));
#2896=CARTESIAN_POINT('Ctrl Pts',(-0.208104378051167,-135.2,10.550628510956));
#2897=CARTESIAN_POINT('Ctrl Pts',(-0.119859506469154,-135.2,10.5430501652738));
#2898=CARTESIAN_POINT('Ctrl Pts',(0.0531189879898047,-135.2,10.5281950150186));
#2899=CARTESIAN_POINT('Ctrl Pts',(0.179964755047942,-135.2,10.4100182233656));
#2900=CARTESIAN_POINT('Ctrl Pts',(0.242100232773418,-135.2,10.3521292486231));
#2901=CARTESIAN_POINT('',(0.242100232773418,-135.,10.3521292486231));
#2902=CARTESIAN_POINT('Ctrl Pts',(-0.671610361403828,-135.,10.3551987388174));
#2903=CARTESIAN_POINT('Ctrl Pts',(-0.671610361403828,-135.2,10.3551987388174));
#2904=CARTESIAN_POINT('Ctrl Pts',(-0.608006083013985,-135.,10.412180549721));
#2905=CARTESIAN_POINT('Ctrl Pts',(-0.608006083013985,-135.2,10.412180549721));
#2906=CARTESIAN_POINT('Ctrl Pts',(-0.476279761299955,-135.,10.5301915474865));
#2907=CARTESIAN_POINT('Ctrl Pts',(-0.476279761299955,-135.2,10.5301915474865));
#2908=CARTESIAN_POINT('Ctrl Pts',(-0.299516960148903,-135.,10.5436621907131));
#2909=CARTESIAN_POINT('Ctrl Pts',(-0.299516960148903,-135.2,10.5436621907131));
#2910=CARTESIAN_POINT('Ctrl Pts',(-0.208104378051167,-135.,10.550628510956));
#2911=CARTESIAN_POINT('Ctrl Pts',(-0.208104378051167,-135.2,10.550628510956));
#2912=CARTESIAN_POINT('',(-0.671610361403828,-135.,10.3551987388174));
#2913=CARTESIAN_POINT('Ctrl Pts',(-0.671610361403828,-135.,10.3551987388174));
#2914=CARTESIAN_POINT('Ctrl Pts',(-0.608006083013985,-135.,10.412180549721));
#2915=CARTESIAN_POINT('Ctrl Pts',(-0.476279761299955,-135.,10.5301915474865));
#2916=CARTESIAN_POINT('Ctrl Pts',(-0.299516960148903,-135.,10.5436621907131));
#2917=CARTESIAN_POINT('Ctrl Pts',(-0.208104378051167,-135.,10.550628510956));
#2918=CARTESIAN_POINT('',(-0.671610361403828,-135.2,10.3551987388174));
#2919=CARTESIAN_POINT('',(-0.671610361403828,-135.,10.3551987388174));
#2920=CARTESIAN_POINT('Ctrl Pts',(-0.671610361403828,-135.2,10.3551987388174));
#2921=CARTESIAN_POINT('Ctrl Pts',(-0.608006083013985,-135.2,10.412180549721));
#2922=CARTESIAN_POINT('Ctrl Pts',(-0.476279761299955,-135.2,10.5301915474865));
#2923=CARTESIAN_POINT('Ctrl Pts',(-0.299516960148903,-135.2,10.5436621907131));
#2924=CARTESIAN_POINT('Ctrl Pts',(-0.208104378051167,-135.2,10.550628510956));
#2925=CARTESIAN_POINT('Ctrl Pts',(-0.842483764953022,-135.,9.73616739893358));
#2926=CARTESIAN_POINT('Ctrl Pts',(-0.842483764953022,-135.2,9.73616739893358));
#2927=CARTESIAN_POINT('Ctrl Pts',(-0.839968649166378,-135.,9.86188894081686));
#2928=CARTESIAN_POINT('Ctrl Pts',(-0.839968649166378,-135.2,9.86188894081686));
#2929=CARTESIAN_POINT('Ctrl Pts',(-0.835523875375294,-135.,10.0840671074464));
#2930=CARTESIAN_POINT('Ctrl Pts',(-0.835523875375294,-135.2,10.0840671074464));
#2931=CARTESIAN_POINT('Ctrl Pts',(-0.721230003501657,-135.,10.2731221962306));
#2932=CARTESIAN_POINT('Ctrl Pts',(-0.721230003501657,-135.2,10.2731221962306));
#2933=CARTESIAN_POINT('Ctrl Pts',(-0.671610361403828,-135.,10.3551987388174));
#2934=CARTESIAN_POINT('Ctrl Pts',(-0.671610361403828,-135.2,10.3551987388174));
#2935=CARTESIAN_POINT('',(-0.842483764953022,-135.,9.73616739893358));
#2936=CARTESIAN_POINT('Ctrl Pts',(-0.842483764953022,-135.,9.73616739893358));
#2937=CARTESIAN_POINT('Ctrl Pts',(-0.839968649166378,-135.,9.86188894081686));
#2938=CARTESIAN_POINT('Ctrl Pts',(-0.835523875375294,-135.,10.0840671074464));
#2939=CARTESIAN_POINT('Ctrl Pts',(-0.721230003501657,-135.,10.2731221962306));
#2940=CARTESIAN_POINT('Ctrl Pts',(-0.671610361403828,-135.,10.3551987388174));
#2941=CARTESIAN_POINT('',(-0.842483764953022,-135.2,9.73616739893358));
#2942=CARTESIAN_POINT('',(-0.842483764953022,-135.,9.73616739893358));
#2943=CARTESIAN_POINT('Ctrl Pts',(-0.842483764953022,-135.2,9.73616739893358));
#2944=CARTESIAN_POINT('Ctrl Pts',(-0.839968649166378,-135.2,9.86188894081686));
#2945=CARTESIAN_POINT('Ctrl Pts',(-0.835523875375294,-135.2,10.0840671074464));
#2946=CARTESIAN_POINT('Ctrl Pts',(-0.721230003501657,-135.2,10.2731221962306));
#2947=CARTESIAN_POINT('Ctrl Pts',(-0.671610361403828,-135.2,10.3551987388174));
#2948=CARTESIAN_POINT('Ctrl Pts',(-0.678773051566486,-135.,9.03835019255083));
#2949=CARTESIAN_POINT('Ctrl Pts',(-0.678773051566486,-135.2,9.03835019255083));
#2950=CARTESIAN_POINT('Ctrl Pts',(-0.726151013793166,-135.,9.12718597381627));
#2951=CARTESIAN_POINT('Ctrl Pts',(-0.726151013793166,-135.2,9.12718597381627));
#2952=CARTESIAN_POINT('Ctrl Pts',(-0.841567701716736,-135.,9.34359738454146));
#2953=CARTESIAN_POINT('Ctrl Pts',(-0.841567701716736,-135.2,9.34359738454146));
#2954=CARTESIAN_POINT('Ctrl Pts',(-0.842144021502423,-135.,9.59057363858095));
#2955=CARTESIAN_POINT('Ctrl Pts',(-0.842144021502423,-135.2,9.59057363858095));
#2956=CARTESIAN_POINT('Ctrl Pts',(-0.842483764953022,-135.,9.73616739893358));
#2957=CARTESIAN_POINT('Ctrl Pts',(-0.842483764953022,-135.2,9.73616739893358));
#2958=CARTESIAN_POINT('',(-0.678773051566486,-135.,9.03835019255083));
#2959=CARTESIAN_POINT('Ctrl Pts',(-0.678773051566486,-135.,9.03835019255083));
#2960=CARTESIAN_POINT('Ctrl Pts',(-0.726151013793166,-135.,9.12718597381627));
#2961=CARTESIAN_POINT('Ctrl Pts',(-0.841567701716736,-135.,9.34359738454146));
#2962=CARTESIAN_POINT('Ctrl Pts',(-0.842144021502423,-135.,9.59057363858095));
#2963=CARTESIAN_POINT('Ctrl Pts',(-0.842483764953022,-135.,9.73616739893358));
#2964=CARTESIAN_POINT('',(-0.678773051566486,-135.2,9.03835019255083));
#2965=CARTESIAN_POINT('',(-0.678773051566486,-135.,9.03835019255083));
#2966=CARTESIAN_POINT('Ctrl Pts',(-0.678773051566486,-135.2,9.03835019255083));
#2967=CARTESIAN_POINT('Ctrl Pts',(-0.726151013793166,-135.2,9.12718597381627));
#2968=CARTESIAN_POINT('Ctrl Pts',(-0.841567701716736,-135.2,9.34359738454146));
#2969=CARTESIAN_POINT('Ctrl Pts',(-0.842144021502423,-135.2,9.59057363858095));
#2970=CARTESIAN_POINT('Ctrl Pts',(-0.842483764953022,-135.2,9.73616739893358));
#2971=CARTESIAN_POINT('Ctrl Pts',(-0.216289883918171,-135.,8.84394368315142));
#2972=CARTESIAN_POINT('Ctrl Pts',(-0.216289883918171,-135.2,8.84394368315142));
#2973=CARTESIAN_POINT('Ctrl Pts',(-0.308834219856385,-135.,8.85042612245802));
#2974=CARTESIAN_POINT('Ctrl Pts',(-0.308834219856385,-135.2,8.85042612245802));
#2975=CARTESIAN_POINT('Ctrl Pts',(-0.485694304475277,-135.,8.86281461444598));
#2976=CARTESIAN_POINT('Ctrl Pts',(-0.485694304475277,-135.2,8.86281461444598));
#2977=CARTESIAN_POINT('Ctrl Pts',(-0.616441177634453,-135.,8.98168180366881));
#2978=CARTESIAN_POINT('Ctrl Pts',(-0.616441177634453,-135.2,8.98168180366881));
#2979=CARTESIAN_POINT('Ctrl Pts',(-0.678773051566486,-135.,9.03835019255083));
#2980=CARTESIAN_POINT('Ctrl Pts',(-0.678773051566486,-135.2,9.03835019255083));
#2981=CARTESIAN_POINT('',(-0.216289883918171,-135.,8.84394368315142));
#2982=CARTESIAN_POINT('Ctrl Pts',(-0.216289883918171,-135.,8.84394368315142));
#2983=CARTESIAN_POINT('Ctrl Pts',(-0.308834219856385,-135.,8.85042612245802));
#2984=CARTESIAN_POINT('Ctrl Pts',(-0.485694304475277,-135.,8.86281461444598));
#2985=CARTESIAN_POINT('Ctrl Pts',(-0.616441177634453,-135.,8.98168180366881));
#2986=CARTESIAN_POINT('Ctrl Pts',(-0.678773051566486,-135.,9.03835019255083));
#2987=CARTESIAN_POINT('',(-0.216289883918171,-135.2,8.84394368315142));
#2988=CARTESIAN_POINT('',(-0.216289883918171,-135.,8.84394368315142));
#2989=CARTESIAN_POINT('Ctrl Pts',(-0.216289883918171,-135.2,8.84394368315142));
#2990=CARTESIAN_POINT('Ctrl Pts',(-0.308834219856385,-135.2,8.85042612245802));
#2991=CARTESIAN_POINT('Ctrl Pts',(-0.485694304475277,-135.2,8.86281461444598));
#2992=CARTESIAN_POINT('Ctrl Pts',(-0.616441177634453,-135.2,8.98168180366881));
#2993=CARTESIAN_POINT('Ctrl Pts',(-0.678773051566486,-135.2,9.03835019255083));
#2994=CARTESIAN_POINT('Ctrl Pts',(0.243123346500988,-135.,9.04244294548433));
#2995=CARTESIAN_POINT('Ctrl Pts',(0.243123346500988,-135.2,9.04244294548433));
#2996=CARTESIAN_POINT('Ctrl Pts',(0.180339010295668,-135.,8.98456305186425));
#2997=CARTESIAN_POINT('Ctrl Pts',(0.180339010295668,-135.2,8.98456305186425));
#2998=CARTESIAN_POINT('Ctrl Pts',(0.050706654720315,-135.,8.86505701892819));
#2999=CARTESIAN_POINT('Ctrl Pts',(0.050706654720315,-135.2,8.86505701892819));
#3000=CARTESIAN_POINT('Ctrl Pts',(-0.125450329119895,-135.,8.85112701980458));
#3001=CARTESIAN_POINT('Ctrl Pts',(-0.125450329119895,-135.2,8.85112701980458));
#3002=CARTESIAN_POINT('Ctrl Pts',(-0.216289883918171,-135.,8.84394368315142));
#3003=CARTESIAN_POINT('Ctrl Pts',(-0.216289883918171,-135.2,8.84394368315142));
#3004=CARTESIAN_POINT('',(0.243123346500988,-135.,9.04244294548433));
#3005=CARTESIAN_POINT('Ctrl Pts',(0.243123346500988,-135.,9.04244294548433));
#3006=CARTESIAN_POINT('Ctrl Pts',(0.180339010295668,-135.,8.98456305186425));
#3007=CARTESIAN_POINT('Ctrl Pts',(0.050706654720315,-135.,8.86505701892819));
#3008=CARTESIAN_POINT('Ctrl Pts',(-0.125450329119895,-135.,8.85112701980458));
#3009=CARTESIAN_POINT('Ctrl Pts',(-0.216289883918171,-135.,8.84394368315142));
#3010=CARTESIAN_POINT('',(0.243123346500988,-135.2,9.04244294548433));
#3011=CARTESIAN_POINT('',(0.243123346500988,-135.,9.04244294548433));
#3012=CARTESIAN_POINT('Ctrl Pts',(0.243123346500988,-135.2,9.04244294548433));
#3013=CARTESIAN_POINT('Ctrl Pts',(0.180339010295668,-135.2,8.98456305186425));
#3014=CARTESIAN_POINT('Ctrl Pts',(0.050706654720315,-135.2,8.86505701892819));
#3015=CARTESIAN_POINT('Ctrl Pts',(-0.125450329119895,-135.2,8.85112701980458));
#3016=CARTESIAN_POINT('Ctrl Pts',(-0.216289883918171,-135.2,8.84394368315142));
#3017=CARTESIAN_POINT('Ctrl Pts',(0.411950224571819,-135.,9.69523986959856));
#3018=CARTESIAN_POINT('Ctrl Pts',(0.411950224571819,-135.2,9.69523986959856));
#3019=CARTESIAN_POINT('Ctrl Pts',(0.410164758997681,-135.,9.56161013903147));
#3020=CARTESIAN_POINT('Ctrl Pts',(0.410164758997681,-135.2,9.56161013903147));
#3021=CARTESIAN_POINT('Ctrl Pts',(0.407054158634236,-135.,9.32880324849819));
#3022=CARTESIAN_POINT('Ctrl Pts',(0.407054158634236,-135.2,9.32880324849819));
#3023=CARTESIAN_POINT('Ctrl Pts',(0.292096158158253,-135.,9.12799043349541));
#3024=CARTESIAN_POINT('Ctrl Pts',(0.292096158158253,-135.2,9.12799043349541));
#3025=CARTESIAN_POINT('Ctrl Pts',(0.243123346500988,-135.,9.04244294548433));
#3026=CARTESIAN_POINT('Ctrl Pts',(0.243123346500988,-135.2,9.04244294548433));
#3027=CARTESIAN_POINT('',(0.411950224571819,-135.,9.69523986959856));
#3028=CARTESIAN_POINT('Ctrl Pts',(0.411950224571819,-135.,9.69523986959856));
#3029=CARTESIAN_POINT('Ctrl Pts',(0.410164758997681,-135.,9.56161013903147));
#3030=CARTESIAN_POINT('Ctrl Pts',(0.407054158634236,-135.,9.32880324849819));
#3031=CARTESIAN_POINT('Ctrl Pts',(0.292096158158253,-135.,9.12799043349541));
#3032=CARTESIAN_POINT('Ctrl Pts',(0.243123346500988,-135.,9.04244294548433));
#3033=CARTESIAN_POINT('',(0.411950224571819,-135.2,9.69523986959856));
#3034=CARTESIAN_POINT('',(0.411950224571819,-135.,9.69523986959856));
#3035=CARTESIAN_POINT('Ctrl Pts',(0.411950224571819,-135.2,9.69523986959856));
#3036=CARTESIAN_POINT('Ctrl Pts',(0.410164758997681,-135.2,9.56161013903147));
#3037=CARTESIAN_POINT('Ctrl Pts',(0.407054158634236,-135.2,9.32880324849819));
#3038=CARTESIAN_POINT('Ctrl Pts',(0.292096158158253,-135.2,9.12799043349541));
#3039=CARTESIAN_POINT('Ctrl Pts',(0.243123346500988,-135.2,9.04244294548433));
#3040=CARTESIAN_POINT('Ctrl Pts',(0.242100232773418,-135.,10.3521292486231));
#3041=CARTESIAN_POINT('Ctrl Pts',(0.242100232773418,-135.2,10.3521292486231));
#3042=CARTESIAN_POINT('Ctrl Pts',(0.291363967079473,-135.,10.2662531647729));
#3043=CARTESIAN_POINT('Ctrl Pts',(0.291363967079473,-135.2,10.2662531647729));
#3044=CARTESIAN_POINT('Ctrl Pts',(0.407238529360199,-135.,10.0642617045904));
#3045=CARTESIAN_POINT('Ctrl Pts',(0.407238529360199,-135.2,10.0642617045904));
#3046=CARTESIAN_POINT('Ctrl Pts',(0.410230361306211,-135.,9.82994024169486));
#3047=CARTESIAN_POINT('Ctrl Pts',(0.410230361306211,-135.2,9.82994024169486));
#3048=CARTESIAN_POINT('Ctrl Pts',(0.411950224571819,-135.,9.69523986959856));
#3049=CARTESIAN_POINT('Ctrl Pts',(0.411950224571819,-135.2,9.69523986959856));
#3050=CARTESIAN_POINT('Ctrl Pts',(0.242100232773418,-135.,10.3521292486231));
#3051=CARTESIAN_POINT('Ctrl Pts',(0.291363967079473,-135.,10.2662531647729));
#3052=CARTESIAN_POINT('Ctrl Pts',(0.407238529360199,-135.,10.0642617045904));
#3053=CARTESIAN_POINT('Ctrl Pts',(0.410230361306211,-135.,9.82994024169486));
#3054=CARTESIAN_POINT('Ctrl Pts',(0.411950224571819,-135.,9.69523986959856));
#3055=CARTESIAN_POINT('Ctrl Pts',(0.242100232773418,-135.2,10.3521292486231));
#3056=CARTESIAN_POINT('Ctrl Pts',(0.291363967079473,-135.2,10.2662531647729));
#3057=CARTESIAN_POINT('Ctrl Pts',(0.407238529360199,-135.2,10.0642617045904));
#3058=CARTESIAN_POINT('Ctrl Pts',(0.410230361306211,-135.2,9.82994024169486));
#3059=CARTESIAN_POINT('Ctrl Pts',(0.411950224571819,-135.2,9.69523986959856));
#3060=CARTESIAN_POINT('Ctrl Pts',(0.593055361443157,-135.,8.31188341761034));
#3061=CARTESIAN_POINT('Ctrl Pts',(0.593055361443157,-135.2,8.31188341761034));
#3062=CARTESIAN_POINT('Ctrl Pts',(0.699475603544195,-135.,8.37502233301906));
#3063=CARTESIAN_POINT('Ctrl Pts',(0.699475603544195,-135.2,8.37502233301906));
#3064=CARTESIAN_POINT('Ctrl Pts',(0.91781457948474,-135.,8.50456240791618));
#3065=CARTESIAN_POINT('Ctrl Pts',(0.91781457948474,-135.2,8.50456240791618));
#3066=CARTESIAN_POINT('Ctrl Pts',(1.05959980154224,-135.,8.71540398870215));
#3067=CARTESIAN_POINT('Ctrl Pts',(1.05959980154224,-135.2,8.71540398870215));
#3068=CARTESIAN_POINT('Ctrl Pts',(1.13227772110044,-135.,8.82347962046068));
#3069=CARTESIAN_POINT('Ctrl Pts',(1.13227772110044,-135.2,8.82347962046068));
#3070=CARTESIAN_POINT('',(0.593055361443157,-135.,8.31188341761034));
#3071=CARTESIAN_POINT('',(1.13227772110044,-135.,8.82347962046068));
#3072=CARTESIAN_POINT('Ctrl Pts',(0.593055361443157,-135.,8.31188341761034));
#3073=CARTESIAN_POINT('Ctrl Pts',(0.699475603544195,-135.,8.37502233301906));
#3074=CARTESIAN_POINT('Ctrl Pts',(0.91781457948474,-135.,8.50456240791618));
#3075=CARTESIAN_POINT('Ctrl Pts',(1.05959980154224,-135.,8.71540398870215));
#3076=CARTESIAN_POINT('Ctrl Pts',(1.13227772110044,-135.,8.82347962046068));
#3077=CARTESIAN_POINT('',(0.593055361443157,-135.2,8.31188341761034));
#3078=CARTESIAN_POINT('',(0.593055361443157,-135.,8.31188341761034));
#3079=CARTESIAN_POINT('',(1.13227772110044,-135.2,8.82347962046068));
#3080=CARTESIAN_POINT('Ctrl Pts',(0.593055361443157,-135.2,8.31188341761034));
#3081=CARTESIAN_POINT('Ctrl Pts',(0.699475603544195,-135.2,8.37502233301906));
#3082=CARTESIAN_POINT('Ctrl Pts',(0.91781457948474,-135.2,8.50456240791618));
#3083=CARTESIAN_POINT('Ctrl Pts',(1.05959980154224,-135.2,8.71540398870215));
#3084=CARTESIAN_POINT('Ctrl Pts',(1.13227772110044,-135.2,8.82347962046068));
#3085=CARTESIAN_POINT('',(1.13227772110044,-135.,8.82347962046068));
#3086=CARTESIAN_POINT('Ctrl Pts',(-0.246985679931049,-135.,8.15021922970217));
#3087=CARTESIAN_POINT('Ctrl Pts',(-0.246985679931049,-135.2,8.15021922970217));
#3088=CARTESIAN_POINT('Ctrl Pts',(-0.0905348424754665,-135.,8.15446578118537));
#3089=CARTESIAN_POINT('Ctrl Pts',(-0.0905348424754665,-135.2,8.15446578118537));
#3090=CARTESIAN_POINT('Ctrl Pts',(0.198778350443229,-135.,8.16231862101977));
#3091=CARTESIAN_POINT('Ctrl Pts',(0.198778350443229,-135.2,8.16231862101977));
#3092=CARTESIAN_POINT('Ctrl Pts',(0.468972920886864,-135.,8.26481406163851));
#3093=CARTESIAN_POINT('Ctrl Pts',(0.468972920886864,-135.2,8.26481406163851));
#3094=CARTESIAN_POINT('Ctrl Pts',(0.593055361443157,-135.,8.31188341761034));
#3095=CARTESIAN_POINT('Ctrl Pts',(0.593055361443157,-135.2,8.31188341761034));
#3096=CARTESIAN_POINT('',(-0.246985679931049,-135.,8.15021922970217));
#3097=CARTESIAN_POINT('Ctrl Pts',(-0.246985679931049,-135.,8.15021922970217));
#3098=CARTESIAN_POINT('Ctrl Pts',(-0.0905348424754665,-135.,8.15446578118537));
#3099=CARTESIAN_POINT('Ctrl Pts',(0.198778350443229,-135.,8.16231862101977));
#3100=CARTESIAN_POINT('Ctrl Pts',(0.468972920886864,-135.,8.26481406163851));
#3101=CARTESIAN_POINT('Ctrl Pts',(0.593055361443157,-135.,8.31188341761034));
#3102=CARTESIAN_POINT('',(-0.246985679931049,-135.2,8.15021922970217));
#3103=CARTESIAN_POINT('',(-0.246985679931049,-135.,8.15021922970217));
#3104=CARTESIAN_POINT('Ctrl Pts',(-0.246985679931049,-135.2,8.15021922970217));
#3105=CARTESIAN_POINT('Ctrl Pts',(-0.0905348424754665,-135.2,8.15446578118537));
#3106=CARTESIAN_POINT('Ctrl Pts',(0.198778350443229,-135.2,8.16231862101977));
#3107=CARTESIAN_POINT('Ctrl Pts',(0.468972920886864,-135.2,8.26481406163851));
#3108=CARTESIAN_POINT('Ctrl Pts',(0.593055361443157,-135.2,8.31188341761034));
#3109=CARTESIAN_POINT('Ctrl Pts',(-1.08088744289339,-135.,8.33746334696215));
#3110=CARTESIAN_POINT('Ctrl Pts',(-1.08088744289339,-135.2,8.33746334696215));
#3111=CARTESIAN_POINT('Ctrl Pts',(-0.957440039961883,-135.,8.28291981219441));
#3112=CARTESIAN_POINT('Ctrl Pts',(-0.957440039961883,-135.2,8.28291981219441));
#3113=CARTESIAN_POINT('Ctrl Pts',(-0.692275696710439,-135.,8.16576059918672));
#3114=CARTESIAN_POINT('Ctrl Pts',(-0.692275696710439,-135.2,8.16576059918672));
#3115=CARTESIAN_POINT('Ctrl Pts',(-0.402080399892326,-135.,8.15563229592237));
#3116=CARTESIAN_POINT('Ctrl Pts',(-0.402080399892326,-135.2,8.15563229592237));
#3117=CARTESIAN_POINT('Ctrl Pts',(-0.246985679931049,-135.,8.15021922970217));
#3118=CARTESIAN_POINT('Ctrl Pts',(-0.246985679931049,-135.2,8.15021922970217));
#3119=CARTESIAN_POINT('',(-1.08088744289339,-135.,8.33746334696215));
#3120=CARTESIAN_POINT('Ctrl Pts',(-1.08088744289339,-135.,8.33746334696215));
#3121=CARTESIAN_POINT('Ctrl Pts',(-0.957440039961883,-135.,8.28291981219441));
#3122=CARTESIAN_POINT('Ctrl Pts',(-0.692275696710439,-135.,8.16576059918672));
#3123=CARTESIAN_POINT('Ctrl Pts',(-0.402080399892326,-135.,8.15563229592237));
#3124=CARTESIAN_POINT('Ctrl Pts',(-0.246985679931049,-135.,8.15021922970217));
#3125=CARTESIAN_POINT('',(-1.08088744289339,-135.2,8.33746334696215));
#3126=CARTESIAN_POINT('',(-1.08088744289339,-135.,8.33746334696215));
#3127=CARTESIAN_POINT('Ctrl Pts',(-1.08088744289339,-135.2,8.33746334696215));
#3128=CARTESIAN_POINT('Ctrl Pts',(-0.957440039961883,-135.2,8.28291981219441));
#3129=CARTESIAN_POINT('Ctrl Pts',(-0.692275696710439,-135.2,8.16576059918672));
#3130=CARTESIAN_POINT('Ctrl Pts',(-0.402080399892326,-135.2,8.15563229592237));
#3131=CARTESIAN_POINT('Ctrl Pts',(-0.246985679931049,-135.2,8.15021922970217));
#3132=CARTESIAN_POINT('Ctrl Pts',(-1.59248364574373,-135.,8.86133780861299));
#3133=CARTESIAN_POINT('Ctrl Pts',(-1.59248364574373,-135.2,8.86133780861299));
#3134=CARTESIAN_POINT('Ctrl Pts',(-1.52679466663513,-135.,8.75528555829132));
#3135=CARTESIAN_POINT('Ctrl Pts',(-1.52679466663513,-135.2,8.75528555829132));
#3136=CARTESIAN_POINT('Ctrl Pts',(-1.39513396716573,-135.,8.54272458311509));
#3137=CARTESIAN_POINT('Ctrl Pts',(-1.39513396716573,-135.2,8.54272458311509));
#3138=CARTESIAN_POINT('Ctrl Pts',(-1.18578614241576,-135.,8.40598164413236));
#3139=CARTESIAN_POINT('Ctrl Pts',(-1.18578614241576,-135.2,8.40598164413236));
#3140=CARTESIAN_POINT('Ctrl Pts',(-1.08088744289339,-135.,8.33746334696215));
#3141=CARTESIAN_POINT('Ctrl Pts',(-1.08088744289339,-135.2,8.33746334696215));
#3142=CARTESIAN_POINT('',(-1.59248364574373,-135.,8.86133780861299));
#3143=CARTESIAN_POINT('Ctrl Pts',(-1.59248364574373,-135.,8.86133780861299));
#3144=CARTESIAN_POINT('Ctrl Pts',(-1.52679466663513,-135.,8.75528555829132));
#3145=CARTESIAN_POINT('Ctrl Pts',(-1.39513396716573,-135.,8.54272458311509));
#3146=CARTESIAN_POINT('Ctrl Pts',(-1.18578614241576,-135.,8.40598164413236));
#3147=CARTESIAN_POINT('Ctrl Pts',(-1.08088744289339,-135.,8.33746334696215));
#3148=CARTESIAN_POINT('',(-1.59248364574373,-135.2,8.86133780861299));
#3149=CARTESIAN_POINT('',(-1.59248364574373,-135.,8.86133780861299));
#3150=CARTESIAN_POINT('Ctrl Pts',(-1.59248364574373,-135.2,8.86133780861299));
#3151=CARTESIAN_POINT('Ctrl Pts',(-1.52679466663513,-135.2,8.75528555829132));
#3152=CARTESIAN_POINT('Ctrl Pts',(-1.39513396716573,-135.2,8.54272458311509));
#3153=CARTESIAN_POINT('Ctrl Pts',(-1.18578614241576,-135.2,8.40598164413236));
#3154=CARTESIAN_POINT('Ctrl Pts',(-1.08088744289339,-135.2,8.33746334696215));
#3155=CARTESIAN_POINT('Ctrl Pts',(-1.76949573165834,-135.,9.72388914013307));
#3156=CARTESIAN_POINT('Ctrl Pts',(-1.76949573165834,-135.2,9.72388914013307));
#3157=CARTESIAN_POINT('Ctrl Pts',(-1.7649343742821,-135.,9.56215728716248));
#3158=CARTESIAN_POINT('Ctrl Pts',(-1.7649343742821,-135.2,9.56215728716248));
#3159=CARTESIAN_POINT('Ctrl Pts',(-1.75651756659479,-135.,9.26372289777325));
#3160=CARTESIAN_POINT('Ctrl Pts',(-1.75651756659479,-135.2,9.26372289777325));
#3161=CARTESIAN_POINT('Ctrl Pts',(-1.64401651208782,-135.,8.98775103406638));
#3162=CARTESIAN_POINT('Ctrl Pts',(-1.64401651208782,-135.2,8.98775103406638));
#3163=CARTESIAN_POINT('Ctrl Pts',(-1.59248364574373,-135.,8.86133780861299));
#3164=CARTESIAN_POINT('Ctrl Pts',(-1.59248364574373,-135.2,8.86133780861299));
#3165=CARTESIAN_POINT('',(-1.76949573165834,-135.,9.72388914013307));
#3166=CARTESIAN_POINT('Ctrl Pts',(-1.76949573165834,-135.,9.72388914013307));
#3167=CARTESIAN_POINT('Ctrl Pts',(-1.7649343742821,-135.,9.56215728716248));
#3168=CARTESIAN_POINT('Ctrl Pts',(-1.75651756659479,-135.,9.26372289777325));
#3169=CARTESIAN_POINT('Ctrl Pts',(-1.64401651208782,-135.,8.98775103406638));
#3170=CARTESIAN_POINT('Ctrl Pts',(-1.59248364574373,-135.,8.86133780861299));
#3171=CARTESIAN_POINT('',(-1.76949573165834,-135.2,9.72388914013307));
#3172=CARTESIAN_POINT('',(-1.76949573165834,-135.,9.72388914013307));
#3173=CARTESIAN_POINT('Ctrl Pts',(-1.76949573165834,-135.2,9.72388914013307));
#3174=CARTESIAN_POINT('Ctrl Pts',(-1.7649343742821,-135.2,9.56215728716248));
#3175=CARTESIAN_POINT('Ctrl Pts',(-1.75651756659479,-135.2,9.26372289777325));
#3176=CARTESIAN_POINT('Ctrl Pts',(-1.64401651208782,-135.2,8.98775103406638));
#3177=CARTESIAN_POINT('Ctrl Pts',(-1.59248364574373,-135.2,8.86133780861299));
#3178=CARTESIAN_POINT('Ctrl Pts',(-1.36431170112551,-135.,10.8504237809221));
#3179=CARTESIAN_POINT('Ctrl Pts',(-1.36431170112551,-135.2,10.8504237809221));
#3180=CARTESIAN_POINT('Ctrl Pts',(-1.48235015753626,-135.,10.695808898718));
#3181=CARTESIAN_POINT('Ctrl Pts',(-1.48235015753626,-135.2,10.695808898718));
#3182=CARTESIAN_POINT('Ctrl Pts',(-1.73526802799722,-135.,10.3645196906268));
#3183=CARTESIAN_POINT('Ctrl Pts',(-1.73526802799722,-135.2,10.3645196906268));
#3184=CARTESIAN_POINT('Ctrl Pts',(-1.75759102577595,-135.,9.94670625805636));
#3185=CARTESIAN_POINT('Ctrl Pts',(-1.75759102577595,-135.2,9.94670625805636));
#3186=CARTESIAN_POINT('Ctrl Pts',(-1.76949573165834,-135.,9.72388914013307));
#3187=CARTESIAN_POINT('Ctrl Pts',(-1.76949573165834,-135.2,9.72388914013307));
#3188=CARTESIAN_POINT('',(-1.36431170112551,-135.,10.8504237809221));
#3189=CARTESIAN_POINT('Ctrl Pts',(-1.36431170112551,-135.,10.8504237809221));
#3190=CARTESIAN_POINT('Ctrl Pts',(-1.48235015753626,-135.,10.695808898718));
#3191=CARTESIAN_POINT('Ctrl Pts',(-1.73526802799722,-135.,10.3645196906268));
#3192=CARTESIAN_POINT('Ctrl Pts',(-1.75759102577595,-135.,9.94670625805636));
#3193=CARTESIAN_POINT('Ctrl Pts',(-1.76949573165834,-135.,9.72388914013307));
#3194=CARTESIAN_POINT('',(-1.36431170112551,-135.2,10.8504237809221));
#3195=CARTESIAN_POINT('',(-1.36431170112551,-135.,10.8504237809221));
#3196=CARTESIAN_POINT('Ctrl Pts',(-1.36431170112551,-135.2,10.8504237809221));
#3197=CARTESIAN_POINT('Ctrl Pts',(-1.48235015753626,-135.2,10.695808898718));
#3198=CARTESIAN_POINT('Ctrl Pts',(-1.73526802799722,-135.2,10.3645196906268));
#3199=CARTESIAN_POINT('Ctrl Pts',(-1.75759102577595,-135.2,9.94670625805636));
#3200=CARTESIAN_POINT('Ctrl Pts',(-1.76949573165834,-135.2,9.72388914013307));
#3201=CARTESIAN_POINT('Ctrl Pts',(-0.210150605506306,-135.,11.2525384702722));
#3202=CARTESIAN_POINT('Ctrl Pts',(-0.210150605506306,-135.2,11.2525384702722));
#3203=CARTESIAN_POINT('Ctrl Pts',(-0.439367473177372,-135.,11.2414719371363));
#3204=CARTESIAN_POINT('Ctrl Pts',(-0.439367473177372,-135.2,11.2414719371363));
#3205=CARTESIAN_POINT('Ctrl Pts',(-0.86557950424141,-135.,11.2208945267014));
#3206=CARTESIAN_POINT('Ctrl Pts',(-0.86557950424141,-135.2,11.2208945267014));
#3207=CARTESIAN_POINT('Ctrl Pts',(-1.20666295847882,-135.,10.9675292086935));
#3208=CARTESIAN_POINT('Ctrl Pts',(-1.20666295847882,-135.2,10.9675292086935));
#3209=CARTESIAN_POINT('Ctrl Pts',(-1.36431170112551,-135.,10.8504237809221));
#3210=CARTESIAN_POINT('Ctrl Pts',(-1.36431170112551,-135.2,10.8504237809221));
#3211=CARTESIAN_POINT('',(-0.210150605506306,-135.,11.2525384702722));
#3212=CARTESIAN_POINT('Ctrl Pts',(-0.210150605506306,-135.,11.2525384702722));
#3213=CARTESIAN_POINT('Ctrl Pts',(-0.439367473177372,-135.,11.2414719371363));
#3214=CARTESIAN_POINT('Ctrl Pts',(-0.86557950424141,-135.,11.2208945267014));
#3215=CARTESIAN_POINT('Ctrl Pts',(-1.20666295847882,-135.,10.9675292086935));
#3216=CARTESIAN_POINT('Ctrl Pts',(-1.36431170112551,-135.,10.8504237809221));
#3217=CARTESIAN_POINT('',(-0.210150605506306,-135.2,11.2525384702722));
#3218=CARTESIAN_POINT('',(-0.210150605506306,-135.,11.2525384702722));
#3219=CARTESIAN_POINT('Ctrl Pts',(-0.210150605506306,-135.2,11.2525384702722));
#3220=CARTESIAN_POINT('Ctrl Pts',(-0.439367473177372,-135.2,11.2414719371363));
#3221=CARTESIAN_POINT('Ctrl Pts',(-0.86557950424141,-135.2,11.2208945267014));
#3222=CARTESIAN_POINT('Ctrl Pts',(-1.20666295847882,-135.2,10.9675292086935));
#3223=CARTESIAN_POINT('Ctrl Pts',(-1.36431170112551,-135.2,10.8504237809221));
#3224=CARTESIAN_POINT('Ctrl Pts',(0.929685407810802,-135.,10.8432616868059));
#3225=CARTESIAN_POINT('Ctrl Pts',(0.929685407810802,-135.2,10.8432616868059));
#3226=CARTESIAN_POINT('Ctrl Pts',(0.772816319796572,-135.,10.9624987252998));
#3227=CARTESIAN_POINT('Ctrl Pts',(0.772816319796572,-135.2,10.9624987252998));
#3228=CARTESIAN_POINT('Ctrl Pts',(0.437259672177564,-135.,11.2175571400295));
#3229=CARTESIAN_POINT('Ctrl Pts',(0.437259672177564,-135.2,11.2175571400295));
#3230=CARTESIAN_POINT('Ctrl Pts',(0.0148089778148514,-135.,11.2403832948809));
#3231=CARTESIAN_POINT('Ctrl Pts',(0.0148089778148514,-135.2,11.2403832948809));
#3232=CARTESIAN_POINT('Ctrl Pts',(-0.210150605506306,-135.,11.2525384702722));
#3233=CARTESIAN_POINT('Ctrl Pts',(-0.210150605506306,-135.2,11.2525384702722));
#3234=CARTESIAN_POINT('',(0.929685407810802,-135.,10.8432616868059));
#3235=CARTESIAN_POINT('Ctrl Pts',(0.929685407810802,-135.,10.8432616868059));
#3236=CARTESIAN_POINT('Ctrl Pts',(0.772816319796572,-135.,10.9624987252998));
#3237=CARTESIAN_POINT('Ctrl Pts',(0.437259672177564,-135.,11.2175571400295));
#3238=CARTESIAN_POINT('Ctrl Pts',(0.0148089778148514,-135.,11.2403832948809));
#3239=CARTESIAN_POINT('Ctrl Pts',(-0.210150605506306,-135.,11.2525384702722));
#3240=CARTESIAN_POINT('',(0.929685407810802,-135.2,10.8432616868059));
#3241=CARTESIAN_POINT('',(0.929685407810802,-135.,10.8432616868059));
#3242=CARTESIAN_POINT('Ctrl Pts',(0.929685407810802,-135.2,10.8432616868059));
#3243=CARTESIAN_POINT('Ctrl Pts',(0.772816319796572,-135.2,10.9624987252998));
#3244=CARTESIAN_POINT('Ctrl Pts',(0.437259672177564,-135.2,11.2175571400295));
#3245=CARTESIAN_POINT('Ctrl Pts',(0.0148089778148514,-135.2,11.2403832948809));
#3246=CARTESIAN_POINT('Ctrl Pts',(-0.210150605506306,-135.2,11.2525384702722));
#3247=CARTESIAN_POINT('Ctrl Pts',(1.33896248930037,-135.,9.69933232450884));
#3248=CARTESIAN_POINT('Ctrl Pts',(1.33896248930037,-135.2,9.69933232450884));
#3249=CARTESIAN_POINT('Ctrl Pts',(1.326935383784,-135.,9.92534233626251));
#3250=CARTESIAN_POINT('Ctrl Pts',(1.326935383784,-135.2,9.92534233626251));
#3251=CARTESIAN_POINT('Ctrl Pts',(1.30438238581218,-135.,10.3491519827114));
#3252=CARTESIAN_POINT('Ctrl Pts',(1.30438238581218,-135.2,10.3491519827114));
#3253=CARTESIAN_POINT('Ctrl Pts',(1.04891613299184,-135.,10.6860331480213));
#3254=CARTESIAN_POINT('Ctrl Pts',(1.04891613299184,-135.2,10.6860331480213));
#3255=CARTESIAN_POINT('Ctrl Pts',(0.929685407810802,-135.,10.8432616868059));
#3256=CARTESIAN_POINT('Ctrl Pts',(0.929685407810802,-135.2,10.8432616868059));
#3257=CARTESIAN_POINT('',(1.33896248930037,-135.,9.69933232450884));
#3258=CARTESIAN_POINT('Ctrl Pts',(1.33896248930037,-135.,9.69933232450884));
#3259=CARTESIAN_POINT('Ctrl Pts',(1.326935383784,-135.,9.92534233626251));
#3260=CARTESIAN_POINT('Ctrl Pts',(1.30438238581218,-135.,10.3491519827114));
#3261=CARTESIAN_POINT('Ctrl Pts',(1.04891613299184,-135.,10.6860331480213));
#3262=CARTESIAN_POINT('Ctrl Pts',(0.929685407810802,-135.,10.8432616868059));
#3263=CARTESIAN_POINT('',(1.33896248930037,-135.2,9.69933232450884));
#3264=CARTESIAN_POINT('',(1.33896248930037,-135.,9.69933232450884));
#3265=CARTESIAN_POINT('Ctrl Pts',(1.33896248930037,-135.2,9.69933232450884));
#3266=CARTESIAN_POINT('Ctrl Pts',(1.326935383784,-135.2,9.92534233626251));
#3267=CARTESIAN_POINT('Ctrl Pts',(1.30438238581218,-135.2,10.3491519827114));
#3268=CARTESIAN_POINT('Ctrl Pts',(1.04891613299184,-135.2,10.6860331480213));
#3269=CARTESIAN_POINT('Ctrl Pts',(0.929685407810802,-135.2,10.8432616868059));
#3270=CARTESIAN_POINT('Ctrl Pts',(1.13227772110044,-135.,8.82347962046068));
#3271=CARTESIAN_POINT('Ctrl Pts',(1.13227772110044,-135.2,8.82347962046068));
#3272=CARTESIAN_POINT('Ctrl Pts',(1.19248708240025,-135.,8.95269218706689));
#3273=CARTESIAN_POINT('Ctrl Pts',(1.19248708240025,-135.2,8.95269218706689));
#3274=CARTESIAN_POINT('Ctrl Pts',(1.32163208548606,-135.,9.22984439318305));
#3275=CARTESIAN_POINT('Ctrl Pts',(1.32163208548606,-135.2,9.22984439318305));
#3276=CARTESIAN_POINT('Ctrl Pts',(1.33293119578291,-135.,9.53594204537444));
#3277=CARTESIAN_POINT('Ctrl Pts',(1.33293119578291,-135.2,9.53594204537444));
#3278=CARTESIAN_POINT('Ctrl Pts',(1.33896248930037,-135.,9.69933232450884));
#3279=CARTESIAN_POINT('Ctrl Pts',(1.33896248930037,-135.2,9.69933232450884));
#3280=CARTESIAN_POINT('Ctrl Pts',(1.13227772110044,-135.,8.82347962046068));
#3281=CARTESIAN_POINT('Ctrl Pts',(1.19248708240025,-135.,8.95269218706689));
#3282=CARTESIAN_POINT('Ctrl Pts',(1.32163208548606,-135.,9.22984439318305));
#3283=CARTESIAN_POINT('Ctrl Pts',(1.33293119578291,-135.,9.53594204537444));
#3284=CARTESIAN_POINT('Ctrl Pts',(1.33896248930037,-135.,9.69933232450884));
#3285=CARTESIAN_POINT('Ctrl Pts',(1.13227772110044,-135.2,8.82347962046068));
#3286=CARTESIAN_POINT('Ctrl Pts',(1.19248708240025,-135.2,8.95269218706689));
#3287=CARTESIAN_POINT('Ctrl Pts',(1.32163208548606,-135.2,9.22984439318305));
#3288=CARTESIAN_POINT('Ctrl Pts',(1.33293119578291,-135.2,9.53594204537444));
#3289=CARTESIAN_POINT('Ctrl Pts',(1.33896248930037,-135.2,9.69933232450884));
#3290=CARTESIAN_POINT('Origin',(-0.24698550297976,-135.2,9.7013788499872));
#3291=CARTESIAN_POINT('Origin',(3.37102266543448,-135.,10.4605874993841));
#3292=CARTESIAN_POINT('',(3.37102266543448,-135.,10.4605874993841));
#3293=CARTESIAN_POINT('',(4.31645237424314,-135.,10.4605874993841));
#3294=CARTESIAN_POINT('',(1.68551133271724,-135.,10.4605874993841));
#3295=CARTESIAN_POINT('',(3.37102266543448,-135.2,10.4605874993841));
#3296=CARTESIAN_POINT('',(3.37102266543448,-135.,10.4605874993841));
#3297=CARTESIAN_POINT('',(4.31645237424314,-135.2,10.4605874993841));
#3298=CARTESIAN_POINT('',(3.37102266543448,-135.2,10.4605874993841));
#3299=CARTESIAN_POINT('',(4.31645237424314,-135.,10.4605874993841));
#3300=CARTESIAN_POINT('Origin',(3.37102266543448,-135.,8.20137879038256));
#3301=CARTESIAN_POINT('',(3.37102266543448,-135.,8.20137879038256));
#3302=CARTESIAN_POINT('',(3.37102266543448,-135.,0.806752909055969));
#3303=CARTESIAN_POINT('',(3.37102266543448,-135.2,8.20137879038256));
#3304=CARTESIAN_POINT('',(3.37102266543448,-135.,8.20137879038256));
#3305=CARTESIAN_POINT('',(3.37102266543448,-135.2,8.20137879038256));
#3306=CARTESIAN_POINT('Origin',(2.44401025169432,-135.,8.20137879038256));
#3307=CARTESIAN_POINT('',(2.44401025169432,-135.,8.20137879038256));
#3308=CARTESIAN_POINT('',(1.22200512584716,-135.,8.20137879038256));
#3309=CARTESIAN_POINT('',(2.44401025169432,-135.2,8.20137879038256));
#3310=CARTESIAN_POINT('',(2.44401025169432,-135.,8.20137879038256));
#3311=CARTESIAN_POINT('',(2.44401025169432,-135.2,8.20137879038256));
#3312=CARTESIAN_POINT('Origin',(2.44401025169432,-135.,10.4605874993841));
#3313=CARTESIAN_POINT('',(2.44401025169432,-135.,10.4605874993841));
#3314=CARTESIAN_POINT('',(2.44401025169432,-135.,1.93635726355674));
#3315=CARTESIAN_POINT('',(2.44401025169432,-135.2,10.4605874993841));
#3316=CARTESIAN_POINT('',(2.44401025169432,-135.,10.4605874993841));
#3317=CARTESIAN_POINT('',(2.44401025169432,-135.2,10.4605874993841));
#3318=CARTESIAN_POINT('Origin',(1.4985804497534,-135.,10.4605874993841));
#3319=CARTESIAN_POINT('',(1.4985804497534,-135.,10.4605874993841));
#3320=CARTESIAN_POINT('',(0.749290224876699,-135.,10.4605874993841));
#3321=CARTESIAN_POINT('',(1.4985804497534,-135.2,10.4605874993841));
#3322=CARTESIAN_POINT('',(1.4985804497534,-135.,10.4605874993841));
#3323=CARTESIAN_POINT('',(1.4985804497534,-135.2,10.4605874993841));
#3324=CARTESIAN_POINT('Origin',(1.4985804497534,-135.,11.2013789095918));
#3325=CARTESIAN_POINT('',(1.4985804497534,-135.,11.2013789095918));
#3326=CARTESIAN_POINT('',(1.4985804497534,-135.,2.30675296866061));
#3327=CARTESIAN_POINT('',(1.4985804497534,-135.2,11.2013789095918));
#3328=CARTESIAN_POINT('',(1.4985804497534,-135.,11.2013789095918));
#3329=CARTESIAN_POINT('',(1.4985804497534,-135.2,11.2013789095918));
#3330=CARTESIAN_POINT('Origin',(4.31645237424314,-135.,11.2013789095918));
#3331=CARTESIAN_POINT('',(4.31645237424314,-135.,11.2013789095918));
#3332=CARTESIAN_POINT('',(2.15822618712157,-135.,11.2013789095918));
#3333=CARTESIAN_POINT('',(4.31645237424314,-135.2,11.2013789095918));
#3334=CARTESIAN_POINT('',(4.31645237424314,-135.,11.2013789095918));
#3335=CARTESIAN_POINT('',(4.31645237424314,-135.2,11.2013789095918));
#3336=CARTESIAN_POINT('Origin',(4.31645237424314,-135.,10.4605874993841));
#3337=CARTESIAN_POINT('',(4.31645237424314,-135.,1.93635726355674));
#3338=CARTESIAN_POINT('',(4.31645237424314,-135.2,10.4605874993841));
#3339=CARTESIAN_POINT('Origin',(-0.24698550297976,-135.2,9.7013788499872));
#3340=CARTESIAN_POINT('Origin',(0.,-135.,-6.58787297227062));
#3341=CARTESIAN_POINT('',(5.79875600675864,-135.,14.000096868373));
#3342=CARTESIAN_POINT('',(-2.89978382604954,-135.,13.9999515619644));
#3343=CARTESIAN_POINT('',(13.9999031277204,-135.,5.79922373806983));
#3344=CARTESIAN_POINT('',(9.49601102914756,-135.,10.3029653669164));
#3345=CARTESIAN_POINT('',(14.000096868373,-135.,-5.79875600675864));
#3346=CARTESIAN_POINT('',(14.0000065870704,-135.,-0.394207683353435));
#3347=CARTESIAN_POINT('',(5.79922373806983,-135.,-13.9999031277204));
#3348=CARTESIAN_POINT('',(10.3029103436487,-135.,-9.49606605425356));
#3349=CARTESIAN_POINT('',(-5.79875600675864,-135.,-14.000096868373));
#3350=CARTESIAN_POINT('',(2.89967377767588,-135.,-13.9999515638027));
#3351=CARTESIAN_POINT('',(-13.9999031277204,-135.,-5.79922373806983));
#3352=CARTESIAN_POINT('',(-6.20207454485058,-135.,-13.596791804678));
#3353=CARTESIAN_POINT('',(-14.000096868373,-135.,5.79875600675865));
#3354=CARTESIAN_POINT('',(-13.9998965386967,-135.,-6.19366528707886));
#3355=CARTESIAN_POINT('',(-5.79922373806983,-135.,13.9999031277204));
#3356=CARTESIAN_POINT('',(-13.5968468279457,-135.,6.20201951974458));
#3357=CARTESIAN_POINT('',(-3.52828585203736,-135.,13.999941063033));
#3358=CARTESIAN_POINT('',(-2.89978382604954,-135.,13.9999515619644));
#3359=CARTESIAN_POINT('',(-3.528223489394,-135.,11.6));
#3360=CARTESIAN_POINT('',(-3.52798718166841,-135.,2.50602027794025));
#3361=CARTESIAN_POINT('',(1.86387787907523,-135.,11.6));
#3362=CARTESIAN_POINT('',(-7.80008394555045,-135.,3.23042839066804));
#3363=CARTESIAN_POINT('',(-11.349625050023,-135.,4.70128264659404));
#3364=CARTESIAN_POINT('',(-4.63521312778616,-135.,1.91897331105254));
#3365=CARTESIAN_POINT('',(-11.3496250500231,-135.,-4.70133534581799));
#3366=CARTESIAN_POINT('',(-11.3496250500231,-135.,-5.69637514789919));
#3367=CARTESIAN_POINT('',(-7.79991604071106,-135.,-3.23115978134338));
#3368=CARTESIAN_POINT('',(-5.6643221570106,-135.,-2.34666532412973));
#3369=CARTESIAN_POINT('',(-7.79996283935028,-135.,-1.4301781374297));
#3370=CARTESIAN_POINT('',(7.8000839492769,-135.,-3.23057179806761));
#3371=CARTESIAN_POINT('',(11.3503749499769,-135.,-4.70131252249232));
#3372=CARTESIAN_POINT('',(6.9649816829225,-135.,-2.88462299782993));
#3373=CARTESIAN_POINT('',(11.350374949977,-135.,4.7013652042935));
#3374=CARTESIAN_POINT('',(11.3503749499769,-135.,-0.891497824371433));
#3375=CARTESIAN_POINT('',(7.79991603698694,-135.,3.2313030989416));
#3376=CARTESIAN_POINT('',(3.3353864225082,-135.,1.38277141182529));
#3377=CARTESIAN_POINT('',(7.80013402570929,-135.,-5.15769483039262));
#3378=CARTESIAN_POINT('',(-4.30003344660711,-135.,-8.99999999999998));
#3379=CARTESIAN_POINT('',(-4.29999001441392,-135.,-11.6));
#3380=CARTESIAN_POINT('',(-4.30002018294456,-135.,-9.79400831754502));
#3381=CARTESIAN_POINT('',(-4.29996662664844,-135.,-13.000071831422));
#3382=CARTESIAN_POINT('',(-4.30002018294456,-135.,-9.79400831754502));
#3383=CARTESIAN_POINT('',(4.29996662904822,-135.,-12.9999281722056));
#3384=CARTESIAN_POINT('',(2.25003687086209,-135.,-12.9999624156461));
#3385=CARTESIAN_POINT('',(4.29999001441392,-135.,-11.6));
#3386=CARTESIAN_POINT('',(4.30003187685521,-135.,-9.09397073136505));
#3387=CARTESIAN_POINT('',(4.30003344660711,-135.,-9.00000000000004));
#3388=CARTESIAN_POINT('',(4.30003187685521,-135.,-9.09397073136505));
#3389=CARTESIAN_POINT('',(-2.24999500722091,-135.,-8.99999999999999));
#3390=CARTESIAN_POINT('',(-7.84888571820552,-135.,-5.58614357137373));
#3391=CARTESIAN_POINT('',(-5.58614401840856,-135.,-7.84888527117069));
#3392=CARTESIAN_POINT('Origin',(-6.71751486830704,-135.,-6.71751442127221));
#3393=CARTESIAN_POINT('',(-3.11126993940019,-135.,-5.37401163919713));
#3394=CARTESIAN_POINT('',(-5.58614401840856,-135.,-7.84888527117069));
#3395=CARTESIAN_POINT('',(-5.37401143483838,-135.,-3.11126973504144));
#3396=CARTESIAN_POINT('Origin',(-4.24264068711928,-135.,-4.24264068711929));
#3397=CARTESIAN_POINT('',(-7.84888571820552,-135.,-5.58614357137373));
#3398=CARTESIAN_POINT('',(5.58614357137373,-135.,-7.84888571820552));
#3399=CARTESIAN_POINT('',(7.84888527117069,-135.,-5.58614401840856));
#3400=CARTESIAN_POINT('Origin',(6.71751442127221,-135.,-6.71751486830704));
#3401=CARTESIAN_POINT('',(5.37401163919713,-135.,-3.11126993940019));
#3402=CARTESIAN_POINT('',(7.84888527117069,-135.,-5.58614401840856));
#3403=CARTESIAN_POINT('',(3.11126973504144,-135.,-5.37401143483838));
#3404=CARTESIAN_POINT('Origin',(4.24264068711928,-135.,-4.24264068711929));
#3405=CARTESIAN_POINT('',(5.58614357137373,-135.,-7.84888571820552));
#3406=CARTESIAN_POINT('',(-3.,-135.,3.67394039744206E-16));
#3407=CARTESIAN_POINT('Origin',(0.,-135.,0.));
#3408=CARTESIAN_POINT('',(7.84888571820552,-135.,5.58614357137373));
#3409=CARTESIAN_POINT('',(5.58614401840857,-135.,7.84888527117069));
#3410=CARTESIAN_POINT('Origin',(6.71751486830704,-135.,6.71751442127221));
#3411=CARTESIAN_POINT('',(3.1112699394002,-135.,5.37401163919713));
#3412=CARTESIAN_POINT('',(5.58614401840857,-135.,7.84888527117069));
#3413=CARTESIAN_POINT('',(5.37401143483838,-135.,3.11126973504143));
#3414=CARTESIAN_POINT('Origin',(4.24264068711929,-135.,4.24264068711928));
#3415=CARTESIAN_POINT('',(7.84888571820552,-135.,5.58614357137373));
#3416=CARTESIAN_POINT('',(-5.58614357137373,-135.,7.84888571820552));
#3417=CARTESIAN_POINT('',(-7.84888527117069,-135.,5.58614401840856));
#3418=CARTESIAN_POINT('Origin',(-6.71751442127221,-135.,6.71751486830704));
#3419=CARTESIAN_POINT('',(-5.37401163919713,-135.,3.11126993940019));
#3420=CARTESIAN_POINT('',(-7.84888527117069,-135.,5.58614401840856));
#3421=CARTESIAN_POINT('',(-3.11126973504144,-135.,5.37401143483838));
#3422=CARTESIAN_POINT('Origin',(-4.24264068711928,-135.,4.24264068711929));
#3423=CARTESIAN_POINT('',(-5.58614357137373,-135.,7.84888571820552));
#3424=CARTESIAN_POINT('Origin',(0.,-135.,-6.58787297227062));
#3425=CARTESIAN_POINT('Origin',(-8.39996283914772,-134.4,-1.43019372847341));
#3426=CARTESIAN_POINT('',(-8.99990312663517,-133.8,-3.72815592575485));
#3427=CARTESIAN_POINT('',(-8.22817516689519,-134.571736264957,-3.40853096893298));
#3428=CARTESIAN_POINT('',(-9.00009686728781,-133.8,3.72768819444368));
#3429=CARTESIAN_POINT('',(-8.99996283894515,-133.8,-1.43020931951712));
#3430=CARTESIAN_POINT('',(-8.65669151908785,-134.143401650412,3.58538833002706));
#3431=CARTESIAN_POINT('Origin',(-9.00009686728781,-135.,3.72768819444368));
#3432=CARTESIAN_POINT('',(-8.99990312663517,-129.,-3.72815592575485));
#3433=CARTESIAN_POINT('',(-8.99990312663517,-135.,-3.72815592575485));
#3434=CARTESIAN_POINT('',(-9.00009686728781,-129.,3.72768819444368));
#3435=CARTESIAN_POINT('',(-9.00004843560197,-129.,1.86386098445408));
#3436=CARTESIAN_POINT('',(-9.00009686728781,-135.,3.72768819444368));
#3437=CARTESIAN_POINT('Origin',(8.40013402550672,-134.4,-5.15767923934892));
#3438=CARTESIAN_POINT('',(8.99990312663517,-133.8,3.72815592575485));
#3439=CARTESIAN_POINT('',(7.60016250574302,-135.199755680341,3.1485954535672));
#3440=CARTESIAN_POINT('',(9.00009686728781,-133.8,-3.72768819444368));
#3441=CARTESIAN_POINT('',(9.00013402530415,-133.8,-5.15766364830521));
#3442=CARTESIAN_POINT('',(9.28536194064641,-133.514737997489,-3.8458618767029));
#3443=CARTESIAN_POINT('Origin',(9.00009686728781,-135.,-3.72768819444368));
#3444=CARTESIAN_POINT('',(8.99990312663517,-129.,3.72815592575485));
#3445=CARTESIAN_POINT('',(8.99990312663517,-135.,3.72815592575485));
#3446=CARTESIAN_POINT('',(9.00009686728781,-129.,-3.72768819444368));
#3447=CARTESIAN_POINT('',(9.0000484356021,-129.,-1.86386098932564));
#3448=CARTESIAN_POINT('',(9.00009686728781,-135.,-3.72768819444368));
#3449=CARTESIAN_POINT('Origin',(-2.24999500722092,-133.7,-10.3));
#3450=CARTESIAN_POINT('',(4.29999001441392,-132.4,-11.6));
#3451=CARTESIAN_POINT('',(4.30001173006753,-133.699973481186,-10.3000265188137));
#3452=CARTESIAN_POINT('',(-4.29999001441392,-132.4,-11.6));
#3453=CARTESIAN_POINT('',(-2.24999500722093,-132.4,-11.6));
#3454=CARTESIAN_POINT('',(-4.30000588342613,-133.349973480782,-10.6500265192183));
#3455=CARTESIAN_POINT('Origin',(-4.49999001444183,-135.,-11.6));
#3456=CARTESIAN_POINT('',(4.29999001441392,-128.3,-11.6));
#3457=CARTESIAN_POINT('',(4.29999001441392,-135.,-11.6));
#3458=CARTESIAN_POINT('',(-4.29999001441392,-128.3,-11.6));
#3459=CARTESIAN_POINT('',(-2.24999500722091,-128.3,-11.6));
#3460=CARTESIAN_POINT('',(-4.29999001441392,-135.,-11.6));
#3461=CARTESIAN_POINT('Origin',(1.44997005486872,-138.801544424657,-13.3247827274771));
#3462=CARTESIAN_POINT('',(-5.61220749686715,-138.603088849315,-13.5497076459109));
#3463=CARTESIAN_POINT('',(5.61266018105805,-138.603088849315,-13.5495201379795));
#3464=CARTESIAN_POINT('',(1.44997381019901,-138.603088849315,-13.5495896743636));
#3465=CARTESIAN_POINT('',(5.42641649776534,-139.,-13.0999093552241));
#3466=CARTESIAN_POINT('',(5.61266018105805,-138.603088849315,-13.5495201379795));
#3467=CARTESIAN_POINT('',(-5.42597883489559,-139.,-13.1000906411205));
#3468=CARTESIAN_POINT('',(1.44996629953844,-139.,-13.0999757805907));
#3469=CARTESIAN_POINT('',(-5.42597883489559,-139.,-13.1000906411205));
#3470=CARTESIAN_POINT('Origin',(-8.39676056612137,-138.801544424657,-10.4473278827516));
#3471=CARTESIAN_POINT('',(-13.0999093552241,-139.,-5.42641649776534));
#3472=CARTESIAN_POINT('',(-8.23780070493961,-139.,-10.2883627107308));
#3473=CARTESIAN_POINT('',(-13.5495201379795,-138.603088849315,-5.61266018105805));
#3474=CARTESIAN_POINT('',(-13.0999093552241,-139.,-5.42641649776534));
#3475=CARTESIAN_POINT('',(-8.55572042730313,-138.603088849315,-10.6062930547724));
#3476=CARTESIAN_POINT('Origin',(-13.3247827274771,-138.801544424657,-1.44997005486873));
#3477=CARTESIAN_POINT('',(-13.1000906411205,-139.,5.42597883489559));
#3478=CARTESIAN_POINT('',(-13.0999757805907,-139.,-1.44996629953844));
#3479=CARTESIAN_POINT('',(-13.5497076459109,-138.603088849315,5.61220749686715));
#3480=CARTESIAN_POINT('',(-13.1000906411205,-139.,5.42597883489559));
#3481=CARTESIAN_POINT('',(-13.5495896743636,-138.603088849315,-1.44997381019901));
#3482=CARTESIAN_POINT('Origin',(-10.4473278827516,-138.801544424657,8.39676056612137));
#3483=CARTESIAN_POINT('',(-5.42641649776535,-139.,13.0999093552241));
#3484=CARTESIAN_POINT('',(-10.2883627107308,-139.,8.23780070493961));
#3485=CARTESIAN_POINT('',(-5.61266018105805,-138.603088849315,13.5495201379795));
#3486=CARTESIAN_POINT('',(-5.42641649776535,-139.,13.0999093552241));
#3487=CARTESIAN_POINT('',(-10.6062930547724,-138.603088849315,8.55572042730312));
#3488=CARTESIAN_POINT('Origin',(-1.44997005486872,-138.801544424657,13.3247827274771));
#3489=CARTESIAN_POINT('',(5.61220749686715,-138.603088849315,13.5497076459109));
#3490=CARTESIAN_POINT('',(-1.44997381019901,-138.603088849315,13.5495896743636));
#3491=CARTESIAN_POINT('',(5.42597883489558,-139.,13.1000906411204));
#3492=CARTESIAN_POINT('',(-1.44996629953843,-139.,13.0999757805907));
#3493=CARTESIAN_POINT('',(5.42597883489558,-139.,13.1000906411204));
#3494=CARTESIAN_POINT('Origin',(8.39676056612136,-138.801544424657,10.4473278827516));
#3495=CARTESIAN_POINT('',(13.5495201379795,-138.603088849315,5.61266018105805));
#3496=CARTESIAN_POINT('',(8.55572042730312,-138.603088849315,10.6062930547724));
#3497=CARTESIAN_POINT('',(13.099909355224,-139.,5.42641649776534));
#3498=CARTESIAN_POINT('',(8.2378007049396,-139.,10.2883627107308));
#3499=CARTESIAN_POINT('',(13.099909355224,-139.,5.42641649776534));
#3500=CARTESIAN_POINT('Origin',(13.3247827274771,-138.801544424657,1.44997005486872));
#3501=CARTESIAN_POINT('',(13.5497076459109,-138.603088849315,-5.61220749686714));
#3502=CARTESIAN_POINT('',(13.5495896743636,-138.603088849315,1.44997381019901));
#3503=CARTESIAN_POINT('',(13.1000906411204,-139.,-5.42597883489558));
#3504=CARTESIAN_POINT('',(13.0999757805907,-139.,1.44996629953843));
#3505=CARTESIAN_POINT('',(13.1000906411204,-139.,-5.42597883489558));
#3506=CARTESIAN_POINT('Origin',(10.4473278827516,-138.801544424657,-8.39676056612136));
#3507=CARTESIAN_POINT('',(10.6062930547724,-138.603088849315,-8.55572042730312));
#3508=CARTESIAN_POINT('',(10.2883627107308,-139.,-8.2378007049396));
#3509=CARTESIAN_POINT('Origin',(7.67226904472694,-137.,11.7730989375254));
#3510=CARTESIAN_POINT('',(13.4999065874446,-139.,5.59210860456734));
#3511=CARTESIAN_POINT('',(5.59165757794583,-139.,13.5000934087882));
#3512=CARTESIAN_POINT('Origin',(13.7499515629184,-137.,2.89972462569029));
#3513=CARTESIAN_POINT('',(13.5000934087882,-139.,-5.59165757794583));
#3514=CARTESIAN_POINT('Origin',(11.7730989375254,-137.,-7.67226904472694));
#3515=CARTESIAN_POINT('',(5.59210860456733,-139.,-13.4999065874446));
#3516=CARTESIAN_POINT('Origin',(2.89972462569029,-137.,-13.7499515629184));
#3517=CARTESIAN_POINT('',(-5.59165757794584,-139.,-13.5000934087882));
#3518=CARTESIAN_POINT('Origin',(-2.22044604925031E-15,-139.,-2.22044604925031E-15));
#3519=CARTESIAN_POINT('',(-3.8,-139.,-4.65365783675994E-16));
#3520=CARTESIAN_POINT('Origin',(0.,-139.,0.));
#3521=CARTESIAN_POINT('',(-7.84888527117069,-139.,5.58614401840856));
#3522=CARTESIAN_POINT('',(-5.58614357137373,-139.,7.84888571820552));
#3523=CARTESIAN_POINT('Origin',(-6.71751442127221,-139.,6.71751486830704));
#3524=CARTESIAN_POINT('',(-3.11126973504144,-139.,5.37401143483838));
#3525=CARTESIAN_POINT('',(-5.58614357137373,-139.,7.84888571820552));
#3526=CARTESIAN_POINT('',(-5.37401163919713,-139.,3.11126993940019));
#3527=CARTESIAN_POINT('Origin',(-4.24264068711928,-139.,4.24264068711929));
#3528=CARTESIAN_POINT('',(-7.84888527117069,-139.,5.58614401840856));
#3529=CARTESIAN_POINT('',(5.58614401840857,-139.,7.84888527117069));
#3530=CARTESIAN_POINT('',(7.84888571820552,-139.,5.58614357137373));
#3531=CARTESIAN_POINT('Origin',(6.71751486830704,-139.,6.71751442127221));
#3532=CARTESIAN_POINT('',(5.37401143483838,-139.,3.11126973504144));
#3533=CARTESIAN_POINT('',(7.84888571820552,-139.,5.58614357137373));
#3534=CARTESIAN_POINT('',(3.1112699394002,-139.,5.37401163919713));
#3535=CARTESIAN_POINT('Origin',(4.24264068711929,-139.,4.24264068711928));
#3536=CARTESIAN_POINT('',(5.58614401840857,-139.,7.84888527117069));
#3537=CARTESIAN_POINT('',(7.84888527117069,-139.,-5.58614401840856));
#3538=CARTESIAN_POINT('',(5.58614357137373,-139.,-7.84888571820552));
#3539=CARTESIAN_POINT('Origin',(6.71751442127221,-139.,-6.71751486830704));
#3540=CARTESIAN_POINT('',(3.11126973504144,-139.,-5.37401143483838));
#3541=CARTESIAN_POINT('',(5.58614357137373,-139.,-7.84888571820552));
#3542=CARTESIAN_POINT('',(5.37401163919713,-139.,-3.11126993940019));
#3543=CARTESIAN_POINT('Origin',(4.24264068711928,-139.,-4.24264068711929));
#3544=CARTESIAN_POINT('',(7.84888527117069,-139.,-5.58614401840856));
#3545=CARTESIAN_POINT('',(-5.58614401840856,-139.,-7.84888527117069));
#3546=CARTESIAN_POINT('',(-7.84888571820552,-139.,-5.58614357137373));
#3547=CARTESIAN_POINT('Origin',(-6.71751486830704,-139.,-6.71751442127221));
#3548=CARTESIAN_POINT('',(-5.37401143483838,-139.,-3.11126973504144));
#3549=CARTESIAN_POINT('',(-7.84888571820552,-139.,-5.58614357137373));
#3550=CARTESIAN_POINT('',(-3.11126993940019,-139.,-5.37401163919713));
#3551=CARTESIAN_POINT('Origin',(-4.24264068711928,-139.,-4.24264068711929));
#3552=CARTESIAN_POINT('',(-5.58614401840856,-139.,-7.84888527117069));
#3553=CARTESIAN_POINT('Origin',(-2.89972462569029,-137.,13.7499515629184));
#3554=CARTESIAN_POINT('',(-2.89978382604954,-135.,13.9999515619644));
#3555=CARTESIAN_POINT('',(-5.59210860456734,-139.,13.4999065874446));
#3556=CARTESIAN_POINT('Origin',(-9.50004843543317,-128.5,1.86384799191766));
#3557=CARTESIAN_POINT('',(-9.99989236490527,-128.,-4.14231937943107));
#3558=CARTESIAN_POINT('',(-7.31541041726039,-130.684510837625,-3.03049309948887));
#3559=CARTESIAN_POINT('',(-10.0001076354023,-128.,4.14207136425671));
#3560=CARTESIAN_POINT('',(-10.0000484352644,-128.,1.86383499938124));
#3561=CARTESIAN_POINT('',(-8.37237496214232,-129.627715145837,3.46757360257212));
#3562=CARTESIAN_POINT('Origin',(-10.2997640883291,-128.,5.93969318174459E-14));
#3563=CARTESIAN_POINT('',(-11.3496250500231,-128.,-4.70133534581799));
#3564=CARTESIAN_POINT('',(-11.5996250500231,-128.,-4.80487732352784));
#3565=CARTESIAN_POINT('',(-11.349625050023,-128.,4.70128264659404));
#3566=CARTESIAN_POINT('',(-11.3496250500231,-128.,-2.40243866176389));
#3567=CARTESIAN_POINT('',(-11.599625050023,-128.,4.80487732352796));
#3568=CARTESIAN_POINT('Origin',(-8.99990312663517,-135.,-3.72815592575485));
#3569=CARTESIAN_POINT('',(-11.3496250500231,-135.,-4.70133534581799));
#3570=CARTESIAN_POINT('Origin',(9.50004843543329,-128.5,-1.86384799678922));
#3571=CARTESIAN_POINT('',(9.99989236800871,-128.,4.14219994809922));
#3572=CARTESIAN_POINT('',(7.31548746658022,-130.684433782249,3.03072618717979));
#3573=CARTESIAN_POINT('',(10.0001076322969,-128.,-4.14195185809041));
#3574=CARTESIAN_POINT('',(10.0000484352645,-128.,-1.8638350042528));
#3575=CARTESIAN_POINT('',(8.37254064259173,-129.62754946912,-3.46771725224633));
#3576=CARTESIAN_POINT('Origin',(10.3001390383061,-128.,-7.54951656745106E-14));
#3577=CARTESIAN_POINT('',(11.350374949977,-128.,4.7013652042935));
#3578=CARTESIAN_POINT('',(11.600374949977,-128.,4.80487732352782));
#3579=CARTESIAN_POINT('',(11.3503749499769,-128.,-4.70131252249232));
#3580=CARTESIAN_POINT('',(11.3503749499769,-128.,2.40243866176387));
#3581=CARTESIAN_POINT('',(11.6003749499769,-128.,-4.80487732352798));
#3582=CARTESIAN_POINT('Origin',(8.99990312663517,-135.,3.72815592575485));
#3583=CARTESIAN_POINT('',(11.350374949977,-135.,4.7013652042935));
#3584=CARTESIAN_POINT('Origin',(-11.3496250500231,-135.,-4.80487732352785));
#3585=CARTESIAN_POINT('',(-11.349625050023,-135.,4.70128264659404));
#3586=CARTESIAN_POINT('Origin',(-11.599625050023,-135.,4.80487732352796));
#3587=CARTESIAN_POINT('Origin',(11.6003749499769,-135.,-4.80487732352798));
#3588=CARTESIAN_POINT('',(11.3503749499769,-135.,-4.70131252249232));
#3589=CARTESIAN_POINT('Origin',(11.350374949977,-135.,4.80487732352783));
#3590=CARTESIAN_POINT('Origin',(3.72775575815035,-135.,11.6));
#3591=CARTESIAN_POINT('',(-3.528223489394,-135.,11.6));
#3592=CARTESIAN_POINT('Origin',(-3.72828585201807,-135.,13.9999377220951));
#3593=CARTESIAN_POINT('',(-3.52828585203736,-135.,13.999941063033));
#3594=CARTESIAN_POINT('Origin',(-3.52822348952904,-135.,11.6000051970146));
#3595=CARTESIAN_POINT('Origin',(0.,-138.6,0.));
#3596=CARTESIAN_POINT('',(-3.,-138.2,3.67394039744206E-16));
#3597=CARTESIAN_POINT('',(-3.4,-138.6,-4.163799117101E-16));
#3598=CARTESIAN_POINT('Origin',(0.,-138.2,0.));
#3599=CARTESIAN_POINT('Origin',(0.,-135.,0.));
#3600=CARTESIAN_POINT('',(-3.,-135.,-3.67394039744206E-16));
#3601=CARTESIAN_POINT('Origin',(-7.67226904472694,-137.,-11.7730989375254));
#3602=CARTESIAN_POINT('',(-13.4999065874446,-139.,-5.59210860456734));
#3603=CARTESIAN_POINT('Origin',(-13.7499515629184,-137.,-2.89972462569029));
#3604=CARTESIAN_POINT('',(-13.5000934087883,-139.,5.59165757794584));
#3605=CARTESIAN_POINT('Origin',(-11.7730989375254,-137.,7.67226904472694));
#3606=CARTESIAN_POINT('Origin',(-4.29996662664844,-135.,-13.000071831422));
#3607=CARTESIAN_POINT('',(-4.29996662664844,-128.3,-13.000071831422));
#3608=CARTESIAN_POINT('',(-4.29997247297591,-128.3,-12.6500906237027));
#3609=CARTESIAN_POINT('',(-4.29996662664844,-135.,-13.000071831422));
#3610=CARTESIAN_POINT('Origin',(4.49996662913194,-135.,-12.9999248312677));
#3611=CARTESIAN_POINT('',(4.29996662904822,-128.3,-12.9999281722056));
#3612=CARTESIAN_POINT('',(2.24998916089344,-128.3,-12.9999624164431));
#3613=CARTESIAN_POINT('',(4.29996662904822,-135.,-12.9999281722056));
#3614=CARTESIAN_POINT('Origin',(4.29999001446973,-135.,-11.599996659062));
#3615=CARTESIAN_POINT('',(4.29998416688656,-128.3,-11.9500530375227));
#3616=CARTESIAN_POINT('Origin',(0.,-128.3,-12.3000375861799));
#3617=CARTESIAN_POINT('Origin',(-6.71751486830704,-135.,-6.71751442127221));
#3618=CARTESIAN_POINT('',(-7.84888571820552,-135.,-5.58614357137373));
#3619=CARTESIAN_POINT('',(-5.58614401840856,-135.,-7.84888527117069));
#3620=CARTESIAN_POINT('Origin',(-7.84888571820552,-135.,-5.58614357137373));
#3621=CARTESIAN_POINT('',(-5.37401143483838,-135.,-3.11126973504144));
#3622=CARTESIAN_POINT('Origin',(-4.24264068711928,-135.,-4.24264068711929));
#3623=CARTESIAN_POINT('',(-3.11126993940019,-135.,-5.37401163919713));
#3624=CARTESIAN_POINT('Origin',(-3.1112699394002,-135.,-5.37401163919714));
#3625=CARTESIAN_POINT('Origin',(6.71751442127221,-135.,-6.71751486830704));
#3626=CARTESIAN_POINT('',(5.58614357137373,-135.,-7.84888571820552));
#3627=CARTESIAN_POINT('',(7.84888527117069,-135.,-5.58614401840856));
#3628=CARTESIAN_POINT('Origin',(5.58614357137373,-135.,-7.84888571820552));
#3629=CARTESIAN_POINT('',(3.11126973504144,-135.,-5.37401143483838));
#3630=CARTESIAN_POINT('Origin',(4.24264068711928,-135.,-4.24264068711929));
#3631=CARTESIAN_POINT('',(5.37401163919713,-135.,-3.11126993940019));
#3632=CARTESIAN_POINT('Origin',(5.37401163919714,-135.,-3.1112699394002));
#3633=CARTESIAN_POINT('Origin',(6.71751486830704,-135.,6.71751442127221));
#3634=CARTESIAN_POINT('',(7.84888571820552,-135.,5.58614357137373));
#3635=CARTESIAN_POINT('',(5.58614401840857,-135.,7.84888527117069));
#3636=CARTESIAN_POINT('Origin',(7.84888571820552,-135.,5.58614357137373));
#3637=CARTESIAN_POINT('',(5.37401143483838,-135.,3.11126973504143));
#3638=CARTESIAN_POINT('Origin',(4.24264068711929,-135.,4.24264068711928));
#3639=CARTESIAN_POINT('',(3.1112699394002,-135.,5.37401163919713));
#3640=CARTESIAN_POINT('Origin',(3.1112699394002,-135.,5.37401163919714));
#3641=CARTESIAN_POINT('Origin',(-6.71751442127221,-135.,6.71751486830704));
#3642=CARTESIAN_POINT('',(-5.58614357137373,-135.,7.84888571820552));
#3643=CARTESIAN_POINT('',(-7.84888527117069,-135.,5.58614401840856));
#3644=CARTESIAN_POINT('Origin',(-5.58614357137373,-135.,7.84888571820552));
#3645=CARTESIAN_POINT('',(-3.11126973504144,-135.,5.37401143483838));
#3646=CARTESIAN_POINT('Origin',(-4.24264068711928,-135.,4.24264068711929));
#3647=CARTESIAN_POINT('',(-5.37401163919713,-135.,3.11126993940019));
#3648=CARTESIAN_POINT('Origin',(-5.37401163919714,-135.,3.1112699394002));
#3649=CARTESIAN_POINT('Origin',(0.,-135.,-6.58787297227062));
#3650=UNCERTAINTY_MEASURE_WITH_UNIT(LENGTH_MEASURE(0.01),#3654,
'DISTANCE_ACCURACY_VALUE',
'Maximum model space distance between geometric entities at asserted c
onnectivities');
#3651=UNCERTAINTY_MEASURE_WITH_UNIT(LENGTH_MEASURE(0.01),#3654,
'DISTANCE_ACCURACY_VALUE',
'Maximum model space distance between geometric entities at asserted c
onnectivities');
#3652=(
GEOMETRIC_REPRESENTATION_CONTEXT(3)
GLOBAL_UNCERTAINTY_ASSIGNED_CONTEXT((#3650))
GLOBAL_UNIT_ASSIGNED_CONTEXT((#3654,#3656,#3657))
REPRESENTATION_CONTEXT('','3D')
);
#3653=(
GEOMETRIC_REPRESENTATION_CONTEXT(3)
GLOBAL_UNCERTAINTY_ASSIGNED_CONTEXT((#3651))
GLOBAL_UNIT_ASSIGNED_CONTEXT((#3654,#3656,#3657))
REPRESENTATION_CONTEXT('','3D')
);
#3654=(
LENGTH_UNIT()
NAMED_UNIT(*)
SI_UNIT(.MILLI.,.METRE.)
);
#3655=(
LENGTH_UNIT()
NAMED_UNIT(*)
SI_UNIT($,.METRE.)
);
#3656=(
NAMED_UNIT(*)
PLANE_ANGLE_UNIT()
SI_UNIT($,.RADIAN.)
);
#3657=(
NAMED_UNIT(*)
SI_UNIT($,.STERADIAN.)
SOLID_ANGLE_UNIT()
);
#3658=SHAPE_DEFINITION_REPRESENTATION(#3659,#3660);
#3659=PRODUCT_DEFINITION_SHAPE('',$,#3662);
#3660=SHAPE_REPRESENTATION('',(#2075),#3652);
#3661=PRODUCT_DEFINITION_CONTEXT('part definition',#3666,'design');
#3662=PRODUCT_DEFINITION('Motor mount 4mm','Motor mount 4mm',#3663,#3661);
#3663=PRODUCT_DEFINITION_FORMATION('',$,#3668);
#3664=PRODUCT_RELATED_PRODUCT_CATEGORY('Motor mount 4mm',
'Motor mount 4mm',(#3668));
#3665=APPLICATION_PROTOCOL_DEFINITION('international standard',
'automotive_design',2009,#3666);
#3666=APPLICATION_CONTEXT(
'Core Data for Automotive Mechanical Design Process');
#3667=PRODUCT_CONTEXT('part definition',#3666,'mechanical');
#3668=PRODUCT('Motor mount 4mm','Motor mount 4mm',$,(#3667));
#3669=PRESENTATION_STYLE_ASSIGNMENT((#3671));
#3670=PRESENTATION_STYLE_ASSIGNMENT((#3672));
#3671=SURFACE_STYLE_USAGE(.BOTH.,#3673);
#3672=SURFACE_STYLE_USAGE(.BOTH.,#3674);
#3673=SURFACE_SIDE_STYLE('',(#3675));
#3674=SURFACE_SIDE_STYLE('',(#3676));
#3675=SURFACE_STYLE_FILL_AREA(#3677);
#3676=SURFACE_STYLE_FILL_AREA(#3678);
#3677=FILL_AREA_STYLE('Acier - Satin\X\E9',(#3679));
#3678=FILL_AREA_STYLE('Peinture - Brillant \X\E9maill\X\E9 (gris fonc\X\E9
)',(#3680));
#3679=FILL_AREA_STYLE_COLOUR('Acier - Satin\X\E9',#3681);
#3680=FILL_AREA_STYLE_COLOUR(
'Peinture - Brillant \X\E9maill\X\E9 (gris fonc\X\E9)',#3682);
#3681=COLOUR_RGB('Acier - Satin\X\E9',0.627450980392157,0.627450980392157,
0.627450980392157);
#3682=COLOUR_RGB('Peinture - Brillant \X\E9maill\X\E9 (gris fonc\X\E9)',
0.349019607843137,0.349019607843137,0.349019607843137);
ENDSEC;
END-ISO-10303-21;
