ISO-10303-21;
HEADER;
/* Generated by software containing ST-Developer
 * from STEP Tools, Inc. (www.steptools.com) 
 */

FILE_DESCRIPTION(
/* description */ (''),
/* implementation_level */ '2;1');

FILE_NAME(
/* name */ 'Wing L 2.step',
/* time_stamp */ '2026-03-30T08:30:32+02:00',
/* author */ (''),
/* organization */ (''),
/* preprocessor_version */ 'ST-DEVELOPER v20.1',
/* originating_system */ 'Autodesk Translation Framework v14.24.0.0',
/* authorisation */ '');

FILE_SCHEMA (('AUTOMOTIVE_DESIGN { 1 0 10303 214 3 1 1 }'));
ENDSEC;

DATA;
#10=MECHANICAL_DESIGN_GEOMETRIC_PRESENTATION_REPRESENTATION('',(#13),#3526);
#11=SHAPE_REPRESENTATION_RELATIONSHIP('SRR','None',#3533,#12);
#12=ADVANCED_BREP_SHAPE_REPRESENTATION('',(#14),#3525);
#13=STYLED_ITEM('',(#3542),#14);
#14=MANIFOLD_SOLID_BREP('Wing L 2',#1495);
#15=FACE_BOUND('',#191,.T.);
#16=FACE_BOUND('',#192,.T.);
#17=FACE_BOUND('',#195,.T.);
#18=FACE_BOUND('',#196,.T.);
#19=FACE_BOUND('',#218,.T.);
#20=FACE_BOUND('',#219,.T.);
#21=FACE_BOUND('',#220,.T.);
#22=FACE_BOUND('',#228,.T.);
#23=FACE_BOUND('',#229,.T.);
#24=FACE_BOUND('',#231,.T.);
#25=FACE_BOUND('',#232,.T.);
#26=CONICAL_SURFACE('',#1555,4.45,0.785398163397459);
#27=CONICAL_SURFACE('',#1558,3.35,0.785398163397459);
#28=CONICAL_SURFACE('',#1599,1.09961946980917,0.0872664625997165);
#29=CONICAL_SURFACE('',#1601,1.09961946980916,0.0872664625997165);
#30=CONICAL_SURFACE('',#1603,1.09961946980918,0.0872664625997165);
#31=CONICAL_SURFACE('',#1605,1.09961946980918,0.0872664625997165);
#32=CYLINDRICAL_SURFACE('',#1519,4.25);
#33=CYLINDRICAL_SURFACE('',#1525,1.75000000000002);
#34=CYLINDRICAL_SURFACE('',#1528,1.75000000000002);
#35=CYLINDRICAL_SURFACE('',#1531,1.75000000000002);
#36=CYLINDRICAL_SURFACE('',#1562,3.15);
#37=B_SPLINE_SURFACE_WITH_KNOTS('',3,3,((#2008,#2009,#2010,#2011),(#2012,
#2013,#2014,#2015),(#2016,#2017,#2018,#2019),(#2020,#2021,#2022,#2023)),
 .UNSPECIFIED.,.F.,.F.,.F.,(4,4),(4,4),(0.352657203401194,0.382241584541503),
(0.198592357680452,0.261092558137375),.UNSPECIFIED.);
#38=B_SPLINE_SURFACE_WITH_KNOTS('',3,3,((#2062,#2063,#2064,#2065),(#2066,
#2067,#2068,#2069),(#2070,#2071,#2072,#2073),(#2074,#2075,#2076,#2077),
(#2078,#2079,#2080,#2081)),.UNSPECIFIED.,.F.,.F.,.F.,(4,1,4),(4,4),(0.700329572180779,
0.720179185988965,0.746645337733214),(0.771880369791247,0.834382585663439),
 .UNSPECIFIED.);
#39=B_SPLINE_SURFACE_WITH_KNOTS('',3,3,((#2450,#2451,#2452,#2453),(#2454,
#2455,#2456,#2457),(#2458,#2459,#2460,#2461),(#2462,#2463,#2464,#2465)),
 .UNSPECIFIED.,.F.,.F.,.F.,(4,4),(4,4),(0.,1.),(-23.3349047947111,0.0008604156273677),
 .UNSPECIFIED.);
#40=B_SPLINE_SURFACE_WITH_KNOTS('',3,3,((#2831,#2832,#2833,#2834),(#2835,
#2836,#2837,#2838),(#2839,#2840,#2841,#2842),(#2843,#2844,#2845,#2846),
(#2847,#2848,#2849,#2850),(#2851,#2852,#2853,#2854),(#2855,#2856,#2857,
#2858),(#2859,#2860,#2861,#2862),(#2863,#2864,#2865,#2866),(#2867,#2868,
#2869,#2870),(#2871,#2872,#2873,#2874),(#2875,#2876,#2877,#2878),(#2879,
#2880,#2881,#2882),(#2883,#2884,#2885,#2886),(#2887,#2888,#2889,#2890),
(#2891,#2892,#2893,#2894),(#2895,#2896,#2897,#2898),(#2899,#2900,#2901,
#2902),(#2903,#2904,#2905,#2906),(#2907,#2908,#2909,#2910),(#2911,#2912,
#2913,#2914),(#2915,#2916,#2917,#2918),(#2919,#2920,#2921,#2922),(#2923,
#2924,#2925,#2926),(#2927,#2928,#2929,#2930),(#2931,#2932,#2933,#2934),
(#2935,#2936,#2937,#2938),(#2939,#2940,#2941,#2942)),.UNSPECIFIED.,.F.,
 .F.,.F.,(4,1,1,1,1,1,1,1,1,1,1,1,1,1,1,1,1,1,1,1,1,1,1,1,1,4),(4,4),(0.202660071291365,
0.259612923341982,0.316565775392599,0.373518627443216,0.430471479493832,
0.468440047527577,0.506408615561321,0.544377183595066,0.563361467611938,
0.58234575162881,0.620314319662555,0.639298603679427,0.658282887696299,
0.686759313721608,0.715235739746916,0.743712165772225,0.772188591797533,
0.800665017822841,0.82914144384815,0.857617869873458,0.871856082886112,
0.886094295898767,0.914570721924075,0.943047147949383,0.971523573974692,
1.),(0.156249999999822,0.85937500000045),.UNSPECIFIED.);
#41=B_SPLINE_SURFACE_WITH_KNOTS('',3,3,((#3036,#3037,#3038,#3039),(#3040,
#3041,#3042,#3043),(#3044,#3045,#3046,#3047),(#3048,#3049,#3050,#3051),
(#3052,#3053,#3054,#3055),(#3056,#3057,#3058,#3059),(#3060,#3061,#3062,
#3063),(#3064,#3065,#3066,#3067),(#3068,#3069,#3070,#3071),(#3072,#3073,
#3074,#3075),(#3076,#3077,#3078,#3079),(#3080,#3081,#3082,#3083),(#3084,
#3085,#3086,#3087),(#3088,#3089,#3090,#3091),(#3092,#3093,#3094,#3095),
(#3096,#3097,#3098,#3099),(#3100,#3101,#3102,#3103),(#3104,#3105,#3106,
#3107),(#3108,#3109,#3110,#3111),(#3112,#3113,#3114,#3115),(#3116,#3117,
#3118,#3119),(#3120,#3121,#3122,#3123),(#3124,#3125,#3126,#3127),(#3128,
#3129,#3130,#3131),(#3132,#3133,#3134,#3135),(#3136,#3137,#3138,#3139),
(#3140,#3141,#3142,#3143),(#3144,#3145,#3146,#3147),(#3148,#3149,#3150,
#3151),(#3152,#3153,#3154,#3155),(#3156,#3157,#3158,#3159),(#3160,#3161,
#3162,#3163),(#3164,#3165,#3166,#3167),(#3168,#3169,#3170,#3171),(#3172,
#3173,#3174,#3175),(#3176,#3177,#3178,#3179),(#3180,#3181,#3182,#3183),
(#3184,#3185,#3186,#3187),(#3188,#3189,#3190,#3191),(#3192,#3193,#3194,
#3195)),.UNSPECIFIED.,.F.,.F.,.F.,(4,2,2,2,2,2,1,2,2,1,2,2,1,2,2,1,2,2,
2,2,2,4),(4,4),(0.,0.0103162837533262,0.174910988639761,0.204651769930449,
0.325921770882989,0.339475707829053,0.366891553249638,0.394307398670223,
0.399164661369309,0.435093624192683,0.471022587016057,0.566710154129156,
0.588011783745805,0.609313413362455,0.63517819149789,0.666343567070476,
0.697508942643063,0.730174020754317,0.795430566178371,0.806555325506348,
0.897176255379348,1.),(0.181818181818182,1.),.UNSPECIFIED.);
#42=B_SPLINE_SURFACE_WITH_KNOTS('',3,3,((#3237,#3238,#3239,#3240),(#3241,
#3242,#3243,#3244),(#3245,#3246,#3247,#3248),(#3249,#3250,#3251,#3252)),
 .UNSPECIFIED.,.F.,.F.,.F.,(4,4),(4,4),(0.,1.),(-23.2827119688796,0.0529655189297672),
 .UNSPECIFIED.);
#43=B_SPLINE_SURFACE_WITH_KNOTS('',3,3,((#3407,#3408,#3409,#3410),(#3411,
#3412,#3413,#3414),(#3415,#3416,#3417,#3418),(#3419,#3420,#3421,#3422),
(#3423,#3424,#3425,#3426),(#3427,#3428,#3429,#3430),(#3431,#3432,#3433,
#3434),(#3435,#3436,#3437,#3438),(#3439,#3440,#3441,#3442),(#3443,#3444,
#3445,#3446),(#3447,#3448,#3449,#3450),(#3451,#3452,#3453,#3454),(#3455,
#3456,#3457,#3458),(#3459,#3460,#3461,#3462),(#3463,#3464,#3465,#3466),
(#3467,#3468,#3469,#3470),(#3471,#3472,#3473,#3474),(#3475,#3476,#3477,
#3478),(#3479,#3480,#3481,#3482),(#3483,#3484,#3485,#3486),(#3487,#3488,
#3489,#3490),(#3491,#3492,#3493,#3494),(#3495,#3496,#3497,#3498),(#3499,
#3500,#3501,#3502),(#3503,#3504,#3505,#3506),(#3507,#3508,#3509,#3510),
(#3511,#3512,#3513,#3514)),.UNSPECIFIED.,.F.,.F.,.F.,(4,1,1,1,1,1,1,1,1,
1,1,1,1,1,1,1,1,1,1,1,1,1,1,1,4),(4,4),(0.,0.0285536702238483,0.0571073404476967,
0.0856610106715451,0.114214680895393,0.128491516007318,0.142768351119242,
0.17132202134309,0.199875691566938,0.228429361790787,0.247465141940019,
0.266500922089251,0.285536702238483,0.304572482387716,0.34264404268618,
0.380715602984645,0.418787163283109,0.456858723581574,0.485412393805422,
0.51396606402927,0.571073404476967,0.628180744924664,0.68528808537236,0.742395425820057,
0.799502766267754),(0.156249999999999,0.859375000000026),.UNSPECIFIED.);
#44=CIRCLE('',#1511,4.25);
#45=CIRCLE('',#1513,4.25);
#46=CIRCLE('',#1517,4.25);
#47=CIRCLE('',#1520,4.25);
#48=CIRCLE('',#1521,4.25);
#49=CIRCLE('',#1522,4.25);
#50=CIRCLE('',#1523,4.25);
#51=CIRCLE('',#1526,1.75000000000002);
#52=CIRCLE('',#1529,1.75000000000002);
#53=CIRCLE('',#1532,1.75000000000002);
#54=CIRCLE('',#1556,4.65);
#55=CIRCLE('',#1559,3.55);
#56=CIRCLE('',#1560,3.15);
#57=CIRCLE('',#1563,3.15);
#58=CIRCLE('',#1588,1.10038198375433);
#59=CIRCLE('',#1589,1.10038198375433);
#60=CIRCLE('',#1590,1.10038198375432);
#61=CIRCLE('',#1591,1.10038198375433);
#62=CIRCLE('',#1595,0.750427329650634);
#63=CIRCLE('',#1596,0.750427329650626);
#64=CIRCLE('',#1597,0.750427329650638);
#65=CIRCLE('',#1598,0.750427329650638);
#66=FACE_OUTER_BOUND('',#150,.T.);
#67=FACE_OUTER_BOUND('',#151,.T.);
#68=FACE_OUTER_BOUND('',#152,.T.);
#69=FACE_OUTER_BOUND('',#153,.T.);
#70=FACE_OUTER_BOUND('',#154,.T.);
#71=FACE_OUTER_BOUND('',#155,.T.);
#72=FACE_OUTER_BOUND('',#156,.T.);
#73=FACE_OUTER_BOUND('',#157,.T.);
#74=FACE_OUTER_BOUND('',#158,.T.);
#75=FACE_OUTER_BOUND('',#159,.T.);
#76=FACE_OUTER_BOUND('',#160,.T.);
#77=FACE_OUTER_BOUND('',#161,.T.);
#78=FACE_OUTER_BOUND('',#162,.T.);
#79=FACE_OUTER_BOUND('',#163,.T.);
#80=FACE_OUTER_BOUND('',#164,.T.);
#81=FACE_OUTER_BOUND('',#165,.T.);
#82=FACE_OUTER_BOUND('',#166,.T.);
#83=FACE_OUTER_BOUND('',#167,.T.);
#84=FACE_OUTER_BOUND('',#168,.T.);
#85=FACE_OUTER_BOUND('',#169,.T.);
#86=FACE_OUTER_BOUND('',#170,.T.);
#87=FACE_OUTER_BOUND('',#171,.T.);
#88=FACE_OUTER_BOUND('',#172,.T.);
#89=FACE_OUTER_BOUND('',#173,.T.);
#90=FACE_OUTER_BOUND('',#174,.T.);
#91=FACE_OUTER_BOUND('',#175,.T.);
#92=FACE_OUTER_BOUND('',#176,.T.);
#93=FACE_OUTER_BOUND('',#177,.T.);
#94=FACE_OUTER_BOUND('',#178,.T.);
#95=FACE_OUTER_BOUND('',#179,.T.);
#96=FACE_OUTER_BOUND('',#180,.T.);
#97=FACE_OUTER_BOUND('',#181,.T.);
#98=FACE_OUTER_BOUND('',#182,.T.);
#99=FACE_OUTER_BOUND('',#183,.T.);
#100=FACE_OUTER_BOUND('',#184,.T.);
#101=FACE_OUTER_BOUND('',#185,.T.);
#102=FACE_OUTER_BOUND('',#186,.T.);
#103=FACE_OUTER_BOUND('',#187,.T.);
#104=FACE_OUTER_BOUND('',#188,.T.);
#105=FACE_OUTER_BOUND('',#189,.T.);
#106=FACE_OUTER_BOUND('',#190,.T.);
#107=FACE_OUTER_BOUND('',#193,.T.);
#108=FACE_OUTER_BOUND('',#194,.T.);
#109=FACE_OUTER_BOUND('',#197,.T.);
#110=FACE_OUTER_BOUND('',#198,.T.);
#111=FACE_OUTER_BOUND('',#199,.T.);
#112=FACE_OUTER_BOUND('',#200,.T.);
#113=FACE_OUTER_BOUND('',#201,.T.);
#114=FACE_OUTER_BOUND('',#202,.T.);
#115=FACE_OUTER_BOUND('',#203,.T.);
#116=FACE_OUTER_BOUND('',#204,.T.);
#117=FACE_OUTER_BOUND('',#205,.T.);
#118=FACE_OUTER_BOUND('',#206,.T.);
#119=FACE_OUTER_BOUND('',#207,.T.);
#120=FACE_OUTER_BOUND('',#208,.T.);
#121=FACE_OUTER_BOUND('',#209,.T.);
#122=FACE_OUTER_BOUND('',#210,.T.);
#123=FACE_OUTER_BOUND('',#211,.T.);
#124=FACE_OUTER_BOUND('',#212,.T.);
#125=FACE_OUTER_BOUND('',#213,.T.);
#126=FACE_OUTER_BOUND('',#214,.T.);
#127=FACE_OUTER_BOUND('',#215,.T.);
#128=FACE_OUTER_BOUND('',#216,.T.);
#129=FACE_OUTER_BOUND('',#217,.T.);
#130=FACE_OUTER_BOUND('',#221,.T.);
#131=FACE_OUTER_BOUND('',#222,.T.);
#132=FACE_OUTER_BOUND('',#223,.T.);
#133=FACE_OUTER_BOUND('',#224,.T.);
#134=FACE_OUTER_BOUND('',#225,.T.);
#135=FACE_OUTER_BOUND('',#226,.T.);
#136=FACE_OUTER_BOUND('',#227,.T.);
#137=FACE_OUTER_BOUND('',#230,.T.);
#138=FACE_OUTER_BOUND('',#233,.T.);
#139=FACE_OUTER_BOUND('',#234,.T.);
#140=FACE_OUTER_BOUND('',#235,.T.);
#141=FACE_OUTER_BOUND('',#236,.T.);
#142=FACE_OUTER_BOUND('',#237,.T.);
#143=FACE_OUTER_BOUND('',#238,.T.);
#144=FACE_OUTER_BOUND('',#239,.T.);
#145=FACE_OUTER_BOUND('',#240,.T.);
#146=FACE_OUTER_BOUND('',#241,.T.);
#147=FACE_OUTER_BOUND('',#242,.T.);
#148=FACE_OUTER_BOUND('',#243,.T.);
#149=FACE_OUTER_BOUND('',#244,.T.);
#150=EDGE_LOOP('',(#925,#926,#927,#928));
#151=EDGE_LOOP('',(#929,#930,#931,#932));
#152=EDGE_LOOP('',(#933,#934,#935,#936));
#153=EDGE_LOOP('',(#937,#938,#939,#940));
#154=EDGE_LOOP('',(#941,#942,#943,#944));
#155=EDGE_LOOP('',(#945,#946,#947,#948));
#156=EDGE_LOOP('',(#949,#950,#951,#952));
#157=EDGE_LOOP('',(#953,#954,#955,#956));
#158=EDGE_LOOP('',(#957,#958,#959,#960));
#159=EDGE_LOOP('',(#961,#962,#963,#964,#965,#966,#967,#968,#969,#970,#971,
#972));
#160=EDGE_LOOP('',(#973,#974,#975,#976,#977));
#161=EDGE_LOOP('',(#978,#979,#980,#981,#982));
#162=EDGE_LOOP('',(#983));
#163=EDGE_LOOP('',(#984,#985,#986,#987,#988));
#164=EDGE_LOOP('',(#989));
#165=EDGE_LOOP('',(#990,#991,#992,#993,#994));
#166=EDGE_LOOP('',(#995));
#167=EDGE_LOOP('',(#996,#997,#998,#999,#1000,#1001,#1002));
#168=EDGE_LOOP('',(#1003,#1004,#1005,#1006));
#169=EDGE_LOOP('',(#1007,#1008,#1009,#1010,#1011));
#170=EDGE_LOOP('',(#1012,#1013,#1014,#1015));
#171=EDGE_LOOP('',(#1016,#1017,#1018,#1019));
#172=EDGE_LOOP('',(#1020,#1021,#1022,#1023));
#173=EDGE_LOOP('',(#1024,#1025,#1026,#1027,#1028,#1029));
#174=EDGE_LOOP('',(#1030,#1031,#1032,#1033));
#175=EDGE_LOOP('',(#1034,#1035,#1036,#1037,#1038,#1039));
#176=EDGE_LOOP('',(#1040,#1041,#1042,#1043));
#177=EDGE_LOOP('',(#1044,#1045,#1046,#1047));
#178=EDGE_LOOP('',(#1048,#1049,#1050,#1051));
#179=EDGE_LOOP('',(#1052,#1053,#1054,#1055));
#180=EDGE_LOOP('',(#1056,#1057,#1058,#1059,#1060,#1061));
#181=EDGE_LOOP('',(#1062,#1063,#1064,#1065));
#182=EDGE_LOOP('',(#1066,#1067,#1068,#1069,#1070,#1071));
#183=EDGE_LOOP('',(#1072,#1073,#1074,#1075));
#184=EDGE_LOOP('',(#1076,#1077,#1078,#1079));
#185=EDGE_LOOP('',(#1080,#1081,#1082,#1083));
#186=EDGE_LOOP('',(#1084,#1085,#1086,#1087));
#187=EDGE_LOOP('',(#1088,#1089,#1090,#1091,#1092,#1093));
#188=EDGE_LOOP('',(#1094,#1095,#1096,#1097,#1098,#1099,#1100));
#189=EDGE_LOOP('',(#1101,#1102,#1103,#1104,#1105,#1106));
#190=EDGE_LOOP('',(#1107,#1108,#1109,#1110));
#191=EDGE_LOOP('',(#1111,#1112,#1113,#1114,#1115,#1116,#1117,#1118));
#192=EDGE_LOOP('',(#1119));
#193=EDGE_LOOP('',(#1120,#1121,#1122,#1123));
#194=EDGE_LOOP('',(#1124,#1125,#1126,#1127));
#195=EDGE_LOOP('',(#1128,#1129));
#196=EDGE_LOOP('',(#1130));
#197=EDGE_LOOP('',(#1131,#1132,#1133,#1134));
#198=EDGE_LOOP('',(#1135,#1136,#1137,#1138));
#199=EDGE_LOOP('',(#1139,#1140,#1141,#1142));
#200=EDGE_LOOP('',(#1143,#1144,#1145,#1146));
#201=EDGE_LOOP('',(#1147,#1148,#1149,#1150));
#202=EDGE_LOOP('',(#1151,#1152,#1153,#1154));
#203=EDGE_LOOP('',(#1155,#1156,#1157,#1158));
#204=EDGE_LOOP('',(#1159,#1160,#1161,#1162));
#205=EDGE_LOOP('',(#1163,#1164,#1165,#1166));
#206=EDGE_LOOP('',(#1167,#1168,#1169,#1170));
#207=EDGE_LOOP('',(#1171,#1172,#1173,#1174));
#208=EDGE_LOOP('',(#1175,#1176,#1177,#1178));
#209=EDGE_LOOP('',(#1179,#1180,#1181,#1182));
#210=EDGE_LOOP('',(#1183,#1184,#1185,#1186));
#211=EDGE_LOOP('',(#1187,#1188,#1189,#1190));
#212=EDGE_LOOP('',(#1191,#1192,#1193,#1194));
#213=EDGE_LOOP('',(#1195,#1196,#1197,#1198));
#214=EDGE_LOOP('',(#1199,#1200,#1201,#1202));
#215=EDGE_LOOP('',(#1203,#1204,#1205,#1206));
#216=EDGE_LOOP('',(#1207,#1208,#1209,#1210));
#217=EDGE_LOOP('',(#1211,#1212,#1213,#1214,#1215,#1216,#1217,#1218,#1219,
#1220));
#218=EDGE_LOOP('',(#1221,#1222));
#219=EDGE_LOOP('',(#1223,#1224));
#220=EDGE_LOOP('',(#1225,#1226));
#221=EDGE_LOOP('',(#1227,#1228,#1229,#1230,#1231,#1232));
#222=EDGE_LOOP('',(#1233,#1234,#1235,#1236,#1237,#1238));
#223=EDGE_LOOP('',(#1239,#1240,#1241,#1242));
#224=EDGE_LOOP('',(#1243,#1244,#1245,#1246));
#225=EDGE_LOOP('',(#1247));
#226=EDGE_LOOP('',(#1248,#1249,#1250,#1251));
#227=EDGE_LOOP('',(#1252,#1253,#1254,#1255,#1256,#1257));
#228=EDGE_LOOP('',(#1258,#1259));
#229=EDGE_LOOP('',(#1260,#1261,#1262,#1263,#1264,#1265,#1266,#1267));
#230=EDGE_LOOP('',(#1268,#1269,#1270,#1271,#1272,#1273,#1274,#1275,#1276));
#231=EDGE_LOOP('',(#1277,#1278,#1279,#1280));
#232=EDGE_LOOP('',(#1281,#1282,#1283,#1284));
#233=EDGE_LOOP('',(#1285,#1286,#1287,#1288));
#234=EDGE_LOOP('',(#1289,#1290,#1291,#1292,#1293,#1294,#1295,#1296));
#235=EDGE_LOOP('',(#1297,#1298,#1299,#1300));
#236=EDGE_LOOP('',(#1301,#1302,#1303,#1304));
#237=EDGE_LOOP('',(#1305,#1306,#1307,#1308));
#238=EDGE_LOOP('',(#1309,#1310,#1311,#1312));
#239=EDGE_LOOP('',(#1313,#1314,#1315,#1316));
#240=EDGE_LOOP('',(#1317,#1318,#1319,#1320));
#241=EDGE_LOOP('',(#1321,#1322,#1323,#1324));
#242=EDGE_LOOP('',(#1325,#1326,#1327,#1328));
#243=EDGE_LOOP('',(#1329,#1330,#1331,#1332,#1333,#1334,#1335,#1336,#1337,
#1338));
#244=EDGE_LOOP('',(#1339,#1340,#1341,#1342,#1343,#1344));
#245=B_SPLINE_CURVE_WITH_KNOTS('',3,(#1961,#1962,#1963,#1964,#1965,#1966,
#1967,#1968,#1969,#1970,#1971,#1972,#1973),.UNSPECIFIED.,.F.,.F.,(4,3,3,
3,4),(0.0200379986558451,0.511702049422342,1.02344288203578,1.85760632847927,
2.01927313789845),.UNSPECIFIED.);
#246=B_SPLINE_CURVE_WITH_KNOTS('',3,(#1980,#1981,#1982,#1983),
 .UNSPECIFIED.,.F.,.F.,(4,4),(0.00617984542340373,0.0161853340546245),
 .UNSPECIFIED.);
#247=B_SPLINE_CURVE_WITH_KNOTS('',3,(#1988,#1989,#1990,#1991),
 .UNSPECIFIED.,.F.,.F.,(4,4),(0.000342533665546339,0.0103473063701286),
 .UNSPECIFIED.);
#248=B_SPLINE_CURVE_WITH_KNOTS('',3,(#1995,#1996,#1997,#1998,#1999,#2000,
#2001,#2002,#2003,#2004,#2005,#2006,#2007),.UNSPECIFIED.,.F.,.F.,(4,3,3,
3,4),(0.0199552760365281,0.525216688819969,1.04331885837707,1.65215122973482,
2.01930415024984),.UNSPECIFIED.);
#249=B_SPLINE_CURVE_WITH_KNOTS('',3,(#2031,#2032,#2033,#2034,#2035,#2036,
#2037,#2038),.UNSPECIFIED.,.F.,.F.,(4,2,2,4),(0.0197622628563948,0.512928848008199,
1.0292133968185,2.02258395509088),.UNSPECIFIED.);
#250=B_SPLINE_CURVE_WITH_KNOTS('',3,(#2045,#2046,#2047,#2048),
 .UNSPECIFIED.,.F.,.F.,(4,4),(0.000295523464620628,0.0103003152468504),
 .UNSPECIFIED.);
#251=B_SPLINE_CURVE_WITH_KNOTS('',3,(#2054,#2055,#2056,#2057,#2058,#2059,
#2060,#2061),.UNSPECIFIED.,.F.,.F.,(4,2,2,4),(0.0201777215677333,0.513684882532988,
1.02644095433218,2.02253189807819),.UNSPECIFIED.);
#252=B_SPLINE_CURVE_WITH_KNOTS('',3,(#2082,#2083,#2084,#2085),
 .UNSPECIFIED.,.F.,.F.,(4,4),(0.00808165568701553,0.0180826711877044),
 .UNSPECIFIED.);
#253=B_SPLINE_CURVE_WITH_KNOTS('',3,(#2101,#2102,#2103,#2104),
 .UNSPECIFIED.,.F.,.F.,(4,4),(-0.058151920055377,0.),.UNSPECIFIED.);
#254=B_SPLINE_CURVE_WITH_KNOTS('',3,(#2105,#2106,#2107,#2108,#2109,#2110,
#2111,#2112,#2113,#2114,#2115,#2116,#2117,#2118,#2119,#2120,#2121,#2122,
#2123,#2124,#2125,#2126,#2127,#2128,#2129,#2130,#2131,#2132,#2133,#2134,
#2135,#2136,#2137,#2138,#2139,#2140,#2141,#2142,#2143,#2144,#2145,#2146,
#2147,#2148,#2149,#2150,#2151,#2152,#2153,#2154,#2155,#2156,#2157,#2158,
#2159,#2160,#2161,#2162,#2163,#2164,#2165,#2166,#2167,#2168,#2169,#2170,
#2171,#2172,#2173,#2174,#2175,#2176,#2177,#2178,#2179,#2180,#2181,#2182,
#2183,#2184,#2185,#2186,#2187,#2188,#2189),.UNSPECIFIED.,.F.,.F.,(4,3,3,
3,3,3,3,3,3,3,3,3,3,3,3,3,3,3,3,3,3,3,3,3,3,3,3,3,4),(-1.10288446539297,
-1.08682084027034,-1.03280256480769,-1.02607641378564,-0.983761919528403,
-0.94649309953301,-0.904921192373884,-0.848553293074261,-0.79460596401904,
-0.779668126386,-0.730136031971748,-0.710132079635034,-0.654132038392008,
-0.642694968198563,-0.578529371567107,-0.524822114248513,-0.508748883680443,
-0.457631368472975,-0.418932092695302,-0.381593748227474,-0.335728868819092,
-0.267496365652061,-0.211031289044223,-0.198260651137821,-0.142938797236617,
-0.128893136001528,-0.0677576950487515,-0.0630083018832047,-0.058151920055377),
 .UNSPECIFIED.);
#255=B_SPLINE_CURVE_WITH_KNOTS('',3,(#2197,#2198,#2199,#2200),
 .UNSPECIFIED.,.F.,.F.,(4,4),(-0.0616898891107024,0.),.UNSPECIFIED.);
#256=B_SPLINE_CURVE_WITH_KNOTS('',3,(#2201,#2202,#2203,#2204,#2205,#2206,
#2207,#2208,#2209,#2210,#2211,#2212,#2213,#2214,#2215,#2216,#2217,#2218,
#2219,#2220,#2221,#2222,#2223,#2224,#2225,#2226,#2227,#2228,#2229,#2230,
#2231,#2232,#2233,#2234,#2235,#2236,#2237,#2238,#2239,#2240),
 .UNSPECIFIED.,.F.,.F.,(4,2,2,2,2,2,2,2,2,2,2,2,2,2,2,2,2,2,2,4),(-1.10296909340621,
-1.06579873136159,-1.01433232077607,-0.971041854690304,-0.926416236772384,
-0.870209361686819,-0.801116064087004,-0.731590556085749,-0.663581989646323,
-0.598464415910609,-0.528739302428706,-0.473901715901241,-0.430146560665026,
-0.387176737662558,-0.335165687677761,-0.267376079052924,-0.197943294977752,
-0.129270091286799,-0.0635321596655654,-0.0616898891107024),
 .UNSPECIFIED.);
#257=B_SPLINE_CURVE_WITH_KNOTS('',3,(#2248,#2249,#2250,#2251),
 .UNSPECIFIED.,.F.,.F.,(4,4),(-0.0652647107854625,0.),.UNSPECIFIED.);
#258=B_SPLINE_CURVE_WITH_KNOTS('',3,(#2252,#2253,#2254,#2255,#2256,#2257,
#2258,#2259,#2260,#2261,#2262,#2263,#2264,#2265,#2266,#2267,#2268,#2269,
#2270,#2271,#2272,#2273,#2274,#2275,#2276,#2277,#2278,#2279,#2280,#2281,
#2282,#2283,#2284,#2285,#2286,#2287,#2288,#2289,#2290,#2291,#2292,#2293,
#2294,#2295,#2296,#2297,#2298,#2299,#2300,#2301,#2302,#2303,#2304,#2305,
#2306,#2307,#2308,#2309,#2310,#2311,#2312,#2313,#2314,#2315,#2316,#2317,
#2318,#2319,#2320,#2321,#2322,#2323,#2324),.UNSPECIFIED.,.F.,.F.,(4,3,3,
3,3,3,3,3,3,3,3,3,3,3,3,3,3,3,3,3,3,3,3,3,4),(-1.10317544374585,-1.04784174105979,
-0.998936826269368,-0.950631228266975,-0.894032878646444,-0.827720859728275,
-0.773293481436823,-0.758209521376168,-0.705623981558083,-0.689719178532343,
-0.627701059509323,-0.623745092027504,-0.554031604935533,-0.495642942947271,
-0.447263015817239,-0.399504329230671,-0.343185850102092,-0.273940649361853,
-0.215685235247945,-0.204422099971816,-0.149008995704124,-0.136167673528316,
-0.0755895019560704,-0.0703337697685249,-0.0652647107854625),
 .UNSPECIFIED.);
#259=B_SPLINE_CURVE_WITH_KNOTS('',3,(#2329,#2330,#2331,#2332,#2333,#2334,
#2335),.UNSPECIFIED.,.F.,.F.,(4,3,4),(-0.7852121984345,-0.755212188731224,
0.),.UNSPECIFIED.);
#260=B_SPLINE_CURVE_WITH_KNOTS('',3,(#2355,#2356,#2357,#2358),
 .UNSPECIFIED.,.F.,.F.,(4,4),(-0.290155103636595,-0.285497901258057),
 .UNSPECIFIED.);
#261=B_SPLINE_CURVE_WITH_KNOTS('',3,(#2467,#2468,#2469,#2470),
 .UNSPECIFIED.,.F.,.F.,(4,4),(-0.0008604156273677,1.61670140818247),
 .UNSPECIFIED.);
#262=B_SPLINE_CURVE_WITH_KNOTS('',3,(#2472,#2473,#2474,#2475,#2476,#2477),
 .UNSPECIFIED.,.F.,.F.,(4,2,4),(0.,0.147561816210821,0.295124563940747),
 .UNSPECIFIED.);
#263=B_SPLINE_CURVE_WITH_KNOTS('',3,(#2479,#2480,#2481,#2482),
 .UNSPECIFIED.,.F.,.F.,(4,4),(-23.3349047947111,-0.0531432168697326),
 .UNSPECIFIED.);
#264=B_SPLINE_CURVE_WITH_KNOTS('',3,(#2484,#2485,#2486,#2487,#2488,#2489),
 .UNSPECIFIED.,.F.,.F.,(4,2,4),(0.,0.147601711758387,0.295204569021446),
 .UNSPECIFIED.);
#265=B_SPLINE_CURVE_WITH_KNOTS('',3,(#2490,#2491,#2492,#2493),
 .UNSPECIFIED.,.F.,.F.,(4,4),(2.4019248332502,23.2809021378452),
 .UNSPECIFIED.);
#266=B_SPLINE_CURVE_WITH_KNOTS('',3,(#2501,#2502,#2503,#2504,#2505,#2506,
#2507,#2508),.UNSPECIFIED.,.F.,.F.,(4,2,2,4),(-0.972821639504169,-0.911192440313273,
-0.827073883214847,-0.779140143724339),.UNSPECIFIED.);
#267=B_SPLINE_CURVE_WITH_KNOTS('',3,(#2512,#2513,#2514,#2515,#2516,#2517,
#2518,#2519,#2520,#2521,#2522,#2523,#2524,#2525,#2526,#2527,#2528,#2529,
#2530),.UNSPECIFIED.,.F.,.F.,(4,3,3,3,3,3,4),(-11.0543847357636,-10.9801028241298,
-10.9631685647588,-10.8374087842424,-10.7410861192324,-10.6911062924875,
-10.4601294426934),.UNSPECIFIED.);
#268=B_SPLINE_CURVE_WITH_KNOTS('',3,(#2559,#2560,#2561,#2562,#2563,#2564,
#2565,#2566,#2567,#2568,#2569,#2570,#2571,#2572,#2573,#2574,#2575,#2576,
#2577,#2578,#2579,#2580,#2581,#2582,#2583,#2584,#2585,#2586,#2587,#2588,
#2589,#2590,#2591,#2592,#2593,#2594,#2595,#2596,#2597,#2598,#2599,#2600,
#2601),.UNSPECIFIED.,.F.,.F.,(4,3,3,3,3,3,3,3,3,3,3,3,3,3,4),(-0.864931091614207,
-0.830957705168278,-0.761711229737588,-0.692464754306898,-0.623218278876209,
-0.553971803445519,-0.484725328014829,-0.415478852584139,-0.346232377153449,
-0.311609139438104,-0.276985901722759,-0.20773942629207,-0.13849295086138,
-0.0692464754306897,0.),.UNSPECIFIED.);
#269=B_SPLINE_CURVE_WITH_KNOTS('',3,(#2604,#2605,#2606,#2607,#2608,#2609,
#2610,#2611,#2612,#2613,#2614,#2615,#2616,#2617,#2618,#2619,#2620,#2621,
#2622,#2623,#2624,#2625,#2626,#2627,#2628,#2629,#2630,#2631,#2632,#2633,
#2634,#2635,#2636,#2637,#2638,#2639,#2640,#2641,#2642,#2643,#2644,#2645,
#2646,#2647,#2648,#2649),.UNSPECIFIED.,.F.,.F.,(4,3,3,3,3,3,3,3,3,3,3,3,
3,3,3,4),(-3.5841281616876,-3.57064228084095,-3.5571563999943,-3.54367051914764,
-3.53018463830099,-3.52344169787767,-3.51669875745434,-3.50321287660769,
-3.48972699576104,-3.47624111491439,-3.46725052768329,-3.45825994045219,
-3.44926935322109,-3.44027876598999,-3.42229759152778,-3.41345308373242),
 .UNSPECIFIED.);
#270=B_SPLINE_CURVE_WITH_KNOTS('',3,(#2652,#2653,#2654,#2655,#2656,#2657,
#2658,#2659,#2660,#2661,#2662,#2663,#2664,#2665,#2666,#2667,#2668,#2669,
#2670,#2671,#2672,#2673,#2674,#2675,#2676,#2677,#2678,#2679,#2680,#2681,
#2682,#2683,#2684,#2685,#2686,#2687,#2688,#2689,#2690,#2691,#2692,#2693,
#2694,#2695,#2696,#2697,#2698,#2699,#2700,#2701,#2702,#2703,#2704,#2705,
#2706,#2707,#2708,#2709,#2710,#2711,#2712,#2713,#2714,#2715),
 .UNSPECIFIED.,.F.,.F.,(4,3,3,3,3,3,3,3,3,3,3,3,3,3,3,3,3,3,3,3,3,4),(0.,
0.125769686615758,0.236613402656289,0.250220741112181,0.330039807203281,
0.369994359067622,0.408114537762605,0.446234716457588,0.477871426951659,
0.503926685794594,0.529981944637529,0.647022958590462,0.690969757176685,
0.734916555762907,0.740857755528858,0.774391666393261,0.807925577257663,
0.824504183769275,0.972836556529702,1.00921423132104,1.21053956262999,1.22315800771271),
 .UNSPECIFIED.);
#271=B_SPLINE_CURVE_WITH_KNOTS('',3,(#2787,#2788,#2789,#2790),
 .UNSPECIFIED.,.F.,.F.,(4,4),(-29.1241776040923,-28.0082109027277),
 .UNSPECIFIED.);
#272=B_SPLINE_CURVE_WITH_KNOTS('',3,(#2794,#2795,#2796,#2797),
 .UNSPECIFIED.,.F.,.F.,(4,4),(-16.6022222077543,-15.0263977955481),
 .UNSPECIFIED.);
#273=B_SPLINE_CURVE_WITH_KNOTS('',3,(#2801,#2802,#2803,#2804),
 .UNSPECIFIED.,.F.,.F.,(4,4),(-3.60970420398774,-3.60585545718376),
 .UNSPECIFIED.);
#274=B_SPLINE_CURVE_WITH_KNOTS('',3,(#2807,#2808,#2809,#2810),
 .UNSPECIFIED.,.F.,.F.,(4,4),(-17.0645267141967,-17.0204954298948),
 .UNSPECIFIED.);
#275=B_SPLINE_CURVE_WITH_KNOTS('',3,(#2812,#2813,#2814,#2815,#2816,#2817),
 .UNSPECIFIED.,.F.,.F.,(4,2,4),(-18.7591257252763,-17.2998390490933,-17.241922160779),
 .UNSPECIFIED.);
#276=B_SPLINE_CURVE_WITH_KNOTS('',3,(#2818,#2819,#2820,#2821),
 .UNSPECIFIED.,.F.,.F.,(4,4),(-4.92482229898795,-4.57544193063842),
 .UNSPECIFIED.);
#277=B_SPLINE_CURVE_WITH_KNOTS('',3,(#2823,#2824,#2825,#2826),
 .UNSPECIFIED.,.F.,.F.,(4,4),(-3.09415315713601,-3.07972552203002),
 .UNSPECIFIED.);
#278=B_SPLINE_CURVE_WITH_KNOTS('',3,(#2827,#2828,#2829,#2830),
 .UNSPECIFIED.,.F.,.F.,(4,4),(-16.9975220678537,-16.8603707314087),
 .UNSPECIFIED.);
#279=B_SPLINE_CURVE_WITH_KNOTS('',3,(#2943,#2944,#2945,#2946,#2947,#2948,
#2949),.UNSPECIFIED.,.F.,.F.,(4,3,4),(-0.997031515225292,-0.98159003896381,
-0.97616798564305),.UNSPECIFIED.);
#280=B_SPLINE_CURVE_WITH_KNOTS('',3,(#2951,#2952,#2953,#2954,#2955,#2956,
#2957,#2958,#2959,#2960,#2961,#2962,#2963,#2964,#2965,#2966,#2967,#2968,
#2969,#2970,#2971,#2972,#2973,#2974,#2975,#2976,#2977,#2978,#2979,#2980,
#2981,#2982,#2983,#2984,#2985,#2986,#2987,#2988,#2989,#2990,#2991,#2992,
#2993,#2994,#2995,#2996,#2997,#2998,#2999,#3000,#3001,#3002,#3003,#3004,
#3005,#3006,#3007,#3008,#3009,#3010,#3011,#3012,#3013,#3014,#3015,#3016,
#3017,#3018,#3019,#3020,#3021,#3022,#3023,#3024,#3025,#3026),
 .UNSPECIFIED.,.F.,.F.,(4,3,3,3,3,3,3,3,3,3,3,3,3,3,3,3,3,3,3,3,3,3,3,3,
3,4),(-1.01576748790136,-0.950201186763943,-0.877108787782102,-0.80401638880026,
-0.730923989818418,-0.682195723830523,-0.633467457842629,-0.584739191854734,
-0.560375058860787,-0.53601092586684,-0.487282659878945,-0.462918526884998,
-0.438554393891051,-0.40200819440013,-0.365461994909209,-0.328915795418288,
-0.292369595927367,-0.255823396436446,-0.219277196945526,-0.182730997454604,
-0.164457897709144,-0.146184797963683,-0.109638598472763,-0.0730923989818417,
-0.0365461994909208,0.),.UNSPECIFIED.);
#281=B_SPLINE_CURVE_WITH_KNOTS('',3,(#3196,#3197,#3198,#3199,#3200,#3201,
#3202,#3203,#3204,#3205,#3206,#3207,#3208,#3209,#3210,#3211,#3212,#3213,
#3214,#3215,#3216,#3217,#3218,#3219,#3220,#3221,#3222,#3223,#3224,#3225,
#3226,#3227,#3228,#3229,#3230,#3231,#3232,#3233,#3234,#3235),
 .UNSPECIFIED.,.F.,.F.,(4,2,2,2,2,2,1,2,2,1,2,2,1,2,2,1,2,2,2,2,2,4),(0.,
0.0103162837533262,0.174910988639761,0.204651769930449,0.325921770882989,
0.339475707829053,0.366891553249638,0.394307398670223,0.399164661369309,
0.435093624192683,0.471022587016057,0.566710154129156,0.588011783745805,
0.609313413362455,0.63517819149789,0.666343567070476,0.697508942643063,
0.730174020754317,0.795430566178371,0.806555325506348,0.897176255379348,
1.),.UNSPECIFIED.);
#282=B_SPLINE_CURVE_WITH_KNOTS('',3,(#3255,#3256,#3257,#3258,#3259,#3260),
 .UNSPECIFIED.,.F.,.F.,(4,2,4),(0.,0.151194871419434,0.302390947368614),
 .UNSPECIFIED.);
#283=B_SPLINE_CURVE_WITH_KNOTS('',3,(#3262,#3263,#3264,#3265),
 .UNSPECIFIED.,.F.,.F.,(4,4),(-23.2288305309398,0.0529655189297672),
 .UNSPECIFIED.);
#284=B_SPLINE_CURVE_WITH_KNOTS('',3,(#3267,#3268,#3269,#3270,#3271,#3272),
 .UNSPECIFIED.,.F.,.F.,(4,2,4),(0.,0.151234934868066,0.302470896301087),
 .UNSPECIFIED.);
#285=B_SPLINE_CURVE_WITH_KNOTS('',3,(#3273,#3274,#3275,#3276),
 .UNSPECIFIED.,.F.,.F.,(4,4),(0.000919311993776949,23.2827119688796),
 .UNSPECIFIED.);
#286=B_SPLINE_CURVE_WITH_KNOTS('',3,(#3279,#3280,#3281,#3282,#3283,#3284,
#3285,#3286,#3287,#3288,#3289,#3290,#3291,#3292,#3293,#3294,#3295,#3296,
#3297,#3298,#3299,#3300,#3301,#3302,#3303,#3304,#3305,#3306,#3307,#3308,
#3309,#3310,#3311,#3312,#3313,#3314,#3315,#3316,#3317,#3318,#3319,#3320,
#3321,#3322,#3323,#3324,#3325,#3326,#3327,#3328,#3329,#3330,#3331,#3332,
#3333,#3334,#3335,#3336,#3337,#3338,#3339,#3340,#3341,#3342,#3343,#3344,
#3345,#3346,#3347,#3348,#3349,#3350,#3351),.UNSPECIFIED.,.F.,.F.,(4,3,3,
3,3,3,3,3,3,3,3,3,3,3,3,3,3,3,3,3,3,3,3,3,4),(-5.87173009430153,-5.73435213028029,
-5.59697416625906,-5.45959620223783,-5.3222182382166,-5.25352925620598,
-5.18484027419537,-5.04746231017414,-4.9100843461529,-4.77270638213167,
-4.68112107278418,-4.5895357634367,-4.49795045408921,-4.40636514474172,
-4.22319452604675,-4.04002390735177,-3.85685328865679,-3.67368266996182,
-3.53630470594059,-3.39892674191936,-3.12417081387689,-2.84941488583443,
-2.57465895779197,-2.2999030297495,-2.0532566082345),.UNSPECIFIED.);
#287=B_SPLINE_CURVE_WITH_KNOTS('',3,(#3515,#3516,#3517,#3518,#3519,#3520,
#3521),.UNSPECIFIED.,.F.,.F.,(4,3,4),(-2.67157997562663,-2.57232135857709,
-2.27952105146364),.UNSPECIFIED.);
#288=LINE('',#1957,#433);
#289=LINE('',#1959,#434);
#290=LINE('',#1974,#435);
#291=LINE('',#1979,#436);
#292=LINE('',#1992,#437);
#293=LINE('',#1994,#438);
#294=LINE('',#2027,#439);
#295=LINE('',#2029,#440);
#296=LINE('',#2039,#441);
#297=LINE('',#2044,#442);
#298=LINE('',#2051,#443);
#299=LINE('',#2053,#444);
#300=LINE('',#2090,#445);
#301=LINE('',#2099,#446);
#302=LINE('',#2195,#447);
#303=LINE('',#2246,#448);
#304=LINE('',#2337,#449);
#305=LINE('',#2339,#450);
#306=LINE('',#2341,#451);
#307=LINE('',#2343,#452);
#308=LINE('',#2345,#453);
#309=LINE('',#2346,#454);
#310=LINE('',#2349,#455);
#311=LINE('',#2351,#456);
#312=LINE('',#2352,#457);
#313=LINE('',#2360,#458);
#314=LINE('',#2361,#459);
#315=LINE('',#2364,#460);
#316=LINE('',#2366,#461);
#317=LINE('',#2367,#462);
#318=LINE('',#2370,#463);
#319=LINE('',#2371,#464);
#320=LINE('',#2373,#465);
#321=LINE('',#2375,#466);
#322=LINE('',#2379,#467);
#323=LINE('',#2381,#468);
#324=LINE('',#2383,#469);
#325=LINE('',#2384,#470);
#326=LINE('',#2387,#471);
#327=LINE('',#2389,#472);
#328=LINE('',#2391,#473);
#329=LINE('',#2393,#474);
#330=LINE('',#2394,#475);
#331=LINE('',#2397,#476);
#332=LINE('',#2398,#477);
#333=LINE('',#2401,#478);
#334=LINE('',#2403,#479);
#335=LINE('',#2404,#480);
#336=LINE('',#2407,#481);
#337=LINE('',#2408,#482);
#338=LINE('',#2410,#483);
#339=LINE('',#2412,#484);
#340=LINE('',#2416,#485);
#341=LINE('',#2418,#486);
#342=LINE('',#2420,#487);
#343=LINE('',#2421,#488);
#344=LINE('',#2424,#489);
#345=LINE('',#2426,#490);
#346=LINE('',#2428,#491);
#347=LINE('',#2430,#492);
#348=LINE('',#2431,#493);
#349=LINE('',#2434,#494);
#350=LINE('',#2435,#495);
#351=LINE('',#2438,#496);
#352=LINE('',#2440,#497);
#353=LINE('',#2441,#498);
#354=LINE('',#2444,#499);
#355=LINE('',#2445,#500);
#356=LINE('',#2447,#501);
#357=LINE('',#2449,#502);
#358=LINE('',#2497,#503);
#359=LINE('',#2510,#504);
#360=LINE('',#2531,#505);
#361=LINE('',#2534,#506);
#362=LINE('',#2536,#507);
#363=LINE('',#2538,#508);
#364=LINE('',#2540,#509);
#365=LINE('',#2542,#510);
#366=LINE('',#2544,#511);
#367=LINE('',#2546,#512);
#368=LINE('',#2547,#513);
#369=LINE('',#2552,#514);
#370=LINE('',#2557,#515);
#371=LINE('',#2603,#516);
#372=LINE('',#2716,#517);
#373=LINE('',#2719,#518);
#374=LINE('',#2723,#519);
#375=LINE('',#2725,#520);
#376=LINE('',#2726,#521);
#377=LINE('',#2729,#522);
#378=LINE('',#2731,#523);
#379=LINE('',#2732,#524);
#380=LINE('',#2735,#525);
#381=LINE('',#2737,#526);
#382=LINE('',#2738,#527);
#383=LINE('',#2741,#528);
#384=LINE('',#2743,#529);
#385=LINE('',#2744,#530);
#386=LINE('',#2746,#531);
#387=LINE('',#2747,#532);
#388=LINE('',#2750,#533);
#389=LINE('',#2751,#534);
#390=LINE('',#2754,#535);
#391=LINE('',#2755,#536);
#392=LINE('',#2758,#537);
#393=LINE('',#2759,#538);
#394=LINE('',#2762,#539);
#395=LINE('',#2763,#540);
#396=LINE('',#2765,#541);
#397=LINE('',#2768,#542);
#398=LINE('',#2769,#543);
#399=LINE('',#2772,#544);
#400=LINE('',#2773,#545);
#401=LINE('',#2776,#546);
#402=LINE('',#2777,#547);
#403=LINE('',#2780,#548);
#404=LINE('',#2781,#549);
#405=LINE('',#2783,#550);
#406=LINE('',#2792,#551);
#407=LINE('',#2798,#552);
#408=LINE('',#2806,#553);
#409=LINE('',#3027,#554);
#410=LINE('',#3032,#555);
#411=LINE('',#3034,#556);
#412=LINE('',#3035,#557);
#413=LINE('',#3352,#558);
#414=LINE('',#3353,#559);
#415=LINE('',#3356,#560);
#416=LINE('',#3360,#561);
#417=LINE('',#3364,#562);
#418=LINE('',#3368,#563);
#419=LINE('',#3371,#564);
#420=LINE('',#3373,#565);
#421=LINE('',#3377,#566);
#422=LINE('',#3381,#567);
#423=LINE('',#3385,#568);
#424=LINE('',#3389,#569);
#425=LINE('',#3392,#570);
#426=LINE('',#3393,#571);
#427=LINE('',#3395,#572);
#428=LINE('',#3397,#573);
#429=LINE('',#3399,#574);
#430=LINE('',#3401,#575);
#431=LINE('',#3403,#576);
#432=LINE('',#3405,#577);
#433=VECTOR('',#1612,10.);
#434=VECTOR('',#1613,10.);
#435=VECTOR('',#1614,10.);
#436=VECTOR('',#1619,10.);
#437=VECTOR('',#1624,10.);
#438=VECTOR('',#1627,10.);
#439=VECTOR('',#1630,10.);
#440=VECTOR('',#1631,10.);
#441=VECTOR('',#1632,10.);
#442=VECTOR('',#1637,10.);
#443=VECTOR('',#1640,10.);
#444=VECTOR('',#1641,10.);
#445=VECTOR('',#1646,4.25);
#446=VECTOR('',#1659,1.75000000000002);
#447=VECTOR('',#1666,1.75000000000002);
#448=VECTOR('',#1673,1.75000000000002);
#449=VECTOR('',#1678,10.);
#450=VECTOR('',#1679,10.);
#451=VECTOR('',#1680,10.);
#452=VECTOR('',#1681,10.);
#453=VECTOR('',#1682,10.);
#454=VECTOR('',#1683,10.);
#455=VECTOR('',#1686,10.);
#456=VECTOR('',#1687,10.);
#457=VECTOR('',#1688,10.);
#458=VECTOR('',#1691,10.);
#459=VECTOR('',#1692,10.);
#460=VECTOR('',#1695,10.);
#461=VECTOR('',#1696,10.);
#462=VECTOR('',#1697,10.);
#463=VECTOR('',#1700,10.);
#464=VECTOR('',#1701,10.);
#465=VECTOR('',#1704,10.);
#466=VECTOR('',#1707,10.);
#467=VECTOR('',#1710,10.);
#468=VECTOR('',#1711,10.);
#469=VECTOR('',#1712,10.);
#470=VECTOR('',#1713,10.);
#471=VECTOR('',#1716,10.);
#472=VECTOR('',#1717,10.);
#473=VECTOR('',#1718,10.);
#474=VECTOR('',#1719,10.);
#475=VECTOR('',#1720,10.);
#476=VECTOR('',#1723,10.);
#477=VECTOR('',#1724,10.);
#478=VECTOR('',#1727,10.);
#479=VECTOR('',#1728,10.);
#480=VECTOR('',#1729,10.);
#481=VECTOR('',#1732,10.);
#482=VECTOR('',#1733,10.);
#483=VECTOR('',#1736,10.);
#484=VECTOR('',#1739,10.);
#485=VECTOR('',#1742,10.);
#486=VECTOR('',#1743,10.);
#487=VECTOR('',#1744,10.);
#488=VECTOR('',#1745,10.);
#489=VECTOR('',#1748,10.);
#490=VECTOR('',#1749,10.);
#491=VECTOR('',#1750,10.);
#492=VECTOR('',#1751,10.);
#493=VECTOR('',#1752,10.);
#494=VECTOR('',#1755,10.);
#495=VECTOR('',#1756,10.);
#496=VECTOR('',#1759,10.);
#497=VECTOR('',#1760,10.);
#498=VECTOR('',#1761,10.);
#499=VECTOR('',#1764,10.);
#500=VECTOR('',#1765,10.);
#501=VECTOR('',#1768,10.);
#502=VECTOR('',#1771,10.);
#503=VECTOR('',#1776,4.45);
#504=VECTOR('',#1779,10.);
#505=VECTOR('',#1780,10.);
#506=VECTOR('',#1781,10.);
#507=VECTOR('',#1782,10.);
#508=VECTOR('',#1783,10.);
#509=VECTOR('',#1784,10.);
#510=VECTOR('',#1785,10.);
#511=VECTOR('',#1786,10.);
#512=VECTOR('',#1787,10.);
#513=VECTOR('',#1788,10.);
#514=VECTOR('',#1793,3.35);
#515=VECTOR('',#1798,10.);
#516=VECTOR('',#1799,10.);
#517=VECTOR('',#1800,10.);
#518=VECTOR('',#1803,3.15);
#519=VECTOR('',#1808,10.);
#520=VECTOR('',#1809,10.);
#521=VECTOR('',#1810,10.);
#522=VECTOR('',#1813,10.);
#523=VECTOR('',#1814,10.);
#524=VECTOR('',#1815,10.);
#525=VECTOR('',#1818,10.);
#526=VECTOR('',#1819,10.);
#527=VECTOR('',#1820,10.);
#528=VECTOR('',#1823,10.);
#529=VECTOR('',#1824,10.);
#530=VECTOR('',#1825,10.);
#531=VECTOR('',#1828,10.);
#532=VECTOR('',#1829,10.);
#533=VECTOR('',#1832,10.);
#534=VECTOR('',#1833,10.);
#535=VECTOR('',#1836,10.);
#536=VECTOR('',#1837,10.);
#537=VECTOR('',#1840,10.);
#538=VECTOR('',#1841,10.);
#539=VECTOR('',#1844,10.);
#540=VECTOR('',#1845,10.);
#541=VECTOR('',#1848,10.);
#542=VECTOR('',#1851,10.);
#543=VECTOR('',#1852,10.);
#544=VECTOR('',#1855,10.);
#545=VECTOR('',#1856,10.);
#546=VECTOR('',#1859,10.);
#547=VECTOR('',#1860,10.);
#548=VECTOR('',#1863,10.);
#549=VECTOR('',#1864,10.);
#550=VECTOR('',#1867,10.);
#551=VECTOR('',#1870,10.);
#552=VECTOR('',#1871,10.);
#553=VECTOR('',#1874,10.);
#554=VECTOR('',#1879,354.291198184871);
#555=VECTOR('',#1886,10.);
#556=VECTOR('',#1887,10.);
#557=VECTOR('',#1888,10.);
#558=VECTOR('',#1893,10.);
#559=VECTOR('',#1894,10.);
#560=VECTOR('',#1895,10.);
#561=VECTOR('',#1898,10.);
#562=VECTOR('',#1901,10.);
#563=VECTOR('',#1904,10.);
#564=VECTOR('',#1909,10.);
#565=VECTOR('',#1912,354.291198184459);
#566=VECTOR('',#1915,10.);
#567=VECTOR('',#1918,10.);
#568=VECTOR('',#1921,10.);
#569=VECTOR('',#1924,10.);
#570=VECTOR('',#1929,10.);
#571=VECTOR('',#1930,10.);
#572=VECTOR('',#1933,10.);
#573=VECTOR('',#1936,10.);
#574=VECTOR('',#1939,10.);
#575=VECTOR('',#1942,10.);
#576=VECTOR('',#1945,10.);
#577=VECTOR('',#1948,10.);
#578=VERTEX_POINT('',#1955);
#579=VERTEX_POINT('',#1956);
#580=VERTEX_POINT('',#1958);
#581=VERTEX_POINT('',#1960);
#582=VERTEX_POINT('',#1976);
#583=VERTEX_POINT('',#1978);
#584=VERTEX_POINT('',#1985);
#585=VERTEX_POINT('',#1987);
#586=VERTEX_POINT('',#2025);
#587=VERTEX_POINT('',#2026);
#588=VERTEX_POINT('',#2028);
#589=VERTEX_POINT('',#2030);
#590=VERTEX_POINT('',#2041);
#591=VERTEX_POINT('',#2043);
#592=VERTEX_POINT('',#2050);
#593=VERTEX_POINT('',#2052);
#594=VERTEX_POINT('',#2087);
#595=VERTEX_POINT('',#2089);
#596=VERTEX_POINT('',#2096);
#597=VERTEX_POINT('',#2098);
#598=VERTEX_POINT('',#2100);
#599=VERTEX_POINT('',#2192);
#600=VERTEX_POINT('',#2194);
#601=VERTEX_POINT('',#2196);
#602=VERTEX_POINT('',#2243);
#603=VERTEX_POINT('',#2245);
#604=VERTEX_POINT('',#2247);
#605=VERTEX_POINT('',#2327);
#606=VERTEX_POINT('',#2328);
#607=VERTEX_POINT('',#2336);
#608=VERTEX_POINT('',#2338);
#609=VERTEX_POINT('',#2340);
#610=VERTEX_POINT('',#2342);
#611=VERTEX_POINT('',#2344);
#612=VERTEX_POINT('',#2348);
#613=VERTEX_POINT('',#2350);
#614=VERTEX_POINT('',#2354);
#615=VERTEX_POINT('',#2359);
#616=VERTEX_POINT('',#2363);
#617=VERTEX_POINT('',#2365);
#618=VERTEX_POINT('',#2369);
#619=VERTEX_POINT('',#2377);
#620=VERTEX_POINT('',#2378);
#621=VERTEX_POINT('',#2380);
#622=VERTEX_POINT('',#2382);
#623=VERTEX_POINT('',#2386);
#624=VERTEX_POINT('',#2388);
#625=VERTEX_POINT('',#2390);
#626=VERTEX_POINT('',#2392);
#627=VERTEX_POINT('',#2396);
#628=VERTEX_POINT('',#2400);
#629=VERTEX_POINT('',#2402);
#630=VERTEX_POINT('',#2406);
#631=VERTEX_POINT('',#2414);
#632=VERTEX_POINT('',#2415);
#633=VERTEX_POINT('',#2417);
#634=VERTEX_POINT('',#2419);
#635=VERTEX_POINT('',#2423);
#636=VERTEX_POINT('',#2425);
#637=VERTEX_POINT('',#2427);
#638=VERTEX_POINT('',#2429);
#639=VERTEX_POINT('',#2433);
#640=VERTEX_POINT('',#2437);
#641=VERTEX_POINT('',#2439);
#642=VERTEX_POINT('',#2443);
#643=VERTEX_POINT('',#2466);
#644=VERTEX_POINT('',#2471);
#645=VERTEX_POINT('',#2478);
#646=VERTEX_POINT('',#2483);
#647=VERTEX_POINT('',#2495);
#648=VERTEX_POINT('',#2499);
#649=VERTEX_POINT('',#2500);
#650=VERTEX_POINT('',#2509);
#651=VERTEX_POINT('',#2511);
#652=VERTEX_POINT('',#2532);
#653=VERTEX_POINT('',#2533);
#654=VERTEX_POINT('',#2535);
#655=VERTEX_POINT('',#2537);
#656=VERTEX_POINT('',#2539);
#657=VERTEX_POINT('',#2541);
#658=VERTEX_POINT('',#2543);
#659=VERTEX_POINT('',#2545);
#660=VERTEX_POINT('',#2549);
#661=VERTEX_POINT('',#2551);
#662=VERTEX_POINT('',#2555);
#663=VERTEX_POINT('',#2556);
#664=VERTEX_POINT('',#2558);
#665=VERTEX_POINT('',#2602);
#666=VERTEX_POINT('',#2650);
#667=VERTEX_POINT('',#2651);
#668=VERTEX_POINT('',#2718);
#669=VERTEX_POINT('',#2722);
#670=VERTEX_POINT('',#2724);
#671=VERTEX_POINT('',#2728);
#672=VERTEX_POINT('',#2730);
#673=VERTEX_POINT('',#2734);
#674=VERTEX_POINT('',#2736);
#675=VERTEX_POINT('',#2740);
#676=VERTEX_POINT('',#2742);
#677=VERTEX_POINT('',#2749);
#678=VERTEX_POINT('',#2753);
#679=VERTEX_POINT('',#2757);
#680=VERTEX_POINT('',#2761);
#681=VERTEX_POINT('',#2767);
#682=VERTEX_POINT('',#2771);
#683=VERTEX_POINT('',#2775);
#684=VERTEX_POINT('',#2779);
#685=VERTEX_POINT('',#2785);
#686=VERTEX_POINT('',#2786);
#687=VERTEX_POINT('',#2791);
#688=VERTEX_POINT('',#2793);
#689=VERTEX_POINT('',#2800);
#690=VERTEX_POINT('',#2805);
#691=VERTEX_POINT('',#2950);
#692=VERTEX_POINT('',#3031);
#693=VERTEX_POINT('',#3033);
#694=VERTEX_POINT('',#3253);
#695=VERTEX_POINT('',#3254);
#696=VERTEX_POINT('',#3261);
#697=VERTEX_POINT('',#3266);
#698=VERTEX_POINT('',#3278);
#699=VERTEX_POINT('',#3354);
#700=VERTEX_POINT('',#3355);
#701=VERTEX_POINT('',#3357);
#702=VERTEX_POINT('',#3359);
#703=VERTEX_POINT('',#3361);
#704=VERTEX_POINT('',#3363);
#705=VERTEX_POINT('',#3365);
#706=VERTEX_POINT('',#3367);
#707=VERTEX_POINT('',#3375);
#708=VERTEX_POINT('',#3376);
#709=VERTEX_POINT('',#3378);
#710=VERTEX_POINT('',#3380);
#711=VERTEX_POINT('',#3382);
#712=VERTEX_POINT('',#3384);
#713=VERTEX_POINT('',#3386);
#714=VERTEX_POINT('',#3388);
#715=EDGE_CURVE('',#578,#579,#288,.T.);
#716=EDGE_CURVE('',#579,#580,#289,.T.);
#717=EDGE_CURVE('',#580,#581,#245,.F.);
#718=EDGE_CURVE('',#578,#581,#290,.T.);
#719=EDGE_CURVE('',#579,#582,#44,.T.);
#720=EDGE_CURVE('',#582,#583,#291,.T.);
#721=EDGE_CURVE('',#583,#580,#246,.F.);
#722=EDGE_CURVE('',#584,#578,#45,.T.);
#723=EDGE_CURVE('',#581,#585,#247,.F.);
#724=EDGE_CURVE('',#584,#585,#292,.T.);
#725=EDGE_CURVE('',#582,#584,#293,.T.);
#726=EDGE_CURVE('',#585,#583,#248,.F.);
#727=EDGE_CURVE('',#586,#587,#294,.T.);
#728=EDGE_CURVE('',#587,#588,#295,.T.);
#729=EDGE_CURVE('',#588,#589,#249,.F.);
#730=EDGE_CURVE('',#586,#589,#296,.T.);
#731=EDGE_CURVE('',#587,#590,#46,.T.);
#732=EDGE_CURVE('',#590,#591,#297,.T.);
#733=EDGE_CURVE('',#591,#588,#250,.F.);
#734=EDGE_CURVE('',#590,#592,#298,.T.);
#735=EDGE_CURVE('',#592,#593,#299,.T.);
#736=EDGE_CURVE('',#593,#591,#251,.F.);
#737=EDGE_CURVE('',#589,#593,#252,.F.);
#738=EDGE_CURVE('',#582,#594,#47,.T.);
#739=EDGE_CURVE('',#594,#595,#300,.T.);
#740=EDGE_CURVE('',#592,#595,#48,.T.);
#741=EDGE_CURVE('',#595,#586,#49,.T.);
#742=EDGE_CURVE('',#594,#579,#50,.T.);
#743=EDGE_CURVE('',#596,#596,#51,.T.);
#744=EDGE_CURVE('',#596,#597,#301,.T.);
#745=EDGE_CURVE('',#597,#598,#253,.T.);
#746=EDGE_CURVE('',#598,#597,#254,.T.);
#747=EDGE_CURVE('',#599,#599,#52,.T.);
#748=EDGE_CURVE('',#599,#600,#302,.T.);
#749=EDGE_CURVE('',#600,#601,#255,.T.);
#750=EDGE_CURVE('',#601,#600,#256,.T.);
#751=EDGE_CURVE('',#602,#602,#53,.T.);
#752=EDGE_CURVE('',#602,#603,#303,.T.);
#753=EDGE_CURVE('',#603,#604,#257,.T.);
#754=EDGE_CURVE('',#604,#603,#258,.T.);
#755=EDGE_CURVE('',#605,#606,#259,.T.);
#756=EDGE_CURVE('',#606,#607,#304,.T.);
#757=EDGE_CURVE('',#608,#607,#305,.F.);
#758=EDGE_CURVE('',#609,#608,#306,.F.);
#759=EDGE_CURVE('',#610,#609,#307,.F.);
#760=EDGE_CURVE('',#610,#611,#308,.T.);
#761=EDGE_CURVE('',#605,#611,#309,.F.);
#762=EDGE_CURVE('',#610,#612,#310,.F.);
#763=EDGE_CURVE('',#613,#612,#311,.F.);
#764=EDGE_CURVE('',#611,#613,#312,.F.);
#765=EDGE_CURVE('',#614,#605,#260,.T.);
#766=EDGE_CURVE('',#615,#613,#313,.F.);
#767=EDGE_CURVE('',#615,#614,#314,.T.);
#768=EDGE_CURVE('',#607,#616,#315,.T.);
#769=EDGE_CURVE('',#617,#616,#316,.F.);
#770=EDGE_CURVE('',#608,#617,#317,.F.);
#771=EDGE_CURVE('',#618,#617,#318,.F.);
#772=EDGE_CURVE('',#609,#618,#319,.F.);
#773=EDGE_CURVE('',#612,#618,#320,.F.);
#774=EDGE_CURVE('',#616,#615,#321,.T.);
#775=EDGE_CURVE('',#619,#620,#322,.T.);
#776=EDGE_CURVE('',#620,#621,#323,.F.);
#777=EDGE_CURVE('',#621,#622,#324,.F.);
#778=EDGE_CURVE('',#619,#622,#325,.F.);
#779=EDGE_CURVE('',#620,#623,#326,.T.);
#780=EDGE_CURVE('',#624,#623,#327,.F.);
#781=EDGE_CURVE('',#625,#624,#328,.F.);
#782=EDGE_CURVE('',#626,#625,#329,.F.);
#783=EDGE_CURVE('',#626,#621,#330,.T.);
#784=EDGE_CURVE('',#626,#627,#331,.F.);
#785=EDGE_CURVE('',#622,#627,#332,.F.);
#786=EDGE_CURVE('',#623,#628,#333,.T.);
#787=EDGE_CURVE('',#629,#628,#334,.F.);
#788=EDGE_CURVE('',#624,#629,#335,.F.);
#789=EDGE_CURVE('',#630,#629,#336,.F.);
#790=EDGE_CURVE('',#625,#630,#337,.F.);
#791=EDGE_CURVE('',#627,#630,#338,.F.);
#792=EDGE_CURVE('',#628,#619,#339,.T.);
#793=EDGE_CURVE('',#631,#632,#340,.T.);
#794=EDGE_CURVE('',#632,#633,#341,.F.);
#795=EDGE_CURVE('',#633,#634,#342,.F.);
#796=EDGE_CURVE('',#631,#634,#343,.F.);
#797=EDGE_CURVE('',#632,#635,#344,.T.);
#798=EDGE_CURVE('',#636,#635,#345,.F.);
#799=EDGE_CURVE('',#637,#636,#346,.F.);
#800=EDGE_CURVE('',#638,#637,#347,.F.);
#801=EDGE_CURVE('',#638,#633,#348,.T.);
#802=EDGE_CURVE('',#638,#639,#349,.F.);
#803=EDGE_CURVE('',#634,#639,#350,.F.);
#804=EDGE_CURVE('',#635,#640,#351,.T.);
#805=EDGE_CURVE('',#641,#640,#352,.F.);
#806=EDGE_CURVE('',#636,#641,#353,.F.);
#807=EDGE_CURVE('',#642,#641,#354,.F.);
#808=EDGE_CURVE('',#637,#642,#355,.F.);
#809=EDGE_CURVE('',#639,#642,#356,.F.);
#810=EDGE_CURVE('',#640,#631,#357,.T.);
#811=EDGE_CURVE('',#643,#614,#261,.T.);
#812=EDGE_CURVE('',#644,#643,#262,.T.);
#813=EDGE_CURVE('',#645,#644,#263,.T.);
#814=EDGE_CURVE('',#646,#645,#264,.T.);
#815=EDGE_CURVE('',#606,#646,#265,.T.);
#816=EDGE_CURVE('',#647,#647,#54,.T.);
#817=EDGE_CURVE('',#647,#594,#358,.T.);
#818=EDGE_CURVE('',#648,#649,#266,.T.);
#819=EDGE_CURVE('',#649,#650,#359,.F.);
#820=EDGE_CURVE('',#650,#651,#267,.T.);
#821=EDGE_CURVE('',#648,#651,#360,.F.);
#822=EDGE_CURVE('',#652,#653,#361,.T.);
#823=EDGE_CURVE('',#652,#654,#362,.T.);
#824=EDGE_CURVE('',#654,#655,#363,.F.);
#825=EDGE_CURVE('',#655,#656,#364,.T.);
#826=EDGE_CURVE('',#656,#657,#365,.F.);
#827=EDGE_CURVE('',#657,#658,#366,.T.);
#828=EDGE_CURVE('',#659,#658,#367,.T.);
#829=EDGE_CURVE('',#659,#653,#368,.T.);
#830=EDGE_CURVE('',#660,#660,#55,.T.);
#831=EDGE_CURVE('',#660,#661,#369,.T.);
#832=EDGE_CURVE('',#661,#661,#56,.T.);
#833=EDGE_CURVE('',#662,#663,#370,.F.);
#834=EDGE_CURVE('',#662,#664,#268,.T.);
#835=EDGE_CURVE('',#664,#665,#371,.T.);
#836=EDGE_CURVE('',#665,#663,#269,.T.);
#837=EDGE_CURVE('',#666,#667,#270,.T.);
#838=EDGE_CURVE('',#667,#666,#372,.T.);
#839=EDGE_CURVE('',#661,#668,#373,.T.);
#840=EDGE_CURVE('',#668,#668,#57,.T.);
#841=EDGE_CURVE('',#669,#655,#374,.T.);
#842=EDGE_CURVE('',#670,#669,#375,.T.);
#843=EDGE_CURVE('',#656,#670,#376,.T.);
#844=EDGE_CURVE('',#671,#669,#377,.T.);
#845=EDGE_CURVE('',#672,#671,#378,.T.);
#846=EDGE_CURVE('',#670,#672,#379,.T.);
#847=EDGE_CURVE('',#673,#671,#380,.T.);
#848=EDGE_CURVE('',#674,#673,#381,.T.);
#849=EDGE_CURVE('',#672,#674,#382,.T.);
#850=EDGE_CURVE('',#675,#673,#383,.T.);
#851=EDGE_CURVE('',#676,#675,#384,.T.);
#852=EDGE_CURVE('',#674,#676,#385,.T.);
#853=EDGE_CURVE('',#676,#657,#386,.T.);
#854=EDGE_CURVE('',#658,#675,#387,.T.);
#855=EDGE_CURVE('',#654,#677,#388,.T.);
#856=EDGE_CURVE('',#677,#669,#389,.T.);
#857=EDGE_CURVE('',#677,#678,#390,.T.);
#858=EDGE_CURVE('',#678,#671,#391,.T.);
#859=EDGE_CURVE('',#678,#679,#392,.T.);
#860=EDGE_CURVE('',#679,#673,#393,.T.);
#861=EDGE_CURVE('',#679,#680,#394,.T.);
#862=EDGE_CURVE('',#680,#675,#395,.T.);
#863=EDGE_CURVE('',#680,#659,#396,.T.);
#864=EDGE_CURVE('',#681,#680,#397,.T.);
#865=EDGE_CURVE('',#653,#681,#398,.T.);
#866=EDGE_CURVE('',#681,#682,#399,.T.);
#867=EDGE_CURVE('',#682,#679,#400,.T.);
#868=EDGE_CURVE('',#682,#683,#401,.T.);
#869=EDGE_CURVE('',#683,#678,#402,.T.);
#870=EDGE_CURVE('',#683,#684,#403,.T.);
#871=EDGE_CURVE('',#684,#677,#404,.T.);
#872=EDGE_CURVE('',#684,#652,#405,.T.);
#873=EDGE_CURVE('',#685,#686,#271,.T.);
#874=EDGE_CURVE('',#686,#687,#406,.F.);
#875=EDGE_CURVE('',#687,#688,#272,.T.);
#876=EDGE_CURVE('',#688,#685,#407,.F.);
#877=EDGE_CURVE('',#649,#689,#273,.T.);
#878=EDGE_CURVE('',#689,#690,#408,.F.);
#879=EDGE_CURVE('',#690,#650,#274,.T.);
#880=EDGE_CURVE('',#689,#662,#275,.T.);
#881=EDGE_CURVE('',#663,#690,#276,.T.);
#882=EDGE_CURVE('',#686,#648,#277,.T.);
#883=EDGE_CURVE('',#651,#687,#278,.T.);
#884=EDGE_CURVE('',#645,#685,#279,.T.);
#885=EDGE_CURVE('',#644,#691,#280,.T.);
#886=EDGE_CURVE('',#664,#691,#409,.T.);
#887=EDGE_CURVE('',#666,#692,#410,.T.);
#888=EDGE_CURVE('',#692,#693,#411,.T.);
#889=EDGE_CURVE('',#667,#693,#412,.T.);
#890=EDGE_CURVE('',#693,#692,#281,.T.);
#891=EDGE_CURVE('',#694,#695,#282,.T.);
#892=EDGE_CURVE('',#696,#694,#283,.T.);
#893=EDGE_CURVE('',#697,#696,#284,.T.);
#894=EDGE_CURVE('',#695,#697,#285,.T.);
#895=EDGE_CURVE('',#698,#696,#286,.T.);
#896=EDGE_CURVE('',#691,#698,#413,.T.);
#897=EDGE_CURVE('',#643,#697,#414,.T.);
#898=EDGE_CURVE('',#699,#700,#415,.T.);
#899=EDGE_CURVE('',#701,#699,#58,.T.);
#900=EDGE_CURVE('',#702,#701,#416,.T.);
#901=EDGE_CURVE('',#703,#702,#59,.T.);
#902=EDGE_CURVE('',#704,#703,#417,.T.);
#903=EDGE_CURVE('',#705,#704,#60,.T.);
#904=EDGE_CURVE('',#706,#705,#418,.T.);
#905=EDGE_CURVE('',#700,#706,#61,.T.);
#906=EDGE_CURVE('',#695,#646,#419,.T.);
#907=EDGE_CURVE('',#665,#698,#420,.T.);
#908=EDGE_CURVE('',#707,#708,#421,.F.);
#909=EDGE_CURVE('',#709,#707,#62,.F.);
#910=EDGE_CURVE('',#710,#709,#422,.F.);
#911=EDGE_CURVE('',#711,#710,#63,.F.);
#912=EDGE_CURVE('',#712,#711,#423,.F.);
#913=EDGE_CURVE('',#713,#712,#64,.F.);
#914=EDGE_CURVE('',#714,#713,#424,.F.);
#915=EDGE_CURVE('',#708,#714,#65,.F.);
#916=EDGE_CURVE('',#700,#707,#425,.T.);
#917=EDGE_CURVE('',#706,#709,#426,.T.);
#918=EDGE_CURVE('',#705,#710,#427,.T.);
#919=EDGE_CURVE('',#704,#711,#428,.T.);
#920=EDGE_CURVE('',#703,#712,#429,.T.);
#921=EDGE_CURVE('',#702,#713,#430,.T.);
#922=EDGE_CURVE('',#701,#714,#431,.T.);
#923=EDGE_CURVE('',#699,#708,#432,.T.);
#924=EDGE_CURVE('',#688,#694,#287,.T.);
#925=ORIENTED_EDGE('',*,*,#715,.T.);
#926=ORIENTED_EDGE('',*,*,#716,.T.);
#927=ORIENTED_EDGE('',*,*,#717,.T.);
#928=ORIENTED_EDGE('',*,*,#718,.F.);
#929=ORIENTED_EDGE('',*,*,#719,.T.);
#930=ORIENTED_EDGE('',*,*,#720,.T.);
#931=ORIENTED_EDGE('',*,*,#721,.T.);
#932=ORIENTED_EDGE('',*,*,#716,.F.);
#933=ORIENTED_EDGE('',*,*,#722,.T.);
#934=ORIENTED_EDGE('',*,*,#718,.T.);
#935=ORIENTED_EDGE('',*,*,#723,.T.);
#936=ORIENTED_EDGE('',*,*,#724,.F.);
#937=ORIENTED_EDGE('',*,*,#725,.T.);
#938=ORIENTED_EDGE('',*,*,#724,.T.);
#939=ORIENTED_EDGE('',*,*,#726,.T.);
#940=ORIENTED_EDGE('',*,*,#720,.F.);
#941=ORIENTED_EDGE('',*,*,#723,.F.);
#942=ORIENTED_EDGE('',*,*,#717,.F.);
#943=ORIENTED_EDGE('',*,*,#721,.F.);
#944=ORIENTED_EDGE('',*,*,#726,.F.);
#945=ORIENTED_EDGE('',*,*,#727,.T.);
#946=ORIENTED_EDGE('',*,*,#728,.T.);
#947=ORIENTED_EDGE('',*,*,#729,.T.);
#948=ORIENTED_EDGE('',*,*,#730,.F.);
#949=ORIENTED_EDGE('',*,*,#731,.T.);
#950=ORIENTED_EDGE('',*,*,#732,.T.);
#951=ORIENTED_EDGE('',*,*,#733,.T.);
#952=ORIENTED_EDGE('',*,*,#728,.F.);
#953=ORIENTED_EDGE('',*,*,#734,.T.);
#954=ORIENTED_EDGE('',*,*,#735,.T.);
#955=ORIENTED_EDGE('',*,*,#736,.T.);
#956=ORIENTED_EDGE('',*,*,#732,.F.);
#957=ORIENTED_EDGE('',*,*,#737,.F.);
#958=ORIENTED_EDGE('',*,*,#729,.F.);
#959=ORIENTED_EDGE('',*,*,#733,.F.);
#960=ORIENTED_EDGE('',*,*,#736,.F.);
#961=ORIENTED_EDGE('',*,*,#725,.F.);
#962=ORIENTED_EDGE('',*,*,#738,.T.);
#963=ORIENTED_EDGE('',*,*,#739,.T.);
#964=ORIENTED_EDGE('',*,*,#740,.F.);
#965=ORIENTED_EDGE('',*,*,#734,.F.);
#966=ORIENTED_EDGE('',*,*,#731,.F.);
#967=ORIENTED_EDGE('',*,*,#727,.F.);
#968=ORIENTED_EDGE('',*,*,#741,.F.);
#969=ORIENTED_EDGE('',*,*,#739,.F.);
#970=ORIENTED_EDGE('',*,*,#742,.T.);
#971=ORIENTED_EDGE('',*,*,#715,.F.);
#972=ORIENTED_EDGE('',*,*,#722,.F.);
#973=ORIENTED_EDGE('',*,*,#740,.T.);
#974=ORIENTED_EDGE('',*,*,#741,.T.);
#975=ORIENTED_EDGE('',*,*,#730,.T.);
#976=ORIENTED_EDGE('',*,*,#737,.T.);
#977=ORIENTED_EDGE('',*,*,#735,.F.);
#978=ORIENTED_EDGE('',*,*,#743,.F.);
#979=ORIENTED_EDGE('',*,*,#744,.T.);
#980=ORIENTED_EDGE('',*,*,#745,.T.);
#981=ORIENTED_EDGE('',*,*,#746,.T.);
#982=ORIENTED_EDGE('',*,*,#744,.F.);
#983=ORIENTED_EDGE('',*,*,#743,.T.);
#984=ORIENTED_EDGE('',*,*,#747,.F.);
#985=ORIENTED_EDGE('',*,*,#748,.T.);
#986=ORIENTED_EDGE('',*,*,#749,.T.);
#987=ORIENTED_EDGE('',*,*,#750,.T.);
#988=ORIENTED_EDGE('',*,*,#748,.F.);
#989=ORIENTED_EDGE('',*,*,#747,.T.);
#990=ORIENTED_EDGE('',*,*,#751,.F.);
#991=ORIENTED_EDGE('',*,*,#752,.T.);
#992=ORIENTED_EDGE('',*,*,#753,.T.);
#993=ORIENTED_EDGE('',*,*,#754,.T.);
#994=ORIENTED_EDGE('',*,*,#752,.F.);
#995=ORIENTED_EDGE('',*,*,#751,.T.);
#996=ORIENTED_EDGE('',*,*,#755,.T.);
#997=ORIENTED_EDGE('',*,*,#756,.T.);
#998=ORIENTED_EDGE('',*,*,#757,.F.);
#999=ORIENTED_EDGE('',*,*,#758,.F.);
#1000=ORIENTED_EDGE('',*,*,#759,.F.);
#1001=ORIENTED_EDGE('',*,*,#760,.T.);
#1002=ORIENTED_EDGE('',*,*,#761,.F.);
#1003=ORIENTED_EDGE('',*,*,#760,.F.);
#1004=ORIENTED_EDGE('',*,*,#762,.T.);
#1005=ORIENTED_EDGE('',*,*,#763,.F.);
#1006=ORIENTED_EDGE('',*,*,#764,.F.);
#1007=ORIENTED_EDGE('',*,*,#765,.T.);
#1008=ORIENTED_EDGE('',*,*,#761,.T.);
#1009=ORIENTED_EDGE('',*,*,#764,.T.);
#1010=ORIENTED_EDGE('',*,*,#766,.F.);
#1011=ORIENTED_EDGE('',*,*,#767,.T.);
#1012=ORIENTED_EDGE('',*,*,#768,.T.);
#1013=ORIENTED_EDGE('',*,*,#769,.F.);
#1014=ORIENTED_EDGE('',*,*,#770,.F.);
#1015=ORIENTED_EDGE('',*,*,#757,.T.);
#1016=ORIENTED_EDGE('',*,*,#758,.T.);
#1017=ORIENTED_EDGE('',*,*,#770,.T.);
#1018=ORIENTED_EDGE('',*,*,#771,.F.);
#1019=ORIENTED_EDGE('',*,*,#772,.F.);
#1020=ORIENTED_EDGE('',*,*,#759,.T.);
#1021=ORIENTED_EDGE('',*,*,#772,.T.);
#1022=ORIENTED_EDGE('',*,*,#773,.F.);
#1023=ORIENTED_EDGE('',*,*,#762,.F.);
#1024=ORIENTED_EDGE('',*,*,#774,.T.);
#1025=ORIENTED_EDGE('',*,*,#766,.T.);
#1026=ORIENTED_EDGE('',*,*,#763,.T.);
#1027=ORIENTED_EDGE('',*,*,#773,.T.);
#1028=ORIENTED_EDGE('',*,*,#771,.T.);
#1029=ORIENTED_EDGE('',*,*,#769,.T.);
#1030=ORIENTED_EDGE('',*,*,#775,.T.);
#1031=ORIENTED_EDGE('',*,*,#776,.T.);
#1032=ORIENTED_EDGE('',*,*,#777,.T.);
#1033=ORIENTED_EDGE('',*,*,#778,.F.);
#1034=ORIENTED_EDGE('',*,*,#779,.T.);
#1035=ORIENTED_EDGE('',*,*,#780,.F.);
#1036=ORIENTED_EDGE('',*,*,#781,.F.);
#1037=ORIENTED_EDGE('',*,*,#782,.F.);
#1038=ORIENTED_EDGE('',*,*,#783,.T.);
#1039=ORIENTED_EDGE('',*,*,#776,.F.);
#1040=ORIENTED_EDGE('',*,*,#783,.F.);
#1041=ORIENTED_EDGE('',*,*,#784,.T.);
#1042=ORIENTED_EDGE('',*,*,#785,.F.);
#1043=ORIENTED_EDGE('',*,*,#777,.F.);
#1044=ORIENTED_EDGE('',*,*,#786,.T.);
#1045=ORIENTED_EDGE('',*,*,#787,.F.);
#1046=ORIENTED_EDGE('',*,*,#788,.F.);
#1047=ORIENTED_EDGE('',*,*,#780,.T.);
#1048=ORIENTED_EDGE('',*,*,#781,.T.);
#1049=ORIENTED_EDGE('',*,*,#788,.T.);
#1050=ORIENTED_EDGE('',*,*,#789,.F.);
#1051=ORIENTED_EDGE('',*,*,#790,.F.);
#1052=ORIENTED_EDGE('',*,*,#782,.T.);
#1053=ORIENTED_EDGE('',*,*,#790,.T.);
#1054=ORIENTED_EDGE('',*,*,#791,.F.);
#1055=ORIENTED_EDGE('',*,*,#784,.F.);
#1056=ORIENTED_EDGE('',*,*,#792,.T.);
#1057=ORIENTED_EDGE('',*,*,#778,.T.);
#1058=ORIENTED_EDGE('',*,*,#785,.T.);
#1059=ORIENTED_EDGE('',*,*,#791,.T.);
#1060=ORIENTED_EDGE('',*,*,#789,.T.);
#1061=ORIENTED_EDGE('',*,*,#787,.T.);
#1062=ORIENTED_EDGE('',*,*,#793,.T.);
#1063=ORIENTED_EDGE('',*,*,#794,.T.);
#1064=ORIENTED_EDGE('',*,*,#795,.T.);
#1065=ORIENTED_EDGE('',*,*,#796,.F.);
#1066=ORIENTED_EDGE('',*,*,#797,.T.);
#1067=ORIENTED_EDGE('',*,*,#798,.F.);
#1068=ORIENTED_EDGE('',*,*,#799,.F.);
#1069=ORIENTED_EDGE('',*,*,#800,.F.);
#1070=ORIENTED_EDGE('',*,*,#801,.T.);
#1071=ORIENTED_EDGE('',*,*,#794,.F.);
#1072=ORIENTED_EDGE('',*,*,#801,.F.);
#1073=ORIENTED_EDGE('',*,*,#802,.T.);
#1074=ORIENTED_EDGE('',*,*,#803,.F.);
#1075=ORIENTED_EDGE('',*,*,#795,.F.);
#1076=ORIENTED_EDGE('',*,*,#804,.T.);
#1077=ORIENTED_EDGE('',*,*,#805,.F.);
#1078=ORIENTED_EDGE('',*,*,#806,.F.);
#1079=ORIENTED_EDGE('',*,*,#798,.T.);
#1080=ORIENTED_EDGE('',*,*,#799,.T.);
#1081=ORIENTED_EDGE('',*,*,#806,.T.);
#1082=ORIENTED_EDGE('',*,*,#807,.F.);
#1083=ORIENTED_EDGE('',*,*,#808,.F.);
#1084=ORIENTED_EDGE('',*,*,#800,.T.);
#1085=ORIENTED_EDGE('',*,*,#808,.T.);
#1086=ORIENTED_EDGE('',*,*,#809,.F.);
#1087=ORIENTED_EDGE('',*,*,#802,.F.);
#1088=ORIENTED_EDGE('',*,*,#810,.T.);
#1089=ORIENTED_EDGE('',*,*,#796,.T.);
#1090=ORIENTED_EDGE('',*,*,#803,.T.);
#1091=ORIENTED_EDGE('',*,*,#809,.T.);
#1092=ORIENTED_EDGE('',*,*,#807,.T.);
#1093=ORIENTED_EDGE('',*,*,#805,.T.);
#1094=ORIENTED_EDGE('',*,*,#765,.F.);
#1095=ORIENTED_EDGE('',*,*,#811,.F.);
#1096=ORIENTED_EDGE('',*,*,#812,.F.);
#1097=ORIENTED_EDGE('',*,*,#813,.F.);
#1098=ORIENTED_EDGE('',*,*,#814,.F.);
#1099=ORIENTED_EDGE('',*,*,#815,.F.);
#1100=ORIENTED_EDGE('',*,*,#755,.F.);
#1101=ORIENTED_EDGE('',*,*,#816,.F.);
#1102=ORIENTED_EDGE('',*,*,#817,.T.);
#1103=ORIENTED_EDGE('',*,*,#738,.F.);
#1104=ORIENTED_EDGE('',*,*,#719,.F.);
#1105=ORIENTED_EDGE('',*,*,#742,.F.);
#1106=ORIENTED_EDGE('',*,*,#817,.F.);
#1107=ORIENTED_EDGE('',*,*,#818,.T.);
#1108=ORIENTED_EDGE('',*,*,#819,.T.);
#1109=ORIENTED_EDGE('',*,*,#820,.T.);
#1110=ORIENTED_EDGE('',*,*,#821,.F.);
#1111=ORIENTED_EDGE('',*,*,#822,.F.);
#1112=ORIENTED_EDGE('',*,*,#823,.T.);
#1113=ORIENTED_EDGE('',*,*,#824,.T.);
#1114=ORIENTED_EDGE('',*,*,#825,.T.);
#1115=ORIENTED_EDGE('',*,*,#826,.T.);
#1116=ORIENTED_EDGE('',*,*,#827,.T.);
#1117=ORIENTED_EDGE('',*,*,#828,.F.);
#1118=ORIENTED_EDGE('',*,*,#829,.T.);
#1119=ORIENTED_EDGE('',*,*,#816,.T.);
#1120=ORIENTED_EDGE('',*,*,#830,.F.);
#1121=ORIENTED_EDGE('',*,*,#831,.T.);
#1122=ORIENTED_EDGE('',*,*,#832,.F.);
#1123=ORIENTED_EDGE('',*,*,#831,.F.);
#1124=ORIENTED_EDGE('',*,*,#833,.F.);
#1125=ORIENTED_EDGE('',*,*,#834,.T.);
#1126=ORIENTED_EDGE('',*,*,#835,.T.);
#1127=ORIENTED_EDGE('',*,*,#836,.T.);
#1128=ORIENTED_EDGE('',*,*,#837,.F.);
#1129=ORIENTED_EDGE('',*,*,#838,.F.);
#1130=ORIENTED_EDGE('',*,*,#830,.T.);
#1131=ORIENTED_EDGE('',*,*,#832,.T.);
#1132=ORIENTED_EDGE('',*,*,#839,.T.);
#1133=ORIENTED_EDGE('',*,*,#840,.F.);
#1134=ORIENTED_EDGE('',*,*,#839,.F.);
#1135=ORIENTED_EDGE('',*,*,#841,.F.);
#1136=ORIENTED_EDGE('',*,*,#842,.F.);
#1137=ORIENTED_EDGE('',*,*,#843,.F.);
#1138=ORIENTED_EDGE('',*,*,#825,.F.);
#1139=ORIENTED_EDGE('',*,*,#844,.F.);
#1140=ORIENTED_EDGE('',*,*,#845,.F.);
#1141=ORIENTED_EDGE('',*,*,#846,.F.);
#1142=ORIENTED_EDGE('',*,*,#842,.T.);
#1143=ORIENTED_EDGE('',*,*,#847,.F.);
#1144=ORIENTED_EDGE('',*,*,#848,.F.);
#1145=ORIENTED_EDGE('',*,*,#849,.F.);
#1146=ORIENTED_EDGE('',*,*,#845,.T.);
#1147=ORIENTED_EDGE('',*,*,#850,.F.);
#1148=ORIENTED_EDGE('',*,*,#851,.F.);
#1149=ORIENTED_EDGE('',*,*,#852,.F.);
#1150=ORIENTED_EDGE('',*,*,#848,.T.);
#1151=ORIENTED_EDGE('',*,*,#853,.F.);
#1152=ORIENTED_EDGE('',*,*,#851,.T.);
#1153=ORIENTED_EDGE('',*,*,#854,.F.);
#1154=ORIENTED_EDGE('',*,*,#827,.F.);
#1155=ORIENTED_EDGE('',*,*,#841,.T.);
#1156=ORIENTED_EDGE('',*,*,#824,.F.);
#1157=ORIENTED_EDGE('',*,*,#855,.T.);
#1158=ORIENTED_EDGE('',*,*,#856,.T.);
#1159=ORIENTED_EDGE('',*,*,#844,.T.);
#1160=ORIENTED_EDGE('',*,*,#856,.F.);
#1161=ORIENTED_EDGE('',*,*,#857,.T.);
#1162=ORIENTED_EDGE('',*,*,#858,.T.);
#1163=ORIENTED_EDGE('',*,*,#847,.T.);
#1164=ORIENTED_EDGE('',*,*,#858,.F.);
#1165=ORIENTED_EDGE('',*,*,#859,.T.);
#1166=ORIENTED_EDGE('',*,*,#860,.T.);
#1167=ORIENTED_EDGE('',*,*,#850,.T.);
#1168=ORIENTED_EDGE('',*,*,#860,.F.);
#1169=ORIENTED_EDGE('',*,*,#861,.T.);
#1170=ORIENTED_EDGE('',*,*,#862,.T.);
#1171=ORIENTED_EDGE('',*,*,#854,.T.);
#1172=ORIENTED_EDGE('',*,*,#862,.F.);
#1173=ORIENTED_EDGE('',*,*,#863,.T.);
#1174=ORIENTED_EDGE('',*,*,#828,.T.);
#1175=ORIENTED_EDGE('',*,*,#863,.F.);
#1176=ORIENTED_EDGE('',*,*,#864,.F.);
#1177=ORIENTED_EDGE('',*,*,#865,.F.);
#1178=ORIENTED_EDGE('',*,*,#829,.F.);
#1179=ORIENTED_EDGE('',*,*,#866,.F.);
#1180=ORIENTED_EDGE('',*,*,#864,.T.);
#1181=ORIENTED_EDGE('',*,*,#861,.F.);
#1182=ORIENTED_EDGE('',*,*,#867,.F.);
#1183=ORIENTED_EDGE('',*,*,#868,.F.);
#1184=ORIENTED_EDGE('',*,*,#867,.T.);
#1185=ORIENTED_EDGE('',*,*,#859,.F.);
#1186=ORIENTED_EDGE('',*,*,#869,.F.);
#1187=ORIENTED_EDGE('',*,*,#870,.F.);
#1188=ORIENTED_EDGE('',*,*,#869,.T.);
#1189=ORIENTED_EDGE('',*,*,#857,.F.);
#1190=ORIENTED_EDGE('',*,*,#871,.F.);
#1191=ORIENTED_EDGE('',*,*,#872,.F.);
#1192=ORIENTED_EDGE('',*,*,#871,.T.);
#1193=ORIENTED_EDGE('',*,*,#855,.F.);
#1194=ORIENTED_EDGE('',*,*,#823,.F.);
#1195=ORIENTED_EDGE('',*,*,#873,.T.);
#1196=ORIENTED_EDGE('',*,*,#874,.T.);
#1197=ORIENTED_EDGE('',*,*,#875,.T.);
#1198=ORIENTED_EDGE('',*,*,#876,.T.);
#1199=ORIENTED_EDGE('',*,*,#877,.T.);
#1200=ORIENTED_EDGE('',*,*,#878,.T.);
#1201=ORIENTED_EDGE('',*,*,#879,.T.);
#1202=ORIENTED_EDGE('',*,*,#819,.F.);
#1203=ORIENTED_EDGE('',*,*,#880,.T.);
#1204=ORIENTED_EDGE('',*,*,#833,.T.);
#1205=ORIENTED_EDGE('',*,*,#881,.T.);
#1206=ORIENTED_EDGE('',*,*,#878,.F.);
#1207=ORIENTED_EDGE('',*,*,#882,.T.);
#1208=ORIENTED_EDGE('',*,*,#821,.T.);
#1209=ORIENTED_EDGE('',*,*,#883,.T.);
#1210=ORIENTED_EDGE('',*,*,#874,.F.);
#1211=ORIENTED_EDGE('',*,*,#873,.F.);
#1212=ORIENTED_EDGE('',*,*,#884,.F.);
#1213=ORIENTED_EDGE('',*,*,#813,.T.);
#1214=ORIENTED_EDGE('',*,*,#885,.T.);
#1215=ORIENTED_EDGE('',*,*,#886,.F.);
#1216=ORIENTED_EDGE('',*,*,#834,.F.);
#1217=ORIENTED_EDGE('',*,*,#880,.F.);
#1218=ORIENTED_EDGE('',*,*,#877,.F.);
#1219=ORIENTED_EDGE('',*,*,#818,.F.);
#1220=ORIENTED_EDGE('',*,*,#882,.F.);
#1221=ORIENTED_EDGE('',*,*,#746,.F.);
#1222=ORIENTED_EDGE('',*,*,#745,.F.);
#1223=ORIENTED_EDGE('',*,*,#750,.F.);
#1224=ORIENTED_EDGE('',*,*,#749,.F.);
#1225=ORIENTED_EDGE('',*,*,#754,.F.);
#1226=ORIENTED_EDGE('',*,*,#753,.F.);
#1227=ORIENTED_EDGE('',*,*,#843,.T.);
#1228=ORIENTED_EDGE('',*,*,#846,.T.);
#1229=ORIENTED_EDGE('',*,*,#849,.T.);
#1230=ORIENTED_EDGE('',*,*,#852,.T.);
#1231=ORIENTED_EDGE('',*,*,#853,.T.);
#1232=ORIENTED_EDGE('',*,*,#826,.F.);
#1233=ORIENTED_EDGE('',*,*,#865,.T.);
#1234=ORIENTED_EDGE('',*,*,#866,.T.);
#1235=ORIENTED_EDGE('',*,*,#868,.T.);
#1236=ORIENTED_EDGE('',*,*,#870,.T.);
#1237=ORIENTED_EDGE('',*,*,#872,.T.);
#1238=ORIENTED_EDGE('',*,*,#822,.T.);
#1239=ORIENTED_EDGE('',*,*,#838,.T.);
#1240=ORIENTED_EDGE('',*,*,#887,.T.);
#1241=ORIENTED_EDGE('',*,*,#888,.T.);
#1242=ORIENTED_EDGE('',*,*,#889,.F.);
#1243=ORIENTED_EDGE('',*,*,#837,.T.);
#1244=ORIENTED_EDGE('',*,*,#889,.T.);
#1245=ORIENTED_EDGE('',*,*,#890,.T.);
#1246=ORIENTED_EDGE('',*,*,#887,.F.);
#1247=ORIENTED_EDGE('',*,*,#840,.T.);
#1248=ORIENTED_EDGE('',*,*,#891,.F.);
#1249=ORIENTED_EDGE('',*,*,#892,.F.);
#1250=ORIENTED_EDGE('',*,*,#893,.F.);
#1251=ORIENTED_EDGE('',*,*,#894,.F.);
#1252=ORIENTED_EDGE('',*,*,#893,.T.);
#1253=ORIENTED_EDGE('',*,*,#895,.F.);
#1254=ORIENTED_EDGE('',*,*,#896,.F.);
#1255=ORIENTED_EDGE('',*,*,#885,.F.);
#1256=ORIENTED_EDGE('',*,*,#812,.T.);
#1257=ORIENTED_EDGE('',*,*,#897,.T.);
#1258=ORIENTED_EDGE('',*,*,#890,.F.);
#1259=ORIENTED_EDGE('',*,*,#888,.F.);
#1260=ORIENTED_EDGE('',*,*,#898,.F.);
#1261=ORIENTED_EDGE('',*,*,#899,.F.);
#1262=ORIENTED_EDGE('',*,*,#900,.F.);
#1263=ORIENTED_EDGE('',*,*,#901,.F.);
#1264=ORIENTED_EDGE('',*,*,#902,.F.);
#1265=ORIENTED_EDGE('',*,*,#903,.F.);
#1266=ORIENTED_EDGE('',*,*,#904,.F.);
#1267=ORIENTED_EDGE('',*,*,#905,.F.);
#1268=ORIENTED_EDGE('',*,*,#767,.F.);
#1269=ORIENTED_EDGE('',*,*,#774,.F.);
#1270=ORIENTED_EDGE('',*,*,#768,.F.);
#1271=ORIENTED_EDGE('',*,*,#756,.F.);
#1272=ORIENTED_EDGE('',*,*,#815,.T.);
#1273=ORIENTED_EDGE('',*,*,#906,.F.);
#1274=ORIENTED_EDGE('',*,*,#894,.T.);
#1275=ORIENTED_EDGE('',*,*,#897,.F.);
#1276=ORIENTED_EDGE('',*,*,#811,.T.);
#1277=ORIENTED_EDGE('',*,*,#786,.F.);
#1278=ORIENTED_EDGE('',*,*,#779,.F.);
#1279=ORIENTED_EDGE('',*,*,#775,.F.);
#1280=ORIENTED_EDGE('',*,*,#792,.F.);
#1281=ORIENTED_EDGE('',*,*,#804,.F.);
#1282=ORIENTED_EDGE('',*,*,#797,.F.);
#1283=ORIENTED_EDGE('',*,*,#793,.F.);
#1284=ORIENTED_EDGE('',*,*,#810,.F.);
#1285=ORIENTED_EDGE('',*,*,#896,.T.);
#1286=ORIENTED_EDGE('',*,*,#907,.F.);
#1287=ORIENTED_EDGE('',*,*,#835,.F.);
#1288=ORIENTED_EDGE('',*,*,#886,.T.);
#1289=ORIENTED_EDGE('',*,*,#908,.F.);
#1290=ORIENTED_EDGE('',*,*,#909,.F.);
#1291=ORIENTED_EDGE('',*,*,#910,.F.);
#1292=ORIENTED_EDGE('',*,*,#911,.F.);
#1293=ORIENTED_EDGE('',*,*,#912,.F.);
#1294=ORIENTED_EDGE('',*,*,#913,.F.);
#1295=ORIENTED_EDGE('',*,*,#914,.F.);
#1296=ORIENTED_EDGE('',*,*,#915,.F.);
#1297=ORIENTED_EDGE('',*,*,#909,.T.);
#1298=ORIENTED_EDGE('',*,*,#916,.F.);
#1299=ORIENTED_EDGE('',*,*,#905,.T.);
#1300=ORIENTED_EDGE('',*,*,#917,.T.);
#1301=ORIENTED_EDGE('',*,*,#910,.T.);
#1302=ORIENTED_EDGE('',*,*,#917,.F.);
#1303=ORIENTED_EDGE('',*,*,#904,.T.);
#1304=ORIENTED_EDGE('',*,*,#918,.T.);
#1305=ORIENTED_EDGE('',*,*,#911,.T.);
#1306=ORIENTED_EDGE('',*,*,#918,.F.);
#1307=ORIENTED_EDGE('',*,*,#903,.T.);
#1308=ORIENTED_EDGE('',*,*,#919,.T.);
#1309=ORIENTED_EDGE('',*,*,#912,.T.);
#1310=ORIENTED_EDGE('',*,*,#919,.F.);
#1311=ORIENTED_EDGE('',*,*,#902,.T.);
#1312=ORIENTED_EDGE('',*,*,#920,.T.);
#1313=ORIENTED_EDGE('',*,*,#913,.T.);
#1314=ORIENTED_EDGE('',*,*,#920,.F.);
#1315=ORIENTED_EDGE('',*,*,#901,.T.);
#1316=ORIENTED_EDGE('',*,*,#921,.T.);
#1317=ORIENTED_EDGE('',*,*,#914,.T.);
#1318=ORIENTED_EDGE('',*,*,#921,.F.);
#1319=ORIENTED_EDGE('',*,*,#900,.T.);
#1320=ORIENTED_EDGE('',*,*,#922,.T.);
#1321=ORIENTED_EDGE('',*,*,#915,.T.);
#1322=ORIENTED_EDGE('',*,*,#922,.F.);
#1323=ORIENTED_EDGE('',*,*,#899,.T.);
#1324=ORIENTED_EDGE('',*,*,#923,.T.);
#1325=ORIENTED_EDGE('',*,*,#908,.T.);
#1326=ORIENTED_EDGE('',*,*,#923,.F.);
#1327=ORIENTED_EDGE('',*,*,#898,.T.);
#1328=ORIENTED_EDGE('',*,*,#916,.T.);
#1329=ORIENTED_EDGE('',*,*,#875,.F.);
#1330=ORIENTED_EDGE('',*,*,#883,.F.);
#1331=ORIENTED_EDGE('',*,*,#820,.F.);
#1332=ORIENTED_EDGE('',*,*,#879,.F.);
#1333=ORIENTED_EDGE('',*,*,#881,.F.);
#1334=ORIENTED_EDGE('',*,*,#836,.F.);
#1335=ORIENTED_EDGE('',*,*,#907,.T.);
#1336=ORIENTED_EDGE('',*,*,#895,.T.);
#1337=ORIENTED_EDGE('',*,*,#892,.T.);
#1338=ORIENTED_EDGE('',*,*,#924,.F.);
#1339=ORIENTED_EDGE('',*,*,#876,.F.);
#1340=ORIENTED_EDGE('',*,*,#924,.T.);
#1341=ORIENTED_EDGE('',*,*,#891,.T.);
#1342=ORIENTED_EDGE('',*,*,#906,.T.);
#1343=ORIENTED_EDGE('',*,*,#814,.T.);
#1344=ORIENTED_EDGE('',*,*,#884,.T.);
#1345=PLANE('',#1509);
#1346=PLANE('',#1510);
#1347=PLANE('',#1512);
#1348=PLANE('',#1514);
#1349=PLANE('',#1515);
#1350=PLANE('',#1516);
#1351=PLANE('',#1518);
#1352=PLANE('',#1524);
#1353=PLANE('',#1527);
#1354=PLANE('',#1530);
#1355=PLANE('',#1533);
#1356=PLANE('',#1534);
#1357=PLANE('',#1535);
#1358=PLANE('',#1536);
#1359=PLANE('',#1537);
#1360=PLANE('',#1538);
#1361=PLANE('',#1539);
#1362=PLANE('',#1540);
#1363=PLANE('',#1541);
#1364=PLANE('',#1542);
#1365=PLANE('',#1543);
#1366=PLANE('',#1544);
#1367=PLANE('',#1545);
#1368=PLANE('',#1546);
#1369=PLANE('',#1547);
#1370=PLANE('',#1548);
#1371=PLANE('',#1549);
#1372=PLANE('',#1550);
#1373=PLANE('',#1551);
#1374=PLANE('',#1552);
#1375=PLANE('',#1553);
#1376=PLANE('',#1554);
#1377=PLANE('',#1557);
#1378=PLANE('',#1561);
#1379=PLANE('',#1564);
#1380=PLANE('',#1565);
#1381=PLANE('',#1566);
#1382=PLANE('',#1567);
#1383=PLANE('',#1568);
#1384=PLANE('',#1569);
#1385=PLANE('',#1570);
#1386=PLANE('',#1571);
#1387=PLANE('',#1572);
#1388=PLANE('',#1573);
#1389=PLANE('',#1574);
#1390=PLANE('',#1575);
#1391=PLANE('',#1576);
#1392=PLANE('',#1577);
#1393=PLANE('',#1578);
#1394=PLANE('',#1579);
#1395=PLANE('',#1580);
#1396=PLANE('',#1581);
#1397=PLANE('',#1582);
#1398=PLANE('',#1583);
#1399=PLANE('',#1584);
#1400=PLANE('',#1585);
#1401=PLANE('',#1586);
#1402=PLANE('',#1587);
#1403=PLANE('',#1592);
#1404=PLANE('',#1593);
#1405=PLANE('',#1594);
#1406=PLANE('',#1600);
#1407=PLANE('',#1602);
#1408=PLANE('',#1604);
#1409=PLANE('',#1606);
#1410=PLANE('',#1607);
#1411=ADVANCED_FACE('',(#66),#1345,.T.);
#1412=ADVANCED_FACE('',(#67),#1346,.T.);
#1413=ADVANCED_FACE('',(#68),#1347,.T.);
#1414=ADVANCED_FACE('',(#69),#1348,.T.);
#1415=ADVANCED_FACE('',(#70),#37,.T.);
#1416=ADVANCED_FACE('',(#71),#1349,.T.);
#1417=ADVANCED_FACE('',(#72),#1350,.T.);
#1418=ADVANCED_FACE('',(#73),#1351,.T.);
#1419=ADVANCED_FACE('',(#74),#38,.T.);
#1420=ADVANCED_FACE('',(#75),#32,.F.);
#1421=ADVANCED_FACE('',(#76),#1352,.T.);
#1422=ADVANCED_FACE('',(#77),#33,.F.);
#1423=ADVANCED_FACE('',(#78),#1353,.T.);
#1424=ADVANCED_FACE('',(#79),#34,.F.);
#1425=ADVANCED_FACE('',(#80),#1354,.T.);
#1426=ADVANCED_FACE('',(#81),#35,.F.);
#1427=ADVANCED_FACE('',(#82),#1355,.T.);
#1428=ADVANCED_FACE('',(#83),#1356,.F.);
#1429=ADVANCED_FACE('',(#84),#1357,.T.);
#1430=ADVANCED_FACE('',(#85),#1358,.T.);
#1431=ADVANCED_FACE('',(#86),#1359,.T.);
#1432=ADVANCED_FACE('',(#87),#1360,.T.);
#1433=ADVANCED_FACE('',(#88),#1361,.T.);
#1434=ADVANCED_FACE('',(#89),#1362,.T.);
#1435=ADVANCED_FACE('',(#90),#1363,.T.);
#1436=ADVANCED_FACE('',(#91),#1364,.F.);
#1437=ADVANCED_FACE('',(#92),#1365,.T.);
#1438=ADVANCED_FACE('',(#93),#1366,.T.);
#1439=ADVANCED_FACE('',(#94),#1367,.T.);
#1440=ADVANCED_FACE('',(#95),#1368,.T.);
#1441=ADVANCED_FACE('',(#96),#1369,.T.);
#1442=ADVANCED_FACE('',(#97),#1370,.T.);
#1443=ADVANCED_FACE('',(#98),#1371,.F.);
#1444=ADVANCED_FACE('',(#99),#1372,.T.);
#1445=ADVANCED_FACE('',(#100),#1373,.T.);
#1446=ADVANCED_FACE('',(#101),#1374,.T.);
#1447=ADVANCED_FACE('',(#102),#1375,.T.);
#1448=ADVANCED_FACE('',(#103),#1376,.T.);
#1449=ADVANCED_FACE('',(#104),#39,.F.);
#1450=ADVANCED_FACE('',(#105),#26,.F.);
#1451=ADVANCED_FACE('',(#106,#15,#16),#1377,.T.);
#1452=ADVANCED_FACE('',(#107),#27,.F.);
#1453=ADVANCED_FACE('',(#108,#17,#18),#1378,.T.);
#1454=ADVANCED_FACE('',(#109),#36,.F.);
#1455=ADVANCED_FACE('',(#110),#1379,.F.);
#1456=ADVANCED_FACE('',(#111),#1380,.F.);
#1457=ADVANCED_FACE('',(#112),#1381,.F.);
#1458=ADVANCED_FACE('',(#113),#1382,.F.);
#1459=ADVANCED_FACE('',(#114),#1383,.F.);
#1460=ADVANCED_FACE('',(#115),#1384,.T.);
#1461=ADVANCED_FACE('',(#116),#1385,.T.);
#1462=ADVANCED_FACE('',(#117),#1386,.T.);
#1463=ADVANCED_FACE('',(#118),#1387,.T.);
#1464=ADVANCED_FACE('',(#119),#1388,.T.);
#1465=ADVANCED_FACE('',(#120),#1389,.F.);
#1466=ADVANCED_FACE('',(#121),#1390,.F.);
#1467=ADVANCED_FACE('',(#122),#1391,.F.);
#1468=ADVANCED_FACE('',(#123),#1392,.F.);
#1469=ADVANCED_FACE('',(#124),#1393,.F.);
#1470=ADVANCED_FACE('',(#125),#1394,.T.);
#1471=ADVANCED_FACE('',(#126),#1395,.T.);
#1472=ADVANCED_FACE('',(#127),#1396,.T.);
#1473=ADVANCED_FACE('',(#128),#1397,.T.);
#1474=ADVANCED_FACE('',(#129,#19,#20,#21),#40,.F.);
#1475=ADVANCED_FACE('',(#130),#1398,.T.);
#1476=ADVANCED_FACE('',(#131),#1399,.T.);
#1477=ADVANCED_FACE('',(#132),#1400,.F.);
#1478=ADVANCED_FACE('',(#133),#41,.F.);
#1479=ADVANCED_FACE('',(#134),#1401,.T.);
#1480=ADVANCED_FACE('',(#135),#42,.F.);
#1481=ADVANCED_FACE('',(#136,#22,#23),#1402,.F.);
#1482=ADVANCED_FACE('',(#137,#24,#25),#1403,.F.);
#1483=ADVANCED_FACE('',(#138),#1404,.F.);
#1484=ADVANCED_FACE('',(#139),#1405,.F.);
#1485=ADVANCED_FACE('',(#140),#28,.F.);
#1486=ADVANCED_FACE('',(#141),#1406,.T.);
#1487=ADVANCED_FACE('',(#142),#29,.F.);
#1488=ADVANCED_FACE('',(#143),#1407,.T.);
#1489=ADVANCED_FACE('',(#144),#30,.F.);
#1490=ADVANCED_FACE('',(#145),#1408,.T.);
#1491=ADVANCED_FACE('',(#146),#31,.F.);
#1492=ADVANCED_FACE('',(#147),#1409,.T.);
#1493=ADVANCED_FACE('',(#148),#43,.F.);
#1494=ADVANCED_FACE('',(#149),#1410,.T.);
#1495=CLOSED_SHELL('',(#1411,#1412,#1413,#1414,#1415,#1416,#1417,#1418,
#1419,#1420,#1421,#1422,#1423,#1424,#1425,#1426,#1427,#1428,#1429,#1430,
#1431,#1432,#1433,#1434,#1435,#1436,#1437,#1438,#1439,#1440,#1441,#1442,
#1443,#1444,#1445,#1446,#1447,#1448,#1449,#1450,#1451,#1452,#1453,#1454,
#1455,#1456,#1457,#1458,#1459,#1460,#1461,#1462,#1463,#1464,#1465,#1466,
#1467,#1468,#1469,#1470,#1471,#1472,#1473,#1474,#1475,#1476,#1477,#1478,
#1479,#1480,#1481,#1482,#1483,#1484,#1485,#1486,#1487,#1488,#1489,#1490,
#1491,#1492,#1493,#1494));
#1496=DERIVED_UNIT_ELEMENT(#1498,1.);
#1497=DERIVED_UNIT_ELEMENT(#3528,-3.);
#1498=(
MASS_UNIT()
NAMED_UNIT(*)
SI_UNIT(.KILO.,.GRAM.)
);
#1499=DERIVED_UNIT((#1496,#1497));
#1500=MEASURE_REPRESENTATION_ITEM('density measure',
POSITIVE_RATIO_MEASURE(7850.),#1499);
#1501=PROPERTY_DEFINITION_REPRESENTATION(#1506,#1503);
#1502=PROPERTY_DEFINITION_REPRESENTATION(#1507,#1504);
#1503=REPRESENTATION('material name',(#1505),#3525);
#1504=REPRESENTATION('density',(#1500),#3525);
#1505=DESCRIPTIVE_REPRESENTATION_ITEM('Acier','Acier');
#1506=PROPERTY_DEFINITION('material property','material name',#3535);
#1507=PROPERTY_DEFINITION('material property','density of part',#3535);
#1508=AXIS2_PLACEMENT_3D('',#1953,#1608,#1609);
#1509=AXIS2_PLACEMENT_3D('',#1954,#1610,#1611);
#1510=AXIS2_PLACEMENT_3D('',#1975,#1615,#1616);
#1511=AXIS2_PLACEMENT_3D('',#1977,#1617,#1618);
#1512=AXIS2_PLACEMENT_3D('',#1984,#1620,#1621);
#1513=AXIS2_PLACEMENT_3D('',#1986,#1622,#1623);
#1514=AXIS2_PLACEMENT_3D('',#1993,#1625,#1626);
#1515=AXIS2_PLACEMENT_3D('',#2024,#1628,#1629);
#1516=AXIS2_PLACEMENT_3D('',#2040,#1633,#1634);
#1517=AXIS2_PLACEMENT_3D('',#2042,#1635,#1636);
#1518=AXIS2_PLACEMENT_3D('',#2049,#1638,#1639);
#1519=AXIS2_PLACEMENT_3D('',#2086,#1642,#1643);
#1520=AXIS2_PLACEMENT_3D('',#2088,#1644,#1645);
#1521=AXIS2_PLACEMENT_3D('',#2091,#1647,#1648);
#1522=AXIS2_PLACEMENT_3D('',#2092,#1649,#1650);
#1523=AXIS2_PLACEMENT_3D('',#2093,#1651,#1652);
#1524=AXIS2_PLACEMENT_3D('',#2094,#1653,#1654);
#1525=AXIS2_PLACEMENT_3D('',#2095,#1655,#1656);
#1526=AXIS2_PLACEMENT_3D('',#2097,#1657,#1658);
#1527=AXIS2_PLACEMENT_3D('',#2190,#1660,#1661);
#1528=AXIS2_PLACEMENT_3D('',#2191,#1662,#1663);
#1529=AXIS2_PLACEMENT_3D('',#2193,#1664,#1665);
#1530=AXIS2_PLACEMENT_3D('',#2241,#1667,#1668);
#1531=AXIS2_PLACEMENT_3D('',#2242,#1669,#1670);
#1532=AXIS2_PLACEMENT_3D('',#2244,#1671,#1672);
#1533=AXIS2_PLACEMENT_3D('',#2325,#1674,#1675);
#1534=AXIS2_PLACEMENT_3D('',#2326,#1676,#1677);
#1535=AXIS2_PLACEMENT_3D('',#2347,#1684,#1685);
#1536=AXIS2_PLACEMENT_3D('',#2353,#1689,#1690);
#1537=AXIS2_PLACEMENT_3D('',#2362,#1693,#1694);
#1538=AXIS2_PLACEMENT_3D('',#2368,#1698,#1699);
#1539=AXIS2_PLACEMENT_3D('',#2372,#1702,#1703);
#1540=AXIS2_PLACEMENT_3D('',#2374,#1705,#1706);
#1541=AXIS2_PLACEMENT_3D('',#2376,#1708,#1709);
#1542=AXIS2_PLACEMENT_3D('',#2385,#1714,#1715);
#1543=AXIS2_PLACEMENT_3D('',#2395,#1721,#1722);
#1544=AXIS2_PLACEMENT_3D('',#2399,#1725,#1726);
#1545=AXIS2_PLACEMENT_3D('',#2405,#1730,#1731);
#1546=AXIS2_PLACEMENT_3D('',#2409,#1734,#1735);
#1547=AXIS2_PLACEMENT_3D('',#2411,#1737,#1738);
#1548=AXIS2_PLACEMENT_3D('',#2413,#1740,#1741);
#1549=AXIS2_PLACEMENT_3D('',#2422,#1746,#1747);
#1550=AXIS2_PLACEMENT_3D('',#2432,#1753,#1754);
#1551=AXIS2_PLACEMENT_3D('',#2436,#1757,#1758);
#1552=AXIS2_PLACEMENT_3D('',#2442,#1762,#1763);
#1553=AXIS2_PLACEMENT_3D('',#2446,#1766,#1767);
#1554=AXIS2_PLACEMENT_3D('',#2448,#1769,#1770);
#1555=AXIS2_PLACEMENT_3D('',#2494,#1772,#1773);
#1556=AXIS2_PLACEMENT_3D('',#2496,#1774,#1775);
#1557=AXIS2_PLACEMENT_3D('',#2498,#1777,#1778);
#1558=AXIS2_PLACEMENT_3D('',#2548,#1789,#1790);
#1559=AXIS2_PLACEMENT_3D('',#2550,#1791,#1792);
#1560=AXIS2_PLACEMENT_3D('',#2553,#1794,#1795);
#1561=AXIS2_PLACEMENT_3D('',#2554,#1796,#1797);
#1562=AXIS2_PLACEMENT_3D('',#2717,#1801,#1802);
#1563=AXIS2_PLACEMENT_3D('',#2720,#1804,#1805);
#1564=AXIS2_PLACEMENT_3D('',#2721,#1806,#1807);
#1565=AXIS2_PLACEMENT_3D('',#2727,#1811,#1812);
#1566=AXIS2_PLACEMENT_3D('',#2733,#1816,#1817);
#1567=AXIS2_PLACEMENT_3D('',#2739,#1821,#1822);
#1568=AXIS2_PLACEMENT_3D('',#2745,#1826,#1827);
#1569=AXIS2_PLACEMENT_3D('',#2748,#1830,#1831);
#1570=AXIS2_PLACEMENT_3D('',#2752,#1834,#1835);
#1571=AXIS2_PLACEMENT_3D('',#2756,#1838,#1839);
#1572=AXIS2_PLACEMENT_3D('',#2760,#1842,#1843);
#1573=AXIS2_PLACEMENT_3D('',#2764,#1846,#1847);
#1574=AXIS2_PLACEMENT_3D('',#2766,#1849,#1850);
#1575=AXIS2_PLACEMENT_3D('',#2770,#1853,#1854);
#1576=AXIS2_PLACEMENT_3D('',#2774,#1857,#1858);
#1577=AXIS2_PLACEMENT_3D('',#2778,#1861,#1862);
#1578=AXIS2_PLACEMENT_3D('',#2782,#1865,#1866);
#1579=AXIS2_PLACEMENT_3D('',#2784,#1868,#1869);
#1580=AXIS2_PLACEMENT_3D('',#2799,#1872,#1873);
#1581=AXIS2_PLACEMENT_3D('',#2811,#1875,#1876);
#1582=AXIS2_PLACEMENT_3D('',#2822,#1877,#1878);
#1583=AXIS2_PLACEMENT_3D('',#3028,#1880,#1881);
#1584=AXIS2_PLACEMENT_3D('',#3029,#1882,#1883);
#1585=AXIS2_PLACEMENT_3D('',#3030,#1884,#1885);
#1586=AXIS2_PLACEMENT_3D('',#3236,#1889,#1890);
#1587=AXIS2_PLACEMENT_3D('',#3277,#1891,#1892);
#1588=AXIS2_PLACEMENT_3D('',#3358,#1896,#1897);
#1589=AXIS2_PLACEMENT_3D('',#3362,#1899,#1900);
#1590=AXIS2_PLACEMENT_3D('',#3366,#1902,#1903);
#1591=AXIS2_PLACEMENT_3D('',#3369,#1905,#1906);
#1592=AXIS2_PLACEMENT_3D('',#3370,#1907,#1908);
#1593=AXIS2_PLACEMENT_3D('',#3372,#1910,#1911);
#1594=AXIS2_PLACEMENT_3D('',#3374,#1913,#1914);
#1595=AXIS2_PLACEMENT_3D('',#3379,#1916,#1917);
#1596=AXIS2_PLACEMENT_3D('',#3383,#1919,#1920);
#1597=AXIS2_PLACEMENT_3D('',#3387,#1922,#1923);
#1598=AXIS2_PLACEMENT_3D('',#3390,#1925,#1926);
#1599=AXIS2_PLACEMENT_3D('',#3391,#1927,#1928);
#1600=AXIS2_PLACEMENT_3D('',#3394,#1931,#1932);
#1601=AXIS2_PLACEMENT_3D('',#3396,#1934,#1935);
#1602=AXIS2_PLACEMENT_3D('',#3398,#1937,#1938);
#1603=AXIS2_PLACEMENT_3D('',#3400,#1940,#1941);
#1604=AXIS2_PLACEMENT_3D('',#3402,#1943,#1944);
#1605=AXIS2_PLACEMENT_3D('',#3404,#1946,#1947);
#1606=AXIS2_PLACEMENT_3D('',#3406,#1949,#1950);
#1607=AXIS2_PLACEMENT_3D('',#3522,#1951,#1952);
#1608=DIRECTION('axis',(0.,0.,1.));
#1609=DIRECTION('refdir',(1.,0.,0.));
#1610=DIRECTION('center_axis',(0.,1.,0.));
#1611=DIRECTION('ref_axis',(1.,0.,0.));
#1612=DIRECTION('',(1.,0.,0.));
#1613=DIRECTION('',(0.,0.,-1.));
#1614=DIRECTION('',(0.,0.,-1.));
#1615=DIRECTION('center_axis',(-1.,0.,0.));
#1616=DIRECTION('ref_axis',(0.,1.,0.));
#1617=DIRECTION('center_axis',(1.,0.,0.));
#1618=DIRECTION('ref_axis',(0.,1.,0.));
#1619=DIRECTION('',(0.,0.,-1.));
#1620=DIRECTION('center_axis',(1.,0.,0.));
#1621=DIRECTION('ref_axis',(0.,-1.,0.));
#1622=DIRECTION('center_axis',(-1.,0.,0.));
#1623=DIRECTION('ref_axis',(0.,1.,0.));
#1624=DIRECTION('',(0.,0.,-1.));
#1625=DIRECTION('center_axis',(0.,-1.,0.));
#1626=DIRECTION('ref_axis',(-1.,0.,0.));
#1627=DIRECTION('',(-1.,0.,0.));
#1628=DIRECTION('center_axis',(0.,1.,0.));
#1629=DIRECTION('ref_axis',(1.,0.,0.));
#1630=DIRECTION('',(1.,0.,0.));
#1631=DIRECTION('',(0.,0.,-1.));
#1632=DIRECTION('',(0.,0.,-1.));
#1633=DIRECTION('center_axis',(-1.,0.,0.));
#1634=DIRECTION('ref_axis',(0.,1.,0.));
#1635=DIRECTION('center_axis',(1.,0.,0.));
#1636=DIRECTION('ref_axis',(0.,1.,0.));
#1637=DIRECTION('',(0.,0.,-1.));
#1638=DIRECTION('center_axis',(0.,-1.,0.));
#1639=DIRECTION('ref_axis',(-1.,0.,0.));
#1640=DIRECTION('',(-1.,0.,0.));
#1641=DIRECTION('',(0.,0.,-1.));
#1642=DIRECTION('center_axis',(1.,0.,0.));
#1643=DIRECTION('ref_axis',(0.,1.,0.));
#1644=DIRECTION('center_axis',(1.,0.,0.));
#1645=DIRECTION('ref_axis',(0.,1.,0.));
#1646=DIRECTION('',(-1.,0.,0.));
#1647=DIRECTION('center_axis',(1.,0.,0.));
#1648=DIRECTION('ref_axis',(0.,1.,0.));
#1649=DIRECTION('center_axis',(1.,0.,0.));
#1650=DIRECTION('ref_axis',(0.,1.,0.));
#1651=DIRECTION('center_axis',(1.,0.,0.));
#1652=DIRECTION('ref_axis',(0.,1.,0.));
#1653=DIRECTION('center_axis',(1.,0.,0.));
#1654=DIRECTION('ref_axis',(0.,1.,0.));
#1655=DIRECTION('center_axis',(0.,0.,1.));
#1656=DIRECTION('ref_axis',(-0.997564050259824,0.0697564737441266,0.));
#1657=DIRECTION('center_axis',(0.,0.,-1.));
#1658=DIRECTION('ref_axis',(-0.997564050259824,0.0697564737441266,0.));
#1659=DIRECTION('',(0.,0.,-1.));
#1660=DIRECTION('center_axis',(0.,0.,-1.));
#1661=DIRECTION('ref_axis',(-1.,0.,0.));
#1662=DIRECTION('center_axis',(0.,0.,1.));
#1663=DIRECTION('ref_axis',(-0.997564050259824,0.0697564737441266,0.));
#1664=DIRECTION('center_axis',(0.,0.,-1.));
#1665=DIRECTION('ref_axis',(-0.997564050259824,0.0697564737441266,0.));
#1666=DIRECTION('',(0.,0.,-1.));
#1667=DIRECTION('center_axis',(0.,0.,-1.));
#1668=DIRECTION('ref_axis',(-1.,0.,0.));
#1669=DIRECTION('center_axis',(0.,0.,1.));
#1670=DIRECTION('ref_axis',(-0.997564050259824,0.0697564737441266,0.));
#1671=DIRECTION('center_axis',(0.,0.,-1.));
#1672=DIRECTION('ref_axis',(-0.997564050259824,0.0697564737441266,0.));
#1673=DIRECTION('',(0.,0.,-1.));
#1674=DIRECTION('center_axis',(0.,0.,-1.));
#1675=DIRECTION('ref_axis',(-1.,0.,0.));
#1676=DIRECTION('center_axis',(-6.17083039434649E-16,2.20708916640719E-16,
-1.));
#1677=DIRECTION('ref_axis',(-1.,0.,6.17083039434649E-16));
#1678=DIRECTION('',(0.966430614788046,0.256927746264196,-5.39661696643192E-16));
#1679=DIRECTION('',(-0.253757944584768,0.967267752775887,3.70074341541727E-16));
#1680=DIRECTION('',(-0.863395550606772,0.504527623815018,6.44140495870309E-16));
#1681=DIRECTION('',(-0.967267752775877,-0.253757944584807,5.40877883791772E-16));
#1682=DIRECTION('',(-0.504527623815019,-0.863395550606772,1.20776342975675E-16));
#1683=DIRECTION('',(0.253757944584789,-0.967267752775881,-3.70074341541739E-16));
#1684=DIRECTION('center_axis',(0.863395550606772,-0.504527623815019,0.));
#1685=DIRECTION('ref_axis',(0.504527623815019,0.863395550606772,-1.20776342975675E-16));
#1686=DIRECTION('',(0.,0.,-1.));
#1687=DIRECTION('',(-0.504527623815019,-0.863395550606772,0.));
#1688=DIRECTION('',(0.,0.,-1.));
#1689=DIRECTION('center_axis',(0.967267752775881,0.253757944584789,0.));
#1690=DIRECTION('ref_axis',(-0.253757944584789,0.967267752775881,3.70074341541723E-16));
#1691=DIRECTION('',(0.253757944584789,-0.967267752775881,0.));
#1692=DIRECTION('',(1.58638008811756E-7,-6.04692123193473E-7,-0.999999999999805));
#1693=DIRECTION('center_axis',(-0.967267752775887,-0.253757944584768,0.));
#1694=DIRECTION('ref_axis',(0.253757944584768,-0.967267752775887,-3.70074341541727E-16));
#1695=DIRECTION('',(-1.58638008811743E-7,6.04692123193476E-7,0.999999999999805));
#1696=DIRECTION('',(-0.253757944584768,0.967267752775887,0.));
#1697=DIRECTION('',(0.,0.,-1.));
#1698=DIRECTION('center_axis',(-0.504527623815018,-0.863395550606772,0.));
#1699=DIRECTION('ref_axis',(0.863395550606772,-0.504527623815018,-1.20776342975674E-16));
#1700=DIRECTION('',(-0.863395550606772,0.504527623815018,0.));
#1701=DIRECTION('',(0.,0.,-1.));
#1702=DIRECTION('center_axis',(0.253757944584807,-0.967267752775877,0.));
#1703=DIRECTION('ref_axis',(0.967267752775877,0.253757944584807,1.58603289232166E-16));
#1704=DIRECTION('',(-0.967267752775877,-0.253757944584807,0.));
#1705=DIRECTION('center_axis',(0.,0.,-1.));
#1706=DIRECTION('ref_axis',(-1.,0.,0.));
#1707=DIRECTION('',(-0.966430614788046,-0.256927746264196,0.));
#1708=DIRECTION('center_axis',(0.967267752775873,0.253757944584821,0.));
#1709=DIRECTION('ref_axis',(-0.253757944584821,0.967267752775873,3.70074341541717E-16));
#1710=DIRECTION('',(1.58638008811776E-7,-6.04692123193467E-7,-0.999999999999805));
#1711=DIRECTION('',(0.253757944584821,-0.967267752775873,3.29406831482192E-16));
#1712=DIRECTION('',(0.,0.,-1.));
#1713=DIRECTION('',(0.253757944584821,-0.967267752775873,0.));
#1714=DIRECTION('center_axis',(2.37001447647572E-16,-2.78377760956856E-16,
-1.));
#1715=DIRECTION('ref_axis',(-1.,0.,-2.37001447647572E-16));
#1716=DIRECTION('',(0.966430614788046,0.256927746264196,1.57522484022982E-16));
#1717=DIRECTION('',(-0.2537579445848,0.967267752775878,-3.29406831482189E-16));
#1718=DIRECTION('',(-0.863395550606772,0.504527623815019,-3.45075265644785E-16));
#1719=DIRECTION('',(-0.967267752775878,-0.253757944584802,-1.58603289232165E-16));
#1720=DIRECTION('',(-0.504527623815023,-0.863395550606769,1.20776342975674E-16));
#1721=DIRECTION('center_axis',(0.863395550606769,-0.504527623815024,0.));
#1722=DIRECTION('ref_axis',(0.504527623815023,0.863395550606769,-1.20776342975674E-16));
#1723=DIRECTION('',(0.,0.,-1.));
#1724=DIRECTION('',(-0.504527623815023,-0.863395550606769,0.));
#1725=DIRECTION('center_axis',(-0.967267752775878,-0.2537579445848,0.));
#1726=DIRECTION('ref_axis',(0.2537579445848,-0.967267752775878,-3.70074341541722E-16));
#1727=DIRECTION('',(-1.58638008811763E-7,6.04692123193471E-7,0.999999999999805));
#1728=DIRECTION('',(-0.2537579445848,0.967267752775878,0.));
#1729=DIRECTION('',(0.,0.,-1.));
#1730=DIRECTION('center_axis',(-0.504527623815019,-0.863395550606772,0.));
#1731=DIRECTION('ref_axis',(0.863395550606772,-0.504527623815019,-1.20776342975675E-16));
#1732=DIRECTION('',(-0.863395550606772,0.504527623815019,0.));
#1733=DIRECTION('',(0.,0.,-1.));
#1734=DIRECTION('center_axis',(0.253757944584802,-0.967267752775878,0.));
#1735=DIRECTION('ref_axis',(0.967267752775878,0.253757944584802,1.58603289232165E-16));
#1736=DIRECTION('',(-0.967267752775878,-0.253757944584802,0.));
#1737=DIRECTION('center_axis',(0.,0.,-1.));
#1738=DIRECTION('ref_axis',(-1.,0.,0.));
#1739=DIRECTION('',(-0.966430614788046,-0.256927746264196,0.));
#1740=DIRECTION('center_axis',(0.967267752775873,0.253757944584821,0.));
#1741=DIRECTION('ref_axis',(-0.253757944584821,0.967267752775873,3.70074341541717E-16));
#1742=DIRECTION('',(1.58638008811776E-7,-6.04692123193467E-7,-0.999999999999805));
#1743=DIRECTION('',(0.253757944584821,-0.967267752775873,-3.70074341541719E-16));
#1744=DIRECTION('',(0.,0.,-1.));
#1745=DIRECTION('',(0.253757944584821,-0.967267752775873,0.));
#1746=DIRECTION('center_axis',(5.95025429052591E-17,3.98207821383018E-16,
-1.));
#1747=DIRECTION('ref_axis',(-1.,0.,-5.95025429052591E-17));
#1748=DIRECTION('',(0.966430614788046,0.256927746264196,1.59815717214096E-16));
#1749=DIRECTION('',(-0.253757944584811,0.967267752775875,3.70074341541721E-16));
#1750=DIRECTION('',(-0.86339555060677,0.504527623815022,1.49532615112742E-16));
#1751=DIRECTION('',(-0.967267752775877,-0.253757944584806,-1.58603289232168E-16));
#1752=DIRECTION('',(-0.504527623815024,-0.863395550606769,-3.73831537781855E-16));
#1753=DIRECTION('center_axis',(0.863395550606769,-0.504527623815024,0.));
#1754=DIRECTION('ref_axis',(0.504527623815024,0.863395550606769,-1.20776342975674E-16));
#1755=DIRECTION('',(0.,0.,-1.));
#1756=DIRECTION('',(-0.504527623815024,-0.863395550606769,0.));
#1757=DIRECTION('center_axis',(-0.967267752775875,-0.253757944584811,0.));
#1758=DIRECTION('ref_axis',(0.253757944584811,-0.967267752775875,-3.70074341541721E-16));
#1759=DIRECTION('',(-1.5863800881177E-7,6.04692123193469E-7,0.999999999999805));
#1760=DIRECTION('',(-0.253757944584811,0.967267752775875,0.));
#1761=DIRECTION('',(0.,0.,-1.));
#1762=DIRECTION('center_axis',(-0.504527623815023,-0.86339555060677,0.));
#1763=DIRECTION('ref_axis',(0.86339555060677,-0.504527623815022,-1.20776342975675E-16));
#1764=DIRECTION('',(-0.86339555060677,0.504527623815022,0.));
#1765=DIRECTION('',(0.,0.,-1.));
#1766=DIRECTION('center_axis',(0.253757944584806,-0.967267752775877,0.));
#1767=DIRECTION('ref_axis',(0.967267752775877,0.253757944584806,1.58603289232166E-16));
#1768=DIRECTION('',(-0.967267752775877,-0.253757944584806,0.));
#1769=DIRECTION('center_axis',(0.,0.,-1.));
#1770=DIRECTION('ref_axis',(-1.,0.,0.));
#1771=DIRECTION('',(-0.966430614788046,-0.256927746264196,0.));
#1772=DIRECTION('center_axis',(1.,0.,0.));
#1773=DIRECTION('ref_axis',(0.,1.,0.));
#1774=DIRECTION('center_axis',(-1.,0.,0.));
#1775=DIRECTION('ref_axis',(0.,1.,0.));
#1776=DIRECTION('',(-0.70710678118654,0.707106781186555,-8.65956056235503E-17));
#1777=DIRECTION('center_axis',(1.,0.,0.));
#1778=DIRECTION('ref_axis',(0.,1.,0.));
#1779=DIRECTION('',(0.,0.,-1.));
#1780=DIRECTION('',(0.,0.,-1.));
#1781=DIRECTION('',(0.,1.,0.));
#1782=DIRECTION('',(0.,-0.707106781186548,0.707106781186548));
#1783=DIRECTION('',(0.,0.,-1.));
#1784=DIRECTION('',(0.,0.707106781186548,0.707106781186547));
#1785=DIRECTION('',(0.,-1.,0.));
#1786=DIRECTION('',(0.,0.707106781186548,-0.707106781186547));
#1787=DIRECTION('',(0.,0.,1.));
#1788=DIRECTION('',(0.,-0.707106781186548,-0.707106781186547));
#1789=DIRECTION('center_axis',(1.,0.,0.));
#1790=DIRECTION('ref_axis',(0.,1.,0.));
#1791=DIRECTION('center_axis',(-1.,0.,0.));
#1792=DIRECTION('ref_axis',(0.,1.,0.));
#1793=DIRECTION('',(-0.70710678118654,0.707106781186555,-8.65956056235503E-17));
#1794=DIRECTION('center_axis',(1.,0.,0.));
#1795=DIRECTION('ref_axis',(0.,1.,0.));
#1796=DIRECTION('center_axis',(1.,0.,0.));
#1797=DIRECTION('ref_axis',(0.,0.,-1.));
#1798=DIRECTION('',(0.,0.,-1.));
#1799=DIRECTION('',(0.,0.,1.));
#1800=DIRECTION('',(0.,0.,1.));
#1801=DIRECTION('center_axis',(1.,0.,0.));
#1802=DIRECTION('ref_axis',(0.,1.,0.));
#1803=DIRECTION('',(-1.,0.,0.));
#1804=DIRECTION('center_axis',(1.,0.,0.));
#1805=DIRECTION('ref_axis',(0.,1.,0.));
#1806=DIRECTION('center_axis',(4.71260652591346E-16,-0.707106781186547,
0.707106781186548));
#1807=DIRECTION('ref_axis',(1.,0.,-6.66463206307477E-16));
#1808=DIRECTION('',(1.,6.66463206307478E-16,0.));
#1809=DIRECTION('',(-0.313145613014954,-0.671542934237824,-0.671542934237821));
#1810=DIRECTION('',(-1.,-6.66463206307478E-16,0.));
#1811=DIRECTION('center_axis',(-0.541675220419705,-0.454519477672046,0.707106781186543));
#1812=DIRECTION('ref_axis',(0.793844806099442,0.,0.608120402411347));
#1813=DIRECTION('',(0.642787609686539,-0.766044443118978,0.));
#1814=DIRECTION('',(-0.684791078771746,-0.249243569363925,-0.684791078771736));
#1815=DIRECTION('',(-0.642787609686539,0.766044443118978,0.));
#1816=DIRECTION('center_axis',(-0.707106781186542,0.,0.707106781186553));
#1817=DIRECTION('ref_axis',(0.707106781186553,0.,0.707106781186542));
#1818=DIRECTION('',(0.,-1.,0.));
#1819=DIRECTION('',(-0.684791078771744,0.249243569363938,-0.684791078771734));
#1820=DIRECTION('',(0.,1.,0.));
#1821=DIRECTION('center_axis',(-0.541675220419703,0.454519477672045,0.707106781186546));
#1822=DIRECTION('ref_axis',(0.793844806099444,0.,0.608120402411345));
#1823=DIRECTION('',(-0.64278760968654,-0.766044443118978,0.));
#1824=DIRECTION('',(-0.313145613014976,0.671542934237818,-0.671542934237817));
#1825=DIRECTION('',(0.64278760968654,0.766044443118978,0.));
#1826=DIRECTION('center_axis',(-7.54688768884E-16,0.707106781186547,0.707106781186548));
#1827=DIRECTION('ref_axis',(1.,0.,1.06729109232641E-15));
#1828=DIRECTION('',(1.,1.06729109232641E-15,0.));
#1829=DIRECTION('',(-1.,-1.06729109232641E-15,0.));
#1830=DIRECTION('center_axis',(-6.66463206307478E-16,1.,0.));
#1831=DIRECTION('ref_axis',(-1.,-6.66463206307478E-16,0.));
#1832=DIRECTION('',(-1.,-6.66463206307478E-16,0.));
#1833=DIRECTION('',(0.,0.,1.));
#1834=DIRECTION('center_axis',(0.766044443118978,0.642787609686539,0.));
#1835=DIRECTION('ref_axis',(-0.642787609686539,0.766044443118978,0.));
#1836=DIRECTION('',(-0.642787609686539,0.766044443118978,0.));
#1837=DIRECTION('',(0.,0.,1.));
#1838=DIRECTION('center_axis',(1.,0.,0.));
#1839=DIRECTION('ref_axis',(0.,1.,0.));
#1840=DIRECTION('',(0.,1.,0.));
#1841=DIRECTION('',(0.,0.,1.));
#1842=DIRECTION('center_axis',(0.766044443118978,-0.64278760968654,0.));
#1843=DIRECTION('ref_axis',(0.64278760968654,0.766044443118978,0.));
#1844=DIRECTION('',(0.64278760968654,0.766044443118978,0.));
#1845=DIRECTION('',(0.,0.,1.));
#1846=DIRECTION('center_axis',(1.06729109232641E-15,-1.,0.));
#1847=DIRECTION('ref_axis',(1.,1.06729109232641E-15,0.));
#1848=DIRECTION('',(1.,1.06729109232641E-15,0.));
#1849=DIRECTION('center_axis',(-7.54688768884E-16,0.707106781186547,-0.707106781186548));
#1850=DIRECTION('ref_axis',(-1.,0.,1.06729109232641E-15));
#1851=DIRECTION('',(-0.313145613014976,0.671542934237816,0.671542934237818));
#1852=DIRECTION('',(-1.,-1.06729109232641E-15,0.));
#1853=DIRECTION('center_axis',(-0.541675220419704,0.454519477672045,-0.707106781186545));
#1854=DIRECTION('ref_axis',(-0.793844806099444,0.,0.608120402411345));
#1855=DIRECTION('',(-0.64278760968654,-0.766044443118978,0.));
#1856=DIRECTION('',(-0.684791078771744,0.249243569363938,0.684791078771734));
#1857=DIRECTION('center_axis',(-0.707106781186543,0.,-0.707106781186552));
#1858=DIRECTION('ref_axis',(-0.707106781186552,0.,0.707106781186543));
#1859=DIRECTION('',(0.,-1.,0.));
#1860=DIRECTION('',(-0.684791078771746,-0.249243569363925,0.684791078771736));
#1861=DIRECTION('center_axis',(-0.541675220419705,-0.454519477672046,-0.707106781186543));
#1862=DIRECTION('ref_axis',(-0.793844806099442,0.,0.608120402411348));
#1863=DIRECTION('',(0.642787609686539,-0.766044443118978,0.));
#1864=DIRECTION('',(-0.313145613014954,-0.671542934237823,0.671542934237822));
#1865=DIRECTION('center_axis',(4.71260652591347E-16,-0.707106781186548,
-0.707106781186548));
#1866=DIRECTION('ref_axis',(-1.,0.,-6.66463206307478E-16));
#1867=DIRECTION('',(1.,6.66463206307478E-16,0.));
#1868=DIRECTION('center_axis',(0.,1.,0.));
#1869=DIRECTION('ref_axis',(-1.,0.,0.));
#1870=DIRECTION('',(0.,0.,-1.));
#1871=DIRECTION('',(0.,0.,1.));
#1872=DIRECTION('center_axis',(0.707106781186554,-0.707106781186541,0.));
#1873=DIRECTION('ref_axis',(0.707106781186541,0.707106781186554,0.));
#1874=DIRECTION('',(0.,0.,-1.));
#1875=DIRECTION('center_axis',(0.,-1.,0.));
#1876=DIRECTION('ref_axis',(1.,0.,0.));
#1877=DIRECTION('center_axis',(0.707106781186554,0.707106781186541,0.));
#1878=DIRECTION('ref_axis',(-0.707106781186541,0.707106781186554,0.));
#1879=DIRECTION('',(-0.903211825863713,-0.429194969502613,0.000275270030245899));
#1880=DIRECTION('center_axis',(0.,0.,-1.));
#1881=DIRECTION('ref_axis',(-1.,0.,0.));
#1882=DIRECTION('center_axis',(0.,0.,1.));
#1883=DIRECTION('ref_axis',(1.,0.,0.));
#1884=DIRECTION('center_axis',(-0.429194985763436,0.903211860083516,0.));
#1885=DIRECTION('ref_axis',(0.,0.,-1.));
#1886=DIRECTION('',(-0.903211822359547,-0.429194967837478,-0.000289020643409433));
#1887=DIRECTION('',(0.,0.,-1.));
#1888=DIRECTION('',(-0.90321181889908,-0.429194966193107,0.000301985949557434));
#1889=DIRECTION('center_axis',(1.,0.,0.));
#1890=DIRECTION('ref_axis',(0.,1.,0.));
#1891=DIRECTION('center_axis',(1.,0.,0.));
#1892=DIRECTION('ref_axis',(0.,0.,-1.));
#1893=DIRECTION('',(0.,0.,1.));
#1894=DIRECTION('',(0.,6.4686639359857E-7,0.999999999999791));
#1895=DIRECTION('',(0.,-1.,-8.20051088014264E-17));
#1896=DIRECTION('center_axis',(-1.,0.,0.));
#1897=DIRECTION('ref_axis',(0.,0.,-1.));
#1898=DIRECTION('',(0.,0.,-1.));
#1899=DIRECTION('center_axis',(-1.,0.,0.));
#1900=DIRECTION('ref_axis',(0.,1.,1.66533453693773E-15));
#1901=DIRECTION('',(0.,1.,0.));
#1902=DIRECTION('center_axis',(-1.,0.,0.));
#1903=DIRECTION('ref_axis',(0.,0.,1.));
#1904=DIRECTION('',(0.,0.,1.));
#1905=DIRECTION('center_axis',(-1.,0.,0.));
#1906=DIRECTION('ref_axis',(0.,-1.,1.02695629777827E-14));
#1907=DIRECTION('center_axis',(-0.256927746264145,0.966430614787857,-6.25151486451201E-7));
#1908=DIRECTION('ref_axis',(0.,-6.4686639359857E-7,-0.999999999999791));
#1909=DIRECTION('',(0.,-6.4686639359857E-7,-0.999999999999791));
#1910=DIRECTION('center_axis',(0.429194985763436,-0.903211860083516,0.));
#1911=DIRECTION('ref_axis',(0.,0.,1.));
#1912=DIRECTION('',(-0.903211825864764,-0.429194969503112,-0.000275265802987913));
#1913=DIRECTION('center_axis',(1.,0.,0.));
#1914=DIRECTION('ref_axis',(0.,1.,0.));
#1915=DIRECTION('',(0.,-1.,-8.20051088014264E-17));
#1916=DIRECTION('center_axis',(-1.,0.,0.));
#1917=DIRECTION('ref_axis',(0.,-1.,1.02695629777827E-14));
#1918=DIRECTION('',(0.,0.,1.));
#1919=DIRECTION('center_axis',(-1.,0.,0.));
#1920=DIRECTION('ref_axis',(0.,0.,1.));
#1921=DIRECTION('',(0.,1.,0.));
#1922=DIRECTION('center_axis',(-1.,0.,0.));
#1923=DIRECTION('ref_axis',(0.,1.,1.66533453693773E-15));
#1924=DIRECTION('',(0.,0.,-1.));
#1925=DIRECTION('center_axis',(-1.,0.,0.));
#1926=DIRECTION('ref_axis',(0.,0.,-1.));
#1927=DIRECTION('center_axis',(-1.,0.,0.));
#1928=DIRECTION('ref_axis',(0.,-1.,1.02695629777827E-14));
#1929=DIRECTION('',(0.996194698091746,0.,0.0871557427476582));
#1930=DIRECTION('',(0.996194698091745,0.0871557427476598,-8.95051388846119E-16));
#1931=DIRECTION('center_axis',(-0.0871557427476598,0.996194698091745,0.));
#1932=DIRECTION('ref_axis',(0.,0.,1.));
#1933=DIRECTION('',(0.996194698091745,0.0871557427476598,0.));
#1934=DIRECTION('center_axis',(-1.,0.,0.));
#1935=DIRECTION('ref_axis',(0.,0.,1.));
#1936=DIRECTION('',(0.996194698091746,0.,-0.0871557427476581));
#1937=DIRECTION('center_axis',(-0.087155742747658,0.,-0.996194698091746));
#1938=DIRECTION('ref_axis',(0.,1.,0.));
#1939=DIRECTION('',(0.996194698091746,0.,-0.087155742747658));
#1940=DIRECTION('center_axis',(-1.,0.,0.));
#1941=DIRECTION('ref_axis',(0.,1.,1.66533453693773E-15));
#1942=DIRECTION('',(0.996194698091746,-0.0871557427476581,-1.38249786353871E-16));
#1943=DIRECTION('center_axis',(-0.0871557427476581,-0.996194698091746,0.));
#1944=DIRECTION('ref_axis',(0.,0.,-1.));
#1945=DIRECTION('',(0.996194698091746,-0.0871557427476581,1.42485441333525E-18));
#1946=DIRECTION('center_axis',(-1.,0.,0.));
#1947=DIRECTION('ref_axis',(0.,0.,-1.));
#1948=DIRECTION('',(0.996194698091746,0.,0.0871557427476582));
#1949=DIRECTION('center_axis',(-0.0871557427476582,-8.16930546044177E-17,
0.996194698091746));
#1950=DIRECTION('ref_axis',(0.,-1.,-8.20051088014264E-17));
#1951=DIRECTION('center_axis',(1.,0.,0.));
#1952=DIRECTION('ref_axis',(0.,0.,-1.));
#1953=CARTESIAN_POINT('',(0.,0.,0.));
#1954=CARTESIAN_POINT('Origin',(-193.550002086163,-26.0500000149012,0.));
#1955=CARTESIAN_POINT('',(-193.550002086163,-26.0500000149012,-3.44970584237283));
#1956=CARTESIAN_POINT('',(-173.550002086163,-26.0500000149012,-3.44970584237283));
#1957=CARTESIAN_POINT('',(-160.,-26.0500000149012,-3.44970584237283));
#1958=CARTESIAN_POINT('',(-173.550002086163,-26.0500000149012,-4.82653665614813));
#1959=CARTESIAN_POINT('',(-173.550002086163,-26.0500000149012,0.));
#1960=CARTESIAN_POINT('',(-193.550002086163,-26.0500000149012,-4.90989022537032));
#1961=CARTESIAN_POINT('Ctrl Pts',(-193.550002086263,-26.0500000764707,-4.9098902340695));
#1962=CARTESIAN_POINT('Ctrl Pts',(-191.911047761927,-26.0500004702871,-4.90358476936593));
#1963=CARTESIAN_POINT('Ctrl Pts',(-190.27107766146,-26.0500052744095,-4.89714190537677));
#1964=CARTESIAN_POINT('Ctrl Pts',(-188.632166357219,-26.0500077469665,-4.89057329921294));
#1965=CARTESIAN_POINT('Ctrl Pts',(-186.926331172458,-26.0500103204888,-4.88373646827516));
#1966=CARTESIAN_POINT('Ctrl Pts',(-185.21958141691,-26.0500109165729,-4.87675515520373));
#1967=CARTESIAN_POINT('Ctrl Pts',(-183.513701799158,-26.0500096263495,-4.8696398539711));
#1968=CARTESIAN_POINT('Ctrl Pts',(-180.733031720722,-26.05000752322,-4.85804155299445));
#1969=CARTESIAN_POINT('Ctrl Pts',(-177.949407404437,-26.0500002273544,-4.84606524571824));
#1970=CARTESIAN_POINT('Ctrl Pts',(-175.167344211087,-26.0499999675009,-4.83374109821986));
#1971=CARTESIAN_POINT('Ctrl Pts',(-174.628160575087,-26.0499999171395,-4.83135259077163));
#1972=CARTESIAN_POINT('Ctrl Pts',(-174.089035576731,-26.0499999741294,-4.8289510307273));
#1973=CARTESIAN_POINT('Ctrl Pts',(-173.550002086156,-26.0500000085084,-4.82653665637219));
#1974=CARTESIAN_POINT('',(-193.550002086163,-26.0500000149012,0.));
#1975=CARTESIAN_POINT('Origin',(-173.550002086163,-26.0500000149012,0.));
#1976=CARTESIAN_POINT('',(-173.550002086163,-25.9500000149012,-3.44970584237283));
#1977=CARTESIAN_POINT('Origin',(-173.550002086163,-26.0000000149012,0.800000029802322));
#1978=CARTESIAN_POINT('',(-173.550002086163,-25.9500000149012,-4.83004039147595));
#1979=CARTESIAN_POINT('',(-173.550002086163,-25.9500000149012,0.));
#1980=CARTESIAN_POINT('Ctrl Pts',(-173.550002086163,-26.0500000149012,-4.82653665614813));
#1981=CARTESIAN_POINT('Ctrl Pts',(-173.550002086163,-26.0166676407091,-4.82770506155986));
#1982=CARTESIAN_POINT('Ctrl Pts',(-173.550002086163,-25.9833342844555,-4.8288729740293));
#1983=CARTESIAN_POINT('Ctrl Pts',(-173.550002086163,-25.9500000149012,-4.83004039147596));
#1984=CARTESIAN_POINT('Origin',(-193.550002086163,-25.9500000149012,0.));
#1985=CARTESIAN_POINT('',(-193.550002086163,-25.9500000149012,-3.44970584237283));
#1986=CARTESIAN_POINT('Origin',(-193.550002086163,-26.0000000149012,0.800000029802322));
#1987=CARTESIAN_POINT('',(-193.550002086163,-25.9500000149012,-4.91319383269496));
#1988=CARTESIAN_POINT('Ctrl Pts',(-193.550002086162,-25.9500000148603,-4.91319383269631));
#1989=CARTESIAN_POINT('Ctrl Pts',(-193.55000243161,-25.9833320812188,-4.91209321130956));
#1990=CARTESIAN_POINT('Ctrl Pts',(-193.550002776883,-26.0166655547935,-4.91099200919004));
#1991=CARTESIAN_POINT('Ctrl Pts',(-193.550003121986,-26.0500004096675,-4.90989022704136));
#1992=CARTESIAN_POINT('',(-193.550002086163,-25.9500000149012,0.));
#1993=CARTESIAN_POINT('Origin',(-173.550002086163,-25.9500000149012,0.));
#1994=CARTESIAN_POINT('',(-160.,-25.9500000149012,-3.44970584237283));
#1995=CARTESIAN_POINT('Ctrl Pts',(-173.550002086251,-25.950000027125,-4.83004039887405));
#1996=CARTESIAN_POINT('Ctrl Pts',(-175.23422294618,-25.9500001556274,-4.83756768850264));
#1997=CARTESIAN_POINT('Ctrl Pts',(-176.918844554688,-25.9500017193777,-4.84496751150883));
#1998=CARTESIAN_POINT('Ctrl Pts',(-178.602994300363,-25.9500039770831,-4.85223365267222));
#1999=CARTESIAN_POINT('Ctrl Pts',(-180.329945171768,-25.950006292166,-4.85968445616882));
#2000=CARTESIAN_POINT('Ctrl Pts',(-182.05757082081,-25.9500090870776,-4.86699973751979));
#2001=CARTESIAN_POINT('Ctrl Pts',(-183.784477757556,-25.9500100104918,-4.87417074030151));
#2002=CARTESIAN_POINT('Ctrl Pts',(-185.813801136594,-25.9500110956145,-4.88259753116466));
#2003=CARTESIAN_POINT('Ctrl Pts',(-187.84578083226,-25.9500001057086,-4.89084047095059));
#2004=CARTESIAN_POINT('Ctrl Pts',(-189.876960049097,-25.9499988668555,-4.8988787014112));
#2005=CARTESIAN_POINT('Ctrl Pts',(-191.10185119588,-25.9499981197721,-4.90372611085956));
#2006=CARTESIAN_POINT('Ctrl Pts',(-192.32645123855,-25.9499999832194,-4.90849914224121));
#2007=CARTESIAN_POINT('Ctrl Pts',(-193.550002086162,-25.9500000147639,-4.91319383269949));
#2008=CARTESIAN_POINT('Ctrl Pts',(-173.550002086154,-26.0500000186164,-4.82653665601787));
#2009=CARTESIAN_POINT('Ctrl Pts',(-180.216690314342,-28.1381740364976,-4.78320015296366));
#2010=CARTESIAN_POINT('Ctrl Pts',(-186.883378547256,-30.226348039303,-4.73986365046447));
#2011=CARTESIAN_POINT('Ctrl Pts',(-193.550066785289,-32.3145220257744,-4.69652714856709));
#2012=CARTESIAN_POINT('Ctrl Pts',(-173.549980688888,-23.8697827280167,-4.90296008964127));
#2013=CARTESIAN_POINT('Ctrl Pts',(-180.216668883678,-25.9771104412878,-4.85896484213733));
#2014=CARTESIAN_POINT('Ctrl Pts',(-186.883357083271,-28.0844380542988,-4.81496915252377));
#2015=CARTESIAN_POINT('Ctrl Pts',(-193.550045286076,-30.1917657423019,-4.77097390592378));
#2016=CARTESIAN_POINT('Ctrl Pts',(-173.549959623661,-21.6885657614558,-4.97717379353494));
#2017=CARTESIAN_POINT('Ctrl Pts',(-180.216647758845,-23.815057930758,-4.93253477275194));
#2018=CARTESIAN_POINT('Ctrl Pts',(-186.883335897216,-25.9415496965223,-4.88789533040829));
#2019=CARTESIAN_POINT('Ctrl Pts',(-193.550024037144,-28.0680418510571,-4.8432563101356));
#2020=CARTESIAN_POINT('Ctrl Pts',(-173.549937841795,-19.5131777679334,-5.04899824251599));
#2021=CARTESIAN_POINT('Ctrl Pts',(-180.216625922388,-21.6587851862213,-5.0037301058186));
#2022=CARTESIAN_POINT('Ctrl Pts',(-186.883314003821,-23.804392601904,-4.95846196921061));
#2023=CARTESIAN_POINT('Ctrl Pts',(-193.550002086163,-25.9500000147639,-4.91319383269949));
#2024=CARTESIAN_POINT('Origin',(-377.,-26.0500000149012,0.));
#2025=CARTESIAN_POINT('',(-377.,-26.0500000149012,-3.44970584237283));
#2026=CARTESIAN_POINT('',(-357.,-26.0500000149012,-3.44970584237283));
#2027=CARTESIAN_POINT('',(-160.,-26.0500000149012,-3.44970584237283));
#2028=CARTESIAN_POINT('',(-357.,-26.0500000149012,-4.42486039719127));
#2029=CARTESIAN_POINT('',(-357.,-26.0500000149012,0.));
#2030=CARTESIAN_POINT('',(-377.,-26.0500000149012,-4.00110825212074));
#2031=CARTESIAN_POINT('Ctrl Pts',(-377.,-26.0500000149012,-4.00110825212074));
#2032=CARTESIAN_POINT('Ctrl Pts',(-375.356448838125,-26.0500000149012,-4.04096929253789));
#2033=CARTESIAN_POINT('Ctrl Pts',(-373.711119874025,-26.0500000148331,-4.08004764406107));
#2034=CARTESIAN_POINT('Ctrl Pts',(-370.345964580796,-26.0500000148331,-4.15763766915302));
#2035=CARTESIAN_POINT('Ctrl Pts',(-368.625893875924,-26.0500000148797,-4.19604596865021));
#2036=CARTESIAN_POINT('Ctrl Pts',(-363.590763519681,-26.0500000148797,-4.30375963275295));
#2037=CARTESIAN_POINT('Ctrl Pts',(-360.31448213813,-26.0500000149012,-4.36788376750301));
#2038=CARTESIAN_POINT('Ctrl Pts',(-357.,-26.0500000149012,-4.42486039719127));
#2039=CARTESIAN_POINT('',(-377.,-26.0500000149012,0.));
#2040=CARTESIAN_POINT('Origin',(-357.,-26.0500000149012,0.));
#2041=CARTESIAN_POINT('',(-357.,-25.9500000149012,-3.44970584237283));
#2042=CARTESIAN_POINT('Origin',(-357.,-26.0000000149012,0.800000029802322));
#2043=CARTESIAN_POINT('',(-357.,-25.9500000149012,-4.4226000487433));
#2044=CARTESIAN_POINT('',(-357.,-25.9500000149012,0.));
#2045=CARTESIAN_POINT('Ctrl Pts',(-357.,-26.0500000149012,-4.42486039719127));
#2046=CARTESIAN_POINT('Ctrl Pts',(-357.,-26.0166595434964,-4.42411138812568));
#2047=CARTESIAN_POINT('Ctrl Pts',(-357.,-25.9833263154703,-4.42335793182105));
#2048=CARTESIAN_POINT('Ctrl Pts',(-357.,-25.9500000149012,-4.4226000487433));
#2049=CARTESIAN_POINT('Origin',(-357.,-25.9500000149012,0.));
#2050=CARTESIAN_POINT('',(-377.,-25.9500000149012,-3.44970584237283));
#2051=CARTESIAN_POINT('',(-160.,-25.9500000149012,-3.44970584237283));
#2052=CARTESIAN_POINT('',(-377.,-25.9500000149012,-3.99717494823553));
#2053=CARTESIAN_POINT('',(-377.,-25.9500000149012,0.));
#2054=CARTESIAN_POINT('Ctrl Pts',(-357.,-25.9500000149012,-4.4226000487433));
#2055=CARTESIAN_POINT('Ctrl Pts',(-358.644343834374,-25.9500000149012,-4.39414572367114));
#2056=CARTESIAN_POINT('Ctrl Pts',(-360.28356115502,-25.9500000149012,-4.36386727406941));
#2057=CARTESIAN_POINT('Ctrl Pts',(-363.636570066826,-25.9500000149012,-4.29840819999713));
#2058=CARTESIAN_POINT('Ctrl Pts',(-365.340504628096,-25.950000014904,-4.26328318291977));
#2059=CARTESIAN_POINT('Ctrl Pts',(-370.368494051382,-25.950000014904,-4.15503098605889));
#2060=CARTESIAN_POINT('Ctrl Pts',(-373.689639159522,-25.9500000149012,-4.0776170655912));
#2061=CARTESIAN_POINT('Ctrl Pts',(-377.,-25.9500000149012,-3.99717494823562));
#2062=CARTESIAN_POINT('Ctrl Pts',(-356.999999999999,-26.0500000179595,-4.42486039726));
#2063=CARTESIAN_POINT('Ctrl Pts',(-363.666902478241,-28.8038804055762,-4.37212216529178));
#2064=CARTESIAN_POINT('Ctrl Pts',(-370.333804937634,-31.5577608388508,-4.31938393470416));
#2065=CARTESIAN_POINT('Ctrl Pts',(-377.000707376087,-34.3116413228486,-4.266645705654));
#2066=CARTESIAN_POINT('Ctrl Pts',(-356.999867449412,-24.8894338905668,-4.39879002257624));
#2067=CARTESIAN_POINT('Ctrl Pts',(-363.666769946178,-27.6566374516901,-4.34633555891036));
#2068=CARTESIAN_POINT('Ctrl Pts',(-370.333672425618,-30.423845246653,-4.2938815446348));
#2069=CARTESIAN_POINT('Ctrl Pts',(-377.000574883951,-33.1910489004181,-4.2414270841375));
#2070=CARTESIAN_POINT('Ctrl Pts',(-356.999569710127,-22.0817894995907,-4.3224548300045));
#2071=CARTESIAN_POINT('Ctrl Pts',(-363.666472295237,-24.8812187880977,-4.27084149213742));
#2072=CARTESIAN_POINT('Ctrl Pts',(-370.333374865126,-27.6806327808342,-4.21922684985574));
#2073=CARTESIAN_POINT('Ctrl Pts',(-377.000277418151,-30.4800621456122,-4.16761351534701));
#2074=CARTESIAN_POINT('Ctrl Pts',(-356.9993677749,-19.0819586750751,-4.21264866418041));
#2075=CARTESIAN_POINT('Ctrl Pts',(-363.66627051408,-21.9159501789514,-4.16227468407282));
#2076=CARTESIAN_POINT('Ctrl Pts',(-370.333173243837,-24.7500150055551,-4.11190701764892));
#2077=CARTESIAN_POINT('Ctrl Pts',(-377.000075961987,-27.5840065588437,-4.06153303994609));
#2078=CARTESIAN_POINT('Ctrl Pts',(-356.999291592214,-17.3889800198542,-4.14599445067229));
#2079=CARTESIAN_POINT('Ctrl Pts',(-363.666194402603,-20.2426533333127,-4.09638794894832));
#2080=CARTESIAN_POINT('Ctrl Pts',(-370.33309720548,-23.0963266643374,-4.04678144810299));
#2081=CARTESIAN_POINT('Ctrl Pts',(-377.,-25.9500000149012,-3.99717494823553));
#2082=CARTESIAN_POINT('Ctrl Pts',(-377.,-25.9500000149012,-3.99717494823553));
#2083=CARTESIAN_POINT('Ctrl Pts',(-377.000001549153,-25.9833236077487,-3.99848745389995));
#2084=CARTESIAN_POINT('Ctrl Pts',(-377.000003114591,-26.0166558857137,-3.99979840379115));
#2085=CARTESIAN_POINT('Ctrl Pts',(-377.000004696249,-26.0499961591058,-4.00110774027064));
#2086=CARTESIAN_POINT('Origin',(-160.,-26.0000000149012,0.800000029802322));
#2087=CARTESIAN_POINT('',(-173.550002086163,-30.2500000149012,0.800000029802322));
#2088=CARTESIAN_POINT('Origin',(-173.550002086163,-26.0000000149012,0.800000029802322));
#2089=CARTESIAN_POINT('',(-377.,-30.2500000149012,0.800000029802322));
#2090=CARTESIAN_POINT('',(-160.,-30.2500000149012,0.800000029802322));
#2091=CARTESIAN_POINT('Origin',(-377.,-26.0000000149012,0.800000029802322));
#2092=CARTESIAN_POINT('Origin',(-377.,-26.0000000149012,0.800000029802322));
#2093=CARTESIAN_POINT('Origin',(-173.550002086163,-26.0000000149012,0.800000029802322));
#2094=CARTESIAN_POINT('Origin',(-377.,-26.0000000149012,0.800000029802322));
#2095=CARTESIAN_POINT('Origin',(-360.813961275762,-104.951597196728,-1.36236796137891));
#2096=CARTESIAN_POINT('',(-359.068224187807,-105.07367102578,-1.36236796137891));
#2097=CARTESIAN_POINT('Origin',(-360.813961275762,-104.951597196728,-1.36236796137891));
#2098=CARTESIAN_POINT('',(-359.068224187885,-105.074842196091,-2.88026667347001));
#2099=CARTESIAN_POINT('',(-359.068224187807,-105.07367102578,-1.36236796137891));
#2100=CARTESIAN_POINT('',(-359.202687867444,-105.635449157298,-2.85487708752479));
#2101=CARTESIAN_POINT('Ctrl Pts',(-359.068224187885,-105.074842196091,-2.88026667347001));
#2102=CARTESIAN_POINT('Ctrl Pts',(-359.081716157382,-105.267723682457,-2.87131904239526));
#2103=CARTESIAN_POINT('Ctrl Pts',(-359.127112710975,-105.457179149338,-2.86273008966929));
#2104=CARTESIAN_POINT('Ctrl Pts',(-359.202687867444,-105.635449157298,-2.85487708752479));
#2105=CARTESIAN_POINT('Ctrl Pts',(-359.202687867444,-105.635449157298,-2.85487708752479));
#2106=CARTESIAN_POINT('Ctrl Pts',(-359.223564408802,-105.684693662609,-2.85270780952768));
#2107=CARTESIAN_POINT('Ctrl Pts',(-359.246689967035,-105.732957679816,-2.85060035901261));
#2108=CARTESIAN_POINT('Ctrl Pts',(-359.271992295415,-105.780088842106,-2.84856205105634));
#2109=CARTESIAN_POINT('Ctrl Pts',(-359.357078204346,-105.938580097226,-2.84170769036137));
#2110=CARTESIAN_POINT('Ctrl Pts',(-359.46605942064,-106.082920722259,-2.83569339593904));
#2111=CARTESIAN_POINT('Ctrl Pts',(-359.595014449463,-106.208070663408,-2.83075286047882));
#2112=CARTESIAN_POINT('Ctrl Pts',(-359.611071441129,-106.223653859972,-2.83013768371965));
#2113=CARTESIAN_POINT('Ctrl Pts',(-359.627438112516,-106.238939585177,-2.82953914674745));
#2114=CARTESIAN_POINT('Ctrl Pts',(-359.644106893041,-106.253918168508,-2.82895769257985));
#2115=CARTESIAN_POINT('Ctrl Pts',(-359.748970880708,-106.348149055727,-2.82529974036395));
#2116=CARTESIAN_POINT('Ctrl Pts',(-359.864854181171,-106.429378014791,-2.8223511305479));
#2117=CARTESIAN_POINT('Ctrl Pts',(-359.98924023237,-106.495828062062,-2.82018458935538));
#2118=CARTESIAN_POINT('Ctrl Pts',(-360.098794214603,-106.554354458131,-2.81827639134584));
#2119=CARTESIAN_POINT('Ctrl Pts',(-360.214275365177,-106.601059030071,-2.81698651501701));
#2120=CARTESIAN_POINT('Ctrl Pts',(-360.333731479131,-106.635147952508,-2.81633898150415));
#2121=CARTESIAN_POINT('Ctrl Pts',(-360.466980089619,-106.673172808645,-2.81561668326443));
#2122=CARTESIAN_POINT('Ctrl Pts',(-360.60427404037,-106.695243609336,-2.81569860105848));
#2123=CARTESIAN_POINT('Ctrl Pts',(-360.74272621189,-106.700896586411,-2.81658028008141));
#2124=CARTESIAN_POINT('Ctrl Pts',(-360.930455344262,-106.708561532867,-2.81777576034142));
#2125=CARTESIAN_POINT('Ctrl Pts',(-361.11817673282,-106.685955330299,-2.82042828093668));
#2126=CARTESIAN_POINT('Ctrl Pts',(-361.298674470695,-106.633964302492,-2.82441390658852));
#2127=CARTESIAN_POINT('Ctrl Pts',(-361.471421210947,-106.584205891768,-2.82822838009564));
#2128=CARTESIAN_POINT('Ctrl Pts',(-361.635152424037,-106.508221039368,-2.83321020885364));
#2129=CARTESIAN_POINT('Ctrl Pts',(-361.784236299984,-106.408951788713,-2.83914751491489));
#2130=CARTESIAN_POINT('Ctrl Pts',(-361.825517133931,-106.381464460347,-2.84079153539698));
#2131=CARTESIAN_POINT('Ctrl Pts',(-361.865674930394,-106.35219157754,-2.84250882583315));
#2132=CARTESIAN_POINT('Ctrl Pts',(-361.90459012512,-106.321194849366,-2.84429493846125));
#2133=CARTESIAN_POINT('Ctrl Pts',(-362.033628286244,-106.218413382317,-2.85021747567865));
#2134=CARTESIAN_POINT('Ctrl Pts',(-362.147198286823,-106.098118635123,-2.85681313373951));
#2135=CARTESIAN_POINT('Ctrl Pts',(-362.242149190168,-105.964084412449,-2.86386385859343));
#2136=CARTESIAN_POINT('Ctrl Pts',(-362.280495909952,-105.909953565903,-2.86671135304294));
#2137=CARTESIAN_POINT('Ctrl Pts',(-362.315805825071,-105.853581197524,-2.86963318605225));
#2138=CARTESIAN_POINT('Ctrl Pts',(-362.347871383471,-105.795213540141,-2.87261549986887));
#2139=CARTESIAN_POINT('Ctrl Pts',(-362.437637273863,-105.631816269157,-2.88096433483507));
#2140=CARTESIAN_POINT('Ctrl Pts',(-362.500580998454,-105.455332195878,-2.88965558165901));
#2141=CARTESIAN_POINT('Ctrl Pts',(-362.534541269982,-105.272522623311,-2.8983574202857));
#2142=CARTESIAN_POINT('Ctrl Pts',(-362.541477086468,-105.235186830924,-2.90013462503371));
#2143=CARTESIAN_POINT('Ctrl Pts',(-362.547203967803,-105.197587030215,-2.90191233745058));
#2144=CARTESIAN_POINT('Ctrl Pts',(-362.551703502376,-105.159780598939,-2.90368782891609));
#2145=CARTESIAN_POINT('Ctrl Pts',(-362.576947320555,-104.947674510725,-2.91364890000089));
#2146=CARTESIAN_POINT('Ctrl Pts',(-362.563127870362,-104.732698934247,-2.92336775097717));
#2147=CARTESIAN_POINT('Ctrl Pts',(-362.510908874033,-104.525516290172,-2.93238894700547));
#2148=CARTESIAN_POINT('Ctrl Pts',(-362.467201042734,-104.352102308827,-2.9399397798793));
#2149=CARTESIAN_POINT('Ctrl Pts',(-362.397230149567,-104.186687894703,-2.94689221261584));
#2150=CARTESIAN_POINT('Ctrl Pts',(-362.303672844887,-104.034927723591,-2.95303275196191));
#2151=CARTESIAN_POINT('Ctrl Pts',(-362.275673497973,-103.989509723434,-2.95487046086104));
#2152=CARTESIAN_POINT('Ctrl Pts',(-362.245561624046,-103.945315019225,-2.95663544046609));
#2153=CARTESIAN_POINT('Ctrl Pts',(-362.213408969856,-103.902496116087,-2.95832191662014));
#2154=CARTESIAN_POINT('Ctrl Pts',(-362.111154243741,-103.766319637871,-2.9636853978498));
#2155=CARTESIAN_POINT('Ctrl Pts',(-361.989550294278,-103.645773144394,-2.96818785660049));
#2156=CARTESIAN_POINT('Ctrl Pts',(-361.852434261596,-103.544690605554,-2.97170098856675));
#2157=CARTESIAN_POINT('Ctrl Pts',(-361.748628528067,-103.468164564901,-2.97436065741517));
#2158=CARTESIAN_POINT('Ctrl Pts',(-361.63667249818,-103.403340223683,-2.97643425771397));
#2159=CARTESIAN_POINT('Ctrl Pts',(-361.518604491584,-103.351405382829,-2.97788729672092));
#2160=CARTESIAN_POINT('Ctrl Pts',(-361.404688563901,-103.301296926308,-2.97928923693495));
#2161=CARTESIAN_POINT('Ctrl Pts',(-361.285748088138,-103.263479949254,-2.98010531071023));
#2162=CARTESIAN_POINT('Ctrl Pts',(-361.163802574473,-103.238599084225,-2.980321937855));
#2163=CARTESIAN_POINT('Ctrl Pts',(-361.014009744653,-103.208036457776,-2.98058803368792));
#2164=CARTESIAN_POINT('Ctrl Pts',(-360.860859562917,-103.197232812308,-2.9799477044179));
#2165=CARTESIAN_POINT('Ctrl Pts',(-360.708267413169,-103.206460809882,-2.97841238735724));
#2166=CARTESIAN_POINT('Ctrl Pts',(-360.481258327455,-103.220189165474,-2.97612831885961));
#2167=CARTESIAN_POINT('Ctrl Pts',(-360.259123234527,-103.278030960579,-2.97190056885007));
#2168=CARTESIAN_POINT('Ctrl Pts',(-360.05430184541,-103.376705010553,-2.96593116422984));
#2169=CARTESIAN_POINT('Ctrl Pts',(-359.884804100339,-103.458361662916,-2.96099124742276));
#2170=CARTESIAN_POINT('Ctrl Pts',(-359.729862611059,-103.566677454188,-2.95493635679678));
#2171=CARTESIAN_POINT('Ctrl Pts',(-359.595272582797,-103.697249737331,-2.94798417311716));
#2172=CARTESIAN_POINT('Ctrl Pts',(-359.56483251931,-103.726781112276,-2.94641180616461));
#2173=CARTESIAN_POINT('Ctrl Pts',(-359.535433480278,-103.757450749311,-2.94479355950087));
#2174=CARTESIAN_POINT('Ctrl Pts',(-359.507142510767,-103.789207339286,-2.94313199332448));
#2175=CARTESIAN_POINT('Ctrl Pts',(-359.38458724818,-103.926775520596,-2.9359341601441));
#2176=CARTESIAN_POINT('Ctrl Pts',(-359.28474100199,-104.082594391016,-2.92803481916337));
#2177=CARTESIAN_POINT('Ctrl Pts',(-359.211045824162,-104.250759548551,-2.91971579738892));
#2178=CARTESIAN_POINT('Ctrl Pts',(-359.192335361128,-104.293454987473,-2.91760368158998));
#2179=CARTESIAN_POINT('Ctrl Pts',(-359.175310598394,-104.336946016784,-2.91546458609223));
#2180=CARTESIAN_POINT('Ctrl Pts',(-359.160027867785,-104.381135496572,-2.91330328097246));
#2181=CARTESIAN_POINT('Ctrl Pts',(-359.093507932617,-104.573475557114,-2.90389593878191));
#2182=CARTESIAN_POINT('Ctrl Pts',(-359.061105973874,-104.775832160404,-2.89422321119589));
#2183=CARTESIAN_POINT('Ctrl Pts',(-359.064158535174,-104.979072606193,-2.88472573714404));
#2184=CARTESIAN_POINT('Ctrl Pts',(-359.064395677714,-104.994861627572,-2.88398791244451));
#2185=CARTESIAN_POINT('Ctrl Pts',(-359.064846794625,-105.010655961175,-2.88325115858108));
#2186=CARTESIAN_POINT('Ctrl Pts',(-359.065512512548,-105.026451314825,-2.88251568872912));
#2187=CARTESIAN_POINT('Ctrl Pts',(-359.066193226881,-105.042602485246,-2.88176365118811));
#2188=CARTESIAN_POINT('Ctrl Pts',(-359.067097450477,-105.058734285006,-2.88101390771083));
#2189=CARTESIAN_POINT('Ctrl Pts',(-359.068224187885,-105.074842196091,-2.88026667347001));
#2190=CARTESIAN_POINT('Origin',(-360.813961275762,-104.951597196728,-1.36236796137891));
#2191=CARTESIAN_POINT('Origin',(-267.304403519728,-80.3511740642469,-1.36236796137891));
#2192=CARTESIAN_POINT('',(-265.558666431774,-80.4732478932991,-1.36236796137891));
#2193=CARTESIAN_POINT('Origin',(-267.304403519728,-80.3511740642469,-1.36236796137891));
#2194=CARTESIAN_POINT('',(-265.558666431779,-80.4732478933722,-3.28752914549339));
#2195=CARTESIAN_POINT('',(-265.558666431774,-80.4732478932991,-1.36236796137891));
#2196=CARTESIAN_POINT('',(-265.707211870306,-81.0663515492227,-3.25993504755376));
#2197=CARTESIAN_POINT('Ctrl Pts',(-265.558666431784,-80.4732478934454,-3.28752914549339));
#2198=CARTESIAN_POINT('Ctrl Pts',(-265.572987974414,-80.6780554946359,-3.27773797471976));
#2199=CARTESIAN_POINT('Ctrl Pts',(-265.623246289687,-80.87883288844,-3.26838779210518));
#2200=CARTESIAN_POINT('Ctrl Pts',(-265.707211870306,-81.0663515492227,-3.25993504755376));
#2201=CARTESIAN_POINT('Ctrl Pts',(-265.707211870306,-81.0663515492227,-3.25993504755376));
#2202=CARTESIAN_POINT('Ctrl Pts',(-265.757804132278,-81.1793382414002,-3.25484196698941));
#2203=CARTESIAN_POINT('Ctrl Pts',(-265.820249289266,-81.2866522016452,-3.25011378240419));
#2204=CARTESIAN_POINT('Ctrl Pts',(-265.99493814059,-81.5247140901591,-3.23991610817082));
#2205=CARTESIAN_POINT('Ctrl Pts',(-266.116152401265,-81.6473123028829,-3.23491651590418));
#2206=CARTESIAN_POINT('Ctrl Pts',(-266.368616159694,-81.8369781099048,-3.22773584752588));
#2207=CARTESIAN_POINT('Ctrl Pts',(-266.494240602069,-81.9090430139588,-3.2252609168343));
#2208=CARTESIAN_POINT('Ctrl Pts',(-266.764447600691,-82.0224224754728,-3.22199761876847));
#2209=CARTESIAN_POINT('Ctrl Pts',(-266.908386022657,-82.062254527869,-3.22127711802509));
#2210=CARTESIAN_POINT('Ctrl Pts',(-267.24107347993,-82.110034530807,-3.2218037842037));
#2211=CARTESIAN_POINT('Ctrl Pts',(-267.429587866483,-82.106713733037,-3.22360699010054));
#2212=CARTESIAN_POINT('Ctrl Pts',(-267.84060024628,-82.032845411661,-3.23080690677837));
#2213=CARTESIAN_POINT('Ctrl Pts',(-268.0569397748,-81.9477867524886,-3.23686111299028));
#2214=CARTESIAN_POINT('Ctrl Pts',(-268.445422224224,-81.698105445382,-3.25239972156844));
#2215=CARTESIAN_POINT('Ctrl Pts',(-268.613439429977,-81.5354581580431,-3.26174953405469));
#2216=CARTESIAN_POINT('Ctrl Pts',(-268.873505502796,-81.1584591468662,-3.28217047831022));
#2217=CARTESIAN_POINT('Ctrl Pts',(-268.964690411062,-80.9488530058569,-3.29300688509065));
#2218=CARTESIAN_POINT('Ctrl Pts',(-269.060063347566,-80.5159914592526,-3.31446674462093));
#2219=CARTESIAN_POINT('Ctrl Pts',(-269.066966462169,-80.2974090601668,-3.32489606261734));
#2220=CARTESIAN_POINT('Ctrl Pts',(-268.998190943435,-79.8536881749512,-3.34528798203081));
#2221=CARTESIAN_POINT('Ctrl Pts',(-268.917312813042,-79.6335584523178,-3.35496540275499));
#2222=CARTESIAN_POINT('Ctrl Pts',(-268.70022394993,-79.2799339109069,-3.36976698978162));
#2223=CARTESIAN_POINT('Ctrl Pts',(-268.580847196179,-79.1401481460544,-3.37533204820963));
#2224=CARTESIAN_POINT('Ctrl Pts',(-268.331191321991,-78.9265807798114,-3.38329552220187));
#2225=CARTESIAN_POINT('Ctrl Pts',(-268.208971538799,-78.8460081891764,-3.38607536366918));
#2226=CARTESIAN_POINT('Ctrl Pts',(-267.949709961717,-78.7182041860132,-3.3899727104031));
#2227=CARTESIAN_POINT('Ctrl Pts',(-267.813958444977,-78.6708859028877,-3.39110438932363));
#2228=CARTESIAN_POINT('Ctrl Pts',(-267.504503704693,-78.6040290985419,-3.39178491496585));
#2229=CARTESIAN_POINT('Ctrl Pts',(-267.330550046474,-78.5928032282174,-3.39094703751832));
#2230=CARTESIAN_POINT('Ctrl Pts',(-266.932655067537,-78.6262526285219,-3.38627655114901));
#2231=CARTESIAN_POINT('Ctrl Pts',(-266.713325167864,-78.6886023058669,-3.38165677814523));
#2232=CARTESIAN_POINT('Ctrl Pts',(-266.305670557299,-78.8956486527776,-3.36875574734617));
#2233=CARTESIAN_POINT('Ctrl Pts',(-266.122257419516,-79.0402559558325,-3.36051437437219));
#2234=CARTESIAN_POINT('Ctrl Pts',(-265.823965153293,-79.3903856868025,-3.34158656262105));
#2235=CARTESIAN_POINT('Ctrl Pts',(-265.711222761599,-79.5918609241551,-3.3311082230402));
#2236=CARTESIAN_POINT('Ctrl Pts',(-265.572641987226,-80.0173933024162,-3.30963489088049));
#2237=CARTESIAN_POINT('Ctrl Pts',(-265.544507582944,-80.2363939481576,-3.2988688824833));
#2238=CARTESIAN_POINT('Ctrl Pts',(-265.557843100139,-80.4610117918881,-3.28811433531664));
#2239=CARTESIAN_POINT('Ctrl Pts',(-265.55823874166,-80.4671316397363,-3.28782154325701));
#2240=CARTESIAN_POINT('Ctrl Pts',(-265.558666431784,-80.4732478934454,-3.28752914549339));
#2241=CARTESIAN_POINT('Origin',(-267.304403519728,-80.3511740642469,-1.36236796137891));
#2242=CARTESIAN_POINT('Origin',(-175.400353855868,-56.17809242157,-1.36236796137891));
#2243=CARTESIAN_POINT('',(-173.654616767913,-56.3001662506223,-1.36236796137891));
#2244=CARTESIAN_POINT('Origin',(-175.400353855868,-56.17809242157,-1.36236796137891));
#2245=CARTESIAN_POINT('',(-173.654616767986,-56.3008590085914,-3.68583210373918));
#2246=CARTESIAN_POINT('',(-173.654616767913,-56.3001662506223,-1.36236796137891));
#2247=CARTESIAN_POINT('',(-173.817836057419,-56.9256452885099,-3.65626864391447));
#2248=CARTESIAN_POINT('Ctrl Pts',(-173.654616767986,-56.3008590085914,-3.68583210373918));
#2249=CARTESIAN_POINT('Ctrl Pts',(-173.669754523465,-56.5172508933105,-3.67527985915938));
#2250=CARTESIAN_POINT('Ctrl Pts',(-173.725042157681,-56.7291479346467,-3.66524371733083));
#2251=CARTESIAN_POINT('Ctrl Pts',(-173.817836057419,-56.9256452885099,-3.65626864391447));
#2252=CARTESIAN_POINT('Ctrl Pts',(-173.817836057419,-56.9256452885099,-3.65626864391447));
#2253=CARTESIAN_POINT('Ctrl Pts',(-173.896509967706,-57.0922426104583,-3.64865926309554));
#2254=CARTESIAN_POINT('Ctrl Pts',(-174.00103187744,-57.2454132039204,-3.64192109378584));
#2255=CARTESIAN_POINT('Ctrl Pts',(-174.127558625022,-57.3794656882913,-3.6363243572945));
#2256=CARTESIAN_POINT('Ctrl Pts',(-174.239385224523,-57.4979436683895,-3.63137786161597));
#2257=CARTESIAN_POINT('Ctrl Pts',(-174.36723318594,-57.600250505094,-3.62737492392626));
#2258=CARTESIAN_POINT('Ctrl Pts',(-174.507405650395,-57.6834014405542,-3.62444278194544));
#2259=CARTESIAN_POINT('Ctrl Pts',(-174.645860338395,-57.7655333833063,-3.62154657258861));
#2260=CARTESIAN_POINT('Ctrl Pts',(-174.795000669539,-57.8281816975386,-3.61972324462655));
#2261=CARTESIAN_POINT('Ctrl Pts',(-174.950605936469,-57.8695623268291,-3.61902848463251));
#2262=CARTESIAN_POINT('Ctrl Pts',(-175.132924377078,-57.9180468797786,-3.61821445332617));
#2263=CARTESIAN_POINT('Ctrl Pts',(-175.321882782217,-57.9367402983329,-3.61896001673284));
#2264=CARTESIAN_POINT('Ctrl Pts',(-175.510154282075,-57.9249245523682,-3.62122880263883));
#2265=CARTESIAN_POINT('Ctrl Pts',(-175.730737803397,-57.9110809336904,-3.62388696802578));
#2266=CARTESIAN_POINT('Ctrl Pts',(-175.946669410847,-57.8555909781927,-3.62859099762337));
#2267=CARTESIAN_POINT('Ctrl Pts',(-176.146521841941,-57.7614380954105,-3.63506013927355));
#2268=CARTESIAN_POINT('Ctrl Pts',(-176.310556115774,-57.6841595770963,-3.6403698617878));
#2269=CARTESIAN_POINT('Ctrl Pts',(-176.461271292928,-57.5820046507094,-3.64678743601591));
#2270=CARTESIAN_POINT('Ctrl Pts',(-176.593450880386,-57.4588867367195,-3.65405367655834));
#2271=CARTESIAN_POINT('Ctrl Pts',(-176.630083025469,-57.4247659365694,-3.65606743664699));
#2272=CARTESIAN_POINT('Ctrl Pts',(-176.665291523529,-57.3890347489975,-3.65814641197181));
#2273=CARTESIAN_POINT('Ctrl Pts',(-176.698965336343,-57.3517757437843,-3.66028517539011));
#2274=CARTESIAN_POINT('Ctrl Pts',(-176.816358621487,-57.2218837993385,-3.66774130948505));
#2275=CARTESIAN_POINT('Ctrl Pts',(-176.913367382588,-57.0753447152609,-3.67581314606382));
#2276=CARTESIAN_POINT('Ctrl Pts',(-176.986987358913,-56.9172098330758,-3.68421622347353));
#2277=CARTESIAN_POINT('Ctrl Pts',(-177.009254149865,-56.8693810162308,-3.6867577832155));
#2278=CARTESIAN_POINT('Ctrl Pts',(-177.029381345817,-56.8204910621264,-3.68932972409885));
#2279=CARTESIAN_POINT('Ctrl Pts',(-177.047285823331,-56.7706788353492,-3.69192438650981));
#2280=CARTESIAN_POINT('Ctrl Pts',(-177.117101338539,-56.576444389058,-3.70204183857551));
#2281=CARTESIAN_POINT('Ctrl Pts',(-177.151942962152,-56.3714726790573,-3.71233215417545));
#2282=CARTESIAN_POINT('Ctrl Pts',(-177.150298216722,-56.1652782453651,-3.72232503361712));
#2283=CARTESIAN_POINT('Ctrl Pts',(-177.150193302875,-56.1521256620964,-3.72296245227386));
#2284=CARTESIAN_POINT('Ctrl Pts',(-177.14993993264,-56.1389680886619,-3.72359866773012));
#2285=CARTESIAN_POINT('Ctrl Pts',(-177.149537713468,-56.1258079890411,-3.7242335606941));
#2286=CARTESIAN_POINT('Ctrl Pts',(-177.142449662033,-55.8938959626503,-3.73542187370537));
#2287=CARTESIAN_POINT('Ctrl Pts',(-177.089272671096,-55.6656475775584,-3.74598351756368));
#2288=CARTESIAN_POINT('Ctrl Pts',(-176.993066744784,-55.4543956978579,-3.75533338917162));
#2289=CARTESIAN_POINT('Ctrl Pts',(-176.912489290593,-55.2774612894278,-3.76316439168954));
#2290=CARTESIAN_POINT('Ctrl Pts',(-176.802954402686,-55.1151459481231,-3.77002701251024));
#2291=CARTESIAN_POINT('Ctrl Pts',(-176.668943060878,-54.9741556468164,-3.77565909458377));
#2292=CARTESIAN_POINT('Ctrl Pts',(-176.557903370457,-54.8573333003028,-3.78032574922235));
#2293=CARTESIAN_POINT('Ctrl Pts',(-176.43123414128,-54.75638826364,-3.78409837448925));
#2294=CARTESIAN_POINT('Ctrl Pts',(-176.292522171006,-54.6742018397609,-3.78687797453085));
#2295=CARTESIAN_POINT('Ctrl Pts',(-176.15559138365,-54.5930707613869,-3.78962188207882));
#2296=CARTESIAN_POINT('Ctrl Pts',(-176.008218416563,-54.5309861090186,-3.7913722894216));
#2297=CARTESIAN_POINT('Ctrl Pts',(-175.854481694227,-54.4896756556449,-3.7920832596279));
#2298=CARTESIAN_POINT('Ctrl Pts',(-175.673190729024,-54.4409611269926,-3.79292165707111));
#2299=CARTESIAN_POINT('Ctrl Pts',(-175.485241374287,-54.4217236775443,-3.79230475528585));
#2300=CARTESIAN_POINT('Ctrl Pts',(-175.297851236365,-54.4326970284401,-3.79025002654318));
#2301=CARTESIAN_POINT('Ctrl Pts',(-175.067449636075,-54.4461890810902,-3.78772367806121));
#2302=CARTESIAN_POINT('Ctrl Pts',(-174.84202319891,-54.5051092564088,-3.78306887892984));
#2303=CARTESIAN_POINT('Ctrl Pts',(-174.634564377684,-54.6060140945827,-3.77652508093487));
#2304=CARTESIAN_POINT('Ctrl Pts',(-174.460030988902,-54.690904499565,-3.77101983785666));
#2305=CARTESIAN_POINT('Ctrl Pts',(-174.301109835125,-54.8040992578401,-3.76426809667308));
#2306=CARTESIAN_POINT('Ctrl Pts',(-174.164137928843,-54.9407343963354,-3.75653470480475));
#2307=CARTESIAN_POINT('Ctrl Pts',(-174.13765570169,-54.9671515126113,-3.7550395263723));
#2308=CARTESIAN_POINT('Ctrl Pts',(-174.111993950095,-54.9944446887616,-3.75350767070728));
#2309=CARTESIAN_POINT('Ctrl Pts',(-174.087198472805,-55.0225785401266,-3.75194108170629));
#2310=CARTESIAN_POINT('Ctrl Pts',(-173.965208073616,-55.160993288855,-3.74423367541771));
#2311=CARTESIAN_POINT('Ctrl Pts',(-173.866082275321,-55.3176075355144,-3.73580445111751));
#2312=CARTESIAN_POINT('Ctrl Pts',(-173.793264826443,-55.4864821250631,-3.72695969092965));
#2313=CARTESIAN_POINT('Ctrl Pts',(-173.776390256187,-55.5256167853634,-3.72491002385828));
#2314=CARTESIAN_POINT('Ctrl Pts',(-173.760928510131,-55.5654096418646,-3.72283809485796));
#2315=CARTESIAN_POINT('Ctrl Pts',(-173.746922445417,-55.6057863958645,-3.72074781598781));
#2316=CARTESIAN_POINT('Ctrl Pts',(-173.680849670383,-55.7962613249916,-3.71088705007164));
#2317=CARTESIAN_POINT('Ctrl Pts',(-173.648258175064,-55.9966060738747,-3.70077829929436));
#2318=CARTESIAN_POINT('Ctrl Pts',(-173.650458277906,-56.1979419418724,-3.69087313321252));
#2319=CARTESIAN_POINT('Ctrl Pts',(-173.65064915774,-56.2154097421456,-3.69001376590499));
#2320=CARTESIAN_POINT('Ctrl Pts',(-173.6511019213,-56.2328849733278,-3.68915594320268));
#2321=CARTESIAN_POINT('Ctrl Pts',(-173.651817424298,-56.2503618213874,-3.68829996682213));
#2322=CARTESIAN_POINT('Ctrl Pts',(-173.652507514007,-56.2672179254446,-3.68747439307497));
#2323=CARTESIAN_POINT('Ctrl Pts',(-173.653441036137,-56.2840520228246,-3.68665168824054));
#2324=CARTESIAN_POINT('Ctrl Pts',(-173.654616767986,-56.3008590085915,-3.68583210373918));
#2325=CARTESIAN_POINT('Origin',(-175.400353855868,-56.17809242157,-1.36236796137891));
#2326=CARTESIAN_POINT('Origin',(-359.545171552838,-109.787935960607,-0.612367961378901));
#2327=CARTESIAN_POINT('',(-369.37566672699,-112.906179314598,-0.6123679613789));
#2328=CARTESIAN_POINT('',(-361.778962442265,-110.919749434769,-0.6123679613789));
#2329=CARTESIAN_POINT('Ctrl Pts',(-369.37566672699,-112.906179314598,-0.6123679613789));
#2330=CARTESIAN_POINT('Ctrl Pts',(-369.278919542082,-112.880881317025,-0.612367961378901));
#2331=CARTESIAN_POINT('Ctrl Pts',(-369.18217235729,-112.855583319006,-0.612367961378901));
#2332=CARTESIAN_POINT('Ctrl Pts',(-369.085425172615,-112.830285320543,-0.612367961378901));
#2333=CARTESIAN_POINT('Ctrl Pts',(-366.649937523939,-112.193440300222,-0.612367961378908));
#2334=CARTESIAN_POINT('Ctrl Pts',(-364.214449948916,-111.556594998232,-0.612367961378898));
#2335=CARTESIAN_POINT('Ctrl Pts',(-361.778962442265,-110.919749434769,-0.612367961378899));
#2336=CARTESIAN_POINT('',(-349.458954190144,-107.644447612022,-0.612367961378906));
#2337=CARTESIAN_POINT('',(-307.80290092028,-96.5700924321263,-0.61236796137893));
#2338=CARTESIAN_POINT('',(-349.994483610785,-105.603130875726,-0.612367961378906));
#2339=CARTESIAN_POINT('',(-349.772632157685,-106.448778316802,-0.612367961378906));
#2340=CARTESIAN_POINT('',(-358.145728731682,-100.839927811858,-0.6123679613789));
#2341=CARTESIAN_POINT('',(-356.664785778125,-101.705321001386,-0.612367961378901));
#2342=CARTESIAN_POINT('',(-365.156996254101,-102.679299413276,-0.612367961378895));
#2343=CARTESIAN_POINT('',(-363.344081060249,-102.203690015591,-0.612367961378897));
#2344=CARTESIAN_POINT('',(-369.920199317968,-110.830544534173,-0.612367961378894));
#2345=CARTESIAN_POINT('',(-368.34129632025,-108.128575883255,-0.612367961378895));
#2346=CARTESIAN_POINT('',(-369.317710947991,-113.127093604412,-0.612367961378895));
#2347=CARTESIAN_POINT('Origin',(-369.857504662656,-110.723255490147,-0.612367961378904));
#2348=CARTESIAN_POINT('',(-365.156996254101,-102.679299413276,0.587632038621094));
#2349=CARTESIAN_POINT('',(-365.156996254101,-102.679299413276,-0.612367961378905));
#2350=CARTESIAN_POINT('',(-369.920199317968,-110.830544534173,0.587632038621094));
#2351=CARTESIAN_POINT('',(-368.34129632025,-108.128575883255,0.587632038621094));
#2352=CARTESIAN_POINT('',(-369.920199317968,-110.830544534173,-0.612367961378905));
#2353=CARTESIAN_POINT('Origin',(-369.127392489552,-113.852544418994,-0.612367961378905));
#2354=CARTESIAN_POINT('',(-369.36753185324,-112.937187608992,-0.578585378480715));
#2355=CARTESIAN_POINT('Ctrl Pts',(-369.36753185324,-112.937187608992,-0.578585378480715));
#2356=CARTESIAN_POINT('Ctrl Pts',(-369.370243477825,-112.926851510855,-0.589846239441229));
#2357=CARTESIAN_POINT('Ctrl Pts',(-369.372955102408,-112.916515412724,-0.601107100407304));
#2358=CARTESIAN_POINT('Ctrl Pts',(-369.375666726989,-112.906179314598,-0.612367961378907));
#2359=CARTESIAN_POINT('',(-369.367532038247,-112.93718690379,0.587632038621094));
#2360=CARTESIAN_POINT('',(-369.317710947991,-113.127093604412,0.587632038621094));
#2361=CARTESIAN_POINT('',(-369.367532147085,-112.937186488924,1.27370982570091));
#2362=CARTESIAN_POINT('Origin',(-349.962950616123,-105.72332750222,-0.612367961378905));
#2363=CARTESIAN_POINT('',(-349.45895438051,-107.644446886391,0.587632038621094));
#2364=CARTESIAN_POINT('',(-349.458954489348,-107.644446471525,1.27371072121209));
#2365=CARTESIAN_POINT('',(-349.994483610785,-105.603130875726,0.587632038621094));
#2366=CARTESIAN_POINT('',(-349.772632157685,-106.448778316802,0.587632038621094));
#2367=CARTESIAN_POINT('',(-349.994483610785,-105.603130875726,-0.612367961378905));
#2368=CARTESIAN_POINT('Origin',(-358.038439687656,-100.902622467171,-0.612367961378904));
#2369=CARTESIAN_POINT('',(-358.145728731682,-100.839927811858,0.587632038621094));
#2370=CARTESIAN_POINT('',(-356.664785778125,-101.705321001386,0.587632038621094));
#2371=CARTESIAN_POINT('',(-358.145728731682,-100.839927811858,-0.612367961378905));
#2372=CARTESIAN_POINT('Origin',(-365.036799627607,-102.647766418614,-0.612367961378905));
#2373=CARTESIAN_POINT('',(-363.344081060249,-102.203690015591,0.587632038621094));
#2374=CARTESIAN_POINT('Origin',(-359.545171552838,-109.787935960607,0.587632038621094));
#2375=CARTESIAN_POINT('',(-307.802901113022,-96.5700917071277,0.587632038621094));
#2376=CARTESIAN_POINT('Origin',(-275.617834733519,-89.2521212865136,-0.612367961378905));
#2377=CARTESIAN_POINT('',(-275.921565826014,-88.0943672238126,0.587632038621094));
#2378=CARTESIAN_POINT('',(-275.921565635648,-88.0943679494431,-0.612367961378904));
#2379=CARTESIAN_POINT('',(-275.921565934852,-88.0943668089468,1.27370964828156));
#2380=CARTESIAN_POINT('',(-276.410641561935,-86.2301214016922,-0.612367961378904));
#2381=CARTESIAN_POINT('',(-275.808153191957,-88.5266704719317,-0.612367961378904));
#2382=CARTESIAN_POINT('',(-276.410641561935,-86.2301214016922,0.587632038621094));
#2383=CARTESIAN_POINT('',(-276.410641561935,-86.2301214016922,-0.612367961378905));
#2384=CARTESIAN_POINT('',(-275.808153191957,-88.5266704719317,0.587632038621094));
#2385=CARTESIAN_POINT('Origin',(-266.035613796804,-85.1875128281262,-0.612367961378902));
#2386=CARTESIAN_POINT('',(-256.012987977911,-82.8016279320443,-0.612367961378901));
#2387=CARTESIAN_POINT('',(-261.080314816071,-84.1487881359849,-0.612367961378901));
#2388=CARTESIAN_POINT('',(-256.484925854752,-81.0027077432452,-0.612367961378901));
#2389=CARTESIAN_POINT('',(-256.263074401651,-81.8483551843209,-0.612367961378901));
#2390=CARTESIAN_POINT('',(-264.636170975649,-76.2395046793776,-0.612367961378904));
#2391=CARTESIAN_POINT('',(-263.155228022092,-77.1048978689054,-0.612367961378904));
#2392=CARTESIAN_POINT('',(-271.647438498068,-78.0788762807954,-0.612367961378905));
#2393=CARTESIAN_POINT('',(-269.834523304216,-77.6032668831099,-0.612367961378905));
#2394=CARTESIAN_POINT('',(-274.831738564216,-83.5281527507745,-0.612367961378905));
#2395=CARTESIAN_POINT('Origin',(-276.347946906622,-86.122832357666,-0.612367961378904));
#2396=CARTESIAN_POINT('',(-271.647438498068,-78.0788762807954,0.587632038621094));
#2397=CARTESIAN_POINT('',(-271.647438498068,-78.0788762807954,-0.612367961378905));
#2398=CARTESIAN_POINT('',(-274.831738564216,-83.5281527507745,0.587632038621094));
#2399=CARTESIAN_POINT('Origin',(-256.45339286009,-81.122904369739,-0.612367961378905));
#2400=CARTESIAN_POINT('',(-256.012988168277,-82.8016272064137,0.587632038621094));
#2401=CARTESIAN_POINT('',(-256.012988277115,-82.8016267915474,1.27371054379275));
#2402=CARTESIAN_POINT('',(-256.484925854752,-81.0027077432452,0.587632038621094));
#2403=CARTESIAN_POINT('',(-256.263074401651,-81.8483551843209,0.587632038621094));
#2404=CARTESIAN_POINT('',(-256.484925854752,-81.0027077432452,-0.612367961378905));
#2405=CARTESIAN_POINT('Origin',(-264.528881931623,-76.3021993346904,-0.612367961378904));
#2406=CARTESIAN_POINT('',(-264.636170975649,-76.2395046793776,0.587632038621094));
#2407=CARTESIAN_POINT('',(-263.155228022092,-77.1048978689054,0.587632038621094));
#2408=CARTESIAN_POINT('',(-264.636170975649,-76.2395046793776,-0.612367961378905));
#2409=CARTESIAN_POINT('Origin',(-271.527241871574,-78.0473432861333,-0.612367961378905));
#2410=CARTESIAN_POINT('',(-269.834523304216,-77.6032668831099,0.587632038621094));
#2411=CARTESIAN_POINT('Origin',(-266.035613796804,-85.1875128281262,0.587632038621094));
#2412=CARTESIAN_POINT('',(-261.080315008813,-84.1487874109863,0.587632038621094));
#2413=CARTESIAN_POINT('Origin',(-183.713785069658,-65.0790396438367,-0.612367961378905));
#2414=CARTESIAN_POINT('',(-184.081233652531,-63.6784089538408,0.587632038621094));
#2415=CARTESIAN_POINT('',(-184.081233462165,-63.6784096794714,-0.612367961378904));
#2416=CARTESIAN_POINT('',(-184.081233761369,-63.6784085389752,1.27370947240965));
#2417=CARTESIAN_POINT('',(-184.506591898075,-62.0570397590153,-0.612367961378904));
#2418=CARTESIAN_POINT('',(-183.904103528097,-64.3535888292549,-0.612367961378905));
#2419=CARTESIAN_POINT('',(-184.506591898075,-62.0570397590153,0.587632038621094));
#2420=CARTESIAN_POINT('',(-184.506591898075,-62.0570397590153,-0.612367961378905));
#2421=CARTESIAN_POINT('',(-183.904103528097,-64.3535888292549,0.587632038621094));
#2422=CARTESIAN_POINT('Origin',(-174.131564132944,-61.0144311854494,-0.612367961378903));
#2423=CARTESIAN_POINT('',(-164.172655804428,-58.3856696620726,-0.612367961378901));
#2424=CARTESIAN_POINT('',(-215.160546517521,-71.9409147538819,-0.61236796137891));
#2425=CARTESIAN_POINT('',(-164.580876190892,-56.8296261005684,-0.612367961378901));
#2426=CARTESIAN_POINT('',(-164.359024737791,-57.675273541644,-0.612367961378901));
#2427=CARTESIAN_POINT('',(-172.732121311789,-52.0664230367007,-0.612367961378899));
#2428=CARTESIAN_POINT('',(-171.251178358232,-52.9318162262285,-0.6123679613789));
#2429=CARTESIAN_POINT('',(-179.743388834207,-53.9057946381185,-0.6123679613789));
#2430=CARTESIAN_POINT('',(-177.930473640356,-53.430185240433,-0.6123679613789));
#2431=CARTESIAN_POINT('',(-182.927688900356,-59.3550711080977,-0.612367961378903));
#2432=CARTESIAN_POINT('Origin',(-184.443897242762,-61.9497507149892,-0.612367961378904));
#2433=CARTESIAN_POINT('',(-179.743388834207,-53.9057946381185,0.587632038621094));
#2434=CARTESIAN_POINT('',(-179.743388834207,-53.9057946381185,-0.612367961378905));
#2435=CARTESIAN_POINT('',(-182.927688900356,-59.3550711080977,0.587632038621094));
#2436=CARTESIAN_POINT('Origin',(-164.54934319623,-56.9498227270621,-0.612367961378905));
#2437=CARTESIAN_POINT('',(-164.172655994794,-58.385668936442,0.587632038621094));
#2438=CARTESIAN_POINT('',(-164.172656103632,-58.3856685215759,1.27371036792084));
#2439=CARTESIAN_POINT('',(-164.580876190892,-56.8296261005684,0.587632038621094));
#2440=CARTESIAN_POINT('',(-164.359024737791,-57.675273541644,0.587632038621094));
#2441=CARTESIAN_POINT('',(-164.580876190892,-56.8296261005684,-0.612367961378905));
#2442=CARTESIAN_POINT('Origin',(-172.624832267762,-52.1291176920136,-0.612367961378904));
#2443=CARTESIAN_POINT('',(-172.732121311789,-52.0664230367007,0.587632038621094));
#2444=CARTESIAN_POINT('',(-171.251178358232,-52.9318162262285,0.587632038621094));
#2445=CARTESIAN_POINT('',(-172.732121311789,-52.0664230367007,-0.612367961378905));
#2446=CARTESIAN_POINT('Origin',(-179.623192207713,-53.8742616434564,-0.612367961378905));
#2447=CARTESIAN_POINT('',(-177.930473640356,-53.430185240433,0.587632038621094));
#2448=CARTESIAN_POINT('Origin',(-174.131564132944,-61.0144311854494,0.587632038621094));
#2449=CARTESIAN_POINT('',(-215.160546710263,-71.9409140288833,0.587632038621094));
#2450=CARTESIAN_POINT('Ctrl Pts',(-159.478106619843,-57.1376138159482,-1.51304906356927));
#2451=CARTESIAN_POINT('Ctrl Pts',(-234.652070833744,-77.122780571258,-1.17833487332351));
#2452=CARTESIAN_POINT('Ctrl Pts',(-309.82603528431,-97.1079473895014,-0.84364479637647));
#2453=CARTESIAN_POINT('Ctrl Pts',(-385.,-117.093114278254,-0.508994005615268));
#2454=CARTESIAN_POINT('Ctrl Pts',(-159.652071079895,-56.4950042069723,-2.214955069828));
#2455=CARTESIAN_POINT('Ctrl Pts',(-234.826035792208,-76.480167388713,-1.8801732292818));
#2456=CARTESIAN_POINT('Ctrl Pts',(-310.000000928767,-96.4653293279346,-1.54539119521941));
#2457=CARTESIAN_POINT('Ctrl Pts',(-385.173967617791,-116.450483932237,-1.21050392291384));
#2458=CARTESIAN_POINT('Ctrl Pts',(-159.826035539948,-55.8523945979965,-2.91686107608674));
#2459=CARTESIAN_POINT('Ctrl Pts',(-235.000000750673,-75.8375542061681,-2.58201158524009));
#2460=CARTESIAN_POINT('Ctrl Pts',(-310.173966573225,-95.8227112663676,-2.24713759406234));
#2461=CARTESIAN_POINT('Ctrl Pts',(-385.347935235582,-115.807853586219,-1.91201384021241));
#2462=CARTESIAN_POINT('Ctrl Pts',(-160.,-55.2097849890206,-3.61876708234547));
#2463=CARTESIAN_POINT('Ctrl Pts',(-235.173965709137,-75.1949410236231,-3.28384994119838));
#2464=CARTESIAN_POINT('Ctrl Pts',(-310.347932217683,-95.1800932048007,-2.94888399290528));
#2465=CARTESIAN_POINT('Ctrl Pts',(-385.521902853373,-115.165223240201,-2.61352375751099));
#2466=CARTESIAN_POINT('',(-385.,-117.093114278254,-0.508994005615268));
#2467=CARTESIAN_POINT('Ctrl Pts',(-385.,-117.093114278254,-0.508994005615268));
#2468=CARTESIAN_POINT('Ctrl Pts',(-379.789177283346,-115.707805388217,-0.532190945529768));
#2469=CARTESIAN_POINT('Ctrl Pts',(-374.578354567967,-114.322496498518,-0.555388074207563));
#2470=CARTESIAN_POINT('Ctrl Pts',(-369.367531853851,-112.937187609155,-0.578585386595241));
#2471=CARTESIAN_POINT('',(-385.,-115.026474464071,-2.61585202231981));
#2472=CARTESIAN_POINT('Ctrl Pts',(-385.,-115.026474464071,-2.61585202231981));
#2473=CARTESIAN_POINT('Ctrl Pts',(-385.,-115.370912914259,-2.26470970444286));
#2474=CARTESIAN_POINT('Ctrl Pts',(-384.999999999991,-115.715351579928,-1.9135675979334));
#2475=CARTESIAN_POINT('Ctrl Pts',(-384.999999999991,-116.404231517635,-1.21128159201849));
#2476=CARTESIAN_POINT('Ctrl Pts',(-385.,-116.748672789677,-0.860137692615592));
#2477=CARTESIAN_POINT('Ctrl Pts',(-385.,-117.093114278254,-0.508994005615268));
#2478=CARTESIAN_POINT('',(-160.,-55.2097849890206,-3.61876708234546));
#2479=CARTESIAN_POINT('Ctrl Pts',(-160.,-55.2097849890206,-3.61876708234547));
#2480=CARTESIAN_POINT('Ctrl Pts',(-234.999998102722,-75.1486913715477,-3.28462500651312));
#2481=CARTESIAN_POINT('Ctrl Pts',(-309.999997001157,-95.0875939184646,-2.95043434917239));
#2482=CARTESIAN_POINT('Ctrl Pts',(-384.999999999991,-115.026474464122,-2.61585202335104));
#2483=CARTESIAN_POINT('',(-160.,-57.2763603399608,-1.51072531900207));
#2484=CARTESIAN_POINT('Ctrl Pts',(-160.,-57.2763603399608,-1.51072531900207));
#2485=CARTESIAN_POINT('Ctrl Pts',(-160.,-56.9319323271753,-1.8620641278586));
#2486=CARTESIAN_POINT('Ctrl Pts',(-160.000000000002,-56.5875043765435,-2.21340299764623));
#2487=CARTESIAN_POINT('Ctrl Pts',(-160.000000000002,-55.8986459263109,-2.9160835855066));
#2488=CARTESIAN_POINT('Ctrl Pts',(-160.,-55.5542154267111,-3.2674253035803));
#2489=CARTESIAN_POINT('Ctrl Pts',(-160.,-55.2097849890206,-3.61876708234547));
#2490=CARTESIAN_POINT('Ctrl Pts',(-361.778962443478,-110.919749435091,-0.612367976907558));
#2491=CARTESIAN_POINT('Ctrl Pts',(-294.519308092554,-93.038619682703,-0.91179384788791));
#2492=CARTESIAN_POINT('Ctrl Pts',(-227.259653951523,-75.157489986135,-1.21124991775336));
#2493=CARTESIAN_POINT('Ctrl Pts',(-160.,-57.2763603399609,-1.51072531900129));
#2494=CARTESIAN_POINT('Origin',(-173.350002086163,-26.0000000149012,0.800000029802322));
#2495=CARTESIAN_POINT('',(-173.150002086163,-30.6500000149012,0.800000029802323));
#2496=CARTESIAN_POINT('Origin',(-173.150002086163,-26.0000000149012,0.800000029802322));
#2497=CARTESIAN_POINT('',(-173.350002086163,-30.4500000149012,0.800000029802323));
#2498=CARTESIAN_POINT('Origin',(-173.150002086163,-37.0000006109476,0.));
#2499=CARTESIAN_POINT('',(-173.150002086163,-37.0621326453035,-4.51834202756077));
#2500=CARTESIAN_POINT('',(-173.150002086163,42.062132540997,-6.08636490041442));
#2501=CARTESIAN_POINT('Ctrl Pts',(-173.150002086163,-37.0621326453035,-4.51834202756077));
#2502=CARTESIAN_POINT('Ctrl Pts',(-173.150002086163,-29.9633667648655,-4.79406198529944));
#2503=CARTESIAN_POINT('Ctrl Pts',(-173.150002086216,-23.3903025266232,-5.02115890254397));
#2504=CARTESIAN_POINT('Ctrl Pts',(-173.150002086216,-11.2047744604239,-5.4190952741242));
#2505=CARTESIAN_POINT('Ctrl Pts',(-173.150002086216,3.19862331412226,-5.91112610376483));
#2506=CARTESIAN_POINT('Ctrl Pts',(-173.150002086216,30.7050918404096,-6.0934280806979));
#2507=CARTESIAN_POINT('Ctrl Pts',(-173.150002086163,37.3372669620747,-6.11244321500647));
#2508=CARTESIAN_POINT('Ctrl Pts',(-173.150002086163,42.062132540997,-6.0863649004137));
#2509=CARTESIAN_POINT('',(-173.150002086163,42.0621325409974,12.1957923332299));
#2510=CARTESIAN_POINT('',(-173.150002086163,42.0621325409954,0.));
#2511=CARTESIAN_POINT('',(-173.150002086163,-37.0621326453035,6.30060410997357));
#2512=CARTESIAN_POINT('Ctrl Pts',(-173.150002086163,42.0621325409974,12.1957923332275));
#2513=CARTESIAN_POINT('Ctrl Pts',(-173.150002086163,37.3212183440234,12.1077742298901));
#2514=CARTESIAN_POINT('Ctrl Pts',(-173.150002086163,29.616332617386,11.7414474048202));
#2515=CARTESIAN_POINT('Ctrl Pts',(-173.150002086163,24.6298453445039,11.5168794887161));
#2516=CARTESIAN_POINT('Ctrl Pts',(-173.150002086163,23.4930616111302,11.4656841000398));
#2517=CARTESIAN_POINT('Ctrl Pts',(-173.150002086163,22.5096948448221,11.4204340127176));
#2518=CARTESIAN_POINT('Ctrl Pts',(-173.150002086163,21.520886426113,11.373550451813));
#2519=CARTESIAN_POINT('Ctrl Pts',(-173.150002086163,14.17764648953,11.025376599032));
#2520=CARTESIAN_POINT('Ctrl Pts',(-173.150002086163,8.62433420666056,10.6519319507183));
#2521=CARTESIAN_POINT('Ctrl Pts',(-173.150002086163,3.57223666113442,10.2421264564076));
#2522=CARTESIAN_POINT('Ctrl Pts',(-173.150002086163,-0.297295374288309,
9.928245840636));
#2523=CARTESIAN_POINT('Ctrl Pts',(-173.150002086163,-3.87368966402499,9.60216082511528));
#2524=CARTESIAN_POINT('Ctrl Pts',(-173.150002086163,-7.73489990330651,9.24210931136254));
#2525=CARTESIAN_POINT('Ctrl Pts',(-173.150002086163,-9.73840155854879,9.05528607225543));
#2526=CARTESIAN_POINT('Ctrl Pts',(-173.150002086163,-11.7401818243466,8.86573158210872));
#2527=CARTESIAN_POINT('Ctrl Pts',(-173.150002086163,-13.6788717038521,8.68011793256976));
#2528=CARTESIAN_POINT('Ctrl Pts',(-173.150002086163,-22.6383361570079,7.82232272115154));
#2529=CARTESIAN_POINT('Ctrl Pts',(-173.150002086163,-30.6255836352612,6.99493803073703));
#2530=CARTESIAN_POINT('Ctrl Pts',(-173.150002086163,-37.0621326453035,6.30060410997358));
#2531=CARTESIAN_POINT('',(-173.150002086163,-37.0621326453036,0.));
#2532=CARTESIAN_POINT('',(-173.150002086163,-2.00000022351742,-4.7));
#2533=CARTESIAN_POINT('',(-173.150002086163,39.249309117403,-4.7));
#2534=CARTESIAN_POINT('',(-173.150002086163,-9.18767308200242,-4.7));
#2535=CARTESIAN_POINT('',(-173.150002086163,-3.00000022351743,-3.7));
#2536=CARTESIAN_POINT('',(-173.150002086163,-12.175000320375,5.47500009685755));
#2537=CARTESIAN_POINT('',(-173.150002086163,-3.00000022351743,7.5));
#2538=CARTESIAN_POINT('',(-173.150002086163,-3.00000022351743,0.));
#2539=CARTESIAN_POINT('',(-173.150002086163,-2.00000022351742,8.5));
#2540=CARTESIAN_POINT('',(-173.150002086163,-13.125000320375,-2.62500009685754));
#2541=CARTESIAN_POINT('',(-173.150002086163,39.249309117403,8.5));
#2542=CARTESIAN_POINT('',(-173.150002086163,-9.18767308200242,8.5));
#2543=CARTESIAN_POINT('',(-173.150002086163,40.249309117403,7.5));
#2544=CARTESIAN_POINT('',(-173.150002086163,22.5619816853153,25.1873274320877));
#2545=CARTESIAN_POINT('',(-173.150002086163,40.249309117403,-3.7));
#2546=CARTESIAN_POINT('',(-173.150002086163,40.249309117403,0.));
#2547=CARTESIAN_POINT('',(-173.150002086163,21.6119816853153,-22.3373274320877));
#2548=CARTESIAN_POINT('Origin',(-160.2,71.0196163396186,2.05025260619997));
#2549=CARTESIAN_POINT('',(-160.,67.4696163396186,2.05025260619997));
#2550=CARTESIAN_POINT('Origin',(-160.,71.0196163396186,2.05025260619997));
#2551=CARTESIAN_POINT('',(-160.4,67.8696163396186,2.05025260619997));
#2552=CARTESIAN_POINT('',(-160.2,67.6696163396186,2.05025260619997));
#2553=CARTESIAN_POINT('Origin',(-160.4,71.0196163396186,2.05025260619997));
#2554=CARTESIAN_POINT('Origin',(-160.,-10.4420871559262,2.67499995555332));
#2555=CARTESIAN_POINT('',(-160.,43.1500005066395,-6.20158626306812));
#2556=CARTESIAN_POINT('',(-160.,43.1500005066394,12.2898606519153));
#2557=CARTESIAN_POINT('',(-160.,43.1500005066395,1.33749997777666));
#2558=CARTESIAN_POINT('',(-160.,102.740625,-0.234761601743718));
#2559=CARTESIAN_POINT('Ctrl Pts',(-160.000000000007,43.1492939615935,-6.20172327208045));
#2560=CARTESIAN_POINT('Ctrl Pts',(-160.000000000007,44.121068301648,-6.20215592693737));
#2561=CARTESIAN_POINT('Ctrl Pts',(-160.000000000007,45.0915118217989,-6.20116391191568));
#2562=CARTESIAN_POINT('Ctrl Pts',(-160.000000000007,46.0692187140839,-6.19789283771645));
#2563=CARTESIAN_POINT('Ctrl Pts',(-160.000000000007,48.062036133177,-6.19122554949865));
#2564=CARTESIAN_POINT('Ctrl Pts',(-160.000000000007,50.0850291556917,-6.175089933809));
#2565=CARTESIAN_POINT('Ctrl Pts',(-160.000000000007,52.2126921087031,-6.14211829659249));
#2566=CARTESIAN_POINT('Ctrl Pts',(-160.000000000007,54.3403550617145,-6.10914665937597));
#2567=CARTESIAN_POINT('Ctrl Pts',(-160.000000000007,56.5726879452227,-6.05933900063259));
#2568=CARTESIAN_POINT('Ctrl Pts',(-160.000000000007,58.9198419067096,-5.99105729849686));
#2569=CARTESIAN_POINT('Ctrl Pts',(-160.000000000007,61.2669958681964,-5.92277559636113));
#2570=CARTESIAN_POINT('Ctrl Pts',(-160.000000000007,63.728970907662,-5.83601985083305));
#2571=CARTESIAN_POINT('Ctrl Pts',(-160.000000000007,66.1784125864675,-5.74160976724683));
#2572=CARTESIAN_POINT('Ctrl Pts',(-160.000000000007,68.627854265273,-5.64719968366061));
#2573=CARTESIAN_POINT('Ctrl Pts',(-160.000000000007,71.0647625834184,-5.54513526201625));
#2574=CARTESIAN_POINT('Ctrl Pts',(-160.000000000007,73.2985586989551,-5.45049218278489));
#2575=CARTESIAN_POINT('Ctrl Pts',(-160.000000000007,75.5323548144918,-5.35584910355352));
#2576=CARTESIAN_POINT('Ctrl Pts',(-160.000000000007,77.5630387274198,-5.26862736673515));
#2577=CARTESIAN_POINT('Ctrl Pts',(-160.000000000007,79.278190981464,-5.19396607181999));
#2578=CARTESIAN_POINT('Ctrl Pts',(-160.000000000007,80.9933432355082,-5.11930477690484));
#2579=CARTESIAN_POINT('Ctrl Pts',(-160.000000000007,82.3929638306685,-5.0572039238929));
#2580=CARTESIAN_POINT('Ctrl Pts',(-160.000000000007,83.6275858041233,-4.98304167315424));
#2581=CARTESIAN_POINT('Ctrl Pts',(-160.000000000007,84.862207777578,-4.90887942241558));
#2582=CARTESIAN_POINT('Ctrl Pts',(-160.000000000007,85.9318311293271,-4.8226557739502));
#2583=CARTESIAN_POINT('Ctrl Pts',(-160.000000000007,87.1381051705533,-4.68610953425633));
#2584=CARTESIAN_POINT('Ctrl Pts',(-160.000000000007,87.7412421911664,-4.6178364144094));
#2585=CARTESIAN_POINT('Ctrl Pts',(-160.000000000007,88.3785418841489,-4.53698264675534));
#2586=CARTESIAN_POINT('Ctrl Pts',(-160.000000000007,89.0576311881927,-4.44306737729402));
#2587=CARTESIAN_POINT('Ctrl Pts',(-160.000000000007,89.7367204922365,-4.34915210783271));
#2588=CARTESIAN_POINT('Ctrl Pts',(-160.000000000007,90.4575994073417,-4.24217533656413));
#2589=CARTESIAN_POINT('Ctrl Pts',(-160.000000000007,91.2135689084738,-4.12355715108267));
#2590=CARTESIAN_POINT('Ctrl Pts',(-160.000000000007,92.725507910738,-3.88632078011976));
#2591=CARTESIAN_POINT('Ctrl Pts',(-160.000000000007,94.3778092571097,-3.60251875230534));
#2592=CARTESIAN_POINT('Ctrl Pts',(-160.000000000007,95.8535086305023,-3.31485181213335));
#2593=CARTESIAN_POINT('Ctrl Pts',(-160.000000000007,97.329208003895,-3.02718487196136));
#2594=CARTESIAN_POINT('Ctrl Pts',(-160.000000000007,98.6283054043086,-2.73565301943181));
#2595=CARTESIAN_POINT('Ctrl Pts',(-160.000000000007,99.5962564716837,-2.44150585987253));
#2596=CARTESIAN_POINT('Ctrl Pts',(-160.000000000007,100.564207539059,-2.14735870031324));
#2597=CARTESIAN_POINT('Ctrl Pts',(-160.000000000007,101.201012273396,-1.85059623372423));
#2598=CARTESIAN_POINT('Ctrl Pts',(-160.000000000007,101.687961730921,-1.49419065781683));
#2599=CARTESIAN_POINT('Ctrl Pts',(-160.000000000007,102.174911188446,-1.13778508190944));
#2600=CARTESIAN_POINT('Ctrl Pts',(-160.000000000007,102.51200536916,-0.721736396683678));
#2601=CARTESIAN_POINT('Ctrl Pts',(-160.000000000007,102.740624999997,-0.234761601743716));
#2602=CARTESIAN_POINT('',(-160.,102.740625,0.234761835756282));
#2603=CARTESIAN_POINT('',(-160.,102.740625,1.21249997777666));
#2604=CARTESIAN_POINT('Ctrl Pts',(-160.,102.740625,0.234761835756282));
#2605=CARTESIAN_POINT('Ctrl Pts',(-160.,102.625365705554,0.716329436440439));
#2606=CARTESIAN_POINT('Ctrl Pts',(-160.,102.365703377333,1.25363326868993));
#2607=CARTESIAN_POINT('Ctrl Pts',(-160.,101.944159835325,1.8414723583808));
#2608=CARTESIAN_POINT('Ctrl Pts',(-160.,101.522616293318,2.42931144807169));
#2609=CARTESIAN_POINT('Ctrl Pts',(-160.,100.939191537524,3.06768579520396));
#2610=CARTESIAN_POINT('Ctrl Pts',(-160.,100.045841182202,3.72232544104456));
#2611=CARTESIAN_POINT('Ctrl Pts',(-160.,99.1524908268806,4.37696508688514));
#2612=CARTESIAN_POINT('Ctrl Pts',(-160.,97.9492148720307,5.04787003143404));
#2613=CARTESIAN_POINT('Ctrl Pts',(-160.,96.5299019198825,5.67864076684248));
#2614=CARTESIAN_POINT('Ctrl Pts',(-160.,95.1105889677344,6.30941150225091));
#2615=CARTESIAN_POINT('Ctrl Pts',(-160.,93.4752390182881,6.90004802851889));
#2616=CARTESIAN_POINT('Ctrl Pts',(-160.,91.9379235521499,7.40453821704868));
#2617=CARTESIAN_POINT('Ctrl Pts',(-160.,91.1692658190807,7.65678331131357));
#2618=CARTESIAN_POINT('Ctrl Pts',(-160.,90.4251167068387,7.88749182114392));
#2619=CARTESIAN_POINT('Ctrl Pts',(-160.,89.7240365448911,8.09572186900563));
#2620=CARTESIAN_POINT('Ctrl Pts',(-160.,89.0229563829435,8.30395191686734));
#2621=CARTESIAN_POINT('Ctrl Pts',(-160.,88.3649451712904,8.4897035027604));
#2622=CARTESIAN_POINT('Ctrl Pts',(-160.,87.7564589237258,8.65425668423497));
#2623=CARTESIAN_POINT('Ctrl Pts',(-160.,86.5394864285965,8.98336304718411));
#2624=CARTESIAN_POINT('Ctrl Pts',(-160.,85.520613789821,9.22767579245924));
#2625=CARTESIAN_POINT('Ctrl Pts',(-160.,84.4014138047805,9.44912804199705));
#2626=CARTESIAN_POINT('Ctrl Pts',(-160.,83.28221381974,9.67058029153485));
#2627=CARTESIAN_POINT('Ctrl Pts',(-160.,82.0626864884345,9.86917204533532));
#2628=CARTESIAN_POINT('Ctrl Pts',(-160.,80.5026745307925,10.0897226156187));
#2629=CARTESIAN_POINT('Ctrl Pts',(-160.,78.9426625731504,10.3102731859021));
#2630=CARTESIAN_POINT('Ctrl Pts',(-160.,77.0421659891718,10.5527825726684));
#2631=CARTESIAN_POINT('Ctrl Pts',(-160.,74.8810928010567,10.8033163398195));
#2632=CARTESIAN_POINT('Ctrl Pts',(-160.,73.4403773423132,10.9703388512536));
#2633=CARTESIAN_POINT('Ctrl Pts',(-160.,71.8838500595091,11.1409277539698));
#2634=CARTESIAN_POINT('Ctrl Pts',(-160.,70.2692257932684,11.3048296516772));
#2635=CARTESIAN_POINT('Ctrl Pts',(-160.,68.6546015270278,11.4687315493846));
#2636=CARTESIAN_POINT('Ctrl Pts',(-160.,66.9818802773507,11.6259464420832));
#2637=CARTESIAN_POINT('Ctrl Pts',(-160.,65.3129015120094,11.7657901791297));
#2638=CARTESIAN_POINT('Ctrl Pts',(-160.,63.6439227466681,11.9056339161762));
#2639=CARTESIAN_POINT('Ctrl Pts',(-160.,61.9786864656626,12.0281064975708));
#2640=CARTESIAN_POINT('Ctrl Pts',(-160.,60.3572135937623,12.1270716252906));
#2641=CARTESIAN_POINT('Ctrl Pts',(-160.,58.735740721862,12.2260367530105));
#2642=CARTESIAN_POINT('Ctrl Pts',(-160.,57.158031259067,12.3014944270557));
#2643=CARTESIAN_POINT('Ctrl Pts',(-160.,55.6404523542231,12.3520803888213));
#2644=CARTESIAN_POINT('Ctrl Pts',(-160.,52.6052945445354,12.4532523123523));
#2645=CARTESIAN_POINT('Ctrl Pts',(-160.,49.8106589666526,12.4549373867647));
#2646=CARTESIAN_POINT('Ctrl Pts',(-160.,47.1022909916886,12.4022448386493));
#2647=CARTESIAN_POINT('Ctrl Pts',(-160.,45.7701098420288,12.3763266399497));
#2648=CARTESIAN_POINT('Ctrl Pts',(-160.,44.4588004469336,12.3372522116483));
#2649=CARTESIAN_POINT('Ctrl Pts',(-160.,43.1467633892479,12.2905800012215));
#2650=CARTESIAN_POINT('',(-160.,101.940625,0.132409167885845));
#2651=CARTESIAN_POINT('',(-160.,101.940625,-0.0423391260178319));
#2652=CARTESIAN_POINT('Ctrl Pts',(-160.,101.940625,0.132409167885812));
#2653=CARTESIAN_POINT('Ctrl Pts',(-160.,101.858078695659,0.422713504616267));
#2654=CARTESIAN_POINT('Ctrl Pts',(-160.,101.687485835612,0.784118512686443));
#2655=CARTESIAN_POINT('Ctrl Pts',(-160.,101.440185218293,1.15664971653083));
#2656=CARTESIAN_POINT('Ctrl Pts',(-160.,101.22223349924,1.48497003032249));
#2657=CARTESIAN_POINT('Ctrl Pts',(-160.000000000001,100.942574346675,1.82862197119074));
#2658=CARTESIAN_POINT('Ctrl Pts',(-160.000000000001,100.598295967006,2.17708914775036));
#2659=CARTESIAN_POINT('Ctrl Pts',(-160.000000000001,100.556031844126,2.2198674935294));
#2660=CARTESIAN_POINT('Ctrl Pts',(-160.000000000001,100.512690691024,2.26281373356453));
#2661=CARTESIAN_POINT('Ctrl Pts',(-160.000000000001,100.468191339759,2.30594286271076));
#2662=CARTESIAN_POINT('Ctrl Pts',(-160.,100.20716331645,2.55893332230235));
#2663=CARTESIAN_POINT('Ctrl Pts',(-160.,99.8986452367417,2.82048347678953));
#2664=CARTESIAN_POINT('Ctrl Pts',(-160.,99.5269075891657,3.09279223615911));
#2665=CARTESIAN_POINT('Ctrl Pts',(-160.,99.3408291013135,3.22910020093696));
#2666=CARTESIAN_POINT('Ctrl Pts',(-160.,99.1394886549083,3.36760110016745));
#2667=CARTESIAN_POINT('Ctrl Pts',(-160.,98.9218544496029,3.50784188832444));
#2668=CARTESIAN_POINT('Ctrl Pts',(-159.999999999999,98.714212155815,3.64164401237332));
#2669=CARTESIAN_POINT('Ctrl Pts',(-159.999999999999,98.4885471040312,3.76425165657612));
#2670=CARTESIAN_POINT('Ctrl Pts',(-159.999999999999,98.2536993813016,3.87434705729235));
#2671=CARTESIAN_POINT('Ctrl Pts',(-159.999999999999,98.018851658572,3.98444245800858));
#2672=CARTESIAN_POINT('Ctrl Pts',(-159.999999999999,97.7748212648966,4.08202561523825));
#2673=CARTESIAN_POINT('Ctrl Pts',(-159.999999999999,97.529052120486,4.17225056727374));
#2674=CARTESIAN_POINT('Ctrl Pts',(-159.999999999999,97.3250833161342,4.24713008737589));
#2675=CARTESIAN_POINT('Ctrl Pts',(-159.999999999999,97.089560424063,4.23980468386894));
#2676=CARTESIAN_POINT('Ctrl Pts',(-159.999999999999,96.8867325461012,4.14935674854892));
#2677=CARTESIAN_POINT('Ctrl Pts',(-159.999999999999,96.7196882239095,4.07486593298155));
#2678=CARTESIAN_POINT('Ctrl Pts',(-159.999999999999,96.5697242632716,3.94515524024231));
#2679=CARTESIAN_POINT('Ctrl Pts',(-159.999999999999,96.4657080495592,3.78122115152729));
#2680=CARTESIAN_POINT('Ctrl Pts',(-159.999999999999,96.3616918358469,3.61728706281227));
#2681=CARTESIAN_POINT('Ctrl Pts',(-159.999999999999,96.3036233690601,3.41912957812147));
#2682=CARTESIAN_POINT('Ctrl Pts',(-159.999999999999,96.3036510040701,3.22063708160949));
#2683=CARTESIAN_POINT('Ctrl Pts',(-159.999999999998,96.3037751413742,2.32900275957661));
#2684=CARTESIAN_POINT('Ctrl Pts',(-159.999999999996,96.3036209874985,1.43733908913057));
#2685=CARTESIAN_POINT('Ctrl Pts',(-159.999999999996,96.3035340442289,0.545681702784017));
#2686=CARTESIAN_POINT('Ctrl Pts',(-159.999999999995,96.3035013985928,0.210880369112664));
#2687=CARTESIAN_POINT('Ctrl Pts',(-159.999999999995,96.3217538846963,-0.123653347479838));
#2688=CARTESIAN_POINT('Ctrl Pts',(-159.999999999995,96.3519151833384,-0.444938802136315));
#2689=CARTESIAN_POINT('Ctrl Pts',(-159.999999999995,96.3820764819805,-0.766224256792793));
#2690=CARTESIAN_POINT('Ctrl Pts',(-159.999999999995,96.4241465931611,-1.07426144951324));
#2691=CARTESIAN_POINT('Ctrl Pts',(-159.999999999995,96.4645390978744,-1.36409203882457));
#2692=CARTESIAN_POINT('Ctrl Pts',(-159.999999999995,96.4699997900584,-1.40327444766383));
#2693=CARTESIAN_POINT('Ctrl Pts',(-159.999999999994,96.4783529993378,-1.44215368042583));
#2694=CARTESIAN_POINT('Ctrl Pts',(-159.999999999994,96.489474738033,-1.48030229571652));
#2695=CARTESIAN_POINT('Ctrl Pts',(-159.999999999995,96.5522491621818,-1.69562450590206));
#2696=CARTESIAN_POINT('Ctrl Pts',(-159.999999999995,96.7105336084303,-1.89540336425139));
#2697=CARTESIAN_POINT('Ctrl Pts',(-159.999999999995,96.9215065472517,-2.01592982901631));
#2698=CARTESIAN_POINT('Ctrl Pts',(-159.999999999995,97.1324794860732,-2.13645629378122));
#2699=CARTESIAN_POINT('Ctrl Pts',(-159.999999999995,97.3961409174677,-2.17773036496172));
#2700=CARTESIAN_POINT('Ctrl Pts',(-159.999999999995,97.6378009633791,-2.12242415823547));
#2701=CARTESIAN_POINT('Ctrl Pts',(-159.999999999995,97.7572736615366,-2.09508169160007));
#2702=CARTESIAN_POINT('Ctrl Pts',(-159.999999999995,97.8740215321685,-2.06793171928737));
#2703=CARTESIAN_POINT('Ctrl Pts',(-159.999999999995,97.9877733815188,-2.04085054681064));
#2704=CARTESIAN_POINT('Ctrl Pts',(-159.999999999995,99.0055357434036,-1.7985494482356));
#2705=CARTESIAN_POINT('Ctrl Pts',(-159.999999999997,99.7706703448548,-1.56552039687191));
#2706=CARTESIAN_POINT('Ctrl Pts',(-159.999999999997,100.326749868685,-1.33395779139754));
#2707=CARTESIAN_POINT('Ctrl Pts',(-159.999999999997,100.463125224244,-1.27716837315378));
#2708=CARTESIAN_POINT('Ctrl Pts',(-159.999999999997,100.587215089431,-1.22032499399548));
#2709=CARTESIAN_POINT('Ctrl Pts',(-159.999999999997,100.699436036033,-1.16328504611313));
#2710=CARTESIAN_POINT('Ctrl Pts',(-159.999999999998,101.320501548988,-0.847608289115098));
#2711=CARTESIAN_POINT('Ctrl Pts',(-160.,101.651966209361,-0.521410238156673));
#2712=CARTESIAN_POINT('Ctrl Pts',(-160.,101.896119479287,-0.11887759132223));
#2713=CARTESIAN_POINT('Ctrl Pts',(-160.,101.911422246248,-0.0936480980187439));
#2714=CARTESIAN_POINT('Ctrl Pts',(-160.,101.926256041947,-0.0681411047190974));
#2715=CARTESIAN_POINT('Ctrl Pts',(-160.,101.940625,-0.0423391260178318));
#2716=CARTESIAN_POINT('',(-160.,101.940625,1.41170436409856));
#2717=CARTESIAN_POINT('Origin',(-160.,71.0196163396186,2.05025260619997));
#2718=CARTESIAN_POINT('',(-196.,67.8696163396186,2.05025260619997));
#2719=CARTESIAN_POINT('',(-160.,67.8696163396186,2.05025260619997));
#2720=CARTESIAN_POINT('Origin',(-196.,71.0196163396186,2.05025260619997));
#2721=CARTESIAN_POINT('Origin',(-169.250002223998,-2.50000022351742,8.));
#2722=CARTESIAN_POINT('',(-183.321803196337,-3.00000022351743,7.5));
#2723=CARTESIAN_POINT('',(-169.250002223998,-3.00000022351742,7.5));
#2724=CARTESIAN_POINT('',(-182.855495538182,-2.00000022351743,8.5));
#2725=CARTESIAN_POINT('',(-182.855495538182,-2.00000022351743,8.5));
#2726=CARTESIAN_POINT('',(-169.250002223998,-2.00000022351742,8.5));
#2727=CARTESIAN_POINT('Origin',(-187.266686892068,2.47919100666659,8.));
#2728=CARTESIAN_POINT('',(-197.000002637506,13.3010431007152,7.5));
#2729=CARTESIAN_POINT('',(-187.649709113628,2.15779720182332,7.5));
#2730=CARTESIAN_POINT('',(-196.000002637506,13.6650133349814,8.5));
#2731=CARTESIAN_POINT('',(-196.000002637506,13.6650133349814,8.5));
#2732=CARTESIAN_POINT('',(-186.883664670509,2.80058481150985,8.5));
#2733=CARTESIAN_POINT('Origin',(-196.500002637506,15.962848773829,8.));
#2734=CARTESIAN_POINT('',(-197.000002637506,23.9482657931703,7.5));
#2735=CARTESIAN_POINT('',(-197.000002637506,15.962848773829,7.5));
#2736=CARTESIAN_POINT('',(-196.000002637506,23.5842955589041,8.5));
#2737=CARTESIAN_POINT('',(-196.000002637506,23.5842955589041,8.5));
#2738=CARTESIAN_POINT('',(-196.000002637506,15.962848773829,8.5));
#2739=CARTESIAN_POINT('Origin',(-194.105786612652,26.6195962251026,8.));
#2740=CARTESIAN_POINT('',(-183.321803196337,40.249309117403,7.5));
#2741=CARTESIAN_POINT('',(-194.488808834212,26.9409900299459,7.5));
#2742=CARTESIAN_POINT('',(-182.855495538182,39.249309117403,8.5));
#2743=CARTESIAN_POINT('',(-182.855495538182,39.249309117403,8.5));
#2744=CARTESIAN_POINT('',(-193.722764391093,26.2982024202594,8.5));
#2745=CARTESIAN_POINT('Origin',(-180.910902779086,39.749309117403,8.));
#2746=CARTESIAN_POINT('',(-180.910902779086,39.249309117403,8.5));
#2747=CARTESIAN_POINT('',(-180.910902779086,40.249309117403,7.5));
#2748=CARTESIAN_POINT('Origin',(-160.000002086163,-3.00000022351742,0.));
#2749=CARTESIAN_POINT('',(-183.321803196337,-3.00000022351743,-3.7));
#2750=CARTESIAN_POINT('',(-169.250002223998,-3.00000022351742,-3.7));
#2751=CARTESIAN_POINT('',(-183.321803196337,-3.00000022351743,0.));
#2752=CARTESIAN_POINT('Origin',(-183.321803196337,-3.00000022351743,0.));
#2753=CARTESIAN_POINT('',(-197.000002637506,13.3010431007152,-3.7));
#2754=CARTESIAN_POINT('',(-187.649709113628,2.15779720182332,-3.7));
#2755=CARTESIAN_POINT('',(-197.000002637506,13.3010431007152,0.));
#2756=CARTESIAN_POINT('Origin',(-197.000002637506,13.3010431007152,0.));
#2757=CARTESIAN_POINT('',(-197.000002637506,23.9482657931703,-3.7));
#2758=CARTESIAN_POINT('',(-197.000002637506,15.962848773829,-3.7));
#2759=CARTESIAN_POINT('',(-197.000002637506,23.9482657931703,0.));
#2760=CARTESIAN_POINT('Origin',(-197.000002637506,23.9482657931703,0.));
#2761=CARTESIAN_POINT('',(-183.321803196337,40.249309117403,-3.7));
#2762=CARTESIAN_POINT('',(-194.488808834212,26.9409900299459,-3.7));
#2763=CARTESIAN_POINT('',(-183.321803196337,40.249309117403,0.));
#2764=CARTESIAN_POINT('Origin',(-183.321803196337,40.249309117403,0.));
#2765=CARTESIAN_POINT('',(-180.910902779086,40.249309117403,-3.7));
#2766=CARTESIAN_POINT('Origin',(-180.910902779086,39.749309117403,-4.2));
#2767=CARTESIAN_POINT('',(-182.855495538182,39.249309117403,-4.7));
#2768=CARTESIAN_POINT('',(-182.855495538182,39.249309117403,-4.7));
#2769=CARTESIAN_POINT('',(-180.910902779086,39.249309117403,-4.7));
#2770=CARTESIAN_POINT('Origin',(-194.105786612652,26.6195962251026,-4.2));
#2771=CARTESIAN_POINT('',(-196.000002637506,23.5842955589041,-4.7));
#2772=CARTESIAN_POINT('',(-193.722764391093,26.2982024202594,-4.7));
#2773=CARTESIAN_POINT('',(-196.000002637506,23.5842955589041,-4.7));
#2774=CARTESIAN_POINT('Origin',(-196.500002637506,15.962848773829,-4.2));
#2775=CARTESIAN_POINT('',(-196.000002637506,13.6650133349814,-4.7));
#2776=CARTESIAN_POINT('',(-196.000002637506,15.962848773829,-4.7));
#2777=CARTESIAN_POINT('',(-196.000002637506,13.6650133349814,-4.7));
#2778=CARTESIAN_POINT('Origin',(-187.266686892068,2.47919100666659,-4.2));
#2779=CARTESIAN_POINT('',(-182.855495538182,-2.00000022351743,-4.7));
#2780=CARTESIAN_POINT('',(-186.883664670509,2.80058481150985,-4.7));
#2781=CARTESIAN_POINT('',(-182.855495538182,-2.00000022351743,-4.7));
#2782=CARTESIAN_POINT('Origin',(-169.250002223998,-2.50000022351742,-4.2));
#2783=CARTESIAN_POINT('',(-169.250002223998,-2.00000022351742,-4.7));
#2784=CARTESIAN_POINT('Origin',(-160.000002086163,-38.1500006109476,0.));
#2785=CARTESIAN_POINT('',(-160.,-38.1500006109066,-4.39711683358936));
#2786=CARTESIAN_POINT('',(-172.062134120519,-38.1500006109475,-4.46958309907824));
#2787=CARTESIAN_POINT('Ctrl Pts',(-160.,-38.1500006109476,-4.39711683358604));
#2788=CARTESIAN_POINT('Ctrl Pts',(-164.020027534219,-38.1500006109476,-4.42216801824139));
#2789=CARTESIAN_POINT('Ctrl Pts',(-168.03948089351,-38.1500006109476,-4.44628838966866));
#2790=CARTESIAN_POINT('Ctrl Pts',(-172.062134120519,-38.1500006109476,-4.46958309907818));
#2791=CARTESIAN_POINT('',(-172.062134120519,-38.1500006109475,6.15693433085807));
#2792=CARTESIAN_POINT('',(-172.062134120519,-38.1500006109476,0.));
#2793=CARTESIAN_POINT('',(-160.,-38.1500006109476,5.86568729860581));
#2794=CARTESIAN_POINT('Ctrl Pts',(-172.062134120518,-38.1500006109476,6.15693433085801));
#2795=CARTESIAN_POINT('Ctrl Pts',(-168.070191324982,-38.1500006109476,6.06100745118656));
#2796=CARTESIAN_POINT('Ctrl Pts',(-164.051575966753,-38.1500006109476,5.96386239029859));
#2797=CARTESIAN_POINT('Ctrl Pts',(-160.,-38.1500006109476,5.86568729860581));
#2798=CARTESIAN_POINT('',(-160.,-38.1500006109476,1.33749997777666));
#2799=CARTESIAN_POINT('Origin',(-173.106068103341,42.1060665238175,0.));
#2800=CARTESIAN_POINT('',(-172.062134120519,43.1500005066633,-6.09113548208396));
#2801=CARTESIAN_POINT('Ctrl Pts',(-173.150002086162,42.0621325409962,-6.08636490041371));
#2802=CARTESIAN_POINT('Ctrl Pts',(-172.782737592039,42.4293970351194,-6.08810786501832));
#2803=CARTESIAN_POINT('Ctrl Pts',(-172.419994881321,42.7921397458371,-6.0896972822422));
#2804=CARTESIAN_POINT('Ctrl Pts',(-172.062134120507,43.1500005066514,-6.09113548207427));
#2805=CARTESIAN_POINT('',(-172.062134120519,43.1500005066675,12.2242206094945));
#2806=CARTESIAN_POINT('',(-172.062134120519,43.1500005066395,0.));
#2807=CARTESIAN_POINT('Ctrl Pts',(-172.062134120504,43.150000506654,12.2242206094619));
#2808=CARTESIAN_POINT('Ctrl Pts',(-172.423637433528,42.7884971936295,12.2151613045121));
#2809=CARTESIAN_POINT('Ctrl Pts',(-172.78616289452,42.4259717326381,12.2056832999085));
#2810=CARTESIAN_POINT('Ctrl Pts',(-173.150002086162,42.0621325409965,12.1957923332274));
#2811=CARTESIAN_POINT('Origin',(-172.000002086163,43.1500005066395,0.));
#2812=CARTESIAN_POINT('Ctrl Pts',(-172.062134120518,43.1500005066395,-6.09113548207422));
#2813=CARTESIAN_POINT('Ctrl Pts',(-168.317920618669,43.1500005066395,-6.13141363657989));
#2814=CARTESIAN_POINT('Ctrl Pts',(-164.513336109927,43.1500005066401,-6.16569781624198));
#2815=CARTESIAN_POINT('Ctrl Pts',(-160.323632487525,43.1500005066401,-6.1990304079598));
#2816=CARTESIAN_POINT('Ctrl Pts',(-160.162409620624,43.1500005066395,-6.20030677866066));
#2817=CARTESIAN_POINT('Ctrl Pts',(-160.,43.1500005066395,-6.20158626306811));
#2818=CARTESIAN_POINT('Ctrl Pts',(-160.,43.1500005066395,12.2898606519153));
#2819=CARTESIAN_POINT('Ctrl Pts',(-164.435450458824,43.1500005066395,12.2817058479317));
#2820=CARTESIAN_POINT('Ctrl Pts',(-168.38398788704,43.1500005066395,12.2612155893878));
#2821=CARTESIAN_POINT('Ctrl Pts',(-172.062134120518,43.1500005066395,12.2242206094616));
#2822=CARTESIAN_POINT('Origin',(-172.106068103341,-38.1060666281256,0.));
#2823=CARTESIAN_POINT('Ctrl Pts',(-172.062134120519,-38.1500006109475,-4.46958309907818));
#2824=CARTESIAN_POINT('Ctrl Pts',(-172.426052072609,-37.7860826588567,-4.48602378566783));
#2825=CARTESIAN_POINT('Ctrl Pts',(-172.788732539295,-37.423402192171,-4.50227676221329));
#2826=CARTESIAN_POINT('Ctrl Pts',(-173.150002086163,-37.0621326453035,-4.51834202756077));
#2827=CARTESIAN_POINT('Ctrl Pts',(-173.150002086163,-37.0621326453036,6.30060410997356));
#2828=CARTESIAN_POINT('Ctrl Pts',(-172.78697997461,-37.425154756856,6.25276685252208));
#2829=CARTESIAN_POINT('Ctrl Pts',(-172.424476821723,-37.7876579097432,6.20488518314605));
#2830=CARTESIAN_POINT('Ctrl Pts',(-172.062134120519,-38.1500006109476,6.15693433085802));
#2831=CARTESIAN_POINT('Ctrl Pts',(-159.999999999943,-55.209784990553,-3.61876708226612));
#2832=CARTESIAN_POINT('Ctrl Pts',(-235.00000000001,-75.4586105074894,-3.26868337159376));
#2833=CARTESIAN_POINT('Ctrl Pts',(-310.000000000077,-95.7074360244257,-2.9185996609214));
#2834=CARTESIAN_POINT('Ctrl Pts',(-385.000000000144,-115.956261541362,-2.56851595024904));
#2835=CARTESIAN_POINT('Ctrl Pts',(-159.999999999943,-50.9554967201936,-3.83759960017764));
#2836=CARTESIAN_POINT('Ctrl Pts',(-235.00000000001,-71.6179073333525,-3.46642323543531));
#2837=CARTESIAN_POINT('Ctrl Pts',(-310.000000000077,-92.2791826571524,-3.09508235343312));
#2838=CARTESIAN_POINT('Ctrl Pts',(-385.000000000144,-112.941593270311,-2.72390598869079));
#2839=CARTESIAN_POINT('Ctrl Pts',(-159.999999999943,-42.5948303236446,-4.22416395083282));
#2840=CARTESIAN_POINT('Ctrl Pts',(-235.00000000001,-64.0688249707081,-3.81297707961938));
#2841=CARTESIAN_POINT('Ctrl Pts',(-310.000000000078,-85.5428523374874,-3.40182561250839));
#2842=CARTESIAN_POINT('Ctrl Pts',(-385.000000000145,-107.016846984551,-2.99063874129495));
#2843=CARTESIAN_POINT('Ctrl Pts',(-159.999999999943,-29.9531768444615,-4.72778503554873));
#2844=CARTESIAN_POINT('Ctrl Pts',(-235.00000000001,-52.6545158662412,-4.26723993954251));
#2845=CARTESIAN_POINT('Ctrl Pts',(-310.000000000078,-75.3554811800662,-3.80661618018347));
#2846=CARTESIAN_POINT('Ctrl Pts',(-385.000000000145,-98.0568202018459,-3.34607108417724));
#2847=CARTESIAN_POINT('Ctrl Pts',(-159.999999999943,-17.098443782412,-5.18427284119408));
#2848=CARTESIAN_POINT('Ctrl Pts',(-235.00000000001,-41.0478045919182,-4.68083001358281));
#2849=CARTESIAN_POINT('Ctrl Pts',(-310.000000000077,-64.9968075319195,-4.17737056715276));
#2850=CARTESIAN_POINT('Ctrl Pts',(-385.000000000144,-88.9461683414257,-3.6739277395415));
#2851=CARTESIAN_POINT('Ctrl Pts',(-159.999999999943,-5.76450018144543,-5.54407960005788));
#2852=CARTESIAN_POINT('Ctrl Pts',(-235.00000000001,-30.8145423518426,-5.00514765733429));
#2853=CARTESIAN_POINT('Ctrl Pts',(-310.000000000077,-55.864975395877,-4.46626298445428));
#2854=CARTESIAN_POINT('Ctrl Pts',(-385.000000000144,-80.9150175662742,-3.9273310417307));
#2855=CARTESIAN_POINT('Ctrl Pts',(-159.999999999943,3.98766570291741,-5.81258788710471));
#2856=CARTESIAN_POINT('Ctrl Pts',(-235.00000000001,-22.0096672109615,-5.24715736387235));
#2857=CARTESIAN_POINT('Ctrl Pts',(-310.000000000078,-48.0072736532269,-4.68172411134539));
#2858=CARTESIAN_POINT('Ctrl Pts',(-385.000000000145,-74.0046065671058,-4.11629358811303));
#2859=CARTESIAN_POINT('Ctrl Pts',(-159.999999999943,12.391652984994,-5.99243383490354));
#2860=CARTESIAN_POINT('Ctrl Pts',(-235.00000000001,-14.4212330528572,-5.40936309954008));
#2861=CARTESIAN_POINT('Ctrl Pts',(-310.000000000078,-41.234397963032,-4.82632452217508));
#2862=CARTESIAN_POINT('Ctrl Pts',(-385.000000000144,-68.0472840008831,-4.24325378681162));
#2863=CARTESIAN_POINT('Ctrl Pts',(-159.999999999943,19.5913027027191,-6.08616575534247));
#2864=CARTESIAN_POINT('Ctrl Pts',(-235.00000000001,-7.91974687994363,-5.49392088162694));
#2865=CARTESIAN_POINT('Ctrl Pts',(-310.000000000077,-35.4313360788398,-4.90170508163578));
#2866=CARTESIAN_POINT('Ctrl Pts',(-385.000000000144,-62.9423856615025,-4.30946020792026));
#2867=CARTESIAN_POINT('Ctrl Pts',(-159.999999999943,25.4118729318045,-6.13189986866964));
#2868=CARTESIAN_POINT('Ctrl Pts',(-235.00000000001,-2.66435302607981,-5.53514563904893));
#2869=CARTESIAN_POINT('Ctrl Pts',(-310.000000000077,-30.7408824363741,-4.93841436965184));
#2870=CARTESIAN_POINT('Ctrl Pts',(-385.000000000144,-58.8171083942584,-4.34166014003113));
#2871=CARTESIAN_POINT('Ctrl Pts',(-159.999999999943,31.1963302341541,-6.16411153497056));
#2872=CARTESIAN_POINT('Ctrl Pts',(-235.00000000001,2.55795951404407,-5.56416043752605));
#2873=CARTESIAN_POINT('Ctrl Pts',(-310.000000000077,-26.0809636820649,-4.96424214221538));
#2874=CARTESIAN_POINT('Ctrl Pts',(-385.000000000144,-54.719334402175,-4.36429104477087));
#2875=CARTESIAN_POINT('Ctrl Pts',(-159.999999999943,36.784659959685,-6.18724219528479));
#2876=CARTESIAN_POINT('Ctrl Pts',(-235.00000000001,7.60161867105476,-5.58502481318776));
#2877=CARTESIAN_POINT('Ctrl Pts',(-310.000000000077,-21.5808348280771,-4.98273713912519));
#2878=CARTESIAN_POINT('Ctrl Pts',(-385.000000000144,-50.7638761167073,-4.38051975702817));
#2879=CARTESIAN_POINT('Ctrl Pts',(-159.999999999943,42.1104066345198,-6.20281112306645));
#2880=CARTESIAN_POINT('Ctrl Pts',(-235.00000000001,12.4091144730011,-5.59893172934039));
#2881=CARTESIAN_POINT('Ctrl Pts',(-310.000000000078,-17.2922878783017,-4.99504278371781));
#2882=CARTESIAN_POINT('Ctrl Pts',(-385.000000000144,-46.9935800398203,-4.39116338999175));
#2883=CARTESIAN_POINT('Ctrl Pts',(-159.999999999943,46.7133741181929,-6.2019826266256));
#2884=CARTESIAN_POINT('Ctrl Pts',(-235.00000000001,16.5650294815263,-5.59796347090327));
#2885=CARTESIAN_POINT('Ctrl Pts',(-310.000000000077,-13.583320222289,-4.99392498842716));
#2886=CARTESIAN_POINT('Ctrl Pts',(-385.000000000144,-43.7316648589556,-4.38990583270482));
#2887=CARTESIAN_POINT('Ctrl Pts',(-159.999999999943,52.1080221782324,-6.15895431811986));
#2888=CARTESIAN_POINT('Ctrl Pts',(-235.00000000001,21.4379449211311,-5.55867565488743));
#2889=CARTESIAN_POINT('Ctrl Pts',(-310.000000000077,-9.23177387621145,-4.9583372592503));
#2890=CARTESIAN_POINT('Ctrl Pts',(-385.000000000144,-39.9018511333127,-4.35805859601787));
#2891=CARTESIAN_POINT('Ctrl Pts',(-159.999999999943,58.8050208287575,-6.00953134188971));
#2892=CARTESIAN_POINT('Ctrl Pts',(-235.00000000001,27.4899667510724,-5.42303799540792));
#2893=CARTESIAN_POINT('Ctrl Pts',(-310.000000000077,-3.82536663997331,-4.8365427721405));
#2894=CARTESIAN_POINT('Ctrl Pts',(-385.000000000144,-35.1404207176585,-4.25004942565871));
#2895=CARTESIAN_POINT('Ctrl Pts',(-159.999999999943,66.1909459471548,-5.74926410530544));
#2896=CARTESIAN_POINT('Ctrl Pts',(-235.00000000001,34.161880739071,-5.18753133563035));
#2897=CARTESIAN_POINT('Ctrl Pts',(-310.000000000077,2.13379247695374,-4.62567778416631));
#2898=CARTESIAN_POINT('Ctrl Pts',(-385.000000000144,-29.8952727311301,-4.06394501449122));
#2899=CARTESIAN_POINT('Ctrl Pts',(-159.999999999943,73.5016709015916,-5.44307084037235));
#2900=CARTESIAN_POINT('Ctrl Pts',(-235.00000000001,40.7584920416478,-4.91113400703209));
#2901=CARTESIAN_POINT('Ctrl Pts',(-310.000000000077,8.01643919387208,-4.37904476962344));
#2902=CARTESIAN_POINT('Ctrl Pts',(-385.000000000144,-24.7267396660718,-3.84710793628317));
#2903=CARTESIAN_POINT('Ctrl Pts',(-159.999999999943,79.5937226403762,-5.18140562991721));
#2904=CARTESIAN_POINT('Ctrl Pts',(-235.00000000001,46.2470542026848,-4.67532804889531));
#2905=CARTESIAN_POINT('Ctrl Pts',(-310.000000000078,12.9000018923056,-4.16927863840712));
#2906=CARTESIAN_POINT('Ctrl Pts',(-385.000000000145,-20.4466665453857,-3.66320105738523));
#2907=CARTESIAN_POINT('Ctrl Pts',(-159.999999999943,83.7925844258576,-4.99510307088138));
#2908=CARTESIAN_POINT('Ctrl Pts',(-235.00000000001,50.0231986178537,-4.50742027665307));
#2909=CARTESIAN_POINT('Ctrl Pts',(-310.000000000078,16.2545768187122,-4.0195866091893));
#2910=CARTESIAN_POINT('Ctrl Pts',(-385.000000000145,-17.5148089892917,-3.53190381496099));
#2911=CARTESIAN_POINT('Ctrl Pts',(-159.999999999943,86.4666428052305,-4.77954394971791));
#2912=CARTESIAN_POINT('Ctrl Pts',(-235.00000000001,52.4356065050511,-4.31166846216985));
#2913=CARTESIAN_POINT('Ctrl Pts',(-310.000000000078,18.4036831001285,-3.84392850956594));
#2914=CARTESIAN_POINT('Ctrl Pts',(-385.000000000144,-15.6273532000509,-3.37605302201788));
#2915=CARTESIAN_POINT('Ctrl Pts',(-159.999999999943,89.0158415771605,-4.45612887910166));
#2916=CARTESIAN_POINT('Ctrl Pts',(-235.00000000001,54.7396224823546,-4.0185722000581));
#2917=CARTESIAN_POINT('Ctrl Pts',(-310.000000000078,20.4643289682688,-3.58083997068094));
#2918=CARTESIAN_POINT('Ctrl Pts',(-385.000000000145,-13.8118901265371,-3.14328329163738));
#2919=CARTESIAN_POINT('Ctrl Pts',(-159.999999999943,91.8993572375815,-4.02822179402731));
#2920=CARTESIAN_POINT('Ctrl Pts',(-235.00000000001,57.3469758533536,-3.63104306447905));
#2921=CARTESIAN_POINT('Ctrl Pts',(-310.000000000078,22.7934662320004,-3.23404544534522));
#2922=CARTESIAN_POINT('Ctrl Pts',(-385.000000000144,-11.7589151522275,-2.83686671579695));
#2923=CARTESIAN_POINT('Ctrl Pts',(-159.999999999943,96.0301106035111,-3.3187167244912));
#2924=CARTESIAN_POINT('Ctrl Pts',(-235.00000000001,61.0749442336225,-2.99002819597679));
#2925=CARTESIAN_POINT('Ctrl Pts',(-310.000000000077,26.1203664043347,-2.66119482642582));
#2926=CARTESIAN_POINT('Ctrl Pts',(-385.000000000144,-8.83479996555395,-2.33250629791141));
#2927=CARTESIAN_POINT('Ctrl Pts',(-159.999999999943,99.9274028047522,-2.44412116690247));
#2928=CARTESIAN_POINT('Ctrl Pts',(-235.00000000001,64.5794084820993,-2.20076177916918));
#2929=CARTESIAN_POINT('Ctrl Pts',(-310.000000000077,29.2313241023547,-1.95737896700325));
#2930=CARTESIAN_POINT('Ctrl Pts',(-385.000000000144,-6.11667022029831,-1.71401957926997));
#2931=CARTESIAN_POINT('Ctrl Pts',(-159.999999999943,101.837817007763,-1.55383376713534));
#2932=CARTESIAN_POINT('Ctrl Pts',(-235.00000000001,66.2912089987877,-1.39760455550667));
#2933=CARTESIAN_POINT('Ctrl Pts',(-310.000000000078,30.7445471840493,-1.24134519569394));
#2934=CARTESIAN_POINT('Ctrl Pts',(-385.000000000144,-4.80206082492581,-1.08511598406527));
#2935=CARTESIAN_POINT('Ctrl Pts',(-159.999999999943,102.51200536919,-0.72173639668374));
#2936=CARTESIAN_POINT('Ctrl Pts',(-235.00000000001,66.8965474141997,-0.649165599484645));
#2937=CARTESIAN_POINT('Ctrl Pts',(-310.000000000077,31.2803034461661,-0.57678922084582));
#2938=CARTESIAN_POINT('Ctrl Pts',(-385.000000000144,-4.33515450882402,-0.504218423646725));
#2939=CARTESIAN_POINT('Ctrl Pts',(-159.999999999943,102.740625000027,-0.234761601743735));
#2940=CARTESIAN_POINT('Ctrl Pts',(-235.00000000001,67.1015624999953,-0.211904004359292));
#2941=CARTESIAN_POINT('Ctrl Pts',(-310.000000000077,31.4624999999634,-0.189046406974848));
#2942=CARTESIAN_POINT('Ctrl Pts',(-385.000000000144,-4.1765625000684,-0.166188809590405));
#2943=CARTESIAN_POINT('Ctrl Pts',(-159.999999999995,-55.2097849905672,-3.61876708226587));
#2944=CARTESIAN_POINT('Ctrl Pts',(-159.999999999995,-50.955496720208,-3.83759960017738));
#2945=CARTESIAN_POINT('Ctrl Pts',(-159.999999999996,-46.7751635219338,-4.03088177550496));
#2946=CARTESIAN_POINT('Ctrl Pts',(-159.999999999996,-42.5780546762663,-4.21145971062139));
#2947=CARTESIAN_POINT('Ctrl Pts',(-159.999999999996,-41.1042999931724,-4.27486706728692));
#2948=CARTESIAN_POINT('Ctrl Pts',(-159.999999999996,-39.6284769353583,-4.33670803854408));
#2949=CARTESIAN_POINT('Ctrl Pts',(-159.999999999996,-38.1497742817165,-4.39719254237736));
#2950=CARTESIAN_POINT('',(-385.,-4.17656250000002,-0.166188809590449));
#2951=CARTESIAN_POINT('Ctrl Pts',(-385.,-115.026621361923,-2.61583146163849));
#2952=CARTESIAN_POINT('Ctrl Pts',(-385.,-112.331411673694,-2.75129170617692));
#2953=CARTESIAN_POINT('Ctrl Pts',(-385.,-109.672942569803,-2.87023815409626));
#2954=CARTESIAN_POINT('Ctrl Pts',(-385.000000000001,-107.004695758832,-2.98319427695841));
#2955=CARTESIAN_POINT('Ctrl Pts',(-385.000000000001,-104.030171390274,-3.1091161889232));
#2956=CARTESIAN_POINT('Ctrl Pts',(-385.000000000001,-101.043495796038,-3.22759363655067));
#2957=CARTESIAN_POINT('Ctrl Pts',(-385.000000000001,-98.0317160221831,-3.34147513625845));
#2958=CARTESIAN_POINT('Ctrl Pts',(-385.000000000001,-95.0199362483281,-3.45535663596624));
#2959=CARTESIAN_POINT('Ctrl Pts',(-385.000000000001,-91.9830522948539,-3.56464218775435));
#2960=CARTESIAN_POINT('Ctrl Pts',(-385.,-88.9587695477755,-3.6667980828089));
#2961=CARTESIAN_POINT('Ctrl Pts',(-385.,-85.9344868006971,-3.76895397786344));
#2962=CARTESIAN_POINT('Ctrl Pts',(-385.,-82.9228052600145,-3.86398021618442));
#2963=CARTESIAN_POINT('Ctrl Pts',(-385.,-79.9411698153834,-3.95058108058256));
#2964=CARTESIAN_POINT('Ctrl Pts',(-385.,-77.953412852296,-4.00831499018133));
#2965=CARTESIAN_POINT('Ctrl Pts',(-385.000000000001,-75.979009709676,-4.06230428914772));
#2966=CARTESIAN_POINT('Ctrl Pts',(-385.000000000001,-73.9989210439952,-4.11045897174735));
#2967=CARTESIAN_POINT('Ctrl Pts',(-385.000000000001,-72.0188323783145,-4.15861365434699));
#2968=CARTESIAN_POINT('Ctrl Pts',(-385.000000000001,-70.0330581895731,-4.20093372057987));
#2969=CARTESIAN_POINT('Ctrl Pts',(-385.000000000001,-68.0191914273259,-4.23533503791804));
#2970=CARTESIAN_POINT('Ctrl Pts',(-385.,-66.0053246650788,-4.26973635525621));
#2971=CARTESIAN_POINT('Ctrl Pts',(-385.,-63.9633653293261,-4.29621892369967));
#2972=CARTESIAN_POINT('Ctrl Pts',(-385.,-61.9076197949934,-4.31577975721778));
#2973=CARTESIAN_POINT('Ctrl Pts',(-385.,-60.8797470278271,-4.32556017397684));
#2974=CARTESIAN_POINT('Ctrl Pts',(-385.,-59.8484277110158,-4.33361015700456));
#2975=CARTESIAN_POINT('Ctrl Pts',(-385.,-58.8205463035996,-4.34046401161088));
#2976=CARTESIAN_POINT('Ctrl Pts',(-385.,-57.7926648961833,-4.34731786621721));
#2977=CARTESIAN_POINT('Ctrl Pts',(-385.,-56.7682213981622,-4.35297559240215));
#2978=CARTESIAN_POINT('Ctrl Pts',(-385.,-55.7556375423591,-4.35809980254688));
#2979=CARTESIAN_POINT('Ctrl Pts',(-385.,-53.7304698307528,-4.36834822283635));
#2980=CARTESIAN_POINT('Ctrl Pts',(-385.,-51.7527406880185,-4.376462578965));
#2981=CARTESIAN_POINT('Ctrl Pts',(-385.,-49.8367322814777,-4.38271524199574));
#2982=CARTESIAN_POINT('Ctrl Pts',(-385.,-48.8787280782073,-4.38584157351112));
#2983=CARTESIAN_POINT('Ctrl Pts',(-385.,-47.9361540589853,-4.38850248175201));
#2984=CARTESIAN_POINT('Ctrl Pts',(-385.,-46.9988791663935,-4.38965328483147));
#2985=CARTESIAN_POINT('Ctrl Pts',(-385.,-46.0616042738017,-4.39080408791093));
#2986=CARTESIAN_POINT('Ctrl Pts',(-385.,-45.1296285078401,-4.39044478582895));
#2987=CARTESIAN_POINT('Ctrl Pts',(-385.,-44.1874616756987,-4.38704448091107));
#2988=CARTESIAN_POINT('Ctrl Pts',(-385.,-42.7742114274867,-4.38194402353424));
#2989=CARTESIAN_POINT('Ctrl Pts',(-385.,-41.3380312803702,-4.37000130977663));
#2990=CARTESIAN_POINT('Ctrl Pts',(-385.,-39.8263694708694,-4.34602842450463));
#2991=CARTESIAN_POINT('Ctrl Pts',(-385.,-38.3147076613687,-4.32205553923263));
#2992=CARTESIAN_POINT('Ctrl Pts',(-385.,-36.7275641894835,-4.28605248244623));
#2993=CARTESIAN_POINT('Ctrl Pts',(-385.,-35.0598011224526,-4.23703355219178));
#2994=CARTESIAN_POINT('Ctrl Pts',(-385.,-33.3920380554218,-4.18801462193733));
#2995=CARTESIAN_POINT('Ctrl Pts',(-385.,-31.6436553932452,-4.12597981821482));
#2996=CARTESIAN_POINT('Ctrl Pts',(-385.,-29.908041884647,-4.05882290331888));
#2997=CARTESIAN_POINT('Ctrl Pts',(-385.,-28.1724283760487,-3.99166598842293));
#2998=CARTESIAN_POINT('Ctrl Pts',(-385.,-26.4495840210288,-3.91938696235356));
#2999=CARTESIAN_POINT('Ctrl Pts',(-385.,-24.8748163234043,-3.85259630283588));
#3000=CARTESIAN_POINT('Ctrl Pts',(-385.000000000001,-23.3000486257798,-3.7858056433182));
#3001=CARTESIAN_POINT('Ctrl Pts',(-385.000000000001,-21.8733575855508,-3.7245033503522));
#3002=CARTESIAN_POINT('Ctrl Pts',(-385.000000000001,-20.6713691394205,-3.67196933013182));
#3003=CARTESIAN_POINT('Ctrl Pts',(-385.000000000001,-19.4693806932901,-3.61943530991144));
#3004=CARTESIAN_POINT('Ctrl Pts',(-385.000000000001,-18.4920948412585,-3.57566956243668));
#3005=CARTESIAN_POINT('Ctrl Pts',(-385.000000000001,-17.6259607573944,-3.52261653011068));
#3006=CARTESIAN_POINT('Ctrl Pts',(-385.000000000001,-16.7598266735304,-3.46956349778467));
#3007=CARTESIAN_POINT('Ctrl Pts',(-385.000000000001,-16.0048443578338,-3.40722318060741));
#3008=CARTESIAN_POINT('Ctrl Pts',(-385.000000000001,-15.1480292280969,-3.30885316475481));
#3009=CARTESIAN_POINT('Ctrl Pts',(-385.000000000001,-14.7196216632284,-3.2596681568285));
#3010=CARTESIAN_POINT('Ctrl Pts',(-385.000000000001,-14.2657558948499,-3.20147572423336));
#3011=CARTESIAN_POINT('Ctrl Pts',(-385.000000000001,-13.7822011388718,-3.13407743595573));
#3012=CARTESIAN_POINT('Ctrl Pts',(-385.000000000001,-13.2986463828938,-3.0666791476781));
#3013=CARTESIAN_POINT('Ctrl Pts',(-385.000000000001,-12.7854026393162,-2.99007500371797));
#3014=CARTESIAN_POINT('Ctrl Pts',(-385.000000000001,-12.2482991311529,-2.90538154655217));
#3015=CARTESIAN_POINT('Ctrl Pts',(-385.,-11.1740921148263,-2.73599463222058));
#3016=CARTESIAN_POINT('Ctrl Pts',(-385.000000000001,-10.0044460401566,-2.53425046506631));
#3017=CARTESIAN_POINT('Ctrl Pts',(-385.,-8.96660137861233,-2.33029726171558));
#3018=CARTESIAN_POINT('Ctrl Pts',(-385.,-7.92875671706803,-2.12634405836484));
#3019=CARTESIAN_POINT('Ctrl Pts',(-385.,-7.02271346864923,-1.92018181881764));
#3020=CARTESIAN_POINT('Ctrl Pts',(-385.,-6.35059027854435,-1.71228343317656));
#3021=CARTESIAN_POINT('Ctrl Pts',(-385.,-5.67846708843949,-1.50438504753548));
#3022=CARTESIAN_POINT('Ctrl Pts',(-385.,-5.24026395664853,-1.29475051580052));
#3023=CARTESIAN_POINT('Ctrl Pts',(-385.,-4.90443581172757,-1.04470885982837));
#3024=CARTESIAN_POINT('Ctrl Pts',(-385.,-4.56860766680659,-0.794667203856215));
#3025=CARTESIAN_POINT('Ctrl Pts',(-385.,-4.33515450875563,-0.504218423646865));
#3026=CARTESIAN_POINT('Ctrl Pts',(-385.,-4.17656249999997,-0.166188809590449));
#3027=CARTESIAN_POINT('',(-110.,126.5,-0.25));
#3028=CARTESIAN_POINT('Origin',(-178.500002361834,18.6246544469428,8.5));
#3029=CARTESIAN_POINT('Origin',(-178.500002361834,18.6246544469428,-4.7));
#3030=CARTESIAN_POINT('Origin',(-110.,125.7,0.148408772643807));
#3031=CARTESIAN_POINT('',(-385.,-4.97656250000002,0.060410946475014));
#3032=CARTESIAN_POINT('',(-110.,125.7,0.148408772643807));
#3033=CARTESIAN_POINT('',(-385.,-4.97656250000002,0.0328888960570371));
#3034=CARTESIAN_POINT('',(-385.,-4.97656250000003,1.41170436409856));
#3035=CARTESIAN_POINT('',(-110.,125.7,-0.0590564642566916));
#3036=CARTESIAN_POINT('Ctrl Pts',(-160.,101.940625,-0.0423391260178319));
#3037=CARTESIAN_POINT('Ctrl Pts',(-235.,66.3015625000001,-0.0172631186595422));
#3038=CARTESIAN_POINT('Ctrl Pts',(-310.,30.6625,0.00781288869874747));
#3039=CARTESIAN_POINT('Ctrl Pts',(-385.,-4.97656250000002,0.0328888960570371));
#3040=CARTESIAN_POINT('Ctrl Pts',(-160.,101.926256041947,-0.0681411047190973));
#3041=CARTESIAN_POINT('Ctrl Pts',(-235.,66.289036885631,-0.0392775092334264));
#3042=CARTESIAN_POINT('Ctrl Pts',(-310.,30.6518177161758,-0.010414163381788));
#3043=CARTESIAN_POINT('Ctrl Pts',(-385.,-4.98540144014021,0.0184494321038829));
#3044=CARTESIAN_POINT('Ctrl Pts',(-160.,101.911422246248,-0.0936480980187436));
#3045=CARTESIAN_POINT('Ctrl Pts',(-235.,66.2761253045788,-0.0610395359727217));
#3046=CARTESIAN_POINT('Ctrl Pts',(-310.,30.6408289276906,-0.0284309177579623));
#3047=CARTESIAN_POINT('Ctrl Pts',(-385.,-4.99446801397828,0.00417764428805963));
#3048=CARTESIAN_POINT('Ctrl Pts',(-160.,101.651966209361,-0.521410238156674));
#3049=CARTESIAN_POINT('Ctrl Pts',(-235.,66.0505898472379,-0.425980885730016));
#3050=CARTESIAN_POINT('Ctrl Pts',(-309.999999999999,30.4491800455574,-0.330540654350722));
#3051=CARTESIAN_POINT('Ctrl Pts',(-384.999999999999,-5.15219631656552,-0.235111301924064));
#3052=CARTESIAN_POINT('Ctrl Pts',(-159.999999999998,101.320501548988,-0.847608289115098));
#3053=CARTESIAN_POINT('Ctrl Pts',(-234.999999999997,65.760080624998,-0.70487920561111));
#3054=CARTESIAN_POINT('Ctrl Pts',(-309.999999999994,30.1994674945076,-0.562063436352839));
#3055=CARTESIAN_POINT('Ctrl Pts',(-384.999999999994,-5.36095342948224,-0.419334352848852));
#3056=CARTESIAN_POINT('Ctrl Pts',(-159.999999999997,100.587215089431,-1.22032499399548));
#3057=CARTESIAN_POINT('Ctrl Pts',(-234.999999999997,65.1497158980915,-1.01852900771836));
#3058=CARTESIAN_POINT('Ctrl Pts',(-309.999999999993,29.7119746471399,-0.81663482711514));
#3059=CARTESIAN_POINT('Ctrl Pts',(-384.999999999993,-5.72552454419974,-0.614838840838022));
#3060=CARTESIAN_POINT('Ctrl Pts',(-159.999999999997,100.463125224244,-1.27716837315378));
#3061=CARTESIAN_POINT('Ctrl Pts',(-234.999999999997,65.0473012669318,-1.06619944325354));
#3062=CARTESIAN_POINT('Ctrl Pts',(-309.999999999993,29.6312384652746,-0.855112433522768));
#3063=CARTESIAN_POINT('Ctrl Pts',(-384.999999999993,-5.78458549203715,-0.644143503622532));
#3064=CARTESIAN_POINT('Ctrl Pts',(-159.999999999997,99.7706703448548,-1.56552039687191));
#3065=CARTESIAN_POINT('Ctrl Pts',(-234.999999999997,64.4798021069604,-1.30722688010433));
#3066=CARTESIAN_POINT('Ctrl Pts',(-309.999999999992,29.1886525480305,-1.04889628615833));
#3067=CARTESIAN_POINT('Ctrl Pts',(-384.999999999992,-6.10221568986392,-0.79060276939075));
#3068=CARTESIAN_POINT('Ctrl Pts',(-159.999999999995,99.0055357434037,-1.79854944823561));
#3069=CARTESIAN_POINT('Ctrl Pts',(-234.999999999995,63.8567485760871,-1.50390981949444));
#3070=CARTESIAN_POINT('Ctrl Pts',(-309.999999999989,28.707587195859,-1.20896834912665));
#3071=CARTESIAN_POINT('Ctrl Pts',(-384.999999999989,-6.44119997145754,-0.914328720385488));
#3072=CARTESIAN_POINT('Ctrl Pts',(-159.999999999995,97.8740215321686,-2.06793171928737));
#3073=CARTESIAN_POINT('Ctrl Pts',(-234.999999999995,62.9125109794176,-1.73569780327155));
#3074=CARTESIAN_POINT('Ctrl Pts',(-309.999999999988,27.9505585641352,-1.40340076624259));
#3075=CARTESIAN_POINT('Ctrl Pts',(-384.999999999988,-7.01095198861571,-1.07116685022677));
#3076=CARTESIAN_POINT('Ctrl Pts',(-159.999999999995,97.7572736615367,-2.09508169160007));
#3077=CARTESIAN_POINT('Ctrl Pts',(-234.999999999995,62.814843446318,-1.75938335028313));
#3078=CARTESIAN_POINT('Ctrl Pts',(-309.999999999988,27.8720320071288,-1.42284406781516));
#3079=CARTESIAN_POINT('Ctrl Pts',(-384.999999999988,-7.07039820808991,-1.08714572649822));
#3080=CARTESIAN_POINT('Ctrl Pts',(-159.999999999995,97.3961409174677,-2.17773036496172));
#3081=CARTESIAN_POINT('Ctrl Pts',(-234.999999999995,62.5119618872656,-1.82991638195896));
#3082=CARTESIAN_POINT('Ctrl Pts',(-309.999999999988,27.6271686417139,-1.48398163010066));
#3083=CARTESIAN_POINT('Ctrl Pts',(-384.999999999987,-7.25701038848828,-1.1361676470979));
#3084=CARTESIAN_POINT('Ctrl Pts',(-159.999999999995,96.8688180546788,-2.09518222260072));
#3085=CARTESIAN_POINT('Ctrl Pts',(-234.999999999995,62.0706131563129,-1.79790477706581));
#3086=CARTESIAN_POINT('Ctrl Pts',(-309.999999999987,27.272690085416,-1.50096888990858));
#3087=CARTESIAN_POINT('Ctrl Pts',(-384.999999999987,-7.52551481294981,-1.20369144437366));
#3088=CARTESIAN_POINT('Ctrl Pts',(-159.999999999995,96.5522491621818,-1.69562450590206));
#3089=CARTESIAN_POINT('Ctrl Pts',(-234.999999999994,61.7567477253224,-1.55510452439196));
#3090=CARTESIAN_POINT('Ctrl Pts',(-309.999999999987,26.9598383674564,-1.41609069564575));
#3091=CARTESIAN_POINT('Ctrl Pts',(-384.999999999987,-7.83566306940295,-1.27557071413565));
#3092=CARTESIAN_POINT('Ctrl Pts',(-159.999999999994,96.4783529993379,-1.44215368042583));
#3093=CARTESIAN_POINT('Ctrl Pts',(-234.999999999994,61.6413333375254,-1.40104543492151));
#3094=CARTESIAN_POINT('Ctrl Pts',(-309.999999999987,26.8053375081626,-1.36043494417077));
#3095=CARTESIAN_POINT('Ctrl Pts',(-384.999999999987,-8.0316821536499,-1.31932669866645));
#3096=CARTESIAN_POINT('Ctrl Pts',(-159.999999999994,96.4699997900584,-1.40327444766383));
#3097=CARTESIAN_POINT('Ctrl Pts',(-234.999999999994,61.6258983232569,-1.37664380350202));
#3098=CARTESIAN_POINT('Ctrl Pts',(-309.999999999987,26.7825399775238,-1.35085306874134));
#3099=CARTESIAN_POINT('Ctrl Pts',(-384.999999999987,-8.06156148927774,-1.32422242457953));
#3100=CARTESIAN_POINT('Ctrl Pts',(-159.999999999995,96.4241465931612,-1.07426144951324));
#3101=CARTESIAN_POINT('Ctrl Pts',(-234.999999999995,61.5113026303926,-1.16700556008723));
#3102=CARTESIAN_POINT('Ctrl Pts',(-309.999999999987,26.5989250371906,-1.25852108030266));
#3103=CARTESIAN_POINT('Ctrl Pts',(-384.999999999987,-8.31391892557792,-1.35126519087665));
#3104=CARTESIAN_POINT('Ctrl Pts',(-159.999999999995,96.3400063707999,-0.45818706407234));
#3105=CARTESIAN_POINT('Ctrl Pts',(-234.999999999995,61.3006088819772,-0.704985709459126));
#3106=CARTESIAN_POINT('Ctrl Pts',(-309.999999999988,26.2626036648174,-0.951798362670996));
#3107=CARTESIAN_POINT('Ctrl Pts',(-384.999999999988,-8.77679382400539,-1.19859700805778));
#3108=CARTESIAN_POINT('Ctrl Pts',(-159.999999999995,96.3035013985928,0.210880369112665));
#3109=CARTESIAN_POINT('Ctrl Pts',(-234.999999999995,61.2095851291195,-0.111088934803232));
#3110=CARTESIAN_POINT('Ctrl Pts',(-309.999999999989,26.1162343494911,-0.432548208190557));
#3111=CARTESIAN_POINT('Ctrl Pts',(-384.999999999989,-8.97768191998214,-0.754517512106454));
#3112=CARTESIAN_POINT('Ctrl Pts',(-159.999999999996,96.3036209874985,1.43733908913057));
#3113=CARTESIAN_POINT('Ctrl Pts',(-234.999999999997,61.2103749553357,0.979747661744883));
#3114=CARTESIAN_POINT('Ctrl Pts',(-309.999999999991,26.1160372624183,0.522025254154006));
#3115=CARTESIAN_POINT('Ctrl Pts',(-384.999999999992,-8.97720876974446,0.0644338267683169));
#3116=CARTESIAN_POINT('Ctrl Pts',(-159.999999999998,96.3037751413743,2.32900275957661));
#3117=CARTESIAN_POINT('Ctrl Pts',(-234.999999999998,61.2098703079513,1.77249137317931));
#3118=CARTESIAN_POINT('Ctrl Pts',(-309.999999999996,26.1165014700356,1.21636451220742));
#3119=CARTESIAN_POINT('Ctrl Pts',(-384.999999999995,-8.97740336338736,0.65985312581013));
#3120=CARTESIAN_POINT('Ctrl Pts',(-159.999999999999,96.3036233690601,3.41912957812147));
#3121=CARTESIAN_POINT('Ctrl Pts',(-234.999999999999,61.2101595295319,2.74200180142977));
#3122=CARTESIAN_POINT('Ctrl Pts',(-309.999999999997,26.1161155123222,2.06498105796126));
#3123=CARTESIAN_POINT('Ctrl Pts',(-384.999999999997,-8.97734832720607,1.38785328126956));
#3124=CARTESIAN_POINT('Ctrl Pts',(-159.999999999999,96.4197603026337,3.81544454750307));
#3125=CARTESIAN_POINT('Ctrl Pts',(-234.999999999999,61.2876081653918,3.09445723811167));
#3126=CARTESIAN_POINT('Ctrl Pts',(-309.999999999997,26.154779206061,2.37397450704547));
#3127=CARTESIAN_POINT('Ctrl Pts',(-384.999999999997,-8.97737293118092,1.65298719765406));
#3128=CARTESIAN_POINT('Ctrl Pts',(-159.999999999999,96.7196882239095,4.07486593298155));
#3129=CARTESIAN_POINT('Ctrl Pts',(-234.999999999999,61.4875950998369,3.35591836279408));
#3130=CARTESIAN_POINT('Ctrl Pts',(-309.999999999998,26.2547664299556,2.63704412868461));
#3131=CARTESIAN_POINT('Ctrl Pts',(-384.999999999998,-8.97732669411701,1.91809655849714));
#3132=CARTESIAN_POINT('Ctrl Pts',(-159.999999999999,97.089560424063,4.23980468386894));
#3133=CARTESIAN_POINT('Ctrl Pts',(-234.999999999999,61.7339164745821,3.56385320514129));
#3134=CARTESIAN_POINT('Ctrl Pts',(-309.999999999998,26.3781163791671,2.88763090005955));
#3135=CARTESIAN_POINT('Ctrl Pts',(-384.999999999998,-8.97752757031377,2.2116794213319));
#3136=CARTESIAN_POINT('Ctrl Pts',(-159.999999999999,97.3250833161342,4.24713008737589));
#3137=CARTESIAN_POINT('Ctrl Pts',(-234.999999999999,61.9078204973121,3.6220683198579));
#3138=CARTESIAN_POINT('Ctrl Pts',(-309.999999999998,26.4897838223052,2.99733497817103));
#3139=CARTESIAN_POINT('Ctrl Pts',(-384.999999999998,-8.92747899651688,2.37227321065304));
#3140=CARTESIAN_POINT('Ctrl Pts',(-159.999999999999,97.7748212648966,4.08202561523825));
#3141=CARTESIAN_POINT('Ctrl Pts',(-234.999999999999,62.2745462369686,3.60979369758973));
#3142=CARTESIAN_POINT('Ctrl Pts',(-309.999999999998,26.774338813445,3.13669271989803));
#3143=CARTESIAN_POINT('Ctrl Pts',(-384.999999999998,-8.72593621448293,2.66446080224951));
#3144=CARTESIAN_POINT('Ctrl Pts',(-159.999999999999,98.2628820522474,3.88685930077891));
#3145=CARTESIAN_POINT('Ctrl Pts',(-234.999999999999,62.7138643670097,3.5573147633498));
#3146=CARTESIAN_POINT('Ctrl Pts',(-309.999999999999,27.1649415895603,3.22746578336188));
#3147=CARTESIAN_POINT('Ctrl Pts',(-384.999999999999,-8.38407609567742,2.89792124593277));
#3148=CARTESIAN_POINT('Ctrl Pts',(-159.999999999999,98.7142121558151,3.64164401237332));
#3149=CARTESIAN_POINT('Ctrl Pts',(-235.,63.1518076660469,3.3775326806557));
#3150=CARTESIAN_POINT('Ctrl Pts',(-309.999999999998,27.5894238894914,3.11272287592727));
#3151=CARTESIAN_POINT('Ctrl Pts',(-384.999999999999,-7.97298060027681,2.84861154420965));
#3152=CARTESIAN_POINT('Ctrl Pts',(-160.,99.1394886549083,3.36760110016745));
#3153=CARTESIAN_POINT('Ctrl Pts',(-234.999999999999,63.5521351350089,3.13232469176854));
#3154=CARTESIAN_POINT('Ctrl Pts',(-309.999999999999,27.9652370343943,2.89767060557137));
#3155=CARTESIAN_POINT('Ctrl Pts',(-384.999999999999,-7.62211648550506,2.66239419717246));
#3156=CARTESIAN_POINT('Ctrl Pts',(-160.,99.3408291013135,3.22910020093696));
#3157=CARTESIAN_POINT('Ctrl Pts',(-235.,63.740204701403,3.01002944054228));
#3158=CARTESIAN_POINT('Ctrl Pts',(-309.999999999999,28.1397953956497,2.79091080633915));
#3159=CARTESIAN_POINT('Ctrl Pts',(-384.999999999999,-7.46082900426084,2.57184004594448));
#3160=CARTESIAN_POINT('Ctrl Pts',(-160.,99.8986452367418,2.82048347678953));
#3161=CARTESIAN_POINT('Ctrl Pts',(-235.,64.2573366439069,2.65166668305423));
#3162=CARTESIAN_POINT('Ctrl Pts',(-310.,28.6163495815039,2.48314527176384));
#3163=CARTESIAN_POINT('Ctrl Pts',(-385.,-7.02495901133094,2.31432847802854));
#3164=CARTESIAN_POINT('Ctrl Pts',(-160.,100.20716331645,2.55893332230235));
#3165=CARTESIAN_POINT('Ctrl Pts',(-235.,64.5345074319973,2.43011171486707));
#3166=CARTESIAN_POINT('Ctrl Pts',(-310.000000000001,28.8620291111458,2.30127906262617));
#3167=CARTESIAN_POINT('Ctrl Pts',(-385.000000000001,-6.81062677330692,2.17245745519089));
#3168=CARTESIAN_POINT('Ctrl Pts',(-160.000000000001,100.512690691024,2.26281373356453));
#3169=CARTESIAN_POINT('Ctrl Pts',(-235.000000000001,64.8157366279369,2.1762376233517));
#3170=CARTESIAN_POINT('Ctrl Pts',(-310.000000000001,29.1189972937503,2.08977702780372));
#3171=CARTESIAN_POINT('Ctrl Pts',(-385.000000000001,-6.57795676933734,2.00320091759089));
#3172=CARTESIAN_POINT('Ctrl Pts',(-160.000000000001,100.556031844126,2.2198674935294));
#3173=CARTESIAN_POINT('Ctrl Pts',(-235.000000000001,64.8557790095209,2.13937145012526));
#3174=CARTESIAN_POINT('Ctrl Pts',(-310.000000000001,29.1557336548724,2.05896888984569));
#3175=CARTESIAN_POINT('Ctrl Pts',(-385.000000000001,-6.54451917973221,1.97847284644155));
#3176=CARTESIAN_POINT('Ctrl Pts',(-160.000000000001,100.942574346675,1.82862197119074));
#3177=CARTESIAN_POINT('Ctrl Pts',(-235.,65.2149481120374,1.80240664449869));
#3178=CARTESIAN_POINT('Ctrl Pts',(-310.000000000001,29.4875136627798,1.77628469924806));
#3179=CARTESIAN_POINT('Ctrl Pts',(-385.000000000001,-6.24011257185828,1.75006937255601));
#3180=CARTESIAN_POINT('Ctrl Pts',(-160.,101.22223349924,1.48497003032249));
#3181=CARTESIAN_POINT('Ctrl Pts',(-235.000000000001,65.5010899381214,1.48831213999403));
#3182=CARTESIAN_POINT('Ctrl Pts',(-310.000000000001,29.7800797398406,1.49171516998125));
#3183=CARTESIAN_POINT('Ctrl Pts',(-385.000000000001,-5.94106382127781,1.4950572796528));
#3184=CARTESIAN_POINT('Ctrl Pts',(-160.,101.687485835612,0.784118512686443));
#3185=CARTESIAN_POINT('Ctrl Pts',(-235.,66.0042835895271,0.803717056973194));
#3186=CARTESIAN_POINT('Ctrl Pts',(-310.000000000001,30.3211641036154,0.823355309580345));
#3187=CARTESIAN_POINT('Ctrl Pts',(-385.000000000001,-5.36203814246989,0.842953853867096));
#3188=CARTESIAN_POINT('Ctrl Pts',(-160.,101.858078695659,0.422713504616267));
#3189=CARTESIAN_POINT('Ctrl Pts',(-235.,66.2136309270874,0.409899201881008));
#3190=CARTESIAN_POINT('Ctrl Pts',(-310.,30.5691828461891,0.397084063728523));
#3191=CARTESIAN_POINT('Ctrl Pts',(-385.,-5.07526492238233,0.384269760993263));
#3192=CARTESIAN_POINT('Ctrl Pts',(-160.,101.940625,0.132409167885813));
#3193=CARTESIAN_POINT('Ctrl Pts',(-235.,66.3015625000001,0.10840976074882));
#3194=CARTESIAN_POINT('Ctrl Pts',(-310.,30.6625000000001,0.0844103536118275));
#3195=CARTESIAN_POINT('Ctrl Pts',(-385.,-4.97656249999997,0.060410946474835));
#3196=CARTESIAN_POINT('Ctrl Pts',(-385.,-4.97656250000002,0.0328888960570371));
#3197=CARTESIAN_POINT('Ctrl Pts',(-385.,-4.98540144014021,0.0184494321038829));
#3198=CARTESIAN_POINT('Ctrl Pts',(-385.,-4.99446801397828,0.00417764428805963));
#3199=CARTESIAN_POINT('Ctrl Pts',(-384.999999999999,-5.15219631656552,-0.235111301924064));
#3200=CARTESIAN_POINT('Ctrl Pts',(-384.999999999994,-5.36095342948224,-0.419334352848852));
#3201=CARTESIAN_POINT('Ctrl Pts',(-384.999999999993,-5.72552454419974,-0.614838840838022));
#3202=CARTESIAN_POINT('Ctrl Pts',(-384.999999999993,-5.78458549203715,-0.644143503622532));
#3203=CARTESIAN_POINT('Ctrl Pts',(-384.999999999992,-6.10221568986392,-0.79060276939075));
#3204=CARTESIAN_POINT('Ctrl Pts',(-384.999999999989,-6.44119997145754,-0.914328720385488));
#3205=CARTESIAN_POINT('Ctrl Pts',(-384.999999999988,-7.01095198861571,-1.07116685022677));
#3206=CARTESIAN_POINT('Ctrl Pts',(-384.999999999988,-7.07039820808991,-1.08714572649822));
#3207=CARTESIAN_POINT('Ctrl Pts',(-384.999999999987,-7.25701038848828,-1.1361676470979));
#3208=CARTESIAN_POINT('Ctrl Pts',(-384.999999999987,-7.52551481294981,-1.20369144437366));
#3209=CARTESIAN_POINT('Ctrl Pts',(-384.999999999987,-7.83566306940295,-1.27557071413565));
#3210=CARTESIAN_POINT('Ctrl Pts',(-384.999999999987,-8.0316821536499,-1.31932669866645));
#3211=CARTESIAN_POINT('Ctrl Pts',(-384.999999999987,-8.06156148927774,-1.32422242457953));
#3212=CARTESIAN_POINT('Ctrl Pts',(-384.999999999987,-8.31391892557792,-1.35126519087665));
#3213=CARTESIAN_POINT('Ctrl Pts',(-384.999999999988,-8.77679382400539,-1.19859700805778));
#3214=CARTESIAN_POINT('Ctrl Pts',(-384.999999999989,-8.97768191998214,-0.754517512106454));
#3215=CARTESIAN_POINT('Ctrl Pts',(-384.999999999992,-8.97720876974446,0.0644338267683169));
#3216=CARTESIAN_POINT('Ctrl Pts',(-384.999999999995,-8.97740336338736,0.65985312581013));
#3217=CARTESIAN_POINT('Ctrl Pts',(-384.999999999997,-8.97734832720607,1.38785328126956));
#3218=CARTESIAN_POINT('Ctrl Pts',(-384.999999999997,-8.97737293118092,1.65298719765406));
#3219=CARTESIAN_POINT('Ctrl Pts',(-384.999999999998,-8.97732669411701,1.91809655849714));
#3220=CARTESIAN_POINT('Ctrl Pts',(-384.999999999998,-8.97752757031377,2.2116794213319));
#3221=CARTESIAN_POINT('Ctrl Pts',(-384.999999999998,-8.92747899651688,2.37227321065304));
#3222=CARTESIAN_POINT('Ctrl Pts',(-384.999999999998,-8.72593621448293,2.66446080224951));
#3223=CARTESIAN_POINT('Ctrl Pts',(-384.999999999999,-8.38407609567742,2.89792124593277));
#3224=CARTESIAN_POINT('Ctrl Pts',(-384.999999999999,-7.97298060027681,2.84861154420965));
#3225=CARTESIAN_POINT('Ctrl Pts',(-384.999999999999,-7.62211648550506,2.66239419717246));
#3226=CARTESIAN_POINT('Ctrl Pts',(-384.999999999999,-7.46082900426084,2.57184004594448));
#3227=CARTESIAN_POINT('Ctrl Pts',(-385.,-7.02495901133094,2.31432847802854));
#3228=CARTESIAN_POINT('Ctrl Pts',(-385.000000000001,-6.81062677330692,2.17245745519089));
#3229=CARTESIAN_POINT('Ctrl Pts',(-385.000000000001,-6.57795676933734,2.00320091759089));
#3230=CARTESIAN_POINT('Ctrl Pts',(-385.000000000001,-6.54451917973221,1.97847284644155));
#3231=CARTESIAN_POINT('Ctrl Pts',(-385.000000000001,-6.24011257185828,1.75006937255601));
#3232=CARTESIAN_POINT('Ctrl Pts',(-385.000000000001,-5.94106382127781,1.4950572796528));
#3233=CARTESIAN_POINT('Ctrl Pts',(-385.000000000001,-5.36203814246989,0.842953853867096));
#3234=CARTESIAN_POINT('Ctrl Pts',(-385.,-5.07526492238233,0.384269760993263));
#3235=CARTESIAN_POINT('Ctrl Pts',(-385.,-4.97656249999997,0.060410946474835));
#3236=CARTESIAN_POINT('Origin',(-196.,71.0196163396186,2.05025260619997));
#3237=CARTESIAN_POINT('Ctrl Pts',(-385.,-117.093113471669,0.737918179575709));
#3238=CARTESIAN_POINT('Ctrl Pts',(-309.82641427458,-97.1080468906872,1.0952836110748));
#3239=CARTESIAN_POINT('Ctrl Pts',(-234.652829882055,-77.1229806639845,1.45276399339191));
#3240=CARTESIAN_POINT('Ctrl Pts',(-159.479245992322,-57.1379145709181,1.81029367981291));
#3241=CARTESIAN_POINT('Ctrl Pts',(-385.173573716112,-116.453418340374,1.47612286899283));
#3242=CARTESIAN_POINT('Ctrl Pts',(-309.999991914228,-96.4683375348827,1.83335160416835));
#3243=CARTESIAN_POINT('Ctrl Pts',(-234.82641134549,-76.4832560682325,2.19068598187457));
#3244=CARTESIAN_POINT('Ctrl Pts',(-159.652830661548,-56.4981770263419,2.54809138858366));
#3245=CARTESIAN_POINT('Ctrl Pts',(-385.347147432224,-115.81372320908,2.21432755840996));
#3246=CARTESIAN_POINT('Ctrl Pts',(-310.173569553876,-95.8286281790781,2.57141959726189));
#3247=CARTESIAN_POINT('Ctrl Pts',(-234.999992808924,-75.8435314724805,2.92860797035724));
#3248=CARTESIAN_POINT('Ctrl Pts',(-159.826415330774,-55.8584394817657,3.28588909735441));
#3249=CARTESIAN_POINT('Ctrl Pts',(-385.520721148336,-115.174028077786,2.95253224782708));
#3250=CARTESIAN_POINT('Ctrl Pts',(-310.347147193523,-95.1889188232735,3.30948759035544));
#3251=CARTESIAN_POINT('Ctrl Pts',(-235.173574272358,-75.2038068767285,3.6665299588399));
#3252=CARTESIAN_POINT('Ctrl Pts',(-160.,-55.2187019371895,4.02368680612516));
#3253=CARTESIAN_POINT('',(-160.,-55.2187019371895,4.02368680612516));
#3254=CARTESIAN_POINT('',(-160.,-57.2763581933073,1.80781694606861));
#3255=CARTESIAN_POINT('Ctrl Pts',(-160.,-55.2187019371895,4.02368680612516));
#3256=CARTESIAN_POINT('Ctrl Pts',(-160.,-55.5616435206933,3.65437685694229));
#3257=CARTESIAN_POINT('Ctrl Pts',(-160.000000000003,-55.9045849841271,3.28506679626225));
#3258=CARTESIAN_POINT('Ctrl Pts',(-160.000000000003,-56.5904704028703,2.54644350961124));
#3259=CARTESIAN_POINT('Ctrl Pts',(-160.,-56.9334143581778,2.17713028363846));
#3260=CARTESIAN_POINT('Ctrl Pts',(-160.,-57.2763581933073,1.80781694606861));
#3261=CARTESIAN_POINT('',(-385.,-115.035592873756,2.95500484907752));
#3262=CARTESIAN_POINT('Ctrl Pts',(-384.999999999989,-115.035592873805,2.95500484944433));
#3263=CARTESIAN_POINT('Ctrl Pts',(-309.999999766047,-95.0966286749206,3.31113639299686));
#3264=CARTESIAN_POINT('Ctrl Pts',(-235.000000555504,-75.1576618187123,3.66735462418385));
#3265=CARTESIAN_POINT('Ctrl Pts',(-160.,-55.2187019371895,4.02368680612516));
#3266=CARTESIAN_POINT('',(-385.,-117.093113471669,0.737918179575709));
#3267=CARTESIAN_POINT('Ctrl Pts',(-385.,-117.093113471669,0.737918179575709));
#3268=CARTESIAN_POINT('Ctrl Pts',(-385.,-116.750194800226,1.10743161572319));
#3269=CARTESIAN_POINT('Ctrl Pts',(-385.000000000001,-116.407275996645,1.47694492924227));
#3270=CARTESIAN_POINT('Ctrl Pts',(-385.000000000001,-115.721435797385,2.21597381911708));
#3271=CARTESIAN_POINT('Ctrl Pts',(-385.,-115.378514401704,2.58548939547121));
#3272=CARTESIAN_POINT('Ctrl Pts',(-385.,-115.035592873756,2.95500484907752));
#3273=CARTESIAN_POINT('Ctrl Pts',(-159.999999999999,-57.2763581933071,1.80781694599123));
#3274=CARTESIAN_POINT('Ctrl Pts',(-234.99999922283,-77.2152764128614,1.45111306529537));
#3275=CARTESIAN_POINT('Ctrl Pts',(-309.999998948042,-97.1541947659428,1.09445841215507));
#3276=CARTESIAN_POINT('Ctrl Pts',(-385.,-117.093113471669,0.737918179575709));
#3277=CARTESIAN_POINT('Origin',(-385.,-10.4420871559262,2.67499995555332));
#3278=CARTESIAN_POINT('',(-385.,-4.17656250000002,0.166190096659551));
#3279=CARTESIAN_POINT('Ctrl Pts',(-385.,-4.17656249999999,0.166190096659551));
#3280=CARTESIAN_POINT('Ctrl Pts',(-385.,-4.25568952931304,0.499406062687533));
#3281=CARTESIAN_POINT('Ctrl Pts',(-385.,-4.43526972746004,0.873437060089174));
#3282=CARTESIAN_POINT('Ctrl Pts',(-385.,-4.72696306951168,1.28468939046684));
#3283=CARTESIAN_POINT('Ctrl Pts',(-385.,-5.01865641156332,1.69594172084451));
#3284=CARTESIAN_POINT('Ctrl Pts',(-385.,-5.42246289751962,2.1444153841982));
#3285=CARTESIAN_POINT('Ctrl Pts',(-385.,-6.0446080909746,2.60592691455175));
#3286=CARTESIAN_POINT('Ctrl Pts',(-385.,-6.66675328442958,3.0674384449053));
#3287=CARTESIAN_POINT('Ctrl Pts',(-385.,-7.50723718538322,3.54198784225871));
#3288=CARTESIAN_POINT('Ctrl Pts',(-385.,-8.5054260894001,3.98941621596562));
#3289=CARTESIAN_POINT('Ctrl Pts',(-385.,-9.50361499341697,4.43684458967252));
#3290=CARTESIAN_POINT('Ctrl Pts',(-385.,-10.6595089004971,4.85715193973293));
#3291=CARTESIAN_POINT('Ctrl Pts',(-385.,-11.750001960683,5.21694824829259));
#3292=CARTESIAN_POINT('Ctrl Pts',(-385.,-12.2952484907759,5.39684640257241));
#3293=CARTESIAN_POINT('Ctrl Pts',(-385.,-12.8241448091453,5.56161679647706));
#3294=CARTESIAN_POINT('Ctrl Pts',(-385.,-13.322865765503,5.71045555055329));
#3295=CARTESIAN_POINT('Ctrl Pts',(-385.,-13.8215867218607,5.85929430462953));
#3296=CARTESIAN_POINT('Ctrl Pts',(-385.,-14.2901323162066,5.99220141887736));
#3297=CARTESIAN_POINT('Ctrl Pts',(-385.,-14.7227812274636,6.10989124251329));
#3298=CARTESIAN_POINT('Ctrl Pts',(-385.,-15.5880790499776,6.34527088978514));
#3299=CARTESIAN_POINT('Ctrl Pts',(-385.,-16.3097901401359,6.51978137460936));
#3300=CARTESIAN_POINT('Ctrl Pts',(-385.,-17.0963429113711,6.67694383327144));
#3301=CARTESIAN_POINT('Ctrl Pts',(-385.,-17.8828956826063,6.83410629193352));
#3302=CARTESIAN_POINT('Ctrl Pts',(-385.,-18.7342901349185,6.97392072443346));
#3303=CARTESIAN_POINT('Ctrl Pts',(-385.,-19.8266630070636,7.12927982186634));
#3304=CARTESIAN_POINT('Ctrl Pts',(-385.,-20.9190358792087,7.28463891929921));
#3305=CARTESIAN_POINT('Ctrl Pts',(-385.,-22.2523871711868,7.45554268166502));
#3306=CARTESIAN_POINT('Ctrl Pts',(-385.,-23.7742345616475,7.63283515543625));
#3307=CARTESIAN_POINT('Ctrl Pts',(-385.,-24.7887994886213,7.7510301379504));
#3308=CARTESIAN_POINT('Ctrl Pts',(-385.,-25.8871404593652,7.87206454775585));
#3309=CARTESIAN_POINT('Ctrl Pts',(-385.,-27.0284259337982,7.98866683642706));
#3310=CARTESIAN_POINT('Ctrl Pts',(-385.,-28.1697114082313,8.10526912509828));
#3311=CARTESIAN_POINT('Ctrl Pts',(-385.,-29.3539413863535,8.21743929263526));
#3312=CARTESIAN_POINT('Ctrl Pts',(-385.,-30.5370316067498,8.31753704674416));
#3313=CARTESIAN_POINT('Ctrl Pts',(-385.,-31.7201218271461,8.41763480085306));
#3314=CARTESIAN_POINT('Ctrl Pts',(-385.,-32.9020722898166,8.50566014153389));
#3315=CARTESIAN_POINT('Ctrl Pts',(-385.,-34.0536158309571,8.57708025948056));
#3316=CARTESIAN_POINT('Ctrl Pts',(-385.,-35.2051593720977,8.64850037742724));
#3317=CARTESIAN_POINT('Ctrl Pts',(-385.,-36.3262959917083,8.70331527263977));
#3318=CARTESIAN_POINT('Ctrl Pts',(-385.,-37.4045912526649,8.74039421433249));
#3319=CARTESIAN_POINT('Ctrl Pts',(-384.999999999999,-39.561181774578,8.81455209771792));
#3320=CARTESIAN_POINT('Ctrl Pts',(-385.,-41.5464068618751,8.81776616702411));
#3321=CARTESIAN_POINT('Ctrl Pts',(-384.999999999999,-43.4674330902019,8.78166712216225));
#3322=CARTESIAN_POINT('Ctrl Pts',(-384.999999999999,-45.3884593185286,8.74556807730039));
#3323=CARTESIAN_POINT('Ctrl Pts',(-384.999999999999,-47.245286687885,8.67015591827049));
#3324=CARTESIAN_POINT('Ctrl Pts',(-384.999999999999,-49.1689773155268,8.58910811907309));
#3325=CARTESIAN_POINT('Ctrl Pts',(-384.999999999999,-51.0926679431685,8.50806031987567));
#3326=CARTESIAN_POINT('Ctrl Pts',(-384.999999999999,-53.0832218290956,8.42137688051076));
#3327=CARTESIAN_POINT('Ctrl Pts',(-384.999999999999,-55.1267281557515,8.33010710138694));
#3328=CARTESIAN_POINT('Ctrl Pts',(-384.999999999999,-57.1702344824075,8.23883732226311));
#3329=CARTESIAN_POINT('Ctrl Pts',(-385.,-59.2666932497923,8.14298120338038));
#3330=CARTESIAN_POINT('Ctrl Pts',(-385.,-61.3509769955021,8.03150454205288));
#3331=CARTESIAN_POINT('Ctrl Pts',(-384.999999999999,-62.9141898047844,7.94789704605726));
#3332=CARTESIAN_POINT('Ctrl Pts',(-385.,-64.4705541643745,7.85550299493646));
#3333=CARTESIAN_POINT('Ctrl Pts',(-385.,-66.0091483078821,7.75301246177163));
#3334=CARTESIAN_POINT('Ctrl Pts',(-385.,-67.5477424513897,7.65052192860681));
#3335=CARTESIAN_POINT('Ctrl Pts',(-385.,-69.0685663788146,7.53793491339797));
#3336=CARTESIAN_POINT('Ctrl Pts',(-385.,-70.5780475195365,7.41757535842639));
#3337=CARTESIAN_POINT('Ctrl Pts',(-385.,-73.5970098009803,7.17685624848325));
#3338=CARTESIAN_POINT('Ctrl Pts',(-385.,-76.5706009356122,6.90504697948919));
#3339=CARTESIAN_POINT('Ctrl Pts',(-385.,-79.580906806812,6.62391766248674));
#3340=CARTESIAN_POINT('Ctrl Pts',(-385.,-82.5912126780117,6.34278834548428));
#3341=CARTESIAN_POINT('Ctrl Pts',(-385.,-85.6382332857794,6.05233898047343));
#3342=CARTESIAN_POINT('Ctrl Pts',(-385.,-88.6979681068067,5.74846962415129));
#3343=CARTESIAN_POINT('Ctrl Pts',(-385.,-91.7577029278341,5.44460026782915));
#3344=CARTESIAN_POINT('Ctrl Pts',(-385.,-94.830151962121,5.12731092019571));
#3345=CARTESIAN_POINT('Ctrl Pts',(-385.,-97.8731515945159,4.80327564841255));
#3346=CARTESIAN_POINT('Ctrl Pts',(-384.999999999999,-100.916151226911,4.47924037662938));
#3347=CARTESIAN_POINT('Ctrl Pts',(-384.999999999999,-103.929701457414,4.14845918069649));
#3348=CARTESIAN_POINT('Ctrl Pts',(-384.999999999999,-106.931209998021,3.82312230581909));
#3349=CARTESIAN_POINT('Ctrl Pts',(-384.999999999999,-109.625642638517,3.53106973193255));
#3350=CARTESIAN_POINT('Ctrl Pts',(-385.,-112.310371454506,3.24340447714665));
#3351=CARTESIAN_POINT('Ctrl Pts',(-385.,-115.035749123148,2.95497573481195));
#3352=CARTESIAN_POINT('',(-385.,-4.17656250000002,1.21249997777666));
#3353=CARTESIAN_POINT('',(-385.,-117.09311206181,2.91743952986797));
#3354=CARTESIAN_POINT('',(-385.,-11.0000002235174,-1.10038199865549));
#3355=CARTESIAN_POINT('',(-385.,-99.0000012665987,-1.1003819986555));
#3356=CARTESIAN_POINT('',(-385.,-54.7210442112624,-1.1003819986555));
#3357=CARTESIAN_POINT('',(-385.,-9.89961823976308,-1.49011614187591E-8));
#3358=CARTESIAN_POINT('Origin',(-385.,-11.0000002235174,-1.49011600281135E-8));
#3359=CARTESIAN_POINT('',(-385.,-9.89961823976308,2.00000004470348));
#3360=CARTESIAN_POINT('',(-385.,-9.89961823976308,1.33749997032608));
#3361=CARTESIAN_POINT('',(-385.,-11.0000002235174,3.10038202845781));
#3362=CARTESIAN_POINT('Origin',(-385.,-11.0000002235174,2.00000004470348));
#3363=CARTESIAN_POINT('',(-385.,-99.0000012665987,3.10038202845782));
#3364=CARTESIAN_POINT('',(-385.,-10.7210436897218,3.10038202845782));
#3365=CARTESIAN_POINT('',(-385.,-100.100383250353,2.00000004470348));
#3366=CARTESIAN_POINT('Origin',(-385.,-99.0000012665987,2.0000000447035));
#3367=CARTESIAN_POINT('',(-385.,-100.100383250353,-1.49011614119769E-8));
#3368=CARTESIAN_POINT('',(-385.,-100.100383250353,2.3375000001284));
#3369=CARTESIAN_POINT('Origin',(-385.,-99.0000012665987,-1.49011716854552E-8));
#3370=CARTESIAN_POINT('Origin',(-256.194206686682,-82.8498028920922,3.15978796437286));
#3371=CARTESIAN_POINT('',(-160.,-57.2763574755548,2.91740083641965));
#3372=CARTESIAN_POINT('Origin',(-110.,126.5,-0.25));
#3373=CARTESIAN_POINT('',(-110.,126.5,0.25));
#3374=CARTESIAN_POINT('Origin',(-381.,-55.0000007450581,1.00000001490116));
#3375=CARTESIAN_POINT('',(-381.,-99.0000012665987,-0.750427344551805));
#3376=CARTESIAN_POINT('',(-381.,-11.0000002235174,-0.750427344551798));
#3377=CARTESIAN_POINT('',(-381.,-77.0000010058284,-0.750427344551805));
#3378=CARTESIAN_POINT('',(-381.,-99.7504285962493,-1.490116501303E-8));
#3379=CARTESIAN_POINT('Origin',(-381.,-99.0000012665987,-1.49011716854552E-8));
#3380=CARTESIAN_POINT('',(-381.,-99.7504285962493,2.00000004470348));
#3381=CARTESIAN_POINT('',(-381.,-99.7504285962493,1.50000002980232));
#3382=CARTESIAN_POINT('',(-381.,-99.0000012665987,2.75042737435412));
#3383=CARTESIAN_POINT('Origin',(-381.,-99.0000012665987,2.0000000447035));
#3384=CARTESIAN_POINT('',(-381.,-11.0000002235174,2.75042737435412));
#3385=CARTESIAN_POINT('',(-381.,-33.0000004842877,2.75042737435412));
#3386=CARTESIAN_POINT('',(-381.,-10.2495728938668,2.00000004470348));
#3387=CARTESIAN_POINT('Origin',(-381.,-11.0000002235174,2.00000004470348));
#3388=CARTESIAN_POINT('',(-381.,-10.2495728938668,-1.49011614158985E-8));
#3389=CARTESIAN_POINT('',(-381.,-10.2495728938668,0.499999999999998));
#3390=CARTESIAN_POINT('Origin',(-381.,-11.0000002235174,-1.49011600281135E-8));
#3391=CARTESIAN_POINT('Origin',(-384.991284425725,-99.0000012665987,-1.49011716854552E-8));
#3392=CARTESIAN_POINT('',(-384.991284425725,-99.0000012665987,-1.09961948471034));
#3393=CARTESIAN_POINT('',(-384.991284425725,-100.099620736408,-1.49011614158923E-8));
#3394=CARTESIAN_POINT('Origin',(-384.991284425725,-100.099620736408,2.00000004470348));
#3395=CARTESIAN_POINT('',(-384.991284425725,-100.099620736408,2.00000004470348));
#3396=CARTESIAN_POINT('Origin',(-384.991284425725,-99.0000012665987,2.0000000447035));
#3397=CARTESIAN_POINT('',(-384.991284425725,-99.0000012665987,3.09961951451266));
#3398=CARTESIAN_POINT('Origin',(-384.991284425725,-11.0000002235174,3.09961951451266));
#3399=CARTESIAN_POINT('',(-384.991284425725,-11.0000002235174,3.09961951451266));
#3400=CARTESIAN_POINT('Origin',(-384.991284425725,-11.0000002235174,2.00000004470348));
#3401=CARTESIAN_POINT('',(-384.991284425725,-9.90038075370824,2.00000004470348));
#3402=CARTESIAN_POINT('Origin',(-384.991284425725,-9.90038075370824,-1.49011614216134E-8));
#3403=CARTESIAN_POINT('',(-384.991284425725,-9.90038075370824,-1.49011614216134E-8));
#3404=CARTESIAN_POINT('Origin',(-384.991284425725,-11.0000002235174,-1.49011600281135E-8));
#3405=CARTESIAN_POINT('',(-384.991284425725,-11.0000002235174,-1.09961948471034));
#3406=CARTESIAN_POINT('Origin',(-384.991284425725,-99.0000012665987,-1.09961948471034));
#3407=CARTESIAN_POINT('Ctrl Pts',(-160.,102.740625,0.234761835756282));
#3408=CARTESIAN_POINT('Ctrl Pts',(-235.000000000003,67.1015624999988,0.211904589390704));
#3409=CARTESIAN_POINT('Ctrl Pts',(-310.000000000005,31.4624999999974,0.189047343025127));
#3410=CARTESIAN_POINT('Ctrl Pts',(-385.000000000008,-4.17656250000394,0.166190096659549));
#3411=CARTESIAN_POINT('Ctrl Pts',(-160.,102.625365705554,0.716329436440444));
#3412=CARTESIAN_POINT('Ctrl Pts',(-235.000000000003,66.9981841992659,0.644040187903086));
#3413=CARTESIAN_POINT('Ctrl Pts',(-310.000000000005,31.3714919769715,0.571695311224882));
#3414=CARTESIAN_POINT('Ctrl Pts',(-385.000000000008,-4.255689529317,0.499406062687525));
#3415=CARTESIAN_POINT('Ctrl Pts',(-160.,102.106041049112,1.79093710093943));
#3416=CARTESIAN_POINT('Ctrl Pts',(-235.000000000002,66.532141926217,1.60981394690532));
#3417=CARTESIAN_POINT('Ctrl Pts',(-310.000000000005,30.9590491972839,1.4285912115249));
#3418=CARTESIAN_POINT('Ctrl Pts',(-385.000000000008,-4.61484992561098,1.2474680574908));
#3419=CARTESIAN_POINT('Ctrl Pts',(-159.999999999999,100.355766781731,3.70606014233621));
#3420=CARTESIAN_POINT('Ctrl Pts',(-235.000000000003,64.9619865005765,3.33501225394456));
#3421=CARTESIAN_POINT('Ctrl Pts',(-310.000000000005,29.5675108976743,2.96393693594351));
#3422=CARTESIAN_POINT('Ctrl Pts',(-385.000000000008,-5.82626938347986,2.59288904755185));
#3423=CARTESIAN_POINT('Ctrl Pts',(-159.999999999999,96.745938917181,5.71877497598292));
#3424=CARTESIAN_POINT('Ctrl Pts',(-235.000000000002,61.714482461143,5.15142807291883));
#3425=CARTESIAN_POINT('Ctrl Pts',(-310.000000000005,26.6837353696973,4.58388414267616));
#3426=CARTESIAN_POINT('Ctrl Pts',(-385.000000000008,-8.34772108634076,4.01653723961206));
#3427=CARTESIAN_POINT('Ctrl Pts',(-160.,92.6575640435651,7.19536629165289));
#3428=CARTESIAN_POINT('Ctrl Pts',(-235.000000000003,58.0262017470714,6.48594728175549));
#3429=CARTESIAN_POINT('Ctrl Pts',(-310.000000000005,23.3939064424527,5.77672462466046));
#3430=CARTESIAN_POINT('Ctrl Pts',(-385.000000000008,-11.237455854041,5.06730561476306));
#3431=CARTESIAN_POINT('Ctrl Pts',(-160.,89.6809675945968,8.11820033097428));
#3432=CARTESIAN_POINT('Ctrl Pts',(-235.000000000002,55.3357881154416,7.3209969878215));
#3433=CARTESIAN_POINT('Ctrl Pts',(-310.000000000005,20.9921383516366,6.52359053353439));
#3434=CARTESIAN_POINT('Ctrl Pts',(-385.000000000008,-13.3530411275186,5.72638719038161));
#3435=CARTESIAN_POINT('Ctrl Pts',(-160.,87.0489227479844,8.86120667454655));
#3436=CARTESIAN_POINT('Ctrl Pts',(-235.000000000003,52.9571825324768,7.99341719011342));
#3437=CARTESIAN_POINT('Ctrl Pts',(-310.000000000005,18.8645167106054,7.12580513180606));
#3438=CARTESIAN_POINT('Ctrl Pts',(-385.000000000008,-15.2272235049022,6.25801564737293));
#3439=CARTESIAN_POINT('Ctrl Pts',(-160.,84.5017411510457,9.47198853773438));
#3440=CARTESIAN_POINT('Ctrl Pts',(-235.000000000003,50.6576196667554,8.5460396738833));
#3441=CARTESIAN_POINT('Ctrl Pts',(-310.000000000006,16.8126202539924,7.62024072328455));
#3442=CARTESIAN_POINT('Ctrl Pts',(-385.000000000009,-17.0315012302979,6.69429185943347));
#3443=CARTESIAN_POINT('Ctrl Pts',(-159.999999999999,80.8431591571292,10.0677637991358));
#3444=CARTESIAN_POINT('Ctrl Pts',(-235.000000000002,47.3668291613032,9.08310063318579));
#3445=CARTESIAN_POINT('Ctrl Pts',(-310.000000000005,13.8906454085918,8.09839832288329));
#3446=CARTESIAN_POINT('Ctrl Pts',(-385.000000000008,-19.5856845872343,7.11373515693329));
#3447=CARTESIAN_POINT('Ctrl Pts',(-160.,75.7751682665196,10.7144554971793));
#3448=CARTESIAN_POINT('Ctrl Pts',(-235.000000000002,42.8035849364365,9.66603039718279));
#3449=CARTESIAN_POINT('Ctrl Pts',(-310.000000000006,9.83029529757385,8.61790362323865));
#3450=CARTESIAN_POINT('Ctrl Pts',(-385.000000000008,-23.1412880325092,7.56947852324211));
#3451=CARTESIAN_POINT('Ctrl Pts',(-160.,70.3273227767052,11.311516656686));
#3452=CARTESIAN_POINT('Ctrl Pts',(-235.000000000003,37.8896610172953,10.2053896981597));
#3453=CARTESIAN_POINT('Ctrl Pts',(-310.000000000005,5.4521803292972,9.09922591608751));
#3454=CARTESIAN_POINT('Ctrl Pts',(-385.000000000008,-26.9854814301127,7.99309895756117));
#3455=CARTESIAN_POINT('Ctrl Pts',(-160.,65.3091590276737,11.7831613347817));
#3456=CARTESIAN_POINT('Ctrl Pts',(-235.000000000003,33.3604475567775,10.6319053860534));
#3457=CARTESIAN_POINT('Ctrl Pts',(-310.000000000006,1.41054010641699,9.48086540890046));
#3458=CARTESIAN_POINT('Ctrl Pts',(-385.000000000008,-30.5381713644792,8.32960946017211));
#3459=CARTESIAN_POINT('Ctrl Pts',(-159.999999999999,60.3134501846574,12.1505790789653));
#3460=CARTESIAN_POINT('Ctrl Pts',(-235.000000000002,28.8475679186976,10.9649616157102));
#3461=CARTESIAN_POINT('Ctrl Pts',(-310.000000000005,-2.61814048653072,9.77930294546963));
#3462=CARTESIAN_POINT('Ctrl Pts',(-385.000000000008,-34.0840227524906,8.59368548221458));
#3463=CARTESIAN_POINT('Ctrl Pts',(-160.,54.0026123334769,12.4524097751462));
#3464=CARTESIAN_POINT('Ctrl Pts',(-235.000000000002,23.1460170814458,11.2391658992077));
#3465=CARTESIAN_POINT('Ctrl Pts',(-310.000000000005,-7.71197397890186,10.0261889390032));
#3466=CARTESIAN_POINT('Ctrl Pts',(-385.000000000008,-38.5685692309329,8.8129450630647));
#3467=CARTESIAN_POINT('Ctrl Pts',(-159.999999999999,47.0160233887701,12.456622461177));
#3468=CARTESIAN_POINT('Ctrl Pts',(-235.000000000002,16.8336842578378,11.2446989026765));
#3469=CARTESIAN_POINT('Ctrl Pts',(-310.000000000005,-13.3492928182433,10.0329037948307));
#3470=CARTESIAN_POINT('Ctrl Pts',(-385.000000000008,-43.5316319491756,8.82098023633015));
#3471=CARTESIAN_POINT('Ctrl Pts',(-159.999999999999,39.1497222726337,12.1354119492478));
#3472=CARTESIAN_POINT('Ctrl Pts',(-235.000000000002,9.73227076089253,10.9552340180982));
#3473=CARTESIAN_POINT('Ctrl Pts',(-310.000000000005,-19.6846625455034,9.77492169039002));
#3474=CARTESIAN_POINT('Ctrl Pts',(-385.000000000008,-49.1021140572446,8.59474375924046));
#3475=CARTESIAN_POINT('Ctrl Pts',(-159.999999999999,30.712030384724,11.7681807286061));
#3476=CARTESIAN_POINT('Ctrl Pts',(-235.000000000003,2.11706240148536,10.6236219121218));
#3477=CARTESIAN_POINT('Ctrl Pts',(-310.000000000005,-26.4788077317873,9.47925225763));
#3478=CARTESIAN_POINT('Ctrl Pts',(-385.000000000008,-55.0737757150259,8.33469344114572));
#3479=CARTESIAN_POINT('Ctrl Pts',(-159.999999999999,22.5749718911718,11.3949296635391));
#3480=CARTESIAN_POINT('Ctrl Pts',(-235.000000000002,-5.2296828923082,10.2869792952815));
#3481=CARTESIAN_POINT('Ctrl Pts',(-310.000000000005,-33.034382541854,9.17903948247589));
#3482=CARTESIAN_POINT('Ctrl Pts',(-385.000000000008,-60.8390373253339,8.07108911421821));
#3483=CARTESIAN_POINT('Ctrl Pts',(-159.999999999999,15.2570678982531,10.958944938822));
#3484=CARTESIAN_POINT('Ctrl Pts',(-235.000000000002,-11.8374337716852,9.89363102033318));
#3485=CARTESIAN_POINT('Ctrl Pts',(-310.000000000005,-38.9324168540294,8.82842286230435));
#3486=CARTESIAN_POINT('Ctrl Pts',(-385.000000000008,-66.0269185239677,7.76310894381554));
#3487=CARTESIAN_POINT('Ctrl Pts',(-159.999999999999,6.67568948808095,10.3221361030509));
#3488=CARTESIAN_POINT('Ctrl Pts',(-235.000000000002,-19.5863257958326,9.31901714327186));
#3489=CARTESIAN_POINT('Ctrl Pts',(-310.000000000005,-45.8481989497538,8.31587984275921));
#3490=CARTESIAN_POINT('Ctrl Pts',(-385.000000000008,-72.1102142336673,7.31276088298017));
#3491=CARTESIAN_POINT('Ctrl Pts',(-160.,-3.81599284182074,9.36158882209835));
#3492=CARTESIAN_POINT('Ctrl Pts',(-235.000000000002,-29.0586846100676,8.45212007226406));
#3493=CARTESIAN_POINT('Ctrl Pts',(-310.000000000005,-54.3015003019999,7.54270646032933));
#3494=CARTESIAN_POINT('Ctrl Pts',(-385.000000000008,-79.5441920702468,6.63323771049503));
#3495=CARTESIAN_POINT('Ctrl Pts',(-159.999999999999,-16.7175935919802,8.12903158814018));
#3496=CARTESIAN_POINT('Ctrl Pts',(-235.000000000002,-40.7067982724061,7.33996750460374));
#3497=CARTESIAN_POINT('Ctrl Pts',(-310.000000000005,-64.6960492131238,6.55095369899894));
#3498=CARTESIAN_POINT('Ctrl Pts',(-385.000000000008,-88.6852538935497,5.7618896154625));
#3499=CARTESIAN_POINT('Ctrl Pts',(-160.,-29.7236659992535,6.79133128934648));
#3500=CARTESIAN_POINT('Ctrl Pts',(-235.000000000002,-52.4501111211073,6.13091519421046));
#3501=CARTESIAN_POINT('Ctrl Pts',(-310.000000000005,-75.1761558745568,5.47043766769823));
#3502=CARTESIAN_POINT('Ctrl Pts',(-385.000000000008,-97.9026009964105,4.8100215725622));
#3503=CARTESIAN_POINT('Ctrl Pts',(-159.999999999999,-42.4804521404574,5.38962237778798));
#3504=CARTESIAN_POINT('Ctrl Pts',(-235.000000000002,-63.9680055014154,4.86564577508785));
#3505=CARTESIAN_POINT('Ctrl Pts',(-310.000000000004,-85.4556983269611,4.34165458746367));
#3506=CARTESIAN_POINT('Ctrl Pts',(-385.000000000007,-106.943251687919,3.81767798476354));
#3507=CARTESIAN_POINT('Ctrl Pts',(-160.,-50.9184294525856,4.47675484677208));
#3508=CARTESIAN_POINT('Ctrl Pts',(-235.000000000003,-71.5867583186474,4.04381069212189));
#3509=CARTESIAN_POINT('Ctrl Pts',(-310.000000000005,-92.2538565232793,3.6108370317699));
#3510=CARTESIAN_POINT('Ctrl Pts',(-385.000000000008,-112.922185389341,3.17789287711971));
#3511=CARTESIAN_POINT('Ctrl Pts',(-160.,-55.2187019371895,4.02368680612516));
#3512=CARTESIAN_POINT('Ctrl Pts',(-235.000000000003,-75.4688730819951,3.63456601989238));
#3513=CARTESIAN_POINT('Ctrl Pts',(-310.000000000005,-95.7190442268008,3.24544523365961));
#3514=CARTESIAN_POINT('Ctrl Pts',(-385.000000000008,-115.969215371606,2.85632444742683));
#3515=CARTESIAN_POINT('Ctrl Pts',(-159.999999999999,-38.1495081730656,5.86594273701234));
#3516=CARTESIAN_POINT('Ctrl Pts',(-159.999999999999,-39.5901694553414,5.70876634372445));
#3517=CARTESIAN_POINT('Ctrl Pts',(-159.999999999999,-41.0279483897564,5.55158464001169));
#3518=CARTESIAN_POINT('Ctrl Pts',(-159.999999999999,-42.4638154449554,5.39502364696042));
#3519=CARTESIAN_POINT('Ctrl Pts',(-160.,-46.6994407965215,4.93318861228003));
#3520=CARTESIAN_POINT('Ctrl Pts',(-160.,-50.9184294525856,4.47675484677208));
#3521=CARTESIAN_POINT('Ctrl Pts',(-160.,-55.2187019371895,4.02368680612516));
#3522=CARTESIAN_POINT('Origin',(-160.,-10.4420871559262,2.67499995555332));
#3523=UNCERTAINTY_MEASURE_WITH_UNIT(LENGTH_MEASURE(0.01),#3527,
'DISTANCE_ACCURACY_VALUE',
'Maximum model space distance between geometric entities at asserted c
onnectivities');
#3524=UNCERTAINTY_MEASURE_WITH_UNIT(LENGTH_MEASURE(0.01),#3527,
'DISTANCE_ACCURACY_VALUE',
'Maximum model space distance between geometric entities at asserted c
onnectivities');
#3525=(
GEOMETRIC_REPRESENTATION_CONTEXT(3)
GLOBAL_UNCERTAINTY_ASSIGNED_CONTEXT((#3523))
GLOBAL_UNIT_ASSIGNED_CONTEXT((#3527,#3529,#3530))
REPRESENTATION_CONTEXT('','3D')
);
#3526=(
GEOMETRIC_REPRESENTATION_CONTEXT(3)
GLOBAL_UNCERTAINTY_ASSIGNED_CONTEXT((#3524))
GLOBAL_UNIT_ASSIGNED_CONTEXT((#3527,#3529,#3530))
REPRESENTATION_CONTEXT('','3D')
);
#3527=(
LENGTH_UNIT()
NAMED_UNIT(*)
SI_UNIT(.MILLI.,.METRE.)
);
#3528=(
LENGTH_UNIT()
NAMED_UNIT(*)
SI_UNIT($,.METRE.)
);
#3529=(
NAMED_UNIT(*)
PLANE_ANGLE_UNIT()
SI_UNIT($,.RADIAN.)
);
#3530=(
NAMED_UNIT(*)
SI_UNIT($,.STERADIAN.)
SOLID_ANGLE_UNIT()
);
#3531=SHAPE_DEFINITION_REPRESENTATION(#3532,#3533);
#3532=PRODUCT_DEFINITION_SHAPE('',$,#3535);
#3533=SHAPE_REPRESENTATION('',(#1508),#3525);
#3534=PRODUCT_DEFINITION_CONTEXT('part definition',#3539,'design');
#3535=PRODUCT_DEFINITION('Wing L 2','Wing L 2',#3536,#3534);
#3536=PRODUCT_DEFINITION_FORMATION('',$,#3541);
#3537=PRODUCT_RELATED_PRODUCT_CATEGORY('Wing L 2','Wing L 2',(#3541));
#3538=APPLICATION_PROTOCOL_DEFINITION('international standard',
'automotive_design',2009,#3539);
#3539=APPLICATION_CONTEXT(
'Core Data for Automotive Mechanical Design Process');
#3540=PRODUCT_CONTEXT('part definition',#3539,'mechanical');
#3541=PRODUCT('Wing L 2','Wing L 2',$,(#3540));
#3542=PRESENTATION_STYLE_ASSIGNMENT((#3543));
#3543=SURFACE_STYLE_USAGE(.BOTH.,#3544);
#3544=SURFACE_SIDE_STYLE('',(#3545));
#3545=SURFACE_STYLE_FILL_AREA(#3546);
#3546=FILL_AREA_STYLE('Acier - Satin\X\E9',(#3547));
#3547=FILL_AREA_STYLE_COLOUR('Acier - Satin\X\E9',#3548);
#3548=COLOUR_RGB('Acier - Satin\X\E9',0.627450980392157,0.627450980392157,
0.627450980392157);
ENDSEC;
END-ISO-10303-21;
