ISO-10303-21;
HEADER;
/* Generated by software containing ST-Developer
 * from STEP Tools, Inc. (www.steptools.com) 
 */

FILE_DESCRIPTION(
/* description */ (''),
/* implementation_level */ '2;1');

FILE_NAME(
/* name */ 'Wing L 3.step',
/* time_stamp */ '2026-03-30T08:30:27+02:00',
/* author */ (''),
/* organization */ (''),
/* preprocessor_version */ 'ST-DEVELOPER v20.1',
/* originating_system */ 'Autodesk Translation Framework v14.24.0.0',
/* authorisation */ '');

FILE_SCHEMA (('AUTOMOTIVE_DESIGN { 1 0 10303 214 3 1 1 }'));
ENDSEC;

DATA;
#10=MECHANICAL_DESIGN_GEOMETRIC_PRESENTATION_REPRESENTATION('',(#13),#2941);
#11=SHAPE_REPRESENTATION_RELATIONSHIP('SRR','None',#2948,#12);
#12=ADVANCED_BREP_SHAPE_REPRESENTATION('',(#14),#2940);
#13=STYLED_ITEM('',(#2958),#14);
#14=MANIFOLD_SOLID_BREP('Wing L 3',#1019);
#15=FACE_BOUND('',#383,.T.);
#16=ELLIPSE('',#1092,0.649221046658139,0.64868425021451);
#17=ELLIPSE('',#1093,0.99873193578977,0.997906152716289);
#18=ELLIPSE('',#1096,0.649221046658148,0.648684250214496);
#19=ELLIPSE('',#1097,0.998731935789775,0.997906152716257);
#20=ELLIPSE('',#1100,0.649221046658128,0.648684250214526);
#21=ELLIPSE('',#1101,0.998731935789751,0.99790615271629);
#22=ELLIPSE('',#1104,0.649221046658149,0.648684250214506);
#23=ELLIPSE('',#1105,0.998731935789778,0.997906152716282);
#24=CYLINDRICAL_SURFACE('',#1079,53.5000000000002);
#25=CYLINDRICAL_SURFACE('',#1081,53.4999999999454);
#26=CYLINDRICAL_SURFACE('',#1083,2.46471663886655);
#27=CYLINDRICAL_SURFACE('',#1085,2.50000000000003);
#28=CYLINDRICAL_SURFACE('',#1087,53.5000000000103);
#29=(
BOUNDED_CURVE()
B_SPLINE_CURVE(5,(#1929,#1930,#1931,#1932,#1933,#1934,#1935,#1936,#1937,
#1938,#1939,#1940,#1941,#1942,#1943,#1944,#1945,#1946),.UNSPECIFIED.,.F.,
 .F.)
B_SPLINE_CURVE_WITH_KNOTS((6,1,1,1,1,1,1,1,1,1,1,1,1,6),(0.,0.0153846153846154,
0.0307692307692308,0.0461538461538462,0.0615384615384615,0.0769230769230769,
0.0923076923076923,0.107692307692308,0.123076923076923,0.138461538461538,
0.153846153846154,0.169230769230769,0.184615384615385,0.190547763164978),
 .UNSPECIFIED.)
CURVE()
GEOMETRIC_REPRESENTATION_ITEM()
RATIONAL_B_SPLINE_CURVE((1.,1.,1.,1.,1.,1.,1.,1.,1.,1.,1.,1.,1.,1.,1.,1.,
1.,1.))
REPRESENTATION_ITEM('')
);
#30=(
BOUNDED_CURVE()
B_SPLINE_CURVE(5,(#2140,#2141,#2142,#2143,#2144,#2145,#2146,#2147,#2148,
#2149),.UNSPECIFIED.,.F.,.F.)
B_SPLINE_CURVE_WITH_KNOTS((6,1,1,1,1,6),(-0.0639684642818448,-0.0615384615384615,
-0.0461538461538462,-0.0307692307692308,-0.0153846153846154,0.),
 .UNSPECIFIED.)
CURVE()
GEOMETRIC_REPRESENTATION_ITEM()
RATIONAL_B_SPLINE_CURVE((1.,1.,1.,1.,1.,1.,1.,1.,1.,1.))
REPRESENTATION_ITEM('')
);
#31=(
BOUNDED_SURFACE()
B_SPLINE_SURFACE(5,1,((#1856,#1857),(#1858,#1859),(#1860,#1861),(#1862,
#1863),(#1864,#1865),(#1866,#1867),(#1868,#1869),(#1870,#1871),(#1872,#1873),
(#1874,#1875),(#1876,#1877),(#1878,#1879),(#1880,#1881),(#1882,#1883),(#1884,
#1885),(#1886,#1887),(#1888,#1889),(#1890,#1891),(#1892,#1893),(#1894,#1895),
(#1896,#1897),(#1898,#1899),(#1900,#1901),(#1902,#1903),(#1904,#1905),(#1906,
#1907),(#1908,#1909),(#1910,#1911),(#1912,#1913),(#1914,#1915),(#1916,#1917),
(#1918,#1919),(#1920,#1921),(#1922,#1923),(#1924,#1925)),.UNSPECIFIED.,
 .F.,.F.,.F.)
B_SPLINE_SURFACE_WITH_KNOTS((6,5,1,1,1,1,1,1,1,1,1,1,1,1,1,1,1,1,1,1,1,
5,6),(2,2),(-2.02795615077523,0.,0.05,0.1,0.15,0.2,0.25,0.3,0.35,0.4,0.45,
0.5,0.55,0.6,0.65,0.7,0.75,0.8,0.85,0.9,0.95,1.,2.51095568060743),(-0.0439999999999969,
0.916),.UNSPECIFIED.)
GEOMETRIC_REPRESENTATION_ITEM()
RATIONAL_B_SPLINE_SURFACE(((1.,1.),(1.,1.),(1.,1.),(1.,1.),(1.,1.),(1.,
1.),(1.,1.),(1.,1.),(1.,1.),(1.,1.),(1.,1.),(1.,1.),(1.,1.),(1.,1.),(1.,
1.),(1.,1.),(1.,1.),(1.,1.),(1.,1.),(1.,1.),(1.,1.),(1.,1.),(1.,1.),(1.,
1.),(1.,1.),(1.,1.),(1.,1.),(1.,1.),(1.,1.),(1.,1.),(1.,1.),(1.,1.),(1.,
1.),(1.,1.),(1.,1.)))
REPRESENTATION_ITEM('')
SURFACE()
);
#32=(
BOUNDED_SURFACE()
B_SPLINE_SURFACE(5,1,((#2109,#2110),(#2111,#2112),(#2113,#2114),(#2115,
#2116),(#2117,#2118),(#2119,#2120),(#2121,#2122),(#2123,#2124),(#2125,#2126),
(#2127,#2128),(#2129,#2130),(#2131,#2132),(#2133,#2134),(#2135,#2136),(#2137,
#2138)),.UNSPECIFIED.,.F.,.F.,.F.)
B_SPLINE_SURFACE_WITH_KNOTS((6,1,1,1,1,1,1,1,1,1,6),(2,2),(-1.,-0.9,-0.8,
-0.7,-0.6,-0.5,-0.4,-0.3,-0.2,-0.1,0.),(0.,0.5),.UNSPECIFIED.)
GEOMETRIC_REPRESENTATION_ITEM()
RATIONAL_B_SPLINE_SURFACE(((1.,1.),(1.,1.),(1.,1.),(1.,1.),(1.,1.),(1.,
1.),(1.,1.),(1.,1.),(1.,1.),(1.,1.),(1.,1.),(1.,1.),(1.,1.),(1.,1.),(1.,
1.)))
REPRESENTATION_ITEM('')
SURFACE()
);
#33=CIRCLE('',#1035,51.9000000000103);
#34=CIRCLE('',#1036,53.5000000000103);
#35=CIRCLE('',#1039,0.900000000000037);
#36=CIRCLE('',#1040,2.50000000000003);
#37=CIRCLE('',#1043,0.864716638866568);
#38=CIRCLE('',#1044,2.46471663886655);
#39=CIRCLE('',#1047,51.8999999999454);
#40=CIRCLE('',#1048,53.4999999999454);
#41=CIRCLE('',#1051,51.9000000000003);
#42=CIRCLE('',#1052,53.5000000000002);
#43=CIRCLE('',#1058,53.5000000000103);
#44=CIRCLE('',#1059,51.9000000000103);
#45=CIRCLE('',#1062,2.50000000000003);
#46=CIRCLE('',#1063,0.900000000000037);
#47=CIRCLE('',#1066,2.46471663886655);
#48=CIRCLE('',#1067,0.864716638866568);
#49=CIRCLE('',#1070,53.4999999999454);
#50=CIRCLE('',#1071,51.8999999999454);
#51=CIRCLE('',#1074,53.5000000000002);
#52=CIRCLE('',#1075,51.9000000000003);
#53=CONICAL_SURFACE('',#1034,52.7000000000103,0.78539816339746);
#54=CONICAL_SURFACE('',#1038,1.70000000000003,0.785398163397457);
#55=CONICAL_SURFACE('',#1042,1.66471663886656,0.785398163397453);
#56=CONICAL_SURFACE('',#1046,52.6999999999454,0.785398163397455);
#57=CONICAL_SURFACE('',#1050,52.7000000000002,0.785398163397457);
#58=CONICAL_SURFACE('',#1057,52.7000000000103,0.78539816339746);
#59=CONICAL_SURFACE('',#1061,1.70000000000003,0.785398163397457);
#60=CONICAL_SURFACE('',#1065,1.66471663886656,0.785398163397453);
#61=CONICAL_SURFACE('',#1069,52.6999999999454,0.785398163397455);
#62=CONICAL_SURFACE('',#1073,52.7000000000002,0.785398163397457);
#63=CONICAL_SURFACE('',#1091,0.984474527936901,0.115790772790595);
#64=CONICAL_SURFACE('',#1095,0.550227298392473,0.115790772790595);
#65=CONICAL_SURFACE('',#1099,0.984474527936897,0.115790772790595);
#66=CONICAL_SURFACE('',#1103,0.550227298392486,0.115790772790595);
#67=LINE('',#1619,#151);
#68=LINE('',#1621,#152);
#69=LINE('',#1622,#153);
#70=LINE('',#1626,#154);
#71=LINE('',#1632,#155);
#72=LINE('',#1633,#156);
#73=LINE('',#1634,#157);
#74=LINE('',#1638,#158);
#75=LINE('',#1644,#159);
#76=LINE('',#1645,#160);
#77=LINE('',#1646,#161);
#78=LINE('',#1650,#162);
#79=LINE('',#1656,#163);
#80=LINE('',#1657,#164);
#81=LINE('',#1658,#165);
#82=LINE('',#1662,#166);
#83=LINE('',#1668,#167);
#84=LINE('',#1669,#168);
#85=LINE('',#1670,#169);
#86=LINE('',#1674,#170);
#87=LINE('',#1678,#171);
#88=LINE('',#1679,#172);
#89=LINE('',#1686,#173);
#90=LINE('',#1927,#174);
#91=LINE('',#1947,#175);
#92=LINE('',#1950,#176);
#93=LINE('',#2044,#177);
#94=LINE('',#2046,#178);
#95=LINE('',#2047,#179);
#96=LINE('',#2051,#180);
#97=LINE('',#2057,#181);
#98=LINE('',#2058,#182);
#99=LINE('',#2059,#183);
#100=LINE('',#2063,#184);
#101=LINE('',#2069,#185);
#102=LINE('',#2070,#186);
#103=LINE('',#2071,#187);
#104=LINE('',#2075,#188);
#105=LINE('',#2081,#189);
#106=LINE('',#2082,#190);
#107=LINE('',#2083,#191);
#108=LINE('',#2087,#192);
#109=LINE('',#2093,#193);
#110=LINE('',#2094,#194);
#111=LINE('',#2095,#195);
#112=LINE('',#2099,#196);
#113=LINE('',#2103,#197);
#114=LINE('',#2104,#198);
#115=LINE('',#2107,#199);
#116=LINE('',#2108,#200);
#117=LINE('',#2150,#201);
#118=LINE('',#2152,#202);
#119=LINE('',#2162,#203);
#120=LINE('',#2164,#204);
#121=LINE('',#2166,#205);
#122=LINE('',#2168,#206);
#123=LINE('',#2170,#207);
#124=LINE('',#2172,#208);
#125=LINE('',#2174,#209);
#126=LINE('',#2176,#210);
#127=LINE('',#2178,#211);
#128=LINE('',#2220,#212);
#129=LINE('',#2475,#213);
#130=LINE('',#2571,#214);
#131=LINE('',#2574,#215);
#132=LINE('',#2575,#216);
#133=LINE('',#2884,#217);
#134=LINE('',#2890,#218);
#135=LINE('',#2893,#219);
#136=LINE('',#2896,#220);
#137=LINE('',#2898,#221);
#138=LINE('',#2899,#222);
#139=LINE('',#2905,#223);
#140=LINE('',#2908,#224);
#141=LINE('',#2910,#225);
#142=LINE('',#2911,#226);
#143=LINE('',#2917,#227);
#144=LINE('',#2920,#228);
#145=LINE('',#2922,#229);
#146=LINE('',#2923,#230);
#147=LINE('',#2928,#231);
#148=LINE('',#2931,#232);
#149=LINE('',#2932,#233);
#150=LINE('',#2934,#234);
#151=VECTOR('',#1115,10.);
#152=VECTOR('',#1116,10.);
#153=VECTOR('',#1117,10.);
#154=VECTOR('',#1120,10.);
#155=VECTOR('',#1127,10.);
#156=VECTOR('',#1128,10.);
#157=VECTOR('',#1129,10.);
#158=VECTOR('',#1132,10.);
#159=VECTOR('',#1139,10.);
#160=VECTOR('',#1140,10.);
#161=VECTOR('',#1141,10.);
#162=VECTOR('',#1144,10.);
#163=VECTOR('',#1151,10.);
#164=VECTOR('',#1152,10.);
#165=VECTOR('',#1153,10.);
#166=VECTOR('',#1156,10.);
#167=VECTOR('',#1163,10.);
#168=VECTOR('',#1164,10.);
#169=VECTOR('',#1165,10.);
#170=VECTOR('',#1168,10.);
#171=VECTOR('',#1175,10.);
#172=VECTOR('',#1176,10.);
#173=VECTOR('',#1179,10.);
#174=VECTOR('',#1180,10.);
#175=VECTOR('',#1181,10.);
#176=VECTOR('',#1184,10.);
#177=VECTOR('',#1187,10.);
#178=VECTOR('',#1188,10.);
#179=VECTOR('',#1189,10.);
#180=VECTOR('',#1192,10.);
#181=VECTOR('',#1199,10.);
#182=VECTOR('',#1200,10.);
#183=VECTOR('',#1201,10.);
#184=VECTOR('',#1204,10.);
#185=VECTOR('',#1211,10.);
#186=VECTOR('',#1212,10.);
#187=VECTOR('',#1213,10.);
#188=VECTOR('',#1216,10.);
#189=VECTOR('',#1223,10.);
#190=VECTOR('',#1224,10.);
#191=VECTOR('',#1225,10.);
#192=VECTOR('',#1228,10.);
#193=VECTOR('',#1235,10.);
#194=VECTOR('',#1236,10.);
#195=VECTOR('',#1237,10.);
#196=VECTOR('',#1240,10.);
#197=VECTOR('',#1247,10.);
#198=VECTOR('',#1248,10.);
#199=VECTOR('',#1251,10.);
#200=VECTOR('',#1252,10.);
#201=VECTOR('',#1253,10.);
#202=VECTOR('',#1256,10.);
#203=VECTOR('',#1259,10.);
#204=VECTOR('',#1262,10.);
#205=VECTOR('',#1265,10.);
#206=VECTOR('',#1268,10.);
#207=VECTOR('',#1271,10.);
#208=VECTOR('',#1274,10.);
#209=VECTOR('',#1277,10.);
#210=VECTOR('',#1280,10.);
#211=VECTOR('',#1283,10.);
#212=VECTOR('',#1288,10.);
#213=VECTOR('',#1289,354.291198184871);
#214=VECTOR('',#1290,327.347953719948);
#215=VECTOR('',#1293,10.);
#216=VECTOR('',#1294,10.);
#217=VECTOR('',#1295,354.291198184459);
#218=VECTOR('',#1300,10.0672946690991);
#219=VECTOR('',#1303,10.0672946690991);
#220=VECTOR('',#1306,10.);
#221=VECTOR('',#1307,10.0672946690991);
#222=VECTOR('',#1308,10.);
#223=VECTOR('',#1313,10.0672946690991);
#224=VECTOR('',#1316,10.0672946690991);
#225=VECTOR('',#1319,10.);
#226=VECTOR('',#1320,10.);
#227=VECTOR('',#1325,10.0672946690991);
#228=VECTOR('',#1328,10.0672946690991);
#229=VECTOR('',#1331,10.);
#230=VECTOR('',#1332,10.);
#231=VECTOR('',#1337,10.0672946690991);
#232=VECTOR('',#1342,10.);
#233=VECTOR('',#1343,10.);
#234=VECTOR('',#1346,10.);
#235=PLANE('',#1033);
#236=PLANE('',#1037);
#237=PLANE('',#1041);
#238=PLANE('',#1045);
#239=PLANE('',#1049);
#240=PLANE('',#1053);
#241=PLANE('',#1054);
#242=PLANE('',#1055);
#243=PLANE('',#1056);
#244=PLANE('',#1060);
#245=PLANE('',#1064);
#246=PLANE('',#1068);
#247=PLANE('',#1072);
#248=PLANE('',#1076);
#249=PLANE('',#1077);
#250=PLANE('',#1078);
#251=PLANE('',#1080);
#252=PLANE('',#1082);
#253=PLANE('',#1084);
#254=PLANE('',#1086);
#255=PLANE('',#1088);
#256=PLANE('',#1089);
#257=PLANE('',#1090);
#258=PLANE('',#1094);
#259=PLANE('',#1098);
#260=PLANE('',#1102);
#261=PLANE('',#1106);
#262=PLANE('',#1107);
#263=PLANE('',#1108);
#264=PLANE('',#1109);
#265=PLANE('',#1110);
#266=FACE_OUTER_BOUND('',#326,.T.);
#267=FACE_OUTER_BOUND('',#327,.T.);
#268=FACE_OUTER_BOUND('',#328,.T.);
#269=FACE_OUTER_BOUND('',#329,.T.);
#270=FACE_OUTER_BOUND('',#330,.T.);
#271=FACE_OUTER_BOUND('',#331,.T.);
#272=FACE_OUTER_BOUND('',#332,.T.);
#273=FACE_OUTER_BOUND('',#333,.T.);
#274=FACE_OUTER_BOUND('',#334,.T.);
#275=FACE_OUTER_BOUND('',#335,.T.);
#276=FACE_OUTER_BOUND('',#336,.T.);
#277=FACE_OUTER_BOUND('',#337,.T.);
#278=FACE_OUTER_BOUND('',#338,.T.);
#279=FACE_OUTER_BOUND('',#339,.T.);
#280=FACE_OUTER_BOUND('',#340,.T.);
#281=FACE_OUTER_BOUND('',#341,.T.);
#282=FACE_OUTER_BOUND('',#342,.T.);
#283=FACE_OUTER_BOUND('',#343,.T.);
#284=FACE_OUTER_BOUND('',#344,.T.);
#285=FACE_OUTER_BOUND('',#345,.T.);
#286=FACE_OUTER_BOUND('',#346,.T.);
#287=FACE_OUTER_BOUND('',#347,.T.);
#288=FACE_OUTER_BOUND('',#348,.T.);
#289=FACE_OUTER_BOUND('',#349,.T.);
#290=FACE_OUTER_BOUND('',#350,.T.);
#291=FACE_OUTER_BOUND('',#351,.T.);
#292=FACE_OUTER_BOUND('',#352,.T.);
#293=FACE_OUTER_BOUND('',#353,.T.);
#294=FACE_OUTER_BOUND('',#354,.T.);
#295=FACE_OUTER_BOUND('',#355,.T.);
#296=FACE_OUTER_BOUND('',#356,.T.);
#297=FACE_OUTER_BOUND('',#357,.T.);
#298=FACE_OUTER_BOUND('',#358,.T.);
#299=FACE_OUTER_BOUND('',#359,.T.);
#300=FACE_OUTER_BOUND('',#360,.T.);
#301=FACE_OUTER_BOUND('',#361,.T.);
#302=FACE_OUTER_BOUND('',#362,.T.);
#303=FACE_OUTER_BOUND('',#363,.T.);
#304=FACE_OUTER_BOUND('',#364,.T.);
#305=FACE_OUTER_BOUND('',#365,.T.);
#306=FACE_OUTER_BOUND('',#366,.T.);
#307=FACE_OUTER_BOUND('',#367,.T.);
#308=FACE_OUTER_BOUND('',#368,.T.);
#309=FACE_OUTER_BOUND('',#369,.T.);
#310=FACE_OUTER_BOUND('',#370,.T.);
#311=FACE_OUTER_BOUND('',#371,.T.);
#312=FACE_OUTER_BOUND('',#372,.T.);
#313=FACE_OUTER_BOUND('',#373,.T.);
#314=FACE_OUTER_BOUND('',#374,.T.);
#315=FACE_OUTER_BOUND('',#375,.T.);
#316=FACE_OUTER_BOUND('',#376,.T.);
#317=FACE_OUTER_BOUND('',#377,.T.);
#318=FACE_OUTER_BOUND('',#378,.T.);
#319=FACE_OUTER_BOUND('',#379,.T.);
#320=FACE_OUTER_BOUND('',#380,.T.);
#321=FACE_OUTER_BOUND('',#381,.T.);
#322=FACE_OUTER_BOUND('',#382,.T.);
#323=FACE_OUTER_BOUND('',#384,.T.);
#324=FACE_OUTER_BOUND('',#385,.T.);
#325=FACE_OUTER_BOUND('',#386,.T.);
#326=EDGE_LOOP('',(#657,#658,#659,#660,#661,#662,#663,#664));
#327=EDGE_LOOP('',(#665,#666,#667));
#328=EDGE_LOOP('',(#668,#669,#670,#671));
#329=EDGE_LOOP('',(#672,#673,#674,#675));
#330=EDGE_LOOP('',(#676,#677,#678,#679));
#331=EDGE_LOOP('',(#680,#681,#682,#683));
#332=EDGE_LOOP('',(#684,#685,#686,#687));
#333=EDGE_LOOP('',(#688,#689,#690,#691));
#334=EDGE_LOOP('',(#692,#693,#694,#695));
#335=EDGE_LOOP('',(#696,#697,#698,#699));
#336=EDGE_LOOP('',(#700,#701,#702,#703));
#337=EDGE_LOOP('',(#704,#705,#706,#707));
#338=EDGE_LOOP('',(#708,#709,#710,#711));
#339=EDGE_LOOP('',(#712,#713,#714,#715,#716,#717,#718,#719,#720,#721,#722,
#723,#724,#725,#726,#727));
#340=EDGE_LOOP('',(#728,#729,#730,#731,#732));
#341=EDGE_LOOP('',(#733,#734,#735,#736));
#342=EDGE_LOOP('',(#737,#738,#739));
#343=EDGE_LOOP('',(#740,#741,#742,#743,#744));
#344=EDGE_LOOP('',(#745,#746,#747,#748));
#345=EDGE_LOOP('',(#749,#750,#751,#752));
#346=EDGE_LOOP('',(#753,#754,#755,#756));
#347=EDGE_LOOP('',(#757,#758,#759,#760));
#348=EDGE_LOOP('',(#761,#762,#763,#764));
#349=EDGE_LOOP('',(#765,#766,#767,#768));
#350=EDGE_LOOP('',(#769,#770,#771,#772));
#351=EDGE_LOOP('',(#773,#774,#775,#776));
#352=EDGE_LOOP('',(#777,#778,#779,#780));
#353=EDGE_LOOP('',(#781,#782,#783,#784));
#354=EDGE_LOOP('',(#785,#786,#787,#788));
#355=EDGE_LOOP('',(#789,#790,#791,#792));
#356=EDGE_LOOP('',(#793,#794,#795,#796));
#357=EDGE_LOOP('',(#797,#798,#799,#800,#801,#802,#803));
#358=EDGE_LOOP('',(#804,#805,#806,#807));
#359=EDGE_LOOP('',(#808,#809,#810,#811));
#360=EDGE_LOOP('',(#812,#813,#814,#815));
#361=EDGE_LOOP('',(#816,#817,#818,#819));
#362=EDGE_LOOP('',(#820,#821,#822,#823));
#363=EDGE_LOOP('',(#824,#825,#826,#827));
#364=EDGE_LOOP('',(#828,#829,#830,#831));
#365=EDGE_LOOP('',(#832,#833,#834,#835));
#366=EDGE_LOOP('',(#836,#837,#838,#839));
#367=EDGE_LOOP('',(#840,#841,#842,#843,#844,#845,#846));
#368=EDGE_LOOP('',(#847,#848,#849));
#369=EDGE_LOOP('',(#850,#851,#852,#853,#854,#855));
#370=EDGE_LOOP('',(#856,#857,#858,#859,#860,#861,#862,#863));
#371=EDGE_LOOP('',(#864,#865,#866,#867,#868,#869));
#372=EDGE_LOOP('',(#870,#871,#872,#873,#874,#875));
#373=EDGE_LOOP('',(#876,#877,#878,#879,#880,#881));
#374=EDGE_LOOP('',(#882,#883,#884,#885));
#375=EDGE_LOOP('',(#886,#887,#888,#889));
#376=EDGE_LOOP('',(#890,#891,#892,#893));
#377=EDGE_LOOP('',(#894,#895,#896,#897));
#378=EDGE_LOOP('',(#898,#899,#900,#901));
#379=EDGE_LOOP('',(#902,#903,#904,#905));
#380=EDGE_LOOP('',(#906,#907,#908,#909));
#381=EDGE_LOOP('',(#910,#911,#912,#913));
#382=EDGE_LOOP('',(#914,#915,#916,#917));
#383=EDGE_LOOP('',(#918,#919,#920,#921,#922,#923,#924,#925));
#384=EDGE_LOOP('',(#926,#927,#928,#929,#930,#931,#932,#933));
#385=EDGE_LOOP('',(#934,#935,#936,#937));
#386=EDGE_LOOP('',(#938,#939,#940,#941,#942,#943,#944,#945,#946,#947,#948,
#949,#950));
#387=B_SPLINE_CURVE_WITH_KNOTS('',3,(#1484,#1485,#1486,#1487),
 .UNSPECIFIED.,.F.,.F.,(4,4),(-0.797172648342936,3.5745651210173E-14),
 .UNSPECIFIED.);
#388=B_SPLINE_CURVE_WITH_KNOTS('',3,(#1489,#1490,#1491,#1492,#1493,#1494,
#1495,#1496,#1497,#1498,#1499,#1500,#1501,#1502,#1503,#1504,#1505,#1506,
#1507,#1508,#1509,#1510,#1511,#1512,#1513,#1514),.UNSPECIFIED.,.F.,.F.,
(4,1,1,1,1,1,1,1,1,1,1,1,1,1,1,1,1,1,1,1,1,2,4),(0.221462307988489,0.243026061602092,
0.265899680510806,0.288773299419519,0.311646918328233,0.35739415614566,
0.403141393963087,0.426015012871801,0.448888631780515,0.494635869597942,
0.540383107415369,0.631877583050224,0.654751201958937,0.677624820867651,
0.689061630322008,0.700498439776365,0.723372058685078,0.814866534319933,
0.86061377213736,0.906361009954787,0.952108247772214,0.997855485589642,
1.),.UNSPECIFIED.);
#389=B_SPLINE_CURVE_WITH_KNOTS('',3,(#1516,#1517,#1518,#1519,#1520,#1521,
#1522),.UNSPECIFIED.,.F.,.F.,(4,3,4),(-0.297256501796224,-0.193869517823117,
-0.0771217766627043),.UNSPECIFIED.);
#390=B_SPLINE_CURVE_WITH_KNOTS('',3,(#1524,#1525,#1526,#1527,#1528,#1529),
 .UNSPECIFIED.,.F.,.F.,(4,2,4),(0.777186913358142,1.14726560126281,3.73042454725912),
 .UNSPECIFIED.);
#391=B_SPLINE_CURVE_WITH_KNOTS('',3,(#1531,#1532,#1533,#1534,#1535,#1536),
 .UNSPECIFIED.,.F.,.F.,(4,2,4),(0.,0.385120681252019,0.676936908676367),
 .UNSPECIFIED.);
#392=B_SPLINE_CURVE_WITH_KNOTS('',3,(#1538,#1539,#1540,#1541,#1542,#1543,
#1544,#1545,#1546,#1547,#1548,#1549,#1550,#1551,#1552,#1553,#1554,#1555,
#1556,#1557,#1558,#1559,#1560,#1561,#1562,#1563,#1564,#1565,#1566,#1567),
 .UNSPECIFIED.,.F.,.F.,(4,1,1,1,1,1,1,1,1,1,1,1,1,1,1,1,1,1,1,1,1,1,1,1,
1,1,1,4),(-0.997855485589642,-0.952108247772214,-0.906361009954787,-0.86061377213736,
-0.814866534319933,-0.723372058685078,-0.700498439776365,-0.689061630322008,
-0.677624820867651,-0.654751201958937,-0.631877583050224,-0.540383107415369,
-0.494635869597942,-0.448888631780515,-0.426015012871801,-0.403141393963087,
-0.35739415614566,-0.311646918328233,-0.288773299419519,-0.265899680510806,
-0.243026061602092,-0.220152442693378,-0.197278823784665,-0.174405204875951,
-0.151531585967238,-0.128657967058524,-0.10578434814981,-0.0829107292410968),
 .UNSPECIFIED.);
#393=B_SPLINE_CURVE_WITH_KNOTS('',3,(#1569,#1570,#1571,#1572),
 .UNSPECIFIED.,.F.,.F.,(4,4),(0.138750765137124,0.146518206458866),
 .UNSPECIFIED.);
#394=B_SPLINE_CURVE_WITH_KNOTS('',3,(#1573,#1574,#1575,#1576),
 .UNSPECIFIED.,.F.,.F.,(4,4),(0.147126630977568,0.180435742923917),
 .UNSPECIFIED.);
#395=B_SPLINE_CURVE_WITH_KNOTS('',3,(#1595,#1596,#1597,#1598),
 .UNSPECIFIED.,.F.,.F.,(4,4),(-0.80935470400388,0.),.UNSPECIFIED.);
#396=B_SPLINE_CURVE_WITH_KNOTS('',3,(#1600,#1601,#1602,#1603),
 .UNSPECIFIED.,.F.,.F.,(4,4),(-1.01006473985791,-1.),.UNSPECIFIED.);
#397=B_SPLINE_CURVE_WITH_KNOTS('',3,(#1604,#1605,#1606,#1607,#1608,#1609,
#1610),.UNSPECIFIED.,.F.,.F.,(4,3,4),(-0.0632871493362323,-0.0409684143063739,
-0.0205408312606789),.UNSPECIFIED.);
#398=B_SPLINE_CURVE_WITH_KNOTS('',3,(#1614,#1615,#1616,#1617),
 .UNSPECIFIED.,.F.,.F.,(4,4),(-0.544794970965474,-0.31811684795647),
 .UNSPECIFIED.);
#399=B_SPLINE_CURVE_WITH_KNOTS('',3,(#1682,#1683,#1684,#1685),
 .UNSPECIFIED.,.F.,.F.,(4,4),(1.,1.00937472888726),.UNSPECIFIED.);
#400=B_SPLINE_CURVE_WITH_KNOTS('',3,(#1687,#1688,#1689,#1690,#1691,#1692,
#1693,#1694,#1695,#1696,#1697,#1698,#1699,#1700,#1701,#1702,#1703,#1704,
#1705),.UNSPECIFIED.,.F.,.F.,(4,2,1,1,1,1,1,1,1,1,1,1,1,1,1,4),(-1.,-0.997868468281368,
-0.917765885974464,-0.877714594821012,-0.837663303667561,-0.797612012514109,
-0.757560721360657,-0.677458139053753,-0.597355556746849,-0.517252974439946,
-0.477201683286494,-0.437150392133042,-0.39709910097959,-0.357047809826138,
-0.316996518672686,-0.291576399703059),.UNSPECIFIED.);
#401=B_SPLINE_CURVE_WITH_KNOTS('',3,(#1796,#1797,#1798,#1799,#1800,#1801),
 .UNSPECIFIED.,.F.,.F.,(4,2,4),(0.113486087322889,0.114905918002365,0.228226162705759),
 .UNSPECIFIED.);
#402=B_SPLINE_CURVE_WITH_KNOTS('',3,(#1803,#1804,#1805,#1806,#1807,#1808),
 .UNSPECIFIED.,.F.,.F.,(4,2,4),(0.,0.128746163272376,0.167446908599443),
 .UNSPECIFIED.);
#403=B_SPLINE_CURVE_WITH_KNOTS('',3,(#1810,#1811,#1812,#1813,#1814,#1815,
#1816,#1817,#1818,#1819,#1820,#1821,#1822,#1823,#1824,#1825,#1826,#1827,
#1828,#1829),.UNSPECIFIED.,.F.,.F.,(4,3,1,1,1,1,1,1,1,1,1,1,1,1,1,4),(1.34261604577105,
1.35211606245984,1.42977375247302,1.50743144248621,1.58508913249939,1.62391797750599,
1.64333240000928,1.66274682251258,1.74040451252576,1.77923335753236,1.81806220253895,
1.8277694137906,1.83747662504225,1.84718383629389,1.85689104754554,1.85752749228585),
 .UNSPECIFIED.);
#404=B_SPLINE_CURVE_WITH_KNOTS('',3,(#1831,#1832,#1833,#1834,#1835,#1836),
 .UNSPECIFIED.,.F.,.F.,(4,2,4),(0.,0.0180021548714858,0.226473509084586),
 .UNSPECIFIED.);
#405=B_SPLINE_CURVE_WITH_KNOTS('',3,(#1837,#1838,#1839,#1840,#1841,#1842,
#1843,#1844,#1845,#1846,#1847,#1848,#1849,#1850,#1851,#1852,#1853,#1854,
#1855),.UNSPECIFIED.,.F.,.F.,(4,1,1,1,1,1,1,1,1,1,1,1,1,1,1,1,4),(-1.89571989255213,
-1.88601268130049,-1.87630547004884,-1.85689104754554,-1.84718383629389,
-1.83747662504225,-1.8277694137906,-1.81806220253895,-1.77923335753236,
-1.74040451252576,-1.66274682251258,-1.64333240000928,-1.62391797750599,
-1.58508913249939,-1.50743144248621,-1.42977375247302,-1.35211606245984),
 .UNSPECIFIED.);
#406=B_SPLINE_CURVE_WITH_KNOTS('',3,(#1951,#1952,#1953,#1954,#1955,#1956),
 .UNSPECIFIED.,.F.,.F.,(4,2,4),(-0.0508989486500951,-0.0503992464521671,
0.),.UNSPECIFIED.);
#407=B_SPLINE_CURVE_WITH_KNOTS('',3,(#2014,#2015,#2016,#2017,#2018,#2019,
#2020,#2021,#2022,#2023,#2024),.UNSPECIFIED.,.F.,.F.,(4,1,1,1,1,1,1,1,4),
(-1.,-0.800000000000001,-0.700000000000001,-0.600000000000001,-0.4,-0.3,
-0.2,-0.1,8.88178419700125E-16),.UNSPECIFIED.);
#408=B_SPLINE_CURVE_WITH_KNOTS('',3,(#2026,#2027,#2028,#2029,#2030,#2031,
#2032),.UNSPECIFIED.,.F.,.F.,(4,3,4),(-0.0754263817757698,-0.0377131900199903,
0.),.UNSPECIFIED.);
#409=B_SPLINE_CURVE_WITH_KNOTS('',3,(#2033,#2034,#2035,#2036,#2037,#2038,
#2039,#2040,#2041),.UNSPECIFIED.,.F.,.F.,(4,1,1,3,4),(0.631263055677249,
0.700000000000001,0.800000000000001,1.,1.00288846073954),.UNSPECIFIED.);
#410=B_SPLINE_CURVE_WITH_KNOTS('',3,(#2153,#2154,#2155,#2156,#2157,#2158,
#2159,#2160),.UNSPECIFIED.,.F.,.F.,(4,2,2,4),(-0.544597485037978,-0.479413510776584,
-0.363341568335807,-0.317374891425397),.UNSPECIFIED.);
#411=B_SPLINE_CURVE_WITH_KNOTS('',3,(#2181,#2182,#2183,#2184),
 .UNSPECIFIED.,.F.,.F.,(4,4),(0.957617252516731,1.97033873116289),
 .UNSPECIFIED.);
#412=B_SPLINE_CURVE_WITH_KNOTS('',3,(#2186,#2187,#2188,#2189,#2190,#2191),
 .UNSPECIFIED.,.F.,.F.,(4,2,4),(0.,0.0716376614763598,0.598083771567073),
 .UNSPECIFIED.);
#413=B_SPLINE_CURVE_WITH_KNOTS('',3,(#2192,#2193,#2194,#2195),
 .UNSPECIFIED.,.F.,.F.,(4,4),(-0.110476444540138,0.),.UNSPECIFIED.);
#414=B_SPLINE_CURVE_WITH_KNOTS('',3,(#2212,#2213,#2214,#2215,#2216,#2217),
 .UNSPECIFIED.,.F.,.F.,(4,2,4),(0.,0.0922744992171548,0.147126630977568),
 .UNSPECIFIED.);
#415=B_SPLINE_CURVE_WITH_KNOTS('',3,(#2221,#2222,#2223,#2224),
 .UNSPECIFIED.,.F.,.F.,(4,4),(-0.0205408312606789,0.),.UNSPECIFIED.);
#416=B_SPLINE_CURVE_WITH_KNOTS('',3,(#2314,#2315,#2316,#2317),
 .UNSPECIFIED.,.F.,.F.,(4,4),(0.,0.00321374379118663),.UNSPECIFIED.);
#417=B_SPLINE_CURVE_WITH_KNOTS('',3,(#2318,#2319,#2320,#2321,#2322,#2323,
#2324,#2325,#2326,#2327,#2328,#2329,#2330,#2331,#2332,#2333,#2334,#2335,
#2336,#2337),.UNSPECIFIED.,.F.,.F.,(4,1,1,1,1,1,1,1,1,1,1,1,1,1,1,1,1,4),
(0.196842645212331,0.216868290789057,0.236893936365783,0.276945227519235,
0.316996518672686,0.357047809826138,0.39709910097959,0.437150392133042,
0.477201683286494,0.517252974439946,0.597355556746849,0.677458139053753,
0.757560721360657,0.797612012514109,0.837663303667561,0.877714594821012,
0.917765885974464,0.997868468281368),.UNSPECIFIED.);
#418=B_SPLINE_CURVE_WITH_KNOTS('',3,(#2477,#2478,#2479,#2480,#2481,#2482,
#2483,#2484,#2485,#2486,#2487,#2488,#2489,#2490,#2491,#2492,#2493,#2494,
#2495,#2496,#2497,#2498,#2499,#2500,#2501,#2502,#2503,#2504,#2505,#2506,
#2507,#2508,#2509,#2510,#2511,#2512,#2513,#2514,#2515,#2516,#2517,#2518,
#2519,#2520,#2521,#2522,#2523,#2524,#2525,#2526,#2527,#2528,#2529,#2530,
#2531,#2532,#2533,#2534,#2535,#2536,#2537,#2538,#2539,#2540,#2541,#2542,
#2543,#2544,#2545,#2546,#2547,#2548,#2549,#2550,#2551,#2552,#2553,#2554,
#2555,#2556,#2557,#2558,#2559,#2560,#2561,#2562,#2563,#2564,#2565,#2566,
#2567,#2568,#2569,#2570),.UNSPECIFIED.,.F.,.F.,(4,3,3,3,3,3,3,3,3,3,3,3,
3,3,3,3,3,3,3,3,3,3,3,3,3,3,3,3,3,3,3,4),(-1.14362055641946,-1.06193337381807,
-1.02108978251737,-0.980246191216679,-0.939402599915984,-0.898559008615289,
-0.8168718260139,-0.65349746081112,-0.59903933907686,-0.5445812173426,-0.49012309560834,
-0.483315830391557,-0.476508565174775,-0.46289403474121,-0.435664973874079,
-0.40843591300695,-0.38120685213982,-0.32674873040556,-0.285905139104865,
-0.24506154780417,-0.214428854328649,-0.204217956503475,-0.16337436520278,
-0.142952569552432,-0.122530773902085,-0.102108978251737,-0.0918980804265636,
-0.0816871826013899,-0.0612653869510425,-0.0408435913006949,-0.0204217956503474,
0.),.UNSPECIFIED.);
#419=B_SPLINE_CURVE_WITH_KNOTS('',3,(#2757,#2758,#2759,#2760,#2761,#2762,
#2763,#2764,#2765,#2766,#2767,#2768,#2769,#2770,#2771,#2772,#2773,#2774,
#2775,#2776,#2777,#2778,#2779,#2780,#2781,#2782,#2783,#2784,#2785,#2786,
#2787,#2788,#2789,#2790,#2791,#2792,#2793,#2794,#2795,#2796,#2797,#2798,
#2799,#2800,#2801,#2802,#2803,#2804,#2805,#2806,#2807,#2808,#2809,#2810,
#2811,#2812,#2813,#2814,#2815,#2816,#2817,#2818,#2819,#2820,#2821,#2822,
#2823,#2824,#2825,#2826,#2827,#2828,#2829,#2830,#2831,#2832,#2833,#2834,
#2835,#2836,#2837,#2838,#2839,#2840,#2841,#2842,#2843,#2844,#2845,#2846,
#2847,#2848,#2849,#2850,#2851,#2852,#2853,#2854,#2855,#2856,#2857,#2858,
#2859,#2860,#2861,#2862,#2863,#2864,#2865,#2866,#2867,#2868,#2869,#2870,
#2871,#2872,#2873,#2874,#2875,#2876,#2877,#2878,#2879,#2880,#2881,#2882,
#2883),.UNSPECIFIED.,.F.,.F.,(4,3,3,3,3,3,3,3,3,3,3,3,3,3,3,3,3,3,3,3,3,
3,3,3,3,3,3,3,3,3,3,3,3,3,3,3,3,3,3,3,3,3,4),(-5.87173009430153,-5.766877771189,
-5.66202544807647,-5.45232080185142,-5.39989464029515,-5.34746847873889,
-5.24261615562636,-5.13776383251384,-5.03291150940131,-4.92805918628878,
-4.82320686317625,-4.6135022169512,-4.61022558185393,-4.60694894675667,
-4.60039567656213,-4.5938424063676,-4.59056577127033,-4.58728913617307,
-4.56107605539494,-4.50864989383867,-4.40379757072614,-4.35137140916988,
-4.29894524761362,-4.19409292450109,-4.08924060138856,-3.98438827827604,
-3.87953595516351,-3.80089671282911,-3.77468363205098,-3.56497898582593,
-3.4601266627134,-3.35527433960087,-3.14556969337582,-2.93586504715076,
-2.72616040092571,-2.51645575470065,-2.09704646225054,-1.67763716980044,
-1.25822787735033,-1.04852323112527,-0.838818584900219,-0.419409292450109,
0.),.UNSPECIFIED.);
#420=VERTEX_POINT('',#1482);
#421=VERTEX_POINT('',#1483);
#422=VERTEX_POINT('',#1488);
#423=VERTEX_POINT('',#1515);
#424=VERTEX_POINT('',#1523);
#425=VERTEX_POINT('',#1530);
#426=VERTEX_POINT('',#1537);
#427=VERTEX_POINT('',#1568);
#428=VERTEX_POINT('',#1593);
#429=VERTEX_POINT('',#1594);
#430=VERTEX_POINT('',#1599);
#431=VERTEX_POINT('',#1612);
#432=VERTEX_POINT('',#1613);
#433=VERTEX_POINT('',#1618);
#434=VERTEX_POINT('',#1620);
#435=VERTEX_POINT('',#1624);
#436=VERTEX_POINT('',#1625);
#437=VERTEX_POINT('',#1630);
#438=VERTEX_POINT('',#1631);
#439=VERTEX_POINT('',#1636);
#440=VERTEX_POINT('',#1637);
#441=VERTEX_POINT('',#1642);
#442=VERTEX_POINT('',#1643);
#443=VERTEX_POINT('',#1648);
#444=VERTEX_POINT('',#1649);
#445=VERTEX_POINT('',#1654);
#446=VERTEX_POINT('',#1655);
#447=VERTEX_POINT('',#1660);
#448=VERTEX_POINT('',#1661);
#449=VERTEX_POINT('',#1666);
#450=VERTEX_POINT('',#1667);
#451=VERTEX_POINT('',#1672);
#452=VERTEX_POINT('',#1673);
#453=VERTEX_POINT('',#1681);
#454=VERTEX_POINT('',#1794);
#455=VERTEX_POINT('',#1795);
#456=VERTEX_POINT('',#1802);
#457=VERTEX_POINT('',#1809);
#458=VERTEX_POINT('',#1830);
#459=VERTEX_POINT('',#1926);
#460=VERTEX_POINT('',#1928);
#461=VERTEX_POINT('',#1949);
#462=VERTEX_POINT('',#2013);
#463=VERTEX_POINT('',#2025);
#464=VERTEX_POINT('',#2043);
#465=VERTEX_POINT('',#2045);
#466=VERTEX_POINT('',#2049);
#467=VERTEX_POINT('',#2050);
#468=VERTEX_POINT('',#2055);
#469=VERTEX_POINT('',#2056);
#470=VERTEX_POINT('',#2061);
#471=VERTEX_POINT('',#2062);
#472=VERTEX_POINT('',#2067);
#473=VERTEX_POINT('',#2068);
#474=VERTEX_POINT('',#2073);
#475=VERTEX_POINT('',#2074);
#476=VERTEX_POINT('',#2079);
#477=VERTEX_POINT('',#2080);
#478=VERTEX_POINT('',#2085);
#479=VERTEX_POINT('',#2086);
#480=VERTEX_POINT('',#2091);
#481=VERTEX_POINT('',#2092);
#482=VERTEX_POINT('',#2097);
#483=VERTEX_POINT('',#2098);
#484=VERTEX_POINT('',#2106);
#485=VERTEX_POINT('',#2139);
#486=VERTEX_POINT('',#2180);
#487=VERTEX_POINT('',#2185);
#488=VERTEX_POINT('',#2219);
#489=VERTEX_POINT('',#2313);
#490=VERTEX_POINT('',#2474);
#491=VERTEX_POINT('',#2476);
#492=VERTEX_POINT('',#2573);
#493=VERTEX_POINT('',#2756);
#494=VERTEX_POINT('',#2886);
#495=VERTEX_POINT('',#2887);
#496=VERTEX_POINT('',#2889);
#497=VERTEX_POINT('',#2891);
#498=VERTEX_POINT('',#2895);
#499=VERTEX_POINT('',#2897);
#500=VERTEX_POINT('',#2901);
#501=VERTEX_POINT('',#2902);
#502=VERTEX_POINT('',#2904);
#503=VERTEX_POINT('',#2906);
#504=VERTEX_POINT('',#2913);
#505=VERTEX_POINT('',#2914);
#506=VERTEX_POINT('',#2916);
#507=VERTEX_POINT('',#2918);
#508=VERTEX_POINT('',#2925);
#509=VERTEX_POINT('',#2927);
#510=EDGE_CURVE('',#420,#421,#387,.T.);
#511=EDGE_CURVE('',#422,#421,#388,.T.);
#512=EDGE_CURVE('',#422,#423,#389,.F.);
#513=EDGE_CURVE('',#424,#423,#390,.T.);
#514=EDGE_CURVE('',#425,#424,#391,.T.);
#515=EDGE_CURVE('',#426,#425,#392,.T.);
#516=EDGE_CURVE('',#427,#426,#393,.T.);
#517=EDGE_CURVE('',#420,#427,#394,.T.);
#518=EDGE_CURVE('',#428,#429,#395,.T.);
#519=EDGE_CURVE('',#430,#429,#396,.T.);
#520=EDGE_CURVE('',#430,#428,#397,.T.);
#521=EDGE_CURVE('',#431,#432,#398,.F.);
#522=EDGE_CURVE('',#433,#431,#67,.T.);
#523=EDGE_CURVE('',#434,#433,#68,.T.);
#524=EDGE_CURVE('',#432,#434,#69,.T.);
#525=EDGE_CURVE('',#435,#436,#70,.T.);
#526=EDGE_CURVE('',#434,#435,#33,.T.);
#527=EDGE_CURVE('',#436,#433,#34,.T.);
#528=EDGE_CURVE('',#437,#438,#71,.T.);
#529=EDGE_CURVE('',#435,#437,#72,.T.);
#530=EDGE_CURVE('',#438,#436,#73,.T.);
#531=EDGE_CURVE('',#439,#440,#74,.T.);
#532=EDGE_CURVE('',#437,#439,#35,.T.);
#533=EDGE_CURVE('',#440,#438,#36,.T.);
#534=EDGE_CURVE('',#441,#442,#75,.T.);
#535=EDGE_CURVE('',#439,#441,#76,.T.);
#536=EDGE_CURVE('',#442,#440,#77,.T.);
#537=EDGE_CURVE('',#443,#444,#78,.T.);
#538=EDGE_CURVE('',#441,#443,#37,.T.);
#539=EDGE_CURVE('',#444,#442,#38,.T.);
#540=EDGE_CURVE('',#445,#446,#79,.T.);
#541=EDGE_CURVE('',#443,#445,#80,.T.);
#542=EDGE_CURVE('',#446,#444,#81,.T.);
#543=EDGE_CURVE('',#447,#448,#82,.T.);
#544=EDGE_CURVE('',#445,#447,#39,.T.);
#545=EDGE_CURVE('',#448,#446,#40,.T.);
#546=EDGE_CURVE('',#449,#450,#83,.T.);
#547=EDGE_CURVE('',#447,#449,#84,.T.);
#548=EDGE_CURVE('',#450,#448,#85,.T.);
#549=EDGE_CURVE('',#451,#452,#86,.T.);
#550=EDGE_CURVE('',#449,#451,#41,.T.);
#551=EDGE_CURVE('',#452,#450,#42,.T.);
#552=EDGE_CURVE('',#451,#422,#87,.T.);
#553=EDGE_CURVE('',#423,#452,#88,.T.);
#554=EDGE_CURVE('',#421,#453,#399,.T.);
#555=EDGE_CURVE('',#453,#430,#89,.T.);
#556=EDGE_CURVE('',#429,#432,#400,.T.);
#557=EDGE_CURVE('',#454,#455,#401,.T.);
#558=EDGE_CURVE('',#456,#454,#402,.T.);
#559=EDGE_CURVE('',#457,#456,#403,.T.);
#560=EDGE_CURVE('',#458,#457,#404,.F.);
#561=EDGE_CURVE('',#455,#458,#405,.T.);
#562=EDGE_CURVE('',#459,#458,#90,.T.);
#563=EDGE_CURVE('',#460,#459,#29,.T.);
#564=EDGE_CURVE('',#460,#455,#91,.T.);
#565=EDGE_CURVE('',#461,#455,#92,.T.);
#566=EDGE_CURVE('',#454,#461,#406,.T.);
#567=EDGE_CURVE('',#462,#461,#407,.T.);
#568=EDGE_CURVE('',#463,#462,#408,.T.);
#569=EDGE_CURVE('',#456,#463,#409,.T.);
#570=EDGE_CURVE('',#458,#464,#93,.T.);
#571=EDGE_CURVE('',#465,#457,#94,.T.);
#572=EDGE_CURVE('',#464,#465,#95,.T.);
#573=EDGE_CURVE('',#466,#467,#96,.T.);
#574=EDGE_CURVE('',#464,#466,#43,.T.);
#575=EDGE_CURVE('',#467,#465,#44,.T.);
#576=EDGE_CURVE('',#468,#469,#97,.T.);
#577=EDGE_CURVE('',#466,#468,#98,.T.);
#578=EDGE_CURVE('',#469,#467,#99,.T.);
#579=EDGE_CURVE('',#470,#471,#100,.T.);
#580=EDGE_CURVE('',#468,#470,#45,.T.);
#581=EDGE_CURVE('',#471,#469,#46,.T.);
#582=EDGE_CURVE('',#472,#473,#101,.T.);
#583=EDGE_CURVE('',#470,#472,#102,.T.);
#584=EDGE_CURVE('',#473,#471,#103,.T.);
#585=EDGE_CURVE('',#474,#475,#104,.T.);
#586=EDGE_CURVE('',#472,#474,#47,.T.);
#587=EDGE_CURVE('',#475,#473,#48,.T.);
#588=EDGE_CURVE('',#476,#477,#105,.T.);
#589=EDGE_CURVE('',#474,#476,#106,.T.);
#590=EDGE_CURVE('',#477,#475,#107,.T.);
#591=EDGE_CURVE('',#478,#479,#108,.T.);
#592=EDGE_CURVE('',#476,#478,#49,.T.);
#593=EDGE_CURVE('',#479,#477,#50,.T.);
#594=EDGE_CURVE('',#480,#481,#109,.T.);
#595=EDGE_CURVE('',#478,#480,#110,.T.);
#596=EDGE_CURVE('',#481,#479,#111,.T.);
#597=EDGE_CURVE('',#482,#483,#112,.T.);
#598=EDGE_CURVE('',#480,#482,#51,.T.);
#599=EDGE_CURVE('',#483,#481,#52,.T.);
#600=EDGE_CURVE('',#463,#483,#113,.T.);
#601=EDGE_CURVE('',#482,#462,#114,.T.);
#602=EDGE_CURVE('',#484,#460,#115,.T.);
#603=EDGE_CURVE('',#484,#461,#116,.T.);
#604=EDGE_CURVE('',#485,#484,#30,.T.);
#605=EDGE_CURVE('',#485,#462,#117,.T.);
#606=EDGE_CURVE('',#452,#482,#118,.T.);
#607=EDGE_CURVE('',#485,#425,#410,.T.);
#608=EDGE_CURVE('',#450,#480,#119,.T.);
#609=EDGE_CURVE('',#448,#478,#120,.T.);
#610=EDGE_CURVE('',#446,#476,#121,.T.);
#611=EDGE_CURVE('',#444,#474,#122,.T.);
#612=EDGE_CURVE('',#442,#472,#123,.T.);
#613=EDGE_CURVE('',#440,#470,#124,.T.);
#614=EDGE_CURVE('',#438,#468,#125,.T.);
#615=EDGE_CURVE('',#436,#466,#126,.T.);
#616=EDGE_CURVE('',#433,#464,#127,.T.);
#617=EDGE_CURVE('',#431,#486,#411,.T.);
#618=EDGE_CURVE('',#487,#486,#412,.F.);
#619=EDGE_CURVE('',#487,#459,#413,.T.);
#620=EDGE_CURVE('',#453,#420,#414,.T.);
#621=EDGE_CURVE('',#488,#427,#128,.T.);
#622=EDGE_CURVE('',#428,#488,#415,.T.);
#623=EDGE_CURVE('',#489,#488,#416,.T.);
#624=EDGE_CURVE('',#487,#489,#417,.T.);
#625=EDGE_CURVE('',#490,#484,#129,.T.);
#626=EDGE_CURVE('',#491,#490,#418,.T.);
#627=EDGE_CURVE('',#491,#426,#130,.T.);
#628=EDGE_CURVE('',#492,#491,#131,.T.);
#629=EDGE_CURVE('',#492,#489,#132,.T.);
#630=EDGE_CURVE('',#493,#492,#419,.T.);
#631=EDGE_CURVE('',#493,#460,#133,.T.);
#632=EDGE_CURVE('',#494,#495,#16,.T.);
#633=EDGE_CURVE('',#496,#494,#134,.T.);
#634=EDGE_CURVE('',#497,#496,#17,.F.);
#635=EDGE_CURVE('',#495,#497,#135,.T.);
#636=EDGE_CURVE('',#498,#494,#136,.T.);
#637=EDGE_CURVE('',#498,#499,#137,.T.);
#638=EDGE_CURVE('',#499,#496,#138,.T.);
#639=EDGE_CURVE('',#500,#501,#18,.T.);
#640=EDGE_CURVE('',#502,#500,#139,.T.);
#641=EDGE_CURVE('',#503,#502,#19,.F.);
#642=EDGE_CURVE('',#501,#503,#140,.T.);
#643=EDGE_CURVE('',#497,#502,#141,.T.);
#644=EDGE_CURVE('',#495,#500,#142,.T.);
#645=EDGE_CURVE('',#504,#505,#20,.T.);
#646=EDGE_CURVE('',#506,#504,#143,.T.);
#647=EDGE_CURVE('',#507,#506,#21,.F.);
#648=EDGE_CURVE('',#505,#507,#144,.T.);
#649=EDGE_CURVE('',#503,#506,#145,.T.);
#650=EDGE_CURVE('',#501,#504,#146,.T.);
#651=EDGE_CURVE('',#508,#498,#22,.T.);
#652=EDGE_CURVE('',#509,#508,#147,.T.);
#653=EDGE_CURVE('',#499,#509,#23,.F.);
#654=EDGE_CURVE('',#507,#509,#148,.T.);
#655=EDGE_CURVE('',#505,#508,#149,.T.);
#656=EDGE_CURVE('',#490,#493,#150,.T.);
#657=ORIENTED_EDGE('',*,*,#510,.T.);
#658=ORIENTED_EDGE('',*,*,#511,.F.);
#659=ORIENTED_EDGE('',*,*,#512,.T.);
#660=ORIENTED_EDGE('',*,*,#513,.F.);
#661=ORIENTED_EDGE('',*,*,#514,.F.);
#662=ORIENTED_EDGE('',*,*,#515,.F.);
#663=ORIENTED_EDGE('',*,*,#516,.F.);
#664=ORIENTED_EDGE('',*,*,#517,.F.);
#665=ORIENTED_EDGE('',*,*,#518,.T.);
#666=ORIENTED_EDGE('',*,*,#519,.F.);
#667=ORIENTED_EDGE('',*,*,#520,.T.);
#668=ORIENTED_EDGE('',*,*,#521,.F.);
#669=ORIENTED_EDGE('',*,*,#522,.F.);
#670=ORIENTED_EDGE('',*,*,#523,.F.);
#671=ORIENTED_EDGE('',*,*,#524,.F.);
#672=ORIENTED_EDGE('',*,*,#525,.F.);
#673=ORIENTED_EDGE('',*,*,#526,.F.);
#674=ORIENTED_EDGE('',*,*,#523,.T.);
#675=ORIENTED_EDGE('',*,*,#527,.F.);
#676=ORIENTED_EDGE('',*,*,#528,.F.);
#677=ORIENTED_EDGE('',*,*,#529,.F.);
#678=ORIENTED_EDGE('',*,*,#525,.T.);
#679=ORIENTED_EDGE('',*,*,#530,.F.);
#680=ORIENTED_EDGE('',*,*,#531,.F.);
#681=ORIENTED_EDGE('',*,*,#532,.F.);
#682=ORIENTED_EDGE('',*,*,#528,.T.);
#683=ORIENTED_EDGE('',*,*,#533,.F.);
#684=ORIENTED_EDGE('',*,*,#534,.F.);
#685=ORIENTED_EDGE('',*,*,#535,.F.);
#686=ORIENTED_EDGE('',*,*,#531,.T.);
#687=ORIENTED_EDGE('',*,*,#536,.F.);
#688=ORIENTED_EDGE('',*,*,#537,.F.);
#689=ORIENTED_EDGE('',*,*,#538,.F.);
#690=ORIENTED_EDGE('',*,*,#534,.T.);
#691=ORIENTED_EDGE('',*,*,#539,.F.);
#692=ORIENTED_EDGE('',*,*,#540,.F.);
#693=ORIENTED_EDGE('',*,*,#541,.F.);
#694=ORIENTED_EDGE('',*,*,#537,.T.);
#695=ORIENTED_EDGE('',*,*,#542,.F.);
#696=ORIENTED_EDGE('',*,*,#543,.F.);
#697=ORIENTED_EDGE('',*,*,#544,.F.);
#698=ORIENTED_EDGE('',*,*,#540,.T.);
#699=ORIENTED_EDGE('',*,*,#545,.F.);
#700=ORIENTED_EDGE('',*,*,#546,.F.);
#701=ORIENTED_EDGE('',*,*,#547,.F.);
#702=ORIENTED_EDGE('',*,*,#543,.T.);
#703=ORIENTED_EDGE('',*,*,#548,.F.);
#704=ORIENTED_EDGE('',*,*,#549,.F.);
#705=ORIENTED_EDGE('',*,*,#550,.F.);
#706=ORIENTED_EDGE('',*,*,#546,.T.);
#707=ORIENTED_EDGE('',*,*,#551,.F.);
#708=ORIENTED_EDGE('',*,*,#512,.F.);
#709=ORIENTED_EDGE('',*,*,#552,.F.);
#710=ORIENTED_EDGE('',*,*,#549,.T.);
#711=ORIENTED_EDGE('',*,*,#553,.F.);
#712=ORIENTED_EDGE('',*,*,#552,.T.);
#713=ORIENTED_EDGE('',*,*,#511,.T.);
#714=ORIENTED_EDGE('',*,*,#554,.T.);
#715=ORIENTED_EDGE('',*,*,#555,.T.);
#716=ORIENTED_EDGE('',*,*,#519,.T.);
#717=ORIENTED_EDGE('',*,*,#556,.T.);
#718=ORIENTED_EDGE('',*,*,#524,.T.);
#719=ORIENTED_EDGE('',*,*,#526,.T.);
#720=ORIENTED_EDGE('',*,*,#529,.T.);
#721=ORIENTED_EDGE('',*,*,#532,.T.);
#722=ORIENTED_EDGE('',*,*,#535,.T.);
#723=ORIENTED_EDGE('',*,*,#538,.T.);
#724=ORIENTED_EDGE('',*,*,#541,.T.);
#725=ORIENTED_EDGE('',*,*,#544,.T.);
#726=ORIENTED_EDGE('',*,*,#547,.T.);
#727=ORIENTED_EDGE('',*,*,#550,.T.);
#728=ORIENTED_EDGE('',*,*,#557,.F.);
#729=ORIENTED_EDGE('',*,*,#558,.F.);
#730=ORIENTED_EDGE('',*,*,#559,.F.);
#731=ORIENTED_EDGE('',*,*,#560,.F.);
#732=ORIENTED_EDGE('',*,*,#561,.F.);
#733=ORIENTED_EDGE('',*,*,#561,.T.);
#734=ORIENTED_EDGE('',*,*,#562,.F.);
#735=ORIENTED_EDGE('',*,*,#563,.F.);
#736=ORIENTED_EDGE('',*,*,#564,.T.);
#737=ORIENTED_EDGE('',*,*,#557,.T.);
#738=ORIENTED_EDGE('',*,*,#565,.F.);
#739=ORIENTED_EDGE('',*,*,#566,.F.);
#740=ORIENTED_EDGE('',*,*,#558,.T.);
#741=ORIENTED_EDGE('',*,*,#566,.T.);
#742=ORIENTED_EDGE('',*,*,#567,.F.);
#743=ORIENTED_EDGE('',*,*,#568,.F.);
#744=ORIENTED_EDGE('',*,*,#569,.F.);
#745=ORIENTED_EDGE('',*,*,#570,.F.);
#746=ORIENTED_EDGE('',*,*,#560,.T.);
#747=ORIENTED_EDGE('',*,*,#571,.F.);
#748=ORIENTED_EDGE('',*,*,#572,.F.);
#749=ORIENTED_EDGE('',*,*,#573,.F.);
#750=ORIENTED_EDGE('',*,*,#574,.F.);
#751=ORIENTED_EDGE('',*,*,#572,.T.);
#752=ORIENTED_EDGE('',*,*,#575,.F.);
#753=ORIENTED_EDGE('',*,*,#576,.F.);
#754=ORIENTED_EDGE('',*,*,#577,.F.);
#755=ORIENTED_EDGE('',*,*,#573,.T.);
#756=ORIENTED_EDGE('',*,*,#578,.F.);
#757=ORIENTED_EDGE('',*,*,#579,.F.);
#758=ORIENTED_EDGE('',*,*,#580,.F.);
#759=ORIENTED_EDGE('',*,*,#576,.T.);
#760=ORIENTED_EDGE('',*,*,#581,.F.);
#761=ORIENTED_EDGE('',*,*,#582,.F.);
#762=ORIENTED_EDGE('',*,*,#583,.F.);
#763=ORIENTED_EDGE('',*,*,#579,.T.);
#764=ORIENTED_EDGE('',*,*,#584,.F.);
#765=ORIENTED_EDGE('',*,*,#585,.F.);
#766=ORIENTED_EDGE('',*,*,#586,.F.);
#767=ORIENTED_EDGE('',*,*,#582,.T.);
#768=ORIENTED_EDGE('',*,*,#587,.F.);
#769=ORIENTED_EDGE('',*,*,#588,.F.);
#770=ORIENTED_EDGE('',*,*,#589,.F.);
#771=ORIENTED_EDGE('',*,*,#585,.T.);
#772=ORIENTED_EDGE('',*,*,#590,.F.);
#773=ORIENTED_EDGE('',*,*,#591,.F.);
#774=ORIENTED_EDGE('',*,*,#592,.F.);
#775=ORIENTED_EDGE('',*,*,#588,.T.);
#776=ORIENTED_EDGE('',*,*,#593,.F.);
#777=ORIENTED_EDGE('',*,*,#594,.F.);
#778=ORIENTED_EDGE('',*,*,#595,.F.);
#779=ORIENTED_EDGE('',*,*,#591,.T.);
#780=ORIENTED_EDGE('',*,*,#596,.F.);
#781=ORIENTED_EDGE('',*,*,#597,.F.);
#782=ORIENTED_EDGE('',*,*,#598,.F.);
#783=ORIENTED_EDGE('',*,*,#594,.T.);
#784=ORIENTED_EDGE('',*,*,#599,.F.);
#785=ORIENTED_EDGE('',*,*,#600,.F.);
#786=ORIENTED_EDGE('',*,*,#568,.T.);
#787=ORIENTED_EDGE('',*,*,#601,.F.);
#788=ORIENTED_EDGE('',*,*,#597,.T.);
#789=ORIENTED_EDGE('',*,*,#565,.T.);
#790=ORIENTED_EDGE('',*,*,#564,.F.);
#791=ORIENTED_EDGE('',*,*,#602,.F.);
#792=ORIENTED_EDGE('',*,*,#603,.T.);
#793=ORIENTED_EDGE('',*,*,#567,.T.);
#794=ORIENTED_EDGE('',*,*,#603,.F.);
#795=ORIENTED_EDGE('',*,*,#604,.F.);
#796=ORIENTED_EDGE('',*,*,#605,.T.);
#797=ORIENTED_EDGE('',*,*,#513,.T.);
#798=ORIENTED_EDGE('',*,*,#553,.T.);
#799=ORIENTED_EDGE('',*,*,#606,.T.);
#800=ORIENTED_EDGE('',*,*,#601,.T.);
#801=ORIENTED_EDGE('',*,*,#605,.F.);
#802=ORIENTED_EDGE('',*,*,#607,.T.);
#803=ORIENTED_EDGE('',*,*,#514,.T.);
#804=ORIENTED_EDGE('',*,*,#551,.T.);
#805=ORIENTED_EDGE('',*,*,#608,.T.);
#806=ORIENTED_EDGE('',*,*,#598,.T.);
#807=ORIENTED_EDGE('',*,*,#606,.F.);
#808=ORIENTED_EDGE('',*,*,#548,.T.);
#809=ORIENTED_EDGE('',*,*,#609,.T.);
#810=ORIENTED_EDGE('',*,*,#595,.T.);
#811=ORIENTED_EDGE('',*,*,#608,.F.);
#812=ORIENTED_EDGE('',*,*,#545,.T.);
#813=ORIENTED_EDGE('',*,*,#610,.T.);
#814=ORIENTED_EDGE('',*,*,#592,.T.);
#815=ORIENTED_EDGE('',*,*,#609,.F.);
#816=ORIENTED_EDGE('',*,*,#542,.T.);
#817=ORIENTED_EDGE('',*,*,#611,.T.);
#818=ORIENTED_EDGE('',*,*,#589,.T.);
#819=ORIENTED_EDGE('',*,*,#610,.F.);
#820=ORIENTED_EDGE('',*,*,#539,.T.);
#821=ORIENTED_EDGE('',*,*,#612,.T.);
#822=ORIENTED_EDGE('',*,*,#586,.T.);
#823=ORIENTED_EDGE('',*,*,#611,.F.);
#824=ORIENTED_EDGE('',*,*,#536,.T.);
#825=ORIENTED_EDGE('',*,*,#613,.T.);
#826=ORIENTED_EDGE('',*,*,#583,.T.);
#827=ORIENTED_EDGE('',*,*,#612,.F.);
#828=ORIENTED_EDGE('',*,*,#533,.T.);
#829=ORIENTED_EDGE('',*,*,#614,.T.);
#830=ORIENTED_EDGE('',*,*,#580,.T.);
#831=ORIENTED_EDGE('',*,*,#613,.F.);
#832=ORIENTED_EDGE('',*,*,#530,.T.);
#833=ORIENTED_EDGE('',*,*,#615,.T.);
#834=ORIENTED_EDGE('',*,*,#577,.T.);
#835=ORIENTED_EDGE('',*,*,#614,.F.);
#836=ORIENTED_EDGE('',*,*,#527,.T.);
#837=ORIENTED_EDGE('',*,*,#616,.T.);
#838=ORIENTED_EDGE('',*,*,#574,.T.);
#839=ORIENTED_EDGE('',*,*,#615,.F.);
#840=ORIENTED_EDGE('',*,*,#522,.T.);
#841=ORIENTED_EDGE('',*,*,#617,.T.);
#842=ORIENTED_EDGE('',*,*,#618,.F.);
#843=ORIENTED_EDGE('',*,*,#619,.T.);
#844=ORIENTED_EDGE('',*,*,#562,.T.);
#845=ORIENTED_EDGE('',*,*,#570,.T.);
#846=ORIENTED_EDGE('',*,*,#616,.F.);
#847=ORIENTED_EDGE('',*,*,#510,.F.);
#848=ORIENTED_EDGE('',*,*,#620,.F.);
#849=ORIENTED_EDGE('',*,*,#554,.F.);
#850=ORIENTED_EDGE('',*,*,#555,.F.);
#851=ORIENTED_EDGE('',*,*,#620,.T.);
#852=ORIENTED_EDGE('',*,*,#517,.T.);
#853=ORIENTED_EDGE('',*,*,#621,.F.);
#854=ORIENTED_EDGE('',*,*,#622,.F.);
#855=ORIENTED_EDGE('',*,*,#520,.F.);
#856=ORIENTED_EDGE('',*,*,#518,.F.);
#857=ORIENTED_EDGE('',*,*,#622,.T.);
#858=ORIENTED_EDGE('',*,*,#623,.F.);
#859=ORIENTED_EDGE('',*,*,#624,.F.);
#860=ORIENTED_EDGE('',*,*,#618,.T.);
#861=ORIENTED_EDGE('',*,*,#617,.F.);
#862=ORIENTED_EDGE('',*,*,#521,.T.);
#863=ORIENTED_EDGE('',*,*,#556,.F.);
#864=ORIENTED_EDGE('',*,*,#607,.F.);
#865=ORIENTED_EDGE('',*,*,#604,.T.);
#866=ORIENTED_EDGE('',*,*,#625,.F.);
#867=ORIENTED_EDGE('',*,*,#626,.F.);
#868=ORIENTED_EDGE('',*,*,#627,.T.);
#869=ORIENTED_EDGE('',*,*,#515,.T.);
#870=ORIENTED_EDGE('',*,*,#621,.T.);
#871=ORIENTED_EDGE('',*,*,#516,.T.);
#872=ORIENTED_EDGE('',*,*,#627,.F.);
#873=ORIENTED_EDGE('',*,*,#628,.F.);
#874=ORIENTED_EDGE('',*,*,#629,.T.);
#875=ORIENTED_EDGE('',*,*,#623,.T.);
#876=ORIENTED_EDGE('',*,*,#624,.T.);
#877=ORIENTED_EDGE('',*,*,#629,.F.);
#878=ORIENTED_EDGE('',*,*,#630,.F.);
#879=ORIENTED_EDGE('',*,*,#631,.T.);
#880=ORIENTED_EDGE('',*,*,#563,.T.);
#881=ORIENTED_EDGE('',*,*,#619,.F.);
#882=ORIENTED_EDGE('',*,*,#632,.F.);
#883=ORIENTED_EDGE('',*,*,#633,.F.);
#884=ORIENTED_EDGE('',*,*,#634,.F.);
#885=ORIENTED_EDGE('',*,*,#635,.F.);
#886=ORIENTED_EDGE('',*,*,#633,.T.);
#887=ORIENTED_EDGE('',*,*,#636,.F.);
#888=ORIENTED_EDGE('',*,*,#637,.T.);
#889=ORIENTED_EDGE('',*,*,#638,.T.);
#890=ORIENTED_EDGE('',*,*,#639,.F.);
#891=ORIENTED_EDGE('',*,*,#640,.F.);
#892=ORIENTED_EDGE('',*,*,#641,.F.);
#893=ORIENTED_EDGE('',*,*,#642,.F.);
#894=ORIENTED_EDGE('',*,*,#635,.T.);
#895=ORIENTED_EDGE('',*,*,#643,.T.);
#896=ORIENTED_EDGE('',*,*,#640,.T.);
#897=ORIENTED_EDGE('',*,*,#644,.F.);
#898=ORIENTED_EDGE('',*,*,#645,.F.);
#899=ORIENTED_EDGE('',*,*,#646,.F.);
#900=ORIENTED_EDGE('',*,*,#647,.F.);
#901=ORIENTED_EDGE('',*,*,#648,.F.);
#902=ORIENTED_EDGE('',*,*,#642,.T.);
#903=ORIENTED_EDGE('',*,*,#649,.T.);
#904=ORIENTED_EDGE('',*,*,#646,.T.);
#905=ORIENTED_EDGE('',*,*,#650,.F.);
#906=ORIENTED_EDGE('',*,*,#651,.F.);
#907=ORIENTED_EDGE('',*,*,#652,.F.);
#908=ORIENTED_EDGE('',*,*,#653,.F.);
#909=ORIENTED_EDGE('',*,*,#637,.F.);
#910=ORIENTED_EDGE('',*,*,#648,.T.);
#911=ORIENTED_EDGE('',*,*,#654,.T.);
#912=ORIENTED_EDGE('',*,*,#652,.T.);
#913=ORIENTED_EDGE('',*,*,#655,.F.);
#914=ORIENTED_EDGE('',*,*,#628,.T.);
#915=ORIENTED_EDGE('',*,*,#626,.T.);
#916=ORIENTED_EDGE('',*,*,#656,.T.);
#917=ORIENTED_EDGE('',*,*,#630,.T.);
#918=ORIENTED_EDGE('',*,*,#638,.F.);
#919=ORIENTED_EDGE('',*,*,#653,.T.);
#920=ORIENTED_EDGE('',*,*,#654,.F.);
#921=ORIENTED_EDGE('',*,*,#647,.T.);
#922=ORIENTED_EDGE('',*,*,#649,.F.);
#923=ORIENTED_EDGE('',*,*,#641,.T.);
#924=ORIENTED_EDGE('',*,*,#643,.F.);
#925=ORIENTED_EDGE('',*,*,#634,.T.);
#926=ORIENTED_EDGE('',*,*,#632,.T.);
#927=ORIENTED_EDGE('',*,*,#644,.T.);
#928=ORIENTED_EDGE('',*,*,#639,.T.);
#929=ORIENTED_EDGE('',*,*,#650,.T.);
#930=ORIENTED_EDGE('',*,*,#645,.T.);
#931=ORIENTED_EDGE('',*,*,#655,.T.);
#932=ORIENTED_EDGE('',*,*,#651,.T.);
#933=ORIENTED_EDGE('',*,*,#636,.T.);
#934=ORIENTED_EDGE('',*,*,#656,.F.);
#935=ORIENTED_EDGE('',*,*,#625,.T.);
#936=ORIENTED_EDGE('',*,*,#602,.T.);
#937=ORIENTED_EDGE('',*,*,#631,.F.);
#938=ORIENTED_EDGE('',*,*,#571,.T.);
#939=ORIENTED_EDGE('',*,*,#559,.T.);
#940=ORIENTED_EDGE('',*,*,#569,.T.);
#941=ORIENTED_EDGE('',*,*,#600,.T.);
#942=ORIENTED_EDGE('',*,*,#599,.T.);
#943=ORIENTED_EDGE('',*,*,#596,.T.);
#944=ORIENTED_EDGE('',*,*,#593,.T.);
#945=ORIENTED_EDGE('',*,*,#590,.T.);
#946=ORIENTED_EDGE('',*,*,#587,.T.);
#947=ORIENTED_EDGE('',*,*,#584,.T.);
#948=ORIENTED_EDGE('',*,*,#581,.T.);
#949=ORIENTED_EDGE('',*,*,#578,.T.);
#950=ORIENTED_EDGE('',*,*,#575,.T.);
#951=B_SPLINE_SURFACE_WITH_KNOTS('',3,3,((#1354,#1355,#1356,#1357,#1358,
#1359,#1360,#1361,#1362,#1363,#1364,#1365,#1366,#1367,#1368,#1369,#1370,
#1371,#1372,#1373,#1374,#1375,#1376,#1377,#1378,#1379,#1380,#1381,#1382,
#1383,#1384,#1385),(#1386,#1387,#1388,#1389,#1390,#1391,#1392,#1393,#1394,
#1395,#1396,#1397,#1398,#1399,#1400,#1401,#1402,#1403,#1404,#1405,#1406,
#1407,#1408,#1409,#1410,#1411,#1412,#1413,#1414,#1415,#1416,#1417),(#1418,
#1419,#1420,#1421,#1422,#1423,#1424,#1425,#1426,#1427,#1428,#1429,#1430,
#1431,#1432,#1433,#1434,#1435,#1436,#1437,#1438,#1439,#1440,#1441,#1442,
#1443,#1444,#1445,#1446,#1447,#1448,#1449),(#1450,#1451,#1452,#1453,#1454,
#1455,#1456,#1457,#1458,#1459,#1460,#1461,#1462,#1463,#1464,#1465,#1466,
#1467,#1468,#1469,#1470,#1471,#1472,#1473,#1474,#1475,#1476,#1477,#1478,
#1479,#1480,#1481)),.UNSPECIFIED.,.F.,.F.,.F.,(4,4),(4,2,1,1,1,1,1,1,1,
1,1,1,1,1,1,1,1,1,1,1,1,1,1,1,1,1,1,1,4),(-1.60052847339003,1.),(-1.,-0.997855485589642,
-0.952108247772214,-0.906361009954787,-0.86061377213736,-0.814866534319933,
-0.723372058685078,-0.700498439776365,-0.689061630322008,-0.677624820867651,
-0.654751201958937,-0.631877583050224,-0.540383107415369,-0.494635869597942,
-0.448888631780515,-0.426015012871801,-0.403141393963087,-0.35739415614566,
-0.311646918328233,-0.288773299419519,-0.265899680510806,-0.243026061602092,
-0.220152442693378,-0.197278823784665,-0.174405204875951,-0.151531585967238,
-0.128657967058524,-0.10578434814981,-0.0829107292410968),.UNSPECIFIED.);
#952=B_SPLINE_SURFACE_WITH_KNOTS('',3,3,((#1577,#1578,#1579,#1580),(#1581,
#1582,#1583,#1584),(#1585,#1586,#1587,#1588),(#1589,#1590,#1591,#1592)),
 .UNSPECIFIED.,.F.,.F.,.F.,(4,4),(4,4),(0.,0.80935470400388),(1.,1.01006473985791),
 .UNSPECIFIED.);
#953=B_SPLINE_SURFACE_WITH_KNOTS('',3,3,((#1706,#1707,#1708,#1709,#1710,
#1711,#1712,#1713,#1714,#1715,#1716,#1717,#1718,#1719,#1720,#1721,#1722,
#1723,#1724,#1725,#1726,#1727),(#1728,#1729,#1730,#1731,#1732,#1733,#1734,
#1735,#1736,#1737,#1738,#1739,#1740,#1741,#1742,#1743,#1744,#1745,#1746,
#1747,#1748,#1749),(#1750,#1751,#1752,#1753,#1754,#1755,#1756,#1757,#1758,
#1759,#1760,#1761,#1762,#1763,#1764,#1765,#1766,#1767,#1768,#1769,#1770,
#1771),(#1772,#1773,#1774,#1775,#1776,#1777,#1778,#1779,#1780,#1781,#1782,
#1783,#1784,#1785,#1786,#1787,#1788,#1789,#1790,#1791,#1792,#1793)),
 .UNSPECIFIED.,.F.,.F.,.F.,(4,4),(4,1,1,1,1,1,1,1,1,1,1,1,1,1,1,1,3,4),
(0.,1.),(-1.89571989255213,-1.88601268130049,-1.87630547004884,-1.85689104754554,
-1.84718383629389,-1.83747662504225,-1.8277694137906,-1.81806220253895,
-1.77923335753236,-1.74040451252576,-1.66274682251258,-1.64333240000928,
-1.62391797750599,-1.58508913249939,-1.50743144248621,-1.42977375247302,
-1.35211606245984,-1.34261604577105),.UNSPECIFIED.);
#954=B_SPLINE_SURFACE_WITH_KNOTS('',3,3,((#1957,#1958,#1959,#1960,#1961,
#1962,#1963,#1964,#1965,#1966,#1967,#1968,#1969,#1970),(#1971,#1972,#1973,
#1974,#1975,#1976,#1977,#1978,#1979,#1980,#1981,#1982,#1983,#1984),(#1985,
#1986,#1987,#1988,#1989,#1990,#1991,#1992,#1993,#1994,#1995,#1996,#1997,
#1998),(#1999,#2000,#2001,#2002,#2003,#2004,#2005,#2006,#2007,#2008,#2009,
#2010,#2011,#2012)),.UNSPECIFIED.,.F.,.F.,.F.,(4,4),(4,3,1,1,1,1,1,1,1,
4),(0.,1.),(-1.00288846073954,-1.,-0.800000000000001,-0.700000000000001,
-0.600000000000001,-0.4,-0.3,-0.2,-0.1,8.88178419700125E-16),
 .UNSPECIFIED.);
#955=B_SPLINE_SURFACE_WITH_KNOTS('',3,3,((#2196,#2197,#2198,#2199),(#2200,
#2201,#2202,#2203),(#2204,#2205,#2206,#2207),(#2208,#2209,#2210,#2211)),
 .UNSPECIFIED.,.F.,.F.,.F.,(4,4),(4,4),(0.,0.797172648343411),(-1.00937472888726,
-1.),.UNSPECIFIED.);
#956=B_SPLINE_SURFACE_WITH_KNOTS('',3,3,((#2225,#2226,#2227,#2228,#2229,
#2230,#2231,#2232,#2233,#2234,#2235,#2236,#2237,#2238,#2239,#2240,#2241,
#2242,#2243,#2244,#2245,#2246),(#2247,#2248,#2249,#2250,#2251,#2252,#2253,
#2254,#2255,#2256,#2257,#2258,#2259,#2260,#2261,#2262,#2263,#2264,#2265,
#2266,#2267,#2268),(#2269,#2270,#2271,#2272,#2273,#2274,#2275,#2276,#2277,
#2278,#2279,#2280,#2281,#2282,#2283,#2284,#2285,#2286,#2287,#2288,#2289,
#2290),(#2291,#2292,#2293,#2294,#2295,#2296,#2297,#2298,#2299,#2300,#2301,
#2302,#2303,#2304,#2305,#2306,#2307,#2308,#2309,#2310,#2311,#2312)),
 .UNSPECIFIED.,.F.,.F.,.F.,(4,4),(4,1,1,1,1,1,1,1,1,1,1,1,1,1,1,1,1,2,4),
(-1.60122921244594,1.),(0.196842645212331,0.216868290789057,0.236893936365783,
0.276945227519235,0.316996518672686,0.357047809826138,0.39709910097959,
0.437150392133042,0.477201683286494,0.517252974439946,0.597355556746849,
0.677458139053753,0.757560721360657,0.797612012514109,0.837663303667561,
0.877714594821012,0.917765885974464,0.997868468281368,1.),.UNSPECIFIED.);
#957=B_SPLINE_SURFACE_WITH_KNOTS('',3,3,((#2338,#2339,#2340,#2341),(#2342,
#2343,#2344,#2345),(#2346,#2347,#2348,#2349),(#2350,#2351,#2352,#2353),
(#2354,#2355,#2356,#2357),(#2358,#2359,#2360,#2361),(#2362,#2363,#2364,
#2365),(#2366,#2367,#2368,#2369),(#2370,#2371,#2372,#2373),(#2374,#2375,
#2376,#2377),(#2378,#2379,#2380,#2381),(#2382,#2383,#2384,#2385),(#2386,
#2387,#2388,#2389),(#2390,#2391,#2392,#2393),(#2394,#2395,#2396,#2397),
(#2398,#2399,#2400,#2401),(#2402,#2403,#2404,#2405),(#2406,#2407,#2408,
#2409),(#2410,#2411,#2412,#2413),(#2414,#2415,#2416,#2417),(#2418,#2419,
#2420,#2421),(#2422,#2423,#2424,#2425),(#2426,#2427,#2428,#2429),(#2430,
#2431,#2432,#2433),(#2434,#2435,#2436,#2437),(#2438,#2439,#2440,#2441),
(#2442,#2443,#2444,#2445),(#2446,#2447,#2448,#2449),(#2450,#2451,#2452,
#2453),(#2454,#2455,#2456,#2457),(#2458,#2459,#2460,#2461),(#2462,#2463,
#2464,#2465),(#2466,#2467,#2468,#2469),(#2470,#2471,#2472,#2473)),
 .UNSPECIFIED.,.F.,.F.,.F.,(4,1,1,1,1,1,1,1,1,1,1,1,1,1,1,1,1,1,1,1,1,1,
1,1,1,1,1,1,1,1,1,4),(4,4),(-1.56971931581592E-16,0.0714285714285713,0.107142857142857,
0.142857142857143,0.178571428571428,0.214285714285714,0.285714285714286,
0.428571428571428,0.476190476190476,0.523809523809524,0.571428571428571,
0.577380952380952,0.583333333333333,0.595238095238095,0.619047619047619,
0.642857142857143,0.666666666666667,0.714285714285714,0.75,0.785714285714286,
0.8125,0.821428571428571,0.857142857142857,0.875,0.892857142857143,0.910714285714286,
0.919642857142857,0.928571428571429,0.946428571428571,0.964285714285714,
0.982142857142857,1.),(0.859374999999926,1.),.UNSPECIFIED.);
#958=B_SPLINE_SURFACE_WITH_KNOTS('',3,3,((#2576,#2577,#2578,#2579),(#2580,
#2581,#2582,#2583),(#2584,#2585,#2586,#2587),(#2588,#2589,#2590,#2591),
(#2592,#2593,#2594,#2595),(#2596,#2597,#2598,#2599),(#2600,#2601,#2602,
#2603),(#2604,#2605,#2606,#2607),(#2608,#2609,#2610,#2611),(#2612,#2613,
#2614,#2615),(#2616,#2617,#2618,#2619),(#2620,#2621,#2622,#2623),(#2624,
#2625,#2626,#2627),(#2628,#2629,#2630,#2631),(#2632,#2633,#2634,#2635),
(#2636,#2637,#2638,#2639),(#2640,#2641,#2642,#2643),(#2644,#2645,#2646,
#2647),(#2648,#2649,#2650,#2651),(#2652,#2653,#2654,#2655),(#2656,#2657,
#2658,#2659),(#2660,#2661,#2662,#2663),(#2664,#2665,#2666,#2667),(#2668,
#2669,#2670,#2671),(#2672,#2673,#2674,#2675),(#2676,#2677,#2678,#2679),
(#2680,#2681,#2682,#2683),(#2684,#2685,#2686,#2687),(#2688,#2689,#2690,
#2691),(#2692,#2693,#2694,#2695),(#2696,#2697,#2698,#2699),(#2700,#2701,
#2702,#2703),(#2704,#2705,#2706,#2707),(#2708,#2709,#2710,#2711),(#2712,
#2713,#2714,#2715),(#2716,#2717,#2718,#2719),(#2720,#2721,#2722,#2723),
(#2724,#2725,#2726,#2727),(#2728,#2729,#2730,#2731),(#2732,#2733,#2734,
#2735),(#2736,#2737,#2738,#2739),(#2740,#2741,#2742,#2743),(#2744,#2745,
#2746,#2747),(#2748,#2749,#2750,#2751),(#2752,#2753,#2754,#2755)),
 .UNSPECIFIED.,.F.,.F.,.F.,(4,1,1,1,1,1,1,1,1,1,1,1,1,1,1,1,1,1,1,1,1,1,
1,1,1,1,1,1,1,1,1,1,1,1,1,1,1,1,1,1,1,1,4),(4,4),(0.,0.0178571428571429,
0.0357142857142857,0.0714285714285714,0.0803571428571429,0.0892857142857143,
0.107142857142857,0.125,0.142857142857143,0.160714285714286,0.178571428571429,
0.214285714285714,0.21484375,0.215401785714286,0.216517857142857,0.217633928571429,
0.218191964285714,0.21875,0.223214285714286,0.232142857142857,0.25,0.258928571428571,
0.267857142857143,0.285714285714286,0.303571428571429,0.321428571428572,
0.339285714285714,0.352678571428572,0.357142857142857,0.392857142857143,
0.410714285714286,0.428571428571429,0.464285714285714,0.5,0.535714285714286,
0.571428571428572,0.642857142857143,0.714285714285714,0.785714285714286,
0.821428571428572,0.857142857142857,0.928571428571429,1.),(0.859374999999405,
1.),.UNSPECIFIED.);
#959=ADVANCED_FACE('',(#266),#951,.F.);
#960=ADVANCED_FACE('',(#267),#952,.F.);
#961=ADVANCED_FACE('',(#268),#235,.F.);
#962=ADVANCED_FACE('',(#269),#53,.T.);
#963=ADVANCED_FACE('',(#270),#236,.F.);
#964=ADVANCED_FACE('',(#271),#54,.T.);
#965=ADVANCED_FACE('',(#272),#237,.F.);
#966=ADVANCED_FACE('',(#273),#55,.T.);
#967=ADVANCED_FACE('',(#274),#238,.F.);
#968=ADVANCED_FACE('',(#275),#56,.T.);
#969=ADVANCED_FACE('',(#276),#239,.F.);
#970=ADVANCED_FACE('',(#277),#57,.T.);
#971=ADVANCED_FACE('',(#278),#240,.F.);
#972=ADVANCED_FACE('',(#279),#241,.T.);
#973=ADVANCED_FACE('',(#280),#953,.F.);
#974=ADVANCED_FACE('',(#281),#31,.F.);
#975=ADVANCED_FACE('',(#282),#242,.F.);
#976=ADVANCED_FACE('',(#283),#954,.F.);
#977=ADVANCED_FACE('',(#284),#243,.F.);
#978=ADVANCED_FACE('',(#285),#58,.T.);
#979=ADVANCED_FACE('',(#286),#244,.F.);
#980=ADVANCED_FACE('',(#287),#59,.T.);
#981=ADVANCED_FACE('',(#288),#245,.F.);
#982=ADVANCED_FACE('',(#289),#60,.T.);
#983=ADVANCED_FACE('',(#290),#246,.F.);
#984=ADVANCED_FACE('',(#291),#61,.T.);
#985=ADVANCED_FACE('',(#292),#247,.F.);
#986=ADVANCED_FACE('',(#293),#62,.T.);
#987=ADVANCED_FACE('',(#294),#248,.F.);
#988=ADVANCED_FACE('',(#295),#249,.F.);
#989=ADVANCED_FACE('',(#296),#32,.F.);
#990=ADVANCED_FACE('',(#297),#250,.F.);
#991=ADVANCED_FACE('',(#298),#24,.T.);
#992=ADVANCED_FACE('',(#299),#251,.F.);
#993=ADVANCED_FACE('',(#300),#25,.T.);
#994=ADVANCED_FACE('',(#301),#252,.F.);
#995=ADVANCED_FACE('',(#302),#26,.T.);
#996=ADVANCED_FACE('',(#303),#253,.F.);
#997=ADVANCED_FACE('',(#304),#27,.T.);
#998=ADVANCED_FACE('',(#305),#254,.F.);
#999=ADVANCED_FACE('',(#306),#28,.T.);
#1000=ADVANCED_FACE('',(#307),#255,.F.);
#1001=ADVANCED_FACE('',(#308),#955,.F.);
#1002=ADVANCED_FACE('',(#309),#256,.F.);
#1003=ADVANCED_FACE('',(#310),#956,.F.);
#1004=ADVANCED_FACE('',(#311),#957,.F.);
#1005=ADVANCED_FACE('',(#312),#257,.F.);
#1006=ADVANCED_FACE('',(#313),#958,.F.);
#1007=ADVANCED_FACE('',(#314),#63,.T.);
#1008=ADVANCED_FACE('',(#315),#258,.F.);
#1009=ADVANCED_FACE('',(#316),#64,.T.);
#1010=ADVANCED_FACE('',(#317),#259,.F.);
#1011=ADVANCED_FACE('',(#318),#65,.T.);
#1012=ADVANCED_FACE('',(#319),#260,.F.);
#1013=ADVANCED_FACE('',(#320),#66,.T.);
#1014=ADVANCED_FACE('',(#321),#261,.F.);
#1015=ADVANCED_FACE('',(#322,#15),#262,.T.);
#1016=ADVANCED_FACE('',(#323),#263,.T.);
#1017=ADVANCED_FACE('',(#324),#264,.F.);
#1018=ADVANCED_FACE('',(#325),#265,.F.);
#1019=CLOSED_SHELL('',(#959,#960,#961,#962,#963,#964,#965,#966,#967,#968,
#969,#970,#971,#972,#973,#974,#975,#976,#977,#978,#979,#980,#981,#982,#983,
#984,#985,#986,#987,#988,#989,#990,#991,#992,#993,#994,#995,#996,#997,#998,
#999,#1000,#1001,#1002,#1003,#1004,#1005,#1006,#1007,#1008,#1009,#1010,
#1011,#1012,#1013,#1014,#1015,#1016,#1017,#1018));
#1020=DERIVED_UNIT_ELEMENT(#1022,1.);
#1021=DERIVED_UNIT_ELEMENT(#2943,-3.);
#1022=(
MASS_UNIT()
NAMED_UNIT(*)
SI_UNIT(.KILO.,.GRAM.)
);
#1023=DERIVED_UNIT((#1020,#1021));
#1024=MEASURE_REPRESENTATION_ITEM('density measure',
POSITIVE_RATIO_MEASURE(7850.),#1023);
#1025=PROPERTY_DEFINITION_REPRESENTATION(#1030,#1027);
#1026=PROPERTY_DEFINITION_REPRESENTATION(#1031,#1028);
#1027=REPRESENTATION('material name',(#1029),#2940);
#1028=REPRESENTATION('density',(#1024),#2940);
#1029=DESCRIPTIVE_REPRESENTATION_ITEM('Acier','Acier');
#1030=PROPERTY_DEFINITION('material property','material name',#2950);
#1031=PROPERTY_DEFINITION('material property','density of part',#2950);
#1032=AXIS2_PLACEMENT_3D('',#1353,#1111,#1112);
#1033=AXIS2_PLACEMENT_3D('',#1611,#1113,#1114);
#1034=AXIS2_PLACEMENT_3D('',#1623,#1118,#1119);
#1035=AXIS2_PLACEMENT_3D('',#1627,#1121,#1122);
#1036=AXIS2_PLACEMENT_3D('',#1628,#1123,#1124);
#1037=AXIS2_PLACEMENT_3D('',#1629,#1125,#1126);
#1038=AXIS2_PLACEMENT_3D('',#1635,#1130,#1131);
#1039=AXIS2_PLACEMENT_3D('',#1639,#1133,#1134);
#1040=AXIS2_PLACEMENT_3D('',#1640,#1135,#1136);
#1041=AXIS2_PLACEMENT_3D('',#1641,#1137,#1138);
#1042=AXIS2_PLACEMENT_3D('',#1647,#1142,#1143);
#1043=AXIS2_PLACEMENT_3D('',#1651,#1145,#1146);
#1044=AXIS2_PLACEMENT_3D('',#1652,#1147,#1148);
#1045=AXIS2_PLACEMENT_3D('',#1653,#1149,#1150);
#1046=AXIS2_PLACEMENT_3D('',#1659,#1154,#1155);
#1047=AXIS2_PLACEMENT_3D('',#1663,#1157,#1158);
#1048=AXIS2_PLACEMENT_3D('',#1664,#1159,#1160);
#1049=AXIS2_PLACEMENT_3D('',#1665,#1161,#1162);
#1050=AXIS2_PLACEMENT_3D('',#1671,#1166,#1167);
#1051=AXIS2_PLACEMENT_3D('',#1675,#1169,#1170);
#1052=AXIS2_PLACEMENT_3D('',#1676,#1171,#1172);
#1053=AXIS2_PLACEMENT_3D('',#1677,#1173,#1174);
#1054=AXIS2_PLACEMENT_3D('',#1680,#1177,#1178);
#1055=AXIS2_PLACEMENT_3D('',#1948,#1182,#1183);
#1056=AXIS2_PLACEMENT_3D('',#2042,#1185,#1186);
#1057=AXIS2_PLACEMENT_3D('',#2048,#1190,#1191);
#1058=AXIS2_PLACEMENT_3D('',#2052,#1193,#1194);
#1059=AXIS2_PLACEMENT_3D('',#2053,#1195,#1196);
#1060=AXIS2_PLACEMENT_3D('',#2054,#1197,#1198);
#1061=AXIS2_PLACEMENT_3D('',#2060,#1202,#1203);
#1062=AXIS2_PLACEMENT_3D('',#2064,#1205,#1206);
#1063=AXIS2_PLACEMENT_3D('',#2065,#1207,#1208);
#1064=AXIS2_PLACEMENT_3D('',#2066,#1209,#1210);
#1065=AXIS2_PLACEMENT_3D('',#2072,#1214,#1215);
#1066=AXIS2_PLACEMENT_3D('',#2076,#1217,#1218);
#1067=AXIS2_PLACEMENT_3D('',#2077,#1219,#1220);
#1068=AXIS2_PLACEMENT_3D('',#2078,#1221,#1222);
#1069=AXIS2_PLACEMENT_3D('',#2084,#1226,#1227);
#1070=AXIS2_PLACEMENT_3D('',#2088,#1229,#1230);
#1071=AXIS2_PLACEMENT_3D('',#2089,#1231,#1232);
#1072=AXIS2_PLACEMENT_3D('',#2090,#1233,#1234);
#1073=AXIS2_PLACEMENT_3D('',#2096,#1238,#1239);
#1074=AXIS2_PLACEMENT_3D('',#2100,#1241,#1242);
#1075=AXIS2_PLACEMENT_3D('',#2101,#1243,#1244);
#1076=AXIS2_PLACEMENT_3D('',#2102,#1245,#1246);
#1077=AXIS2_PLACEMENT_3D('',#2105,#1249,#1250);
#1078=AXIS2_PLACEMENT_3D('',#2151,#1254,#1255);
#1079=AXIS2_PLACEMENT_3D('',#2161,#1257,#1258);
#1080=AXIS2_PLACEMENT_3D('',#2163,#1260,#1261);
#1081=AXIS2_PLACEMENT_3D('',#2165,#1263,#1264);
#1082=AXIS2_PLACEMENT_3D('',#2167,#1266,#1267);
#1083=AXIS2_PLACEMENT_3D('',#2169,#1269,#1270);
#1084=AXIS2_PLACEMENT_3D('',#2171,#1272,#1273);
#1085=AXIS2_PLACEMENT_3D('',#2173,#1275,#1276);
#1086=AXIS2_PLACEMENT_3D('',#2175,#1278,#1279);
#1087=AXIS2_PLACEMENT_3D('',#2177,#1281,#1282);
#1088=AXIS2_PLACEMENT_3D('',#2179,#1284,#1285);
#1089=AXIS2_PLACEMENT_3D('',#2218,#1286,#1287);
#1090=AXIS2_PLACEMENT_3D('',#2572,#1291,#1292);
#1091=AXIS2_PLACEMENT_3D('',#2885,#1296,#1297);
#1092=AXIS2_PLACEMENT_3D('',#2888,#1298,#1299);
#1093=AXIS2_PLACEMENT_3D('',#2892,#1301,#1302);
#1094=AXIS2_PLACEMENT_3D('',#2894,#1304,#1305);
#1095=AXIS2_PLACEMENT_3D('',#2900,#1309,#1310);
#1096=AXIS2_PLACEMENT_3D('',#2903,#1311,#1312);
#1097=AXIS2_PLACEMENT_3D('',#2907,#1314,#1315);
#1098=AXIS2_PLACEMENT_3D('',#2909,#1317,#1318);
#1099=AXIS2_PLACEMENT_3D('',#2912,#1321,#1322);
#1100=AXIS2_PLACEMENT_3D('',#2915,#1323,#1324);
#1101=AXIS2_PLACEMENT_3D('',#2919,#1326,#1327);
#1102=AXIS2_PLACEMENT_3D('',#2921,#1329,#1330);
#1103=AXIS2_PLACEMENT_3D('',#2924,#1333,#1334);
#1104=AXIS2_PLACEMENT_3D('',#2926,#1335,#1336);
#1105=AXIS2_PLACEMENT_3D('',#2929,#1338,#1339);
#1106=AXIS2_PLACEMENT_3D('',#2930,#1340,#1341);
#1107=AXIS2_PLACEMENT_3D('',#2933,#1344,#1345);
#1108=AXIS2_PLACEMENT_3D('',#2935,#1347,#1348);
#1109=AXIS2_PLACEMENT_3D('',#2936,#1349,#1350);
#1110=AXIS2_PLACEMENT_3D('',#2937,#1351,#1352);
#1111=DIRECTION('axis',(0.,0.,1.));
#1112=DIRECTION('refdir',(1.,0.,0.));
#1113=DIRECTION('center_axis',(-0.707106781186555,-0.191164170914675,-0.680776218561206));
#1114=DIRECTION('ref_axis',(-0.693566925969103,0.,0.72039219818219));
#1115=DIRECTION('',(0.,0.962762961230338,-0.270346963147344));
#1116=DIRECTION('',(-0.707106781186539,0.191164170914675,0.680776218561223));
#1117=DIRECTION('',(0.,-0.962762961230338,0.270346963147344));
#1118=DIRECTION('center_axis',(-1.,0.,0.));
#1119=DIRECTION('ref_axis',(0.,0.270346963147344,0.962762961230338));
#1120=DIRECTION('',(-0.707106781186539,2.35513868802568E-14,0.707106781186556));
#1121=DIRECTION('center_axis',(1.,0.,0.));
#1122=DIRECTION('ref_axis',(0.,0.270346963147344,0.962762961230338));
#1123=DIRECTION('center_axis',(-1.,0.,0.));
#1124=DIRECTION('ref_axis',(0.,0.270346963147344,0.962762961230338));
#1125=DIRECTION('center_axis',(-0.707106781186555,0.,-0.70710678118654));
#1126=DIRECTION('ref_axis',(-0.70710678118654,0.,0.707106781186555));
#1127=DIRECTION('',(-0.70710678118654,0.,0.707106781186555));
#1128=DIRECTION('',(0.,-1.,0.));
#1129=DIRECTION('',(0.,1.,0.));
#1130=DIRECTION('center_axis',(-1.,0.,0.));
#1131=DIRECTION('ref_axis',(0.,0.,1.));
#1132=DIRECTION('',(-0.707106781186542,-0.678554509613876,-0.198906454100113));
#1133=DIRECTION('center_axis',(1.,0.,0.));
#1134=DIRECTION('ref_axis',(0.,0.,1.));
#1135=DIRECTION('center_axis',(-1.,0.,0.));
#1136=DIRECTION('ref_axis',(0.,0.,1.));
#1137=DIRECTION('center_axis',(-0.707106781186553,0.678554509613863,0.198906454100115));
#1138=DIRECTION('ref_axis',(0.270786795016254,0.,0.962639346611609));
#1139=DIRECTION('',(-0.707106781186542,-0.678554509613875,-0.198906454100114));
#1140=DIRECTION('',(0.,0.281296205031926,-0.959620990305358));
#1141=DIRECTION('',(0.,-0.281296205031926,0.959620990305358));
#1142=DIRECTION('center_axis',(-1.,0.,0.));
#1143=DIRECTION('ref_axis',(0.,-0.959620990305361,-0.281296205031917));
#1144=DIRECTION('',(-0.707106781186548,-0.281968833812248,-0.648454760764821));
#1145=DIRECTION('center_axis',(1.,0.,0.));
#1146=DIRECTION('ref_axis',(0.,-0.959620990305361,-0.281296205031917));
#1147=DIRECTION('center_axis',(-1.,0.,0.));
#1148=DIRECTION('ref_axis',(0.,-0.959620990305361,-0.281296205031917));
#1149=DIRECTION('center_axis',(-0.707106781186553,0.281968833812226,0.648454760764824));
#1150=DIRECTION('ref_axis',(0.675879543230829,0.,0.737012105085179));
#1151=DIRECTION('',(-0.707106781186542,-0.28196883381223,-0.648454760764835));
#1152=DIRECTION('',(0.,0.917053517259022,-0.398764148943779));
#1153=DIRECTION('',(0.,-0.917053517259022,0.398764148943779));
#1154=DIRECTION('center_axis',(-1.,0.,0.));
#1155=DIRECTION('ref_axis',(0.,-0.398764148943778,-0.917053517259022));
#1156=DIRECTION('',(-0.707106781174151,3.37569878611101E-13,-0.707106781198944));
#1157=DIRECTION('center_axis',(1.,0.,0.));
#1158=DIRECTION('ref_axis',(0.,-0.398764148943778,-0.917053517259022));
#1159=DIRECTION('center_axis',(-1.,0.,0.));
#1160=DIRECTION('ref_axis',(0.,-0.398764148943778,-0.917053517259023));
#1161=DIRECTION('center_axis',(-0.707106781186554,6.50819862464788E-13,
0.707106781186541));
#1162=DIRECTION('ref_axis',(0.707106781186541,0.,0.707106781186554));
#1163=DIRECTION('',(-0.70710678118654,-6.51588370353773E-13,-0.707106781186555));
#1164=DIRECTION('',(0.,1.,-9.20398276159504E-13));
#1165=DIRECTION('',(0.,-1.,9.20398276159504E-13));
#1166=DIRECTION('center_axis',(-1.,0.,0.));
#1167=DIRECTION('ref_axis',(0.,4.69489452506905E-13,-1.));
#1168=DIRECTION('',(-0.70710678118654,0.195207670855897,-0.679627813762081));
#1169=DIRECTION('center_axis',(1.,0.,0.));
#1170=DIRECTION('ref_axis',(0.,4.69489452506905E-13,-1.));
#1171=DIRECTION('center_axis',(-1.,0.,0.));
#1172=DIRECTION('ref_axis',(0.,4.69489452506905E-13,-1.));
#1173=DIRECTION('center_axis',(-0.707106781186553,-0.195207670855897,0.679627813762067));
#1174=DIRECTION('ref_axis',(0.692959006973533,0.,0.720976986216796));
#1175=DIRECTION('',(0.,0.9611388715883,0.276065335603675));
#1176=DIRECTION('',(0.,-0.9611388715883,-0.276065335603675));
#1177=DIRECTION('center_axis',(1.,0.,0.));
#1178=DIRECTION('ref_axis',(0.,1.,0.));
#1179=DIRECTION('',(0.,-8.49137966742808E-15,1.));
#1180=DIRECTION('',(-1.,0.,0.));
#1181=DIRECTION('',(-1.,0.,0.));
#1182=DIRECTION('center_axis',(0.707106781186555,-0.70710678118654,0.));
#1183=DIRECTION('ref_axis',(0.,0.,-1.));
#1184=DIRECTION('',(0.,0.,1.));
#1185=DIRECTION('center_axis',(0.707106781186555,-0.191164170914675,-0.680776218561206));
#1186=DIRECTION('ref_axis',(-0.693566925969103,0.,-0.72039219818219));
#1187=DIRECTION('',(0.,-0.962762961230338,0.270346963147344));
#1188=DIRECTION('',(0.,0.962762961230338,-0.270346963147344));
#1189=DIRECTION('',(-0.707106781186539,-0.191164170914675,-0.680776218561223));
#1190=DIRECTION('center_axis',(1.,0.,0.));
#1191=DIRECTION('ref_axis',(0.,0.270346963147344,0.962762961230338));
#1192=DIRECTION('',(-0.707106781186539,-2.35513868802568E-14,-0.707106781186556));
#1193=DIRECTION('center_axis',(1.,0.,0.));
#1194=DIRECTION('ref_axis',(0.,0.270346963147344,0.962762961230338));
#1195=DIRECTION('center_axis',(-1.,0.,0.));
#1196=DIRECTION('ref_axis',(0.,0.270346963147344,0.962762961230338));
#1197=DIRECTION('center_axis',(0.707106781186555,0.,-0.70710678118654));
#1198=DIRECTION('ref_axis',(-0.70710678118654,0.,-0.707106781186555));
#1199=DIRECTION('',(-0.70710678118654,0.,-0.707106781186555));
#1200=DIRECTION('',(0.,-1.,0.));
#1201=DIRECTION('',(0.,1.,0.));
#1202=DIRECTION('center_axis',(1.,0.,0.));
#1203=DIRECTION('ref_axis',(0.,0.,1.));
#1204=DIRECTION('',(-0.707106781186542,0.678554509613876,0.198906454100113));
#1205=DIRECTION('center_axis',(1.,0.,0.));
#1206=DIRECTION('ref_axis',(0.,0.,1.));
#1207=DIRECTION('center_axis',(-1.,0.,0.));
#1208=DIRECTION('ref_axis',(0.,0.,1.));
#1209=DIRECTION('center_axis',(0.707106781186553,0.678554509613863,0.198906454100115));
#1210=DIRECTION('ref_axis',(0.270786795016254,0.,-0.962639346611609));
#1211=DIRECTION('',(-0.707106781186542,0.678554509613875,0.198906454100114));
#1212=DIRECTION('',(0.,0.281296205031926,-0.959620990305358));
#1213=DIRECTION('',(0.,-0.281296205031926,0.959620990305358));
#1214=DIRECTION('center_axis',(1.,0.,0.));
#1215=DIRECTION('ref_axis',(0.,-0.959620990305361,-0.281296205031917));
#1216=DIRECTION('',(-0.707106781186548,0.281968833812248,0.648454760764821));
#1217=DIRECTION('center_axis',(1.,0.,0.));
#1218=DIRECTION('ref_axis',(0.,-0.959620990305361,-0.281296205031917));
#1219=DIRECTION('center_axis',(-1.,0.,0.));
#1220=DIRECTION('ref_axis',(0.,-0.959620990305361,-0.281296205031917));
#1221=DIRECTION('center_axis',(0.707106781186554,0.281968833812226,0.648454760764823));
#1222=DIRECTION('ref_axis',(0.675879543230828,0.,-0.737012105085179));
#1223=DIRECTION('',(-0.707106781186541,0.281968833812229,0.648454760764836));
#1224=DIRECTION('',(0.,0.917053517259022,-0.398764148943779));
#1225=DIRECTION('',(0.,-0.917053517259022,0.398764148943779));
#1226=DIRECTION('center_axis',(1.,0.,0.));
#1227=DIRECTION('ref_axis',(0.,-0.398764148943778,-0.917053517259022));
#1228=DIRECTION('',(-0.707106781174151,-3.37569878611101E-13,0.707106781198944));
#1229=DIRECTION('center_axis',(1.,0.,0.));
#1230=DIRECTION('ref_axis',(0.,-0.398764148943778,-0.917053517259023));
#1231=DIRECTION('center_axis',(-1.,0.,0.));
#1232=DIRECTION('ref_axis',(0.,-0.398764148943778,-0.917053517259022));
#1233=DIRECTION('center_axis',(0.707106781186554,6.50819862464788E-13,0.707106781186541));
#1234=DIRECTION('ref_axis',(0.707106781186541,0.,-0.707106781186554));
#1235=DIRECTION('',(-0.70710678118654,6.51588370353773E-13,0.707106781186555));
#1236=DIRECTION('',(0.,1.,-9.20398276159504E-13));
#1237=DIRECTION('',(0.,-1.,9.20398276159504E-13));
#1238=DIRECTION('center_axis',(1.,0.,0.));
#1239=DIRECTION('ref_axis',(0.,4.69489452506905E-13,-1.));
#1240=DIRECTION('',(-0.70710678118654,-0.195207670855897,0.679627813762081));
#1241=DIRECTION('center_axis',(1.,0.,0.));
#1242=DIRECTION('ref_axis',(0.,4.69489452506905E-13,-1.));
#1243=DIRECTION('center_axis',(-1.,0.,0.));
#1244=DIRECTION('ref_axis',(0.,4.69489452506905E-13,-1.));
#1245=DIRECTION('center_axis',(0.707106781186554,-0.195207670855897,0.679627813762066));
#1246=DIRECTION('ref_axis',(0.692959006973532,0.,-0.720976986216797));
#1247=DIRECTION('',(0.,-0.9611388715883,-0.276065335603675));
#1248=DIRECTION('',(0.,0.9611388715883,0.276065335603675));
#1249=DIRECTION('center_axis',(0.,-1.,0.));
#1250=DIRECTION('ref_axis',(0.,0.,1.));
#1251=DIRECTION('',(0.,0.,1.));
#1252=DIRECTION('',(-1.,0.,0.));
#1253=DIRECTION('',(-1.,0.,0.));
#1254=DIRECTION('center_axis',(0.,-0.276065335603675,0.9611388715883));
#1255=DIRECTION('ref_axis',(0.,0.9611388715883,0.276065335603675));
#1256=DIRECTION('',(-1.,0.,0.));
#1257=DIRECTION('center_axis',(1.,0.,0.));
#1258=DIRECTION('ref_axis',(0.,4.69489452506905E-13,-1.));
#1259=DIRECTION('',(-1.,0.,0.));
#1260=DIRECTION('center_axis',(0.,9.20398276159504E-13,1.));
#1261=DIRECTION('ref_axis',(0.,1.,-9.20398276159504E-13));
#1262=DIRECTION('',(-1.,0.,0.));
#1263=DIRECTION('center_axis',(1.,0.,0.));
#1264=DIRECTION('ref_axis',(0.,-0.398764148943778,-0.917053517259023));
#1265=DIRECTION('',(-1.,0.,0.));
#1266=DIRECTION('center_axis',(0.,0.398764148943779,0.917053517259022));
#1267=DIRECTION('ref_axis',(0.,0.917053517259022,-0.398764148943779));
#1268=DIRECTION('',(-1.,0.,0.));
#1269=DIRECTION('center_axis',(1.,0.,0.));
#1270=DIRECTION('ref_axis',(0.,-0.959620990305361,-0.281296205031917));
#1271=DIRECTION('',(-1.,0.,0.));
#1272=DIRECTION('center_axis',(0.,0.959620990305358,0.281296205031926));
#1273=DIRECTION('ref_axis',(0.,0.281296205031926,-0.959620990305358));
#1274=DIRECTION('',(-1.,0.,0.));
#1275=DIRECTION('center_axis',(1.,0.,0.));
#1276=DIRECTION('ref_axis',(0.,0.,1.));
#1277=DIRECTION('',(-1.,0.,0.));
#1278=DIRECTION('center_axis',(0.,0.,-1.));
#1279=DIRECTION('ref_axis',(0.,-1.,0.));
#1280=DIRECTION('',(-1.,0.,0.));
#1281=DIRECTION('center_axis',(1.,0.,0.));
#1282=DIRECTION('ref_axis',(0.,0.270346963147344,0.962762961230338));
#1283=DIRECTION('',(-1.,0.,0.));
#1284=DIRECTION('center_axis',(0.,-0.270346963147344,-0.962762961230338));
#1285=DIRECTION('ref_axis',(0.,-0.962762961230338,0.270346963147344));
#1286=DIRECTION('center_axis',(-0.778038966540697,0.628216019012794,5.33442073059785E-15));
#1287=DIRECTION('ref_axis',(6.85623851761006E-15,0.,1.));
#1288=DIRECTION('',(0.,8.49137966742808E-15,-1.));
#1289=DIRECTION('',(-0.903211825863713,-0.429194969502613,0.000275270030245899));
#1290=DIRECTION('',(-0.977553078806675,-0.210689265707169,-0.000106917557637023));
#1291=DIRECTION('center_axis',(-0.210689266911402,0.977553084394058,8.30077438465531E-15));
#1292=DIRECTION('ref_axis',(0.,8.49137966742808E-15,-1.));
#1293=DIRECTION('',(0.,8.49137966742808E-15,-1.));
#1294=DIRECTION('',(-0.977553078806195,-0.210689265707065,0.000106922155591453));
#1295=DIRECTION('',(-0.903211825864764,-0.429194969503112,-0.000275265802987913));
#1296=DIRECTION('center_axis',(-0.999184209247326,-0.028556225160171,-0.0285562251601711));
#1297=DIRECTION('ref_axis',(-0.0284728710360259,-0.0033214045782506,0.999589047502319));
#1298=DIRECTION('center_axis',(1.,0.,0.));
#1299=DIRECTION('ref_axis',(0.,0.70710678118867,0.707106781184425));
#1300=DIRECTION('',(0.995782940655413,-0.0871197186398565,0.0287487342985881));
#1301=DIRECTION('center_axis',(1.,0.,0.));
#1302=DIRECTION('ref_axis',(0.,0.707106781186941,0.707106781186154));
#1303=DIRECTION('',(-0.995782940655413,-0.028748734298588,0.0871197186398564));
#1304=DIRECTION('center_axis',(-0.0871557427476581,-0.996194698091746,0.));
#1305=DIRECTION('ref_axis',(0.,0.,-1.));
#1306=DIRECTION('',(0.,0.,1.));
#1307=DIRECTION('',(-0.995782940655413,0.0871197186398565,0.0287487342985879));
#1308=DIRECTION('',(0.,0.,1.));
#1309=DIRECTION('center_axis',(-0.999184209247326,0.0285562251601697,-0.0285562251601714));
#1310=DIRECTION('ref_axis',(-0.0284728710360245,-0.999589047502319,-0.00332140457825066));
#1311=DIRECTION('center_axis',(1.,0.,0.));
#1312=DIRECTION('ref_axis',(0.,-0.707106781193435,0.707106781179661));
#1313=DIRECTION('',(0.995782940655413,-0.0287487342985866,-0.0871197186398564));
#1314=DIRECTION('center_axis',(1.,0.,0.));
#1315=DIRECTION('ref_axis',(0.,0.707106781185279,-0.707106781187816));
#1316=DIRECTION('',(-0.995782940655413,-0.0871197186398582,-0.0287487342985884));
#1317=DIRECTION('center_axis',(-0.087155742747658,0.,-0.996194698091746));
#1318=DIRECTION('ref_axis',(0.,1.,0.));
#1319=DIRECTION('',(0.,-1.,0.));
#1320=DIRECTION('',(0.,-1.,0.));
#1321=DIRECTION('center_axis',(-0.999184209247326,0.0285562251601693,0.0285562251601709));
#1322=DIRECTION('ref_axis',(-0.0284728710360257,0.00332140457825048,-0.999589047502319));
#1323=DIRECTION('center_axis',(1.,0.,0.));
#1324=DIRECTION('ref_axis',(0.,0.707106781197314,0.707106781175781));
#1325=DIRECTION('',(0.995782940655413,0.0871197186398582,-0.0287487342985878));
#1326=DIRECTION('center_axis',(1.,0.,0.));
#1327=DIRECTION('ref_axis',(0.,0.707106781186968,0.707106781186127));
#1328=DIRECTION('',(-0.995782940655413,0.0287487342985862,-0.0871197186398566));
#1329=DIRECTION('center_axis',(-0.0871557427476598,0.996194698091745,0.));
#1330=DIRECTION('ref_axis',(0.,0.,1.));
#1331=DIRECTION('',(0.,0.,-1.));
#1332=DIRECTION('',(0.,0.,-1.));
#1333=DIRECTION('center_axis',(-0.999184209247326,-0.028556225160171,0.028556225160171));
#1334=DIRECTION('ref_axis',(-0.0284728710360258,-0.00332140457825052,-0.999589047502319));
#1335=DIRECTION('center_axis',(1.,0.,0.));
#1336=DIRECTION('ref_axis',(0.,-0.707106781188652,0.707106781184443));
#1337=DIRECTION('',(0.995782940655413,0.028748734298588,0.0871197186398566));
#1338=DIRECTION('center_axis',(1.,0.,0.));
#1339=DIRECTION('ref_axis',(0.,0.70710678118688,-0.707106781186215));
#1340=DIRECTION('center_axis',(-0.0871557427476582,-8.16930546044177E-17,
0.996194698091746));
#1341=DIRECTION('ref_axis',(0.,-1.,-8.20051088014264E-17));
#1342=DIRECTION('',(0.,1.,8.20051088014264E-17));
#1343=DIRECTION('',(0.,1.,8.20051088014264E-17));
#1344=DIRECTION('center_axis',(1.,0.,0.));
#1345=DIRECTION('ref_axis',(0.,0.,-1.));
#1346=DIRECTION('',(0.,0.,1.));
#1347=DIRECTION('center_axis',(1.,0.,0.));
#1348=DIRECTION('ref_axis',(0.,1.,0.));
#1349=DIRECTION('center_axis',(0.429194985763436,-0.903211860083516,0.));
#1350=DIRECTION('ref_axis',(0.,0.,1.));
#1351=DIRECTION('center_axis',(1.,0.,0.));
#1352=DIRECTION('ref_axis',(0.,1.,0.));
#1353=CARTESIAN_POINT('',(0.,0.,0.));
#1354=CARTESIAN_POINT('Ctrl Pts',(-431.60035764008,-155.644588673891,-3.15301005580927));
#1355=CARTESIAN_POINT('Ctrl Pts',(-431.600358068548,-155.573658104593,-3.15774607209413));
#1356=CARTESIAN_POINT('Ctrl Pts',(-431.600358296077,-155.502363930936,-3.16252865108518));
#1357=CARTESIAN_POINT('Ctrl Pts',(-431.60035894634,-153.901675417542,-3.2704186415303));
#1358=CARTESIAN_POINT('Ctrl Pts',(-431.600358212946,-150.507378249498,-3.50722221286405));
#1359=CARTESIAN_POINT('Ctrl Pts',(-431.600359299577,-144.424047267025,-3.95014509908126));
#1360=CARTESIAN_POINT('Ctrl Pts',(-431.600386430697,-137.653161805368,-4.42955086373113));
#1361=CARTESIAN_POINT('Ctrl Pts',(-431.600465502817,-128.487753812338,-4.98920339010144));
#1362=CARTESIAN_POINT('Ctrl Pts',(-431.600496130367,-120.855729299641,-5.3162459040908));
#1363=CARTESIAN_POINT('Ctrl Pts',(-431.600502339096,-114.787606257132,-5.55678680242423));
#1364=CARTESIAN_POINT('Ctrl Pts',(-431.600505082375,-112.570426234311,-5.64200930433148));
#1365=CARTESIAN_POINT('Ctrl Pts',(-431.600507548074,-110.346272475389,-5.72588720197521));
#1366=CARTESIAN_POINT('Ctrl Pts',(-431.600510900588,-107.558504738667,-5.82804491457101));
#1367=CARTESIAN_POINT('Ctrl Pts',(-431.60051888374,-100.83753707712,-6.06100066182142));
#1368=CARTESIAN_POINT('Ctrl Pts',(-431.600527196196,-93.1158449095783,-6.30094265280325));
#1369=CARTESIAN_POINT('Ctrl Pts',(-431.600532886867,-84.3553805292406,-6.49285848177287));
#1370=CARTESIAN_POINT('Ctrl Pts',(-431.600515938603,-78.6624595726908,-6.5569724069182));
#1371=CARTESIAN_POINT('Ctrl Pts',(-431.600504268131,-74.0976942608351,-6.58499943581231));
#1372=CARTESIAN_POINT('Ctrl Pts',(-431.60049534525,-69.6045700558022,-6.60330069632663));
#1373=CARTESIAN_POINT('Ctrl Pts',(-431.600503947703,-64.3573678787372,-6.62688595991799));
#1374=CARTESIAN_POINT('Ctrl Pts',(-431.600417276762,-59.1847924391858,-6.59664680608136));
#1375=CARTESIAN_POINT('Ctrl Pts',(-431.600240002126,-54.4739815170827,-6.4809429212345));
#1376=CARTESIAN_POINT('Ctrl Pts',(-431.600110555678,-50.6619626059065,-6.35000223935055));
#1377=CARTESIAN_POINT('Ctrl Pts',(-431.6000236279,-46.7643407761848,-6.1915144412483));
#1378=CARTESIAN_POINT('Ctrl Pts',(-431.600012513481,-43.1611438519918,-6.03764230213212));
#1379=CARTESIAN_POINT('Ctrl Pts',(-431.599986301564,-40.1880749070741,-5.90946116165691));
#1380=CARTESIAN_POINT('Ctrl Pts',(-431.599918183023,-37.9689769929791,-5.80436835763551));
#1381=CARTESIAN_POINT('Ctrl Pts',(-431.598961263185,-36.1253834556422,-5.64471436194286));
#1382=CARTESIAN_POINT('Ctrl Pts',(-431.596814137646,-34.1303378595934,-5.36829106747944));
#1383=CARTESIAN_POINT('Ctrl Pts',(-431.595458644792,-31.6969015290663,-4.97590356643952));
#1384=CARTESIAN_POINT('Ctrl Pts',(-431.594391005723,-29.982054405977,-4.65424222671676));
#1385=CARTESIAN_POINT('Ctrl Pts',(-431.593421674972,-29.1960932532274,-4.48500668646592));
#1386=CARTESIAN_POINT('Ctrl Pts',(-430.733607338575,-155.58563265949,-2.27548065447416));
#1387=CARTESIAN_POINT('Ctrl Pts',(-430.733607528683,-155.51463554913,-2.28023797778988));
#1388=CARTESIAN_POINT('Ctrl Pts',(-430.733607647724,-155.4432639532,-2.28503211236234));
#1389=CARTESIAN_POINT('Ctrl Pts',(-430.733607746244,-153.841127905826,-2.39307135607793));
#1390=CARTESIAN_POINT('Ctrl Pts',(-430.733607799664,-150.444153772528,-2.62997196367108));
#1391=CARTESIAN_POINT('Ctrl Pts',(-430.73360790432,-144.36017301484,-3.07306741582518));
#1392=CARTESIAN_POINT('Ctrl Pts',(-430.733620717917,-137.593712143578,-3.55306552436744));
#1393=CARTESIAN_POINT('Ctrl Pts',(-430.733656989244,-128.443093775979,-4.11537367076328));
#1394=CARTESIAN_POINT('Ctrl Pts',(-430.733670192862,-120.81997615151,-4.44466096796162));
#1395=CARTESIAN_POINT('Ctrl Pts',(-430.733674356727,-114.753195784046,-4.68556614121647));
#1396=CARTESIAN_POINT('Ctrl Pts',(-430.733675104719,-112.53713636016,-4.77106684962945));
#1397=CARTESIAN_POINT('Ctrl Pts',(-430.733676519693,-110.313755547638,-4.85514996898748));
#1398=CARTESIAN_POINT('Ctrl Pts',(-430.733677902669,-107.52713626605,-4.95759268736138));
#1399=CARTESIAN_POINT('Ctrl Pts',(-430.73368174469,-100.809589916211,-5.19149787325642));
#1400=CARTESIAN_POINT('Ctrl Pts',(-430.733685867924,-93.0906419658429,-5.43221971261366));
#1401=CARTESIAN_POINT('Ctrl Pts',(-430.733688620139,-84.3400557537569,-5.62725222757481));
#1402=CARTESIAN_POINT('Ctrl Pts',(-430.733681419894,-78.6548287177295,-5.69410813845681));
#1403=CARTESIAN_POINT('Ctrl Pts',(-430.733676117669,-74.0929733539563,-5.72324300264314));
#1404=CARTESIAN_POINT('Ctrl Pts',(-430.733672289782,-69.6015376009943,-5.74224938138375));
#1405=CARTESIAN_POINT('Ctrl Pts',(-430.73367720371,-64.3540081878675,-5.76558985703565));
#1406=CARTESIAN_POINT('Ctrl Pts',(-430.733636016943,-59.1955040457078,-5.74083576183424));
#1407=CARTESIAN_POINT('Ctrl Pts',(-430.733556746138,-54.4980733691488,-5.63121659968268));
#1408=CARTESIAN_POINT('Ctrl Pts',(-430.733496376885,-50.693218806375,-5.50369908972122));
#1409=CARTESIAN_POINT('Ctrl Pts',(-430.733458561603,-46.7996468946181,-5.34732822147793));
#1410=CARTESIAN_POINT('Ctrl Pts',(-430.733452589827,-43.1972001137794,-5.19378303209945));
#1411=CARTESIAN_POINT('Ctrl Pts',(-430.733441257364,-40.2244975147185,-5.0659836113926));
#1412=CARTESIAN_POINT('Ctrl Pts',(-430.733408211904,-38.0114616860213,-4.96294370851259));
#1413=CARTESIAN_POINT('Ctrl Pts',(-430.732969280834,-36.2051321893091,-4.82143871008624));
#1414=CARTESIAN_POINT('Ctrl Pts',(-430.731989810231,-34.24505264691,-4.56936149510291));
#1415=CARTESIAN_POINT('Ctrl Pts',(-430.731357782493,-31.8273891227953,-4.18859634644006));
#1416=CARTESIAN_POINT('Ctrl Pts',(-430.730887558965,-30.1270406005637,-3.87700751446129));
#1417=CARTESIAN_POINT('Ctrl Pts',(-430.730427877449,-29.3515841104664,-3.7153103380148));
#1418=CARTESIAN_POINT('Ctrl Pts',(-429.86685703707,-155.526676645089,-1.39795125313905));
#1419=CARTESIAN_POINT('Ctrl Pts',(-429.866857007725,-155.455603001704,-1.40272779703062));
#1420=CARTESIAN_POINT('Ctrl Pts',(-429.866856974055,-155.384177131004,-1.4075383187418));
#1421=CARTESIAN_POINT('Ctrl Pts',(-429.866857119519,-153.780292135915,-1.51566460328348));
#1422=CARTESIAN_POINT('Ctrl Pts',(-429.866856790923,-150.38115138045,-1.75276740479108));
#1423=CARTESIAN_POINT('Ctrl Pts',(-429.866857093978,-144.295940702524,-2.19590879833748));
#1424=CARTESIAN_POINT('Ctrl Pts',(-429.86685446015,-137.53431354784,-2.67658043688702));
#1425=CARTESIAN_POINT('Ctrl Pts',(-429.866847857185,-128.398539769272,-3.2415708178984));
#1426=CARTESIAN_POINT('Ctrl Pts',(-429.866846145218,-120.782980111228,-3.57278110541297));
#1427=CARTESIAN_POINT('Ctrl Pts',(-429.866844310907,-114.719395889346,-3.81448226652881));
#1428=CARTESIAN_POINT('Ctrl Pts',(-429.866844592211,-112.503768009728,-3.9001049043439));
#1429=CARTESIAN_POINT('Ctrl Pts',(-429.866844102383,-110.281413085704,-3.98443755480732));
#1430=CARTESIAN_POINT('Ctrl Pts',(-429.866843977292,-107.495973317459,-4.08719948530708));
#1431=CARTESIAN_POINT('Ctrl Pts',(-429.8668431306,-100.781463233044,-4.32190757397762));
#1432=CARTESIAN_POINT('Ctrl Pts',(-429.866842126253,-93.0650044799056,-4.56331338509912));
#1433=CARTESIAN_POINT('Ctrl Pts',(-429.866841509214,-84.3245949896936,-4.76156370567766));
#1434=CARTESIAN_POINT('Ctrl Pts',(-429.866842350363,-78.6467207945046,-4.83101120136558));
#1435=CARTESIAN_POINT('Ctrl Pts',(-429.866843273753,-74.0880776922705,-4.86136648952839));
#1436=CARTESIAN_POINT('Ctrl Pts',(-429.866843753717,-69.5981157974449,-4.88098994236443));
#1437=CARTESIAN_POINT('Ctrl Pts',(-429.866842067485,-64.3499900494595,-4.90393033108734));
#1438=CARTESIAN_POINT('Ctrl Pts',(-429.866850734763,-59.2064305181274,-4.88509932234722));
#1439=CARTESIAN_POINT('Ctrl Pts',(-429.866863490996,-54.5216510854657,-4.78117554355969));
#1440=CARTESIAN_POINT('Ctrl Pts',(-429.866875291117,-50.7243270244923,-4.65728875534673));
#1441=CARTESIAN_POINT('Ctrl Pts',(-429.866880490543,-46.8344599355907,-4.50279890796514));
#1442=CARTESIAN_POINT('Ctrl Pts',(-429.866882292119,-43.2329419350773,-4.34970900912213));
#1443=CARTESIAN_POINT('Ctrl Pts',(-429.866883789704,-40.2604333956471,-4.22219285664149));
#1444=CARTESIAN_POINT('Ctrl Pts',(-429.866891276653,-38.0536673861768,-4.12137620968804));
#1445=CARTESIAN_POINT('Ctrl Pts',(-429.866971165308,-36.2851328881811,-3.99822854455674));
#1446=CARTESIAN_POINT('Ctrl Pts',(-429.867145020739,-34.3589885381874,-3.76992759717461));
#1447=CARTESIAN_POINT('Ctrl Pts',(-429.867268458929,-31.9586452408803,-3.40176001999427));
#1448=CARTESIAN_POINT('Ctrl Pts',(-429.867338097481,-30.2704563129658,-3.09871069571681));
#1449=CARTESIAN_POINT('Ctrl Pts',(-429.867434079927,-29.5070749677054,-2.94561398956368));
#1450=CARTESIAN_POINT('Ctrl Pts',(-429.000106735564,-155.467720630688,-0.520421851803944));
#1451=CARTESIAN_POINT('Ctrl Pts',(-429.00010646786,-155.396580446242,-0.525219702726373));
#1452=CARTESIAN_POINT('Ctrl Pts',(-429.000106325702,-155.325077153269,-0.530041780018963));
#1453=CARTESIAN_POINT('Ctrl Pts',(-429.000105919422,-153.719744624199,-0.638317317831106));
#1454=CARTESIAN_POINT('Ctrl Pts',(-429.000106377641,-150.31792690348,-0.875517155598121));
#1455=CARTESIAN_POINT('Ctrl Pts',(-429.000105698721,-144.23206645034,-1.3188311150814));
#1456=CARTESIAN_POINT('Ctrl Pts',(-429.000088747369,-137.47486388605,-1.80009509752333));
#1457=CARTESIAN_POINT('Ctrl Pts',(-429.000039343612,-128.353879732913,-2.36774109856024));
#1458=CARTESIAN_POINT('Ctrl Pts',(-429.000020207713,-120.747226963098,-2.70119616928379));
#1459=CARTESIAN_POINT('Ctrl Pts',(-429.000016328538,-114.68498541626,-2.94326160532104));
#1460=CARTESIAN_POINT('Ctrl Pts',(-429.000014614555,-112.470478135577,-3.02916244964187));
#1461=CARTESIAN_POINT('Ctrl Pts',(-429.000013074002,-110.248896157952,-3.11370032181959));
#1462=CARTESIAN_POINT('Ctrl Pts',(-429.000010979372,-107.464604844842,-3.21674725809746));
#1463=CARTESIAN_POINT('Ctrl Pts',(-429.00000599155,-100.753516072135,-3.45240478541262));
#1464=CARTESIAN_POINT('Ctrl Pts',(-429.000000797981,-93.0398015361702,-3.69459044490953));
#1465=CARTESIAN_POINT('Ctrl Pts',(-428.999997242487,-84.30927021421,-3.8959574514796));
#1466=CARTESIAN_POINT('Ctrl Pts',(-429.000007831654,-78.6390899395433,-3.96814693290418));
#1467=CARTESIAN_POINT('Ctrl Pts',(-429.000015123291,-74.0833567853917,-3.99961005635922));
#1468=CARTESIAN_POINT('Ctrl Pts',(-429.00002069825,-69.5950833426371,-4.01993862742155));
#1469=CARTESIAN_POINT('Ctrl Pts',(-429.000015323492,-64.3466303585898,-4.04263422820501));
#1470=CARTESIAN_POINT('Ctrl Pts',(-429.000069474943,-59.2171421246493,-4.0292882781001));
#1471=CARTESIAN_POINT('Ctrl Pts',(-429.000180235007,-54.5457429375318,-3.93144922200786));
#1472=CARTESIAN_POINT('Ctrl Pts',(-429.000261112324,-50.7555832249608,-3.8109856057174));
#1473=CARTESIAN_POINT('Ctrl Pts',(-429.000315424246,-46.869766054024,-3.65861268819477));
#1474=CARTESIAN_POINT('Ctrl Pts',(-429.000322368465,-43.2689981968649,-3.50584973908947));
#1475=CARTESIAN_POINT('Ctrl Pts',(-429.000338745504,-40.2968560032915,-3.37871530637718));
#1476=CARTESIAN_POINT('Ctrl Pts',(-429.000381305535,-38.096152079219,-3.27995156056512));
#1477=CARTESIAN_POINT('Ctrl Pts',(-429.000979182957,-36.364881621848,-3.17495289270012));
#1478=CARTESIAN_POINT('Ctrl Pts',(-429.002320693324,-34.473703325504,-2.97099802479808));
#1479=CARTESIAN_POINT('Ctrl Pts',(-429.003167596629,-32.0891328346093,-2.61445279999481));
#1480=CARTESIAN_POINT('Ctrl Pts',(-429.003834650723,-30.4154425075525,-2.32147598346134));
#1481=CARTESIAN_POINT('Ctrl Pts',(-429.004440282405,-29.6625658249444,-2.17591764111255));
#1482=CARTESIAN_POINT('',(-429.20291243833,-155.481515394776,-0.72574969146645));
#1483=CARTESIAN_POINT('',(-430.,-155.535732977029,-1.53275001161582));
#1484=CARTESIAN_POINT('Ctrl Pts',(-429.20291243833,-155.481515394776,-0.725749691466457));
#1485=CARTESIAN_POINT('Ctrl Pts',(-429.46860829222,-155.499587922194,-0.994749798182925));
#1486=CARTESIAN_POINT('Ctrl Pts',(-429.73430414611,-155.517660449612,-1.26374990489939));
#1487=CARTESIAN_POINT('Ctrl Pts',(-430.,-155.535732977029,-1.53275001161586));
#1488=CARTESIAN_POINT('',(-430.,-43.5206574978608,-4.49164827532631));
#1489=CARTESIAN_POINT('Ctrl Pts',(-429.999999389092,-43.5216288864043,-4.49175902949349));
#1490=CARTESIAN_POINT('Ctrl Pts',(-429.999999379875,-44.5657302249634,-4.53631618499984));
#1491=CARTESIAN_POINT('Ctrl Pts',(-429.999999295614,-46.9034603696763,-4.63554263823848));
#1492=CARTESIAN_POINT('Ctrl Pts',(-429.999999622514,-50.7195745243585,-4.7873261556732));
#1493=CARTESIAN_POINT('Ctrl Pts',(-429.999999453517,-54.5181199011823,-4.91180725050964));
#1494=CARTESIAN_POINT('Ctrl Pts',(-429.999999780166,-59.2047142094213,-5.01653727673023));
#1495=CARTESIAN_POINT('Ctrl Pts',(-429.99999954134,-64.3507233487985,-5.03635535306853));
#1496=CARTESIAN_POINT('Ctrl Pts',(-429.999999700469,-69.5987100579954,-5.01332613133842));
#1497=CARTESIAN_POINT('Ctrl Pts',(-429.999999743489,-74.0888605275633,-4.99378194850186));
#1498=CARTESIAN_POINT('Ctrl Pts',(-429.999999751284,-78.6480503602975,-4.96363397802724));
#1499=CARTESIAN_POINT('Ctrl Pts',(-429.999999844556,-84.3269939145956,-4.89455806842355));
#1500=CARTESIAN_POINT('Ctrl Pts',(-429.9999998681,-93.069019294947,-4.69681986498363));
#1501=CARTESIAN_POINT('Ctrl Pts',(-429.999999919384,-100.785815464758,-4.45550221947126));
#1502=CARTESIAN_POINT('Ctrl Pts',(-429.999999949311,-107.500724081801,-4.22089163575293));
#1503=CARTESIAN_POINT('Ctrl Pts',(-429.99999992409,-110.28635051178,-4.11818476960964));
#1504=CARTESIAN_POINT('Ctrl Pts',(-429.999999970767,-112.508907611059,-4.0338982605762));
#1505=CARTESIAN_POINT('Ctrl Pts',(-429.999999887225,-114.724480319329,-3.9482668051404));
#1506=CARTESIAN_POINT('Ctrl Pts',(-430.000000103285,-120.788882222889,-3.70676401629214));
#1507=CARTESIAN_POINT('Ctrl Pts',(-429.999999966197,-128.40536509459,-3.37579239920624));
#1508=CARTESIAN_POINT('Ctrl Pts',(-429.999999970214,-137.543428863885,-2.81121873216643));
#1509=CARTESIAN_POINT('Ctrl Pts',(-430.000000031967,-144.305870651665,-2.33066486658981));
#1510=CARTESIAN_POINT('Ctrl Pts',(-429.999999967456,-150.390790135708,-1.88750820971659));
#1511=CARTESIAN_POINT('Ctrl Pts',(-430.000000031337,-153.789688032317,-1.65045500398677));
#1512=CARTESIAN_POINT('Ctrl Pts',(-429.999999998616,-155.393251237585,-1.54233112357118));
#1513=CARTESIAN_POINT('Ctrl Pts',(-430.000000001033,-155.464672851322,-1.53752397078784));
#1514=CARTESIAN_POINT('Ctrl Pts',(-430.,-155.535732977029,-1.53275001161582));
#1515=CARTESIAN_POINT('',(-431.6,-43.0958918567448,-6.03433578417601));
#1516=CARTESIAN_POINT('Ctrl Pts',(-431.600009005439,-43.0971761303756,-6.03467429656232));
#1517=CARTESIAN_POINT('Ctrl Pts',(-431.348420649291,-43.1639882009971,-5.7921020611368));
#1518=CARTESIAN_POINT('Ctrl Pts',(-431.09651619309,-43.2308346825512,-5.54919822100147));
#1519=CARTESIAN_POINT('Ctrl Pts',(-430.845472297561,-43.2974286230042,-5.30710983346557));
#1520=CARTESIAN_POINT('Ctrl Pts',(-430.561985860402,-43.3726285352569,-5.03373622955683));
#1521=CARTESIAN_POINT('Ctrl Pts',(-430.279596782364,-43.447506623466,-4.76140254755673));
#1522=CARTESIAN_POINT('Ctrl Pts',(-429.999999388758,-43.5216288803962,-4.49175902891099));
#1523=CARTESIAN_POINT('',(-430.,-36.4529212118967,-4.12629317313707));
#1524=CARTESIAN_POINT('Ctrl Pts',(-430.000000003246,-36.4529212108314,-4.12629317453844));
#1525=CARTESIAN_POINT('Ctrl Pts',(-430.106861279431,-36.9762928736045,-4.2766198109902));
#1526=CARTESIAN_POINT('Ctrl Pts',(-430.186620631595,-37.3264864807859,-4.37720497984623));
#1527=CARTESIAN_POINT('Ctrl Pts',(-430.475462752083,-38.6047189019499,-4.74434824369634));
#1528=CARTESIAN_POINT('Ctrl Pts',(-430.889805464664,-40.2606798439247,-5.21998545566072));
#1529=CARTESIAN_POINT('Ctrl Pts',(-431.6,-43.0958918567448,-6.03433578417601));
#1530=CARTESIAN_POINT('',(-429.004440282404,-29.6625658249836,-2.17591764158283));
#1531=CARTESIAN_POINT('Ctrl Pts',(-429.004440283394,-29.6625658247658,-2.17591764199481));
#1532=CARTESIAN_POINT('Ctrl Pts',(-429.127862395018,-30.8906982598719,-2.52867082146309));
#1533=CARTESIAN_POINT('Ctrl Pts',(-429.315536585168,-32.3447972829997,-2.94632777685954));
#1534=CARTESIAN_POINT('Ctrl Pts',(-429.63866964028,-34.5074320632725,-3.56749555401707));
#1535=CARTESIAN_POINT('Ctrl Pts',(-429.799960093683,-35.4731910034411,-3.84488789950538));
#1536=CARTESIAN_POINT('Ctrl Pts',(-430.,-36.4529211949322,-4.12629316997176));
#1537=CARTESIAN_POINT('',(-429.000106307632,-155.253195724685,-0.534889890150357));
#1538=CARTESIAN_POINT('Ctrl Pts',(-429.000106307509,-155.253192985706,-0.534890181681593));
#1539=CARTESIAN_POINT('Ctrl Pts',(-429.000105919422,-153.719744624199,-0.638317317831106));
#1540=CARTESIAN_POINT('Ctrl Pts',(-429.000106377641,-150.31792690348,-0.875517155598121));
#1541=CARTESIAN_POINT('Ctrl Pts',(-429.000105698721,-144.23206645034,-1.3188311150814));
#1542=CARTESIAN_POINT('Ctrl Pts',(-429.000088747369,-137.47486388605,-1.80009509752333));
#1543=CARTESIAN_POINT('Ctrl Pts',(-429.000039343612,-128.353879732913,-2.36774109856024));
#1544=CARTESIAN_POINT('Ctrl Pts',(-429.000020207713,-120.747226963098,-2.70119616928379));
#1545=CARTESIAN_POINT('Ctrl Pts',(-429.000016328538,-114.68498541626,-2.94326160532104));
#1546=CARTESIAN_POINT('Ctrl Pts',(-429.000014614555,-112.470478135577,-3.02916244964187));
#1547=CARTESIAN_POINT('Ctrl Pts',(-429.000013074002,-110.248896157952,-3.11370032181959));
#1548=CARTESIAN_POINT('Ctrl Pts',(-429.000010979372,-107.464604844842,-3.21674725809746));
#1549=CARTESIAN_POINT('Ctrl Pts',(-429.00000599155,-100.753516072135,-3.45240478541262));
#1550=CARTESIAN_POINT('Ctrl Pts',(-429.000000797981,-93.0398015361702,-3.69459044490953));
#1551=CARTESIAN_POINT('Ctrl Pts',(-428.999997242487,-84.30927021421,-3.8959574514796));
#1552=CARTESIAN_POINT('Ctrl Pts',(-429.000007831654,-78.6390899395433,-3.96814693290418));
#1553=CARTESIAN_POINT('Ctrl Pts',(-429.000015123291,-74.0833567853917,-3.99961005635922));
#1554=CARTESIAN_POINT('Ctrl Pts',(-429.00002069825,-69.5950833426371,-4.01993862742155));
#1555=CARTESIAN_POINT('Ctrl Pts',(-429.000015323492,-64.3466303585898,-4.04263422820501));
#1556=CARTESIAN_POINT('Ctrl Pts',(-429.000069474943,-59.2171421246493,-4.0292882781001));
#1557=CARTESIAN_POINT('Ctrl Pts',(-429.000180235007,-54.5457429375318,-3.93144922200786));
#1558=CARTESIAN_POINT('Ctrl Pts',(-429.000261112324,-50.7555832249608,-3.8109856057174));
#1559=CARTESIAN_POINT('Ctrl Pts',(-429.000315424246,-46.869766054024,-3.65861268819477));
#1560=CARTESIAN_POINT('Ctrl Pts',(-429.000322368465,-43.2689981968649,-3.50584973908947));
#1561=CARTESIAN_POINT('Ctrl Pts',(-429.000338745504,-40.2968560032915,-3.37871530637718));
#1562=CARTESIAN_POINT('Ctrl Pts',(-429.000381305535,-38.096152079219,-3.27995156056512));
#1563=CARTESIAN_POINT('Ctrl Pts',(-429.000979182957,-36.364881621848,-3.17495289270012));
#1564=CARTESIAN_POINT('Ctrl Pts',(-429.002320693324,-34.473703325504,-2.97099802479808));
#1565=CARTESIAN_POINT('Ctrl Pts',(-429.003167596629,-32.0891328346093,-2.61445279999481));
#1566=CARTESIAN_POINT('Ctrl Pts',(-429.003834650723,-30.4154425075525,-2.32147598346134));
#1567=CARTESIAN_POINT('Ctrl Pts',(-429.004440282405,-29.6625658249444,-2.17591764111255));
#1568=CARTESIAN_POINT('',(-429.022446915606,-155.258010733089,-0.557285416092073));
#1569=CARTESIAN_POINT('Ctrl Pts',(-429.022446915504,-155.258008341443,-0.557285668422641));
#1570=CARTESIAN_POINT('Ctrl Pts',(-429.012808946248,-155.255930564523,-0.54762404833744));
#1571=CARTESIAN_POINT('Ctrl Pts',(-429.005240144487,-155.254299547807,-0.540036628926901));
#1572=CARTESIAN_POINT('Ctrl Pts',(-429.000106307509,-155.253192985707,-0.534890181681553));
#1573=CARTESIAN_POINT('Ctrl Pts',(-429.202912438329,-155.481515394775,-0.72574969146605));
#1574=CARTESIAN_POINT('Ctrl Pts',(-429.142758194259,-155.407014992887,-0.669592408191653));
#1575=CARTESIAN_POINT('Ctrl Pts',(-429.082602598324,-155.332512916727,-0.613438794168768));
#1576=CARTESIAN_POINT('Ctrl Pts',(-429.022446915606,-155.258010733089,-0.557285416092072));
#1577=CARTESIAN_POINT('Ctrl Pts',(-430.,-155.456376701606,1.53492481411551));
#1578=CARTESIAN_POINT('Ctrl Pts',(-430.,-155.793817801071,1.53908351726452));
#1579=CARTESIAN_POINT('Ctrl Pts',(-430.,-156.131258900535,1.54324222041354));
#1580=CARTESIAN_POINT('Ctrl Pts',(-430.,-156.4687,1.54740092356255));
#1581=CARTESIAN_POINT('Ctrl Pts',(-429.730215935622,-155.459693060082,1.26583235664451));
#1582=CARTESIAN_POINT('Ctrl Pts',(-429.730215876986,-155.797134449638,1.26996752146021));
#1583=CARTESIAN_POINT('Ctrl Pts',(-429.73021582143,-156.134575839195,1.27410268625309));
#1584=CARTESIAN_POINT('Ctrl Pts',(-429.730215768956,-156.472017228752,1.27823785102556));
#1585=CARTESIAN_POINT('Ctrl Pts',(-429.460431871244,-155.463009418558,0.996739899173515));
#1586=CARTESIAN_POINT('Ctrl Pts',(-429.460431753971,-155.800451098206,1.0008515256559));
#1587=CARTESIAN_POINT('Ctrl Pts',(-429.460431642861,-156.137892777855,1.00496315209264));
#1588=CARTESIAN_POINT('Ctrl Pts',(-429.460431537912,-156.475334457505,1.00907477848858));
#1589=CARTESIAN_POINT('Ctrl Pts',(-429.190647806866,-155.466325777033,0.727647441702516));
#1590=CARTESIAN_POINT('Ctrl Pts',(-429.190647630957,-155.803767746774,0.731735529851587));
#1591=CARTESIAN_POINT('Ctrl Pts',(-429.190647464291,-156.141209716515,0.735823617932198));
#1592=CARTESIAN_POINT('Ctrl Pts',(-429.190647306868,-156.478651686257,0.739911705951593));
#1593=CARTESIAN_POINT('',(-429.190647806866,-155.466325777033,0.727647441702536));
#1594=CARTESIAN_POINT('',(-430.,-155.456376701606,1.53492481411551));
#1595=CARTESIAN_POINT('Ctrl Pts',(-429.190647806866,-155.466325777033,0.727647441702516));
#1596=CARTESIAN_POINT('Ctrl Pts',(-429.460431871244,-155.463009418558,0.996739899173515));
#1597=CARTESIAN_POINT('Ctrl Pts',(-429.730215935622,-155.459693060082,1.26583235664451));
#1598=CARTESIAN_POINT('Ctrl Pts',(-430.,-155.456376701606,1.53492481411551));
#1599=CARTESIAN_POINT('',(-430.,-156.4687,1.54740092356255));
#1600=CARTESIAN_POINT('Ctrl Pts',(-430.,-156.4687,1.54740092356255));
#1601=CARTESIAN_POINT('Ctrl Pts',(-430.,-156.131258900535,1.54324222041354));
#1602=CARTESIAN_POINT('Ctrl Pts',(-430.,-155.793817801071,1.53908351726452));
#1603=CARTESIAN_POINT('Ctrl Pts',(-430.,-155.456376701606,1.53492481411551));
#1604=CARTESIAN_POINT('Ctrl Pts',(-430.,-156.4687,1.54740092356255));
#1605=CARTESIAN_POINT('Ctrl Pts',(-429.84081165331,-156.271546898208,1.38612521248903));
#1606=CARTESIAN_POINT('Ctrl Pts',(-429.681616326402,-156.074385151489,1.22486696474971));
#1607=CARTESIAN_POINT('Ctrl Pts',(-429.522414017433,-155.87721475756,1.06362617912485));
#1608=CARTESIAN_POINT('Ctrl Pts',(-429.376702088839,-155.696752058576,0.916048508967018));
#1609=CARTESIAN_POINT('Ctrl Pts',(-429.269994021922,-155.564514314898,0.807991664293185));
#1610=CARTESIAN_POINT('Ctrl Pts',(-429.190647806866,-155.466325777033,0.727647441702517));
#1611=CARTESIAN_POINT('Origin',(-430.8,-74.2779319059321,15.4824759768997));
#1612=CARTESIAN_POINT('',(-431.6,-53.3428249649763,10.4347718375112));
#1613=CARTESIAN_POINT('',(-430.,-53.8806797263262,8.92391956840339));
#1614=CARTESIAN_POINT('Ctrl Pts',(-429.999999962908,-53.8763118660141,8.9230903003047));
#1615=CARTESIAN_POINT('Ctrl Pts',(-430.533596302238,-53.7021623806671,9.42840445030795));
#1616=CARTESIAN_POINT('Ctrl Pts',(-431.066891760351,-53.523354137024,9.93208939729955));
#1617=CARTESIAN_POINT('Ctrl Pts',(-431.599995882756,-53.3396278693181,10.434182024445));
#1618=CARTESIAN_POINT('',(-431.6,-111.971231795427,26.8978186922887));
#1619=CARTESIAN_POINT('',(-431.6,-74.0616543354143,16.252686345884));
#1620=CARTESIAN_POINT('',(-430.,-112.403786936463,25.3573979543202));
#1621=CARTESIAN_POINT('',(-430.,-112.403786936463,25.3573979543202));
#1622=CARTESIAN_POINT('',(-430.,-74.49420947645,14.7122656079154));
#1623=CARTESIAN_POINT('Origin',(-430.8,-126.434794323813,-24.6099997335443));
#1624=CARTESIAN_POINT('',(-430.,-126.434794323811,27.2900002664661));
#1625=CARTESIAN_POINT('',(-431.6,-126.434794323811,28.8900002664661));
#1626=CARTESIAN_POINT('',(-430.,-126.434794323811,27.2900002664661));
#1627=CARTESIAN_POINT('Origin',(-430.,-126.434794323813,-24.6099997335443));
#1628=CARTESIAN_POINT('Origin',(-431.6,-126.434794323813,-24.6099997335443));
#1629=CARTESIAN_POINT('Origin',(-430.8,-121.079529005981,28.090000266466));
#1630=CARTESIAN_POINT('',(-430.,-203.388527376302,27.290000266466));
#1631=CARTESIAN_POINT('',(-431.6,-203.388527376302,28.890000266466));
#1632=CARTESIAN_POINT('',(-430.,-203.388527376302,27.290000266466));
#1633=CARTESIAN_POINT('',(-430.,-121.079529005981,27.290000266466));
#1634=CARTESIAN_POINT('',(-431.6,-121.079529005981,28.890000266466));
#1635=CARTESIAN_POINT('Origin',(-430.8,-203.388527376302,26.390000266466));
#1636=CARTESIAN_POINT('',(-430.,-204.252186267577,26.1368336819373));
#1637=CARTESIAN_POINT('',(-431.6,-205.787579852066,25.6867597538862));
#1638=CARTESIAN_POINT('',(-430.,-204.252186267577,26.1368336819373));
#1639=CARTESIAN_POINT('Origin',(-430.,-203.388527376302,26.390000266466));
#1640=CARTESIAN_POINT('Origin',(-431.6,-203.388527376302,26.390000266466));
#1641=CARTESIAN_POINT('Origin',(-430.8,-198.350766810369,3.16060482382081));
#1642=CARTESIAN_POINT('',(-430.,-194.28285316477,-7.87280147725115));
#1643=CARTESIAN_POINT('',(-431.6,-195.818246749258,-8.32287540530222));
#1644=CARTESIAN_POINT('',(-430.,-194.28285316477,-7.87280147725115));
#1645=CARTESIAN_POINT('',(-430.,-197.583070018125,3.38564178784635));
#1646=CARTESIAN_POINT('',(-431.6,-199.118463602613,2.93556785979527));
#1647=CARTESIAN_POINT('Origin',(-430.8,-193.453052927447,-7.62955996831004));
#1648=CARTESIAN_POINT('',(-430.,-193.797870922022,-8.42255140341502));
#1649=CARTESIAN_POINT('',(-431.6,-194.435893560332,-9.8898370310294));
#1650=CARTESIAN_POINT('',(-430.,-193.797870922022,-8.42255140341502));
#1651=CARTESIAN_POINT('Origin',(-430.,-193.453052927447,-7.62955996831004));
#1652=CARTESIAN_POINT('Origin',(-431.6,-193.453052927447,-7.62955996831004));
#1653=CARTESIAN_POINT('Origin',(-430.8,-163.316552928231,-22.5491607938895));
#1654=CARTESIAN_POINT('',(-430.,-172.611463242589,-17.635077901014));
#1655=CARTESIAN_POINT('',(-431.6,-173.249485880899,-19.1023635286284));
#1656=CARTESIAN_POINT('',(-430.,-172.611463242589,-17.635077901014));
#1657=CARTESIAN_POINT('',(-430.,-162.997541609076,-21.8155179800822));
#1658=CARTESIAN_POINT('',(-431.6,-163.635564247386,-23.2828036076967));
#1659=CARTESIAN_POINT('Origin',(-430.8,-151.915603912429,29.9599996446792));
#1660=CARTESIAN_POINT('',(-430.,-151.915603912404,-21.9400003552662));
#1661=CARTESIAN_POINT('',(-431.6,-151.915603912403,-23.5400003553223));
#1662=CARTESIAN_POINT('',(-430.,-151.915603912404,-21.9400003552662));
#1663=CARTESIAN_POINT('Origin',(-430.,-151.915603912429,29.9599996446792));
#1664=CARTESIAN_POINT('Origin',(-431.6,-151.915603912429,29.9599996446792));
#1665=CARTESIAN_POINT('Origin',(-430.8,-133.819933800289,-22.7400003553389));
#1666=CARTESIAN_POINT('',(-430.,-111.574047656457,-21.9400003553594));
#1667=CARTESIAN_POINT('',(-431.6,-111.574047656458,-23.5400003553594));
#1668=CARTESIAN_POINT('',(-430.,-111.574047656457,-21.9400003553594));
#1669=CARTESIAN_POINT('',(-430.,-133.819933800288,-21.9400003553389));
#1670=CARTESIAN_POINT('',(-431.6,-133.819933800289,-23.5400003553389));
#1671=CARTESIAN_POINT('Origin',(-430.8,-111.574047656483,29.9599996446408));
#1672=CARTESIAN_POINT('',(-430.,-97.2462567386531,-19.9231077907924));
#1673=CARTESIAN_POINT('',(-431.6,-96.8045522016872,-21.4609299853337));
#1674=CARTESIAN_POINT('',(-430.,-97.2462567386531,-19.9231077907924));
#1675=CARTESIAN_POINT('Origin',(-430.,-111.574047656483,29.9599996446408));
#1676=CARTESIAN_POINT('Origin',(-431.6,-111.574047656483,29.9599996446408));
#1677=CARTESIAN_POINT('Origin',(-430.8,-102.562225898202,-22.2823452299582));
#1678=CARTESIAN_POINT('',(-430.,-102.783078166685,-21.5134341326876));
#1679=CARTESIAN_POINT('',(-431.6,-102.341373629719,-23.0512563272289));
#1680=CARTESIAN_POINT('Origin',(-430.,-115.724263688151,2.67499995555332));
#1681=CARTESIAN_POINT('',(-430.,-156.4687,-1.47006947104543));
#1682=CARTESIAN_POINT('Ctrl Pts',(-430.,-155.535732977029,-1.53275001161582));
#1683=CARTESIAN_POINT('Ctrl Pts',(-430.,-155.846721984686,-1.51185649809236));
#1684=CARTESIAN_POINT('Ctrl Pts',(-430.,-156.157710992343,-1.49096298456889));
#1685=CARTESIAN_POINT('Ctrl Pts',(-430.,-156.4687,-1.47006947104543));
#1686=CARTESIAN_POINT('',(-430.,-156.4687,1.58749997777619));
#1687=CARTESIAN_POINT('Ctrl Pts',(-430.,-155.456376701606,1.53492481411551));
#1688=CARTESIAN_POINT('Ctrl Pts',(-429.99999998774,-155.386011992394,1.53405634341117));
#1689=CARTESIAN_POINT('Ctrl Pts',(-430.000000011832,-155.315214247201,1.53331932545491));
#1690=CARTESIAN_POINT('Ctrl Pts',(-429.99999967998,-152.574372032852,1.50757732402443));
#1691=CARTESIAN_POINT('Ctrl Pts',(-429.999999981397,-147.708342584589,1.72079060123832));
#1692=CARTESIAN_POINT('Ctrl Pts',(-429.999999991413,-139.92722556944,2.41080744523461));
#1693=CARTESIAN_POINT('Ctrl Pts',(-429.999999820795,-133.875835512208,3.02200861095532));
#1694=CARTESIAN_POINT('Ctrl Pts',(-430.000000192406,-127.917194350311,3.64963234107202));
#1695=CARTESIAN_POINT('Ctrl Pts',(-429.999999408568,-120.194067998404,4.46743032280633));
#1696=CARTESIAN_POINT('Ctrl Pts',(-429.999999994947,-110.525623521925,5.54187259571736));
#1697=CARTESIAN_POINT('Ctrl Pts',(-429.999999942503,-98.5712375750986,6.7325467709285));
#1698=CARTESIAN_POINT('Ctrl Pts',(-429.999999398521,-88.9935908687338,7.62931335900732));
#1699=CARTESIAN_POINT('Ctrl Pts',(-430.000000108384,-81.1464951310512,8.2132591589454));
#1700=CARTESIAN_POINT('Ctrl Pts',(-429.999999439537,-75.0445127881709,8.52783707168367));
#1701=CARTESIAN_POINT('Ctrl Pts',(-429.999999903804,-69.0897282012023,8.7833379498438));
#1702=CARTESIAN_POINT('Ctrl Pts',(-429.999999358025,-63.5995761094784,9.02808010900516));
#1703=CARTESIAN_POINT('Ctrl Pts',(-429.999999949043,-58.740255803768,9.12204302533385));
#1704=CARTESIAN_POINT('Ctrl Pts',(-430.000000000867,-55.2719285744594,8.99798743555327));
#1705=CARTESIAN_POINT('Ctrl Pts',(-429.999999967429,-53.8763119174804,8.92309030742739));
#1706=CARTESIAN_POINT('Ctrl Pts',(-435.,-27.1156168590151,-0.221765066608697));
#1707=CARTESIAN_POINT('Ctrl Pts',(-435.,-27.1167963069216,-0.216862423786675));
#1708=CARTESIAN_POINT('Ctrl Pts',(-435.,-27.1307873879517,-0.170552793764105));
#1709=CARTESIAN_POINT('Ctrl Pts',(-435.,-27.1913319432782,-0.0297785935973147));
#1710=CARTESIAN_POINT('Ctrl Pts',(-434.999999999999,-27.3101508138044,0.179094299942148));
#1711=CARTESIAN_POINT('Ctrl Pts',(-434.999999999999,-27.4793270528963,0.408015352226617));
#1712=CARTESIAN_POINT('Ctrl Pts',(-434.999999999999,-27.6151491639457,0.567152571141758));
#1713=CARTESIAN_POINT('Ctrl Pts',(-434.999999999999,-27.7689435183537,0.72583232130651));
#1714=CARTESIAN_POINT('Ctrl Pts',(-434.999999999999,-28.1031815836438,1.03166074571056));
#1715=CARTESIAN_POINT('Ctrl Pts',(-434.999999999999,-28.7498236942345,1.49266331065879));
#1716=CARTESIAN_POINT('Ctrl Pts',(-434.999999999999,-30.381900279687,2.33016237443655));
#1717=CARTESIAN_POINT('Ctrl Pts',(-434.999999999999,-32.1121431046427,2.96747548317585));
#1718=CARTESIAN_POINT('Ctrl Pts',(-434.999999999999,-33.4461254574487,3.40632220631117));
#1719=CARTESIAN_POINT('Ctrl Pts',(-434.999999999999,-34.2649285655004,3.66332580059732));
#1720=CARTESIAN_POINT('Ctrl Pts',(-434.999999999999,-35.5674230845534,4.04906898921714));
#1721=CARTESIAN_POINT('Ctrl Pts',(-435.,-37.0563616998185,4.43315752760254));
#1722=CARTESIAN_POINT('Ctrl Pts',(-435.,-38.358642750479,4.68177032754174));
#1723=CARTESIAN_POINT('Ctrl Pts',(-435.,-38.9770578285191,4.78149224720049));
#1724=CARTESIAN_POINT('Ctrl Pts',(-435.,-39.2252942541445,4.82031624021128));
#1725=CARTESIAN_POINT('Ctrl Pts',(-435.,-39.2565806442474,4.82520940843841));
#1726=CARTESIAN_POINT('Ctrl Pts',(-435.,-39.2878670343502,4.83010257666554));
#1727=CARTESIAN_POINT('Ctrl Pts',(-435.,-39.3191534244531,4.83499574489267));
#1728=CARTESIAN_POINT('Ctrl Pts',(-434.466666666667,-26.5970779060101,-0.0970181281257513));
#1729=CARTESIAN_POINT('Ctrl Pts',(-434.466666666667,-26.6051095244054,-0.0639446814892357));
#1730=CARTESIAN_POINT('Ctrl Pts',(-434.466666666667,-26.6333329944401,0.0239715603757009));
#1731=CARTESIAN_POINT('Ctrl Pts',(-434.466666666666,-26.7179429644563,0.218459297932622));
#1732=CARTESIAN_POINT('Ctrl Pts',(-434.466666666666,-26.8621823897668,0.4703589415805));
#1733=CARTESIAN_POINT('Ctrl Pts',(-434.466666666666,-27.0619784273381,0.740832957947127));
#1734=CARTESIAN_POINT('Ctrl Pts',(-434.466666666666,-27.2204561313798,0.926346028391538));
#1735=CARTESIAN_POINT('Ctrl Pts',(-434.466666666666,-27.3979066605552,1.10940982283682));
#1736=CARTESIAN_POINT('Ctrl Pts',(-434.466666666666,-27.7762912709445,1.45537170765183));
#1737=CARTESIAN_POINT('Ctrl Pts',(-434.466666666666,-28.4813656525716,1.95534781975848));
#1738=CARTESIAN_POINT('Ctrl Pts',(-434.466666666666,-30.1797112510114,2.82507522912024));
#1739=CARTESIAN_POINT('Ctrl Pts',(-434.466666666666,-31.9342446504643,3.47012607991679));
#1740=CARTESIAN_POINT('Ctrl Pts',(-434.466666666666,-33.2830125864318,3.91419281099138));
#1741=CARTESIAN_POINT('Ctrl Pts',(-434.466666666666,-34.110197436117,4.17368368958245));
#1742=CARTESIAN_POINT('Ctrl Pts',(-434.466666666666,-35.4231467401779,4.56266810090871));
#1743=CARTESIAN_POINT('Ctrl Pts',(-434.466666666666,-36.9372407153248,4.95334063483623));
#1744=CARTESIAN_POINT('Ctrl Pts',(-434.466666666666,-38.2687781593241,5.20765756227516));
#1745=CARTESIAN_POINT('Ctrl Pts',(-434.466666666667,-38.8911213757069,5.30778935646428));
#1746=CARTESIAN_POINT('Ctrl Pts',(-434.466666666667,-39.1428831445656,5.3472439899668));
#1747=CARTESIAN_POINT('Ctrl Pts',(-434.466666666667,-39.1741695346684,5.35213715819393));
#1748=CARTESIAN_POINT('Ctrl Pts',(-434.466666666667,-39.2054559247713,5.35703032642106));
#1749=CARTESIAN_POINT('Ctrl Pts',(-434.466666666667,-39.2367423148742,5.36192349464819));
#1750=CARTESIAN_POINT('Ctrl Pts',(-433.933333333333,-26.078538953005,0.0277288103571948));
#1751=CARTESIAN_POINT('Ctrl Pts',(-433.933333333333,-26.0935501155351,0.0904379106966026));
#1752=CARTESIAN_POINT('Ctrl Pts',(-433.933333333333,-26.1355258883523,0.218228332539827));
#1753=CARTESIAN_POINT('Ctrl Pts',(-433.933333333333,-26.2447795950531,0.46803461616813));
#1754=CARTESIAN_POINT('Ctrl Pts',(-433.933333333333,-26.4145056141375,0.762614186155196));
#1755=CARTESIAN_POINT('Ctrl Pts',(-433.933333333333,-26.644092361264,1.07344197380268));
#1756=CARTESIAN_POINT('Ctrl Pts',(-433.933333333333,-26.8259043086456,1.2861178782567));
#1757=CARTESIAN_POINT('Ctrl Pts',(-433.933333333333,-27.0261741857169,1.49264596619121));
#1758=CARTESIAN_POINT('Ctrl Pts',(-433.933333333333,-27.4501567688619,1.87996658865385));
#1759=CARTESIAN_POINT('Ctrl Pts',(-433.933333333333,-28.2124546284646,2.41809543934028));
#1760=CARTESIAN_POINT('Ctrl Pts',(-433.933333333333,-29.9790109223611,3.32103545640763));
#1761=CARTESIAN_POINT('Ctrl Pts',(-433.933333333333,-31.7568635465226,3.97317964043032));
#1762=CARTESIAN_POINT('Ctrl Pts',(-433.933333333333,-33.1205773831771,4.42214020381378));
#1763=CARTESIAN_POINT('Ctrl Pts',(-433.933333333333,-33.9555592151434,4.6841277192866));
#1764=CARTESIAN_POINT('Ctrl Pts',(-433.933333333333,-35.2797281282236,5.07644215808507));
#1765=CARTESIAN_POINT('Ctrl Pts',(-433.933333333333,-36.8204161743516,5.47405621678088));
#1766=CARTESIAN_POINT('Ctrl Pts',(-433.933333333333,-38.1774904690713,5.73322117871839));
#1767=CARTESIAN_POINT('Ctrl Pts',(-433.933333333333,-38.8082474291582,5.83480327770578));
#1768=CARTESIAN_POINT('Ctrl Pts',(-433.933333333333,-39.0604720349866,5.87417173972232));
#1769=CARTESIAN_POINT('Ctrl Pts',(-433.933333333333,-39.0917584250895,5.87906490794945));
#1770=CARTESIAN_POINT('Ctrl Pts',(-433.933333333333,-39.1230448151924,5.88395807617658));
#1771=CARTESIAN_POINT('Ctrl Pts',(-433.933333333333,-39.1543312052953,5.88885124440371));
#1772=CARTESIAN_POINT('Ctrl Pts',(-433.4,-25.56,0.152475748840141));
#1773=CARTESIAN_POINT('Ctrl Pts',(-433.4,-25.5818633330189,0.243355652994042));
#1774=CARTESIAN_POINT('Ctrl Pts',(-433.4,-25.6380714948406,0.412752686679634));
#1775=CARTESIAN_POINT('Ctrl Pts',(-433.4,-25.7713906162312,0.716272507698067));
#1776=CARTESIAN_POINT('Ctrl Pts',(-433.399999999999,-25.9665371900999,1.05387882779355));
#1777=CARTESIAN_POINT('Ctrl Pts',(-433.399999999999,-26.2267437357058,1.40625957952319));
#1778=CARTESIAN_POINT('Ctrl Pts',(-433.399999999999,-26.4312112760796,1.64531133550648));
#1779=CARTESIAN_POINT('Ctrl Pts',(-433.399999999999,-26.6551373279184,1.87622346772152));
#1780=CARTESIAN_POINT('Ctrl Pts',(-433.399999999999,-27.1232664561625,2.30367755059512));
#1781=CARTESIAN_POINT('Ctrl Pts',(-433.4,-27.9439965868016,2.88077994843996));
#1782=CARTESIAN_POINT('Ctrl Pts',(-433.4,-29.7768218936854,3.81594831109133));
#1783=CARTESIAN_POINT('Ctrl Pts',(-433.399999999999,-31.5789650923442,4.47583023717126));
#1784=CARTESIAN_POINT('Ctrl Pts',(-433.399999999999,-32.9574645121602,4.93001080849398));
#1785=CARTESIAN_POINT('Ctrl Pts',(-433.399999999999,-33.80082808576,5.19448560827173));
#1786=CARTESIAN_POINT('Ctrl Pts',(-433.399999999999,-35.1354517838481,5.59004126977664));
#1787=CARTESIAN_POINT('Ctrl Pts',(-433.4,-36.701295189858,5.99423932401457));
#1788=CARTESIAN_POINT('Ctrl Pts',(-433.4,-38.0876258779164,6.25910841345181));
#1789=CARTESIAN_POINT('Ctrl Pts',(-433.4,-38.7223109763461,6.36110038696957));
#1790=CARTESIAN_POINT('Ctrl Pts',(-433.4,-38.9780609254077,6.40109948947784));
#1791=CARTESIAN_POINT('Ctrl Pts',(-433.4,-39.0093473155106,6.40599265770497));
#1792=CARTESIAN_POINT('Ctrl Pts',(-433.4,-39.0406337056135,6.4108858259321));
#1793=CARTESIAN_POINT('Ctrl Pts',(-433.4,-39.0719200957164,6.41577899415923));
#1794=CARTESIAN_POINT('',(-434.210010197252,-26.3700101972523,0.0421629101087932));
#1795=CARTESIAN_POINT('',(-433.4,-25.56,0.152475748840205));
#1796=CARTESIAN_POINT('Ctrl Pts',(-434.210010197252,-26.3700101972523,0.042162910108762));
#1797=CARTESIAN_POINT('Ctrl Pts',(-434.20668172307,-26.3666817230699,0.0426866525155428));
#1798=CARTESIAN_POINT('Ctrl Pts',(-434.203352222324,-26.3633522223244,0.0432095315492549));
#1799=CARTESIAN_POINT('Ctrl Pts',(-433.934202137747,-26.0942021377472,0.0853955282623373));
#1800=CARTESIAN_POINT('Ctrl Pts',(-433.66433369218,-25.8243336921804,0.121127058256878));
#1801=CARTESIAN_POINT('Ctrl Pts',(-433.4,-25.5600000000002,0.152475748840207));
#1802=CARTESIAN_POINT('',(-435.,-27.3490966727307,0.227160694738094));
#1803=CARTESIAN_POINT('Ctrl Pts',(-435.,-27.3490966727307,0.227160694738136));
#1804=CARTESIAN_POINT('Ctrl Pts',(-434.762259493492,-27.002605802843,0.140002337210592));
#1805=CARTESIAN_POINT('Ctrl Pts',(-434.563030210308,-26.7671790961151,0.0959495701586699));
#1806=CARTESIAN_POINT('Ctrl Pts',(-434.323971528375,-26.4957374294449,0.0580275148994933));
#1807=CARTESIAN_POINT('Ctrl Pts',(-434.267229696996,-26.4326368218318,0.0499155002354));
#1808=CARTESIAN_POINT('Ctrl Pts',(-434.210010197252,-26.3700101972523,0.0421629101087027));
#1809=CARTESIAN_POINT('',(-435.,-39.319153424453,4.83499574489266));
#1810=CARTESIAN_POINT('Ctrl Pts',(-435.,-39.3191534244531,4.83499574489267));
#1811=CARTESIAN_POINT('Ctrl Pts',(-435.,-39.2878670343502,4.83010257666554));
#1812=CARTESIAN_POINT('Ctrl Pts',(-435.,-39.2565806442474,4.82520940843841));
#1813=CARTESIAN_POINT('Ctrl Pts',(-435.,-39.2252942541445,4.82031624021128));
#1814=CARTESIAN_POINT('Ctrl Pts',(-435.,-38.9770578285191,4.78149224720049));
#1815=CARTESIAN_POINT('Ctrl Pts',(-435.,-38.358642750479,4.68177032754174));
#1816=CARTESIAN_POINT('Ctrl Pts',(-435.,-37.0563616998185,4.43315752760254));
#1817=CARTESIAN_POINT('Ctrl Pts',(-434.999999999999,-35.5674230845534,4.04906898921714));
#1818=CARTESIAN_POINT('Ctrl Pts',(-434.999999999999,-34.2649285655004,3.66332580059732));
#1819=CARTESIAN_POINT('Ctrl Pts',(-434.999999999999,-33.4461254574487,3.40632220631117));
#1820=CARTESIAN_POINT('Ctrl Pts',(-434.999999999999,-32.1121431046427,2.96747548317585));
#1821=CARTESIAN_POINT('Ctrl Pts',(-434.999999999999,-30.381900279687,2.33016237443655));
#1822=CARTESIAN_POINT('Ctrl Pts',(-434.999999999999,-28.7498236942345,1.49266331065879));
#1823=CARTESIAN_POINT('Ctrl Pts',(-434.999999999999,-28.1031815836438,1.03166074571056));
#1824=CARTESIAN_POINT('Ctrl Pts',(-434.999999999999,-27.7689435183537,0.72583232130651));
#1825=CARTESIAN_POINT('Ctrl Pts',(-434.999999999999,-27.6151491639457,0.567152571141758));
#1826=CARTESIAN_POINT('Ctrl Pts',(-434.999999999999,-27.4793270528963,0.408015352226617));
#1827=CARTESIAN_POINT('Ctrl Pts',(-434.999999999999,-27.3919659606405,0.289802574384689));
#1828=CARTESIAN_POINT('Ctrl Pts',(-434.999999999999,-27.3516636873509,0.230716994489661));
#1829=CARTESIAN_POINT('Ctrl Pts',(-434.999999999999,-27.3492020221278,0.227089207059459));
#1830=CARTESIAN_POINT('',(-433.4,-38.9780609254077,6.40109948947784));
#1831=CARTESIAN_POINT('Ctrl Pts',(-435.,-39.3191534244531,4.83499574489267));
#1832=CARTESIAN_POINT('Ctrl Pts',(-434.957605861703,-39.3101157228427,4.87649175660253));
#1833=CARTESIAN_POINT('Ctrl Pts',(-434.915211723406,-39.3010780212323,4.91798776831241));
#1834=CARTESIAN_POINT('Ctrl Pts',(-434.381878390072,-39.1873805215505,5.44002234984079));
#1835=CARTESIAN_POINT('Ctrl Pts',(-433.890939195036,-39.0827207234791,5.9205609196593));
#1836=CARTESIAN_POINT('Ctrl Pts',(-433.4,-38.9780609254077,6.40109948947784));
#1837=CARTESIAN_POINT('Ctrl Pts',(-433.4,-25.56,0.152475748840141));
#1838=CARTESIAN_POINT('Ctrl Pts',(-433.4,-25.5818633330189,0.243355652994042));
#1839=CARTESIAN_POINT('Ctrl Pts',(-433.4,-25.6380714948406,0.412752686679634));
#1840=CARTESIAN_POINT('Ctrl Pts',(-433.4,-25.7713906162312,0.716272507698067));
#1841=CARTESIAN_POINT('Ctrl Pts',(-433.399999999999,-25.9665371900999,1.05387882779355));
#1842=CARTESIAN_POINT('Ctrl Pts',(-433.399999999999,-26.2267437357058,1.40625957952319));
#1843=CARTESIAN_POINT('Ctrl Pts',(-433.399999999999,-26.4312112760796,1.64531133550648));
#1844=CARTESIAN_POINT('Ctrl Pts',(-433.399999999999,-26.6551373279184,1.87622346772152));
#1845=CARTESIAN_POINT('Ctrl Pts',(-433.399999999999,-27.1232664561625,2.30367755059512));
#1846=CARTESIAN_POINT('Ctrl Pts',(-433.4,-27.9439965868016,2.88077994843996));
#1847=CARTESIAN_POINT('Ctrl Pts',(-433.4,-29.7768218936854,3.81594831109133));
#1848=CARTESIAN_POINT('Ctrl Pts',(-433.399999999999,-31.5789650923442,4.47583023717126));
#1849=CARTESIAN_POINT('Ctrl Pts',(-433.399999999999,-32.9574645121602,4.93001080849398));
#1850=CARTESIAN_POINT('Ctrl Pts',(-433.399999999999,-33.80082808576,5.19448560827173));
#1851=CARTESIAN_POINT('Ctrl Pts',(-433.399999999999,-35.1354517838481,5.59004126977664));
#1852=CARTESIAN_POINT('Ctrl Pts',(-433.4,-36.701295189858,5.99423932401457));
#1853=CARTESIAN_POINT('Ctrl Pts',(-433.4,-38.0876258779164,6.25910841345181));
#1854=CARTESIAN_POINT('Ctrl Pts',(-433.4,-38.7223109763461,6.36110038696957));
#1855=CARTESIAN_POINT('Ctrl Pts',(-433.4,-38.9780609254077,6.40109948947784));
#1856=CARTESIAN_POINT('Ctrl Pts',(-429.56,-22.9470883366443,-10.7086844101851));
#1857=CARTESIAN_POINT('Ctrl Pts',(-439.16,-22.9470883366443,-10.7086844101851));
#1858=CARTESIAN_POINT('Ctrl Pts',(-429.56,-23.4696706693154,-8.53645237838));
#1859=CARTESIAN_POINT('Ctrl Pts',(-439.16,-23.4696706693154,-8.53645237838));
#1860=CARTESIAN_POINT('Ctrl Pts',(-429.56,-23.9922530019866,-6.36422034657495));
#1861=CARTESIAN_POINT('Ctrl Pts',(-439.16,-23.9922530019866,-6.36422034657495));
#1862=CARTESIAN_POINT('Ctrl Pts',(-429.56,-24.5148353346577,-4.1919883147699));
#1863=CARTESIAN_POINT('Ctrl Pts',(-439.16,-24.5148353346577,-4.1919883147699));
#1864=CARTESIAN_POINT('Ctrl Pts',(-429.56,-25.0374176673289,-2.01975628296485));
#1865=CARTESIAN_POINT('Ctrl Pts',(-439.16,-25.0374176673289,-2.01975628296485));
#1866=CARTESIAN_POINT('Ctrl Pts',(-429.56,-25.56,0.152475748840205));
#1867=CARTESIAN_POINT('Ctrl Pts',(-439.16,-25.56,0.152475748840205));
#1868=CARTESIAN_POINT('Ctrl Pts',(-429.56,-25.5728844583861,0.206032923411624));
#1869=CARTESIAN_POINT('Ctrl Pts',(-439.16,-25.5728844583861,0.206032923411624));
#1870=CARTESIAN_POINT('Ctrl Pts',(-429.56,-25.60398377523,0.316127557661972));
#1871=CARTESIAN_POINT('Ctrl Pts',(-439.16,-25.60398377523,0.316127557661972));
#1872=CARTESIAN_POINT('Ctrl Pts',(-429.56,-25.6666264746821,0.490210040709438));
#1873=CARTESIAN_POINT('Ctrl Pts',(-439.16,-25.6666264746821,0.490210040709438));
#1874=CARTESIAN_POINT('Ctrl Pts',(-429.56,-25.7822459998411,0.740276872676436));
#1875=CARTESIAN_POINT('Ctrl Pts',(-439.16,-25.7822459998411,0.740276872676436));
#1876=CARTESIAN_POINT('Ctrl Pts',(-429.56,-25.9841504838057,1.08260724595727));
#1877=CARTESIAN_POINT('Ctrl Pts',(-439.16,-25.9841504838057,1.08260724595727));
#1878=CARTESIAN_POINT('Ctrl Pts',(-429.56,-26.2533705776974,1.4534324894177));
#1879=CARTESIAN_POINT('Ctrl Pts',(-439.16,-26.2533705776974,1.4534324894177));
#1880=CARTESIAN_POINT('Ctrl Pts',(-429.56,-26.6096849177086,1.84953430892847));
#1881=CARTESIAN_POINT('Ctrl Pts',(-439.16,-26.6096849177086,1.84953430892847));
#1882=CARTESIAN_POINT('Ctrl Pts',(-429.56,-27.0773057866781,2.26586309560893));
#1883=CARTESIAN_POINT('Ctrl Pts',(-439.16,-27.0773057866781,2.26586309560893));
#1884=CARTESIAN_POINT('Ctrl Pts',(-429.56,-27.677172510744,2.69586038847253));
#1885=CARTESIAN_POINT('Ctrl Pts',(-439.16,-27.677172510744,2.69586038847253));
#1886=CARTESIAN_POINT('Ctrl Pts',(-429.56,-28.4203155069778,3.1316849682407));
#1887=CARTESIAN_POINT('Ctrl Pts',(-439.16,-28.4203155069778,3.1316849682407));
#1888=CARTESIAN_POINT('Ctrl Pts',(-429.56,-29.2995406901096,3.56440143498193));
#1889=CARTESIAN_POINT('Ctrl Pts',(-439.16,-29.2995406901096,3.56440143498193));
#1890=CARTESIAN_POINT('Ctrl Pts',(-429.56,-30.28426980436,3.9842677333162));
#1891=CARTESIAN_POINT('Ctrl Pts',(-439.16,-30.28426980436,3.9842677333162));
#1892=CARTESIAN_POINT('Ctrl Pts',(-429.56,-31.3303184415866,4.38160682526763));
#1893=CARTESIAN_POINT('Ctrl Pts',(-439.16,-31.3303184415866,4.38160682526763));
#1894=CARTESIAN_POINT('Ctrl Pts',(-429.56,-32.3874442677222,4.74762227069262));
#1895=CARTESIAN_POINT('Ctrl Pts',(-439.16,-32.3874442677222,4.74762227069262));
#1896=CARTESIAN_POINT('Ctrl Pts',(-429.56,-33.4073439815022,5.0752356893592));
#1897=CARTESIAN_POINT('Ctrl Pts',(-439.16,-33.4073439815022,5.0752356893592));
#1898=CARTESIAN_POINT('Ctrl Pts',(-429.56,-34.3518795455811,5.36004634493658));
#1899=CARTESIAN_POINT('Ctrl Pts',(-439.16,-34.3518795455811,5.36004634493658));
#1900=CARTESIAN_POINT('Ctrl Pts',(-429.56,-35.2002992263756,5.60114741122894));
#1901=CARTESIAN_POINT('Ctrl Pts',(-439.16,-35.2002992263756,5.60114741122894));
#1902=CARTESIAN_POINT('Ctrl Pts',(-429.56,-35.9598257753532,5.80252803031399));
#1903=CARTESIAN_POINT('Ctrl Pts',(-439.16,-35.9598257753532,5.80252803031399));
#1904=CARTESIAN_POINT('Ctrl Pts',(-429.56,-36.6660950911558,5.97285282038531));
#1905=CARTESIAN_POINT('Ctrl Pts',(-439.16,-36.6660950911558,5.97285282038531));
#1906=CARTESIAN_POINT('Ctrl Pts',(-429.56,-37.3679956057466,6.12273433793265));
#1907=CARTESIAN_POINT('Ctrl Pts',(-439.16,-37.3679956057466,6.12273433793265));
#1908=CARTESIAN_POINT('Ctrl Pts',(-429.56,-37.9668224341995,6.23468448911708));
#1909=CARTESIAN_POINT('Ctrl Pts',(-439.16,-37.9668224341995,6.23468448911708));
#1910=CARTESIAN_POINT('Ctrl Pts',(-429.56,-38.455129832446,6.31781198988724));
#1911=CARTESIAN_POINT('Ctrl Pts',(-439.16,-38.455129832446,6.31781198988724));
#1912=CARTESIAN_POINT('Ctrl Pts',(-429.56,-38.800453162942,6.37332176704546));
#1913=CARTESIAN_POINT('Ctrl Pts',(-439.16,-38.800453162942,6.37332176704546));
#1914=CARTESIAN_POINT('Ctrl Pts',(-429.56,-38.9780609254077,6.40109948947784));
#1915=CARTESIAN_POINT('Ctrl Pts',(-439.16,-38.9780609254077,6.40109948947784));
#1916=CARTESIAN_POINT('Ctrl Pts',(-429.56,-44.3452100777577,7.24051763954861));
#1917=CARTESIAN_POINT('Ctrl Pts',(-439.16,-44.3452100777577,7.24051763954861));
#1918=CARTESIAN_POINT('Ctrl Pts',(-429.56,-49.7123592301078,8.07993578961939));
#1919=CARTESIAN_POINT('Ctrl Pts',(-439.16,-49.7123592301078,8.07993578961939));
#1920=CARTESIAN_POINT('Ctrl Pts',(-429.56,-55.0795083824578,8.91935393969016));
#1921=CARTESIAN_POINT('Ctrl Pts',(-439.16,-55.0795083824578,8.91935393969016));
#1922=CARTESIAN_POINT('Ctrl Pts',(-429.56,-60.4466575348079,9.75877208976094));
#1923=CARTESIAN_POINT('Ctrl Pts',(-439.16,-60.4466575348079,9.75877208976094));
#1924=CARTESIAN_POINT('Ctrl Pts',(-429.56,-65.8138066871579,10.5981902398317));
#1925=CARTESIAN_POINT('Ctrl Pts',(-439.16,-65.8138066871579,10.5981902398317));
#1926=CARTESIAN_POINT('',(-430.,-38.9780609254077,6.40109948947784));
#1927=CARTESIAN_POINT('',(-430.,-38.9780609254077,6.40109948947784));
#1928=CARTESIAN_POINT('',(-430.,-25.56,0.152475748840205));
#1929=CARTESIAN_POINT('Ctrl Pts',(-430.,-25.56,0.152475748840205));
#1930=CARTESIAN_POINT('Ctrl Pts',(-430.,-25.5832438639957,0.250605331606353));
#1931=CARTESIAN_POINT('Ctrl Pts',(-430.,-25.6457889763308,0.453331064356501));
#1932=CARTESIAN_POINT('Ctrl Pts',(-430.,-25.7878669993109,0.776812741923017));
#1933=CARTESIAN_POINT('Ctrl Pts',(-430.,-26.0730872123845,1.24698118981725));
#1934=CARTESIAN_POINT('Ctrl Pts',(-430.,-26.6241284441536,1.89268892194555));
#1935=CARTESIAN_POINT('Ctrl Pts',(-430.,-27.4557744408367,2.57738566530421));
#1936=CARTESIAN_POINT('Ctrl Pts',(-430.,-28.6349668744152,3.27371193761001));
#1937=CARTESIAN_POINT('Ctrl Pts',(-430.,-30.1333153432736,3.94829213034603));
#1938=CARTESIAN_POINT('Ctrl Pts',(-430.,-31.7986275617518,4.56595864604805));
#1939=CARTESIAN_POINT('Ctrl Pts',(-430.,-33.4427906929417,5.09704650202407));
#1940=CARTESIAN_POINT('Ctrl Pts',(-430.,-34.9057353193318,5.52415143233736));
#1941=CARTESIAN_POINT('Ctrl Pts',(-430.,-36.1284534922024,5.84902657890045));
#1942=CARTESIAN_POINT('Ctrl Pts',(-430.,-37.0889063634099,6.06885782760066));
#1943=CARTESIAN_POINT('Ctrl Pts',(-430.,-37.8695458456971,6.21864880397087));
#1944=CARTESIAN_POINT('Ctrl Pts',(-430.,-38.4841657158788,6.32284393506753));
#1945=CARTESIAN_POINT('Ctrl Pts',(-430.,-38.8687785342955,6.38400780449224));
#1946=CARTESIAN_POINT('Ctrl Pts',(-430.,-38.9780609254077,6.40109948947784));
#1947=CARTESIAN_POINT('',(-430.,-25.56,0.152475748840205));
#1948=CARTESIAN_POINT('Origin',(-434.2,-26.36,1.26126285219676));
#1949=CARTESIAN_POINT('',(-433.4,-25.56,-0.152474251159795));
#1950=CARTESIAN_POINT('',(-433.4,-25.56,1.26126285219676));
#1951=CARTESIAN_POINT('Ctrl Pts',(-434.210010197253,-26.3700101972526,0.0421629101086623));
#1952=CARTESIAN_POINT('Ctrl Pts',(-434.206637285179,-26.3666372851788,0.0411958023323787));
#1953=CARTESIAN_POINT('Ctrl Pts',(-434.203254166653,-26.3632541666522,0.0402284284980218));
#1954=CARTESIAN_POINT('Ctrl Pts',(-433.857606082737,-26.0176060827363,-0.0583353871064398));
#1955=CARTESIAN_POINT('Ctrl Pts',(-433.517554918139,-25.6775549181387,-0.128290817252404));
#1956=CARTESIAN_POINT('Ctrl Pts',(-433.4,-25.56,-0.152474251159802));
#1957=CARTESIAN_POINT('Ctrl Pts',(-435.,-28.4552609804309,-0.16445488783696));
#1958=CARTESIAN_POINT('Ctrl Pts',(-435.,-28.4504280902368,-0.163164360103451));
#1959=CARTESIAN_POINT('Ctrl Pts',(-435.,-28.4455952000427,-0.161873832369943));
#1960=CARTESIAN_POINT('Ctrl Pts',(-435.,-28.4407623098486,-0.160583304636434));
#1961=CARTESIAN_POINT('Ctrl Pts',(-435.,-28.14605288438,-0.0818869818116763));
#1962=CARTESIAN_POINT('Ctrl Pts',(-435.,-27.7876109659974,0.0328706853951223));
#1963=CARTESIAN_POINT('Ctrl Pts',(-435.,-27.4646434713317,0.167439193366824));
#1964=CARTESIAN_POINT('Ctrl Pts',(-435.,-27.2335306239557,0.285392870267797));
#1965=CARTESIAN_POINT('Ctrl Pts',(-435.,-27.1235374499589,0.367701871258653));
#1966=CARTESIAN_POINT('Ctrl Pts',(-435.,-27.072179002229,0.417985382511163));
#1967=CARTESIAN_POINT('Ctrl Pts',(-435.,-27.0488937004332,0.446590668893013));
#1968=CARTESIAN_POINT('Ctrl Pts',(-435.,-27.0352193414161,0.468012157285117));
#1969=CARTESIAN_POINT('Ctrl Pts',(-435.,-27.0310813745178,0.476752360470234));
#1970=CARTESIAN_POINT('Ctrl Pts',(-435.,-27.0300719606689,0.479101896628524));
#1971=CARTESIAN_POINT('Ctrl Pts',(-434.466666666667,-28.3176660135395,-0.679733520744029));
#1972=CARTESIAN_POINT('Ctrl Pts',(-434.466666666667,-28.3128331233453,-0.67844299301052));
#1973=CARTESIAN_POINT('Ctrl Pts',(-434.466666666667,-28.3080002331512,-0.677152465277012));
#1974=CARTESIAN_POINT('Ctrl Pts',(-434.466666666667,-28.3031673429571,-0.675861937543501));
#1975=CARTESIAN_POINT('Ctrl Pts',(-434.466666666667,-27.995128622662,-0.593520729712104));
#1976=CARTESIAN_POINT('Ctrl Pts',(-434.466666666667,-27.611983001342,-0.471633312169911));
#1977=CARTESIAN_POINT('Ctrl Pts',(-434.466666666667,-27.2445112047501,-0.318827167382939));
#1978=CARTESIAN_POINT('Ctrl Pts',(-434.466666666667,-26.9618424606579,-0.175441229743498));
#1979=CARTESIAN_POINT('Ctrl Pts',(-434.466666666667,-26.7905684553473,-0.0522733713176553));
#1980=CARTESIAN_POINT('Ctrl Pts',(-434.466666666667,-26.6811189748365,0.0536556942719469));
#1981=CARTESIAN_POINT('Ctrl Pts',(-434.466666666667,-26.6191133151635,0.128853596088393));
#1982=CARTESIAN_POINT('Ctrl Pts',(-434.466666666667,-26.5720773776037,0.201192235671135));
#1983=CARTESIAN_POINT('Ctrl Pts',(-434.466666666667,-26.5494133344912,0.246798127881718));
#1984=CARTESIAN_POINT('Ctrl Pts',(-434.466666666667,-26.5400479737793,0.268576514032426));
#1985=CARTESIAN_POINT('Ctrl Pts',(-433.933333333333,-28.180071046648,-1.1950121536511));
#1986=CARTESIAN_POINT('Ctrl Pts',(-433.933333333333,-28.1752381564539,-1.19372162591759));
#1987=CARTESIAN_POINT('Ctrl Pts',(-433.933333333333,-28.1704052662597,-1.19243109818408));
#1988=CARTESIAN_POINT('Ctrl Pts',(-433.933333333333,-28.1655723760656,-1.19114057045057));
#1989=CARTESIAN_POINT('Ctrl Pts',(-433.933333333333,-27.8442673704865,-1.10542798448019));
#1990=CARTESIAN_POINT('Ctrl Pts',(-433.933333333334,-27.4362822399492,-0.975953023556077));
#1991=CARTESIAN_POINT('Ctrl Pts',(-433.933333333334,-27.0244845782099,-0.805246463613205));
#1992=CARTESIAN_POINT('Ctrl Pts',(-433.933333333334,-26.6900979440815,-0.636128052427753));
#1993=CARTESIAN_POINT('Ctrl Pts',(-433.933333333334,-26.4574971375412,-0.472147270486077));
#1994=CARTESIAN_POINT('Ctrl Pts',(-433.933333333334,-26.2901155933244,-0.31076303510898));
#1995=CARTESIAN_POINT('Ctrl Pts',(-433.933333333334,-26.1892657518086,-0.188809990677272));
#1996=CARTESIAN_POINT('Ctrl Pts',(-433.933333333334,-26.1089837581439,-0.06569588593078));
#1997=CARTESIAN_POINT('Ctrl Pts',(-433.933333333334,-26.0676928376915,0.0169040311443263));
#1998=CARTESIAN_POINT('Ctrl Pts',(-433.933333333334,-26.0500239868896,0.0580511314363272));
#1999=CARTESIAN_POINT('Ctrl Pts',(-433.4,-28.0424760797565,-1.71029078655817));
#2000=CARTESIAN_POINT('Ctrl Pts',(-433.4,-28.0376431895624,-1.70900025882466));
#2001=CARTESIAN_POINT('Ctrl Pts',(-433.4,-28.0328102993683,-1.70770973109115));
#2002=CARTESIAN_POINT('Ctrl Pts',(-433.4,-28.0279774091741,-1.70641920335764));
#2003=CARTESIAN_POINT('Ctrl Pts',(-433.4,-27.6933431087685,-1.61706173238062));
#2004=CARTESIAN_POINT('Ctrl Pts',(-433.4,-27.2606542752938,-1.48045702112111));
#2005=CARTESIAN_POINT('Ctrl Pts',(-433.4,-26.8043523116283,-1.29151282436297));
#2006=CARTESIAN_POINT('Ctrl Pts',(-433.4,-26.4184097807836,-1.09696215243905));
#2007=CARTESIAN_POINT('Ctrl Pts',(-433.400000000001,-26.1245281429296,-0.892122513062385));
#2008=CARTESIAN_POINT('Ctrl Pts',(-433.4,-25.8990555659319,-0.675092723348197));
#2009=CARTESIAN_POINT('Ctrl Pts',(-433.400000000001,-25.759485366539,-0.506547063481892));
#2010=CARTESIAN_POINT('Ctrl Pts',(-433.4,-25.6458417943315,-0.332515807544762));
#2011=CARTESIAN_POINT('Ctrl Pts',(-433.4,-25.5860247976649,-0.21305020144419));
#2012=CARTESIAN_POINT('Ctrl Pts',(-433.4,-25.56,-0.152474251159771));
#2013=CARTESIAN_POINT('',(-433.4,-28.0279774091741,-1.70641920335764));
#2014=CARTESIAN_POINT('Ctrl Pts',(-433.4,-28.0279774091741,-1.70641920335764));
#2015=CARTESIAN_POINT('Ctrl Pts',(-433.4,-27.6933431087685,-1.61706173238062));
#2016=CARTESIAN_POINT('Ctrl Pts',(-433.4,-27.2606542752938,-1.48045702112111));
#2017=CARTESIAN_POINT('Ctrl Pts',(-433.4,-26.8043523116283,-1.29151282436297));
#2018=CARTESIAN_POINT('Ctrl Pts',(-433.4,-26.4184097807836,-1.09696215243905));
#2019=CARTESIAN_POINT('Ctrl Pts',(-433.400000000001,-26.1245281429296,-0.892122513062385));
#2020=CARTESIAN_POINT('Ctrl Pts',(-433.4,-25.8990555659319,-0.675092723348197));
#2021=CARTESIAN_POINT('Ctrl Pts',(-433.400000000001,-25.759485366539,-0.506547063481892));
#2022=CARTESIAN_POINT('Ctrl Pts',(-433.4,-25.6458417943315,-0.332515807544762));
#2023=CARTESIAN_POINT('Ctrl Pts',(-433.4,-25.5860247976649,-0.21305020144419));
#2024=CARTESIAN_POINT('Ctrl Pts',(-433.4,-25.56,-0.152474251159771));
#2025=CARTESIAN_POINT('',(-435.,-28.4552609740456,-0.164454911749372));
#2026=CARTESIAN_POINT('Ctrl Pts',(-435.,-28.455259705652,-0.164454547432458));
#2027=CARTESIAN_POINT('Ctrl Pts',(-434.733333327197,-28.3840459879299,-0.421448662666543));
#2028=CARTESIAN_POINT('Ctrl Pts',(-434.466666654393,-28.3128322702271,-0.678442777905903));
#2029=CARTESIAN_POINT('Ctrl Pts',(-434.199999981589,-28.241618552505,-0.93543689313999));
#2030=CARTESIAN_POINT('Ctrl Pts',(-433.93333332106,-28.1704048380606,-1.19243099654565));
#2031=CARTESIAN_POINT('Ctrl Pts',(-433.488888886843,-28.0517153139887,-1.62075450222236));
#2032=CARTESIAN_POINT('Ctrl Pts',(-433.4,-28.0279774091741,-1.70641920335764));
#2033=CARTESIAN_POINT('Ctrl Pts',(-435.,-27.349127339916,0.227219366448376));
#2034=CARTESIAN_POINT('Ctrl Pts',(-435.,-27.3863357263598,0.207775082711273));
#2035=CARTESIAN_POINT('Ctrl Pts',(-435.,-27.4898858482509,0.156921636474015));
#2036=CARTESIAN_POINT('Ctrl Pts',(-435.,-27.7876109659974,0.0328706853951223));
#2037=CARTESIAN_POINT('Ctrl Pts',(-435.,-28.14605288438,-0.0818869818116763));
#2038=CARTESIAN_POINT('Ctrl Pts',(-435.,-28.4407623098486,-0.160583304636434));
#2039=CARTESIAN_POINT('Ctrl Pts',(-435.,-28.4455952000427,-0.161873832369943));
#2040=CARTESIAN_POINT('Ctrl Pts',(-435.,-28.4504280902368,-0.163164360103451));
#2041=CARTESIAN_POINT('Ctrl Pts',(-435.,-28.4552609804309,-0.16445488783696));
#2042=CARTESIAN_POINT('Origin',(-434.2,-74.2779319059321,15.4824759768997));
#2043=CARTESIAN_POINT('',(-433.4,-111.971231795427,26.8978186922887));
#2044=CARTESIAN_POINT('',(-433.4,-74.0616543354143,16.252686345884));
#2045=CARTESIAN_POINT('',(-435.,-112.403786936463,25.3573979543202));
#2046=CARTESIAN_POINT('',(-435.,-74.49420947645,14.7122656079154));
#2047=CARTESIAN_POINT('',(-433.4,-111.971231795427,26.8978186922887));
#2048=CARTESIAN_POINT('Origin',(-434.2,-126.434794323813,-24.6099997335443));
#2049=CARTESIAN_POINT('',(-433.4,-126.434794323811,28.8900002664661));
#2050=CARTESIAN_POINT('',(-435.,-126.434794323811,27.2900002664661));
#2051=CARTESIAN_POINT('',(-433.4,-126.434794323811,28.8900002664661));
#2052=CARTESIAN_POINT('Origin',(-433.4,-126.434794323813,-24.6099997335443));
#2053=CARTESIAN_POINT('Origin',(-435.,-126.434794323813,-24.6099997335443));
#2054=CARTESIAN_POINT('Origin',(-434.2,-121.079529005981,28.090000266466));
#2055=CARTESIAN_POINT('',(-433.4,-203.388527376302,28.890000266466));
#2056=CARTESIAN_POINT('',(-435.,-203.388527376302,27.290000266466));
#2057=CARTESIAN_POINT('',(-433.4,-203.388527376302,28.890000266466));
#2058=CARTESIAN_POINT('',(-433.4,-121.079529005981,28.890000266466));
#2059=CARTESIAN_POINT('',(-435.,-121.079529005981,27.290000266466));
#2060=CARTESIAN_POINT('Origin',(-434.2,-203.388527376302,26.390000266466));
#2061=CARTESIAN_POINT('',(-433.4,-205.787579852066,25.6867597538862));
#2062=CARTESIAN_POINT('',(-435.,-204.252186267577,26.1368336819373));
#2063=CARTESIAN_POINT('',(-433.4,-205.787579852066,25.6867597538862));
#2064=CARTESIAN_POINT('Origin',(-433.4,-203.388527376302,26.390000266466));
#2065=CARTESIAN_POINT('Origin',(-435.,-203.388527376302,26.390000266466));
#2066=CARTESIAN_POINT('Origin',(-434.2,-198.350766810369,3.16060482382081));
#2067=CARTESIAN_POINT('',(-433.4,-195.818246749258,-8.32287540530222));
#2068=CARTESIAN_POINT('',(-435.,-194.28285316477,-7.87280147725115));
#2069=CARTESIAN_POINT('',(-433.4,-195.818246749258,-8.32287540530222));
#2070=CARTESIAN_POINT('',(-433.4,-199.118463602613,2.93556785979527));
#2071=CARTESIAN_POINT('',(-435.,-197.583070018125,3.38564178784635));
#2072=CARTESIAN_POINT('Origin',(-434.2,-193.453052927447,-7.62955996831004));
#2073=CARTESIAN_POINT('',(-433.4,-194.435893560332,-9.8898370310294));
#2074=CARTESIAN_POINT('',(-435.,-193.797870922022,-8.42255140341502));
#2075=CARTESIAN_POINT('',(-433.4,-194.435893560332,-9.8898370310294));
#2076=CARTESIAN_POINT('Origin',(-433.4,-193.453052927447,-7.62955996831004));
#2077=CARTESIAN_POINT('Origin',(-435.,-193.453052927447,-7.62955996831004));
#2078=CARTESIAN_POINT('Origin',(-434.2,-163.316552928231,-22.5491607938895));
#2079=CARTESIAN_POINT('',(-433.4,-173.249485880899,-19.1023635286284));
#2080=CARTESIAN_POINT('',(-435.,-172.611463242589,-17.635077901014));
#2081=CARTESIAN_POINT('',(-433.4,-173.249485880899,-19.1023635286284));
#2082=CARTESIAN_POINT('',(-433.4,-163.635564247386,-23.2828036076967));
#2083=CARTESIAN_POINT('',(-435.,-162.997541609076,-21.8155179800822));
#2084=CARTESIAN_POINT('Origin',(-434.2,-151.915603912429,29.9599996446792));
#2085=CARTESIAN_POINT('',(-433.4,-151.915603912403,-23.5400003553223));
#2086=CARTESIAN_POINT('',(-435.,-151.915603912404,-21.9400003552662));
#2087=CARTESIAN_POINT('',(-433.4,-151.915603912403,-23.5400003553223));
#2088=CARTESIAN_POINT('Origin',(-433.4,-151.915603912429,29.9599996446792));
#2089=CARTESIAN_POINT('Origin',(-435.,-151.915603912429,29.9599996446792));
#2090=CARTESIAN_POINT('Origin',(-434.2,-133.819933800289,-22.7400003553389));
#2091=CARTESIAN_POINT('',(-433.4,-111.574047656458,-23.5400003553594));
#2092=CARTESIAN_POINT('',(-435.,-111.574047656457,-21.9400003553594));
#2093=CARTESIAN_POINT('',(-433.4,-111.574047656458,-23.5400003553594));
#2094=CARTESIAN_POINT('',(-433.4,-133.819933800289,-23.5400003553389));
#2095=CARTESIAN_POINT('',(-435.,-133.819933800288,-21.9400003553389));
#2096=CARTESIAN_POINT('Origin',(-434.2,-111.574047656483,29.9599996446408));
#2097=CARTESIAN_POINT('',(-433.4,-96.8045522016872,-21.4609299853337));
#2098=CARTESIAN_POINT('',(-435.,-97.2462567386531,-19.9231077907924));
#2099=CARTESIAN_POINT('',(-433.4,-96.8045522016872,-21.4609299853337));
#2100=CARTESIAN_POINT('Origin',(-433.4,-111.574047656483,29.9599996446408));
#2101=CARTESIAN_POINT('Origin',(-435.,-111.574047656483,29.9599996446408));
#2102=CARTESIAN_POINT('Origin',(-434.2,-102.562225898202,-22.2823452299582));
#2103=CARTESIAN_POINT('',(-435.,-102.783078166685,-21.5134341326876));
#2104=CARTESIAN_POINT('',(-433.4,-102.341373629719,-23.0512563272289));
#2105=CARTESIAN_POINT('Origin',(-430.,-25.56,-0.152474251159795));
#2106=CARTESIAN_POINT('',(-430.,-25.56,-0.152474251159795));
#2107=CARTESIAN_POINT('',(-430.,-25.56,7.48840205191947E-7));
#2108=CARTESIAN_POINT('',(-430.,-25.56,-0.152474251159795));
#2109=CARTESIAN_POINT('Ctrl Pts',(-430.,-28.0279774091741,-1.70641920335764));
#2110=CARTESIAN_POINT('Ctrl Pts',(-435.,-28.0279774091741,-1.70641920335764));
#2111=CARTESIAN_POINT('Ctrl Pts',(-430.,-27.9275871190524,-1.67961196206453));
#2112=CARTESIAN_POINT('Ctrl Pts',(-435.,-27.9275871190524,-1.67961196206453));
#2113=CARTESIAN_POINT('Ctrl Pts',(-430.,-27.7335920832649,-1.62572615118415));
#2114=CARTESIAN_POINT('Ctrl Pts',(-435.,-27.7335920832649,-1.62572615118415));
#2115=CARTESIAN_POINT('Ctrl Pts',(-430.,-27.4629550032139,-1.5440835092202));
#2116=CARTESIAN_POINT('Ctrl Pts',(-435.,-27.4629550032139,-1.5440835092202));
#2117=CARTESIAN_POINT('Ctrl Pts',(-430.,-27.1416297315096,-1.43350909618598));
#2118=CARTESIAN_POINT('Ctrl Pts',(-435.,-27.1416297315096,-1.43350909618598));
#2119=CARTESIAN_POINT('Ctrl Pts',(-430.,-26.7998679522812,-1.29186352117381));
#2120=CARTESIAN_POINT('Ctrl Pts',(-435.,-26.7998679522812,-1.29186352117381));
#2121=CARTESIAN_POINT('Ctrl Pts',(-430.,-26.5110083853586,-1.14599978771983));
#2122=CARTESIAN_POINT('Ctrl Pts',(-435.,-26.5110083853586,-1.14599978771983));
#2123=CARTESIAN_POINT('Ctrl Pts',(-430.,-26.2681886498824,-0.995072460497681));
#2124=CARTESIAN_POINT('Ctrl Pts',(-435.,-26.2681886498824,-0.995072460497681));
#2125=CARTESIAN_POINT('Ctrl Pts',(-430.,-26.0652637685994,-0.838351006282499));
#2126=CARTESIAN_POINT('Ctrl Pts',(-435.,-26.0652637685994,-0.838351006282499));
#2127=CARTESIAN_POINT('Ctrl Pts',(-430.,-25.8966137438553,-0.675582775882299));
#2128=CARTESIAN_POINT('Ctrl Pts',(-435.,-25.8966137438553,-0.675582775882299));
#2129=CARTESIAN_POINT('Ctrl Pts',(-430.,-25.75732728323,-0.506997963762125));
#2130=CARTESIAN_POINT('Ctrl Pts',(-435.,-25.75732728323,-0.506997963762125));
#2131=CARTESIAN_POINT('Ctrl Pts',(-430.,-25.6665585245932,-0.367756059751402));
#2132=CARTESIAN_POINT('Ctrl Pts',(-435.,-25.6665585245932,-0.367756059751402));
#2133=CARTESIAN_POINT('Ctrl Pts',(-430.,-25.6091844995127,-0.261003408366358));
#2134=CARTESIAN_POINT('Ctrl Pts',(-435.,-25.6091844995127,-0.261003408366358));
#2135=CARTESIAN_POINT('Ctrl Pts',(-430.,-25.5756148785974,-0.188819821326849));
#2136=CARTESIAN_POINT('Ctrl Pts',(-435.,-25.5756148785974,-0.188819821326849));
#2137=CARTESIAN_POINT('Ctrl Pts',(-430.,-25.56,-0.152474251159795));
#2138=CARTESIAN_POINT('Ctrl Pts',(-435.,-25.56,-0.152474251159795));
#2139=CARTESIAN_POINT('',(-430.,-28.0279774091741,-1.70641920335764));
#2140=CARTESIAN_POINT('Ctrl Pts',(-430.,-28.0279774091741,-1.70641920335763));
#2141=CARTESIAN_POINT('Ctrl Pts',(-430.,-27.9917820320372,-1.69675394382479));
#2142=CARTESIAN_POINT('Ctrl Pts',(-430.,-27.7296035359557,-1.62589219364746));
#2143=CARTESIAN_POINT('Ctrl Pts',(-430.,-27.2845362330151,-1.49370213311597));
#2144=CARTESIAN_POINT('Ctrl Pts',(-430.,-26.7537345829563,-1.29824705620292));
#2145=CARTESIAN_POINT('Ctrl Pts',(-430.,-26.251390569326,-1.02361521023721));
#2146=CARTESIAN_POINT('Ctrl Pts',(-430.,-25.9116357838431,-0.711845651535461));
#2147=CARTESIAN_POINT('Ctrl Pts',(-430.,-25.7133765646124,-0.444922496583029));
#2148=CARTESIAN_POINT('Ctrl Pts',(-430.,-25.6068683980791,-0.252391903727493));
#2149=CARTESIAN_POINT('Ctrl Pts',(-430.,-25.56,-0.152474251159795));
#2150=CARTESIAN_POINT('',(-430.,-28.0279774091741,-1.70641920335764));
#2151=CARTESIAN_POINT('Origin',(-430.,-96.8045522016874,-21.4609299853327));
#2152=CARTESIAN_POINT('',(-430.,-96.8045522016872,-21.4609299853337));
#2153=CARTESIAN_POINT('Ctrl Pts',(-430.,-28.027977409174,-1.70641920335761));
#2154=CARTESIAN_POINT('Ctrl Pts',(-429.971801652299,-28.208056194162,-1.75814274891627));
#2155=CARTESIAN_POINT('Ctrl Pts',(-429.913706438969,-28.3817007398019,-1.80801820519515));
#2156=CARTESIAN_POINT('Ctrl Pts',(-429.698135860824,-28.8430816434145,-1.94053940245612));
#2157=CARTESIAN_POINT('Ctrl Pts',(-429.494329516985,-29.1221751833436,-2.02070269003393));
#2158=CARTESIAN_POINT('Ctrl Pts',(-429.193233828626,-29.4671213072176,-2.11978063835902));
#2159=CARTESIAN_POINT('Ctrl Pts',(-429.101546019851,-29.5650042925073,-2.14789530522214));
#2160=CARTESIAN_POINT('Ctrl Pts',(-429.004440277286,-29.6625658201518,-2.17591764066953));
#2161=CARTESIAN_POINT('Origin',(-430.,-111.574047656483,29.9599996446408));
#2162=CARTESIAN_POINT('',(-430.,-111.574047656458,-23.5400003553594));
#2163=CARTESIAN_POINT('Origin',(-430.,-151.915603912403,-23.5400003553223));
#2164=CARTESIAN_POINT('',(-430.,-151.915603912403,-23.5400003553223));
#2165=CARTESIAN_POINT('Origin',(-430.,-151.915603912429,29.9599996446792));
#2166=CARTESIAN_POINT('',(-430.,-173.249485880899,-19.1023635286284));
#2167=CARTESIAN_POINT('Origin',(-430.,-194.435893560332,-9.8898370310294));
#2168=CARTESIAN_POINT('',(-430.,-194.435893560332,-9.8898370310294));
#2169=CARTESIAN_POINT('Origin',(-430.,-193.453052927447,-7.62955996831004));
#2170=CARTESIAN_POINT('',(-430.,-195.818246749258,-8.32287540530222));
#2171=CARTESIAN_POINT('Origin',(-430.,-205.787579852066,25.6867597538862));
#2172=CARTESIAN_POINT('',(-430.,-205.787579852066,25.6867597538862));
#2173=CARTESIAN_POINT('Origin',(-430.,-203.388527376302,26.390000266466));
#2174=CARTESIAN_POINT('',(-430.,-203.388527376302,28.890000266466));
#2175=CARTESIAN_POINT('Origin',(-430.,-126.434794323811,28.890000266466));
#2176=CARTESIAN_POINT('',(-430.,-126.434794323811,28.8900002664661));
#2177=CARTESIAN_POINT('Origin',(-430.,-126.434794323813,-24.6099997335443));
#2178=CARTESIAN_POINT('',(-430.,-111.971231795427,26.8978186922887));
#2179=CARTESIAN_POINT('Origin',(-430.,-38.9780609254077,6.40109948947784));
#2180=CARTESIAN_POINT('',(-430.,-45.4728747416152,8.22486428066875));
#2181=CARTESIAN_POINT('Ctrl Pts',(-431.6,-53.3428249649766,10.4347718375112));
#2182=CARTESIAN_POINT('Ctrl Pts',(-430.939869407974,-50.4219162844763,9.61457120329192));
#2183=CARTESIAN_POINT('Ctrl Pts',(-430.413058373371,-47.7203705810244,8.85596840473954));
#2184=CARTESIAN_POINT('Ctrl Pts',(-430.000000000943,-45.4728747413289,8.22486428107084));
#2185=CARTESIAN_POINT('',(-429.002911466128,-39.5732674029348,6.56823539931484));
#2186=CARTESIAN_POINT('Ctrl Pts',(-430.,-45.4728747361967,8.2248642796297));
#2187=CARTESIAN_POINT('Ctrl Pts',(-429.958393830841,-45.2464910133541,8.16129499576541));
#2188=CARTESIAN_POINT('Ctrl Pts',(-429.917085080577,-45.019866175979,8.09765800615803));
#2189=CARTESIAN_POINT('Ctrl Pts',(-429.575276934509,-43.1289976794996,7.56669599752308));
#2190=CARTESIAN_POINT('Ctrl Pts',(-429.244903991041,-41.1991281487221,7.02478237192049));
#2191=CARTESIAN_POINT('Ctrl Pts',(-429.002911466129,-39.5732674005618,6.56823539881724));
#2192=CARTESIAN_POINT('Ctrl Pts',(-429.002911465092,-39.573267401127,6.56823539897596));
#2193=CARTESIAN_POINT('Ctrl Pts',(-429.358142656413,-39.3797673410911,6.51389995431711));
#2194=CARTESIAN_POINT('Ctrl Pts',(-429.697223372889,-39.1798692772135,6.4577679294215));
#2195=CARTESIAN_POINT('Ctrl Pts',(-430.,-38.9780609254077,6.40109948947784));
#2196=CARTESIAN_POINT('Ctrl Pts',(-430.,-156.4687,-1.47006947104543));
#2197=CARTESIAN_POINT('Ctrl Pts',(-430.,-156.157710992343,-1.49096298456889));
#2198=CARTESIAN_POINT('Ctrl Pts',(-430.,-155.846721984686,-1.51185649809236));
#2199=CARTESIAN_POINT('Ctrl Pts',(-430.,-155.535732977029,-1.53275001161582));
#2200=CARTESIAN_POINT('Ctrl Pts',(-429.734305086666,-156.450623192899,-1.2010056634788));
#2201=CARTESIAN_POINT('Ctrl Pts',(-429.734304770591,-156.139635611795,-1.22192041050589));
#2202=CARTESIAN_POINT('Ctrl Pts',(-429.734304457073,-155.8286480307,-1.24283515764664));
#2203=CARTESIAN_POINT('Ctrl Pts',(-429.73430414611,-155.517660449612,-1.26374990489921));
#2204=CARTESIAN_POINT('Ctrl Pts',(-429.468610173331,-156.432546385797,-0.931941855912174));
#2205=CARTESIAN_POINT('Ctrl Pts',(-429.468609541183,-156.121560231248,-0.952877836442892));
#2206=CARTESIAN_POINT('Ctrl Pts',(-429.468608914145,-155.810574076713,-0.973813817200919));
#2207=CARTESIAN_POINT('Ctrl Pts',(-429.468608292219,-155.499587922194,-0.994749798182593));
#2208=CARTESIAN_POINT('Ctrl Pts',(-429.202915259997,-156.414469578696,-0.662878048345549));
#2209=CARTESIAN_POINT('Ctrl Pts',(-429.202914311774,-156.1034848507,-0.683835262379891));
#2210=CARTESIAN_POINT('Ctrl Pts',(-429.202913371218,-155.792500122727,-0.704792476755199));
#2211=CARTESIAN_POINT('Ctrl Pts',(-429.202912438329,-155.481515394776,-0.725749691465976));
#2212=CARTESIAN_POINT('Ctrl Pts',(-430.,-156.4687,-1.47006947104544));
#2213=CARTESIAN_POINT('Ctrl Pts',(-429.833344604123,-156.262299035917,-1.31440604851261));
#2214=CARTESIAN_POINT('Ctrl Pts',(-429.666717765821,-156.055933433152,-1.15879485097821));
#2215=CARTESIAN_POINT('Ctrl Pts',(-429.401029236334,-155.726880969274,-0.910711616595068));
#2216=CARTESIAN_POINT('Ctrl Pts',(-429.301972073284,-155.604199716209,-0.818227294785801));
#2217=CARTESIAN_POINT('Ctrl Pts',(-429.202912438329,-155.481515394775,-0.725749691466018));
#2218=CARTESIAN_POINT('Origin',(-429.511223457803,-155.863355366544,1.58749997777619));
#2219=CARTESIAN_POINT('',(-429.022446915606,-155.258010733089,0.557346268876649));
#2220=CARTESIAN_POINT('',(-429.022446915606,-155.258010733089,1.5874999777762));
#2221=CARTESIAN_POINT('Ctrl Pts',(-429.190647806866,-155.466325777033,0.727647441702516));
#2222=CARTESIAN_POINT('Ctrl Pts',(-429.110862272115,-155.367512227037,0.646857449201293));
#2223=CARTESIAN_POINT('Ctrl Pts',(-429.058738429901,-155.302957393827,0.594099330725264));
#2224=CARTESIAN_POINT('Ctrl Pts',(-429.022446915606,-155.258010733089,0.557346268877281));
#2225=CARTESIAN_POINT('Ctrl Pts',(-431.596567287829,-39.2247896612814,8.94571088643484));
#2226=CARTESIAN_POINT('Ctrl Pts',(-431.597009377391,-39.9184142509138,9.05322128565799));
#2227=CARTESIAN_POINT('Ctrl Pts',(-431.597579715324,-41.4931477774281,9.27322714492176));
#2228=CARTESIAN_POINT('Ctrl Pts',(-431.598370147893,-45.4273947082914,9.7512977451293));
#2229=CARTESIAN_POINT('Ctrl Pts',(-431.599527627751,-51.3955353698548,10.3531432035483));
#2230=CARTESIAN_POINT('Ctrl Pts',(-431.601088103873,-58.0424819620698,10.7037880547337));
#2231=CARTESIAN_POINT('Ctrl Pts',(-431.601262426735,-63.6662480437716,10.6300100553707));
#2232=CARTESIAN_POINT('Ctrl Pts',(-431.601220245081,-69.1595762266658,10.3849591151405));
#2233=CARTESIAN_POINT('Ctrl Pts',(-431.601235407664,-75.1161769090997,10.1307151489585));
#2234=CARTESIAN_POINT('Ctrl Pts',(-431.601196150408,-81.2457990110069,9.82510519013924));
#2235=CARTESIAN_POINT('Ctrl Pts',(-431.600970717932,-89.1414333983774,9.25382283341052));
#2236=CARTESIAN_POINT('Ctrl Pts',(-431.600925606474,-98.7237926130055,8.35778973117867));
#2237=CARTESIAN_POINT('Ctrl Pts',(-431.60077876136,-110.701804761986,7.17206299372176));
#2238=CARTESIAN_POINT('Ctrl Pts',(-431.600768174877,-120.371407363045,6.09747131813842));
#2239=CARTESIAN_POINT('Ctrl Pts',(-431.600802321913,-128.089076374293,5.2789834257548));
#2240=CARTESIAN_POINT('Ctrl Pts',(-431.600814211721,-134.045690258595,4.6509029117078));
#2241=CARTESIAN_POINT('Ctrl Pts',(-431.600888406053,-140.085170294958,4.03784666800585));
#2242=CARTESIAN_POINT('Ctrl Pts',(-431.601072698479,-147.8244706038,3.34155248285357));
#2243=CARTESIAN_POINT('Ctrl Pts',(-431.60125296442,-152.624516675078,3.11885468528989));
#2244=CARTESIAN_POINT('Ctrl Pts',(-431.601224621602,-155.299032664155,3.13060918542823));
#2245=CARTESIAN_POINT('Ctrl Pts',(-431.601224171233,-155.36809293523,3.13116919006412));
#2246=CARTESIAN_POINT('Ctrl Pts',(-431.601224244934,-155.436693427843,3.13204422895256));
#2247=CARTESIAN_POINT('Ctrl Pts',(-430.732015347262,-39.3409489077082,8.15321905722898));
#2248=CARTESIAN_POINT('Ctrl Pts',(-430.732224803146,-40.0277229448727,8.25658390031468));
#2249=CARTESIAN_POINT('Ctrl Pts',(-430.732475969594,-41.5934253138828,8.47101248973239));
#2250=CARTESIAN_POINT('Ctrl Pts',(-430.732846454486,-45.5133226771849,8.9405650084738));
#2251=CARTESIAN_POINT('Ctrl Pts',(-430.733372661691,-51.4605864680198,9.52983680633819));
#2252=CARTESIAN_POINT('Ctrl Pts',(-430.734087922104,-58.0553176573245,9.85421874892779));
#2253=CARTESIAN_POINT('Ctrl Pts',(-430.734171949191,-63.6303418763371,9.76271205213082));
#2254=CARTESIAN_POINT('Ctrl Pts',(-430.734149283067,-69.1219366000793,9.51774263570286));
#2255=CARTESIAN_POINT('Ctrl Pts',(-430.734159064371,-75.077266410342,9.26279061613129));
#2256=CARTESIAN_POINT('Ctrl Pts',(-430.734136989055,-81.1923565918121,8.95236600282013));
#2257=CARTESIAN_POINT('Ctrl Pts',(-430.734037955872,-89.0611627254556,8.37416400914918));
#2258=CARTESIAN_POINT('Ctrl Pts',(-430.734013957408,-98.6412968514776,7.47775496255177));
#2259=CARTESIAN_POINT('Ctrl Pts',(-430.733946310302,-110.60655415019,6.28934896357141));
#2260=CARTESIAN_POINT('Ctrl Pts',(-430.733945030017,-120.275002110414,5.21477841602523));
#2261=CARTESIAN_POINT('Ctrl Pts',(-430.733955909288,-127.996325838907,4.39674403106556));
#2262=CARTESIAN_POINT('Ctrl Pts',(-430.73396362538,-133.953694226187,3.76886905469615));
#2263=CARTESIAN_POINT('Ctrl Pts',(-430.733996603191,-139.999857607466,3.15686008498552));
#2264=CARTESIAN_POINT('Ctrl Pts',(-430.73408116107,-147.76149950119,2.46387329950653));
#2265=CARTESIAN_POINT('Ctrl Pts',(-430.734165648692,-152.597738545011,2.24650843593926));
#2266=CARTESIAN_POINT('Ctrl Pts',(-430.734150631319,-155.307774175732,2.26565705666607));
#2267=CARTESIAN_POINT('Ctrl Pts',(-430.734150571653,-155.377816781792,2.26633056983397));
#2268=CARTESIAN_POINT('Ctrl Pts',(-430.734150530727,-155.447352053169,2.26719330789203));
#2269=CARTESIAN_POINT('Ctrl Pts',(-429.867463406696,-39.457108154135,7.36072722802311));
#2270=CARTESIAN_POINT('Ctrl Pts',(-429.867419946509,-40.1372327795208,7.45990891026932));
#2271=CARTESIAN_POINT('Ctrl Pts',(-429.867382930429,-41.6933894763118,7.66871106395584));
#2272=CARTESIAN_POINT('Ctrl Pts',(-429.867309236995,-45.599662649318,8.129953610889));
#2273=CARTESIAN_POINT('Ctrl Pts',(-429.867217640087,-51.5253019038796,8.70633849533368));
#2274=CARTESIAN_POINT('Ctrl Pts',(-429.867088306924,-58.0686079624505,9.00492127550628));
#2275=CARTESIAN_POINT('Ctrl Pts',(-429.867069734549,-63.5938925676009,8.89497913418368));
#2276=CARTESIAN_POINT('Ctrl Pts',(-429.867076562315,-69.083791259729,8.65032731489469));
#2277=CARTESIAN_POINT('Ctrl Pts',(-429.867072474254,-75.0386421605486,8.39474280869533));
#2278=CARTESIAN_POINT('Ctrl Pts',(-429.867079809264,-81.1380013771512,8.07938905469973));
#2279=CARTESIAN_POINT('Ctrl Pts',(-429.867094197107,-88.9814787621669,7.49443906439039));
#2280=CARTESIAN_POINT('Ctrl Pts',(-429.86710125713,-98.5584874970568,6.59759554453957));
#2281=CARTESIAN_POINT('Ctrl Pts',(-429.867113766863,-110.510882776043,5.40651080932443));
#2282=CARTESIAN_POINT('Ctrl Pts',(-429.867111072138,-120.179629480353,4.33212607980304));
#2283=CARTESIAN_POINT('Ctrl Pts',(-429.867113014389,-127.902680588494,3.51432501827813));
#2284=CARTESIAN_POINT('Ctrl Pts',(-429.86710976268,-133.861749283566,2.88677078470534));
#2285=CARTESIAN_POINT('Ctrl Pts',(-429.86710464334,-139.913951327917,2.27569134118316));
#2286=CARTESIAN_POINT('Ctrl Pts',(-429.867089283544,-147.698768094332,1.58626494451542));
#2287=CARTESIAN_POINT('Ctrl Pts',(-429.867072482137,-152.569925755425,1.37369023659822));
#2288=CARTESIAN_POINT('Ctrl Pts',(-429.867076857358,-155.316573338608,1.40072947803403));
#2289=CARTESIAN_POINT('Ctrl Pts',(-429.867076747919,-155.387483991599,1.40146785793079));
#2290=CARTESIAN_POINT('Ctrl Pts',(-429.867076816519,-155.458010678495,1.4023423868315));
#2291=CARTESIAN_POINT('Ctrl Pts',(-429.002911466129,-39.5732674005618,6.56823539881724));
#2292=CARTESIAN_POINT('Ctrl Pts',(-429.002635372264,-40.2465414734797,6.66327152492601));
#2293=CARTESIAN_POINT('Ctrl Pts',(-429.0022791847,-41.7936670127665,6.86649640876647));
#2294=CARTESIAN_POINT('Ctrl Pts',(-429.001785543588,-45.6855906182115,7.3192208742335));
#2295=CARTESIAN_POINT('Ctrl Pts',(-429.001062674027,-51.5903530020447,7.88303209812356));
#2296=CARTESIAN_POINT('Ctrl Pts',(-429.000088125155,-58.0814436577051,8.15535196970037));
#2297=CARTESIAN_POINT('Ctrl Pts',(-428.999979257005,-63.5579864001664,8.02768113094382));
#2298=CARTESIAN_POINT('Ctrl Pts',(-429.0000056003,-69.0461516331424,7.78311083545703));
#2299=CARTESIAN_POINT('Ctrl Pts',(-428.999996130961,-74.9997316617909,7.52681827586812));
#2300=CARTESIAN_POINT('Ctrl Pts',(-429.000020647911,-81.0845589579564,7.20664986738062));
#2301=CARTESIAN_POINT('Ctrl Pts',(-429.000161435047,-88.9012080892451,6.61478024012904));
#2302=CARTESIAN_POINT('Ctrl Pts',(-429.000189608065,-98.4759917355289,5.71756077591267));
#2303=CARTESIAN_POINT('Ctrl Pts',(-429.000281315805,-110.415632164247,4.52379677917408));
#2304=CARTESIAN_POINT('Ctrl Pts',(-429.000287927278,-120.083224227722,3.44943317768985));
#2305=CARTESIAN_POINT('Ctrl Pts',(-429.000266601764,-127.809930053109,2.63208562358889));
#2306=CARTESIAN_POINT('Ctrl Pts',(-429.000259176338,-133.769753251157,2.00473692769369));
#2307=CARTESIAN_POINT('Ctrl Pts',(-429.000212840478,-139.828638640426,1.39470475816283));
#2308=CARTESIAN_POINT('Ctrl Pts',(-429.000097746135,-147.635796991722,0.70858576116837));
#2309=CARTESIAN_POINT('Ctrl Pts',(-428.99998516641,-152.543147625359,0.501343987247591));
#2310=CARTESIAN_POINT('Ctrl Pts',(-429.000002867075,-155.325314850186,0.535777349271871));
#2311=CARTESIAN_POINT('Ctrl Pts',(-429.000003148339,-155.397207838161,0.53662923770064));
#2312=CARTESIAN_POINT('Ctrl Pts',(-429.000003102311,-155.468669303821,0.537491465770969));
#2313=CARTESIAN_POINT('',(-429.000002402606,-155.253173330327,0.53489137176287));
#2314=CARTESIAN_POINT('Ctrl Pts',(-429.000002408269,-155.253200281232,0.534884826695279));
#2315=CARTESIAN_POINT('Ctrl Pts',(-429.007489065006,-155.254811880646,0.54237558530366));
#2316=CARTESIAN_POINT('Ctrl Pts',(-429.014970352766,-155.256422428322,0.549860843467932));
#2317=CARTESIAN_POINT('Ctrl Pts',(-429.022446920483,-155.258032002352,0.55734125392476));
#2318=CARTESIAN_POINT('Ctrl Pts',(-429.002911466129,-39.5732674005618,6.56823539881724));
#2319=CARTESIAN_POINT('Ctrl Pts',(-429.002635372264,-40.2465414734797,6.66327152492601));
#2320=CARTESIAN_POINT('Ctrl Pts',(-429.0022791847,-41.7936670127665,6.86649640876647));
#2321=CARTESIAN_POINT('Ctrl Pts',(-429.001785543588,-45.6855906182115,7.3192208742335));
#2322=CARTESIAN_POINT('Ctrl Pts',(-429.001062674027,-51.5903530020447,7.88303209812356));
#2323=CARTESIAN_POINT('Ctrl Pts',(-429.000088125155,-58.0814436577051,8.15535196970037));
#2324=CARTESIAN_POINT('Ctrl Pts',(-428.999979257005,-63.5579864001664,8.02768113094382));
#2325=CARTESIAN_POINT('Ctrl Pts',(-429.0000056003,-69.0461516331424,7.78311083545703));
#2326=CARTESIAN_POINT('Ctrl Pts',(-428.999996130961,-74.9997316617909,7.52681827586812));
#2327=CARTESIAN_POINT('Ctrl Pts',(-429.000020647911,-81.0845589579564,7.20664986738062));
#2328=CARTESIAN_POINT('Ctrl Pts',(-429.000161435047,-88.9012080892451,6.61478024012904));
#2329=CARTESIAN_POINT('Ctrl Pts',(-429.000189608065,-98.4759917355289,5.71756077591267));
#2330=CARTESIAN_POINT('Ctrl Pts',(-429.000281315805,-110.415632164247,4.52379677917408));
#2331=CARTESIAN_POINT('Ctrl Pts',(-429.000287927278,-120.083224227722,3.44943317768985));
#2332=CARTESIAN_POINT('Ctrl Pts',(-429.000266601764,-127.809930053109,2.63208562358889));
#2333=CARTESIAN_POINT('Ctrl Pts',(-429.000259176338,-133.769753251157,2.00473692769369));
#2334=CARTESIAN_POINT('Ctrl Pts',(-429.000212840478,-139.828638640426,1.39470475816283));
#2335=CARTESIAN_POINT('Ctrl Pts',(-429.000097746135,-147.635796991722,0.70858576116837));
#2336=CARTESIAN_POINT('Ctrl Pts',(-428.99998516641,-152.543147625359,0.501343987247591));
#2337=CARTESIAN_POINT('Ctrl Pts',(-429.000002408269,-155.253200281232,0.534884826695279));
#2338=CARTESIAN_POINT('Ctrl Pts',(-384.999999999976,-145.769976562495,-0.530077482513182));
#2339=CARTESIAN_POINT('Ctrl Pts',(-399.999999999984,-149.002884374997,-0.531718072062052));
#2340=CARTESIAN_POINT('Ctrl Pts',(-414.999999999992,-152.235792187498,-0.533358661610923));
#2341=CARTESIAN_POINT('Ctrl Pts',(-430.,-155.4687,-0.534999251159793));
#2342=CARTESIAN_POINT('Ctrl Pts',(-384.999999999977,-143.188038721933,-0.731128577721483));
#2343=CARTESIAN_POINT('Ctrl Pts',(-399.999999999985,-146.49157659322,-0.71879963467242));
#2344=CARTESIAN_POINT('Ctrl Pts',(-414.999999999992,-149.795653547286,-0.706521472334738));
#2345=CARTESIAN_POINT('Ctrl Pts',(-430.,-153.099191418573,-0.694192529285675));
#2346=CARTESIAN_POINT('Ctrl Pts',(-384.999999999976,-138.625367462322,-1.08072947477555));
#2347=CARTESIAN_POINT('Ctrl Pts',(-399.999999999984,-142.054120637907,-1.05114880669935));
#2348=CARTESIAN_POINT('Ctrl Pts',(-414.999999999992,-145.482790006594,-1.02160603612133));
#2349=CARTESIAN_POINT('Ctrl Pts',(-429.999999999999,-148.911543182179,-0.992025368045131));
#2350=CARTESIAN_POINT('Ctrl Pts',(-384.999999999976,-131.364929393223,-1.61443326839687));
#2351=CARTESIAN_POINT('Ctrl Pts',(-399.999999999984,-134.992412971435,-1.56847600122931));
#2352=CARTESIAN_POINT('Ctrl Pts',(-414.999999999992,-138.620030729331,-1.52252375249348));
#2353=CARTESIAN_POINT('Ctrl Pts',(-430.,-142.247514307542,-1.47656648532592));
#2354=CARTESIAN_POINT('Ctrl Pts',(-384.999999999976,-125.597521205656,-2.01152848567041));
#2355=CARTESIAN_POINT('Ctrl Pts',(-399.999999999984,-129.383007444364,-1.95555627704281));
#2356=CARTESIAN_POINT('Ctrl Pts',(-414.999999999992,-133.168537895553,-1.89970031573381));
#2357=CARTESIAN_POINT('Ctrl Pts',(-430.,-136.954024134261,-1.84372810710621));
#2358=CARTESIAN_POINT('Ctrl Pts',(-384.999999999976,-119.785144246479,-2.36936849837856));
#2359=CARTESIAN_POINT('Ctrl Pts',(-399.999999999984,-123.729915124331,-2.30481613759967));
#2360=CARTESIAN_POINT('Ctrl Pts',(-414.999999999992,-127.674741366658,-2.24020399821813));
#2361=CARTESIAN_POINT('Ctrl Pts',(-430.,-131.61951224451,-2.17565163743924));
#2362=CARTESIAN_POINT('Ctrl Pts',(-384.999999999977,-112.204183872611,-2.76801094359776));
#2363=CARTESIAN_POINT('Ctrl Pts',(-399.999999999985,-116.356787408122,-2.69250527407065));
#2364=CARTESIAN_POINT('Ctrl Pts',(-414.999999999993,-120.509496663999,-2.61733863442194));
#2365=CARTESIAN_POINT('Ctrl Pts',(-430.000000000001,-124.66210019951,-2.54183296489483));
#2366=CARTESIAN_POINT('Ctrl Pts',(-384.999999999977,-99.2571408529116,-3.31487481447367));
#2367=CARTESIAN_POINT('Ctrl Pts',(-399.999999999984,-103.764535895597,-3.22326817240918));
#2368=CARTESIAN_POINT('Ctrl Pts',(-414.999999999992,-108.271744398766,-3.13192522158888));
#2369=CARTESIAN_POINT('Ctrl Pts',(-430.,-112.779139441451,-3.04031857952438));
#2370=CARTESIAN_POINT('Ctrl Pts',(-384.999999999977,-85.1555720244242,-3.81357804254537));
#2371=CARTESIAN_POINT('Ctrl Pts',(-399.999999999984,-90.0492082543587,-3.70924234603015));
#2372=CARTESIAN_POINT('Ctrl Pts',(-414.999999999992,-94.9431880424098,-3.60449642671621));
#2373=CARTESIAN_POINT('Ctrl Pts',(-430.,-99.8368242723443,-3.50016073020099));
#2374=CARTESIAN_POINT('Ctrl Pts',(-384.999999999977,-72.8024421418766,-4.14908023658546));
#2375=CARTESIAN_POINT('Ctrl Pts',(-399.999999999985,-78.0348671173246,-4.03498895818537));
#2376=CARTESIAN_POINT('Ctrl Pts',(-414.999999999992,-83.2673917680347,-3.9210143206973));
#2377=CARTESIAN_POINT('Ctrl Pts',(-430.,-88.4998167434827,-3.80692304229721));
#2378=CARTESIAN_POINT('Ctrl Pts',(-384.999999999977,-65.2827695007393,-4.29082088646545));
#2379=CARTESIAN_POINT('Ctrl Pts',(-399.999999999985,-70.7209258673183,-4.17295709987648));
#2380=CARTESIAN_POINT('Ctrl Pts',(-414.999999999993,-76.1592561482824,-4.05495536433467));
#2381=CARTESIAN_POINT('Ctrl Pts',(-430.000000000001,-81.5974125148614,-3.9370915777457));
#2382=CARTESIAN_POINT('Ctrl Pts',(-384.999999999976,-59.7536663555823,-4.33623928410698));
#2383=CARTESIAN_POINT('Ctrl Pts',(-399.999999999984,-65.343142990737,-4.21700268941797));
#2384=CARTESIAN_POINT('Ctrl Pts',(-414.999999999992,-70.9328466076267,-4.09786299420789));
#2385=CARTESIAN_POINT('Ctrl Pts',(-430.,-76.5223232427814,-3.97862639951888));
#2386=CARTESIAN_POINT('Ctrl Pts',(-384.999999999977,-56.5512482358306,-4.35400738539994));
#2387=CARTESIAN_POINT('Ctrl Pts',(-399.999999999985,-62.2286637940997,-4.23431439551355));
#2388=CARTESIAN_POINT('Ctrl Pts',(-414.999999999992,-67.9061830979631,-4.11459505830303));
#2389=CARTESIAN_POINT('Ctrl Pts',(-430.,-73.5835986562322,-3.99490206841664));
#2390=CARTESIAN_POINT('Ctrl Pts',(-384.999999999977,-55.27796373397,-4.3605490386563));
#2391=CARTESIAN_POINT('Ctrl Pts',(-399.999999999985,-60.9903127461889,-4.24065626864748));
#2392=CARTESIAN_POINT('Ctrl Pts',(-414.999999999992,-66.7028601206825,-4.12078058826521));
#2393=CARTESIAN_POINT('Ctrl Pts',(-430.,-72.4152091329015,-4.00088781825639));
#2394=CARTESIAN_POINT('Ctrl Pts',(-384.999999999977,-53.070720195773,-4.3705712362296));
#2395=CARTESIAN_POINT('Ctrl Pts',(-399.999999999985,-58.8437769480098,-4.2504056448865));
#2396=CARTESIAN_POINT('Ctrl Pts',(-414.999999999992,-64.6168779496678,-4.13022240563598));
#2397=CARTESIAN_POINT('Ctrl Pts',(-430.,-70.3899347019045,-4.01005681429288));
#2398=CARTESIAN_POINT('Ctrl Pts',(-384.999999999977,-50.0036577846236,-4.38268772469962));
#2399=CARTESIAN_POINT('Ctrl Pts',(-399.999999999985,-55.8610331754204,-4.26216290629863));
#2400=CARTESIAN_POINT('Ctrl Pts',(-414.999999999993,-61.718714381878,-4.14165855325276));
#2401=CARTESIAN_POINT('Ctrl Pts',(-430.,-67.5760897726749,-4.02113373485178));
#2402=CARTESIAN_POINT('Ctrl Pts',(-384.999999999977,-46.4611057301811,-4.39225035981698));
#2403=CARTESIAN_POINT('Ctrl Pts',(-399.999999999985,-52.415982303473,-4.2714360122602));
#2404=CARTESIAN_POINT('Ctrl Pts',(-414.999999999993,-58.3709165815217,-4.15061672627107));
#2405=CARTESIAN_POINT('Ctrl Pts',(-430.,-64.3257931548137,-4.02980237871429));
#2406=CARTESIAN_POINT('Ctrl Pts',(-384.999999999977,-41.795684752201,-4.38484870007717));
#2407=CARTESIAN_POINT('Ctrl Pts',(-399.999999999985,-47.8781274509051,-4.26411808519296));
#2408=CARTESIAN_POINT('Ctrl Pts',(-414.999999999992,-53.9611214914979,-4.14342916299667));
#2409=CARTESIAN_POINT('Ctrl Pts',(-430.,-60.043564190202,-4.02269854811246));
#2410=CARTESIAN_POINT('Ctrl Pts',(-384.999999999977,-36.1132494467868,-4.29122741196097));
#2411=CARTESIAN_POINT('Ctrl Pts',(-399.999999999984,-42.3497997993378,-4.17282521553157));
#2412=CARTESIAN_POINT('Ctrl Pts',(-414.999999999992,-48.5864291756486,-4.05442427688465));
#2413=CARTESIAN_POINT('Ctrl Pts',(-430.,-54.8229795281996,-3.93602208045524));
#2414=CARTESIAN_POINT('Ctrl Pts',(-384.999999999976,-28.6909637546856,-4.01725772749074));
#2415=CARTESIAN_POINT('Ctrl Pts',(-399.999999999984,-35.1295040341099,-3.90614934309174));
#2416=CARTESIAN_POINT('Ctrl Pts',(-414.999999999992,-41.5678971286975,-3.79502591482172));
#2417=CARTESIAN_POINT('Ctrl Pts',(-430.,-48.0064374081218,-3.68391753042272));
#2418=CARTESIAN_POINT('Ctrl Pts',(-384.999999999977,-22.9426786989081,-3.76956611448725));
#2419=CARTESIAN_POINT('Ctrl Pts',(-399.999999999985,-29.5411826567288,-3.66534312069487));
#2420=CARTESIAN_POINT('Ctrl Pts',(-414.999999999993,-36.1396353564139,-3.56110776715897));
#2421=CARTESIAN_POINT('Ctrl Pts',(-430.,-42.7381393142346,-3.4568847733666));
#2422=CARTESIAN_POINT('Ctrl Pts',(-384.999999999976,-19.8716322699436,-3.63890084009289));
#2423=CARTESIAN_POINT('Ctrl Pts',(-399.999999999984,-26.5577244039,-3.53837743074995));
#2424=CARTESIAN_POINT('Ctrl Pts',(-414.999999999992,-33.2437010712923,-3.43783588631048));
#2425=CARTESIAN_POINT('Ctrl Pts',(-430.,-39.9297932052487,-3.33731247696754));
#2426=CARTESIAN_POINT('Ctrl Pts',(-384.999999999977,-17.4215528913018,-3.51929042070427));
#2427=CARTESIAN_POINT('Ctrl Pts',(-399.999999999984,-24.1778260995141,-3.42205654905823));
#2428=CARTESIAN_POINT('Ctrl Pts',(-414.999999999992,-30.9339542586677,-3.3248095030056));
#2429=CARTESIAN_POINT('Ctrl Pts',(-430.,-37.69022746688,-3.22757563135956));
#2430=CARTESIAN_POINT('Ctrl Pts',(-384.999999999976,-15.7992280917965,-3.40223367025346));
#2431=CARTESIAN_POINT('Ctrl Pts',(-399.999999999984,-22.6010594542721,-3.30799710976805));
#2432=CARTESIAN_POINT('Ctrl Pts',(-414.999999999992,-29.4025997404126,-3.21373351426982));
#2433=CARTESIAN_POINT('Ctrl Pts',(-430.,-36.2044311028882,-3.11949695378442));
#2434=CARTESIAN_POINT('Ctrl Pts',(-384.999999999976,-13.5111298443423,-3.10319479909662));
#2435=CARTESIAN_POINT('Ctrl Pts',(-399.999999999984,-20.3743790669713,-3.01671162870044));
#2436=CARTESIAN_POINT('Ctrl Pts',(-414.999999999992,-27.2375663081032,-2.93021556102509));
#2437=CARTESIAN_POINT('Ctrl Pts',(-430.,-34.1008155307322,-2.8437323906289));
#2438=CARTESIAN_POINT('Ctrl Pts',(-384.999999999976,-11.4875789138021,-2.78942607008649));
#2439=CARTESIAN_POINT('Ctrl Pts',(-399.999999999984,-18.4056132452005,-2.71129449732984));
#2440=CARTESIAN_POINT('Ctrl Pts',(-414.999999999992,-25.3234953521023,-2.6331498328159));
#2441=CARTESIAN_POINT('Ctrl Pts',(-429.999999999999,-32.2415296835007,-2.55501826005924));
#2442=CARTESIAN_POINT('Ctrl Pts',(-384.999999999976,-9.71610439229006,-2.47864711878818));
#2443=CARTESIAN_POINT('Ctrl Pts',(-399.999999999984,-16.683020894414,-2.40894827350149));
#2444=CARTESIAN_POINT('Ctrl Pts',(-414.999999999992,-23.649872517974,-2.33923831246885));
#2445=CARTESIAN_POINT('Ctrl Pts',(-429.999999999999,-30.616789020098,-2.26953946718216));
#2446=CARTESIAN_POINT('Ctrl Pts',(-384.999999999976,-8.40902781725451,-2.22102532225747));
#2447=CARTESIAN_POINT('Ctrl Pts',(-399.999999999984,-15.4127295306153,-2.15837715724173));
#2448=CARTESIAN_POINT('Ctrl Pts',(-414.999999999991,-22.4163742764375,-2.09572757115828));
#2449=CARTESIAN_POINT('Ctrl Pts',(-429.999999999999,-29.4200759897982,-2.03307940614254));
#2450=CARTESIAN_POINT('Ctrl Pts',(-384.999999999976,-7.22100381711597,-1.96170114976228));
#2451=CARTESIAN_POINT('Ctrl Pts',(-399.999999999984,-14.2586226070239,-1.90619060643977));
#2452=CARTESIAN_POINT('Ctrl Pts',(-414.999999999992,-21.2961593653537,-1.85066780881321));
#2453=CARTESIAN_POINT('Ctrl Pts',(-429.999999999999,-28.3337781552616,-1.7951572654907));
#2454=CARTESIAN_POINT('Ctrl Pts',(-384.999999999976,-6.03924095745364,-1.64124052137962));
#2455=CARTESIAN_POINT('Ctrl Pts',(-399.999999999984,-13.1114189485569,-1.5945798838019));
#2456=CARTESIAN_POINT('Ctrl Pts',(-414.999999999991,-20.1835369749092,-1.54791295362455));
#2457=CARTESIAN_POINT('Ctrl Pts',(-429.999999999999,-27.2557149660125,-1.50125231604683));
#2458=CARTESIAN_POINT('Ctrl Pts',(-384.999999999976,-5.12875737005555,-1.24028842627599));
#2459=CARTESIAN_POINT('Ctrl Pts',(-399.999999999984,-12.2281742112553,-1.20476267339202));
#2460=CARTESIAN_POINT('Ctrl Pts',(-414.999999999992,-19.327545425225,-1.16922878402048));
#2461=CARTESIAN_POINT('Ctrl Pts',(-430.,-26.4269622664248,-1.1337030311365));
#2462=CARTESIAN_POINT('Ctrl Pts',(-384.999999999976,-4.53808611314159,-0.765741355957805));
#2463=CARTESIAN_POINT('Ctrl Pts',(-399.999999999984,-11.6551953900155,-0.743669291344067));
#2464=CARTESIAN_POINT('Ctrl Pts',(-414.999999999992,-18.7722819150269,-0.721595248450676));
#2465=CARTESIAN_POINT('Ctrl Pts',(-430.,-25.8893911919008,-0.699523183836938));
#2466=CARTESIAN_POINT('Ctrl Pts',(-384.999999999976,-4.27601318786072,-0.378162148617827));
#2467=CARTESIAN_POINT('Ctrl Pts',(-399.999999999984,-11.4009037646118,-0.36736588579036));
#2468=CARTESIAN_POINT('Ctrl Pts',(-414.999999999992,-18.5257774552473,-0.356563591871201));
#2469=CARTESIAN_POINT('Ctrl Pts',(-430.,-25.6506680319983,-0.345767329043734));
#2470=CARTESIAN_POINT('Ctrl Pts',(-384.999999999976,-4.17656249998878,-0.166188809590456));
#2471=CARTESIAN_POINT('Ctrl Pts',(-399.999999999984,-11.3043749999925,-0.161617290113569));
#2472=CARTESIAN_POINT('Ctrl Pts',(-414.999999999992,-18.4321874999963,-0.157045770636682));
#2473=CARTESIAN_POINT('Ctrl Pts',(-430.,-25.56,-0.152474251159795));
#2474=CARTESIAN_POINT('',(-385.,-4.17656250000002,-0.166188809590449));
#2475=CARTESIAN_POINT('',(-110.,126.5,-0.25));
#2476=CARTESIAN_POINT('',(-385.,-145.7699765625,-0.530077482513187));
#2477=CARTESIAN_POINT('Ctrl Pts',(-385.,-145.7699765625,-0.530077482513184));
#2478=CARTESIAN_POINT('Ctrl Pts',(-385.,-143.188038721938,-0.731128577721464));
#2479=CARTESIAN_POINT('Ctrl Pts',(-385.,-140.146257882198,-0.964195842424157));
#2480=CARTESIAN_POINT('Ctrl Pts',(-385.,-136.712184912585,-1.21978619519882));
#2481=CARTESIAN_POINT('Ctrl Pts',(-385.,-134.995148427778,-1.34758137158615));
#2482=CARTESIAN_POINT('Ctrl Pts',(-385.,-133.180038910504,-1.48100731999147));
#2483=CARTESIAN_POINT('Ctrl Pts',(-385.,-131.311249453939,-1.61390283040639));
#2484=CARTESIAN_POINT('Ctrl Pts',(-385.,-129.442459997373,-1.74679834082131));
#2485=CARTESIAN_POINT('Ctrl Pts',(-385.,-127.519990601518,-1.87916341324582));
#2486=CARTESIAN_POINT('Ctrl Pts',(-385.,-125.590026410394,-2.00498595157609));
#2487=CARTESIAN_POINT('Ctrl Pts',(-385.,-123.660062219269,-2.13080848990637));
#2488=CARTESIAN_POINT('Ctrl Pts',(-385.,-121.722603232877,-2.25008849414241));
#2489=CARTESIAN_POINT('Ctrl Pts',(-385.,-119.806253692948,-2.35955880191284));
#2490=CARTESIAN_POINT('Ctrl Pts',(-385.,-117.889904153018,-2.46902910968326));
#2491=CARTESIAN_POINT('Ctrl Pts',(-385.,-115.994664059551,-2.56868972098805));
#2492=CARTESIAN_POINT('Ctrl Pts',(-385.,-114.114644805826,-2.66117126523296));
#2493=CARTESIAN_POINT('Ctrl Pts',(-385.,-110.354606298375,-2.84613435372277));
#2494=CARTESIAN_POINT('Ctrl Pts',(-385.,-106.655451149889,-3.00238117397302));
#2495=CARTESIAN_POINT('Ctrl Pts',(-385.,-102.907386914976,-3.15188237790395));
#2496=CARTESIAN_POINT('Ctrl Pts',(-385.,-95.4112584451495,-3.45088478576581));
#2497=CARTESIAN_POINT('Ctrl Pts',(-385.,-87.7194936296114,-3.72290472835036));
#2498=CARTESIAN_POINT('Ctrl Pts',(-385.,-80.2376439785806,-3.94188570131453));
#2499=CARTESIAN_POINT('Ctrl Pts',(-385.,-77.7436940949037,-4.01487935896925));
#2500=CARTESIAN_POINT('Ctrl Pts',(-385.,-75.2730681183943,-4.08197979777726));
#2501=CARTESIAN_POINT('Ctrl Pts',(-385.,-72.7844763566167,-4.13915345882793));
#2502=CARTESIAN_POINT('Ctrl Pts',(-385.,-70.2958845948392,-4.1963271198786));
#2503=CARTESIAN_POINT('Ctrl Pts',(-385.000000000001,-67.7893270477935,-4.24357400317193));
#2504=CARTESIAN_POINT('Ctrl Pts',(-385.,-65.2350828283515,-4.2778841266166));
#2505=CARTESIAN_POINT('Ctrl Pts',(-385.,-62.6808386089094,-4.31219425006128));
#2506=CARTESIAN_POINT('Ctrl Pts',(-385.,-60.0789077170709,-4.33356761365729));
#2507=CARTESIAN_POINT('Ctrl Pts',(-385.,-57.5125291772655,-4.3485775260874));
#2508=CARTESIAN_POINT('Ctrl Pts',(-385.,-57.1917318597898,-4.35045376514116));
#2509=CARTESIAN_POINT('Ctrl Pts',(-385.,-56.8714900478147,-4.35223057527046));
#2510=CARTESIAN_POINT('Ctrl Pts',(-385.,-56.5522085790945,-4.35393668699215));
#2511=CARTESIAN_POINT('Ctrl Pts',(-385.,-56.2329271103744,-4.35564279871384));
#2512=CARTESIAN_POINT('Ctrl Pts',(-385.,-55.9146059849092,-4.35727821202793));
#2513=CARTESIAN_POINT('Ctrl Pts',(-385.,-55.5972850661136,-4.35884573507415));
#2514=CARTESIAN_POINT('Ctrl Pts',(-385.,-54.9626432285223,-4.36198078116658));
#2515=CARTESIAN_POINT('Ctrl Pts',(-385.,-54.3320022176089,-4.36484426618752));
#2516=CARTESIAN_POINT('Ctrl Pts',(-385.,-53.70710404959,-4.36756102209949));
#2517=CARTESIAN_POINT('Ctrl Pts',(-385.,-52.4573077135523,-4.37299453392341));
#2518=CARTESIAN_POINT('Ctrl Pts',(-385.,-51.2304827490925,-4.37784112931142));
#2519=CARTESIAN_POINT('Ctrl Pts',(-385.,-50.0266449244556,-4.38185819952498));
#2520=CARTESIAN_POINT('Ctrl Pts',(-385.,-48.8228070998187,-4.38587526973855));
#2521=CARTESIAN_POINT('Ctrl Pts',(-385.,-47.6419564150046,-4.38906281477767));
#2522=CARTESIAN_POINT('Ctrl Pts',(-385.,-46.46835345035,-4.38973137982975));
#2523=CARTESIAN_POINT('Ctrl Pts',(-385.,-45.2947504856955,-4.39039994488184));
#2524=CARTESIAN_POINT('Ctrl Pts',(-385.,-44.1283952412005,-4.38854952994689));
#2525=CARTESIAN_POINT('Ctrl Pts',(-385.,-42.9299039444695,-4.38038100975942));
#2526=CARTESIAN_POINT('Ctrl Pts',(-385.,-40.5329213510075,-4.36404396938449));
#2527=CARTESIAN_POINT('Ctrl Pts',(-385.,-38.0073945486013,-4.32243450799952));
#2528=CARTESIAN_POINT('Ctrl Pts',(-385.,-35.2285034750898,-4.24198023952705));
#2529=CARTESIAN_POINT('Ctrl Pts',(-385.,-33.1443351699563,-4.1816395381727));
#2530=CARTESIAN_POINT('Ctrl Pts',(-385.,-30.917649462326,-4.09944863283163));
#2531=CARTESIAN_POINT('Ctrl Pts',(-385.,-28.7591638710968,-4.0133183414332));
#2532=CARTESIAN_POINT('Ctrl Pts',(-385.,-26.6006782798677,-3.92718805003476));
#2533=CARTESIAN_POINT('Ctrl Pts',(-385.,-24.5103928050396,-3.83711837257894));
#2534=CARTESIAN_POINT('Ctrl Pts',(-385.,-22.7371143361234,-3.76118414669949));
#2535=CARTESIAN_POINT('Ctrl Pts',(-385.,-21.4071554844363,-3.70423347728991));
#2536=CARTESIAN_POINT('Ctrl Pts',(-385.,-20.2555130735746,-3.65523399939203));
#2537=CARTESIAN_POINT('Ctrl Pts',(-385.,-19.2785176456162,-3.60934369946451));
#2538=CARTESIAN_POINT('Ctrl Pts',(-385.,-18.9528525029634,-3.594046932822));
#2539=CARTESIAN_POINT('Ctrl Pts',(-385.,-18.6465925806332,-3.57909563039843));
#2540=CARTESIAN_POINT('Ctrl Pts',(-385.,-18.3552325056403,-3.56379010987525));
#2541=CARTESIAN_POINT('Ctrl Pts',(-385.,-17.1897922056688,-3.50256802778257));
#2542=CARTESIAN_POINT('Ctrl Pts',(-385.,-16.2627494630943,-3.4356784560964));
#2543=CARTESIAN_POINT('Ctrl Pts',(-385.,-15.1910357997515,-3.31370230848206));
#2544=CARTESIAN_POINT('Ctrl Pts',(-385.,-14.6551789680801,-3.2527142346749));
#2545=CARTESIAN_POINT('Ctrl Pts',(-385.,-14.0831544062166,-3.17795451688569));
#2546=CARTESIAN_POINT('Ctrl Pts',(-385.,-13.4598836368615,-3.08827986982274));
#2547=CARTESIAN_POINT('Ctrl Pts',(-385.,-12.8366128675064,-2.99860522275978));
#2548=CARTESIAN_POINT('Ctrl Pts',(-385.,-12.1620958906597,-2.89401564642307));
#2549=CARTESIAN_POINT('Ctrl Pts',(-384.999999999999,-11.4705424979339,-2.77956506799506));
#2550=CARTESIAN_POINT('Ctrl Pts',(-384.999999999999,-10.7789891052082,-2.66511448956705));
#2551=CARTESIAN_POINT('Ctrl Pts',(-384.999999999999,-10.0703992966034,-2.54080290904773));
#2552=CARTESIAN_POINT('Ctrl Pts',(-384.999999999999,-9.39851050205666,-2.41349178336439));
#2553=CARTESIAN_POINT('Ctrl Pts',(-384.999999999999,-9.06256610478328,-2.34983622052272));
#2554=CARTESIAN_POINT('Ctrl Pts',(-384.999999999999,-8.7357969610244,-2.28543077139005));
#2555=CARTESIAN_POINT('Ctrl Pts',(-384.999999999999,-8.42390938912765,-2.22081252526181));
#2556=CARTESIAN_POINT('Ctrl Pts',(-384.999999999999,-8.1120218172309,-2.15619427913358));
#2557=CARTESIAN_POINT('Ctrl Pts',(-384.999999999999,-7.81501581719628,-2.09136323600978));
#2558=CARTESIAN_POINT('Ctrl Pts',(-384.999999999999,-7.53822762652905,-2.02677849870174));
#2559=CARTESIAN_POINT('Ctrl Pts',(-384.999999999999,-6.98465124519458,-1.89760902408566));
#2560=CARTESIAN_POINT('Ctrl Pts',(-384.999999999999,-6.51194610132967,-1.76942477273261));
#2561=CARTESIAN_POINT('Ctrl Pts',(-385.,-6.12384626483087,-1.63850729787214));
#2562=CARTESIAN_POINT('Ctrl Pts',(-385.,-5.73574642833208,-1.50758982301168));
#2563=CARTESIAN_POINT('Ctrl Pts',(-385.,-5.4322518991994,-1.37393912464381));
#2564=CARTESIAN_POINT('Ctrl Pts',(-385.,-5.1820594251474,-1.22802259707351));
#2565=CARTESIAN_POINT('Ctrl Pts',(-385.,-4.9318669510954,-1.08210606950321));
#2566=CARTESIAN_POINT('Ctrl Pts',(-385.,-4.73497653212409,-0.923923712730491));
#2567=CARTESIAN_POINT('Ctrl Pts',(-385.,-4.57101309131822,-0.74793773250914));
#2568=CARTESIAN_POINT('Ctrl Pts',(-385.,-4.40704965051235,-0.57195175228779));
#2569=CARTESIAN_POINT('Ctrl Pts',(-385.,-4.27601318787192,-0.37816214861781));
#2570=CARTESIAN_POINT('Ctrl Pts',(-385.,-4.17656249999999,-0.166188809590449));
#2571=CARTESIAN_POINT('',(-110.,-86.5,-0.500000007450581));
#2572=CARTESIAN_POINT('Origin',(-110.,-86.5,0.5));
#2573=CARTESIAN_POINT('',(-385.,-145.7699765625,0.530078768534551));
#2574=CARTESIAN_POINT('',(-385.,-145.7699765625,1.58749997777583));
#2575=CARTESIAN_POINT('',(-110.,-86.5,0.5));
#2576=CARTESIAN_POINT('Ctrl Pts',(-384.99999999981,-4.17656249990955,0.166190096659609));
#2577=CARTESIAN_POINT('Ctrl Pts',(-399.999999999873,-11.3043749999397,0.161618647386475));
#2578=CARTESIAN_POINT('Ctrl Pts',(-414.999999999937,-18.4321874999699,0.15704719811334));
#2579=CARTESIAN_POINT('Ctrl Pts',(-430.,-25.56,0.152475748840205));
#2580=CARTESIAN_POINT('Ctrl Pts',(-384.99999999981,-4.22604765033778,0.374579598289247));
#2581=CARTESIAN_POINT('Ctrl Pts',(-399.999999999873,-11.3524641481853,0.363831581629948));
#2582=CARTESIAN_POINT('Ctrl Pts',(-414.999999999937,-18.4785493104774,0.353057779779255));
#2583=CARTESIAN_POINT('Ctrl Pts',(-430.,-25.604965808325,0.342309763119956));
#2584=CARTESIAN_POINT('Ctrl Pts',(-384.999999999809,-4.40755067987176,0.823210479594275));
#2585=CARTESIAN_POINT('Ctrl Pts',(-399.999999999873,-11.528363657196,0.799307879798771));
#2586=CARTESIAN_POINT('Ctrl Pts',(-414.999999999936,-18.6493296372998,0.775410876450587));
#2587=CARTESIAN_POINT('Ctrl Pts',(-430.,-25.7701426146241,0.751508276655082));
#2588=CARTESIAN_POINT('Ctrl Pts',(-384.999999999809,-5.07746438678773,1.84198645435895));
#2589=CARTESIAN_POINT('Ctrl Pts',(-399.999999999873,-12.1785977863404,1.78887249741645));
#2590=CARTESIAN_POINT('Ctrl Pts',(-414.999999999936,-19.2793187174324,1.7357256427573));
#2591=CARTESIAN_POINT('Ctrl Pts',(-429.999999999999,-26.380452116985,1.68261168581479));
#2592=CARTESIAN_POINT('Ctrl Pts',(-384.999999999808,-6.27514195808905,2.87151962348918));
#2593=CARTESIAN_POINT('Ctrl Pts',(-399.999999999872,-13.3410283756663,2.78962725702723));
#2594=CARTESIAN_POINT('Ctrl Pts',(-414.999999999935,-20.4063778778994,2.70767422870842));
#2595=CARTESIAN_POINT('Ctrl Pts',(-429.999999999998,-27.4722642954766,2.62578186224647));
#2596=CARTESIAN_POINT('Ctrl Pts',(-384.999999999808,-7.95079435486015,3.73938012678066));
#2597=CARTESIAN_POINT('Ctrl Pts',(-399.999999999872,-14.9687388087064,3.63359991788899));
#2598=CARTESIAN_POINT('Ctrl Pts',(-414.999999999935,-21.9867449417607,3.52780973005897));
#2599=CARTESIAN_POINT('Ctrl Pts',(-429.999999999998,-29.004689395607,3.42202952116731));
#2600=CARTESIAN_POINT('Ctrl Pts',(-384.999999999808,-9.19676658936987,4.30252518287931));
#2601=CARTESIAN_POINT('Ctrl Pts',(-399.999999999871,-16.1797192939158,4.18135944906456));
#2602=CARTESIAN_POINT('Ctrl Pts',(-414.999999999935,-23.1624400823622,4.06016117737074));
#2603=CARTESIAN_POINT('Ctrl Pts',(-429.999999999998,-30.1453927869081,3.938995443556));
#2604=CARTESIAN_POINT('Ctrl Pts',(-384.999999999808,-10.9357851323694,4.9604027982283));
#2605=CARTESIAN_POINT('Ctrl Pts',(-399.999999999871,-17.8704663447263,4.82142664685628));
#2606=CARTESIAN_POINT('Ctrl Pts',(-414.999999999935,-24.8050429306154,4.68241620691536));
#2607=CARTESIAN_POINT('Ctrl Pts',(-429.999999999998,-31.7397241429723,4.54344005554334));
#2608=CARTESIAN_POINT('Ctrl Pts',(-384.999999999808,-13.0022304092339,5.62469509043896));
#2609=CARTESIAN_POINT('Ctrl Pts',(-399.999999999871,-19.8807021678711,5.46795330910072));
#2610=CARTESIAN_POINT('Ctrl Pts',(-414.999999999934,-26.7588556151203,5.31115491449521));
#2611=CARTESIAN_POINT('Ctrl Pts',(-429.999999999997,-33.6373273737575,5.15441313315698));
#2612=CARTESIAN_POINT('Ctrl Pts',(-384.999999999807,-14.7821627453614,6.13536092356141));
#2613=CARTESIAN_POINT('Ctrl Pts',(-399.999999999871,-21.6126701802126,5.96508435121327));
#2614=CARTESIAN_POINT('Ctrl Pts',(-414.999999999934,-28.4428794602416,5.79474785010781));
#2615=CARTESIAN_POINT('Ctrl Pts',(-429.999999999997,-35.2733868950928,5.62447127775967));
#2616=CARTESIAN_POINT('Ctrl Pts',(-384.999999999807,-16.2606486707784,6.50890051073811));
#2617=CARTESIAN_POINT('Ctrl Pts',(-399.999999999871,-23.0509459890551,6.32870705346226));
#2618=CARTESIAN_POINT('Ctrl Pts',(-414.999999999933,-29.8406583213661,6.14840536853214));
#2619=CARTESIAN_POINT('Ctrl Pts',(-429.999999999997,-36.6309556396428,5.96821191125629));
#2620=CARTESIAN_POINT('Ctrl Pts',(-384.999999999807,-18.1219128989943,6.89080233116373));
#2621=CARTESIAN_POINT('Ctrl Pts',(-399.99999999987,-24.8595532580994,6.70017502156971));
#2622=CARTESIAN_POINT('Ctrl Pts',(-414.999999999933,-31.5972414004356,6.50955438591851));
#2623=CARTESIAN_POINT('Ctrl Pts',(-429.999999999996,-38.3348817595407,6.31892707632449));
#2624=CARTESIAN_POINT('Ctrl Pts',(-384.999999999807,-20.020064508899,7.16632000085113));
#2625=CARTESIAN_POINT('Ctrl Pts',(-399.99999999987,-26.703289265707,6.9679631060854));
#2626=CARTESIAN_POINT('Ctrl Pts',(-414.999999999933,-33.3855061313965,6.76942088750402));
#2627=CARTESIAN_POINT('Ctrl Pts',(-429.999999999996,-40.0687308882046,6.57106399273829));
#2628=CARTESIAN_POINT('Ctrl Pts',(-384.999999999806,-21.7329186005219,7.38460136456436));
#2629=CARTESIAN_POINT('Ctrl Pts',(-399.99999999987,-28.3672639937927,7.18008977460396));
#2630=CARTESIAN_POINT('Ctrl Pts',(-414.999999999932,-35.001940230439,6.97563844467613));
#2631=CARTESIAN_POINT('Ctrl Pts',(-429.999999999996,-41.6362856237097,6.77112685471573));
#2632=CARTESIAN_POINT('Ctrl Pts',(-384.999999999806,-21.8370445806173,7.39780127885897));
#2633=CARTESIAN_POINT('Ctrl Pts',(-399.99999999987,-28.4684792420268,7.19292852533439));
#2634=CARTESIAN_POINT('Ctrl Pts',(-414.999999999932,-35.1001459692129,6.9880979473595));
#2635=CARTESIAN_POINT('Ctrl Pts',(-429.999999999996,-41.7315806306223,6.78322519383492));
#2636=CARTESIAN_POINT('Ctrl Pts',(-384.999999999806,-21.9686661373385,7.4144073251767));
#2637=CARTESIAN_POINT('Ctrl Pts',(-399.99999999987,-28.5963572597622,7.20906832999303));
#2638=CARTESIAN_POINT('Ctrl Pts',(-414.999999999932,-35.2243558667641,7.003785310913));
#2639=CARTESIAN_POINT('Ctrl Pts',(-429.999999999996,-41.8520469891878,6.79844631572933));
#2640=CARTESIAN_POINT('Ctrl Pts',(-384.999999999806,-22.101845403826,7.43108213171138));
#2641=CARTESIAN_POINT('Ctrl Pts',(-399.99999999987,-28.7257920122015,7.22528264888426));
#2642=CARTESIAN_POINT('Ctrl Pts',(-414.999999999932,-35.3500010971733,7.0195309194719));
#2643=CARTESIAN_POINT('Ctrl Pts',(-429.999999999996,-41.9739477055489,6.81373143664478));
#2644=CARTESIAN_POINT('Ctrl Pts',(-384.999999999806,-22.2094052263849,7.4444784327164));
#2645=CARTESIAN_POINT('Ctrl Pts',(-399.99999999987,-28.8303115359794,7.23830595230889));
#2646=CARTESIAN_POINT('Ctrl Pts',(-414.999999999932,-35.4514980106808,7.03218444015838));
#2647=CARTESIAN_POINT('Ctrl Pts',(-429.999999999996,-42.0724043202753,6.82601195975088));
#2648=CARTESIAN_POINT('Ctrl Pts',(-384.999999999806,-22.4799058642793,7.47804625836195));
#2649=CARTESIAN_POINT('Ctrl Pts',(-399.99999999987,-29.0931869542467,7.2709426880053));
#2650=CARTESIAN_POINT('Ctrl Pts',(-414.999999999933,-35.7067394338332,7.0638885628928));
#2651=CARTESIAN_POINT('Ctrl Pts',(-429.999999999996,-42.3200205238007,6.85678499253615));
#2652=CARTESIAN_POINT('Ctrl Pts',(-384.999999999806,-23.1744705145305,7.56288756651606));
#2653=CARTESIAN_POINT('Ctrl Pts',(-399.99999999987,-29.7681969371182,7.35343314489833));
#2654=CARTESIAN_POINT('Ctrl Pts',(-414.999999999933,-36.3622043777708,7.14402977294501));
#2655=CARTESIAN_POINT('Ctrl Pts',(-429.999999999996,-42.9559308003585,6.93457535132728));
#2656=CARTESIAN_POINT('Ctrl Pts',(-384.999999999806,-24.8330952835232,7.75727446009008));
#2657=CARTESIAN_POINT('Ctrl Pts',(-399.99999999987,-31.3803610805309,7.5424644836634));
#2658=CARTESIAN_POINT('Ctrl Pts',(-414.999999999933,-37.9278839058322,7.32770144458169));
#2659=CARTESIAN_POINT('Ctrl Pts',(-429.999999999996,-44.4751497028399,7.112891468155));
#2660=CARTESIAN_POINT('Ctrl Pts',(-384.999999999807,-26.928345793857,7.98304262027169));
#2661=CARTESIAN_POINT('Ctrl Pts',(-399.99999999987,-33.4174517176807,7.76208746822887));
#2662=CARTESIAN_POINT('Ctrl Pts',(-414.999999999933,-39.9068002461137,7.54117677968947));
#2663=CARTESIAN_POINT('Ctrl Pts',(-429.999999999996,-46.3959061699374,7.32022162764666));
#2664=CARTESIAN_POINT('Ctrl Pts',(-384.999999999807,-29.1217482683815,8.19445243763265));
#2665=CARTESIAN_POINT('Ctrl Pts',(-399.99999999987,-35.5504520090511,7.96782249456368));
#2666=CARTESIAN_POINT('Ctrl Pts',(-414.999999999933,-41.9793904133222,7.74123558319545));
#2667=CARTESIAN_POINT('Ctrl Pts',(-429.999999999997,-48.4080941539918,7.51460564012648));
#2668=CARTESIAN_POINT('Ctrl Pts',(-384.999999999807,-31.3447905462105,8.3901128838518));
#2669=CARTESIAN_POINT('Ctrl Pts',(-399.99999999987,-37.7125461071892,8.158283458082));
#2670=CARTESIAN_POINT('Ctrl Pts',(-414.999999999933,-44.0805379363817,7.92649752224728));
#2671=CARTESIAN_POINT('Ctrl Pts',(-429.999999999997,-50.4482934973604,7.69466809647748));
#2672=CARTESIAN_POINT('Ctrl Pts',(-384.999999999807,-34.1128034938886,8.59375390434805));
#2673=CARTESIAN_POINT('Ctrl Pts',(-399.99999999987,-40.4051210402811,8.35661716403825));
#2674=CARTESIAN_POINT('Ctrl Pts',(-414.999999999934,-46.6976625647171,8.11952215123439));
#2675=CARTESIAN_POINT('Ctrl Pts',(-429.999999999997,-52.9899801111097,7.8823854109246));
#2676=CARTESIAN_POINT('Ctrl Pts',(-384.999999999807,-37.2665399584231,8.74905706733147));
#2677=CARTESIAN_POINT('Ctrl Pts',(-399.999999999871,-43.4732288541526,8.50801815532657));
#2678=CARTESIAN_POINT('Ctrl Pts',(-414.999999999934,-49.6801159178576,8.26701580316133));
#2679=CARTESIAN_POINT('Ctrl Pts',(-429.999999999998,-55.8868048135871,8.02597689115643));
#2680=CARTESIAN_POINT('Ctrl Pts',(-384.999999999808,-40.2091661821597,8.81332341141043));
#2681=CARTESIAN_POINT('Ctrl Pts',(-399.999999999871,-46.335920770703,8.57082697397591));
#2682=CARTESIAN_POINT('Ctrl Pts',(-414.999999999935,-52.462893690887,8.32837222113044));
#2683=CARTESIAN_POINT('Ctrl Pts',(-429.999999999998,-58.5896482794303,8.08587578369591));
#2684=CARTESIAN_POINT('Ctrl Pts',(-384.999999999808,-42.7428880214721,8.80067923338192));
#2685=CARTESIAN_POINT('Ctrl Pts',(-399.999999999871,-48.80063647498,8.55873959576985));
#2686=CARTESIAN_POINT('Ctrl Pts',(-414.999999999934,-54.8585481728687,8.31682972687723));
#2687=CARTESIAN_POINT('Ctrl Pts',(-429.999999999998,-60.9162966263766,8.07489008926516));
#2688=CARTESIAN_POINT('Ctrl Pts',(-384.999999999808,-44.5284245241602,8.7589119179084));
#2689=CARTESIAN_POINT('Ctrl Pts',(-399.999999999871,-50.5373182081881,8.51820940361524));
#2690=CARTESIAN_POINT('Ctrl Pts',(-414.999999999934,-56.5464543767548,8.27755467681921));
#2691=CARTESIAN_POINT('Ctrl Pts',(-429.999999999998,-62.5553480607827,8.03685216252605));
#2692=CARTESIAN_POINT('Ctrl Pts',(-384.999999999808,-47.1880227258652,8.67632411537663));
#2693=CARTESIAN_POINT('Ctrl Pts',(-399.999999999871,-53.1241165000037,8.43801177860185));
#2694=CARTESIAN_POINT('Ctrl Pts',(-414.999999999935,-59.0602158349232,8.19969417757868));
#2695=CARTESIAN_POINT('Ctrl Pts',(-429.999999999998,-64.9963096090618,7.9613818408039));
#2696=CARTESIAN_POINT('Ctrl Pts',(-384.999999999808,-50.0765779189501,8.55107520953543));
#2697=CARTESIAN_POINT('Ctrl Pts',(-399.999999999872,-55.9331506408005,8.31622119035741));
#2698=CARTESIAN_POINT('Ctrl Pts',(-414.999999999935,-61.7897818825881,8.08137502402765));
#2699=CARTESIAN_POINT('Ctrl Pts',(-429.999999999998,-67.6463546044386,7.84652100484963));
#2700=CARTESIAN_POINT('Ctrl Pts',(-384.999999999808,-53.821532434752,8.38864267732322));
#2701=CARTESIAN_POINT('Ctrl Pts',(-399.999999999872,-59.575080387519,8.15826520303578));
#2702=CARTESIAN_POINT('Ctrl Pts',(-414.999999999935,-65.3286972322934,7.92789708178237));
#2703=CARTESIAN_POINT('Ctrl Pts',(-429.999999999999,-71.0822451850603,7.69751960749493));
#2704=CARTESIAN_POINT('Ctrl Pts',(-384.999999999808,-57.6659575953116,8.21796260015681));
#2705=CARTESIAN_POINT('Ctrl Pts',(-399.999999999872,-63.3138952795781,7.992302199653));
#2706=CARTESIAN_POINT('Ctrl Pts',(-414.999999999935,-68.9618395524012,7.76663894574739));
#2707=CARTESIAN_POINT('Ctrl Pts',(-429.999999999998,-74.6097772366677,7.54097854524358));
#2708=CARTESIAN_POINT('Ctrl Pts',(-384.999999999809,-62.5888384483485,7.97978950811654));
#2709=CARTESIAN_POINT('Ctrl Pts',(-399.999999999872,-68.1018045864649,7.76072817960504));
#2710=CARTESIAN_POINT('Ctrl Pts',(-414.999999999936,-73.61493314863,7.5416937430447));
#2711=CARTESIAN_POINT('Ctrl Pts',(-429.999999999999,-79.1278992867465,7.32263241453319));
#2712=CARTESIAN_POINT('Ctrl Pts',(-384.999999999809,-68.3812683519548,7.60340214416027));
#2713=CARTESIAN_POINT('Ctrl Pts',(-399.999999999872,-73.7358069191642,7.39477246582718));
#2714=CARTESIAN_POINT('Ctrl Pts',(-414.999999999936,-79.0902556377788,7.18612241682519));
#2715=CARTESIAN_POINT('Ctrl Pts',(-429.999999999999,-84.4447942049882,6.97749273849211));
#2716=CARTESIAN_POINT('Ctrl Pts',(-384.999999999809,-74.0154913502327,7.13863573001482));
#2717=CARTESIAN_POINT('Ctrl Pts',(-399.999999999873,-79.2155663982609,6.94279543596401));
#2718=CARTESIAN_POINT('Ctrl Pts',(-414.999999999936,-84.4159201587924,6.74700263025418));
#2719=CARTESIAN_POINT('Ctrl Pts',(-430.,-89.6159952068207,6.55116233620337));
#2720=CARTESIAN_POINT('Ctrl Pts',(-384.999999999808,-81.4894386974102,6.45073683701895));
#2721=CARTESIAN_POINT('Ctrl Pts',(-399.999999999872,-86.4846726241914,6.27391228979749));
#2722=CARTESIAN_POINT('Ctrl Pts',(-414.999999999935,-91.4797818378979,6.09706357365647));
#2723=CARTESIAN_POINT('Ctrl Pts',(-429.999999999999,-96.4750157646791,5.92023902643501));
#2724=CARTESIAN_POINT('Ctrl Pts',(-384.999999999809,-91.0615718857483,5.53480137993619));
#2725=CARTESIAN_POINT('Ctrl Pts',(-399.999999999873,-95.7943248791321,5.38325730034613));
#2726=CARTESIAN_POINT('Ctrl Pts',(-414.999999999936,-100.526924116428,5.23167513505908));
#2727=CARTESIAN_POINT('Ctrl Pts',(-429.999999999999,-105.259677109812,5.08013105546902));
#2728=CARTESIAN_POINT('Ctrl Pts',(-384.999999999809,-102.547427927314,4.30494377179791));
#2729=CARTESIAN_POINT('Ctrl Pts',(-399.999999999873,-106.965517539986,4.18647087025202));
#2730=CARTESIAN_POINT('Ctrl Pts',(-414.999999999936,-111.383368359993,4.06795700775577));
#2731=CARTESIAN_POINT('Ctrl Pts',(-430.,-115.801457972664,3.94948410620989));
#2732=CARTESIAN_POINT('Ctrl Pts',(-384.999999999809,-111.844598253636,3.28904807219249));
#2733=CARTESIAN_POINT('Ctrl Pts',(-399.999999999873,-116.007662628778,3.19946433069826));
#2734=CARTESIAN_POINT('Ctrl Pts',(-414.999999999936,-120.17095415286,3.10987265975942));
#2735=CARTESIAN_POINT('Ctrl Pts',(-430.,-124.334018528002,3.02028891826519));
#2736=CARTESIAN_POINT('Ctrl Pts',(-384.99999999981,-119.477548652588,2.48669730557498));
#2737=CARTESIAN_POINT('Ctrl Pts',(-399.999999999873,-123.431367199697,2.41897314921422));
#2738=CARTESIAN_POINT('Ctrl Pts',(-414.999999999937,-127.38522169016,2.35126169924704));
#2739=CARTESIAN_POINT('Ctrl Pts',(-430.,-131.339040237268,2.28353754288628));
#2740=CARTESIAN_POINT('Ctrl Pts',(-384.99999999981,-127.296347670096,1.68084570060658));
#2741=CARTESIAN_POINT('Ctrl Pts',(-399.999999999873,-131.035749338602,1.63368306373246));
#2742=CARTESIAN_POINT('Ctrl Pts',(-414.999999999937,-134.775443006998,1.58652559717564));
#2743=CARTESIAN_POINT('Ctrl Pts',(-430.000000000001,-138.514844675503,1.53936296030152));
#2744=CARTESIAN_POINT('Ctrl Pts',(-384.999999999809,-136.999119238823,0.781226851595532));
#2745=CARTESIAN_POINT('Ctrl Pts',(-399.999999999872,-140.472907572008,0.757177066691454));
#2746=CARTESIAN_POINT('Ctrl Pts',(-414.999999999936,-143.946505275628,0.733118130088006));
#2747=CARTESIAN_POINT('Ctrl Pts',(-429.999999999999,-147.420293608813,0.709068345183928));
#2748=CARTESIAN_POINT('Ctrl Pts',(-384.99999999981,-143.159906296029,0.525835498831325));
#2749=CARTESIAN_POINT('Ctrl Pts',(-399.999999999873,-146.464418322968,0.519043446308993));
#2750=CARTESIAN_POINT('Ctrl Pts',(-414.999999999937,-149.76939824016,0.512278851759949));
#2751=CARTESIAN_POINT('Ctrl Pts',(-430.,-153.073910267098,0.505486799237616));
#2752=CARTESIAN_POINT('Ctrl Pts',(-384.99999999981,-145.769976562459,0.530078768534531));
#2753=CARTESIAN_POINT('Ctrl Pts',(-399.999999999873,-149.002884374973,0.531719428636422));
#2754=CARTESIAN_POINT('Ctrl Pts',(-414.999999999937,-152.235792187486,0.533360088738314));
#2755=CARTESIAN_POINT('Ctrl Pts',(-430.,-155.4687,0.535000748840206));
#2756=CARTESIAN_POINT('',(-385.,-4.17656250000002,0.166190096659551));
#2757=CARTESIAN_POINT('Ctrl Pts',(-385.,-4.1765625,0.166190096659551));
#2758=CARTESIAN_POINT('Ctrl Pts',(-385.,-4.22604765042822,0.37457959828911));
#2759=CARTESIAN_POINT('Ctrl Pts',(-385.,-4.31679916519517,0.598895038941541));
#2760=CARTESIAN_POINT('Ctrl Pts',(-385.,-4.44591413594311,0.838399756113294));
#2761=CARTESIAN_POINT('Ctrl Pts',(-385.,-4.57502910669105,1.07790447328505));
#2762=CARTESIAN_POINT('Ctrl Pts',(-385.,-4.74250753341997,1.33259846697612));
#2763=CARTESIAN_POINT('Ctrl Pts',(-384.999999999999,-4.968224348506,1.60044524078254));
#2764=CARTESIAN_POINT('Ctrl Pts',(-384.999999999999,-5.41965797867808,2.13613878839538));
#2765=CARTESIAN_POINT('Ctrl Pts',(-384.999999999999,-6.10404516227859,2.72444345646959));
#2766=CARTESIAN_POINT('Ctrl Pts',(-384.999999999999,-7.1346038772763,3.30496332517306));
#2767=CARTESIAN_POINT('Ctrl Pts',(-384.999999999999,-7.39224355602572,3.45009329234893));
#2768=CARTESIAN_POINT('Ctrl Pts',(-384.999999999999,-7.67151895548746,3.59473670956412));
#2769=CARTESIAN_POINT('Ctrl Pts',(-384.999999999999,-7.966903184532,3.73745155018402));
#2770=CARTESIAN_POINT('Ctrl Pts',(-384.999999999999,-8.26228741357653,3.88016639080393));
#2771=CARTESIAN_POINT('Ctrl Pts',(-384.999999999998,-8.57378047220385,4.02095265482854));
#2772=CARTESIAN_POINT('Ctrl Pts',(-384.999999999998,-8.89737708082199,4.15866867186821));
#2773=CARTESIAN_POINT('Ctrl Pts',(-384.999999999998,-9.54457029805827,4.43410070594753));
#2774=CARTESIAN_POINT('Ctrl Pts',(-384.999999999998,-10.2401777152578,4.69725175208703));
#2775=CARTESIAN_POINT('Ctrl Pts',(-384.999999999998,-10.9323889700016,4.93954265719186));
#2776=CARTESIAN_POINT('Ctrl Pts',(-384.999999999998,-11.6246002247453,5.18183356229668));
#2777=CARTESIAN_POINT('Ctrl Pts',(-384.999999999998,-12.3134153170333,5.40326432636682));
#2778=CARTESIAN_POINT('Ctrl Pts',(-384.999999999998,-12.9544782525317,5.59909068058894));
#2779=CARTESIAN_POINT('Ctrl Pts',(-384.999999999998,-13.5955411880302,5.79491703481106));
#2780=CARTESIAN_POINT('Ctrl Pts',(-384.999999999998,-14.1888519667391,5.96513897918516));
#2781=CARTESIAN_POINT('Ctrl Pts',(-384.999999999998,-14.7319216769964,6.11250654923496));
#2782=CARTESIAN_POINT('Ctrl Pts',(-384.999999999998,-15.2749913872536,6.25987411928477));
#2783=CARTESIAN_POINT('Ctrl Pts',(-384.999999999997,-15.7678200290591,6.3843873150103));
#2784=CARTESIAN_POINT('Ctrl Pts',(-384.999999999997,-16.2468923784887,6.49438164042625));
#2785=CARTESIAN_POINT('Ctrl Pts',(-384.999999999997,-16.7259647279184,6.60437596584219));
#2786=CARTESIAN_POINT('Ctrl Pts',(-384.999999999997,-17.1912807849722,6.69985142094857));
#2787=CARTESIAN_POINT('Ctrl Pts',(-384.999999999997,-17.7102229381866,6.79379920005726));
#2788=CARTESIAN_POINT('Ctrl Pts',(-384.999999999997,-18.7481072446152,6.98169475827465));
#2789=CARTESIAN_POINT('Ctrl Pts',(-384.999999999997,-20.0004959356858,7.16347961250133));
#2790=CARTESIAN_POINT('Ctrl Pts',(-384.999999999996,-21.6551598081557,7.37468666754748));
#2791=CARTESIAN_POINT('Ctrl Pts',(-384.999999999996,-21.681013931163,7.37798677778258));
#2792=CARTESIAN_POINT('Ctrl Pts',(-384.999999999996,-21.7069662658845,7.38129407117217));
#2793=CARTESIAN_POINT('Ctrl Pts',(-384.999999999996,-21.7329581807572,7.3845977071538));
#2794=CARTESIAN_POINT('Ctrl Pts',(-384.999999999996,-21.7589500956299,7.38790134313542));
#2795=CARTESIAN_POINT('Ctrl Pts',(-384.999999999997,-21.7849815906538,7.39120132170907));
#2796=CARTESIAN_POINT('Ctrl Pts',(-384.999999999997,-21.8111106911178,7.39450837717935));
#2797=CARTESIAN_POINT('Ctrl Pts',(-384.999999999997,-21.8633688920457,7.40112248811992));
#2798=CARTESIAN_POINT('Ctrl Pts',(-384.999999999996,-21.9160175147341,7.40776490664701));
#2799=CARTESIAN_POINT('Ctrl Pts',(-384.999999999997,-21.9689776793759,7.41442107721749));
#2800=CARTESIAN_POINT('Ctrl Pts',(-384.999999999997,-22.0219378440176,7.42107724778797));
#2801=CARTESIAN_POINT('Ctrl Pts',(-384.999999999997,-22.0752095506126,7.42774717040183));
#2802=CARTESIAN_POINT('Ctrl Pts',(-384.999999999997,-22.1288200603305,7.43443591160813));
#2803=CARTESIAN_POINT('Ctrl Pts',(-384.999999999997,-22.1556253151895,7.43778028221127));
#2804=CARTESIAN_POINT('Ctrl Pts',(-384.999999999997,-22.1825152708292,7.44112935746253));
#2805=CARTESIAN_POINT('Ctrl Pts',(-384.999999999997,-22.2094852805437,7.44448228637043));
#2806=CARTESIAN_POINT('Ctrl Pts',(-384.999999999997,-22.2364552902583,7.44783521527833));
#2807=CARTESIAN_POINT('Ctrl Pts',(-384.999999999997,-22.2635053540477,7.45119199784289));
#2808=CARTESIAN_POINT('Ctrl Pts',(-384.999999999997,-22.290636809195,7.45455287704762));
#2809=CARTESIAN_POINT('Ctrl Pts',(-384.999999999997,-22.5076884503732,7.48143991068549));
#2810=CARTESIAN_POINT('Ctrl Pts',(-384.999999999996,-22.7299491384535,7.5085891292948));
#2811=CARTESIAN_POINT('Ctrl Pts',(-384.999999999997,-22.9571050623638,7.53594512710928));
#2812=CARTESIAN_POINT('Ctrl Pts',(-384.999999999997,-23.4114169101844,7.59065712273826));
#2813=CARTESIAN_POINT('Ctrl Pts',(-384.999999999997,-23.885309701325,7.64619623518796));
#2814=CARTESIAN_POINT('Ctrl Pts',(-384.999999999997,-24.3758424379465,7.70203632350289));
#2815=CARTESIAN_POINT('Ctrl Pts',(-384.999999999997,-25.3569079111895,7.81371650013274));
#2816=CARTESIAN_POINT('Ctrl Pts',(-384.999999999997,-26.4045331663561,7.9266005802235));
#2817=CARTESIAN_POINT('Ctrl Pts',(-384.999999999997,-27.4848757429195,8.03469854604072));
#2818=CARTESIAN_POINT('Ctrl Pts',(-384.999999999997,-28.0250470312012,8.08874752894933));
#2819=CARTESIAN_POINT('Ctrl Pts',(-384.999999999997,-28.5733976498321,8.14159998328955));
#2820=CARTESIAN_POINT('Ctrl Pts',(-384.999999999997,-29.1254532438761,8.19248376623704));
#2821=CARTESIAN_POINT('Ctrl Pts',(-384.999999999997,-29.6775088379201,8.24336754918454));
#2822=CARTESIAN_POINT('Ctrl Pts',(-384.999999999997,-30.2332694073772,8.29228266073931));
#2823=CARTESIAN_POINT('Ctrl Pts',(-384.999999999997,-30.7883106501937,8.33846880314224));
#2824=CARTESIAN_POINT('Ctrl Pts',(-384.999999999997,-31.8983931358268,8.43084108794809));
#2825=CARTESIAN_POINT('Ctrl Pts',(-384.999999999997,-33.0055983148976,8.51229749614656));
#2826=CARTESIAN_POINT('Ctrl Pts',(-384.999999999997,-34.0848236485219,8.57890956074303));
#2827=CARTESIAN_POINT('Ctrl Pts',(-384.999999999998,-35.1640489821462,8.64552162533949));
#2828=CARTESIAN_POINT('Ctrl Pts',(-384.999999999998,-36.215294470324,8.69728934633395));
#2829=CARTESIAN_POINT('Ctrl Pts',(-384.999999999998,-37.2313549183689,8.73388426417767));
#2830=CARTESIAN_POINT('Ctrl Pts',(-384.999999999998,-38.2474153664137,8.77047918202139));
#2831=CARTESIAN_POINT('Ctrl Pts',(-384.999999999998,-39.2282907743256,8.79190129671437));
#2832=CARTESIAN_POINT('Ctrl Pts',(-384.999999999998,-40.1794051763382,8.80031341260114));
#2833=CARTESIAN_POINT('Ctrl Pts',(-384.999999999998,-41.1305195783507,8.8087255284879));
#2834=CARTESIAN_POINT('Ctrl Pts',(-384.999999999998,-42.051872974464,8.80412764556844));
#2835=CARTESIAN_POINT('Ctrl Pts',(-384.999999999998,-42.9568920021376,8.79022360561053));
#2836=CARTESIAN_POINT('Ctrl Pts',(-384.999999999998,-43.6356562728927,8.7797955756421));
#2837=CARTESIAN_POINT('Ctrl Pts',(-384.999999999998,-44.3052324614005,8.76413283233953));
#2838=CARTESIAN_POINT('Ctrl Pts',(-384.999999999998,-44.971301171347,8.74473193353919));
#2839=CARTESIAN_POINT('Ctrl Pts',(-384.999999999998,-45.1933240746624,8.73826496727241));
#2840=CARTESIAN_POINT('Ctrl Pts',(-384.999999999998,-45.4149572581378,8.73138265039477));
#2841=CARTESIAN_POINT('Ctrl Pts',(-384.999999999998,-45.6366530382619,8.72419453192369));
#2842=CARTESIAN_POINT('Ctrl Pts',(-384.999999999998,-47.4102192792546,8.66668958415506));
#2843=CARTESIAN_POINT('Ctrl Pts',(-384.999999999998,-49.1877917057678,8.58961333440666));
#2844=CARTESIAN_POINT('Ctrl Pts',(-384.999999999999,-51.0286340198724,8.50977707375314));
#2845=CARTESIAN_POINT('Ctrl Pts',(-384.999999999999,-51.9490551769247,8.46985894342638));
#2846=CARTESIAN_POINT('Ctrl Pts',(-384.999999999999,-52.8852938058749,8.42925081037334));
#2847=CARTESIAN_POINT('Ctrl Pts',(-384.999999999999,-53.8339662654198,8.38761173420102));
#2848=CARTESIAN_POINT('Ctrl Pts',(-384.999999999999,-54.7826387249646,8.34597265802871));
#2849=CARTESIAN_POINT('Ctrl Pts',(-384.999999999999,-55.7437450151042,8.30330263873712));
#2850=CARTESIAN_POINT('Ctrl Pts',(-384.999999999999,-56.7126745987329,8.25897775307339));
#2851=CARTESIAN_POINT('Ctrl Pts',(-384.999999999999,-58.6505337659903,8.17032798174591));
#2852=CARTESIAN_POINT('Ctrl Pts',(-384.999999999999,-60.6196861072044,8.07505874492984));
#2853=CARTESIAN_POINT('Ctrl Pts',(-384.999999999999,-62.5696672617455,7.96469289919578));
#2854=CARTESIAN_POINT('Ctrl Pts',(-384.999999999999,-64.5196484162865,7.85432705346172));
#2855=CARTESIAN_POINT('Ctrl Pts',(-384.999999999999,-66.4504583841546,7.72886459880967));
#2856=CARTESIAN_POINT('Ctrl Pts',(-384.999999999999,-68.354900534468,7.58867230245943));
#2857=CARTESIAN_POINT('Ctrl Pts',(-384.999999999999,-70.2593426847814,7.44848000610919));
#2858=CARTESIAN_POINT('Ctrl Pts',(-384.999999999999,-72.13741701754,7.29355786806076));
#2859=CARTESIAN_POINT('Ctrl Pts',(-384.999999999999,-74.0106976023162,7.1301094374121));
#2860=CARTESIAN_POINT('Ctrl Pts',(-384.999999999999,-75.8839781870924,6.96666100676343));
#2861=CARTESIAN_POINT('Ctrl Pts',(-384.999999999999,-77.7524650238861,6.79468628351452));
#2862=CARTESIAN_POINT('Ctrl Pts',(-384.999999999999,-79.6362651276376,6.61897410420975));
#2863=CARTESIAN_POINT('Ctrl Pts',(-384.999999999999,-83.4038653351406,6.26754974560022));
#2864=CARTESIAN_POINT('Ctrl Pts',(-384.999999999999,-87.2327186104744,5.90117556276724));
#2865=CARTESIAN_POINT('Ctrl Pts',(-384.999999999999,-91.0614545884018,5.51301220332778));
#2866=CARTESIAN_POINT('Ctrl Pts',(-385.,-94.8901905663291,5.12484884388831));
#2867=CARTESIAN_POINT('Ctrl Pts',(-385.,-98.7188092468498,4.71489630784236));
#2868=CARTESIAN_POINT('Ctrl Pts',(-385.,-102.492552652374,4.30674089989837));
#2869=CARTESIAN_POINT('Ctrl Pts',(-385.,-106.266296057898,3.89858549195438));
#2870=CARTESIAN_POINT('Ctrl Pts',(-384.999999999999,-109.985164188425,3.49222721211236));
#2871=CARTESIAN_POINT('Ctrl Pts',(-385.,-113.769103698251,3.08932419662594));
#2872=CARTESIAN_POINT('Ctrl Pts',(-385.,-115.661073453164,2.88787268888273));
#2873=CARTESIAN_POINT('Ctrl Pts',(-385.,-117.569311052901,2.68728499722842));
#2874=CARTESIAN_POINT('Ctrl Pts',(-385.,-119.500779729958,2.48625970078025));
#2875=CARTESIAN_POINT('Ctrl Pts',(-385.,-121.432248407015,2.28523440433208));
#2876=CARTESIAN_POINT('Ctrl Pts',(-385.,-123.386948161391,2.08377150309005));
#2877=CARTESIAN_POINT('Ctrl Pts',(-385.,-125.33693276889,1.88948831232798));
#2878=CARTESIAN_POINT('Ctrl Pts',(-385.,-129.236901983888,1.50092193080383));
#2879=CARTESIAN_POINT('Ctrl Pts',(-385.,-133.118010611378,1.14107439119953));
#2880=CARTESIAN_POINT('Ctrl Pts',(-385.,-136.598761689424,0.897302783206381));
#2881=CARTESIAN_POINT('Ctrl Pts',(-385.,-140.079512767469,0.653531175213233));
#2882=CARTESIAN_POINT('Ctrl Pts',(-385.,-143.159906296071,0.525835498831239));
#2883=CARTESIAN_POINT('Ctrl Pts',(-385.,-145.7699765625,0.530078768534552));
#2884=CARTESIAN_POINT('',(-110.,126.5,0.25));
#2885=CARTESIAN_POINT('Origin',(-384.884708722684,-10.9917044803036,2.00829578791734));
#2886=CARTESIAN_POINT('',(-382.,-10.2624662140952,2.08911814658414));
#2887=CARTESIAN_POINT('',(-382.,-10.9108821216368,2.73753405412571));
#2888=CARTESIAN_POINT('Origin',(-382.,-10.9114189180345,2.08858135018641));
#2889=CARTESIAN_POINT('',(-385.,-10.0000002235174,2.00250669807007));
#2890=CARTESIAN_POINT('',(-384.912739538956,-10.0076345246328,2.00502594971308));
#2891=CARTESIAN_POINT('',(-385.,-10.9974935701508,3.00000004470348));
#2892=CARTESIAN_POINT('Origin',(-385.,-10.9983193531537,2.00168091506722));
#2893=CARTESIAN_POINT('',(-384.912739538956,-10.9949743185078,2.99236574358808));
#2894=CARTESIAN_POINT('Origin',(-385.,-10.0000002235174,-1.49011614216134E-8));
#2895=CARTESIAN_POINT('',(-382.,-10.2624662140952,-0.0891181167818205));
#2896=CARTESIAN_POINT('',(-382.,-10.2624662140952,0.499999999999998));
#2897=CARTESIAN_POINT('',(-385.,-10.0000002235174,-0.0025066682677527));
#2898=CARTESIAN_POINT('',(-381.16992172956,-10.3350886525979,-0.113082877242782));
#2899=CARTESIAN_POINT('',(-385.,-10.0000002235174,1.33749997032608));
#2900=CARTESIAN_POINT('Origin',(-381.154255178652,-99.1149116564083,2.11491043451307));
#2901=CARTESIAN_POINT('',(-382.,-99.0891193684794,2.73753405412571));
#2902=CARTESIAN_POINT('',(-382.,-99.7375352760209,2.08911814658415));
#2903=CARTESIAN_POINT('Origin',(-382.,-99.0885825720817,2.08858135018643));
#2904=CARTESIAN_POINT('',(-385.,-99.0025079199653,3.00000004470348));
#2905=CARTESIAN_POINT('',(-381.16992172956,-99.1130841289404,2.66491161562298));
#2906=CARTESIAN_POINT('',(-385.,-100.000001266599,2.00250669807008));
#2907=CARTESIAN_POINT('Origin',(-385.,-99.0016821369625,2.00168091506723));
#2908=CARTESIAN_POINT('',(-381.16992172956,-99.6649128375182,2.11308290704511));
#2909=CARTESIAN_POINT('Origin',(-385.,-11.0000002235174,3.00000004470348));
#2910=CARTESIAN_POINT('',(-385.,-10.7210436897218,3.00000004470348));
#2911=CARTESIAN_POINT('',(-382.,-33.0000004842877,2.73753405412571));
#2912=CARTESIAN_POINT('Origin',(-384.884708722684,-99.0082970098126,-0.00829575811503058));
#2913=CARTESIAN_POINT('',(-382.,-99.7375352760209,-0.0891181167818286));
#2914=CARTESIAN_POINT('',(-382.,-99.0891193684794,-0.737534024323398));
#2915=CARTESIAN_POINT('Origin',(-382.,-99.0885825720816,-0.088581320384102));
#2916=CARTESIAN_POINT('',(-385.,-100.000001266599,-0.00250666826776158));
#2917=CARTESIAN_POINT('',(-384.912739538956,-99.9923669654833,-0.00502591991077009));
#2918=CARTESIAN_POINT('',(-385.,-99.0025079199653,-1.00000001490117));
#2919=CARTESIAN_POINT('Origin',(-385.,-99.0016821369624,-0.00168088526490612));
#2920=CARTESIAN_POINT('',(-384.912739538956,-99.0050271716083,-0.992365713785768));
#2921=CARTESIAN_POINT('Origin',(-385.,-100.000001266599,2.00000004470348));
#2922=CARTESIAN_POINT('',(-385.,-100.000001266599,2.3375000001284));
#2923=CARTESIAN_POINT('',(-382.,-99.7375352760209,1.50000002980232));
#2924=CARTESIAN_POINT('Origin',(-381.154255178652,-10.8850898337078,-0.114910404710742));
#2925=CARTESIAN_POINT('',(-382.,-10.9108821216367,-0.737534024323391));
#2926=CARTESIAN_POINT('Origin',(-382.,-10.9114189180345,-0.088581320384096));
#2927=CARTESIAN_POINT('',(-385.,-10.9974935701508,-1.00000001490116));
#2928=CARTESIAN_POINT('',(-381.16992172956,-10.8869173611758,-0.664911585820661));
#2929=CARTESIAN_POINT('Origin',(-385.,-10.9983193531537,-0.00168088526490029));
#2930=CARTESIAN_POINT('Origin',(-385.,-99.0000012665987,-1.00000001490117));
#2931=CARTESIAN_POINT('',(-385.,-54.7210442112624,-1.00000001490117));
#2932=CARTESIAN_POINT('',(-382.,-77.0000010058284,-0.737534024323397));
#2933=CARTESIAN_POINT('Origin',(-385.,-10.4420871559262,2.67499995555332));
#2934=CARTESIAN_POINT('',(-385.,-4.17656250000002,1.21249997777666));
#2935=CARTESIAN_POINT('Origin',(-382.,-55.0000007450581,1.00000001490116));
#2936=CARTESIAN_POINT('Origin',(-110.,126.5,-0.25));
#2937=CARTESIAN_POINT('Origin',(-435.,-115.724263688151,2.67499995555332));
#2938=UNCERTAINTY_MEASURE_WITH_UNIT(LENGTH_MEASURE(0.01),#2942,
'DISTANCE_ACCURACY_VALUE',
'Maximum model space distance between geometric entities at asserted c
onnectivities');
#2939=UNCERTAINTY_MEASURE_WITH_UNIT(LENGTH_MEASURE(0.01),#2942,
'DISTANCE_ACCURACY_VALUE',
'Maximum model space distance between geometric entities at asserted c
onnectivities');
#2940=(
GEOMETRIC_REPRESENTATION_CONTEXT(3)
GLOBAL_UNCERTAINTY_ASSIGNED_CONTEXT((#2938))
GLOBAL_UNIT_ASSIGNED_CONTEXT((#2942,#2944,#2945))
REPRESENTATION_CONTEXT('','3D')
);
#2941=(
GEOMETRIC_REPRESENTATION_CONTEXT(3)
GLOBAL_UNCERTAINTY_ASSIGNED_CONTEXT((#2939))
GLOBAL_UNIT_ASSIGNED_CONTEXT((#2942,#2944,#2945))
REPRESENTATION_CONTEXT('','3D')
);
#2942=(
LENGTH_UNIT()
NAMED_UNIT(*)
SI_UNIT(.MILLI.,.METRE.)
);
#2943=(
LENGTH_UNIT()
NAMED_UNIT(*)
SI_UNIT($,.METRE.)
);
#2944=(
NAMED_UNIT(*)
PLANE_ANGLE_UNIT()
SI_UNIT($,.RADIAN.)
);
#2945=(
NAMED_UNIT(*)
SI_UNIT($,.STERADIAN.)
SOLID_ANGLE_UNIT()
);
#2946=SHAPE_DEFINITION_REPRESENTATION(#2947,#2948);
#2947=PRODUCT_DEFINITION_SHAPE('',$,#2950);
#2948=SHAPE_REPRESENTATION('',(#1032),#2940);
#2949=PRODUCT_DEFINITION_CONTEXT('part definition',#2954,'design');
#2950=PRODUCT_DEFINITION('Wing L 3','Wing L 3',#2951,#2949);
#2951=PRODUCT_DEFINITION_FORMATION('',$,#2956);
#2952=PRODUCT_RELATED_PRODUCT_CATEGORY('Wing L 3','Wing L 3',(#2956));
#2953=APPLICATION_PROTOCOL_DEFINITION('international standard',
'automotive_design',2009,#2954);
#2954=APPLICATION_CONTEXT(
'Core Data for Automotive Mechanical Design Process');
#2955=PRODUCT_CONTEXT('part definition',#2954,'mechanical');
#2956=PRODUCT('Wing L 3','Wing L 3',$,(#2955));
#2957=PRESENTATION_STYLE_ASSIGNMENT((#2959));
#2958=PRESENTATION_STYLE_ASSIGNMENT((#2960));
#2959=SURFACE_STYLE_USAGE(.BOTH.,#2961);
#2960=SURFACE_STYLE_USAGE(.BOTH.,#2962);
#2961=SURFACE_SIDE_STYLE('',(#2963));
#2962=SURFACE_SIDE_STYLE('',(#2964));
#2963=SURFACE_STYLE_FILL_AREA(#2965);
#2964=SURFACE_STYLE_FILL_AREA(#2966);
#2965=FILL_AREA_STYLE('Acier - Satin\X\E9',(#2967));
#2966=FILL_AREA_STYLE('Paint - Enamel Glossy (Blue) (1)',(#2968));
#2967=FILL_AREA_STYLE_COLOUR('Acier - Satin\X\E9',#2969);
#2968=FILL_AREA_STYLE_COLOUR('Paint - Enamel Glossy (Blue) (1)',#2970);
#2969=COLOUR_RGB('Acier - Satin\X\E9',0.627450980392157,0.627450980392157,
0.627450980392157);
#2970=COLOUR_RGB('Paint - Enamel Glossy (Blue) (1)',0.415686274509804,0.67843137254902,
0.831372549019608);
ENDSEC;
END-ISO-10303-21;
